ISO-10303-21;
HEADER;
/* Generated by software containing ST-Developer
 * from STEP Tools, Inc. (www.steptools.com) 
 */

FILE_DESCRIPTION(
/* description */ (''),
/* implementation_level */ '2;1');

FILE_NAME(
/* name */ '[a]_Lever_0.6.step',
/* time_stamp */ '2026-10-03T11:19:49-05:00',
/* author */ (''),
/* organization */ (''),
/* preprocessor_version */ 'ST-DEVELOPER v20.1',
/* originating_system */ 'Autodesk Translation Framework v15.8.0.0',
/* authorisation */ '');

FILE_SCHEMA (('AUTOMOTIVE_DESIGN { 1 0 10303 214 3 1 1 }'));
ENDSEC;

DATA;
#10=MECHANICAL_DESIGN_GEOMETRIC_PRESENTATION_REPRESENTATION('',(#13),#6272);
#11=SHAPE_REPRESENTATION_RELATIONSHIP('SRR','None',#6279,#12);
#12=ADVANCED_BREP_SHAPE_REPRESENTATION('',(#14),#6271);
#13=STYLED_ITEM('',(#6289),#14);
#14=MANIFOLD_SOLID_BREP('[a]_Lever_0.6',#2383);
#15=(
BOUNDED_SURFACE()
B_SPLINE_SURFACE(1,2,((#5496,#5497,#5498,#5499,#5500,#5501,#5502,#5503,
#5504,#5505,#5506,#5507,#5508,#5509,#5510,#5511,#5512,#5513,#5514,#5515,
#5516,#5517,#5518,#5519,#5520,#5521,#5522,#5523,#5524,#5525,#5526,#5527,
#5528,#5529,#5530,#5531,#5532,#5533,#5534,#5535,#5536,#5537,#5538,#5539,
#5540,#5541,#5542,#5543,#5544,#5545,#5546,#5547,#5548,#5549,#5550,#5551,
#5552,#5553,#5554,#5555,#5556,#5557,#5558,#5559,#5560,#5561,#5562,#5563,
#5564,#5565,#5566,#5567,#5568,#5569,#5570,#5571,#5572,#5573,#5574,#5575,
#5576,#5577,#5578,#5579,#5580,#5581,#5582,#5583,#5584,#5585,#5586,#5587,
#5588,#5589,#5590,#5591,#5592,#5593,#5594,#5595,#5596,#5597,#5598,#5599,
#5600,#5601,#5602,#5603,#5604,#5605,#5606,#5607,#5608,#5609,#5610,#5611,
#5612,#5613,#5614,#5615,#5616,#5617,#5618,#5619,#5620,#5621,#5622,#5623,
#5624,#5625,#5626,#5627,#5628,#5629,#5630,#5631,#5632,#5633,#5634,#5635,
#5636,#5637,#5638,#5639,#5640,#5641,#5642,#5643,#5644,#5645,#5646,#5647,
#5648,#5649,#5650,#5651,#5652,#5653,#5654,#5655,#5656,#5657,#5658,#5659,
#5660,#5661,#5662,#5663,#5664,#5665,#5666,#5667,#5668,#5669,#5670,#5671,
#5672,#5673,#5674,#5675,#5676,#5677,#5678,#5679,#5680,#5681,#5682,#5683,
#5684,#5685,#5686,#5687,#5688),(#5689,#5690,#5691,#5692,#5693,#5694,#5695,
#5696,#5697,#5698,#5699,#5700,#5701,#5702,#5703,#5704,#5705,#5706,#5707,
#5708,#5709,#5710,#5711,#5712,#5713,#5714,#5715,#5716,#5717,#5718,#5719,
#5720,#5721,#5722,#5723,#5724,#5725,#5726,#5727,#5728,#5729,#5730,#5731,
#5732,#5733,#5734,#5735,#5736,#5737,#5738,#5739,#5740,#5741,#5742,#5743,
#5744,#5745,#5746,#5747,#5748,#5749,#5750,#5751,#5752,#5753,#5754,#5755,
#5756,#5757,#5758,#5759,#5760,#5761,#5762,#5763,#5764,#5765,#5766,#5767,
#5768,#5769,#5770,#5771,#5772,#5773,#5774,#5775,#5776,#5777,#5778,#5779,
#5780,#5781,#5782,#5783,#5784,#5785,#5786,#5787,#5788,#5789,#5790,#5791,
#5792,#5793,#5794,#5795,#5796,#5797,#5798,#5799,#5800,#5801,#5802,#5803,
#5804,#5805,#5806,#5807,#5808,#5809,#5810,#5811,#5812,#5813,#5814,#5815,
#5816,#5817,#5818,#5819,#5820,#5821,#5822,#5823,#5824,#5825,#5826,#5827,
#5828,#5829,#5830,#5831,#5832,#5833,#5834,#5835,#5836,#5837,#5838,#5839,
#5840,#5841,#5842,#5843,#5844,#5845,#5846,#5847,#5848,#5849,#5850,#5851,
#5852,#5853,#5854,#5855,#5856,#5857,#5858,#5859,#5860,#5861,#5862,#5863,
#5864,#5865,#5866,#5867,#5868,#5869,#5870,#5871,#5872,#5873,#5874,#5875,
#5876,#5877,#5878,#5879,#5880,#5881)),.UNSPECIFIED.,.F.,.F.,.F.)
B_SPLINE_SURFACE_WITH_KNOTS((2,2),(3,2,2,2,2,2,2,2,2,2,2,2,2,2,2,2,2,2,
2,2,2,2,2,2,2,2,2,2,2,2,2,2,2,2,2,2,2,2,2,2,2,2,2,2,2,2,2,2,2,2,2,2,2,2,
2,2,2,2,2,2,2,2,2,2,2,2,2,2,2,2,2,2,2,2,2,2,2,2,2,2,2,2,2,2,2,2,2,2,2,2,
2,2,2,2,2,2,3),(-1.79353521449724E-5,1.00000000064452),(0.,0.0104166667,
0.0208333333,0.03125,0.0416666667,0.0520833333,0.0625,0.0729166667,0.0833333333,
0.09375,0.1041666667,0.1145833333,0.125,0.1354166667,0.1458333333,0.15625,
0.1666666667,0.1770833333,0.1875,0.1979166667,0.2083333333,0.21875,0.2291666667,
0.2395833333,0.25,0.2604166667,0.2708333333,0.28125,0.2916666667,0.3020833333,
0.3125,0.3229166667,0.3333333333,0.34375,0.3541666667,0.3645833333,0.375,
0.3854166667,0.3958333333,0.40625,0.4166666667,0.4270833333,0.4375,0.4479166667,
0.4583333333,0.46875,0.4791666667,0.4895833333,0.5,0.5104166667,0.5208333333,
0.53125,0.5416666667,0.5520833333,0.5625,0.5729166667,0.5833333333,0.59375,
0.6041666667,0.6145833333,0.625,0.6354166667,0.6458333333,0.65625,0.6666666667,
0.6770833333,0.6875,0.6979166667,0.7083333333,0.71875,0.7291666667,0.7395833333,
0.75,0.7604166667,0.7708333333,0.78125,0.7916666667,0.8020833333,0.8125,
0.8229166667,0.8333333333,0.84375,0.8541666667,0.8645833333,0.875,0.8854166667,
0.8958333333,0.90625,0.9166666667,0.9270833333,0.9375,0.9479166667,0.9583333333,
0.96875,0.9791666667,0.9895833333,1.),.UNSPECIFIED.)
GEOMETRIC_REPRESENTATION_ITEM()
RATIONAL_B_SPLINE_SURFACE(((1.,0.8660254038,1.,0.8660254038,1.,0.8660254038,
1.,0.8660254038,1.,0.8660254038,1.,0.8660254038,1.,0.8660254038,1.,0.8660254038,
1.,0.8660254038,1.,0.8660254038,1.,0.8660254038,1.,0.8660254038,1.,0.8660254038,
1.,0.8660254038,1.,0.8660254038,1.,0.8660254038,1.,0.8660254038,1.,0.8660254038,
1.,0.8660254038,1.,0.8660254038,1.,0.8660254038,1.,0.8660254038,1.,0.8660254038,
1.,0.8660254038,1.,0.8660254038,1.,0.8660254038,1.,0.8660254038,1.,0.8660254038,
1.,0.8660254038,1.,0.8660254038,1.,0.8660254038,1.,0.8660254038,1.,0.8660254038,
1.,0.8660254038,1.,0.8660254038,1.,0.8660254038,1.,0.8660254038,1.,0.8660254038,
1.,0.8660254038,1.,0.8660254038,1.,0.8660254038,1.,0.8660254038,1.,0.8660254038,
1.,0.8660254038,1.,0.8660254038,1.,0.8660254038,1.,0.8660254038,1.,0.8660254038,
1.,0.8660254038,1.,0.8660254038,1.,0.8660254038,1.,0.8660254038,1.,0.8660254038,
1.,0.8660254038,1.,0.8660254038,1.,0.8660254038,1.,0.8660254038,1.,0.8660254038,
1.,0.8660254038,1.,0.8660254038,1.,0.8660254038,1.,0.8660254038,1.,0.8660254038,
1.,0.8660254038,1.,0.8660254038,1.,0.8660254038,1.,0.8660254038,1.,0.8660254038,
1.,0.8660254038,1.,0.8660254038,1.,0.8660254038,1.,0.8660254038,1.,0.8660254038,
1.,0.8660254038,1.,0.8660254038,1.,0.8660254038,1.,0.8660254038,1.,0.8660254038,
1.,0.8660254038,1.,0.8660254038,1.,0.8660254038,1.,0.8660254038,1.,0.8660254038,
1.,0.8660254038,1.,0.8660254038,1.,0.8660254038,1.,0.8660254038,1.,0.8660254038,
1.,0.8660254038,1.,0.8660254038,1.,0.8660254038,1.,0.8660254038,1.,0.8660254038,
1.,0.8660254038,1.,0.8660254038,1.,0.8660254038,1.),(1.,0.8660254038,1.,
0.8660254038,1.,0.8660254038,1.,0.8660254038,1.,0.8660254038,1.,0.8660254038,
1.,0.8660254038,1.,0.8660254038,1.,0.8660254038,1.,0.8660254038,1.,0.8660254038,
1.,0.8660254038,1.,0.8660254038,1.,0.8660254038,1.,0.8660254038,1.,0.8660254038,
1.,0.8660254038,1.,0.8660254038,1.,0.8660254038,1.,0.8660254038,1.,0.8660254038,
1.,0.8660254038,1.,0.8660254038,1.,0.8660254038,1.,0.8660254038,1.,0.8660254038,
1.,0.8660254038,1.,0.8660254038,1.,0.8660254038,1.,0.8660254038,1.,0.8660254038,
1.,0.8660254038,1.,0.8660254038,1.,0.8660254038,1.,0.8660254038,1.,0.8660254038,
1.,0.8660254038,1.,0.8660254038,1.,0.8660254038,1.,0.8660254038,1.,0.8660254038,
1.,0.8660254038,1.,0.8660254038,1.,0.8660254038,1.,0.8660254038,1.,0.8660254038,
1.,0.8660254038,1.,0.8660254038,1.,0.8660254038,1.,0.8660254038,1.,0.8660254038,
1.,0.8660254038,1.,0.8660254038,1.,0.8660254038,1.,0.8660254038,1.,0.8660254038,
1.,0.8660254038,1.,0.8660254038,1.,0.8660254038,1.,0.8660254038,1.,0.8660254038,
1.,0.8660254038,1.,0.8660254038,1.,0.8660254038,1.,0.8660254038,1.,0.8660254038,
1.,0.8660254038,1.,0.8660254038,1.,0.8660254038,1.,0.8660254038,1.,0.8660254038,
1.,0.8660254038,1.,0.8660254038,1.,0.8660254038,1.,0.8660254038,1.,0.8660254038,
1.,0.8660254038,1.,0.8660254038,1.,0.8660254038,1.,0.8660254038,1.,0.8660254038,
1.,0.8660254038,1.,0.8660254038,1.,0.8660254038,1.,0.8660254038,1.,0.8660254038,
1.,0.8660254038,1.,0.8660254038,1.,0.8660254038,1.,0.8660254038,1.,0.8660254038,
1.,0.8660254038,1.,0.8660254038,1.,0.8660254038,1.,0.8660254038,1.,0.8660254038,
1.)))
REPRESENTATION_ITEM('')
SURFACE()
);
#16=(
BOUNDED_SURFACE()
B_SPLINE_SURFACE(1,2,((#5882,#5883,#5884,#5885,#5886,#5887,#5888,#5889,
#5890,#5891,#5892,#5893,#5894,#5895,#5896,#5897,#5898,#5899,#5900,#5901,
#5902,#5903,#5904,#5905,#5906,#5907,#5908,#5909,#5910,#5911,#5912,#5913,
#5914,#5915,#5916,#5917,#5918,#5919,#5920,#5921,#5922,#5923,#5924,#5925,
#5926,#5927,#5928,#5929,#5930,#5931,#5932,#5933,#5934,#5935,#5936,#5937,
#5938,#5939,#5940,#5941,#5942,#5943,#5944,#5945,#5946,#5947,#5948,#5949,
#5950,#5951,#5952,#5953,#5954,#5955,#5956,#5957,#5958,#5959,#5960,#5961,
#5962,#5963,#5964,#5965,#5966,#5967,#5968,#5969,#5970,#5971,#5972,#5973,
#5974,#5975,#5976,#5977,#5978,#5979,#5980,#5981,#5982,#5983,#5984,#5985,
#5986,#5987,#5988,#5989,#5990,#5991,#5992,#5993,#5994,#5995,#5996,#5997,
#5998,#5999,#6000,#6001,#6002,#6003,#6004,#6005,#6006,#6007,#6008,#6009,
#6010,#6011,#6012,#6013,#6014,#6015,#6016,#6017,#6018,#6019,#6020,#6021,
#6022,#6023,#6024,#6025,#6026,#6027,#6028,#6029,#6030,#6031,#6032,#6033,
#6034,#6035,#6036,#6037,#6038,#6039,#6040,#6041,#6042,#6043,#6044,#6045,
#6046,#6047,#6048,#6049,#6050,#6051,#6052,#6053,#6054,#6055,#6056,#6057,
#6058,#6059,#6060,#6061,#6062,#6063,#6064,#6065,#6066,#6067,#6068,#6069,
#6070,#6071,#6072,#6073,#6074),(#6075,#6076,#6077,#6078,#6079,#6080,#6081,
#6082,#6083,#6084,#6085,#6086,#6087,#6088,#6089,#6090,#6091,#6092,#6093,
#6094,#6095,#6096,#6097,#6098,#6099,#6100,#6101,#6102,#6103,#6104,#6105,
#6106,#6107,#6108,#6109,#6110,#6111,#6112,#6113,#6114,#6115,#6116,#6117,
#6118,#6119,#6120,#6121,#6122,#6123,#6124,#6125,#6126,#6127,#6128,#6129,
#6130,#6131,#6132,#6133,#6134,#6135,#6136,#6137,#6138,#6139,#6140,#6141,
#6142,#6143,#6144,#6145,#6146,#6147,#6148,#6149,#6150,#6151,#6152,#6153,
#6154,#6155,#6156,#6157,#6158,#6159,#6160,#6161,#6162,#6163,#6164,#6165,
#6166,#6167,#6168,#6169,#6170,#6171,#6172,#6173,#6174,#6175,#6176,#6177,
#6178,#6179,#6180,#6181,#6182,#6183,#6184,#6185,#6186,#6187,#6188,#6189,
#6190,#6191,#6192,#6193,#6194,#6195,#6196,#6197,#6198,#6199,#6200,#6201,
#6202,#6203,#6204,#6205,#6206,#6207,#6208,#6209,#6210,#6211,#6212,#6213,
#6214,#6215,#6216,#6217,#6218,#6219,#6220,#6221,#6222,#6223,#6224,#6225,
#6226,#6227,#6228,#6229,#6230,#6231,#6232,#6233,#6234,#6235,#6236,#6237,
#6238,#6239,#6240,#6241,#6242,#6243,#6244,#6245,#6246,#6247,#6248,#6249,
#6250,#6251,#6252,#6253,#6254,#6255,#6256,#6257,#6258,#6259,#6260,#6261,
#6262,#6263,#6264,#6265,#6266,#6267)),.UNSPECIFIED.,.F.,.F.,.F.)
B_SPLINE_SURFACE_WITH_KNOTS((2,2),(3,2,2,2,2,2,2,2,2,2,2,2,2,2,2,2,2,2,
2,2,2,2,2,2,2,2,2,2,2,2,2,2,2,2,2,2,2,2,2,2,2,2,2,2,2,2,2,2,2,2,2,2,2,2,
2,2,2,2,2,2,2,2,2,2,2,2,2,2,2,2,2,2,2,2,2,2,2,2,2,2,2,2,2,2,2,2,2,2,2,2,
2,2,2,2,2,2,3),(-6.44549508633884E-10,1.),(0.,0.0104166667,0.0208333333,
0.03125,0.0416666667,0.0520833333,0.0625,0.0729166667,0.0833333333,0.09375,
0.1041666667,0.1145833333,0.125,0.1354166667,0.1458333333,0.15625,0.1666666667,
0.1770833333,0.1875,0.1979166667,0.2083333333,0.21875,0.2291666667,0.2395833333,
0.25,0.2604166667,0.2708333333,0.28125,0.2916666667,0.3020833333,0.3125,
0.3229166667,0.3333333333,0.34375,0.3541666667,0.3645833333,0.375,0.3854166667,
0.3958333333,0.40625,0.4166666667,0.4270833333,0.4375,0.4479166667,0.4583333333,
0.46875,0.4791666667,0.4895833333,0.5,0.5104166667,0.5208333333,0.53125,
0.5416666667,0.5520833333,0.5625,0.5729166667,0.5833333333,0.59375,0.6041666667,
0.6145833333,0.625,0.6354166667,0.6458333333,0.65625,0.6666666667,0.6770833333,
0.6875,0.6979166667,0.7083333333,0.71875,0.7291666667,0.7395833333,0.75,
0.7604166667,0.7708333333,0.78125,0.7916666667,0.8020833333,0.8125,0.8229166667,
0.8333333333,0.84375,0.8541666667,0.8645833333,0.875,0.8854166667,0.8958333333,
0.90625,0.9166666667,0.9270833333,0.9375,0.9479166667,0.9583333333,0.96875,
0.9791666667,0.9895833333,1.),.UNSPECIFIED.)
GEOMETRIC_REPRESENTATION_ITEM()
RATIONAL_B_SPLINE_SURFACE(((1.,0.8660254038,1.,0.8660254038,1.,0.8660254038,
1.,0.8660254038,1.,0.8660254038,1.,0.8660254038,1.,0.8660254038,1.,0.8660254038,
1.,0.8660254038,1.,0.8660254038,1.,0.8660254038,1.,0.8660254038,1.,0.8660254038,
1.,0.8660254038,1.,0.8660254038,1.,0.8660254038,1.,0.8660254038,1.,0.8660254038,
1.,0.8660254038,1.,0.8660254038,1.,0.8660254038,1.,0.8660254038,1.,0.8660254038,
1.,0.8660254038,1.,0.8660254038,1.,0.8660254038,1.,0.8660254038,1.,0.8660254038,
1.,0.8660254038,1.,0.8660254038,1.,0.8660254038,1.,0.8660254038,1.,0.8660254038,
1.,0.8660254038,1.,0.8660254038,1.,0.8660254038,1.,0.8660254038,1.,0.8660254038,
1.,0.8660254038,1.,0.8660254038,1.,0.8660254038,1.,0.8660254038,1.,0.8660254038,
1.,0.8660254038,1.,0.8660254038,1.,0.8660254038,1.,0.8660254038,1.,0.8660254038,
1.,0.8660254038,1.,0.8660254038,1.,0.8660254038,1.,0.8660254038,1.,0.8660254038,
1.,0.8660254038,1.,0.8660254038,1.,0.8660254038,1.,0.8660254038,1.,0.8660254038,
1.,0.8660254038,1.,0.8660254038,1.,0.8660254038,1.,0.8660254038,1.,0.8660254038,
1.,0.8660254038,1.,0.8660254038,1.,0.8660254038,1.,0.8660254038,1.,0.8660254038,
1.,0.8660254038,1.,0.8660254038,1.,0.8660254038,1.,0.8660254038,1.,0.8660254038,
1.,0.8660254038,1.,0.8660254038,1.,0.8660254038,1.,0.8660254038,1.,0.8660254038,
1.,0.8660254038,1.,0.8660254038,1.,0.8660254038,1.,0.8660254038,1.,0.8660254038,
1.,0.8660254038,1.,0.8660254038,1.,0.8660254038,1.,0.8660254038,1.,0.8660254038,
1.,0.8660254038,1.,0.8660254038,1.,0.8660254038,1.,0.8660254038,1.,0.8660254038,
1.,0.8660254038,1.,0.8660254038,1.,0.8660254038,1.),(1.,0.8660254038,1.,
0.8660254038,1.,0.8660254038,1.,0.8660254038,1.,0.8660254038,1.,0.8660254038,
1.,0.8660254038,1.,0.8660254038,1.,0.8660254038,1.,0.8660254038,1.,0.8660254038,
1.,0.8660254038,1.,0.8660254038,1.,0.8660254038,1.,0.8660254038,1.,0.8660254038,
1.,0.8660254038,1.,0.8660254038,1.,0.8660254038,1.,0.8660254038,1.,0.8660254038,
1.,0.8660254038,1.,0.8660254038,1.,0.8660254038,1.,0.8660254038,1.,0.8660254038,
1.,0.8660254038,1.,0.8660254038,1.,0.8660254038,1.,0.8660254038,1.,0.8660254038,
1.,0.8660254038,1.,0.8660254038,1.,0.8660254038,1.,0.8660254038,1.,0.8660254038,
1.,0.8660254038,1.,0.8660254038,1.,0.8660254038,1.,0.8660254038,1.,0.8660254038,
1.,0.8660254038,1.,0.8660254038,1.,0.8660254038,1.,0.8660254038,1.,0.8660254038,
1.,0.8660254038,1.,0.8660254038,1.,0.8660254038,1.,0.8660254038,1.,0.8660254038,
1.,0.8660254038,1.,0.8660254038,1.,0.8660254038,1.,0.8660254038,1.,0.8660254038,
1.,0.8660254038,1.,0.8660254038,1.,0.8660254038,1.,0.8660254038,1.,0.8660254038,
1.,0.8660254038,1.,0.8660254038,1.,0.8660254038,1.,0.8660254038,1.,0.8660254038,
1.,0.8660254038,1.,0.8660254038,1.,0.8660254038,1.,0.8660254038,1.,0.8660254038,
1.,0.8660254038,1.,0.8660254038,1.,0.8660254038,1.,0.8660254038,1.,0.8660254038,
1.,0.8660254038,1.,0.8660254038,1.,0.8660254038,1.,0.8660254038,1.,0.8660254038,
1.,0.8660254038,1.,0.8660254038,1.,0.8660254038,1.,0.8660254038,1.,0.8660254038,
1.,0.8660254038,1.,0.8660254038,1.,0.8660254038,1.,0.8660254038,1.,0.8660254038,
1.,0.8660254038,1.,0.8660254038,1.,0.8660254038,1.,0.8660254038,1.,0.8660254038,
1.)))
REPRESENTATION_ITEM('')
SURFACE()
);
#17=CONICAL_SURFACE('',#2491,1.25,0.7853981634);
#18=B_SPLINE_SURFACE_WITH_KNOTS('',3,1,((#3929,#3930),(#3931,#3932),(#3933,
#3934),(#3935,#3936),(#3937,#3938)),.UNSPECIFIED.,.F.,.F.,.F.,(4,1,4),(2,
2),(0.,0.0195341317879252,0.0394826168818757),(0.,0.0400000000000001),
 .UNSPECIFIED.);
#19=B_SPLINE_SURFACE_WITH_KNOTS('',3,1,((#3955,#3956),(#3957,#3958),(#3959,
#3960),(#3961,#3962),(#3963,#3964)),.UNSPECIFIED.,.F.,.F.,.F.,(4,1,4),(2,
2),(0.,0.0222129817351842,0.0425729521573543),(0.,0.0400000000000001),
 .UNSPECIFIED.);
#20=B_SPLINE_SURFACE_WITH_KNOTS('',3,1,((#3978,#3979),(#3980,#3981),(#3982,
#3983),(#3984,#3985),(#3986,#3987)),.UNSPECIFIED.,.F.,.F.,.F.,(4,1,4),(2,
2),(0.,0.0514989389083258,0.084001502060691),(0.,0.0400000000000001),
 .UNSPECIFIED.);
#21=B_SPLINE_SURFACE_WITH_KNOTS('',3,1,((#4001,#4002),(#4003,#4004),(#4005,
#4006),(#4007,#4008),(#4009,#4010)),.UNSPECIFIED.,.F.,.F.,.F.,(4,1,4),(2,
2),(0.,0.032542772664411,0.0838290599482932),(0.,0.0400000000000001),
 .UNSPECIFIED.);
#22=B_SPLINE_SURFACE_WITH_KNOTS('',3,1,((#4024,#4025),(#4026,#4027),(#4028,
#4029),(#4030,#4031),(#4032,#4033)),.UNSPECIFIED.,.F.,.F.,.F.,(4,1,4),(2,
2),(0.,0.0201231716685933,0.042362187440359),(0.,0.0400000000000001),
 .UNSPECIFIED.);
#23=B_SPLINE_SURFACE_WITH_KNOTS('',3,1,((#4047,#4048),(#4049,#4050),(#4051,
#4052),(#4053,#4054),(#4055,#4056)),.UNSPECIFIED.,.F.,.F.,.F.,(4,1,4),(2,
2),(0.,0.0221949259774484,0.0423126620254376),(0.,0.0400000000000001),
 .UNSPECIFIED.);
#24=B_SPLINE_SURFACE_WITH_KNOTS('',3,1,((#4070,#4071),(#4072,#4073),(#4074,
#4075),(#4076,#4077),(#4078,#4079)),.UNSPECIFIED.,.F.,.F.,.F.,(4,1,4),(2,
2),(0.,0.0513926104639182,0.0839152804772213),(0.,0.0400000000000001),
 .UNSPECIFIED.);
#25=B_SPLINE_SURFACE_WITH_KNOTS('',3,1,((#4093,#4094),(#4095,#4096),(#4097,
#4098),(#4099,#4100),(#4101,#4102)),.UNSPECIFIED.,.F.,.F.,.F.,(4,1,4),(2,
2),(0.,0.0346354939564573,0.0866711490292043),(0.,0.0400000000000001),
 .UNSPECIFIED.);
#26=B_SPLINE_SURFACE_WITH_KNOTS('',3,1,((#4113,#4114),(#4115,#4116),(#4117,
#4118),(#4119,#4120),(#4121,#4122)),.UNSPECIFIED.,.F.,.F.,.F.,(4,1,4),(2,
2),(0.,0.0329173347803065,0.0642043298499813),(0.,0.0400000000000001),
 .UNSPECIFIED.);
#27=B_SPLINE_SURFACE_WITH_KNOTS('',3,1,((#4132,#4133),(#4134,#4135),(#4136,
#4137),(#4138,#4139),(#4140,#4141)),.UNSPECIFIED.,.F.,.F.,.F.,(4,1,4),(2,
2),(0.,0.0231693089070433,0.0485283812298887),(0.,0.0400000000000001),
 .UNSPECIFIED.);
#28=B_SPLINE_SURFACE_WITH_KNOTS('',3,1,((#4149,#4150),(#4151,#4152),(#4153,
#4154),(#4155,#4156),(#4157,#4158)),.UNSPECIFIED.,.F.,.F.,.F.,(4,1,4),(2,
2),(0.,0.0264807031504682,0.0502657381393709),(0.,0.0400000000000001),
 .UNSPECIFIED.);
#29=B_SPLINE_SURFACE_WITH_KNOTS('',3,1,((#4166,#4167),(#4168,#4169),(#4170,
#4171),(#4172,#4173),(#4174,#4175)),.UNSPECIFIED.,.F.,.F.,.F.,(4,1,4),(2,
2),(0.,0.0398194455742193,0.071817022700939),(0.,0.0400000000000001),
 .UNSPECIFIED.);
#30=B_SPLINE_SURFACE_WITH_KNOTS('',3,1,((#4183,#4184),(#4185,#4186),(#4187,
#4188),(#4189,#4190),(#4191,#4192)),.UNSPECIFIED.,.F.,.F.,.F.,(4,1,4),(2,
2),(0.,0.0260729172255166,0.059462903120839),(0.,0.0400000000000001),
 .UNSPECIFIED.);
#31=B_SPLINE_SURFACE_WITH_KNOTS('',3,1,((#4200,#4201),(#4202,#4203),(#4204,
#4205),(#4206,#4207),(#4208,#4209)),.UNSPECIFIED.,.F.,.F.,.F.,(4,1,4),(2,
2),(0.,0.0190878941500721,0.0404160697114683),(0.,0.0400000000000001),
 .UNSPECIFIED.);
#32=B_SPLINE_SURFACE_WITH_KNOTS('',3,1,((#4217,#4218),(#4219,#4220),(#4221,
#4222),(#4223,#4224),(#4225,#4226)),.UNSPECIFIED.,.F.,.F.,.F.,(4,1,4),(2,
2),(0.,0.0170238435864498,0.034551398555716),(0.,0.0400000000000001),
 .UNSPECIFIED.);
#33=B_SPLINE_SURFACE_WITH_KNOTS('',3,1,((#4234,#4235),(#4236,#4237),(#4238,
#4239),(#4240,#4241),(#4242,#4243)),.UNSPECIFIED.,.F.,.F.,.F.,(4,1,4),(2,
2),(0.,0.0189947031549787,0.0364966173478098),(0.,0.0400000000000001),
 .UNSPECIFIED.);
#34=B_SPLINE_SURFACE_WITH_KNOTS('',3,1,((#4251,#4252),(#4253,#4254),(#4255,
#4256),(#4257,#4258),(#4259,#4260)),.UNSPECIFIED.,.F.,.F.,.F.,(4,1,4),(2,
2),(0.,0.0231012792630525,0.0483307306167026),(0.,0.0400000000000001),
 .UNSPECIFIED.);
#35=B_SPLINE_SURFACE_WITH_KNOTS('',3,1,((#4268,#4269),(#4270,#4271),(#4272,
#4273),(#4274,#4275),(#4276,#4277)),.UNSPECIFIED.,.F.,.F.,.F.,(4,1,4),(2,
2),(0.,0.0264887288252541,0.0502400414088313),(0.,0.0400000000000001),
 .UNSPECIFIED.);
#36=B_SPLINE_SURFACE_WITH_KNOTS('',3,1,((#4285,#4286),(#4287,#4288),(#4289,
#4290),(#4291,#4292),(#4293,#4294)),.UNSPECIFIED.,.F.,.F.,.F.,(4,1,4),(2,
2),(0.,0.0400760513552295,0.0721705373701478),(0.,0.0400000000000001),
 .UNSPECIFIED.);
#37=B_SPLINE_SURFACE_WITH_KNOTS('',3,1,((#4302,#4303),(#4304,#4305),(#4306,
#4307),(#4308,#4309),(#4310,#4311)),.UNSPECIFIED.,.F.,.F.,.F.,(4,1,4),(2,
2),(0.,0.0450110461466577,0.10594955792589),(0.,0.0400000000000001),
 .UNSPECIFIED.);
#38=B_SPLINE_SURFACE_WITH_KNOTS('',3,1,((#4335,#4336),(#4337,#4338),(#4339,
#4340),(#4341,#4342),(#4343,#4344)),.UNSPECIFIED.,.F.,.F.,.F.,(4,1,4),(2,
2),(0.,0.0195860366774826,0.0391709696141169),(0.,0.0399999999999999),
 .UNSPECIFIED.);
#39=B_SPLINE_SURFACE_WITH_KNOTS('',3,1,((#4361,#4362),(#4363,#4364),(#4365,
#4366),(#4367,#4368),(#4369,#4370)),.UNSPECIFIED.,.F.,.F.,.F.,(4,1,4),(2,
2),(0.,0.0192020441008928,0.038746183920729),(0.,0.0399999999999999),
 .UNSPECIFIED.);
#40=B_SPLINE_SURFACE_WITH_KNOTS('',3,1,((#4384,#4385),(#4386,#4387),(#4388,
#4389),(#4390,#4391),(#4392,#4393)),.UNSPECIFIED.,.F.,.F.,.F.,(4,1,4),(2,
2),(0.,0.0234269726186376,0.0439111980958861),(0.,0.0399999999999999),
 .UNSPECIFIED.);
#41=B_SPLINE_SURFACE_WITH_KNOTS('',3,1,((#4407,#4408),(#4409,#4410),(#4411,
#4412),(#4413,#4414),(#4415,#4416)),.UNSPECIFIED.,.F.,.F.,.F.,(4,1,4),(2,
2),(0.,0.0212684109610677,0.0456505980227579),(0.,0.0399999999999999),
 .UNSPECIFIED.);
#42=B_SPLINE_SURFACE_WITH_KNOTS('',3,1,((#4430,#4431),(#4432,#4433),(#4434,
#4435),(#4436,#4437),(#4438,#4439)),.UNSPECIFIED.,.F.,.F.,.F.,(4,1,4),(2,
2),(0.,0.018497048287218,0.0378364412307989),(0.,0.0399999999999999),
 .UNSPECIFIED.);
#43=B_SPLINE_SURFACE_WITH_KNOTS('',3,1,((#4453,#4454),(#4455,#4456),(#4457,
#4458),(#4459,#4460),(#4461,#4462)),.UNSPECIFIED.,.F.,.F.,.F.,(4,1,4),(2,
2),(0.,0.0136494160250755,0.0267901958534276),(0.,0.0399999999999999),
 .UNSPECIFIED.);
#44=B_SPLINE_SURFACE_WITH_KNOTS('',3,1,((#4476,#4477),(#4478,#4479),(#4480,
#4481),(#4482,#4483),(#4484,#4485)),.UNSPECIFIED.,.F.,.F.,.F.,(4,1,4),(2,
2),(0.,0.0151098050575091,0.0293455613528039),(0.,0.0399999999999999),
 .UNSPECIFIED.);
#45=B_SPLINE_SURFACE_WITH_KNOTS('',3,1,((#4499,#4500),(#4501,#4502),(#4503,
#4504),(#4505,#4506),(#4507,#4508)),.UNSPECIFIED.,.F.,.F.,.F.,(4,1,4),(2,
2),(0.,0.0156095163471565,0.0312823673280777),(0.,0.0399999999999999),
 .UNSPECIFIED.);
#46=B_SPLINE_SURFACE_WITH_KNOTS('',3,1,((#4522,#4523),(#4524,#4525),(#4526,
#4527),(#4528,#4529),(#4530,#4531)),.UNSPECIFIED.,.F.,.F.,.F.,(4,1,4),(2,
2),(0.,0.0203857660965441,0.0425757266567558),(0.,0.0399999999999999),
 .UNSPECIFIED.);
#47=B_SPLINE_SURFACE_WITH_KNOTS('',3,1,((#4542,#4543),(#4544,#4545),(#4546,
#4547),(#4548,#4549),(#4550,#4551)),.UNSPECIFIED.,.F.,.F.,.F.,(4,1,4),(2,
2),(0.,0.027154212015565,0.051984123761566),(0.,0.0399999999999999),
 .UNSPECIFIED.);
#48=B_SPLINE_SURFACE_WITH_KNOTS('',3,1,((#4561,#4562),(#4563,#4564),(#4565,
#4566),(#4567,#4568),(#4569,#4570)),.UNSPECIFIED.,.F.,.F.,.F.,(4,1,4),(2,
2),(0.,0.0348305676739156,0.0710589032670582),(0.,0.0399999999999999),
 .UNSPECIFIED.);
#49=B_SPLINE_SURFACE_WITH_KNOTS('',3,1,((#4578,#4579),(#4580,#4581),(#4582,
#4583),(#4584,#4585),(#4586,#4587)),.UNSPECIFIED.,.F.,.F.,.F.,(4,1,4),(2,
2),(0.,0.0629421737333021,0.110221708206238),(0.,0.0399999999999999),
 .UNSPECIFIED.);
#50=B_SPLINE_SURFACE_WITH_KNOTS('',3,1,((#4595,#4596),(#4597,#4598),(#4599,
#4600),(#4601,#4602),(#4603,#4604)),.UNSPECIFIED.,.F.,.F.,.F.,(4,1,4),(2,
2),(0.,0.0415476125950567,0.0975332713306553),(0.,0.0399999999999999),
 .UNSPECIFIED.);
#51=B_SPLINE_SURFACE_WITH_KNOTS('',3,1,((#4612,#4613),(#4614,#4615),(#4616,
#4617),(#4618,#4619),(#4620,#4621)),.UNSPECIFIED.,.F.,.F.,.F.,(4,1,4),(2,
2),(0.,0.0355386252502821,0.0704433991818013),(0.,0.0399999999999999),
 .UNSPECIFIED.);
#52=B_SPLINE_SURFACE_WITH_KNOTS('',3,1,((#4629,#4630),(#4631,#4632),(#4633,
#4634),(#4635,#4636),(#4637,#4638)),.UNSPECIFIED.,.F.,.F.,.F.,(4,1,4),(2,
2),(0.,0.0205727255600738,0.0420577417691571),(0.,0.0399999999999999),
 .UNSPECIFIED.);
#53=B_SPLINE_SURFACE_WITH_KNOTS('',3,1,((#4646,#4647),(#4648,#4649),(#4650,
#4651),(#4652,#4653),(#4654,#4655)),.UNSPECIFIED.,.F.,.F.,.F.,(4,1,4),(2,
2),(0.,0.0215264376451747,0.0420863478661218),(0.,0.0399999999999999),
 .UNSPECIFIED.);
#54=B_SPLINE_SURFACE_WITH_KNOTS('',3,1,((#4663,#4664),(#4665,#4666),(#4667,
#4668),(#4669,#4670),(#4671,#4672)),.UNSPECIFIED.,.F.,.F.,.F.,(4,1,4),(2,
2),(0.,0.0228433620132763,0.0452167334472166),(0.,0.0399999999999999),
 .UNSPECIFIED.);
#55=B_SPLINE_SURFACE_WITH_KNOTS('',3,1,((#4680,#4681),(#4682,#4683),(#4684,
#4685),(#4686,#4687),(#4688,#4689)),.UNSPECIFIED.,.F.,.F.,.F.,(4,1,4),(2,
2),(0.,0.0305377440471431,0.0634897570853592),(0.,0.0399999999999999),
 .UNSPECIFIED.);
#56=B_SPLINE_SURFACE_WITH_KNOTS('',3,1,((#4697,#4698),(#4699,#4700),(#4701,
#4702),(#4703,#4704),(#4705,#4706)),.UNSPECIFIED.,.F.,.F.,.F.,(4,1,4),(2,
2),(0.,0.0289709599536609,0.0582312154769645),(0.,0.0399999999999999),
 .UNSPECIFIED.);
#57=B_SPLINE_SURFACE_WITH_KNOTS('',3,1,((#4714,#4715),(#4716,#4717),(#4718,
#4719),(#4720,#4721),(#4722,#4723)),.UNSPECIFIED.,.F.,.F.,.F.,(4,1,4),(2,
2),(0.,0.0175242194739196,0.0348267586506542),(0.,0.0399999999999999),
 .UNSPECIFIED.);
#58=B_SPLINE_SURFACE_WITH_KNOTS('',3,1,((#4731,#4732),(#4733,#4734),(#4735,
#4736),(#4737,#4738),(#4739,#4740)),.UNSPECIFIED.,.F.,.F.,.F.,(4,1,4),(2,
2),(0.,0.0191870011276849,0.0372474366127529),(0.,0.0399999999999999),
 .UNSPECIFIED.);
#59=B_SPLINE_SURFACE_WITH_KNOTS('',3,1,((#4748,#4749),(#4750,#4751),(#4752,
#4753),(#4754,#4755),(#4756,#4757)),.UNSPECIFIED.,.F.,.F.,.F.,(4,1,4),(2,
2),(0.,0.0254061724292193,0.0586999745205816),(0.,0.0399999999999999),
 .UNSPECIFIED.);
#60=B_SPLINE_SURFACE_WITH_KNOTS('',3,1,((#4765,#4766),(#4767,#4768),(#4769,
#4770),(#4771,#4772),(#4773,#4774)),.UNSPECIFIED.,.F.,.F.,.F.,(4,1,4),(2,
2),(0.,0.0183589917633712,0.0387777204127243),(0.,0.0399999999999999),
 .UNSPECIFIED.);
#61=B_SPLINE_SURFACE_WITH_KNOTS('',3,1,((#4782,#4783),(#4784,#4785),(#4786,
#4787),(#4788,#4789),(#4790,#4791)),.UNSPECIFIED.,.F.,.F.,.F.,(4,1,4),(2,
2),(0.,0.0139216840059175,0.0273829863166612),(0.,0.0399999999999999),
 .UNSPECIFIED.);
#62=B_SPLINE_SURFACE_WITH_KNOTS('',3,1,((#4799,#4800),(#4801,#4802),(#4803,
#4804),(#4805,#4806),(#4807,#4808)),.UNSPECIFIED.,.F.,.F.,.F.,(4,1,4),(2,
2),(0.,0.0170338557459003,0.0341490483597788),(0.,0.0399999999999999),
 .UNSPECIFIED.);
#63=B_SPLINE_SURFACE_WITH_KNOTS('',3,1,((#4816,#4817),(#4818,#4819),(#4820,
#4821),(#4822,#4823),(#4824,#4825)),.UNSPECIFIED.,.F.,.F.,.F.,(4,1,4),(2,
2),(0.,0.0163686507744408,0.0289316880286056),(0.,0.0399999999999999),
 .UNSPECIFIED.);
#64=B_SPLINE_SURFACE_WITH_KNOTS('',3,1,((#4837,#4838),(#4839,#4840),(#4841,
#4842),(#4843,#4844),(#4845,#4846)),.UNSPECIFIED.,.F.,.F.,.F.,(4,1,4),(2,
2),(0.,0.0248007521334657,0.0518736324975385),(0.,0.0399999999999999),
 .UNSPECIFIED.);
#65=B_SPLINE_SURFACE_WITH_KNOTS('',3,1,((#4862,#4863),(#4864,#4865),(#4866,
#4867),(#4868,#4869),(#4870,#4871)),.UNSPECIFIED.,.F.,.F.,.F.,(4,1,4),(2,
2),(0.,0.0186862881321562,0.0429215376304215),(0.,0.0399999999999999),
 .UNSPECIFIED.);
#66=B_SPLINE_SURFACE_WITH_KNOTS('',3,1,((#4885,#4886),(#4887,#4888),(#4889,
#4890),(#4891,#4892),(#4893,#4894)),.UNSPECIFIED.,.F.,.F.,.F.,(4,1,4),(2,
2),(0.,0.016475392056537,0.032671848633584),(0.,0.0399999999999999),
 .UNSPECIFIED.);
#67=B_SPLINE_SURFACE_WITH_KNOTS('',3,1,((#4908,#4909),(#4910,#4911),(#4912,
#4913),(#4914,#4915),(#4916,#4917)),.UNSPECIFIED.,.F.,.F.,.F.,(4,1,4),(2,
2),(0.,0.0118643418102834,0.0236424181010903),(0.,0.0399999999999999),
 .UNSPECIFIED.);
#68=B_SPLINE_SURFACE_WITH_KNOTS('',3,1,((#4931,#4932),(#4933,#4934),(#4935,
#4936),(#4937,#4938),(#4939,#4940)),.UNSPECIFIED.,.F.,.F.,.F.,(4,1,4),(2,
2),(0.,0.0128002055052866,0.0248996439565042),(0.,0.0399999999999999),
 .UNSPECIFIED.);
#69=B_SPLINE_SURFACE_WITH_KNOTS('',3,1,((#4954,#4955),(#4956,#4957),(#4958,
#4959),(#4960,#4961),(#4962,#4963)),.UNSPECIFIED.,.F.,.F.,.F.,(4,1,4),(2,
2),(0.,0.0202420270299925,0.0359046705742904),(0.,0.0399999999999999),
 .UNSPECIFIED.);
#70=B_SPLINE_SURFACE_WITH_KNOTS('',3,1,((#4996,#4997),(#4998,#4999),(#5000,
#5001),(#5002,#5003),(#5004,#5005)),.UNSPECIFIED.,.F.,.F.,.F.,(4,1,4),(2,
2),(0.,0.00747197159111582,0.0184753411158626),(0.,0.0399999999999999),
 .UNSPECIFIED.);
#71=B_SPLINE_SURFACE_WITH_KNOTS('',3,1,((#5013,#5014),(#5015,#5016),(#5017,
#5018),(#5019,#5020),(#5021,#5022)),.UNSPECIFIED.,.F.,.F.,.F.,(4,1,4),(2,
2),(0.,0.00850795905641853,0.0165500465033175),(0.,0.0399999999999999),
 .UNSPECIFIED.);
#72=B_SPLINE_SURFACE_WITH_KNOTS('',3,1,((#5030,#5031),(#5032,#5033),(#5034,
#5035),(#5036,#5037),(#5038,#5039)),.UNSPECIFIED.,.F.,.F.,.F.,(4,1,4),(2,
2),(0.,0.0134895750309853,0.0237681386240772),(0.,0.0399999999999999),
 .UNSPECIFIED.);
#73=B_SPLINE_SURFACE_WITH_KNOTS('',3,1,((#5047,#5048),(#5049,#5050),(#5051,
#5052),(#5053,#5054),(#5055,#5056)),.UNSPECIFIED.,.F.,.F.,.F.,(4,1,4),(2,
2),(0.,0.0238613764579545,0.0419220860564873),(0.,0.0399999999999999),
 .UNSPECIFIED.);
#74=B_SPLINE_SURFACE_WITH_KNOTS('',3,1,((#5076,#5077),(#5078,#5079),(#5080,
#5081),(#5082,#5083),(#5084,#5085)),.UNSPECIFIED.,.F.,.F.,.F.,(4,1,4),(2,
2),(0.,0.0205684815915604,0.0432085846802537),(0.,0.0399999999999999),
 .UNSPECIFIED.);
#75=B_SPLINE_SURFACE_WITH_KNOTS('',3,1,((#5093,#5094),(#5095,#5096),(#5097,
#5098),(#5099,#5100),(#5101,#5102)),.UNSPECIFIED.,.F.,.F.,.F.,(4,1,4),(2,
2),(0.,0.0131438310579865,0.0235722850577389),(0.,0.0399999999999999),
 .UNSPECIFIED.);
#76=B_SPLINE_SURFACE_WITH_KNOTS('',3,1,((#5110,#5111),(#5112,#5113),(#5114,
#5115),(#5116,#5117),(#5118,#5119)),.UNSPECIFIED.,.F.,.F.,.F.,(4,1,4),(2,
2),(0.,0.0265113028212041,0.0588784780658848),(0.,0.0399999999999999),
 .UNSPECIFIED.);
#77=B_SPLINE_SURFACE_WITH_KNOTS('',3,1,((#5127,#5128),(#5129,#5130),(#5131,
#5132),(#5133,#5134),(#5135,#5136)),.UNSPECIFIED.,.F.,.F.,.F.,(4,1,4),(2,
2),(0.,0.024889289151294,0.0489812078037576),(0.,0.0399999999999999),
 .UNSPECIFIED.);
#78=B_SPLINE_SURFACE_WITH_KNOTS('',3,1,((#5144,#5145),(#5146,#5147),(#5148,
#5149),(#5150,#5151),(#5152,#5153)),.UNSPECIFIED.,.F.,.F.,.F.,(4,1,4),(2,
2),(0.,0.019570819535433,0.0394804881127189),(0.,0.0399999999999999),
 .UNSPECIFIED.);
#79=B_SPLINE_SURFACE_WITH_KNOTS('',3,1,((#5161,#5162),(#5163,#5164),(#5165,
#5166),(#5167,#5168),(#5169,#5170)),.UNSPECIFIED.,.F.,.F.,.F.,(4,1,4),(2,
2),(0.,0.0182094228919869,0.0371072108303311),(0.,0.0399999999999999),
 .UNSPECIFIED.);
#80=B_SPLINE_SURFACE_WITH_KNOTS('',3,1,((#5178,#5179),(#5180,#5181),(#5182,
#5183),(#5184,#5185),(#5186,#5187)),.UNSPECIFIED.,.F.,.F.,.F.,(4,1,4),(2,
2),(0.,0.0294649318138401,0.0514549040255309),(0.,0.0399999999999999),
 .UNSPECIFIED.);
#81=FACE_BOUND('',#276,.T.);
#82=FACE_BOUND('',#277,.T.);
#83=FACE_BOUND('',#281,.T.);
#84=FACE_BOUND('',#282,.T.);
#85=FACE_BOUND('',#283,.T.);
#86=FACE_BOUND('',#284,.T.);
#87=FACE_BOUND('',#285,.T.);
#88=FACE_BOUND('',#310,.T.);
#89=FACE_BOUND('',#345,.T.);
#90=FACE_BOUND('',#374,.T.);
#91=FACE_BOUND('',#390,.T.);
#92=FACE_BOUND('',#396,.T.);
#93=FACE_BOUND('',#402,.T.);
#94=FACE_BOUND('',#403,.T.);
#95=PLANE('',#2418);
#96=PLANE('',#2419);
#97=PLANE('',#2431);
#98=PLANE('',#2435);
#99=PLANE('',#2437);
#100=PLANE('',#2440);
#101=PLANE('',#2441);
#102=PLANE('',#2442);
#103=PLANE('',#2443);
#104=PLANE('',#2444);
#105=PLANE('',#2445);
#106=PLANE('',#2446);
#107=PLANE('',#2447);
#108=PLANE('',#2448);
#109=PLANE('',#2449);
#110=PLANE('',#2450);
#111=PLANE('',#2451);
#112=PLANE('',#2452);
#113=PLANE('',#2453);
#114=PLANE('',#2454);
#115=PLANE('',#2455);
#116=PLANE('',#2456);
#117=PLANE('',#2457);
#118=PLANE('',#2458);
#119=PLANE('',#2459);
#120=PLANE('',#2460);
#121=PLANE('',#2461);
#122=PLANE('',#2462);
#123=PLANE('',#2463);
#124=PLANE('',#2464);
#125=PLANE('',#2465);
#126=PLANE('',#2467);
#127=PLANE('',#2487);
#128=PLANE('',#2488);
#129=PLANE('',#2493);
#130=PLANE('',#2494);
#131=PLANE('',#2496);
#132=FACE_OUTER_BOUND('',#261,.T.);
#133=FACE_OUTER_BOUND('',#262,.T.);
#134=FACE_OUTER_BOUND('',#263,.T.);
#135=FACE_OUTER_BOUND('',#264,.T.);
#136=FACE_OUTER_BOUND('',#265,.T.);
#137=FACE_OUTER_BOUND('',#266,.T.);
#138=FACE_OUTER_BOUND('',#267,.T.);
#139=FACE_OUTER_BOUND('',#268,.T.);
#140=FACE_OUTER_BOUND('',#269,.T.);
#141=FACE_OUTER_BOUND('',#270,.T.);
#142=FACE_OUTER_BOUND('',#271,.T.);
#143=FACE_OUTER_BOUND('',#272,.T.);
#144=FACE_OUTER_BOUND('',#273,.T.);
#145=FACE_OUTER_BOUND('',#274,.T.);
#146=FACE_OUTER_BOUND('',#275,.T.);
#147=FACE_OUTER_BOUND('',#278,.T.);
#148=FACE_OUTER_BOUND('',#279,.T.);
#149=FACE_OUTER_BOUND('',#280,.T.);
#150=FACE_OUTER_BOUND('',#286,.T.);
#151=FACE_OUTER_BOUND('',#287,.T.);
#152=FACE_OUTER_BOUND('',#288,.T.);
#153=FACE_OUTER_BOUND('',#289,.T.);
#154=FACE_OUTER_BOUND('',#290,.T.);
#155=FACE_OUTER_BOUND('',#291,.T.);
#156=FACE_OUTER_BOUND('',#292,.T.);
#157=FACE_OUTER_BOUND('',#293,.T.);
#158=FACE_OUTER_BOUND('',#294,.T.);
#159=FACE_OUTER_BOUND('',#295,.T.);
#160=FACE_OUTER_BOUND('',#296,.T.);
#161=FACE_OUTER_BOUND('',#297,.T.);
#162=FACE_OUTER_BOUND('',#298,.T.);
#163=FACE_OUTER_BOUND('',#299,.T.);
#164=FACE_OUTER_BOUND('',#300,.T.);
#165=FACE_OUTER_BOUND('',#301,.T.);
#166=FACE_OUTER_BOUND('',#302,.T.);
#167=FACE_OUTER_BOUND('',#303,.T.);
#168=FACE_OUTER_BOUND('',#304,.T.);
#169=FACE_OUTER_BOUND('',#305,.T.);
#170=FACE_OUTER_BOUND('',#306,.T.);
#171=FACE_OUTER_BOUND('',#307,.T.);
#172=FACE_OUTER_BOUND('',#308,.T.);
#173=FACE_OUTER_BOUND('',#309,.T.);
#174=FACE_OUTER_BOUND('',#311,.T.);
#175=FACE_OUTER_BOUND('',#312,.T.);
#176=FACE_OUTER_BOUND('',#313,.T.);
#177=FACE_OUTER_BOUND('',#314,.T.);
#178=FACE_OUTER_BOUND('',#315,.T.);
#179=FACE_OUTER_BOUND('',#316,.T.);
#180=FACE_OUTER_BOUND('',#317,.T.);
#181=FACE_OUTER_BOUND('',#318,.T.);
#182=FACE_OUTER_BOUND('',#319,.T.);
#183=FACE_OUTER_BOUND('',#320,.T.);
#184=FACE_OUTER_BOUND('',#321,.T.);
#185=FACE_OUTER_BOUND('',#322,.T.);
#186=FACE_OUTER_BOUND('',#323,.T.);
#187=FACE_OUTER_BOUND('',#324,.T.);
#188=FACE_OUTER_BOUND('',#325,.T.);
#189=FACE_OUTER_BOUND('',#326,.T.);
#190=FACE_OUTER_BOUND('',#327,.T.);
#191=FACE_OUTER_BOUND('',#328,.T.);
#192=FACE_OUTER_BOUND('',#329,.T.);
#193=FACE_OUTER_BOUND('',#330,.T.);
#194=FACE_OUTER_BOUND('',#331,.T.);
#195=FACE_OUTER_BOUND('',#332,.T.);
#196=FACE_OUTER_BOUND('',#333,.T.);
#197=FACE_OUTER_BOUND('',#334,.T.);
#198=FACE_OUTER_BOUND('',#335,.T.);
#199=FACE_OUTER_BOUND('',#336,.T.);
#200=FACE_OUTER_BOUND('',#337,.T.);
#201=FACE_OUTER_BOUND('',#338,.T.);
#202=FACE_OUTER_BOUND('',#339,.T.);
#203=FACE_OUTER_BOUND('',#340,.T.);
#204=FACE_OUTER_BOUND('',#341,.T.);
#205=FACE_OUTER_BOUND('',#342,.T.);
#206=FACE_OUTER_BOUND('',#343,.T.);
#207=FACE_OUTER_BOUND('',#344,.T.);
#208=FACE_OUTER_BOUND('',#346,.T.);
#209=FACE_OUTER_BOUND('',#347,.T.);
#210=FACE_OUTER_BOUND('',#348,.T.);
#211=FACE_OUTER_BOUND('',#349,.T.);
#212=FACE_OUTER_BOUND('',#350,.T.);
#213=FACE_OUTER_BOUND('',#351,.T.);
#214=FACE_OUTER_BOUND('',#352,.T.);
#215=FACE_OUTER_BOUND('',#353,.T.);
#216=FACE_OUTER_BOUND('',#354,.T.);
#217=FACE_OUTER_BOUND('',#355,.T.);
#218=FACE_OUTER_BOUND('',#356,.T.);
#219=FACE_OUTER_BOUND('',#357,.T.);
#220=FACE_OUTER_BOUND('',#358,.T.);
#221=FACE_OUTER_BOUND('',#359,.T.);
#222=FACE_OUTER_BOUND('',#360,.T.);
#223=FACE_OUTER_BOUND('',#361,.T.);
#224=FACE_OUTER_BOUND('',#362,.T.);
#225=FACE_OUTER_BOUND('',#363,.T.);
#226=FACE_OUTER_BOUND('',#364,.T.);
#227=FACE_OUTER_BOUND('',#365,.T.);
#228=FACE_OUTER_BOUND('',#366,.T.);
#229=FACE_OUTER_BOUND('',#367,.T.);
#230=FACE_OUTER_BOUND('',#368,.T.);
#231=FACE_OUTER_BOUND('',#369,.T.);
#232=FACE_OUTER_BOUND('',#370,.T.);
#233=FACE_OUTER_BOUND('',#371,.T.);
#234=FACE_OUTER_BOUND('',#372,.T.);
#235=FACE_OUTER_BOUND('',#373,.T.);
#236=FACE_OUTER_BOUND('',#375,.T.);
#237=FACE_OUTER_BOUND('',#376,.T.);
#238=FACE_OUTER_BOUND('',#377,.T.);
#239=FACE_OUTER_BOUND('',#378,.T.);
#240=FACE_OUTER_BOUND('',#379,.T.);
#241=FACE_OUTER_BOUND('',#380,.T.);
#242=FACE_OUTER_BOUND('',#381,.T.);
#243=FACE_OUTER_BOUND('',#382,.T.);
#244=FACE_OUTER_BOUND('',#383,.T.);
#245=FACE_OUTER_BOUND('',#384,.T.);
#246=FACE_OUTER_BOUND('',#385,.T.);
#247=FACE_OUTER_BOUND('',#386,.T.);
#248=FACE_OUTER_BOUND('',#387,.T.);
#249=FACE_OUTER_BOUND('',#388,.T.);
#250=FACE_OUTER_BOUND('',#389,.T.);
#251=FACE_OUTER_BOUND('',#391,.T.);
#252=FACE_OUTER_BOUND('',#392,.T.);
#253=FACE_OUTER_BOUND('',#393,.T.);
#254=FACE_OUTER_BOUND('',#394,.T.);
#255=FACE_OUTER_BOUND('',#395,.T.);
#256=FACE_OUTER_BOUND('',#397,.T.);
#257=FACE_OUTER_BOUND('',#398,.T.);
#258=FACE_OUTER_BOUND('',#399,.T.);
#259=FACE_OUTER_BOUND('',#400,.T.);
#260=FACE_OUTER_BOUND('',#401,.T.);
#261=EDGE_LOOP('',(#1516,#1517,#1518,#1519));
#262=EDGE_LOOP('',(#1520,#1521,#1522,#1523));
#263=EDGE_LOOP('',(#1524,#1525,#1526,#1527));
#264=EDGE_LOOP('',(#1528,#1529,#1530,#1531));
#265=EDGE_LOOP('',(#1532,#1533,#1534,#1535));
#266=EDGE_LOOP('',(#1536,#1537,#1538,#1539));
#267=EDGE_LOOP('',(#1540,#1541,#1542,#1543));
#268=EDGE_LOOP('',(#1544,#1545,#1546,#1547));
#269=EDGE_LOOP('',(#1548,#1549,#1550,#1551));
#270=EDGE_LOOP('',(#1552,#1553,#1554,#1555));
#271=EDGE_LOOP('',(#1556,#1557,#1558,#1559));
#272=EDGE_LOOP('',(#1560,#1561,#1562,#1563));
#273=EDGE_LOOP('',(#1564,#1565,#1566,#1567));
#274=EDGE_LOOP('',(#1568,#1569,#1570,#1571));
#275=EDGE_LOOP('',(#1572,#1573,#1574,#1575,#1576,#1577,#1578,#1579,#1580,
#1581,#1582,#1583,#1584,#1585,#1586));
#276=EDGE_LOOP('',(#1587));
#277=EDGE_LOOP('',(#1588));
#278=EDGE_LOOP('',(#1589,#1590,#1591,#1592));
#279=EDGE_LOOP('',(#1593,#1594,#1595,#1596,#1597,#1598,#1599,#1600,#1601,
#1602,#1603));
#280=EDGE_LOOP('',(#1604,#1605,#1606,#1607));
#281=EDGE_LOOP('',(#1608));
#282=EDGE_LOOP('',(#1609,#1610,#1611,#1612,#1613,#1614,#1615,#1616,#1617,
#1618,#1619,#1620,#1621,#1622,#1623,#1624,#1625,#1626,#1627));
#283=EDGE_LOOP('',(#1628,#1629,#1630,#1631,#1632,#1633,#1634,#1635,#1636,
#1637,#1638,#1639,#1640,#1641,#1642,#1643,#1644,#1645,#1646));
#284=EDGE_LOOP('',(#1647,#1648,#1649,#1650));
#285=EDGE_LOOP('',(#1651,#1652,#1653,#1654,#1655,#1656,#1657,#1658,#1659,
#1660,#1661,#1662));
#286=EDGE_LOOP('',(#1663,#1664,#1665,#1666));
#287=EDGE_LOOP('',(#1667,#1668,#1669,#1670));
#288=EDGE_LOOP('',(#1671));
#289=EDGE_LOOP('',(#1672,#1673,#1674,#1675));
#290=EDGE_LOOP('',(#1676,#1677,#1678,#1679));
#291=EDGE_LOOP('',(#1680,#1681,#1682,#1683));
#292=EDGE_LOOP('',(#1684,#1685,#1686,#1687));
#293=EDGE_LOOP('',(#1688,#1689,#1690,#1691));
#294=EDGE_LOOP('',(#1692,#1693,#1694,#1695));
#295=EDGE_LOOP('',(#1696,#1697,#1698,#1699));
#296=EDGE_LOOP('',(#1700,#1701,#1702,#1703));
#297=EDGE_LOOP('',(#1704,#1705,#1706,#1707));
#298=EDGE_LOOP('',(#1708,#1709,#1710,#1711));
#299=EDGE_LOOP('',(#1712,#1713,#1714,#1715));
#300=EDGE_LOOP('',(#1716,#1717,#1718,#1719));
#301=EDGE_LOOP('',(#1720,#1721,#1722,#1723));
#302=EDGE_LOOP('',(#1724,#1725,#1726,#1727));
#303=EDGE_LOOP('',(#1728,#1729,#1730,#1731));
#304=EDGE_LOOP('',(#1732,#1733,#1734,#1735));
#305=EDGE_LOOP('',(#1736,#1737,#1738,#1739));
#306=EDGE_LOOP('',(#1740,#1741,#1742,#1743));
#307=EDGE_LOOP('',(#1744,#1745,#1746,#1747));
#308=EDGE_LOOP('',(#1748,#1749,#1750,#1751));
#309=EDGE_LOOP('',(#1752,#1753,#1754,#1755,#1756,#1757,#1758,#1759,#1760,
#1761,#1762,#1763));
#310=EDGE_LOOP('',(#1764,#1765,#1766,#1767,#1768,#1769,#1770,#1771));
#311=EDGE_LOOP('',(#1772,#1773,#1774,#1775));
#312=EDGE_LOOP('',(#1776,#1777,#1778,#1779));
#313=EDGE_LOOP('',(#1780,#1781,#1782,#1783));
#314=EDGE_LOOP('',(#1784,#1785,#1786,#1787));
#315=EDGE_LOOP('',(#1788,#1789,#1790,#1791));
#316=EDGE_LOOP('',(#1792,#1793,#1794,#1795));
#317=EDGE_LOOP('',(#1796,#1797,#1798,#1799));
#318=EDGE_LOOP('',(#1800,#1801,#1802,#1803));
#319=EDGE_LOOP('',(#1804,#1805,#1806,#1807));
#320=EDGE_LOOP('',(#1808,#1809,#1810,#1811));
#321=EDGE_LOOP('',(#1812,#1813,#1814,#1815));
#322=EDGE_LOOP('',(#1816,#1817,#1818,#1819));
#323=EDGE_LOOP('',(#1820,#1821,#1822,#1823));
#324=EDGE_LOOP('',(#1824,#1825,#1826,#1827));
#325=EDGE_LOOP('',(#1828,#1829,#1830,#1831));
#326=EDGE_LOOP('',(#1832,#1833,#1834,#1835));
#327=EDGE_LOOP('',(#1836,#1837,#1838,#1839));
#328=EDGE_LOOP('',(#1840,#1841,#1842,#1843));
#329=EDGE_LOOP('',(#1844,#1845,#1846,#1847));
#330=EDGE_LOOP('',(#1848,#1849,#1850,#1851));
#331=EDGE_LOOP('',(#1852,#1853,#1854,#1855));
#332=EDGE_LOOP('',(#1856,#1857,#1858,#1859));
#333=EDGE_LOOP('',(#1860,#1861,#1862,#1863));
#334=EDGE_LOOP('',(#1864,#1865,#1866,#1867));
#335=EDGE_LOOP('',(#1868,#1869,#1870,#1871));
#336=EDGE_LOOP('',(#1872,#1873,#1874,#1875));
#337=EDGE_LOOP('',(#1876,#1877,#1878,#1879));
#338=EDGE_LOOP('',(#1880,#1881,#1882,#1883));
#339=EDGE_LOOP('',(#1884,#1885,#1886,#1887));
#340=EDGE_LOOP('',(#1888,#1889,#1890,#1891));
#341=EDGE_LOOP('',(#1892,#1893,#1894,#1895));
#342=EDGE_LOOP('',(#1896,#1897,#1898,#1899));
#343=EDGE_LOOP('',(#1900,#1901,#1902,#1903));
#344=EDGE_LOOP('',(#1904,#1905,#1906,#1907,#1908,#1909,#1910,#1911,#1912,
#1913,#1914,#1915,#1916,#1917,#1918,#1919,#1920,#1921,#1922));
#345=EDGE_LOOP('',(#1923,#1924,#1925,#1926,#1927,#1928,#1929,#1930,#1931));
#346=EDGE_LOOP('',(#1932,#1933,#1934,#1935));
#347=EDGE_LOOP('',(#1936,#1937,#1938,#1939));
#348=EDGE_LOOP('',(#1940,#1941,#1942,#1943));
#349=EDGE_LOOP('',(#1944,#1945,#1946,#1947));
#350=EDGE_LOOP('',(#1948,#1949,#1950,#1951));
#351=EDGE_LOOP('',(#1952,#1953,#1954,#1955));
#352=EDGE_LOOP('',(#1956,#1957,#1958,#1959));
#353=EDGE_LOOP('',(#1960,#1961,#1962,#1963));
#354=EDGE_LOOP('',(#1964,#1965,#1966,#1967));
#355=EDGE_LOOP('',(#1968,#1969,#1970,#1971));
#356=EDGE_LOOP('',(#1972,#1973,#1974,#1975));
#357=EDGE_LOOP('',(#1976,#1977,#1978,#1979));
#358=EDGE_LOOP('',(#1980,#1981,#1982,#1983));
#359=EDGE_LOOP('',(#1984,#1985,#1986,#1987));
#360=EDGE_LOOP('',(#1988,#1989,#1990,#1991));
#361=EDGE_LOOP('',(#1992,#1993,#1994,#1995));
#362=EDGE_LOOP('',(#1996,#1997,#1998,#1999));
#363=EDGE_LOOP('',(#2000,#2001,#2002,#2003));
#364=EDGE_LOOP('',(#2004,#2005,#2006,#2007));
#365=EDGE_LOOP('',(#2008,#2009,#2010,#2011));
#366=EDGE_LOOP('',(#2012,#2013,#2014,#2015));
#367=EDGE_LOOP('',(#2016,#2017,#2018,#2019));
#368=EDGE_LOOP('',(#2020,#2021,#2022,#2023));
#369=EDGE_LOOP('',(#2024,#2025,#2026,#2027));
#370=EDGE_LOOP('',(#2028,#2029,#2030,#2031));
#371=EDGE_LOOP('',(#2032,#2033,#2034,#2035));
#372=EDGE_LOOP('',(#2036,#2037,#2038,#2039));
#373=EDGE_LOOP('',(#2040,#2041,#2042,#2043,#2044,#2045,#2046,#2047,#2048,
#2049,#2050,#2051,#2052,#2053,#2054,#2055,#2056,#2057,#2058));
#374=EDGE_LOOP('',(#2059,#2060,#2061,#2062,#2063,#2064,#2065,#2066));
#375=EDGE_LOOP('',(#2067,#2068,#2069,#2070,#2071,#2072,#2073,#2074));
#376=EDGE_LOOP('',(#2075,#2076,#2077,#2078,#2079,#2080,#2081,#2082,#2083));
#377=EDGE_LOOP('',(#2084,#2085,#2086,#2087,#2088,#2089,#2090,#2091));
#378=EDGE_LOOP('',(#2092,#2093,#2094,#2095));
#379=EDGE_LOOP('',(#2096,#2097,#2098,#2099));
#380=EDGE_LOOP('',(#2100,#2101,#2102,#2103));
#381=EDGE_LOOP('',(#2104,#2105,#2106,#2107));
#382=EDGE_LOOP('',(#2108,#2109,#2110,#2111,#2112,#2113,#2114,#2115,#2116,
#2117));
#383=EDGE_LOOP('',(#2118,#2119,#2120,#2121));
#384=EDGE_LOOP('',(#2122,#2123,#2124,#2125));
#385=EDGE_LOOP('',(#2126,#2127,#2128,#2129));
#386=EDGE_LOOP('',(#2130,#2131,#2132,#2133,#2134,#2135,#2136,#2137));
#387=EDGE_LOOP('',(#2138,#2139,#2140,#2141));
#388=EDGE_LOOP('',(#2142,#2143,#2144,#2145));
#389=EDGE_LOOP('',(#2146,#2147,#2148,#2149));
#390=EDGE_LOOP('',(#2150));
#391=EDGE_LOOP('',(#2151,#2152,#2153,#2154));
#392=EDGE_LOOP('',(#2155,#2156,#2157,#2158));
#393=EDGE_LOOP('',(#2159,#2160,#2161,#2162,#2163,#2164,#2165,#2166));
#394=EDGE_LOOP('',(#2167,#2168,#2169,#2170));
#395=EDGE_LOOP('',(#2171,#2172,#2173,#2174));
#396=EDGE_LOOP('',(#2175,#2176,#2177,#2178));
#397=EDGE_LOOP('',(#2179,#2180,#2181,#2182,#2183));
#398=EDGE_LOOP('',(#2184,#2185,#2186,#2187));
#399=EDGE_LOOP('',(#2188,#2189,#2190,#2191,#2192,#2193,#2194,#2195,#2196,
#2197,#2198,#2199,#2200,#2201,#2202,#2203));
#400=EDGE_LOOP('',(#2204,#2205,#2206,#2207,#2208,#2209,#2210,#2211,#2212,
#2213,#2214,#2215,#2216,#2217,#2218));
#401=EDGE_LOOP('',(#2219,#2220,#2221,#2222,#2223,#2224,#2225));
#402=EDGE_LOOP('',(#2226));
#403=EDGE_LOOP('',(#2227));
#404=CIRCLE('',#2398,1.5206329375);
#405=CIRCLE('',#2404,1.52063293758702);
#406=CIRCLE('',#2406,1.25);
#407=CIRCLE('',#2411,1.25);
#408=CIRCLE('',#2413,1.65);
#409=CIRCLE('',#2414,1.65);
#410=CIRCLE('',#2416,3.);
#411=CIRCLE('',#2417,3.);
#412=CIRCLE('',#2420,5.);
#413=CIRCLE('',#2421,83.1415719388798);
#414=CIRCLE('',#2422,2.98599008036425);
#415=CIRCLE('',#2423,83.1415719388798);
#416=CIRCLE('',#2424,5.48411605376852);
#417=CIRCLE('',#2425,5.);
#418=CIRCLE('',#2426,3.);
#419=CIRCLE('',#2427,1.7);
#420=CIRCLE('',#2428,1.55);
#421=CIRCLE('',#2430,3.);
#422=CIRCLE('',#2432,5.48411605376852);
#423=CIRCLE('',#2433,83.1415719388798);
#424=CIRCLE('',#2434,5.);
#425=CIRCLE('',#2436,3.05);
#426=CIRCLE('',#2439,3.05);
#427=CIRCLE('',#2469,83.1415719388798);
#428=CIRCLE('',#2470,83.1415719388798);
#429=CIRCLE('',#2471,83.1415719388798);
#430=CIRCLE('',#2473,2.98599008036425);
#431=CIRCLE('',#2475,1.7);
#432=CIRCLE('',#2477,2.98599008036429);
#433=CIRCLE('',#2478,2.98599008036429);
#434=CIRCLE('',#2480,83.1415719388798);
#435=CIRCLE('',#2481,83.1415719388798);
#436=CIRCLE('',#2482,83.1415719388798);
#437=CIRCLE('',#2484,5.48411605376852);
#438=CIRCLE('',#2486,5.48411605376852);
#439=CIRCLE('',#2490,5.);
#440=B_SPLINE_CURVE_WITH_KNOTS('',3,(#2868,#2869,#2870,#2871,#2872,#2873,
#2874,#2875,#2876,#2877,#2878,#2879,#2880,#2881,#2882,#2883,#2884,#2885),
 .UNSPECIFIED.,.F.,.F.,(4,2,2,2,2,2,2,2,4),(4.98035146747033,5.02486837593682,
5.08501294345986,5.14295433661334,5.203520678109,5.26301030245405,5.32105273174964,
5.3675169815818,5.41458225493086),.UNSPECIFIED.);
#441=B_SPLINE_CURVE_WITH_KNOTS('',3,(#2888,#2889,#2890,#2891,#2892,#2893,
#2894,#2895,#2896,#2897,#2898,#2899,#2900,#2901,#2902,#2903,#2904,#2905,
#2906,#2907,#2908,#2909),.UNSPECIFIED.,.F.,.F.,(4,2,2,2,2,2,2,2,2,2,4),
(-0.555529759783473,-0.509065309360105,-0.449018410178669,-0.391146691834707,
-0.330604855062955,-0.271213676314113,-0.213132258125669,-0.152092683108631,
-0.0933834253943028,-0.0476292171684591,0.),.UNSPECIFIED.);
#442=B_SPLINE_CURVE_WITH_KNOTS('',3,(#2914,#2915,#2916,#2917,#2918,#2919,
#2920,#2921,#2922,#2923,#2924,#2925,#2926,#2927,#2928,#2929,#2930,#2931,
#2932,#2933,#2934,#2935,#2936,#2937,#2938,#2939,#2940,#2941,#2942,#2943,
#2944,#2945,#2946,#2947,#2948,#2949),.UNSPECIFIED.,.F.,.F.,(4,2,2,2,2,2,
2,2,2,2,2,2,2,2,2,2,2,4),(4.02090109413005,4.07490793130073,4.13466914328942,
4.19247250669527,4.25301190275921,4.31211434695969,4.37055019895156,4.43127067478504,
4.48969361190848,4.54989941862702,4.60983638293269,4.66765886032633,4.72819708013698,
4.78747709373557,4.8456670930607,4.90658442623094,4.96518413404789,4.98035146747033),
 .UNSPECIFIED.);
#443=B_SPLINE_CURVE_WITH_KNOTS('',3,(#2950,#2951,#2952,#2953,#2954,#2955,
#2956,#2957,#2958,#2959,#2960,#2961,#2962,#2963,#2964,#2965,#2966,#2967,
#2968,#2969,#2970,#2971,#2972,#2973,#2974,#2975,#2976,#2977,#2978,#2979,
#2980,#2981,#2982,#2983,#2984,#2985),.UNSPECIFIED.,.F.,.F.,(4,2,2,2,2,2,
2,2,2,2,2,2,2,2,2,2,2,4),(-1.51482505741036,-1.45897000634038,-1.39927934762457,
-1.34146545864958,-1.28092693221906,-1.22189574166887,-1.16334313222234,
-1.10270206389891,-1.04435081612737,-0.98391649376532,-0.924064851819764,
-0.866270904058536,-0.805744885037925,-0.746550831985098,-0.688280290380963,
-0.627457051463161,-0.568942525372562,-0.555529759783473),.UNSPECIFIED.);
#444=B_SPLINE_CURVE_WITH_KNOTS('',3,(#2990,#2991,#2992,#2993,#2994,#2995,
#2996,#2997,#2998,#2999,#3000,#3001,#3002,#3003,#3004,#3005,#3006,#3007,
#3008,#3009,#3010,#3011,#3012,#3013,#3014,#3015,#3016,#3017,#3018,#3019,
#3020,#3021,#3022,#3023,#3024,#3025,#3026,#3027),.UNSPECIFIED.,.F.,.F.,
(4,2,2,2,2,2,2,2,2,2,2,2,2,2,2,2,2,2,4),(3.06078987967113,3.06298110815076,
3.12355789075841,3.18307647441835,3.24111509038342,3.30229228101457,3.36112668688684,
3.42036375068224,3.48077330923673,3.53891925047587,3.59946952013492,3.65909259602172,
3.71696828358604,3.77753600564305,3.83649820721698,3.89526168379036,3.95582266021133,
4.01410312097329,4.02090109413005),.UNSPECIFIED.);
#445=B_SPLINE_CURVE_WITH_KNOTS('',3,(#3028,#3029,#3030,#3031,#3032,#3033,
#3034,#3035,#3036,#3037,#3038,#3039,#3040,#3041,#3042,#3043,#3044,#3045,
#3046,#3047,#3048,#3049,#3050,#3051,#3052,#3053,#3054,#3055,#3056,#3057,
#3058,#3059,#3060,#3061,#3062,#3063,#3064,#3065),.UNSPECIFIED.,.F.,.F.,
(4,2,2,2,2,2,2,2,2,2,2,2,2,2,2,2,2,2,4),(-2.47514972119368,-2.47117713472093,
-2.41057318185742,-2.3511000679013,-2.29297792202866,-2.23185261719798,
-2.17306250767145,-2.1136361168245,-2.05328010560016,-1.99518200861027,
-1.93462686996652,-1.87505751166509,-1.81713853687763,-1.75656103372319,
-1.69765348838879,-1.63874742037299,-1.57824912204623,-1.52002499810172,
-1.51482505741036),.UNSPECIFIED.);
#446=B_SPLINE_CURVE_WITH_KNOTS('',3,(#3070,#3071,#3072,#3073,#3074,#3075,
#3076,#3077,#3078,#3079,#3080,#3081,#3082,#3083,#3084,#3085,#3086,#3087,
#3088,#3089,#3090,#3091,#3092,#3093,#3094,#3095,#3096,#3097,#3098,#3099,
#3100,#3101,#3102,#3103,#3104,#3105),.UNSPECIFIED.,.F.,.F.,(4,2,2,2,2,2,
2,2,2,2,2,2,2,2,2,2,2,4),(2.10115375440521,2.11293474913959,2.17140012696755,
2.23216730044737,2.29055331012214,2.34969821847113,2.41024391862579,2.46805173189541,
2.52785512013837,2.58854019543008,2.64685559848395,2.70745509848894,2.76563059034003,
2.8265760022911,2.8852013381249,2.94484288511924,3.00501623650416,3.06078987967113),
 .UNSPECIFIED.);
#447=B_SPLINE_CURVE_WITH_KNOTS('',3,(#3106,#3107,#3108,#3109,#3110,#3111,
#3112,#3113,#3114,#3115,#3116,#3117,#3118,#3119,#3120,#3121,#3122,#3123,
#3124,#3125,#3126,#3127,#3128,#3129,#3130,#3131,#3132,#3133,#3134,#3135,
#3136,#3137,#3138,#3139,#3140,#3141),.UNSPECIFIED.,.F.,.F.,(4,2,2,2,2,2,
2,2,2,2,2,2,2,2,2,2,2,4),(-3.43545698678159,-3.42051892303493,-3.36187690871396,
-3.30091637832262,-3.24266213449157,-3.18333931755073,-3.12274685448708,
-3.06487563546862,-3.00489516876269,-2.94460247893484,-2.88613557675391,
-2.82537010426458,-2.76686456021489,-2.70771749046861,-2.64912561711038,
-2.58924930807086,-2.52912007939641,-2.47514972119368),.UNSPECIFIED.);
#448=B_SPLINE_CURVE_WITH_KNOTS('',3,(#3146,#3147,#3148,#3149,#3150,#3151,
#3152,#3153,#3154,#3155,#3156,#3157,#3158,#3159,#3160,#3161,#3162,#3163,
#3164,#3165,#3166,#3167,#3168,#3169,#3170,#3171,#3172,#3173,#3174,#3175,
#3176,#3177,#3178,#3179,#3180,#3181),.UNSPECIFIED.,.F.,.F.,(4,2,2,2,2,2,
2,2,2,2,2,2,2,2,2,2,2,4),(1.14107172078376,1.16132889427235,1.2201893801564,
1.28139521664515,1.33942860666203,1.39897378052657,1.45955868340102,1.51754548900336,
1.5777452199155,1.63734268780155,1.69599135671232,1.75696247237134,1.81512200429081,
1.87445158678315,1.93500197106687,1.99284923434035,2.05283548167706,2.10115375440521),
 .UNSPECIFIED.);
#449=B_SPLINE_CURVE_WITH_KNOTS('',3,(#3182,#3183,#3184,#3185,#3186,#3187,
#3188,#3189,#3190,#3191,#3192,#3193,#3194,#3195,#3196,#3197,#3198,#3199,
#3200,#3201,#3202,#3203,#3204,#3205,#3206,#3207,#3208,#3209,#3210,#3211,
#3212,#3213,#3214,#3215,#3216,#3217),.UNSPECIFIED.,.F.,.F.,(4,2,2,2,2,2,
2,2,2,2,2,2,2,2,2,2,2,4),(-4.39620600228446,-4.37237001280436,-4.31339922491593,
-4.2527963382205,-4.19487459539773,-4.13524223056851,-4.07465885483599,
-4.01650210257227,-3.95608286959927,-3.89674076931344,-3.83789385429745,
-3.77670601575759,-3.71860532261161,-3.65907437760843,-3.59845550069895,
-3.54047094586662,-3.48028433584221,-3.43545698678159),.UNSPECIFIED.);
#450=B_SPLINE_CURVE_WITH_KNOTS('',3,(#3223,#3224,#3225,#3226,#3227,#3228),
 .UNSPECIFIED.,.F.,.F.,(4,2,4),(-5.41689023556519,-5.36974742134288,-5.35610149959657),
 .UNSPECIFIED.);
#451=B_SPLINE_CURVE_WITH_KNOTS('',3,(#3231,#3232,#3233,#3234,#3235,#3236,
#3237,#3238,#3239,#3240),.UNSPECIFIED.,.F.,.F.,(4,2,2,2,4),(0.,0.0446215748038756,
0.0909647007015641,0.151720181265308,0.181111111711638),.UNSPECIFIED.);
#452=B_SPLINE_CURVE_WITH_KNOTS('',3,(#3246,#3247,#3248,#3249,#3250,#3251,
#3252,#3253,#3254,#3255,#3256,#3257),.UNSPECIFIED.,.F.,.F.,(4,2,2,2,2,4),
(-0.197270028888754,-0.154042869886755,-0.105865327104244,-0.0559141475048875,
-0.027476367357084,0.),.UNSPECIFIED.);
#453=B_SPLINE_CURVE_WITH_KNOTS('',3,(#3260,#3261,#3262,#3263,#3264,#3265,
#3266,#3267,#3268,#3269,#3270,#3271,#3272,#3273,#3274,#3275,#3276,#3277,
#3278,#3279),.UNSPECIFIED.,.F.,.F.,(4,2,2,2,2,2,2,2,2,4),(-4.02897418644675,
-3.9998228649873,-3.97144781590608,-3.92391783110798,-3.87471887744535,
-3.82494991134106,-3.77696639762856,-3.72710316137681,-3.6789073054189,
-3.63482516734176),.UNSPECIFIED.);
#454=B_SPLINE_CURVE_WITH_KNOTS('',3,(#3284,#3285,#3286,#3287,#3288,#3289,
#3290,#3291,#3292,#3293,#3294,#3295,#3296,#3297,#3298,#3299,#3300,#3301,
#3302,#3303,#3304,#3305,#3306,#3307,#3308,#3309,#3310,#3311,#3312,#3313,
#3314,#3315,#3316,#3317,#3318,#3319,#3320,#3321),.UNSPECIFIED.,.F.,.F.,
(4,2,2,2,2,2,2,2,2,2,2,2,2,2,2,2,2,2,4),(-0.987317389505898,-0.985769965747112,
-0.937298111244869,-0.888444961074052,-0.838687539108152,-0.790795336856293,
-0.740923421938661,-0.691838182731494,-0.644160250586673,-0.59427286493436,
-0.545729528966347,-0.497279075486464,-0.44743154172663,-0.399458864141143,
-0.34928798715889,-0.300119276934139,-0.252523121944952,-0.202675164693006,
-0.197270028888754),.UNSPECIFIED.);
#455=B_SPLINE_CURVE_WITH_KNOTS('',3,(#3322,#3323,#3324,#3325,#3326,#3327,
#3328,#3329,#3330,#3331,#3332,#3333,#3334,#3335,#3336,#3337,#3338,#3339,
#3340,#3341,#3342,#3343,#3344,#3345,#3346,#3347,#3348,#3349,#3350,#3351,
#3352,#3353,#3354,#3355,#3356,#3357,#3358,#3359),.UNSPECIFIED.,.F.,.F.,
(4,2,2,2,2,2,2,2,2,2,2,2,2,2,2,2,2,2,4),(-3.63482516734176,-3.63035732601062,
-3.58055575391544,-3.53299547262334,-3.4839079525761,-3.43365083827447,
-3.38574981561629,-3.33597830351283,-3.28749516185545,-3.23902239506991,
-3.18917307826349,-3.1415128124661,-3.09249726610557,-3.04266499496906,
-2.994837001335,-2.94514769161598,-2.89623595495616,-2.84782612524075,-2.84539576227407),
 .UNSPECIFIED.);
#456=B_SPLINE_CURVE_WITH_KNOTS('',3,(#3364,#3365,#3366,#3367,#3368,#3369,
#3370,#3371,#3372,#3373,#3374,#3375,#3376,#3377,#3378,#3379,#3380,#3381,
#3382,#3383,#3384,#3385,#3386,#3387,#3388,#3389,#3390,#3391,#3392,#3393,
#3394,#3395,#3396,#3397,#3398,#3399),.UNSPECIFIED.,.F.,.F.,(4,2,2,2,2,2,
2,2,2,2,2,2,2,2,2,2,2,4),(-1.77755736202553,-1.76924942408044,-1.72110385275985,
-1.67156901084113,-1.62218629324969,-1.57455007943908,-1.52467594741194,
-1.47582060966648,-1.42788942759047,-1.37769272694932,-1.3294008654328,
-1.28025139808106,-1.2306967585114,-1.1829508363829,-1.13303744609116,-1.0840019772155,
-1.03616263335666,-0.987317389505898),.UNSPECIFIED.);
#457=B_SPLINE_CURVE_WITH_KNOTS('',3,(#3400,#3401,#3402,#3403,#3404,#3405,
#3406,#3407,#3408,#3409,#3410,#3411,#3412,#3413,#3414,#3415,#3416,#3417,
#3418,#3419,#3420,#3421,#3422,#3423,#3424,#3425,#3426,#3427,#3428,#3429,
#3430,#3431,#3432,#3433,#3434,#3435),.UNSPECIFIED.,.F.,.F.,(4,2,2,2,2,2,
2,2,2,2,2,2,2,2,2,2,2,4),(-2.84539576227407,-2.7975003650782,-2.74965581265768,
-2.70068265750688,-2.6507943961391,-2.60309663011864,-2.5536020740719,-2.50436883704675,
-2.45613020955735,-2.40599107284657,-2.35803163566205,-2.30922943800399,
-2.25937108782424,-2.2117605732709,-2.16242918412507,-2.11278995928324,
-2.06468816731209,-2.05548443400242),.UNSPECIFIED.);
#458=B_SPLINE_CURVE_WITH_KNOTS('',3,(#3440,#3441,#3442,#3443,#3444,#3445,
#3446,#3447,#3448,#3449,#3450,#3451,#3452,#3453,#3454,#3455,#3456,#3457,
#3458,#3459,#3460,#3461,#3462,#3463,#3464,#3465,#3466,#3467,#3468,#3469,
#3470,#3471,#3472,#3473,#3474,#3475),.UNSPECIFIED.,.F.,.F.,(4,2,2,2,2,2,
2,2,2,2,2,2,2,2,2,2,2,4),(-2.56774379861565,-2.55236048515246,-2.50242797640776,
-2.45461615179288,-2.40498483504204,-2.35598912976426,-2.30763084199624,
-2.25736123177632,-2.20949138592603,-2.16056984132448,-2.11069262914198,
-2.06302753148501,-2.01358217286916,-1.96597204942054,-1.91610315202775,
-1.86739256911828,-1.81928607866661,-1.77755736202553),.UNSPECIFIED.);
#459=B_SPLINE_CURVE_WITH_KNOTS('',3,(#3476,#3477,#3478,#3479,#3480,#3481,
#3482,#3483,#3484,#3485,#3486,#3487,#3488,#3489,#3490,#3491,#3492,#3493,
#3494,#3495,#3496,#3497,#3498,#3499,#3500,#3501,#3502,#3503,#3504,#3505,
#3506,#3507,#3508,#3509,#3510,#3511),.UNSPECIFIED.,.F.,.F.,(4,2,2,2,2,2,
2,2,2,2,2,2,2,2,2,2,2,4),(-2.05548443400242,-2.01469896254706,-1.96666855104795,
-1.91659690826459,-1.86842002242683,-1.81902887389003,-1.76960665676938,
-1.72195602666785,-1.67208520383515,-1.62318778884594,-1.57530697341091,
-1.52506352884319,-1.47672934770883,-1.42769681888467,-1.37809256954728,
-1.33030560142628,-1.28038407683791,-1.26543091048428),.UNSPECIFIED.);
#460=B_SPLINE_CURVE_WITH_KNOTS('',3,(#3517,#3518,#3519,#3520,#3521,#3522,
#3523,#3524,#3525,#3526,#3527,#3528,#3529,#3530,#3531,#3532,#3533,#3534,
#3535,#3536,#3537,#3538,#3539,#3540),.UNSPECIFIED.,.F.,.F.,(4,2,2,2,2,2,
2,2,2,2,2,4),(-0.474737508052241,-0.447090362369098,-0.399468271244813,
-0.34958759862507,-0.300880503294288,-0.252739906455219,-0.202708119780367,
-0.154566448940802,-0.104974257535163,-0.0555981616274183,-0.0273626864433787,
-1.00000000002876E-6),.UNSPECIFIED.);
#461=B_SPLINE_CURVE_WITH_KNOTS('',3,(#3543,#3544,#3545,#3546,#3547,#3548,
#3549,#3550,#3551,#3552,#3553,#3554,#3555,#3556,#3557,#3558,#3559,#3560,
#3561,#3562,#3563,#3564,#3565,#3566,#3567,#3568,#3569,#3570,#3571,#3572,
#3573,#3574),.UNSPECIFIED.,.F.,.F.,(4,2,2,2,2,2,2,2,2,2,2,2,2,2,2,4),(-4.02984359498896,
-4.00070589641222,-3.97201007053726,-3.92404918144841,-3.87516037917487,
-3.82525361760981,-3.7775857398559,-3.7281692940006,-3.67860676571609,-3.63042855533035,
-3.58035790043239,-3.53222243934331,-3.48347887742584,-3.43357770124294,
-3.38593680045988,-3.35869012401983),.UNSPECIFIED.);
#462=B_SPLINE_CURVE_WITH_KNOTS('',3,(#3660,#3661,#3662,#3663,#3664),
 .UNSPECIFIED.,.F.,.F.,(4,1,4),(0.,0.0294649318138401,0.0514549040255309),
 .UNSPECIFIED.);
#463=B_SPLINE_CURVE_WITH_KNOTS('',3,(#3666,#3667,#3668,#3669,#3670),
 .UNSPECIFIED.,.F.,.F.,(4,1,4),(0.,0.0182094228919869,0.0371072108303311),
 .UNSPECIFIED.);
#464=B_SPLINE_CURVE_WITH_KNOTS('',3,(#3672,#3673,#3674,#3675,#3676),
 .UNSPECIFIED.,.F.,.F.,(4,1,4),(0.,0.019570819535433,0.0394804881127189),
 .UNSPECIFIED.);
#465=B_SPLINE_CURVE_WITH_KNOTS('',3,(#3678,#3679,#3680,#3681,#3682),
 .UNSPECIFIED.,.F.,.F.,(4,1,4),(0.,0.024889289151294,0.0489812078037576),
 .UNSPECIFIED.);
#466=B_SPLINE_CURVE_WITH_KNOTS('',3,(#3684,#3685,#3686,#3687,#3688),
 .UNSPECIFIED.,.F.,.F.,(4,1,4),(0.,0.0265113028212041,0.0588784780658848),
 .UNSPECIFIED.);
#467=B_SPLINE_CURVE_WITH_KNOTS('',3,(#3690,#3691,#3692,#3693,#3694),
 .UNSPECIFIED.,.F.,.F.,(4,1,4),(0.,0.0131438310579865,0.0235722850577389),
 .UNSPECIFIED.);
#468=B_SPLINE_CURVE_WITH_KNOTS('',3,(#3696,#3697,#3698,#3699,#3700),
 .UNSPECIFIED.,.F.,.F.,(4,1,4),(0.,0.0205684815915604,0.0432085846802537),
 .UNSPECIFIED.);
#469=B_SPLINE_CURVE_WITH_KNOTS('',3,(#3708,#3709,#3710,#3711,#3712),
 .UNSPECIFIED.,.F.,.F.,(4,1,4),(0.,0.0238613764579545,0.0419220860564873),
 .UNSPECIFIED.);
#470=B_SPLINE_CURVE_WITH_KNOTS('',3,(#3714,#3715,#3716,#3717,#3718),
 .UNSPECIFIED.,.F.,.F.,(4,1,4),(0.,0.0134895750309853,0.0237681386240772),
 .UNSPECIFIED.);
#471=B_SPLINE_CURVE_WITH_KNOTS('',3,(#3720,#3721,#3722,#3723,#3724),
 .UNSPECIFIED.,.F.,.F.,(4,1,4),(0.,0.00850795905641853,0.0165500465033175),
 .UNSPECIFIED.);
#472=B_SPLINE_CURVE_WITH_KNOTS('',3,(#3726,#3727,#3728,#3729,#3730),
 .UNSPECIFIED.,.F.,.F.,(4,1,4),(0.,0.00747197159111582,0.0184753411158626),
 .UNSPECIFIED.);
#473=B_SPLINE_CURVE_WITH_KNOTS('',3,(#3734,#3735,#3736,#3737,#3738),
 .UNSPECIFIED.,.F.,.F.,(4,1,4),(0.,0.027154212015565,0.051984123761566),
 .UNSPECIFIED.);
#474=B_SPLINE_CURVE_WITH_KNOTS('',3,(#3740,#3741,#3742,#3743,#3744),
 .UNSPECIFIED.,.F.,.F.,(4,1,4),(0.,0.0248007521334657,0.0518736324975385),
 .UNSPECIFIED.);
#475=B_SPLINE_CURVE_WITH_KNOTS('',3,(#3748,#3749,#3750,#3751,#3752),
 .UNSPECIFIED.,.F.,.F.,(4,1,4),(0.,0.0163686507744408,0.0289316880286056),
 .UNSPECIFIED.);
#476=B_SPLINE_CURVE_WITH_KNOTS('',3,(#3754,#3755,#3756,#3757,#3758),
 .UNSPECIFIED.,.F.,.F.,(4,1,4),(0.,0.0170338557459003,0.0341490483597788),
 .UNSPECIFIED.);
#477=B_SPLINE_CURVE_WITH_KNOTS('',3,(#3760,#3761,#3762,#3763,#3764),
 .UNSPECIFIED.,.F.,.F.,(4,1,4),(0.,0.0139216840059175,0.0273829863166612),
 .UNSPECIFIED.);
#478=B_SPLINE_CURVE_WITH_KNOTS('',3,(#3766,#3767,#3768,#3769,#3770),
 .UNSPECIFIED.,.F.,.F.,(4,1,4),(0.,0.0183589917633712,0.0387777204127243),
 .UNSPECIFIED.);
#479=B_SPLINE_CURVE_WITH_KNOTS('',3,(#3772,#3773,#3774,#3775,#3776),
 .UNSPECIFIED.,.F.,.F.,(4,1,4),(0.,0.0254061724292193,0.0586999745205816),
 .UNSPECIFIED.);
#480=B_SPLINE_CURVE_WITH_KNOTS('',3,(#3778,#3779,#3780,#3781,#3782),
 .UNSPECIFIED.,.F.,.F.,(4,1,4),(0.,0.0191870011276849,0.0372474366127529),
 .UNSPECIFIED.);
#481=B_SPLINE_CURVE_WITH_KNOTS('',3,(#3784,#3785,#3786,#3787,#3788),
 .UNSPECIFIED.,.F.,.F.,(4,1,4),(0.,0.0175242194739196,0.0348267586506542),
 .UNSPECIFIED.);
#482=B_SPLINE_CURVE_WITH_KNOTS('',3,(#3790,#3791,#3792,#3793,#3794),
 .UNSPECIFIED.,.F.,.F.,(4,1,4),(0.,0.0289709599536609,0.0582312154769645),
 .UNSPECIFIED.);
#483=B_SPLINE_CURVE_WITH_KNOTS('',3,(#3796,#3797,#3798,#3799,#3800),
 .UNSPECIFIED.,.F.,.F.,(4,1,4),(0.,0.0305377440471431,0.0634897570853592),
 .UNSPECIFIED.);
#484=B_SPLINE_CURVE_WITH_KNOTS('',3,(#3802,#3803,#3804,#3805,#3806),
 .UNSPECIFIED.,.F.,.F.,(4,1,4),(0.,0.0228433620132763,0.0452167334472166),
 .UNSPECIFIED.);
#485=B_SPLINE_CURVE_WITH_KNOTS('',3,(#3808,#3809,#3810,#3811,#3812),
 .UNSPECIFIED.,.F.,.F.,(4,1,4),(0.,0.0215264376451747,0.0420863478661218),
 .UNSPECIFIED.);
#486=B_SPLINE_CURVE_WITH_KNOTS('',3,(#3814,#3815,#3816,#3817,#3818),
 .UNSPECIFIED.,.F.,.F.,(4,1,4),(0.,0.0205727255600738,0.0420577417691571),
 .UNSPECIFIED.);
#487=B_SPLINE_CURVE_WITH_KNOTS('',3,(#3820,#3821,#3822,#3823,#3824),
 .UNSPECIFIED.,.F.,.F.,(4,1,4),(0.,0.0355386252502821,0.0704433991818013),
 .UNSPECIFIED.);
#488=B_SPLINE_CURVE_WITH_KNOTS('',3,(#3826,#3827,#3828,#3829,#3830),
 .UNSPECIFIED.,.F.,.F.,(4,1,4),(0.,0.0415476125950567,0.0975332713306553),
 .UNSPECIFIED.);
#489=B_SPLINE_CURVE_WITH_KNOTS('',3,(#3832,#3833,#3834,#3835,#3836),
 .UNSPECIFIED.,.F.,.F.,(4,1,4),(0.,0.0629421737333021,0.110221708206238),
 .UNSPECIFIED.);
#490=B_SPLINE_CURVE_WITH_KNOTS('',3,(#3837,#3838,#3839,#3840,#3841),
 .UNSPECIFIED.,.F.,.F.,(4,1,4),(0.,0.0348305676739156,0.0710589032670582),
 .UNSPECIFIED.);
#491=B_SPLINE_CURVE_WITH_KNOTS('',3,(#3852,#3853,#3854,#3855,#3856),
 .UNSPECIFIED.,.F.,.F.,(4,1,4),(0.,0.0329173347803065,0.0642043298499813),
 .UNSPECIFIED.);
#492=B_SPLINE_CURVE_WITH_KNOTS('',3,(#3858,#3859,#3860,#3861,#3862),
 .UNSPECIFIED.,.F.,.F.,(4,1,4),(0.,0.0450110461466577,0.10594955792589),
 .UNSPECIFIED.);
#493=B_SPLINE_CURVE_WITH_KNOTS('',3,(#3864,#3865,#3866,#3867,#3868),
 .UNSPECIFIED.,.F.,.F.,(4,1,4),(0.,0.0400760513552295,0.0721705373701478),
 .UNSPECIFIED.);
#494=B_SPLINE_CURVE_WITH_KNOTS('',3,(#3870,#3871,#3872,#3873,#3874),
 .UNSPECIFIED.,.F.,.F.,(4,1,4),(0.,0.0264887288252541,0.0502400414088313),
 .UNSPECIFIED.);
#495=B_SPLINE_CURVE_WITH_KNOTS('',3,(#3876,#3877,#3878,#3879,#3880),
 .UNSPECIFIED.,.F.,.F.,(4,1,4),(0.,0.0231012792630525,0.0483307306167026),
 .UNSPECIFIED.);
#496=B_SPLINE_CURVE_WITH_KNOTS('',3,(#3882,#3883,#3884,#3885,#3886),
 .UNSPECIFIED.,.F.,.F.,(4,1,4),(0.,0.0189947031549787,0.0364966173478098),
 .UNSPECIFIED.);
#497=B_SPLINE_CURVE_WITH_KNOTS('',3,(#3888,#3889,#3890,#3891,#3892),
 .UNSPECIFIED.,.F.,.F.,(4,1,4),(0.,0.0170238435864498,0.034551398555716),
 .UNSPECIFIED.);
#498=B_SPLINE_CURVE_WITH_KNOTS('',3,(#3894,#3895,#3896,#3897,#3898),
 .UNSPECIFIED.,.F.,.F.,(4,1,4),(0.,0.0190878941500721,0.0404160697114683),
 .UNSPECIFIED.);
#499=B_SPLINE_CURVE_WITH_KNOTS('',3,(#3900,#3901,#3902,#3903,#3904),
 .UNSPECIFIED.,.F.,.F.,(4,1,4),(0.,0.0260729172255166,0.059462903120839),
 .UNSPECIFIED.);
#500=B_SPLINE_CURVE_WITH_KNOTS('',3,(#3906,#3907,#3908,#3909,#3910),
 .UNSPECIFIED.,.F.,.F.,(4,1,4),(0.,0.0398194455742193,0.071817022700939),
 .UNSPECIFIED.);
#501=B_SPLINE_CURVE_WITH_KNOTS('',3,(#3912,#3913,#3914,#3915,#3916),
 .UNSPECIFIED.,.F.,.F.,(4,1,4),(0.,0.0264807031504682,0.0502657381393709),
 .UNSPECIFIED.);
#502=B_SPLINE_CURVE_WITH_KNOTS('',3,(#3917,#3918,#3919,#3920,#3921),
 .UNSPECIFIED.,.F.,.F.,(4,1,4),(0.,0.0231693089070433,0.0485283812298887),
 .UNSPECIFIED.);
#503=B_SPLINE_CURVE_WITH_KNOTS('',3,(#3941,#3942,#3943,#3944,#3945),
 .UNSPECIFIED.,.F.,.F.,(4,1,4),(0.,0.0195341317879252,0.0394826168818757),
 .UNSPECIFIED.);
#504=B_SPLINE_CURVE_WITH_KNOTS('',3,(#3949,#3950,#3951,#3952,#3953),
 .UNSPECIFIED.,.F.,.F.,(4,1,4),(0.,0.0195341317879252,0.0394826168818757),
 .UNSPECIFIED.);
#505=B_SPLINE_CURVE_WITH_KNOTS('',3,(#3966,#3967,#3968,#3969,#3970),
 .UNSPECIFIED.,.F.,.F.,(4,1,4),(0.,0.0222129817351842,0.0425729521573543),
 .UNSPECIFIED.);
#506=B_SPLINE_CURVE_WITH_KNOTS('',3,(#3973,#3974,#3975,#3976,#3977),
 .UNSPECIFIED.,.F.,.F.,(4,1,4),(0.,0.0222129817351842,0.0425729521573543),
 .UNSPECIFIED.);
#507=B_SPLINE_CURVE_WITH_KNOTS('',3,(#3989,#3990,#3991,#3992,#3993),
 .UNSPECIFIED.,.F.,.F.,(4,1,4),(0.,0.0514989389083258,0.084001502060691),
 .UNSPECIFIED.);
#508=B_SPLINE_CURVE_WITH_KNOTS('',3,(#3996,#3997,#3998,#3999,#4000),
 .UNSPECIFIED.,.F.,.F.,(4,1,4),(0.,0.0514989389083258,0.084001502060691),
 .UNSPECIFIED.);
#509=B_SPLINE_CURVE_WITH_KNOTS('',3,(#4012,#4013,#4014,#4015,#4016),
 .UNSPECIFIED.,.F.,.F.,(4,1,4),(0.,0.032542772664411,0.0838290599482932),
 .UNSPECIFIED.);
#510=B_SPLINE_CURVE_WITH_KNOTS('',3,(#4019,#4020,#4021,#4022,#4023),
 .UNSPECIFIED.,.F.,.F.,(4,1,4),(0.,0.032542772664411,0.0838290599482932),
 .UNSPECIFIED.);
#511=B_SPLINE_CURVE_WITH_KNOTS('',3,(#4035,#4036,#4037,#4038,#4039),
 .UNSPECIFIED.,.F.,.F.,(4,1,4),(0.,0.0201231716685933,0.042362187440359),
 .UNSPECIFIED.);
#512=B_SPLINE_CURVE_WITH_KNOTS('',3,(#4042,#4043,#4044,#4045,#4046),
 .UNSPECIFIED.,.F.,.F.,(4,1,4),(0.,0.0201231716685933,0.042362187440359),
 .UNSPECIFIED.);
#513=B_SPLINE_CURVE_WITH_KNOTS('',3,(#4058,#4059,#4060,#4061,#4062),
 .UNSPECIFIED.,.F.,.F.,(4,1,4),(0.,0.0221949259774484,0.0423126620254376),
 .UNSPECIFIED.);
#514=B_SPLINE_CURVE_WITH_KNOTS('',3,(#4065,#4066,#4067,#4068,#4069),
 .UNSPECIFIED.,.F.,.F.,(4,1,4),(0.,0.0221949259774484,0.0423126620254376),
 .UNSPECIFIED.);
#515=B_SPLINE_CURVE_WITH_KNOTS('',3,(#4081,#4082,#4083,#4084,#4085),
 .UNSPECIFIED.,.F.,.F.,(4,1,4),(0.,0.0513926104639182,0.0839152804772213),
 .UNSPECIFIED.);
#516=B_SPLINE_CURVE_WITH_KNOTS('',3,(#4088,#4089,#4090,#4091,#4092),
 .UNSPECIFIED.,.F.,.F.,(4,1,4),(0.,0.0513926104639182,0.0839152804772213),
 .UNSPECIFIED.);
#517=B_SPLINE_CURVE_WITH_KNOTS('',3,(#4103,#4104,#4105,#4106,#4107),
 .UNSPECIFIED.,.F.,.F.,(4,1,4),(0.,0.0346354939564573,0.0866711490292043),
 .UNSPECIFIED.);
#518=B_SPLINE_CURVE_WITH_KNOTS('',3,(#4108,#4109,#4110,#4111,#4112),
 .UNSPECIFIED.,.F.,.F.,(4,1,4),(0.,0.0346354939564573,0.0866711490292043),
 .UNSPECIFIED.);
#519=B_SPLINE_CURVE_WITH_KNOTS('',3,(#4126,#4127,#4128,#4129,#4130),
 .UNSPECIFIED.,.F.,.F.,(4,1,4),(0.,0.0329173347803065,0.0642043298499813),
 .UNSPECIFIED.);
#520=B_SPLINE_CURVE_WITH_KNOTS('',3,(#4144,#4145,#4146,#4147,#4148),
 .UNSPECIFIED.,.F.,.F.,(4,1,4),(0.,0.0231693089070433,0.0485283812298887),
 .UNSPECIFIED.);
#521=B_SPLINE_CURVE_WITH_KNOTS('',3,(#4161,#4162,#4163,#4164,#4165),
 .UNSPECIFIED.,.F.,.F.,(4,1,4),(0.,0.0264807031504682,0.0502657381393709),
 .UNSPECIFIED.);
#522=B_SPLINE_CURVE_WITH_KNOTS('',3,(#4178,#4179,#4180,#4181,#4182),
 .UNSPECIFIED.,.F.,.F.,(4,1,4),(0.,0.0398194455742193,0.071817022700939),
 .UNSPECIFIED.);
#523=B_SPLINE_CURVE_WITH_KNOTS('',3,(#4195,#4196,#4197,#4198,#4199),
 .UNSPECIFIED.,.F.,.F.,(4,1,4),(0.,0.0260729172255166,0.059462903120839),
 .UNSPECIFIED.);
#524=B_SPLINE_CURVE_WITH_KNOTS('',3,(#4212,#4213,#4214,#4215,#4216),
 .UNSPECIFIED.,.F.,.F.,(4,1,4),(0.,0.0190878941500721,0.0404160697114683),
 .UNSPECIFIED.);
#525=B_SPLINE_CURVE_WITH_KNOTS('',3,(#4229,#4230,#4231,#4232,#4233),
 .UNSPECIFIED.,.F.,.F.,(4,1,4),(0.,0.0170238435864498,0.034551398555716),
 .UNSPECIFIED.);
#526=B_SPLINE_CURVE_WITH_KNOTS('',3,(#4246,#4247,#4248,#4249,#4250),
 .UNSPECIFIED.,.F.,.F.,(4,1,4),(0.,0.0189947031549787,0.0364966173478098),
 .UNSPECIFIED.);
#527=B_SPLINE_CURVE_WITH_KNOTS('',3,(#4263,#4264,#4265,#4266,#4267),
 .UNSPECIFIED.,.F.,.F.,(4,1,4),(0.,0.0231012792630525,0.0483307306167026),
 .UNSPECIFIED.);
#528=B_SPLINE_CURVE_WITH_KNOTS('',3,(#4280,#4281,#4282,#4283,#4284),
 .UNSPECIFIED.,.F.,.F.,(4,1,4),(0.,0.0264887288252541,0.0502400414088313),
 .UNSPECIFIED.);
#529=B_SPLINE_CURVE_WITH_KNOTS('',3,(#4297,#4298,#4299,#4300,#4301),
 .UNSPECIFIED.,.F.,.F.,(4,1,4),(0.,0.0400760513552295,0.0721705373701478),
 .UNSPECIFIED.);
#530=B_SPLINE_CURVE_WITH_KNOTS('',3,(#4312,#4313,#4314,#4315,#4316),
 .UNSPECIFIED.,.F.,.F.,(4,1,4),(0.,0.0450110461466577,0.10594955792589),
 .UNSPECIFIED.);
#531=B_SPLINE_CURVE_WITH_KNOTS('',3,(#4347,#4348,#4349,#4350,#4351),
 .UNSPECIFIED.,.F.,.F.,(4,1,4),(0.,0.0195860366774826,0.0391709696141169),
 .UNSPECIFIED.);
#532=B_SPLINE_CURVE_WITH_KNOTS('',3,(#4355,#4356,#4357,#4358,#4359),
 .UNSPECIFIED.,.F.,.F.,(4,1,4),(0.,0.0195860366774826,0.0391709696141169),
 .UNSPECIFIED.);
#533=B_SPLINE_CURVE_WITH_KNOTS('',3,(#4372,#4373,#4374,#4375,#4376),
 .UNSPECIFIED.,.F.,.F.,(4,1,4),(0.,0.0192020441008928,0.038746183920729),
 .UNSPECIFIED.);
#534=B_SPLINE_CURVE_WITH_KNOTS('',3,(#4379,#4380,#4381,#4382,#4383),
 .UNSPECIFIED.,.F.,.F.,(4,1,4),(0.,0.0192020441008928,0.038746183920729),
 .UNSPECIFIED.);
#535=B_SPLINE_CURVE_WITH_KNOTS('',3,(#4395,#4396,#4397,#4398,#4399),
 .UNSPECIFIED.,.F.,.F.,(4,1,4),(0.,0.0234269726186376,0.0439111980958861),
 .UNSPECIFIED.);
#536=B_SPLINE_CURVE_WITH_KNOTS('',3,(#4402,#4403,#4404,#4405,#4406),
 .UNSPECIFIED.,.F.,.F.,(4,1,4),(0.,0.0234269726186376,0.0439111980958861),
 .UNSPECIFIED.);
#537=B_SPLINE_CURVE_WITH_KNOTS('',3,(#4418,#4419,#4420,#4421,#4422),
 .UNSPECIFIED.,.F.,.F.,(4,1,4),(0.,0.0212684109610677,0.0456505980227579),
 .UNSPECIFIED.);
#538=B_SPLINE_CURVE_WITH_KNOTS('',3,(#4425,#4426,#4427,#4428,#4429),
 .UNSPECIFIED.,.F.,.F.,(4,1,4),(0.,0.0212684109610677,0.0456505980227579),
 .UNSPECIFIED.);
#539=B_SPLINE_CURVE_WITH_KNOTS('',3,(#4441,#4442,#4443,#4444,#4445),
 .UNSPECIFIED.,.F.,.F.,(4,1,4),(0.,0.018497048287218,0.0378364412307989),
 .UNSPECIFIED.);
#540=B_SPLINE_CURVE_WITH_KNOTS('',3,(#4448,#4449,#4450,#4451,#4452),
 .UNSPECIFIED.,.F.,.F.,(4,1,4),(0.,0.018497048287218,0.0378364412307989),
 .UNSPECIFIED.);
#541=B_SPLINE_CURVE_WITH_KNOTS('',3,(#4464,#4465,#4466,#4467,#4468),
 .UNSPECIFIED.,.F.,.F.,(4,1,4),(0.,0.0136494160250755,0.0267901958534276),
 .UNSPECIFIED.);
#542=B_SPLINE_CURVE_WITH_KNOTS('',3,(#4471,#4472,#4473,#4474,#4475),
 .UNSPECIFIED.,.F.,.F.,(4,1,4),(0.,0.0136494160250755,0.0267901958534276),
 .UNSPECIFIED.);
#543=B_SPLINE_CURVE_WITH_KNOTS('',3,(#4487,#4488,#4489,#4490,#4491),
 .UNSPECIFIED.,.F.,.F.,(4,1,4),(0.,0.0151098050575091,0.0293455613528039),
 .UNSPECIFIED.);
#544=B_SPLINE_CURVE_WITH_KNOTS('',3,(#4494,#4495,#4496,#4497,#4498),
 .UNSPECIFIED.,.F.,.F.,(4,1,4),(0.,0.0151098050575091,0.0293455613528039),
 .UNSPECIFIED.);
#545=B_SPLINE_CURVE_WITH_KNOTS('',3,(#4510,#4511,#4512,#4513,#4514),
 .UNSPECIFIED.,.F.,.F.,(4,1,4),(0.,0.0156095163471565,0.0312823673280777),
 .UNSPECIFIED.);
#546=B_SPLINE_CURVE_WITH_KNOTS('',3,(#4517,#4518,#4519,#4520,#4521),
 .UNSPECIFIED.,.F.,.F.,(4,1,4),(0.,0.0156095163471565,0.0312823673280777),
 .UNSPECIFIED.);
#547=B_SPLINE_CURVE_WITH_KNOTS('',3,(#4532,#4533,#4534,#4535,#4536),
 .UNSPECIFIED.,.F.,.F.,(4,1,4),(0.,0.0203857660965441,0.0425757266567558),
 .UNSPECIFIED.);
#548=B_SPLINE_CURVE_WITH_KNOTS('',3,(#4537,#4538,#4539,#4540,#4541),
 .UNSPECIFIED.,.F.,.F.,(4,1,4),(0.,0.0203857660965441,0.0425757266567558),
 .UNSPECIFIED.);
#549=B_SPLINE_CURVE_WITH_KNOTS('',3,(#4555,#4556,#4557,#4558,#4559),
 .UNSPECIFIED.,.F.,.F.,(4,1,4),(0.,0.027154212015565,0.051984123761566),
 .UNSPECIFIED.);
#550=B_SPLINE_CURVE_WITH_KNOTS('',3,(#4573,#4574,#4575,#4576,#4577),
 .UNSPECIFIED.,.F.,.F.,(4,1,4),(0.,0.0348305676739156,0.0710589032670582),
 .UNSPECIFIED.);
#551=B_SPLINE_CURVE_WITH_KNOTS('',3,(#4590,#4591,#4592,#4593,#4594),
 .UNSPECIFIED.,.F.,.F.,(4,1,4),(0.,0.0629421737333021,0.110221708206238),
 .UNSPECIFIED.);
#552=B_SPLINE_CURVE_WITH_KNOTS('',3,(#4607,#4608,#4609,#4610,#4611),
 .UNSPECIFIED.,.F.,.F.,(4,1,4),(0.,0.0415476125950567,0.0975332713306553),
 .UNSPECIFIED.);
#553=B_SPLINE_CURVE_WITH_KNOTS('',3,(#4624,#4625,#4626,#4627,#4628),
 .UNSPECIFIED.,.F.,.F.,(4,1,4),(0.,0.0355386252502821,0.0704433991818013),
 .UNSPECIFIED.);
#554=B_SPLINE_CURVE_WITH_KNOTS('',3,(#4641,#4642,#4643,#4644,#4645),
 .UNSPECIFIED.,.F.,.F.,(4,1,4),(0.,0.0205727255600738,0.0420577417691571),
 .UNSPECIFIED.);
#555=B_SPLINE_CURVE_WITH_KNOTS('',3,(#4658,#4659,#4660,#4661,#4662),
 .UNSPECIFIED.,.F.,.F.,(4,1,4),(0.,0.0215264376451747,0.0420863478661218),
 .UNSPECIFIED.);
#556=B_SPLINE_CURVE_WITH_KNOTS('',3,(#4675,#4676,#4677,#4678,#4679),
 .UNSPECIFIED.,.F.,.F.,(4,1,4),(0.,0.0228433620132763,0.0452167334472166),
 .UNSPECIFIED.);
#557=B_SPLINE_CURVE_WITH_KNOTS('',3,(#4692,#4693,#4694,#4695,#4696),
 .UNSPECIFIED.,.F.,.F.,(4,1,4),(0.,0.0305377440471431,0.0634897570853592),
 .UNSPECIFIED.);
#558=B_SPLINE_CURVE_WITH_KNOTS('',3,(#4709,#4710,#4711,#4712,#4713),
 .UNSPECIFIED.,.F.,.F.,(4,1,4),(0.,0.0289709599536609,0.0582312154769645),
 .UNSPECIFIED.);
#559=B_SPLINE_CURVE_WITH_KNOTS('',3,(#4726,#4727,#4728,#4729,#4730),
 .UNSPECIFIED.,.F.,.F.,(4,1,4),(0.,0.0175242194739196,0.0348267586506542),
 .UNSPECIFIED.);
#560=B_SPLINE_CURVE_WITH_KNOTS('',3,(#4743,#4744,#4745,#4746,#4747),
 .UNSPECIFIED.,.F.,.F.,(4,1,4),(0.,0.0191870011276849,0.0372474366127529),
 .UNSPECIFIED.);
#561=B_SPLINE_CURVE_WITH_KNOTS('',3,(#4760,#4761,#4762,#4763,#4764),
 .UNSPECIFIED.,.F.,.F.,(4,1,4),(0.,0.0254061724292193,0.0586999745205816),
 .UNSPECIFIED.);
#562=B_SPLINE_CURVE_WITH_KNOTS('',3,(#4777,#4778,#4779,#4780,#4781),
 .UNSPECIFIED.,.F.,.F.,(4,1,4),(0.,0.0183589917633712,0.0387777204127243),
 .UNSPECIFIED.);
#563=B_SPLINE_CURVE_WITH_KNOTS('',3,(#4794,#4795,#4796,#4797,#4798),
 .UNSPECIFIED.,.F.,.F.,(4,1,4),(0.,0.0139216840059175,0.0273829863166612),
 .UNSPECIFIED.);
#564=B_SPLINE_CURVE_WITH_KNOTS('',3,(#4811,#4812,#4813,#4814,#4815),
 .UNSPECIFIED.,.F.,.F.,(4,1,4),(0.,0.0170338557459003,0.0341490483597788),
 .UNSPECIFIED.);
#565=B_SPLINE_CURVE_WITH_KNOTS('',3,(#4828,#4829,#4830,#4831,#4832),
 .UNSPECIFIED.,.F.,.F.,(4,1,4),(0.,0.0163686507744408,0.0289316880286056),
 .UNSPECIFIED.);
#566=B_SPLINE_CURVE_WITH_KNOTS('',3,(#4847,#4848,#4849,#4850,#4851),
 .UNSPECIFIED.,.F.,.F.,(4,1,4),(0.,0.0248007521334657,0.0518736324975385),
 .UNSPECIFIED.);
#567=B_SPLINE_CURVE_WITH_KNOTS('',3,(#4873,#4874,#4875,#4876,#4877),
 .UNSPECIFIED.,.F.,.F.,(4,1,4),(0.,0.0186862881321562,0.0429215376304215),
 .UNSPECIFIED.);
#568=B_SPLINE_CURVE_WITH_KNOTS('',3,(#4880,#4881,#4882,#4883,#4884),
 .UNSPECIFIED.,.F.,.F.,(4,1,4),(0.,0.0186862881321562,0.0429215376304215),
 .UNSPECIFIED.);
#569=B_SPLINE_CURVE_WITH_KNOTS('',3,(#4896,#4897,#4898,#4899,#4900),
 .UNSPECIFIED.,.F.,.F.,(4,1,4),(0.,0.016475392056537,0.032671848633584),
 .UNSPECIFIED.);
#570=B_SPLINE_CURVE_WITH_KNOTS('',3,(#4903,#4904,#4905,#4906,#4907),
 .UNSPECIFIED.,.F.,.F.,(4,1,4),(0.,0.016475392056537,0.032671848633584),
 .UNSPECIFIED.);
#571=B_SPLINE_CURVE_WITH_KNOTS('',3,(#4919,#4920,#4921,#4922,#4923),
 .UNSPECIFIED.,.F.,.F.,(4,1,4),(0.,0.0118643418102834,0.0236424181010903),
 .UNSPECIFIED.);
#572=B_SPLINE_CURVE_WITH_KNOTS('',3,(#4926,#4927,#4928,#4929,#4930),
 .UNSPECIFIED.,.F.,.F.,(4,1,4),(0.,0.0118643418102834,0.0236424181010903),
 .UNSPECIFIED.);
#573=B_SPLINE_CURVE_WITH_KNOTS('',3,(#4942,#4943,#4944,#4945,#4946),
 .UNSPECIFIED.,.F.,.F.,(4,1,4),(0.,0.0128002055052866,0.0248996439565042),
 .UNSPECIFIED.);
#574=B_SPLINE_CURVE_WITH_KNOTS('',3,(#4949,#4950,#4951,#4952,#4953),
 .UNSPECIFIED.,.F.,.F.,(4,1,4),(0.,0.0128002055052866,0.0248996439565042),
 .UNSPECIFIED.);
#575=B_SPLINE_CURVE_WITH_KNOTS('',3,(#4965,#4966,#4967,#4968,#4969),
 .UNSPECIFIED.,.F.,.F.,(4,1,4),(0.,0.0202420270299925,0.0359046705742904),
 .UNSPECIFIED.);
#576=B_SPLINE_CURVE_WITH_KNOTS('',3,(#4972,#4973,#4974,#4975,#4976),
 .UNSPECIFIED.,.F.,.F.,(4,1,4),(0.,0.0202420270299925,0.0359046705742904),
 .UNSPECIFIED.);
#577=B_SPLINE_CURVE_WITH_KNOTS('',3,(#5008,#5009,#5010,#5011,#5012),
 .UNSPECIFIED.,.F.,.F.,(4,1,4),(0.,0.00747197159111582,0.0184753411158626),
 .UNSPECIFIED.);
#578=B_SPLINE_CURVE_WITH_KNOTS('',3,(#5025,#5026,#5027,#5028,#5029),
 .UNSPECIFIED.,.F.,.F.,(4,1,4),(0.,0.00850795905641853,0.0165500465033175),
 .UNSPECIFIED.);
#579=B_SPLINE_CURVE_WITH_KNOTS('',3,(#5042,#5043,#5044,#5045,#5046),
 .UNSPECIFIED.,.F.,.F.,(4,1,4),(0.,0.0134895750309853,0.0237681386240772),
 .UNSPECIFIED.);
#580=B_SPLINE_CURVE_WITH_KNOTS('',3,(#5059,#5060,#5061,#5062,#5063),
 .UNSPECIFIED.,.F.,.F.,(4,1,4),(0.,0.0238613764579545,0.0419220860564873),
 .UNSPECIFIED.);
#581=B_SPLINE_CURVE_WITH_KNOTS('',3,(#5088,#5089,#5090,#5091,#5092),
 .UNSPECIFIED.,.F.,.F.,(4,1,4),(0.,0.0205684815915604,0.0432085846802537),
 .UNSPECIFIED.);
#582=B_SPLINE_CURVE_WITH_KNOTS('',3,(#5105,#5106,#5107,#5108,#5109),
 .UNSPECIFIED.,.F.,.F.,(4,1,4),(0.,0.0131438310579865,0.0235722850577389),
 .UNSPECIFIED.);
#583=B_SPLINE_CURVE_WITH_KNOTS('',3,(#5122,#5123,#5124,#5125,#5126),
 .UNSPECIFIED.,.F.,.F.,(4,1,4),(0.,0.0265113028212041,0.0588784780658848),
 .UNSPECIFIED.);
#584=B_SPLINE_CURVE_WITH_KNOTS('',3,(#5139,#5140,#5141,#5142,#5143),
 .UNSPECIFIED.,.F.,.F.,(4,1,4),(0.,0.024889289151294,0.0489812078037576),
 .UNSPECIFIED.);
#585=B_SPLINE_CURVE_WITH_KNOTS('',3,(#5156,#5157,#5158,#5159,#5160),
 .UNSPECIFIED.,.F.,.F.,(4,1,4),(0.,0.019570819535433,0.0394804881127189),
 .UNSPECIFIED.);
#586=B_SPLINE_CURVE_WITH_KNOTS('',3,(#5173,#5174,#5175,#5176,#5177),
 .UNSPECIFIED.,.F.,.F.,(4,1,4),(0.,0.0182094228919869,0.0371072108303311),
 .UNSPECIFIED.);
#587=B_SPLINE_CURVE_WITH_KNOTS('',3,(#5190,#5191,#5192,#5193,#5194),
 .UNSPECIFIED.,.F.,.F.,(4,1,4),(0.,0.0294649318138401,0.0514549040255309),
 .UNSPECIFIED.);
#588=B_SPLINE_CURVE_WITH_KNOTS('',3,(#5272,#5273,#5274,#5275,#5276,#5277,
#5278,#5279,#5280,#5281,#5282,#5283,#5284,#5285,#5286,#5287,#5288,#5289,
#5290,#5291,#5292,#5293,#5294,#5295,#5296,#5297),.UNSPECIFIED.,.F.,.F.,
(4,2,2,2,2,2,2,2,2,2,2,2,4),(-0.424124516351805,-0.402759238974702,-0.360481794058312,
-0.31073021638905,-0.261604930622448,-0.221061237788508,-0.189003532240108,
-0.154519343274499,-0.12127070397327,-0.0898910316834191,-0.0505850278082996,
-0.0244158066991559,-9.99999975215271E-7),.UNSPECIFIED.);
#589=B_SPLINE_CURVE_WITH_KNOTS('',3,(#5298,#5299,#5300,#5301,#5302,#5303,
#5304,#5305,#5306,#5307),.UNSPECIFIED.,.F.,.F.,(4,2,2,2,4),(0.,0.0497732839461057,
0.0849550857910508,0.11156084772771,0.139673406322495),.UNSPECIFIED.);
#590=B_SPLINE_CURVE_WITH_KNOTS('',3,(#5308,#5309,#5310,#5311,#5312,#5313,
#5314,#5315,#5316,#5317),.UNSPECIFIED.,.F.,.F.,(4,2,2,2,4),(-0.530662064705236,
-0.505948222111088,-0.47816673420254,-0.443780380691335,-0.424124516351805),
 .UNSPECIFIED.);
#591=B_SPLINE_CURVE_WITH_KNOTS('',3,(#5320,#5321,#5322,#5323,#5324,#5325,
#5326,#5327,#5328,#5329,#5330,#5331,#5332,#5333,#5334,#5335,#5336,#5337,
#5338,#5339,#5340,#5341,#5342,#5343,#5344,#5345,#5346,#5347,#5348,#5349,
#5350,#5351,#5352,#5353,#5354,#5355),.UNSPECIFIED.,.F.,.F.,(4,2,2,2,2,2,
2,2,2,2,2,2,2,2,2,2,2,4),(-3.35869012401983,-3.3366587684136,-3.28664184033518,
-3.23857403496027,-3.18862500862449,-3.14024203473935,-3.09160520509762,
-3.0416778231657,-2.99398578921914,-2.94480874387732,-2.89489378850135,
-2.84691762706155,-2.79707056608228,-2.74832725159966,-2.69977475297047,
-2.64929412185715,-2.60147690646542,-2.56774379861565),.UNSPECIFIED.);
#592=B_SPLINE_CURVE_WITH_KNOTS('',3,(#5356,#5357,#5358,#5359,#5360,#5361,
#5362,#5363,#5364,#5365,#5366,#5367,#5368,#5369,#5370,#5371,#5372,#5373,
#5374,#5375,#5376,#5377,#5378,#5379,#5380,#5381,#5382,#5383,#5384,#5385,
#5386,#5387,#5388,#5389,#5390,#5391),.UNSPECIFIED.,.F.,.F.,(4,2,2,2,2,2,
2,2,2,2,2,2,2,2,2,2,2,4),(-1.26543091048428,-1.23129591238527,-1.18347885137454,
-1.1330286058033,-1.08450420607222,-1.03573663211551,-0.985920283689726,
-0.93797302087892,-0.888075754027135,-0.838929864737612,-0.791247935292077,
-0.741337345931895,-0.692732086840932,-0.644336623474862,-0.594421511870654,
-0.546385623087015,-0.496332444715737,-0.474737508052241),.UNSPECIFIED.);
#593=B_SPLINE_CURVE_WITH_KNOTS('',3,(#5393,#5394,#5395,#5396,#5397,#5398,
#5399,#5400,#5401,#5402,#5403,#5404,#5405,#5406),.UNSPECIFIED.,.F.,.F.,
(4,2,2,2,2,2,4),(-0.402447392665737,-0.318938638106512,-0.237509288421802,
-0.149917466535971,-0.0867525307810237,-0.0445638969749179,0.),
 .UNSPECIFIED.);
#594=B_SPLINE_CURVE_WITH_KNOTS('',3,(#5407,#5408,#5409,#5410,#5411,#5412,
#5413,#5414,#5415,#5416,#5417,#5418,#5419,#5420),.UNSPECIFIED.,.F.,.F.,
(4,2,2,2,2,2,4),(-0.366122065721231,-0.283336674521711,-0.220261646053778,
-0.153491642711515,-0.0872316449190293,-0.0391167397922637,-3.51008111465489E-10),
 .UNSPECIFIED.);
#595=B_SPLINE_CURVE_WITH_KNOTS('',3,(#5424,#5425,#5426,#5427,#5428,#5429,
#5430,#5431,#5432,#5433,#5434,#5435,#5436,#5437,#5438,#5439,#5440,#5441,
#5442,#5443,#5444,#5445,#5446,#5447,#5448,#5449,#5450,#5451,#5452,#5453,
#5454,#5455,#5456,#5457,#5458,#5459),.UNSPECIFIED.,.F.,.F.,(4,2,2,2,2,2,
2,2,2,2,2,2,2,2,2,2,2,4),(0.181111111711638,0.210142901198637,0.269277945083044,
0.329832537897759,0.387649279644719,0.447443082004122,0.508201189860625,
0.566510385356687,0.627102297070294,0.685845634964413,0.744836391145295,
0.805416638339343,0.863297118356587,0.922948690259994,0.983512839851631,
1.04168549580764,1.10212381867591,1.14107172078376),.UNSPECIFIED.);
#596=B_SPLINE_CURVE_WITH_KNOTS('',3,(#5460,#5461,#5462,#5463,#5464,#5465,
#5466,#5467,#5468,#5469,#5470,#5471,#5472,#5473,#5474,#5475,#5476,#5477,
#5478,#5479,#5480,#5481,#5482,#5483,#5484,#5485,#5486,#5487,#5488,#5489,
#5490,#5491,#5492,#5493,#5494,#5495),.UNSPECIFIED.,.F.,.F.,(4,2,2,2,2,2,
2,2,2,2,2,2,2,2,2,2,2,4),(-5.35610149959657,-5.32388169022551,-5.26460507960134,
-5.20404044255222,-5.14620083776252,-5.08626667979438,-5.02594060821078,
-4.96751594216766,-4.90679563626297,-4.84828459811046,-4.78917995855882,
-4.72860963831367,-4.67077354964738,-4.61100952795719,-4.55007487272022,
-4.4917867885104,-4.43121955964199,-4.39620600228446),.UNSPECIFIED.);
#597=LINE('',#2866,#760);
#598=LINE('',#2913,#761);
#599=LINE('',#2989,#762);
#600=LINE('',#3069,#763);
#601=LINE('',#3145,#764);
#602=LINE('',#3221,#765);
#603=LINE('',#3244,#766);
#604=LINE('',#3283,#767);
#605=LINE('',#3363,#768);
#606=LINE('',#3439,#769);
#607=LINE('',#3515,#770);
#608=LINE('',#3579,#771);
#609=LINE('',#3586,#772);
#610=LINE('',#3589,#773);
#611=LINE('',#3592,#774);
#612=LINE('',#3594,#775);
#613=LINE('',#3595,#776);
#614=LINE('',#3598,#777);
#615=LINE('',#3600,#778);
#616=LINE('',#3602,#779);
#617=LINE('',#3606,#780);
#618=LINE('',#3618,#781);
#619=LINE('',#3620,#782);
#620=LINE('',#3629,#783);
#621=LINE('',#3632,#784);
#622=LINE('',#3638,#785);
#623=LINE('',#3642,#786);
#624=LINE('',#3644,#787);
#625=LINE('',#3645,#788);
#626=LINE('',#3647,#789);
#627=LINE('',#3652,#790);
#628=LINE('',#3654,#791);
#629=LINE('',#3656,#792);
#630=LINE('',#3658,#793);
#631=LINE('',#3702,#794);
#632=LINE('',#3704,#795);
#633=LINE('',#3706,#796);
#634=LINE('',#3731,#797);
#635=LINE('',#3746,#798);
#636=LINE('',#3844,#799);
#637=LINE('',#3846,#800);
#638=LINE('',#3848,#801);
#639=LINE('',#3849,#802);
#640=LINE('',#3923,#803);
#641=LINE('',#3926,#804);
#642=LINE('',#3947,#805);
#643=LINE('',#3954,#806);
#644=LINE('',#3972,#807);
#645=LINE('',#3995,#808);
#646=LINE('',#4018,#809);
#647=LINE('',#4041,#810);
#648=LINE('',#4064,#811);
#649=LINE('',#4087,#812);
#650=LINE('',#4124,#813);
#651=LINE('',#4131,#814);
#652=LINE('',#4143,#815);
#653=LINE('',#4160,#816);
#654=LINE('',#4177,#817);
#655=LINE('',#4194,#818);
#656=LINE('',#4211,#819);
#657=LINE('',#4228,#820);
#658=LINE('',#4245,#821);
#659=LINE('',#4262,#822);
#660=LINE('',#4279,#823);
#661=LINE('',#4296,#824);
#662=LINE('',#4320,#825);
#663=LINE('',#4322,#826);
#664=LINE('',#4323,#827);
#665=LINE('',#4326,#828);
#666=LINE('',#4327,#829);
#667=LINE('',#4330,#830);
#668=LINE('',#4331,#831);
#669=LINE('',#4333,#832);
#670=LINE('',#4353,#833);
#671=LINE('',#4360,#834);
#672=LINE('',#4378,#835);
#673=LINE('',#4401,#836);
#674=LINE('',#4424,#837);
#675=LINE('',#4447,#838);
#676=LINE('',#4470,#839);
#677=LINE('',#4493,#840);
#678=LINE('',#4516,#841);
#679=LINE('',#4553,#842);
#680=LINE('',#4560,#843);
#681=LINE('',#4572,#844);
#682=LINE('',#4589,#845);
#683=LINE('',#4606,#846);
#684=LINE('',#4623,#847);
#685=LINE('',#4640,#848);
#686=LINE('',#4657,#849);
#687=LINE('',#4674,#850);
#688=LINE('',#4691,#851);
#689=LINE('',#4708,#852);
#690=LINE('',#4725,#853);
#691=LINE('',#4742,#854);
#692=LINE('',#4759,#855);
#693=LINE('',#4776,#856);
#694=LINE('',#4793,#857);
#695=LINE('',#4810,#858);
#696=LINE('',#4827,#859);
#697=LINE('',#4835,#860);
#698=LINE('',#4836,#861);
#699=LINE('',#4856,#862);
#700=LINE('',#4858,#863);
#701=LINE('',#4860,#864);
#702=LINE('',#4861,#865);
#703=LINE('',#4879,#866);
#704=LINE('',#4902,#867);
#705=LINE('',#4925,#868);
#706=LINE('',#4948,#869);
#707=LINE('',#4971,#870);
#708=LINE('',#4979,#871);
#709=LINE('',#4981,#872);
#710=LINE('',#4982,#873);
#711=LINE('',#4984,#874);
#712=LINE('',#4985,#875);
#713=LINE('',#4988,#876);
#714=LINE('',#4990,#877);
#715=LINE('',#4991,#878);
#716=LINE('',#4994,#879);
#717=LINE('',#4995,#880);
#718=LINE('',#5007,#881);
#719=LINE('',#5024,#882);
#720=LINE('',#5041,#883);
#721=LINE('',#5058,#884);
#722=LINE('',#5066,#885);
#723=LINE('',#5067,#886);
#724=LINE('',#5070,#887);
#725=LINE('',#5071,#888);
#726=LINE('',#5074,#889);
#727=LINE('',#5075,#890);
#728=LINE('',#5087,#891);
#729=LINE('',#5104,#892);
#730=LINE('',#5121,#893);
#731=LINE('',#5138,#894);
#732=LINE('',#5155,#895);
#733=LINE('',#5172,#896);
#734=LINE('',#5189,#897);
#735=LINE('',#5197,#898);
#736=LINE('',#5198,#899);
#737=LINE('',#5201,#900);
#738=LINE('',#5202,#901);
#739=LINE('',#5204,#902);
#740=LINE('',#5210,#903);
#741=LINE('',#5212,#904);
#742=LINE('',#5214,#905);
#743=LINE('',#5216,#906);
#744=LINE('',#5219,#907);
#745=LINE('',#5223,#908);
#746=LINE('',#5227,#909);
#747=LINE('',#5230,#910);
#748=LINE('',#5234,#911);
#749=LINE('',#5237,#912);
#750=LINE('',#5244,#913);
#751=LINE('',#5250,#914);
#752=LINE('',#5253,#915);
#753=LINE('',#5257,#916);
#754=LINE('',#5261,#917);
#755=LINE('',#5263,#918);
#756=LINE('',#5265,#919);
#757=LINE('',#5269,#920);
#758=LINE('',#5318,#921);
#759=LINE('',#5422,#922);
#760=VECTOR('',#2501,1.52063293758702);
#761=VECTOR('',#2506,1.52063293758702);
#762=VECTOR('',#2509,1.52063293758702);
#763=VECTOR('',#2512,1.52063293758702);
#764=VECTOR('',#2515,1.52063293758702);
#765=VECTOR('',#2518,1.52063293758702);
#766=VECTOR('',#2523,1.25);
#767=VECTOR('',#2528,1.25);
#768=VECTOR('',#2531,1.25);
#769=VECTOR('',#2534,1.25);
#770=VECTOR('',#2537,1.25);
#771=VECTOR('',#2544,1.65);
#772=VECTOR('',#2551,10.);
#773=VECTOR('',#2554,10.);
#774=VECTOR('',#2557,10.);
#775=VECTOR('',#2558,10.);
#776=VECTOR('',#2559,10.);
#777=VECTOR('',#2562,1.);
#778=VECTOR('',#2563,1.00000000003073);
#779=VECTOR('',#2564,1.);
#780=VECTOR('',#2567,10.);
#781=VECTOR('',#2578,1.);
#782=VECTOR('',#2579,10.);
#783=VECTOR('',#2590,10.);
#784=VECTOR('',#2593,10.);
#785=VECTOR('',#2598,10.);
#786=VECTOR('',#2601,10.);
#787=VECTOR('',#2602,10.);
#788=VECTOR('',#2603,10.);
#789=VECTOR('',#2606,10.);
#790=VECTOR('',#2609,10.);
#791=VECTOR('',#2610,10.);
#792=VECTOR('',#2611,10.);
#793=VECTOR('',#2612,10.);
#794=VECTOR('',#2613,10.);
#795=VECTOR('',#2614,10.);
#796=VECTOR('',#2615,10.);
#797=VECTOR('',#2616,10.);
#798=VECTOR('',#2617,10.);
#799=VECTOR('',#2618,10.);
#800=VECTOR('',#2619,10.);
#801=VECTOR('',#2620,10.);
#802=VECTOR('',#2621,10.);
#803=VECTOR('',#2624,1.);
#804=VECTOR('',#2627,3.05);
#805=VECTOR('',#2632,10.);
#806=VECTOR('',#2633,10.);
#807=VECTOR('',#2634,10.);
#808=VECTOR('',#2635,10.);
#809=VECTOR('',#2636,10.);
#810=VECTOR('',#2637,10.);
#811=VECTOR('',#2638,10.);
#812=VECTOR('',#2639,10.);
#813=VECTOR('',#2640,10.);
#814=VECTOR('',#2641,10.);
#815=VECTOR('',#2642,10.);
#816=VECTOR('',#2643,10.);
#817=VECTOR('',#2644,10.);
#818=VECTOR('',#2645,10.);
#819=VECTOR('',#2646,10.);
#820=VECTOR('',#2647,10.);
#821=VECTOR('',#2648,10.);
#822=VECTOR('',#2649,10.);
#823=VECTOR('',#2650,10.);
#824=VECTOR('',#2651,10.);
#825=VECTOR('',#2656,10.);
#826=VECTOR('',#2657,10.);
#827=VECTOR('',#2658,10.);
#828=VECTOR('',#2661,10.);
#829=VECTOR('',#2662,10.);
#830=VECTOR('',#2665,10.);
#831=VECTOR('',#2666,10.);
#832=VECTOR('',#2669,10.);
#833=VECTOR('',#2672,10.);
#834=VECTOR('',#2673,10.);
#835=VECTOR('',#2674,10.);
#836=VECTOR('',#2675,10.);
#837=VECTOR('',#2676,10.);
#838=VECTOR('',#2677,10.);
#839=VECTOR('',#2678,10.);
#840=VECTOR('',#2679,10.);
#841=VECTOR('',#2680,10.);
#842=VECTOR('',#2681,10.);
#843=VECTOR('',#2682,10.);
#844=VECTOR('',#2683,10.);
#845=VECTOR('',#2684,10.);
#846=VECTOR('',#2685,10.);
#847=VECTOR('',#2686,10.);
#848=VECTOR('',#2687,10.);
#849=VECTOR('',#2688,10.);
#850=VECTOR('',#2689,10.);
#851=VECTOR('',#2690,10.);
#852=VECTOR('',#2691,10.);
#853=VECTOR('',#2692,10.);
#854=VECTOR('',#2693,10.);
#855=VECTOR('',#2694,10.);
#856=VECTOR('',#2695,10.);
#857=VECTOR('',#2696,10.);
#858=VECTOR('',#2697,10.);
#859=VECTOR('',#2698,10.);
#860=VECTOR('',#2701,10.);
#861=VECTOR('',#2702,10.);
#862=VECTOR('',#2707,10.);
#863=VECTOR('',#2708,10.);
#864=VECTOR('',#2709,10.);
#865=VECTOR('',#2710,10.);
#866=VECTOR('',#2711,10.);
#867=VECTOR('',#2712,10.);
#868=VECTOR('',#2713,10.);
#869=VECTOR('',#2714,10.);
#870=VECTOR('',#2715,10.);
#871=VECTOR('',#2718,10.);
#872=VECTOR('',#2719,10.);
#873=VECTOR('',#2720,10.);
#874=VECTOR('',#2723,10.);
#875=VECTOR('',#2724,10.);
#876=VECTOR('',#2727,10.);
#877=VECTOR('',#2728,10.);
#878=VECTOR('',#2729,10.);
#879=VECTOR('',#2732,10.);
#880=VECTOR('',#2733,10.);
#881=VECTOR('',#2734,10.);
#882=VECTOR('',#2735,10.);
#883=VECTOR('',#2736,10.);
#884=VECTOR('',#2737,10.);
#885=VECTOR('',#2740,10.);
#886=VECTOR('',#2741,10.);
#887=VECTOR('',#2744,10.);
#888=VECTOR('',#2745,10.);
#889=VECTOR('',#2748,10.);
#890=VECTOR('',#2749,10.);
#891=VECTOR('',#2750,10.);
#892=VECTOR('',#2751,10.);
#893=VECTOR('',#2752,10.);
#894=VECTOR('',#2753,10.);
#895=VECTOR('',#2754,10.);
#896=VECTOR('',#2755,10.);
#897=VECTOR('',#2756,10.);
#898=VECTOR('',#2759,10.);
#899=VECTOR('',#2760,10.);
#900=VECTOR('',#2763,10.);
#901=VECTOR('',#2764,10.);
#902=VECTOR('',#2767,10.);
#903=VECTOR('',#2778,1.);
#904=VECTOR('',#2781,1.);
#905=VECTOR('',#2784,1.);
#906=VECTOR('',#2787,10.);
#907=VECTOR('',#2790,10.);
#908=VECTOR('',#2793,10.);
#909=VECTOR('',#2796,10.);
#910=VECTOR('',#2799,10.);
#911=VECTOR('',#2804,10.);
#912=VECTOR('',#2807,1.7);
#913=VECTOR('',#2816,10.);
#914=VECTOR('',#2823,10.);
#915=VECTOR('',#2826,10.);
#916=VECTOR('',#2831,10.);
#917=VECTOR('',#2836,10.);
#918=VECTOR('',#2839,10.);
#919=VECTOR('',#2842,10.);
#920=VECTOR('',#2847,1.);
#921=VECTOR('',#2850,1.25);
#922=VECTOR('',#2857,1.);
#923=VERTEX_POINT('',#2864);
#924=VERTEX_POINT('',#2865);
#925=VERTEX_POINT('',#2867);
#926=VERTEX_POINT('',#2886);
#927=VERTEX_POINT('',#2911);
#928=VERTEX_POINT('',#2912);
#929=VERTEX_POINT('',#2987);
#930=VERTEX_POINT('',#2988);
#931=VERTEX_POINT('',#3067);
#932=VERTEX_POINT('',#3068);
#933=VERTEX_POINT('',#3143);
#934=VERTEX_POINT('',#3144);
#935=VERTEX_POINT('',#3219);
#936=VERTEX_POINT('',#3220);
#937=VERTEX_POINT('',#3222);
#938=VERTEX_POINT('',#3229);
#939=VERTEX_POINT('',#3242);
#940=VERTEX_POINT('',#3243);
#941=VERTEX_POINT('',#3245);
#942=VERTEX_POINT('',#3258);
#943=VERTEX_POINT('',#3281);
#944=VERTEX_POINT('',#3282);
#945=VERTEX_POINT('',#3361);
#946=VERTEX_POINT('',#3362);
#947=VERTEX_POINT('',#3437);
#948=VERTEX_POINT('',#3438);
#949=VERTEX_POINT('',#3513);
#950=VERTEX_POINT('',#3514);
#951=VERTEX_POINT('',#3516);
#952=VERTEX_POINT('',#3541);
#953=VERTEX_POINT('',#3576);
#954=VERTEX_POINT('',#3578);
#955=VERTEX_POINT('',#3582);
#956=VERTEX_POINT('',#3583);
#957=VERTEX_POINT('',#3585);
#958=VERTEX_POINT('',#3587);
#959=VERTEX_POINT('',#3591);
#960=VERTEX_POINT('',#3593);
#961=VERTEX_POINT('',#3597);
#962=VERTEX_POINT('',#3599);
#963=VERTEX_POINT('',#3601);
#964=VERTEX_POINT('',#3603);
#965=VERTEX_POINT('',#3605);
#966=VERTEX_POINT('',#3607);
#967=VERTEX_POINT('',#3609);
#968=VERTEX_POINT('',#3611);
#969=VERTEX_POINT('',#3613);
#970=VERTEX_POINT('',#3615);
#971=VERTEX_POINT('',#3617);
#972=VERTEX_POINT('',#3619);
#973=VERTEX_POINT('',#3622);
#974=VERTEX_POINT('',#3624);
#975=VERTEX_POINT('',#3627);
#976=VERTEX_POINT('',#3631);
#977=VERTEX_POINT('',#3633);
#978=VERTEX_POINT('',#3635);
#979=VERTEX_POINT('',#3637);
#980=VERTEX_POINT('',#3639);
#981=VERTEX_POINT('',#3641);
#982=VERTEX_POINT('',#3643);
#983=VERTEX_POINT('',#3648);
#984=VERTEX_POINT('',#3650);
#985=VERTEX_POINT('',#3651);
#986=VERTEX_POINT('',#3653);
#987=VERTEX_POINT('',#3655);
#988=VERTEX_POINT('',#3657);
#989=VERTEX_POINT('',#3659);
#990=VERTEX_POINT('',#3665);
#991=VERTEX_POINT('',#3671);
#992=VERTEX_POINT('',#3677);
#993=VERTEX_POINT('',#3683);
#994=VERTEX_POINT('',#3689);
#995=VERTEX_POINT('',#3695);
#996=VERTEX_POINT('',#3701);
#997=VERTEX_POINT('',#3703);
#998=VERTEX_POINT('',#3705);
#999=VERTEX_POINT('',#3707);
#1000=VERTEX_POINT('',#3713);
#1001=VERTEX_POINT('',#3719);
#1002=VERTEX_POINT('',#3725);
#1003=VERTEX_POINT('',#3732);
#1004=VERTEX_POINT('',#3733);
#1005=VERTEX_POINT('',#3739);
#1006=VERTEX_POINT('',#3745);
#1007=VERTEX_POINT('',#3747);
#1008=VERTEX_POINT('',#3753);
#1009=VERTEX_POINT('',#3759);
#1010=VERTEX_POINT('',#3765);
#1011=VERTEX_POINT('',#3771);
#1012=VERTEX_POINT('',#3777);
#1013=VERTEX_POINT('',#3783);
#1014=VERTEX_POINT('',#3789);
#1015=VERTEX_POINT('',#3795);
#1016=VERTEX_POINT('',#3801);
#1017=VERTEX_POINT('',#3807);
#1018=VERTEX_POINT('',#3813);
#1019=VERTEX_POINT('',#3819);
#1020=VERTEX_POINT('',#3825);
#1021=VERTEX_POINT('',#3831);
#1022=VERTEX_POINT('',#3842);
#1023=VERTEX_POINT('',#3843);
#1024=VERTEX_POINT('',#3845);
#1025=VERTEX_POINT('',#3847);
#1026=VERTEX_POINT('',#3850);
#1027=VERTEX_POINT('',#3851);
#1028=VERTEX_POINT('',#3857);
#1029=VERTEX_POINT('',#3863);
#1030=VERTEX_POINT('',#3869);
#1031=VERTEX_POINT('',#3875);
#1032=VERTEX_POINT('',#3881);
#1033=VERTEX_POINT('',#3887);
#1034=VERTEX_POINT('',#3893);
#1035=VERTEX_POINT('',#3899);
#1036=VERTEX_POINT('',#3905);
#1037=VERTEX_POINT('',#3911);
#1038=VERTEX_POINT('',#3925);
#1039=VERTEX_POINT('',#3939);
#1040=VERTEX_POINT('',#3940);
#1041=VERTEX_POINT('',#3946);
#1042=VERTEX_POINT('',#3948);
#1043=VERTEX_POINT('',#3965);
#1044=VERTEX_POINT('',#3971);
#1045=VERTEX_POINT('',#3988);
#1046=VERTEX_POINT('',#3994);
#1047=VERTEX_POINT('',#4011);
#1048=VERTEX_POINT('',#4017);
#1049=VERTEX_POINT('',#4034);
#1050=VERTEX_POINT('',#4040);
#1051=VERTEX_POINT('',#4057);
#1052=VERTEX_POINT('',#4063);
#1053=VERTEX_POINT('',#4080);
#1054=VERTEX_POINT('',#4086);
#1055=VERTEX_POINT('',#4123);
#1056=VERTEX_POINT('',#4125);
#1057=VERTEX_POINT('',#4142);
#1058=VERTEX_POINT('',#4159);
#1059=VERTEX_POINT('',#4176);
#1060=VERTEX_POINT('',#4193);
#1061=VERTEX_POINT('',#4210);
#1062=VERTEX_POINT('',#4227);
#1063=VERTEX_POINT('',#4244);
#1064=VERTEX_POINT('',#4261);
#1065=VERTEX_POINT('',#4278);
#1066=VERTEX_POINT('',#4295);
#1067=VERTEX_POINT('',#4319);
#1068=VERTEX_POINT('',#4321);
#1069=VERTEX_POINT('',#4325);
#1070=VERTEX_POINT('',#4329);
#1071=VERTEX_POINT('',#4345);
#1072=VERTEX_POINT('',#4346);
#1073=VERTEX_POINT('',#4352);
#1074=VERTEX_POINT('',#4354);
#1075=VERTEX_POINT('',#4371);
#1076=VERTEX_POINT('',#4377);
#1077=VERTEX_POINT('',#4394);
#1078=VERTEX_POINT('',#4400);
#1079=VERTEX_POINT('',#4417);
#1080=VERTEX_POINT('',#4423);
#1081=VERTEX_POINT('',#4440);
#1082=VERTEX_POINT('',#4446);
#1083=VERTEX_POINT('',#4463);
#1084=VERTEX_POINT('',#4469);
#1085=VERTEX_POINT('',#4486);
#1086=VERTEX_POINT('',#4492);
#1087=VERTEX_POINT('',#4509);
#1088=VERTEX_POINT('',#4515);
#1089=VERTEX_POINT('',#4552);
#1090=VERTEX_POINT('',#4554);
#1091=VERTEX_POINT('',#4571);
#1092=VERTEX_POINT('',#4588);
#1093=VERTEX_POINT('',#4605);
#1094=VERTEX_POINT('',#4622);
#1095=VERTEX_POINT('',#4639);
#1096=VERTEX_POINT('',#4656);
#1097=VERTEX_POINT('',#4673);
#1098=VERTEX_POINT('',#4690);
#1099=VERTEX_POINT('',#4707);
#1100=VERTEX_POINT('',#4724);
#1101=VERTEX_POINT('',#4741);
#1102=VERTEX_POINT('',#4758);
#1103=VERTEX_POINT('',#4775);
#1104=VERTEX_POINT('',#4792);
#1105=VERTEX_POINT('',#4809);
#1106=VERTEX_POINT('',#4826);
#1107=VERTEX_POINT('',#4834);
#1108=VERTEX_POINT('',#4854);
#1109=VERTEX_POINT('',#4855);
#1110=VERTEX_POINT('',#4857);
#1111=VERTEX_POINT('',#4859);
#1112=VERTEX_POINT('',#4872);
#1113=VERTEX_POINT('',#4878);
#1114=VERTEX_POINT('',#4895);
#1115=VERTEX_POINT('',#4901);
#1116=VERTEX_POINT('',#4918);
#1117=VERTEX_POINT('',#4924);
#1118=VERTEX_POINT('',#4941);
#1119=VERTEX_POINT('',#4947);
#1120=VERTEX_POINT('',#4964);
#1121=VERTEX_POINT('',#4970);
#1122=VERTEX_POINT('',#4978);
#1123=VERTEX_POINT('',#4980);
#1124=VERTEX_POINT('',#4987);
#1125=VERTEX_POINT('',#4989);
#1126=VERTEX_POINT('',#4993);
#1127=VERTEX_POINT('',#5006);
#1128=VERTEX_POINT('',#5023);
#1129=VERTEX_POINT('',#5040);
#1130=VERTEX_POINT('',#5057);
#1131=VERTEX_POINT('',#5065);
#1132=VERTEX_POINT('',#5069);
#1133=VERTEX_POINT('',#5073);
#1134=VERTEX_POINT('',#5086);
#1135=VERTEX_POINT('',#5103);
#1136=VERTEX_POINT('',#5120);
#1137=VERTEX_POINT('',#5137);
#1138=VERTEX_POINT('',#5154);
#1139=VERTEX_POINT('',#5171);
#1140=VERTEX_POINT('',#5188);
#1141=VERTEX_POINT('',#5196);
#1142=VERTEX_POINT('',#5200);
#1143=VERTEX_POINT('',#5218);
#1144=VERTEX_POINT('',#5220);
#1145=VERTEX_POINT('',#5222);
#1146=VERTEX_POINT('',#5224);
#1147=VERTEX_POINT('',#5226);
#1148=VERTEX_POINT('',#5228);
#1149=VERTEX_POINT('',#5232);
#1150=VERTEX_POINT('',#5236);
#1151=VERTEX_POINT('',#5240);
#1152=VERTEX_POINT('',#5242);
#1153=VERTEX_POINT('',#5246);
#1154=VERTEX_POINT('',#5248);
#1155=VERTEX_POINT('',#5251);
#1156=VERTEX_POINT('',#5255);
#1157=VERTEX_POINT('',#5259);
#1158=VERTEX_POINT('',#5267);
#1159=VERTEX_POINT('',#5271);
#1160=EDGE_CURVE('',#923,#924,#597,.T.);
#1161=EDGE_CURVE('',#924,#925,#440,.T.);
#1162=EDGE_CURVE('',#925,#926,#404,.T.);
#1163=EDGE_CURVE('',#923,#926,#441,.T.);
#1164=EDGE_CURVE('',#927,#928,#598,.T.);
#1165=EDGE_CURVE('',#928,#924,#442,.T.);
#1166=EDGE_CURVE('',#927,#923,#443,.T.);
#1167=EDGE_CURVE('',#929,#930,#599,.T.);
#1168=EDGE_CURVE('',#930,#928,#444,.T.);
#1169=EDGE_CURVE('',#929,#927,#445,.T.);
#1170=EDGE_CURVE('',#931,#932,#600,.T.);
#1171=EDGE_CURVE('',#932,#930,#446,.T.);
#1172=EDGE_CURVE('',#931,#929,#447,.T.);
#1173=EDGE_CURVE('',#933,#934,#601,.T.);
#1174=EDGE_CURVE('',#934,#932,#448,.T.);
#1175=EDGE_CURVE('',#933,#931,#449,.T.);
#1176=EDGE_CURVE('',#935,#936,#602,.T.);
#1177=EDGE_CURVE('',#937,#935,#450,.T.);
#1178=EDGE_CURVE('',#938,#937,#405,.T.);
#1179=EDGE_CURVE('',#938,#936,#451,.T.);
#1180=EDGE_CURVE('',#939,#940,#603,.T.);
#1181=EDGE_CURVE('',#941,#940,#452,.F.);
#1182=EDGE_CURVE('',#941,#942,#406,.T.);
#1183=EDGE_CURVE('',#942,#939,#453,.T.);
#1184=EDGE_CURVE('',#943,#944,#604,.T.);
#1185=EDGE_CURVE('',#940,#944,#454,.F.);
#1186=EDGE_CURVE('',#939,#943,#455,.T.);
#1187=EDGE_CURVE('',#945,#946,#605,.T.);
#1188=EDGE_CURVE('',#944,#946,#456,.F.);
#1189=EDGE_CURVE('',#943,#945,#457,.T.);
#1190=EDGE_CURVE('',#947,#948,#606,.T.);
#1191=EDGE_CURVE('',#946,#948,#458,.F.);
#1192=EDGE_CURVE('',#945,#947,#459,.T.);
#1193=EDGE_CURVE('',#949,#950,#607,.T.);
#1194=EDGE_CURVE('',#949,#951,#460,.T.);
#1195=EDGE_CURVE('',#951,#952,#407,.T.);
#1196=EDGE_CURVE('',#950,#952,#461,.F.);
#1197=EDGE_CURVE('',#953,#953,#408,.T.);
#1198=EDGE_CURVE('',#953,#954,#608,.T.);
#1199=EDGE_CURVE('',#954,#954,#409,.T.);
#1200=EDGE_CURVE('',#955,#956,#410,.T.);
#1201=EDGE_CURVE('',#956,#957,#609,.T.);
#1202=EDGE_CURVE('',#957,#958,#411,.T.);
#1203=EDGE_CURVE('',#958,#955,#610,.T.);
#1204=EDGE_CURVE('',#958,#959,#611,.F.);
#1205=EDGE_CURVE('',#960,#959,#612,.T.);
#1206=EDGE_CURVE('',#960,#955,#613,.F.);
#1207=EDGE_CURVE('',#961,#957,#614,.T.);
#1208=EDGE_CURVE('',#962,#961,#615,.T.);
#1209=EDGE_CURVE('',#963,#962,#616,.T.);
#1210=EDGE_CURVE('',#964,#963,#412,.T.);
#1211=EDGE_CURVE('',#964,#965,#617,.T.);
#1212=EDGE_CURVE('',#965,#966,#413,.T.);
#1213=EDGE_CURVE('',#966,#967,#414,.T.);
#1214=EDGE_CURVE('',#967,#968,#415,.T.);
#1215=EDGE_CURVE('',#968,#969,#416,.T.);
#1216=EDGE_CURVE('',#970,#969,#417,.T.);
#1217=EDGE_CURVE('',#971,#970,#618,.T.);
#1218=EDGE_CURVE('',#971,#972,#619,.T.);
#1219=EDGE_CURVE('',#959,#972,#418,.T.);
#1220=EDGE_CURVE('',#973,#973,#419,.T.);
#1221=EDGE_CURVE('',#974,#974,#420,.T.);
#1222=EDGE_CURVE('',#975,#960,#421,.T.);
#1223=EDGE_CURVE('',#972,#975,#620,.T.);
#1224=EDGE_CURVE('',#976,#975,#621,.T.);
#1225=EDGE_CURVE('',#977,#976,#422,.T.);
#1226=EDGE_CURVE('',#978,#977,#423,.T.);
#1227=EDGE_CURVE('',#979,#978,#622,.T.);
#1228=EDGE_CURVE('',#980,#979,#424,.T.);
#1229=EDGE_CURVE('',#981,#980,#623,.T.);
#1230=EDGE_CURVE('',#982,#981,#624,.T.);
#1231=EDGE_CURVE('',#956,#982,#625,.T.);
#1232=EDGE_CURVE('',#976,#971,#626,.T.);
#1233=EDGE_CURVE('',#983,#983,#425,.T.);
#1234=EDGE_CURVE('',#984,#985,#627,.T.);
#1235=EDGE_CURVE('',#985,#986,#628,.T.);
#1236=EDGE_CURVE('',#986,#987,#629,.T.);
#1237=EDGE_CURVE('',#987,#988,#630,.T.);
#1238=EDGE_CURVE('',#988,#989,#462,.T.);
#1239=EDGE_CURVE('',#989,#990,#463,.T.);
#1240=EDGE_CURVE('',#990,#991,#464,.T.);
#1241=EDGE_CURVE('',#991,#992,#465,.T.);
#1242=EDGE_CURVE('',#992,#993,#466,.T.);
#1243=EDGE_CURVE('',#993,#994,#467,.T.);
#1244=EDGE_CURVE('',#994,#995,#468,.T.);
#1245=EDGE_CURVE('',#995,#996,#631,.T.);
#1246=EDGE_CURVE('',#996,#997,#632,.T.);
#1247=EDGE_CURVE('',#997,#998,#633,.T.);
#1248=EDGE_CURVE('',#998,#999,#469,.T.);
#1249=EDGE_CURVE('',#999,#1000,#470,.T.);
#1250=EDGE_CURVE('',#1000,#1001,#471,.T.);
#1251=EDGE_CURVE('',#1001,#1002,#472,.T.);
#1252=EDGE_CURVE('',#1002,#984,#634,.T.);
#1253=EDGE_CURVE('',#1003,#1004,#473,.T.);
#1254=EDGE_CURVE('',#1004,#1005,#474,.T.);
#1255=EDGE_CURVE('',#1005,#1006,#635,.T.);
#1256=EDGE_CURVE('',#1006,#1007,#475,.T.);
#1257=EDGE_CURVE('',#1007,#1008,#476,.T.);
#1258=EDGE_CURVE('',#1008,#1009,#477,.T.);
#1259=EDGE_CURVE('',#1009,#1010,#478,.T.);
#1260=EDGE_CURVE('',#1010,#1011,#479,.T.);
#1261=EDGE_CURVE('',#1011,#1012,#480,.T.);
#1262=EDGE_CURVE('',#1012,#1013,#481,.T.);
#1263=EDGE_CURVE('',#1013,#1014,#482,.T.);
#1264=EDGE_CURVE('',#1014,#1015,#483,.T.);
#1265=EDGE_CURVE('',#1015,#1016,#484,.T.);
#1266=EDGE_CURVE('',#1016,#1017,#485,.T.);
#1267=EDGE_CURVE('',#1017,#1018,#486,.T.);
#1268=EDGE_CURVE('',#1018,#1019,#487,.T.);
#1269=EDGE_CURVE('',#1019,#1020,#488,.T.);
#1270=EDGE_CURVE('',#1020,#1021,#489,.T.);
#1271=EDGE_CURVE('',#1021,#1003,#490,.T.);
#1272=EDGE_CURVE('',#1022,#1023,#636,.T.);
#1273=EDGE_CURVE('',#1023,#1024,#637,.T.);
#1274=EDGE_CURVE('',#1024,#1025,#638,.T.);
#1275=EDGE_CURVE('',#1025,#1022,#639,.T.);
#1276=EDGE_CURVE('',#1026,#1027,#491,.T.);
#1277=EDGE_CURVE('',#1027,#1028,#492,.T.);
#1278=EDGE_CURVE('',#1028,#1029,#493,.T.);
#1279=EDGE_CURVE('',#1029,#1030,#494,.T.);
#1280=EDGE_CURVE('',#1030,#1031,#495,.T.);
#1281=EDGE_CURVE('',#1031,#1032,#496,.T.);
#1282=EDGE_CURVE('',#1032,#1033,#497,.T.);
#1283=EDGE_CURVE('',#1033,#1034,#498,.T.);
#1284=EDGE_CURVE('',#1034,#1035,#499,.T.);
#1285=EDGE_CURVE('',#1035,#1036,#500,.T.);
#1286=EDGE_CURVE('',#1036,#1037,#501,.T.);
#1287=EDGE_CURVE('',#1037,#1026,#502,.T.);
#1288=EDGE_CURVE('',#982,#961,#640,.T.);
#1289=EDGE_CURVE('',#983,#1038,#641,.T.);
#1290=EDGE_CURVE('',#1038,#1038,#426,.T.);
#1291=EDGE_CURVE('',#1039,#1040,#503,.T.);
#1292=EDGE_CURVE('',#1039,#1041,#642,.T.);
#1293=EDGE_CURVE('',#1041,#1042,#504,.T.);
#1294=EDGE_CURVE('',#1040,#1042,#643,.T.);
#1295=EDGE_CURVE('',#1043,#1039,#505,.T.);
#1296=EDGE_CURVE('',#1043,#1044,#644,.T.);
#1297=EDGE_CURVE('',#1044,#1041,#506,.T.);
#1298=EDGE_CURVE('',#1045,#1043,#507,.T.);
#1299=EDGE_CURVE('',#1045,#1046,#645,.T.);
#1300=EDGE_CURVE('',#1046,#1044,#508,.T.);
#1301=EDGE_CURVE('',#1047,#1045,#509,.T.);
#1302=EDGE_CURVE('',#1047,#1048,#646,.T.);
#1303=EDGE_CURVE('',#1048,#1046,#510,.T.);
#1304=EDGE_CURVE('',#1049,#1047,#511,.T.);
#1305=EDGE_CURVE('',#1049,#1050,#647,.T.);
#1306=EDGE_CURVE('',#1050,#1048,#512,.T.);
#1307=EDGE_CURVE('',#1051,#1049,#513,.T.);
#1308=EDGE_CURVE('',#1051,#1052,#648,.T.);
#1309=EDGE_CURVE('',#1052,#1050,#514,.T.);
#1310=EDGE_CURVE('',#1053,#1051,#515,.T.);
#1311=EDGE_CURVE('',#1053,#1054,#649,.T.);
#1312=EDGE_CURVE('',#1054,#1052,#516,.T.);
#1313=EDGE_CURVE('',#1040,#1053,#517,.T.);
#1314=EDGE_CURVE('',#1042,#1054,#518,.T.);
#1315=EDGE_CURVE('',#1026,#1055,#650,.T.);
#1316=EDGE_CURVE('',#1055,#1056,#519,.T.);
#1317=EDGE_CURVE('',#1027,#1056,#651,.T.);
#1318=EDGE_CURVE('',#1037,#1057,#652,.T.);
#1319=EDGE_CURVE('',#1057,#1055,#520,.T.);
#1320=EDGE_CURVE('',#1036,#1058,#653,.T.);
#1321=EDGE_CURVE('',#1058,#1057,#521,.T.);
#1322=EDGE_CURVE('',#1035,#1059,#654,.T.);
#1323=EDGE_CURVE('',#1059,#1058,#522,.T.);
#1324=EDGE_CURVE('',#1034,#1060,#655,.T.);
#1325=EDGE_CURVE('',#1060,#1059,#523,.T.);
#1326=EDGE_CURVE('',#1033,#1061,#656,.T.);
#1327=EDGE_CURVE('',#1061,#1060,#524,.T.);
#1328=EDGE_CURVE('',#1032,#1062,#657,.T.);
#1329=EDGE_CURVE('',#1062,#1061,#525,.T.);
#1330=EDGE_CURVE('',#1031,#1063,#658,.T.);
#1331=EDGE_CURVE('',#1063,#1062,#526,.T.);
#1332=EDGE_CURVE('',#1030,#1064,#659,.T.);
#1333=EDGE_CURVE('',#1064,#1063,#527,.T.);
#1334=EDGE_CURVE('',#1029,#1065,#660,.T.);
#1335=EDGE_CURVE('',#1065,#1064,#528,.T.);
#1336=EDGE_CURVE('',#1028,#1066,#661,.T.);
#1337=EDGE_CURVE('',#1066,#1065,#529,.T.);
#1338=EDGE_CURVE('',#1056,#1066,#530,.T.);
#1339=EDGE_CURVE('',#1022,#1067,#662,.T.);
#1340=EDGE_CURVE('',#1067,#1068,#663,.T.);
#1341=EDGE_CURVE('',#1023,#1068,#664,.T.);
#1342=EDGE_CURVE('',#1025,#1069,#665,.T.);
#1343=EDGE_CURVE('',#1069,#1067,#666,.T.);
#1344=EDGE_CURVE('',#1024,#1070,#667,.T.);
#1345=EDGE_CURVE('',#1070,#1069,#668,.T.);
#1346=EDGE_CURVE('',#1068,#1070,#669,.T.);
#1347=EDGE_CURVE('',#1071,#1072,#531,.T.);
#1348=EDGE_CURVE('',#1071,#1073,#670,.T.);
#1349=EDGE_CURVE('',#1073,#1074,#532,.T.);
#1350=EDGE_CURVE('',#1072,#1074,#671,.T.);
#1351=EDGE_CURVE('',#1075,#1071,#533,.T.);
#1352=EDGE_CURVE('',#1075,#1076,#672,.T.);
#1353=EDGE_CURVE('',#1076,#1073,#534,.T.);
#1354=EDGE_CURVE('',#1077,#1075,#535,.T.);
#1355=EDGE_CURVE('',#1077,#1078,#673,.T.);
#1356=EDGE_CURVE('',#1078,#1076,#536,.T.);
#1357=EDGE_CURVE('',#1079,#1077,#537,.T.);
#1358=EDGE_CURVE('',#1079,#1080,#674,.T.);
#1359=EDGE_CURVE('',#1080,#1078,#538,.T.);
#1360=EDGE_CURVE('',#1081,#1079,#539,.T.);
#1361=EDGE_CURVE('',#1081,#1082,#675,.T.);
#1362=EDGE_CURVE('',#1082,#1080,#540,.T.);
#1363=EDGE_CURVE('',#1083,#1081,#541,.T.);
#1364=EDGE_CURVE('',#1083,#1084,#676,.T.);
#1365=EDGE_CURVE('',#1084,#1082,#542,.T.);
#1366=EDGE_CURVE('',#1085,#1083,#543,.T.);
#1367=EDGE_CURVE('',#1085,#1086,#677,.T.);
#1368=EDGE_CURVE('',#1086,#1084,#544,.T.);
#1369=EDGE_CURVE('',#1087,#1085,#545,.T.);
#1370=EDGE_CURVE('',#1087,#1088,#678,.T.);
#1371=EDGE_CURVE('',#1088,#1086,#546,.T.);
#1372=EDGE_CURVE('',#1072,#1087,#547,.T.);
#1373=EDGE_CURVE('',#1074,#1088,#548,.T.);
#1374=EDGE_CURVE('',#1003,#1089,#679,.T.);
#1375=EDGE_CURVE('',#1089,#1090,#549,.T.);
#1376=EDGE_CURVE('',#1004,#1090,#680,.T.);
#1377=EDGE_CURVE('',#1021,#1091,#681,.T.);
#1378=EDGE_CURVE('',#1091,#1089,#550,.T.);
#1379=EDGE_CURVE('',#1020,#1092,#682,.T.);
#1380=EDGE_CURVE('',#1092,#1091,#551,.T.);
#1381=EDGE_CURVE('',#1019,#1093,#683,.T.);
#1382=EDGE_CURVE('',#1093,#1092,#552,.T.);
#1383=EDGE_CURVE('',#1018,#1094,#684,.T.);
#1384=EDGE_CURVE('',#1094,#1093,#553,.T.);
#1385=EDGE_CURVE('',#1017,#1095,#685,.T.);
#1386=EDGE_CURVE('',#1095,#1094,#554,.T.);
#1387=EDGE_CURVE('',#1016,#1096,#686,.T.);
#1388=EDGE_CURVE('',#1096,#1095,#555,.T.);
#1389=EDGE_CURVE('',#1015,#1097,#687,.T.);
#1390=EDGE_CURVE('',#1097,#1096,#556,.T.);
#1391=EDGE_CURVE('',#1014,#1098,#688,.T.);
#1392=EDGE_CURVE('',#1098,#1097,#557,.T.);
#1393=EDGE_CURVE('',#1013,#1099,#689,.T.);
#1394=EDGE_CURVE('',#1099,#1098,#558,.T.);
#1395=EDGE_CURVE('',#1012,#1100,#690,.T.);
#1396=EDGE_CURVE('',#1100,#1099,#559,.T.);
#1397=EDGE_CURVE('',#1011,#1101,#691,.T.);
#1398=EDGE_CURVE('',#1101,#1100,#560,.T.);
#1399=EDGE_CURVE('',#1010,#1102,#692,.T.);
#1400=EDGE_CURVE('',#1102,#1101,#561,.T.);
#1401=EDGE_CURVE('',#1009,#1103,#693,.T.);
#1402=EDGE_CURVE('',#1103,#1102,#562,.T.);
#1403=EDGE_CURVE('',#1008,#1104,#694,.T.);
#1404=EDGE_CURVE('',#1104,#1103,#563,.T.);
#1405=EDGE_CURVE('',#1007,#1105,#695,.T.);
#1406=EDGE_CURVE('',#1105,#1104,#564,.T.);
#1407=EDGE_CURVE('',#1006,#1106,#696,.T.);
#1408=EDGE_CURVE('',#1106,#1105,#565,.T.);
#1409=EDGE_CURVE('',#1005,#1107,#697,.T.);
#1410=EDGE_CURVE('',#1107,#1106,#698,.T.);
#1411=EDGE_CURVE('',#1090,#1107,#566,.T.);
#1412=EDGE_CURVE('',#1108,#1109,#699,.T.);
#1413=EDGE_CURVE('',#1108,#1110,#700,.T.);
#1414=EDGE_CURVE('',#1110,#1111,#701,.T.);
#1415=EDGE_CURVE('',#1109,#1111,#702,.T.);
#1416=EDGE_CURVE('',#1112,#1108,#567,.T.);
#1417=EDGE_CURVE('',#1112,#1113,#703,.T.);
#1418=EDGE_CURVE('',#1113,#1110,#568,.T.);
#1419=EDGE_CURVE('',#1114,#1112,#569,.T.);
#1420=EDGE_CURVE('',#1114,#1115,#704,.T.);
#1421=EDGE_CURVE('',#1115,#1113,#570,.T.);
#1422=EDGE_CURVE('',#1116,#1114,#571,.T.);
#1423=EDGE_CURVE('',#1116,#1117,#705,.T.);
#1424=EDGE_CURVE('',#1117,#1115,#572,.T.);
#1425=EDGE_CURVE('',#1118,#1116,#573,.T.);
#1426=EDGE_CURVE('',#1118,#1119,#706,.T.);
#1427=EDGE_CURVE('',#1119,#1117,#574,.T.);
#1428=EDGE_CURVE('',#1120,#1118,#575,.T.);
#1429=EDGE_CURVE('',#1120,#1121,#707,.T.);
#1430=EDGE_CURVE('',#1121,#1119,#576,.T.);
#1431=EDGE_CURVE('',#1122,#1120,#708,.T.);
#1432=EDGE_CURVE('',#1122,#1123,#709,.T.);
#1433=EDGE_CURVE('',#1123,#1121,#710,.T.);
#1434=EDGE_CURVE('',#1109,#1122,#711,.T.);
#1435=EDGE_CURVE('',#1111,#1123,#712,.T.);
#1436=EDGE_CURVE('',#984,#1124,#713,.T.);
#1437=EDGE_CURVE('',#1124,#1125,#714,.T.);
#1438=EDGE_CURVE('',#985,#1125,#715,.T.);
#1439=EDGE_CURVE('',#1002,#1126,#716,.T.);
#1440=EDGE_CURVE('',#1126,#1124,#717,.T.);
#1441=EDGE_CURVE('',#1001,#1127,#718,.T.);
#1442=EDGE_CURVE('',#1127,#1126,#577,.T.);
#1443=EDGE_CURVE('',#1000,#1128,#719,.T.);
#1444=EDGE_CURVE('',#1128,#1127,#578,.T.);
#1445=EDGE_CURVE('',#999,#1129,#720,.T.);
#1446=EDGE_CURVE('',#1129,#1128,#579,.T.);
#1447=EDGE_CURVE('',#998,#1130,#721,.T.);
#1448=EDGE_CURVE('',#1130,#1129,#580,.T.);
#1449=EDGE_CURVE('',#997,#1131,#722,.T.);
#1450=EDGE_CURVE('',#1131,#1130,#723,.T.);
#1451=EDGE_CURVE('',#996,#1132,#724,.T.);
#1452=EDGE_CURVE('',#1132,#1131,#725,.T.);
#1453=EDGE_CURVE('',#995,#1133,#726,.T.);
#1454=EDGE_CURVE('',#1133,#1132,#727,.T.);
#1455=EDGE_CURVE('',#994,#1134,#728,.T.);
#1456=EDGE_CURVE('',#1134,#1133,#581,.T.);
#1457=EDGE_CURVE('',#993,#1135,#729,.T.);
#1458=EDGE_CURVE('',#1135,#1134,#582,.T.);
#1459=EDGE_CURVE('',#992,#1136,#730,.T.);
#1460=EDGE_CURVE('',#1136,#1135,#583,.T.);
#1461=EDGE_CURVE('',#991,#1137,#731,.T.);
#1462=EDGE_CURVE('',#1137,#1136,#584,.T.);
#1463=EDGE_CURVE('',#990,#1138,#732,.T.);
#1464=EDGE_CURVE('',#1138,#1137,#585,.T.);
#1465=EDGE_CURVE('',#989,#1139,#733,.T.);
#1466=EDGE_CURVE('',#1139,#1138,#586,.T.);
#1467=EDGE_CURVE('',#988,#1140,#734,.T.);
#1468=EDGE_CURVE('',#1140,#1139,#587,.T.);
#1469=EDGE_CURVE('',#987,#1141,#735,.T.);
#1470=EDGE_CURVE('',#1141,#1140,#736,.T.);
#1471=EDGE_CURVE('',#986,#1142,#737,.T.);
#1472=EDGE_CURVE('',#1142,#1141,#738,.T.);
#1473=EDGE_CURVE('',#1125,#1142,#739,.T.);
#1474=EDGE_CURVE('',#981,#962,#740,.T.);
#1475=EDGE_CURVE('',#980,#963,#741,.T.);
#1476=EDGE_CURVE('',#979,#964,#742,.T.);
#1477=EDGE_CURVE('',#978,#965,#743,.T.);
#1478=EDGE_CURVE('',#1143,#977,#744,.T.);
#1479=EDGE_CURVE('',#1144,#1143,#427,.T.);
#1480=EDGE_CURVE('',#1144,#1145,#745,.T.);
#1481=EDGE_CURVE('',#1146,#1145,#428,.T.);
#1482=EDGE_CURVE('',#1147,#1146,#746,.T.);
#1483=EDGE_CURVE('',#1148,#1147,#429,.T.);
#1484=EDGE_CURVE('',#1148,#966,#747,.T.);
#1485=EDGE_CURVE('',#1149,#1148,#430,.T.);
#1486=EDGE_CURVE('',#1149,#967,#748,.T.);
#1487=EDGE_CURVE('',#973,#1150,#749,.T.);
#1488=EDGE_CURVE('',#1150,#1150,#431,.T.);
#1489=EDGE_CURVE('',#1145,#1151,#432,.T.);
#1490=EDGE_CURVE('',#1152,#1144,#433,.T.);
#1491=EDGE_CURVE('',#1152,#1151,#750,.T.);
#1492=EDGE_CURVE('',#1151,#1153,#434,.T.);
#1493=EDGE_CURVE('',#1154,#1152,#435,.T.);
#1494=EDGE_CURVE('',#1154,#968,#751,.T.);
#1495=EDGE_CURVE('',#1155,#1149,#436,.T.);
#1496=EDGE_CURVE('',#1153,#1155,#752,.T.);
#1497=EDGE_CURVE('',#1143,#1156,#437,.T.);
#1498=EDGE_CURVE('',#1156,#976,#753,.T.);
#1499=EDGE_CURVE('',#1157,#1154,#438,.T.);
#1500=EDGE_CURVE('',#969,#1157,#754,.T.);
#1501=EDGE_CURVE('',#1153,#1146,#755,.T.);
#1502=EDGE_CURVE('',#1147,#1155,#756,.T.);
#1503=EDGE_CURVE('',#1158,#1157,#439,.T.);
#1504=EDGE_CURVE('',#1158,#970,#757,.T.);
#1505=EDGE_CURVE('',#952,#1159,#588,.F.);
#1506=EDGE_CURVE('',#926,#951,#589,.T.);
#1507=EDGE_CURVE('',#1159,#925,#590,.F.);
#1508=EDGE_CURVE('',#1159,#974,#758,.T.);
#1509=EDGE_CURVE('',#948,#950,#591,.F.);
#1510=EDGE_CURVE('',#947,#949,#592,.T.);
#1511=EDGE_CURVE('',#941,#938,#593,.T.);
#1512=EDGE_CURVE('',#937,#942,#594,.T.);
#1513=EDGE_CURVE('',#1156,#1158,#759,.T.);
#1514=EDGE_CURVE('',#936,#934,#595,.T.);
#1515=EDGE_CURVE('',#935,#933,#596,.T.);
#1516=ORIENTED_EDGE('',*,*,#1160,.T.);
#1517=ORIENTED_EDGE('',*,*,#1161,.T.);
#1518=ORIENTED_EDGE('',*,*,#1162,.T.);
#1519=ORIENTED_EDGE('',*,*,#1163,.F.);
#1520=ORIENTED_EDGE('',*,*,#1164,.T.);
#1521=ORIENTED_EDGE('',*,*,#1165,.T.);
#1522=ORIENTED_EDGE('',*,*,#1160,.F.);
#1523=ORIENTED_EDGE('',*,*,#1166,.F.);
#1524=ORIENTED_EDGE('',*,*,#1167,.T.);
#1525=ORIENTED_EDGE('',*,*,#1168,.T.);
#1526=ORIENTED_EDGE('',*,*,#1164,.F.);
#1527=ORIENTED_EDGE('',*,*,#1169,.F.);
#1528=ORIENTED_EDGE('',*,*,#1170,.T.);
#1529=ORIENTED_EDGE('',*,*,#1171,.T.);
#1530=ORIENTED_EDGE('',*,*,#1167,.F.);
#1531=ORIENTED_EDGE('',*,*,#1172,.F.);
#1532=ORIENTED_EDGE('',*,*,#1173,.T.);
#1533=ORIENTED_EDGE('',*,*,#1174,.T.);
#1534=ORIENTED_EDGE('',*,*,#1170,.F.);
#1535=ORIENTED_EDGE('',*,*,#1175,.F.);
#1536=ORIENTED_EDGE('',*,*,#1176,.F.);
#1537=ORIENTED_EDGE('',*,*,#1177,.F.);
#1538=ORIENTED_EDGE('',*,*,#1178,.F.);
#1539=ORIENTED_EDGE('',*,*,#1179,.T.);
#1540=ORIENTED_EDGE('',*,*,#1180,.T.);
#1541=ORIENTED_EDGE('',*,*,#1181,.F.);
#1542=ORIENTED_EDGE('',*,*,#1182,.T.);
#1543=ORIENTED_EDGE('',*,*,#1183,.T.);
#1544=ORIENTED_EDGE('',*,*,#1184,.T.);
#1545=ORIENTED_EDGE('',*,*,#1185,.F.);
#1546=ORIENTED_EDGE('',*,*,#1180,.F.);
#1547=ORIENTED_EDGE('',*,*,#1186,.T.);
#1548=ORIENTED_EDGE('',*,*,#1187,.T.);
#1549=ORIENTED_EDGE('',*,*,#1188,.F.);
#1550=ORIENTED_EDGE('',*,*,#1184,.F.);
#1551=ORIENTED_EDGE('',*,*,#1189,.T.);
#1552=ORIENTED_EDGE('',*,*,#1190,.T.);
#1553=ORIENTED_EDGE('',*,*,#1191,.F.);
#1554=ORIENTED_EDGE('',*,*,#1187,.F.);
#1555=ORIENTED_EDGE('',*,*,#1192,.T.);
#1556=ORIENTED_EDGE('',*,*,#1193,.F.);
#1557=ORIENTED_EDGE('',*,*,#1194,.T.);
#1558=ORIENTED_EDGE('',*,*,#1195,.T.);
#1559=ORIENTED_EDGE('',*,*,#1196,.F.);
#1560=ORIENTED_EDGE('',*,*,#1197,.F.);
#1561=ORIENTED_EDGE('',*,*,#1198,.T.);
#1562=ORIENTED_EDGE('',*,*,#1199,.F.);
#1563=ORIENTED_EDGE('',*,*,#1198,.F.);
#1564=ORIENTED_EDGE('',*,*,#1200,.T.);
#1565=ORIENTED_EDGE('',*,*,#1201,.T.);
#1566=ORIENTED_EDGE('',*,*,#1202,.T.);
#1567=ORIENTED_EDGE('',*,*,#1203,.T.);
#1568=ORIENTED_EDGE('',*,*,#1203,.F.);
#1569=ORIENTED_EDGE('',*,*,#1204,.T.);
#1570=ORIENTED_EDGE('',*,*,#1205,.F.);
#1571=ORIENTED_EDGE('',*,*,#1206,.T.);
#1572=ORIENTED_EDGE('',*,*,#1202,.F.);
#1573=ORIENTED_EDGE('',*,*,#1207,.F.);
#1574=ORIENTED_EDGE('',*,*,#1208,.F.);
#1575=ORIENTED_EDGE('',*,*,#1209,.F.);
#1576=ORIENTED_EDGE('',*,*,#1210,.F.);
#1577=ORIENTED_EDGE('',*,*,#1211,.T.);
#1578=ORIENTED_EDGE('',*,*,#1212,.T.);
#1579=ORIENTED_EDGE('',*,*,#1213,.T.);
#1580=ORIENTED_EDGE('',*,*,#1214,.T.);
#1581=ORIENTED_EDGE('',*,*,#1215,.T.);
#1582=ORIENTED_EDGE('',*,*,#1216,.F.);
#1583=ORIENTED_EDGE('',*,*,#1217,.F.);
#1584=ORIENTED_EDGE('',*,*,#1218,.T.);
#1585=ORIENTED_EDGE('',*,*,#1219,.F.);
#1586=ORIENTED_EDGE('',*,*,#1204,.F.);
#1587=ORIENTED_EDGE('',*,*,#1220,.T.);
#1588=ORIENTED_EDGE('',*,*,#1221,.T.);
#1589=ORIENTED_EDGE('',*,*,#1222,.T.);
#1590=ORIENTED_EDGE('',*,*,#1205,.T.);
#1591=ORIENTED_EDGE('',*,*,#1219,.T.);
#1592=ORIENTED_EDGE('',*,*,#1223,.T.);
#1593=ORIENTED_EDGE('',*,*,#1200,.F.);
#1594=ORIENTED_EDGE('',*,*,#1206,.F.);
#1595=ORIENTED_EDGE('',*,*,#1222,.F.);
#1596=ORIENTED_EDGE('',*,*,#1224,.F.);
#1597=ORIENTED_EDGE('',*,*,#1225,.F.);
#1598=ORIENTED_EDGE('',*,*,#1226,.F.);
#1599=ORIENTED_EDGE('',*,*,#1227,.F.);
#1600=ORIENTED_EDGE('',*,*,#1228,.F.);
#1601=ORIENTED_EDGE('',*,*,#1229,.F.);
#1602=ORIENTED_EDGE('',*,*,#1230,.F.);
#1603=ORIENTED_EDGE('',*,*,#1231,.F.);
#1604=ORIENTED_EDGE('',*,*,#1223,.F.);
#1605=ORIENTED_EDGE('',*,*,#1218,.F.);
#1606=ORIENTED_EDGE('',*,*,#1232,.F.);
#1607=ORIENTED_EDGE('',*,*,#1224,.T.);
#1608=ORIENTED_EDGE('',*,*,#1233,.T.);
#1609=ORIENTED_EDGE('',*,*,#1234,.T.);
#1610=ORIENTED_EDGE('',*,*,#1235,.T.);
#1611=ORIENTED_EDGE('',*,*,#1236,.T.);
#1612=ORIENTED_EDGE('',*,*,#1237,.T.);
#1613=ORIENTED_EDGE('',*,*,#1238,.T.);
#1614=ORIENTED_EDGE('',*,*,#1239,.T.);
#1615=ORIENTED_EDGE('',*,*,#1240,.T.);
#1616=ORIENTED_EDGE('',*,*,#1241,.T.);
#1617=ORIENTED_EDGE('',*,*,#1242,.T.);
#1618=ORIENTED_EDGE('',*,*,#1243,.T.);
#1619=ORIENTED_EDGE('',*,*,#1244,.T.);
#1620=ORIENTED_EDGE('',*,*,#1245,.T.);
#1621=ORIENTED_EDGE('',*,*,#1246,.T.);
#1622=ORIENTED_EDGE('',*,*,#1247,.T.);
#1623=ORIENTED_EDGE('',*,*,#1248,.T.);
#1624=ORIENTED_EDGE('',*,*,#1249,.T.);
#1625=ORIENTED_EDGE('',*,*,#1250,.T.);
#1626=ORIENTED_EDGE('',*,*,#1251,.T.);
#1627=ORIENTED_EDGE('',*,*,#1252,.T.);
#1628=ORIENTED_EDGE('',*,*,#1253,.T.);
#1629=ORIENTED_EDGE('',*,*,#1254,.T.);
#1630=ORIENTED_EDGE('',*,*,#1255,.T.);
#1631=ORIENTED_EDGE('',*,*,#1256,.T.);
#1632=ORIENTED_EDGE('',*,*,#1257,.T.);
#1633=ORIENTED_EDGE('',*,*,#1258,.T.);
#1634=ORIENTED_EDGE('',*,*,#1259,.T.);
#1635=ORIENTED_EDGE('',*,*,#1260,.T.);
#1636=ORIENTED_EDGE('',*,*,#1261,.T.);
#1637=ORIENTED_EDGE('',*,*,#1262,.T.);
#1638=ORIENTED_EDGE('',*,*,#1263,.T.);
#1639=ORIENTED_EDGE('',*,*,#1264,.T.);
#1640=ORIENTED_EDGE('',*,*,#1265,.T.);
#1641=ORIENTED_EDGE('',*,*,#1266,.T.);
#1642=ORIENTED_EDGE('',*,*,#1267,.T.);
#1643=ORIENTED_EDGE('',*,*,#1268,.T.);
#1644=ORIENTED_EDGE('',*,*,#1269,.T.);
#1645=ORIENTED_EDGE('',*,*,#1270,.T.);
#1646=ORIENTED_EDGE('',*,*,#1271,.T.);
#1647=ORIENTED_EDGE('',*,*,#1272,.T.);
#1648=ORIENTED_EDGE('',*,*,#1273,.T.);
#1649=ORIENTED_EDGE('',*,*,#1274,.T.);
#1650=ORIENTED_EDGE('',*,*,#1275,.T.);
#1651=ORIENTED_EDGE('',*,*,#1276,.T.);
#1652=ORIENTED_EDGE('',*,*,#1277,.T.);
#1653=ORIENTED_EDGE('',*,*,#1278,.T.);
#1654=ORIENTED_EDGE('',*,*,#1279,.T.);
#1655=ORIENTED_EDGE('',*,*,#1280,.T.);
#1656=ORIENTED_EDGE('',*,*,#1281,.T.);
#1657=ORIENTED_EDGE('',*,*,#1282,.T.);
#1658=ORIENTED_EDGE('',*,*,#1283,.T.);
#1659=ORIENTED_EDGE('',*,*,#1284,.T.);
#1660=ORIENTED_EDGE('',*,*,#1285,.T.);
#1661=ORIENTED_EDGE('',*,*,#1286,.T.);
#1662=ORIENTED_EDGE('',*,*,#1287,.T.);
#1663=ORIENTED_EDGE('',*,*,#1201,.F.);
#1664=ORIENTED_EDGE('',*,*,#1231,.T.);
#1665=ORIENTED_EDGE('',*,*,#1288,.T.);
#1666=ORIENTED_EDGE('',*,*,#1207,.T.);
#1667=ORIENTED_EDGE('',*,*,#1233,.F.);
#1668=ORIENTED_EDGE('',*,*,#1289,.T.);
#1669=ORIENTED_EDGE('',*,*,#1290,.T.);
#1670=ORIENTED_EDGE('',*,*,#1289,.F.);
#1671=ORIENTED_EDGE('',*,*,#1290,.F.);
#1672=ORIENTED_EDGE('',*,*,#1291,.F.);
#1673=ORIENTED_EDGE('',*,*,#1292,.T.);
#1674=ORIENTED_EDGE('',*,*,#1293,.T.);
#1675=ORIENTED_EDGE('',*,*,#1294,.F.);
#1676=ORIENTED_EDGE('',*,*,#1295,.F.);
#1677=ORIENTED_EDGE('',*,*,#1296,.T.);
#1678=ORIENTED_EDGE('',*,*,#1297,.T.);
#1679=ORIENTED_EDGE('',*,*,#1292,.F.);
#1680=ORIENTED_EDGE('',*,*,#1298,.F.);
#1681=ORIENTED_EDGE('',*,*,#1299,.T.);
#1682=ORIENTED_EDGE('',*,*,#1300,.T.);
#1683=ORIENTED_EDGE('',*,*,#1296,.F.);
#1684=ORIENTED_EDGE('',*,*,#1301,.F.);
#1685=ORIENTED_EDGE('',*,*,#1302,.T.);
#1686=ORIENTED_EDGE('',*,*,#1303,.T.);
#1687=ORIENTED_EDGE('',*,*,#1299,.F.);
#1688=ORIENTED_EDGE('',*,*,#1304,.F.);
#1689=ORIENTED_EDGE('',*,*,#1305,.T.);
#1690=ORIENTED_EDGE('',*,*,#1306,.T.);
#1691=ORIENTED_EDGE('',*,*,#1302,.F.);
#1692=ORIENTED_EDGE('',*,*,#1307,.F.);
#1693=ORIENTED_EDGE('',*,*,#1308,.T.);
#1694=ORIENTED_EDGE('',*,*,#1309,.T.);
#1695=ORIENTED_EDGE('',*,*,#1305,.F.);
#1696=ORIENTED_EDGE('',*,*,#1310,.F.);
#1697=ORIENTED_EDGE('',*,*,#1311,.T.);
#1698=ORIENTED_EDGE('',*,*,#1312,.T.);
#1699=ORIENTED_EDGE('',*,*,#1308,.F.);
#1700=ORIENTED_EDGE('',*,*,#1313,.F.);
#1701=ORIENTED_EDGE('',*,*,#1294,.T.);
#1702=ORIENTED_EDGE('',*,*,#1314,.T.);
#1703=ORIENTED_EDGE('',*,*,#1311,.F.);
#1704=ORIENTED_EDGE('',*,*,#1276,.F.);
#1705=ORIENTED_EDGE('',*,*,#1315,.T.);
#1706=ORIENTED_EDGE('',*,*,#1316,.T.);
#1707=ORIENTED_EDGE('',*,*,#1317,.F.);
#1708=ORIENTED_EDGE('',*,*,#1287,.F.);
#1709=ORIENTED_EDGE('',*,*,#1318,.T.);
#1710=ORIENTED_EDGE('',*,*,#1319,.T.);
#1711=ORIENTED_EDGE('',*,*,#1315,.F.);
#1712=ORIENTED_EDGE('',*,*,#1286,.F.);
#1713=ORIENTED_EDGE('',*,*,#1320,.T.);
#1714=ORIENTED_EDGE('',*,*,#1321,.T.);
#1715=ORIENTED_EDGE('',*,*,#1318,.F.);
#1716=ORIENTED_EDGE('',*,*,#1285,.F.);
#1717=ORIENTED_EDGE('',*,*,#1322,.T.);
#1718=ORIENTED_EDGE('',*,*,#1323,.T.);
#1719=ORIENTED_EDGE('',*,*,#1320,.F.);
#1720=ORIENTED_EDGE('',*,*,#1284,.F.);
#1721=ORIENTED_EDGE('',*,*,#1324,.T.);
#1722=ORIENTED_EDGE('',*,*,#1325,.T.);
#1723=ORIENTED_EDGE('',*,*,#1322,.F.);
#1724=ORIENTED_EDGE('',*,*,#1283,.F.);
#1725=ORIENTED_EDGE('',*,*,#1326,.T.);
#1726=ORIENTED_EDGE('',*,*,#1327,.T.);
#1727=ORIENTED_EDGE('',*,*,#1324,.F.);
#1728=ORIENTED_EDGE('',*,*,#1282,.F.);
#1729=ORIENTED_EDGE('',*,*,#1328,.T.);
#1730=ORIENTED_EDGE('',*,*,#1329,.T.);
#1731=ORIENTED_EDGE('',*,*,#1326,.F.);
#1732=ORIENTED_EDGE('',*,*,#1281,.F.);
#1733=ORIENTED_EDGE('',*,*,#1330,.T.);
#1734=ORIENTED_EDGE('',*,*,#1331,.T.);
#1735=ORIENTED_EDGE('',*,*,#1328,.F.);
#1736=ORIENTED_EDGE('',*,*,#1280,.F.);
#1737=ORIENTED_EDGE('',*,*,#1332,.T.);
#1738=ORIENTED_EDGE('',*,*,#1333,.T.);
#1739=ORIENTED_EDGE('',*,*,#1330,.F.);
#1740=ORIENTED_EDGE('',*,*,#1279,.F.);
#1741=ORIENTED_EDGE('',*,*,#1334,.T.);
#1742=ORIENTED_EDGE('',*,*,#1335,.T.);
#1743=ORIENTED_EDGE('',*,*,#1332,.F.);
#1744=ORIENTED_EDGE('',*,*,#1278,.F.);
#1745=ORIENTED_EDGE('',*,*,#1336,.T.);
#1746=ORIENTED_EDGE('',*,*,#1337,.T.);
#1747=ORIENTED_EDGE('',*,*,#1334,.F.);
#1748=ORIENTED_EDGE('',*,*,#1277,.F.);
#1749=ORIENTED_EDGE('',*,*,#1317,.T.);
#1750=ORIENTED_EDGE('',*,*,#1338,.T.);
#1751=ORIENTED_EDGE('',*,*,#1336,.F.);
#1752=ORIENTED_EDGE('',*,*,#1338,.F.);
#1753=ORIENTED_EDGE('',*,*,#1316,.F.);
#1754=ORIENTED_EDGE('',*,*,#1319,.F.);
#1755=ORIENTED_EDGE('',*,*,#1321,.F.);
#1756=ORIENTED_EDGE('',*,*,#1323,.F.);
#1757=ORIENTED_EDGE('',*,*,#1325,.F.);
#1758=ORIENTED_EDGE('',*,*,#1327,.F.);
#1759=ORIENTED_EDGE('',*,*,#1329,.F.);
#1760=ORIENTED_EDGE('',*,*,#1331,.F.);
#1761=ORIENTED_EDGE('',*,*,#1333,.F.);
#1762=ORIENTED_EDGE('',*,*,#1335,.F.);
#1763=ORIENTED_EDGE('',*,*,#1337,.F.);
#1764=ORIENTED_EDGE('',*,*,#1314,.F.);
#1765=ORIENTED_EDGE('',*,*,#1293,.F.);
#1766=ORIENTED_EDGE('',*,*,#1297,.F.);
#1767=ORIENTED_EDGE('',*,*,#1300,.F.);
#1768=ORIENTED_EDGE('',*,*,#1303,.F.);
#1769=ORIENTED_EDGE('',*,*,#1306,.F.);
#1770=ORIENTED_EDGE('',*,*,#1309,.F.);
#1771=ORIENTED_EDGE('',*,*,#1312,.F.);
#1772=ORIENTED_EDGE('',*,*,#1272,.F.);
#1773=ORIENTED_EDGE('',*,*,#1339,.T.);
#1774=ORIENTED_EDGE('',*,*,#1340,.T.);
#1775=ORIENTED_EDGE('',*,*,#1341,.F.);
#1776=ORIENTED_EDGE('',*,*,#1275,.F.);
#1777=ORIENTED_EDGE('',*,*,#1342,.T.);
#1778=ORIENTED_EDGE('',*,*,#1343,.T.);
#1779=ORIENTED_EDGE('',*,*,#1339,.F.);
#1780=ORIENTED_EDGE('',*,*,#1274,.F.);
#1781=ORIENTED_EDGE('',*,*,#1344,.T.);
#1782=ORIENTED_EDGE('',*,*,#1345,.T.);
#1783=ORIENTED_EDGE('',*,*,#1342,.F.);
#1784=ORIENTED_EDGE('',*,*,#1273,.F.);
#1785=ORIENTED_EDGE('',*,*,#1341,.T.);
#1786=ORIENTED_EDGE('',*,*,#1346,.T.);
#1787=ORIENTED_EDGE('',*,*,#1344,.F.);
#1788=ORIENTED_EDGE('',*,*,#1346,.F.);
#1789=ORIENTED_EDGE('',*,*,#1340,.F.);
#1790=ORIENTED_EDGE('',*,*,#1343,.F.);
#1791=ORIENTED_EDGE('',*,*,#1345,.F.);
#1792=ORIENTED_EDGE('',*,*,#1347,.F.);
#1793=ORIENTED_EDGE('',*,*,#1348,.T.);
#1794=ORIENTED_EDGE('',*,*,#1349,.T.);
#1795=ORIENTED_EDGE('',*,*,#1350,.F.);
#1796=ORIENTED_EDGE('',*,*,#1351,.F.);
#1797=ORIENTED_EDGE('',*,*,#1352,.T.);
#1798=ORIENTED_EDGE('',*,*,#1353,.T.);
#1799=ORIENTED_EDGE('',*,*,#1348,.F.);
#1800=ORIENTED_EDGE('',*,*,#1354,.F.);
#1801=ORIENTED_EDGE('',*,*,#1355,.T.);
#1802=ORIENTED_EDGE('',*,*,#1356,.T.);
#1803=ORIENTED_EDGE('',*,*,#1352,.F.);
#1804=ORIENTED_EDGE('',*,*,#1357,.F.);
#1805=ORIENTED_EDGE('',*,*,#1358,.T.);
#1806=ORIENTED_EDGE('',*,*,#1359,.T.);
#1807=ORIENTED_EDGE('',*,*,#1355,.F.);
#1808=ORIENTED_EDGE('',*,*,#1360,.F.);
#1809=ORIENTED_EDGE('',*,*,#1361,.T.);
#1810=ORIENTED_EDGE('',*,*,#1362,.T.);
#1811=ORIENTED_EDGE('',*,*,#1358,.F.);
#1812=ORIENTED_EDGE('',*,*,#1363,.F.);
#1813=ORIENTED_EDGE('',*,*,#1364,.T.);
#1814=ORIENTED_EDGE('',*,*,#1365,.T.);
#1815=ORIENTED_EDGE('',*,*,#1361,.F.);
#1816=ORIENTED_EDGE('',*,*,#1366,.F.);
#1817=ORIENTED_EDGE('',*,*,#1367,.T.);
#1818=ORIENTED_EDGE('',*,*,#1368,.T.);
#1819=ORIENTED_EDGE('',*,*,#1364,.F.);
#1820=ORIENTED_EDGE('',*,*,#1369,.F.);
#1821=ORIENTED_EDGE('',*,*,#1370,.T.);
#1822=ORIENTED_EDGE('',*,*,#1371,.T.);
#1823=ORIENTED_EDGE('',*,*,#1367,.F.);
#1824=ORIENTED_EDGE('',*,*,#1372,.F.);
#1825=ORIENTED_EDGE('',*,*,#1350,.T.);
#1826=ORIENTED_EDGE('',*,*,#1373,.T.);
#1827=ORIENTED_EDGE('',*,*,#1370,.F.);
#1828=ORIENTED_EDGE('',*,*,#1253,.F.);
#1829=ORIENTED_EDGE('',*,*,#1374,.T.);
#1830=ORIENTED_EDGE('',*,*,#1375,.T.);
#1831=ORIENTED_EDGE('',*,*,#1376,.F.);
#1832=ORIENTED_EDGE('',*,*,#1271,.F.);
#1833=ORIENTED_EDGE('',*,*,#1377,.T.);
#1834=ORIENTED_EDGE('',*,*,#1378,.T.);
#1835=ORIENTED_EDGE('',*,*,#1374,.F.);
#1836=ORIENTED_EDGE('',*,*,#1270,.F.);
#1837=ORIENTED_EDGE('',*,*,#1379,.T.);
#1838=ORIENTED_EDGE('',*,*,#1380,.T.);
#1839=ORIENTED_EDGE('',*,*,#1377,.F.);
#1840=ORIENTED_EDGE('',*,*,#1269,.F.);
#1841=ORIENTED_EDGE('',*,*,#1381,.T.);
#1842=ORIENTED_EDGE('',*,*,#1382,.T.);
#1843=ORIENTED_EDGE('',*,*,#1379,.F.);
#1844=ORIENTED_EDGE('',*,*,#1268,.F.);
#1845=ORIENTED_EDGE('',*,*,#1383,.T.);
#1846=ORIENTED_EDGE('',*,*,#1384,.T.);
#1847=ORIENTED_EDGE('',*,*,#1381,.F.);
#1848=ORIENTED_EDGE('',*,*,#1267,.F.);
#1849=ORIENTED_EDGE('',*,*,#1385,.T.);
#1850=ORIENTED_EDGE('',*,*,#1386,.T.);
#1851=ORIENTED_EDGE('',*,*,#1383,.F.);
#1852=ORIENTED_EDGE('',*,*,#1266,.F.);
#1853=ORIENTED_EDGE('',*,*,#1387,.T.);
#1854=ORIENTED_EDGE('',*,*,#1388,.T.);
#1855=ORIENTED_EDGE('',*,*,#1385,.F.);
#1856=ORIENTED_EDGE('',*,*,#1265,.F.);
#1857=ORIENTED_EDGE('',*,*,#1389,.T.);
#1858=ORIENTED_EDGE('',*,*,#1390,.T.);
#1859=ORIENTED_EDGE('',*,*,#1387,.F.);
#1860=ORIENTED_EDGE('',*,*,#1264,.F.);
#1861=ORIENTED_EDGE('',*,*,#1391,.T.);
#1862=ORIENTED_EDGE('',*,*,#1392,.T.);
#1863=ORIENTED_EDGE('',*,*,#1389,.F.);
#1864=ORIENTED_EDGE('',*,*,#1263,.F.);
#1865=ORIENTED_EDGE('',*,*,#1393,.T.);
#1866=ORIENTED_EDGE('',*,*,#1394,.T.);
#1867=ORIENTED_EDGE('',*,*,#1391,.F.);
#1868=ORIENTED_EDGE('',*,*,#1262,.F.);
#1869=ORIENTED_EDGE('',*,*,#1395,.T.);
#1870=ORIENTED_EDGE('',*,*,#1396,.T.);
#1871=ORIENTED_EDGE('',*,*,#1393,.F.);
#1872=ORIENTED_EDGE('',*,*,#1261,.F.);
#1873=ORIENTED_EDGE('',*,*,#1397,.T.);
#1874=ORIENTED_EDGE('',*,*,#1398,.T.);
#1875=ORIENTED_EDGE('',*,*,#1395,.F.);
#1876=ORIENTED_EDGE('',*,*,#1260,.F.);
#1877=ORIENTED_EDGE('',*,*,#1399,.T.);
#1878=ORIENTED_EDGE('',*,*,#1400,.T.);
#1879=ORIENTED_EDGE('',*,*,#1397,.F.);
#1880=ORIENTED_EDGE('',*,*,#1259,.F.);
#1881=ORIENTED_EDGE('',*,*,#1401,.T.);
#1882=ORIENTED_EDGE('',*,*,#1402,.T.);
#1883=ORIENTED_EDGE('',*,*,#1399,.F.);
#1884=ORIENTED_EDGE('',*,*,#1258,.F.);
#1885=ORIENTED_EDGE('',*,*,#1403,.T.);
#1886=ORIENTED_EDGE('',*,*,#1404,.T.);
#1887=ORIENTED_EDGE('',*,*,#1401,.F.);
#1888=ORIENTED_EDGE('',*,*,#1257,.F.);
#1889=ORIENTED_EDGE('',*,*,#1405,.T.);
#1890=ORIENTED_EDGE('',*,*,#1406,.T.);
#1891=ORIENTED_EDGE('',*,*,#1403,.F.);
#1892=ORIENTED_EDGE('',*,*,#1256,.F.);
#1893=ORIENTED_EDGE('',*,*,#1407,.T.);
#1894=ORIENTED_EDGE('',*,*,#1408,.T.);
#1895=ORIENTED_EDGE('',*,*,#1405,.F.);
#1896=ORIENTED_EDGE('',*,*,#1255,.F.);
#1897=ORIENTED_EDGE('',*,*,#1409,.T.);
#1898=ORIENTED_EDGE('',*,*,#1410,.T.);
#1899=ORIENTED_EDGE('',*,*,#1407,.F.);
#1900=ORIENTED_EDGE('',*,*,#1254,.F.);
#1901=ORIENTED_EDGE('',*,*,#1376,.T.);
#1902=ORIENTED_EDGE('',*,*,#1411,.T.);
#1903=ORIENTED_EDGE('',*,*,#1409,.F.);
#1904=ORIENTED_EDGE('',*,*,#1411,.F.);
#1905=ORIENTED_EDGE('',*,*,#1375,.F.);
#1906=ORIENTED_EDGE('',*,*,#1378,.F.);
#1907=ORIENTED_EDGE('',*,*,#1380,.F.);
#1908=ORIENTED_EDGE('',*,*,#1382,.F.);
#1909=ORIENTED_EDGE('',*,*,#1384,.F.);
#1910=ORIENTED_EDGE('',*,*,#1386,.F.);
#1911=ORIENTED_EDGE('',*,*,#1388,.F.);
#1912=ORIENTED_EDGE('',*,*,#1390,.F.);
#1913=ORIENTED_EDGE('',*,*,#1392,.F.);
#1914=ORIENTED_EDGE('',*,*,#1394,.F.);
#1915=ORIENTED_EDGE('',*,*,#1396,.F.);
#1916=ORIENTED_EDGE('',*,*,#1398,.F.);
#1917=ORIENTED_EDGE('',*,*,#1400,.F.);
#1918=ORIENTED_EDGE('',*,*,#1402,.F.);
#1919=ORIENTED_EDGE('',*,*,#1404,.F.);
#1920=ORIENTED_EDGE('',*,*,#1406,.F.);
#1921=ORIENTED_EDGE('',*,*,#1408,.F.);
#1922=ORIENTED_EDGE('',*,*,#1410,.F.);
#1923=ORIENTED_EDGE('',*,*,#1373,.F.);
#1924=ORIENTED_EDGE('',*,*,#1349,.F.);
#1925=ORIENTED_EDGE('',*,*,#1353,.F.);
#1926=ORIENTED_EDGE('',*,*,#1356,.F.);
#1927=ORIENTED_EDGE('',*,*,#1359,.F.);
#1928=ORIENTED_EDGE('',*,*,#1362,.F.);
#1929=ORIENTED_EDGE('',*,*,#1365,.F.);
#1930=ORIENTED_EDGE('',*,*,#1368,.F.);
#1931=ORIENTED_EDGE('',*,*,#1371,.F.);
#1932=ORIENTED_EDGE('',*,*,#1412,.F.);
#1933=ORIENTED_EDGE('',*,*,#1413,.T.);
#1934=ORIENTED_EDGE('',*,*,#1414,.T.);
#1935=ORIENTED_EDGE('',*,*,#1415,.F.);
#1936=ORIENTED_EDGE('',*,*,#1416,.F.);
#1937=ORIENTED_EDGE('',*,*,#1417,.T.);
#1938=ORIENTED_EDGE('',*,*,#1418,.T.);
#1939=ORIENTED_EDGE('',*,*,#1413,.F.);
#1940=ORIENTED_EDGE('',*,*,#1419,.F.);
#1941=ORIENTED_EDGE('',*,*,#1420,.T.);
#1942=ORIENTED_EDGE('',*,*,#1421,.T.);
#1943=ORIENTED_EDGE('',*,*,#1417,.F.);
#1944=ORIENTED_EDGE('',*,*,#1422,.F.);
#1945=ORIENTED_EDGE('',*,*,#1423,.T.);
#1946=ORIENTED_EDGE('',*,*,#1424,.T.);
#1947=ORIENTED_EDGE('',*,*,#1420,.F.);
#1948=ORIENTED_EDGE('',*,*,#1425,.F.);
#1949=ORIENTED_EDGE('',*,*,#1426,.T.);
#1950=ORIENTED_EDGE('',*,*,#1427,.T.);
#1951=ORIENTED_EDGE('',*,*,#1423,.F.);
#1952=ORIENTED_EDGE('',*,*,#1428,.F.);
#1953=ORIENTED_EDGE('',*,*,#1429,.T.);
#1954=ORIENTED_EDGE('',*,*,#1430,.T.);
#1955=ORIENTED_EDGE('',*,*,#1426,.F.);
#1956=ORIENTED_EDGE('',*,*,#1431,.F.);
#1957=ORIENTED_EDGE('',*,*,#1432,.T.);
#1958=ORIENTED_EDGE('',*,*,#1433,.T.);
#1959=ORIENTED_EDGE('',*,*,#1429,.F.);
#1960=ORIENTED_EDGE('',*,*,#1434,.F.);
#1961=ORIENTED_EDGE('',*,*,#1415,.T.);
#1962=ORIENTED_EDGE('',*,*,#1435,.T.);
#1963=ORIENTED_EDGE('',*,*,#1432,.F.);
#1964=ORIENTED_EDGE('',*,*,#1234,.F.);
#1965=ORIENTED_EDGE('',*,*,#1436,.T.);
#1966=ORIENTED_EDGE('',*,*,#1437,.T.);
#1967=ORIENTED_EDGE('',*,*,#1438,.F.);
#1968=ORIENTED_EDGE('',*,*,#1252,.F.);
#1969=ORIENTED_EDGE('',*,*,#1439,.T.);
#1970=ORIENTED_EDGE('',*,*,#1440,.T.);
#1971=ORIENTED_EDGE('',*,*,#1436,.F.);
#1972=ORIENTED_EDGE('',*,*,#1251,.F.);
#1973=ORIENTED_EDGE('',*,*,#1441,.T.);
#1974=ORIENTED_EDGE('',*,*,#1442,.T.);
#1975=ORIENTED_EDGE('',*,*,#1439,.F.);
#1976=ORIENTED_EDGE('',*,*,#1250,.F.);
#1977=ORIENTED_EDGE('',*,*,#1443,.T.);
#1978=ORIENTED_EDGE('',*,*,#1444,.T.);
#1979=ORIENTED_EDGE('',*,*,#1441,.F.);
#1980=ORIENTED_EDGE('',*,*,#1249,.F.);
#1981=ORIENTED_EDGE('',*,*,#1445,.T.);
#1982=ORIENTED_EDGE('',*,*,#1446,.T.);
#1983=ORIENTED_EDGE('',*,*,#1443,.F.);
#1984=ORIENTED_EDGE('',*,*,#1248,.F.);
#1985=ORIENTED_EDGE('',*,*,#1447,.T.);
#1986=ORIENTED_EDGE('',*,*,#1448,.T.);
#1987=ORIENTED_EDGE('',*,*,#1445,.F.);
#1988=ORIENTED_EDGE('',*,*,#1247,.F.);
#1989=ORIENTED_EDGE('',*,*,#1449,.T.);
#1990=ORIENTED_EDGE('',*,*,#1450,.T.);
#1991=ORIENTED_EDGE('',*,*,#1447,.F.);
#1992=ORIENTED_EDGE('',*,*,#1246,.F.);
#1993=ORIENTED_EDGE('',*,*,#1451,.T.);
#1994=ORIENTED_EDGE('',*,*,#1452,.T.);
#1995=ORIENTED_EDGE('',*,*,#1449,.F.);
#1996=ORIENTED_EDGE('',*,*,#1245,.F.);
#1997=ORIENTED_EDGE('',*,*,#1453,.T.);
#1998=ORIENTED_EDGE('',*,*,#1454,.T.);
#1999=ORIENTED_EDGE('',*,*,#1451,.F.);
#2000=ORIENTED_EDGE('',*,*,#1244,.F.);
#2001=ORIENTED_EDGE('',*,*,#1455,.T.);
#2002=ORIENTED_EDGE('',*,*,#1456,.T.);
#2003=ORIENTED_EDGE('',*,*,#1453,.F.);
#2004=ORIENTED_EDGE('',*,*,#1243,.F.);
#2005=ORIENTED_EDGE('',*,*,#1457,.T.);
#2006=ORIENTED_EDGE('',*,*,#1458,.T.);
#2007=ORIENTED_EDGE('',*,*,#1455,.F.);
#2008=ORIENTED_EDGE('',*,*,#1242,.F.);
#2009=ORIENTED_EDGE('',*,*,#1459,.T.);
#2010=ORIENTED_EDGE('',*,*,#1460,.T.);
#2011=ORIENTED_EDGE('',*,*,#1457,.F.);
#2012=ORIENTED_EDGE('',*,*,#1241,.F.);
#2013=ORIENTED_EDGE('',*,*,#1461,.T.);
#2014=ORIENTED_EDGE('',*,*,#1462,.T.);
#2015=ORIENTED_EDGE('',*,*,#1459,.F.);
#2016=ORIENTED_EDGE('',*,*,#1240,.F.);
#2017=ORIENTED_EDGE('',*,*,#1463,.T.);
#2018=ORIENTED_EDGE('',*,*,#1464,.T.);
#2019=ORIENTED_EDGE('',*,*,#1461,.F.);
#2020=ORIENTED_EDGE('',*,*,#1239,.F.);
#2021=ORIENTED_EDGE('',*,*,#1465,.T.);
#2022=ORIENTED_EDGE('',*,*,#1466,.T.);
#2023=ORIENTED_EDGE('',*,*,#1463,.F.);
#2024=ORIENTED_EDGE('',*,*,#1238,.F.);
#2025=ORIENTED_EDGE('',*,*,#1467,.T.);
#2026=ORIENTED_EDGE('',*,*,#1468,.T.);
#2027=ORIENTED_EDGE('',*,*,#1465,.F.);
#2028=ORIENTED_EDGE('',*,*,#1237,.F.);
#2029=ORIENTED_EDGE('',*,*,#1469,.T.);
#2030=ORIENTED_EDGE('',*,*,#1470,.T.);
#2031=ORIENTED_EDGE('',*,*,#1467,.F.);
#2032=ORIENTED_EDGE('',*,*,#1236,.F.);
#2033=ORIENTED_EDGE('',*,*,#1471,.T.);
#2034=ORIENTED_EDGE('',*,*,#1472,.T.);
#2035=ORIENTED_EDGE('',*,*,#1469,.F.);
#2036=ORIENTED_EDGE('',*,*,#1235,.F.);
#2037=ORIENTED_EDGE('',*,*,#1438,.T.);
#2038=ORIENTED_EDGE('',*,*,#1473,.T.);
#2039=ORIENTED_EDGE('',*,*,#1471,.F.);
#2040=ORIENTED_EDGE('',*,*,#1473,.F.);
#2041=ORIENTED_EDGE('',*,*,#1437,.F.);
#2042=ORIENTED_EDGE('',*,*,#1440,.F.);
#2043=ORIENTED_EDGE('',*,*,#1442,.F.);
#2044=ORIENTED_EDGE('',*,*,#1444,.F.);
#2045=ORIENTED_EDGE('',*,*,#1446,.F.);
#2046=ORIENTED_EDGE('',*,*,#1448,.F.);
#2047=ORIENTED_EDGE('',*,*,#1450,.F.);
#2048=ORIENTED_EDGE('',*,*,#1452,.F.);
#2049=ORIENTED_EDGE('',*,*,#1454,.F.);
#2050=ORIENTED_EDGE('',*,*,#1456,.F.);
#2051=ORIENTED_EDGE('',*,*,#1458,.F.);
#2052=ORIENTED_EDGE('',*,*,#1460,.F.);
#2053=ORIENTED_EDGE('',*,*,#1462,.F.);
#2054=ORIENTED_EDGE('',*,*,#1464,.F.);
#2055=ORIENTED_EDGE('',*,*,#1466,.F.);
#2056=ORIENTED_EDGE('',*,*,#1468,.F.);
#2057=ORIENTED_EDGE('',*,*,#1470,.F.);
#2058=ORIENTED_EDGE('',*,*,#1472,.F.);
#2059=ORIENTED_EDGE('',*,*,#1435,.F.);
#2060=ORIENTED_EDGE('',*,*,#1414,.F.);
#2061=ORIENTED_EDGE('',*,*,#1418,.F.);
#2062=ORIENTED_EDGE('',*,*,#1421,.F.);
#2063=ORIENTED_EDGE('',*,*,#1424,.F.);
#2064=ORIENTED_EDGE('',*,*,#1427,.F.);
#2065=ORIENTED_EDGE('',*,*,#1430,.F.);
#2066=ORIENTED_EDGE('',*,*,#1433,.F.);
#2067=ORIENTED_EDGE('',*,*,#1412,.T.);
#2068=ORIENTED_EDGE('',*,*,#1434,.T.);
#2069=ORIENTED_EDGE('',*,*,#1431,.T.);
#2070=ORIENTED_EDGE('',*,*,#1428,.T.);
#2071=ORIENTED_EDGE('',*,*,#1425,.T.);
#2072=ORIENTED_EDGE('',*,*,#1422,.T.);
#2073=ORIENTED_EDGE('',*,*,#1419,.T.);
#2074=ORIENTED_EDGE('',*,*,#1416,.T.);
#2075=ORIENTED_EDGE('',*,*,#1347,.T.);
#2076=ORIENTED_EDGE('',*,*,#1372,.T.);
#2077=ORIENTED_EDGE('',*,*,#1369,.T.);
#2078=ORIENTED_EDGE('',*,*,#1366,.T.);
#2079=ORIENTED_EDGE('',*,*,#1363,.T.);
#2080=ORIENTED_EDGE('',*,*,#1360,.T.);
#2081=ORIENTED_EDGE('',*,*,#1357,.T.);
#2082=ORIENTED_EDGE('',*,*,#1354,.T.);
#2083=ORIENTED_EDGE('',*,*,#1351,.T.);
#2084=ORIENTED_EDGE('',*,*,#1291,.T.);
#2085=ORIENTED_EDGE('',*,*,#1313,.T.);
#2086=ORIENTED_EDGE('',*,*,#1310,.T.);
#2087=ORIENTED_EDGE('',*,*,#1307,.T.);
#2088=ORIENTED_EDGE('',*,*,#1304,.T.);
#2089=ORIENTED_EDGE('',*,*,#1301,.T.);
#2090=ORIENTED_EDGE('',*,*,#1298,.T.);
#2091=ORIENTED_EDGE('',*,*,#1295,.T.);
#2092=ORIENTED_EDGE('',*,*,#1230,.T.);
#2093=ORIENTED_EDGE('',*,*,#1474,.T.);
#2094=ORIENTED_EDGE('',*,*,#1208,.T.);
#2095=ORIENTED_EDGE('',*,*,#1288,.F.);
#2096=ORIENTED_EDGE('',*,*,#1229,.T.);
#2097=ORIENTED_EDGE('',*,*,#1475,.T.);
#2098=ORIENTED_EDGE('',*,*,#1209,.T.);
#2099=ORIENTED_EDGE('',*,*,#1474,.F.);
#2100=ORIENTED_EDGE('',*,*,#1228,.T.);
#2101=ORIENTED_EDGE('',*,*,#1476,.T.);
#2102=ORIENTED_EDGE('',*,*,#1210,.T.);
#2103=ORIENTED_EDGE('',*,*,#1475,.F.);
#2104=ORIENTED_EDGE('',*,*,#1227,.T.);
#2105=ORIENTED_EDGE('',*,*,#1477,.T.);
#2106=ORIENTED_EDGE('',*,*,#1211,.F.);
#2107=ORIENTED_EDGE('',*,*,#1476,.F.);
#2108=ORIENTED_EDGE('',*,*,#1226,.T.);
#2109=ORIENTED_EDGE('',*,*,#1478,.F.);
#2110=ORIENTED_EDGE('',*,*,#1479,.F.);
#2111=ORIENTED_EDGE('',*,*,#1480,.T.);
#2112=ORIENTED_EDGE('',*,*,#1481,.F.);
#2113=ORIENTED_EDGE('',*,*,#1482,.F.);
#2114=ORIENTED_EDGE('',*,*,#1483,.F.);
#2115=ORIENTED_EDGE('',*,*,#1484,.T.);
#2116=ORIENTED_EDGE('',*,*,#1212,.F.);
#2117=ORIENTED_EDGE('',*,*,#1477,.F.);
#2118=ORIENTED_EDGE('',*,*,#1485,.F.);
#2119=ORIENTED_EDGE('',*,*,#1486,.T.);
#2120=ORIENTED_EDGE('',*,*,#1213,.F.);
#2121=ORIENTED_EDGE('',*,*,#1484,.F.);
#2122=ORIENTED_EDGE('',*,*,#1220,.F.);
#2123=ORIENTED_EDGE('',*,*,#1487,.T.);
#2124=ORIENTED_EDGE('',*,*,#1488,.F.);
#2125=ORIENTED_EDGE('',*,*,#1487,.F.);
#2126=ORIENTED_EDGE('',*,*,#1489,.F.);
#2127=ORIENTED_EDGE('',*,*,#1480,.F.);
#2128=ORIENTED_EDGE('',*,*,#1490,.F.);
#2129=ORIENTED_EDGE('',*,*,#1491,.T.);
#2130=ORIENTED_EDGE('',*,*,#1492,.F.);
#2131=ORIENTED_EDGE('',*,*,#1491,.F.);
#2132=ORIENTED_EDGE('',*,*,#1493,.F.);
#2133=ORIENTED_EDGE('',*,*,#1494,.T.);
#2134=ORIENTED_EDGE('',*,*,#1214,.F.);
#2135=ORIENTED_EDGE('',*,*,#1486,.F.);
#2136=ORIENTED_EDGE('',*,*,#1495,.F.);
#2137=ORIENTED_EDGE('',*,*,#1496,.F.);
#2138=ORIENTED_EDGE('',*,*,#1497,.F.);
#2139=ORIENTED_EDGE('',*,*,#1478,.T.);
#2140=ORIENTED_EDGE('',*,*,#1225,.T.);
#2141=ORIENTED_EDGE('',*,*,#1498,.F.);
#2142=ORIENTED_EDGE('',*,*,#1499,.F.);
#2143=ORIENTED_EDGE('',*,*,#1500,.F.);
#2144=ORIENTED_EDGE('',*,*,#1215,.F.);
#2145=ORIENTED_EDGE('',*,*,#1494,.F.);
#2146=ORIENTED_EDGE('',*,*,#1481,.T.);
#2147=ORIENTED_EDGE('',*,*,#1489,.T.);
#2148=ORIENTED_EDGE('',*,*,#1492,.T.);
#2149=ORIENTED_EDGE('',*,*,#1501,.T.);
#2150=ORIENTED_EDGE('',*,*,#1199,.T.);
#2151=ORIENTED_EDGE('',*,*,#1482,.T.);
#2152=ORIENTED_EDGE('',*,*,#1501,.F.);
#2153=ORIENTED_EDGE('',*,*,#1496,.T.);
#2154=ORIENTED_EDGE('',*,*,#1502,.F.);
#2155=ORIENTED_EDGE('',*,*,#1500,.T.);
#2156=ORIENTED_EDGE('',*,*,#1503,.F.);
#2157=ORIENTED_EDGE('',*,*,#1504,.T.);
#2158=ORIENTED_EDGE('',*,*,#1216,.T.);
#2159=ORIENTED_EDGE('',*,*,#1505,.F.);
#2160=ORIENTED_EDGE('',*,*,#1195,.F.);
#2161=ORIENTED_EDGE('',*,*,#1506,.F.);
#2162=ORIENTED_EDGE('',*,*,#1162,.F.);
#2163=ORIENTED_EDGE('',*,*,#1507,.F.);
#2164=ORIENTED_EDGE('',*,*,#1508,.T.);
#2165=ORIENTED_EDGE('',*,*,#1221,.F.);
#2166=ORIENTED_EDGE('',*,*,#1508,.F.);
#2167=ORIENTED_EDGE('',*,*,#1193,.T.);
#2168=ORIENTED_EDGE('',*,*,#1509,.F.);
#2169=ORIENTED_EDGE('',*,*,#1190,.F.);
#2170=ORIENTED_EDGE('',*,*,#1510,.T.);
#2171=ORIENTED_EDGE('',*,*,#1483,.T.);
#2172=ORIENTED_EDGE('',*,*,#1502,.T.);
#2173=ORIENTED_EDGE('',*,*,#1495,.T.);
#2174=ORIENTED_EDGE('',*,*,#1485,.T.);
#2175=ORIENTED_EDGE('',*,*,#1182,.F.);
#2176=ORIENTED_EDGE('',*,*,#1511,.T.);
#2177=ORIENTED_EDGE('',*,*,#1178,.T.);
#2178=ORIENTED_EDGE('',*,*,#1512,.T.);
#2179=ORIENTED_EDGE('',*,*,#1498,.T.);
#2180=ORIENTED_EDGE('',*,*,#1232,.T.);
#2181=ORIENTED_EDGE('',*,*,#1217,.T.);
#2182=ORIENTED_EDGE('',*,*,#1504,.F.);
#2183=ORIENTED_EDGE('',*,*,#1513,.F.);
#2184=ORIENTED_EDGE('',*,*,#1176,.T.);
#2185=ORIENTED_EDGE('',*,*,#1514,.T.);
#2186=ORIENTED_EDGE('',*,*,#1173,.F.);
#2187=ORIENTED_EDGE('',*,*,#1515,.F.);
#2188=ORIENTED_EDGE('',*,*,#1181,.T.);
#2189=ORIENTED_EDGE('',*,*,#1185,.T.);
#2190=ORIENTED_EDGE('',*,*,#1188,.T.);
#2191=ORIENTED_EDGE('',*,*,#1191,.T.);
#2192=ORIENTED_EDGE('',*,*,#1509,.T.);
#2193=ORIENTED_EDGE('',*,*,#1196,.T.);
#2194=ORIENTED_EDGE('',*,*,#1505,.T.);
#2195=ORIENTED_EDGE('',*,*,#1507,.T.);
#2196=ORIENTED_EDGE('',*,*,#1161,.F.);
#2197=ORIENTED_EDGE('',*,*,#1165,.F.);
#2198=ORIENTED_EDGE('',*,*,#1168,.F.);
#2199=ORIENTED_EDGE('',*,*,#1171,.F.);
#2200=ORIENTED_EDGE('',*,*,#1174,.F.);
#2201=ORIENTED_EDGE('',*,*,#1514,.F.);
#2202=ORIENTED_EDGE('',*,*,#1179,.F.);
#2203=ORIENTED_EDGE('',*,*,#1511,.F.);
#2204=ORIENTED_EDGE('',*,*,#1177,.T.);
#2205=ORIENTED_EDGE('',*,*,#1515,.T.);
#2206=ORIENTED_EDGE('',*,*,#1175,.T.);
#2207=ORIENTED_EDGE('',*,*,#1172,.T.);
#2208=ORIENTED_EDGE('',*,*,#1169,.T.);
#2209=ORIENTED_EDGE('',*,*,#1166,.T.);
#2210=ORIENTED_EDGE('',*,*,#1163,.T.);
#2211=ORIENTED_EDGE('',*,*,#1506,.T.);
#2212=ORIENTED_EDGE('',*,*,#1194,.F.);
#2213=ORIENTED_EDGE('',*,*,#1510,.F.);
#2214=ORIENTED_EDGE('',*,*,#1192,.F.);
#2215=ORIENTED_EDGE('',*,*,#1189,.F.);
#2216=ORIENTED_EDGE('',*,*,#1186,.F.);
#2217=ORIENTED_EDGE('',*,*,#1183,.F.);
#2218=ORIENTED_EDGE('',*,*,#1512,.F.);
#2219=ORIENTED_EDGE('',*,*,#1497,.T.);
#2220=ORIENTED_EDGE('',*,*,#1513,.T.);
#2221=ORIENTED_EDGE('',*,*,#1503,.T.);
#2222=ORIENTED_EDGE('',*,*,#1499,.T.);
#2223=ORIENTED_EDGE('',*,*,#1493,.T.);
#2224=ORIENTED_EDGE('',*,*,#1490,.T.);
#2225=ORIENTED_EDGE('',*,*,#1479,.T.);
#2226=ORIENTED_EDGE('',*,*,#1197,.T.);
#2227=ORIENTED_EDGE('',*,*,#1488,.T.);
#2228=CYLINDRICAL_SURFACE('',#2397,1.52063293758702);
#2229=CYLINDRICAL_SURFACE('',#2399,1.52063293758702);
#2230=CYLINDRICAL_SURFACE('',#2400,1.52063293758702);
#2231=CYLINDRICAL_SURFACE('',#2401,1.52063293758702);
#2232=CYLINDRICAL_SURFACE('',#2402,1.52063293758702);
#2233=CYLINDRICAL_SURFACE('',#2403,1.52063293758702);
#2234=CYLINDRICAL_SURFACE('',#2405,1.25);
#2235=CYLINDRICAL_SURFACE('',#2407,1.25);
#2236=CYLINDRICAL_SURFACE('',#2408,1.25);
#2237=CYLINDRICAL_SURFACE('',#2409,1.25);
#2238=CYLINDRICAL_SURFACE('',#2410,1.25);
#2239=CYLINDRICAL_SURFACE('',#2412,1.65);
#2240=CYLINDRICAL_SURFACE('',#2415,3.);
#2241=CYLINDRICAL_SURFACE('',#2429,3.);
#2242=CYLINDRICAL_SURFACE('',#2438,3.05);
#2243=CYLINDRICAL_SURFACE('',#2466,5.);
#2244=CYLINDRICAL_SURFACE('',#2468,83.1415719388798);
#2245=CYLINDRICAL_SURFACE('',#2472,2.98599008036425);
#2246=CYLINDRICAL_SURFACE('',#2474,1.7);
#2247=CYLINDRICAL_SURFACE('',#2476,2.98599008036429);
#2248=CYLINDRICAL_SURFACE('',#2479,83.1415719388798);
#2249=CYLINDRICAL_SURFACE('',#2483,5.48411605376852);
#2250=CYLINDRICAL_SURFACE('',#2485,5.48411605376852);
#2251=CYLINDRICAL_SURFACE('',#2489,5.);
#2252=CYLINDRICAL_SURFACE('',#2492,1.25);
#2253=CYLINDRICAL_SURFACE('',#2495,1.52063293758702);
#2254=ADVANCED_FACE('',(#132),#2228,.F.);
#2255=ADVANCED_FACE('',(#133),#2229,.F.);
#2256=ADVANCED_FACE('',(#134),#2230,.F.);
#2257=ADVANCED_FACE('',(#135),#2231,.F.);
#2258=ADVANCED_FACE('',(#136),#2232,.F.);
#2259=ADVANCED_FACE('',(#137),#2233,.F.);
#2260=ADVANCED_FACE('',(#138),#2234,.F.);
#2261=ADVANCED_FACE('',(#139),#2235,.F.);
#2262=ADVANCED_FACE('',(#140),#2236,.F.);
#2263=ADVANCED_FACE('',(#141),#2237,.F.);
#2264=ADVANCED_FACE('',(#142),#2238,.F.);
#2265=ADVANCED_FACE('',(#143),#2239,.F.);
#2266=ADVANCED_FACE('',(#144),#2240,.T.);
#2267=ADVANCED_FACE('',(#145),#95,.F.);
#2268=ADVANCED_FACE('',(#146,#81,#82),#96,.T.);
#2269=ADVANCED_FACE('',(#147),#2241,.T.);
#2270=ADVANCED_FACE('',(#148),#97,.T.);
#2271=ADVANCED_FACE('',(#149,#83,#84,#85,#86,#87),#98,.F.);
#2272=ADVANCED_FACE('',(#150),#99,.F.);
#2273=ADVANCED_FACE('',(#151),#2242,.F.);
#2274=ADVANCED_FACE('',(#152),#100,.T.);
#2275=ADVANCED_FACE('',(#153),#18,.F.);
#2276=ADVANCED_FACE('',(#154),#19,.F.);
#2277=ADVANCED_FACE('',(#155),#20,.F.);
#2278=ADVANCED_FACE('',(#156),#21,.F.);
#2279=ADVANCED_FACE('',(#157),#22,.F.);
#2280=ADVANCED_FACE('',(#158),#23,.F.);
#2281=ADVANCED_FACE('',(#159),#24,.F.);
#2282=ADVANCED_FACE('',(#160),#25,.F.);
#2283=ADVANCED_FACE('',(#161),#26,.F.);
#2284=ADVANCED_FACE('',(#162),#27,.F.);
#2285=ADVANCED_FACE('',(#163),#28,.F.);
#2286=ADVANCED_FACE('',(#164),#29,.F.);
#2287=ADVANCED_FACE('',(#165),#30,.F.);
#2288=ADVANCED_FACE('',(#166),#31,.F.);
#2289=ADVANCED_FACE('',(#167),#32,.F.);
#2290=ADVANCED_FACE('',(#168),#33,.F.);
#2291=ADVANCED_FACE('',(#169),#34,.F.);
#2292=ADVANCED_FACE('',(#170),#35,.F.);
#2293=ADVANCED_FACE('',(#171),#36,.F.);
#2294=ADVANCED_FACE('',(#172),#37,.F.);
#2295=ADVANCED_FACE('',(#173,#88),#101,.T.);
#2296=ADVANCED_FACE('',(#174),#102,.F.);
#2297=ADVANCED_FACE('',(#175),#103,.F.);
#2298=ADVANCED_FACE('',(#176),#104,.F.);
#2299=ADVANCED_FACE('',(#177),#105,.F.);
#2300=ADVANCED_FACE('',(#178),#106,.F.);
#2301=ADVANCED_FACE('',(#179),#38,.F.);
#2302=ADVANCED_FACE('',(#180),#39,.F.);
#2303=ADVANCED_FACE('',(#181),#40,.F.);
#2304=ADVANCED_FACE('',(#182),#41,.F.);
#2305=ADVANCED_FACE('',(#183),#42,.F.);
#2306=ADVANCED_FACE('',(#184),#43,.F.);
#2307=ADVANCED_FACE('',(#185),#44,.F.);
#2308=ADVANCED_FACE('',(#186),#45,.F.);
#2309=ADVANCED_FACE('',(#187),#46,.F.);
#2310=ADVANCED_FACE('',(#188),#47,.F.);
#2311=ADVANCED_FACE('',(#189),#48,.F.);
#2312=ADVANCED_FACE('',(#190),#49,.F.);
#2313=ADVANCED_FACE('',(#191),#50,.F.);
#2314=ADVANCED_FACE('',(#192),#51,.F.);
#2315=ADVANCED_FACE('',(#193),#52,.F.);
#2316=ADVANCED_FACE('',(#194),#53,.F.);
#2317=ADVANCED_FACE('',(#195),#54,.F.);
#2318=ADVANCED_FACE('',(#196),#55,.F.);
#2319=ADVANCED_FACE('',(#197),#56,.F.);
#2320=ADVANCED_FACE('',(#198),#57,.F.);
#2321=ADVANCED_FACE('',(#199),#58,.F.);
#2322=ADVANCED_FACE('',(#200),#59,.F.);
#2323=ADVANCED_FACE('',(#201),#60,.F.);
#2324=ADVANCED_FACE('',(#202),#61,.F.);
#2325=ADVANCED_FACE('',(#203),#62,.F.);
#2326=ADVANCED_FACE('',(#204),#63,.F.);
#2327=ADVANCED_FACE('',(#205),#107,.F.);
#2328=ADVANCED_FACE('',(#206),#64,.F.);
#2329=ADVANCED_FACE('',(#207,#89),#108,.T.);
#2330=ADVANCED_FACE('',(#208),#109,.F.);
#2331=ADVANCED_FACE('',(#209),#65,.F.);
#2332=ADVANCED_FACE('',(#210),#66,.F.);
#2333=ADVANCED_FACE('',(#211),#67,.F.);
#2334=ADVANCED_FACE('',(#212),#68,.F.);
#2335=ADVANCED_FACE('',(#213),#69,.F.);
#2336=ADVANCED_FACE('',(#214),#110,.F.);
#2337=ADVANCED_FACE('',(#215),#111,.F.);
#2338=ADVANCED_FACE('',(#216),#112,.F.);
#2339=ADVANCED_FACE('',(#217),#113,.F.);
#2340=ADVANCED_FACE('',(#218),#70,.F.);
#2341=ADVANCED_FACE('',(#219),#71,.F.);
#2342=ADVANCED_FACE('',(#220),#72,.F.);
#2343=ADVANCED_FACE('',(#221),#73,.F.);
#2344=ADVANCED_FACE('',(#222),#114,.F.);
#2345=ADVANCED_FACE('',(#223),#115,.F.);
#2346=ADVANCED_FACE('',(#224),#116,.F.);
#2347=ADVANCED_FACE('',(#225),#74,.F.);
#2348=ADVANCED_FACE('',(#226),#75,.F.);
#2349=ADVANCED_FACE('',(#227),#76,.F.);
#2350=ADVANCED_FACE('',(#228),#77,.F.);
#2351=ADVANCED_FACE('',(#229),#78,.F.);
#2352=ADVANCED_FACE('',(#230),#79,.F.);
#2353=ADVANCED_FACE('',(#231),#80,.F.);
#2354=ADVANCED_FACE('',(#232),#117,.F.);
#2355=ADVANCED_FACE('',(#233),#118,.F.);
#2356=ADVANCED_FACE('',(#234),#119,.F.);
#2357=ADVANCED_FACE('',(#235,#90),#120,.T.);
#2358=ADVANCED_FACE('',(#236),#121,.F.);
#2359=ADVANCED_FACE('',(#237),#122,.F.);
#2360=ADVANCED_FACE('',(#238),#123,.F.);
#2361=ADVANCED_FACE('',(#239),#124,.F.);
#2362=ADVANCED_FACE('',(#240),#125,.F.);
#2363=ADVANCED_FACE('',(#241),#2243,.F.);
#2364=ADVANCED_FACE('',(#242),#126,.F.);
#2365=ADVANCED_FACE('',(#243),#2244,.T.);
#2366=ADVANCED_FACE('',(#244),#2245,.T.);
#2367=ADVANCED_FACE('',(#245),#2246,.F.);
#2368=ADVANCED_FACE('',(#246),#2247,.T.);
#2369=ADVANCED_FACE('',(#247),#2248,.T.);
#2370=ADVANCED_FACE('',(#248),#2249,.T.);
#2371=ADVANCED_FACE('',(#249),#2250,.T.);
#2372=ADVANCED_FACE('',(#250,#91),#127,.F.);
#2373=ADVANCED_FACE('',(#251),#128,.T.);
#2374=ADVANCED_FACE('',(#252),#2251,.T.);
#2375=ADVANCED_FACE('',(#253),#17,.F.);
#2376=ADVANCED_FACE('',(#254),#2252,.F.);
#2377=ADVANCED_FACE('',(#255,#92),#129,.F.);
#2378=ADVANCED_FACE('',(#256),#130,.F.);
#2379=ADVANCED_FACE('',(#257),#2253,.F.);
#2380=ADVANCED_FACE('',(#258),#15,.F.);
#2381=ADVANCED_FACE('',(#259),#16,.F.);
#2382=ADVANCED_FACE('',(#260,#93,#94),#131,.T.);
#2383=CLOSED_SHELL('',(#2254,#2255,#2256,#2257,#2258,#2259,#2260,#2261,
#2262,#2263,#2264,#2265,#2266,#2267,#2268,#2269,#2270,#2271,#2272,#2273,
#2274,#2275,#2276,#2277,#2278,#2279,#2280,#2281,#2282,#2283,#2284,#2285,
#2286,#2287,#2288,#2289,#2290,#2291,#2292,#2293,#2294,#2295,#2296,#2297,
#2298,#2299,#2300,#2301,#2302,#2303,#2304,#2305,#2306,#2307,#2308,#2309,
#2310,#2311,#2312,#2313,#2314,#2315,#2316,#2317,#2318,#2319,#2320,#2321,
#2322,#2323,#2324,#2325,#2326,#2327,#2328,#2329,#2330,#2331,#2332,#2333,
#2334,#2335,#2336,#2337,#2338,#2339,#2340,#2341,#2342,#2343,#2344,#2345,
#2346,#2347,#2348,#2349,#2350,#2351,#2352,#2353,#2354,#2355,#2356,#2357,
#2358,#2359,#2360,#2361,#2362,#2363,#2364,#2365,#2366,#2367,#2368,#2369,
#2370,#2371,#2372,#2373,#2374,#2375,#2376,#2377,#2378,#2379,#2380,#2381,
#2382));
#2384=DERIVED_UNIT_ELEMENT(#2386,1.);
#2385=DERIVED_UNIT_ELEMENT(#6274,-3.);
#2386=(
MASS_UNIT()
NAMED_UNIT(*)
SI_UNIT(.KILO.,.GRAM.)
);
#2387=DERIVED_UNIT((#2384,#2385));
#2388=MEASURE_REPRESENTATION_ITEM('density measure',
POSITIVE_RATIO_MEASURE(7850.),#2387);
#2389=PROPERTY_DEFINITION_REPRESENTATION(#2394,#2391);
#2390=PROPERTY_DEFINITION_REPRESENTATION(#2395,#2392);
#2391=REPRESENTATION('material name',(#2393),#6271);
#2392=REPRESENTATION('density',(#2388),#6271);
#2393=DESCRIPTIVE_REPRESENTATION_ITEM('Steel','Steel');
#2394=PROPERTY_DEFINITION('material property','material name',#6281);
#2395=PROPERTY_DEFINITION('material property','density of part',#6281);
#2396=AXIS2_PLACEMENT_3D('',#2862,#2497,#2498);
#2397=AXIS2_PLACEMENT_3D('',#2863,#2499,#2500);
#2398=AXIS2_PLACEMENT_3D('',#2887,#2502,#2503);
#2399=AXIS2_PLACEMENT_3D('',#2910,#2504,#2505);
#2400=AXIS2_PLACEMENT_3D('',#2986,#2507,#2508);
#2401=AXIS2_PLACEMENT_3D('',#3066,#2510,#2511);
#2402=AXIS2_PLACEMENT_3D('',#3142,#2513,#2514);
#2403=AXIS2_PLACEMENT_3D('',#3218,#2516,#2517);
#2404=AXIS2_PLACEMENT_3D('',#3230,#2519,#2520);
#2405=AXIS2_PLACEMENT_3D('',#3241,#2521,#2522);
#2406=AXIS2_PLACEMENT_3D('',#3259,#2524,#2525);
#2407=AXIS2_PLACEMENT_3D('',#3280,#2526,#2527);
#2408=AXIS2_PLACEMENT_3D('',#3360,#2529,#2530);
#2409=AXIS2_PLACEMENT_3D('',#3436,#2532,#2533);
#2410=AXIS2_PLACEMENT_3D('',#3512,#2535,#2536);
#2411=AXIS2_PLACEMENT_3D('',#3542,#2538,#2539);
#2412=AXIS2_PLACEMENT_3D('',#3575,#2540,#2541);
#2413=AXIS2_PLACEMENT_3D('',#3577,#2542,#2543);
#2414=AXIS2_PLACEMENT_3D('',#3580,#2545,#2546);
#2415=AXIS2_PLACEMENT_3D('',#3581,#2547,#2548);
#2416=AXIS2_PLACEMENT_3D('',#3584,#2549,#2550);
#2417=AXIS2_PLACEMENT_3D('',#3588,#2552,#2553);
#2418=AXIS2_PLACEMENT_3D('',#3590,#2555,#2556);
#2419=AXIS2_PLACEMENT_3D('',#3596,#2560,#2561);
#2420=AXIS2_PLACEMENT_3D('',#3604,#2565,#2566);
#2421=AXIS2_PLACEMENT_3D('',#3608,#2568,#2569);
#2422=AXIS2_PLACEMENT_3D('',#3610,#2570,#2571);
#2423=AXIS2_PLACEMENT_3D('',#3612,#2572,#2573);
#2424=AXIS2_PLACEMENT_3D('',#3614,#2574,#2575);
#2425=AXIS2_PLACEMENT_3D('',#3616,#2576,#2577);
#2426=AXIS2_PLACEMENT_3D('',#3621,#2580,#2581);
#2427=AXIS2_PLACEMENT_3D('',#3623,#2582,#2583);
#2428=AXIS2_PLACEMENT_3D('',#3625,#2584,#2585);
#2429=AXIS2_PLACEMENT_3D('',#3626,#2586,#2587);
#2430=AXIS2_PLACEMENT_3D('',#3628,#2588,#2589);
#2431=AXIS2_PLACEMENT_3D('',#3630,#2591,#2592);
#2432=AXIS2_PLACEMENT_3D('',#3634,#2594,#2595);
#2433=AXIS2_PLACEMENT_3D('',#3636,#2596,#2597);
#2434=AXIS2_PLACEMENT_3D('',#3640,#2599,#2600);
#2435=AXIS2_PLACEMENT_3D('',#3646,#2604,#2605);
#2436=AXIS2_PLACEMENT_3D('',#3649,#2607,#2608);
#2437=AXIS2_PLACEMENT_3D('',#3922,#2622,#2623);
#2438=AXIS2_PLACEMENT_3D('',#3924,#2625,#2626);
#2439=AXIS2_PLACEMENT_3D('',#3927,#2628,#2629);
#2440=AXIS2_PLACEMENT_3D('',#3928,#2630,#2631);
#2441=AXIS2_PLACEMENT_3D('',#4317,#2652,#2653);
#2442=AXIS2_PLACEMENT_3D('',#4318,#2654,#2655);
#2443=AXIS2_PLACEMENT_3D('',#4324,#2659,#2660);
#2444=AXIS2_PLACEMENT_3D('',#4328,#2663,#2664);
#2445=AXIS2_PLACEMENT_3D('',#4332,#2667,#2668);
#2446=AXIS2_PLACEMENT_3D('',#4334,#2670,#2671);
#2447=AXIS2_PLACEMENT_3D('',#4833,#2699,#2700);
#2448=AXIS2_PLACEMENT_3D('',#4852,#2703,#2704);
#2449=AXIS2_PLACEMENT_3D('',#4853,#2705,#2706);
#2450=AXIS2_PLACEMENT_3D('',#4977,#2716,#2717);
#2451=AXIS2_PLACEMENT_3D('',#4983,#2721,#2722);
#2452=AXIS2_PLACEMENT_3D('',#4986,#2725,#2726);
#2453=AXIS2_PLACEMENT_3D('',#4992,#2730,#2731);
#2454=AXIS2_PLACEMENT_3D('',#5064,#2738,#2739);
#2455=AXIS2_PLACEMENT_3D('',#5068,#2742,#2743);
#2456=AXIS2_PLACEMENT_3D('',#5072,#2746,#2747);
#2457=AXIS2_PLACEMENT_3D('',#5195,#2757,#2758);
#2458=AXIS2_PLACEMENT_3D('',#5199,#2761,#2762);
#2459=AXIS2_PLACEMENT_3D('',#5203,#2765,#2766);
#2460=AXIS2_PLACEMENT_3D('',#5205,#2768,#2769);
#2461=AXIS2_PLACEMENT_3D('',#5206,#2770,#2771);
#2462=AXIS2_PLACEMENT_3D('',#5207,#2772,#2773);
#2463=AXIS2_PLACEMENT_3D('',#5208,#2774,#2775);
#2464=AXIS2_PLACEMENT_3D('',#5209,#2776,#2777);
#2465=AXIS2_PLACEMENT_3D('',#5211,#2779,#2780);
#2466=AXIS2_PLACEMENT_3D('',#5213,#2782,#2783);
#2467=AXIS2_PLACEMENT_3D('',#5215,#2785,#2786);
#2468=AXIS2_PLACEMENT_3D('',#5217,#2788,#2789);
#2469=AXIS2_PLACEMENT_3D('',#5221,#2791,#2792);
#2470=AXIS2_PLACEMENT_3D('',#5225,#2794,#2795);
#2471=AXIS2_PLACEMENT_3D('',#5229,#2797,#2798);
#2472=AXIS2_PLACEMENT_3D('',#5231,#2800,#2801);
#2473=AXIS2_PLACEMENT_3D('',#5233,#2802,#2803);
#2474=AXIS2_PLACEMENT_3D('',#5235,#2805,#2806);
#2475=AXIS2_PLACEMENT_3D('',#5238,#2808,#2809);
#2476=AXIS2_PLACEMENT_3D('',#5239,#2810,#2811);
#2477=AXIS2_PLACEMENT_3D('',#5241,#2812,#2813);
#2478=AXIS2_PLACEMENT_3D('',#5243,#2814,#2815);
#2479=AXIS2_PLACEMENT_3D('',#5245,#2817,#2818);
#2480=AXIS2_PLACEMENT_3D('',#5247,#2819,#2820);
#2481=AXIS2_PLACEMENT_3D('',#5249,#2821,#2822);
#2482=AXIS2_PLACEMENT_3D('',#5252,#2824,#2825);
#2483=AXIS2_PLACEMENT_3D('',#5254,#2827,#2828);
#2484=AXIS2_PLACEMENT_3D('',#5256,#2829,#2830);
#2485=AXIS2_PLACEMENT_3D('',#5258,#2832,#2833);
#2486=AXIS2_PLACEMENT_3D('',#5260,#2834,#2835);
#2487=AXIS2_PLACEMENT_3D('',#5262,#2837,#2838);
#2488=AXIS2_PLACEMENT_3D('',#5264,#2840,#2841);
#2489=AXIS2_PLACEMENT_3D('',#5266,#2843,#2844);
#2490=AXIS2_PLACEMENT_3D('',#5268,#2845,#2846);
#2491=AXIS2_PLACEMENT_3D('',#5270,#2848,#2849);
#2492=AXIS2_PLACEMENT_3D('',#5319,#2851,#2852);
#2493=AXIS2_PLACEMENT_3D('',#5392,#2853,#2854);
#2494=AXIS2_PLACEMENT_3D('',#5421,#2855,#2856);
#2495=AXIS2_PLACEMENT_3D('',#5423,#2858,#2859);
#2496=AXIS2_PLACEMENT_3D('',#6268,#2860,#2861);
#2497=DIRECTION('axis',(0.,0.,1.));
#2498=DIRECTION('refdir',(1.,0.,0.));
#2499=DIRECTION('center_axis',(0.,2.22044604925031E-16,-1.));
#2500=DIRECTION('ref_axis',(-1.,0.,0.));
#2501=DIRECTION('',(0.,2.22044604925031E-16,-1.));
#2502=DIRECTION('center_axis',(0.,2.22044604925031E-16,-1.));
#2503=DIRECTION('ref_axis',(0.,-1.,-2.22044604925031E-16));
#2504=DIRECTION('center_axis',(0.,2.22044604925031E-16,-1.));
#2505=DIRECTION('ref_axis',(-1.,0.,0.));
#2506=DIRECTION('',(0.,2.22044604925031E-16,-1.));
#2507=DIRECTION('center_axis',(0.,2.22044604925031E-16,-1.));
#2508=DIRECTION('ref_axis',(-1.,0.,0.));
#2509=DIRECTION('',(0.,2.22044604925031E-16,-1.));
#2510=DIRECTION('center_axis',(0.,2.22044604925031E-16,-1.));
#2511=DIRECTION('ref_axis',(-1.,0.,0.));
#2512=DIRECTION('',(0.,2.22044604925031E-16,-1.));
#2513=DIRECTION('center_axis',(0.,2.22044604925031E-16,-1.));
#2514=DIRECTION('ref_axis',(-1.,0.,0.));
#2515=DIRECTION('',(0.,2.22044604925031E-16,-1.));
#2516=DIRECTION('center_axis',(0.,2.22044604925031E-16,-1.));
#2517=DIRECTION('ref_axis',(-1.,0.,0.));
#2518=DIRECTION('',(0.,2.22044604925031E-16,-1.));
#2519=DIRECTION('center_axis',(0.,2.22044604925031E-16,-1.));
#2520=DIRECTION('ref_axis',(-1.,0.,0.));
#2521=DIRECTION('center_axis',(0.,-2.22044604925031E-16,1.));
#2522=DIRECTION('ref_axis',(0.,-1.,-2.22044604925031E-16));
#2523=DIRECTION('',(0.,-2.22044604925031E-16,1.));
#2524=DIRECTION('center_axis',(0.,-2.22044604925031E-16,1.));
#2525=DIRECTION('ref_axis',(0.,-1.,-2.22044604925031E-16));
#2526=DIRECTION('center_axis',(0.,-2.22044604925031E-16,1.));
#2527=DIRECTION('ref_axis',(0.,-1.,-2.22044604925031E-16));
#2528=DIRECTION('',(0.,-2.22044604925031E-16,1.));
#2529=DIRECTION('center_axis',(0.,-2.22044604925031E-16,1.));
#2530=DIRECTION('ref_axis',(0.,-1.,-2.22044604925031E-16));
#2531=DIRECTION('',(0.,-2.22044604925031E-16,1.));
#2532=DIRECTION('center_axis',(0.,-2.22044604925031E-16,1.));
#2533=DIRECTION('ref_axis',(0.,-1.,-2.22044604925031E-16));
#2534=DIRECTION('',(0.,-2.22044604925031E-16,1.));
#2535=DIRECTION('center_axis',(0.,-2.22044604925031E-16,1.));
#2536=DIRECTION('ref_axis',(0.,-1.,-2.22044604925031E-16));
#2537=DIRECTION('',(0.,-2.22044604925031E-16,1.));
#2538=DIRECTION('center_axis',(0.,2.22044604925031E-16,-1.));
#2539=DIRECTION('ref_axis',(0.,1.,2.22044604925031E-16));
#2540=DIRECTION('center_axis',(0.,0.,-1.));
#2541=DIRECTION('ref_axis',(-1.,0.,0.));
#2542=DIRECTION('center_axis',(0.,2.22044604925031E-16,-1.));
#2543=DIRECTION('ref_axis',(-1.,0.,0.));
#2544=DIRECTION('',(0.,0.,-1.));
#2545=DIRECTION('center_axis',(0.,-2.22044604925031E-16,1.));
#2546=DIRECTION('ref_axis',(-1.,0.,0.));
#2547=DIRECTION('center_axis',(0.,-2.22044604925031E-16,1.));
#2548=DIRECTION('ref_axis',(0.707106781186546,-0.707106781186549,-1.30841038223648E-16));
#2549=DIRECTION('center_axis',(0.,2.22044604925031E-16,-1.));
#2550=DIRECTION('ref_axis',(0.707106781186546,-0.707106781186549,-1.30841038223648E-16));
#2551=DIRECTION('',(0.,2.22044604925031E-16,-1.));
#2552=DIRECTION('center_axis',(0.,-2.22044604925031E-16,1.));
#2553=DIRECTION('ref_axis',(0.707106781186546,-0.707106781186549,-1.30841038223648E-16));
#2554=DIRECTION('',(0.,-2.22044604925031E-16,1.));
#2555=DIRECTION('center_axis',(-1.,0.,0.));
#2556=DIRECTION('ref_axis',(0.,-1.,-2.22044604925031E-16));
#2557=DIRECTION('',(0.,-1.,-2.22044604925031E-16));
#2558=DIRECTION('',(0.,0.,-1.));
#2559=DIRECTION('',(0.,1.,2.22044604925031E-16));
#2560=DIRECTION('center_axis',(0.,2.22044604925031E-16,-1.));
#2561=DIRECTION('ref_axis',(0.,1.,2.22044604925031E-16));
#2562=DIRECTION('',(1.,0.,0.));
#2563=DIRECTION('',(0.928476690871466,-0.371390676388586,-8.24652960115438E-17));
#2564=DIRECTION('',(1.,0.,0.));
#2565=DIRECTION('center_axis',(0.,2.22044604925031E-16,-1.));
#2566=DIRECTION('ref_axis',(0.,1.,2.22044604925031E-16));
#2567=DIRECTION('',(-1.,2.33604742058984E-16,5.18706726591009E-32));
#2568=DIRECTION('center_axis',(0.,2.22044604925031E-16,-1.));
#2569=DIRECTION('ref_axis',(0.998298030479198,0.0583184562669076,0.));
#2570=DIRECTION('center_axis',(0.,2.22044604925031E-16,-1.));
#2571=DIRECTION('ref_axis',(-0.844597466811867,-0.535401829521508,0.));
#2572=DIRECTION('center_axis',(0.,2.22044604925031E-16,-1.));
#2573=DIRECTION('ref_axis',(-0.933960693763765,-0.357375744146559,0.));
#2574=DIRECTION('center_axis',(0.,2.22044604925031E-16,-1.));
#2575=DIRECTION('ref_axis',(-0.240696122543888,0.970600523692594,0.));
#2576=DIRECTION('center_axis',(0.,-2.22044604925031E-16,1.));
#2577=DIRECTION('ref_axis',(0.,1.,2.22044604925031E-16));
#2578=DIRECTION('',(-1.,0.,0.));
#2579=DIRECTION('',(0.997001658418098,-0.0773801855229292,-1.71818527234644E-17));
#2580=DIRECTION('center_axis',(0.,-2.22044604925031E-16,1.));
#2581=DIRECTION('ref_axis',(0.733955102687803,0.679197988246826,0.));
#2582=DIRECTION('center_axis',(0.,0.,1.));
#2583=DIRECTION('ref_axis',(-1.,0.,0.));
#2584=DIRECTION('center_axis',(0.,-2.22044604925031E-16,1.));
#2585=DIRECTION('ref_axis',(0.,1.,2.22044604925031E-16));
#2586=DIRECTION('center_axis',(0.,0.,1.));
#2587=DIRECTION('ref_axis',(0.733955102687803,0.679197988246826,0.));
#2588=DIRECTION('center_axis',(0.,2.22044604925031E-16,-1.));
#2589=DIRECTION('ref_axis',(0.733955102687803,0.679197988246826,0.));
#2590=DIRECTION('',(0.,0.,1.));
#2591=DIRECTION('center_axis',(0.,-2.22044604925031E-16,1.));
#2592=DIRECTION('ref_axis',(1.,0.,0.));
#2593=DIRECTION('',(0.997001658418098,-0.0773801855229292,-1.71818527234644E-17));
#2594=DIRECTION('center_axis',(0.,0.,1.));
#2595=DIRECTION('ref_axis',(-1.,0.,0.));
#2596=DIRECTION('center_axis',(-1.10496245145797E-30,3.83258696701085E-31,
1.));
#2597=DIRECTION('ref_axis',(0.998298030479198,0.0583184562669078,1.08073078350149E-30));
#2598=DIRECTION('',(-1.,0.,0.));
#2599=DIRECTION('center_axis',(0.,-2.22044604925031E-16,1.));
#2600=DIRECTION('ref_axis',(0.,1.,2.22044604925031E-16));
#2601=DIRECTION('',(-1.,0.,0.));
#2602=DIRECTION('',(-0.928476690871466,0.371390676388587,8.24652960115438E-17));
#2603=DIRECTION('',(-1.,0.,0.));
#2604=DIRECTION('center_axis',(-0.0773801855229292,-0.997001658418098,0.));
#2605=DIRECTION('ref_axis',(-0.997001658418098,0.0773801855229292,-1.40254782592037E-32));
#2606=DIRECTION('',(-2.86092412233166E-15,2.22044604925031E-16,-1.));
#2607=DIRECTION('center_axis',(-0.0773801855229292,-0.997001658418098,0.));
#2608=DIRECTION('ref_axis',(-0.997001658418098,0.0773801855229294,0.));
#2609=DIRECTION('',(0.996997807983594,-0.0773798866795584,0.00277921092518381));
#2610=DIRECTION('',(-0.00277087790149781,0.000215055856997753,0.999996137985859));
#2611=DIRECTION('',(-0.996997807983594,0.0773798866795584,-0.0027792109251834));
#2612=DIRECTION('',(0.00277087790150164,-0.000215055856998051,-0.999996137985859));
#2613=DIRECTION('',(0.841579060453236,-0.0653173876695547,-0.536170051266083));
#2614=DIRECTION('',(-0.00277087790151137,0.000215055856998805,0.999996137985859));
#2615=DIRECTION('',(-0.842729542357596,0.0654066799013664,0.534349028877228));
#2616=DIRECTION('',(-0.0027708779014983,0.000215055856997791,0.999996137985859));
#2617=DIRECTION('',(0.0749775667782408,-0.00581922605481272,0.997168241114877));
#2618=DIRECTION('',(0.996997807983594,-0.0773798866795584,0.00277921092518379));
#2619=DIRECTION('',(-0.00277087790149641,0.000215055856997644,0.999996137985859));
#2620=DIRECTION('',(-0.996997807983594,0.0773798866795584,-0.00277921092518379));
#2621=DIRECTION('',(0.00277087790149641,-0.000215055856997644,-0.999996137985859));
#2622=DIRECTION('center_axis',(0.,1.,2.22044604925031E-16));
#2623=DIRECTION('ref_axis',(0.,2.22044604925031E-16,-1.));
#2624=DIRECTION('',(0.,2.22044604925031E-16,-1.));
#2625=DIRECTION('center_axis',(-0.0773801855229294,-0.997001658418098,0.));
#2626=DIRECTION('ref_axis',(-0.997001658418098,0.0773801855229294,0.));
#2627=DIRECTION('',(-0.0773801855229294,-0.997001658418098,0.));
#2628=DIRECTION('center_axis',(-0.0773801855229292,-0.997001658418098,0.));
#2629=DIRECTION('ref_axis',(-0.997001658418098,0.0773801855229291,0.));
#2630=DIRECTION('center_axis',(0.0773801855229292,0.997001658418098,0.));
#2631=DIRECTION('ref_axis',(-0.997001658418098,0.0773801855229292,0.));
#2632=DIRECTION('',(-0.0773801855229237,-0.997001658418098,0.));
#2633=DIRECTION('',(-0.0773801855229237,-0.997001658418098,0.));
#2634=DIRECTION('',(-0.0773801855229237,-0.997001658418098,0.));
#2635=DIRECTION('',(-0.0773801855229237,-0.997001658418098,0.));
#2636=DIRECTION('',(-0.0773801855229237,-0.997001658418098,0.));
#2637=DIRECTION('',(-0.0773801855229237,-0.997001658418098,0.));
#2638=DIRECTION('',(-0.0773801855229237,-0.997001658418098,0.));
#2639=DIRECTION('',(-0.0773801855229237,-0.997001658418098,0.));
#2640=DIRECTION('',(-0.0773801855229237,-0.997001658418098,0.));
#2641=DIRECTION('',(-0.0773801855229237,-0.997001658418098,0.));
#2642=DIRECTION('',(-0.0773801855229237,-0.997001658418098,0.));
#2643=DIRECTION('',(-0.0773801855229237,-0.997001658418098,0.));
#2644=DIRECTION('',(-0.0773801855229237,-0.997001658418098,0.));
#2645=DIRECTION('',(-0.0773801855229237,-0.997001658418098,0.));
#2646=DIRECTION('',(-0.0773801855229237,-0.997001658418098,0.));
#2647=DIRECTION('',(-0.0773801855229237,-0.997001658418098,0.));
#2648=DIRECTION('',(-0.0773801855229237,-0.997001658418098,0.));
#2649=DIRECTION('',(-0.0773801855229237,-0.997001658418098,0.));
#2650=DIRECTION('',(-0.0773801855229237,-0.997001658418098,0.));
#2651=DIRECTION('',(-0.0773801855229237,-0.997001658418098,0.));
#2652=DIRECTION('center_axis',(0.0773801855229292,0.997001658418098,0.));
#2653=DIRECTION('ref_axis',(-0.997001658418098,0.0773801855229292,0.));
#2654=DIRECTION('center_axis',(0.00277087790150194,-0.00021505585699806,
-0.999996137985859));
#2655=DIRECTION('ref_axis',(0.996997807983594,-0.0773798866795584,0.00277921092518379));
#2656=DIRECTION('',(-0.0773801855229241,-0.997001658418098,0.));
#2657=DIRECTION('',(0.996997807983594,-0.0773798866795584,0.00277921092518379));
#2658=DIRECTION('',(-0.0773801855229241,-0.997001658418098,0.));
#2659=DIRECTION('center_axis',(-0.996997807983595,0.0773798866795534,-0.00277921092517825));
#2660=DIRECTION('ref_axis',(0.00277087790149641,-0.000215055856997644,-0.999996137985859));
#2661=DIRECTION('',(-0.0773801855229241,-0.997001658418098,0.));
#2662=DIRECTION('',(0.00277087790149641,-0.000215055856997644,-0.999996137985859));
#2663=DIRECTION('center_axis',(-0.00277087790150194,0.00021505585699806,
0.999996137985859));
#2664=DIRECTION('ref_axis',(-0.996997807983594,0.0773798866795584,-0.00277921092518379));
#2665=DIRECTION('',(-0.0773801855229241,-0.997001658418098,0.));
#2666=DIRECTION('',(-0.996997807983594,0.0773798866795584,-0.00277921092518379));
#2667=DIRECTION('center_axis',(0.996997807983595,-0.0773798866795534,0.00277921092517825));
#2668=DIRECTION('ref_axis',(-0.00277087790149641,0.000215055856997644,0.999996137985859));
#2669=DIRECTION('',(-0.00277087790149641,0.000215055856997644,0.999996137985859));
#2670=DIRECTION('center_axis',(-0.0773801855229241,-0.997001658418098,0.));
#2671=DIRECTION('ref_axis',(0.,0.,-1.));
#2672=DIRECTION('',(-0.0773801855229241,-0.997001658418098,0.));
#2673=DIRECTION('',(-0.0773801855229241,-0.997001658418098,0.));
#2674=DIRECTION('',(-0.0773801855229241,-0.997001658418098,0.));
#2675=DIRECTION('',(-0.0773801855229241,-0.997001658418098,0.));
#2676=DIRECTION('',(-0.0773801855229241,-0.997001658418098,0.));
#2677=DIRECTION('',(-0.0773801855229241,-0.997001658418098,0.));
#2678=DIRECTION('',(-0.0773801855229241,-0.997001658418098,0.));
#2679=DIRECTION('',(-0.0773801855229241,-0.997001658418098,0.));
#2680=DIRECTION('',(-0.0773801855229241,-0.997001658418098,0.));
#2681=DIRECTION('',(-0.0773801855229241,-0.997001658418098,0.));
#2682=DIRECTION('',(-0.0773801855229241,-0.997001658418098,0.));
#2683=DIRECTION('',(-0.0773801855229241,-0.997001658418098,0.));
#2684=DIRECTION('',(-0.0773801855229241,-0.997001658418098,0.));
#2685=DIRECTION('',(-0.0773801855229241,-0.997001658418098,0.));
#2686=DIRECTION('',(-0.0773801855229241,-0.997001658418098,0.));
#2687=DIRECTION('',(-0.0773801855229241,-0.997001658418098,0.));
#2688=DIRECTION('',(-0.0773801855229241,-0.997001658418098,0.));
#2689=DIRECTION('',(-0.0773801855229241,-0.997001658418098,0.));
#2690=DIRECTION('',(-0.0773801855229241,-0.997001658418098,0.));
#2691=DIRECTION('',(-0.0773801855229241,-0.997001658418098,0.));
#2692=DIRECTION('',(-0.0773801855229241,-0.997001658418098,0.));
#2693=DIRECTION('',(-0.0773801855229241,-0.997001658418098,0.));
#2694=DIRECTION('',(-0.0773801855229241,-0.997001658418098,0.));
#2695=DIRECTION('',(-0.0773801855229241,-0.997001658418098,0.));
#2696=DIRECTION('',(-0.0773801855229241,-0.997001658418098,0.));
#2697=DIRECTION('',(-0.0773801855229241,-0.997001658418098,0.));
#2698=DIRECTION('',(-0.0773801855229241,-0.997001658418098,0.));
#2699=DIRECTION('center_axis',(0.99417839011339,-0.0771610634950371,-0.075203051213781));
#2700=DIRECTION('ref_axis',(0.0749775667782408,-0.00581922605481272,0.997168241114877));
#2701=DIRECTION('',(-0.0773801855229241,-0.997001658418098,0.));
#2702=DIRECTION('',(0.0749775667782408,-0.00581922605481272,0.997168241114877));
#2703=DIRECTION('center_axis',(0.0773801855229292,0.997001658418098,0.));
#2704=DIRECTION('ref_axis',(-0.997001658418098,0.0773801855229292,0.));
#2705=DIRECTION('center_axis',(0.996997807983595,-0.0773798866795534,0.00277921092517959));
#2706=DIRECTION('ref_axis',(-0.00277087790149775,0.000215055856997749,0.999996137985859));
#2707=DIRECTION('',(-0.00277087790149775,0.000215055856997749,0.999996137985859));
#2708=DIRECTION('',(-0.0773801855229241,-0.997001658418098,0.));
#2709=DIRECTION('',(-0.00277087790149775,0.000215055856997749,0.999996137985859));
#2710=DIRECTION('',(-0.0773801855229241,-0.997001658418098,0.));
#2711=DIRECTION('',(-0.0773801855229241,-0.997001658418098,0.));
#2712=DIRECTION('',(-0.0773801855229241,-0.997001658418098,0.));
#2713=DIRECTION('',(-0.0773801855229241,-0.997001658418098,0.));
#2714=DIRECTION('',(-0.0773801855229241,-0.997001658418098,0.));
#2715=DIRECTION('',(-0.0773801855229241,-0.997001658418098,0.));
#2716=DIRECTION('center_axis',(-0.996997807983595,0.0773798866795534,-0.00277921092518227));
#2717=DIRECTION('ref_axis',(0.00277087790150042,-0.000215055856997956,-0.999996137985859));
#2718=DIRECTION('',(0.00277087790150042,-0.000215055856997956,-0.999996137985859));
#2719=DIRECTION('',(-0.0773801855229241,-0.997001658418098,0.));
#2720=DIRECTION('',(0.00277087790150042,-0.000215055856997956,-0.999996137985859));
#2721=DIRECTION('center_axis',(0.00277087790150235,-0.000215055856998091,
-0.999996137985859));
#2722=DIRECTION('ref_axis',(0.996997807983594,-0.0773798866795584,0.0027792109251842));
#2723=DIRECTION('',(0.996997807983594,-0.0773798866795584,0.0027792109251842));
#2724=DIRECTION('',(0.996997807983594,-0.0773798866795584,0.0027792109251842));
#2725=DIRECTION('center_axis',(0.00277087790150195,-0.000215055856998061,
-0.999996137985859));
#2726=DIRECTION('ref_axis',(0.996997807983594,-0.0773798866795584,0.00277921092518381));
#2727=DIRECTION('',(-0.0773801855229241,-0.997001658418098,0.));
#2728=DIRECTION('',(0.996997807983594,-0.0773798866795584,0.00277921092518381));
#2729=DIRECTION('',(-0.0773801855229241,-0.997001658418098,0.));
#2730=DIRECTION('center_axis',(0.996997807983595,-0.0773798866795534,0.00277921092518015));
#2731=DIRECTION('ref_axis',(-0.0027708779014983,0.000215055856997791,0.999996137985859));
#2732=DIRECTION('',(-0.0773801855229241,-0.997001658418098,0.));
#2733=DIRECTION('',(-0.0027708779014983,0.000215055856997791,0.999996137985859));
#2734=DIRECTION('',(-0.0773801855229241,-0.997001658418098,0.));
#2735=DIRECTION('',(-0.0773801855229241,-0.997001658418098,0.));
#2736=DIRECTION('',(-0.0773801855229241,-0.997001658418098,0.));
#2737=DIRECTION('',(-0.0773801855229241,-0.997001658418098,0.));
#2738=DIRECTION('center_axis',(0.532746867964697,-0.0413480269885143,0.845263932353654));
#2739=DIRECTION('ref_axis',(-0.842729542357596,0.0654066799013664,0.534349028877228));
#2740=DIRECTION('',(-0.0773801855229241,-0.997001658418098,0.));
#2741=DIRECTION('',(-0.842729542357596,0.0654066799013664,0.534349028877228));
#2742=DIRECTION('center_axis',(0.996997807983595,-0.0773798866795534,0.00277921092519325));
#2743=DIRECTION('ref_axis',(-0.00277087790151137,0.000215055856998805,0.999996137985859));
#2744=DIRECTION('',(-0.0773801855229241,-0.997001658418098,0.));
#2745=DIRECTION('',(-0.00277087790151137,0.000215055856998805,0.999996137985859));
#2746=DIRECTION('center_axis',(-0.534562430306402,0.0414889380388053,-0.844109990537564));
#2747=DIRECTION('ref_axis',(0.841579060453236,-0.0653173876695546,-0.536170051266083));
#2748=DIRECTION('',(-0.0773801855229241,-0.997001658418098,0.));
#2749=DIRECTION('',(0.841579060453236,-0.0653173876695546,-0.536170051266083));
#2750=DIRECTION('',(-0.0773801855229241,-0.997001658418098,0.));
#2751=DIRECTION('',(-0.0773801855229241,-0.997001658418098,0.));
#2752=DIRECTION('',(-0.0773801855229241,-0.997001658418098,0.));
#2753=DIRECTION('',(-0.0773801855229241,-0.997001658418098,0.));
#2754=DIRECTION('',(-0.0773801855229241,-0.997001658418098,0.));
#2755=DIRECTION('',(-0.0773801855229241,-0.997001658418098,0.));
#2756=DIRECTION('',(-0.0773801855229241,-0.997001658418098,0.));
#2757=DIRECTION('center_axis',(-0.996997807983595,0.0773798866795534,-0.0027792109251835));
#2758=DIRECTION('ref_axis',(0.00277087790150164,-0.000215055856998051,-0.999996137985859));
#2759=DIRECTION('',(-0.0773801855229241,-0.997001658418098,0.));
#2760=DIRECTION('',(0.00277087790150164,-0.000215055856998051,-0.999996137985859));
#2761=DIRECTION('center_axis',(-0.00277087790150155,0.000215055856998029,
0.999996137985859));
#2762=DIRECTION('ref_axis',(-0.996997807983594,0.0773798866795584,-0.0027792109251834));
#2763=DIRECTION('',(-0.0773801855229241,-0.997001658418098,0.));
#2764=DIRECTION('',(-0.996997807983594,0.0773798866795584,-0.0027792109251834));
#2765=DIRECTION('center_axis',(0.996997807983595,-0.0773798866795534,0.00277921092517966));
#2766=DIRECTION('ref_axis',(-0.00277087790149781,0.000215055856997753,0.999996137985859));
#2767=DIRECTION('',(-0.00277087790149781,0.000215055856997753,0.999996137985859));
#2768=DIRECTION('center_axis',(0.0773801855229292,0.997001658418098,0.));
#2769=DIRECTION('ref_axis',(-0.997001658418098,0.0773801855229292,0.));
#2770=DIRECTION('center_axis',(-0.0773801855229292,-0.997001658418098,0.));
#2771=DIRECTION('ref_axis',(-0.997001658418098,0.0773801855229292,-1.40254782592037E-32));
#2772=DIRECTION('center_axis',(-0.0773801855229292,-0.997001658418098,0.));
#2773=DIRECTION('ref_axis',(-0.997001658418098,0.0773801855229292,-1.40254782592037E-32));
#2774=DIRECTION('center_axis',(-0.0773801855229292,-0.997001658418098,0.));
#2775=DIRECTION('ref_axis',(-0.997001658418098,0.0773801855229292,-1.40254782592037E-32));
#2776=DIRECTION('center_axis',(0.371390676388587,0.928476690871466,2.06163240006655E-16));
#2777=DIRECTION('ref_axis',(0.,2.22044604925031E-16,-1.));
#2778=DIRECTION('',(0.,2.22044604925031E-16,-1.));
#2779=DIRECTION('center_axis',(0.,1.,2.22044604925031E-16));
#2780=DIRECTION('ref_axis',(0.,2.22044604925031E-16,-1.));
#2781=DIRECTION('',(0.,2.22044604925031E-16,-1.));
#2782=DIRECTION('center_axis',(0.,2.22044604925031E-16,-1.));
#2783=DIRECTION('ref_axis',(0.,1.,2.22044604925031E-16));
#2784=DIRECTION('',(0.,2.22044604925031E-16,-1.));
#2785=DIRECTION('center_axis',(0.,1.,2.22044604925031E-16));
#2786=DIRECTION('ref_axis',(-1.,0.,0.));
#2787=DIRECTION('',(0.,0.,-1.));
#2788=DIRECTION('center_axis',(0.,0.,-1.));
#2789=DIRECTION('ref_axis',(0.998298030479198,0.0583184562669078,0.));
#2790=DIRECTION('',(0.,0.,-1.));
#2791=DIRECTION('center_axis',(0.,-2.22044604925031E-16,1.));
#2792=DIRECTION('ref_axis',(0.998298030479198,0.0583184562669078,0.));
#2793=DIRECTION('',(0.,0.,-1.));
#2794=DIRECTION('center_axis',(0.,2.22044604925031E-16,-1.));
#2795=DIRECTION('ref_axis',(0.998298030479198,0.0583184562669078,0.));
#2796=DIRECTION('',(0.,0.,1.));
#2797=DIRECTION('center_axis',(0.,-2.22044604925031E-16,1.));
#2798=DIRECTION('ref_axis',(0.998298030479198,0.0583184562669076,0.));
#2799=DIRECTION('',(0.,0.,-1.));
#2800=DIRECTION('center_axis',(0.,0.,-1.));
#2801=DIRECTION('ref_axis',(-0.844597466811867,-0.535401829521508,0.));
#2802=DIRECTION('center_axis',(0.,-2.22044604925031E-16,1.));
#2803=DIRECTION('ref_axis',(-0.844597466811867,-0.535401829521508,0.));
#2804=DIRECTION('',(0.,0.,-1.));
#2805=DIRECTION('center_axis',(0.,0.,-1.));
#2806=DIRECTION('ref_axis',(-1.,0.,0.));
#2807=DIRECTION('',(0.,0.,1.));
#2808=DIRECTION('center_axis',(0.,0.,-1.));
#2809=DIRECTION('ref_axis',(-1.,0.,0.));
#2810=DIRECTION('center_axis',(0.,0.,-1.));
#2811=DIRECTION('ref_axis',(0.304671180263042,-0.952457595862999,0.));
#2812=DIRECTION('center_axis',(0.,2.22044604925031E-16,-1.));
#2813=DIRECTION('ref_axis',(-1.,0.,0.));
#2814=DIRECTION('center_axis',(0.,-2.22044604925031E-16,1.));
#2815=DIRECTION('ref_axis',(-1.,0.,0.));
#2816=DIRECTION('',(0.,0.,-1.));
#2817=DIRECTION('center_axis',(0.,0.,-1.));
#2818=DIRECTION('ref_axis',(-0.933960693763765,-0.357375744146559,0.));
#2819=DIRECTION('center_axis',(0.,2.22044604925031E-16,-1.));
#2820=DIRECTION('ref_axis',(-0.933960693763765,-0.357375744146559,0.));
#2821=DIRECTION('center_axis',(0.,-2.22044604925031E-16,1.));
#2822=DIRECTION('ref_axis',(-0.933960693763765,-0.357375744146559,0.));
#2823=DIRECTION('',(0.,0.,-1.));
#2824=DIRECTION('center_axis',(0.,-2.22044604925031E-16,1.));
#2825=DIRECTION('ref_axis',(-0.933960693763765,-0.357375744146559,0.));
#2826=DIRECTION('',(0.,2.61228946970625E-16,-1.));
#2827=DIRECTION('center_axis',(0.,0.,-1.));
#2828=DIRECTION('ref_axis',(-1.,0.,0.));
#2829=DIRECTION('center_axis',(0.,-2.22044604925031E-16,1.));
#2830=DIRECTION('ref_axis',(-1.,0.,0.));
#2831=DIRECTION('',(0.,0.,-1.));
#2832=DIRECTION('center_axis',(0.,0.,-1.));
#2833=DIRECTION('ref_axis',(-1.,0.,0.));
#2834=DIRECTION('center_axis',(0.,-2.22044604925031E-16,1.));
#2835=DIRECTION('ref_axis',(-1.,0.,0.));
#2836=DIRECTION('',(0.,0.,1.));
#2837=DIRECTION('center_axis',(0.,-2.22044604925031E-16,1.));
#2838=DIRECTION('ref_axis',(1.,0.,0.));
#2839=DIRECTION('',(1.,0.,0.));
#2840=DIRECTION('center_axis',(0.,-1.,0.));
#2841=DIRECTION('ref_axis',(0.,0.,-1.));
#2842=DIRECTION('',(-1.,0.,0.));
#2843=DIRECTION('center_axis',(0.,2.22044604925031E-16,-1.));
#2844=DIRECTION('ref_axis',(0.,1.,2.22044604925031E-16));
#2845=DIRECTION('center_axis',(0.,-2.22044604925031E-16,1.));
#2846=DIRECTION('ref_axis',(0.,-1.,-2.22044604925031E-16));
#2847=DIRECTION('',(0.,2.22044604925031E-16,-1.));
#2848=DIRECTION('center_axis',(0.,2.22044604925031E-16,-1.));
#2849=DIRECTION('ref_axis',(0.,1.,2.22044604925031E-16));
#2850=DIRECTION('',(-8.65956056237703E-17,-0.707106781188352,-0.707106781184743));
#2851=DIRECTION('center_axis',(0.,-2.22044604925031E-16,1.));
#2852=DIRECTION('ref_axis',(0.,-1.,-2.22044604925031E-16));
#2853=DIRECTION('center_axis',(0.,2.22044604925031E-16,-1.));
#2854=DIRECTION('ref_axis',(0.,1.,2.22044604925031E-16));
#2855=DIRECTION('center_axis',(0.,-1.,-2.22044604925031E-16));
#2856=DIRECTION('ref_axis',(1.,0.,0.));
#2857=DIRECTION('',(-1.,0.,0.));
#2858=DIRECTION('center_axis',(0.,2.22044604925031E-16,-1.));
#2859=DIRECTION('ref_axis',(-1.,0.,0.));
#2860=DIRECTION('center_axis',(0.,-2.22044604925031E-16,1.));
#2861=DIRECTION('ref_axis',(1.,0.,0.));
#2862=CARTESIAN_POINT('',(0.,0.,0.));
#2863=CARTESIAN_POINT('Origin',(20.175000000087,-4.7560879259192,2.1643829364192));
#2864=CARTESIAN_POINT('',(21.695632937674,-4.75608792591909,-0.554367063681273));
#2865=CARTESIAN_POINT('',(21.695632937674,-4.75608792591908,-0.616867063480313));
#2866=CARTESIAN_POINT('',(21.695632937674,-4.7560879259192,2.1643829364192));
#2867=CARTESIAN_POINT('',(18.7218903589,-5.20419159861921,-0.843750000380804));
#2868=CARTESIAN_POINT('Ctrl Pts',(21.695632937674,-4.75608792591896,-0.616867063480311));
#2869=CARTESIAN_POINT('Ctrl Pts',(21.695632937674,-4.90377911687238,-0.623876443144319));
#2870=CARTESIAN_POINT('Ctrl Pts',(21.6741218993306,-5.05093135370908,-0.631449665391958));
#2871=CARTESIAN_POINT('Ctrl Pts',(21.5740035660799,-5.38475680062395,-0.650036250588184));
#2872=CARTESIAN_POINT('Ctrl Pts',(21.4791348263035,-5.56334548972042,-0.661111502344787));
#2873=CARTESIAN_POINT('Ctrl Pts',(21.2302990073992,-5.8677946472435,-0.682378886274607));
#2874=CARTESIAN_POINT('Ctrl Pts',(21.0809231317345,-5.99253647976093,-0.692220898052045));
#2875=CARTESIAN_POINT('Ctrl Pts',(20.7360157806605,-6.18374609931605,-0.711122421622709));
#2876=CARTESIAN_POINT('Ctrl Pts',(20.5420909205515,-6.24543841006615,-0.721749841713065));
#2877=CARTESIAN_POINT('Ctrl Pts',(20.1451141099164,-6.28925356596142,-0.74350486232966));
#2878=CARTESIAN_POINT('Ctrl Pts',(19.9460369995683,-6.27235742051303,-0.75441463469158));
#2879=CARTESIAN_POINT('Ctrl Pts',(19.5701628389646,-6.16455749595612,-0.775013193305224));
#2880=CARTESIAN_POINT('Ctrl Pts',(19.3964092976953,-6.07646885005098,-0.783869576966392));
#2881=CARTESIAN_POINT('Ctrl Pts',(19.121562139236,-5.86355647804937,-0.801505385861718));
#2882=CARTESIAN_POINT('Ctrl Pts',(19.0145213867806,-5.75082297324008,-0.809788694067947));
#2883=CARTESIAN_POINT('Ctrl Pts',(18.8369828236764,-5.49537159490219,-0.82677705120864));
#2884=CARTESIAN_POINT('Ctrl Pts',(18.768023739758,-5.3537928284857,-0.835385876008285));
#2885=CARTESIAN_POINT('Ctrl Pts',(18.7218903588758,-5.20419159862631,-0.843750000377714));
#2886=CARTESIAN_POINT('',(18.8377515624,-4.0321465286192,-0.843750000380804));
#2887=CARTESIAN_POINT('Origin',(20.175,-4.7560879259192,-0.843750000380804));
#2888=CARTESIAN_POINT('Ctrl Pts',(21.695632937674,-4.75608792591897,-0.554367063681273));
#2889=CARTESIAN_POINT('Ctrl Pts',(21.695632937674,-4.91033488425317,-0.561687578100578));
#2890=CARTESIAN_POINT('Ctrl Pts',(21.672169545652,-5.06392653560299,-0.569619909222093));
#2891=CARTESIAN_POINT('Ctrl Pts',(21.5658867464217,-5.40243802518795,-0.588597804335598));
#2892=CARTESIAN_POINT('Ctrl Pts',(21.4688995228331,-5.57959045896352,-0.599662940147225));
#2893=CARTESIAN_POINT('Ctrl Pts',(21.2165835442377,-5.88062786346188,-0.620863762704461));
#2894=CARTESIAN_POINT('Ctrl Pts',(21.0658211508571,-6.00343924358627,-0.630548513111284));
#2895=CARTESIAN_POINT('Ctrl Pts',(20.7187438777812,-6.19041524840805,-0.649568952139761));
#2896=CARTESIAN_POINT('Ctrl Pts',(20.5240732340967,-6.24976629832864,-0.660237242445793));
#2897=CARTESIAN_POINT('Ctrl Pts',(20.1268097700328,-6.28875755204679,-0.682007972136097));
#2898=CARTESIAN_POINT('Ctrl Pts',(19.928182847003,-6.26952372968928,-0.692893073438759));
#2899=CARTESIAN_POINT('Ctrl Pts',(19.5535918228881,-6.15735655082501,-0.713421313929382));
#2900=CARTESIAN_POINT('Ctrl Pts',(19.38068830918,-6.06710548351799,-0.722244728397813));
#2901=CARTESIAN_POINT('Ctrl Pts',(19.0702013052051,-5.82052291734624,-0.742455077397678));
#2902=CARTESIAN_POINT('Ctrl Pts',(18.9380432357824,-5.66357021292328,-0.753525251914384));
#2903=CARTESIAN_POINT('Ctrl Pts',(18.7469367107819,-5.31387912053836,-0.77535797160172));
#2904=CARTESIAN_POINT('Ctrl Pts',(18.6871454847356,-5.12595534083176,-0.785915109551468));
#2905=CARTESIAN_POINT('Ctrl Pts',(18.646955692418,-4.78057050210173,-0.803408205842776));
#2906=CARTESIAN_POINT('Ctrl Pts',(18.6521746617789,-4.62753482645878,-0.810408081469062));
#2907=CARTESIAN_POINT('Ctrl Pts',(18.7090654788702,-4.32192299288715,-0.826471185447124));
#2908=CARTESIAN_POINT('Ctrl Pts',(18.7622804885151,-4.17155501664441,-0.835065742152158));
#2909=CARTESIAN_POINT('Ctrl Pts',(18.8377515623843,-4.03214652861119,-0.843750000374586));
#2910=CARTESIAN_POINT('Origin',(20.175000000087,-4.7560879259192,2.1643829364192));
#2911=CARTESIAN_POINT('',(21.695632937674,-4.75608792591919,-0.0543670636812788));
#2912=CARTESIAN_POINT('',(21.695632937674,-4.75608792591917,-0.116867063480319));
#2913=CARTESIAN_POINT('',(21.695632937674,-4.7560879259192,2.1643829364192));
#2914=CARTESIAN_POINT('Ctrl Pts',(21.695632937674,-4.75608792591913,-0.116867063480319));
#2915=CARTESIAN_POINT('Ctrl Pts',(21.695632937674,-4.93557302763976,-0.125385372621642));
#2916=CARTESIAN_POINT('Ctrl Pts',(21.6638598057482,-5.11383492603229,-0.134716240385437));
#2917=CARTESIAN_POINT('Ctrl Pts',(21.5326477387489,-5.46934994459172,-0.155184201536067));
#2918=CARTESIAN_POINT('Ctrl Pts',(21.4277183244685,-5.64076250905599,-0.166194547811276));
#2919=CARTESIAN_POINT('Ctrl Pts',(21.1622019631733,-5.92861964299255,-0.187131540663122));
#2920=CARTESIAN_POINT('Ctrl Pts',(21.0059917776571,-6.04404482574221,-0.196327266766266));
#2921=CARTESIAN_POINT('Ctrl Pts',(20.6506170895409,-6.21442933726695,-0.215802418634299));
#2922=CARTESIAN_POINT('Ctrl Pts',(20.4533158552902,-6.26456069926792,-0.226614869905906));
#2923=CARTESIAN_POINT('Ctrl Pts',(20.0554968762173,-6.28473542146085,-0.248416042815243));
#2924=CARTESIAN_POINT('Ctrl Pts',(19.8588822360691,-6.25646306167578,-0.25919086751937));
#2925=CARTESIAN_POINT('Ctrl Pts',(19.4894283301024,-6.12728402003004,-0.2794375849935));
#2926=CARTESIAN_POINT('Ctrl Pts',(19.319802083168,-6.02841810261652,-0.288249155438545));
#2927=CARTESIAN_POINT('Ctrl Pts',(19.021258032882,-5.76707037341529,-0.308833007352036));
#2928=CARTESIAN_POINT('Ctrl Pts',(18.8972146422748,-5.60488649938419,-0.319929102362267));
#2929=CARTESIAN_POINT('Ctrl Pts',(18.7231852116656,-5.2484230814587,-0.341615307357886));
#2930=CARTESIAN_POINT('Ctrl Pts',(18.6721628843199,-5.05884347192338,-0.352010755042082));
#2931=CARTESIAN_POINT('Ctrl Pts',(18.6439252680158,-4.66478515653556,-0.371486379928446));
#2932=CARTESIAN_POINT('Ctrl Pts',(18.6692833214312,-4.46391552096954,-0.381142196850388));
#2933=CARTESIAN_POINT('Ctrl Pts',(18.7962391099676,-4.08436817882927,-0.402634099133893));
#2934=CARTESIAN_POINT('Ctrl Pts',(18.8962517108038,-3.90933446042096,-0.413681579314293));
#2935=CARTESIAN_POINT('Ctrl Pts',(19.1535649014186,-3.61324240693019,-0.434784624943767));
#2936=CARTESIAN_POINT('Ctrl Pts',(19.3063533268714,-3.49321465553816,-0.444263712963973));
#2937=CARTESIAN_POINT('Ctrl Pts',(19.656560178951,-3.31241894536107,-0.463455658397036));
#2938=CARTESIAN_POINT('Ctrl Pts',(19.8522652086986,-3.25649515485149,-0.474180634870776));
#2939=CARTESIAN_POINT('Ctrl Pts',(20.2498408808728,-3.22453169450537,-0.495968474114648));
#2940=CARTESIAN_POINT('Ctrl Pts',(20.4477639119068,-3.24715616973284,-0.506815000905672));
#2941=CARTESIAN_POINT('Ctrl Pts',(20.8204611657732,-3.36567941234827,-0.527239459469196));
#2942=CARTESIAN_POINT('Ctrl Pts',(20.9921347714952,-3.45911272255006,-0.536036546473541));
#2943=CARTESIAN_POINT('Ctrl Pts',(21.2982282097657,-3.71118950595684,-0.556387261860393));
#2944=CARTESIAN_POINT('Ctrl Pts',(21.4274028329345,-3.87012676628316,-0.56746987378804));
#2945=CARTESIAN_POINT('Ctrl Pts',(21.6122092482307,-4.22242079263084,-0.589253499459778));
#2946=CARTESIAN_POINT('Ctrl Pts',(21.6687560444883,-4.41100495795425,-0.599753078914301));
#2947=CARTESIAN_POINT('Ctrl Pts',(21.6931353654542,-4.65539229305919,-0.612019643255054));
#2948=CARTESIAN_POINT('Ctrl Pts',(21.695632937674,-4.70576813476764,-0.614478901265875));
#2949=CARTESIAN_POINT('Ctrl Pts',(21.695632937674,-4.75608792591896,-0.61686706348031));
#2950=CARTESIAN_POINT('Ctrl Pts',(21.695632937674,-4.75608792591917,-0.0543670636812833));
#2951=CARTESIAN_POINT('Ctrl Pts',(21.695632937674,-4.94177697262497,-0.063179810192458));
#2952=CARTESIAN_POINT('Ctrl Pts',(21.6616240329451,-5.12607236366762,-0.0728582878309166));
#2953=CARTESIAN_POINT('Ctrl Pts',(21.5240025965183,-5.48550467770343,-0.0936877849553025));
#2954=CARTESIAN_POINT('Ctrl Pts',(21.417173857325,-5.65545668048498,-0.104680856568102));
#2955=CARTESIAN_POINT('Ctrl Pts',(21.1484569929818,-5.94006195237339,-0.125551213587925));
#2956=CARTESIAN_POINT('Ctrl Pts',(20.9908774185986,-6.05367896592337,-0.134655560160435));
#2957=CARTESIAN_POINT('Ctrl Pts',(20.6334779350048,-6.21990936846047,-0.154241674300551));
#2958=CARTESIAN_POINT('Ctrl Pts',(20.4355911212388,-6.2677251064187,-0.16508621632798));
#2959=CARTESIAN_POINT('Ctrl Pts',(20.0377729859953,-6.28321770082206,-0.186887342964311));
#2960=CARTESIAN_POINT('Ctrl Pts',(19.8417223358532,-6.25271590644836,-0.197631260025566));
#2961=CARTESIAN_POINT('Ctrl Pts',(19.4735792395123,-6.11930256924651,-0.217806142843507));
#2962=CARTESIAN_POINT('Ctrl Pts',(19.3047653898097,-6.01824409246008,-0.226644029483944));
#2963=CARTESIAN_POINT('Ctrl Pts',(19.0092855801725,-5.75319226713409,-0.24731971379687));
#2964=CARTESIAN_POINT('Ctrl Pts',(18.8873251755273,-5.5897486511847,-0.258418520135459));
#2965=CARTESIAN_POINT('Ctrl Pts',(18.7176501064131,-5.23170011112836,-0.28006064123284));
#2966=CARTESIAN_POINT('Ctrl Pts',(18.6688509438476,-5.04176545047534,-0.290412022879249));
#2967=CARTESIAN_POINT('Ctrl Pts',(18.644997434155,-4.64684619093523,-0.309808379575137));
#2968=CARTESIAN_POINT('Ctrl Pts',(18.6728705968552,-4.44548374807893,-0.319615257741029));
#2969=CARTESIAN_POINT('Ctrl Pts',(18.8048382561052,-4.06706944594968,-0.341190715924704));
#2970=CARTESIAN_POINT('Ctrl Pts',(18.9069039429017,-3.89352038636174,-0.352223990999763));
#2971=CARTESIAN_POINT('Ctrl Pts',(19.167629133818,-3.60083599730687,-0.373258801706593));
#2972=CARTESIAN_POINT('Ctrl Pts',(19.3218258420933,-3.48271734610534,-0.382611633831467));
#2973=CARTESIAN_POINT('Ctrl Pts',(19.6741779654152,-3.30621131921325,-0.401921143864372));
#2974=CARTESIAN_POINT('Ctrl Pts',(19.8705629378716,-3.25267176799232,-0.412683382386198));
#2975=CARTESIAN_POINT('Ctrl Pts',(20.2682816054565,-3.22557409667551,-0.434479058048525));
#2976=CARTESIAN_POINT('Ctrl Pts',(20.465683970767,-3.25053574605935,-0.445297051468109));
#2977=CARTESIAN_POINT('Ctrl Pts',(20.8370526730305,-3.37345720469897,-0.465648703131895));
#2978=CARTESIAN_POINT('Ctrl Pts',(21.0078796166763,-3.46911784891236,-0.474442809433541));
#2979=CARTESIAN_POINT('Ctrl Pts',(21.3108851577415,-3.72501234912033,-0.4948901014535));
#2980=CARTESIAN_POINT('Ctrl Pts',(21.437961320204,-3.88530238490546,-0.505979416048489));
#2981=CARTESIAN_POINT('Ctrl Pts',(21.6183515882908,-4.2393477343261,-0.527725152709317));
#2982=CARTESIAN_POINT('Ctrl Pts',(21.6726307397718,-4.42836009617118,-0.538182918800845));
#2983=CARTESIAN_POINT('Ctrl Pts',(21.6936773617179,-4.66698630825203,-0.550084743113576));
#2984=CARTESIAN_POINT('Ctrl Pts',(21.695632937674,-4.71156187910028,-0.552253870837323));
#2985=CARTESIAN_POINT('Ctrl Pts',(21.695632937674,-4.75608792591897,-0.554367063681275));
#2986=CARTESIAN_POINT('Origin',(20.175000000087,-4.7560879259192,2.1643829364192));
#2987=CARTESIAN_POINT('',(21.695632937674,-4.75608792591921,0.445632936318715));
#2988=CARTESIAN_POINT('',(21.695632937674,-4.7560879259192,0.383132936519678));
#2989=CARTESIAN_POINT('',(21.695632937674,-4.7560879259192,2.1643829364192));
#2990=CARTESIAN_POINT('Ctrl Pts',(21.695632937674,-4.75608792591921,0.383132936519676));
#2991=CARTESIAN_POINT('Ctrl Pts',(21.695632937674,-4.7633739926832,0.382787141974474));
#2992=CARTESIAN_POINT('Ctrl Pts',(21.6955805712606,-4.77066215364597,0.382439813153873));
#2993=CARTESIAN_POINT('Ctrl Pts',(21.692577892965,-4.97947642598363,0.372447274363819));
#2994=CARTESIAN_POINT('Ctrl Pts',(21.6496447615038,-5.17839318636339,0.361830339333398));
#2995=CARTESIAN_POINT('Ctrl Pts',(21.4901881034905,-5.54462662631128,0.340079758723968));
#2996=CARTESIAN_POINT('Ctrl Pts',(21.376470927305,-5.70897175187696,0.329164038651494));
#2997=CARTESIAN_POINT('Ctrl Pts',(21.0959645768279,-5.98141205366527,0.30854798527419));
#2998=CARTESIAN_POINT('Ctrl Pts',(20.9331606754421,-6.08829725389381,0.299681461980382));
#2999=CARTESIAN_POINT('Ctrl Pts',(20.5665835510898,-6.23945941068372,0.279592397098865));
#3000=CARTESIAN_POINT('Ctrl Pts',(20.364820658943,-6.27848062927764,0.268535439205897));
#3001=CARTESIAN_POINT('Ctrl Pts',(19.9657519160368,-6.2749090251469,0.246665777066343));
#3002=CARTESIAN_POINT('Ctrl Pts',(19.7722558214586,-6.23541736886555,0.236061854093086));
#3003=CARTESIAN_POINT('Ctrl Pts',(19.4095978338774,-6.08473534081882,0.216187564786013));
#3004=CARTESIAN_POINT('Ctrl Pts',(19.2440885649398,-5.97451095665049,0.207117811225775));
#3005=CARTESIAN_POINT('Ctrl Pts',(18.961512757635,-5.69425193170994,0.186073978644248));
#3006=CARTESIAN_POINT('Ctrl Pts',(18.8482991683391,-5.5258682992133,0.174980390941629));
#3007=CARTESIAN_POINT('Ctrl Pts',(18.6967855848691,-5.16180968672395,0.153550674107557));
#3008=CARTESIAN_POINT('Ctrl Pts',(18.6572047375117,-4.9706791008927,0.143395124069073));
#3009=CARTESIAN_POINT('Ctrl Pts',(18.6517122729403,-4.5757949554021,0.124503542499418));
#3010=CARTESIAN_POINT('Ctrl Pts',(18.6889695514473,-4.37572354239284,0.114132818428579));
#3011=CARTESIAN_POINT('Ctrl Pts',(18.8382578915768,-4.00452353818605,0.0924251469406823));
#3012=CARTESIAN_POINT('Ctrl Pts',(18.9476787467748,-3.83662304326256,0.081458413046836));
#3013=CARTESIAN_POINT('Ctrl Pts',(19.2207963322521,-3.55652449575364,0.0606813602356815));
#3014=CARTESIAN_POINT('Ctrl Pts',(19.3802921004517,-3.44540647875232,0.051684313466604));
#3015=CARTESIAN_POINT('Ctrl Pts',(19.7404817992653,-3.28497469463499,0.0319452906497547));
#3016=CARTESIAN_POINT('Ctrl Pts',(19.9391371129466,-3.24039346990554,0.0210586334805968));
#3017=CARTESIAN_POINT('Ctrl Pts',(20.3368618531374,-3.2314122524375,-0.000737374945600222));
#3018=CARTESIAN_POINT('Ctrl Pts',(20.5320862584627,-3.26500157915309,-0.0114360123457868));
#3019=CARTESIAN_POINT('Ctrl Pts',(20.8983824387294,-3.40430847284874,-0.0315096809244336));
#3020=CARTESIAN_POINT('Ctrl Pts',(21.0660679312686,-3.50845400437334,-0.0404041018874374));
#3021=CARTESIAN_POINT('Ctrl Pts',(21.3572183049942,-3.77867845173076,-0.0612066469891281));
#3022=CARTESIAN_POINT('Ctrl Pts',(21.4762384555389,-3.94384481178931,-0.0723066487316704));
#3023=CARTESIAN_POINT('Ctrl Pts',(21.6397866183624,-4.30402845078691,-0.0938822184264976));
#3024=CARTESIAN_POINT('Ctrl Pts',(21.6854662124628,-4.4944175374801,-0.104169688105883));
#3025=CARTESIAN_POINT('Ctrl Pts',(21.6951294597073,-4.71088537438344,-0.114707968190419));
#3026=CARTESIAN_POINT('Ctrl Pts',(21.695632937674,-4.73349569561186,-0.115794842997581));
#3027=CARTESIAN_POINT('Ctrl Pts',(21.695632937674,-4.75608792591913,-0.116867063480319));
#3028=CARTESIAN_POINT('Ctrl Pts',(21.695632937674,-4.75608792591922,0.445632936318718));
#3029=CARTESIAN_POINT('Ctrl Pts',(21.695632937674,-4.76928605435079,0.445006557098442));
#3030=CARTESIAN_POINT('Ctrl Pts',(21.6954611111142,-4.78249063599506,0.444375163413185));
#3031=CARTESIAN_POINT('Ctrl Pts',(21.6898666029562,-4.99718929506006,0.434032334997077));
#3032=CARTESIAN_POINT('Ctrl Pts',(21.6446085683887,-5.19560587604762,0.423375433961181));
#3033=CARTESIAN_POINT('Ctrl Pts',(21.4809624854039,-5.5597584514758,0.401608816665301));
#3034=CARTESIAN_POINT('Ctrl Pts',(21.3654985025251,-5.72259996819192,0.390716593393172));
#3035=CARTESIAN_POINT('Ctrl Pts',(21.0819499088313,-5.99185390093887,0.370168404028602));
#3036=CARTESIAN_POINT('Ctrl Pts',(20.9177493492881,-6.09698125254113,0.361336894282578));
#3037=CARTESIAN_POINT('Ctrl Pts',(20.549458124552,-6.24384185408406,0.341153893760414));
#3038=CARTESIAN_POINT('Ctrl Pts',(20.3475048617706,-6.28050799147315,0.330086503245333));
#3039=CARTESIAN_POINT('Ctrl Pts',(19.9489502798028,-6.27247224971784,0.308245018046551));
#3040=CARTESIAN_POINT('Ctrl Pts',(19.7561111161948,-6.2308994252703,0.297677096040576));
#3041=CARTESIAN_POINT('Ctrl Pts',(19.3947715158343,-6.07616821999128,0.277875056652475));
#3042=CARTESIAN_POINT('Ctrl Pts',(19.2300385229831,-5.96374039014184,0.268721659909231));
#3043=CARTESIAN_POINT('Ctrl Pts',(18.9505864238718,-5.67989495181167,0.247593209578614));
#3044=CARTESIAN_POINT('Ctrl Pts',(18.8394804307354,-5.51040250680323,0.236504747951826));
#3045=CARTESIAN_POINT('Ctrl Pts',(18.6923142296847,-5.14504634669639,0.215132571980556));
#3046=CARTESIAN_POINT('Ctrl Pts',(18.6549272646141,-4.95369635609301,0.205026723347199));
#3047=CARTESIAN_POINT('Ctrl Pts',(18.6537959278617,-4.55902456076383,0.186264718553011));
#3048=CARTESIAN_POINT('Ctrl Pts',(18.6932461566124,-4.35939891434356,0.17574087376281));
#3049=CARTESIAN_POINT('Ctrl Pts',(18.8465172871598,-3.99007345492762,0.154013035662716));
#3050=CARTESIAN_POINT('Ctrl Pts',(18.9576218842835,-3.82354272501012,0.143065174395355));
#3051=CARTESIAN_POINT('Ctrl Pts',(19.2336202070366,-3.54641637777083,0.122350246577355));
#3052=CARTESIAN_POINT('Ctrl Pts',(19.3943919065868,-3.43694283821075,0.113411619448783));
#3053=CARTESIAN_POINT('Ctrl Pts',(19.7564111300239,-3.2803621623601,0.0935723354945794));
#3054=CARTESIAN_POINT('Ctrl Pts',(19.9555454142125,-3.23792966098408,0.0826594299018635));
#3055=CARTESIAN_POINT('Ctrl Pts',(20.3531493300883,-3.23325574625148,0.0608700428339054));
#3056=CARTESIAN_POINT('Ctrl Pts',(20.5478003534502,-3.26887925339099,0.0502028277454575));
#3057=CARTESIAN_POINT('Ctrl Pts',(20.9128590010522,-3.41208944916192,0.0301969780683331));
#3058=CARTESIAN_POINT('Ctrl Pts',(21.079797938208,-3.51830272308714,0.0212522665319154));
#3059=CARTESIAN_POINT('Ctrl Pts',(21.3680388530061,-3.79196327323871,0.00036636672209267));
#3060=CARTESIAN_POINT('Ctrl Pts',(21.4850858127023,-3.95825008960736,-0.0107327443933325));
#3061=CARTESIAN_POINT('Ctrl Pts',(21.6445348016984,-4.31980070463156,-0.0322608694281346));
#3062=CARTESIAN_POINT('Ctrl Pts',(21.6881328120321,-4.51046467697812,-0.0425043478905957));
#3063=CARTESIAN_POINT('Ctrl Pts',(21.6953381503738,-4.7215023943349,-0.0527175672838717));
#3064=CARTESIAN_POINT('Ctrl Pts',(21.695632937674,-4.73880082275832,-0.0535466229437304));
#3065=CARTESIAN_POINT('Ctrl Pts',(21.695632937674,-4.75608792591917,-0.0543670636812829));
#3066=CARTESIAN_POINT('Origin',(20.175000000087,-4.7560879259192,2.1643829364192));
#3067=CARTESIAN_POINT('',(21.695632937674,-4.75608792591932,0.945632936318705));
#3068=CARTESIAN_POINT('',(21.695632937674,-4.75608792591931,0.883132936519667));
#3069=CARTESIAN_POINT('',(21.695632937674,-4.7560879259192,2.1643829364192));
#3070=CARTESIAN_POINT('Ctrl Pts',(21.695632937674,-4.75608792591941,0.883132936519664));
#3071=CARTESIAN_POINT('Ctrl Pts',(21.695632937674,-4.79520030384835,0.881276674783972));
#3072=CARTESIAN_POINT('Ctrl Pts',(21.6941239703653,-4.83435491668178,0.879377061573955));
#3073=CARTESIAN_POINT('Ctrl Pts',(21.6760689185303,-5.06756068322312,0.867814461634362));
#3074=CARTESIAN_POINT('Ctrl Pts',(21.6239105267474,-5.25694879558497,0.857396973216523));
#3075=CARTESIAN_POINT('Ctrl Pts',(21.4476598265125,-5.61258170755726,0.83568931910547));
#3076=CARTESIAN_POINT('Ctrl Pts',(21.3225559980413,-5.77411150760748,0.824595209348985));
#3077=CARTESIAN_POINT('Ctrl Pts',(21.0224522180043,-6.03356062874557,0.804058726873709));
#3078=CARTESIAN_POINT('Ctrl Pts',(20.8524083886262,-6.13130783087978,0.795256096015172));
#3079=CARTESIAN_POINT('Ctrl Pts',(20.4822859924341,-6.25831158839946,0.774972744066045));
#3080=CARTESIAN_POINT('Ctrl Pts',(20.285391312931,-6.28543517353342,0.764182572706815));
#3081=CARTESIAN_POINT('Ctrl Pts',(19.8875934638304,-6.26285422668548,0.742382557764835));
#3082=CARTESIAN_POINT('Ctrl Pts',(19.6906038801165,-6.21153615201479,0.731587185504866));
#3083=CARTESIAN_POINT('Ctrl Pts',(19.3362758390515,-6.03902133103923,0.712169391777949));
#3084=CARTESIAN_POINT('Ctrl Pts',(19.1807669155757,-5.92266281354314,0.702922045547257));
#3085=CARTESIAN_POINT('Ctrl Pts',(18.9169076621672,-5.63313053995974,0.681950957238772));
#3086=CARTESIAN_POINT('Ctrl Pts',(18.8129660450381,-5.46097222992286,0.670932284582929));
#3087=CARTESIAN_POINT('Ctrl Pts',(18.6763701751935,-5.08363254687147,0.649281010463389));
#3088=CARTESIAN_POINT('Ctrl Pts',(18.6461640468162,-4.88181147538809,0.639324508175297));
#3089=CARTESIAN_POINT('Ctrl Pts',(18.6659828463194,-4.48611158519885,0.620001657598898));
#3090=CARTESIAN_POINT('Ctrl Pts',(18.7127410047487,-4.2958738420947,0.609691817059273));
#3091=CARTESIAN_POINT('Ctrl Pts',(18.8784097111852,-3.9364166449699,0.588092619375379));
#3092=CARTESIAN_POINT('Ctrl Pts',(18.9984487215738,-3.77183998816237,0.576992687112595));
#3093=CARTESIAN_POINT('Ctrl Pts',(19.2898161907821,-3.50457835002756,0.55632480746474));
#3094=CARTESIAN_POINT('Ctrl Pts',(19.4561900267917,-3.40215421254699,0.547524974914542));
#3095=CARTESIAN_POINT('Ctrl Pts',(19.827093452395,-3.26195229325496,0.527198821214184));
#3096=CARTESIAN_POINT('Ctrl Pts',(20.0292889043549,-3.22892258927612,0.516118158304142));
#3097=CARTESIAN_POINT('Ctrl Pts',(20.426953642099,-3.24383386639213,0.494325438121341));
#3098=CARTESIAN_POINT('Ctrl Pts',(20.6187344511564,-3.28860339212728,0.483815515796273));
#3099=CARTESIAN_POINT('Ctrl Pts',(20.9780106863112,-3.44959767072906,0.464126552439145));
#3100=CARTESIAN_POINT('Ctrl Pts',(21.1415389010294,-3.56547577939034,0.454821691459315));
#3101=CARTESIAN_POINT('Ctrl Pts',(21.4160833473859,-3.85488142171607,0.433563829459885));
#3102=CARTESIAN_POINT('Ctrl Pts',(21.5238887436417,-4.02604902195685,0.422486304689461));
#3103=CARTESIAN_POINT('Ctrl Pts',(21.6617079902637,-4.38662519554539,0.401597100129856));
#3104=CARTESIAN_POINT('Ctrl Pts',(21.695632937674,-4.57063465550028,0.391934493180058));
#3105=CARTESIAN_POINT('Ctrl Pts',(21.695632937674,-4.75608792591921,0.383132936519677));
#3106=CARTESIAN_POINT('Ctrl Pts',(21.695632937674,-4.75608792591944,0.945632936318706));
#3107=CARTESIAN_POINT('Ctrl Pts',(21.695632937674,-4.80560545632027,0.943282849164813));
#3108=CARTESIAN_POINT('Ctrl Pts',(21.6932143645558,-4.85517823406787,0.940863868978666));
#3109=CARTESIAN_POINT('Ctrl Pts',(21.6693045812887,-5.09877039021104,0.928647909361241));
#3110=CARTESIAN_POINT('Ctrl Pts',(21.6130716456084,-5.28741545418369,0.918154039745995));
#3111=CARTESIAN_POINT('Ctrl Pts',(21.4288758355271,-5.63995520299822,0.896375483302249));
#3112=CARTESIAN_POINT('Ctrl Pts',(21.2999910091478,-5.79908137636354,0.885291846312397));
#3113=CARTESIAN_POINT('Ctrl Pts',(20.9943240874791,-6.0516876340189,0.864927689171254));
#3114=CARTESIAN_POINT('Ctrl Pts',(20.8227682736679,-6.14542903484208,0.856131765921479));
#3115=CARTESIAN_POINT('Ctrl Pts',(20.4502546565077,-6.26456313763198,0.835717370942238));
#3116=CARTESIAN_POINT('Ctrl Pts',(20.252402301659,-6.2875126849225,0.824874717324097));
#3117=CARTESIAN_POINT('Ctrl Pts',(19.8548031931481,-6.25622493985956,0.803085593735423));
#3118=CARTESIAN_POINT('Ctrl Pts',(19.6590019663131,-6.20063169653545,0.792355345506484));
#3119=CARTESIAN_POINT('Ctrl Pts',(19.3084961558598,-6.02043113013086,0.773147016675025));
#3120=CARTESIAN_POINT('Ctrl Pts',(19.1555124609396,-5.9006693453714,0.763686248022249));
#3121=CARTESIAN_POINT('Ctrl Pts',(18.897723163059,-5.60505128989138,0.742592652425896));
#3122=CARTESIAN_POINT('Ctrl Pts',(18.7974234306343,-5.43022288762802,0.73154704881935));
#3123=CARTESIAN_POINT('Ctrl Pts',(18.6697699830497,-5.05083138186297,0.71004342598324));
#3124=CARTESIAN_POINT('Ctrl Pts',(18.6440625006522,-4.84989341243536,0.700367270668498));
#3125=CARTESIAN_POINT('Ctrl Pts',(18.6716888906245,-4.45571427310355,0.680902659690831));
#3126=CARTESIAN_POINT('Ctrl Pts',(18.7224009506464,-4.26608354878072,0.670513287727278));
#3127=CARTESIAN_POINT('Ctrl Pts',(18.8958232820443,-3.90939572572223,0.648833067607593));
#3128=CARTESIAN_POINT('Ctrl Pts',(19.019576589438,-3.7470344356315,0.637736501027344));
#3129=CARTESIAN_POINT('Ctrl Pts',(19.3176939990677,-3.48516883614153,0.617139761480801));
#3130=CARTESIAN_POINT('Ctrl Pts',(19.487206409725,-3.38599725295087,0.608325223026019));
#3131=CARTESIAN_POINT('Ctrl Pts',(19.8564776401089,-3.25622548313838,0.588088516462518));
#3132=CARTESIAN_POINT('Ctrl Pts',(20.0530148328212,-3.22764050829094,0.577317936062985));
#3133=CARTESIAN_POINT('Ctrl Pts',(20.4441812310932,-3.24683311132384,0.55588133617067));
#3134=CARTESIAN_POINT('Ctrl Pts',(20.6352274489668,-3.29372058611009,0.545411670646809));
#3135=CARTESIAN_POINT('Ctrl Pts',(20.9931099759485,-3.45889555178319,0.525799084879576));
#3136=CARTESIAN_POINT('Ctrl Pts',(21.1558300779823,-3.57710569290701,0.516378148357249));
#3137=CARTESIAN_POINT('Ctrl Pts',(21.4270461886877,-3.87023059848051,0.495034970528789));
#3138=CARTESIAN_POINT('Ctrl Pts',(21.5326215640318,-4.04248842857259,0.483966808291804));
#3139=CARTESIAN_POINT('Ctrl Pts',(21.6639216306126,-4.39874858423022,0.463461071860675));
#3140=CARTESIAN_POINT('Ctrl Pts',(21.695632937674,-4.57678214517929,0.45414273496045));
#3141=CARTESIAN_POINT('Ctrl Pts',(21.695632937674,-4.75608792591922,0.445632936318715));
#3142=CARTESIAN_POINT('Origin',(20.175000000087,-4.7560879259192,2.1643829364192));
#3143=CARTESIAN_POINT('',(21.695632937674,-4.75608792591922,1.44563293631871));
#3144=CARTESIAN_POINT('',(21.695632937674,-4.75608792591926,1.38313293651967));
#3145=CARTESIAN_POINT('',(21.695632937674,-4.7560879259192,2.1643829364192));
#3146=CARTESIAN_POINT('Ctrl Pts',(21.695632937674,-4.75608792591933,1.38313293651967));
#3147=CARTESIAN_POINT('Ctrl Pts',(21.695632937674,-4.82317259428769,1.37994911826218));
#3148=CARTESIAN_POINT('Ctrl Pts',(21.6911941278741,-4.89031919359136,1.3766407335268));
#3149=CARTESIAN_POINT('Ctrl Pts',(21.6564150915163,-5.15111797012699,1.36331032586096));
#3150=CARTESIAN_POINT('Ctrl Pts',(21.5933225706967,-5.33831169257023,1.35269737787316));
#3151=CARTESIAN_POINT('Ctrl Pts',(21.3958277411942,-5.68523590795942,1.33082092824882));
#3152=CARTESIAN_POINT('Ctrl Pts',(21.2606569459041,-5.84010952225904,1.31976687541502));
#3153=CARTESIAN_POINT('Ctrl Pts',(20.9457258020899,-6.08106041861665,1.29970203046227));
#3154=CARTESIAN_POINT('Ctrl Pts',(20.7715458864821,-6.16807569799277,1.29082469005893));
#3155=CARTESIAN_POINT('Ctrl Pts',(20.3950361576224,-6.27369349913304,1.27019130115875));
#3156=CARTESIAN_POINT('Ctrl Pts',(20.1957443618068,-6.28941944775834,1.25926976365288));
#3157=CARTESIAN_POINT('Ctrl Pts',(19.7989327267228,-6.24319605870296,1.23752379496111));
#3158=CARTESIAN_POINT('Ctrl Pts',(19.6053910840627,-6.18033835001697,1.22691737587806));
#3159=CARTESIAN_POINT('Ctrl Pts',(19.261573795194,-5.9870172795602,1.20807558968029));
#3160=CARTESIAN_POINT('Ctrl Pts',(19.1128891966214,-5.86130522116116,1.19815012397994));
#3161=CARTESIAN_POINT('Ctrl Pts',(18.8658067614361,-5.55514727241174,1.17684968553748));
#3162=CARTESIAN_POINT('Ctrl Pts',(18.7720085965402,-5.37584721165211,1.1657700069566));
#3163=CARTESIAN_POINT('Ctrl Pts',(18.6599087656778,-4.99312258349836,1.14453437775717));
#3164=CARTESIAN_POINT('Ctrl Pts',(18.6419434520618,-4.79368323216491,1.13525761613254));
#3165=CARTESIAN_POINT('Ctrl Pts',(18.6832732363677,-4.40227431837373,1.11554899429407));
#3166=CARTESIAN_POINT('Ctrl Pts',(18.7409621085069,-4.21391618951983,1.10502884860924));
#3167=CARTESIAN_POINT('Ctrl Pts',(18.9279886940052,-3.86252533700998,1.08322725273828));
#3168=CARTESIAN_POINT('Ctrl Pts',(19.0582160705082,-3.70428005551587,1.07214863557765));
#3169=CARTESIAN_POINT('Ctrl Pts',(19.3658592411423,-3.45413289662663,1.05184703559357));
#3170=CARTESIAN_POINT('Ctrl Pts',(19.5379631893641,-3.36182024217928,1.0430436631852));
#3171=CARTESIAN_POINT('Ctrl Pts',(19.9113280048689,-3.24552567707822,1.02258262103565));
#3172=CARTESIAN_POINT('Ctrl Pts',(20.1095043984077,-3.22408841842688,1.01172220952889));
#3173=CARTESIAN_POINT('Ctrl Pts',(20.5069847906411,-3.25851681318223,0.989939591805065));
#3174=CARTESIAN_POINT('Ctrl Pts',(20.7023340579465,-3.31564488780246,0.97923411175583));
#3175=CARTESIAN_POINT('Ctrl Pts',(21.0514474643406,-3.4986101829527,0.960102089117452));
#3176=CARTESIAN_POINT('Ctrl Pts',(21.2035243129869,-3.61961057803972,0.950554015866529));
#3177=CARTESIAN_POINT('Ctrl Pts',(21.45909431836,-3.91743390077827,0.929416569481873));
#3178=CARTESIAN_POINT('Ctrl Pts',(21.5580539395378,-4.09321422483713,0.918362508161081));
#3179=CARTESIAN_POINT('Ctrl Pts',(21.6702552277677,-4.43603506184812,0.899017920925485));
#3180=CARTESIAN_POINT('Ctrl Pts',(21.6956329376741,-4.59567341199962,0.890746161297117));
#3181=CARTESIAN_POINT('Ctrl Pts',(21.695632937674,-4.75608792591941,0.883132936519667));
#3182=CARTESIAN_POINT('Ctrl Pts',(21.695632937674,-4.75608792591924,1.44563293631871));
#3183=CARTESIAN_POINT('Ctrl Pts',(21.695632937674,-4.83503819873623,1.44188598002987));
#3184=CARTESIAN_POINT('Ctrl Pts',(21.6894852496995,-4.91403675965301,1.43796827999786));
#3185=CARTESIAN_POINT('Ctrl Pts',(21.6466761140145,-5.18618887648318,1.4238790144893));
#3186=CARTESIAN_POINT('Ctrl Pts',(21.5789698290173,-5.37226314076817,1.41319277449342));
#3187=CARTESIAN_POINT('Ctrl Pts',(21.3738391791806,-5.7130347232577,1.39139909885584));
#3188=CARTESIAN_POINT('Ctrl Pts',(21.2365478326268,-5.86338084985399,1.38050181428091));
#3189=CARTESIAN_POINT('Ctrl Pts',(20.9184786422737,-6.09649946250894,1.36072270197013));
#3190=CARTESIAN_POINT('Ctrl Pts',(20.7428145047417,-6.17983647384063,1.35175016013882));
#3191=CARTESIAN_POINT('Ctrl Pts',(20.3641348820885,-6.2779052236882,1.33099785732093));
#3192=CARTESIAN_POINT('Ctrl Pts',(20.1641532715911,-6.28957325084905,1.32003851678521));
#3193=CARTESIAN_POINT('Ctrl Pts',(19.767887981414,-6.23501336687813,1.29832248876488));
#3194=CARTESIAN_POINT('Ctrl Pts',(19.5757058745074,-6.16809057513639,1.28789164490965));
#3195=CARTESIAN_POINT('Ctrl Pts',(19.2356692690055,-5.96744129122545,1.26905159090973));
#3196=CARTESIAN_POINT('Ctrl Pts',(19.0894188675721,-5.83831189463023,1.25891576007884));
#3197=CARTESIAN_POINT('Ctrl Pts',(18.8485692495036,-5.52630919472032,1.23750871614372));
#3198=CARTESIAN_POINT('Ctrl Pts',(18.7585446266491,-5.34457680721928,1.22641699841518));
#3199=CARTESIAN_POINT('Ctrl Pts',(18.6552558673913,-4.96009094040295,1.20533921240544));
#3200=CARTESIAN_POINT('Ctrl Pts',(18.6416365691573,-4.76147273903569,1.19623732464139));
#3201=CARTESIAN_POINT('Ctrl Pts',(18.6908044709101,-4.37170607453377,1.17639187221231));
#3202=CARTESIAN_POINT('Ctrl Pts',(18.7524990568835,-4.18419602425829,1.16580221602703));
#3203=CARTESIAN_POINT('Ctrl Pts',(18.9472915026408,-3.83608554037902,1.14394351410877));
#3204=CARTESIAN_POINT('Ctrl Pts',(19.0811894022714,-3.68032414245578,1.13288220577061));
#3205=CARTESIAN_POINT('Ctrl Pts',(19.3942417052828,-3.43698326057907,1.1127554146861));
#3206=CARTESIAN_POINT('Ctrl Pts',(19.5678778762108,-3.34859782093655,1.10390428616127));
#3207=CARTESIAN_POINT('Ctrl Pts',(19.9435761319984,-3.24019619699511,1.08331536741331));
#3208=CARTESIAN_POINT('Ctrl Pts',(20.1425928418922,-3.22297762557587,1.07240890509762));
#3209=CARTESIAN_POINT('Ctrl Pts',(20.5396126283507,-3.26612847427906,1.050651529341));
#3210=CARTESIAN_POINT('Ctrl Pts',(20.7336419207738,-3.32749890982174,1.040018386192));
#3211=CARTESIAN_POINT('Ctrl Pts',(21.078849164756,-3.51812586133783,1.02110042801116));
#3212=CARTESIAN_POINT('Ctrl Pts',(21.2284158227233,-3.64260083494343,1.01128085591943));
#3213=CARTESIAN_POINT('Ctrl Pts',(21.4777334104377,-3.94657928470937,0.990022610735486));
#3214=CARTESIAN_POINT('Ctrl Pts',(21.5728959395796,-4.12497107562876,0.978948653608829));
#3215=CARTESIAN_POINT('Ctrl Pts',(21.6738574331811,-4.45944979879112,0.960307960758296));
#3216=CARTESIAN_POINT('Ctrl Pts',(21.6956329376741,-4.60749171843703,0.952685267812884));
#3217=CARTESIAN_POINT('Ctrl Pts',(21.695632937674,-4.75608792591944,0.945632936318704));
#3218=CARTESIAN_POINT('Origin',(20.175000000087,-4.7560879259192,2.1643829364192));
#3219=CARTESIAN_POINT('',(21.695632937674,-4.75608792591918,1.94563293631872));
#3220=CARTESIAN_POINT('',(21.695632937674,-4.7560879259192,1.88313293651967));
#3221=CARTESIAN_POINT('',(21.695632937674,-4.7560879259192,2.1643829364192));
#3222=CARTESIAN_POINT('',(21.5766174675,-4.1663481482192,1.9768829371192));
#3223=CARTESIAN_POINT('Ctrl Pts',(21.5766174676528,-4.16634814814513,1.97688293703193));
#3224=CARTESIAN_POINT('Ctrl Pts',(21.6374374784352,-4.31089730813552,1.96835615594043));
#3225=CARTESIAN_POINT('Ctrl Pts',(21.6755391659497,-4.46400600875535,1.96004564345585));
#3226=CARTESIAN_POINT('Ctrl Pts',(21.693608919566,-4.66546199487695,1.94998947571715));
#3227=CARTESIAN_POINT('Ctrl Pts',(21.695632937674,-4.71078903808445,1.94778280796578));
#3228=CARTESIAN_POINT('Ctrl Pts',(21.695632937674,-4.75608792591915,1.94563293631872));
#3229=CARTESIAN_POINT('',(20.7452373391,-3.3464234595192,1.9768829371192));
#3230=CARTESIAN_POINT('Origin',(20.175000000087,-4.7560879259192,1.9768829371192));
#3231=CARTESIAN_POINT('Ctrl Pts',(20.7452373391377,-3.34642345944964,1.97688293723345));
#3232=CARTESIAN_POINT('Ctrl Pts',(20.8829441068206,-3.40212858832292,1.96933636655047));
#3233=CARTESIAN_POINT('Ctrl Pts',(21.0117218732523,-3.47769515801176,1.96254483306106));
#3234=CARTESIAN_POINT('Ctrl Pts',(21.2477801326613,-3.6673868933105,1.94707391825785));
#3235=CARTESIAN_POINT('Ctrl Pts',(21.3526265102439,-3.78176038005515,1.93877290479018));
#3236=CARTESIAN_POINT('Ctrl Pts',(21.5509892404867,-4.07794883938683,1.91928057768796));
#3237=CARTESIAN_POINT('Ctrl Pts',(21.6288862020753,-4.26675594276979,1.90818540453736));
#3238=CARTESIAN_POINT('Ctrl Pts',(21.6862775063054,-4.56131165787516,1.89263330682094));
#3239=CARTESIAN_POINT('Ctrl Pts',(21.695632937674,-4.65869226080953,1.88775530561029));
#3240=CARTESIAN_POINT('Ctrl Pts',(21.695632937674,-4.7560879259192,1.88313293651967));
#3241=CARTESIAN_POINT('Origin',(20.175,-4.7560879259192,1.9768829371192));
#3242=CARTESIAN_POINT('',(20.175,-3.5060879259192,1.72688293577536));
#3243=CARTESIAN_POINT('',(20.175,-3.5060879259192,1.85188293708983));
#3244=CARTESIAN_POINT('',(20.175,-3.5060879259192,1.9768829371192));
#3245=CARTESIAN_POINT('',(18.925,-4.7560879259192,1.9768829371192));
#3246=CARTESIAN_POINT('Ctrl Pts',(20.175,-3.5060879259192,1.85188293708983));
#3247=CARTESIAN_POINT('Ctrl Pts',(20.031496489364,-3.5060879259192,1.86144983780693));
#3248=CARTESIAN_POINT('Ctrl Pts',(19.8889026402232,-3.5308015277569,1.87095609442339));
#3249=CARTESIAN_POINT('Ctrl Pts',(19.6026408052074,-3.6333275742456,1.8900402167707));
#3250=CARTESIAN_POINT('Ctrl Pts',(19.4635866371705,-3.71585823955848,1.89887236026641));
#3251=CARTESIAN_POINT('Ctrl Pts',(19.2197563804061,-3.93290962780725,1.91953150322698));
#3252=CARTESIAN_POINT('Ctrl Pts',(19.1189194005962,-4.06703364592485,1.93063638968153));
#3253=CARTESIAN_POINT('Ctrl Pts',(19.0064611035594,-4.30225635353249,1.94796558893926));
#3254=CARTESIAN_POINT('Ctrl Pts',(18.9754769793484,-4.39195327589983,1.95417704730826));
#3255=CARTESIAN_POINT('Ctrl Pts',(18.9350325052687,-4.57350852431829,1.96600729360338));
#3256=CARTESIAN_POINT('Ctrl Pts',(18.925,-4.66465230065523,1.9716038988291));
#3257=CARTESIAN_POINT('Ctrl Pts',(18.925,-4.7560879259192,1.9768829371192));
#3258=CARTESIAN_POINT('',(20.1750000241176,-6.00608792599049,1.97688293723309));
#3259=CARTESIAN_POINT('Origin',(20.175,-4.7560879259192,1.9768829371192));
#3260=CARTESIAN_POINT('Ctrl Pts',(20.1750000241115,-6.0060879259192,1.97688293732505));
#3261=CARTESIAN_POINT('Ctrl Pts',(20.0779370698989,-6.00608792779147,1.97041207371373));
#3262=CARTESIAN_POINT('Ctrl Pts',(19.9812078510789,-5.99478401610382,1.96396345913106));
#3263=CARTESIAN_POINT('Ctrl Pts',(19.794807339275,-5.95060948331465,1.95153675835913));
#3264=CARTESIAN_POINT('Ctrl Pts',(19.7056167136795,-5.91846184453535,1.94559071666225));
#3265=CARTESIAN_POINT('Ctrl Pts',(19.4789727543163,-5.80637970920061,1.93048111940141));
#3266=CARTESIAN_POINT('Ctrl Pts',(19.3516584420527,-5.70986868338378,1.9211714415316));
#3267=CARTESIAN_POINT('Ctrl Pts',(19.1360624646242,-5.47022428667014,1.90014903324349));
#3268=CARTESIAN_POINT('Ctrl Pts',(19.0514511427901,-5.32794348986774,1.8891140702121));
#3269=CARTESIAN_POINT('Ctrl Pts',(18.9413461924374,-5.01705839750446,1.86749494601444));
#3270=CARTESIAN_POINT('Ctrl Pts',(18.9176571263807,-4.85131520470546,1.85762564766884));
#3271=CARTESIAN_POINT('Ctrl Pts',(18.9359630027963,-4.52623930217524,1.83824718583435));
#3272=CARTESIAN_POINT('Ctrl Pts',(18.9754664268225,-4.36990009146492,1.82790415650697));
#3273=CARTESIAN_POINT('Ctrl Pts',(19.1138071759147,-4.07496356458919,1.80626462990558));
#3274=CARTESIAN_POINT('Ctrl Pts',(19.2135541960847,-3.94018797083859,1.79515845670755));
#3275=CARTESIAN_POINT('Ctrl Pts',(19.4557797025321,-3.72120634756314,1.77444136325363));
#3276=CARTESIAN_POINT('Ctrl Pts',(19.5944103390328,-3.63752999004363,1.76558891318207));
#3277=CARTESIAN_POINT('Ctrl Pts',(19.882943446914,-3.53185346216638,1.74635337264531));
#3278=CARTESIAN_POINT('Ctrl Pts',(20.02847371679,-3.5060879259192,1.73665135465252));
#3279=CARTESIAN_POINT('Ctrl Pts',(20.175,-3.5060879259192,1.72688293577536));
#3280=CARTESIAN_POINT('Origin',(20.175,-4.7560879259192,1.9768829371192));
#3281=CARTESIAN_POINT('',(20.175,-3.5060879259192,1.22688293577536));
#3282=CARTESIAN_POINT('',(20.175,-3.5060879259192,1.35188293708983));
#3283=CARTESIAN_POINT('',(20.175,-3.5060879259192,1.9768829371192));
#3284=CARTESIAN_POINT('Ctrl Pts',(20.175,-3.5060879259192,1.35188293708982));
#3285=CARTESIAN_POINT('Ctrl Pts',(20.1698670769509,-3.5060879259192,1.35222513196005));
#3286=CARTESIAN_POINT('Ctrl Pts',(20.1647326901635,-3.50611954216651,1.35256742441284));
#3287=CARTESIAN_POINT('Ctrl Pts',(19.9987295181783,-3.50816523833879,1.36363430255441));
#3288=CARTESIAN_POINT('Ctrl Pts',(19.8397213768423,-3.54118587166572,1.37423484531783));
#3289=CARTESIAN_POINT('Ctrl Pts',(19.5417635750739,-3.66621662814242,1.3940986987821));
#3290=CARTESIAN_POINT('Ctrl Pts',(19.4058628016252,-3.75746752713828,1.4031988014542));
#3291=CARTESIAN_POINT('Ctrl Pts',(19.1743190419212,-3.98899240501122,1.42428402182692));
#3292=CARTESIAN_POINT('Ctrl Pts',(19.0818051224484,-4.12782271408166,1.43538319077247));
#3293=CARTESIAN_POINT('Ctrl Pts',(18.95847914352,-4.4276653205827,1.45680547769712));
#3294=CARTESIAN_POINT('Ctrl Pts',(18.926591820585,-4.58495784371618,1.46694967652282));
#3295=CARTESIAN_POINT('Ctrl Pts',(18.9234609650812,-4.90969171238284,1.48580255703627));
#3296=CARTESIAN_POINT('Ctrl Pts',(18.9548111893397,-5.07411144544085,1.49623773990767));
#3297=CARTESIAN_POINT('Ctrl Pts',(19.0789529350162,-5.37883973067089,1.51796929385514));
#3298=CARTESIAN_POINT('Ctrl Pts',(19.169545745093,-5.51648633431911,1.52893608455686));
#3299=CARTESIAN_POINT('Ctrl Pts',(19.3952406518691,-5.74584216603349,1.54970111321588));
#3300=CARTESIAN_POINT('Ctrl Pts',(19.5268914849839,-5.83663589282815,1.55867570276622));
#3301=CARTESIAN_POINT('Ctrl Pts',(19.8238562756177,-5.96716578489186,1.57847335550098));
#3302=CARTESIAN_POINT('Ctrl Pts',(19.9874494106623,-6.00301111965096,1.5893795645152));
#3303=CARTESIAN_POINT('Ctrl Pts',(20.3145509335636,-6.00870788818746,1.61118633272568));
#3304=CARTESIAN_POINT('Ctrl Pts',(20.4749193740828,-5.98025863292508,1.62187756209945));
#3305=CARTESIAN_POINT('Ctrl Pts',(20.7757167723764,-5.86405242662445,1.64193072199242));
#3306=CARTESIAN_POINT('Ctrl Pts',(20.9133091694604,-5.77753234038334,1.65085345537518));
#3307=CARTESIAN_POINT('Ctrl Pts',(21.1515388301645,-5.55379658751017,1.67171183375666));
#3308=CARTESIAN_POINT('Ctrl Pts',(21.2485747555272,-5.41744710592635,1.68281850558011));
#3309=CARTESIAN_POINT('Ctrl Pts',(21.3812684659405,-5.12057168221729,1.70438173982754));
#3310=CARTESIAN_POINT('Ctrl Pts',(21.4178989483505,-4.96382951515522,1.71465226914156));
#3311=CARTESIAN_POINT('Ctrl Pts',(21.430515339242,-4.63767434308488,1.73390339315801));
#3312=CARTESIAN_POINT('Ctrl Pts',(21.4035207674843,-4.47128170631683,1.7440422063008));
#3313=CARTESIAN_POINT('Ctrl Pts',(21.2868765142641,-4.16194495077523,1.76578991397529));
#3314=CARTESIAN_POINT('Ctrl Pts',(21.1996351203977,-4.02164871068204,1.77679796762585));
#3315=CARTESIAN_POINT('Ctrl Pts',(20.9796279667867,-3.78646612428018,1.79770981233821));
#3316=CARTESIAN_POINT('Ctrl Pts',(20.8504495453397,-3.69244102831873,1.80685296735632));
#3317=CARTESIAN_POINT('Ctrl Pts',(20.5570921964825,-3.55441771690265,1.82641012396776));
#3318=CARTESIAN_POINT('Ctrl Pts',(20.3944930767362,-3.51439245589211,1.83725006529477));
#3319=CARTESIAN_POINT('Ctrl Pts',(20.2109016591904,-3.50647429498833,1.84948949314173));
#3320=CARTESIAN_POINT('Ctrl Pts',(20.1929437182846,-3.5060879259192,1.85068668920318));
#3321=CARTESIAN_POINT('Ctrl Pts',(20.175,-3.5060879259192,1.85188293708982));
#3322=CARTESIAN_POINT('Ctrl Pts',(20.175,-3.5060879259192,1.72688293577536));
#3323=CARTESIAN_POINT('Ctrl Pts',(20.1898507888609,-3.5060879259192,1.72589288318499));
#3324=CARTESIAN_POINT('Ctrl Pts',(20.2047118090763,-3.50635257934849,1.72490214850441));
#3325=CARTESIAN_POINT('Ctrl Pts',(20.3852633407718,-3.51279530174848,1.71286537973015));
#3326=CARTESIAN_POINT('Ctrl Pts',(20.5481614498209,-3.55161374651874,1.70200550580421));
#3327=CARTESIAN_POINT('Ctrl Pts',(20.8425697058974,-3.68747293523022,1.68237828876217));
#3328=CARTESIAN_POINT('Ctrl Pts',(20.972460970688,-3.78055881381515,1.67328976965597));
#3329=CARTESIAN_POINT('Ctrl Pts',(21.1941269117677,-4.01405063509968,1.65242024833713));
#3330=CARTESIAN_POINT('Ctrl Pts',(21.2823505793463,-4.15358462736458,1.64142346060544));
#3331=CARTESIAN_POINT('Ctrl Pts',(21.401468127298,-4.46231815079294,1.61962813736546));
#3332=CARTESIAN_POINT('Ctrl Pts',(21.4297196247307,-4.62895790534671,1.60938011169369));
#3333=CARTESIAN_POINT('Ctrl Pts',(21.419247165507,-4.95551236753456,1.59017739908024));
#3334=CARTESIAN_POINT('Ctrl Pts',(21.383695809439,-5.11239230082606,1.57993488671196));
#3335=CARTESIAN_POINT('Ctrl Pts',(21.253128496777,-5.40996834630965,1.55840208196387));
#3336=CARTESIAN_POINT('Ctrl Pts',(21.1571163499025,-5.546895093852,1.54729620761076));
#3337=CARTESIAN_POINT('Ctrl Pts',(20.9203977190685,-5.77240928703708,1.52638551856445));
#3338=CARTESIAN_POINT('Ctrl Pts',(20.7831923032078,-5.86000147683192,1.5174290892794));
#3339=CARTESIAN_POINT('Ctrl Pts',(20.4830382784577,-5.97822715222639,1.49741882094532));
#3340=CARTESIAN_POINT('Ctrl Pts',(20.3229698433746,-6.00772764387254,1.48674759193798));
#3341=CARTESIAN_POINT('Ctrl Pts',(19.9959373241287,-6.00425904113326,1.46494542399859));
#3342=CARTESIAN_POINT('Ctrl Pts',(19.8320992481088,-5.9695259810667,1.45402288560969));
#3343=CARTESIAN_POINT('Ctrl Pts',(19.5341897088045,-5.84098962785871,1.43416224969187));
#3344=CARTESIAN_POINT('Ctrl Pts',(19.4018790398514,-5.75104609662763,1.42522284052354));
#3345=CARTESIAN_POINT('Ctrl Pts',(19.1746970417559,-5.52322735432528,1.40449698602089));
#3346=CARTESIAN_POINT('Ctrl Pts',(19.0832360794641,-5.38629016808878,1.39354221514044));
#3347=CARTESIAN_POINT('Ctrl Pts',(18.9570384298122,-5.08253376098577,1.37179824246876));
#3348=CARTESIAN_POINT('Ctrl Pts',(18.9245567454114,-4.91834693787533,1.36126573928015));
#3349=CARTESIAN_POINT('Ctrl Pts',(18.925434379812,-4.59373195713438,1.34249483017903));
#3350=CARTESIAN_POINT('Ctrl Pts',(18.956187698501,-4.43632897270116,1.33238205402559));
#3351=CARTESIAN_POINT('Ctrl Pts',(19.0772658155834,-4.13581995446223,1.31099622055368));
#3352=CARTESIAN_POINT('Ctrl Pts',(19.1686901342963,-3.99641813432975,1.29990037543364));
#3353=CARTESIAN_POINT('Ctrl Pts',(19.3986176345425,-3.76304123048597,1.27876210361041));
#3354=CARTESIAN_POINT('Ctrl Pts',(19.5341168339696,-3.67065161611278,1.2696084801905));
#3355=CARTESIAN_POINT('Ctrl Pts',(19.831391051743,-3.54352988039915,1.24979019899087));
#3356=CARTESIAN_POINT('Ctrl Pts',(19.9900582880355,-3.50943490387055,1.23921238323582));
#3357=CARTESIAN_POINT('Ctrl Pts',(20.158868580972,-3.50616595897768,1.22795836371019));
#3358=CARTESIAN_POINT('Ctrl Pts',(20.1669360245592,-3.5060879259192,1.22742053413789));
#3359=CARTESIAN_POINT('Ctrl Pts',(20.175,-3.5060879259192,1.22688293577536));
#3360=CARTESIAN_POINT('Origin',(20.175,-4.7560879259192,1.9768829371192));
#3361=CARTESIAN_POINT('',(20.1750000000006,-3.5060879259192,0.726882935775284));
#3362=CARTESIAN_POINT('',(20.175,-3.5060879259192,0.851882937089826));
#3363=CARTESIAN_POINT('',(20.175,-3.5060879259192,1.9768829371192));
#3364=CARTESIAN_POINT('Ctrl Pts',(20.175,-3.5060879259192,0.851882937089826));
#3365=CARTESIAN_POINT('Ctrl Pts',(20.1474572171325,-3.5060879259192,0.853719122615868));
#3366=CARTESIAN_POINT('Ctrl Pts',(20.1198849907125,-3.50699823584562,0.855557271045385));
#3367=CARTESIAN_POINT('Ctrl Pts',(19.9326324139698,-3.51940983079782,0.868040776171625));
#3368=CARTESIAN_POINT('Ctrl Pts',(19.7764142596594,-3.56056953892946,0.87845531979959));
#3369=CARTESIAN_POINT('Ctrl Pts',(19.4838028692251,-3.70162972668156,0.897962745841016));
#3370=CARTESIAN_POINT('Ctrl Pts',(19.3510026998249,-3.80179010864983,0.907586436948891));
#3371=CARTESIAN_POINT('Ctrl Pts',(19.1321754121196,-4.04756395646748,0.929070439586167));
#3372=CARTESIAN_POINT('Ctrl Pts',(19.0481835804263,-4.190602781347,0.940128517713327));
#3373=CARTESIAN_POINT('Ctrl Pts',(18.9422412737499,-4.49547447543098,0.961261703404823));
#3374=CARTESIAN_POINT('Ctrl Pts',(18.9191789897612,-4.65363651187597,0.970773868291586));
#3375=CARTESIAN_POINT('Ctrl Pts',(18.9336420711214,-4.97750448205396,0.989954496996899));
#3376=CARTESIAN_POINT('Ctrl Pts',(18.9739244916716,-5.1400000109844,1.00067892809334));
#3377=CARTESIAN_POINT('Ctrl Pts',(19.1140324853114,-5.43668174733135,1.02247812258712));
#3378=CARTESIAN_POINT('Ctrl Pts',(19.2113132090051,-5.56860080685567,1.03333716382668));
#3379=CARTESIAN_POINT('Ctrl Pts',(19.4486368530224,-5.78578584798482,1.05378713613405));
#3380=CARTESIAN_POINT('Ctrl Pts',(19.5856056696834,-5.8698623038956,1.06258998175189));
#3381=CARTESIAN_POINT('Ctrl Pts',(19.8908491353516,-5.98474294734756,1.08293954615479));
#3382=CARTESIAN_POINT('Ctrl Pts',(20.0571689969304,-6.01165007055669,1.0940275369374));
#3383=CARTESIAN_POINT('Ctrl Pts',(20.3841789351087,-5.9988643526326,1.11582819949816));
#3384=CARTESIAN_POINT('Ctrl Pts',(20.541853204819,-5.96177697010599,1.12633981748381));
#3385=CARTESIAN_POINT('Ctrl Pts',(20.8371889405017,-5.82879313855798,1.14602886653479));
#3386=CARTESIAN_POINT('Ctrl Pts',(20.9715587535677,-5.73317392264796,1.15535614261542));
#3387=CARTESIAN_POINT('Ctrl Pts',(21.1968878423597,-5.49459331190373,1.17664157020222));
#3388=CARTESIAN_POINT('Ctrl Pts',(21.285221558232,-5.35362442470976,1.18772486988429));
#3389=CARTESIAN_POINT('Ctrl Pts',(21.3999948879726,-5.05118814378925,1.20901181435333));
#3390=CARTESIAN_POINT('Ctrl Pts',(21.4275071626657,-4.89347800900033,1.21886714487951));
#3391=CARTESIAN_POINT('Ctrl Pts',(21.4220121362075,-4.56914883885542,1.23777546581068));
#3392=CARTESIAN_POINT('Ctrl Pts',(21.38625528135,-4.40563088104387,1.24840807466934));
#3393=CARTESIAN_POINT('Ctrl Pts',(21.2542746446728,-4.10480590640897,1.27017556722262));
#3394=CARTESIAN_POINT('Ctrl Pts',(21.1603680001105,-3.96992056541561,1.28109339748969));
#3395=CARTESIAN_POINT('Ctrl Pts',(20.9289627221758,-3.746497949794,1.30170621744709));
#3396=CARTESIAN_POINT('Ctrl Pts',(20.7947464740823,-3.65898228052595,1.31056650544432));
#3397=CARTESIAN_POINT('Ctrl Pts',(20.4975883819451,-3.53759080481169,1.33037704494088));
#3398=CARTESIAN_POINT('Ctrl Pts',(20.3370234125123,-3.5060879259192,1.34108137624659));
#3399=CARTESIAN_POINT('Ctrl Pts',(20.175,-3.5060879259192,1.35188293708983));
#3400=CARTESIAN_POINT('Ctrl Pts',(20.175,-3.5060879259192,1.22688293577536));
#3401=CARTESIAN_POINT('Ctrl Pts',(20.3339175411288,-3.5060879259192,1.21628843303725));
#3402=CARTESIAN_POINT('Ctrl Pts',(20.4914881594381,-3.53639503404488,1.20578372515907));
#3403=CARTESIAN_POINT('Ctrl Pts',(20.7867904466928,-3.65450986033747,1.1860969060357));
#3404=CARTESIAN_POINT('Ctrl Pts',(20.9217272530804,-3.74111773336268,1.17725802542415));
#3405=CARTESIAN_POINT('Ctrl Pts',(21.154702308383,-3.96289467776402,1.15668789236261));
#3406=CARTESIAN_POINT('Ctrl Pts',(21.2495101569808,-4.09700349450803,1.14578485458464));
#3407=CARTESIAN_POINT('Ctrl Pts',(21.3836529150027,-4.39675415881031,1.12400731662156));
#3408=CARTESIAN_POINT('Ctrl Pts',(21.4206095717072,-4.56001427606266,1.11334960079065));
#3409=CARTESIAN_POINT('Ctrl Pts',(21.4284779118155,-4.88422966581493,1.09436873851702));
#3410=CARTESIAN_POINT('Ctrl Pts',(21.4021478905492,-5.04205473407042,1.08461089739003));
#3411=CARTESIAN_POINT('Ctrl Pts',(21.2897242773054,-5.34514709767612,1.06336439784973));
#3412=CARTESIAN_POINT('Ctrl Pts',(21.2025407355348,-5.48667910430743,1.05228692557661));
#3413=CARTESIAN_POINT('Ctrl Pts',(20.9789288716229,-5.72717821995379,1.03094797385966));
#3414=CARTESIAN_POINT('Ctrl Pts',(20.8449763983964,-5.82399968686646,1.02154802896475));
#3415=CARTESIAN_POINT('Ctrl Pts',(20.5503621017461,-5.959140356531,1.00190707583351));
#3416=CARTESIAN_POINT('Ctrl Pts',(20.3930668132308,-5.99732117103564,0.991420723261898));
#3417=CARTESIAN_POINT('Ctrl Pts',(20.0663939286182,-6.01246519048877,0.969642530960609));
#3418=CARTESIAN_POINT('Ctrl Pts',(19.9000068435168,-5.98680789062627,0.95855005863114));
#3419=CARTESIAN_POINT('Ctrl Pts',(19.5938768756907,-5.87422245640568,0.938141394142271));
#3420=CARTESIAN_POINT('Ctrl Pts',(19.4561559207924,-5.79107278014229,0.929343011542231));
#3421=CARTESIAN_POINT('Ctrl Pts',(19.2172513511074,-5.57556921500991,0.908937421736967));
#3422=CARTESIAN_POINT('Ctrl Pts',(19.1190806023783,-5.44446013988435,0.898095477460161));
#3423=CARTESIAN_POINT('Ctrl Pts',(18.9768136504081,-5.14892781345815,0.876290678897415));
#3424=CARTESIAN_POINT('Ctrl Pts',(18.9353218431584,-4.98672864225585,0.865543045135434));
#3425=CARTESIAN_POINT('Ctrl Pts',(18.9184539278806,-4.66299897974193,0.846290240497457));
#3426=CARTESIAN_POINT('Ctrl Pts',(18.9403304870926,-4.504707541629,0.836858466251442));
#3427=CARTESIAN_POINT('Ctrl Pts',(19.0439266654702,-4.19920252912752,0.815766920207783));
#3428=CARTESIAN_POINT('Ctrl Pts',(19.1267565908262,-4.05563524260713,0.804717061553029));
#3429=CARTESIAN_POINT('Ctrl Pts',(19.3438343971909,-3.80795854726739,0.783181514014025));
#3430=CARTESIAN_POINT('Ctrl Pts',(19.4762165204088,-3.70658126481098,0.773468501099251));
#3431=CARTESIAN_POINT('Ctrl Pts',(19.7680982036495,-3.56338892678284,0.754009722199058));
#3432=CARTESIAN_POINT('Ctrl Pts',(19.9239152877027,-3.52116447125839,0.743621916591797));
#3433=CARTESIAN_POINT('Ctrl Pts',(20.1139409953843,-3.50720511518691,0.730953536081806));
#3434=CARTESIAN_POINT('Ctrl Pts',(20.1444875508027,-3.5060879259192,0.728917099054469));
#3435=CARTESIAN_POINT('Ctrl Pts',(20.1750000000012,-3.5060879259192,0.726882935775283));
#3436=CARTESIAN_POINT('Origin',(20.175,-4.7560879259192,1.9768829371192));
#3437=CARTESIAN_POINT('',(20.175,-3.5060879259192,0.226882935775361));
#3438=CARTESIAN_POINT('',(20.175,-3.5060879259192,0.351882937089826));
#3439=CARTESIAN_POINT('',(20.175,-3.5060879259192,1.9768829371192));
#3440=CARTESIAN_POINT('Ctrl Pts',(20.175,-3.5060879259192,0.351882937089825));
#3441=CARTESIAN_POINT('Ctrl Pts',(20.1241582449781,-3.5060879259192,0.355272387427469));
#3442=CARTESIAN_POINT('Ctrl Pts',(20.0732619704599,-3.50918970458775,0.358665472398028));
#3443=CARTESIAN_POINT('Ctrl Pts',(19.8581389245993,-3.53561538459963,0.373007008799882));
#3444=CARTESIAN_POINT('Ctrl Pts',(19.6992878742563,-3.58832125325639,0.383597078829896));
#3445=CARTESIAN_POINT('Ctrl Pts',(19.4174635284675,-3.74919428781352,0.402385368560784));
#3446=CARTESIAN_POINT('Ctrl Pts',(19.295772209907,-3.85347529901203,0.412411499134532));
#3447=CARTESIAN_POINT('Ctrl Pts',(19.0941341063059,-4.10690503811952,0.433764542059353));
#3448=CARTESIAN_POINT('Ctrl Pts',(19.0179876585679,-4.25505273246848,0.444856068105098));
#3449=CARTESIAN_POINT('Ctrl Pts',(18.9281971449214,-4.57033569637875,0.466051955641065));
#3450=CARTESIAN_POINT('Ctrl Pts',(18.914631333942,-4.73412166995235,0.475269092536891));
#3451=CARTESIAN_POINT('Ctrl Pts',(18.9508241895337,-5.0556208068796,0.495037282397523));
#3452=CARTESIAN_POINT('Ctrl Pts',(18.9994278233704,-5.21033341257629,0.505589739986383));
#3453=CARTESIAN_POINT('Ctrl Pts',(19.1555202805723,-5.4984156678225,0.527425258656274));
#3454=CARTESIAN_POINT('Ctrl Pts',(19.2637147572766,-5.62784714130355,0.538504470813305));
#3455=CARTESIAN_POINT('Ctrl Pts',(19.5183783928988,-5.83156565115973,0.558754952289275));
#3456=CARTESIAN_POINT('Ctrl Pts',(19.660390093976,-5.90629848050496,0.56757561004486));
#3457=CARTESIAN_POINT('Ctrl Pts',(19.9682411126602,-5.9995438642792,0.588099011313872));
#3458=CARTESIAN_POINT('Ctrl Pts',(20.1315361159482,-6.01586345559201,0.598985344876022));
#3459=CARTESIAN_POINT('Ctrl Pts',(20.4583427021822,-5.98477944162481,0.620772450639032));
#3460=CARTESIAN_POINT('Ctrl Pts',(20.6186079283579,-5.93642804607601,0.631456799055006));
#3461=CARTESIAN_POINT('Ctrl Pts',(20.9044977480062,-5.78343373163221,0.650516120368807));
#3462=CARTESIAN_POINT('Ctrl Pts',(21.0287652990421,-5.68276389260721,0.660173451900293));
#3463=CARTESIAN_POINT('Ctrl Pts',(21.2369202744305,-5.43570703118522,0.681375785602482));
#3464=CARTESIAN_POINT('Ctrl Pts',(21.317042667797,-5.29022004306364,0.692446227207701));
#3465=CARTESIAN_POINT('Ctrl Pts',(21.4145046354696,-4.982396285654,0.71346717237842));
#3466=CARTESIAN_POINT('Ctrl Pts',(21.4331699583064,-4.82373501193893,0.722704998841749));
#3467=CARTESIAN_POINT('Ctrl Pts',(21.4097604879981,-4.50041367768383,0.742152280465709));
#3468=CARTESIAN_POINT('Ctrl Pts',(21.3649895767093,-4.3390677923971,0.752959953204636));
#3469=CARTESIAN_POINT('Ctrl Pts',(21.2168965651833,-4.04674263219945,0.774773787900701));
#3470=CARTESIAN_POINT('Ctrl Pts',(21.1163374959217,-3.91786691854238,0.785566399660119));
#3471=CARTESIAN_POINT('Ctrl Pts',(20.8731452892428,-3.70695622871941,0.805849740866541));
#3472=CARTESIAN_POINT('Ctrl Pts',(20.7333475971759,-3.62633920943122,0.814659763909258));
#3473=CARTESIAN_POINT('Ctrl Pts',(20.4509383634857,-3.52905565661582,0.833487046174457));
#3474=CARTESIAN_POINT('Ctrl Pts',(20.3133405833529,-3.5060879259192,0.842660231525213));
#3475=CARTESIAN_POINT('Ctrl Pts',(20.175,-3.5060879259192,0.851882937089826));
#3476=CARTESIAN_POINT('Ctrl Pts',(20.1750000000012,-3.5060879259192,0.726882935775284));
#3477=CARTESIAN_POINT('Ctrl Pts',(20.3102130254059,-3.50608792591921,0.717868734084802));
#3478=CARTESIAN_POINT('Ctrl Pts',(20.4447562949591,-3.52802890478026,0.708899182612037));
#3479=CARTESIAN_POINT('Ctrl Pts',(20.7247267723536,-3.62215032969876,0.690234484459505));
#3480=CARTESIAN_POINT('Ctrl Pts',(20.8649415207022,-3.70157663235974,0.681433789707716));
#3481=CARTESIAN_POINT('Ctrl Pts',(21.113103513736,-3.91336031870661,0.660934386409957));
#3482=CARTESIAN_POINT('Ctrl Pts',(21.2168835440158,-4.0456697471117,0.649836163642607));
#3483=CARTESIAN_POINT('Ctrl Pts',(21.3636691352682,-4.33749129903928,0.628094985420821));
#3484=CARTESIAN_POINT('Ctrl Pts',(21.4074884804624,-4.49312578757775,0.6176487791859));
#3485=CARTESIAN_POINT('Ctrl Pts',(21.4342988760575,-4.81653566654122,0.598083021248625));
#3486=CARTESIAN_POINT('Ctrl Pts',(21.4154721103114,-4.98132984229582,0.588560991307584));
#3487=CARTESIAN_POINT('Ctrl Pts',(21.3150734907827,-5.29439211279803,0.567139712050339));
#3488=CARTESIAN_POINT('Ctrl Pts',(21.2344523704869,-5.43953374042671,0.556072585594882));
#3489=CARTESIAN_POINT('Ctrl Pts',(21.0254754805866,-5.68577891437732,0.534889717514612));
#3490=CARTESIAN_POINT('Ctrl Pts',(20.9008771086256,-5.78599133860354,0.525274742986712));
#3491=CARTESIAN_POINT('Ctrl Pts',(20.6144722591065,-5.93797458877193,0.506181086327057));
#3492=CARTESIAN_POINT('Ctrl Pts',(20.4540348123143,-5.98576549329117,0.495485256534908));
#3493=CARTESIAN_POINT('Ctrl Pts',(20.1271718630575,-6.0156981959897,0.473694393254063));
#3494=CARTESIAN_POINT('Ctrl Pts',(19.9639900063945,-5.99882242606026,0.462815602818495));
#3495=CARTESIAN_POINT('Ctrl Pts',(19.6564485482167,-5.9045354587443,0.442312838969156));
#3496=CARTESIAN_POINT('Ctrl Pts',(19.5146389842609,-5.82928298371019,0.433498514127231));
#3497=CARTESIAN_POINT('Ctrl Pts',(19.2606923532315,-5.6246653222543,0.41322002021666));
#3498=CARTESIAN_POINT('Ctrl Pts',(19.1529843697005,-5.49490724328025,0.402138167911788));
#3499=CARTESIAN_POINT('Ctrl Pts',(18.9979209190471,-5.20639547128258,0.380312151291867));
#3500=CARTESIAN_POINT('Ctrl Pts',(18.9498477147253,-5.05157331307156,0.369771049671643));
#3501=CARTESIAN_POINT('Ctrl Pts',(18.9146932993582,-4.72985895412351,0.35002504863793));
#3502=CARTESIAN_POINT('Ctrl Pts',(18.9288362973349,-4.56596368937049,0.340778231243772));
#3503=CARTESIAN_POINT('Ctrl Pts',(19.0197955638085,-4.25091749529217,0.31955705522326));
#3504=CARTESIAN_POINT('Ctrl Pts',(19.0964406622538,-4.10309466038084,0.308467663265293));
#3505=CARTESIAN_POINT('Ctrl Pts',(19.2988929314888,-3.8504549584018,0.287133094309761));
#3506=CARTESIAN_POINT('Ctrl Pts',(19.4209017156252,-3.74662364382312,0.277156154756876));
#3507=CARTESIAN_POINT('Ctrl Pts',(19.7032321098815,-3.58672170354218,0.25833412845278));
#3508=CARTESIAN_POINT('Ctrl Pts',(19.8622643569181,-3.53455114762107,0.247731978645027));
#3509=CARTESIAN_POINT('Ctrl Pts',(20.0760750011803,-3.50902049536163,0.233477935694878));
#3510=CARTESIAN_POINT('Ctrl Pts',(20.1255644595126,-3.5060879259192,0.23017863847334));
#3511=CARTESIAN_POINT('Ctrl Pts',(20.175,-3.5060879259192,0.226882935775361));
#3512=CARTESIAN_POINT('Origin',(20.175,-4.7560879259192,1.9768829371192));
#3513=CARTESIAN_POINT('',(20.175,-3.5060879259192,-0.273117064224638));
#3514=CARTESIAN_POINT('',(20.175,-3.5060879259192,-0.148117062910174));
#3515=CARTESIAN_POINT('',(20.175,-3.5060879259192,1.9768829371192));
#3516=CARTESIAN_POINT('',(19.4328432763,-5.7619226029192,-0.573117062880804));
#3517=CARTESIAN_POINT('Ctrl Pts',(20.175,-3.5060879259192,-0.273117064224638));
#3518=CARTESIAN_POINT('Ctrl Pts',(20.2665222132536,-3.5060879259192,-0.279218545106017));
#3519=CARTESIAN_POINT('Ctrl Pts',(20.3579862606728,-3.51613968956981,-0.285316148263348));
#3520=CARTESIAN_POINT('Ctrl Pts',(20.6023003626999,-3.57076008277708,-0.301603755049932));
#3521=CARTESIAN_POINT('Ctrl Pts',(20.7488505796255,-3.63436391158951,-0.310815983999676));
#3522=CARTESIAN_POINT('Ctrl Pts',(21.0166114482264,-3.81710244181979,-0.330291760280757));
#3523=CARTESIAN_POINT('Ctrl Pts',(21.1335999567064,-3.93690044587806,-0.341107918234186));
#3524=CARTESIAN_POINT('Ctrl Pts',(21.311868310995,-4.21181365299979,-0.362922318150162));
#3525=CARTESIAN_POINT('Ctrl Pts',(21.372735212871,-4.36347339678744,-0.373707294280522));
#3526=CARTESIAN_POINT('Ctrl Pts',(21.4328877370704,-4.67974672789948,-0.393972427724226));
#3527=CARTESIAN_POINT('Ctrl Pts',(21.4323245934441,-4.84120354416522,-0.402787063668136));
#3528=CARTESIAN_POINT('Ctrl Pts',(21.3691134290725,-5.16137127289446,-0.423378994902502));
#3529=CARTESIAN_POINT('Ctrl Pts',(21.3046595424917,-5.31646204422891,-0.43448162764509));
#3530=CARTESIAN_POINT('Ctrl Pts',(21.1223871420072,-5.58708598364786,-0.456181854756928));
#3531=CARTESIAN_POINT('Ctrl Pts',(21.0083336823253,-5.70143197945346,-0.466585405894988));
#3532=CARTESIAN_POINT('Ctrl Pts',(20.7392538055688,-5.88360963569541,-0.486072767011305));
#3533=CARTESIAN_POINT('Ctrl Pts',(20.5857638887023,-5.94813741228762,-0.495732805034722));
#3534=CARTESIAN_POINT('Ctrl Pts',(20.2631836761142,-6.01374287972109,-0.517238152545719));
#3535=CARTESIAN_POINT('Ctrl Pts',(20.0973622508681,-6.01443778053837,-0.528292914224006));
#3536=CARTESIAN_POINT('Ctrl Pts',(19.8439720436838,-5.96511253706411,-0.545185594684846));
#3537=CARTESIAN_POINT('Ctrl Pts',(19.7540898205188,-5.93683326760602,-0.551177742887125));
#3538=CARTESIAN_POINT('Ctrl Pts',(19.5849989871608,-5.86183925222802,-0.562450465090268));
#3539=CARTESIAN_POINT('Ctrl Pts',(19.5060970393743,-5.81597300906529,-0.567554669113563));
#3540=CARTESIAN_POINT('Ctrl Pts',(19.432843276296,-5.76192260292181,-0.573117062875179));
#3541=CARTESIAN_POINT('',(19.1603945038,-4.0259676022192,-0.573117062880804));
#3542=CARTESIAN_POINT('Origin',(20.175,-4.7560879259192,-0.573117062880804));
#3543=CARTESIAN_POINT('Ctrl Pts',(19.1603945037998,-4.02596760221887,-0.57311706289598));
#3544=CARTESIAN_POINT('Ctrl Pts',(19.1038792674157,-4.10450351964647,-0.566698948377445));
#3545=CARTESIAN_POINT('Ctrl Pts',(19.0566773920847,-4.18932809724306,-0.560228203262384));
#3546=CARTESIAN_POINT('Ctrl Pts',(18.9833400865089,-4.36682322359447,-0.547535940510468));
#3547=CARTESIAN_POINT('Ctrl Pts',(18.9571370599747,-4.45877587432616,-0.541353617525696));
#3548=CARTESIAN_POINT('Ctrl Pts',(18.9157330576207,-4.71000206985937,-0.525468932944632));
#3549=CARTESIAN_POINT('Ctrl Pts',(18.920107746092,-4.87065138637926,-0.516665813530888));
#3550=CARTESIAN_POINT('Ctrl Pts',(18.9896229456275,-5.18475112441791,-0.496214083368532));
#3551=CARTESIAN_POINT('Ctrl Pts',(19.0552733676248,-5.33494351664689,-0.485354374156161));
#3552=CARTESIAN_POINT('Ctrl Pts',(19.2422355678581,-5.60456966714629,-0.463555427763374));
#3553=CARTESIAN_POINT('Ctrl Pts',(19.3628537026205,-5.72066715971026,-0.452831931422835));
#3554=CARTESIAN_POINT('Ctrl Pts',(19.6361524932948,-5.89504644446287,-0.433654179072102));
#3555=CARTESIAN_POINT('Ctrl Pts',(19.7846751808233,-5.95411153426592,-0.424138717488347));
#3556=CARTESIAN_POINT('Ctrl Pts',(20.1016977411734,-6.0147050576455,-0.403003880110532));
#3557=CARTESIAN_POINT('Ctrl Pts',(20.2675736258677,-6.01343477552815,-0.391945487789366));
#3558=CARTESIAN_POINT('Ctrl Pts',(20.5898027122532,-5.94671360217415,-0.370463548685854));
#3559=CARTESIAN_POINT('Ctrl Pts',(20.7429106575189,-5.88174687556399,-0.360843324003337));
#3560=CARTESIAN_POINT('Ctrl Pts',(21.0113189217194,-5.69880042600687,-0.341333963695699));
#3561=CARTESIAN_POINT('Ctrl Pts',(21.1250444219744,-5.58405638114884,-0.330918363181));
#3562=CARTESIAN_POINT('Ctrl Pts',(21.3064981480516,-5.31275662641256,-0.30920640702194));
#3563=CARTESIAN_POINT('Ctrl Pts',(21.3704612952535,-5.15740118482676,-0.298104851519812));
#3564=CARTESIAN_POINT('Ctrl Pts',(21.4325875019286,-4.83705357607632,-0.277538700147171));
#3565=CARTESIAN_POINT('Ctrl Pts',(21.4326235599012,-4.67568440509482,-0.268729082099952));
#3566=CARTESIAN_POINT('Ctrl Pts',(21.3714781806319,-4.35963850311563,-0.248443984129557));
#3567=CARTESIAN_POINT('Ctrl Pts',(21.3101033290701,-4.20812707350374,-0.237650639281597));
#3568=CARTESIAN_POINT('Ctrl Pts',(21.1309071324064,-3.93376047329476,-0.215836869698887));
#3569=CARTESIAN_POINT('Ctrl Pts',(21.0135286432415,-3.81434888471524,-0.205030022129281));
#3570=CARTESIAN_POINT('Ctrl Pts',(20.7451768667203,-3.63249280242805,-0.185585497149515));
#3571=CARTESIAN_POINT('Ctrl Pts',(20.5984213927491,-3.56936911905336,-0.176345155786107));
#3572=CARTESIAN_POINT('Ctrl Pts',(20.3552681746249,-3.51584232288041,-0.160134941228958));
#3573=CARTESIAN_POINT('Ctrl Pts',(20.2651583940562,-3.5060879259192,-0.154127622518976));
#3574=CARTESIAN_POINT('Ctrl Pts',(20.175,-3.5060879259192,-0.148117062910174));
#3575=CARTESIAN_POINT('Origin',(20.175,-4.75608792591919,19.4768829371192));
#3576=CARTESIAN_POINT('',(21.825,-4.75608792591919,19.4768829371192));
#3577=CARTESIAN_POINT('Origin',(20.175,-4.75608792591919,19.4768829371192));
#3578=CARTESIAN_POINT('',(21.825,-4.75608792591919,16.4768829371192));
#3579=CARTESIAN_POINT('',(21.825,-4.75608792591919,19.4768829371192));
#3580=CARTESIAN_POINT('Origin',(20.175,-4.75608792591919,16.4768829371192));
#3581=CARTESIAN_POINT('Origin',(48.35,9.0731170628808,1.9768829371192));
#3582=CARTESIAN_POINT('',(51.35,9.0731170628808,8.4768829371192));
#3583=CARTESIAN_POINT('',(48.35,6.0731170628808,8.4768829371192));
#3584=CARTESIAN_POINT('Origin',(48.35,9.0731170628808,8.4768829371192));
#3585=CARTESIAN_POINT('',(48.35,6.0731170628808,-0.873117062880802));
#3586=CARTESIAN_POINT('',(48.35,6.0731170628808,1.9768829371192));
#3587=CARTESIAN_POINT('',(51.35,9.0731170628808,-0.873117062880801));
#3588=CARTESIAN_POINT('Origin',(48.35,9.0731170628808,-0.873117062880801));
#3589=CARTESIAN_POINT('',(51.35,9.0731170628808,1.9768829371192));
#3590=CARTESIAN_POINT('Origin',(51.35,10.5731170628808,1.9768829371192));
#3591=CARTESIAN_POINT('',(51.35,10.580902719763,-0.8731170628808));
#3592=CARTESIAN_POINT('',(51.35,10.8231170628808,-0.8731170628808));
#3593=CARTESIAN_POINT('',(51.35,10.580902719763,8.4768829371192));
#3594=CARTESIAN_POINT('',(51.35,10.580902719763,6.2268829371192));
#3595=CARTESIAN_POINT('',(51.35,6.3231170628808,8.4768829371192));
#3596=CARTESIAN_POINT('Origin',(14.35,11.0731170628808,-0.8731170628808));
#3597=CARTESIAN_POINT('',(43.842587547,6.0731170628808,-0.873117062880802));
#3598=CARTESIAN_POINT('',(61.35,6.0731170628808,-0.873117062880802));
#3599=CARTESIAN_POINT('',(41.342587547,7.0731170628808,-0.873117062880802));
#3600=CARTESIAN_POINT('',(41.342587547,7.0731170628808,-0.873117062880802));
#3601=CARTESIAN_POINT('',(34.342587547,7.0731170628808,-0.873117062880802));
#3602=CARTESIAN_POINT('',(34.342587547,7.0731170628808,-0.873117062880802));
#3603=CARTESIAN_POINT('',(31.342587547,6.0731170628808,-0.873117062880802));
#3604=CARTESIAN_POINT('Origin',(34.342587547,2.0731170628808,-0.873117062880803));
#3605=CARTESIAN_POINT('',(21.837446385569,6.0731170628808,-0.873117062880802));
#3606=CARTESIAN_POINT('',(18.0937231927845,6.0731170628808,-0.873117062880802));
#3607=CARTESIAN_POINT('',(23.1566048005108,-4.59431780010821,-0.873117062880802));
#3608=CARTESIAN_POINT('Origin',(-59.8434627170174,-9.44300592718772,-0.873117062880801));
#3609=CARTESIAN_POINT('',(17.653040342199,-6.35479247787929,-0.873117062880801));
#3610=CARTESIAN_POINT('Origin',(20.175,-4.7560879259192,-0.873117062880801));
#3611=CARTESIAN_POINT('',(10.0379638003464,8.73751519326211,-0.873117062880801));
#3612=CARTESIAN_POINT('Origin',(87.6889240089926,38.450296334434,-0.8731170628808));
#3613=CARTESIAN_POINT('',(13.8299945302772,16.0460029766595,-0.873117062880802));
#3614=CARTESIAN_POINT('Origin',(15.15,10.7231170628808,-0.8731170628808));
#3615=CARTESIAN_POINT('',(14.35,16.0731170628808,-0.873117062880799));
#3616=CARTESIAN_POINT('Origin',(14.35,11.0731170628808,-0.8731170628808));
#3617=CARTESIAN_POINT('',(16.3554164803924,16.0731170628808,-0.873117062880802));
#3618=CARTESIAN_POINT('',(14.35,16.0731170628808,-0.873117062880799));
#3619=CARTESIAN_POINT('',(48.5821405565688,13.5719076950173,-0.8731170628808));
#3620=CARTESIAN_POINT('',(32.7420131630198,14.8013058470369,-0.8731170628808));
#3621=CARTESIAN_POINT('Origin',(48.35,10.580902719763,-0.8731170628808));
#3622=CARTESIAN_POINT('',(16.85,10.7231170628808,-0.873117062880804));
#3623=CARTESIAN_POINT('Origin',(15.15,10.7231170628808,-0.873117062880804));
#3624=CARTESIAN_POINT('',(20.175,-6.30608792591997,-0.87311706288004));
#3625=CARTESIAN_POINT('Origin',(20.175,-4.7560879259192,-0.873117062880804));
#3626=CARTESIAN_POINT('Origin',(48.35,10.580902719763,6.2268829371192));
#3627=CARTESIAN_POINT('',(48.5821405565688,13.5719076950173,8.4768829371192));
#3628=CARTESIAN_POINT('Origin',(48.35,10.580902719763,8.4768829371192));
#3629=CARTESIAN_POINT('',(48.5821405565688,13.5719076950173,6.2268829371192));
#3630=CARTESIAN_POINT('Origin',(34.342587547,2.0731170628808,8.4768829371192));
#3631=CARTESIAN_POINT('',(16.3554164803924,16.0731170628808,8.4768829371192));
#3632=CARTESIAN_POINT('',(43.0256189769788,14.0031654236885,8.4768829371192));
#3633=CARTESIAN_POINT('',(20.4535661764091,12.1187225600218,8.4768829371192));
#3634=CARTESIAN_POINT('Origin',(15.15,10.7231170628808,8.4768829371192));
#3635=CARTESIAN_POINT('',(21.837446385569,6.0731170628808,8.4768829371192));
#3636=CARTESIAN_POINT('Origin',(-59.8434627170174,-9.44300592718772,8.4768829371192));
#3637=CARTESIAN_POINT('',(31.342587547,6.0731170628808,8.4768829371192));
#3638=CARTESIAN_POINT('',(32.842587547,6.0731170628808,8.4768829371192));
#3639=CARTESIAN_POINT('',(34.342587547,7.0731170628808,8.4768829371192));
#3640=CARTESIAN_POINT('Origin',(34.342587547,2.0731170628808,8.4768829371192));
#3641=CARTESIAN_POINT('',(41.342587547,7.0731170628808,8.4768829371192));
#3642=CARTESIAN_POINT('',(34.342587547,7.0731170628808,8.4768829371192));
#3643=CARTESIAN_POINT('',(43.842587547,6.0731170628808,8.4768829371192));
#3644=CARTESIAN_POINT('',(39.1874151333638,7.93518602842813,8.4768829371192));
#3645=CARTESIAN_POINT('',(47.8462937735,6.0731170628808,8.4768829371192));
#3646=CARTESIAN_POINT('Origin',(50.7362776411189,13.4047188785927,10.4768829371192));
#3647=CARTESIAN_POINT('',(16.3554164803924,16.0731170628808,6.22688293711925));
#3648=CARTESIAN_POINT('',(37.2798531113917,14.4491109493518,4.00000005960464));
#3649=CARTESIAN_POINT('Origin',(34.2389980532165,14.6851205151968,4.00000005960464));
#3650=CARTESIAN_POINT('',(43.664507028716,13.9535794720962,7.43882848018983));
#3651=CARTESIAN_POINT('',(44.7713377333869,13.8676751362842,7.44191385907644));
#3652=CARTESIAN_POINT('',(47.2045740464158,13.6788246206069,7.44869669941026));
#3653=CARTESIAN_POINT('',(44.7704210374706,13.8677462837085,7.77274488396775));
#3654=CARTESIAN_POINT('',(44.7671560218885,13.8679996910217,8.9510728683207));
#3655=CARTESIAN_POINT('',(42.2779265175117,14.0611960004074,7.76579685665479));
#3656=CARTESIAN_POINT('',(47.757072702835,13.6359436001253,7.78107041374487));
#3657=CARTESIAN_POINT('',(42.280997920644,14.0609576199171,6.65734264835754));
#3658=CARTESIAN_POINT('',(42.2742031539714,14.0614849814327,9.10954035345339));
#3659=CARTESIAN_POINT('',(42.349563915716,14.055636014507,6.14934634284689));
#3660=CARTESIAN_POINT('Ctrl Pts',(42.280997920644,14.0609576199171,6.65734264835754));
#3661=CARTESIAN_POINT('Ctrl Pts',(42.2820292497002,14.0608775754828,6.55858301572108));
#3662=CARTESIAN_POINT('Ctrl Pts',(42.2838302699076,14.0607377930897,6.38611808517206));
#3663=CARTESIAN_POINT('Ctrl Pts',(42.3298827463989,14.0571635270445,6.22023766026742));
#3664=CARTESIAN_POINT('Ctrl Pts',(42.349563915716,14.055636014507,6.14934634284689));
#3665=CARTESIAN_POINT('',(42.5875122014031,14.0371681590769,5.87204111615424));
#3666=CARTESIAN_POINT('Ctrl Pts',(42.349563915716,14.055636014507,6.14934634284689));
#3667=CARTESIAN_POINT('Ctrl Pts',(42.3768986942942,14.0535144831939,6.09404665171764));
#3668=CARTESIAN_POINT('Ctrl Pts',(42.4326015794278,14.0491912209913,5.98135679274971));
#3669=CARTESIAN_POINT('Ctrl Pts',(42.5352406515799,14.0412251054106,5.90892754629543));
#3670=CARTESIAN_POINT('Ctrl Pts',(42.5875122014031,14.0371681590769,5.87204111615424));
#3671=CARTESIAN_POINT('',(42.9635448342599,14.0079831776403,5.76906452512321));
#3672=CARTESIAN_POINT('Ctrl Pts',(42.5875122014031,14.0371681590769,5.87204111615424));
#3673=CARTESIAN_POINT('Ctrl Pts',(42.6460467664657,14.0326251219958,5.84186434888752));
#3674=CARTESIAN_POINT('Ctrl Pts',(42.764129363669,14.0234603897193,5.78098833400235));
#3675=CARTESIAN_POINT('Ctrl Pts',(42.8966937574161,14.0131716832811,5.77306180507991));
#3676=CARTESIAN_POINT('Ctrl Pts',(42.9635448342599,14.0079831776403,5.76906452512321));
#3677=CARTESIAN_POINT('',(43.4102204261536,13.9733153916066,5.94254779000007));
#3678=CARTESIAN_POINT('Ctrl Pts',(42.9635448342599,14.0079831776403,5.76906452512321));
#3679=CARTESIAN_POINT('Ctrl Pts',(43.0479537162822,14.0014319599011,5.77599745840429));
#3680=CARTESIAN_POINT('Ctrl Pts',(43.2140672989437,13.9885394037697,5.78964121671598));
#3681=CARTESIAN_POINT('Ctrl Pts',(43.3455495216317,13.9783346877608,5.89213510200328));
#3682=CARTESIAN_POINT('Ctrl Pts',(43.4102204261536,13.9733153916066,5.94254779000007));
#3683=CARTESIAN_POINT('',(43.639973483709,13.9554835915609,6.47525026732544));
#3684=CARTESIAN_POINT('Ctrl Pts',(43.4102204261536,13.9733153916066,5.94254779000007));
#3685=CARTESIAN_POINT('Ctrl Pts',(43.465710638556,13.9690086355504,6.01295732935738));
#3686=CARTESIAN_POINT('Ctrl Pts',(43.5889478583881,13.9594438380865,6.16932861547021));
#3687=CARTESIAN_POINT('Ctrl Pts',(43.6218733847256,13.9568883926518,6.36673200527697));
#3688=CARTESIAN_POINT('Ctrl Pts',(43.639973483709,13.9554835915609,6.47525026732544));
#3689=CARTESIAN_POINT('',(43.7646410704907,13.9458077791765,6.27607464154725));
#3690=CARTESIAN_POINT('Ctrl Pts',(43.639973483709,13.9554835915609,6.47525026732544));
#3691=CARTESIAN_POINT('Ctrl Pts',(43.6594977802067,13.9539682543773,6.43589316851328));
#3692=CARTESIAN_POINT('Ctrl Pts',(43.6945128591866,13.9512506327116,6.36530973297207));
#3693=CARTESIAN_POINT('Ctrl Pts',(43.7431318666927,13.947477170763,6.30344416561888));
#3694=CARTESIAN_POINT('Ctrl Pts',(43.7646410704907,13.9458077791765,6.27607464154725));
#3695=CARTESIAN_POINT('',(44.0969409352598,13.9200170244992,6.00244301835397));
#3696=CARTESIAN_POINT('Ctrl Pts',(43.7646410704907,13.9458077791765,6.27607464154725));
#3697=CARTESIAN_POINT('Ctrl Pts',(43.8132000128874,13.9420389790549,6.22759374133803));
#3698=CARTESIAN_POINT('Ctrl Pts',(43.9152086694425,13.9341217918541,6.12574902943064));
#3699=CARTESIAN_POINT('Ctrl Pts',(44.0344577275901,13.9248665271663,6.04483810467713));
#3700=CARTESIAN_POINT('Ctrl Pts',(44.0969409352598,13.9200170244992,6.00244301835397));
#3701=CARTESIAN_POINT('',(44.7765260409055,13.8672724567149,5.56947932182679));
#3702=CARTESIAN_POINT('',(45.4527769774814,13.8147866634462,5.13863982454018));
#3703=CARTESIAN_POINT('',(44.7753730834957,13.8673619410779,5.98557595188717));
#3704=CARTESIAN_POINT('',(44.7697501756478,13.8677983512371,8.01485559969584));
#3705=CARTESIAN_POINT('',(44.2558949520504,13.9076801430056,6.31496114738437));
#3706=CARTESIAN_POINT('',(45.8935760772624,13.7805749689807,5.27655763251592));
#3707=CARTESIAN_POINT('',(43.9117929843111,13.9343868930673,6.55274777227009));
#3708=CARTESIAN_POINT('Ctrl Pts',(44.2558949520504,13.9076801430056,6.31496114738437));
#3709=CARTESIAN_POINT('Ctrl Pts',(44.189179866141,13.9128580939962,6.35800865358041));
#3710=CARTESIAN_POINT('Ctrl Pts',(44.0719680373227,13.921955243417,6.43363887811702));
#3711=CARTESIAN_POINT('Ctrl Pts',(43.9600213985719,13.9306437461914,6.51688430301345));
#3712=CARTESIAN_POINT('Ctrl Pts',(43.9117929843111,13.9343868930673,6.55274777227009));
#3713=CARTESIAN_POINT('',(43.7447078391133,13.9473548549802,6.72025674243515));
#3714=CARTESIAN_POINT('Ctrl Pts',(43.9117929843111,13.9343868930673,6.55274777227009));
#3715=CARTESIAN_POINT('Ctrl Pts',(43.8765510920433,13.9371221183689,6.5808701030756));
#3716=CARTESIAN_POINT('Ctrl Pts',(43.8144561647477,13.9419414854718,6.63042062304989));
#3717=CARTESIAN_POINT('Ctrl Pts',(43.7657645804086,13.9457205803186,6.69313557633313));
#3718=CARTESIAN_POINT('Ctrl Pts',(43.7447078391133,13.9473548549802,6.72025674243515));
#3719=CARTESIAN_POINT('',(43.6779818652076,13.9525336510198,6.87099221904296));
#3720=CARTESIAN_POINT('Ctrl Pts',(43.7447078391133,13.9473548549802,6.72025674243515));
#3721=CARTESIAN_POINT('Ctrl Pts',(43.7300706389668,13.9484908904655,6.74466906723125));
#3722=CARTESIAN_POINT('Ctrl Pts',(43.7015977300709,13.9507007553681,6.79215696743745));
#3723=CARTESIAN_POINT('Ctrl Pts',(43.6857046944159,13.9519342598835,6.84521161827878));
#3724=CARTESIAN_POINT('Ctrl Pts',(43.6779818652076,13.9525336510198,6.87099221904296));
#3725=CARTESIAN_POINT('',(43.6655702062628,13.9534969558084,7.05513295890693));
#3726=CARTESIAN_POINT('Ctrl Pts',(43.6779818652076,13.9525336510198,6.87099221904296));
#3727=CARTESIAN_POINT('Ctrl Pts',(43.6744726258964,13.9528060132437,6.89567523607135));
#3728=CARTESIAN_POINT('Ctrl Pts',(43.6657956130703,13.9534794613334,6.95670694019485));
#3729=CARTESIAN_POINT('Ctrl Pts',(43.6656543427241,13.953490425734,7.01839397571522));
#3730=CARTESIAN_POINT('Ctrl Pts',(43.6655702062628,13.9534969558084,7.05513295890693));
#3731=CARTESIAN_POINT('',(43.660856905991,13.9538627686898,8.75613972879265));
#3732=CARTESIAN_POINT('',(42.2875620392788,14.0604481596634,0.60686010431417));
#3733=CARTESIAN_POINT('',(42.4538208872436,14.0475443290713,0.123863058793628));
#3734=CARTESIAN_POINT('Ctrl Pts',(42.2875620392788,14.0604481596634,0.60686010431417));
#3735=CARTESIAN_POINT('Ctrl Pts',(42.2933743170535,14.0599970519559,0.514531100949185));
#3736=CARTESIAN_POINT('Ctrl Pts',(42.3045013630898,14.0591334496948,0.337776115941473));
#3737=CARTESIAN_POINT('Ctrl Pts',(42.4055537888911,14.0512904783315,0.193009827287192));
#3738=CARTESIAN_POINT('Ctrl Pts',(42.4538208872436,14.0475443290713,0.123863058793628));
#3739=CARTESIAN_POINT('',(42.9101008158249,14.0121311226579,-0.100820548981764));
#3740=CARTESIAN_POINT('Ctrl Pts',(42.4538208872436,14.0475443290713,0.123863058793628));
#3741=CARTESIAN_POINT('Ctrl Pts',(42.5161571467856,14.0427062314739,0.0672846981247233));
#3742=CARTESIAN_POINT('Ctrl Pts',(42.6465406206962,14.032586792539,-0.0510554664339025));
#3743=CARTESIAN_POINT('Ctrl Pts',(42.8197189436837,14.019145921455,-0.0837547651074577));
#3744=CARTESIAN_POINT('Ctrl Pts',(42.9101008158249,14.0121311226579,-0.100820548981764));
#3745=CARTESIAN_POINT('',(42.9330578135893,14.0103493635896,0.204497295617344));
#3746=CARTESIAN_POINT('',(43.3276535973376,13.9797236422628,5.45244545583698));
#3747=CARTESIAN_POINT('',(42.6709055265178,14.0306957616498,0.319728405507343));
#3748=CARTESIAN_POINT('Ctrl Pts',(42.9330578135893,14.0103493635896,0.204497295617344));
#3749=CARTESIAN_POINT('Ctrl Pts',(42.8795516803875,14.0145021295141,0.217325409681687));
#3750=CARTESIAN_POINT('Ctrl Pts',(42.7849792703127,14.0218421680939,0.23999917792436));
#3751=CARTESIAN_POINT('Ctrl Pts',(42.7054427522315,14.0280152275598,0.295589403512633));
#3752=CARTESIAN_POINT('Ctrl Pts',(42.6709055265178,14.0306957616498,0.319728405507343));
#3753=CARTESIAN_POINT('',(42.5391395717211,14.0409224989292,0.626320243006074));
#3754=CARTESIAN_POINT('Ctrl Pts',(42.6709055265178,14.0306957616498,0.319728405507343));
#3755=CARTESIAN_POINT('Ctrl Pts',(42.6326000517832,14.0336687604572,0.363605947056644));
#3756=CARTESIAN_POINT('Ctrl Pts',(42.5558061932072,14.0396289541775,0.451570545948821));
#3757=CARTESIAN_POINT('Ctrl Pts',(42.5447039267479,14.040490633224,0.567977923534522));
#3758=CARTESIAN_POINT('Ctrl Pts',(42.5391395717211,14.0409224989292,0.626320243006074));
#3759=CARTESIAN_POINT('',(42.6200356724622,14.0346439183164,0.884050132138141));
#3760=CARTESIAN_POINT('Ctrl Pts',(42.5391395717211,14.0409224989292,0.626320243006074));
#3761=CARTESIAN_POINT('Ctrl Pts',(42.5421749972861,14.040686910762,0.673400492234577));
#3762=CARTESIAN_POINT('Ctrl Pts',(42.548145468723,14.0402235251863,0.766004075239419));
#3763=CARTESIAN_POINT('Ctrl Pts',(42.5963423778001,14.036482823519,0.845144970317335));
#3764=CARTESIAN_POINT('Ctrl Pts',(42.6200356724622,14.0346439183164,0.884050132138141));
#3765=CARTESIAN_POINT('',(42.9271389252736,14.0108087456499,1.11341997266423));
#3766=CARTESIAN_POINT('Ctrl Pts',(42.6200356724622,14.0346439183164,0.884050132138141));
#3767=CARTESIAN_POINT('Ctrl Pts',(42.6607145943872,14.0314867094002,0.930574550868679));
#3768=CARTESIAN_POINT('Ctrl Pts',(42.7466362986632,14.0248180771455,1.02884306828786));
#3769=CARTESIAN_POINT('Ctrl Pts',(42.8648778570567,14.0156410074308,1.08424672177121));
#3770=CARTESIAN_POINT('Ctrl Pts',(42.9271389252736,14.0108087456499,1.11341997266423));
#3771=CARTESIAN_POINT('',(43.5032660227984,13.966093853438,1.20199723412443));
#3772=CARTESIAN_POINT('Ctrl Pts',(42.9271389252736,14.0108087456499,1.11341997266423));
#3773=CARTESIAN_POINT('Ctrl Pts',(43.0082874595494,14.0045105729396,1.13811191821278));
#3774=CARTESIAN_POINT('Ctrl Pts',(43.1957779958607,13.9899588895386,1.195161699269));
#3775=CARTESIAN_POINT('Ctrl Pts',(43.3919819132492,13.9747309354026,1.1995233608577));
#3776=CARTESIAN_POINT('Ctrl Pts',(43.5032660227984,13.966093853438,1.20199723412443));
#3777=CARTESIAN_POINT('',(43.2540876958703,13.9854333048854,0.930155881078973));
#3778=CARTESIAN_POINT('Ctrl Pts',(43.5032660227984,13.966093853438,1.20199723412443));
#3779=CARTESIAN_POINT('Ctrl Pts',(43.4513218662059,13.9701253898351,1.1636979629353));
#3780=CARTESIAN_POINT('Ctrl Pts',(43.3504834565344,13.9779517507868,1.08934816400433));
#3781=CARTESIAN_POINT('Ctrl Pts',(43.2855651212434,13.9829902507595,0.982139113238204));
#3782=CARTESIAN_POINT('Ctrl Pts',(43.2540876958703,13.9854333048854,0.930155881078973));
#3783=CARTESIAN_POINT('',(43.1734089552077,13.9916950155531,0.593981814004605));
#3784=CARTESIAN_POINT('Ctrl Pts',(43.2540876958703,13.9854333048854,0.930155881078973));
#3785=CARTESIAN_POINT('Ctrl Pts',(43.2304345135076,13.9872690968562,0.876205625712365));
#3786=CARTESIAN_POINT('Ctrl Pts',(43.1834273600827,13.9909174581425,0.768987582387219));
#3787=CARTESIAN_POINT('Ctrl Pts',(43.1767342223811,13.9914369319395,0.652068998942742));
#3788=CARTESIAN_POINT('Ctrl Pts',(43.1734089552077,13.9916950155531,0.593981814004605));
#3789=CARTESIAN_POINT('',(43.4001338298132,13.9740982415543,0.0719309304315663));
#3790=CARTESIAN_POINT('Ctrl Pts',(43.1734089552077,13.9916950155531,0.593981814004605));
#3791=CARTESIAN_POINT('Ctrl Pts',(43.1832540607501,13.9909309084055,0.495314423523942));
#3792=CARTESIAN_POINT('Ctrl Pts',(43.2030425821919,13.9893950639588,0.296994378733598));
#3793=CARTESIAN_POINT('Ctrl Pts',(43.3342195160992,13.9792140422962,0.147200141601339));
#3794=CARTESIAN_POINT('Ctrl Pts',(43.4001338298132,13.9740982415543,0.0719309304315663));
#3795=CARTESIAN_POINT('',(43.9830505446375,13.9288563874844,-0.142167894362338));
#3796=CARTESIAN_POINT('Ctrl Pts',(43.4001338298132,13.9740982415543,0.0719309304315663));
#3797=CARTESIAN_POINT('Ctrl Pts',(43.4830028697418,13.9676665354185,0.00926762181298613));
#3798=CARTESIAN_POINT('Ctrl Pts',(43.6552924536364,13.9542946419489,-0.121013064154409));
#3799=CARTESIAN_POINT('Ctrl Pts',(43.8710628771132,13.9375480746207,-0.134939758255549));
#3800=CARTESIAN_POINT('Ctrl Pts',(43.9830505446375,13.9288563874844,-0.142167894362338));
#3801=CARTESIAN_POINT('',(44.418870986199,13.895031101099,-0.0394864393545657));
#3802=CARTESIAN_POINT('Ctrl Pts',(43.9830505446375,13.9288563874844,-0.142167894362338));
#3803=CARTESIAN_POINT('Ctrl Pts',(44.0595105011346,13.9229221088713,-0.137905528579825));
#3804=CARTESIAN_POINT('Ctrl Pts',(44.2108572893309,13.9111756464155,-0.129468493027419));
#3805=CARTESIAN_POINT('Ctrl Pts',(44.3500152311804,13.9003751956175,-0.0692718926062119));
#3806=CARTESIAN_POINT('Ctrl Pts',(44.418870986199,13.895031101099,-0.0394864393545657));
#3807=CARTESIAN_POINT('',(44.7266847807648,13.8711407812295,0.240192492386994));
#3808=CARTESIAN_POINT('Ctrl Pts',(44.418870986199,13.895031101099,-0.0394864393545657));
#3809=CARTESIAN_POINT('Ctrl Pts',(44.4815631411114,13.8901653814315,-0.00303468164164378));
#3810=CARTESIAN_POINT('Ctrl Pts',(44.6041326012149,13.8806524107336,0.0682321661631335));
#3811=CARTESIAN_POINT('Ctrl Pts',(44.686464312921,13.8742624081971,0.183756737456293));
#3812=CARTESIAN_POINT('Ctrl Pts',(44.7266847807648,13.8711407812295,0.240192492386994));
#3813=CARTESIAN_POINT('',(44.8326823692203,13.862914001474,0.642945449358712));
#3814=CARTESIAN_POINT('Ctrl Pts',(44.7266847807648,13.8711407812295,0.240192492386994));
#3815=CARTESIAN_POINT('Ctrl Pts',(44.7577502914079,13.8687296969985,0.302168025424464));
#3816=CARTESIAN_POINT('Ctrl Pts',(44.8212589023957,13.8638006098109,0.428867375828208));
#3817=CARTESIAN_POINT('Ctrl Pts',(44.8288198776052,13.8632137806321,0.570561577047296));
#3818=CARTESIAN_POINT('Ctrl Pts',(44.8326823692203,13.862914001474,0.642945449358712));
#3819=CARTESIAN_POINT('',(44.5495648442435,13.8848875723528,1.26801100015239));
#3820=CARTESIAN_POINT('Ctrl Pts',(44.8326823692203,13.862914001474,0.642945449358712));
#3821=CARTESIAN_POINT('Ctrl Pts',(44.8210488053011,13.8638169160547,0.764544247434538));
#3822=CARTESIAN_POINT('Ctrl Pts',(44.7979891686017,13.865606641228,1.00557306080471));
#3823=CARTESIAN_POINT('Ctrl Pts',(44.6318747184877,13.8784992646849,1.1810580262823));
#3824=CARTESIAN_POINT('Ctrl Pts',(44.5495648442435,13.8848875723528,1.26801100015239));
#3825=CARTESIAN_POINT('',(43.6214342831449,13.9569224725969,1.50758048771346));
#3826=CARTESIAN_POINT('Ctrl Pts',(44.5495648442435,13.8848875723528,1.26801100015239));
#3827=CARTESIAN_POINT('Ctrl Pts',(44.4279708271921,13.894324836091,1.33791604044868));
#3828=CARTESIAN_POINT('Ctrl Pts',(44.1425281382742,13.9164788696758,1.50201854446137));
#3829=CARTESIAN_POINT('Ctrl Pts',(43.81146806419,13.9421734006081,1.50555214465059));
#3830=CARTESIAN_POINT('Ctrl Pts',(43.6214342831449,13.9569224725969,1.50758048771346));
#3831=CARTESIAN_POINT('',(42.5714519175143,14.0384146442119,1.23691742047183));
#3832=CARTESIAN_POINT('Ctrl Pts',(43.6214342831449,13.9569224725969,1.50758048771346));
#3833=CARTESIAN_POINT('Ctrl Pts',(43.4081364518144,13.9734771348892,1.50374637785613));
#3834=CARTESIAN_POINT('Ctrl Pts',(43.0346181900279,14.0024669687066,1.49703224466276));
#3835=CARTESIAN_POINT('Ctrl Pts',(42.7104875554274,14.0276236857765,1.31500002850755));
#3836=CARTESIAN_POINT('Ctrl Pts',(42.5714519175143,14.0384146442119,1.23691742047183));
#3837=CARTESIAN_POINT('Ctrl Pts',(42.5714519175143,14.0384146442119,1.23691742047183));
#3838=CARTESIAN_POINT('Ctrl Pts',(42.4883891416112,14.0448613867576,1.15080668449991));
#3839=CARTESIAN_POINT('Ctrl Pts',(42.3189302394984,14.0580135828179,0.975129546103284));
#3840=CARTESIAN_POINT('Ctrl Pts',(42.2981543305577,14.0596260612674,0.731215890403698));
#3841=CARTESIAN_POINT('Ctrl Pts',(42.2875620392788,14.0604481596634,0.60686010431417));
#3842=CARTESIAN_POINT('',(44.4380259274747,13.8935444306436,1.9447148962886));
#3843=CARTESIAN_POINT('',(44.7865671671818,13.8664931358306,1.94568648279914));
#3844=CARTESIAN_POINT('',(47.5989482126926,13.6482160996538,1.953526219321));
#3845=CARTESIAN_POINT('',(44.7855984938195,13.866568317375,2.29527591102544));
#3846=CARTESIAN_POINT('',(44.774770738786,13.8674086907949,6.20295918018206));
#3847=CARTESIAN_POINT('',(44.4370572541124,13.893619612188,2.2943043245149));
#3848=CARTESIAN_POINT('',(47.7722501591838,13.6347656337918,2.30360144080256));
#3849=CARTESIAN_POINT('',(44.4257451623978,13.8944975763801,6.37678230778467));
#3850=CARTESIAN_POINT('',(44.824502987312,13.8635488269873,3.59484394875254));
#3851=CARTESIAN_POINT('',(44.5644989985633,13.8837284893943,4.16199328824502));
#3852=CARTESIAN_POINT('Ctrl Pts',(44.824502987312,13.8635488269873,3.59484394875254));
#3853=CARTESIAN_POINT('Ctrl Pts',(44.8145580851757,13.8643206796375,3.70793252392416));
#3854=CARTESIAN_POINT('Ctrl Pts',(44.7951608350232,13.8658261563865,3.92850858912025));
#3855=CARTESIAN_POINT('Ctrl Pts',(44.6400735677313,13.8778629282554,4.08549382992766));
#3856=CARTESIAN_POINT('Ctrl Pts',(44.5644989985633,13.8837284893943,4.16199328824502));
#3857=CARTESIAN_POINT('',(43.5504939313194,13.9624283587095,4.4064389821639));
#3858=CARTESIAN_POINT('Ctrl Pts',(44.5644989985633,13.8837284893943,4.16199328824502));
#3859=CARTESIAN_POINT('Ctrl Pts',(44.4306592571061,13.8941161792611,4.2333365005252));
#3860=CARTESIAN_POINT('Ctrl Pts',(44.1156196689547,13.918567313893,4.40126820727712));
#3861=CARTESIAN_POINT('Ctrl Pts',(43.7568473362122,13.9464126734605,4.40455089437606));
#3862=CARTESIAN_POINT('Ctrl Pts',(43.5504939313194,13.9624283587095,4.4064389821639));
#3863=CARTESIAN_POINT('',(42.839212664776,14.0176329573171,4.31322113294464));
#3864=CARTESIAN_POINT('Ctrl Pts',(43.5504939313194,13.9624283587095,4.4064389821639));
#3865=CARTESIAN_POINT('Ctrl Pts',(43.4167387544564,13.9728094852732,4.40426002834215));
#3866=CARTESIAN_POINT('Ctrl Pts',(43.1758671450089,13.9915042283249,4.40033608217223));
#3867=CARTESIAN_POINT('Ctrl Pts',(42.942840440965,14.0095901055534,4.34003654456499));
#3868=CARTESIAN_POINT('Ctrl Pts',(42.839212664776,14.0176329573171,4.31322113294464));
#3869=CARTESIAN_POINT('',(42.4242648623603,14.0498382577418,4.04091738623764));
#3870=CARTESIAN_POINT('Ctrl Pts',(42.839212664776,14.0176329573171,4.31322113294464));
#3871=CARTESIAN_POINT('Ctrl Pts',(42.7561240615426,14.0240817043967,4.28068188878333));
#3872=CARTESIAN_POINT('Ctrl Pts',(42.5985334540588,14.0363127677463,4.21896609317603));
#3873=CARTESIAN_POINT('Ctrl Pts',(42.480205287445,14.0454965593757,4.09807123280773));
#3874=CARTESIAN_POINT('Ctrl Pts',(42.4242648623603,14.0498382577418,4.04091738623764));
#3875=CARTESIAN_POINT('',(42.2793023282149,14.0610892197551,3.58774899887211));
#3876=CARTESIAN_POINT('Ctrl Pts',(42.4242648623603,14.0498382577418,4.04091738623764));
#3877=CARTESIAN_POINT('Ctrl Pts',(42.3818228454092,14.053132305568,3.97510795903714));
#3878=CARTESIAN_POINT('Ctrl Pts',(42.2930289018038,14.0600238606336,3.83742650590855));
#3879=CARTESIAN_POINT('Ctrl Pts',(42.2840102273981,14.0607238260678,3.67338264399299));
#3880=CARTESIAN_POINT('Ctrl Pts',(42.2793023282149,14.0610892197551,3.58774899887211));
#3881=CARTESIAN_POINT('',(42.361039681297,14.0547453471123,3.23497412883805));
#3882=CARTESIAN_POINT('Ctrl Pts',(42.2793023282149,14.0610892197551,3.58774899887211));
#3883=CARTESIAN_POINT('Ctrl Pts',(42.2822585597432,14.0608597780664,3.52387161427525));
#3884=CARTESIAN_POINT('Ctrl Pts',(42.2879386933045,14.0604189264539,3.4011369527336));
#3885=CARTESIAN_POINT('Ctrl Pts',(42.3373463107043,14.056584258208,3.2888305468347));
#3886=CARTESIAN_POINT('Ctrl Pts',(42.361039681297,14.0547453471123,3.23497412883805));
#3887=CARTESIAN_POINT('',(42.59466193977,14.0366132471802,2.98494216661457));
#3888=CARTESIAN_POINT('Ctrl Pts',(42.361039681297,14.0547453471123,3.23497412883805));
#3889=CARTESIAN_POINT('Ctrl Pts',(42.3914299958779,14.0523866668027,3.18643757130612));
#3890=CARTESIAN_POINT('Ctrl Pts',(42.4531098313384,14.0475995161789,3.08792832835567));
#3891=CARTESIAN_POINT('Ctrl Pts',(42.5470215362361,14.040310756841,3.01960291704852));
#3892=CARTESIAN_POINT('Ctrl Pts',(42.59466193977,14.0366132471802,2.98494216661457));
#3893=CARTESIAN_POINT('',(42.9657356739375,14.0078131402294,2.83079169597337));
#3894=CARTESIAN_POINT('Ctrl Pts',(42.59466193977,14.0366132471802,2.98494216661457));
#3895=CARTESIAN_POINT('Ctrl Pts',(42.6500575638541,14.0323138323973,2.95344822695742));
#3896=CARTESIAN_POINT('Ctrl Pts',(42.7673504085802,14.0232103950972,2.88676401073824));
#3897=CARTESIAN_POINT('Ctrl Pts',(42.8972078986017,14.013131779295,2.85012608658106));
#3898=CARTESIAN_POINT('Ctrl Pts',(42.9657356739375,14.0078131402294,2.83079169597337));
#3899=CARTESIAN_POINT('',(43.5550112571872,13.962077755969,2.77615840596792));
#3900=CARTESIAN_POINT('Ctrl Pts',(42.9657356739375,14.0078131402294,2.83079169597337));
#3901=CARTESIAN_POINT('Ctrl Pts',(43.0510532518019,14.0011913959747,2.81467900800949));
#3902=CARTESIAN_POINT('Ctrl Pts',(43.2456318186411,13.9860895900011,2.77793178885005));
#3903=CARTESIAN_POINT('Ctrl Pts',(43.443758121191,13.9707124339865,2.77679611611403));
#3904=CARTESIAN_POINT('Ctrl Pts',(43.5550112571872,13.962077755969,2.77615840596792));
#3905=CARTESIAN_POINT('',(44.2628943991753,13.9071368956473,2.86851413490745));
#3906=CARTESIAN_POINT('Ctrl Pts',(43.5550112571872,13.962077755969,2.77615840596792));
#3907=CARTESIAN_POINT('Ctrl Pts',(43.6878995569509,13.9517639102469,2.77835333295974));
#3908=CARTESIAN_POINT('Ctrl Pts',(43.9275724580472,13.9331622024212,2.7823120300065));
#3909=CARTESIAN_POINT('Ctrl Pts',(44.1595419835099,13.9151583758835,2.84194505402063));
#3910=CARTESIAN_POINT('Ctrl Pts',(44.2628943991753,13.9071368956473,2.86851413490745));
#3911=CARTESIAN_POINT('',(44.6786946488058,13.8748654343261,3.13996761014261));
#3912=CARTESIAN_POINT('Ctrl Pts',(44.2628943991753,13.9071368956473,2.86851413490745));
#3913=CARTESIAN_POINT('Ctrl Pts',(44.3460376936581,13.9006839038216,2.9008360654739));
#3914=CARTESIAN_POINT('Ctrl Pts',(44.5038605069259,13.8884348183087,2.96218963636591));
#3915=CARTESIAN_POINT('Ctrl Pts',(44.6225380955897,13.8792239070222,3.08286550103687));
#3916=CARTESIAN_POINT('Ctrl Pts',(44.6786946488058,13.8748654343261,3.13996761014261));
#3917=CARTESIAN_POINT('Ctrl Pts',(44.6786946488058,13.8748654343261,3.13996761014261));
#3918=CARTESIAN_POINT('Ctrl Pts',(44.7213832329566,13.8715522497055,3.20590295444266));
#3919=CARTESIAN_POINT('Ctrl Pts',(44.8107949583623,13.8646127468056,3.34400528358655));
#3920=CARTESIAN_POINT('Ctrl Pts',(44.8197982251254,13.8639139772032,3.50875306937516));
#3921=CARTESIAN_POINT('Ctrl Pts',(44.824502987312,13.8635488269873,3.59484394875254));
#3922=CARTESIAN_POINT('Origin',(61.35,6.0731170628808,1.9768829371192));
#3923=CARTESIAN_POINT('',(43.842587547,6.0731170628808,1.9768829371192));
#3924=CARTESIAN_POINT('Origin',(34.2389980532165,14.6851205151968,4.00000005960464));
#3925=CARTESIAN_POINT('',(37.0322365177183,11.2587056424139,4.00000005960464));
#3926=CARTESIAN_POINT('',(37.2798531113917,14.4491109493518,4.00000005960465));
#3927=CARTESIAN_POINT('Origin',(33.9913814595431,11.4947152082589,4.00000005960464));
#3928=CARTESIAN_POINT('Origin',(33.9913814595431,11.4947152082589,4.00000005960464));
#3929=CARTESIAN_POINT('Ctrl Pts',(42.5326225579168,14.0414283032405,3.59186574016681));
#3930=CARTESIAN_POINT('Ctrl Pts',(42.5016704837076,13.6426276398733,3.59186574016681));
#3931=CARTESIAN_POINT('Ctrl Pts',(42.5401822589033,14.0408415729579,3.65903614577958));
#3932=CARTESIAN_POINT('Ctrl Pts',(42.5092301846941,13.6420409095906,3.65903614577958));
#3933=CARTESIAN_POINT('Ctrl Pts',(42.5554620154357,14.0396556668109,3.79480175949623));
#3934=CARTESIAN_POINT('Ctrl Pts',(42.5245099412265,13.6408550034437,3.79480175949623));
#3935=CARTESIAN_POINT('Ctrl Pts',(42.6582663787396,14.0316767225054,3.88463004054579));
#3936=CARTESIAN_POINT('Ctrl Pts',(42.6273143045304,13.6328760591382,3.88463004054579));
#3937=CARTESIAN_POINT('Ctrl Pts',(42.7102080044707,14.0276453825357,3.93001553591185));
#3938=CARTESIAN_POINT('Ctrl Pts',(42.6792559302615,13.6288447191685,3.93001553591185));
#3939=CARTESIAN_POINT('',(42.5326225579168,14.0414283032405,3.59186574016681));
#3940=CARTESIAN_POINT('',(42.7102080044707,14.0276453825357,3.93001553591185));
#3941=CARTESIAN_POINT('Ctrl Pts',(42.5326225579168,14.0414283032405,3.59186574016681));
#3942=CARTESIAN_POINT('Ctrl Pts',(42.5401822589033,14.0408415729579,3.65903614577958));
#3943=CARTESIAN_POINT('Ctrl Pts',(42.5554620154357,14.0396556668109,3.79480175949623));
#3944=CARTESIAN_POINT('Ctrl Pts',(42.6582663787396,14.0316767225054,3.88463004054579));
#3945=CARTESIAN_POINT('Ctrl Pts',(42.7102080044707,14.0276453825357,3.93001553591185));
#3946=CARTESIAN_POINT('',(42.5016704837076,13.6426276398733,3.59186574016681));
#3947=CARTESIAN_POINT('',(42.5326225579168,14.0414283032405,3.59186574016681));
#3948=CARTESIAN_POINT('',(42.6792559302615,13.6288447191685,3.93001553591185));
#3949=CARTESIAN_POINT('Ctrl Pts',(42.5016704837076,13.6426276398733,3.59186574016681));
#3950=CARTESIAN_POINT('Ctrl Pts',(42.5092301846941,13.6420409095906,3.65903614577958));
#3951=CARTESIAN_POINT('Ctrl Pts',(42.5245099412265,13.6408550034437,3.79480175949623));
#3952=CARTESIAN_POINT('Ctrl Pts',(42.6273143045304,13.6328760591382,3.88463004054579));
#3953=CARTESIAN_POINT('Ctrl Pts',(42.6792559302615,13.6288447191685,3.93001553591185));
#3954=CARTESIAN_POINT('',(42.7102080044707,14.0276453825357,3.93001553591185));
#3955=CARTESIAN_POINT('Ctrl Pts',(42.7359410791199,14.0256481641022,3.23346095515849));
#3956=CARTESIAN_POINT('Ctrl Pts',(42.7049890049107,13.626847500735,3.23346095515849));
#3957=CARTESIAN_POINT('Ctrl Pts',(42.676826743973,14.0302361988182,3.28258959254279));
#3958=CARTESIAN_POINT('Ctrl Pts',(42.6458746697638,13.631435535451,3.28258959254279));
#3959=CARTESIAN_POINT('Ctrl Pts',(42.5635294031645,14.0390295334902,3.3767485467009));
#3960=CARTESIAN_POINT('Ctrl Pts',(42.5325773289554,13.640228870123,3.3767485467009));
#3961=CARTESIAN_POINT('Ctrl Pts',(42.5426214969346,14.0406522566315,3.52227132889929));
#3962=CARTESIAN_POINT('Ctrl Pts',(42.5116694227254,13.6418515932642,3.52227132889929));
#3963=CARTESIAN_POINT('Ctrl Pts',(42.5326225579168,14.0414283032405,3.59186574016681));
#3964=CARTESIAN_POINT('Ctrl Pts',(42.5016704837076,13.6426276398733,3.59186574016681));
#3965=CARTESIAN_POINT('',(42.7359410791199,14.0256481641022,3.23346095515849));
#3966=CARTESIAN_POINT('Ctrl Pts',(42.7359410791199,14.0256481641022,3.23346095515849));
#3967=CARTESIAN_POINT('Ctrl Pts',(42.676826743973,14.0302361988182,3.28258959254279));
#3968=CARTESIAN_POINT('Ctrl Pts',(42.5635294031645,14.0390295334902,3.3767485467009));
#3969=CARTESIAN_POINT('Ctrl Pts',(42.5426214969346,14.0406522566315,3.52227132889929));
#3970=CARTESIAN_POINT('Ctrl Pts',(42.5326225579168,14.0414283032405,3.59186574016681));
#3971=CARTESIAN_POINT('',(42.7049890049107,13.626847500735,3.23346095515849));
#3972=CARTESIAN_POINT('',(42.7359410791199,14.0256481641022,3.23346095515849));
#3973=CARTESIAN_POINT('Ctrl Pts',(42.7049890049107,13.626847500735,3.23346095515849));
#3974=CARTESIAN_POINT('Ctrl Pts',(42.6458746697638,13.631435535451,3.28258959254279));
#3975=CARTESIAN_POINT('Ctrl Pts',(42.5325773289554,13.640228870123,3.3767485467009));
#3976=CARTESIAN_POINT('Ctrl Pts',(42.5116694227254,13.6418515932642,3.52227132889929));
#3977=CARTESIAN_POINT('Ctrl Pts',(42.5016704837076,13.6426276398733,3.59186574016681));
#3978=CARTESIAN_POINT('Ctrl Pts',(43.5541370884223,13.962145602738,3.09164159212659));
#3979=CARTESIAN_POINT('Ctrl Pts',(43.5231850142131,13.5633449393707,3.09164159212659));
#3980=CARTESIAN_POINT('Ctrl Pts',(43.3805569448958,13.9756176602775,3.08935003572604));
#3981=CARTESIAN_POINT('Ctrl Pts',(43.3496048706866,13.5768169969102,3.08935003572604));
#3982=CARTESIAN_POINT('Ctrl Pts',(43.0974250378463,13.9975923473905,3.08561220765067));
#3983=CARTESIAN_POINT('Ctrl Pts',(43.0664729636372,13.5987916840233,3.08561220765067));
#3984=CARTESIAN_POINT('Ctrl Pts',(42.8367886776615,14.0178210899757,3.19221378284666));
#3985=CARTESIAN_POINT('Ctrl Pts',(42.8058366034523,13.6190204266085,3.19221378284666));
#3986=CARTESIAN_POINT('Ctrl Pts',(42.7359410791199,14.0256481641022,3.23346095515849));
#3987=CARTESIAN_POINT('Ctrl Pts',(42.7049890049107,13.626847500735,3.23346095515849));
#3988=CARTESIAN_POINT('',(43.5541370884223,13.962145602738,3.09164159212659));
#3989=CARTESIAN_POINT('Ctrl Pts',(43.5541370884223,13.962145602738,3.09164159212659));
#3990=CARTESIAN_POINT('Ctrl Pts',(43.3805569448958,13.9756176602775,3.08935003572604));
#3991=CARTESIAN_POINT('Ctrl Pts',(43.0974250378463,13.9975923473905,3.08561220765067));
#3992=CARTESIAN_POINT('Ctrl Pts',(42.8367886776615,14.0178210899757,3.19221378284666));
#3993=CARTESIAN_POINT('Ctrl Pts',(42.7359410791199,14.0256481641022,3.23346095515849));
#3994=CARTESIAN_POINT('',(43.5231850142131,13.5633449393707,3.09164159212659));
#3995=CARTESIAN_POINT('',(43.5541370884223,13.962145602738,3.09164159212659));
#3996=CARTESIAN_POINT('Ctrl Pts',(43.5231850142131,13.5633449393707,3.09164159212659));
#3997=CARTESIAN_POINT('Ctrl Pts',(43.3496048706866,13.5768169969102,3.08935003572604));
#3998=CARTESIAN_POINT('Ctrl Pts',(43.0664729636372,13.5987916840233,3.08561220765067));
#3999=CARTESIAN_POINT('Ctrl Pts',(42.8058366034523,13.6190204266085,3.19221378284666));
#4000=CARTESIAN_POINT('Ctrl Pts',(42.7049890049107,13.626847500735,3.23346095515849));
#4001=CARTESIAN_POINT('Ctrl Pts',(44.3698342151215,13.8988369868881,3.2380155626188));
#4002=CARTESIAN_POINT('Ctrl Pts',(44.3388821409124,13.5000363235208,3.2380155626188));
#4003=CARTESIAN_POINT('Ctrl Pts',(44.2690767999545,13.9066570616218,3.19619618437097));
#4004=CARTESIAN_POINT('Ctrl Pts',(44.2381247257454,13.5078563982545,3.19619618437097));
#4005=CARTESIAN_POINT('Ctrl Pts',(44.0095291737159,13.9268013044129,3.08847090839991));
#4006=CARTESIAN_POINT('Ctrl Pts',(43.9785770995068,13.5280006410457,3.08847090839991));
#4007=CARTESIAN_POINT('Ctrl Pts',(43.7269921325872,13.9487298222595,3.09043808268208));
#4008=CARTESIAN_POINT('Ctrl Pts',(43.696040058378,13.5499291588922,3.09043808268208));
#4009=CARTESIAN_POINT('Ctrl Pts',(43.5541370884223,13.962145602738,3.09164159212659));
#4010=CARTESIAN_POINT('Ctrl Pts',(43.5231850142131,13.5633449393707,3.09164159212659));
#4011=CARTESIAN_POINT('',(44.3698342151215,13.8988369868881,3.2380155626188));
#4012=CARTESIAN_POINT('Ctrl Pts',(44.3698342151215,13.8988369868881,3.2380155626188));
#4013=CARTESIAN_POINT('Ctrl Pts',(44.2690767999545,13.9066570616218,3.19619618437097));
#4014=CARTESIAN_POINT('Ctrl Pts',(44.0095291737159,13.9268013044129,3.08847090839991));
#4015=CARTESIAN_POINT('Ctrl Pts',(43.7269921325872,13.9487298222595,3.09043808268208));
#4016=CARTESIAN_POINT('Ctrl Pts',(43.5541370884223,13.962145602738,3.09164159212659));
#4017=CARTESIAN_POINT('',(44.3388821409124,13.5000363235208,3.2380155626188));
#4018=CARTESIAN_POINT('',(44.3698342151215,13.8988369868881,3.2380155626188));
#4019=CARTESIAN_POINT('Ctrl Pts',(44.3388821409124,13.5000363235208,3.2380155626188));
#4020=CARTESIAN_POINT('Ctrl Pts',(44.2381247257454,13.5078563982545,3.19619618437097));
#4021=CARTESIAN_POINT('Ctrl Pts',(43.9785770995068,13.5280006410457,3.08847090839991));
#4022=CARTESIAN_POINT('Ctrl Pts',(43.696040058378,13.5499291588922,3.09043808268208));
#4023=CARTESIAN_POINT('Ctrl Pts',(43.5231850142131,13.5633449393707,3.09164159212659));
#4024=CARTESIAN_POINT('Ctrl Pts',(44.5728731794694,13.8830785449668,3.59414251058943));
#4025=CARTESIAN_POINT('Ctrl Pts',(44.5419211052603,13.4842778815995,3.59414251058943));
#4026=CARTESIAN_POINT('Ctrl Pts',(44.5629855180173,13.8838459550017,3.52536261869255));
#4027=CARTESIAN_POINT('Ctrl Pts',(44.5320334438081,13.4850452916345,3.52536261869255));
#4028=CARTESIAN_POINT('Ctrl Pts',(44.542170560282,13.8854614641412,3.38057099634552));
#4029=CARTESIAN_POINT('Ctrl Pts',(44.5112184860728,13.4866608007739,3.38057099634552));
#4030=CARTESIAN_POINT('Ctrl Pts',(44.4291611395054,13.8942324525058,3.28709038446986));
#4031=CARTESIAN_POINT('Ctrl Pts',(44.3982090652962,13.4954317891386,3.28709038446986));
#4032=CARTESIAN_POINT('Ctrl Pts',(44.3698342151215,13.8988369868881,3.2380155626188));
#4033=CARTESIAN_POINT('Ctrl Pts',(44.3388821409124,13.5000363235208,3.2380155626188));
#4034=CARTESIAN_POINT('',(44.5728731794694,13.8830785449668,3.59414251058943));
#4035=CARTESIAN_POINT('Ctrl Pts',(44.5728731794694,13.8830785449668,3.59414251058943));
#4036=CARTESIAN_POINT('Ctrl Pts',(44.5629855180173,13.8838459550017,3.52536261869255));
#4037=CARTESIAN_POINT('Ctrl Pts',(44.542170560282,13.8854614641412,3.38057099634552));
#4038=CARTESIAN_POINT('Ctrl Pts',(44.4291611395054,13.8942324525058,3.28709038446986));
#4039=CARTESIAN_POINT('Ctrl Pts',(44.3698342151215,13.8988369868881,3.2380155626188));
#4040=CARTESIAN_POINT('',(44.5419211052603,13.4842778815995,3.59414251058943));
#4041=CARTESIAN_POINT('',(44.5728731794694,13.8830785449668,3.59414251058943));
#4042=CARTESIAN_POINT('Ctrl Pts',(44.5419211052603,13.4842778815995,3.59414251058943));
#4043=CARTESIAN_POINT('Ctrl Pts',(44.5320334438081,13.4850452916345,3.52536261869255));
#4044=CARTESIAN_POINT('Ctrl Pts',(44.5112184860728,13.4866608007739,3.38057099634552));
#4045=CARTESIAN_POINT('Ctrl Pts',(44.3982090652962,13.4954317891386,3.28709038446986));
#4046=CARTESIAN_POINT('Ctrl Pts',(44.3388821409124,13.5000363235208,3.2380155626188));
#4047=CARTESIAN_POINT('Ctrl Pts',(44.3687138761813,13.8989239396372,3.94913406288044));
#4048=CARTESIAN_POINT('Ctrl Pts',(44.3377618019721,13.5001232762699,3.94913406288044));
#4049=CARTESIAN_POINT('Ctrl Pts',(44.4280656977576,13.8943174729117,3.90035397228606));
#4050=CARTESIAN_POINT('Ctrl Pts',(44.3971136235485,13.4955168095445,3.90035397228606));
#4051=CARTESIAN_POINT('Ctrl Pts',(44.5412146926903,13.8855356517927,3.80735904682482));
#4052=CARTESIAN_POINT('Ctrl Pts',(44.5102626184812,13.4867349884254,3.80735904682482));
#4053=CARTESIAN_POINT('Ctrl Pts',(44.5626714652348,13.8838703295475,3.66284996928616));
#4054=CARTESIAN_POINT('Ctrl Pts',(44.5317193910256,13.4850696661803,3.66284996928616));
#4055=CARTESIAN_POINT('Ctrl Pts',(44.5728731794694,13.8830785449668,3.59414251058943));
#4056=CARTESIAN_POINT('Ctrl Pts',(44.5419211052603,13.4842778815995,3.59414251058943));
#4057=CARTESIAN_POINT('',(44.3687138761813,13.8989239396372,3.94913406288044));
#4058=CARTESIAN_POINT('Ctrl Pts',(44.3687138761813,13.8989239396372,3.94913406288044));
#4059=CARTESIAN_POINT('Ctrl Pts',(44.4280656977576,13.8943174729117,3.90035397228606));
#4060=CARTESIAN_POINT('Ctrl Pts',(44.5412146926903,13.8855356517927,3.80735904682482));
#4061=CARTESIAN_POINT('Ctrl Pts',(44.5626714652348,13.8838703295475,3.66284996928616));
#4062=CARTESIAN_POINT('Ctrl Pts',(44.5728731794694,13.8830785449668,3.59414251058943));
#4063=CARTESIAN_POINT('',(44.3377618019721,13.5001232762699,3.94913406288044));
#4064=CARTESIAN_POINT('',(44.3687138761813,13.8989239396372,3.94913406288044));
#4065=CARTESIAN_POINT('Ctrl Pts',(44.3377618019721,13.5001232762699,3.94913406288044));
#4066=CARTESIAN_POINT('Ctrl Pts',(44.3971136235485,13.4955168095445,3.90035397228606));
#4067=CARTESIAN_POINT('Ctrl Pts',(44.5102626184812,13.4867349884254,3.80735904682482));
#4068=CARTESIAN_POINT('Ctrl Pts',(44.5317193910256,13.4850696661803,3.66284996928616));
#4069=CARTESIAN_POINT('Ctrl Pts',(44.5419211052603,13.4842778815995,3.59414251058943));
#4070=CARTESIAN_POINT('Ctrl Pts',(43.5513681000842,13.9623605119405,4.09095579600523));
#4071=CARTESIAN_POINT('Ctrl Pts',(43.5204160258751,13.5635598485732,4.09095579600523));
#4072=CARTESIAN_POINT('Ctrl Pts',(43.7245810235399,13.948916955414,4.09318527530725));
#4073=CARTESIAN_POINT('Ctrl Pts',(43.6936289493308,13.5501162920467,4.09318527530725));
#4074=CARTESIAN_POINT('Ctrl Pts',(44.007407891505,13.9269659432675,4.0968256309782));
#4075=CARTESIAN_POINT('Ctrl Pts',(43.9764558172959,13.5281652799002,4.0968256309782));
#4076=CARTESIAN_POINT('Ctrl Pts',(44.2677963036548,13.9067564446472,3.99038628445215));
#4077=CARTESIAN_POINT('Ctrl Pts',(44.2368442294457,13.50795578128,3.99038628445215));
#4078=CARTESIAN_POINT('Ctrl Pts',(44.3687138761813,13.8989239396372,3.94913406288044));
#4079=CARTESIAN_POINT('Ctrl Pts',(44.3377618019721,13.5001232762699,3.94913406288044));
#4080=CARTESIAN_POINT('',(43.5513681000842,13.9623605119405,4.09095579600523));
#4081=CARTESIAN_POINT('Ctrl Pts',(43.5513681000842,13.9623605119405,4.09095579600523));
#4082=CARTESIAN_POINT('Ctrl Pts',(43.7245810235399,13.948916955414,4.09318527530725));
#4083=CARTESIAN_POINT('Ctrl Pts',(44.007407891505,13.9269659432675,4.0968256309782));
#4084=CARTESIAN_POINT('Ctrl Pts',(44.2677963036548,13.9067564446472,3.99038628445215));
#4085=CARTESIAN_POINT('Ctrl Pts',(44.3687138761813,13.8989239396372,3.94913406288044));
#4086=CARTESIAN_POINT('',(43.5204160258751,13.5635598485732,4.09095579600523));
#4087=CARTESIAN_POINT('',(43.5513681000842,13.9623605119405,4.09095579600523));
#4088=CARTESIAN_POINT('Ctrl Pts',(43.5204160258751,13.5635598485732,4.09095579600523));
#4089=CARTESIAN_POINT('Ctrl Pts',(43.6936289493308,13.5501162920467,4.09318527530725));
#4090=CARTESIAN_POINT('Ctrl Pts',(43.9764558172959,13.5281652799002,4.0968256309782));
#4091=CARTESIAN_POINT('Ctrl Pts',(44.2368442294457,13.50795578128,3.99038628445215));
#4092=CARTESIAN_POINT('Ctrl Pts',(44.3377618019721,13.5001232762699,3.94913406288044));
#4093=CARTESIAN_POINT('Ctrl Pts',(42.7102080044707,14.0276453825357,3.93001553591185));
#4094=CARTESIAN_POINT('Ctrl Pts',(42.6792559302615,13.6288447191685,3.93001553591185));
#4095=CARTESIAN_POINT('Ctrl Pts',(42.8168535983985,14.0193683091992,3.97612620861826));
#4096=CARTESIAN_POINT('Ctrl Pts',(42.7859015241893,13.620567645832,3.97612620861826));
#4097=CARTESIAN_POINT('Ctrl Pts',(43.0837213432688,13.9986559308057,4.09151260937232));
#4098=CARTESIAN_POINT('Ctrl Pts',(43.0527692690596,13.5998552674384,4.09151260937232));
#4099=CARTESIAN_POINT('Ctrl Pts',(43.3759311019421,13.9759766853432,4.09116468372705));
#4100=CARTESIAN_POINT('Ctrl Pts',(43.3449790277329,13.577176021976,4.09116468372705));
#4101=CARTESIAN_POINT('Ctrl Pts',(43.5513681000842,13.9623605119405,4.09095579600523));
#4102=CARTESIAN_POINT('Ctrl Pts',(43.5204160258751,13.5635598485732,4.09095579600523));
#4103=CARTESIAN_POINT('Ctrl Pts',(42.7102080044707,14.0276453825357,3.93001553591185));
#4104=CARTESIAN_POINT('Ctrl Pts',(42.8168535983985,14.0193683091992,3.97612620861826));
#4105=CARTESIAN_POINT('Ctrl Pts',(43.0837213432688,13.9986559308057,4.09151260937232));
#4106=CARTESIAN_POINT('Ctrl Pts',(43.3759311019421,13.9759766853432,4.09116468372705));
#4107=CARTESIAN_POINT('Ctrl Pts',(43.5513681000842,13.9623605119405,4.09095579600523));
#4108=CARTESIAN_POINT('Ctrl Pts',(42.6792559302615,13.6288447191685,3.93001553591185));
#4109=CARTESIAN_POINT('Ctrl Pts',(42.7859015241893,13.620567645832,3.97612620861826));
#4110=CARTESIAN_POINT('Ctrl Pts',(43.0527692690596,13.5998552674384,4.09151260937232));
#4111=CARTESIAN_POINT('Ctrl Pts',(43.3449790277329,13.577176021976,4.09116468372705));
#4112=CARTESIAN_POINT('Ctrl Pts',(43.5204160258751,13.5635598485732,4.09095579600523));
#4113=CARTESIAN_POINT('Ctrl Pts',(44.824502987312,13.8635488269873,3.59484394875254));
#4114=CARTESIAN_POINT('Ctrl Pts',(44.7935509131028,13.4647481636201,3.59484394875254));
#4115=CARTESIAN_POINT('Ctrl Pts',(44.8145580851757,13.8643206796375,3.70793252392416));
#4116=CARTESIAN_POINT('Ctrl Pts',(44.7836060109665,13.4655200162703,3.70793252392416));
#4117=CARTESIAN_POINT('Ctrl Pts',(44.7951608350232,13.8658261563865,3.92850858912025));
#4118=CARTESIAN_POINT('Ctrl Pts',(44.764208760814,13.4670254930193,3.92850858912025));
#4119=CARTESIAN_POINT('Ctrl Pts',(44.6400735677313,13.8778629282554,4.08549382992766));
#4120=CARTESIAN_POINT('Ctrl Pts',(44.6091214935221,13.4790622648882,4.08549382992766));
#4121=CARTESIAN_POINT('Ctrl Pts',(44.5644989985633,13.8837284893943,4.16199328824502));
#4122=CARTESIAN_POINT('Ctrl Pts',(44.5335469243541,13.4849278260271,4.16199328824502));
#4123=CARTESIAN_POINT('',(44.7935509131028,13.4647481636201,3.59484394875254));
#4124=CARTESIAN_POINT('',(44.824502987312,13.8635488269873,3.59484394875254));
#4125=CARTESIAN_POINT('',(44.5335469243541,13.4849278260271,4.16199328824502));
#4126=CARTESIAN_POINT('Ctrl Pts',(44.7935509131028,13.4647481636201,3.59484394875254));
#4127=CARTESIAN_POINT('Ctrl Pts',(44.7836060109665,13.4655200162703,3.70793252392416));
#4128=CARTESIAN_POINT('Ctrl Pts',(44.764208760814,13.4670254930193,3.92850858912025));
#4129=CARTESIAN_POINT('Ctrl Pts',(44.6091214935221,13.4790622648882,4.08549382992766));
#4130=CARTESIAN_POINT('Ctrl Pts',(44.5335469243541,13.484927826027,4.16199328824502));
#4131=CARTESIAN_POINT('',(44.5644989985633,13.8837284893943,4.16199328824502));
#4132=CARTESIAN_POINT('Ctrl Pts',(44.6786946488058,13.8748654343261,3.13996761014261));
#4133=CARTESIAN_POINT('Ctrl Pts',(44.6477425745966,13.4760647709588,3.13996761014261));
#4134=CARTESIAN_POINT('Ctrl Pts',(44.7213832329566,13.8715522497055,3.20590295444266));
#4135=CARTESIAN_POINT('Ctrl Pts',(44.6904311587474,13.4727515863383,3.20590295444266));
#4136=CARTESIAN_POINT('Ctrl Pts',(44.8107949583623,13.8646127468056,3.34400528358655));
#4137=CARTESIAN_POINT('Ctrl Pts',(44.7798428841531,13.4658120834384,3.34400528358655));
#4138=CARTESIAN_POINT('Ctrl Pts',(44.8197982251254,13.8639139772032,3.50875306937516));
#4139=CARTESIAN_POINT('Ctrl Pts',(44.7888461509162,13.465113313836,3.50875306937516));
#4140=CARTESIAN_POINT('Ctrl Pts',(44.824502987312,13.8635488269873,3.59484394875254));
#4141=CARTESIAN_POINT('Ctrl Pts',(44.7935509131028,13.4647481636201,3.59484394875254));
#4142=CARTESIAN_POINT('',(44.6477425745966,13.4760647709588,3.13996761014261));
#4143=CARTESIAN_POINT('',(44.6786946488058,13.8748654343261,3.13996761014261));
#4144=CARTESIAN_POINT('Ctrl Pts',(44.6477425745966,13.4760647709588,3.13996761014261));
#4145=CARTESIAN_POINT('Ctrl Pts',(44.6904311587474,13.4727515863383,3.20590295444266));
#4146=CARTESIAN_POINT('Ctrl Pts',(44.7798428841531,13.4658120834384,3.34400528358655));
#4147=CARTESIAN_POINT('Ctrl Pts',(44.7888461509162,13.465113313836,3.50875306937516));
#4148=CARTESIAN_POINT('Ctrl Pts',(44.7935509131028,13.4647481636201,3.59484394875254));
#4149=CARTESIAN_POINT('Ctrl Pts',(44.2628943991753,13.9071368956473,2.86851413490745));
#4150=CARTESIAN_POINT('Ctrl Pts',(44.2319423249661,13.5083362322801,2.86851413490745));
#4151=CARTESIAN_POINT('Ctrl Pts',(44.3460376936581,13.9006839038216,2.9008360654739));
#4152=CARTESIAN_POINT('Ctrl Pts',(44.3150856194489,13.5018832404543,2.9008360654739));
#4153=CARTESIAN_POINT('Ctrl Pts',(44.5038605069259,13.8884348183087,2.96218963636591));
#4154=CARTESIAN_POINT('Ctrl Pts',(44.4729084327167,13.4896341549415,2.96218963636591));
#4155=CARTESIAN_POINT('Ctrl Pts',(44.6225380955897,13.8792239070222,3.08286550103687));
#4156=CARTESIAN_POINT('Ctrl Pts',(44.5915860213805,13.4804232436549,3.08286550103687));
#4157=CARTESIAN_POINT('Ctrl Pts',(44.6786946488058,13.8748654343261,3.13996761014261));
#4158=CARTESIAN_POINT('Ctrl Pts',(44.6477425745966,13.4760647709588,3.13996761014261));
#4159=CARTESIAN_POINT('',(44.2319423249661,13.5083362322801,2.86851413490745));
#4160=CARTESIAN_POINT('',(44.2628943991753,13.9071368956473,2.86851413490745));
#4161=CARTESIAN_POINT('Ctrl Pts',(44.2319423249661,13.5083362322801,2.86851413490745));
#4162=CARTESIAN_POINT('Ctrl Pts',(44.3150856194489,13.5018832404543,2.9008360654739));
#4163=CARTESIAN_POINT('Ctrl Pts',(44.4729084327167,13.4896341549415,2.96218963636591));
#4164=CARTESIAN_POINT('Ctrl Pts',(44.5915860213805,13.4804232436549,3.08286550103687));
#4165=CARTESIAN_POINT('Ctrl Pts',(44.6477425745966,13.4760647709588,3.13996761014261));
#4166=CARTESIAN_POINT('Ctrl Pts',(43.5550112571872,13.962077755969,2.77615840596792));
#4167=CARTESIAN_POINT('Ctrl Pts',(43.524059182978,13.5632770926017,2.77615840596792));
#4168=CARTESIAN_POINT('Ctrl Pts',(43.6878995569509,13.9517639102469,2.77835333295974));
#4169=CARTESIAN_POINT('Ctrl Pts',(43.6569474827417,13.5529632468797,2.77835333295974));
#4170=CARTESIAN_POINT('Ctrl Pts',(43.9275724580472,13.9331622024212,2.7823120300065));
#4171=CARTESIAN_POINT('Ctrl Pts',(43.8966203838381,13.534361539054,2.7823120300065));
#4172=CARTESIAN_POINT('Ctrl Pts',(44.1595419835099,13.9151583758835,2.84194505402063));
#4173=CARTESIAN_POINT('Ctrl Pts',(44.1285899093007,13.5163577125163,2.84194505402063));
#4174=CARTESIAN_POINT('Ctrl Pts',(44.2628943991753,13.9071368956473,2.86851413490745));
#4175=CARTESIAN_POINT('Ctrl Pts',(44.2319423249661,13.5083362322801,2.86851413490745));
#4176=CARTESIAN_POINT('',(43.524059182978,13.5632770926017,2.77615840596792));
#4177=CARTESIAN_POINT('',(43.5550112571872,13.962077755969,2.77615840596792));
#4178=CARTESIAN_POINT('Ctrl Pts',(43.524059182978,13.5632770926017,2.77615840596792));
#4179=CARTESIAN_POINT('Ctrl Pts',(43.6569474827417,13.5529632468797,2.77835333295974));
#4180=CARTESIAN_POINT('Ctrl Pts',(43.8966203838381,13.534361539054,2.7823120300065));
#4181=CARTESIAN_POINT('Ctrl Pts',(44.1285899093007,13.5163577125163,2.84194505402063));
#4182=CARTESIAN_POINT('Ctrl Pts',(44.2319423249661,13.5083362322801,2.86851413490745));
#4183=CARTESIAN_POINT('Ctrl Pts',(42.9657356739375,14.0078131402294,2.83079169597337));
#4184=CARTESIAN_POINT('Ctrl Pts',(42.9347835997283,13.6090124768621,2.83079169597337));
#4185=CARTESIAN_POINT('Ctrl Pts',(43.0510532518019,14.0011913959747,2.81467900800949));
#4186=CARTESIAN_POINT('Ctrl Pts',(43.0201011775927,13.6023907326075,2.81467900800949));
#4187=CARTESIAN_POINT('Ctrl Pts',(43.2456318186411,13.9860895900011,2.77793178885005));
#4188=CARTESIAN_POINT('Ctrl Pts',(43.214679744432,13.5872889266338,2.77793178885005));
#4189=CARTESIAN_POINT('Ctrl Pts',(43.443758121191,13.9707124339865,2.77679611611403));
#4190=CARTESIAN_POINT('Ctrl Pts',(43.4128060469818,13.5719117706193,2.77679611611403));
#4191=CARTESIAN_POINT('Ctrl Pts',(43.5550112571872,13.962077755969,2.77615840596792));
#4192=CARTESIAN_POINT('Ctrl Pts',(43.524059182978,13.5632770926017,2.77615840596792));
#4193=CARTESIAN_POINT('',(42.9347835997283,13.6090124768621,2.83079169597337));
#4194=CARTESIAN_POINT('',(42.9657356739375,14.0078131402294,2.83079169597337));
#4195=CARTESIAN_POINT('Ctrl Pts',(42.9347835997283,13.6090124768621,2.83079169597337));
#4196=CARTESIAN_POINT('Ctrl Pts',(43.0201011775927,13.6023907326075,2.81467900800949));
#4197=CARTESIAN_POINT('Ctrl Pts',(43.214679744432,13.5872889266338,2.77793178885005));
#4198=CARTESIAN_POINT('Ctrl Pts',(43.4128060469818,13.5719117706193,2.77679611611403));
#4199=CARTESIAN_POINT('Ctrl Pts',(43.524059182978,13.5632770926017,2.77615840596792));
#4200=CARTESIAN_POINT('Ctrl Pts',(42.59466193977,14.0366132471802,2.98494216661457));
#4201=CARTESIAN_POINT('Ctrl Pts',(42.5637098655608,13.6378125838129,2.98494216661457));
#4202=CARTESIAN_POINT('Ctrl Pts',(42.6500575638541,14.0323138323973,2.95344822695742));
#4203=CARTESIAN_POINT('Ctrl Pts',(42.6191054896449,13.63351316903,2.95344822695742));
#4204=CARTESIAN_POINT('Ctrl Pts',(42.7673504085802,14.0232103950972,2.88676401073824));
#4205=CARTESIAN_POINT('Ctrl Pts',(42.736398334371,13.62440973173,2.88676401073824));
#4206=CARTESIAN_POINT('Ctrl Pts',(42.8972078986017,14.013131779295,2.85012608658106));
#4207=CARTESIAN_POINT('Ctrl Pts',(42.8662558243925,13.6143311159278,2.85012608658106));
#4208=CARTESIAN_POINT('Ctrl Pts',(42.9657356739375,14.0078131402294,2.83079169597337));
#4209=CARTESIAN_POINT('Ctrl Pts',(42.9347835997283,13.6090124768621,2.83079169597337));
#4210=CARTESIAN_POINT('',(42.5637098655608,13.6378125838129,2.98494216661457));
#4211=CARTESIAN_POINT('',(42.59466193977,14.0366132471802,2.98494216661457));
#4212=CARTESIAN_POINT('Ctrl Pts',(42.5637098655608,13.6378125838129,2.98494216661457));
#4213=CARTESIAN_POINT('Ctrl Pts',(42.6191054896449,13.63351316903,2.95344822695742));
#4214=CARTESIAN_POINT('Ctrl Pts',(42.736398334371,13.62440973173,2.88676401073824));
#4215=CARTESIAN_POINT('Ctrl Pts',(42.8662558243925,13.6143311159277,2.85012608658106));
#4216=CARTESIAN_POINT('Ctrl Pts',(42.9347835997283,13.6090124768621,2.83079169597337));
#4217=CARTESIAN_POINT('Ctrl Pts',(42.361039681297,14.0547453471123,3.23497412883805));
#4218=CARTESIAN_POINT('Ctrl Pts',(42.3300876070879,13.655944683745,3.23497412883805));
#4219=CARTESIAN_POINT('Ctrl Pts',(42.3914299958779,14.0523866668027,3.18643757130612));
#4220=CARTESIAN_POINT('Ctrl Pts',(42.3604779216688,13.6535860034354,3.18643757130612));
#4221=CARTESIAN_POINT('Ctrl Pts',(42.4531098313384,14.0475995161789,3.08792832835567));
#4222=CARTESIAN_POINT('Ctrl Pts',(42.4221577571292,13.6487988528117,3.08792832835567));
#4223=CARTESIAN_POINT('Ctrl Pts',(42.5470215362361,14.040310756841,3.01960291704852));
#4224=CARTESIAN_POINT('Ctrl Pts',(42.516069462027,13.6415100934737,3.01960291704852));
#4225=CARTESIAN_POINT('Ctrl Pts',(42.59466193977,14.0366132471802,2.98494216661457));
#4226=CARTESIAN_POINT('Ctrl Pts',(42.5637098655608,13.6378125838129,2.98494216661457));
#4227=CARTESIAN_POINT('',(42.3300876070879,13.655944683745,3.23497412883805));
#4228=CARTESIAN_POINT('',(42.361039681297,14.0547453471123,3.23497412883805));
#4229=CARTESIAN_POINT('Ctrl Pts',(42.3300876070879,13.655944683745,3.23497412883805));
#4230=CARTESIAN_POINT('Ctrl Pts',(42.3604779216688,13.6535860034354,3.18643757130612));
#4231=CARTESIAN_POINT('Ctrl Pts',(42.4221577571292,13.6487988528117,3.08792832835567));
#4232=CARTESIAN_POINT('Ctrl Pts',(42.516069462027,13.6415100934737,3.01960291704852));
#4233=CARTESIAN_POINT('Ctrl Pts',(42.5637098655608,13.6378125838129,2.98494216661457));
#4234=CARTESIAN_POINT('Ctrl Pts',(42.2793023282149,14.0610892197551,3.58774899887211));
#4235=CARTESIAN_POINT('Ctrl Pts',(42.2483502540058,13.6622885563878,3.58774899887211));
#4236=CARTESIAN_POINT('Ctrl Pts',(42.2822585597432,14.0608597780664,3.52387161427525));
#4237=CARTESIAN_POINT('Ctrl Pts',(42.251306485534,13.6620591146992,3.52387161427525));
#4238=CARTESIAN_POINT('Ctrl Pts',(42.2879386933045,14.0604189264539,3.4011369527336));
#4239=CARTESIAN_POINT('Ctrl Pts',(42.2569866190953,13.6616182630867,3.4011369527336));
#4240=CARTESIAN_POINT('Ctrl Pts',(42.3373463107043,14.056584258208,3.2888305468347));
#4241=CARTESIAN_POINT('Ctrl Pts',(42.3063942364951,13.6577835948408,3.2888305468347));
#4242=CARTESIAN_POINT('Ctrl Pts',(42.361039681297,14.0547453471123,3.23497412883805));
#4243=CARTESIAN_POINT('Ctrl Pts',(42.3300876070879,13.655944683745,3.23497412883805));
#4244=CARTESIAN_POINT('',(42.2483502540058,13.6622885563878,3.58774899887211));
#4245=CARTESIAN_POINT('',(42.2793023282149,14.0610892197551,3.58774899887211));
#4246=CARTESIAN_POINT('Ctrl Pts',(42.2483502540058,13.6622885563878,3.58774899887211));
#4247=CARTESIAN_POINT('Ctrl Pts',(42.251306485534,13.6620591146992,3.52387161427525));
#4248=CARTESIAN_POINT('Ctrl Pts',(42.2569866190953,13.6616182630867,3.4011369527336));
#4249=CARTESIAN_POINT('Ctrl Pts',(42.3063942364951,13.6577835948408,3.2888305468347));
#4250=CARTESIAN_POINT('Ctrl Pts',(42.3300876070879,13.655944683745,3.23497412883805));
#4251=CARTESIAN_POINT('Ctrl Pts',(42.4242648623603,14.0498382577418,4.04091738623764));
#4252=CARTESIAN_POINT('Ctrl Pts',(42.3933127881512,13.6510375943745,4.04091738623764));
#4253=CARTESIAN_POINT('Ctrl Pts',(42.3818228454092,14.053132305568,3.97510795903714));
#4254=CARTESIAN_POINT('Ctrl Pts',(42.3508707712,13.6543316422008,3.97510795903714));
#4255=CARTESIAN_POINT('Ctrl Pts',(42.2930289018038,14.0600238606336,3.83742650590855));
#4256=CARTESIAN_POINT('Ctrl Pts',(42.2620768275947,13.6612231972664,3.83742650590855));
#4257=CARTESIAN_POINT('Ctrl Pts',(42.2840102273981,14.0607238260678,3.67338264399299));
#4258=CARTESIAN_POINT('Ctrl Pts',(42.2530581531889,13.6619231627005,3.67338264399299));
#4259=CARTESIAN_POINT('Ctrl Pts',(42.2793023282149,14.0610892197551,3.58774899887211));
#4260=CARTESIAN_POINT('Ctrl Pts',(42.2483502540058,13.6622885563878,3.58774899887211));
#4261=CARTESIAN_POINT('',(42.3933127881512,13.6510375943745,4.04091738623764));
#4262=CARTESIAN_POINT('',(42.4242648623603,14.0498382577418,4.04091738623764));
#4263=CARTESIAN_POINT('Ctrl Pts',(42.3933127881512,13.6510375943745,4.04091738623764));
#4264=CARTESIAN_POINT('Ctrl Pts',(42.3508707712,13.6543316422008,3.97510795903714));
#4265=CARTESIAN_POINT('Ctrl Pts',(42.2620768275947,13.6612231972664,3.83742650590855));
#4266=CARTESIAN_POINT('Ctrl Pts',(42.2530581531889,13.6619231627005,3.67338264399299));
#4267=CARTESIAN_POINT('Ctrl Pts',(42.2483502540058,13.6622885563878,3.58774899887211));
#4268=CARTESIAN_POINT('Ctrl Pts',(42.839212664776,14.0176329573171,4.31322113294464));
#4269=CARTESIAN_POINT('Ctrl Pts',(42.8082605905668,13.6188322939499,4.31322113294464));
#4270=CARTESIAN_POINT('Ctrl Pts',(42.7561240615426,14.0240817043967,4.28068188878333));
#4271=CARTESIAN_POINT('Ctrl Pts',(42.7251719873334,13.6252810410294,4.28068188878333));
#4272=CARTESIAN_POINT('Ctrl Pts',(42.5985334540588,14.0363127677463,4.21896609317603));
#4273=CARTESIAN_POINT('Ctrl Pts',(42.5675813798496,13.637512104379,4.21896609317603));
#4274=CARTESIAN_POINT('Ctrl Pts',(42.480205287445,14.0454965593757,4.09807123280773));
#4275=CARTESIAN_POINT('Ctrl Pts',(42.4492532132359,13.6466958960085,4.09807123280773));
#4276=CARTESIAN_POINT('Ctrl Pts',(42.4242648623603,14.0498382577418,4.04091738623764));
#4277=CARTESIAN_POINT('Ctrl Pts',(42.3933127881512,13.6510375943745,4.04091738623764));
#4278=CARTESIAN_POINT('',(42.8082605905668,13.6188322939499,4.31322113294464));
#4279=CARTESIAN_POINT('',(42.839212664776,14.0176329573171,4.31322113294464));
#4280=CARTESIAN_POINT('Ctrl Pts',(42.8082605905668,13.6188322939499,4.31322113294464));
#4281=CARTESIAN_POINT('Ctrl Pts',(42.7251719873334,13.6252810410294,4.28068188878333));
#4282=CARTESIAN_POINT('Ctrl Pts',(42.5675813798496,13.637512104379,4.21896609317603));
#4283=CARTESIAN_POINT('Ctrl Pts',(42.4492532132359,13.6466958960085,4.09807123280773));
#4284=CARTESIAN_POINT('Ctrl Pts',(42.3933127881512,13.6510375943745,4.04091738623764));
#4285=CARTESIAN_POINT('Ctrl Pts',(43.5504939313194,13.9624283587095,4.4064389821639));
#4286=CARTESIAN_POINT('Ctrl Pts',(43.5195418571102,13.5636276953422,4.4064389821639));
#4287=CARTESIAN_POINT('Ctrl Pts',(43.4167387544564,13.9728094852732,4.40426002834215));
#4288=CARTESIAN_POINT('Ctrl Pts',(43.3857866802473,13.574008821906,4.40426002834215));
#4289=CARTESIAN_POINT('Ctrl Pts',(43.1758671450089,13.9915042283249,4.40033608217223));
#4290=CARTESIAN_POINT('Ctrl Pts',(43.1449150707997,13.5927035649577,4.40033608217223));
#4291=CARTESIAN_POINT('Ctrl Pts',(42.942840440965,14.0095901055534,4.34003654456499));
#4292=CARTESIAN_POINT('Ctrl Pts',(42.9118883667559,13.6107894421861,4.34003654456499));
#4293=CARTESIAN_POINT('Ctrl Pts',(42.839212664776,14.0176329573171,4.31322113294464));
#4294=CARTESIAN_POINT('Ctrl Pts',(42.8082605905668,13.6188322939499,4.31322113294464));
#4295=CARTESIAN_POINT('',(43.5195418571102,13.5636276953422,4.4064389821639));
#4296=CARTESIAN_POINT('',(43.5504939313194,13.9624283587095,4.4064389821639));
#4297=CARTESIAN_POINT('Ctrl Pts',(43.5195418571102,13.5636276953422,4.4064389821639));
#4298=CARTESIAN_POINT('Ctrl Pts',(43.3857866802473,13.574008821906,4.40426002834215));
#4299=CARTESIAN_POINT('Ctrl Pts',(43.1449150707997,13.5927035649577,4.40033608217223));
#4300=CARTESIAN_POINT('Ctrl Pts',(42.9118883667559,13.6107894421861,4.34003654456499));
#4301=CARTESIAN_POINT('Ctrl Pts',(42.8082605905668,13.6188322939499,4.31322113294464));
#4302=CARTESIAN_POINT('Ctrl Pts',(44.5644989985633,13.8837284893943,4.16199328824502));
#4303=CARTESIAN_POINT('Ctrl Pts',(44.5335469243541,13.4849278260271,4.16199328824502));
#4304=CARTESIAN_POINT('Ctrl Pts',(44.4306592571061,13.8941161792611,4.2333365005252));
#4305=CARTESIAN_POINT('Ctrl Pts',(44.3997071828969,13.4953155158938,4.2333365005252));
#4306=CARTESIAN_POINT('Ctrl Pts',(44.1156196689547,13.918567313893,4.40126820727712));
#4307=CARTESIAN_POINT('Ctrl Pts',(44.0846675947455,13.5197666505257,4.40126820727712));
#4308=CARTESIAN_POINT('Ctrl Pts',(43.7568473362122,13.9464126734605,4.40455089437606));
#4309=CARTESIAN_POINT('Ctrl Pts',(43.725895262003,13.5476120100933,4.40455089437606));
#4310=CARTESIAN_POINT('Ctrl Pts',(43.5504939313194,13.9624283587095,4.4064389821639));
#4311=CARTESIAN_POINT('Ctrl Pts',(43.5195418571102,13.5636276953422,4.4064389821639));
#4312=CARTESIAN_POINT('Ctrl Pts',(44.5335469243541,13.484927826027,4.16199328824502));
#4313=CARTESIAN_POINT('Ctrl Pts',(44.3997071828969,13.4953155158938,4.2333365005252));
#4314=CARTESIAN_POINT('Ctrl Pts',(44.0846675947455,13.5197666505257,4.40126820727712));
#4315=CARTESIAN_POINT('Ctrl Pts',(43.725895262003,13.5476120100933,4.40455089437606));
#4316=CARTESIAN_POINT('Ctrl Pts',(43.5195418571102,13.5636276953422,4.4064389821639));
#4317=CARTESIAN_POINT('Origin',(43.5243523691568,13.5632543375735,3.81528849480271));
#4318=CARTESIAN_POINT('Origin',(44.4380259274747,13.8935444306436,1.9447148962886));
#4319=CARTESIAN_POINT('',(44.4070738532655,13.4947437672764,1.9447148962886));
#4320=CARTESIAN_POINT('',(44.4380259274747,13.8935444306436,1.9447148962886));
#4321=CARTESIAN_POINT('',(44.7556150929726,13.4676924724634,1.94568648279914));
#4322=CARTESIAN_POINT('',(44.4070738532655,13.4947437672764,1.9447148962886));
#4323=CARTESIAN_POINT('',(44.7865671671818,13.8664931358306,1.94568648279914));
#4324=CARTESIAN_POINT('Origin',(44.4370572541124,13.893619612188,2.2943043245149));
#4325=CARTESIAN_POINT('',(44.4061051799032,13.4948189488208,2.2943043245149));
#4326=CARTESIAN_POINT('',(44.4370572541124,13.893619612188,2.2943043245149));
#4327=CARTESIAN_POINT('',(44.4061051799032,13.4948189488208,2.2943043245149));
#4328=CARTESIAN_POINT('Origin',(44.7855984938195,13.866568317375,2.29527591102544));
#4329=CARTESIAN_POINT('',(44.7546464196103,13.4677676540078,2.29527591102544));
#4330=CARTESIAN_POINT('',(44.7855984938195,13.866568317375,2.29527591102544));
#4331=CARTESIAN_POINT('',(44.7546464196103,13.4677676540078,2.29527591102544));
#4332=CARTESIAN_POINT('Origin',(44.7865671671818,13.8664931358306,1.94568648279914));
#4333=CARTESIAN_POINT('',(44.7556150929726,13.4676924724633,1.94568648279914));
#4334=CARTESIAN_POINT('Origin',(43.5243523691568,13.5632543375735,3.81528849480271));
#4335=CARTESIAN_POINT('Ctrl Pts',(43.4435708136789,13.9707269714649,0.656126740859105));
#4336=CARTESIAN_POINT('Ctrl Pts',(43.4126187394697,13.5719263080976,0.656126740859105));
#4337=CARTESIAN_POINT('Ctrl Pts',(43.4495839488803,13.9702602746309,0.722863873503367));
#4338=CARTESIAN_POINT('Ctrl Pts',(43.4186318746712,13.5714596112637,0.722863873503367));
#4339=CARTESIAN_POINT('Ctrl Pts',(43.4616098804223,13.9693269072629,0.856334377923851));
#4340=CARTESIAN_POINT('Ctrl Pts',(43.4306578062131,13.5705262438957,0.856334377923851));
#4341=CARTESIAN_POINT('Ctrl Pts',(43.5481109903359,13.962613305659,0.958472978174754));
#4342=CARTESIAN_POINT('Ctrl Pts',(43.5171589161267,13.5638126422918,0.958472978174754));
#4343=CARTESIAN_POINT('Ctrl Pts',(43.5913603265992,13.9592565994434,1.00954083929389));
#4344=CARTESIAN_POINT('Ctrl Pts',(43.5604082523901,13.5604559360761,1.00954083929389));
#4345=CARTESIAN_POINT('',(43.4435708136789,13.9707269714649,0.656126740859105));
#4346=CARTESIAN_POINT('',(43.5913603265992,13.9592565994434,1.00954083929389));
#4347=CARTESIAN_POINT('Ctrl Pts',(43.4435708136789,13.9707269714649,0.656126740859105));
#4348=CARTESIAN_POINT('Ctrl Pts',(43.4495839488803,13.9702602746309,0.722863873503367));
#4349=CARTESIAN_POINT('Ctrl Pts',(43.4616098804223,13.9693269072629,0.856334377923851));
#4350=CARTESIAN_POINT('Ctrl Pts',(43.5481109903359,13.962613305659,0.958472978174754));
#4351=CARTESIAN_POINT('Ctrl Pts',(43.5913603265992,13.9592565994434,1.00954083929389));
#4352=CARTESIAN_POINT('',(43.4126187394697,13.5719263080976,0.656126740859105));
#4353=CARTESIAN_POINT('',(43.4435708136789,13.9707269714649,0.656126740859105));
#4354=CARTESIAN_POINT('',(43.5604082523901,13.5604559360761,1.00954083929389));
#4355=CARTESIAN_POINT('Ctrl Pts',(43.4126187394697,13.5719263080976,0.656126740859105));
#4356=CARTESIAN_POINT('Ctrl Pts',(43.4186318746712,13.5714596112637,0.722863873503367));
#4357=CARTESIAN_POINT('Ctrl Pts',(43.4306578062131,13.5705262438957,0.856334377923851));
#4358=CARTESIAN_POINT('Ctrl Pts',(43.5171589161267,13.5638126422918,0.958472978174754));
#4359=CARTESIAN_POINT('Ctrl Pts',(43.5604082523901,13.5604559360761,1.00954083929389));
#4360=CARTESIAN_POINT('',(43.5913603265992,13.9592565994434,1.00954083929389));
#4361=CARTESIAN_POINT('Ctrl Pts',(43.5933023968195,13.9591058697503,0.30865729658426));
#4362=CARTESIAN_POINT('Ctrl Pts',(43.5623503226104,13.5603052063831,0.30865729658426));
#4363=CARTESIAN_POINT('Ctrl Pts',(43.5497760835564,13.9624840729529,0.357868018656647));
#4364=CARTESIAN_POINT('Ctrl Pts',(43.5188240093472,13.5636834095856,0.357868018656647));
#4365=CARTESIAN_POINT('Ctrl Pts',(43.4619480101375,13.9693006640367,0.457166180783039));
#4366=CARTESIAN_POINT('Ctrl Pts',(43.4309959359283,13.5705000006694,0.457166180783039));
#4367=CARTESIAN_POINT('Ctrl Pts',(43.4497324966828,13.9702487454058,0.589417332586366));
#4368=CARTESIAN_POINT('Ctrl Pts',(43.4187804224736,13.5714480820386,0.589417332586366));
#4369=CARTESIAN_POINT('Ctrl Pts',(43.4435708136789,13.9707269714649,0.656126740859105));
#4370=CARTESIAN_POINT('Ctrl Pts',(43.4126187394697,13.5719263080976,0.656126740859105));
#4371=CARTESIAN_POINT('',(43.5933023968195,13.9591058697503,0.30865729658426));
#4372=CARTESIAN_POINT('Ctrl Pts',(43.5933023968195,13.9591058697503,0.30865729658426));
#4373=CARTESIAN_POINT('Ctrl Pts',(43.5497760835564,13.9624840729529,0.357868018656647));
#4374=CARTESIAN_POINT('Ctrl Pts',(43.4619480101375,13.9693006640367,0.457166180783039));
#4375=CARTESIAN_POINT('Ctrl Pts',(43.4497324966828,13.9702487454058,0.589417332586366));
#4376=CARTESIAN_POINT('Ctrl Pts',(43.4435708136789,13.9707269714649,0.656126740859105));
#4377=CARTESIAN_POINT('',(43.5623503226104,13.5603052063831,0.30865729658426));
#4378=CARTESIAN_POINT('',(43.5933023968195,13.9591058697503,0.30865729658426));
#4379=CARTESIAN_POINT('Ctrl Pts',(43.5623503226104,13.5603052063831,0.30865729658426));
#4380=CARTESIAN_POINT('Ctrl Pts',(43.5188240093472,13.5636834095856,0.357868018656647));
#4381=CARTESIAN_POINT('Ctrl Pts',(43.4309959359283,13.5705000006694,0.457166180783039));
#4382=CARTESIAN_POINT('Ctrl Pts',(43.4187804224736,13.5714480820386,0.589417332586366));
#4383=CARTESIAN_POINT('Ctrl Pts',(43.4126187394697,13.5719263080976,0.656126740859105));
#4384=CARTESIAN_POINT('Ctrl Pts',(44.0008832619057,13.9274723386627,0.171661547211844));
#4385=CARTESIAN_POINT('Ctrl Pts',(43.9699311876965,13.5286716752955,0.171661547211844));
#4386=CARTESIAN_POINT('Ctrl Pts',(43.9212421127483,13.9336535188493,0.175486123128503));
#4387=CARTESIAN_POINT('Ctrl Pts',(43.8902900385391,13.5348528554821,0.175486123128503));
#4388=CARTESIAN_POINT('Ctrl Pts',(43.7719638285174,13.945239438723,0.182654856086155));
#4389=CARTESIAN_POINT('Ctrl Pts',(43.7410117543082,13.5464387753558,0.182654856086155));
#4390=CARTESIAN_POINT('Ctrl Pts',(43.6501347126569,13.9546949491605,0.268575839570235));
#4391=CARTESIAN_POINT('Ctrl Pts',(43.6191826384477,13.5558942857933,0.268575839570235));
#4392=CARTESIAN_POINT('Ctrl Pts',(43.5933023968195,13.9591058697503,0.30865729658426));
#4393=CARTESIAN_POINT('Ctrl Pts',(43.5623503226104,13.5603052063831,0.30865729658426));
#4394=CARTESIAN_POINT('',(44.0008832619057,13.9274723386627,0.171661547211844));
#4395=CARTESIAN_POINT('Ctrl Pts',(44.0008832619057,13.9274723386627,0.171661547211844));
#4396=CARTESIAN_POINT('Ctrl Pts',(43.9212421127483,13.9336535188493,0.175486123128503));
#4397=CARTESIAN_POINT('Ctrl Pts',(43.7719638285174,13.945239438723,0.182654856086155));
#4398=CARTESIAN_POINT('Ctrl Pts',(43.6501347126569,13.9546949491605,0.268575839570235));
#4399=CARTESIAN_POINT('Ctrl Pts',(43.5933023968195,13.9591058697503,0.30865729658426));
#4400=CARTESIAN_POINT('',(43.9699311876965,13.5286716752955,0.171661547211844));
#4401=CARTESIAN_POINT('',(44.0008832619057,13.9274723386627,0.171661547211844));
#4402=CARTESIAN_POINT('Ctrl Pts',(43.9699311876965,13.5286716752955,0.171661547211844));
#4403=CARTESIAN_POINT('Ctrl Pts',(43.8902900385391,13.5348528554821,0.175486123128503));
#4404=CARTESIAN_POINT('Ctrl Pts',(43.7410117543082,13.5464387753558,0.182654856086155));
#4405=CARTESIAN_POINT('Ctrl Pts',(43.6191826384477,13.5558942857933,0.268575839570235));
#4406=CARTESIAN_POINT('Ctrl Pts',(43.5623503226104,13.5603052063831,0.30865729658426));
#4407=CARTESIAN_POINT('Ctrl Pts',(44.4255459860605,13.8945130350324,0.312682537454343));
#4408=CARTESIAN_POINT('Ctrl Pts',(44.3945939118514,13.4957123716651,0.312682537454343));
#4409=CARTESIAN_POINT('Ctrl Pts',(44.3661391695942,13.8991237700704,0.271781623212973));
#4410=CARTESIAN_POINT('Ctrl Pts',(44.335187095385,13.5003231067032,0.271781623212973));
#4411=CARTESIAN_POINT('Ctrl Pts',(44.2386281532196,13.9090202692588,0.183991745623437));
#4412=CARTESIAN_POINT('Ctrl Pts',(44.2076760790104,13.5102196058915,0.183991745623437));
#4413=CARTESIAN_POINT('Ctrl Pts',(44.0836550723654,13.9210481787876,0.175954353842578));
#4414=CARTESIAN_POINT('Ctrl Pts',(44.0527029981562,13.5222475154204,0.175954353842578));
#4415=CARTESIAN_POINT('Ctrl Pts',(44.0008832619057,13.9274723386627,0.171661547211844));
#4416=CARTESIAN_POINT('Ctrl Pts',(43.9699311876965,13.5286716752955,0.171661547211844));
#4417=CARTESIAN_POINT('',(44.4255459860605,13.8945130350324,0.312682537454343));
#4418=CARTESIAN_POINT('Ctrl Pts',(44.4255459860605,13.8945130350324,0.312682537454343));
#4419=CARTESIAN_POINT('Ctrl Pts',(44.3661391695942,13.8991237700704,0.271781623212973));
#4420=CARTESIAN_POINT('Ctrl Pts',(44.2386281532196,13.9090202692588,0.183991745623437));
#4421=CARTESIAN_POINT('Ctrl Pts',(44.0836550723654,13.9210481787876,0.175954353842578));
#4422=CARTESIAN_POINT('Ctrl Pts',(44.0008832619057,13.9274723386627,0.171661547211844));
#4423=CARTESIAN_POINT('',(44.3945939118514,13.4957123716651,0.312682537454343));
#4424=CARTESIAN_POINT('',(44.4255459860605,13.8945130350324,0.312682537454343));
#4425=CARTESIAN_POINT('Ctrl Pts',(44.3945939118514,13.4957123716651,0.312682537454343));
#4426=CARTESIAN_POINT('Ctrl Pts',(44.335187095385,13.5003231067032,0.271781623212973));
#4427=CARTESIAN_POINT('Ctrl Pts',(44.2076760790104,13.5102196058915,0.183991745623437));
#4428=CARTESIAN_POINT('Ctrl Pts',(44.0527029981562,13.5222475154204,0.175954353842578));
#4429=CARTESIAN_POINT('Ctrl Pts',(43.9699311876965,13.5286716752955,0.171661547211844));
#4430=CARTESIAN_POINT('Ctrl Pts',(44.5810383859359,13.8824448196506,0.647359858099122));
#4431=CARTESIAN_POINT('Ctrl Pts',(44.5500863117267,13.4836441562834,0.647359858099122));
#4432=CARTESIAN_POINT('Ctrl Pts',(44.574134221619,13.8829806718342,0.584317767626853));
#4433=CARTESIAN_POINT('Ctrl Pts',(44.5431821474099,13.484180008467,0.584317767626853));
#4434=CARTESIAN_POINT('Ctrl Pts',(44.5600114814193,13.8840767785934,0.455362687109003));
#4435=CARTESIAN_POINT('Ctrl Pts',(44.5290594072101,13.4852761152262,0.455362687109003));
#4436=CARTESIAN_POINT('Ctrl Pts',(44.4710281568001,13.8909830320679,0.360943267171109));
#4437=CARTESIAN_POINT('Ctrl Pts',(44.4400760825909,13.4921823687006,0.360943267171109));
#4438=CARTESIAN_POINT('Ctrl Pts',(44.4255459860605,13.8945130350324,0.312682537454343));
#4439=CARTESIAN_POINT('Ctrl Pts',(44.3945939118514,13.4957123716651,0.312682537454343));
#4440=CARTESIAN_POINT('',(44.5810383859359,13.8824448196506,0.647359858099122));
#4441=CARTESIAN_POINT('Ctrl Pts',(44.5810383859359,13.8824448196506,0.647359858099122));
#4442=CARTESIAN_POINT('Ctrl Pts',(44.574134221619,13.8829806718342,0.584317767626853));
#4443=CARTESIAN_POINT('Ctrl Pts',(44.5600114814193,13.8840767785934,0.455362687109003));
#4444=CARTESIAN_POINT('Ctrl Pts',(44.4710281568001,13.8909830320679,0.360943267171109));
#4445=CARTESIAN_POINT('Ctrl Pts',(44.4255459860605,13.8945130350324,0.312682537454343));
#4446=CARTESIAN_POINT('',(44.5500863117267,13.4836441562834,0.647359858099122));
#4447=CARTESIAN_POINT('',(44.5810383859359,13.8824448196506,0.647359858099122));
#4448=CARTESIAN_POINT('Ctrl Pts',(44.5500863117267,13.4836441562834,0.647359858099122));
#4449=CARTESIAN_POINT('Ctrl Pts',(44.5431821474099,13.484180008467,0.584317767626853));
#4450=CARTESIAN_POINT('Ctrl Pts',(44.5290594072101,13.4852761152262,0.455362687109003));
#4451=CARTESIAN_POINT('Ctrl Pts',(44.4400760825909,13.4921823687006,0.360943267171109));
#4452=CARTESIAN_POINT('Ctrl Pts',(44.3945939118514,13.4957123716651,0.312682537454343));
#4453=CARTESIAN_POINT('Ctrl Pts',(44.50467530707,13.8883715793103,0.901240783776897));
#4454=CARTESIAN_POINT('Ctrl Pts',(44.4737232328608,13.489570915943,0.901240783776897));
#4455=CARTESIAN_POINT('Ctrl Pts',(44.5268522772476,13.8866503604415,0.860882827530917));
#4456=CARTESIAN_POINT('Ctrl Pts',(44.4959002030384,13.4878496970743,0.860882827530917));
#4457=CARTESIAN_POINT('Ctrl Pts',(44.5703798079054,13.8832720627534,0.781670826805932));
#4458=CARTESIAN_POINT('Ctrl Pts',(44.5394277336962,13.4844713993862,0.781670826805932));
#4459=CARTESIAN_POINT('Ctrl Pts',(44.5775307825079,13.8827170549089,0.691559901753808));
#4460=CARTESIAN_POINT('Ctrl Pts',(44.5465787082988,13.4839163915416,0.691559901753808));
#4461=CARTESIAN_POINT('Ctrl Pts',(44.5810383859359,13.8824448196506,0.647359858099122));
#4462=CARTESIAN_POINT('Ctrl Pts',(44.5500863117267,13.4836441562834,0.647359858099122));
#4463=CARTESIAN_POINT('',(44.50467530707,13.8883715793103,0.901240783776897));
#4464=CARTESIAN_POINT('Ctrl Pts',(44.50467530707,13.8883715793103,0.901240783776897));
#4465=CARTESIAN_POINT('Ctrl Pts',(44.5268522772476,13.8866503604415,0.860882827530917));
#4466=CARTESIAN_POINT('Ctrl Pts',(44.5703798079054,13.8832720627534,0.781670826805932));
#4467=CARTESIAN_POINT('Ctrl Pts',(44.5775307825079,13.8827170549089,0.691559901753808));
#4468=CARTESIAN_POINT('Ctrl Pts',(44.5810383859359,13.8824448196506,0.647359858099122));
#4469=CARTESIAN_POINT('',(44.4737232328608,13.489570915943,0.901240783776897));
#4470=CARTESIAN_POINT('',(44.50467530707,13.8883715793103,0.901240783776897));
#4471=CARTESIAN_POINT('Ctrl Pts',(44.4737232328608,13.489570915943,0.901240783776897));
#4472=CARTESIAN_POINT('Ctrl Pts',(44.4959002030384,13.4878496970742,0.860882827530917));
#4473=CARTESIAN_POINT('Ctrl Pts',(44.5394277336962,13.4844713993862,0.781670826805932));
#4474=CARTESIAN_POINT('Ctrl Pts',(44.5465787082988,13.4839163915416,0.691559901753808));
#4475=CARTESIAN_POINT('Ctrl Pts',(44.5500863117267,13.4836441562834,0.647359858099122));
#4476=CARTESIAN_POINT('Ctrl Pts',(44.2839770873482,13.9055006071734,1.08906399790672));
#4477=CARTESIAN_POINT('Ctrl Pts',(44.2530250131391,13.5066999438062,1.08906399790672));
#4478=CARTESIAN_POINT('Ctrl Pts',(44.3289431684154,13.9020106594227,1.06513158409886));
#4479=CARTESIAN_POINT('Ctrl Pts',(44.2979910942063,13.5032099960555,1.06513158409886));
#4480=CARTESIAN_POINT('Ctrl Pts',(44.4162742018557,13.8952326450509,1.01865116194607));
#4481=CARTESIAN_POINT('Ctrl Pts',(44.3853221276465,13.4964319816837,1.01865116194607));
#4482=CARTESIAN_POINT('Ctrl Pts',(44.4757992505857,13.8906127336645,0.939592665279217));
#4483=CARTESIAN_POINT('Ctrl Pts',(44.4448471763765,13.4918120702973,0.939592665279217));
#4484=CARTESIAN_POINT('Ctrl Pts',(44.50467530707,13.8883715793103,0.901240783776897));
#4485=CARTESIAN_POINT('Ctrl Pts',(44.4737232328608,13.489570915943,0.901240783776897));
#4486=CARTESIAN_POINT('',(44.2839770873482,13.9055006071734,1.08906399790672));
#4487=CARTESIAN_POINT('Ctrl Pts',(44.2839770873482,13.9055006071734,1.08906399790672));
#4488=CARTESIAN_POINT('Ctrl Pts',(44.3289431684154,13.9020106594227,1.06513158409886));
#4489=CARTESIAN_POINT('Ctrl Pts',(44.4162742018557,13.8952326450509,1.01865116194607));
#4490=CARTESIAN_POINT('Ctrl Pts',(44.4757992505857,13.8906127336645,0.939592665279217));
#4491=CARTESIAN_POINT('Ctrl Pts',(44.50467530707,13.8883715793103,0.901240783776897));
#4492=CARTESIAN_POINT('',(44.2530250131391,13.5066999438062,1.08906399790672));
#4493=CARTESIAN_POINT('',(44.2839770873482,13.9055006071734,1.08906399790672));
#4494=CARTESIAN_POINT('Ctrl Pts',(44.2530250131391,13.5066999438062,1.08906399790672));
#4495=CARTESIAN_POINT('Ctrl Pts',(44.2979910942063,13.5032099960555,1.06513158409886));
#4496=CARTESIAN_POINT('Ctrl Pts',(44.3853221276465,13.4964319816837,1.01865116194607));
#4497=CARTESIAN_POINT('Ctrl Pts',(44.4448471763765,13.4918120702972,0.939592665279217));
#4498=CARTESIAN_POINT('Ctrl Pts',(44.4737232328608,13.489570915943,0.901240783776897));
#4499=CARTESIAN_POINT('Ctrl Pts',(43.9811548107672,13.9290035208792,1.15558051795451));
#4500=CARTESIAN_POINT('Ctrl Pts',(43.950202736558,13.530202857512,1.15558051795451));
#4501=CARTESIAN_POINT('Ctrl Pts',(44.0333506919028,13.9249524474114,1.15289666294631));
#4502=CARTESIAN_POINT('Ctrl Pts',(44.0023986176936,13.5261517840441,1.15289666294631));
#4503=CARTESIAN_POINT('Ctrl Pts',(44.1379542356887,13.9168338634991,1.14751806335651));
#4504=CARTESIAN_POINT('Ctrl Pts',(44.1070021614795,13.5180332001319,1.14751806335651));
#4505=CARTESIAN_POINT('Ctrl Pts',(44.2352371500997,13.9092834548295,1.10857496793341));
#4506=CARTESIAN_POINT('Ctrl Pts',(44.2042850758906,13.5104827914623,1.10857496793341));
#4507=CARTESIAN_POINT('Ctrl Pts',(44.2839770873482,13.9055006071734,1.08906399790672));
#4508=CARTESIAN_POINT('Ctrl Pts',(44.2530250131391,13.5066999438062,1.08906399790672));
#4509=CARTESIAN_POINT('',(43.9811548107672,13.9290035208792,1.15558051795451));
#4510=CARTESIAN_POINT('Ctrl Pts',(43.9811548107672,13.9290035208792,1.15558051795451));
#4511=CARTESIAN_POINT('Ctrl Pts',(44.0333506919028,13.9249524474114,1.15289666294631));
#4512=CARTESIAN_POINT('Ctrl Pts',(44.1379542356887,13.9168338634991,1.14751806335651));
#4513=CARTESIAN_POINT('Ctrl Pts',(44.2352371500997,13.9092834548295,1.10857496793341));
#4514=CARTESIAN_POINT('Ctrl Pts',(44.2839770873482,13.9055006071734,1.08906399790672));
#4515=CARTESIAN_POINT('',(43.950202736558,13.530202857512,1.15558051795451));
#4516=CARTESIAN_POINT('',(43.9811548107672,13.9290035208792,1.15558051795451));
#4517=CARTESIAN_POINT('Ctrl Pts',(43.950202736558,13.530202857512,1.15558051795451));
#4518=CARTESIAN_POINT('Ctrl Pts',(44.0023986176936,13.5261517840441,1.15289666294631));
#4519=CARTESIAN_POINT('Ctrl Pts',(44.1070021614795,13.5180332001319,1.14751806335651));
#4520=CARTESIAN_POINT('Ctrl Pts',(44.2042850758906,13.5104827914623,1.10857496793341));
#4521=CARTESIAN_POINT('Ctrl Pts',(44.2530250131391,13.5066999438062,1.08906399790672));
#4522=CARTESIAN_POINT('Ctrl Pts',(43.5913603265992,13.9592565994434,1.00954083929389));
#4523=CARTESIAN_POINT('Ctrl Pts',(43.5604082523901,13.5604559360761,1.00954083929389));
#4524=CARTESIAN_POINT('Ctrl Pts',(43.646273098389,13.9549946602251,1.05195094459301));
#4525=CARTESIAN_POINT('Ctrl Pts',(43.6153210241798,13.5561939968579,1.05195094459301));
#4526=CARTESIAN_POINT('Ctrl Pts',(43.7609585681728,13.946093588844,1.14052456219208));
#4527=CARTESIAN_POINT('Ctrl Pts',(43.7300064939636,13.5472929254768,1.14052456219208));
#4528=CARTESIAN_POINT('Ctrl Pts',(43.9057113753828,13.9348589043455,1.15042206015192));
#4529=CARTESIAN_POINT('Ctrl Pts',(43.8747593011736,13.5360582409782,1.15042206015192));
#4530=CARTESIAN_POINT('Ctrl Pts',(43.9811548107672,13.9290035208792,1.15558051795451));
#4531=CARTESIAN_POINT('Ctrl Pts',(43.950202736558,13.530202857512,1.15558051795451));
#4532=CARTESIAN_POINT('Ctrl Pts',(43.5913603265992,13.9592565994434,1.00954083929389));
#4533=CARTESIAN_POINT('Ctrl Pts',(43.646273098389,13.9549946602251,1.05195094459301));
#4534=CARTESIAN_POINT('Ctrl Pts',(43.7609585681728,13.946093588844,1.14052456219208));
#4535=CARTESIAN_POINT('Ctrl Pts',(43.9057113753828,13.9348589043455,1.15042206015192));
#4536=CARTESIAN_POINT('Ctrl Pts',(43.9811548107672,13.9290035208792,1.15558051795451));
#4537=CARTESIAN_POINT('Ctrl Pts',(43.5604082523901,13.5604559360761,1.00954083929389));
#4538=CARTESIAN_POINT('Ctrl Pts',(43.6153210241798,13.5561939968579,1.05195094459301));
#4539=CARTESIAN_POINT('Ctrl Pts',(43.7300064939636,13.5472929254768,1.14052456219208));
#4540=CARTESIAN_POINT('Ctrl Pts',(43.8747593011736,13.5360582409782,1.15042206015192));
#4541=CARTESIAN_POINT('Ctrl Pts',(43.950202736558,13.530202857512,1.15558051795451));
#4542=CARTESIAN_POINT('Ctrl Pts',(42.2875620392788,14.0604481596634,0.60686010431417));
#4543=CARTESIAN_POINT('Ctrl Pts',(42.2566099650696,13.6616474962962,0.60686010431417));
#4544=CARTESIAN_POINT('Ctrl Pts',(42.2933743170535,14.0599970519559,0.514531100949185));
#4545=CARTESIAN_POINT('Ctrl Pts',(42.2624222428443,13.6611963885887,0.514531100949185));
#4546=CARTESIAN_POINT('Ctrl Pts',(42.3045013630898,14.0591334496948,0.337776115941473));
#4547=CARTESIAN_POINT('Ctrl Pts',(42.2735492888806,13.6603327863275,0.337776115941473));
#4548=CARTESIAN_POINT('Ctrl Pts',(42.4055537888911,14.0512904783315,0.193009827287192));
#4549=CARTESIAN_POINT('Ctrl Pts',(42.3746017146819,13.6524898149643,0.193009827287192));
#4550=CARTESIAN_POINT('Ctrl Pts',(42.4538208872436,14.0475443290713,0.123863058793628));
#4551=CARTESIAN_POINT('Ctrl Pts',(42.4228688130344,13.648743665704,0.123863058793628));
#4552=CARTESIAN_POINT('',(42.2566099650696,13.6616474962962,0.60686010431417));
#4553=CARTESIAN_POINT('',(42.2875620392788,14.0604481596634,0.60686010431417));
#4554=CARTESIAN_POINT('',(42.4228688130344,13.648743665704,0.123863058793628));
#4555=CARTESIAN_POINT('Ctrl Pts',(42.2566099650696,13.6616474962962,0.60686010431417));
#4556=CARTESIAN_POINT('Ctrl Pts',(42.2624222428443,13.6611963885887,0.514531100949185));
#4557=CARTESIAN_POINT('Ctrl Pts',(42.2735492888806,13.6603327863275,0.337776115941473));
#4558=CARTESIAN_POINT('Ctrl Pts',(42.3746017146819,13.6524898149643,0.193009827287192));
#4559=CARTESIAN_POINT('Ctrl Pts',(42.4228688130344,13.648743665704,0.123863058793628));
#4560=CARTESIAN_POINT('',(42.4538208872436,14.0475443290713,0.123863058793628));
#4561=CARTESIAN_POINT('Ctrl Pts',(42.5714519175143,14.0384146442119,1.23691742047183));
#4562=CARTESIAN_POINT('Ctrl Pts',(42.5404998433051,13.6396139808447,1.23691742047183));
#4563=CARTESIAN_POINT('Ctrl Pts',(42.4883891416112,14.0448613867576,1.15080668449991));
#4564=CARTESIAN_POINT('Ctrl Pts',(42.4574370674021,13.6460607233904,1.15080668449991));
#4565=CARTESIAN_POINT('Ctrl Pts',(42.3189302394984,14.0580135828179,0.975129546103284));
#4566=CARTESIAN_POINT('Ctrl Pts',(42.2879781652893,13.6592129194507,0.975129546103284));
#4567=CARTESIAN_POINT('Ctrl Pts',(42.2981543305577,14.0596260612674,0.731215890403698));
#4568=CARTESIAN_POINT('Ctrl Pts',(42.2672022563485,13.6608253979001,0.731215890403698));
#4569=CARTESIAN_POINT('Ctrl Pts',(42.2875620392788,14.0604481596634,0.60686010431417));
#4570=CARTESIAN_POINT('Ctrl Pts',(42.2566099650696,13.6616474962962,0.60686010431417));
#4571=CARTESIAN_POINT('',(42.5404998433051,13.6396139808447,1.23691742047183));
#4572=CARTESIAN_POINT('',(42.5714519175143,14.0384146442119,1.23691742047183));
#4573=CARTESIAN_POINT('Ctrl Pts',(42.5404998433051,13.6396139808447,1.23691742047183));
#4574=CARTESIAN_POINT('Ctrl Pts',(42.4574370674021,13.6460607233904,1.15080668449991));
#4575=CARTESIAN_POINT('Ctrl Pts',(42.2879781652893,13.6592129194507,0.975129546103284));
#4576=CARTESIAN_POINT('Ctrl Pts',(42.2672022563485,13.6608253979001,0.731215890403698));
#4577=CARTESIAN_POINT('Ctrl Pts',(42.2566099650696,13.6616474962962,0.60686010431417));
#4578=CARTESIAN_POINT('Ctrl Pts',(43.6214342831449,13.9569224725969,1.50758048771346));
#4579=CARTESIAN_POINT('Ctrl Pts',(43.5904822089358,13.5581218092296,1.50758048771346));
#4580=CARTESIAN_POINT('Ctrl Pts',(43.4081364518144,13.9734771348892,1.50374637785613));
#4581=CARTESIAN_POINT('Ctrl Pts',(43.3771843776053,13.574676471522,1.50374637785613));
#4582=CARTESIAN_POINT('Ctrl Pts',(43.0346181900279,14.0024669687066,1.49703224466276));
#4583=CARTESIAN_POINT('Ctrl Pts',(43.0036661158187,13.6036663053394,1.49703224466276));
#4584=CARTESIAN_POINT('Ctrl Pts',(42.7104875554274,14.0276236857765,1.31500002850755));
#4585=CARTESIAN_POINT('Ctrl Pts',(42.6795354812182,13.6288230224093,1.31500002850755));
#4586=CARTESIAN_POINT('Ctrl Pts',(42.5714519175143,14.0384146442119,1.23691742047183));
#4587=CARTESIAN_POINT('Ctrl Pts',(42.5404998433051,13.6396139808447,1.23691742047183));
#4588=CARTESIAN_POINT('',(43.5904822089358,13.5581218092296,1.50758048771346));
#4589=CARTESIAN_POINT('',(43.6214342831449,13.9569224725969,1.50758048771346));
#4590=CARTESIAN_POINT('Ctrl Pts',(43.5904822089358,13.5581218092296,1.50758048771346));
#4591=CARTESIAN_POINT('Ctrl Pts',(43.3771843776053,13.5746764715219,1.50374637785613));
#4592=CARTESIAN_POINT('Ctrl Pts',(43.0036661158187,13.6036663053394,1.49703224466276));
#4593=CARTESIAN_POINT('Ctrl Pts',(42.6795354812182,13.6288230224093,1.31500002850755));
#4594=CARTESIAN_POINT('Ctrl Pts',(42.5404998433051,13.6396139808447,1.23691742047183));
#4595=CARTESIAN_POINT('Ctrl Pts',(44.5495648442435,13.8848875723528,1.26801100015239));
#4596=CARTESIAN_POINT('Ctrl Pts',(44.5186127700343,13.4860869089856,1.26801100015239));
#4597=CARTESIAN_POINT('Ctrl Pts',(44.4279708271921,13.894324836091,1.33791604044868));
#4598=CARTESIAN_POINT('Ctrl Pts',(44.397018752983,13.4955241727238,1.33791604044868));
#4599=CARTESIAN_POINT('Ctrl Pts',(44.1425281382742,13.9164788696758,1.50201854446137));
#4600=CARTESIAN_POINT('Ctrl Pts',(44.111576064065,13.5176782063085,1.50201854446137));
#4601=CARTESIAN_POINT('Ctrl Pts',(43.81146806419,13.9421734006081,1.50555214465059));
#4602=CARTESIAN_POINT('Ctrl Pts',(43.7805159899808,13.5433727372409,1.50555214465059));
#4603=CARTESIAN_POINT('Ctrl Pts',(43.6214342831449,13.9569224725969,1.50758048771346));
#4604=CARTESIAN_POINT('Ctrl Pts',(43.5904822089358,13.5581218092296,1.50758048771346));
#4605=CARTESIAN_POINT('',(44.5186127700343,13.4860869089856,1.26801100015239));
#4606=CARTESIAN_POINT('',(44.5495648442435,13.8848875723528,1.26801100015239));
#4607=CARTESIAN_POINT('Ctrl Pts',(44.5186127700343,13.4860869089856,1.26801100015239));
#4608=CARTESIAN_POINT('Ctrl Pts',(44.397018752983,13.4955241727238,1.33791604044868));
#4609=CARTESIAN_POINT('Ctrl Pts',(44.111576064065,13.5176782063085,1.50201854446137));
#4610=CARTESIAN_POINT('Ctrl Pts',(43.7805159899808,13.5433727372409,1.50555214465059));
#4611=CARTESIAN_POINT('Ctrl Pts',(43.5904822089358,13.5581218092296,1.50758048771346));
#4612=CARTESIAN_POINT('Ctrl Pts',(44.8326823692203,13.862914001474,0.642945449358712));
#4613=CARTESIAN_POINT('Ctrl Pts',(44.8017302950112,13.4641133381068,0.642945449358712));
#4614=CARTESIAN_POINT('Ctrl Pts',(44.8210488053011,13.8638169160547,0.764544247434538));
#4615=CARTESIAN_POINT('Ctrl Pts',(44.790096731092,13.4650162526875,0.764544247434538));
#4616=CARTESIAN_POINT('Ctrl Pts',(44.7979891686017,13.865606641228,1.00557306080471));
#4617=CARTESIAN_POINT('Ctrl Pts',(44.7670370943925,13.4668059778608,1.00557306080471));
#4618=CARTESIAN_POINT('Ctrl Pts',(44.6318747184877,13.8784992646849,1.1810580262823));
#4619=CARTESIAN_POINT('Ctrl Pts',(44.6009226442785,13.4796986013177,1.1810580262823));
#4620=CARTESIAN_POINT('Ctrl Pts',(44.5495648442435,13.8848875723528,1.26801100015239));
#4621=CARTESIAN_POINT('Ctrl Pts',(44.5186127700343,13.4860869089856,1.26801100015239));
#4622=CARTESIAN_POINT('',(44.8017302950112,13.4641133381068,0.642945449358712));
#4623=CARTESIAN_POINT('',(44.8326823692203,13.862914001474,0.642945449358712));
#4624=CARTESIAN_POINT('Ctrl Pts',(44.8017302950112,13.4641133381068,0.642945449358712));
#4625=CARTESIAN_POINT('Ctrl Pts',(44.790096731092,13.4650162526875,0.764544247434538));
#4626=CARTESIAN_POINT('Ctrl Pts',(44.7670370943925,13.4668059778608,1.00557306080471));
#4627=CARTESIAN_POINT('Ctrl Pts',(44.6009226442785,13.4796986013177,1.1810580262823));
#4628=CARTESIAN_POINT('Ctrl Pts',(44.5186127700343,13.4860869089856,1.26801100015239));
#4629=CARTESIAN_POINT('Ctrl Pts',(44.7266847807648,13.8711407812295,0.240192492386994));
#4630=CARTESIAN_POINT('Ctrl Pts',(44.6957327065557,13.4723401178623,0.240192492386994));
#4631=CARTESIAN_POINT('Ctrl Pts',(44.7577502914079,13.8687296969985,0.302168025424464));
#4632=CARTESIAN_POINT('Ctrl Pts',(44.7267982171987,13.4699290336313,0.302168025424464));
#4633=CARTESIAN_POINT('Ctrl Pts',(44.8212589023957,13.8638006098109,0.428867375828208));
#4634=CARTESIAN_POINT('Ctrl Pts',(44.7903068281865,13.4649999464437,0.428867375828208));
#4635=CARTESIAN_POINT('Ctrl Pts',(44.8288198776052,13.8632137806321,0.570561577047296));
#4636=CARTESIAN_POINT('Ctrl Pts',(44.7978678033961,13.4644131172649,0.570561577047296));
#4637=CARTESIAN_POINT('Ctrl Pts',(44.8326823692203,13.862914001474,0.642945449358712));
#4638=CARTESIAN_POINT('Ctrl Pts',(44.8017302950112,13.4641133381068,0.642945449358712));
#4639=CARTESIAN_POINT('',(44.6957327065557,13.4723401178623,0.240192492386994));
#4640=CARTESIAN_POINT('',(44.7266847807648,13.8711407812295,0.240192492386994));
#4641=CARTESIAN_POINT('Ctrl Pts',(44.6957327065557,13.4723401178623,0.240192492386994));
#4642=CARTESIAN_POINT('Ctrl Pts',(44.7267982171987,13.4699290336313,0.302168025424464));
#4643=CARTESIAN_POINT('Ctrl Pts',(44.7903068281865,13.4649999464437,0.428867375828208));
#4644=CARTESIAN_POINT('Ctrl Pts',(44.7978678033961,13.4644131172649,0.570561577047296));
#4645=CARTESIAN_POINT('Ctrl Pts',(44.8017302950112,13.4641133381068,0.642945449358712));
#4646=CARTESIAN_POINT('Ctrl Pts',(44.418870986199,13.895031101099,-0.0394864393545657));
#4647=CARTESIAN_POINT('Ctrl Pts',(44.3879189119898,13.4962304377318,-0.0394864393545657));
#4648=CARTESIAN_POINT('Ctrl Pts',(44.4815631411114,13.8901653814315,-0.00303468164164378));
#4649=CARTESIAN_POINT('Ctrl Pts',(44.4506110669023,13.4913647180642,-0.00303468164164378));
#4650=CARTESIAN_POINT('Ctrl Pts',(44.6041326012149,13.8806524107336,0.0682321661631335));
#4651=CARTESIAN_POINT('Ctrl Pts',(44.5731805270058,13.4818517473664,0.0682321661631335));
#4652=CARTESIAN_POINT('Ctrl Pts',(44.686464312921,13.8742624081971,0.183756737456293));
#4653=CARTESIAN_POINT('Ctrl Pts',(44.6555122387118,13.4754617448298,0.183756737456293));
#4654=CARTESIAN_POINT('Ctrl Pts',(44.7266847807648,13.8711407812295,0.240192492386994));
#4655=CARTESIAN_POINT('Ctrl Pts',(44.6957327065557,13.4723401178623,0.240192492386994));
#4656=CARTESIAN_POINT('',(44.3879189119898,13.4962304377318,-0.0394864393545657));
#4657=CARTESIAN_POINT('',(44.418870986199,13.895031101099,-0.0394864393545657));
#4658=CARTESIAN_POINT('Ctrl Pts',(44.3879189119898,13.4962304377318,-0.0394864393545657));
#4659=CARTESIAN_POINT('Ctrl Pts',(44.4506110669023,13.4913647180642,-0.00303468164164378));
#4660=CARTESIAN_POINT('Ctrl Pts',(44.5731805270058,13.4818517473664,0.0682321661631335));
#4661=CARTESIAN_POINT('Ctrl Pts',(44.6555122387118,13.4754617448298,0.183756737456293));
#4662=CARTESIAN_POINT('Ctrl Pts',(44.6957327065557,13.4723401178623,0.240192492386994));
#4663=CARTESIAN_POINT('Ctrl Pts',(43.9830505446375,13.9288563874844,-0.142167894362338));
#4664=CARTESIAN_POINT('Ctrl Pts',(43.9520984704283,13.5300557241172,-0.142167894362338));
#4665=CARTESIAN_POINT('Ctrl Pts',(44.0595105011346,13.9229221088713,-0.137905528579825));
#4666=CARTESIAN_POINT('Ctrl Pts',(44.0285584269254,13.5241214455041,-0.137905528579825));
#4667=CARTESIAN_POINT('Ctrl Pts',(44.2108572893309,13.9111756464155,-0.129468493027419));
#4668=CARTESIAN_POINT('Ctrl Pts',(44.1799052151218,13.5123749830483,-0.129468493027419));
#4669=CARTESIAN_POINT('Ctrl Pts',(44.3500152311804,13.9003751956175,-0.0692718926062119));
#4670=CARTESIAN_POINT('Ctrl Pts',(44.3190631569713,13.5015745322503,-0.0692718926062119));
#4671=CARTESIAN_POINT('Ctrl Pts',(44.418870986199,13.895031101099,-0.0394864393545657));
#4672=CARTESIAN_POINT('Ctrl Pts',(44.3879189119898,13.4962304377318,-0.0394864393545657));
#4673=CARTESIAN_POINT('',(43.9520984704283,13.5300557241172,-0.142167894362338));
#4674=CARTESIAN_POINT('',(43.9830505446375,13.9288563874844,-0.142167894362338));
#4675=CARTESIAN_POINT('Ctrl Pts',(43.9520984704283,13.5300557241172,-0.142167894362338));
#4676=CARTESIAN_POINT('Ctrl Pts',(44.0285584269254,13.5241214455041,-0.137905528579825));
#4677=CARTESIAN_POINT('Ctrl Pts',(44.1799052151218,13.5123749830483,-0.129468493027419));
#4678=CARTESIAN_POINT('Ctrl Pts',(44.3190631569713,13.5015745322503,-0.0692718926062119));
#4679=CARTESIAN_POINT('Ctrl Pts',(44.3879189119898,13.4962304377318,-0.0394864393545657));
#4680=CARTESIAN_POINT('Ctrl Pts',(43.4001338298132,13.9740982415543,0.0719309304315663));
#4681=CARTESIAN_POINT('Ctrl Pts',(43.369181755604,13.575297578187,0.0719309304315663));
#4682=CARTESIAN_POINT('Ctrl Pts',(43.4830028697418,13.9676665354185,0.00926762181298612));
#4683=CARTESIAN_POINT('Ctrl Pts',(43.4520507955326,13.5688658720513,0.00926762181298612));
#4684=CARTESIAN_POINT('Ctrl Pts',(43.6552924536364,13.9542946419489,-0.121013064154409));
#4685=CARTESIAN_POINT('Ctrl Pts',(43.6243403794272,13.5554939785816,-0.121013064154409));
#4686=CARTESIAN_POINT('Ctrl Pts',(43.8710628771132,13.9375480746207,-0.134939758255549));
#4687=CARTESIAN_POINT('Ctrl Pts',(43.8401108029041,13.5387474112535,-0.134939758255549));
#4688=CARTESIAN_POINT('Ctrl Pts',(43.9830505446375,13.9288563874844,-0.142167894362338));
#4689=CARTESIAN_POINT('Ctrl Pts',(43.9520984704283,13.5300557241172,-0.142167894362338));
#4690=CARTESIAN_POINT('',(43.369181755604,13.575297578187,0.0719309304315663));
#4691=CARTESIAN_POINT('',(43.4001338298132,13.9740982415543,0.0719309304315663));
#4692=CARTESIAN_POINT('Ctrl Pts',(43.369181755604,13.575297578187,0.0719309304315663));
#4693=CARTESIAN_POINT('Ctrl Pts',(43.4520507955326,13.5688658720513,0.00926762181298613));
#4694=CARTESIAN_POINT('Ctrl Pts',(43.6243403794272,13.5554939785816,-0.121013064154409));
#4695=CARTESIAN_POINT('Ctrl Pts',(43.8401108029041,13.5387474112535,-0.134939758255549));
#4696=CARTESIAN_POINT('Ctrl Pts',(43.9520984704283,13.5300557241172,-0.142167894362338));
#4697=CARTESIAN_POINT('Ctrl Pts',(43.1734089552077,13.9916950155531,0.593981814004605));
#4698=CARTESIAN_POINT('Ctrl Pts',(43.1424568809986,13.5928943521858,0.593981814004605));
#4699=CARTESIAN_POINT('Ctrl Pts',(43.1832540607501,13.9909309084055,0.495314423523942));
#4700=CARTESIAN_POINT('Ctrl Pts',(43.1523019865409,13.5921302450382,0.495314423523942));
#4701=CARTESIAN_POINT('Ctrl Pts',(43.2030425821919,13.9893950639588,0.296994378733598));
#4702=CARTESIAN_POINT('Ctrl Pts',(43.1720905079827,13.5905944005916,0.296994378733598));
#4703=CARTESIAN_POINT('Ctrl Pts',(43.3342195160992,13.9792140422962,0.147200141601339));
#4704=CARTESIAN_POINT('Ctrl Pts',(43.3032674418901,13.5804133789289,0.147200141601339));
#4705=CARTESIAN_POINT('Ctrl Pts',(43.4001338298132,13.9740982415543,0.0719309304315663));
#4706=CARTESIAN_POINT('Ctrl Pts',(43.369181755604,13.575297578187,0.0719309304315663));
#4707=CARTESIAN_POINT('',(43.1424568809986,13.5928943521858,0.593981814004605));
#4708=CARTESIAN_POINT('',(43.1734089552077,13.9916950155531,0.593981814004605));
#4709=CARTESIAN_POINT('Ctrl Pts',(43.1424568809986,13.5928943521858,0.593981814004605));
#4710=CARTESIAN_POINT('Ctrl Pts',(43.1523019865409,13.5921302450382,0.495314423523942));
#4711=CARTESIAN_POINT('Ctrl Pts',(43.1720905079827,13.5905944005916,0.296994378733598));
#4712=CARTESIAN_POINT('Ctrl Pts',(43.3032674418901,13.5804133789289,0.147200141601339));
#4713=CARTESIAN_POINT('Ctrl Pts',(43.369181755604,13.575297578187,0.0719309304315663));
#4714=CARTESIAN_POINT('Ctrl Pts',(43.2540876958703,13.9854333048854,0.930155881078973));
#4715=CARTESIAN_POINT('Ctrl Pts',(43.2231356216611,13.5866326415182,0.930155881078973));
#4716=CARTESIAN_POINT('Ctrl Pts',(43.2304345135076,13.9872690968562,0.876205625712365));
#4717=CARTESIAN_POINT('Ctrl Pts',(43.1994824392985,13.588468433489,0.876205625712365));
#4718=CARTESIAN_POINT('Ctrl Pts',(43.1834273600827,13.9909174581425,0.768987582387219));
#4719=CARTESIAN_POINT('Ctrl Pts',(43.1524752858735,13.5921167947753,0.768987582387219));
#4720=CARTESIAN_POINT('Ctrl Pts',(43.1767342223811,13.9914369319395,0.652068998942742));
#4721=CARTESIAN_POINT('Ctrl Pts',(43.145782148172,13.5926362685722,0.652068998942742));
#4722=CARTESIAN_POINT('Ctrl Pts',(43.1734089552077,13.9916950155531,0.593981814004605));
#4723=CARTESIAN_POINT('Ctrl Pts',(43.1424568809986,13.5928943521858,0.593981814004605));
#4724=CARTESIAN_POINT('',(43.2231356216611,13.5866326415182,0.930155881078973));
#4725=CARTESIAN_POINT('',(43.2540876958703,13.9854333048854,0.930155881078973));
#4726=CARTESIAN_POINT('Ctrl Pts',(43.2231356216611,13.5866326415181,0.930155881078973));
#4727=CARTESIAN_POINT('Ctrl Pts',(43.1994824392985,13.588468433489,0.876205625712365));
#4728=CARTESIAN_POINT('Ctrl Pts',(43.1524752858735,13.5921167947753,0.768987582387219));
#4729=CARTESIAN_POINT('Ctrl Pts',(43.145782148172,13.5926362685722,0.652068998942742));
#4730=CARTESIAN_POINT('Ctrl Pts',(43.1424568809986,13.5928943521858,0.593981814004605));
#4731=CARTESIAN_POINT('Ctrl Pts',(43.5032660227984,13.966093853438,1.20199723412443));
#4732=CARTESIAN_POINT('Ctrl Pts',(43.4723139485892,13.5672931900707,1.20199723412443));
#4733=CARTESIAN_POINT('Ctrl Pts',(43.4513218662059,13.9701253898351,1.1636979629353));
#4734=CARTESIAN_POINT('Ctrl Pts',(43.4203697919967,13.5713247264679,1.1636979629353));
#4735=CARTESIAN_POINT('Ctrl Pts',(43.3504834565344,13.9779517507868,1.08934816400433));
#4736=CARTESIAN_POINT('Ctrl Pts',(43.3195313823253,13.5791510874196,1.08934816400433));
#4737=CARTESIAN_POINT('Ctrl Pts',(43.2855651212434,13.9829902507595,0.982139113238204));
#4738=CARTESIAN_POINT('Ctrl Pts',(43.2546130470343,13.5841895873922,0.982139113238204));
#4739=CARTESIAN_POINT('Ctrl Pts',(43.2540876958703,13.9854333048854,0.930155881078973));
#4740=CARTESIAN_POINT('Ctrl Pts',(43.2231356216611,13.5866326415182,0.930155881078973));
#4741=CARTESIAN_POINT('',(43.4723139485892,13.5672931900707,1.20199723412443));
#4742=CARTESIAN_POINT('',(43.5032660227984,13.966093853438,1.20199723412443));
#4743=CARTESIAN_POINT('Ctrl Pts',(43.4723139485892,13.5672931900707,1.20199723412443));
#4744=CARTESIAN_POINT('Ctrl Pts',(43.4203697919967,13.5713247264679,1.1636979629353));
#4745=CARTESIAN_POINT('Ctrl Pts',(43.3195313823253,13.5791510874196,1.08934816400433));
#4746=CARTESIAN_POINT('Ctrl Pts',(43.2546130470343,13.5841895873922,0.982139113238204));
#4747=CARTESIAN_POINT('Ctrl Pts',(43.2231356216611,13.5866326415181,0.930155881078973));
#4748=CARTESIAN_POINT('Ctrl Pts',(42.9271389252736,14.0108087456499,1.11341997266423));
#4749=CARTESIAN_POINT('Ctrl Pts',(42.8961868510644,13.6120080822826,1.11341997266423));
#4750=CARTESIAN_POINT('Ctrl Pts',(43.0082874595494,14.0045105729396,1.13811191821278));
#4751=CARTESIAN_POINT('Ctrl Pts',(42.9773353853402,13.6057099095723,1.13811191821278));
#4752=CARTESIAN_POINT('Ctrl Pts',(43.1957779958607,13.9899588895386,1.195161699269));
#4753=CARTESIAN_POINT('Ctrl Pts',(43.1648259216515,13.5911582261713,1.195161699269));
#4754=CARTESIAN_POINT('Ctrl Pts',(43.3919819132492,13.9747309354026,1.1995233608577));
#4755=CARTESIAN_POINT('Ctrl Pts',(43.36102983904,13.5759302720354,1.1995233608577));
#4756=CARTESIAN_POINT('Ctrl Pts',(43.5032660227984,13.966093853438,1.20199723412443));
#4757=CARTESIAN_POINT('Ctrl Pts',(43.4723139485892,13.5672931900707,1.20199723412443));
#4758=CARTESIAN_POINT('',(42.8961868510644,13.6120080822826,1.11341997266423));
#4759=CARTESIAN_POINT('',(42.9271389252736,14.0108087456499,1.11341997266423));
#4760=CARTESIAN_POINT('Ctrl Pts',(42.8961868510644,13.6120080822826,1.11341997266423));
#4761=CARTESIAN_POINT('Ctrl Pts',(42.9773353853402,13.6057099095723,1.13811191821278));
#4762=CARTESIAN_POINT('Ctrl Pts',(43.1648259216515,13.5911582261713,1.195161699269));
#4763=CARTESIAN_POINT('Ctrl Pts',(43.36102983904,13.5759302720354,1.1995233608577));
#4764=CARTESIAN_POINT('Ctrl Pts',(43.4723139485892,13.5672931900707,1.20199723412443));
#4765=CARTESIAN_POINT('Ctrl Pts',(42.6200356724622,14.0346439183164,0.884050132138141));
#4766=CARTESIAN_POINT('Ctrl Pts',(42.589083598253,13.6358432549492,0.884050132138141));
#4767=CARTESIAN_POINT('Ctrl Pts',(42.6607145943872,14.0314867094002,0.930574550868679));
#4768=CARTESIAN_POINT('Ctrl Pts',(42.629762520178,13.632686046033,0.930574550868679));
#4769=CARTESIAN_POINT('Ctrl Pts',(42.7466362986632,14.0248180771455,1.02884306828786));
#4770=CARTESIAN_POINT('Ctrl Pts',(42.715684224454,13.6260174137783,1.02884306828786));
#4771=CARTESIAN_POINT('Ctrl Pts',(42.8648778570567,14.0156410074308,1.08424672177121));
#4772=CARTESIAN_POINT('Ctrl Pts',(42.8339257828475,13.6168403440635,1.08424672177121));
#4773=CARTESIAN_POINT('Ctrl Pts',(42.9271389252736,14.0108087456499,1.11341997266423));
#4774=CARTESIAN_POINT('Ctrl Pts',(42.8961868510644,13.6120080822826,1.11341997266423));
#4775=CARTESIAN_POINT('',(42.589083598253,13.6358432549492,0.884050132138141));
#4776=CARTESIAN_POINT('',(42.6200356724622,14.0346439183164,0.884050132138141));
#4777=CARTESIAN_POINT('Ctrl Pts',(42.589083598253,13.6358432549492,0.884050132138141));
#4778=CARTESIAN_POINT('Ctrl Pts',(42.629762520178,13.632686046033,0.930574550868679));
#4779=CARTESIAN_POINT('Ctrl Pts',(42.715684224454,13.6260174137783,1.02884306828786));
#4780=CARTESIAN_POINT('Ctrl Pts',(42.8339257828475,13.6168403440635,1.08424672177121));
#4781=CARTESIAN_POINT('Ctrl Pts',(42.8961868510644,13.6120080822826,1.11341997266423));
#4782=CARTESIAN_POINT('Ctrl Pts',(42.5391395717211,14.0409224989292,0.626320243006074));
#4783=CARTESIAN_POINT('Ctrl Pts',(42.5081874975119,13.6421218355619,0.626320243006074));
#4784=CARTESIAN_POINT('Ctrl Pts',(42.5421749972861,14.040686910762,0.673400492234577));
#4785=CARTESIAN_POINT('Ctrl Pts',(42.5112229230769,13.6418862473948,0.673400492234577));
#4786=CARTESIAN_POINT('Ctrl Pts',(42.548145468723,14.0402235251863,0.766004075239419));
#4787=CARTESIAN_POINT('Ctrl Pts',(42.5171933945139,13.6414228618191,0.766004075239419));
#4788=CARTESIAN_POINT('Ctrl Pts',(42.5963423778001,14.036482823519,0.845144970317335));
#4789=CARTESIAN_POINT('Ctrl Pts',(42.5653903035909,13.6376821601517,0.845144970317335));
#4790=CARTESIAN_POINT('Ctrl Pts',(42.6200356724622,14.0346439183164,0.884050132138141));
#4791=CARTESIAN_POINT('Ctrl Pts',(42.589083598253,13.6358432549492,0.884050132138141));
#4792=CARTESIAN_POINT('',(42.5081874975119,13.6421218355619,0.626320243006074));
#4793=CARTESIAN_POINT('',(42.5391395717211,14.0409224989292,0.626320243006074));
#4794=CARTESIAN_POINT('Ctrl Pts',(42.5081874975119,13.6421218355619,0.626320243006074));
#4795=CARTESIAN_POINT('Ctrl Pts',(42.5112229230769,13.6418862473948,0.673400492234577));
#4796=CARTESIAN_POINT('Ctrl Pts',(42.5171933945139,13.6414228618191,0.766004075239419));
#4797=CARTESIAN_POINT('Ctrl Pts',(42.5653903035909,13.6376821601517,0.845144970317335));
#4798=CARTESIAN_POINT('Ctrl Pts',(42.589083598253,13.6358432549492,0.884050132138141));
#4799=CARTESIAN_POINT('Ctrl Pts',(42.6709055265178,14.0306957616498,0.319728405507343));
#4800=CARTESIAN_POINT('Ctrl Pts',(42.6399534523086,13.6318950982825,0.319728405507343));
#4801=CARTESIAN_POINT('Ctrl Pts',(42.6326000517832,14.0336687604572,0.363605947056644));
#4802=CARTESIAN_POINT('Ctrl Pts',(42.6016479775741,13.63486809709,0.363605947056644));
#4803=CARTESIAN_POINT('Ctrl Pts',(42.5558061932072,14.0396289541775,0.451570545948821));
#4804=CARTESIAN_POINT('Ctrl Pts',(42.524854118998,13.6408282908103,0.451570545948821));
#4805=CARTESIAN_POINT('Ctrl Pts',(42.5447039267479,14.040490633224,0.567977923534522));
#4806=CARTESIAN_POINT('Ctrl Pts',(42.5137518525387,13.6416899698567,0.567977923534522));
#4807=CARTESIAN_POINT('Ctrl Pts',(42.5391395717211,14.0409224989292,0.626320243006074));
#4808=CARTESIAN_POINT('Ctrl Pts',(42.5081874975119,13.6421218355619,0.626320243006074));
#4809=CARTESIAN_POINT('',(42.6399534523086,13.6318950982825,0.319728405507343));
#4810=CARTESIAN_POINT('',(42.6709055265178,14.0306957616498,0.319728405507343));
#4811=CARTESIAN_POINT('Ctrl Pts',(42.6399534523086,13.6318950982825,0.319728405507343));
#4812=CARTESIAN_POINT('Ctrl Pts',(42.6016479775741,13.63486809709,0.363605947056644));
#4813=CARTESIAN_POINT('Ctrl Pts',(42.524854118998,13.6408282908103,0.451570545948821));
#4814=CARTESIAN_POINT('Ctrl Pts',(42.5137518525387,13.6416899698567,0.567977923534522));
#4815=CARTESIAN_POINT('Ctrl Pts',(42.5081874975119,13.6421218355619,0.626320243006074));
#4816=CARTESIAN_POINT('Ctrl Pts',(42.9330578135893,14.0103493635896,0.204497295617344));
#4817=CARTESIAN_POINT('Ctrl Pts',(42.9021057393801,13.6115487002223,0.204497295617344));
#4818=CARTESIAN_POINT('Ctrl Pts',(42.8795516803875,14.0145021295141,0.217325409681687));
#4819=CARTESIAN_POINT('Ctrl Pts',(42.8485996061783,13.6157014661468,0.217325409681687));
#4820=CARTESIAN_POINT('Ctrl Pts',(42.7849792703127,14.0218421680939,0.23999917792436));
#4821=CARTESIAN_POINT('Ctrl Pts',(42.7540271961035,13.6230415047267,0.23999917792436));
#4822=CARTESIAN_POINT('Ctrl Pts',(42.7054427522315,14.0280152275598,0.295589403512633));
#4823=CARTESIAN_POINT('Ctrl Pts',(42.6744906780223,13.6292145641925,0.295589403512633));
#4824=CARTESIAN_POINT('Ctrl Pts',(42.6709055265178,14.0306957616498,0.319728405507343));
#4825=CARTESIAN_POINT('Ctrl Pts',(42.6399534523086,13.6318950982825,0.319728405507343));
#4826=CARTESIAN_POINT('',(42.9021057393801,13.6115487002223,0.204497295617344));
#4827=CARTESIAN_POINT('',(42.9330578135893,14.0103493635896,0.204497295617344));
#4828=CARTESIAN_POINT('Ctrl Pts',(42.9021057393801,13.6115487002223,0.204497295617344));
#4829=CARTESIAN_POINT('Ctrl Pts',(42.8485996061783,13.6157014661468,0.217325409681687));
#4830=CARTESIAN_POINT('Ctrl Pts',(42.7540271961035,13.6230415047267,0.23999917792436));
#4831=CARTESIAN_POINT('Ctrl Pts',(42.6744906780223,13.6292145641925,0.295589403512633));
#4832=CARTESIAN_POINT('Ctrl Pts',(42.6399534523086,13.6318950982825,0.319728405507343));
#4833=CARTESIAN_POINT('Origin',(42.9101008158249,14.0121311226579,-0.100820548981764));
#4834=CARTESIAN_POINT('',(42.8791487416157,13.6133304592907,-0.100820548981764));
#4835=CARTESIAN_POINT('',(42.9101008158249,14.0121311226579,-0.100820548981764));
#4836=CARTESIAN_POINT('',(42.8791487416157,13.6133304592907,-0.100820548981764));
#4837=CARTESIAN_POINT('Ctrl Pts',(42.4538208872436,14.0475443290713,0.123863058793628));
#4838=CARTESIAN_POINT('Ctrl Pts',(42.4228688130344,13.648743665704,0.123863058793628));
#4839=CARTESIAN_POINT('Ctrl Pts',(42.5161571467856,14.0427062314739,0.0672846981247233));
#4840=CARTESIAN_POINT('Ctrl Pts',(42.4852050725765,13.6439055681067,0.0672846981247233));
#4841=CARTESIAN_POINT('Ctrl Pts',(42.6465406206962,14.032586792539,-0.0510554664339025));
#4842=CARTESIAN_POINT('Ctrl Pts',(42.615588546487,13.6337861291718,-0.0510554664339025));
#4843=CARTESIAN_POINT('Ctrl Pts',(42.8197189436837,14.019145921455,-0.0837547651074577));
#4844=CARTESIAN_POINT('Ctrl Pts',(42.7887668694745,13.6203452580878,-0.0837547651074577));
#4845=CARTESIAN_POINT('Ctrl Pts',(42.9101008158249,14.0121311226579,-0.100820548981764));
#4846=CARTESIAN_POINT('Ctrl Pts',(42.8791487416157,13.6133304592907,-0.100820548981764));
#4847=CARTESIAN_POINT('Ctrl Pts',(42.4228688130344,13.648743665704,0.123863058793628));
#4848=CARTESIAN_POINT('Ctrl Pts',(42.4852050725765,13.6439055681067,0.0672846981247233));
#4849=CARTESIAN_POINT('Ctrl Pts',(42.615588546487,13.6337861291718,-0.0510554664339025));
#4850=CARTESIAN_POINT('Ctrl Pts',(42.7887668694745,13.6203452580878,-0.0837547651074577));
#4851=CARTESIAN_POINT('Ctrl Pts',(42.8791487416157,13.6133304592907,-0.100820548981764));
#4852=CARTESIAN_POINT('Origin',(43.5243523691568,13.5632543375735,3.81528849480271));
#4853=CARTESIAN_POINT('Origin',(42.5564681971591,14.039577574134,6.64446803093357));
#4854=CARTESIAN_POINT('',(42.5564681971591,14.039577574134,6.64446803093357));
#4855=CARTESIAN_POINT('',(42.5542756883518,14.0397477410909,7.43573362175994));
#4856=CARTESIAN_POINT('',(42.5511902312571,14.03998721235,8.54925983559102));
#4857=CARTESIAN_POINT('',(42.52551612295,13.6407769107667,6.64446803093357));
#4858=CARTESIAN_POINT('',(42.5564681971591,14.039577574134,6.64446803093357));
#4859=CARTESIAN_POINT('',(42.5233236141426,13.6409470777237,7.43573362175994));
#4860=CARTESIAN_POINT('',(42.52551612295,13.6407769107667,6.64446803093357));
#4861=CARTESIAN_POINT('',(42.5542756883518,14.0397477410909,7.43573362175994));
#4862=CARTESIAN_POINT('Ctrl Pts',(42.6715087366395,14.0306489447656,6.23806799669452));
#4863=CARTESIAN_POINT('Ctrl Pts',(42.6405566624304,13.6318482813984,6.23806799669452));
#4864=CARTESIAN_POINT('Ctrl Pts',(42.6382750067047,14.033228310774,6.2919122659793));
#4865=CARTESIAN_POINT('Ctrl Pts',(42.6073229324956,13.6344276474067,6.2919122659793));
#4866=CARTESIAN_POINT('Ctrl Pts',(42.5619386696052,14.0391529949277,6.41559005655731));
#4867=CARTESIAN_POINT('Ctrl Pts',(42.530986595396,13.6403523315605,6.41559005655731));
#4868=CARTESIAN_POINT('Ctrl Pts',(42.5584423574826,14.0394243538351,6.56187154216711));
#4869=CARTESIAN_POINT('Ctrl Pts',(42.5274902832735,13.6406236904679,6.56187154216711));
#4870=CARTESIAN_POINT('Ctrl Pts',(42.5564681971591,14.039577574134,6.64446803093357));
#4871=CARTESIAN_POINT('Ctrl Pts',(42.52551612295,13.6407769107667,6.64446803093357));
#4872=CARTESIAN_POINT('',(42.6715087366395,14.0306489447656,6.23806799669452));
#4873=CARTESIAN_POINT('Ctrl Pts',(42.6715087366395,14.0306489447656,6.23806799669452));
#4874=CARTESIAN_POINT('Ctrl Pts',(42.6382750067047,14.033228310774,6.2919122659793));
#4875=CARTESIAN_POINT('Ctrl Pts',(42.5619386696052,14.0391529949277,6.41559005655731));
#4876=CARTESIAN_POINT('Ctrl Pts',(42.5584423574826,14.0394243538351,6.56187154216711));
#4877=CARTESIAN_POINT('Ctrl Pts',(42.5564681971591,14.039577574134,6.64446803093357));
#4878=CARTESIAN_POINT('',(42.6405566624304,13.6318482813984,6.23806799669452));
#4879=CARTESIAN_POINT('',(42.6715087366395,14.0306489447656,6.23806799669452));
#4880=CARTESIAN_POINT('Ctrl Pts',(42.6405566624304,13.6318482813984,6.23806799669452));
#4881=CARTESIAN_POINT('Ctrl Pts',(42.6073229324956,13.6344276474067,6.2919122659793));
#4882=CARTESIAN_POINT('Ctrl Pts',(42.530986595396,13.6403523315605,6.41559005655731));
#4883=CARTESIAN_POINT('Ctrl Pts',(42.5274902832735,13.6406236904679,6.56187154216711));
#4884=CARTESIAN_POINT('Ctrl Pts',(42.52551612295,13.6407769107667,6.64446803093357));
#4885=CARTESIAN_POINT('Ctrl Pts',(42.9625997866341,14.0080565255229,6.11012754184364));
#4886=CARTESIAN_POINT('Ctrl Pts',(42.9316477124249,13.6092558621557,6.11012754184364));
#4887=CARTESIAN_POINT('Ctrl Pts',(42.9064315547857,14.0124159046315,6.11514998647163));
#4888=CARTESIAN_POINT('Ctrl Pts',(42.8754794805765,13.6136152412643,6.11514998647163));
#4889=CARTESIAN_POINT('Ctrl Pts',(42.7950460434321,14.0210608566838,6.12510984357809));
#4890=CARTESIAN_POINT('Ctrl Pts',(42.7640939692229,13.6222601933166,6.12510984357809));
#4891=CARTESIAN_POINT('Ctrl Pts',(42.7124527926384,14.0274711580263,6.20063019699821));
#4892=CARTESIAN_POINT('Ctrl Pts',(42.6815007184292,13.628670494659,6.20063019699821));
#4893=CARTESIAN_POINT('Ctrl Pts',(42.6715087366395,14.0306489447656,6.23806799669452));
#4894=CARTESIAN_POINT('Ctrl Pts',(42.6405566624304,13.6318482813984,6.23806799669452));
#4895=CARTESIAN_POINT('',(42.9625997866341,14.0080565255229,6.11012754184364));
#4896=CARTESIAN_POINT('Ctrl Pts',(42.9625997866341,14.0080565255229,6.11012754184364));
#4897=CARTESIAN_POINT('Ctrl Pts',(42.9064315547857,14.0124159046315,6.11514998647163));
#4898=CARTESIAN_POINT('Ctrl Pts',(42.7950460434321,14.0210608566838,6.12510984357809));
#4899=CARTESIAN_POINT('Ctrl Pts',(42.7124527926384,14.0274711580263,6.20063019699821));
#4900=CARTESIAN_POINT('Ctrl Pts',(42.6715087366395,14.0306489447656,6.23806799669452));
#4901=CARTESIAN_POINT('',(42.9316477124249,13.6092558621557,6.11012754184364));
#4902=CARTESIAN_POINT('',(42.9625997866341,14.0080565255229,6.11012754184364));
#4903=CARTESIAN_POINT('Ctrl Pts',(42.9316477124249,13.6092558621557,6.11012754184364));
#4904=CARTESIAN_POINT('Ctrl Pts',(42.8754794805765,13.6136152412643,6.11514998647163));
#4905=CARTESIAN_POINT('Ctrl Pts',(42.7640939692229,13.6222601933166,6.12510984357809));
#4906=CARTESIAN_POINT('Ctrl Pts',(42.6815007184292,13.628670494659,6.20063019699821));
#4907=CARTESIAN_POINT('Ctrl Pts',(42.6405566624304,13.6318482813984,6.23806799669452));
#4908=CARTESIAN_POINT('Ctrl Pts',(43.1859919230135,13.9907184149878,6.17725798078546));
#4909=CARTESIAN_POINT('Ctrl Pts',(43.1550398488043,13.5919177516205,6.17725798078546));
#4910=CARTESIAN_POINT('Ctrl Pts',(43.1510883724679,13.9934273806086,6.15776260002405));
#4911=CARTESIAN_POINT('Ctrl Pts',(43.1201362982587,13.5946267172414,6.15776260002405));
#4912=CARTESIAN_POINT('Ctrl Pts',(43.0815350547697,13.9988256149865,6.11891358923429));
#4913=CARTESIAN_POINT('Ctrl Pts',(43.0505829805605,13.6000249516192,6.11891358923429));
#4914=CARTESIAN_POINT('Ctrl Pts',(43.0021483216226,14.0049870492099,6.11304909159156));
#4915=CARTESIAN_POINT('Ctrl Pts',(42.9711962474134,13.6061863858427,6.11304909159156));
#4916=CARTESIAN_POINT('Ctrl Pts',(42.9625997866341,14.0080565255229,6.11012754184364));
#4917=CARTESIAN_POINT('Ctrl Pts',(42.9316477124249,13.6092558621557,6.11012754184364));
#4918=CARTESIAN_POINT('',(43.1859919230135,13.9907184149878,6.17725798078546));
#4919=CARTESIAN_POINT('Ctrl Pts',(43.1859919230135,13.9907184149878,6.17725798078546));
#4920=CARTESIAN_POINT('Ctrl Pts',(43.1510883724679,13.9934273806086,6.15776260002405));
#4921=CARTESIAN_POINT('Ctrl Pts',(43.0815350547697,13.9988256149865,6.11891358923429));
#4922=CARTESIAN_POINT('Ctrl Pts',(43.0021483216226,14.0049870492099,6.11304909159156));
#4923=CARTESIAN_POINT('Ctrl Pts',(42.9625997866341,14.0080565255229,6.11012754184364));
#4924=CARTESIAN_POINT('',(43.1550398488043,13.5919177516205,6.17725798078546));
#4925=CARTESIAN_POINT('',(43.1859919230135,13.9907184149878,6.17725798078546));
#4926=CARTESIAN_POINT('Ctrl Pts',(43.1550398488043,13.5919177516205,6.17725798078546));
#4927=CARTESIAN_POINT('Ctrl Pts',(43.1201362982587,13.5946267172414,6.15776260002405));
#4928=CARTESIAN_POINT('Ctrl Pts',(43.0505829805605,13.6000249516192,6.11891358923429));
#4929=CARTESIAN_POINT('Ctrl Pts',(42.9711962474134,13.6061863858427,6.11304909159156));
#4930=CARTESIAN_POINT('Ctrl Pts',(42.9316477124249,13.6092558621557,6.11012754184364));
#4931=CARTESIAN_POINT('Ctrl Pts',(43.3350709658795,13.9791479588133,6.37208081071322));
#4932=CARTESIAN_POINT('Ctrl Pts',(43.3041188916703,13.5803472954461,6.37208081071322));
#4933=CARTESIAN_POINT('Ctrl Pts',(43.3177647256655,13.9804911462265,6.33229157877225));
#4934=CARTESIAN_POINT('Ctrl Pts',(43.2868126514563,13.5816904828592,6.33229157877225));
#4935=CARTESIAN_POINT('Ctrl Pts',(43.284099702133,13.9831039861797,6.25489143795234));
#4936=CARTESIAN_POINT('Ctrl Pts',(43.2531476279239,13.5843033228125,6.25489143795234));
#4937=CARTESIAN_POINT('Ctrl Pts',(43.2180751250227,13.9882283447831,6.20264567084746));
#4938=CARTESIAN_POINT('Ctrl Pts',(43.1871230508135,13.5894276814158,6.20264567084746));
#4939=CARTESIAN_POINT('Ctrl Pts',(43.1859919230135,13.9907184149878,6.17725798078546));
#4940=CARTESIAN_POINT('Ctrl Pts',(43.1550398488043,13.5919177516205,6.17725798078546));
#4941=CARTESIAN_POINT('',(43.3350709658795,13.9791479588133,6.37208081071322));
#4942=CARTESIAN_POINT('Ctrl Pts',(43.3350709658795,13.9791479588133,6.37208081071322));
#4943=CARTESIAN_POINT('Ctrl Pts',(43.3177647256655,13.9804911462265,6.33229157877225));
#4944=CARTESIAN_POINT('Ctrl Pts',(43.284099702133,13.9831039861797,6.25489143795234));
#4945=CARTESIAN_POINT('Ctrl Pts',(43.2180751250227,13.9882283447831,6.20264567084746));
#4946=CARTESIAN_POINT('Ctrl Pts',(43.1859919230135,13.9907184149878,6.17725798078546));
#4947=CARTESIAN_POINT('',(43.3041188916703,13.5803472954461,6.37208081071322));
#4948=CARTESIAN_POINT('',(43.3350709658795,13.9791479588133,6.37208081071322));
#4949=CARTESIAN_POINT('Ctrl Pts',(43.3041188916703,13.5803472954461,6.37208081071322));
#4950=CARTESIAN_POINT('Ctrl Pts',(43.2868126514563,13.5816904828592,6.33229157877225));
#4951=CARTESIAN_POINT('Ctrl Pts',(43.2531476279239,13.5843033228125,6.25489143795234));
#4952=CARTESIAN_POINT('Ctrl Pts',(43.1871230508135,13.5894276814158,6.20264567084746));
#4953=CARTESIAN_POINT('Ctrl Pts',(43.1550398488043,13.5919177516205,6.17725798078546));
#4954=CARTESIAN_POINT('Ctrl Pts',(43.3808436637252,13.9755954071989,6.72691642065925));
#4955=CARTESIAN_POINT('Ctrl Pts',(43.349891589516,13.5767947438317,6.72691642065925));
#4956=CARTESIAN_POINT('Ctrl Pts',(43.3802952515179,13.9756379710583,6.6591006398805));
#4957=CARTESIAN_POINT('Ctrl Pts',(43.3493431773087,13.576837307691,6.6591006398805));
#4958=CARTESIAN_POINT('Ctrl Pts',(43.3793224952018,13.9757134694926,6.53881114194675));
#4959=CARTESIAN_POINT('Ctrl Pts',(43.3483704209927,13.5769128061253,6.53881114194675));
#4960=CARTESIAN_POINT('Ctrl Pts',(43.3485115714629,13.9781047944968,6.42272214797829));
#4961=CARTESIAN_POINT('Ctrl Pts',(43.3175594972538,13.5793041311296,6.42272214797829));
#4962=CARTESIAN_POINT('Ctrl Pts',(43.3350709658795,13.9791479588133,6.37208081071322));
#4963=CARTESIAN_POINT('Ctrl Pts',(43.3041188916703,13.5803472954461,6.37208081071322));
#4964=CARTESIAN_POINT('',(43.3808436637252,13.9755954071989,6.72691642065925));
#4965=CARTESIAN_POINT('Ctrl Pts',(43.3808436637252,13.9755954071989,6.72691642065925));
#4966=CARTESIAN_POINT('Ctrl Pts',(43.3802952515179,13.9756379710583,6.6591006398805));
#4967=CARTESIAN_POINT('Ctrl Pts',(43.3793224952018,13.9757134694926,6.53881114194675));
#4968=CARTESIAN_POINT('Ctrl Pts',(43.3485115714629,13.9781047944968,6.42272214797829));
#4969=CARTESIAN_POINT('Ctrl Pts',(43.3350709658795,13.9791479588133,6.37208081071322));
#4970=CARTESIAN_POINT('',(43.349891589516,13.5767947438317,6.72691642065925));
#4971=CARTESIAN_POINT('',(43.3808436637252,13.9755954071989,6.72691642065925));
#4972=CARTESIAN_POINT('Ctrl Pts',(43.349891589516,13.5767947438317,6.72691642065925));
#4973=CARTESIAN_POINT('Ctrl Pts',(43.3493431773087,13.576837307691,6.6591006398805));
#4974=CARTESIAN_POINT('Ctrl Pts',(43.3483704209927,13.5769128061253,6.53881114194675));
#4975=CARTESIAN_POINT('Ctrl Pts',(43.3175594972538,13.5793041311296,6.42272214797829));
#4976=CARTESIAN_POINT('Ctrl Pts',(43.3041188916703,13.5803472954461,6.37208081071322));
#4977=CARTESIAN_POINT('Origin',(43.3788732409695,13.9757483374143,7.43803225322007));
#4978=CARTESIAN_POINT('',(43.3788732409695,13.9757483374143,7.43803225322007));
#4979=CARTESIAN_POINT('',(43.3746915294711,13.9760728921519,8.94719126246433));
#4980=CARTESIAN_POINT('',(43.3479211667604,13.5769476740471,7.43803225322007));
#4981=CARTESIAN_POINT('',(43.3788732409695,13.9757483374143,7.43803225322007));
#4982=CARTESIAN_POINT('',(43.3479211667604,13.5769476740471,7.43803225322007));
#4983=CARTESIAN_POINT('Origin',(42.5542756883518,14.0397477410909,7.43573362175993));
#4984=CARTESIAN_POINT('',(46.6494583762337,13.7219087551043,7.44714927019531));
#4985=CARTESIAN_POINT('',(42.5233236141426,13.6409470777237,7.43573362175993));
#4986=CARTESIAN_POINT('Origin',(43.664507028716,13.9535794720962,7.43882848018982));
#4987=CARTESIAN_POINT('',(43.6335549545068,13.554778808729,7.43882848018983));
#4988=CARTESIAN_POINT('',(43.664507028716,13.9535794720962,7.43882848018983));
#4989=CARTESIAN_POINT('',(44.7403856591778,13.4688744729169,7.44191385907644));
#4990=CARTESIAN_POINT('',(43.6335549545068,13.554778808729,7.43882848018982));
#4991=CARTESIAN_POINT('',(44.7713377333869,13.8676751362842,7.44191385907644));
#4992=CARTESIAN_POINT('Origin',(43.6655702062628,13.9534969558084,7.05513295890693));
#4993=CARTESIAN_POINT('',(43.6346181320536,13.5546962924411,7.05513295890693));
#4994=CARTESIAN_POINT('',(43.6655702062628,13.9534969558084,7.05513295890693));
#4995=CARTESIAN_POINT('',(43.6346181320536,13.5546962924411,7.05513295890693));
#4996=CARTESIAN_POINT('Ctrl Pts',(43.6779818652076,13.9525336510198,6.87099221904296));
#4997=CARTESIAN_POINT('Ctrl Pts',(43.6470297909984,13.5537329876525,6.87099221904296));
#4998=CARTESIAN_POINT('Ctrl Pts',(43.6744726258964,13.9528060132437,6.89567523607135));
#4999=CARTESIAN_POINT('Ctrl Pts',(43.6435205516872,13.5540053498765,6.89567523607135));
#5000=CARTESIAN_POINT('Ctrl Pts',(43.6657956130703,13.9534794613334,6.95670694019485));
#5001=CARTESIAN_POINT('Ctrl Pts',(43.6348435388611,13.5546787979661,6.95670694019485));
#5002=CARTESIAN_POINT('Ctrl Pts',(43.6656543427241,13.953490425734,7.01839397571522));
#5003=CARTESIAN_POINT('Ctrl Pts',(43.6347022685149,13.5546897623667,7.01839397571522));
#5004=CARTESIAN_POINT('Ctrl Pts',(43.6655702062628,13.9534969558084,7.05513295890693));
#5005=CARTESIAN_POINT('Ctrl Pts',(43.6346181320536,13.5546962924411,7.05513295890693));
#5006=CARTESIAN_POINT('',(43.6470297909984,13.5537329876525,6.87099221904296));
#5007=CARTESIAN_POINT('',(43.6779818652076,13.9525336510198,6.87099221904296));
#5008=CARTESIAN_POINT('Ctrl Pts',(43.6470297909984,13.5537329876525,6.87099221904296));
#5009=CARTESIAN_POINT('Ctrl Pts',(43.6435205516872,13.5540053498764,6.89567523607135));
#5010=CARTESIAN_POINT('Ctrl Pts',(43.6348435388611,13.5546787979661,6.95670694019485));
#5011=CARTESIAN_POINT('Ctrl Pts',(43.6347022685149,13.5546897623667,7.01839397571522));
#5012=CARTESIAN_POINT('Ctrl Pts',(43.6346181320536,13.5546962924411,7.05513295890693));
#5013=CARTESIAN_POINT('Ctrl Pts',(43.7447078391133,13.9473548549802,6.72025674243515));
#5014=CARTESIAN_POINT('Ctrl Pts',(43.7137557649041,13.548554191613,6.72025674243515));
#5015=CARTESIAN_POINT('Ctrl Pts',(43.7300706389668,13.9484908904655,6.74466906723125));
#5016=CARTESIAN_POINT('Ctrl Pts',(43.6991185647576,13.5496902270983,6.74466906723125));
#5017=CARTESIAN_POINT('Ctrl Pts',(43.7015977300709,13.9507007553681,6.79215696743745));
#5018=CARTESIAN_POINT('Ctrl Pts',(43.6706456558618,13.5519000920009,6.79215696743745));
#5019=CARTESIAN_POINT('Ctrl Pts',(43.6857046944159,13.9519342598835,6.84521161827878));
#5020=CARTESIAN_POINT('Ctrl Pts',(43.6547526202067,13.5531335965163,6.84521161827878));
#5021=CARTESIAN_POINT('Ctrl Pts',(43.6779818652076,13.9525336510198,6.87099221904296));
#5022=CARTESIAN_POINT('Ctrl Pts',(43.6470297909984,13.5537329876525,6.87099221904296));
#5023=CARTESIAN_POINT('',(43.7137557649041,13.548554191613,6.72025674243515));
#5024=CARTESIAN_POINT('',(43.7447078391133,13.9473548549802,6.72025674243515));
#5025=CARTESIAN_POINT('Ctrl Pts',(43.7137557649041,13.548554191613,6.72025674243515));
#5026=CARTESIAN_POINT('Ctrl Pts',(43.6991185647576,13.5496902270983,6.74466906723125));
#5027=CARTESIAN_POINT('Ctrl Pts',(43.6706456558618,13.5519000920009,6.79215696743745));
#5028=CARTESIAN_POINT('Ctrl Pts',(43.6547526202067,13.5531335965163,6.84521161827878));
#5029=CARTESIAN_POINT('Ctrl Pts',(43.6470297909984,13.5537329876525,6.87099221904296));
#5030=CARTESIAN_POINT('Ctrl Pts',(43.9117929843111,13.9343868930673,6.55274777227009));
#5031=CARTESIAN_POINT('Ctrl Pts',(43.8808409101019,13.5355862297,6.55274777227009));
#5032=CARTESIAN_POINT('Ctrl Pts',(43.8765510920433,13.9371221183689,6.5808701030756));
#5033=CARTESIAN_POINT('Ctrl Pts',(43.8455990178341,13.5383214550017,6.5808701030756));
#5034=CARTESIAN_POINT('Ctrl Pts',(43.8144561647477,13.9419414854718,6.63042062304989));
#5035=CARTESIAN_POINT('Ctrl Pts',(43.7835040905385,13.5431408221046,6.63042062304989));
#5036=CARTESIAN_POINT('Ctrl Pts',(43.7657645804086,13.9457205803186,6.69313557633313));
#5037=CARTESIAN_POINT('Ctrl Pts',(43.7348125061994,13.5469199169514,6.69313557633313));
#5038=CARTESIAN_POINT('Ctrl Pts',(43.7447078391133,13.9473548549802,6.72025674243515));
#5039=CARTESIAN_POINT('Ctrl Pts',(43.7137557649041,13.548554191613,6.72025674243515));
#5040=CARTESIAN_POINT('',(43.8808409101019,13.5355862297,6.55274777227009));
#5041=CARTESIAN_POINT('',(43.9117929843111,13.9343868930673,6.55274777227009));
#5042=CARTESIAN_POINT('Ctrl Pts',(43.8808409101019,13.5355862297,6.55274777227009));
#5043=CARTESIAN_POINT('Ctrl Pts',(43.8455990178341,13.5383214550016,6.5808701030756));
#5044=CARTESIAN_POINT('Ctrl Pts',(43.7835040905385,13.5431408221046,6.63042062304989));
#5045=CARTESIAN_POINT('Ctrl Pts',(43.7348125061994,13.5469199169514,6.69313557633313));
#5046=CARTESIAN_POINT('Ctrl Pts',(43.7137557649041,13.548554191613,6.72025674243515));
#5047=CARTESIAN_POINT('Ctrl Pts',(44.2558949520504,13.9076801430056,6.31496114738437));
#5048=CARTESIAN_POINT('Ctrl Pts',(44.2249428778413,13.5088794796383,6.31496114738437));
#5049=CARTESIAN_POINT('Ctrl Pts',(44.189179866141,13.9128580939962,6.35800865358041));
#5050=CARTESIAN_POINT('Ctrl Pts',(44.1582277919318,13.5140574306289,6.35800865358041));
#5051=CARTESIAN_POINT('Ctrl Pts',(44.0719680373227,13.921955243417,6.43363887811702));
#5052=CARTESIAN_POINT('Ctrl Pts',(44.0410159631135,13.5231545800498,6.43363887811702));
#5053=CARTESIAN_POINT('Ctrl Pts',(43.9600213985719,13.9306437461914,6.51688430301345));
#5054=CARTESIAN_POINT('Ctrl Pts',(43.9290693243628,13.5318430828241,6.51688430301345));
#5055=CARTESIAN_POINT('Ctrl Pts',(43.9117929843111,13.9343868930673,6.55274777227009));
#5056=CARTESIAN_POINT('Ctrl Pts',(43.8808409101019,13.5355862297,6.55274777227009));
#5057=CARTESIAN_POINT('',(44.2249428778413,13.5088794796383,6.31496114738437));
#5058=CARTESIAN_POINT('',(44.2558949520504,13.9076801430056,6.31496114738437));
#5059=CARTESIAN_POINT('Ctrl Pts',(44.2249428778413,13.5088794796383,6.31496114738437));
#5060=CARTESIAN_POINT('Ctrl Pts',(44.1582277919318,13.5140574306289,6.35800865358041));
#5061=CARTESIAN_POINT('Ctrl Pts',(44.0410159631135,13.5231545800498,6.43363887811702));
#5062=CARTESIAN_POINT('Ctrl Pts',(43.9290693243628,13.5318430828241,6.51688430301345));
#5063=CARTESIAN_POINT('Ctrl Pts',(43.8808409101019,13.5355862297,6.55274777227009));
#5064=CARTESIAN_POINT('Origin',(44.7753730834957,13.8673619410779,5.98557595188717));
#5065=CARTESIAN_POINT('',(44.7444210092865,13.4685612777106,5.98557595188717));
#5066=CARTESIAN_POINT('',(44.7753730834957,13.8673619410779,5.98557595188717));
#5067=CARTESIAN_POINT('',(44.7444210092865,13.4685612777106,5.98557595188717));
#5068=CARTESIAN_POINT('Origin',(44.7765260409055,13.8672724567149,5.56947932182679));
#5069=CARTESIAN_POINT('',(44.7455739666963,13.4684717933477,5.56947932182679));
#5070=CARTESIAN_POINT('',(44.7765260409055,13.8672724567149,5.56947932182679));
#5071=CARTESIAN_POINT('',(44.7455739666963,13.4684717933477,5.56947932182679));
#5072=CARTESIAN_POINT('Origin',(44.0969409352598,13.9200170244992,6.00244301835397));
#5073=CARTESIAN_POINT('',(44.0659888610507,13.521216361132,6.00244301835397));
#5074=CARTESIAN_POINT('',(44.0969409352598,13.9200170244992,6.00244301835397));
#5075=CARTESIAN_POINT('',(44.0659888610507,13.521216361132,6.00244301835397));
#5076=CARTESIAN_POINT('Ctrl Pts',(43.7646410704907,13.9458077791765,6.27607464154725));
#5077=CARTESIAN_POINT('Ctrl Pts',(43.7336889962815,13.5470071158092,6.27607464154725));
#5078=CARTESIAN_POINT('Ctrl Pts',(43.8132000128874,13.9420389790549,6.22759374133803));
#5079=CARTESIAN_POINT('Ctrl Pts',(43.7822479386782,13.5432383156877,6.22759374133803));
#5080=CARTESIAN_POINT('Ctrl Pts',(43.9152086694425,13.9341217918541,6.12574902943064));
#5081=CARTESIAN_POINT('Ctrl Pts',(43.8842565952333,13.5353211284869,6.12574902943064));
#5082=CARTESIAN_POINT('Ctrl Pts',(44.0344577275901,13.9248665271663,6.04483810467713));
#5083=CARTESIAN_POINT('Ctrl Pts',(44.0035056533809,13.526065863799,6.04483810467713));
#5084=CARTESIAN_POINT('Ctrl Pts',(44.0969409352598,13.9200170244992,6.00244301835397));
#5085=CARTESIAN_POINT('Ctrl Pts',(44.0659888610507,13.521216361132,6.00244301835397));
#5086=CARTESIAN_POINT('',(43.7336889962815,13.5470071158092,6.27607464154725));
#5087=CARTESIAN_POINT('',(43.7646410704907,13.9458077791765,6.27607464154725));
#5088=CARTESIAN_POINT('Ctrl Pts',(43.7336889962815,13.5470071158092,6.27607464154725));
#5089=CARTESIAN_POINT('Ctrl Pts',(43.7822479386782,13.5432383156877,6.22759374133803));
#5090=CARTESIAN_POINT('Ctrl Pts',(43.8842565952333,13.5353211284869,6.12574902943064));
#5091=CARTESIAN_POINT('Ctrl Pts',(44.0035056533809,13.526065863799,6.04483810467713));
#5092=CARTESIAN_POINT('Ctrl Pts',(44.0659888610507,13.521216361132,6.00244301835397));
#5093=CARTESIAN_POINT('Ctrl Pts',(43.639973483709,13.9554835915609,6.47525026732544));
#5094=CARTESIAN_POINT('Ctrl Pts',(43.6090214094999,13.5566829281937,6.47525026732544));
#5095=CARTESIAN_POINT('Ctrl Pts',(43.6594977802067,13.9539682543773,6.43589316851328));
#5096=CARTESIAN_POINT('Ctrl Pts',(43.6285457059975,13.55516759101,6.43589316851328));
#5097=CARTESIAN_POINT('Ctrl Pts',(43.6945128591866,13.9512506327116,6.36530973297207));
#5098=CARTESIAN_POINT('Ctrl Pts',(43.6635607849775,13.5524499693444,6.36530973297207));
#5099=CARTESIAN_POINT('Ctrl Pts',(43.7431318666927,13.947477170763,6.30344416561888));
#5100=CARTESIAN_POINT('Ctrl Pts',(43.7121797924835,13.5486765073958,6.30344416561888));
#5101=CARTESIAN_POINT('Ctrl Pts',(43.7646410704907,13.9458077791765,6.27607464154725));
#5102=CARTESIAN_POINT('Ctrl Pts',(43.7336889962815,13.5470071158092,6.27607464154725));
#5103=CARTESIAN_POINT('',(43.6090214094999,13.5566829281937,6.47525026732544));
#5104=CARTESIAN_POINT('',(43.639973483709,13.9554835915609,6.47525026732544));
#5105=CARTESIAN_POINT('Ctrl Pts',(43.6090214094999,13.5566829281937,6.47525026732544));
#5106=CARTESIAN_POINT('Ctrl Pts',(43.6285457059975,13.55516759101,6.43589316851328));
#5107=CARTESIAN_POINT('Ctrl Pts',(43.6635607849775,13.5524499693444,6.36530973297207));
#5108=CARTESIAN_POINT('Ctrl Pts',(43.7121797924835,13.5486765073958,6.30344416561888));
#5109=CARTESIAN_POINT('Ctrl Pts',(43.7336889962815,13.5470071158092,6.27607464154725));
#5110=CARTESIAN_POINT('Ctrl Pts',(43.4102204261536,13.9733153916066,5.94254779000007));
#5111=CARTESIAN_POINT('Ctrl Pts',(43.3792683519444,13.5745147282394,5.94254779000007));
#5112=CARTESIAN_POINT('Ctrl Pts',(43.465710638556,13.9690086355504,6.01295732935738));
#5113=CARTESIAN_POINT('Ctrl Pts',(43.4347585643469,13.5702079721832,6.01295732935738));
#5114=CARTESIAN_POINT('Ctrl Pts',(43.5889478583881,13.9594438380865,6.16932861547021));
#5115=CARTESIAN_POINT('Ctrl Pts',(43.5579957841789,13.5606431747193,6.16932861547021));
#5116=CARTESIAN_POINT('Ctrl Pts',(43.6218733847256,13.9568883926518,6.36673200527697));
#5117=CARTESIAN_POINT('Ctrl Pts',(43.5909213105164,13.5580877292845,6.36673200527697));
#5118=CARTESIAN_POINT('Ctrl Pts',(43.639973483709,13.9554835915609,6.47525026732544));
#5119=CARTESIAN_POINT('Ctrl Pts',(43.6090214094999,13.5566829281937,6.47525026732544));
#5120=CARTESIAN_POINT('',(43.3792683519444,13.5745147282394,5.94254779000007));
#5121=CARTESIAN_POINT('',(43.4102204261536,13.9733153916066,5.94254779000007));
#5122=CARTESIAN_POINT('Ctrl Pts',(43.3792683519444,13.5745147282394,5.94254779000007));
#5123=CARTESIAN_POINT('Ctrl Pts',(43.4347585643469,13.5702079721832,6.01295732935738));
#5124=CARTESIAN_POINT('Ctrl Pts',(43.5579957841789,13.5606431747193,6.16932861547021));
#5125=CARTESIAN_POINT('Ctrl Pts',(43.5909213105164,13.5580877292845,6.36673200527697));
#5126=CARTESIAN_POINT('Ctrl Pts',(43.6090214094999,13.5566829281937,6.47525026732544));
#5127=CARTESIAN_POINT('Ctrl Pts',(42.9635448342599,14.0079831776403,5.76906452512321));
#5128=CARTESIAN_POINT('Ctrl Pts',(42.9325927600508,13.6091825142731,5.76906452512321));
#5129=CARTESIAN_POINT('Ctrl Pts',(43.0479537162822,14.0014319599011,5.77599745840429));
#5130=CARTESIAN_POINT('Ctrl Pts',(43.0170016420731,13.6026312965338,5.77599745840429));
#5131=CARTESIAN_POINT('Ctrl Pts',(43.2140672989437,13.9885394037697,5.78964121671598));
#5132=CARTESIAN_POINT('Ctrl Pts',(43.1831152247345,13.5897387404025,5.78964121671598));
#5133=CARTESIAN_POINT('Ctrl Pts',(43.3455495216317,13.9783346877608,5.89213510200328));
#5134=CARTESIAN_POINT('Ctrl Pts',(43.3145974474225,13.5795340243936,5.89213510200328));
#5135=CARTESIAN_POINT('Ctrl Pts',(43.4102204261536,13.9733153916066,5.94254779000007));
#5136=CARTESIAN_POINT('Ctrl Pts',(43.3792683519444,13.5745147282394,5.94254779000007));
#5137=CARTESIAN_POINT('',(42.9325927600508,13.6091825142731,5.76906452512321));
#5138=CARTESIAN_POINT('',(42.9635448342599,14.0079831776403,5.76906452512321));
#5139=CARTESIAN_POINT('Ctrl Pts',(42.9325927600508,13.6091825142731,5.76906452512321));
#5140=CARTESIAN_POINT('Ctrl Pts',(43.0170016420731,13.6026312965338,5.77599745840429));
#5141=CARTESIAN_POINT('Ctrl Pts',(43.1831152247345,13.5897387404025,5.78964121671598));
#5142=CARTESIAN_POINT('Ctrl Pts',(43.3145974474225,13.5795340243936,5.89213510200328));
#5143=CARTESIAN_POINT('Ctrl Pts',(43.3792683519444,13.5745147282394,5.94254779000007));
#5144=CARTESIAN_POINT('Ctrl Pts',(42.5875122014031,14.0371681590769,5.87204111615424));
#5145=CARTESIAN_POINT('Ctrl Pts',(42.5565601271939,13.6383674957096,5.87204111615424));
#5146=CARTESIAN_POINT('Ctrl Pts',(42.6460467664657,14.0326251219958,5.84186434888752));
#5147=CARTESIAN_POINT('Ctrl Pts',(42.6150946922566,13.6338244586286,5.84186434888752));
#5148=CARTESIAN_POINT('Ctrl Pts',(42.764129363669,14.0234603897193,5.78098833400235));
#5149=CARTESIAN_POINT('Ctrl Pts',(42.7331772894598,13.6246597263521,5.78098833400235));
#5150=CARTESIAN_POINT('Ctrl Pts',(42.8966937574161,14.0131716832811,5.77306180507991));
#5151=CARTESIAN_POINT('Ctrl Pts',(42.8657416832069,13.6143710199139,5.77306180507991));
#5152=CARTESIAN_POINT('Ctrl Pts',(42.9635448342599,14.0079831776403,5.76906452512321));
#5153=CARTESIAN_POINT('Ctrl Pts',(42.9325927600508,13.6091825142731,5.76906452512321));
#5154=CARTESIAN_POINT('',(42.5565601271939,13.6383674957096,5.87204111615424));
#5155=CARTESIAN_POINT('',(42.5875122014031,14.0371681590769,5.87204111615424));
#5156=CARTESIAN_POINT('Ctrl Pts',(42.5565601271939,13.6383674957096,5.87204111615424));
#5157=CARTESIAN_POINT('Ctrl Pts',(42.6150946922566,13.6338244586286,5.84186434888752));
#5158=CARTESIAN_POINT('Ctrl Pts',(42.7331772894598,13.6246597263521,5.78098833400235));
#5159=CARTESIAN_POINT('Ctrl Pts',(42.8657416832069,13.6143710199139,5.77306180507991));
#5160=CARTESIAN_POINT('Ctrl Pts',(42.9325927600508,13.6091825142731,5.76906452512321));
#5161=CARTESIAN_POINT('Ctrl Pts',(42.349563915716,14.055636014507,6.14934634284689));
#5162=CARTESIAN_POINT('Ctrl Pts',(42.3186118415069,13.6568353511398,6.14934634284689));
#5163=CARTESIAN_POINT('Ctrl Pts',(42.3768986942942,14.0535144831939,6.09404665171764));
#5164=CARTESIAN_POINT('Ctrl Pts',(42.345946620085,13.6547138198266,6.09404665171764));
#5165=CARTESIAN_POINT('Ctrl Pts',(42.4326015794278,14.0491912209913,5.98135679274971));
#5166=CARTESIAN_POINT('Ctrl Pts',(42.4016495052186,13.650390557624,5.98135679274971));
#5167=CARTESIAN_POINT('Ctrl Pts',(42.5352406515799,14.0412251054106,5.90892754629543));
#5168=CARTESIAN_POINT('Ctrl Pts',(42.5042885773707,13.6424244420434,5.90892754629543));
#5169=CARTESIAN_POINT('Ctrl Pts',(42.5875122014031,14.0371681590769,5.87204111615424));
#5170=CARTESIAN_POINT('Ctrl Pts',(42.5565601271939,13.6383674957096,5.87204111615424));
#5171=CARTESIAN_POINT('',(42.3186118415069,13.6568353511398,6.14934634284689));
#5172=CARTESIAN_POINT('',(42.349563915716,14.055636014507,6.14934634284689));
#5173=CARTESIAN_POINT('Ctrl Pts',(42.3186118415069,13.6568353511398,6.14934634284689));
#5174=CARTESIAN_POINT('Ctrl Pts',(42.345946620085,13.6547138198266,6.09404665171764));
#5175=CARTESIAN_POINT('Ctrl Pts',(42.4016495052186,13.650390557624,5.98135679274971));
#5176=CARTESIAN_POINT('Ctrl Pts',(42.5042885773707,13.6424244420434,5.90892754629543));
#5177=CARTESIAN_POINT('Ctrl Pts',(42.5565601271939,13.6383674957096,5.87204111615424));
#5178=CARTESIAN_POINT('Ctrl Pts',(42.280997920644,14.0609576199171,6.65734264835754));
#5179=CARTESIAN_POINT('Ctrl Pts',(42.2500458464349,13.6621569565498,6.65734264835754));
#5180=CARTESIAN_POINT('Ctrl Pts',(42.2820292497002,14.0608775754828,6.55858301572108));
#5181=CARTESIAN_POINT('Ctrl Pts',(42.2510771754911,13.6620769121156,6.55858301572108));
#5182=CARTESIAN_POINT('Ctrl Pts',(42.2838302699076,14.0607377930897,6.38611808517206));
#5183=CARTESIAN_POINT('Ctrl Pts',(42.2528781956984,13.6619371297224,6.38611808517206));
#5184=CARTESIAN_POINT('Ctrl Pts',(42.3298827463989,14.0571635270445,6.22023766026742));
#5185=CARTESIAN_POINT('Ctrl Pts',(42.2989306721897,13.6583628636772,6.22023766026742));
#5186=CARTESIAN_POINT('Ctrl Pts',(42.349563915716,14.055636014507,6.14934634284689));
#5187=CARTESIAN_POINT('Ctrl Pts',(42.3186118415069,13.6568353511398,6.14934634284689));
#5188=CARTESIAN_POINT('',(42.2500458464349,13.6621569565498,6.65734264835754));
#5189=CARTESIAN_POINT('',(42.280997920644,14.0609576199171,6.65734264835754));
#5190=CARTESIAN_POINT('Ctrl Pts',(42.2500458464349,13.6621569565498,6.65734264835754));
#5191=CARTESIAN_POINT('Ctrl Pts',(42.2510771754911,13.6620769121156,6.55858301572108));
#5192=CARTESIAN_POINT('Ctrl Pts',(42.2528781956984,13.6619371297224,6.38611808517206));
#5193=CARTESIAN_POINT('Ctrl Pts',(42.2989306721897,13.6583628636772,6.22023766026742));
#5194=CARTESIAN_POINT('Ctrl Pts',(42.3186118415069,13.6568353511398,6.14934634284689));
#5195=CARTESIAN_POINT('Origin',(42.2779265175117,14.0611960004074,7.76579685665479));
#5196=CARTESIAN_POINT('',(42.2469744433025,13.6623953370402,7.76579685665479));
#5197=CARTESIAN_POINT('',(42.2779265175117,14.0611960004074,7.76579685665479));
#5198=CARTESIAN_POINT('',(42.2469744433025,13.6623953370402,7.76579685665479));
#5199=CARTESIAN_POINT('Origin',(44.7704210374706,13.8677462837085,7.77274488396775));
#5200=CARTESIAN_POINT('',(44.7394689632615,13.4689456203413,7.77274488396775));
#5201=CARTESIAN_POINT('',(44.7704210374706,13.8677462837085,7.77274488396775));
#5202=CARTESIAN_POINT('',(44.7394689632615,13.4689456203413,7.77274488396775));
#5203=CARTESIAN_POINT('Origin',(44.7713377333869,13.8676751362842,7.44191385907644));
#5204=CARTESIAN_POINT('',(44.7403856591778,13.4688744729169,7.44191385907644));
#5205=CARTESIAN_POINT('Origin',(43.5243523691568,13.5632543375735,3.81528849480271));
#5206=CARTESIAN_POINT('Origin',(50.7362776411189,13.4047188785927,10.4768829371192));
#5207=CARTESIAN_POINT('Origin',(50.7362776411189,13.4047188785927,10.4768829371192));
#5208=CARTESIAN_POINT('Origin',(50.7362776411189,13.4047188785927,10.4768829371192));
#5209=CARTESIAN_POINT('Origin',(41.342587547,7.0731170628808,1.9768829371192));
#5210=CARTESIAN_POINT('',(41.342587547,7.0731170628808,1.9768829371192));
#5211=CARTESIAN_POINT('Origin',(34.342587547,7.0731170628808,1.9768829371192));
#5212=CARTESIAN_POINT('',(34.342587547,7.0731170628808,1.9768829371192));
#5213=CARTESIAN_POINT('Origin',(34.342587547,2.0731170628808,1.9768829371192));
#5214=CARTESIAN_POINT('',(31.342587547,6.0731170628808,10.4768829371192));
#5215=CARTESIAN_POINT('Origin',(31.342587547,6.0731170628808,10.4768829371192));
#5216=CARTESIAN_POINT('',(21.837446385569,6.0731170628808,1.9768829371192));
#5217=CARTESIAN_POINT('Origin',(-59.8434627170174,-9.44300592718772,19.4768829371192));
#5218=CARTESIAN_POINT('',(20.4535661764091,12.1187225600218,19.4768829371192));
#5219=CARTESIAN_POINT('',(20.4535661764091,12.1187225600218,19.4768829371192));
#5220=CARTESIAN_POINT('',(23.1566048005108,-4.59431780010819,19.4768829371192));
#5221=CARTESIAN_POINT('Origin',(-59.8434627170174,-9.44300592718772,19.4768829371192));
#5222=CARTESIAN_POINT('',(23.1566048005108,-4.59431780010819,16.4768829371192));
#5223=CARTESIAN_POINT('',(23.1566048005108,-4.59431780010819,19.4768829371192));
#5224=CARTESIAN_POINT('',(22.6618565249606,0.823117062880798,16.4768829371192));
#5225=CARTESIAN_POINT('Origin',(-59.8434627170174,-9.44300592718772,16.4768829371192));
#5226=CARTESIAN_POINT('',(22.6618565249606,0.8231170628808,1.9768829371192));
#5227=CARTESIAN_POINT('',(22.6618565249606,0.823117062880798,19.4768829371192));
#5228=CARTESIAN_POINT('',(23.1566048005108,-4.59431780010821,1.9768829371192));
#5229=CARTESIAN_POINT('Origin',(-59.8434627170174,-9.44300592718772,1.9768829371192));
#5230=CARTESIAN_POINT('',(23.1566048005108,-4.59431780010821,1.9768829371192));
#5231=CARTESIAN_POINT('Origin',(20.175,-4.7560879259192,1.9768829371192));
#5232=CARTESIAN_POINT('',(17.653040342199,-6.35479247787929,1.9768829371192));
#5233=CARTESIAN_POINT('Origin',(20.175,-4.7560879259192,1.9768829371192));
#5234=CARTESIAN_POINT('',(17.653040342199,-6.35479247787929,1.9768829371192));
#5235=CARTESIAN_POINT('Origin',(15.15,10.7231170628808,19.4768829371192));
#5236=CARTESIAN_POINT('',(16.85,10.7231170628808,19.4768829371192));
#5237=CARTESIAN_POINT('',(16.85,10.7231170628808,19.4768829371192));
#5238=CARTESIAN_POINT('Origin',(15.15,10.7231170628808,19.4768829371192));
#5239=CARTESIAN_POINT('Origin',(20.175,-4.7560879259192,19.4768829371192));
#5240=CARTESIAN_POINT('',(17.653040342199,-6.35479247787934,16.4768829371192));
#5241=CARTESIAN_POINT('Origin',(20.175,-4.7560879259192,16.4768829371192));
#5242=CARTESIAN_POINT('',(17.653040342199,-6.35479247787934,19.4768829371192));
#5243=CARTESIAN_POINT('Origin',(20.175,-4.7560879259192,19.4768829371192));
#5244=CARTESIAN_POINT('',(17.653040342199,-6.35479247787934,19.4768829371192));
#5245=CARTESIAN_POINT('Origin',(87.6889240089926,38.450296334434,19.4768829371192));
#5246=CARTESIAN_POINT('',(13.5490807090886,0.823117062880798,16.4768829371192));
#5247=CARTESIAN_POINT('Origin',(87.6889240089926,38.450296334434,16.4768829371192));
#5248=CARTESIAN_POINT('',(10.0379638003464,8.73751519326209,19.4768829371192));
#5249=CARTESIAN_POINT('Origin',(87.6889240089926,38.450296334434,19.4768829371192));
#5250=CARTESIAN_POINT('',(10.0379638003464,8.73751519326209,19.4768829371192));
#5251=CARTESIAN_POINT('',(13.5490807090886,0.8231170628808,1.9768829371192));
#5252=CARTESIAN_POINT('Origin',(87.6889240089926,38.450296334434,1.9768829371192));
#5253=CARTESIAN_POINT('',(13.5490807090886,0.823117062880798,10.4768829371192));
#5254=CARTESIAN_POINT('Origin',(15.15,10.7231170628808,19.4768829371192));
#5255=CARTESIAN_POINT('',(16.3554164803924,16.0731170628808,19.4768829371192));
#5256=CARTESIAN_POINT('Origin',(15.15,10.7231170628808,19.4768829371192));
#5257=CARTESIAN_POINT('',(16.3554164803924,16.0731170628808,19.4768829371192));
#5258=CARTESIAN_POINT('Origin',(15.15,10.7231170628808,19.4768829371192));
#5259=CARTESIAN_POINT('',(13.8299945302772,16.0460029766595,19.4768829371192));
#5260=CARTESIAN_POINT('Origin',(15.15,10.7231170628808,19.4768829371192));
#5261=CARTESIAN_POINT('',(13.8299945302771,16.0460029766595,19.4768829371192));
#5262=CARTESIAN_POINT('Origin',(20.175,-6.55886675061921,16.4768829371192));
#5263=CARTESIAN_POINT('',(15.1791656027,0.823117062880797,16.4768829371192));
#5264=CARTESIAN_POINT('Origin',(10.1833312054,0.823117062880797,16.4768829371192));
#5265=CARTESIAN_POINT('',(18.5059282624803,0.8231170628808,1.9768829371192));
#5266=CARTESIAN_POINT('Origin',(14.35,11.0731170628808,1.9768829371192));
#5267=CARTESIAN_POINT('',(14.35,16.0731170628808,19.4768829371192));
#5268=CARTESIAN_POINT('Origin',(14.35,11.0731170628808,19.4768829371192));
#5269=CARTESIAN_POINT('',(14.35,16.0731170628808,1.9768829371192));
#5270=CARTESIAN_POINT('Origin',(20.175,-4.7560879259192,-0.573117062880804));
#5271=CARTESIAN_POINT('',(20.175000022645,-6.2121296680362,-0.779158804996747));
#5272=CARTESIAN_POINT('Ctrl Pts',(20.1750000227045,-6.2121296688557,-0.779158805816244));
#5273=CARTESIAN_POINT('Ctrl Pts',(20.27251979551,-6.20859124665215,-0.775620385133367));
#5274=CARTESIAN_POINT('Ctrl Pts',(20.3696638405522,-6.1952433821841,-0.772069533529078));
#5275=CARTESIAN_POINT('Ctrl Pts',(20.6534840735367,-6.12646313748592,-0.76161924097966));
#5276=CARTESIAN_POINT('Ctrl Pts',(20.8152697549495,-6.04734231097887,-0.755778123632635));
#5277=CARTESIAN_POINT('Ctrl Pts',(21.0976496954446,-5.85308095641361,-0.744517828292577));
#5278=CARTESIAN_POINT('Ctrl Pts',(21.2279824029845,-5.7188626582648,-0.737837101207944));
#5279=CARTESIAN_POINT('Ctrl Pts',(21.4276576985579,-5.40951504334624,-0.724081535590145));
#5280=CARTESIAN_POINT('Ctrl Pts',(21.4958339074973,-5.23788649455831,-0.717143618003721));
#5281=CARTESIAN_POINT('Ctrl Pts',(21.5566189890289,-4.90954749398863,-0.705020019825653));
#5282=CARTESIAN_POINT('Ctrl Pts',(21.5667470226958,-4.72175643213596,-0.699115668800817));
#5283=CARTESIAN_POINT('Ctrl Pts',(21.4864044348216,-4.35124134420964,-0.685355854006868));
#5284=CARTESIAN_POINT('Ctrl Pts',(21.4208027155082,-4.19567026630342,-0.678888596939896));
#5285=CARTESIAN_POINT('Ctrl Pts',(21.2290589059956,-3.90592374517727,-0.665297405411231));
#5286=CARTESIAN_POINT('Ctrl Pts',(21.1006324338258,-3.77716362704513,-0.65829601110068));
#5287=CARTESIAN_POINT('Ctrl Pts',(20.8061800550558,-3.58119535431466,-0.645484099661172));
#5288=CARTESIAN_POINT('Ctrl Pts',(20.6449291500105,-3.51412280108458,-0.639559754463083));
#5289=CARTESIAN_POINT('Ctrl Pts',(20.3125327767745,-3.44984158136554,-0.626272809534853));
#5290=CARTESIAN_POINT('Ctrl Pts',(20.146678954436,-3.44960471899127,-0.619545191198181));
#5291=CARTESIAN_POINT('Ctrl Pts',(19.782947549701,-3.51887208043264,-0.60455581658506));
#5292=CARTESIAN_POINT('Ctrl Pts',(19.6240962435774,-3.59899676743514,-0.597963789228959));
#5293=CARTESIAN_POINT('Ctrl Pts',(19.4420311571841,-3.71909109862161,-0.590009608042877));
#5294=CARTESIAN_POINT('Ctrl Pts',(19.3745132525111,-3.77460028973239,-0.58664870122218));
#5295=CARTESIAN_POINT('Ctrl Pts',(19.2563014537356,-3.89464595163252,-0.579893646438303));
#5296=CARTESIAN_POINT('Ctrl Pts',(19.2050730855167,-3.95803141105659,-0.576533430328589));
#5297=CARTESIAN_POINT('Ctrl Pts',(19.1603945037909,-4.02596760221487,-0.573117062890344));
#5298=CARTESIAN_POINT('Ctrl Pts',(18.8377515624177,-4.03214652862459,-0.84375000035417));
#5299=CARTESIAN_POINT('Ctrl Pts',(18.7786603102544,-4.18572798220684,-0.822598092696589));
#5300=CARTESIAN_POINT('Ctrl Pts',(18.7450185280187,-4.34789437488298,-0.801224119880217));
#5301=CARTESIAN_POINT('Ctrl Pts',(18.7332577017003,-4.6286165073409,-0.765873306865823));
#5302=CARTESIAN_POINT('Ctrl Pts',(18.7374049492012,-4.80945612967139,-0.745769568537343));
#5303=CARTESIAN_POINT('Ctrl Pts',(18.8559523231425,-5.16870412544189,-0.695730510695992));
#5304=CARTESIAN_POINT('Ctrl Pts',(18.935074063569,-5.31243804378502,-0.672593092576561));
#5305=CARTESIAN_POINT('Ctrl Pts',(19.147380480824,-5.57072122403533,-0.623409888758032));
#5306=CARTESIAN_POINT('Ctrl Pts',(19.2813656345182,-5.68071543989491,-0.597708398675078));
#5307=CARTESIAN_POINT('Ctrl Pts',(19.4328432763026,-5.7619226029104,-0.573117062867707));
#5308=CARTESIAN_POINT('Ctrl Pts',(18.7218903572328,-5.20419159386493,-0.843750000550267));
#5309=CARTESIAN_POINT('Ctrl Pts',(18.7756046402621,-5.35949827572992,-0.838187021731133));
#5310=CARTESIAN_POINT('Ctrl Pts',(18.8543418266502,-5.50498000355991,-0.832423838437537));
#5311=CARTESIAN_POINT('Ctrl Pts',(19.0681235073593,-5.78090443414844,-0.820228614481818));
#5312=CARTESIAN_POINT('Ctrl Pts',(19.2071383069731,-5.90490818618022,-0.813904803315149));
#5313=CARTESIAN_POINT('Ctrl Pts',(19.5606192079499,-6.11928952925917,-0.800799963056535));
#5314=CARTESIAN_POINT('Ctrl Pts',(19.7500152497195,-6.17349598611774,-0.794440073371356));
#5315=CARTESIAN_POINT('Ctrl Pts',(19.995247802729,-6.21033786661886,-0.785658947082591));
#5316=CARTESIAN_POINT('Ctrl Pts',(20.0852829143636,-6.21538497800028,-0.782414113561829));
#5317=CARTESIAN_POINT('Ctrl Pts',(20.1750000227045,-6.2121296688557,-0.779158805816244));
#5318=CARTESIAN_POINT('',(20.175,-6.0060879259192,-0.573117062880804));
#5319=CARTESIAN_POINT('Origin',(20.175,-4.7560879259192,1.9768829371192));
#5320=CARTESIAN_POINT('Ctrl Pts',(20.175,-3.5060879259192,-0.148117062910174));
#5321=CARTESIAN_POINT('Ctrl Pts',(20.1020990470933,-3.5060879259192,-0.143256999378977));
#5322=CARTESIAN_POINT('Ctrl Pts',(20.0291663100182,-3.51246530581671,-0.138394816903441));
#5323=CARTESIAN_POINT('Ctrl Pts',(19.7933085229646,-3.55423033591069,-0.122670964421396));
#5324=CARTESIAN_POINT('Ctrl Pts',(19.6370565654092,-3.61559001072375,-0.112698959558568));
#5325=CARTESIAN_POINT('Ctrl Pts',(19.3631927208013,-3.79225341671687,-0.0933704982486011));
#5326=CARTESIAN_POINT('Ctrl Pts',(19.2468404851034,-3.90373456130494,-0.0830557235121115));
#5327=CARTESIAN_POINT('Ctrl Pts',(19.0588011256469,-4.16947019509924,-0.0614454908964801));
#5328=CARTESIAN_POINT('Ctrl Pts',(18.9908781222021,-4.3226307020968,-0.0503386647864901));
#5329=CARTESIAN_POINT('Ctrl Pts',(18.9199326813191,-4.64147295935558,-0.0295654504435666));
#5330=CARTESIAN_POINT('Ctrl Pts',(18.9156058517461,-4.80357295863604,-0.0206886515107868));
#5331=CARTESIAN_POINT('Ctrl Pts',(18.9687155778026,-5.12143445479367,-0.000566585256824292));
#5332=CARTESIAN_POINT('Ctrl Pts',(19.0259769732671,-5.27409638922381,0.0101560688243613));
#5333=CARTESIAN_POINT('Ctrl Pts',(19.1976279575559,-5.55278945985167,0.0319681202336897));
#5334=CARTESIAN_POINT('Ctrl Pts',(19.3118175630267,-5.67528607564065,0.0428467858186188));
#5335=CARTESIAN_POINT('Ctrl Pts',(19.5753621594532,-5.86425554946753,0.0625417633247938));
#5336=CARTESIAN_POINT('Ctrl Pts',(19.720482060167,-5.93125872347747,0.0715817411293934));
#5337=CARTESIAN_POINT('Ctrl Pts',(20.0329056598366,-6.00868938611049,0.0924099811296863));
#5338=CARTESIAN_POINT('Ctrl Pts',(20.1976851981782,-6.01651742091233,0.103395283694672));
#5339=CARTESIAN_POINT('Ctrl Pts',(20.5233241375634,-5.96797679306896,0.125104546333017));
#5340=CARTESIAN_POINT('Ctrl Pts',(20.6807830825405,-5.91113777476081,0.135388872478496));
#5341=CARTESIAN_POINT('Ctrl Pts',(20.9587489210335,-5.74280105078871,0.154373325696924));
#5342=CARTESIAN_POINT('Ctrl Pts',(21.0779312312198,-5.63504010471881,0.164567650479527));
#5343=CARTESIAN_POINT('Ctrl Pts',(21.2731443163882,-5.37571346966796,0.186046983552831));
#5344=CARTESIAN_POINT('Ctrl Pts',(21.3454141444291,-5.22512338524467,0.197150300390666));
#5345=CARTESIAN_POINT('Ctrl Pts',(21.4262242760616,-4.90808449207285,0.218148220474723));
#5346=CARTESIAN_POINT('Ctrl Pts',(21.4353728132916,-4.74512103907102,0.227170350185943));
#5347=CARTESIAN_POINT('Ctrl Pts',(21.3911599703873,-4.42531547897252,0.247108094243542));
#5348=CARTESIAN_POINT('Ctrl Pts',(21.338454530367,-4.27151242893252,0.257744765475725));
#5349=CARTESIAN_POINT('Ctrl Pts',(21.1744288346039,-3.98687856956617,0.27964563218237));
#5350=CARTESIAN_POINT('Ctrl Pts',(21.0624971905264,-3.86003673012211,0.29069990398413));
#5351=CARTESIAN_POINT('Ctrl Pts',(20.8023172476349,-3.66331652357727,0.310730215126127));
#5352=CARTESIAN_POINT('Ctrl Pts',(20.6587146959348,-3.59260035470159,0.319635290664013));
#5353=CARTESIAN_POINT('Ctrl Pts',(20.3977132629809,-3.52100419566235,0.337035386211423));
#5354=CARTESIAN_POINT('Ctrl Pts',(20.2864877109883,-3.5060879259192,0.344450423017694));
#5355=CARTESIAN_POINT('Ctrl Pts',(20.175,-3.5060879259192,0.351882937089825));
#5356=CARTESIAN_POINT('Ctrl Pts',(20.175,-3.5060879259192,0.226882935775361));
#5357=CARTESIAN_POINT('Ctrl Pts',(20.287851154107,-3.5060879259192,0.219359525504262));
#5358=CARTESIAN_POINT('Ctrl Pts',(20.4004213343261,-3.52137130075047,0.211854846828351));
#5359=CARTESIAN_POINT('Ctrl Pts',(20.6625391175023,-3.59419230974684,0.194380327968648));
#5360=CARTESIAN_POINT('Ctrl Pts',(20.8059440201503,-3.66540052232368,0.185489001753231));
#5361=CARTESIAN_POINT('Ctrl Pts',(21.0654507708878,-3.86298242805916,0.165431380050421));
#5362=CARTESIAN_POINT('Ctrl Pts',(21.1769270141046,-3.99014760032308,0.15437362061803));
#5363=CARTESIAN_POINT('Ctrl Pts',(21.3399832394247,-4.27521600140418,0.132479981272066));
#5364=CARTESIAN_POINT('Ctrl Pts',(21.3921862356121,-4.42913643020217,0.121853281288734));
#5365=CARTESIAN_POINT('Ctrl Pts',(21.4354174496438,-4.74915226966372,0.10193611769798));
#5366=CARTESIAN_POINT('Ctrl Pts',(21.4257319860501,-4.91221425368144,0.092893377531103));
#5367=CARTESIAN_POINT('Ctrl Pts',(21.3438271019446,-5.22904501048902,0.0718709824660035));
#5368=CARTESIAN_POINT('Ctrl Pts',(21.2710804937813,-5.37934250659401,0.0607686655439477));
#5369=CARTESIAN_POINT('Ctrl Pts',(21.0750842383359,-5.63794624711185,0.0393049631061515));
#5370=CARTESIAN_POINT('Ctrl Pts',(20.9555950457483,-5.74528998691095,0.0291244963102749));
#5371=CARTESIAN_POINT('Ctrl Pts',(20.6771520796959,-5.91271944205744,0.0101765200051251));
#5372=CARTESIAN_POINT('Ctrl Pts',(20.5195216172783,-5.96906270530384,-0.000148956465614303));
#5373=CARTESIAN_POINT('Ctrl Pts',(20.1937854751839,-6.01657513190768,-0.021864699272916));
#5374=CARTESIAN_POINT('Ctrl Pts',(20.0290814434637,-6.00824327373111,-0.0328449680475768));
#5375=CARTESIAN_POINT('Ctrl Pts',(19.7169213642619,-5.92987797532291,-0.0536556399683441));
#5376=CARTESIAN_POINT('Ctrl Pts',(19.5719873837663,-5.86242588054231,-0.0626763665103569));
#5377=CARTESIAN_POINT('Ctrl Pts',(19.3090037771284,-5.67263599930929,-0.082400010652996));
#5378=CARTESIAN_POINT('Ctrl Pts',(19.1951885616564,-5.54978806289931,-0.0932864800895455));
#5379=CARTESIAN_POINT('Ctrl Pts',(19.024417339383,-5.27060787229307,-0.115097329994233));
#5380=CARTESIAN_POINT('Ctrl Pts',(18.967633056429,-5.11781991691874,-0.125811356146365));
#5381=CARTESIAN_POINT('Ctrl Pts',(18.9154549408523,-4.79975161425118,-0.145914308694807));
#5382=CARTESIAN_POINT('Ctrl Pts',(18.9202830230923,-4.63756379168745,-0.154802825786323));
#5383=CARTESIAN_POINT('Ctrl Pts',(18.9922565168683,-4.31890349775062,-0.175599802868207));
#5384=CARTESIAN_POINT('Ctrl Pts',(19.0606366866095,-4.16600525041562,-0.18670672627476));
#5385=CARTESIAN_POINT('Ctrl Pts',(19.2494333108146,-3.90092855679143,-0.208304157108351));
#5386=CARTESIAN_POINT('Ctrl Pts',(19.3660858708196,-3.78983172932271,-0.218606754094967));
#5387=CARTESIAN_POINT('Ctrl Pts',(19.6405851133957,-3.6139058105219,-0.237913816501334));
#5388=CARTESIAN_POINT('Ctrl Pts',(19.7972093352959,-3.55297261606561,-0.247931019911898));
#5389=CARTESIAN_POINT('Ctrl Pts',(20.031990460046,-3.51222031363217,-0.263583094896726));
#5390=CARTESIAN_POINT('Ctrl Pts',(20.1035129735276,-3.5060879259192,-0.268351262461526));
#5391=CARTESIAN_POINT('Ctrl Pts',(20.175,-3.5060879259192,-0.273117064224638));
#5392=CARTESIAN_POINT('Origin',(14.35,11.0731170628808,1.9768829371192));
#5393=CARTESIAN_POINT('Ctrl Pts',(18.925,-4.7560879259192,1.9768829371192));
#5394=CARTESIAN_POINT('Ctrl Pts',(18.9100407470802,-4.6064953968542,1.9768829371192));
#5395=CARTESIAN_POINT('Ctrl Pts',(18.9207804324978,-4.45549033314284,1.9768829371192));
#5396=CARTESIAN_POINT('Ctrl Pts',(18.991990293838,-4.16723816876109,1.9768829371192));
#5397=CARTESIAN_POINT('Ctrl Pts',(19.0506990493132,-4.03184031970914,1.9768829371192));
#5398=CARTESIAN_POINT('Ctrl Pts',(19.2163966099381,-3.77664890603016,1.9768829371192));
#5399=CARTESIAN_POINT('Ctrl Pts',(19.3253290775443,-3.66092460360007,1.97688293715378));
#5400=CARTESIAN_POINT('Ctrl Pts',(19.5434977331526,-3.49949233832392,1.97688293715378));
#5401=CARTESIAN_POINT('Ctrl Pts',(19.6905903163415,-3.40756914135844,1.9768829371191));
#5402=CARTESIAN_POINT('Ctrl Pts',(20.0264731742342,-3.30506892646637,1.9768829371191));
#5403=CARTESIAN_POINT('Ctrl Pts',(20.1661857659457,-3.28368207521999,1.9768829371192));
#5404=CARTESIAN_POINT('Ctrl Pts',(20.4553475495769,-3.28146734979281,1.9768829371192));
#5405=CARTESIAN_POINT('Ctrl Pts',(20.6031784921991,-3.30300348521007,1.9768829371192));
#5406=CARTESIAN_POINT('Ctrl Pts',(20.7452373390624,-3.34642345963277,1.9768829371192));
#5407=CARTESIAN_POINT('Ctrl Pts',(21.5766174675169,-4.16634814821472,1.9768829371192));
#5408=CARTESIAN_POINT('Ctrl Pts',(21.6167151995917,-4.29399338522872,1.9768829371192));
#5409=CARTESIAN_POINT('Ctrl Pts',(21.6399132156932,-4.42632676733072,1.9768829371192));
#5410=CARTESIAN_POINT('Ctrl Pts',(21.6500121538482,-4.66184849860227,1.9768829371192));
#5411=CARTESIAN_POINT('Ctrl Pts',(21.6470074462272,-4.80750493319448,1.97688293712512));
#5412=CARTESIAN_POINT('Ctrl Pts',(21.5603527118131,-5.15387645388835,1.97688293712512));
#5413=CARTESIAN_POINT('Ctrl Pts',(21.4809766001581,-5.32138312130233,1.9768829371192));
#5414=CARTESIAN_POINT('Ctrl Pts',(21.2623885368035,-5.61468192123125,1.9768829371192));
#5415=CARTESIAN_POINT('Ctrl Pts',(21.1258283472636,-5.73784558318725,1.9768829371192));
#5416=CARTESIAN_POINT('Ctrl Pts',(20.85569128835,-5.89891688713089,1.9768829371192));
#5417=CARTESIAN_POINT('Ctrl Pts',(20.7206257466979,-5.95803387265274,1.9768829371192));
#5418=CARTESIAN_POINT('Ctrl Pts',(20.4355854383556,-6.01550815197773,1.9768829371192));
#5419=CARTESIAN_POINT('Ctrl Pts',(20.3045284922302,-6.02104458292721,1.9768829371192));
#5420=CARTESIAN_POINT('Ctrl Pts',(20.175000024085,-6.00608792627271,1.9768829371192));
#5421=CARTESIAN_POINT('Origin',(14.35,16.0731170628808,1.9768829371192));
#5422=CARTESIAN_POINT('',(28.3240774173,16.0731170628808,19.4768829371192));
#5423=CARTESIAN_POINT('Origin',(20.175000000087,-4.7560879259192,2.1643829364192));
#5424=CARTESIAN_POINT('Ctrl Pts',(21.695632937674,-4.7560879259192,1.88313293651967));
#5425=CARTESIAN_POINT('Ctrl Pts',(21.695632937674,-4.85229346972084,1.87856705024079));
#5426=CARTESIAN_POINT('Ctrl Pts',(21.6865047168677,-4.94848969621298,1.87375148495876));
#5427=CARTESIAN_POINT('Ctrl Pts',(21.6310502803635,-5.2367077385589,1.8585532431843));
#5428=CARTESIAN_POINT('Ctrl Pts',(21.556671880273,-5.42095560921691,1.84777086151871));
#5429=CARTESIAN_POINT('Ctrl Pts',(21.3392748877205,-5.75479335608026,1.82597015516851));
#5430=CARTESIAN_POINT('Ctrl Pts',(21.1967817901408,-5.90017368333255,1.81516601343308));
#5431=CARTESIAN_POINT('Ctrl Pts',(20.8708897085011,-6.12178021351689,1.79571890705798));
#5432=CARTESIAN_POINT('Ctrl Pts',(20.692599889222,-6.1988239613124,1.78649831190906));
#5433=CARTESIAN_POINT('Ctrl Pts',(20.3102453706025,-6.28372805186711,1.76554461835413));
#5434=CARTESIAN_POINT('Ctrl Pts',(20.1092578030442,-6.2882927612387,1.75453014960558));
#5435=CARTESIAN_POINT('Ctrl Pts',(19.7138031077089,-6.21915330073596,1.73285854357962));
#5436=CARTESIAN_POINT('Ctrl Pts',(19.5234925433821,-6.14488899061393,1.7228598140127));
#5437=CARTESIAN_POINT('Ctrl Pts',(19.1899886194223,-5.93071633611855,1.70355694603299));
#5438=CARTESIAN_POINT('Ctrl Pts',(19.0482736050805,-5.79554218412543,1.6932585064608));
#5439=CARTESIAN_POINT('Ctrl Pts',(18.8189439982218,-5.47309243477323,1.67167130699816));
#5440=CARTESIAN_POINT('Ctrl Pts',(18.7359138722367,-5.28714698461481,1.660571293871));
#5441=CARTESIAN_POINT('Ctrl Pts',(18.6485901443091,-4.89969141055496,1.63979002219387));
#5442=CARTESIAN_POINT('Ctrl Pts',(18.6427877064607,-4.7024956611665,1.63090674803285));
#5443=CARTESIAN_POINT('Ctrl Pts',(18.7063080567023,-4.31584564162055,1.6108159410584));
#5444=CARTESIAN_POINT('Ctrl Pts',(18.775351235552,-4.13011755071098,1.60010949829495));
#5445=CARTESIAN_POINT('Ctrl Pts',(18.9829519467877,-3.79069608522187,1.5783122169834));
#5446=CARTESIAN_POINT('Ctrl Pts',(19.1212975945055,-3.64132756995682,1.56743244078674));
#5447=CARTESIAN_POINT('Ctrl Pts',(19.4409432907759,-3.41050354723388,1.54771903139858));
#5448=CARTESIAN_POINT('Ctrl Pts',(19.6171236082804,-3.32842491587486,1.5387055343596));
#5449=CARTESIAN_POINT('Ctrl Pts',(19.9965422550943,-3.23296376621121,1.5179127317149));
#5450=CARTESIAN_POINT('Ctrl Pts',(20.1967430298879,-3.22270043099242,1.50694138059217));
#5451=CARTESIAN_POINT('Ctrl Pts',(20.5927546642509,-3.28013178348044,1.4852392533622));
#5452=CARTESIAN_POINT('Ctrl Pts',(20.7844654153626,-3.34844205987905,1.47490617122019));
#5453=CARTESIAN_POINT('Ctrl Pts',(21.1231824273382,-3.55162839370727,1.45598186760025));
#5454=CARTESIAN_POINT('Ctrl Pts',(21.2685841160124,-3.68192648542864,1.445813826311));
#5455=CARTESIAN_POINT('Ctrl Pts',(21.507263715845,-3.99596007900715,1.42436985714789));
#5456=CARTESIAN_POINT('Ctrl Pts',(21.5959647834265,-4.17851855846608,1.41327519990414));
#5457=CARTESIAN_POINT('Ctrl Pts',(21.6792267442161,-4.4983962880168,1.3958124484489));
#5458=CARTESIAN_POINT('Ctrl Pts',(21.695632937674,-4.62710610631821,1.38925437504062));
#5459=CARTESIAN_POINT('Ctrl Pts',(21.695632937674,-4.75608792591933,1.38313293651967));
#5460=CARTESIAN_POINT('Ctrl Pts',(21.695632937674,-4.75608792591915,1.94563293631872));
#5461=CARTESIAN_POINT('Ctrl Pts',(21.695632937674,-4.86304453595233,1.94055680765826));
#5462=CARTESIAN_POINT('Ctrl Pts',(21.6843517362813,-4.96981470306995,1.93518041277994));
#5463=CARTESIAN_POINT('Ctrl Pts',(21.6205602809615,-5.26755137806224,1.91930197797659));
#5464=CARTESIAN_POINT('Ctrl Pts',(21.5420928409609,-5.45055651999547,1.90846653258887));
#5465=CARTESIAN_POINT('Ctrl Pts',(21.3172549193873,-5.77990054022793,1.88667520922337));
#5466=CARTESIAN_POINT('Ctrl Pts',(21.1716489022446,-5.92212948537743,1.87593533443254));
#5467=CARTESIAN_POINT('Ctrl Pts',(20.841012473715,-6.13660041870861,1.85669688212527));
#5468=CARTESIAN_POINT('Ctrl Pts',(20.6610475051499,-6.20976347342505,1.84726918615808));
#5469=CARTESIAN_POINT('Ctrl Pts',(20.2764580799134,-6.28640030584004,1.82619301586706));
#5470=CARTESIAN_POINT('Ctrl Pts',(20.0749669216221,-6.28649410227986,1.81515094948345));
#5471=CARTESIAN_POINT('Ctrl Pts',(19.6821854542996,-6.20860506751646,1.79362584102369));
#5472=CARTESIAN_POINT('Ctrl Pts',(19.4948835752927,-6.13089362078417,1.78391168722032));
#5473=CARTESIAN_POINT('Ctrl Pts',(19.1665740557876,-5.91074123468692,1.76446735420261));
#5474=CARTESIAN_POINT('Ctrl Pts',(19.0273398260005,-5.77245535432986,1.75408920860823));
#5475=CARTESIAN_POINT('Ctrl Pts',(18.8042375247224,-5.44468496761556,1.73242012691471));
#5476=CARTESIAN_POINT('Ctrl Pts',(18.7249572761731,-5.25663054930142,1.72132277270916));
#5477=CARTESIAN_POINT('Ctrl Pts',(18.6460179630387,-4.867724741013,1.70070241362738));
#5478=CARTESIAN_POINT('Ctrl Pts',(18.6442980508098,-4.67123674064867,1.69188182428322));
#5479=CARTESIAN_POINT('Ctrl Pts',(18.7154382268934,-4.2862996816456,1.67166352403017));
#5480=CARTESIAN_POINT('Ctrl Pts',(18.7883834546086,-4.10163858398032,1.66090080089935));
#5481=CARTESIAN_POINT('Ctrl Pts',(19.0031585958276,-3.76627000492839,1.63909928270653));
#5482=CARTESIAN_POINT('Ctrl Pts',(19.1445470691771,-3.619804665618,1.6282739142811));
#5483=CARTESIAN_POINT('Ctrl Pts',(19.4687678898304,-3.39571221421982,1.60875462083003));
#5484=CARTESIAN_POINT('Ctrl Pts',(19.6464829249204,-3.31731339453047,1.59959659258994));
#5485=CARTESIAN_POINT('Ctrl Pts',(20.0280509392454,-3.22954884438215,1.5786860008522));
#5486=CARTESIAN_POINT('Ctrl Pts',(20.2288412517662,-3.22343855972782,1.56768234202393));
#5487=CARTESIAN_POINT('Ctrl Pts',(20.6252031767434,-3.28952864201459,1.54596101822329));
#5488=CARTESIAN_POINT('Ctrl Pts',(20.8165648798224,-3.36258972112739,1.53585517399749));
#5489=CARTESIAN_POINT('Ctrl Pts',(21.1518561738304,-3.57469021371361,1.51660167471015));
#5490=CARTESIAN_POINT('Ctrl Pts',(21.2944097255527,-3.70878272687657,1.50633159274625));
#5491=CARTESIAN_POINT('Ctrl Pts',(21.52585557549,-4.02937368964889,1.48477462385032));
#5492=CARTESIAN_POINT('Ctrl Pts',(21.6101648507352,-4.2145763157469,1.47367481513432));
#5493=CARTESIAN_POINT('Ctrl Pts',(21.6823689586453,-4.52428110602243,1.45699786312791));
#5494=CARTESIAN_POINT('Ctrl Pts',(21.695632937674,-4.64011498055598,1.45113697756522));
#5495=CARTESIAN_POINT('Ctrl Pts',(21.695632937674,-4.75608792591924,1.44563293631871));
#5496=CARTESIAN_POINT('Ctrl Pts',(18.925004853897,-4.7560879259192,1.97688013472044));
#5497=CARTESIAN_POINT('Ctrl Pts',(18.925004853897,-4.03440289181796,1.93521346802043));
#5498=CARTESIAN_POINT('Ctrl Pts',(19.5500024269485,-3.67356037471734,1.89354680142044));
#5499=CARTESIAN_POINT('Ctrl Pts',(20.175,-3.31271785771672,1.85188013472044));
#5500=CARTESIAN_POINT('Ctrl Pts',(20.7999975730515,-3.67356037471734,1.81021346802043));
#5501=CARTESIAN_POINT('Ctrl Pts',(21.424995146103,-4.03440289181796,1.76854680142044));
#5502=CARTESIAN_POINT('Ctrl Pts',(21.424995146103,-4.7560879259192,1.72688013472044));
#5503=CARTESIAN_POINT('Ctrl Pts',(21.424995146103,-5.47777295992043,1.68521346802043));
#5504=CARTESIAN_POINT('Ctrl Pts',(20.7999975730515,-5.83861547702106,1.64354680142044));
#5505=CARTESIAN_POINT('Ctrl Pts',(20.175,-6.19945799402168,1.60188013472044));
#5506=CARTESIAN_POINT('Ctrl Pts',(19.5500024269485,-5.83861547702106,1.56021346802043));
#5507=CARTESIAN_POINT('Ctrl Pts',(18.925004853897,-5.47777295992043,1.51854680142044));
#5508=CARTESIAN_POINT('Ctrl Pts',(18.925004853897,-4.7560879259192,1.47688013472044));
#5509=CARTESIAN_POINT('Ctrl Pts',(18.925004853897,-4.03440289181796,1.43521346802043));
#5510=CARTESIAN_POINT('Ctrl Pts',(19.5500024269485,-3.67356037471734,1.39354680142044));
#5511=CARTESIAN_POINT('Ctrl Pts',(20.175,-3.31271785771672,1.35188013472044));
#5512=CARTESIAN_POINT('Ctrl Pts',(20.7999975730515,-3.67356037471734,1.31021346802043));
#5513=CARTESIAN_POINT('Ctrl Pts',(21.424995146103,-4.03440289181796,1.26854680142044));
#5514=CARTESIAN_POINT('Ctrl Pts',(21.424995146103,-4.7560879259192,1.22688013472044));
#5515=CARTESIAN_POINT('Ctrl Pts',(21.424995146103,-5.47777295992043,1.18521346802043));
#5516=CARTESIAN_POINT('Ctrl Pts',(20.7999975730515,-5.83861547702106,1.14354680142044));
#5517=CARTESIAN_POINT('Ctrl Pts',(20.175,-6.19945799402168,1.10188013472044));
#5518=CARTESIAN_POINT('Ctrl Pts',(19.5500024269485,-5.83861547702106,1.06021346802043));
#5519=CARTESIAN_POINT('Ctrl Pts',(18.925004853897,-5.47777295992043,1.01854680142044));
#5520=CARTESIAN_POINT('Ctrl Pts',(18.925004853897,-4.7560879259192,0.976880134720436));
#5521=CARTESIAN_POINT('Ctrl Pts',(18.925004853897,-4.03440289181796,0.935213468020434));
#5522=CARTESIAN_POINT('Ctrl Pts',(19.5500024269485,-3.67356037471734,0.893546801420436));
#5523=CARTESIAN_POINT('Ctrl Pts',(20.175,-3.31271785771672,0.851880134720436));
#5524=CARTESIAN_POINT('Ctrl Pts',(20.7999975730515,-3.67356037471734,0.810213468020434));
#5525=CARTESIAN_POINT('Ctrl Pts',(21.424995146103,-4.03440289181796,0.768546801420437));
#5526=CARTESIAN_POINT('Ctrl Pts',(21.424995146103,-4.7560879259192,0.726880134720436));
#5527=CARTESIAN_POINT('Ctrl Pts',(21.424995146103,-5.47777295992043,0.685213468020434));
#5528=CARTESIAN_POINT('Ctrl Pts',(20.7999975730515,-5.83861547702106,0.643546801420436));
#5529=CARTESIAN_POINT('Ctrl Pts',(20.175,-6.19945799402168,0.601880134720436));
#5530=CARTESIAN_POINT('Ctrl Pts',(19.5500024269485,-5.83861547702106,0.560213468020434));
#5531=CARTESIAN_POINT('Ctrl Pts',(18.925004853897,-5.47777295992043,0.518546801420436));
#5532=CARTESIAN_POINT('Ctrl Pts',(18.925004853897,-4.7560879259192,0.476880134720436));
#5533=CARTESIAN_POINT('Ctrl Pts',(18.925004853897,-4.03440289181796,0.435213468020434));
#5534=CARTESIAN_POINT('Ctrl Pts',(19.5500024269485,-3.67356037471734,0.393546801420436));
#5535=CARTESIAN_POINT('Ctrl Pts',(20.175,-3.31271785771672,0.351880134720436));
#5536=CARTESIAN_POINT('Ctrl Pts',(20.7999975730515,-3.67356037471734,0.310213468020434));
#5537=CARTESIAN_POINT('Ctrl Pts',(21.424995146103,-4.03440289181796,0.268546801420436));
#5538=CARTESIAN_POINT('Ctrl Pts',(21.424995146103,-4.7560879259192,0.226880134720436));
#5539=CARTESIAN_POINT('Ctrl Pts',(21.424995146103,-5.47777295992043,0.185213468020434));
#5540=CARTESIAN_POINT('Ctrl Pts',(20.7999975730515,-5.83861547702106,0.143546801420436));
#5541=CARTESIAN_POINT('Ctrl Pts',(20.175,-6.19945799402168,0.101880134720436));
#5542=CARTESIAN_POINT('Ctrl Pts',(19.5500024269485,-5.83861547702106,0.0602134680204341));
#5543=CARTESIAN_POINT('Ctrl Pts',(18.925004853897,-5.47777295992043,0.018546801420436));
#5544=CARTESIAN_POINT('Ctrl Pts',(18.925004853897,-4.7560879259192,-0.0231198652795639));
#5545=CARTESIAN_POINT('Ctrl Pts',(18.925004853897,-4.03440289181796,-0.0647865319795654));
#5546=CARTESIAN_POINT('Ctrl Pts',(19.5500024269485,-3.67356037471734,-0.106453198579564));
#5547=CARTESIAN_POINT('Ctrl Pts',(20.175,-3.31271785771672,-0.148119865279564));
#5548=CARTESIAN_POINT('Ctrl Pts',(20.7999975730515,-3.67356037471734,-0.189786531979566));
#5549=CARTESIAN_POINT('Ctrl Pts',(21.424995146103,-4.03440289181796,-0.231453198579564));
#5550=CARTESIAN_POINT('Ctrl Pts',(21.424995146103,-4.7560879259192,-0.273119865279564));
#5551=CARTESIAN_POINT('Ctrl Pts',(21.424995146103,-5.47777295992043,-0.314786531979566));
#5552=CARTESIAN_POINT('Ctrl Pts',(20.7999975730515,-5.83861547702106,-0.356453198579564));
#5553=CARTESIAN_POINT('Ctrl Pts',(20.175,-6.19945799402168,-0.398119865279564));
#5554=CARTESIAN_POINT('Ctrl Pts',(19.5500024269485,-5.83861547702106,-0.439786531979566));
#5555=CARTESIAN_POINT('Ctrl Pts',(18.925004853897,-5.47777295992043,-0.481453198579564));
#5556=CARTESIAN_POINT('Ctrl Pts',(18.925004853897,-4.7560879259192,-0.523119865279564));
#5557=CARTESIAN_POINT('Ctrl Pts',(18.925004853897,-4.03440289181796,-0.564786531979566));
#5558=CARTESIAN_POINT('Ctrl Pts',(19.5500024269485,-3.67356037471734,-0.606453198579564));
#5559=CARTESIAN_POINT('Ctrl Pts',(20.175,-3.31271785771672,-0.648119865279564));
#5560=CARTESIAN_POINT('Ctrl Pts',(20.7999975730515,-3.67356037471734,-0.689786531979565));
#5561=CARTESIAN_POINT('Ctrl Pts',(21.424995146103,-4.03440289181796,-0.731453198579564));
#5562=CARTESIAN_POINT('Ctrl Pts',(21.424995146103,-4.7560879259192,-0.773119865279564));
#5563=CARTESIAN_POINT('Ctrl Pts',(21.424995146103,-5.47777295992043,-0.814786531979566));
#5564=CARTESIAN_POINT('Ctrl Pts',(20.7999975730515,-5.83861547702106,-0.856453198579564));
#5565=CARTESIAN_POINT('Ctrl Pts',(20.175,-6.19945799402168,-0.898119865279565));
#5566=CARTESIAN_POINT('Ctrl Pts',(19.5500024269485,-5.83861547702106,-0.939786531979566));
#5567=CARTESIAN_POINT('Ctrl Pts',(18.925004853897,-5.47777295992043,-0.981453198579564));
#5568=CARTESIAN_POINT('Ctrl Pts',(18.925004853897,-4.7560879259192,-1.02311986527956));
#5569=CARTESIAN_POINT('Ctrl Pts',(18.925004853897,-4.03440289181796,-1.06478653197957));
#5570=CARTESIAN_POINT('Ctrl Pts',(19.5500024269485,-3.67356037471734,-1.10645319857956));
#5571=CARTESIAN_POINT('Ctrl Pts',(20.175,-3.31271785771672,-1.14811986527956));
#5572=CARTESIAN_POINT('Ctrl Pts',(20.7999975730515,-3.67356037471734,-1.18978653197957));
#5573=CARTESIAN_POINT('Ctrl Pts',(21.424995146103,-4.03440289181796,-1.23145319857956));
#5574=CARTESIAN_POINT('Ctrl Pts',(21.424995146103,-4.7560879259192,-1.27311986527956));
#5575=CARTESIAN_POINT('Ctrl Pts',(21.424995146103,-5.47777295992043,-1.31478653197957));
#5576=CARTESIAN_POINT('Ctrl Pts',(20.7999975730515,-5.83861547702106,-1.35645319857956));
#5577=CARTESIAN_POINT('Ctrl Pts',(20.175,-6.19945799402168,-1.39811986527956));
#5578=CARTESIAN_POINT('Ctrl Pts',(19.5500024269485,-5.83861547702106,-1.43978653197957));
#5579=CARTESIAN_POINT('Ctrl Pts',(18.925004853897,-5.47777295992043,-1.48145319857956));
#5580=CARTESIAN_POINT('Ctrl Pts',(18.925004853897,-4.7560879259192,-1.52311986527956));
#5581=CARTESIAN_POINT('Ctrl Pts',(18.925004853897,-4.03440289181796,-1.56478653197957));
#5582=CARTESIAN_POINT('Ctrl Pts',(19.5500024269485,-3.67356037471734,-1.60645319857956));
#5583=CARTESIAN_POINT('Ctrl Pts',(20.175,-3.31271785771672,-1.64811986527956));
#5584=CARTESIAN_POINT('Ctrl Pts',(20.7999975730515,-3.67356037471734,-1.68978653197957));
#5585=CARTESIAN_POINT('Ctrl Pts',(21.424995146103,-4.03440289181796,-1.73145319857956));
#5586=CARTESIAN_POINT('Ctrl Pts',(21.424995146103,-4.7560879259192,-1.77311986527956));
#5587=CARTESIAN_POINT('Ctrl Pts',(21.424995146103,-5.47777295992043,-1.81478653197957));
#5588=CARTESIAN_POINT('Ctrl Pts',(20.7999975730515,-5.83861547702106,-1.85645319857956));
#5589=CARTESIAN_POINT('Ctrl Pts',(20.175,-6.19945799402168,-1.89811986527956));
#5590=CARTESIAN_POINT('Ctrl Pts',(19.5500024269485,-5.83861547702106,-1.93978653197957));
#5591=CARTESIAN_POINT('Ctrl Pts',(18.925004853897,-5.47777295992043,-1.98145319857956));
#5592=CARTESIAN_POINT('Ctrl Pts',(18.925004853897,-4.7560879259192,-2.02311986527956));
#5593=CARTESIAN_POINT('Ctrl Pts',(18.925004853897,-4.03440289181796,-2.06478653197957));
#5594=CARTESIAN_POINT('Ctrl Pts',(19.5500024269485,-3.67356037471734,-2.10645319857956));
#5595=CARTESIAN_POINT('Ctrl Pts',(20.175,-3.31271785771672,-2.14811986527956));
#5596=CARTESIAN_POINT('Ctrl Pts',(20.7999975730515,-3.67356037471734,-2.18978653197957));
#5597=CARTESIAN_POINT('Ctrl Pts',(21.424995146103,-4.03440289181796,-2.23145319857956));
#5598=CARTESIAN_POINT('Ctrl Pts',(21.424995146103,-4.7560879259192,-2.27311986527956));
#5599=CARTESIAN_POINT('Ctrl Pts',(21.424995146103,-5.47777295992043,-2.31478653197957));
#5600=CARTESIAN_POINT('Ctrl Pts',(20.7999975730515,-5.83861547702106,-2.35645319857956));
#5601=CARTESIAN_POINT('Ctrl Pts',(20.175,-6.19945799402168,-2.39811986527956));
#5602=CARTESIAN_POINT('Ctrl Pts',(19.5500024269485,-5.83861547702106,-2.43978653197957));
#5603=CARTESIAN_POINT('Ctrl Pts',(18.925004853897,-5.47777295992043,-2.48145319857956));
#5604=CARTESIAN_POINT('Ctrl Pts',(18.925004853897,-4.7560879259192,-2.52311986527956));
#5605=CARTESIAN_POINT('Ctrl Pts',(18.925004853897,-4.03440289181796,-2.56478653197957));
#5606=CARTESIAN_POINT('Ctrl Pts',(19.5500024269485,-3.67356037471734,-2.60645319857956));
#5607=CARTESIAN_POINT('Ctrl Pts',(20.175,-3.31271785771672,-2.64811986527956));
#5608=CARTESIAN_POINT('Ctrl Pts',(20.7999975730515,-3.67356037471734,-2.68978653197957));
#5609=CARTESIAN_POINT('Ctrl Pts',(21.424995146103,-4.03440289181796,-2.73145319857956));
#5610=CARTESIAN_POINT('Ctrl Pts',(21.424995146103,-4.7560879259192,-2.77311986527956));
#5611=CARTESIAN_POINT('Ctrl Pts',(21.424995146103,-5.47777295992043,-2.81478653197957));
#5612=CARTESIAN_POINT('Ctrl Pts',(20.7999975730515,-5.83861547702106,-2.85645319857956));
#5613=CARTESIAN_POINT('Ctrl Pts',(20.175,-6.19945799402168,-2.89811986527956));
#5614=CARTESIAN_POINT('Ctrl Pts',(19.5500024269485,-5.83861547702106,-2.93978653197957));
#5615=CARTESIAN_POINT('Ctrl Pts',(18.925004853897,-5.47777295992043,-2.98145319857956));
#5616=CARTESIAN_POINT('Ctrl Pts',(18.925004853897,-4.7560879259192,-3.02311986527956));
#5617=CARTESIAN_POINT('Ctrl Pts',(18.925004853897,-4.03440289181796,-3.06478653197957));
#5618=CARTESIAN_POINT('Ctrl Pts',(19.5500024269485,-3.67356037471734,-3.10645319857956));
#5619=CARTESIAN_POINT('Ctrl Pts',(20.175,-3.31271785771672,-3.14811986527956));
#5620=CARTESIAN_POINT('Ctrl Pts',(20.7999975730515,-3.67356037471734,-3.18978653197957));
#5621=CARTESIAN_POINT('Ctrl Pts',(21.424995146103,-4.03440289181796,-3.23145319857956));
#5622=CARTESIAN_POINT('Ctrl Pts',(21.424995146103,-4.7560879259192,-3.27311986527956));
#5623=CARTESIAN_POINT('Ctrl Pts',(21.424995146103,-5.47777295992043,-3.31478653197957));
#5624=CARTESIAN_POINT('Ctrl Pts',(20.7999975730515,-5.83861547702106,-3.35645319857956));
#5625=CARTESIAN_POINT('Ctrl Pts',(20.175,-6.19945799402168,-3.39811986527956));
#5626=CARTESIAN_POINT('Ctrl Pts',(19.5500024269485,-5.83861547702106,-3.43978653197957));
#5627=CARTESIAN_POINT('Ctrl Pts',(18.925004853897,-5.47777295992043,-3.48145319857956));
#5628=CARTESIAN_POINT('Ctrl Pts',(18.925004853897,-4.7560879259192,-3.52311986527956));
#5629=CARTESIAN_POINT('Ctrl Pts',(18.925004853897,-4.03440289181796,-3.56478653197957));
#5630=CARTESIAN_POINT('Ctrl Pts',(19.5500024269485,-3.67356037471734,-3.60645319857956));
#5631=CARTESIAN_POINT('Ctrl Pts',(20.175,-3.31271785771672,-3.64811986527956));
#5632=CARTESIAN_POINT('Ctrl Pts',(20.7999975730515,-3.67356037471734,-3.68978653197957));
#5633=CARTESIAN_POINT('Ctrl Pts',(21.424995146103,-4.03440289181796,-3.73145319857956));
#5634=CARTESIAN_POINT('Ctrl Pts',(21.424995146103,-4.7560879259192,-3.77311986527956));
#5635=CARTESIAN_POINT('Ctrl Pts',(21.424995146103,-5.47777295992043,-3.81478653197957));
#5636=CARTESIAN_POINT('Ctrl Pts',(20.7999975730515,-5.83861547702106,-3.85645319857956));
#5637=CARTESIAN_POINT('Ctrl Pts',(20.175,-6.19945799402168,-3.89811986527956));
#5638=CARTESIAN_POINT('Ctrl Pts',(19.5500024269485,-5.83861547702106,-3.93978653197957));
#5639=CARTESIAN_POINT('Ctrl Pts',(18.925004853897,-5.47777295992043,-3.98145319857956));
#5640=CARTESIAN_POINT('Ctrl Pts',(18.925004853897,-4.7560879259192,-4.02311986527956));
#5641=CARTESIAN_POINT('Ctrl Pts',(18.925004853897,-4.03440289181796,-4.06478653197957));
#5642=CARTESIAN_POINT('Ctrl Pts',(19.5500024269485,-3.67356037471734,-4.10645319857956));
#5643=CARTESIAN_POINT('Ctrl Pts',(20.175,-3.31271785771672,-4.14811986527956));
#5644=CARTESIAN_POINT('Ctrl Pts',(20.7999975730515,-3.67356037471734,-4.18978653197957));
#5645=CARTESIAN_POINT('Ctrl Pts',(21.424995146103,-4.03440289181796,-4.23145319857956));
#5646=CARTESIAN_POINT('Ctrl Pts',(21.424995146103,-4.7560879259192,-4.27311986527956));
#5647=CARTESIAN_POINT('Ctrl Pts',(21.424995146103,-5.47777295992043,-4.31478653197957));
#5648=CARTESIAN_POINT('Ctrl Pts',(20.7999975730515,-5.83861547702106,-4.35645319857957));
#5649=CARTESIAN_POINT('Ctrl Pts',(20.175,-6.19945799402168,-4.39811986527956));
#5650=CARTESIAN_POINT('Ctrl Pts',(19.5500024269485,-5.83861547702106,-4.43978653197957));
#5651=CARTESIAN_POINT('Ctrl Pts',(18.925004853897,-5.47777295992043,-4.48145319857956));
#5652=CARTESIAN_POINT('Ctrl Pts',(18.925004853897,-4.7560879259192,-4.52311986527956));
#5653=CARTESIAN_POINT('Ctrl Pts',(18.925004853897,-4.03440289181796,-4.56478653197957));
#5654=CARTESIAN_POINT('Ctrl Pts',(19.5500024269485,-3.67356037471734,-4.60645319857956));
#5655=CARTESIAN_POINT('Ctrl Pts',(20.175,-3.31271785771672,-4.64811986527956));
#5656=CARTESIAN_POINT('Ctrl Pts',(20.7999975730515,-3.67356037471734,-4.68978653197957));
#5657=CARTESIAN_POINT('Ctrl Pts',(21.424995146103,-4.03440289181796,-4.73145319857956));
#5658=CARTESIAN_POINT('Ctrl Pts',(21.424995146103,-4.7560879259192,-4.77311986527956));
#5659=CARTESIAN_POINT('Ctrl Pts',(21.424995146103,-5.47777295992043,-4.81478653197957));
#5660=CARTESIAN_POINT('Ctrl Pts',(20.7999975730515,-5.83861547702106,-4.85645319857957));
#5661=CARTESIAN_POINT('Ctrl Pts',(20.175,-6.19945799402168,-4.89811986527957));
#5662=CARTESIAN_POINT('Ctrl Pts',(19.5500024269485,-5.83861547702106,-4.93978653197957));
#5663=CARTESIAN_POINT('Ctrl Pts',(18.925004853897,-5.47777295992043,-4.98145319857957));
#5664=CARTESIAN_POINT('Ctrl Pts',(18.925004853897,-4.7560879259192,-5.02311986527956));
#5665=CARTESIAN_POINT('Ctrl Pts',(18.925004853897,-4.03440289181796,-5.06478653197957));
#5666=CARTESIAN_POINT('Ctrl Pts',(19.5500024269485,-3.67356037471734,-5.10645319857956));
#5667=CARTESIAN_POINT('Ctrl Pts',(20.175,-3.31271785771672,-5.14811986527956));
#5668=CARTESIAN_POINT('Ctrl Pts',(20.7999975730515,-3.67356037471734,-5.18978653197957));
#5669=CARTESIAN_POINT('Ctrl Pts',(21.424995146103,-4.03440289181796,-5.23145319857956));
#5670=CARTESIAN_POINT('Ctrl Pts',(21.424995146103,-4.7560879259192,-5.27311986527956));
#5671=CARTESIAN_POINT('Ctrl Pts',(21.424995146103,-5.47777295992043,-5.31478653197957));
#5672=CARTESIAN_POINT('Ctrl Pts',(20.7999975730515,-5.83861547702106,-5.35645319857957));
#5673=CARTESIAN_POINT('Ctrl Pts',(20.175,-6.19945799402168,-5.39811986527956));
#5674=CARTESIAN_POINT('Ctrl Pts',(19.5500024269485,-5.83861547702106,-5.43978653197957));
#5675=CARTESIAN_POINT('Ctrl Pts',(18.925004853897,-5.47777295992043,-5.48145319857956));
#5676=CARTESIAN_POINT('Ctrl Pts',(18.925004853897,-4.7560879259192,-5.52311986527957));
#5677=CARTESIAN_POINT('Ctrl Pts',(18.925004853897,-4.03440289181796,-5.56478653197957));
#5678=CARTESIAN_POINT('Ctrl Pts',(19.5500024269485,-3.67356037471734,-5.60645319857957));
#5679=CARTESIAN_POINT('Ctrl Pts',(20.175,-3.31271785771672,-5.64811986527956));
#5680=CARTESIAN_POINT('Ctrl Pts',(20.7999975730515,-3.67356037471734,-5.68978653197957));
#5681=CARTESIAN_POINT('Ctrl Pts',(21.424995146103,-4.03440289181796,-5.73145319857956));
#5682=CARTESIAN_POINT('Ctrl Pts',(21.424995146103,-4.7560879259192,-5.77311986527956));
#5683=CARTESIAN_POINT('Ctrl Pts',(21.424995146103,-5.47777295992043,-5.81478653197957));
#5684=CARTESIAN_POINT('Ctrl Pts',(20.7999975730515,-5.83861547702106,-5.85645319857956));
#5685=CARTESIAN_POINT('Ctrl Pts',(20.175,-6.19945799402168,-5.89811986527956));
#5686=CARTESIAN_POINT('Ctrl Pts',(19.5500024269485,-5.83861547702106,-5.93978653197957));
#5687=CARTESIAN_POINT('Ctrl Pts',(18.925004853897,-5.47777295992043,-5.98145319857956));
#5688=CARTESIAN_POINT('Ctrl Pts',(18.925004853897,-4.7560879259192,-6.02311986527956));
#5689=CARTESIAN_POINT('Ctrl Pts',(18.6543670623256,-4.7560879259192,2.1331329365199));
#5690=CARTESIAN_POINT('Ctrl Pts',(18.6543670623256,-3.8781500900185,2.0914662699199));
#5691=CARTESIAN_POINT('Ctrl Pts',(19.4146835312128,-3.43918117206814,2.0497996032199));
#5692=CARTESIAN_POINT('Ctrl Pts',(20.175,-3.00021225411779,2.0081329365199));
#5693=CARTESIAN_POINT('Ctrl Pts',(20.9353164687872,-3.43918117206814,1.9664662699199));
#5694=CARTESIAN_POINT('Ctrl Pts',(21.6956329376744,-3.8781500900185,1.9247996032199));
#5695=CARTESIAN_POINT('Ctrl Pts',(21.6956329376744,-4.7560879259192,1.8831329365199));
#5696=CARTESIAN_POINT('Ctrl Pts',(21.6956329376744,-5.63402576181991,1.8414662699199));
#5697=CARTESIAN_POINT('Ctrl Pts',(20.9353164687872,-6.07299467977026,1.7997996032199));
#5698=CARTESIAN_POINT('Ctrl Pts',(20.175,-6.51196359772062,1.7581329365199));
#5699=CARTESIAN_POINT('Ctrl Pts',(19.4146835312128,-6.07299467977026,1.7164662699199));
#5700=CARTESIAN_POINT('Ctrl Pts',(18.6543670623256,-5.63402576181991,1.6747996032199));
#5701=CARTESIAN_POINT('Ctrl Pts',(18.6543670623256,-4.7560879259192,1.6331329365199));
#5702=CARTESIAN_POINT('Ctrl Pts',(18.6543670623256,-3.8781500900185,1.5914662699199));
#5703=CARTESIAN_POINT('Ctrl Pts',(19.4146835312128,-3.43918117206814,1.5497996032199));
#5704=CARTESIAN_POINT('Ctrl Pts',(20.175,-3.00021225411779,1.5081329365199));
#5705=CARTESIAN_POINT('Ctrl Pts',(20.9353164687872,-3.43918117206814,1.4664662699199));
#5706=CARTESIAN_POINT('Ctrl Pts',(21.6956329376744,-3.8781500900185,1.4247996032199));
#5707=CARTESIAN_POINT('Ctrl Pts',(21.6956329376744,-4.7560879259192,1.3831329365199));
#5708=CARTESIAN_POINT('Ctrl Pts',(21.6956329376744,-5.63402576181991,1.3414662699199));
#5709=CARTESIAN_POINT('Ctrl Pts',(20.9353164687872,-6.07299467977026,1.2997996032199));
#5710=CARTESIAN_POINT('Ctrl Pts',(20.175,-6.51196359772062,1.2581329365199));
#5711=CARTESIAN_POINT('Ctrl Pts',(19.4146835312128,-6.07299467977026,1.2164662699199));
#5712=CARTESIAN_POINT('Ctrl Pts',(18.6543670623256,-5.63402576181991,1.1747996032199));
#5713=CARTESIAN_POINT('Ctrl Pts',(18.6543670623256,-4.7560879259192,1.1331329365199));
#5714=CARTESIAN_POINT('Ctrl Pts',(18.6543670623256,-3.8781500900185,1.0914662699199));
#5715=CARTESIAN_POINT('Ctrl Pts',(19.4146835312128,-3.43918117206814,1.0497996032199));
#5716=CARTESIAN_POINT('Ctrl Pts',(20.175,-3.00021225411779,1.0081329365199));
#5717=CARTESIAN_POINT('Ctrl Pts',(20.9353164687872,-3.43918117206814,0.966466269919902));
#5718=CARTESIAN_POINT('Ctrl Pts',(21.6956329376744,-3.8781500900185,0.924799603219902));
#5719=CARTESIAN_POINT('Ctrl Pts',(21.6956329376744,-4.7560879259192,0.883132936519903));
#5720=CARTESIAN_POINT('Ctrl Pts',(21.6956329376744,-5.63402576181991,0.841466269919903));
#5721=CARTESIAN_POINT('Ctrl Pts',(20.9353164687872,-6.07299467977026,0.799799603219902));
#5722=CARTESIAN_POINT('Ctrl Pts',(20.175,-6.51196359772062,0.758132936519902));
#5723=CARTESIAN_POINT('Ctrl Pts',(19.4146835312128,-6.07299467977026,0.716466269919902));
#5724=CARTESIAN_POINT('Ctrl Pts',(18.6543670623256,-5.63402576181991,0.674799603219902));
#5725=CARTESIAN_POINT('Ctrl Pts',(18.6543670623256,-4.7560879259192,0.633132936519902));
#5726=CARTESIAN_POINT('Ctrl Pts',(18.6543670623256,-3.8781500900185,0.591466269919902));
#5727=CARTESIAN_POINT('Ctrl Pts',(19.4146835312128,-3.43918117206814,0.549799603219903));
#5728=CARTESIAN_POINT('Ctrl Pts',(20.175,-3.00021225411779,0.508132936519903));
#5729=CARTESIAN_POINT('Ctrl Pts',(20.9353164687872,-3.43918117206814,0.466466269919903));
#5730=CARTESIAN_POINT('Ctrl Pts',(21.6956329376744,-3.8781500900185,0.424799603219903));
#5731=CARTESIAN_POINT('Ctrl Pts',(21.6956329376744,-4.7560879259192,0.383132936519902));
#5732=CARTESIAN_POINT('Ctrl Pts',(21.6956329376744,-5.63402576181991,0.341466269919902));
#5733=CARTESIAN_POINT('Ctrl Pts',(20.9353164687872,-6.07299467977026,0.299799603219902));
#5734=CARTESIAN_POINT('Ctrl Pts',(20.175,-6.51196359772062,0.258132936519902));
#5735=CARTESIAN_POINT('Ctrl Pts',(19.4146835312128,-6.07299467977026,0.216466269919902));
#5736=CARTESIAN_POINT('Ctrl Pts',(18.6543670623256,-5.63402576181991,0.174799603219902));
#5737=CARTESIAN_POINT('Ctrl Pts',(18.6543670623256,-4.7560879259192,0.133132936519902));
#5738=CARTESIAN_POINT('Ctrl Pts',(18.6543670623256,-3.8781500900185,0.0914662699199026));
#5739=CARTESIAN_POINT('Ctrl Pts',(19.4146835312128,-3.43918117206814,0.0497996032199027));
#5740=CARTESIAN_POINT('Ctrl Pts',(20.175,-3.00021225411779,0.00813293651990232));
#5741=CARTESIAN_POINT('Ctrl Pts',(20.9353164687872,-3.43918117206814,-0.0335337300800975));
#5742=CARTESIAN_POINT('Ctrl Pts',(21.6956329376744,-3.8781500900185,-0.0752003967800974));
#5743=CARTESIAN_POINT('Ctrl Pts',(21.6956329376744,-4.7560879259192,-0.116867063480098));
#5744=CARTESIAN_POINT('Ctrl Pts',(21.6956329376744,-5.63402576181991,-0.158533730080098));
#5745=CARTESIAN_POINT('Ctrl Pts',(20.9353164687872,-6.07299467977026,-0.200200396780098));
#5746=CARTESIAN_POINT('Ctrl Pts',(20.175,-6.51196359772062,-0.241867063480098));
#5747=CARTESIAN_POINT('Ctrl Pts',(19.4146835312128,-6.07299467977026,-0.283533730080098));
#5748=CARTESIAN_POINT('Ctrl Pts',(18.6543670623256,-5.63402576181991,-0.325200396780098));
#5749=CARTESIAN_POINT('Ctrl Pts',(18.6543670623256,-4.7560879259192,-0.366867063480097));
#5750=CARTESIAN_POINT('Ctrl Pts',(18.6543670623256,-3.8781500900185,-0.408533730080097));
#5751=CARTESIAN_POINT('Ctrl Pts',(19.4146835312128,-3.43918117206814,-0.450200396780097));
#5752=CARTESIAN_POINT('Ctrl Pts',(20.175,-3.00021225411779,-0.491867063480098));
#5753=CARTESIAN_POINT('Ctrl Pts',(20.9353164687872,-3.43918117206814,-0.533533730080097));
#5754=CARTESIAN_POINT('Ctrl Pts',(21.6956329376744,-3.8781500900185,-0.575200396780098));
#5755=CARTESIAN_POINT('Ctrl Pts',(21.6956329376744,-4.7560879259192,-0.616867063480098));
#5756=CARTESIAN_POINT('Ctrl Pts',(21.6956329376744,-5.63402576181991,-0.658533730080098));
#5757=CARTESIAN_POINT('Ctrl Pts',(20.9353164687872,-6.07299467977026,-0.700200396780098));
#5758=CARTESIAN_POINT('Ctrl Pts',(20.175,-6.51196359772062,-0.741867063480098));
#5759=CARTESIAN_POINT('Ctrl Pts',(19.4146835312128,-6.07299467977026,-0.783533730080098));
#5760=CARTESIAN_POINT('Ctrl Pts',(18.6543670623256,-5.63402576181991,-0.825200396780098));
#5761=CARTESIAN_POINT('Ctrl Pts',(18.6543670623256,-4.7560879259192,-0.866867063480098));
#5762=CARTESIAN_POINT('Ctrl Pts',(18.6543670623256,-3.8781500900185,-0.908533730080098));
#5763=CARTESIAN_POINT('Ctrl Pts',(19.4146835312128,-3.43918117206814,-0.950200396780098));
#5764=CARTESIAN_POINT('Ctrl Pts',(20.175,-3.00021225411779,-0.991867063480097));
#5765=CARTESIAN_POINT('Ctrl Pts',(20.9353164687872,-3.43918117206814,-1.0335337300801));
#5766=CARTESIAN_POINT('Ctrl Pts',(21.6956329376744,-3.8781500900185,-1.0752003967801));
#5767=CARTESIAN_POINT('Ctrl Pts',(21.6956329376744,-4.7560879259192,-1.1168670634801));
#5768=CARTESIAN_POINT('Ctrl Pts',(21.6956329376744,-5.63402576181991,-1.1585337300801));
#5769=CARTESIAN_POINT('Ctrl Pts',(20.9353164687872,-6.07299467977026,-1.2002003967801));
#5770=CARTESIAN_POINT('Ctrl Pts',(20.175,-6.51196359772062,-1.2418670634801));
#5771=CARTESIAN_POINT('Ctrl Pts',(19.4146835312128,-6.07299467977026,-1.2835337300801));
#5772=CARTESIAN_POINT('Ctrl Pts',(18.6543670623256,-5.63402576181991,-1.3252003967801));
#5773=CARTESIAN_POINT('Ctrl Pts',(18.6543670623256,-4.7560879259192,-1.3668670634801));
#5774=CARTESIAN_POINT('Ctrl Pts',(18.6543670623256,-3.8781500900185,-1.4085337300801));
#5775=CARTESIAN_POINT('Ctrl Pts',(19.4146835312128,-3.43918117206814,-1.4502003967801));
#5776=CARTESIAN_POINT('Ctrl Pts',(20.175,-3.00021225411779,-1.4918670634801));
#5777=CARTESIAN_POINT('Ctrl Pts',(20.9353164687872,-3.43918117206814,-1.5335337300801));
#5778=CARTESIAN_POINT('Ctrl Pts',(21.6956329376744,-3.8781500900185,-1.5752003967801));
#5779=CARTESIAN_POINT('Ctrl Pts',(21.6956329376744,-4.7560879259192,-1.6168670634801));
#5780=CARTESIAN_POINT('Ctrl Pts',(21.6956329376744,-5.63402576181991,-1.6585337300801));
#5781=CARTESIAN_POINT('Ctrl Pts',(20.9353164687872,-6.07299467977026,-1.7002003967801));
#5782=CARTESIAN_POINT('Ctrl Pts',(20.175,-6.51196359772062,-1.7418670634801));
#5783=CARTESIAN_POINT('Ctrl Pts',(19.4146835312128,-6.07299467977026,-1.7835337300801));
#5784=CARTESIAN_POINT('Ctrl Pts',(18.6543670623256,-5.63402576181991,-1.8252003967801));
#5785=CARTESIAN_POINT('Ctrl Pts',(18.6543670623256,-4.7560879259192,-1.8668670634801));
#5786=CARTESIAN_POINT('Ctrl Pts',(18.6543670623256,-3.8781500900185,-1.9085337300801));
#5787=CARTESIAN_POINT('Ctrl Pts',(19.4146835312128,-3.43918117206814,-1.9502003967801));
#5788=CARTESIAN_POINT('Ctrl Pts',(20.175,-3.00021225411779,-1.9918670634801));
#5789=CARTESIAN_POINT('Ctrl Pts',(20.9353164687872,-3.43918117206814,-2.0335337300801));
#5790=CARTESIAN_POINT('Ctrl Pts',(21.6956329376744,-3.8781500900185,-2.0752003967801));
#5791=CARTESIAN_POINT('Ctrl Pts',(21.6956329376744,-4.7560879259192,-2.1168670634801));
#5792=CARTESIAN_POINT('Ctrl Pts',(21.6956329376744,-5.63402576181991,-2.1585337300801));
#5793=CARTESIAN_POINT('Ctrl Pts',(20.9353164687872,-6.07299467977026,-2.2002003967801));
#5794=CARTESIAN_POINT('Ctrl Pts',(20.175,-6.51196359772062,-2.2418670634801));
#5795=CARTESIAN_POINT('Ctrl Pts',(19.4146835312128,-6.07299467977026,-2.2835337300801));
#5796=CARTESIAN_POINT('Ctrl Pts',(18.6543670623256,-5.63402576181991,-2.3252003967801));
#5797=CARTESIAN_POINT('Ctrl Pts',(18.6543670623256,-4.7560879259192,-2.3668670634801));
#5798=CARTESIAN_POINT('Ctrl Pts',(18.6543670623256,-3.8781500900185,-2.4085337300801));
#5799=CARTESIAN_POINT('Ctrl Pts',(19.4146835312128,-3.43918117206814,-2.4502003967801));
#5800=CARTESIAN_POINT('Ctrl Pts',(20.175,-3.00021225411779,-2.4918670634801));
#5801=CARTESIAN_POINT('Ctrl Pts',(20.9353164687872,-3.43918117206814,-2.5335337300801));
#5802=CARTESIAN_POINT('Ctrl Pts',(21.6956329376744,-3.8781500900185,-2.5752003967801));
#5803=CARTESIAN_POINT('Ctrl Pts',(21.6956329376744,-4.7560879259192,-2.6168670634801));
#5804=CARTESIAN_POINT('Ctrl Pts',(21.6956329376744,-5.63402576181991,-2.6585337300801));
#5805=CARTESIAN_POINT('Ctrl Pts',(20.9353164687872,-6.07299467977026,-2.7002003967801));
#5806=CARTESIAN_POINT('Ctrl Pts',(20.175,-6.51196359772062,-2.7418670634801));
#5807=CARTESIAN_POINT('Ctrl Pts',(19.4146835312128,-6.07299467977026,-2.7835337300801));
#5808=CARTESIAN_POINT('Ctrl Pts',(18.6543670623256,-5.63402576181991,-2.8252003967801));
#5809=CARTESIAN_POINT('Ctrl Pts',(18.6543670623256,-4.7560879259192,-2.8668670634801));
#5810=CARTESIAN_POINT('Ctrl Pts',(18.6543670623256,-3.8781500900185,-2.9085337300801));
#5811=CARTESIAN_POINT('Ctrl Pts',(19.4146835312128,-3.43918117206814,-2.9502003967801));
#5812=CARTESIAN_POINT('Ctrl Pts',(20.175,-3.00021225411779,-2.9918670634801));
#5813=CARTESIAN_POINT('Ctrl Pts',(20.9353164687872,-3.43918117206814,-3.0335337300801));
#5814=CARTESIAN_POINT('Ctrl Pts',(21.6956329376744,-3.8781500900185,-3.0752003967801));
#5815=CARTESIAN_POINT('Ctrl Pts',(21.6956329376744,-4.7560879259192,-3.1168670634801));
#5816=CARTESIAN_POINT('Ctrl Pts',(21.6956329376744,-5.63402576181991,-3.1585337300801));
#5817=CARTESIAN_POINT('Ctrl Pts',(20.9353164687872,-6.07299467977026,-3.2002003967801));
#5818=CARTESIAN_POINT('Ctrl Pts',(20.175,-6.51196359772062,-3.2418670634801));
#5819=CARTESIAN_POINT('Ctrl Pts',(19.4146835312128,-6.07299467977026,-3.2835337300801));
#5820=CARTESIAN_POINT('Ctrl Pts',(18.6543670623256,-5.63402576181991,-3.3252003967801));
#5821=CARTESIAN_POINT('Ctrl Pts',(18.6543670623256,-4.7560879259192,-3.3668670634801));
#5822=CARTESIAN_POINT('Ctrl Pts',(18.6543670623256,-3.8781500900185,-3.4085337300801));
#5823=CARTESIAN_POINT('Ctrl Pts',(19.4146835312128,-3.43918117206814,-3.4502003967801));
#5824=CARTESIAN_POINT('Ctrl Pts',(20.175,-3.00021225411779,-3.4918670634801));
#5825=CARTESIAN_POINT('Ctrl Pts',(20.9353164687872,-3.43918117206814,-3.5335337300801));
#5826=CARTESIAN_POINT('Ctrl Pts',(21.6956329376744,-3.8781500900185,-3.5752003967801));
#5827=CARTESIAN_POINT('Ctrl Pts',(21.6956329376744,-4.7560879259192,-3.6168670634801));
#5828=CARTESIAN_POINT('Ctrl Pts',(21.6956329376744,-5.63402576181991,-3.6585337300801));
#5829=CARTESIAN_POINT('Ctrl Pts',(20.9353164687872,-6.07299467977026,-3.7002003967801));
#5830=CARTESIAN_POINT('Ctrl Pts',(20.175,-6.51196359772062,-3.7418670634801));
#5831=CARTESIAN_POINT('Ctrl Pts',(19.4146835312128,-6.07299467977026,-3.7835337300801));
#5832=CARTESIAN_POINT('Ctrl Pts',(18.6543670623256,-5.63402576181991,-3.8252003967801));
#5833=CARTESIAN_POINT('Ctrl Pts',(18.6543670623256,-4.7560879259192,-3.8668670634801));
#5834=CARTESIAN_POINT('Ctrl Pts',(18.6543670623256,-3.8781500900185,-3.9085337300801));
#5835=CARTESIAN_POINT('Ctrl Pts',(19.4146835312128,-3.43918117206814,-3.9502003967801));
#5836=CARTESIAN_POINT('Ctrl Pts',(20.175,-3.00021225411779,-3.9918670634801));
#5837=CARTESIAN_POINT('Ctrl Pts',(20.9353164687872,-3.43918117206814,-4.0335337300801));
#5838=CARTESIAN_POINT('Ctrl Pts',(21.6956329376744,-3.8781500900185,-4.0752003967801));
#5839=CARTESIAN_POINT('Ctrl Pts',(21.6956329376744,-4.7560879259192,-4.1168670634801));
#5840=CARTESIAN_POINT('Ctrl Pts',(21.6956329376744,-5.63402576181991,-4.1585337300801));
#5841=CARTESIAN_POINT('Ctrl Pts',(20.9353164687872,-6.07299467977026,-4.2002003967801));
#5842=CARTESIAN_POINT('Ctrl Pts',(20.175,-6.51196359772062,-4.2418670634801));
#5843=CARTESIAN_POINT('Ctrl Pts',(19.4146835312128,-6.07299467977026,-4.2835337300801));
#5844=CARTESIAN_POINT('Ctrl Pts',(18.6543670623256,-5.63402576181991,-4.3252003967801));
#5845=CARTESIAN_POINT('Ctrl Pts',(18.6543670623256,-4.7560879259192,-4.3668670634801));
#5846=CARTESIAN_POINT('Ctrl Pts',(18.6543670623256,-3.8781500900185,-4.4085337300801));
#5847=CARTESIAN_POINT('Ctrl Pts',(19.4146835312128,-3.43918117206814,-4.4502003967801));
#5848=CARTESIAN_POINT('Ctrl Pts',(20.175,-3.00021225411779,-4.4918670634801));
#5849=CARTESIAN_POINT('Ctrl Pts',(20.9353164687872,-3.43918117206814,-4.5335337300801));
#5850=CARTESIAN_POINT('Ctrl Pts',(21.6956329376744,-3.8781500900185,-4.5752003967801));
#5851=CARTESIAN_POINT('Ctrl Pts',(21.6956329376744,-4.7560879259192,-4.6168670634801));
#5852=CARTESIAN_POINT('Ctrl Pts',(21.6956329376744,-5.63402576181991,-4.6585337300801));
#5853=CARTESIAN_POINT('Ctrl Pts',(20.9353164687872,-6.07299467977026,-4.7002003967801));
#5854=CARTESIAN_POINT('Ctrl Pts',(20.175,-6.51196359772062,-4.7418670634801));
#5855=CARTESIAN_POINT('Ctrl Pts',(19.4146835312128,-6.07299467977026,-4.7835337300801));
#5856=CARTESIAN_POINT('Ctrl Pts',(18.6543670623256,-5.63402576181991,-4.8252003967801));
#5857=CARTESIAN_POINT('Ctrl Pts',(18.6543670623256,-4.7560879259192,-4.8668670634801));
#5858=CARTESIAN_POINT('Ctrl Pts',(18.6543670623256,-3.8781500900185,-4.9085337300801));
#5859=CARTESIAN_POINT('Ctrl Pts',(19.4146835312128,-3.43918117206814,-4.9502003967801));
#5860=CARTESIAN_POINT('Ctrl Pts',(20.175,-3.00021225411779,-4.9918670634801));
#5861=CARTESIAN_POINT('Ctrl Pts',(20.9353164687872,-3.43918117206814,-5.0335337300801));
#5862=CARTESIAN_POINT('Ctrl Pts',(21.6956329376744,-3.8781500900185,-5.0752003967801));
#5863=CARTESIAN_POINT('Ctrl Pts',(21.6956329376744,-4.7560879259192,-5.1168670634801));
#5864=CARTESIAN_POINT('Ctrl Pts',(21.6956329376744,-5.63402576181991,-5.1585337300801));
#5865=CARTESIAN_POINT('Ctrl Pts',(20.9353164687872,-6.07299467977026,-5.2002003967801));
#5866=CARTESIAN_POINT('Ctrl Pts',(20.175,-6.51196359772062,-5.2418670634801));
#5867=CARTESIAN_POINT('Ctrl Pts',(19.4146835312128,-6.07299467977026,-5.2835337300801));
#5868=CARTESIAN_POINT('Ctrl Pts',(18.6543670623256,-5.63402576181991,-5.3252003967801));
#5869=CARTESIAN_POINT('Ctrl Pts',(18.6543670623256,-4.7560879259192,-5.3668670634801));
#5870=CARTESIAN_POINT('Ctrl Pts',(18.6543670623256,-3.8781500900185,-5.4085337300801));
#5871=CARTESIAN_POINT('Ctrl Pts',(19.4146835312128,-3.43918117206814,-5.4502003967801));
#5872=CARTESIAN_POINT('Ctrl Pts',(20.175,-3.00021225411779,-5.4918670634801));
#5873=CARTESIAN_POINT('Ctrl Pts',(20.9353164687872,-3.43918117206814,-5.5335337300801));
#5874=CARTESIAN_POINT('Ctrl Pts',(21.6956329376744,-3.8781500900185,-5.5752003967801));
#5875=CARTESIAN_POINT('Ctrl Pts',(21.6956329376744,-4.7560879259192,-5.6168670634801));
#5876=CARTESIAN_POINT('Ctrl Pts',(21.6956329376744,-5.63402576181991,-5.6585337300801));
#5877=CARTESIAN_POINT('Ctrl Pts',(20.9353164687872,-6.07299467977026,-5.7002003967801));
#5878=CARTESIAN_POINT('Ctrl Pts',(20.175,-6.51196359772062,-5.7418670634801));
#5879=CARTESIAN_POINT('Ctrl Pts',(19.4146835312128,-6.07299467977026,-5.7835337300801));
#5880=CARTESIAN_POINT('Ctrl Pts',(18.6543670623256,-5.63402576181991,-5.8252003967801));
#5881=CARTESIAN_POINT('Ctrl Pts',(18.6543670623256,-4.7560879259192,-5.8668670634801));
#5882=CARTESIAN_POINT('Ctrl Pts',(18.6543670623256,-4.7560879259192,2.19563293631849));
#5883=CARTESIAN_POINT('Ctrl Pts',(18.6543670623256,-3.87815009001849,2.15396626971849));
#5884=CARTESIAN_POINT('Ctrl Pts',(19.4146835312128,-3.43918117206814,2.11229960301849));
#5885=CARTESIAN_POINT('Ctrl Pts',(20.175,-3.00021225411778,2.07063293631848));
#5886=CARTESIAN_POINT('Ctrl Pts',(20.9353164687872,-3.43918117206814,2.02896626971849));
#5887=CARTESIAN_POINT('Ctrl Pts',(21.6956329376744,-3.87815009001849,1.98729960301849));
#5888=CARTESIAN_POINT('Ctrl Pts',(21.6956329376744,-4.7560879259192,1.94563293631849));
#5889=CARTESIAN_POINT('Ctrl Pts',(21.6956329376744,-5.63402576181992,1.90396626971848));
#5890=CARTESIAN_POINT('Ctrl Pts',(20.9353164687872,-6.07299467977027,1.86229960301848));
#5891=CARTESIAN_POINT('Ctrl Pts',(20.175,-6.51196359772062,1.82063293631848));
#5892=CARTESIAN_POINT('Ctrl Pts',(19.4146835312128,-6.07299467977027,1.77896626971849));
#5893=CARTESIAN_POINT('Ctrl Pts',(18.6543670623256,-5.63402576181992,1.73729960301848));
#5894=CARTESIAN_POINT('Ctrl Pts',(18.6543670623256,-4.7560879259192,1.69563293631849));
#5895=CARTESIAN_POINT('Ctrl Pts',(18.6543670623256,-3.87815009001849,1.65396626971849));
#5896=CARTESIAN_POINT('Ctrl Pts',(19.4146835312128,-3.43918117206814,1.61229960301849));
#5897=CARTESIAN_POINT('Ctrl Pts',(20.175,-3.00021225411778,1.57063293631849));
#5898=CARTESIAN_POINT('Ctrl Pts',(20.9353164687872,-3.43918117206814,1.52896626971849));
#5899=CARTESIAN_POINT('Ctrl Pts',(21.6956329376744,-3.87815009001849,1.48729960301849));
#5900=CARTESIAN_POINT('Ctrl Pts',(21.6956329376744,-4.7560879259192,1.44563293631848));
#5901=CARTESIAN_POINT('Ctrl Pts',(21.6956329376744,-5.63402576181992,1.40396626971849));
#5902=CARTESIAN_POINT('Ctrl Pts',(20.9353164687872,-6.07299467977027,1.36229960301848));
#5903=CARTESIAN_POINT('Ctrl Pts',(20.175,-6.51196359772062,1.32063293631848));
#5904=CARTESIAN_POINT('Ctrl Pts',(19.4146835312128,-6.07299467977027,1.27896626971848));
#5905=CARTESIAN_POINT('Ctrl Pts',(18.6543670623256,-5.63402576181992,1.23729960301849));
#5906=CARTESIAN_POINT('Ctrl Pts',(18.6543670623256,-4.7560879259192,1.19563293631849));
#5907=CARTESIAN_POINT('Ctrl Pts',(18.6543670623256,-3.87815009001849,1.15396626971849));
#5908=CARTESIAN_POINT('Ctrl Pts',(19.4146835312128,-3.43918117206814,1.11229960301849));
#5909=CARTESIAN_POINT('Ctrl Pts',(20.175,-3.00021225411778,1.07063293631849));
#5910=CARTESIAN_POINT('Ctrl Pts',(20.9353164687872,-3.43918117206814,1.02896626971849));
#5911=CARTESIAN_POINT('Ctrl Pts',(21.6956329376744,-3.87815009001849,0.987299603018486));
#5912=CARTESIAN_POINT('Ctrl Pts',(21.6956329376744,-4.7560879259192,0.945632936318485));
#5913=CARTESIAN_POINT('Ctrl Pts',(21.6956329376744,-5.63402576181992,0.903966269718485));
#5914=CARTESIAN_POINT('Ctrl Pts',(20.9353164687872,-6.07299467977027,0.862299603018485));
#5915=CARTESIAN_POINT('Ctrl Pts',(20.175,-6.51196359772062,0.820632936318485));
#5916=CARTESIAN_POINT('Ctrl Pts',(19.4146835312128,-6.07299467977027,0.778966269718485));
#5917=CARTESIAN_POINT('Ctrl Pts',(18.6543670623256,-5.63402576181992,0.737299603018485));
#5918=CARTESIAN_POINT('Ctrl Pts',(18.6543670623256,-4.7560879259192,0.695632936318485));
#5919=CARTESIAN_POINT('Ctrl Pts',(18.6543670623256,-3.87815009001849,0.653966269718486));
#5920=CARTESIAN_POINT('Ctrl Pts',(19.4146835312128,-3.43918117206814,0.612299603018486));
#5921=CARTESIAN_POINT('Ctrl Pts',(20.175,-3.00021225411778,0.570632936318486));
#5922=CARTESIAN_POINT('Ctrl Pts',(20.9353164687872,-3.43918117206814,0.528966269718485));
#5923=CARTESIAN_POINT('Ctrl Pts',(21.6956329376744,-3.87815009001849,0.487299603018486));
#5924=CARTESIAN_POINT('Ctrl Pts',(21.6956329376744,-4.7560879259192,0.445632936318485));
#5925=CARTESIAN_POINT('Ctrl Pts',(21.6956329376744,-5.63402576181992,0.403966269718485));
#5926=CARTESIAN_POINT('Ctrl Pts',(20.9353164687872,-6.07299467977027,0.362299603018485));
#5927=CARTESIAN_POINT('Ctrl Pts',(20.175,-6.51196359772062,0.320632936318485));
#5928=CARTESIAN_POINT('Ctrl Pts',(19.4146835312128,-6.07299467977027,0.278966269718485));
#5929=CARTESIAN_POINT('Ctrl Pts',(18.6543670623256,-5.63402576181992,0.237299603018485));
#5930=CARTESIAN_POINT('Ctrl Pts',(18.6543670623256,-4.7560879259192,0.195632936318485));
#5931=CARTESIAN_POINT('Ctrl Pts',(18.6543670623256,-3.87815009001849,0.153966269718485));
#5932=CARTESIAN_POINT('Ctrl Pts',(19.4146835312128,-3.43918117206814,0.112299603018485));
#5933=CARTESIAN_POINT('Ctrl Pts',(20.175,-3.00021225411778,0.0706329363184854));
#5934=CARTESIAN_POINT('Ctrl Pts',(20.9353164687872,-3.43918117206814,0.0289662697184856));
#5935=CARTESIAN_POINT('Ctrl Pts',(21.6956329376744,-3.87815009001849,-0.0127003969815143));
#5936=CARTESIAN_POINT('Ctrl Pts',(21.6956329376744,-4.7560879259192,-0.0543670636815147));
#5937=CARTESIAN_POINT('Ctrl Pts',(21.6956329376744,-5.63402576181992,-0.0960337302815151));
#5938=CARTESIAN_POINT('Ctrl Pts',(20.9353164687872,-6.07299467977027,-0.137700396981515));
#5939=CARTESIAN_POINT('Ctrl Pts',(20.175,-6.51196359772062,-0.179367063681515));
#5940=CARTESIAN_POINT('Ctrl Pts',(19.4146835312128,-6.07299467977027,-0.221033730281515));
#5941=CARTESIAN_POINT('Ctrl Pts',(18.6543670623256,-5.63402576181992,-0.262700396981515));
#5942=CARTESIAN_POINT('Ctrl Pts',(18.6543670623256,-4.7560879259192,-0.304367063681515));
#5943=CARTESIAN_POINT('Ctrl Pts',(18.6543670623256,-3.87815009001849,-0.346033730281515));
#5944=CARTESIAN_POINT('Ctrl Pts',(19.4146835312128,-3.43918117206814,-0.387700396981515));
#5945=CARTESIAN_POINT('Ctrl Pts',(20.175,-3.00021225411778,-0.429367063681514));
#5946=CARTESIAN_POINT('Ctrl Pts',(20.9353164687872,-3.43918117206814,-0.471033730281514));
#5947=CARTESIAN_POINT('Ctrl Pts',(21.6956329376744,-3.87815009001849,-0.512700396981515));
#5948=CARTESIAN_POINT('Ctrl Pts',(21.6956329376744,-4.7560879259192,-0.554367063681515));
#5949=CARTESIAN_POINT('Ctrl Pts',(21.6956329376744,-5.63402576181992,-0.596033730281515));
#5950=CARTESIAN_POINT('Ctrl Pts',(20.9353164687872,-6.07299467977027,-0.637700396981515));
#5951=CARTESIAN_POINT('Ctrl Pts',(20.175,-6.51196359772062,-0.679367063681515));
#5952=CARTESIAN_POINT('Ctrl Pts',(19.4146835312128,-6.07299467977027,-0.721033730281515));
#5953=CARTESIAN_POINT('Ctrl Pts',(18.6543670623256,-5.63402576181992,-0.762700396981515));
#5954=CARTESIAN_POINT('Ctrl Pts',(18.6543670623256,-4.7560879259192,-0.804367063681515));
#5955=CARTESIAN_POINT('Ctrl Pts',(18.6543670623256,-3.87815009001849,-0.846033730281515));
#5956=CARTESIAN_POINT('Ctrl Pts',(19.4146835312128,-3.43918117206814,-0.887700396981514));
#5957=CARTESIAN_POINT('Ctrl Pts',(20.175,-3.00021225411778,-0.929367063681514));
#5958=CARTESIAN_POINT('Ctrl Pts',(20.9353164687872,-3.43918117206814,-0.971033730281515));
#5959=CARTESIAN_POINT('Ctrl Pts',(21.6956329376744,-3.87815009001849,-1.01270039698152));
#5960=CARTESIAN_POINT('Ctrl Pts',(21.6956329376744,-4.7560879259192,-1.05436706368152));
#5961=CARTESIAN_POINT('Ctrl Pts',(21.6956329376744,-5.63402576181992,-1.09603373028151));
#5962=CARTESIAN_POINT('Ctrl Pts',(20.9353164687872,-6.07299467977027,-1.13770039698151));
#5963=CARTESIAN_POINT('Ctrl Pts',(20.175,-6.51196359772062,-1.17936706368152));
#5964=CARTESIAN_POINT('Ctrl Pts',(19.4146835312128,-6.07299467977027,-1.22103373028152));
#5965=CARTESIAN_POINT('Ctrl Pts',(18.6543670623256,-5.63402576181992,-1.26270039698152));
#5966=CARTESIAN_POINT('Ctrl Pts',(18.6543670623256,-4.7560879259192,-1.30436706368152));
#5967=CARTESIAN_POINT('Ctrl Pts',(18.6543670623256,-3.87815009001849,-1.34603373028152));
#5968=CARTESIAN_POINT('Ctrl Pts',(19.4146835312128,-3.43918117206814,-1.38770039698151));
#5969=CARTESIAN_POINT('Ctrl Pts',(20.175,-3.00021225411778,-1.42936706368151));
#5970=CARTESIAN_POINT('Ctrl Pts',(20.9353164687872,-3.43918117206814,-1.47103373028151));
#5971=CARTESIAN_POINT('Ctrl Pts',(21.6956329376744,-3.87815009001849,-1.51270039698151));
#5972=CARTESIAN_POINT('Ctrl Pts',(21.6956329376744,-4.7560879259192,-1.55436706368151));
#5973=CARTESIAN_POINT('Ctrl Pts',(21.6956329376744,-5.63402576181992,-1.59603373028152));
#5974=CARTESIAN_POINT('Ctrl Pts',(20.9353164687872,-6.07299467977027,-1.63770039698152));
#5975=CARTESIAN_POINT('Ctrl Pts',(20.175,-6.51196359772062,-1.67936706368152));
#5976=CARTESIAN_POINT('Ctrl Pts',(19.4146835312128,-6.07299467977027,-1.72103373028151));
#5977=CARTESIAN_POINT('Ctrl Pts',(18.6543670623256,-5.63402576181992,-1.76270039698151));
#5978=CARTESIAN_POINT('Ctrl Pts',(18.6543670623256,-4.7560879259192,-1.80436706368151));
#5979=CARTESIAN_POINT('Ctrl Pts',(18.6543670623256,-3.87815009001849,-1.84603373028151));
#5980=CARTESIAN_POINT('Ctrl Pts',(19.4146835312128,-3.43918117206814,-1.88770039698151));
#5981=CARTESIAN_POINT('Ctrl Pts',(20.175,-3.00021225411778,-1.92936706368151));
#5982=CARTESIAN_POINT('Ctrl Pts',(20.9353164687872,-3.43918117206814,-1.97103373028152));
#5983=CARTESIAN_POINT('Ctrl Pts',(21.6956329376744,-3.87815009001849,-2.01270039698151));
#5984=CARTESIAN_POINT('Ctrl Pts',(21.6956329376744,-4.7560879259192,-2.05436706368151));
#5985=CARTESIAN_POINT('Ctrl Pts',(21.6956329376744,-5.63402576181992,-2.09603373028152));
#5986=CARTESIAN_POINT('Ctrl Pts',(20.9353164687872,-6.07299467977027,-2.13770039698152));
#5987=CARTESIAN_POINT('Ctrl Pts',(20.175,-6.51196359772062,-2.17936706368152));
#5988=CARTESIAN_POINT('Ctrl Pts',(19.4146835312128,-6.07299467977027,-2.22103373028152));
#5989=CARTESIAN_POINT('Ctrl Pts',(18.6543670623256,-5.63402576181992,-2.26270039698151));
#5990=CARTESIAN_POINT('Ctrl Pts',(18.6543670623256,-4.7560879259192,-2.30436706368152));
#5991=CARTESIAN_POINT('Ctrl Pts',(18.6543670623256,-3.87815009001849,-2.34603373028151));
#5992=CARTESIAN_POINT('Ctrl Pts',(19.4146835312128,-3.43918117206814,-2.38770039698151));
#5993=CARTESIAN_POINT('Ctrl Pts',(20.175,-3.00021225411778,-2.42936706368151));
#5994=CARTESIAN_POINT('Ctrl Pts',(20.9353164687872,-3.43918117206814,-2.47103373028151));
#5995=CARTESIAN_POINT('Ctrl Pts',(21.6956329376744,-3.87815009001849,-2.51270039698151));
#5996=CARTESIAN_POINT('Ctrl Pts',(21.6956329376744,-4.7560879259192,-2.55436706368152));
#5997=CARTESIAN_POINT('Ctrl Pts',(21.6956329376744,-5.63402576181992,-2.59603373028152));
#5998=CARTESIAN_POINT('Ctrl Pts',(20.9353164687872,-6.07299467977027,-2.63770039698151));
#5999=CARTESIAN_POINT('Ctrl Pts',(20.175,-6.51196359772062,-2.67936706368152));
#6000=CARTESIAN_POINT('Ctrl Pts',(19.4146835312128,-6.07299467977027,-2.72103373028152));
#6001=CARTESIAN_POINT('Ctrl Pts',(18.6543670623256,-5.63402576181992,-2.76270039698151));
#6002=CARTESIAN_POINT('Ctrl Pts',(18.6543670623256,-4.7560879259192,-2.80436706368152));
#6003=CARTESIAN_POINT('Ctrl Pts',(18.6543670623256,-3.87815009001849,-2.84603373028152));
#6004=CARTESIAN_POINT('Ctrl Pts',(19.4146835312128,-3.43918117206814,-2.88770039698151));
#6005=CARTESIAN_POINT('Ctrl Pts',(20.175,-3.00021225411778,-2.92936706368152));
#6006=CARTESIAN_POINT('Ctrl Pts',(20.9353164687872,-3.43918117206814,-2.97103373028151));
#6007=CARTESIAN_POINT('Ctrl Pts',(21.6956329376744,-3.87815009001849,-3.01270039698151));
#6008=CARTESIAN_POINT('Ctrl Pts',(21.6956329376744,-4.7560879259192,-3.05436706368151));
#6009=CARTESIAN_POINT('Ctrl Pts',(21.6956329376744,-5.63402576181992,-3.09603373028152));
#6010=CARTESIAN_POINT('Ctrl Pts',(20.9353164687872,-6.07299467977027,-3.13770039698152));
#6011=CARTESIAN_POINT('Ctrl Pts',(20.175,-6.51196359772062,-3.17936706368152));
#6012=CARTESIAN_POINT('Ctrl Pts',(19.4146835312128,-6.07299467977027,-3.22103373028152));
#6013=CARTESIAN_POINT('Ctrl Pts',(18.6543670623256,-5.63402576181992,-3.26270039698151));
#6014=CARTESIAN_POINT('Ctrl Pts',(18.6543670623256,-4.7560879259192,-3.30436706368151));
#6015=CARTESIAN_POINT('Ctrl Pts',(18.6543670623256,-3.87815009001849,-3.34603373028151));
#6016=CARTESIAN_POINT('Ctrl Pts',(19.4146835312128,-3.43918117206814,-3.38770039698152));
#6017=CARTESIAN_POINT('Ctrl Pts',(20.175,-3.00021225411778,-3.42936706368152));
#6018=CARTESIAN_POINT('Ctrl Pts',(20.9353164687872,-3.43918117206814,-3.47103373028152));
#6019=CARTESIAN_POINT('Ctrl Pts',(21.6956329376744,-3.87815009001849,-3.51270039698151));
#6020=CARTESIAN_POINT('Ctrl Pts',(21.6956329376744,-4.7560879259192,-3.55436706368152));
#6021=CARTESIAN_POINT('Ctrl Pts',(21.6956329376744,-5.63402576181992,-3.59603373028151));
#6022=CARTESIAN_POINT('Ctrl Pts',(20.9353164687872,-6.07299467977027,-3.63770039698151));
#6023=CARTESIAN_POINT('Ctrl Pts',(20.175,-6.51196359772062,-3.67936706368152));
#6024=CARTESIAN_POINT('Ctrl Pts',(19.4146835312128,-6.07299467977027,-3.72103373028152));
#6025=CARTESIAN_POINT('Ctrl Pts',(18.6543670623256,-5.63402576181992,-3.76270039698152));
#6026=CARTESIAN_POINT('Ctrl Pts',(18.6543670623256,-4.7560879259192,-3.80436706368152));
#6027=CARTESIAN_POINT('Ctrl Pts',(18.6543670623256,-3.87815009001849,-3.84603373028151));
#6028=CARTESIAN_POINT('Ctrl Pts',(19.4146835312128,-3.43918117206814,-3.88770039698152));
#6029=CARTESIAN_POINT('Ctrl Pts',(20.175,-3.00021225411778,-3.92936706368152));
#6030=CARTESIAN_POINT('Ctrl Pts',(20.9353164687872,-3.43918117206814,-3.97103373028151));
#6031=CARTESIAN_POINT('Ctrl Pts',(21.6956329376744,-3.87815009001849,-4.01270039698151));
#6032=CARTESIAN_POINT('Ctrl Pts',(21.6956329376744,-4.7560879259192,-4.05436706368152));
#6033=CARTESIAN_POINT('Ctrl Pts',(21.6956329376744,-5.63402576181992,-4.09603373028152));
#6034=CARTESIAN_POINT('Ctrl Pts',(20.9353164687872,-6.07299467977027,-4.13770039698151));
#6035=CARTESIAN_POINT('Ctrl Pts',(20.175,-6.51196359772062,-4.17936706368152));
#6036=CARTESIAN_POINT('Ctrl Pts',(19.4146835312128,-6.07299467977027,-4.22103373028151));
#6037=CARTESIAN_POINT('Ctrl Pts',(18.6543670623256,-5.63402576181992,-4.26270039698152));
#6038=CARTESIAN_POINT('Ctrl Pts',(18.6543670623256,-4.7560879259192,-4.30436706368151));
#6039=CARTESIAN_POINT('Ctrl Pts',(18.6543670623256,-3.87815009001849,-4.34603373028152));
#6040=CARTESIAN_POINT('Ctrl Pts',(19.4146835312128,-3.43918117206814,-4.38770039698151));
#6041=CARTESIAN_POINT('Ctrl Pts',(20.175,-3.00021225411778,-4.42936706368151));
#6042=CARTESIAN_POINT('Ctrl Pts',(20.9353164687872,-3.43918117206814,-4.47103373028152));
#6043=CARTESIAN_POINT('Ctrl Pts',(21.6956329376744,-3.87815009001849,-4.51270039698151));
#6044=CARTESIAN_POINT('Ctrl Pts',(21.6956329376744,-4.7560879259192,-4.55436706368152));
#6045=CARTESIAN_POINT('Ctrl Pts',(21.6956329376744,-5.63402576181992,-4.59603373028152));
#6046=CARTESIAN_POINT('Ctrl Pts',(20.9353164687872,-6.07299467977027,-4.63770039698152));
#6047=CARTESIAN_POINT('Ctrl Pts',(20.175,-6.51196359772062,-4.67936706368152));
#6048=CARTESIAN_POINT('Ctrl Pts',(19.4146835312128,-6.07299467977027,-4.72103373028152));
#6049=CARTESIAN_POINT('Ctrl Pts',(18.6543670623256,-5.63402576181992,-4.76270039698151));
#6050=CARTESIAN_POINT('Ctrl Pts',(18.6543670623256,-4.7560879259192,-4.80436706368152));
#6051=CARTESIAN_POINT('Ctrl Pts',(18.6543670623256,-3.87815009001849,-4.84603373028151));
#6052=CARTESIAN_POINT('Ctrl Pts',(19.4146835312128,-3.43918117206814,-4.88770039698151));
#6053=CARTESIAN_POINT('Ctrl Pts',(20.175,-3.00021225411778,-4.92936706368152));
#6054=CARTESIAN_POINT('Ctrl Pts',(20.9353164687872,-3.43918117206814,-4.97103373028151));
#6055=CARTESIAN_POINT('Ctrl Pts',(21.6956329376744,-3.87815009001849,-5.01270039698151));
#6056=CARTESIAN_POINT('Ctrl Pts',(21.6956329376744,-4.7560879259192,-5.05436706368152));
#6057=CARTESIAN_POINT('Ctrl Pts',(21.6956329376744,-5.63402576181992,-5.09603373028152));
#6058=CARTESIAN_POINT('Ctrl Pts',(20.9353164687872,-6.07299467977027,-5.13770039698152));
#6059=CARTESIAN_POINT('Ctrl Pts',(20.175,-6.51196359772062,-5.17936706368152));
#6060=CARTESIAN_POINT('Ctrl Pts',(19.4146835312128,-6.07299467977027,-5.22103373028152));
#6061=CARTESIAN_POINT('Ctrl Pts',(18.6543670623256,-5.63402576181992,-5.26270039698152));
#6062=CARTESIAN_POINT('Ctrl Pts',(18.6543670623256,-4.7560879259192,-5.30436706368152));
#6063=CARTESIAN_POINT('Ctrl Pts',(18.6543670623256,-3.87815009001849,-5.34603373028152));
#6064=CARTESIAN_POINT('Ctrl Pts',(19.4146835312128,-3.43918117206814,-5.38770039698151));
#6065=CARTESIAN_POINT('Ctrl Pts',(20.175,-3.00021225411778,-5.42936706368152));
#6066=CARTESIAN_POINT('Ctrl Pts',(20.9353164687872,-3.43918117206814,-5.47103373028151));
#6067=CARTESIAN_POINT('Ctrl Pts',(21.6956329376744,-3.87815009001849,-5.51270039698151));
#6068=CARTESIAN_POINT('Ctrl Pts',(21.6956329376744,-4.7560879259192,-5.55436706368152));
#6069=CARTESIAN_POINT('Ctrl Pts',(21.6956329376744,-5.63402576181992,-5.59603373028152));
#6070=CARTESIAN_POINT('Ctrl Pts',(20.9353164687872,-6.07299467977027,-5.63770039698152));
#6071=CARTESIAN_POINT('Ctrl Pts',(20.175,-6.51196359772062,-5.67936706368152));
#6072=CARTESIAN_POINT('Ctrl Pts',(19.4146835312128,-6.07299467977027,-5.72103373028152));
#6073=CARTESIAN_POINT('Ctrl Pts',(18.6543670623256,-5.63402576181992,-5.76270039698152));
#6074=CARTESIAN_POINT('Ctrl Pts',(18.6543670623256,-4.7560879259192,-5.80436706368152));
#6075=CARTESIAN_POINT('Ctrl Pts',(18.925,-4.7560879259192,2.3518829357192));
#6076=CARTESIAN_POINT('Ctrl Pts',(18.925,-4.0344000894192,2.3102162691192));
#6077=CARTESIAN_POINT('Ctrl Pts',(19.55,-3.6735561711192,2.2685496024192));
#6078=CARTESIAN_POINT('Ctrl Pts',(20.175,-3.3127122529192,2.2268829357192));
#6079=CARTESIAN_POINT('Ctrl Pts',(20.8,-3.6735561711192,2.1852162691192));
#6080=CARTESIAN_POINT('Ctrl Pts',(21.425,-4.0344000894192,2.1435496024192));
#6081=CARTESIAN_POINT('Ctrl Pts',(21.425,-4.7560879259192,2.1018829357192));
#6082=CARTESIAN_POINT('Ctrl Pts',(21.425,-5.4777757623192,2.0602162691192));
#6083=CARTESIAN_POINT('Ctrl Pts',(20.8,-5.8386196806192,2.0185496024192));
#6084=CARTESIAN_POINT('Ctrl Pts',(20.175,-6.1994635988192,1.9768829357192));
#6085=CARTESIAN_POINT('Ctrl Pts',(19.55,-5.8386196806192,1.9352162691192));
#6086=CARTESIAN_POINT('Ctrl Pts',(18.925,-5.4777757623192,1.8935496024192));
#6087=CARTESIAN_POINT('Ctrl Pts',(18.925,-4.7560879259192,1.8518829357192));
#6088=CARTESIAN_POINT('Ctrl Pts',(18.925,-4.0344000894192,1.8102162691192));
#6089=CARTESIAN_POINT('Ctrl Pts',(19.55,-3.6735561711192,1.7685496024192));
#6090=CARTESIAN_POINT('Ctrl Pts',(20.175,-3.3127122529192,1.7268829357192));
#6091=CARTESIAN_POINT('Ctrl Pts',(20.8,-3.6735561711192,1.6852162691192));
#6092=CARTESIAN_POINT('Ctrl Pts',(21.425,-4.0344000894192,1.6435496024192));
#6093=CARTESIAN_POINT('Ctrl Pts',(21.425,-4.7560879259192,1.6018829357192));
#6094=CARTESIAN_POINT('Ctrl Pts',(21.425,-5.4777757623192,1.5602162691192));
#6095=CARTESIAN_POINT('Ctrl Pts',(20.8,-5.8386196806192,1.5185496024192));
#6096=CARTESIAN_POINT('Ctrl Pts',(20.175,-6.1994635988192,1.4768829357192));
#6097=CARTESIAN_POINT('Ctrl Pts',(19.55,-5.8386196806192,1.4352162691192));
#6098=CARTESIAN_POINT('Ctrl Pts',(18.925,-5.4777757623192,1.3935496024192));
#6099=CARTESIAN_POINT('Ctrl Pts',(18.925,-4.7560879259192,1.3518829357192));
#6100=CARTESIAN_POINT('Ctrl Pts',(18.925,-4.0344000894192,1.3102162691192));
#6101=CARTESIAN_POINT('Ctrl Pts',(19.55,-3.6735561711192,1.2685496024192));
#6102=CARTESIAN_POINT('Ctrl Pts',(20.175,-3.3127122529192,1.2268829357192));
#6103=CARTESIAN_POINT('Ctrl Pts',(20.8,-3.6735561711192,1.1852162691192));
#6104=CARTESIAN_POINT('Ctrl Pts',(21.425,-4.0344000894192,1.1435496024192));
#6105=CARTESIAN_POINT('Ctrl Pts',(21.425,-4.7560879259192,1.1018829357192));
#6106=CARTESIAN_POINT('Ctrl Pts',(21.425,-5.4777757623192,1.0602162691192));
#6107=CARTESIAN_POINT('Ctrl Pts',(20.8,-5.8386196806192,1.0185496024192));
#6108=CARTESIAN_POINT('Ctrl Pts',(20.175,-6.1994635988192,0.976882935719195));
#6109=CARTESIAN_POINT('Ctrl Pts',(19.55,-5.8386196806192,0.935216269119196));
#6110=CARTESIAN_POINT('Ctrl Pts',(18.925,-5.4777757623192,0.893549602419196));
#6111=CARTESIAN_POINT('Ctrl Pts',(18.925,-4.7560879259192,0.851882935719196));
#6112=CARTESIAN_POINT('Ctrl Pts',(18.925,-4.0344000894192,0.810216269119196));
#6113=CARTESIAN_POINT('Ctrl Pts',(19.55,-3.6735561711192,0.768549602419196));
#6114=CARTESIAN_POINT('Ctrl Pts',(20.175,-3.3127122529192,0.726882935719196));
#6115=CARTESIAN_POINT('Ctrl Pts',(20.8,-3.6735561711192,0.685216269119197));
#6116=CARTESIAN_POINT('Ctrl Pts',(21.425,-4.0344000894192,0.643549602419197));
#6117=CARTESIAN_POINT('Ctrl Pts',(21.425,-4.7560879259192,0.601882935719196));
#6118=CARTESIAN_POINT('Ctrl Pts',(21.425,-5.4777757623192,0.560216269119196));
#6119=CARTESIAN_POINT('Ctrl Pts',(20.8,-5.8386196806192,0.518549602419196));
#6120=CARTESIAN_POINT('Ctrl Pts',(20.175,-6.1994635988192,0.476882935719196));
#6121=CARTESIAN_POINT('Ctrl Pts',(19.55,-5.8386196806192,0.435216269119195));
#6122=CARTESIAN_POINT('Ctrl Pts',(18.925,-5.4777757623192,0.393549602419196));
#6123=CARTESIAN_POINT('Ctrl Pts',(18.925,-4.7560879259192,0.351882935719196));
#6124=CARTESIAN_POINT('Ctrl Pts',(18.925,-4.0344000894192,0.310216269119196));
#6125=CARTESIAN_POINT('Ctrl Pts',(19.55,-3.6735561711192,0.268549602419196));
#6126=CARTESIAN_POINT('Ctrl Pts',(20.175,-3.3127122529192,0.226882935719196));
#6127=CARTESIAN_POINT('Ctrl Pts',(20.8,-3.6735561711192,0.185216269119196));
#6128=CARTESIAN_POINT('Ctrl Pts',(21.425,-4.0344000894192,0.143549602419196));
#6129=CARTESIAN_POINT('Ctrl Pts',(21.425,-4.7560879259192,0.101882935719196));
#6130=CARTESIAN_POINT('Ctrl Pts',(21.425,-5.4777757623192,0.060216269119196));
#6131=CARTESIAN_POINT('Ctrl Pts',(20.8,-5.8386196806192,0.0185496024191956));
#6132=CARTESIAN_POINT('Ctrl Pts',(20.175,-6.1994635988192,-0.0231170642808043));
#6133=CARTESIAN_POINT('Ctrl Pts',(19.55,-5.8386196806192,-0.0647837308808041));
#6134=CARTESIAN_POINT('Ctrl Pts',(18.925,-5.4777757623192,-0.106450397580804));
#6135=CARTESIAN_POINT('Ctrl Pts',(18.925,-4.7560879259192,-0.148117064280804));
#6136=CARTESIAN_POINT('Ctrl Pts',(18.925,-4.0344000894192,-0.189783730880804));
#6137=CARTESIAN_POINT('Ctrl Pts',(19.55,-3.6735561711192,-0.231450397580804));
#6138=CARTESIAN_POINT('Ctrl Pts',(20.175,-3.3127122529192,-0.273117064280803));
#6139=CARTESIAN_POINT('Ctrl Pts',(20.8,-3.6735561711192,-0.314783730880804));
#6140=CARTESIAN_POINT('Ctrl Pts',(21.425,-4.0344000894192,-0.356450397580804));
#6141=CARTESIAN_POINT('Ctrl Pts',(21.425,-4.7560879259192,-0.398117064280804));
#6142=CARTESIAN_POINT('Ctrl Pts',(21.425,-5.4777757623192,-0.439783730880804));
#6143=CARTESIAN_POINT('Ctrl Pts',(20.8,-5.8386196806192,-0.481450397580804));
#6144=CARTESIAN_POINT('Ctrl Pts',(20.175,-6.1994635988192,-0.523117064280804));
#6145=CARTESIAN_POINT('Ctrl Pts',(19.55,-5.8386196806192,-0.564783730880804));
#6146=CARTESIAN_POINT('Ctrl Pts',(18.925,-5.4777757623192,-0.606450397580804));
#6147=CARTESIAN_POINT('Ctrl Pts',(18.925,-4.7560879259192,-0.648117064280804));
#6148=CARTESIAN_POINT('Ctrl Pts',(18.925,-4.0344000894192,-0.689783730880804));
#6149=CARTESIAN_POINT('Ctrl Pts',(19.55,-3.6735561711192,-0.731450397580804));
#6150=CARTESIAN_POINT('Ctrl Pts',(20.175,-3.3127122529192,-0.773117064280804));
#6151=CARTESIAN_POINT('Ctrl Pts',(20.8,-3.6735561711192,-0.814783730880804));
#6152=CARTESIAN_POINT('Ctrl Pts',(21.425,-4.0344000894192,-0.856450397580804));
#6153=CARTESIAN_POINT('Ctrl Pts',(21.425,-4.7560879259192,-0.898117064280804));
#6154=CARTESIAN_POINT('Ctrl Pts',(21.425,-5.4777757623192,-0.939783730880804));
#6155=CARTESIAN_POINT('Ctrl Pts',(20.8,-5.8386196806192,-0.981450397580804));
#6156=CARTESIAN_POINT('Ctrl Pts',(20.175,-6.1994635988192,-1.0231170642808));
#6157=CARTESIAN_POINT('Ctrl Pts',(19.55,-5.8386196806192,-1.0647837308808));
#6158=CARTESIAN_POINT('Ctrl Pts',(18.925,-5.4777757623192,-1.1064503975808));
#6159=CARTESIAN_POINT('Ctrl Pts',(18.925,-4.7560879259192,-1.1481170642808));
#6160=CARTESIAN_POINT('Ctrl Pts',(18.925,-4.0344000894192,-1.1897837308808));
#6161=CARTESIAN_POINT('Ctrl Pts',(19.55,-3.6735561711192,-1.2314503975808));
#6162=CARTESIAN_POINT('Ctrl Pts',(20.175,-3.3127122529192,-1.2731170642808));
#6163=CARTESIAN_POINT('Ctrl Pts',(20.8,-3.6735561711192,-1.3147837308808));
#6164=CARTESIAN_POINT('Ctrl Pts',(21.425,-4.0344000894192,-1.3564503975808));
#6165=CARTESIAN_POINT('Ctrl Pts',(21.425,-4.7560879259192,-1.3981170642808));
#6166=CARTESIAN_POINT('Ctrl Pts',(21.425,-5.4777757623192,-1.4397837308808));
#6167=CARTESIAN_POINT('Ctrl Pts',(20.8,-5.8386196806192,-1.4814503975808));
#6168=CARTESIAN_POINT('Ctrl Pts',(20.175,-6.1994635988192,-1.5231170642808));
#6169=CARTESIAN_POINT('Ctrl Pts',(19.55,-5.8386196806192,-1.5647837308808));
#6170=CARTESIAN_POINT('Ctrl Pts',(18.925,-5.4777757623192,-1.6064503975808));
#6171=CARTESIAN_POINT('Ctrl Pts',(18.925,-4.7560879259192,-1.6481170642808));
#6172=CARTESIAN_POINT('Ctrl Pts',(18.925,-4.0344000894192,-1.6897837308808));
#6173=CARTESIAN_POINT('Ctrl Pts',(19.55,-3.6735561711192,-1.7314503975808));
#6174=CARTESIAN_POINT('Ctrl Pts',(20.175,-3.3127122529192,-1.7731170642808));
#6175=CARTESIAN_POINT('Ctrl Pts',(20.8,-3.6735561711192,-1.8147837308808));
#6176=CARTESIAN_POINT('Ctrl Pts',(21.425,-4.0344000894192,-1.8564503975808));
#6177=CARTESIAN_POINT('Ctrl Pts',(21.425,-4.7560879259192,-1.8981170642808));
#6178=CARTESIAN_POINT('Ctrl Pts',(21.425,-5.4777757623192,-1.9397837308808));
#6179=CARTESIAN_POINT('Ctrl Pts',(20.8,-5.8386196806192,-1.9814503975808));
#6180=CARTESIAN_POINT('Ctrl Pts',(20.175,-6.1994635988192,-2.0231170642808));
#6181=CARTESIAN_POINT('Ctrl Pts',(19.55,-5.8386196806192,-2.06478373088081));
#6182=CARTESIAN_POINT('Ctrl Pts',(18.925,-5.4777757623192,-2.1064503975808));
#6183=CARTESIAN_POINT('Ctrl Pts',(18.925,-4.7560879259192,-2.1481170642808));
#6184=CARTESIAN_POINT('Ctrl Pts',(18.925,-4.0344000894192,-2.1897837308808));
#6185=CARTESIAN_POINT('Ctrl Pts',(19.55,-3.6735561711192,-2.2314503975808));
#6186=CARTESIAN_POINT('Ctrl Pts',(20.175,-3.3127122529192,-2.2731170642808));
#6187=CARTESIAN_POINT('Ctrl Pts',(20.8,-3.6735561711192,-2.3147837308808));
#6188=CARTESIAN_POINT('Ctrl Pts',(21.425,-4.0344000894192,-2.3564503975808));
#6189=CARTESIAN_POINT('Ctrl Pts',(21.425,-4.7560879259192,-2.3981170642808));
#6190=CARTESIAN_POINT('Ctrl Pts',(21.425,-5.4777757623192,-2.4397837308808));
#6191=CARTESIAN_POINT('Ctrl Pts',(20.8,-5.8386196806192,-2.4814503975808));
#6192=CARTESIAN_POINT('Ctrl Pts',(20.175,-6.1994635988192,-2.5231170642808));
#6193=CARTESIAN_POINT('Ctrl Pts',(19.55,-5.8386196806192,-2.56478373088081));
#6194=CARTESIAN_POINT('Ctrl Pts',(18.925,-5.4777757623192,-2.6064503975808));
#6195=CARTESIAN_POINT('Ctrl Pts',(18.925,-4.7560879259192,-2.6481170642808));
#6196=CARTESIAN_POINT('Ctrl Pts',(18.925,-4.0344000894192,-2.68978373088081));
#6197=CARTESIAN_POINT('Ctrl Pts',(19.55,-3.6735561711192,-2.7314503975808));
#6198=CARTESIAN_POINT('Ctrl Pts',(20.175,-3.3127122529192,-2.7731170642808));
#6199=CARTESIAN_POINT('Ctrl Pts',(20.8,-3.6735561711192,-2.8147837308808));
#6200=CARTESIAN_POINT('Ctrl Pts',(21.425,-4.0344000894192,-2.8564503975808));
#6201=CARTESIAN_POINT('Ctrl Pts',(21.425,-4.7560879259192,-2.8981170642808));
#6202=CARTESIAN_POINT('Ctrl Pts',(21.425,-5.4777757623192,-2.9397837308808));
#6203=CARTESIAN_POINT('Ctrl Pts',(20.8,-5.8386196806192,-2.9814503975808));
#6204=CARTESIAN_POINT('Ctrl Pts',(20.175,-6.1994635988192,-3.0231170642808));
#6205=CARTESIAN_POINT('Ctrl Pts',(19.55,-5.8386196806192,-3.0647837308808));
#6206=CARTESIAN_POINT('Ctrl Pts',(18.925,-5.4777757623192,-3.1064503975808));
#6207=CARTESIAN_POINT('Ctrl Pts',(18.925,-4.7560879259192,-3.1481170642808));
#6208=CARTESIAN_POINT('Ctrl Pts',(18.925,-4.0344000894192,-3.1897837308808));
#6209=CARTESIAN_POINT('Ctrl Pts',(19.55,-3.6735561711192,-3.2314503975808));
#6210=CARTESIAN_POINT('Ctrl Pts',(20.175,-3.3127122529192,-3.2731170642808));
#6211=CARTESIAN_POINT('Ctrl Pts',(20.8,-3.6735561711192,-3.3147837308808));
#6212=CARTESIAN_POINT('Ctrl Pts',(21.425,-4.0344000894192,-3.3564503975808));
#6213=CARTESIAN_POINT('Ctrl Pts',(21.425,-4.7560879259192,-3.3981170642808));
#6214=CARTESIAN_POINT('Ctrl Pts',(21.425,-5.4777757623192,-3.4397837308808));
#6215=CARTESIAN_POINT('Ctrl Pts',(20.8,-5.8386196806192,-3.4814503975808));
#6216=CARTESIAN_POINT('Ctrl Pts',(20.175,-6.1994635988192,-3.5231170642808));
#6217=CARTESIAN_POINT('Ctrl Pts',(19.55,-5.8386196806192,-3.5647837308808));
#6218=CARTESIAN_POINT('Ctrl Pts',(18.925,-5.4777757623192,-3.6064503975808));
#6219=CARTESIAN_POINT('Ctrl Pts',(18.925,-4.7560879259192,-3.6481170642808));
#6220=CARTESIAN_POINT('Ctrl Pts',(18.925,-4.0344000894192,-3.6897837308808));
#6221=CARTESIAN_POINT('Ctrl Pts',(19.55,-3.6735561711192,-3.7314503975808));
#6222=CARTESIAN_POINT('Ctrl Pts',(20.175,-3.3127122529192,-3.7731170642808));
#6223=CARTESIAN_POINT('Ctrl Pts',(20.8,-3.6735561711192,-3.8147837308808));
#6224=CARTESIAN_POINT('Ctrl Pts',(21.425,-4.0344000894192,-3.8564503975808));
#6225=CARTESIAN_POINT('Ctrl Pts',(21.425,-4.7560879259192,-3.8981170642808));
#6226=CARTESIAN_POINT('Ctrl Pts',(21.425,-5.4777757623192,-3.93978373088081));
#6227=CARTESIAN_POINT('Ctrl Pts',(20.8,-5.8386196806192,-3.9814503975808));
#6228=CARTESIAN_POINT('Ctrl Pts',(20.175,-6.1994635988192,-4.0231170642808));
#6229=CARTESIAN_POINT('Ctrl Pts',(19.55,-5.8386196806192,-4.0647837308808));
#6230=CARTESIAN_POINT('Ctrl Pts',(18.925,-5.4777757623192,-4.1064503975808));
#6231=CARTESIAN_POINT('Ctrl Pts',(18.925,-4.7560879259192,-4.1481170642808));
#6232=CARTESIAN_POINT('Ctrl Pts',(18.925,-4.0344000894192,-4.1897837308808));
#6233=CARTESIAN_POINT('Ctrl Pts',(19.55,-3.6735561711192,-4.2314503975808));
#6234=CARTESIAN_POINT('Ctrl Pts',(20.175,-3.3127122529192,-4.2731170642808));
#6235=CARTESIAN_POINT('Ctrl Pts',(20.8,-3.6735561711192,-4.3147837308808));
#6236=CARTESIAN_POINT('Ctrl Pts',(21.425,-4.0344000894192,-4.3564503975808));
#6237=CARTESIAN_POINT('Ctrl Pts',(21.425,-4.7560879259192,-4.3981170642808));
#6238=CARTESIAN_POINT('Ctrl Pts',(21.425,-5.4777757623192,-4.43978373088081));
#6239=CARTESIAN_POINT('Ctrl Pts',(20.8,-5.8386196806192,-4.48145039758081));
#6240=CARTESIAN_POINT('Ctrl Pts',(20.175,-6.1994635988192,-4.5231170642808));
#6241=CARTESIAN_POINT('Ctrl Pts',(19.55,-5.8386196806192,-4.56478373088081));
#6242=CARTESIAN_POINT('Ctrl Pts',(18.925,-5.4777757623192,-4.6064503975808));
#6243=CARTESIAN_POINT('Ctrl Pts',(18.925,-4.7560879259192,-4.6481170642808));
#6244=CARTESIAN_POINT('Ctrl Pts',(18.925,-4.0344000894192,-4.6897837308808));
#6245=CARTESIAN_POINT('Ctrl Pts',(19.55,-3.6735561711192,-4.7314503975808));
#6246=CARTESIAN_POINT('Ctrl Pts',(20.175,-3.3127122529192,-4.7731170642808));
#6247=CARTESIAN_POINT('Ctrl Pts',(20.8,-3.6735561711192,-4.8147837308808));
#6248=CARTESIAN_POINT('Ctrl Pts',(21.425,-4.0344000894192,-4.8564503975808));
#6249=CARTESIAN_POINT('Ctrl Pts',(21.425,-4.7560879259192,-4.8981170642808));
#6250=CARTESIAN_POINT('Ctrl Pts',(21.425,-5.4777757623192,-4.93978373088081));
#6251=CARTESIAN_POINT('Ctrl Pts',(20.8,-5.8386196806192,-4.98145039758081));
#6252=CARTESIAN_POINT('Ctrl Pts',(20.175,-6.1994635988192,-5.0231170642808));
#6253=CARTESIAN_POINT('Ctrl Pts',(19.55,-5.8386196806192,-5.06478373088081));
#6254=CARTESIAN_POINT('Ctrl Pts',(18.925,-5.4777757623192,-5.10645039758081));
#6255=CARTESIAN_POINT('Ctrl Pts',(18.925,-4.7560879259192,-5.1481170642808));
#6256=CARTESIAN_POINT('Ctrl Pts',(18.925,-4.0344000894192,-5.1897837308808));
#6257=CARTESIAN_POINT('Ctrl Pts',(19.55,-3.6735561711192,-5.2314503975808));
#6258=CARTESIAN_POINT('Ctrl Pts',(20.175,-3.3127122529192,-5.2731170642808));
#6259=CARTESIAN_POINT('Ctrl Pts',(20.8,-3.6735561711192,-5.3147837308808));
#6260=CARTESIAN_POINT('Ctrl Pts',(21.425,-4.0344000894192,-5.3564503975808));
#6261=CARTESIAN_POINT('Ctrl Pts',(21.425,-4.7560879259192,-5.3981170642808));
#6262=CARTESIAN_POINT('Ctrl Pts',(21.425,-5.4777757623192,-5.4397837308808));
#6263=CARTESIAN_POINT('Ctrl Pts',(20.8,-5.8386196806192,-5.4814503975808));
#6264=CARTESIAN_POINT('Ctrl Pts',(20.175,-6.1994635988192,-5.5231170642808));
#6265=CARTESIAN_POINT('Ctrl Pts',(19.55,-5.8386196806192,-5.56478373088081));
#6266=CARTESIAN_POINT('Ctrl Pts',(18.925,-5.4777757623192,-5.60645039758081));
#6267=CARTESIAN_POINT('Ctrl Pts',(18.925,-4.7560879259192,-5.6481170642808));
#6268=CARTESIAN_POINT('Origin',(20.175,-6.55886675061921,19.4768829371192));
#6269=UNCERTAINTY_MEASURE_WITH_UNIT(LENGTH_MEASURE(0.01),#6273,
'DISTANCE_ACCURACY_VALUE',
'Maximum model space distance between geometric entities at asserted c
onnectivities');
#6270=UNCERTAINTY_MEASURE_WITH_UNIT(LENGTH_MEASURE(0.01),#6273,
'DISTANCE_ACCURACY_VALUE',
'Maximum model space distance between geometric entities at asserted c
onnectivities');
#6271=(
GEOMETRIC_REPRESENTATION_CONTEXT(3)
GLOBAL_UNCERTAINTY_ASSIGNED_CONTEXT((#6269))
GLOBAL_UNIT_ASSIGNED_CONTEXT((#6273,#6275,#6276))
REPRESENTATION_CONTEXT('','3D')
);
#6272=(
GEOMETRIC_REPRESENTATION_CONTEXT(3)
GLOBAL_UNCERTAINTY_ASSIGNED_CONTEXT((#6270))
GLOBAL_UNIT_ASSIGNED_CONTEXT((#6273,#6275,#6276))
REPRESENTATION_CONTEXT('','3D')
);
#6273=(
LENGTH_UNIT()
NAMED_UNIT(*)
SI_UNIT(.MILLI.,.METRE.)
);
#6274=(
LENGTH_UNIT()
NAMED_UNIT(*)
SI_UNIT($,.METRE.)
);
#6275=(
NAMED_UNIT(*)
PLANE_ANGLE_UNIT()
SI_UNIT($,.RADIAN.)
);
#6276=(
NAMED_UNIT(*)
SI_UNIT($,.STERADIAN.)
SOLID_ANGLE_UNIT()
);
#6277=SHAPE_DEFINITION_REPRESENTATION(#6278,#6279);
#6278=PRODUCT_DEFINITION_SHAPE('',$,#6281);
#6279=SHAPE_REPRESENTATION('',(#2396),#6271);
#6280=PRODUCT_DEFINITION_CONTEXT('part definition',#6285,'design');
#6281=PRODUCT_DEFINITION('Extruder','Extruder',#6282,#6280);
#6282=PRODUCT_DEFINITION_FORMATION('',$,#6287);
#6283=PRODUCT_RELATED_PRODUCT_CATEGORY('Extruder','Extruder',(#6287));
#6284=APPLICATION_PROTOCOL_DEFINITION('international standard',
'automotive_design',2009,#6285);
#6285=APPLICATION_CONTEXT(
'Core Data for Automotive Mechanical Design Process');
#6286=PRODUCT_CONTEXT('part definition',#6285,'mechanical');
#6287=PRODUCT('Extruder','Extruder',$,(#6286));
#6288=PRESENTATION_STYLE_ASSIGNMENT((#6293));
#6289=PRESENTATION_STYLE_ASSIGNMENT((#6294));
#6290=PRESENTATION_STYLE_ASSIGNMENT((#6295));
#6291=PRESENTATION_STYLE_ASSIGNMENT((#6296));
#6292=PRESENTATION_STYLE_ASSIGNMENT((#6297));
#6293=SURFACE_STYLE_USAGE(.BOTH.,#6298);
#6294=SURFACE_STYLE_USAGE(.BOTH.,#6299);
#6295=SURFACE_STYLE_USAGE(.BOTH.,#6300);
#6296=SURFACE_STYLE_USAGE(.BOTH.,#6301);
#6297=SURFACE_STYLE_USAGE(.BOTH.,#6302);
#6298=SURFACE_SIDE_STYLE('',(#6303));
#6299=SURFACE_SIDE_STYLE('',(#6304));
#6300=SURFACE_SIDE_STYLE('',(#6305));
#6301=SURFACE_SIDE_STYLE('',(#6306));
#6302=SURFACE_SIDE_STYLE('',(#6307));
#6303=SURFACE_STYLE_FILL_AREA(#6308);
#6304=SURFACE_STYLE_FILL_AREA(#6309);
#6305=SURFACE_STYLE_FILL_AREA(#6310);
#6306=SURFACE_STYLE_FILL_AREA(#6311);
#6307=SURFACE_STYLE_FILL_AREA(#6312);
#6308=FILL_AREA_STYLE('Steel - Satin',(#6313));
#6309=FILL_AREA_STYLE('Opaque(255,0,0) (1)',(#6314));
#6310=FILL_AREA_STYLE('Opaque(255,0,0)',(#6315));
#6311=FILL_AREA_STYLE('Opaque(198,193,188)',(#6316));
#6312=FILL_AREA_STYLE('Opaque(23,57,107)',(#6317));
#6313=FILL_AREA_STYLE_COLOUR('Steel - Satin',#6318);
#6314=FILL_AREA_STYLE_COLOUR('Opaque(255,0,0) (1)',#6319);
#6315=FILL_AREA_STYLE_COLOUR('Opaque(255,0,0)',#6320);
#6316=FILL_AREA_STYLE_COLOUR('Opaque(198,193,188)',#6321);
#6317=FILL_AREA_STYLE_COLOUR('Opaque(23,57,107)',#6322);
#6318=COLOUR_RGB('Steel - Satin',0.627450980392157,0.627450980392157,0.627450980392157);
#6319=COLOUR_RGB('Opaque(255,0,0) (1)',0.125490196078431,0.12156862745098,
0.12156862745098);
#6320=COLOUR_RGB('Opaque(255,0,0)',1.,0.,0.);
#6321=COLOUR_RGB('Opaque(198,193,188)',0.776470588235294,0.756862745098039,
0.737254901960784);
#6322=COLOUR_RGB('Opaque(23,57,107)',0.0901960784313725,0.223529411764706,
0.419607843137255);
ENDSEC;
END-ISO-10303-21;
