ISO-10303-21;
HEADER;
/* Generated by software containing ST-Developer
 * from STEP Tools, Inc. (www.steptools.com) 
 */

FILE_DESCRIPTION(
/* description */ (''),
/* implementation_level */ '2;1');

FILE_NAME(
/* name */ '[a]_Secure_Cap_0.3.step',
/* time_stamp */ '2026-10-03T11:21:31-05:00',
/* author */ (''),
/* organization */ (''),
/* preprocessor_version */ 'ST-DEVELOPER v20.1',
/* originating_system */ 'Autodesk Translation Framework v15.8.0.0',
/* authorisation */ '');

FILE_SCHEMA (('AUTOMOTIVE_DESIGN { 1 0 10303 214 3 1 1 }'));
ENDSEC;

DATA;
#10=MECHANICAL_DESIGN_GEOMETRIC_PRESENTATION_REPRESENTATION('',(#13),#4233);
#11=SHAPE_REPRESENTATION_RELATIONSHIP('SRR','None',#4240,#12);
#12=ADVANCED_BREP_SHAPE_REPRESENTATION('',(#14),#4232);
#13=STYLED_ITEM('',(#4250),#14);
#14=MANIFOLD_SOLID_BREP('[a]_Secure_Cap 0.3',#1937);
#15=(
BOUNDED_SURFACE()
B_SPLINE_SURFACE(2,2,((#4115,#4116,#4117),(#4118,#4119,#4120),(#4121,#4122,
#4123)),.UNSPECIFIED.,.F.,.F.,.F.)
B_SPLINE_SURFACE_WITH_KNOTS((3,3),(3,3),(0.252680255142079,1.5707963267949),
(-3.14159265358992,-1.57079632679491),.UNSPECIFIED.)
GEOMETRIC_REPRESENTATION_ITEM()
RATIONAL_B_SPLINE_SURFACE(((1.,0.707106781186509,1.),(0.790569415042095,
0.559016994374918,0.790569415042095),(1.,0.707106781186509,1.)))
REPRESENTATION_ITEM('')
SURFACE()
);
#16=(
BOUNDED_SURFACE()
B_SPLINE_SURFACE(2,2,((#4135,#4136,#4137),(#4138,#4139,#4140),(#4141,#4142,
#4143)),.UNSPECIFIED.,.F.,.F.,.F.)
B_SPLINE_SURFACE_WITH_KNOTS((3,3),(3,3),(0.252680255142079,1.5707963267949),
(-3.14159265359003,-1.57079632679486),.UNSPECIFIED.)
GEOMETRIC_REPRESENTATION_ITEM()
RATIONAL_B_SPLINE_SURFACE(((1.,0.707106781186452,1.),(0.790569415042096,
0.559016994374873,0.790569415042096),(1.,0.707106781186452,1.)))
REPRESENTATION_ITEM('')
SURFACE()
);
#17=(
BOUNDED_SURFACE()
B_SPLINE_SURFACE(2,2,((#4155,#4156,#4157),(#4158,#4159,#4160),(#4161,#4162,
#4163)),.UNSPECIFIED.,.F.,.F.,.F.)
B_SPLINE_SURFACE_WITH_KNOTS((3,3),(3,3),(0.252680255142079,1.5707963267949),
(-3.14159265358979,-1.57079632679489),.UNSPECIFIED.)
GEOMETRIC_REPRESENTATION_ITEM()
RATIONAL_B_SPLINE_SURFACE(((1.,0.707106781186546,1.),(0.790569415042095,
0.559016994374946,0.790569415042095),(1.,0.707106781186546,1.)))
REPRESENTATION_ITEM('')
SURFACE()
);
#18=(
BOUNDED_SURFACE()
B_SPLINE_SURFACE(2,2,((#4175,#4176,#4177),(#4178,#4179,#4180),(#4181,#4182,
#4183)),.UNSPECIFIED.,.F.,.F.,.F.)
B_SPLINE_SURFACE_WITH_KNOTS((3,3),(3,3),(0.252680255142079,1.5707963267949),
(-3.14159265359143,-1.57079632679528),.UNSPECIFIED.)
GEOMETRIC_REPRESENTATION_ITEM()
RATIONAL_B_SPLINE_SURFACE(((1.,0.707106781186106,1.),(0.790569415042097,
0.5590169943746,0.790569415042097),(1.,0.707106781186106,1.)))
REPRESENTATION_ITEM('')
SURFACE()
);
#19=CIRCLE('',#1976,4.);
#20=CIRCLE('',#1977,4.);
#21=CIRCLE('',#1978,4.);
#22=CIRCLE('',#1979,4.);
#23=CIRCLE('',#1980,0.127016653792582);
#24=CIRCLE('',#1982,4.);
#25=CIRCLE('',#1983,4.);
#26=CIRCLE('',#1984,3.99999999999999);
#27=CIRCLE('',#1985,0.127016653792578);
#28=CIRCLE('',#1987,4.);
#29=CIRCLE('',#1988,4.);
#30=CIRCLE('',#1989,4.);
#31=CIRCLE('',#1990,0.127016653792582);
#32=CIRCLE('',#1992,4.);
#33=CIRCLE('',#1993,4.);
#34=CIRCLE('',#1994,4.);
#35=CIRCLE('',#1995,0.127016653792587);
#36=CIRCLE('',#1997,4.);
#37=CIRCLE('',#1999,1.65);
#38=CIRCLE('',#2000,1.65);
#39=CIRCLE('',#2001,1.65);
#40=CIRCLE('',#2004,1.65);
#41=CIRCLE('',#2006,1.65);
#42=CIRCLE('',#2008,1.65);
#43=CYLINDRICAL_SURFACE('',#1975,4.);
#44=CYLINDRICAL_SURFACE('',#1981,4.);
#45=CYLINDRICAL_SURFACE('',#1986,4.);
#46=CYLINDRICAL_SURFACE('',#1991,4.);
#47=CYLINDRICAL_SURFACE('',#1996,4.);
#48=CYLINDRICAL_SURFACE('',#2003,1.65);
#49=CYLINDRICAL_SURFACE('',#2005,1.65);
#50=CYLINDRICAL_SURFACE('',#2007,1.65);
#51=FACE_BOUND('',#217,.T.);
#52=FACE_BOUND('',#282,.T.);
#53=FACE_BOUND('',#295,.T.);
#54=FACE_BOUND('',#296,.T.);
#55=FACE_BOUND('',#297,.T.);
#56=FACE_BOUND('',#298,.T.);
#57=FACE_BOUND('',#299,.T.);
#58=FACE_BOUND('',#300,.T.);
#59=FACE_BOUND('',#301,.T.);
#60=FACE_BOUND('',#309,.T.);
#61=FACE_BOUND('',#310,.T.);
#62=FACE_BOUND('',#311,.T.);
#63=PLANE('',#1951);
#64=PLANE('',#1952);
#65=PLANE('',#1953);
#66=PLANE('',#1954);
#67=PLANE('',#1955);
#68=PLANE('',#1956);
#69=PLANE('',#1957);
#70=PLANE('',#1958);
#71=PLANE('',#1959);
#72=PLANE('',#1960);
#73=PLANE('',#1961);
#74=PLANE('',#1962);
#75=PLANE('',#1963);
#76=PLANE('',#1964);
#77=PLANE('',#1965);
#78=PLANE('',#1966);
#79=PLANE('',#1967);
#80=PLANE('',#1968);
#81=PLANE('',#1969);
#82=PLANE('',#1970);
#83=PLANE('',#1971);
#84=PLANE('',#1972);
#85=PLANE('',#1973);
#86=PLANE('',#1974);
#87=PLANE('',#1998);
#88=PLANE('',#2002);
#89=PLANE('',#2009);
#90=PLANE('',#2010);
#91=PLANE('',#2011);
#92=FACE_OUTER_BOUND('',#196,.T.);
#93=FACE_OUTER_BOUND('',#197,.T.);
#94=FACE_OUTER_BOUND('',#198,.T.);
#95=FACE_OUTER_BOUND('',#199,.T.);
#96=FACE_OUTER_BOUND('',#200,.T.);
#97=FACE_OUTER_BOUND('',#201,.T.);
#98=FACE_OUTER_BOUND('',#202,.T.);
#99=FACE_OUTER_BOUND('',#203,.T.);
#100=FACE_OUTER_BOUND('',#204,.T.);
#101=FACE_OUTER_BOUND('',#205,.T.);
#102=FACE_OUTER_BOUND('',#206,.T.);
#103=FACE_OUTER_BOUND('',#207,.T.);
#104=FACE_OUTER_BOUND('',#208,.T.);
#105=FACE_OUTER_BOUND('',#209,.T.);
#106=FACE_OUTER_BOUND('',#210,.T.);
#107=FACE_OUTER_BOUND('',#211,.T.);
#108=FACE_OUTER_BOUND('',#212,.T.);
#109=FACE_OUTER_BOUND('',#213,.T.);
#110=FACE_OUTER_BOUND('',#214,.T.);
#111=FACE_OUTER_BOUND('',#215,.T.);
#112=FACE_OUTER_BOUND('',#216,.T.);
#113=FACE_OUTER_BOUND('',#218,.T.);
#114=FACE_OUTER_BOUND('',#219,.T.);
#115=FACE_OUTER_BOUND('',#220,.T.);
#116=FACE_OUTER_BOUND('',#221,.T.);
#117=FACE_OUTER_BOUND('',#222,.T.);
#118=FACE_OUTER_BOUND('',#223,.T.);
#119=FACE_OUTER_BOUND('',#224,.T.);
#120=FACE_OUTER_BOUND('',#225,.T.);
#121=FACE_OUTER_BOUND('',#226,.T.);
#122=FACE_OUTER_BOUND('',#227,.T.);
#123=FACE_OUTER_BOUND('',#228,.T.);
#124=FACE_OUTER_BOUND('',#229,.T.);
#125=FACE_OUTER_BOUND('',#230,.T.);
#126=FACE_OUTER_BOUND('',#231,.T.);
#127=FACE_OUTER_BOUND('',#232,.T.);
#128=FACE_OUTER_BOUND('',#233,.T.);
#129=FACE_OUTER_BOUND('',#234,.T.);
#130=FACE_OUTER_BOUND('',#235,.T.);
#131=FACE_OUTER_BOUND('',#236,.T.);
#132=FACE_OUTER_BOUND('',#237,.T.);
#133=FACE_OUTER_BOUND('',#238,.T.);
#134=FACE_OUTER_BOUND('',#239,.T.);
#135=FACE_OUTER_BOUND('',#240,.T.);
#136=FACE_OUTER_BOUND('',#241,.T.);
#137=FACE_OUTER_BOUND('',#242,.T.);
#138=FACE_OUTER_BOUND('',#243,.T.);
#139=FACE_OUTER_BOUND('',#244,.T.);
#140=FACE_OUTER_BOUND('',#245,.T.);
#141=FACE_OUTER_BOUND('',#246,.T.);
#142=FACE_OUTER_BOUND('',#247,.T.);
#143=FACE_OUTER_BOUND('',#248,.T.);
#144=FACE_OUTER_BOUND('',#249,.T.);
#145=FACE_OUTER_BOUND('',#250,.T.);
#146=FACE_OUTER_BOUND('',#251,.T.);
#147=FACE_OUTER_BOUND('',#252,.T.);
#148=FACE_OUTER_BOUND('',#253,.T.);
#149=FACE_OUTER_BOUND('',#254,.T.);
#150=FACE_OUTER_BOUND('',#255,.T.);
#151=FACE_OUTER_BOUND('',#256,.T.);
#152=FACE_OUTER_BOUND('',#257,.T.);
#153=FACE_OUTER_BOUND('',#258,.T.);
#154=FACE_OUTER_BOUND('',#259,.T.);
#155=FACE_OUTER_BOUND('',#260,.T.);
#156=FACE_OUTER_BOUND('',#261,.T.);
#157=FACE_OUTER_BOUND('',#262,.T.);
#158=FACE_OUTER_BOUND('',#263,.T.);
#159=FACE_OUTER_BOUND('',#264,.T.);
#160=FACE_OUTER_BOUND('',#265,.T.);
#161=FACE_OUTER_BOUND('',#266,.T.);
#162=FACE_OUTER_BOUND('',#267,.T.);
#163=FACE_OUTER_BOUND('',#268,.T.);
#164=FACE_OUTER_BOUND('',#269,.T.);
#165=FACE_OUTER_BOUND('',#270,.T.);
#166=FACE_OUTER_BOUND('',#271,.T.);
#167=FACE_OUTER_BOUND('',#272,.T.);
#168=FACE_OUTER_BOUND('',#273,.T.);
#169=FACE_OUTER_BOUND('',#274,.T.);
#170=FACE_OUTER_BOUND('',#275,.T.);
#171=FACE_OUTER_BOUND('',#276,.T.);
#172=FACE_OUTER_BOUND('',#277,.T.);
#173=FACE_OUTER_BOUND('',#278,.T.);
#174=FACE_OUTER_BOUND('',#279,.T.);
#175=FACE_OUTER_BOUND('',#280,.T.);
#176=FACE_OUTER_BOUND('',#281,.T.);
#177=FACE_OUTER_BOUND('',#283,.T.);
#178=FACE_OUTER_BOUND('',#284,.T.);
#179=FACE_OUTER_BOUND('',#285,.T.);
#180=FACE_OUTER_BOUND('',#286,.T.);
#181=FACE_OUTER_BOUND('',#287,.T.);
#182=FACE_OUTER_BOUND('',#288,.T.);
#183=FACE_OUTER_BOUND('',#289,.T.);
#184=FACE_OUTER_BOUND('',#290,.T.);
#185=FACE_OUTER_BOUND('',#291,.T.);
#186=FACE_OUTER_BOUND('',#292,.T.);
#187=FACE_OUTER_BOUND('',#293,.T.);
#188=FACE_OUTER_BOUND('',#294,.T.);
#189=FACE_OUTER_BOUND('',#302,.T.);
#190=FACE_OUTER_BOUND('',#303,.T.);
#191=FACE_OUTER_BOUND('',#304,.T.);
#192=FACE_OUTER_BOUND('',#305,.T.);
#193=FACE_OUTER_BOUND('',#306,.T.);
#194=FACE_OUTER_BOUND('',#307,.T.);
#195=FACE_OUTER_BOUND('',#308,.T.);
#196=EDGE_LOOP('',(#1194,#1195,#1196,#1197));
#197=EDGE_LOOP('',(#1198,#1199,#1200,#1201));
#198=EDGE_LOOP('',(#1202,#1203,#1204,#1205));
#199=EDGE_LOOP('',(#1206,#1207,#1208,#1209));
#200=EDGE_LOOP('',(#1210,#1211,#1212,#1213));
#201=EDGE_LOOP('',(#1214,#1215,#1216,#1217));
#202=EDGE_LOOP('',(#1218,#1219,#1220,#1221));
#203=EDGE_LOOP('',(#1222,#1223,#1224,#1225));
#204=EDGE_LOOP('',(#1226,#1227,#1228,#1229));
#205=EDGE_LOOP('',(#1230,#1231,#1232,#1233));
#206=EDGE_LOOP('',(#1234,#1235,#1236,#1237));
#207=EDGE_LOOP('',(#1238,#1239,#1240,#1241));
#208=EDGE_LOOP('',(#1242,#1243,#1244,#1245));
#209=EDGE_LOOP('',(#1246,#1247,#1248,#1249));
#210=EDGE_LOOP('',(#1250,#1251,#1252,#1253));
#211=EDGE_LOOP('',(#1254,#1255,#1256,#1257));
#212=EDGE_LOOP('',(#1258,#1259,#1260,#1261));
#213=EDGE_LOOP('',(#1262,#1263,#1264,#1265));
#214=EDGE_LOOP('',(#1266,#1267,#1268,#1269));
#215=EDGE_LOOP('',(#1270,#1271,#1272,#1273));
#216=EDGE_LOOP('',(#1274,#1275,#1276,#1277,#1278,#1279,#1280,#1281,#1282,
#1283,#1284,#1285));
#217=EDGE_LOOP('',(#1286,#1287,#1288,#1289,#1290,#1291,#1292,#1293));
#218=EDGE_LOOP('',(#1294,#1295,#1296,#1297));
#219=EDGE_LOOP('',(#1298,#1299,#1300,#1301));
#220=EDGE_LOOP('',(#1302,#1303,#1304,#1305));
#221=EDGE_LOOP('',(#1306,#1307,#1308,#1309));
#222=EDGE_LOOP('',(#1310,#1311,#1312,#1313));
#223=EDGE_LOOP('',(#1314,#1315,#1316,#1317));
#224=EDGE_LOOP('',(#1318,#1319,#1320,#1321));
#225=EDGE_LOOP('',(#1322,#1323,#1324,#1325));
#226=EDGE_LOOP('',(#1326,#1327,#1328,#1329));
#227=EDGE_LOOP('',(#1330,#1331,#1332,#1333));
#228=EDGE_LOOP('',(#1334,#1335,#1336,#1337));
#229=EDGE_LOOP('',(#1338,#1339,#1340,#1341));
#230=EDGE_LOOP('',(#1342,#1343,#1344,#1345));
#231=EDGE_LOOP('',(#1346,#1347,#1348,#1349));
#232=EDGE_LOOP('',(#1350,#1351,#1352,#1353));
#233=EDGE_LOOP('',(#1354,#1355,#1356,#1357));
#234=EDGE_LOOP('',(#1358,#1359,#1360,#1361));
#235=EDGE_LOOP('',(#1362,#1363,#1364,#1365));
#236=EDGE_LOOP('',(#1366,#1367,#1368,#1369));
#237=EDGE_LOOP('',(#1370,#1371,#1372,#1373));
#238=EDGE_LOOP('',(#1374,#1375,#1376,#1377));
#239=EDGE_LOOP('',(#1378,#1379,#1380,#1381));
#240=EDGE_LOOP('',(#1382,#1383,#1384,#1385));
#241=EDGE_LOOP('',(#1386,#1387,#1388,#1389));
#242=EDGE_LOOP('',(#1390,#1391,#1392,#1393));
#243=EDGE_LOOP('',(#1394,#1395,#1396,#1397));
#244=EDGE_LOOP('',(#1398,#1399,#1400,#1401));
#245=EDGE_LOOP('',(#1402,#1403,#1404,#1405));
#246=EDGE_LOOP('',(#1406,#1407,#1408,#1409));
#247=EDGE_LOOP('',(#1410,#1411,#1412,#1413));
#248=EDGE_LOOP('',(#1414,#1415,#1416,#1417));
#249=EDGE_LOOP('',(#1418,#1419,#1420,#1421));
#250=EDGE_LOOP('',(#1422,#1423,#1424,#1425));
#251=EDGE_LOOP('',(#1426,#1427,#1428,#1429));
#252=EDGE_LOOP('',(#1430,#1431,#1432,#1433));
#253=EDGE_LOOP('',(#1434,#1435,#1436,#1437,#1438,#1439,#1440,#1441,#1442,
#1443,#1444,#1445,#1446,#1447,#1448,#1449,#1450,#1451,#1452,#1453,#1454,
#1455,#1456,#1457,#1458,#1459,#1460,#1461,#1462,#1463));
#254=EDGE_LOOP('',(#1464,#1465,#1466,#1467));
#255=EDGE_LOOP('',(#1468,#1469,#1470,#1471));
#256=EDGE_LOOP('',(#1472,#1473,#1474,#1475));
#257=EDGE_LOOP('',(#1476,#1477,#1478,#1479));
#258=EDGE_LOOP('',(#1480,#1481,#1482,#1483));
#259=EDGE_LOOP('',(#1484,#1485,#1486,#1487));
#260=EDGE_LOOP('',(#1488,#1489,#1490,#1491));
#261=EDGE_LOOP('',(#1492,#1493,#1494,#1495));
#262=EDGE_LOOP('',(#1496,#1497,#1498,#1499));
#263=EDGE_LOOP('',(#1500,#1501,#1502,#1503));
#264=EDGE_LOOP('',(#1504,#1505,#1506,#1507));
#265=EDGE_LOOP('',(#1508,#1509,#1510,#1511));
#266=EDGE_LOOP('',(#1512,#1513,#1514,#1515));
#267=EDGE_LOOP('',(#1516,#1517,#1518,#1519));
#268=EDGE_LOOP('',(#1520,#1521,#1522,#1523));
#269=EDGE_LOOP('',(#1524,#1525,#1526,#1527));
#270=EDGE_LOOP('',(#1528,#1529,#1530,#1531));
#271=EDGE_LOOP('',(#1532,#1533,#1534,#1535));
#272=EDGE_LOOP('',(#1536,#1537,#1538,#1539));
#273=EDGE_LOOP('',(#1540,#1541,#1542,#1543));
#274=EDGE_LOOP('',(#1544,#1545,#1546,#1547));
#275=EDGE_LOOP('',(#1548,#1549,#1550,#1551));
#276=EDGE_LOOP('',(#1552,#1553,#1554,#1555));
#277=EDGE_LOOP('',(#1556,#1557,#1558,#1559));
#278=EDGE_LOOP('',(#1560,#1561,#1562,#1563));
#279=EDGE_LOOP('',(#1564,#1565,#1566,#1567));
#280=EDGE_LOOP('',(#1568,#1569,#1570,#1571));
#281=EDGE_LOOP('',(#1572,#1573,#1574,#1575,#1576,#1577,#1578,#1579,#1580,
#1581,#1582,#1583,#1584,#1585,#1586,#1587,#1588,#1589,#1590));
#282=EDGE_LOOP('',(#1591,#1592,#1593,#1594,#1595,#1596,#1597,#1598));
#283=EDGE_LOOP('',(#1599,#1600,#1601,#1602,#1603,#1604,#1605,#1606));
#284=EDGE_LOOP('',(#1607,#1608,#1609,#1610,#1611,#1612,#1613,#1614));
#285=EDGE_LOOP('',(#1615,#1616,#1617,#1618));
#286=EDGE_LOOP('',(#1619,#1620,#1621,#1622));
#287=EDGE_LOOP('',(#1623,#1624,#1625,#1626));
#288=EDGE_LOOP('',(#1627,#1628,#1629,#1630));
#289=EDGE_LOOP('',(#1631,#1632,#1633,#1634));
#290=EDGE_LOOP('',(#1635,#1636,#1637,#1638));
#291=EDGE_LOOP('',(#1639,#1640,#1641,#1642));
#292=EDGE_LOOP('',(#1643,#1644,#1645,#1646));
#293=EDGE_LOOP('',(#1647,#1648,#1649,#1650));
#294=EDGE_LOOP('',(#1651,#1652,#1653,#1654,#1655,#1656,#1657,#1658,#1659,
#1660,#1661,#1662));
#295=EDGE_LOOP('',(#1663));
#296=EDGE_LOOP('',(#1664));
#297=EDGE_LOOP('',(#1665));
#298=EDGE_LOOP('',(#1666,#1667,#1668,#1669,#1670,#1671,#1672,#1673,#1674,
#1675,#1676,#1677,#1678,#1679,#1680,#1681,#1682,#1683,#1684));
#299=EDGE_LOOP('',(#1685,#1686,#1687,#1688,#1689,#1690,#1691,#1692,#1693,
#1694,#1695,#1696,#1697,#1698,#1699,#1700,#1701,#1702,#1703,#1704,#1705,
#1706,#1707,#1708,#1709,#1710,#1711,#1712,#1713,#1714));
#300=EDGE_LOOP('',(#1715,#1716,#1717,#1718));
#301=EDGE_LOOP('',(#1719,#1720,#1721,#1722,#1723,#1724,#1725,#1726,#1727,
#1728,#1729,#1730));
#302=EDGE_LOOP('',(#1731,#1732,#1733,#1734));
#303=EDGE_LOOP('',(#1735,#1736,#1737,#1738));
#304=EDGE_LOOP('',(#1739,#1740,#1741,#1742));
#305=EDGE_LOOP('',(#1743,#1744,#1745,#1746));
#306=EDGE_LOOP('',(#1747,#1748,#1749,#1750));
#307=EDGE_LOOP('',(#1751,#1752,#1753,#1754));
#308=EDGE_LOOP('',(#1755,#1756,#1757,#1758,#1759,#1760,#1761,#1762,#1763,
#1764,#1765,#1766));
#309=EDGE_LOOP('',(#1767));
#310=EDGE_LOOP('',(#1768));
#311=EDGE_LOOP('',(#1769));
#312=LINE('',#2296,#450);
#313=LINE('',#2304,#451);
#314=LINE('',#2331,#452);
#315=LINE('',#2360,#453);
#316=LINE('',#2387,#454);
#317=LINE('',#2414,#455);
#318=LINE('',#2441,#456);
#319=LINE('',#2468,#457);
#320=LINE('',#2520,#458);
#321=LINE('',#2528,#459);
#322=LINE('',#2549,#460);
#323=LINE('',#2576,#461);
#324=LINE('',#2603,#462);
#325=LINE('',#2630,#463);
#326=LINE('',#2657,#464);
#327=LINE('',#2684,#465);
#328=LINE('',#2711,#466);
#329=LINE('',#2738,#467);
#330=LINE('',#2765,#468);
#331=LINE('',#2792,#469);
#332=LINE('',#2827,#470);
#333=LINE('',#2829,#471);
#334=LINE('',#2831,#472);
#335=LINE('',#2832,#473);
#336=LINE('',#2835,#474);
#337=LINE('',#2837,#475);
#338=LINE('',#2838,#476);
#339=LINE('',#2841,#477);
#340=LINE('',#2843,#478);
#341=LINE('',#2844,#479);
#342=LINE('',#2846,#480);
#343=LINE('',#2847,#481);
#344=LINE('',#2870,#482);
#345=LINE('',#2878,#483);
#346=LINE('',#2899,#484);
#347=LINE('',#2926,#485);
#348=LINE('',#2953,#486);
#349=LINE('',#2980,#487);
#350=LINE('',#3007,#488);
#351=LINE('',#3034,#489);
#352=LINE('',#3061,#490);
#353=LINE('',#3088,#491);
#354=LINE('',#3115,#492);
#355=LINE('',#3142,#493);
#356=LINE('',#3169,#494);
#357=LINE('',#3196,#495);
#358=LINE('',#3205,#496);
#359=LINE('',#3207,#497);
#360=LINE('',#3208,#498);
#361=LINE('',#3229,#499);
#362=LINE('',#3256,#500);
#363=LINE('',#3283,#501);
#364=LINE('',#3310,#502);
#365=LINE('',#3343,#503);
#366=LINE('',#3372,#504);
#367=LINE('',#3399,#505);
#368=LINE('',#3408,#506);
#369=LINE('',#3410,#507);
#370=LINE('',#3411,#508);
#371=LINE('',#3432,#509);
#372=LINE('',#3459,#510);
#373=LINE('',#3486,#511);
#374=LINE('',#3513,#512);
#375=LINE('',#3540,#513);
#376=LINE('',#3567,#514);
#377=LINE('',#3594,#515);
#378=LINE('',#3602,#516);
#379=LINE('',#3603,#517);
#380=LINE('',#3608,#518);
#381=LINE('',#3610,#519);
#382=LINE('',#3612,#520);
#383=LINE('',#3613,#521);
#384=LINE('',#3616,#522);
#385=LINE('',#3618,#523);
#386=LINE('',#3619,#524);
#387=LINE('',#3640,#525);
#388=LINE('',#3667,#526);
#389=LINE('',#3694,#527);
#390=LINE('',#3721,#528);
#391=LINE('',#3748,#529);
#392=LINE('',#3756,#530);
#393=LINE('',#3757,#531);
#394=LINE('',#3761,#532);
#395=LINE('',#3763,#533);
#396=LINE('',#3765,#534);
#397=LINE('',#3766,#535);
#398=LINE('',#3769,#536);
#399=LINE('',#3771,#537);
#400=LINE('',#3772,#538);
#401=LINE('',#3775,#539);
#402=LINE('',#3777,#540);
#403=LINE('',#3778,#541);
#404=LINE('',#3799,#542);
#405=LINE('',#3826,#543);
#406=LINE('',#3853,#544);
#407=LINE('',#3880,#545);
#408=LINE('',#3889,#546);
#409=LINE('',#3891,#547);
#410=LINE('',#3892,#548);
#411=LINE('',#3895,#549);
#412=LINE('',#3897,#550);
#413=LINE('',#3898,#551);
#414=LINE('',#3901,#552);
#415=LINE('',#3903,#553);
#416=LINE('',#3904,#554);
#417=LINE('',#3925,#555);
#418=LINE('',#3952,#556);
#419=LINE('',#3979,#557);
#420=LINE('',#4006,#558);
#421=LINE('',#4033,#559);
#422=LINE('',#4060,#560);
#423=LINE('',#4087,#561);
#424=LINE('',#4096,#562);
#425=LINE('',#4098,#563);
#426=LINE('',#4099,#564);
#427=LINE('',#4101,#565);
#428=LINE('',#4102,#566);
#429=LINE('',#4111,#567);
#430=LINE('',#4114,#568);
#431=LINE('',#4133,#569);
#432=LINE('',#4134,#570);
#433=LINE('',#4153,#571);
#434=LINE('',#4154,#572);
#435=LINE('',#4173,#573);
#436=LINE('',#4174,#574);
#437=LINE('',#4193,#575);
#438=LINE('',#4194,#576);
#439=LINE('',#4197,#577);
#440=LINE('',#4199,#578);
#441=LINE('',#4200,#579);
#442=LINE('',#4209,#580);
#443=LINE('',#4210,#581);
#444=LINE('',#4213,#582);
#445=LINE('',#4217,#583);
#446=LINE('',#4221,#584);
#447=LINE('',#4225,#585);
#448=LINE('',#4226,#586);
#449=LINE('',#4228,#587);
#450=VECTOR('',#2014,10.);
#451=VECTOR('',#2015,10.);
#452=VECTOR('',#2016,10.);
#453=VECTOR('',#2017,10.);
#454=VECTOR('',#2018,10.);
#455=VECTOR('',#2019,10.);
#456=VECTOR('',#2020,10.);
#457=VECTOR('',#2021,10.);
#458=VECTOR('',#2022,10.);
#459=VECTOR('',#2023,10.);
#460=VECTOR('',#2024,10.);
#461=VECTOR('',#2025,10.);
#462=VECTOR('',#2026,10.);
#463=VECTOR('',#2027,10.);
#464=VECTOR('',#2028,10.);
#465=VECTOR('',#2029,10.);
#466=VECTOR('',#2030,10.);
#467=VECTOR('',#2031,10.);
#468=VECTOR('',#2032,10.);
#469=VECTOR('',#2033,10.);
#470=VECTOR('',#2038,10.);
#471=VECTOR('',#2039,10.);
#472=VECTOR('',#2040,10.);
#473=VECTOR('',#2041,10.);
#474=VECTOR('',#2044,10.);
#475=VECTOR('',#2045,10.);
#476=VECTOR('',#2046,10.);
#477=VECTOR('',#2049,10.);
#478=VECTOR('',#2050,10.);
#479=VECTOR('',#2051,10.);
#480=VECTOR('',#2054,10.);
#481=VECTOR('',#2055,10.);
#482=VECTOR('',#2058,10.);
#483=VECTOR('',#2059,10.);
#484=VECTOR('',#2060,10.);
#485=VECTOR('',#2061,10.);
#486=VECTOR('',#2062,10.);
#487=VECTOR('',#2063,10.);
#488=VECTOR('',#2064,10.);
#489=VECTOR('',#2065,10.);
#490=VECTOR('',#2066,10.);
#491=VECTOR('',#2067,10.);
#492=VECTOR('',#2068,10.);
#493=VECTOR('',#2069,10.);
#494=VECTOR('',#2070,10.);
#495=VECTOR('',#2071,10.);
#496=VECTOR('',#2074,10.);
#497=VECTOR('',#2075,10.);
#498=VECTOR('',#2076,10.);
#499=VECTOR('',#2077,10.);
#500=VECTOR('',#2078,10.);
#501=VECTOR('',#2079,10.);
#502=VECTOR('',#2080,10.);
#503=VECTOR('',#2081,10.);
#504=VECTOR('',#2082,10.);
#505=VECTOR('',#2083,10.);
#506=VECTOR('',#2086,10.);
#507=VECTOR('',#2087,10.);
#508=VECTOR('',#2088,10.);
#509=VECTOR('',#2089,10.);
#510=VECTOR('',#2090,10.);
#511=VECTOR('',#2091,10.);
#512=VECTOR('',#2092,10.);
#513=VECTOR('',#2093,10.);
#514=VECTOR('',#2094,10.);
#515=VECTOR('',#2095,10.);
#516=VECTOR('',#2098,10.);
#517=VECTOR('',#2099,10.);
#518=VECTOR('',#2104,10.);
#519=VECTOR('',#2105,10.);
#520=VECTOR('',#2106,10.);
#521=VECTOR('',#2107,10.);
#522=VECTOR('',#2110,10.);
#523=VECTOR('',#2111,10.);
#524=VECTOR('',#2112,10.);
#525=VECTOR('',#2113,10.);
#526=VECTOR('',#2114,10.);
#527=VECTOR('',#2115,10.);
#528=VECTOR('',#2116,10.);
#529=VECTOR('',#2117,10.);
#530=VECTOR('',#2120,10.);
#531=VECTOR('',#2121,10.);
#532=VECTOR('',#2124,10.);
#533=VECTOR('',#2125,10.);
#534=VECTOR('',#2126,10.);
#535=VECTOR('',#2127,10.);
#536=VECTOR('',#2130,10.);
#537=VECTOR('',#2131,10.);
#538=VECTOR('',#2132,10.);
#539=VECTOR('',#2135,10.);
#540=VECTOR('',#2136,10.);
#541=VECTOR('',#2137,10.);
#542=VECTOR('',#2138,10.);
#543=VECTOR('',#2139,10.);
#544=VECTOR('',#2140,10.);
#545=VECTOR('',#2141,10.);
#546=VECTOR('',#2144,10.);
#547=VECTOR('',#2145,10.);
#548=VECTOR('',#2146,10.);
#549=VECTOR('',#2149,10.);
#550=VECTOR('',#2150,10.);
#551=VECTOR('',#2151,10.);
#552=VECTOR('',#2154,10.);
#553=VECTOR('',#2155,10.);
#554=VECTOR('',#2156,10.);
#555=VECTOR('',#2157,10.);
#556=VECTOR('',#2158,10.);
#557=VECTOR('',#2159,10.);
#558=VECTOR('',#2160,10.);
#559=VECTOR('',#2161,10.);
#560=VECTOR('',#2162,10.);
#561=VECTOR('',#2163,10.);
#562=VECTOR('',#2166,10.);
#563=VECTOR('',#2167,10.);
#564=VECTOR('',#2168,10.);
#565=VECTOR('',#2171,10.);
#566=VECTOR('',#2172,10.);
#567=VECTOR('',#2183,4.);
#568=VECTOR('',#2186,10.);
#569=VECTOR('',#2197,10.);
#570=VECTOR('',#2198,4.);
#571=VECTOR('',#2209,10.);
#572=VECTOR('',#2210,4.);
#573=VECTOR('',#2221,10.);
#574=VECTOR('',#2222,4.);
#575=VECTOR('',#2233,10.);
#576=VECTOR('',#2234,4.);
#577=VECTOR('',#2237,10.);
#578=VECTOR('',#2238,10.);
#579=VECTOR('',#2239,10.);
#580=VECTOR('',#2248,10.);
#581=VECTOR('',#2249,10.);
#582=VECTOR('',#2252,1.65);
#583=VECTOR('',#2257,1.65);
#584=VECTOR('',#2262,1.65);
#585=VECTOR('',#2267,10.);
#586=VECTOR('',#2268,10.);
#587=VECTOR('',#2271,10.);
#588=B_SPLINE_CURVE_WITH_KNOTS('',3,(#2289,#2290,#2291,#2292,#2293,#2294),
 .UNSPECIFIED.,.F.,.F.,(4,2,4),(0.,0.0500417055048626,0.0973617606757909),
 .UNSPECIFIED.);
#589=B_SPLINE_CURVE_WITH_KNOTS('',3,(#2298,#2299,#2300,#2301,#2302,#2303),
 .UNSPECIFIED.,.F.,.F.,(4,2,4),(0.,0.0500417055048626,0.0973617606757909),
 .UNSPECIFIED.);
#590=B_SPLINE_CURVE_WITH_KNOTS('',3,(#2322,#2323,#2324,#2325,#2326,#2327,
#2328,#2329),.UNSPECIFIED.,.F.,.F.,(4,2,2,4),(0.,0.0209024403624588,0.0316672222585515,
0.0424764171927654),.UNSPECIFIED.);
#591=B_SPLINE_CURVE_WITH_KNOTS('',3,(#2332,#2333,#2334,#2335,#2336,#2337,
#2338,#2339),.UNSPECIFIED.,.F.,.F.,(4,2,2,4),(0.,0.0209024403624588,0.0316672222585515,
0.0424764171927654),.UNSPECIFIED.);
#592=B_SPLINE_CURVE_WITH_KNOTS('',3,(#2353,#2354,#2355,#2356,#2357,#2358),
 .UNSPECIFIED.,.F.,.F.,(4,2,4),(0.,0.0221368419108509,0.0443508342804966),
 .UNSPECIFIED.);
#593=B_SPLINE_CURVE_WITH_KNOTS('',3,(#2361,#2362,#2363,#2364,#2365,#2366),
 .UNSPECIFIED.,.F.,.F.,(4,2,4),(0.,0.0221368419108509,0.0443508342804966),
 .UNSPECIFIED.);
#594=B_SPLINE_CURVE_WITH_KNOTS('',3,(#2380,#2381,#2382,#2383,#2384,#2385),
 .UNSPECIFIED.,.F.,.F.,(4,2,4),(0.,0.0426011976121838,0.0882027104154738),
 .UNSPECIFIED.);
#595=B_SPLINE_CURVE_WITH_KNOTS('',3,(#2388,#2389,#2390,#2391,#2392,#2393),
 .UNSPECIFIED.,.F.,.F.,(4,2,4),(0.,0.0426011976121838,0.0882027104154738),
 .UNSPECIFIED.);
#596=B_SPLINE_CURVE_WITH_KNOTS('',3,(#2407,#2408,#2409,#2410,#2411,#2412),
 .UNSPECIFIED.,.F.,.F.,(4,2,4),(0.,0.0482247515756957,0.0933329499956412),
 .UNSPECIFIED.);
#597=B_SPLINE_CURVE_WITH_KNOTS('',3,(#2415,#2416,#2417,#2418,#2419,#2420),
 .UNSPECIFIED.,.F.,.F.,(4,2,4),(0.,0.0482247515756957,0.0933329499956412),
 .UNSPECIFIED.);
#598=B_SPLINE_CURVE_WITH_KNOTS('',3,(#2434,#2435,#2436,#2437,#2438,#2439),
 .UNSPECIFIED.,.F.,.F.,(4,2,4),(0.,0.023655321481446,0.0472038227633529),
 .UNSPECIFIED.);
#599=B_SPLINE_CURVE_WITH_KNOTS('',3,(#2442,#2443,#2444,#2445,#2446,#2447),
 .UNSPECIFIED.,.F.,.F.,(4,2,4),(0.,0.023655321481446,0.0472038227633529),
 .UNSPECIFIED.);
#600=B_SPLINE_CURVE_WITH_KNOTS('',3,(#2461,#2462,#2463,#2464,#2465,#2466),
 .UNSPECIFIED.,.F.,.F.,(4,2,4),(0.,0.0220085671547516,0.0441137238959145),
 .UNSPECIFIED.);
#601=B_SPLINE_CURVE_WITH_KNOTS('',3,(#2469,#2470,#2471,#2472,#2473,#2474),
 .UNSPECIFIED.,.F.,.F.,(4,2,4),(0.,0.0220085671547516,0.0441137238959145),
 .UNSPECIFIED.);
#602=B_SPLINE_CURVE_WITH_KNOTS('',3,(#2487,#2488,#2489,#2490,#2491,#2492),
 .UNSPECIFIED.,.F.,.F.,(4,2,4),(0.,0.0425551252648159,0.0880788453798203),
 .UNSPECIFIED.);
#603=B_SPLINE_CURVE_WITH_KNOTS('',3,(#2493,#2494,#2495,#2496,#2497,#2498),
 .UNSPECIFIED.,.F.,.F.,(4,2,4),(0.,0.0425551252648159,0.0880788453798203),
 .UNSPECIFIED.);
#604=B_SPLINE_CURVE_WITH_KNOTS('',3,(#2513,#2514,#2515,#2516,#2517,#2518),
 .UNSPECIFIED.,.F.,.F.,(4,2,4),(0.,0.0613003050086426,0.120541924321193),
 .UNSPECIFIED.);
#605=B_SPLINE_CURVE_WITH_KNOTS('',3,(#2522,#2523,#2524,#2525,#2526,#2527),
 .UNSPECIFIED.,.F.,.F.,(4,2,4),(0.,0.0613003050086426,0.120541924321193),
 .UNSPECIFIED.);
#606=B_SPLINE_CURVE_WITH_KNOTS('',3,(#2542,#2543,#2544,#2545,#2546,#2547),
 .UNSPECIFIED.,.F.,.F.,(4,2,4),(0.,0.033214879419601,0.0664705278798894),
 .UNSPECIFIED.);
#607=B_SPLINE_CURVE_WITH_KNOTS('',3,(#2550,#2551,#2552,#2553,#2554,#2555),
 .UNSPECIFIED.,.F.,.F.,(4,2,4),(0.,0.033214879419601,0.0664705278798894),
 .UNSPECIFIED.);
#608=B_SPLINE_CURVE_WITH_KNOTS('',3,(#2569,#2570,#2571,#2572,#2573,#2574),
 .UNSPECIFIED.,.F.,.F.,(4,2,4),(0.,0.0264826409666364,0.0528667334029054),
 .UNSPECIFIED.);
#609=B_SPLINE_CURVE_WITH_KNOTS('',3,(#2577,#2578,#2579,#2580,#2581,#2582),
 .UNSPECIFIED.,.F.,.F.,(4,2,4),(0.,0.0264826409666364,0.0528667334029054),
 .UNSPECIFIED.);
#610=B_SPLINE_CURVE_WITH_KNOTS('',3,(#2596,#2597,#2598,#2599,#2600,#2601),
 .UNSPECIFIED.,.F.,.F.,(4,2,4),(0.,0.0254657156930591,0.0510637211682917),
 .UNSPECIFIED.);
#611=B_SPLINE_CURVE_WITH_KNOTS('',3,(#2604,#2605,#2606,#2607,#2608,#2609),
 .UNSPECIFIED.,.F.,.F.,(4,2,4),(0.,0.0254657156930591,0.0510637211682917),
 .UNSPECIFIED.);
#612=B_SPLINE_CURVE_WITH_KNOTS('',3,(#2623,#2624,#2625,#2626,#2627,#2628),
 .UNSPECIFIED.,.F.,.F.,(4,2,4),(0.,0.0360639414452529,0.0728304431145257),
 .UNSPECIFIED.);
#613=B_SPLINE_CURVE_WITH_KNOTS('',3,(#2631,#2632,#2633,#2634,#2635,#2636),
 .UNSPECIFIED.,.F.,.F.,(4,2,4),(0.,0.0360639414452529,0.0728304431145257),
 .UNSPECIFIED.);
#614=B_SPLINE_CURVE_WITH_KNOTS('',3,(#2650,#2651,#2652,#2653,#2654,#2655),
 .UNSPECIFIED.,.F.,.F.,(4,2,4),(0.,0.0337722560796867,0.0667432235347826),
 .UNSPECIFIED.);
#615=B_SPLINE_CURVE_WITH_KNOTS('',3,(#2658,#2659,#2660,#2661,#2662,#2663),
 .UNSPECIFIED.,.F.,.F.,(4,2,4),(0.,0.0337722560796867,0.0667432235347826),
 .UNSPECIFIED.);
#616=B_SPLINE_CURVE_WITH_KNOTS('',3,(#2677,#2678,#2679,#2680,#2681,#2682),
 .UNSPECIFIED.,.F.,.F.,(4,2,4),(0.,0.021994115713582,0.043867233482937),
 .UNSPECIFIED.);
#617=B_SPLINE_CURVE_WITH_KNOTS('',3,(#2685,#2686,#2687,#2688,#2689,#2690),
 .UNSPECIFIED.,.F.,.F.,(4,2,4),(0.,0.021994115713582,0.043867233482937),
 .UNSPECIFIED.);
#618=B_SPLINE_CURVE_WITH_KNOTS('',3,(#2704,#2705,#2706,#2707,#2708,#2709),
 .UNSPECIFIED.,.F.,.F.,(4,2,4),(0.,0.0179218016639632,0.0358362041603089),
 .UNSPECIFIED.);
#619=B_SPLINE_CURVE_WITH_KNOTS('',3,(#2712,#2713,#2714,#2715,#2716,#2717),
 .UNSPECIFIED.,.F.,.F.,(4,2,4),(0.,0.0179218016639632,0.0358362041603089),
 .UNSPECIFIED.);
#620=B_SPLINE_CURVE_WITH_KNOTS('',3,(#2731,#2732,#2733,#2734,#2735,#2736),
 .UNSPECIFIED.,.F.,.F.,(4,2,4),(0.,0.0184300229720709,0.03691704908637),
 .UNSPECIFIED.);
#621=B_SPLINE_CURVE_WITH_KNOTS('',3,(#2739,#2740,#2741,#2742,#2743,#2744),
 .UNSPECIFIED.,.F.,.F.,(4,2,4),(0.,0.0184300229720709,0.03691704908637),
 .UNSPECIFIED.);
#622=B_SPLINE_CURVE_WITH_KNOTS('',3,(#2758,#2759,#2760,#2761,#2762,#2763),
 .UNSPECIFIED.,.F.,.F.,(4,2,4),(0.,0.0263381243365656,0.0525827052583523),
 .UNSPECIFIED.);
#623=B_SPLINE_CURVE_WITH_KNOTS('',3,(#2766,#2767,#2768,#2769,#2770,#2771),
 .UNSPECIFIED.,.F.,.F.,(4,2,4),(0.,0.0263381243365656,0.0525827052583523),
 .UNSPECIFIED.);
#624=B_SPLINE_CURVE_WITH_KNOTS('',3,(#2785,#2786,#2787,#2788,#2789,#2790),
 .UNSPECIFIED.,.F.,.F.,(4,2,4),(0.,0.0254528675357229,0.0510420115663057),
 .UNSPECIFIED.);
#625=B_SPLINE_CURVE_WITH_KNOTS('',3,(#2793,#2794,#2795,#2796,#2797,#2798),
 .UNSPECIFIED.,.F.,.F.,(4,2,4),(0.,0.0254528675357229,0.0510420115663057),
 .UNSPECIFIED.);
#626=B_SPLINE_CURVE_WITH_KNOTS('',3,(#2811,#2812,#2813,#2814,#2815,#2816),
 .UNSPECIFIED.,.F.,.F.,(4,2,4),(0.,0.036244179719734,0.0732143692406117),
 .UNSPECIFIED.);
#627=B_SPLINE_CURVE_WITH_KNOTS('',3,(#2817,#2818,#2819,#2820,#2821,#2822),
 .UNSPECIFIED.,.F.,.F.,(4,2,4),(0.,0.036244179719734,0.0732143692406117),
 .UNSPECIFIED.);
#628=B_SPLINE_CURVE_WITH_KNOTS('',3,(#2863,#2864,#2865,#2866,#2867,#2868),
 .UNSPECIFIED.,.F.,.F.,(4,2,4),(0.,0.0304442130400881,0.0608672985323952),
 .UNSPECIFIED.);
#629=B_SPLINE_CURVE_WITH_KNOTS('',3,(#2872,#2873,#2874,#2875,#2876,#2877),
 .UNSPECIFIED.,.F.,.F.,(4,2,4),(0.,0.0304442130400881,0.0608672985323952),
 .UNSPECIFIED.);
#630=B_SPLINE_CURVE_WITH_KNOTS('',3,(#2892,#2893,#2894,#2895,#2896,#2897),
 .UNSPECIFIED.,.F.,.F.,(4,2,4),(0.,0.0302337783018843,0.0605268614949736),
 .UNSPECIFIED.);
#631=B_SPLINE_CURVE_WITH_KNOTS('',3,(#2900,#2901,#2902,#2903,#2904,#2905),
 .UNSPECIFIED.,.F.,.F.,(4,2,4),(0.,0.0302337783018843,0.0605268614949736),
 .UNSPECIFIED.);
#632=B_SPLINE_CURVE_WITH_KNOTS('',3,(#2919,#2920,#2921,#2922,#2923,#2924),
 .UNSPECIFIED.,.F.,.F.,(4,2,4),(0.,0.0352960663961011,0.0705393340877207),
 .UNSPECIFIED.);
#633=B_SPLINE_CURVE_WITH_KNOTS('',3,(#2927,#2928,#2929,#2930,#2931,#2932),
 .UNSPECIFIED.,.F.,.F.,(4,2,4),(0.,0.0352960663961011,0.0705393340877207),
 .UNSPECIFIED.);
#634=B_SPLINE_CURVE_WITH_KNOTS('',3,(#2946,#2947,#2948,#2949,#2950,#2951),
 .UNSPECIFIED.,.F.,.F.,(4,2,4),(0.,0.0318634822460964,0.0637266778313053),
 .UNSPECIFIED.);
#635=B_SPLINE_CURVE_WITH_KNOTS('',3,(#2954,#2955,#2956,#2957,#2958,#2959),
 .UNSPECIFIED.,.F.,.F.,(4,2,4),(0.,0.0318634822460964,0.0637266778313053),
 .UNSPECIFIED.);
#636=B_SPLINE_CURVE_WITH_KNOTS('',3,(#2973,#2974,#2975,#2976,#2977,#2978),
 .UNSPECIFIED.,.F.,.F.,(4,2,4),(0.,0.0233619959778425,0.046625620864833),
 .UNSPECIFIED.);
#637=B_SPLINE_CURVE_WITH_KNOTS('',3,(#2981,#2982,#2983,#2984,#2985,#2986),
 .UNSPECIFIED.,.F.,.F.,(4,2,4),(0.,0.0233619959778425,0.046625620864833),
 .UNSPECIFIED.);
#638=B_SPLINE_CURVE_WITH_KNOTS('',3,(#3000,#3001,#3002,#3003,#3004,#3005),
 .UNSPECIFIED.,.F.,.F.,(4,2,4),(0.,0.0209717412499968,0.0419831328296486),
 .UNSPECIFIED.);
#639=B_SPLINE_CURVE_WITH_KNOTS('',3,(#3008,#3009,#3010,#3011,#3012,#3013),
 .UNSPECIFIED.,.F.,.F.,(4,2,4),(0.,0.0209717412499968,0.0419831328296486),
 .UNSPECIFIED.);
#640=B_SPLINE_CURVE_WITH_KNOTS('',3,(#3027,#3028,#3029,#3030,#3031,#3032),
 .UNSPECIFIED.,.F.,.F.,(4,2,4),(0.,0.0182343953712508,0.0364040274700626),
 .UNSPECIFIED.);
#641=B_SPLINE_CURVE_WITH_KNOTS('',3,(#3035,#3036,#3037,#3038,#3039,#3040),
 .UNSPECIFIED.,.F.,.F.,(4,2,4),(0.,0.0182343953712508,0.0364040274700626),
 .UNSPECIFIED.);
#642=B_SPLINE_CURVE_WITH_KNOTS('',3,(#3054,#3055,#3056,#3057,#3058,#3059),
 .UNSPECIFIED.,.F.,.F.,(4,2,4),(0.,0.0157590307358091,0.0315188771312299),
 .UNSPECIFIED.);
#643=B_SPLINE_CURVE_WITH_KNOTS('',3,(#3062,#3063,#3064,#3065,#3066,#3067),
 .UNSPECIFIED.,.F.,.F.,(4,2,4),(0.,0.0157590307358091,0.0315188771312299),
 .UNSPECIFIED.);
#644=B_SPLINE_CURVE_WITH_KNOTS('',3,(#3081,#3082,#3083,#3084,#3085,#3086),
 .UNSPECIFIED.,.F.,.F.,(4,2,4),(0.,0.0171093040804267,0.0342219351091902),
 .UNSPECIFIED.);
#645=B_SPLINE_CURVE_WITH_KNOTS('',3,(#3089,#3090,#3091,#3092,#3093,#3094),
 .UNSPECIFIED.,.F.,.F.,(4,2,4),(0.,0.0171093040804267,0.0342219351091902),
 .UNSPECIFIED.);
#646=B_SPLINE_CURVE_WITH_KNOTS('',3,(#3108,#3109,#3110,#3111,#3112,#3113),
 .UNSPECIFIED.,.F.,.F.,(4,2,4),(0.,0.0182175175430742,0.0364538672255731),
 .UNSPECIFIED.);
#647=B_SPLINE_CURVE_WITH_KNOTS('',3,(#3116,#3117,#3118,#3119,#3120,#3121),
 .UNSPECIFIED.,.F.,.F.,(4,2,4),(0.,0.0182175175430742,0.0364538672255731),
 .UNSPECIFIED.);
#648=B_SPLINE_CURVE_WITH_KNOTS('',3,(#3135,#3136,#3137,#3138,#3139,#3140),
 .UNSPECIFIED.,.F.,.F.,(4,2,4),(0.,0.019662905524897,0.0393341868952238),
 .UNSPECIFIED.);
#649=B_SPLINE_CURVE_WITH_KNOTS('',3,(#3143,#3144,#3145,#3146,#3147,#3148),
 .UNSPECIFIED.,.F.,.F.,(4,2,4),(0.,0.019662905524897,0.0393341868952238),
 .UNSPECIFIED.);
#650=B_SPLINE_CURVE_WITH_KNOTS('',3,(#3162,#3163,#3164,#3165,#3166,#3167),
 .UNSPECIFIED.,.F.,.F.,(4,2,4),(0.,0.0287420473982894,0.0574212986974402),
 .UNSPECIFIED.);
#651=B_SPLINE_CURVE_WITH_KNOTS('',3,(#3170,#3171,#3172,#3173,#3174,#3175),
 .UNSPECIFIED.,.F.,.F.,(4,2,4),(0.,0.0287420473982894,0.0574212986974402),
 .UNSPECIFIED.);
#652=B_SPLINE_CURVE_WITH_KNOTS('',3,(#3189,#3190,#3191,#3192,#3193,#3194),
 .UNSPECIFIED.,.F.,.F.,(4,2,4),(0.,0.02809434781441,0.0563123507106752),
 .UNSPECIFIED.);
#653=B_SPLINE_CURVE_WITH_KNOTS('',3,(#3197,#3198,#3199,#3200,#3201,#3202),
 .UNSPECIFIED.,.F.,.F.,(4,2,4),(0.,0.02809434781441,0.0563123507106752),
 .UNSPECIFIED.);
#654=B_SPLINE_CURVE_WITH_KNOTS('',3,(#3222,#3223,#3224,#3225,#3226,#3227),
 .UNSPECIFIED.,.F.,.F.,(4,2,4),(0.,0.0212712237035363,0.04226551010426),
 .UNSPECIFIED.);
#655=B_SPLINE_CURVE_WITH_KNOTS('',3,(#3230,#3231,#3232,#3233,#3234,#3235),
 .UNSPECIFIED.,.F.,.F.,(4,2,4),(0.,0.0212712237035363,0.04226551010426),
 .UNSPECIFIED.);
#656=B_SPLINE_CURVE_WITH_KNOTS('',3,(#3249,#3250,#3251,#3252,#3253,#3254),
 .UNSPECIFIED.,.F.,.F.,(4,2,4),(0.,0.0166483800445075,0.0333155491284863),
 .UNSPECIFIED.);
#657=B_SPLINE_CURVE_WITH_KNOTS('',3,(#3257,#3258,#3259,#3260,#3261,#3262),
 .UNSPECIFIED.,.F.,.F.,(4,2,4),(0.,0.0166483800445075,0.0333155491284863),
 .UNSPECIFIED.);
#658=B_SPLINE_CURVE_WITH_KNOTS('',3,(#3276,#3277,#3278,#3279,#3280,#3281),
 .UNSPECIFIED.,.F.,.F.,(4,2,4),(0.,0.0174273570714447,0.0348138535721866),
 .UNSPECIFIED.);
#659=B_SPLINE_CURVE_WITH_KNOTS('',3,(#3284,#3285,#3286,#3287,#3288,#3289),
 .UNSPECIFIED.,.F.,.F.,(4,2,4),(0.,0.0174273570714447,0.0348138535721866),
 .UNSPECIFIED.);
#660=B_SPLINE_CURVE_WITH_KNOTS('',3,(#3303,#3304,#3305,#3306,#3307,#3308),
 .UNSPECIFIED.,.F.,.F.,(4,2,4),(0.,0.01585477846321,0.0317179903943634),
 .UNSPECIFIED.);
#661=B_SPLINE_CURVE_WITH_KNOTS('',3,(#3311,#3312,#3313,#3314,#3315,#3316),
 .UNSPECIFIED.,.F.,.F.,(4,2,4),(0.,0.01585477846321,0.0317179903943634),
 .UNSPECIFIED.);
#662=B_SPLINE_CURVE_WITH_KNOTS('',3,(#3334,#3335,#3336,#3337,#3338,#3339,
#3340,#3341),.UNSPECIFIED.,.F.,.F.,(4,2,2,4),(0.,0.0196641390405522,0.0296688637180068,
0.0404400523260843),.UNSPECIFIED.);
#663=B_SPLINE_CURVE_WITH_KNOTS('',3,(#3344,#3345,#3346,#3347,#3348,#3349,
#3350,#3351),.UNSPECIFIED.,.F.,.F.,(4,2,2,4),(0.,0.0196641390405522,0.0296688637180068,
0.0404400523260843),.UNSPECIFIED.);
#664=B_SPLINE_CURVE_WITH_KNOTS('',3,(#3365,#3366,#3367,#3368,#3369,#3370),
 .UNSPECIFIED.,.F.,.F.,(4,2,4),(0.,0.0188309142564361,0.0376673225022896),
 .UNSPECIFIED.);
#665=B_SPLINE_CURVE_WITH_KNOTS('',3,(#3373,#3374,#3375,#3376,#3377,#3378),
 .UNSPECIFIED.,.F.,.F.,(4,2,4),(0.,0.0188309142564361,0.0376673225022896),
 .UNSPECIFIED.);
#666=B_SPLINE_CURVE_WITH_KNOTS('',3,(#3392,#3393,#3394,#3395,#3396,#3397),
 .UNSPECIFIED.,.F.,.F.,(4,2,4),(0.,0.00248072791873358,0.00502115042349415),
 .UNSPECIFIED.);
#667=B_SPLINE_CURVE_WITH_KNOTS('',3,(#3400,#3401,#3402,#3403,#3404,#3405),
 .UNSPECIFIED.,.F.,.F.,(4,2,4),(0.,0.00248072791873358,0.00502115042349415),
 .UNSPECIFIED.);
#668=B_SPLINE_CURVE_WITH_KNOTS('',3,(#3425,#3426,#3427,#3428,#3429,#3430),
 .UNSPECIFIED.,.F.,.F.,(4,2,4),(0.,0.0123983649267059,0.0245643747839046),
 .UNSPECIFIED.);
#669=B_SPLINE_CURVE_WITH_KNOTS('',3,(#3433,#3434,#3435,#3436,#3437,#3438),
 .UNSPECIFIED.,.F.,.F.,(4,2,4),(0.,0.0123983649267059,0.0245643747839046),
 .UNSPECIFIED.);
#670=B_SPLINE_CURVE_WITH_KNOTS('',3,(#3452,#3453,#3454,#3455,#3456,#3457),
 .UNSPECIFIED.,.F.,.F.,(4,2,4),(0.,0.0206032505290352,0.0411813582640873),
 .UNSPECIFIED.);
#671=B_SPLINE_CURVE_WITH_KNOTS('',3,(#3460,#3461,#3462,#3463,#3464,#3465),
 .UNSPECIFIED.,.F.,.F.,(4,2,4),(0.,0.0206032505290352,0.0411813582640873),
 .UNSPECIFIED.);
#672=B_SPLINE_CURVE_WITH_KNOTS('',3,(#3479,#3480,#3481,#3482,#3483,#3484),
 .UNSPECIFIED.,.F.,.F.,(4,2,4),(0.,0.0196573659018117,0.0393348392437662),
 .UNSPECIFIED.);
#673=B_SPLINE_CURVE_WITH_KNOTS('',3,(#3487,#3488,#3489,#3490,#3491,#3492),
 .UNSPECIFIED.,.F.,.F.,(4,2,4),(0.,0.0196573659018117,0.0393348392437662),
 .UNSPECIFIED.);
#674=B_SPLINE_CURVE_WITH_KNOTS('',3,(#3506,#3507,#3508,#3509,#3510,#3511),
 .UNSPECIFIED.,.F.,.F.,(4,2,4),(0.,0.0214694078786572,0.0429317069745865),
 .UNSPECIFIED.);
#675=B_SPLINE_CURVE_WITH_KNOTS('',3,(#3514,#3515,#3516,#3517,#3518,#3519),
 .UNSPECIFIED.,.F.,.F.,(4,2,4),(0.,0.0214694078786572,0.0429317069745865),
 .UNSPECIFIED.);
#676=B_SPLINE_CURVE_WITH_KNOTS('',3,(#3533,#3534,#3535,#3536,#3537,#3538),
 .UNSPECIFIED.,.F.,.F.,(4,2,4),(0.,0.0207119790025738,0.0414256831836037),
 .UNSPECIFIED.);
#677=B_SPLINE_CURVE_WITH_KNOTS('',3,(#3541,#3542,#3543,#3544,#3545,#3546),
 .UNSPECIFIED.,.F.,.F.,(4,2,4),(0.,0.0207119790025738,0.0414256831836037),
 .UNSPECIFIED.);
#678=B_SPLINE_CURVE_WITH_KNOTS('',3,(#3560,#3561,#3562,#3563,#3564,#3565),
 .UNSPECIFIED.,.F.,.F.,(4,2,4),(0.,0.0177237091832101,0.035437212958386),
 .UNSPECIFIED.);
#679=B_SPLINE_CURVE_WITH_KNOTS('',3,(#3568,#3569,#3570,#3571,#3572,#3573),
 .UNSPECIFIED.,.F.,.F.,(4,2,4),(0.,0.0177237091832101,0.035437212958386),
 .UNSPECIFIED.);
#680=B_SPLINE_CURVE_WITH_KNOTS('',3,(#3587,#3588,#3589,#3590,#3591,#3592),
 .UNSPECIFIED.,.F.,.F.,(4,2,4),(0.,0.0214606711000317,0.0433937526397066),
 .UNSPECIFIED.);
#681=B_SPLINE_CURVE_WITH_KNOTS('',3,(#3595,#3596,#3597,#3598,#3599,#3600),
 .UNSPECIFIED.,.F.,.F.,(4,2,4),(0.,0.0214606711000317,0.0433937526397066),
 .UNSPECIFIED.);
#682=B_SPLINE_CURVE_WITH_KNOTS('',3,(#3633,#3634,#3635,#3636,#3637,#3638),
 .UNSPECIFIED.,.F.,.F.,(4,2,4),(0.,0.024788863255997,0.0489363690333098),
 .UNSPECIFIED.);
#683=B_SPLINE_CURVE_WITH_KNOTS('',3,(#3641,#3642,#3643,#3644,#3645,#3646),
 .UNSPECIFIED.,.F.,.F.,(4,2,4),(0.,0.024788863255997,0.0489363690333098),
 .UNSPECIFIED.);
#684=B_SPLINE_CURVE_WITH_KNOTS('',3,(#3660,#3661,#3662,#3663,#3664,#3665),
 .UNSPECIFIED.,.F.,.F.,(4,2,4),(0.,0.01682453526858,0.0336514819979412),
 .UNSPECIFIED.);
#685=B_SPLINE_CURVE_WITH_KNOTS('',3,(#3668,#3669,#3670,#3671,#3672,#3673),
 .UNSPECIFIED.,.F.,.F.,(4,2,4),(0.,0.01682453526858,0.0336514819979412),
 .UNSPECIFIED.);
#686=B_SPLINE_CURVE_WITH_KNOTS('',3,(#3687,#3688,#3689,#3690,#3691,#3692),
 .UNSPECIFIED.,.F.,.F.,(4,2,4),(0.,0.0119775263711964,0.0239553693563549),
 .UNSPECIFIED.);
#687=B_SPLINE_CURVE_WITH_KNOTS('',3,(#3695,#3696,#3697,#3698,#3699,#3700),
 .UNSPECIFIED.,.F.,.F.,(4,2,4),(0.,0.0119775263711964,0.0239553693563549),
 .UNSPECIFIED.);
#688=B_SPLINE_CURVE_WITH_KNOTS('',3,(#3714,#3715,#3716,#3717,#3718,#3719),
 .UNSPECIFIED.,.F.,.F.,(4,2,4),(0.,0.0126667435487699,0.0253524860527493),
 .UNSPECIFIED.);
#689=B_SPLINE_CURVE_WITH_KNOTS('',3,(#3722,#3723,#3724,#3725,#3726,#3727),
 .UNSPECIFIED.,.F.,.F.,(4,2,4),(0.,0.0126667435487699,0.0253524860527493),
 .UNSPECIFIED.);
#690=B_SPLINE_CURVE_WITH_KNOTS('',3,(#3741,#3742,#3743,#3744,#3745,#3746),
 .UNSPECIFIED.,.F.,.F.,(4,2,4),(0.,0.0180440187572174,0.0365557802272743),
 .UNSPECIFIED.);
#691=B_SPLINE_CURVE_WITH_KNOTS('',3,(#3749,#3750,#3751,#3752,#3753,#3754),
 .UNSPECIFIED.,.F.,.F.,(4,2,4),(0.,0.0180440187572174,0.0365557802272743),
 .UNSPECIFIED.);
#692=B_SPLINE_CURVE_WITH_KNOTS('',3,(#3792,#3793,#3794,#3795,#3796,#3797),
 .UNSPECIFIED.,.F.,.F.,(4,2,4),(0.,0.0105899895962517,0.0206482758841203),
 .UNSPECIFIED.);
#693=B_SPLINE_CURVE_WITH_KNOTS('',3,(#3800,#3801,#3802,#3803,#3804,#3805),
 .UNSPECIFIED.,.F.,.F.,(4,2,4),(0.,0.0105899895962517,0.0206482758841203),
 .UNSPECIFIED.);
#694=B_SPLINE_CURVE_WITH_KNOTS('',3,(#3819,#3820,#3821,#3822,#3823,#3824),
 .UNSPECIFIED.,.F.,.F.,(4,2,4),(0.,0.00831207824864078,0.0166366277508489),
 .UNSPECIFIED.);
#695=B_SPLINE_CURVE_WITH_KNOTS('',3,(#3827,#3828,#3829,#3830,#3831,#3832),
 .UNSPECIFIED.,.F.,.F.,(4,2,4),(0.,0.00831207824864078,0.0166366277508489),
 .UNSPECIFIED.);
#696=B_SPLINE_CURVE_WITH_KNOTS('',3,(#3846,#3847,#3848,#3849,#3850,#3851),
 .UNSPECIFIED.,.F.,.F.,(4,2,4),(0.,0.0119382016449071,0.0242194871972106),
 .UNSPECIFIED.);
#697=B_SPLINE_CURVE_WITH_KNOTS('',3,(#3854,#3855,#3856,#3857,#3858,#3859),
 .UNSPECIFIED.,.F.,.F.,(4,2,4),(0.,0.0119382016449071,0.0242194871972106),
 .UNSPECIFIED.);
#698=B_SPLINE_CURVE_WITH_KNOTS('',3,(#3873,#3874,#3875,#3876,#3877,#3878),
 .UNSPECIFIED.,.F.,.F.,(4,2,4),(0.,0.0209685296232256,0.0425659448513563),
 .UNSPECIFIED.);
#699=B_SPLINE_CURVE_WITH_KNOTS('',3,(#3881,#3882,#3883,#3884,#3885,#3886),
 .UNSPECIFIED.,.F.,.F.,(4,2,4),(0.,0.0209685296232256,0.0425659448513563),
 .UNSPECIFIED.);
#700=B_SPLINE_CURVE_WITH_KNOTS('',3,(#3918,#3919,#3920,#3921,#3922,#3923),
 .UNSPECIFIED.,.F.,.F.,(4,2,4),(0.,0.0232923012267036,0.0464872933321064),
 .UNSPECIFIED.);
#701=B_SPLINE_CURVE_WITH_KNOTS('',3,(#3926,#3927,#3928,#3929,#3930,#3931),
 .UNSPECIFIED.,.F.,.F.,(4,2,4),(0.,0.0232923012267036,0.0464872933321064),
 .UNSPECIFIED.);
#702=B_SPLINE_CURVE_WITH_KNOTS('',3,(#3945,#3946,#3947,#3948,#3949,#3950),
 .UNSPECIFIED.,.F.,.F.,(4,2,4),(0.,0.0118257293845386,0.0239065325308468),
 .UNSPECIFIED.);
#703=B_SPLINE_CURVE_WITH_KNOTS('',3,(#3953,#3954,#3955,#3956,#3957,#3958),
 .UNSPECIFIED.,.F.,.F.,(4,2,4),(0.,0.0118257293845386,0.0239065325308468),
 .UNSPECIFIED.);
#704=B_SPLINE_CURVE_WITH_KNOTS('',3,(#3972,#3973,#3974,#3975,#3976,#3977),
 .UNSPECIFIED.,.F.,.F.,(4,2,4),(0.,0.033536311187973,0.0665282160596277),
 .UNSPECIFIED.);
#705=B_SPLINE_CURVE_WITH_KNOTS('',3,(#3980,#3981,#3982,#3983,#3984,#3985),
 .UNSPECIFIED.,.F.,.F.,(4,2,4),(0.,0.033536311187973,0.0665282160596277),
 .UNSPECIFIED.);
#706=B_SPLINE_CURVE_WITH_KNOTS('',3,(#3999,#4000,#4001,#4002,#4003,#4004),
 .UNSPECIFIED.,.F.,.F.,(4,2,4),(0.,0.0250756265068861,0.0501641246579201),
 .UNSPECIFIED.);
#707=B_SPLINE_CURVE_WITH_KNOTS('',3,(#4007,#4008,#4009,#4010,#4011,#4012),
 .UNSPECIFIED.,.F.,.F.,(4,2,4),(0.,0.0250756265068861,0.0501641246579201),
 .UNSPECIFIED.);
#708=B_SPLINE_CURVE_WITH_KNOTS('',3,(#4026,#4027,#4028,#4029,#4030,#4031),
 .UNSPECIFIED.,.F.,.F.,(4,2,4),(0.,0.0203035216870604,0.0406041030555168),
 .UNSPECIFIED.);
#709=B_SPLINE_CURVE_WITH_KNOTS('',3,(#4034,#4035,#4036,#4037,#4038,#4039),
 .UNSPECIFIED.,.F.,.F.,(4,2,4),(0.,0.0203035216870604,0.0406041030555168),
 .UNSPECIFIED.);
#710=B_SPLINE_CURVE_WITH_KNOTS('',3,(#4053,#4054,#4055,#4056,#4057,#4058),
 .UNSPECIFIED.,.F.,.F.,(4,2,4),(0.,0.0195052132573052,0.0389974907426991),
 .UNSPECIFIED.);
#711=B_SPLINE_CURVE_WITH_KNOTS('',3,(#4061,#4062,#4063,#4064,#4065,#4066),
 .UNSPECIFIED.,.F.,.F.,(4,2,4),(0.,0.0195052132573052,0.0389974907426991),
 .UNSPECIFIED.);
#712=B_SPLINE_CURVE_WITH_KNOTS('',3,(#4080,#4081,#4082,#4083,#4084,#4085),
 .UNSPECIFIED.,.F.,.F.,(4,2,4),(0.,0.0258711667627584,0.052588472400278),
 .UNSPECIFIED.);
#713=B_SPLINE_CURVE_WITH_KNOTS('',3,(#4088,#4089,#4090,#4091,#4092,#4093),
 .UNSPECIFIED.,.F.,.F.,(4,2,4),(0.,0.0258711667627584,0.052588472400278),
 .UNSPECIFIED.);
#714=VERTEX_POINT('',#2287);
#715=VERTEX_POINT('',#2288);
#716=VERTEX_POINT('',#2295);
#717=VERTEX_POINT('',#2297);
#718=VERTEX_POINT('',#2321);
#719=VERTEX_POINT('',#2330);
#720=VERTEX_POINT('',#2352);
#721=VERTEX_POINT('',#2359);
#722=VERTEX_POINT('',#2379);
#723=VERTEX_POINT('',#2386);
#724=VERTEX_POINT('',#2406);
#725=VERTEX_POINT('',#2413);
#726=VERTEX_POINT('',#2433);
#727=VERTEX_POINT('',#2440);
#728=VERTEX_POINT('',#2460);
#729=VERTEX_POINT('',#2467);
#730=VERTEX_POINT('',#2511);
#731=VERTEX_POINT('',#2512);
#732=VERTEX_POINT('',#2519);
#733=VERTEX_POINT('',#2521);
#734=VERTEX_POINT('',#2541);
#735=VERTEX_POINT('',#2548);
#736=VERTEX_POINT('',#2568);
#737=VERTEX_POINT('',#2575);
#738=VERTEX_POINT('',#2595);
#739=VERTEX_POINT('',#2602);
#740=VERTEX_POINT('',#2622);
#741=VERTEX_POINT('',#2629);
#742=VERTEX_POINT('',#2649);
#743=VERTEX_POINT('',#2656);
#744=VERTEX_POINT('',#2676);
#745=VERTEX_POINT('',#2683);
#746=VERTEX_POINT('',#2703);
#747=VERTEX_POINT('',#2710);
#748=VERTEX_POINT('',#2730);
#749=VERTEX_POINT('',#2737);
#750=VERTEX_POINT('',#2757);
#751=VERTEX_POINT('',#2764);
#752=VERTEX_POINT('',#2784);
#753=VERTEX_POINT('',#2791);
#754=VERTEX_POINT('',#2825);
#755=VERTEX_POINT('',#2826);
#756=VERTEX_POINT('',#2828);
#757=VERTEX_POINT('',#2830);
#758=VERTEX_POINT('',#2834);
#759=VERTEX_POINT('',#2836);
#760=VERTEX_POINT('',#2840);
#761=VERTEX_POINT('',#2842);
#762=VERTEX_POINT('',#2861);
#763=VERTEX_POINT('',#2862);
#764=VERTEX_POINT('',#2869);
#765=VERTEX_POINT('',#2871);
#766=VERTEX_POINT('',#2891);
#767=VERTEX_POINT('',#2898);
#768=VERTEX_POINT('',#2918);
#769=VERTEX_POINT('',#2925);
#770=VERTEX_POINT('',#2945);
#771=VERTEX_POINT('',#2952);
#772=VERTEX_POINT('',#2972);
#773=VERTEX_POINT('',#2979);
#774=VERTEX_POINT('',#2999);
#775=VERTEX_POINT('',#3006);
#776=VERTEX_POINT('',#3026);
#777=VERTEX_POINT('',#3033);
#778=VERTEX_POINT('',#3053);
#779=VERTEX_POINT('',#3060);
#780=VERTEX_POINT('',#3080);
#781=VERTEX_POINT('',#3087);
#782=VERTEX_POINT('',#3107);
#783=VERTEX_POINT('',#3114);
#784=VERTEX_POINT('',#3134);
#785=VERTEX_POINT('',#3141);
#786=VERTEX_POINT('',#3161);
#787=VERTEX_POINT('',#3168);
#788=VERTEX_POINT('',#3188);
#789=VERTEX_POINT('',#3195);
#790=VERTEX_POINT('',#3204);
#791=VERTEX_POINT('',#3206);
#792=VERTEX_POINT('',#3221);
#793=VERTEX_POINT('',#3228);
#794=VERTEX_POINT('',#3248);
#795=VERTEX_POINT('',#3255);
#796=VERTEX_POINT('',#3275);
#797=VERTEX_POINT('',#3282);
#798=VERTEX_POINT('',#3302);
#799=VERTEX_POINT('',#3309);
#800=VERTEX_POINT('',#3333);
#801=VERTEX_POINT('',#3342);
#802=VERTEX_POINT('',#3364);
#803=VERTEX_POINT('',#3371);
#804=VERTEX_POINT('',#3391);
#805=VERTEX_POINT('',#3398);
#806=VERTEX_POINT('',#3407);
#807=VERTEX_POINT('',#3409);
#808=VERTEX_POINT('',#3424);
#809=VERTEX_POINT('',#3431);
#810=VERTEX_POINT('',#3451);
#811=VERTEX_POINT('',#3458);
#812=VERTEX_POINT('',#3478);
#813=VERTEX_POINT('',#3485);
#814=VERTEX_POINT('',#3505);
#815=VERTEX_POINT('',#3512);
#816=VERTEX_POINT('',#3532);
#817=VERTEX_POINT('',#3539);
#818=VERTEX_POINT('',#3559);
#819=VERTEX_POINT('',#3566);
#820=VERTEX_POINT('',#3586);
#821=VERTEX_POINT('',#3593);
#822=VERTEX_POINT('',#3606);
#823=VERTEX_POINT('',#3607);
#824=VERTEX_POINT('',#3609);
#825=VERTEX_POINT('',#3611);
#826=VERTEX_POINT('',#3615);
#827=VERTEX_POINT('',#3617);
#828=VERTEX_POINT('',#3632);
#829=VERTEX_POINT('',#3639);
#830=VERTEX_POINT('',#3659);
#831=VERTEX_POINT('',#3666);
#832=VERTEX_POINT('',#3686);
#833=VERTEX_POINT('',#3693);
#834=VERTEX_POINT('',#3713);
#835=VERTEX_POINT('',#3720);
#836=VERTEX_POINT('',#3740);
#837=VERTEX_POINT('',#3747);
#838=VERTEX_POINT('',#3759);
#839=VERTEX_POINT('',#3760);
#840=VERTEX_POINT('',#3762);
#841=VERTEX_POINT('',#3764);
#842=VERTEX_POINT('',#3768);
#843=VERTEX_POINT('',#3770);
#844=VERTEX_POINT('',#3774);
#845=VERTEX_POINT('',#3776);
#846=VERTEX_POINT('',#3791);
#847=VERTEX_POINT('',#3798);
#848=VERTEX_POINT('',#3818);
#849=VERTEX_POINT('',#3825);
#850=VERTEX_POINT('',#3845);
#851=VERTEX_POINT('',#3852);
#852=VERTEX_POINT('',#3872);
#853=VERTEX_POINT('',#3879);
#854=VERTEX_POINT('',#3888);
#855=VERTEX_POINT('',#3890);
#856=VERTEX_POINT('',#3894);
#857=VERTEX_POINT('',#3896);
#858=VERTEX_POINT('',#3900);
#859=VERTEX_POINT('',#3902);
#860=VERTEX_POINT('',#3917);
#861=VERTEX_POINT('',#3924);
#862=VERTEX_POINT('',#3944);
#863=VERTEX_POINT('',#3951);
#864=VERTEX_POINT('',#3971);
#865=VERTEX_POINT('',#3978);
#866=VERTEX_POINT('',#3998);
#867=VERTEX_POINT('',#4005);
#868=VERTEX_POINT('',#4025);
#869=VERTEX_POINT('',#4032);
#870=VERTEX_POINT('',#4052);
#871=VERTEX_POINT('',#4059);
#872=VERTEX_POINT('',#4079);
#873=VERTEX_POINT('',#4086);
#874=VERTEX_POINT('',#4095);
#875=VERTEX_POINT('',#4097);
#876=VERTEX_POINT('',#4107);
#877=VERTEX_POINT('',#4108);
#878=VERTEX_POINT('',#4110);
#879=VERTEX_POINT('',#4112);
#880=VERTEX_POINT('',#4124);
#881=VERTEX_POINT('',#4125);
#882=VERTEX_POINT('',#4130);
#883=VERTEX_POINT('',#4131);
#884=VERTEX_POINT('',#4144);
#885=VERTEX_POINT('',#4145);
#886=VERTEX_POINT('',#4150);
#887=VERTEX_POINT('',#4151);
#888=VERTEX_POINT('',#4164);
#889=VERTEX_POINT('',#4165);
#890=VERTEX_POINT('',#4170);
#891=VERTEX_POINT('',#4171);
#892=VERTEX_POINT('',#4184);
#893=VERTEX_POINT('',#4185);
#894=VERTEX_POINT('',#4190);
#895=VERTEX_POINT('',#4191);
#896=VERTEX_POINT('',#4196);
#897=VERTEX_POINT('',#4198);
#898=VERTEX_POINT('',#4201);
#899=VERTEX_POINT('',#4203);
#900=VERTEX_POINT('',#4205);
#901=VERTEX_POINT('',#4208);
#902=VERTEX_POINT('',#4212);
#903=VERTEX_POINT('',#4216);
#904=VERTEX_POINT('',#4220);
#905=VERTEX_POINT('',#4224);
#906=EDGE_CURVE('',#714,#715,#588,.T.);
#907=EDGE_CURVE('',#714,#716,#312,.T.);
#908=EDGE_CURVE('',#716,#717,#589,.T.);
#909=EDGE_CURVE('',#715,#717,#313,.T.);
#910=EDGE_CURVE('',#718,#714,#590,.T.);
#911=EDGE_CURVE('',#718,#719,#314,.T.);
#912=EDGE_CURVE('',#719,#716,#591,.T.);
#913=EDGE_CURVE('',#720,#718,#592,.T.);
#914=EDGE_CURVE('',#720,#721,#315,.T.);
#915=EDGE_CURVE('',#721,#719,#593,.T.);
#916=EDGE_CURVE('',#722,#720,#594,.T.);
#917=EDGE_CURVE('',#722,#723,#316,.T.);
#918=EDGE_CURVE('',#723,#721,#595,.T.);
#919=EDGE_CURVE('',#724,#722,#596,.T.);
#920=EDGE_CURVE('',#724,#725,#317,.T.);
#921=EDGE_CURVE('',#725,#723,#597,.T.);
#922=EDGE_CURVE('',#726,#724,#598,.T.);
#923=EDGE_CURVE('',#726,#727,#318,.T.);
#924=EDGE_CURVE('',#727,#725,#599,.T.);
#925=EDGE_CURVE('',#728,#726,#600,.T.);
#926=EDGE_CURVE('',#728,#729,#319,.T.);
#927=EDGE_CURVE('',#729,#727,#601,.T.);
#928=EDGE_CURVE('',#715,#728,#602,.T.);
#929=EDGE_CURVE('',#717,#729,#603,.T.);
#930=EDGE_CURVE('',#730,#731,#604,.T.);
#931=EDGE_CURVE('',#730,#732,#320,.T.);
#932=EDGE_CURVE('',#732,#733,#605,.T.);
#933=EDGE_CURVE('',#731,#733,#321,.T.);
#934=EDGE_CURVE('',#734,#730,#606,.T.);
#935=EDGE_CURVE('',#734,#735,#322,.T.);
#936=EDGE_CURVE('',#735,#732,#607,.T.);
#937=EDGE_CURVE('',#736,#734,#608,.T.);
#938=EDGE_CURVE('',#736,#737,#323,.T.);
#939=EDGE_CURVE('',#737,#735,#609,.T.);
#940=EDGE_CURVE('',#738,#736,#610,.T.);
#941=EDGE_CURVE('',#738,#739,#324,.T.);
#942=EDGE_CURVE('',#739,#737,#611,.T.);
#943=EDGE_CURVE('',#740,#738,#612,.T.);
#944=EDGE_CURVE('',#740,#741,#325,.T.);
#945=EDGE_CURVE('',#741,#739,#613,.T.);
#946=EDGE_CURVE('',#742,#740,#614,.T.);
#947=EDGE_CURVE('',#742,#743,#326,.T.);
#948=EDGE_CURVE('',#743,#741,#615,.T.);
#949=EDGE_CURVE('',#744,#742,#616,.T.);
#950=EDGE_CURVE('',#744,#745,#327,.T.);
#951=EDGE_CURVE('',#745,#743,#617,.T.);
#952=EDGE_CURVE('',#746,#744,#618,.T.);
#953=EDGE_CURVE('',#746,#747,#328,.T.);
#954=EDGE_CURVE('',#747,#745,#619,.T.);
#955=EDGE_CURVE('',#748,#746,#620,.T.);
#956=EDGE_CURVE('',#748,#749,#329,.T.);
#957=EDGE_CURVE('',#749,#747,#621,.T.);
#958=EDGE_CURVE('',#750,#748,#622,.T.);
#959=EDGE_CURVE('',#750,#751,#330,.T.);
#960=EDGE_CURVE('',#751,#749,#623,.T.);
#961=EDGE_CURVE('',#752,#750,#624,.T.);
#962=EDGE_CURVE('',#752,#753,#331,.T.);
#963=EDGE_CURVE('',#753,#751,#625,.T.);
#964=EDGE_CURVE('',#731,#752,#626,.T.);
#965=EDGE_CURVE('',#733,#753,#627,.T.);
#966=EDGE_CURVE('',#754,#755,#332,.T.);
#967=EDGE_CURVE('',#754,#756,#333,.T.);
#968=EDGE_CURVE('',#756,#757,#334,.T.);
#969=EDGE_CURVE('',#755,#757,#335,.T.);
#970=EDGE_CURVE('',#758,#754,#336,.T.);
#971=EDGE_CURVE('',#758,#759,#337,.T.);
#972=EDGE_CURVE('',#759,#756,#338,.T.);
#973=EDGE_CURVE('',#760,#758,#339,.T.);
#974=EDGE_CURVE('',#760,#761,#340,.T.);
#975=EDGE_CURVE('',#761,#759,#341,.T.);
#976=EDGE_CURVE('',#755,#760,#342,.T.);
#977=EDGE_CURVE('',#757,#761,#343,.T.);
#978=EDGE_CURVE('',#762,#763,#628,.T.);
#979=EDGE_CURVE('',#762,#764,#344,.T.);
#980=EDGE_CURVE('',#764,#765,#629,.T.);
#981=EDGE_CURVE('',#763,#765,#345,.T.);
#982=EDGE_CURVE('',#766,#762,#630,.T.);
#983=EDGE_CURVE('',#766,#767,#346,.T.);
#984=EDGE_CURVE('',#767,#764,#631,.T.);
#985=EDGE_CURVE('',#768,#766,#632,.T.);
#986=EDGE_CURVE('',#768,#769,#347,.T.);
#987=EDGE_CURVE('',#769,#767,#633,.T.);
#988=EDGE_CURVE('',#770,#768,#634,.T.);
#989=EDGE_CURVE('',#770,#771,#348,.T.);
#990=EDGE_CURVE('',#771,#769,#635,.T.);
#991=EDGE_CURVE('',#772,#770,#636,.T.);
#992=EDGE_CURVE('',#772,#773,#349,.T.);
#993=EDGE_CURVE('',#773,#771,#637,.T.);
#994=EDGE_CURVE('',#774,#772,#638,.T.);
#995=EDGE_CURVE('',#774,#775,#350,.T.);
#996=EDGE_CURVE('',#775,#773,#639,.T.);
#997=EDGE_CURVE('',#776,#774,#640,.T.);
#998=EDGE_CURVE('',#776,#777,#351,.T.);
#999=EDGE_CURVE('',#777,#775,#641,.T.);
#1000=EDGE_CURVE('',#778,#776,#642,.T.);
#1001=EDGE_CURVE('',#778,#779,#352,.T.);
#1002=EDGE_CURVE('',#779,#777,#643,.T.);
#1003=EDGE_CURVE('',#780,#778,#644,.T.);
#1004=EDGE_CURVE('',#780,#781,#353,.T.);
#1005=EDGE_CURVE('',#781,#779,#645,.T.);
#1006=EDGE_CURVE('',#782,#780,#646,.T.);
#1007=EDGE_CURVE('',#782,#783,#354,.T.);
#1008=EDGE_CURVE('',#783,#781,#647,.T.);
#1009=EDGE_CURVE('',#784,#782,#648,.T.);
#1010=EDGE_CURVE('',#784,#785,#355,.T.);
#1011=EDGE_CURVE('',#785,#783,#649,.T.);
#1012=EDGE_CURVE('',#786,#784,#650,.T.);
#1013=EDGE_CURVE('',#786,#787,#356,.T.);
#1014=EDGE_CURVE('',#787,#785,#651,.T.);
#1015=EDGE_CURVE('',#788,#786,#652,.T.);
#1016=EDGE_CURVE('',#788,#789,#357,.T.);
#1017=EDGE_CURVE('',#789,#787,#653,.T.);
#1018=EDGE_CURVE('',#790,#788,#358,.T.);
#1019=EDGE_CURVE('',#790,#791,#359,.T.);
#1020=EDGE_CURVE('',#791,#789,#360,.T.);
#1021=EDGE_CURVE('',#792,#790,#654,.T.);
#1022=EDGE_CURVE('',#792,#793,#361,.T.);
#1023=EDGE_CURVE('',#793,#791,#655,.T.);
#1024=EDGE_CURVE('',#794,#792,#656,.T.);
#1025=EDGE_CURVE('',#794,#795,#362,.T.);
#1026=EDGE_CURVE('',#795,#793,#657,.T.);
#1027=EDGE_CURVE('',#796,#794,#658,.T.);
#1028=EDGE_CURVE('',#796,#797,#363,.T.);
#1029=EDGE_CURVE('',#797,#795,#659,.T.);
#1030=EDGE_CURVE('',#798,#796,#660,.T.);
#1031=EDGE_CURVE('',#798,#799,#364,.T.);
#1032=EDGE_CURVE('',#799,#797,#661,.T.);
#1033=EDGE_CURVE('',#800,#798,#662,.T.);
#1034=EDGE_CURVE('',#800,#801,#365,.T.);
#1035=EDGE_CURVE('',#801,#799,#663,.T.);
#1036=EDGE_CURVE('',#802,#800,#664,.T.);
#1037=EDGE_CURVE('',#802,#803,#366,.T.);
#1038=EDGE_CURVE('',#803,#801,#665,.T.);
#1039=EDGE_CURVE('',#804,#802,#666,.T.);
#1040=EDGE_CURVE('',#804,#805,#367,.T.);
#1041=EDGE_CURVE('',#805,#803,#667,.T.);
#1042=EDGE_CURVE('',#806,#804,#368,.T.);
#1043=EDGE_CURVE('',#806,#807,#369,.T.);
#1044=EDGE_CURVE('',#807,#805,#370,.T.);
#1045=EDGE_CURVE('',#808,#806,#668,.T.);
#1046=EDGE_CURVE('',#808,#809,#371,.T.);
#1047=EDGE_CURVE('',#809,#807,#669,.T.);
#1048=EDGE_CURVE('',#810,#808,#670,.T.);
#1049=EDGE_CURVE('',#810,#811,#372,.T.);
#1050=EDGE_CURVE('',#811,#809,#671,.T.);
#1051=EDGE_CURVE('',#812,#810,#672,.T.);
#1052=EDGE_CURVE('',#812,#813,#373,.T.);
#1053=EDGE_CURVE('',#813,#811,#673,.T.);
#1054=EDGE_CURVE('',#814,#812,#674,.T.);
#1055=EDGE_CURVE('',#814,#815,#374,.T.);
#1056=EDGE_CURVE('',#815,#813,#675,.T.);
#1057=EDGE_CURVE('',#816,#814,#676,.T.);
#1058=EDGE_CURVE('',#816,#817,#375,.T.);
#1059=EDGE_CURVE('',#817,#815,#677,.T.);
#1060=EDGE_CURVE('',#818,#816,#678,.T.);
#1061=EDGE_CURVE('',#818,#819,#376,.T.);
#1062=EDGE_CURVE('',#819,#817,#679,.T.);
#1063=EDGE_CURVE('',#820,#818,#680,.T.);
#1064=EDGE_CURVE('',#820,#821,#377,.T.);
#1065=EDGE_CURVE('',#821,#819,#681,.T.);
#1066=EDGE_CURVE('',#763,#820,#378,.T.);
#1067=EDGE_CURVE('',#765,#821,#379,.T.);
#1068=EDGE_CURVE('',#822,#823,#380,.T.);
#1069=EDGE_CURVE('',#822,#824,#381,.T.);
#1070=EDGE_CURVE('',#824,#825,#382,.T.);
#1071=EDGE_CURVE('',#823,#825,#383,.T.);
#1072=EDGE_CURVE('',#826,#822,#384,.T.);
#1073=EDGE_CURVE('',#826,#827,#385,.T.);
#1074=EDGE_CURVE('',#827,#824,#386,.T.);
#1075=EDGE_CURVE('',#828,#826,#682,.T.);
#1076=EDGE_CURVE('',#828,#829,#387,.T.);
#1077=EDGE_CURVE('',#829,#827,#683,.T.);
#1078=EDGE_CURVE('',#830,#828,#684,.T.);
#1079=EDGE_CURVE('',#830,#831,#388,.T.);
#1080=EDGE_CURVE('',#831,#829,#685,.T.);
#1081=EDGE_CURVE('',#832,#830,#686,.T.);
#1082=EDGE_CURVE('',#832,#833,#389,.T.);
#1083=EDGE_CURVE('',#833,#831,#687,.T.);
#1084=EDGE_CURVE('',#834,#832,#688,.T.);
#1085=EDGE_CURVE('',#834,#835,#390,.T.);
#1086=EDGE_CURVE('',#835,#833,#689,.T.);
#1087=EDGE_CURVE('',#836,#834,#690,.T.);
#1088=EDGE_CURVE('',#836,#837,#391,.T.);
#1089=EDGE_CURVE('',#837,#835,#691,.T.);
#1090=EDGE_CURVE('',#823,#836,#392,.T.);
#1091=EDGE_CURVE('',#825,#837,#393,.T.);
#1092=EDGE_CURVE('',#838,#839,#394,.T.);
#1093=EDGE_CURVE('',#838,#840,#395,.T.);
#1094=EDGE_CURVE('',#840,#841,#396,.T.);
#1095=EDGE_CURVE('',#839,#841,#397,.T.);
#1096=EDGE_CURVE('',#842,#838,#398,.T.);
#1097=EDGE_CURVE('',#842,#843,#399,.T.);
#1098=EDGE_CURVE('',#843,#840,#400,.T.);
#1099=EDGE_CURVE('',#844,#842,#401,.T.);
#1100=EDGE_CURVE('',#844,#845,#402,.T.);
#1101=EDGE_CURVE('',#845,#843,#403,.T.);
#1102=EDGE_CURVE('',#846,#844,#692,.T.);
#1103=EDGE_CURVE('',#846,#847,#404,.T.);
#1104=EDGE_CURVE('',#847,#845,#693,.T.);
#1105=EDGE_CURVE('',#848,#846,#694,.T.);
#1106=EDGE_CURVE('',#848,#849,#405,.T.);
#1107=EDGE_CURVE('',#849,#847,#695,.T.);
#1108=EDGE_CURVE('',#850,#848,#696,.T.);
#1109=EDGE_CURVE('',#850,#851,#406,.T.);
#1110=EDGE_CURVE('',#851,#849,#697,.T.);
#1111=EDGE_CURVE('',#852,#850,#698,.T.);
#1112=EDGE_CURVE('',#852,#853,#407,.T.);
#1113=EDGE_CURVE('',#853,#851,#699,.T.);
#1114=EDGE_CURVE('',#854,#852,#408,.T.);
#1115=EDGE_CURVE('',#854,#855,#409,.T.);
#1116=EDGE_CURVE('',#855,#853,#410,.T.);
#1117=EDGE_CURVE('',#856,#854,#411,.T.);
#1118=EDGE_CURVE('',#856,#857,#412,.T.);
#1119=EDGE_CURVE('',#857,#855,#413,.T.);
#1120=EDGE_CURVE('',#858,#856,#414,.T.);
#1121=EDGE_CURVE('',#858,#859,#415,.T.);
#1122=EDGE_CURVE('',#859,#857,#416,.T.);
#1123=EDGE_CURVE('',#860,#858,#700,.T.);
#1124=EDGE_CURVE('',#860,#861,#417,.T.);
#1125=EDGE_CURVE('',#861,#859,#701,.T.);
#1126=EDGE_CURVE('',#862,#860,#702,.T.);
#1127=EDGE_CURVE('',#862,#863,#418,.T.);
#1128=EDGE_CURVE('',#863,#861,#703,.T.);
#1129=EDGE_CURVE('',#864,#862,#704,.T.);
#1130=EDGE_CURVE('',#864,#865,#419,.T.);
#1131=EDGE_CURVE('',#865,#863,#705,.T.);
#1132=EDGE_CURVE('',#866,#864,#706,.T.);
#1133=EDGE_CURVE('',#866,#867,#420,.T.);
#1134=EDGE_CURVE('',#867,#865,#707,.T.);
#1135=EDGE_CURVE('',#868,#866,#708,.T.);
#1136=EDGE_CURVE('',#868,#869,#421,.T.);
#1137=EDGE_CURVE('',#869,#867,#709,.T.);
#1138=EDGE_CURVE('',#870,#868,#710,.T.);
#1139=EDGE_CURVE('',#870,#871,#422,.T.);
#1140=EDGE_CURVE('',#871,#869,#711,.T.);
#1141=EDGE_CURVE('',#872,#870,#712,.T.);
#1142=EDGE_CURVE('',#872,#873,#423,.T.);
#1143=EDGE_CURVE('',#873,#871,#713,.T.);
#1144=EDGE_CURVE('',#874,#872,#424,.T.);
#1145=EDGE_CURVE('',#874,#875,#425,.T.);
#1146=EDGE_CURVE('',#875,#873,#426,.T.);
#1147=EDGE_CURVE('',#839,#874,#427,.T.);
#1148=EDGE_CURVE('',#841,#875,#428,.T.);
#1149=EDGE_CURVE('',#876,#877,#19,.T.);
#1150=EDGE_CURVE('',#877,#878,#429,.T.);
#1151=EDGE_CURVE('',#878,#879,#20,.T.);
#1152=EDGE_CURVE('',#876,#879,#430,.T.);
#1153=EDGE_CURVE('',#880,#881,#21,.T.);
#1154=EDGE_CURVE('',#881,#879,#22,.T.);
#1155=EDGE_CURVE('',#878,#880,#23,.T.);
#1156=EDGE_CURVE('',#882,#883,#24,.T.);
#1157=EDGE_CURVE('',#881,#883,#431,.T.);
#1158=EDGE_CURVE('',#880,#882,#432,.T.);
#1159=EDGE_CURVE('',#884,#885,#25,.T.);
#1160=EDGE_CURVE('',#885,#883,#26,.T.);
#1161=EDGE_CURVE('',#882,#884,#27,.T.);
#1162=EDGE_CURVE('',#886,#887,#28,.T.);
#1163=EDGE_CURVE('',#885,#887,#433,.T.);
#1164=EDGE_CURVE('',#884,#886,#434,.T.);
#1165=EDGE_CURVE('',#888,#889,#29,.T.);
#1166=EDGE_CURVE('',#889,#887,#30,.T.);
#1167=EDGE_CURVE('',#886,#888,#31,.T.);
#1168=EDGE_CURVE('',#890,#891,#32,.T.);
#1169=EDGE_CURVE('',#889,#891,#435,.T.);
#1170=EDGE_CURVE('',#888,#890,#436,.T.);
#1171=EDGE_CURVE('',#892,#893,#33,.T.);
#1172=EDGE_CURVE('',#893,#891,#34,.T.);
#1173=EDGE_CURVE('',#890,#892,#35,.T.);
#1174=EDGE_CURVE('',#894,#895,#36,.T.);
#1175=EDGE_CURVE('',#893,#895,#437,.T.);
#1176=EDGE_CURVE('',#892,#894,#438,.T.);
#1177=EDGE_CURVE('',#877,#896,#439,.T.);
#1178=EDGE_CURVE('',#896,#897,#440,.T.);
#1179=EDGE_CURVE('',#897,#894,#441,.T.);
#1180=EDGE_CURVE('',#898,#898,#37,.T.);
#1181=EDGE_CURVE('',#899,#899,#38,.T.);
#1182=EDGE_CURVE('',#900,#900,#39,.T.);
#1183=EDGE_CURVE('',#901,#876,#442,.T.);
#1184=EDGE_CURVE('',#901,#896,#443,.T.);
#1185=EDGE_CURVE('',#900,#902,#444,.T.);
#1186=EDGE_CURVE('',#902,#902,#40,.T.);
#1187=EDGE_CURVE('',#899,#903,#445,.T.);
#1188=EDGE_CURVE('',#903,#903,#41,.T.);
#1189=EDGE_CURVE('',#898,#904,#446,.T.);
#1190=EDGE_CURVE('',#904,#904,#42,.T.);
#1191=EDGE_CURVE('',#905,#897,#447,.T.);
#1192=EDGE_CURVE('',#895,#905,#448,.T.);
#1193=EDGE_CURVE('',#905,#901,#449,.T.);
#1194=ORIENTED_EDGE('',*,*,#906,.F.);
#1195=ORIENTED_EDGE('',*,*,#907,.T.);
#1196=ORIENTED_EDGE('',*,*,#908,.T.);
#1197=ORIENTED_EDGE('',*,*,#909,.F.);
#1198=ORIENTED_EDGE('',*,*,#910,.F.);
#1199=ORIENTED_EDGE('',*,*,#911,.T.);
#1200=ORIENTED_EDGE('',*,*,#912,.T.);
#1201=ORIENTED_EDGE('',*,*,#907,.F.);
#1202=ORIENTED_EDGE('',*,*,#913,.F.);
#1203=ORIENTED_EDGE('',*,*,#914,.T.);
#1204=ORIENTED_EDGE('',*,*,#915,.T.);
#1205=ORIENTED_EDGE('',*,*,#911,.F.);
#1206=ORIENTED_EDGE('',*,*,#916,.F.);
#1207=ORIENTED_EDGE('',*,*,#917,.T.);
#1208=ORIENTED_EDGE('',*,*,#918,.T.);
#1209=ORIENTED_EDGE('',*,*,#914,.F.);
#1210=ORIENTED_EDGE('',*,*,#919,.F.);
#1211=ORIENTED_EDGE('',*,*,#920,.T.);
#1212=ORIENTED_EDGE('',*,*,#921,.T.);
#1213=ORIENTED_EDGE('',*,*,#917,.F.);
#1214=ORIENTED_EDGE('',*,*,#922,.F.);
#1215=ORIENTED_EDGE('',*,*,#923,.T.);
#1216=ORIENTED_EDGE('',*,*,#924,.T.);
#1217=ORIENTED_EDGE('',*,*,#920,.F.);
#1218=ORIENTED_EDGE('',*,*,#925,.F.);
#1219=ORIENTED_EDGE('',*,*,#926,.T.);
#1220=ORIENTED_EDGE('',*,*,#927,.T.);
#1221=ORIENTED_EDGE('',*,*,#923,.F.);
#1222=ORIENTED_EDGE('',*,*,#928,.F.);
#1223=ORIENTED_EDGE('',*,*,#909,.T.);
#1224=ORIENTED_EDGE('',*,*,#929,.T.);
#1225=ORIENTED_EDGE('',*,*,#926,.F.);
#1226=ORIENTED_EDGE('',*,*,#930,.F.);
#1227=ORIENTED_EDGE('',*,*,#931,.T.);
#1228=ORIENTED_EDGE('',*,*,#932,.T.);
#1229=ORIENTED_EDGE('',*,*,#933,.F.);
#1230=ORIENTED_EDGE('',*,*,#934,.F.);
#1231=ORIENTED_EDGE('',*,*,#935,.T.);
#1232=ORIENTED_EDGE('',*,*,#936,.T.);
#1233=ORIENTED_EDGE('',*,*,#931,.F.);
#1234=ORIENTED_EDGE('',*,*,#937,.F.);
#1235=ORIENTED_EDGE('',*,*,#938,.T.);
#1236=ORIENTED_EDGE('',*,*,#939,.T.);
#1237=ORIENTED_EDGE('',*,*,#935,.F.);
#1238=ORIENTED_EDGE('',*,*,#940,.F.);
#1239=ORIENTED_EDGE('',*,*,#941,.T.);
#1240=ORIENTED_EDGE('',*,*,#942,.T.);
#1241=ORIENTED_EDGE('',*,*,#938,.F.);
#1242=ORIENTED_EDGE('',*,*,#943,.F.);
#1243=ORIENTED_EDGE('',*,*,#944,.T.);
#1244=ORIENTED_EDGE('',*,*,#945,.T.);
#1245=ORIENTED_EDGE('',*,*,#941,.F.);
#1246=ORIENTED_EDGE('',*,*,#946,.F.);
#1247=ORIENTED_EDGE('',*,*,#947,.T.);
#1248=ORIENTED_EDGE('',*,*,#948,.T.);
#1249=ORIENTED_EDGE('',*,*,#944,.F.);
#1250=ORIENTED_EDGE('',*,*,#949,.F.);
#1251=ORIENTED_EDGE('',*,*,#950,.T.);
#1252=ORIENTED_EDGE('',*,*,#951,.T.);
#1253=ORIENTED_EDGE('',*,*,#947,.F.);
#1254=ORIENTED_EDGE('',*,*,#952,.F.);
#1255=ORIENTED_EDGE('',*,*,#953,.T.);
#1256=ORIENTED_EDGE('',*,*,#954,.T.);
#1257=ORIENTED_EDGE('',*,*,#950,.F.);
#1258=ORIENTED_EDGE('',*,*,#955,.F.);
#1259=ORIENTED_EDGE('',*,*,#956,.T.);
#1260=ORIENTED_EDGE('',*,*,#957,.T.);
#1261=ORIENTED_EDGE('',*,*,#953,.F.);
#1262=ORIENTED_EDGE('',*,*,#958,.F.);
#1263=ORIENTED_EDGE('',*,*,#959,.T.);
#1264=ORIENTED_EDGE('',*,*,#960,.T.);
#1265=ORIENTED_EDGE('',*,*,#956,.F.);
#1266=ORIENTED_EDGE('',*,*,#961,.F.);
#1267=ORIENTED_EDGE('',*,*,#962,.T.);
#1268=ORIENTED_EDGE('',*,*,#963,.T.);
#1269=ORIENTED_EDGE('',*,*,#959,.F.);
#1270=ORIENTED_EDGE('',*,*,#964,.F.);
#1271=ORIENTED_EDGE('',*,*,#933,.T.);
#1272=ORIENTED_EDGE('',*,*,#965,.T.);
#1273=ORIENTED_EDGE('',*,*,#962,.F.);
#1274=ORIENTED_EDGE('',*,*,#965,.F.);
#1275=ORIENTED_EDGE('',*,*,#932,.F.);
#1276=ORIENTED_EDGE('',*,*,#936,.F.);
#1277=ORIENTED_EDGE('',*,*,#939,.F.);
#1278=ORIENTED_EDGE('',*,*,#942,.F.);
#1279=ORIENTED_EDGE('',*,*,#945,.F.);
#1280=ORIENTED_EDGE('',*,*,#948,.F.);
#1281=ORIENTED_EDGE('',*,*,#951,.F.);
#1282=ORIENTED_EDGE('',*,*,#954,.F.);
#1283=ORIENTED_EDGE('',*,*,#957,.F.);
#1284=ORIENTED_EDGE('',*,*,#960,.F.);
#1285=ORIENTED_EDGE('',*,*,#963,.F.);
#1286=ORIENTED_EDGE('',*,*,#929,.F.);
#1287=ORIENTED_EDGE('',*,*,#908,.F.);
#1288=ORIENTED_EDGE('',*,*,#912,.F.);
#1289=ORIENTED_EDGE('',*,*,#915,.F.);
#1290=ORIENTED_EDGE('',*,*,#918,.F.);
#1291=ORIENTED_EDGE('',*,*,#921,.F.);
#1292=ORIENTED_EDGE('',*,*,#924,.F.);
#1293=ORIENTED_EDGE('',*,*,#927,.F.);
#1294=ORIENTED_EDGE('',*,*,#966,.F.);
#1295=ORIENTED_EDGE('',*,*,#967,.T.);
#1296=ORIENTED_EDGE('',*,*,#968,.T.);
#1297=ORIENTED_EDGE('',*,*,#969,.F.);
#1298=ORIENTED_EDGE('',*,*,#970,.F.);
#1299=ORIENTED_EDGE('',*,*,#971,.T.);
#1300=ORIENTED_EDGE('',*,*,#972,.T.);
#1301=ORIENTED_EDGE('',*,*,#967,.F.);
#1302=ORIENTED_EDGE('',*,*,#973,.F.);
#1303=ORIENTED_EDGE('',*,*,#974,.T.);
#1304=ORIENTED_EDGE('',*,*,#975,.T.);
#1305=ORIENTED_EDGE('',*,*,#971,.F.);
#1306=ORIENTED_EDGE('',*,*,#976,.F.);
#1307=ORIENTED_EDGE('',*,*,#969,.T.);
#1308=ORIENTED_EDGE('',*,*,#977,.T.);
#1309=ORIENTED_EDGE('',*,*,#974,.F.);
#1310=ORIENTED_EDGE('',*,*,#977,.F.);
#1311=ORIENTED_EDGE('',*,*,#968,.F.);
#1312=ORIENTED_EDGE('',*,*,#972,.F.);
#1313=ORIENTED_EDGE('',*,*,#975,.F.);
#1314=ORIENTED_EDGE('',*,*,#978,.F.);
#1315=ORIENTED_EDGE('',*,*,#979,.T.);
#1316=ORIENTED_EDGE('',*,*,#980,.T.);
#1317=ORIENTED_EDGE('',*,*,#981,.F.);
#1318=ORIENTED_EDGE('',*,*,#982,.F.);
#1319=ORIENTED_EDGE('',*,*,#983,.T.);
#1320=ORIENTED_EDGE('',*,*,#984,.T.);
#1321=ORIENTED_EDGE('',*,*,#979,.F.);
#1322=ORIENTED_EDGE('',*,*,#985,.F.);
#1323=ORIENTED_EDGE('',*,*,#986,.T.);
#1324=ORIENTED_EDGE('',*,*,#987,.T.);
#1325=ORIENTED_EDGE('',*,*,#983,.F.);
#1326=ORIENTED_EDGE('',*,*,#988,.F.);
#1327=ORIENTED_EDGE('',*,*,#989,.T.);
#1328=ORIENTED_EDGE('',*,*,#990,.T.);
#1329=ORIENTED_EDGE('',*,*,#986,.F.);
#1330=ORIENTED_EDGE('',*,*,#991,.F.);
#1331=ORIENTED_EDGE('',*,*,#992,.T.);
#1332=ORIENTED_EDGE('',*,*,#993,.T.);
#1333=ORIENTED_EDGE('',*,*,#989,.F.);
#1334=ORIENTED_EDGE('',*,*,#994,.F.);
#1335=ORIENTED_EDGE('',*,*,#995,.T.);
#1336=ORIENTED_EDGE('',*,*,#996,.T.);
#1337=ORIENTED_EDGE('',*,*,#992,.F.);
#1338=ORIENTED_EDGE('',*,*,#997,.F.);
#1339=ORIENTED_EDGE('',*,*,#998,.T.);
#1340=ORIENTED_EDGE('',*,*,#999,.T.);
#1341=ORIENTED_EDGE('',*,*,#995,.F.);
#1342=ORIENTED_EDGE('',*,*,#1000,.F.);
#1343=ORIENTED_EDGE('',*,*,#1001,.T.);
#1344=ORIENTED_EDGE('',*,*,#1002,.T.);
#1345=ORIENTED_EDGE('',*,*,#998,.F.);
#1346=ORIENTED_EDGE('',*,*,#1003,.F.);
#1347=ORIENTED_EDGE('',*,*,#1004,.T.);
#1348=ORIENTED_EDGE('',*,*,#1005,.T.);
#1349=ORIENTED_EDGE('',*,*,#1001,.F.);
#1350=ORIENTED_EDGE('',*,*,#1006,.F.);
#1351=ORIENTED_EDGE('',*,*,#1007,.T.);
#1352=ORIENTED_EDGE('',*,*,#1008,.T.);
#1353=ORIENTED_EDGE('',*,*,#1004,.F.);
#1354=ORIENTED_EDGE('',*,*,#1009,.F.);
#1355=ORIENTED_EDGE('',*,*,#1010,.T.);
#1356=ORIENTED_EDGE('',*,*,#1011,.T.);
#1357=ORIENTED_EDGE('',*,*,#1007,.F.);
#1358=ORIENTED_EDGE('',*,*,#1012,.F.);
#1359=ORIENTED_EDGE('',*,*,#1013,.T.);
#1360=ORIENTED_EDGE('',*,*,#1014,.T.);
#1361=ORIENTED_EDGE('',*,*,#1010,.F.);
#1362=ORIENTED_EDGE('',*,*,#1015,.F.);
#1363=ORIENTED_EDGE('',*,*,#1016,.T.);
#1364=ORIENTED_EDGE('',*,*,#1017,.T.);
#1365=ORIENTED_EDGE('',*,*,#1013,.F.);
#1366=ORIENTED_EDGE('',*,*,#1018,.F.);
#1367=ORIENTED_EDGE('',*,*,#1019,.T.);
#1368=ORIENTED_EDGE('',*,*,#1020,.T.);
#1369=ORIENTED_EDGE('',*,*,#1016,.F.);
#1370=ORIENTED_EDGE('',*,*,#1021,.F.);
#1371=ORIENTED_EDGE('',*,*,#1022,.T.);
#1372=ORIENTED_EDGE('',*,*,#1023,.T.);
#1373=ORIENTED_EDGE('',*,*,#1019,.F.);
#1374=ORIENTED_EDGE('',*,*,#1024,.F.);
#1375=ORIENTED_EDGE('',*,*,#1025,.T.);
#1376=ORIENTED_EDGE('',*,*,#1026,.T.);
#1377=ORIENTED_EDGE('',*,*,#1022,.F.);
#1378=ORIENTED_EDGE('',*,*,#1027,.F.);
#1379=ORIENTED_EDGE('',*,*,#1028,.T.);
#1380=ORIENTED_EDGE('',*,*,#1029,.T.);
#1381=ORIENTED_EDGE('',*,*,#1025,.F.);
#1382=ORIENTED_EDGE('',*,*,#1030,.F.);
#1383=ORIENTED_EDGE('',*,*,#1031,.T.);
#1384=ORIENTED_EDGE('',*,*,#1032,.T.);
#1385=ORIENTED_EDGE('',*,*,#1028,.F.);
#1386=ORIENTED_EDGE('',*,*,#1033,.F.);
#1387=ORIENTED_EDGE('',*,*,#1034,.T.);
#1388=ORIENTED_EDGE('',*,*,#1035,.T.);
#1389=ORIENTED_EDGE('',*,*,#1031,.F.);
#1390=ORIENTED_EDGE('',*,*,#1036,.F.);
#1391=ORIENTED_EDGE('',*,*,#1037,.T.);
#1392=ORIENTED_EDGE('',*,*,#1038,.T.);
#1393=ORIENTED_EDGE('',*,*,#1034,.F.);
#1394=ORIENTED_EDGE('',*,*,#1039,.F.);
#1395=ORIENTED_EDGE('',*,*,#1040,.T.);
#1396=ORIENTED_EDGE('',*,*,#1041,.T.);
#1397=ORIENTED_EDGE('',*,*,#1037,.F.);
#1398=ORIENTED_EDGE('',*,*,#1042,.F.);
#1399=ORIENTED_EDGE('',*,*,#1043,.T.);
#1400=ORIENTED_EDGE('',*,*,#1044,.T.);
#1401=ORIENTED_EDGE('',*,*,#1040,.F.);
#1402=ORIENTED_EDGE('',*,*,#1045,.F.);
#1403=ORIENTED_EDGE('',*,*,#1046,.T.);
#1404=ORIENTED_EDGE('',*,*,#1047,.T.);
#1405=ORIENTED_EDGE('',*,*,#1043,.F.);
#1406=ORIENTED_EDGE('',*,*,#1048,.F.);
#1407=ORIENTED_EDGE('',*,*,#1049,.T.);
#1408=ORIENTED_EDGE('',*,*,#1050,.T.);
#1409=ORIENTED_EDGE('',*,*,#1046,.F.);
#1410=ORIENTED_EDGE('',*,*,#1051,.F.);
#1411=ORIENTED_EDGE('',*,*,#1052,.T.);
#1412=ORIENTED_EDGE('',*,*,#1053,.T.);
#1413=ORIENTED_EDGE('',*,*,#1049,.F.);
#1414=ORIENTED_EDGE('',*,*,#1054,.F.);
#1415=ORIENTED_EDGE('',*,*,#1055,.T.);
#1416=ORIENTED_EDGE('',*,*,#1056,.T.);
#1417=ORIENTED_EDGE('',*,*,#1052,.F.);
#1418=ORIENTED_EDGE('',*,*,#1057,.F.);
#1419=ORIENTED_EDGE('',*,*,#1058,.T.);
#1420=ORIENTED_EDGE('',*,*,#1059,.T.);
#1421=ORIENTED_EDGE('',*,*,#1055,.F.);
#1422=ORIENTED_EDGE('',*,*,#1060,.F.);
#1423=ORIENTED_EDGE('',*,*,#1061,.T.);
#1424=ORIENTED_EDGE('',*,*,#1062,.T.);
#1425=ORIENTED_EDGE('',*,*,#1058,.F.);
#1426=ORIENTED_EDGE('',*,*,#1063,.F.);
#1427=ORIENTED_EDGE('',*,*,#1064,.T.);
#1428=ORIENTED_EDGE('',*,*,#1065,.T.);
#1429=ORIENTED_EDGE('',*,*,#1061,.F.);
#1430=ORIENTED_EDGE('',*,*,#1066,.F.);
#1431=ORIENTED_EDGE('',*,*,#981,.T.);
#1432=ORIENTED_EDGE('',*,*,#1067,.T.);
#1433=ORIENTED_EDGE('',*,*,#1064,.F.);
#1434=ORIENTED_EDGE('',*,*,#1067,.F.);
#1435=ORIENTED_EDGE('',*,*,#980,.F.);
#1436=ORIENTED_EDGE('',*,*,#984,.F.);
#1437=ORIENTED_EDGE('',*,*,#987,.F.);
#1438=ORIENTED_EDGE('',*,*,#990,.F.);
#1439=ORIENTED_EDGE('',*,*,#993,.F.);
#1440=ORIENTED_EDGE('',*,*,#996,.F.);
#1441=ORIENTED_EDGE('',*,*,#999,.F.);
#1442=ORIENTED_EDGE('',*,*,#1002,.F.);
#1443=ORIENTED_EDGE('',*,*,#1005,.F.);
#1444=ORIENTED_EDGE('',*,*,#1008,.F.);
#1445=ORIENTED_EDGE('',*,*,#1011,.F.);
#1446=ORIENTED_EDGE('',*,*,#1014,.F.);
#1447=ORIENTED_EDGE('',*,*,#1017,.F.);
#1448=ORIENTED_EDGE('',*,*,#1020,.F.);
#1449=ORIENTED_EDGE('',*,*,#1023,.F.);
#1450=ORIENTED_EDGE('',*,*,#1026,.F.);
#1451=ORIENTED_EDGE('',*,*,#1029,.F.);
#1452=ORIENTED_EDGE('',*,*,#1032,.F.);
#1453=ORIENTED_EDGE('',*,*,#1035,.F.);
#1454=ORIENTED_EDGE('',*,*,#1038,.F.);
#1455=ORIENTED_EDGE('',*,*,#1041,.F.);
#1456=ORIENTED_EDGE('',*,*,#1044,.F.);
#1457=ORIENTED_EDGE('',*,*,#1047,.F.);
#1458=ORIENTED_EDGE('',*,*,#1050,.F.);
#1459=ORIENTED_EDGE('',*,*,#1053,.F.);
#1460=ORIENTED_EDGE('',*,*,#1056,.F.);
#1461=ORIENTED_EDGE('',*,*,#1059,.F.);
#1462=ORIENTED_EDGE('',*,*,#1062,.F.);
#1463=ORIENTED_EDGE('',*,*,#1065,.F.);
#1464=ORIENTED_EDGE('',*,*,#1068,.F.);
#1465=ORIENTED_EDGE('',*,*,#1069,.T.);
#1466=ORIENTED_EDGE('',*,*,#1070,.T.);
#1467=ORIENTED_EDGE('',*,*,#1071,.F.);
#1468=ORIENTED_EDGE('',*,*,#1072,.F.);
#1469=ORIENTED_EDGE('',*,*,#1073,.T.);
#1470=ORIENTED_EDGE('',*,*,#1074,.T.);
#1471=ORIENTED_EDGE('',*,*,#1069,.F.);
#1472=ORIENTED_EDGE('',*,*,#1075,.F.);
#1473=ORIENTED_EDGE('',*,*,#1076,.T.);
#1474=ORIENTED_EDGE('',*,*,#1077,.T.);
#1475=ORIENTED_EDGE('',*,*,#1073,.F.);
#1476=ORIENTED_EDGE('',*,*,#1078,.F.);
#1477=ORIENTED_EDGE('',*,*,#1079,.T.);
#1478=ORIENTED_EDGE('',*,*,#1080,.T.);
#1479=ORIENTED_EDGE('',*,*,#1076,.F.);
#1480=ORIENTED_EDGE('',*,*,#1081,.F.);
#1481=ORIENTED_EDGE('',*,*,#1082,.T.);
#1482=ORIENTED_EDGE('',*,*,#1083,.T.);
#1483=ORIENTED_EDGE('',*,*,#1079,.F.);
#1484=ORIENTED_EDGE('',*,*,#1084,.F.);
#1485=ORIENTED_EDGE('',*,*,#1085,.T.);
#1486=ORIENTED_EDGE('',*,*,#1086,.T.);
#1487=ORIENTED_EDGE('',*,*,#1082,.F.);
#1488=ORIENTED_EDGE('',*,*,#1087,.F.);
#1489=ORIENTED_EDGE('',*,*,#1088,.T.);
#1490=ORIENTED_EDGE('',*,*,#1089,.T.);
#1491=ORIENTED_EDGE('',*,*,#1085,.F.);
#1492=ORIENTED_EDGE('',*,*,#1090,.F.);
#1493=ORIENTED_EDGE('',*,*,#1071,.T.);
#1494=ORIENTED_EDGE('',*,*,#1091,.T.);
#1495=ORIENTED_EDGE('',*,*,#1088,.F.);
#1496=ORIENTED_EDGE('',*,*,#1092,.F.);
#1497=ORIENTED_EDGE('',*,*,#1093,.T.);
#1498=ORIENTED_EDGE('',*,*,#1094,.T.);
#1499=ORIENTED_EDGE('',*,*,#1095,.F.);
#1500=ORIENTED_EDGE('',*,*,#1096,.F.);
#1501=ORIENTED_EDGE('',*,*,#1097,.T.);
#1502=ORIENTED_EDGE('',*,*,#1098,.T.);
#1503=ORIENTED_EDGE('',*,*,#1093,.F.);
#1504=ORIENTED_EDGE('',*,*,#1099,.F.);
#1505=ORIENTED_EDGE('',*,*,#1100,.T.);
#1506=ORIENTED_EDGE('',*,*,#1101,.T.);
#1507=ORIENTED_EDGE('',*,*,#1097,.F.);
#1508=ORIENTED_EDGE('',*,*,#1102,.F.);
#1509=ORIENTED_EDGE('',*,*,#1103,.T.);
#1510=ORIENTED_EDGE('',*,*,#1104,.T.);
#1511=ORIENTED_EDGE('',*,*,#1100,.F.);
#1512=ORIENTED_EDGE('',*,*,#1105,.F.);
#1513=ORIENTED_EDGE('',*,*,#1106,.T.);
#1514=ORIENTED_EDGE('',*,*,#1107,.T.);
#1515=ORIENTED_EDGE('',*,*,#1103,.F.);
#1516=ORIENTED_EDGE('',*,*,#1108,.F.);
#1517=ORIENTED_EDGE('',*,*,#1109,.T.);
#1518=ORIENTED_EDGE('',*,*,#1110,.T.);
#1519=ORIENTED_EDGE('',*,*,#1106,.F.);
#1520=ORIENTED_EDGE('',*,*,#1111,.F.);
#1521=ORIENTED_EDGE('',*,*,#1112,.T.);
#1522=ORIENTED_EDGE('',*,*,#1113,.T.);
#1523=ORIENTED_EDGE('',*,*,#1109,.F.);
#1524=ORIENTED_EDGE('',*,*,#1114,.F.);
#1525=ORIENTED_EDGE('',*,*,#1115,.T.);
#1526=ORIENTED_EDGE('',*,*,#1116,.T.);
#1527=ORIENTED_EDGE('',*,*,#1112,.F.);
#1528=ORIENTED_EDGE('',*,*,#1117,.F.);
#1529=ORIENTED_EDGE('',*,*,#1118,.T.);
#1530=ORIENTED_EDGE('',*,*,#1119,.T.);
#1531=ORIENTED_EDGE('',*,*,#1115,.F.);
#1532=ORIENTED_EDGE('',*,*,#1120,.F.);
#1533=ORIENTED_EDGE('',*,*,#1121,.T.);
#1534=ORIENTED_EDGE('',*,*,#1122,.T.);
#1535=ORIENTED_EDGE('',*,*,#1118,.F.);
#1536=ORIENTED_EDGE('',*,*,#1123,.F.);
#1537=ORIENTED_EDGE('',*,*,#1124,.T.);
#1538=ORIENTED_EDGE('',*,*,#1125,.T.);
#1539=ORIENTED_EDGE('',*,*,#1121,.F.);
#1540=ORIENTED_EDGE('',*,*,#1126,.F.);
#1541=ORIENTED_EDGE('',*,*,#1127,.T.);
#1542=ORIENTED_EDGE('',*,*,#1128,.T.);
#1543=ORIENTED_EDGE('',*,*,#1124,.F.);
#1544=ORIENTED_EDGE('',*,*,#1129,.F.);
#1545=ORIENTED_EDGE('',*,*,#1130,.T.);
#1546=ORIENTED_EDGE('',*,*,#1131,.T.);
#1547=ORIENTED_EDGE('',*,*,#1127,.F.);
#1548=ORIENTED_EDGE('',*,*,#1132,.F.);
#1549=ORIENTED_EDGE('',*,*,#1133,.T.);
#1550=ORIENTED_EDGE('',*,*,#1134,.T.);
#1551=ORIENTED_EDGE('',*,*,#1130,.F.);
#1552=ORIENTED_EDGE('',*,*,#1135,.F.);
#1553=ORIENTED_EDGE('',*,*,#1136,.T.);
#1554=ORIENTED_EDGE('',*,*,#1137,.T.);
#1555=ORIENTED_EDGE('',*,*,#1133,.F.);
#1556=ORIENTED_EDGE('',*,*,#1138,.F.);
#1557=ORIENTED_EDGE('',*,*,#1139,.T.);
#1558=ORIENTED_EDGE('',*,*,#1140,.T.);
#1559=ORIENTED_EDGE('',*,*,#1136,.F.);
#1560=ORIENTED_EDGE('',*,*,#1141,.F.);
#1561=ORIENTED_EDGE('',*,*,#1142,.T.);
#1562=ORIENTED_EDGE('',*,*,#1143,.T.);
#1563=ORIENTED_EDGE('',*,*,#1139,.F.);
#1564=ORIENTED_EDGE('',*,*,#1144,.F.);
#1565=ORIENTED_EDGE('',*,*,#1145,.T.);
#1566=ORIENTED_EDGE('',*,*,#1146,.T.);
#1567=ORIENTED_EDGE('',*,*,#1142,.F.);
#1568=ORIENTED_EDGE('',*,*,#1147,.F.);
#1569=ORIENTED_EDGE('',*,*,#1095,.T.);
#1570=ORIENTED_EDGE('',*,*,#1148,.T.);
#1571=ORIENTED_EDGE('',*,*,#1145,.F.);
#1572=ORIENTED_EDGE('',*,*,#1148,.F.);
#1573=ORIENTED_EDGE('',*,*,#1094,.F.);
#1574=ORIENTED_EDGE('',*,*,#1098,.F.);
#1575=ORIENTED_EDGE('',*,*,#1101,.F.);
#1576=ORIENTED_EDGE('',*,*,#1104,.F.);
#1577=ORIENTED_EDGE('',*,*,#1107,.F.);
#1578=ORIENTED_EDGE('',*,*,#1110,.F.);
#1579=ORIENTED_EDGE('',*,*,#1113,.F.);
#1580=ORIENTED_EDGE('',*,*,#1116,.F.);
#1581=ORIENTED_EDGE('',*,*,#1119,.F.);
#1582=ORIENTED_EDGE('',*,*,#1122,.F.);
#1583=ORIENTED_EDGE('',*,*,#1125,.F.);
#1584=ORIENTED_EDGE('',*,*,#1128,.F.);
#1585=ORIENTED_EDGE('',*,*,#1131,.F.);
#1586=ORIENTED_EDGE('',*,*,#1134,.F.);
#1587=ORIENTED_EDGE('',*,*,#1137,.F.);
#1588=ORIENTED_EDGE('',*,*,#1140,.F.);
#1589=ORIENTED_EDGE('',*,*,#1143,.F.);
#1590=ORIENTED_EDGE('',*,*,#1146,.F.);
#1591=ORIENTED_EDGE('',*,*,#1091,.F.);
#1592=ORIENTED_EDGE('',*,*,#1070,.F.);
#1593=ORIENTED_EDGE('',*,*,#1074,.F.);
#1594=ORIENTED_EDGE('',*,*,#1077,.F.);
#1595=ORIENTED_EDGE('',*,*,#1080,.F.);
#1596=ORIENTED_EDGE('',*,*,#1083,.F.);
#1597=ORIENTED_EDGE('',*,*,#1086,.F.);
#1598=ORIENTED_EDGE('',*,*,#1089,.F.);
#1599=ORIENTED_EDGE('',*,*,#1068,.T.);
#1600=ORIENTED_EDGE('',*,*,#1090,.T.);
#1601=ORIENTED_EDGE('',*,*,#1087,.T.);
#1602=ORIENTED_EDGE('',*,*,#1084,.T.);
#1603=ORIENTED_EDGE('',*,*,#1081,.T.);
#1604=ORIENTED_EDGE('',*,*,#1078,.T.);
#1605=ORIENTED_EDGE('',*,*,#1075,.T.);
#1606=ORIENTED_EDGE('',*,*,#1072,.T.);
#1607=ORIENTED_EDGE('',*,*,#906,.T.);
#1608=ORIENTED_EDGE('',*,*,#928,.T.);
#1609=ORIENTED_EDGE('',*,*,#925,.T.);
#1610=ORIENTED_EDGE('',*,*,#922,.T.);
#1611=ORIENTED_EDGE('',*,*,#919,.T.);
#1612=ORIENTED_EDGE('',*,*,#916,.T.);
#1613=ORIENTED_EDGE('',*,*,#913,.T.);
#1614=ORIENTED_EDGE('',*,*,#910,.T.);
#1615=ORIENTED_EDGE('',*,*,#1149,.T.);
#1616=ORIENTED_EDGE('',*,*,#1150,.T.);
#1617=ORIENTED_EDGE('',*,*,#1151,.T.);
#1618=ORIENTED_EDGE('',*,*,#1152,.F.);
#1619=ORIENTED_EDGE('',*,*,#1153,.T.);
#1620=ORIENTED_EDGE('',*,*,#1154,.T.);
#1621=ORIENTED_EDGE('',*,*,#1151,.F.);
#1622=ORIENTED_EDGE('',*,*,#1155,.T.);
#1623=ORIENTED_EDGE('',*,*,#1156,.T.);
#1624=ORIENTED_EDGE('',*,*,#1157,.F.);
#1625=ORIENTED_EDGE('',*,*,#1153,.F.);
#1626=ORIENTED_EDGE('',*,*,#1158,.T.);
#1627=ORIENTED_EDGE('',*,*,#1159,.T.);
#1628=ORIENTED_EDGE('',*,*,#1160,.T.);
#1629=ORIENTED_EDGE('',*,*,#1156,.F.);
#1630=ORIENTED_EDGE('',*,*,#1161,.T.);
#1631=ORIENTED_EDGE('',*,*,#1162,.T.);
#1632=ORIENTED_EDGE('',*,*,#1163,.F.);
#1633=ORIENTED_EDGE('',*,*,#1159,.F.);
#1634=ORIENTED_EDGE('',*,*,#1164,.T.);
#1635=ORIENTED_EDGE('',*,*,#1165,.T.);
#1636=ORIENTED_EDGE('',*,*,#1166,.T.);
#1637=ORIENTED_EDGE('',*,*,#1162,.F.);
#1638=ORIENTED_EDGE('',*,*,#1167,.T.);
#1639=ORIENTED_EDGE('',*,*,#1168,.T.);
#1640=ORIENTED_EDGE('',*,*,#1169,.F.);
#1641=ORIENTED_EDGE('',*,*,#1165,.F.);
#1642=ORIENTED_EDGE('',*,*,#1170,.T.);
#1643=ORIENTED_EDGE('',*,*,#1171,.T.);
#1644=ORIENTED_EDGE('',*,*,#1172,.T.);
#1645=ORIENTED_EDGE('',*,*,#1168,.F.);
#1646=ORIENTED_EDGE('',*,*,#1173,.T.);
#1647=ORIENTED_EDGE('',*,*,#1174,.T.);
#1648=ORIENTED_EDGE('',*,*,#1175,.F.);
#1649=ORIENTED_EDGE('',*,*,#1171,.F.);
#1650=ORIENTED_EDGE('',*,*,#1176,.T.);
#1651=ORIENTED_EDGE('',*,*,#1176,.F.);
#1652=ORIENTED_EDGE('',*,*,#1173,.F.);
#1653=ORIENTED_EDGE('',*,*,#1170,.F.);
#1654=ORIENTED_EDGE('',*,*,#1167,.F.);
#1655=ORIENTED_EDGE('',*,*,#1164,.F.);
#1656=ORIENTED_EDGE('',*,*,#1161,.F.);
#1657=ORIENTED_EDGE('',*,*,#1158,.F.);
#1658=ORIENTED_EDGE('',*,*,#1155,.F.);
#1659=ORIENTED_EDGE('',*,*,#1150,.F.);
#1660=ORIENTED_EDGE('',*,*,#1177,.T.);
#1661=ORIENTED_EDGE('',*,*,#1178,.T.);
#1662=ORIENTED_EDGE('',*,*,#1179,.T.);
#1663=ORIENTED_EDGE('',*,*,#1180,.T.);
#1664=ORIENTED_EDGE('',*,*,#1181,.T.);
#1665=ORIENTED_EDGE('',*,*,#1182,.T.);
#1666=ORIENTED_EDGE('',*,*,#1092,.T.);
#1667=ORIENTED_EDGE('',*,*,#1147,.T.);
#1668=ORIENTED_EDGE('',*,*,#1144,.T.);
#1669=ORIENTED_EDGE('',*,*,#1141,.T.);
#1670=ORIENTED_EDGE('',*,*,#1138,.T.);
#1671=ORIENTED_EDGE('',*,*,#1135,.T.);
#1672=ORIENTED_EDGE('',*,*,#1132,.T.);
#1673=ORIENTED_EDGE('',*,*,#1129,.T.);
#1674=ORIENTED_EDGE('',*,*,#1126,.T.);
#1675=ORIENTED_EDGE('',*,*,#1123,.T.);
#1676=ORIENTED_EDGE('',*,*,#1120,.T.);
#1677=ORIENTED_EDGE('',*,*,#1117,.T.);
#1678=ORIENTED_EDGE('',*,*,#1114,.T.);
#1679=ORIENTED_EDGE('',*,*,#1111,.T.);
#1680=ORIENTED_EDGE('',*,*,#1108,.T.);
#1681=ORIENTED_EDGE('',*,*,#1105,.T.);
#1682=ORIENTED_EDGE('',*,*,#1102,.T.);
#1683=ORIENTED_EDGE('',*,*,#1099,.T.);
#1684=ORIENTED_EDGE('',*,*,#1096,.T.);
#1685=ORIENTED_EDGE('',*,*,#978,.T.);
#1686=ORIENTED_EDGE('',*,*,#1066,.T.);
#1687=ORIENTED_EDGE('',*,*,#1063,.T.);
#1688=ORIENTED_EDGE('',*,*,#1060,.T.);
#1689=ORIENTED_EDGE('',*,*,#1057,.T.);
#1690=ORIENTED_EDGE('',*,*,#1054,.T.);
#1691=ORIENTED_EDGE('',*,*,#1051,.T.);
#1692=ORIENTED_EDGE('',*,*,#1048,.T.);
#1693=ORIENTED_EDGE('',*,*,#1045,.T.);
#1694=ORIENTED_EDGE('',*,*,#1042,.T.);
#1695=ORIENTED_EDGE('',*,*,#1039,.T.);
#1696=ORIENTED_EDGE('',*,*,#1036,.T.);
#1697=ORIENTED_EDGE('',*,*,#1033,.T.);
#1698=ORIENTED_EDGE('',*,*,#1030,.T.);
#1699=ORIENTED_EDGE('',*,*,#1027,.T.);
#1700=ORIENTED_EDGE('',*,*,#1024,.T.);
#1701=ORIENTED_EDGE('',*,*,#1021,.T.);
#1702=ORIENTED_EDGE('',*,*,#1018,.T.);
#1703=ORIENTED_EDGE('',*,*,#1015,.T.);
#1704=ORIENTED_EDGE('',*,*,#1012,.T.);
#1705=ORIENTED_EDGE('',*,*,#1009,.T.);
#1706=ORIENTED_EDGE('',*,*,#1006,.T.);
#1707=ORIENTED_EDGE('',*,*,#1003,.T.);
#1708=ORIENTED_EDGE('',*,*,#1000,.T.);
#1709=ORIENTED_EDGE('',*,*,#997,.T.);
#1710=ORIENTED_EDGE('',*,*,#994,.T.);
#1711=ORIENTED_EDGE('',*,*,#991,.T.);
#1712=ORIENTED_EDGE('',*,*,#988,.T.);
#1713=ORIENTED_EDGE('',*,*,#985,.T.);
#1714=ORIENTED_EDGE('',*,*,#982,.T.);
#1715=ORIENTED_EDGE('',*,*,#966,.T.);
#1716=ORIENTED_EDGE('',*,*,#976,.T.);
#1717=ORIENTED_EDGE('',*,*,#973,.T.);
#1718=ORIENTED_EDGE('',*,*,#970,.T.);
#1719=ORIENTED_EDGE('',*,*,#930,.T.);
#1720=ORIENTED_EDGE('',*,*,#964,.T.);
#1721=ORIENTED_EDGE('',*,*,#961,.T.);
#1722=ORIENTED_EDGE('',*,*,#958,.T.);
#1723=ORIENTED_EDGE('',*,*,#955,.T.);
#1724=ORIENTED_EDGE('',*,*,#952,.T.);
#1725=ORIENTED_EDGE('',*,*,#949,.T.);
#1726=ORIENTED_EDGE('',*,*,#946,.T.);
#1727=ORIENTED_EDGE('',*,*,#943,.T.);
#1728=ORIENTED_EDGE('',*,*,#940,.T.);
#1729=ORIENTED_EDGE('',*,*,#937,.T.);
#1730=ORIENTED_EDGE('',*,*,#934,.T.);
#1731=ORIENTED_EDGE('',*,*,#1149,.F.);
#1732=ORIENTED_EDGE('',*,*,#1183,.F.);
#1733=ORIENTED_EDGE('',*,*,#1184,.T.);
#1734=ORIENTED_EDGE('',*,*,#1177,.F.);
#1735=ORIENTED_EDGE('',*,*,#1182,.F.);
#1736=ORIENTED_EDGE('',*,*,#1185,.T.);
#1737=ORIENTED_EDGE('',*,*,#1186,.T.);
#1738=ORIENTED_EDGE('',*,*,#1185,.F.);
#1739=ORIENTED_EDGE('',*,*,#1181,.F.);
#1740=ORIENTED_EDGE('',*,*,#1187,.T.);
#1741=ORIENTED_EDGE('',*,*,#1188,.T.);
#1742=ORIENTED_EDGE('',*,*,#1187,.F.);
#1743=ORIENTED_EDGE('',*,*,#1180,.F.);
#1744=ORIENTED_EDGE('',*,*,#1189,.T.);
#1745=ORIENTED_EDGE('',*,*,#1190,.T.);
#1746=ORIENTED_EDGE('',*,*,#1189,.F.);
#1747=ORIENTED_EDGE('',*,*,#1174,.F.);
#1748=ORIENTED_EDGE('',*,*,#1179,.F.);
#1749=ORIENTED_EDGE('',*,*,#1191,.F.);
#1750=ORIENTED_EDGE('',*,*,#1192,.F.);
#1751=ORIENTED_EDGE('',*,*,#1193,.F.);
#1752=ORIENTED_EDGE('',*,*,#1191,.T.);
#1753=ORIENTED_EDGE('',*,*,#1178,.F.);
#1754=ORIENTED_EDGE('',*,*,#1184,.F.);
#1755=ORIENTED_EDGE('',*,*,#1160,.F.);
#1756=ORIENTED_EDGE('',*,*,#1163,.T.);
#1757=ORIENTED_EDGE('',*,*,#1166,.F.);
#1758=ORIENTED_EDGE('',*,*,#1169,.T.);
#1759=ORIENTED_EDGE('',*,*,#1172,.F.);
#1760=ORIENTED_EDGE('',*,*,#1175,.T.);
#1761=ORIENTED_EDGE('',*,*,#1192,.T.);
#1762=ORIENTED_EDGE('',*,*,#1193,.T.);
#1763=ORIENTED_EDGE('',*,*,#1183,.T.);
#1764=ORIENTED_EDGE('',*,*,#1152,.T.);
#1765=ORIENTED_EDGE('',*,*,#1154,.F.);
#1766=ORIENTED_EDGE('',*,*,#1157,.T.);
#1767=ORIENTED_EDGE('',*,*,#1190,.F.);
#1768=ORIENTED_EDGE('',*,*,#1188,.F.);
#1769=ORIENTED_EDGE('',*,*,#1186,.F.);
#1770=B_SPLINE_SURFACE_WITH_KNOTS('',3,1,((#2275,#2276),(#2277,#2278),(#2279,
#2280),(#2281,#2282),(#2283,#2284),(#2285,#2286)),.UNSPECIFIED.,.F.,.F.,
 .F.,(4,2,4),(2,2),(0.,0.0500417055048626,0.0973617606757909),(0.,0.04),
 .UNSPECIFIED.);
#1771=B_SPLINE_SURFACE_WITH_KNOTS('',3,1,((#2305,#2306),(#2307,#2308),(#2309,
#2310),(#2311,#2312),(#2313,#2314),(#2315,#2316),(#2317,#2318),(#2319,#2320)),
 .UNSPECIFIED.,.F.,.F.,.F.,(4,2,2,4),(2,2),(0.,0.0209024403624588,0.0316672222585515,
0.0424764171927654),(0.,0.04),.UNSPECIFIED.);
#1772=B_SPLINE_SURFACE_WITH_KNOTS('',3,1,((#2340,#2341),(#2342,#2343),(#2344,
#2345),(#2346,#2347),(#2348,#2349),(#2350,#2351)),.UNSPECIFIED.,.F.,.F.,
 .F.,(4,2,4),(2,2),(0.,0.0221368419108509,0.0443508342804966),(0.,0.04),
 .UNSPECIFIED.);
#1773=B_SPLINE_SURFACE_WITH_KNOTS('',3,1,((#2367,#2368),(#2369,#2370),(#2371,
#2372),(#2373,#2374),(#2375,#2376),(#2377,#2378)),.UNSPECIFIED.,.F.,.F.,
 .F.,(4,2,4),(2,2),(0.,0.0426011976121838,0.0882027104154738),(0.,0.04),
 .UNSPECIFIED.);
#1774=B_SPLINE_SURFACE_WITH_KNOTS('',3,1,((#2394,#2395),(#2396,#2397),(#2398,
#2399),(#2400,#2401),(#2402,#2403),(#2404,#2405)),.UNSPECIFIED.,.F.,.F.,
 .F.,(4,2,4),(2,2),(0.,0.0482247515756957,0.0933329499956412),(0.,0.04),
 .UNSPECIFIED.);
#1775=B_SPLINE_SURFACE_WITH_KNOTS('',3,1,((#2421,#2422),(#2423,#2424),(#2425,
#2426),(#2427,#2428),(#2429,#2430),(#2431,#2432)),.UNSPECIFIED.,.F.,.F.,
 .F.,(4,2,4),(2,2),(0.,0.023655321481446,0.0472038227633529),(0.,0.04),
 .UNSPECIFIED.);
#1776=B_SPLINE_SURFACE_WITH_KNOTS('',3,1,((#2448,#2449),(#2450,#2451),(#2452,
#2453),(#2454,#2455),(#2456,#2457),(#2458,#2459)),.UNSPECIFIED.,.F.,.F.,
 .F.,(4,2,4),(2,2),(0.,0.0220085671547516,0.0441137238959145),(0.,0.04),
 .UNSPECIFIED.);
#1777=B_SPLINE_SURFACE_WITH_KNOTS('',3,1,((#2475,#2476),(#2477,#2478),(#2479,
#2480),(#2481,#2482),(#2483,#2484),(#2485,#2486)),.UNSPECIFIED.,.F.,.F.,
 .F.,(4,2,4),(2,2),(0.,0.0425551252648159,0.0880788453798203),(0.,0.04),
 .UNSPECIFIED.);
#1778=B_SPLINE_SURFACE_WITH_KNOTS('',3,1,((#2499,#2500),(#2501,#2502),(#2503,
#2504),(#2505,#2506),(#2507,#2508),(#2509,#2510)),.UNSPECIFIED.,.F.,.F.,
 .F.,(4,2,4),(2,2),(0.,0.0613003050086426,0.120541924321193),(0.,0.04),
 .UNSPECIFIED.);
#1779=B_SPLINE_SURFACE_WITH_KNOTS('',3,1,((#2529,#2530),(#2531,#2532),(#2533,
#2534),(#2535,#2536),(#2537,#2538),(#2539,#2540)),.UNSPECIFIED.,.F.,.F.,
 .F.,(4,2,4),(2,2),(0.,0.033214879419601,0.0664705278798894),(0.,0.04),
 .UNSPECIFIED.);
#1780=B_SPLINE_SURFACE_WITH_KNOTS('',3,1,((#2556,#2557),(#2558,#2559),(#2560,
#2561),(#2562,#2563),(#2564,#2565),(#2566,#2567)),.UNSPECIFIED.,.F.,.F.,
 .F.,(4,2,4),(2,2),(0.,0.0264826409666364,0.0528667334029054),(0.,0.04),
 .UNSPECIFIED.);
#1781=B_SPLINE_SURFACE_WITH_KNOTS('',3,1,((#2583,#2584),(#2585,#2586),(#2587,
#2588),(#2589,#2590),(#2591,#2592),(#2593,#2594)),.UNSPECIFIED.,.F.,.F.,
 .F.,(4,2,4),(2,2),(0.,0.0254657156930591,0.0510637211682917),(0.,0.04),
 .UNSPECIFIED.);
#1782=B_SPLINE_SURFACE_WITH_KNOTS('',3,1,((#2610,#2611),(#2612,#2613),(#2614,
#2615),(#2616,#2617),(#2618,#2619),(#2620,#2621)),.UNSPECIFIED.,.F.,.F.,
 .F.,(4,2,4),(2,2),(0.,0.0360639414452529,0.0728304431145257),(0.,0.04),
 .UNSPECIFIED.);
#1783=B_SPLINE_SURFACE_WITH_KNOTS('',3,1,((#2637,#2638),(#2639,#2640),(#2641,
#2642),(#2643,#2644),(#2645,#2646),(#2647,#2648)),.UNSPECIFIED.,.F.,.F.,
 .F.,(4,2,4),(2,2),(0.,0.0337722560796867,0.0667432235347826),(0.,0.04),
 .UNSPECIFIED.);
#1784=B_SPLINE_SURFACE_WITH_KNOTS('',3,1,((#2664,#2665),(#2666,#2667),(#2668,
#2669),(#2670,#2671),(#2672,#2673),(#2674,#2675)),.UNSPECIFIED.,.F.,.F.,
 .F.,(4,2,4),(2,2),(0.,0.021994115713582,0.043867233482937),(0.,0.04),
 .UNSPECIFIED.);
#1785=B_SPLINE_SURFACE_WITH_KNOTS('',3,1,((#2691,#2692),(#2693,#2694),(#2695,
#2696),(#2697,#2698),(#2699,#2700),(#2701,#2702)),.UNSPECIFIED.,.F.,.F.,
 .F.,(4,2,4),(2,2),(0.,0.0179218016639632,0.0358362041603089),(0.,0.04),
 .UNSPECIFIED.);
#1786=B_SPLINE_SURFACE_WITH_KNOTS('',3,1,((#2718,#2719),(#2720,#2721),(#2722,
#2723),(#2724,#2725),(#2726,#2727),(#2728,#2729)),.UNSPECIFIED.,.F.,.F.,
 .F.,(4,2,4),(2,2),(0.,0.0184300229720709,0.03691704908637),(0.,0.04),
 .UNSPECIFIED.);
#1787=B_SPLINE_SURFACE_WITH_KNOTS('',3,1,((#2745,#2746),(#2747,#2748),(#2749,
#2750),(#2751,#2752),(#2753,#2754),(#2755,#2756)),.UNSPECIFIED.,.F.,.F.,
 .F.,(4,2,4),(2,2),(0.,0.0263381243365656,0.0525827052583523),(0.,0.04),
 .UNSPECIFIED.);
#1788=B_SPLINE_SURFACE_WITH_KNOTS('',3,1,((#2772,#2773),(#2774,#2775),(#2776,
#2777),(#2778,#2779),(#2780,#2781),(#2782,#2783)),.UNSPECIFIED.,.F.,.F.,
 .F.,(4,2,4),(2,2),(0.,0.0254528675357229,0.0510420115663057),(0.,0.04),
 .UNSPECIFIED.);
#1789=B_SPLINE_SURFACE_WITH_KNOTS('',3,1,((#2799,#2800),(#2801,#2802),(#2803,
#2804),(#2805,#2806),(#2807,#2808),(#2809,#2810)),.UNSPECIFIED.,.F.,.F.,
 .F.,(4,2,4),(2,2),(0.,0.036244179719734,0.0732143692406117),(0.,0.04),
 .UNSPECIFIED.);
#1790=B_SPLINE_SURFACE_WITH_KNOTS('',3,1,((#2849,#2850),(#2851,#2852),(#2853,
#2854),(#2855,#2856),(#2857,#2858),(#2859,#2860)),.UNSPECIFIED.,.F.,.F.,
 .F.,(4,2,4),(2,2),(0.,0.0304442130400881,0.0608672985323952),(0.,0.04),
 .UNSPECIFIED.);
#1791=B_SPLINE_SURFACE_WITH_KNOTS('',3,1,((#2879,#2880),(#2881,#2882),(#2883,
#2884),(#2885,#2886),(#2887,#2888),(#2889,#2890)),.UNSPECIFIED.,.F.,.F.,
 .F.,(4,2,4),(2,2),(0.,0.0302337783018843,0.0605268614949736),(0.,0.04),
 .UNSPECIFIED.);
#1792=B_SPLINE_SURFACE_WITH_KNOTS('',3,1,((#2906,#2907),(#2908,#2909),(#2910,
#2911),(#2912,#2913),(#2914,#2915),(#2916,#2917)),.UNSPECIFIED.,.F.,.F.,
 .F.,(4,2,4),(2,2),(0.,0.0352960663961011,0.0705393340877207),(0.,0.04),
 .UNSPECIFIED.);
#1793=B_SPLINE_SURFACE_WITH_KNOTS('',3,1,((#2933,#2934),(#2935,#2936),(#2937,
#2938),(#2939,#2940),(#2941,#2942),(#2943,#2944)),.UNSPECIFIED.,.F.,.F.,
 .F.,(4,2,4),(2,2),(0.,0.0318634822460964,0.0637266778313053),(0.,0.04),
 .UNSPECIFIED.);
#1794=B_SPLINE_SURFACE_WITH_KNOTS('',3,1,((#2960,#2961),(#2962,#2963),(#2964,
#2965),(#2966,#2967),(#2968,#2969),(#2970,#2971)),.UNSPECIFIED.,.F.,.F.,
 .F.,(4,2,4),(2,2),(0.,0.0233619959778425,0.046625620864833),(0.,0.04),
 .UNSPECIFIED.);
#1795=B_SPLINE_SURFACE_WITH_KNOTS('',3,1,((#2987,#2988),(#2989,#2990),(#2991,
#2992),(#2993,#2994),(#2995,#2996),(#2997,#2998)),.UNSPECIFIED.,.F.,.F.,
 .F.,(4,2,4),(2,2),(0.,0.0209717412499968,0.0419831328296486),(0.,0.04),
 .UNSPECIFIED.);
#1796=B_SPLINE_SURFACE_WITH_KNOTS('',3,1,((#3014,#3015),(#3016,#3017),(#3018,
#3019),(#3020,#3021),(#3022,#3023),(#3024,#3025)),.UNSPECIFIED.,.F.,.F.,
 .F.,(4,2,4),(2,2),(0.,0.0182343953712508,0.0364040274700626),(0.,0.04),
 .UNSPECIFIED.);
#1797=B_SPLINE_SURFACE_WITH_KNOTS('',3,1,((#3041,#3042),(#3043,#3044),(#3045,
#3046),(#3047,#3048),(#3049,#3050),(#3051,#3052)),.UNSPECIFIED.,.F.,.F.,
 .F.,(4,2,4),(2,2),(0.,0.0157590307358091,0.0315188771312299),(0.,0.04),
 .UNSPECIFIED.);
#1798=B_SPLINE_SURFACE_WITH_KNOTS('',3,1,((#3068,#3069),(#3070,#3071),(#3072,
#3073),(#3074,#3075),(#3076,#3077),(#3078,#3079)),.UNSPECIFIED.,.F.,.F.,
 .F.,(4,2,4),(2,2),(0.,0.0171093040804267,0.0342219351091902),(0.,0.04),
 .UNSPECIFIED.);
#1799=B_SPLINE_SURFACE_WITH_KNOTS('',3,1,((#3095,#3096),(#3097,#3098),(#3099,
#3100),(#3101,#3102),(#3103,#3104),(#3105,#3106)),.UNSPECIFIED.,.F.,.F.,
 .F.,(4,2,4),(2,2),(0.,0.0182175175430742,0.0364538672255731),(0.,0.04),
 .UNSPECIFIED.);
#1800=B_SPLINE_SURFACE_WITH_KNOTS('',3,1,((#3122,#3123),(#3124,#3125),(#3126,
#3127),(#3128,#3129),(#3130,#3131),(#3132,#3133)),.UNSPECIFIED.,.F.,.F.,
 .F.,(4,2,4),(2,2),(0.,0.019662905524897,0.0393341868952238),(0.,0.04),
 .UNSPECIFIED.);
#1801=B_SPLINE_SURFACE_WITH_KNOTS('',3,1,((#3149,#3150),(#3151,#3152),(#3153,
#3154),(#3155,#3156),(#3157,#3158),(#3159,#3160)),.UNSPECIFIED.,.F.,.F.,
 .F.,(4,2,4),(2,2),(0.,0.0287420473982894,0.0574212986974402),(0.,0.04),
 .UNSPECIFIED.);
#1802=B_SPLINE_SURFACE_WITH_KNOTS('',3,1,((#3176,#3177),(#3178,#3179),(#3180,
#3181),(#3182,#3183),(#3184,#3185),(#3186,#3187)),.UNSPECIFIED.,.F.,.F.,
 .F.,(4,2,4),(2,2),(0.,0.02809434781441,0.0563123507106752),(0.,0.04),
 .UNSPECIFIED.);
#1803=B_SPLINE_SURFACE_WITH_KNOTS('',3,1,((#3209,#3210),(#3211,#3212),(#3213,
#3214),(#3215,#3216),(#3217,#3218),(#3219,#3220)),.UNSPECIFIED.,.F.,.F.,
 .F.,(4,2,4),(2,2),(0.,0.0212712237035363,0.04226551010426),(0.,0.04),
 .UNSPECIFIED.);
#1804=B_SPLINE_SURFACE_WITH_KNOTS('',3,1,((#3236,#3237),(#3238,#3239),(#3240,
#3241),(#3242,#3243),(#3244,#3245),(#3246,#3247)),.UNSPECIFIED.,.F.,.F.,
 .F.,(4,2,4),(2,2),(0.,0.0166483800445075,0.0333155491284863),(0.,0.04),
 .UNSPECIFIED.);
#1805=B_SPLINE_SURFACE_WITH_KNOTS('',3,1,((#3263,#3264),(#3265,#3266),(#3267,
#3268),(#3269,#3270),(#3271,#3272),(#3273,#3274)),.UNSPECIFIED.,.F.,.F.,
 .F.,(4,2,4),(2,2),(0.,0.0174273570714447,0.0348138535721866),(0.,0.04),
 .UNSPECIFIED.);
#1806=B_SPLINE_SURFACE_WITH_KNOTS('',3,1,((#3290,#3291),(#3292,#3293),(#3294,
#3295),(#3296,#3297),(#3298,#3299),(#3300,#3301)),.UNSPECIFIED.,.F.,.F.,
 .F.,(4,2,4),(2,2),(0.,0.01585477846321,0.0317179903943634),(0.,0.04),
 .UNSPECIFIED.);
#1807=B_SPLINE_SURFACE_WITH_KNOTS('',3,1,((#3317,#3318),(#3319,#3320),(#3321,
#3322),(#3323,#3324),(#3325,#3326),(#3327,#3328),(#3329,#3330),(#3331,#3332)),
 .UNSPECIFIED.,.F.,.F.,.F.,(4,2,2,4),(2,2),(0.,0.0196641390405522,0.0296688637180068,
0.0404400523260843),(0.,0.04),.UNSPECIFIED.);
#1808=B_SPLINE_SURFACE_WITH_KNOTS('',3,1,((#3352,#3353),(#3354,#3355),(#3356,
#3357),(#3358,#3359),(#3360,#3361),(#3362,#3363)),.UNSPECIFIED.,.F.,.F.,
 .F.,(4,2,4),(2,2),(0.,0.0188309142564361,0.0376673225022896),(0.,0.04),
 .UNSPECIFIED.);
#1809=B_SPLINE_SURFACE_WITH_KNOTS('',3,1,((#3379,#3380),(#3381,#3382),(#3383,
#3384),(#3385,#3386),(#3387,#3388),(#3389,#3390)),.UNSPECIFIED.,.F.,.F.,
 .F.,(4,2,4),(2,2),(0.,0.00248072791873358,0.00502115042349415),(0.,0.04),
 .UNSPECIFIED.);
#1810=B_SPLINE_SURFACE_WITH_KNOTS('',3,1,((#3412,#3413),(#3414,#3415),(#3416,
#3417),(#3418,#3419),(#3420,#3421),(#3422,#3423)),.UNSPECIFIED.,.F.,.F.,
 .F.,(4,2,4),(2,2),(0.,0.0123983649267059,0.0245643747839046),(0.,0.04),
 .UNSPECIFIED.);
#1811=B_SPLINE_SURFACE_WITH_KNOTS('',3,1,((#3439,#3440),(#3441,#3442),(#3443,
#3444),(#3445,#3446),(#3447,#3448),(#3449,#3450)),.UNSPECIFIED.,.F.,.F.,
 .F.,(4,2,4),(2,2),(0.,0.0206032505290352,0.0411813582640873),(0.,0.04),
 .UNSPECIFIED.);
#1812=B_SPLINE_SURFACE_WITH_KNOTS('',3,1,((#3466,#3467),(#3468,#3469),(#3470,
#3471),(#3472,#3473),(#3474,#3475),(#3476,#3477)),.UNSPECIFIED.,.F.,.F.,
 .F.,(4,2,4),(2,2),(0.,0.0196573659018117,0.0393348392437662),(0.,0.04),
 .UNSPECIFIED.);
#1813=B_SPLINE_SURFACE_WITH_KNOTS('',3,1,((#3493,#3494),(#3495,#3496),(#3497,
#3498),(#3499,#3500),(#3501,#3502),(#3503,#3504)),.UNSPECIFIED.,.F.,.F.,
 .F.,(4,2,4),(2,2),(0.,0.0214694078786572,0.0429317069745865),(0.,0.04),
 .UNSPECIFIED.);
#1814=B_SPLINE_SURFACE_WITH_KNOTS('',3,1,((#3520,#3521),(#3522,#3523),(#3524,
#3525),(#3526,#3527),(#3528,#3529),(#3530,#3531)),.UNSPECIFIED.,.F.,.F.,
 .F.,(4,2,4),(2,2),(0.,0.0207119790025738,0.0414256831836037),(0.,0.04),
 .UNSPECIFIED.);
#1815=B_SPLINE_SURFACE_WITH_KNOTS('',3,1,((#3547,#3548),(#3549,#3550),(#3551,
#3552),(#3553,#3554),(#3555,#3556),(#3557,#3558)),.UNSPECIFIED.,.F.,.F.,
 .F.,(4,2,4),(2,2),(0.,0.0177237091832101,0.035437212958386),(0.,0.04),
 .UNSPECIFIED.);
#1816=B_SPLINE_SURFACE_WITH_KNOTS('',3,1,((#3574,#3575),(#3576,#3577),(#3578,
#3579),(#3580,#3581),(#3582,#3583),(#3584,#3585)),.UNSPECIFIED.,.F.,.F.,
 .F.,(4,2,4),(2,2),(0.,0.0214606711000317,0.0433937526397066),(0.,0.04),
 .UNSPECIFIED.);
#1817=B_SPLINE_SURFACE_WITH_KNOTS('',3,1,((#3620,#3621),(#3622,#3623),(#3624,
#3625),(#3626,#3627),(#3628,#3629),(#3630,#3631)),.UNSPECIFIED.,.F.,.F.,
 .F.,(4,2,4),(2,2),(0.,0.024788863255997,0.0489363690333098),(0.,0.04),
 .UNSPECIFIED.);
#1818=B_SPLINE_SURFACE_WITH_KNOTS('',3,1,((#3647,#3648),(#3649,#3650),(#3651,
#3652),(#3653,#3654),(#3655,#3656),(#3657,#3658)),.UNSPECIFIED.,.F.,.F.,
 .F.,(4,2,4),(2,2),(0.,0.01682453526858,0.0336514819979412),(0.,0.04),
 .UNSPECIFIED.);
#1819=B_SPLINE_SURFACE_WITH_KNOTS('',3,1,((#3674,#3675),(#3676,#3677),(#3678,
#3679),(#3680,#3681),(#3682,#3683),(#3684,#3685)),.UNSPECIFIED.,.F.,.F.,
 .F.,(4,2,4),(2,2),(0.,0.0119775263711964,0.0239553693563549),(0.,0.04),
 .UNSPECIFIED.);
#1820=B_SPLINE_SURFACE_WITH_KNOTS('',3,1,((#3701,#3702),(#3703,#3704),(#3705,
#3706),(#3707,#3708),(#3709,#3710),(#3711,#3712)),.UNSPECIFIED.,.F.,.F.,
 .F.,(4,2,4),(2,2),(0.,0.0126667435487699,0.0253524860527493),(0.,0.04),
 .UNSPECIFIED.);
#1821=B_SPLINE_SURFACE_WITH_KNOTS('',3,1,((#3728,#3729),(#3730,#3731),(#3732,
#3733),(#3734,#3735),(#3736,#3737),(#3738,#3739)),.UNSPECIFIED.,.F.,.F.,
 .F.,(4,2,4),(2,2),(0.,0.0180440187572174,0.0365557802272743),(0.,0.04),
 .UNSPECIFIED.);
#1822=B_SPLINE_SURFACE_WITH_KNOTS('',3,1,((#3779,#3780),(#3781,#3782),(#3783,
#3784),(#3785,#3786),(#3787,#3788),(#3789,#3790)),.UNSPECIFIED.,.F.,.F.,
 .F.,(4,2,4),(2,2),(0.,0.0105899895962517,0.0206482758841203),(0.,0.04),
 .UNSPECIFIED.);
#1823=B_SPLINE_SURFACE_WITH_KNOTS('',3,1,((#3806,#3807),(#3808,#3809),(#3810,
#3811),(#3812,#3813),(#3814,#3815),(#3816,#3817)),.UNSPECIFIED.,.F.,.F.,
 .F.,(4,2,4),(2,2),(0.,0.00831207824864078,0.0166366277508489),(0.,0.04),
 .UNSPECIFIED.);
#1824=B_SPLINE_SURFACE_WITH_KNOTS('',3,1,((#3833,#3834),(#3835,#3836),(#3837,
#3838),(#3839,#3840),(#3841,#3842),(#3843,#3844)),.UNSPECIFIED.,.F.,.F.,
 .F.,(4,2,4),(2,2),(0.,0.0119382016449071,0.0242194871972106),(0.,0.04),
 .UNSPECIFIED.);
#1825=B_SPLINE_SURFACE_WITH_KNOTS('',3,1,((#3860,#3861),(#3862,#3863),(#3864,
#3865),(#3866,#3867),(#3868,#3869),(#3870,#3871)),.UNSPECIFIED.,.F.,.F.,
 .F.,(4,2,4),(2,2),(0.,0.0209685296232256,0.0425659448513563),(0.,0.04),
 .UNSPECIFIED.);
#1826=B_SPLINE_SURFACE_WITH_KNOTS('',3,1,((#3905,#3906),(#3907,#3908),(#3909,
#3910),(#3911,#3912),(#3913,#3914),(#3915,#3916)),.UNSPECIFIED.,.F.,.F.,
 .F.,(4,2,4),(2,2),(0.,0.0232923012267036,0.0464872933321064),(0.,0.04),
 .UNSPECIFIED.);
#1827=B_SPLINE_SURFACE_WITH_KNOTS('',3,1,((#3932,#3933),(#3934,#3935),(#3936,
#3937),(#3938,#3939),(#3940,#3941),(#3942,#3943)),.UNSPECIFIED.,.F.,.F.,
 .F.,(4,2,4),(2,2),(0.,0.0118257293845386,0.0239065325308468),(0.,0.04),
 .UNSPECIFIED.);
#1828=B_SPLINE_SURFACE_WITH_KNOTS('',3,1,((#3959,#3960),(#3961,#3962),(#3963,
#3964),(#3965,#3966),(#3967,#3968),(#3969,#3970)),.UNSPECIFIED.,.F.,.F.,
 .F.,(4,2,4),(2,2),(0.,0.033536311187973,0.0665282160596277),(0.,0.04),
 .UNSPECIFIED.);
#1829=B_SPLINE_SURFACE_WITH_KNOTS('',3,1,((#3986,#3987),(#3988,#3989),(#3990,
#3991),(#3992,#3993),(#3994,#3995),(#3996,#3997)),.UNSPECIFIED.,.F.,.F.,
 .F.,(4,2,4),(2,2),(0.,0.0250756265068861,0.0501641246579201),(0.,0.04),
 .UNSPECIFIED.);
#1830=B_SPLINE_SURFACE_WITH_KNOTS('',3,1,((#4013,#4014),(#4015,#4016),(#4017,
#4018),(#4019,#4020),(#4021,#4022),(#4023,#4024)),.UNSPECIFIED.,.F.,.F.,
 .F.,(4,2,4),(2,2),(0.,0.0203035216870604,0.0406041030555168),(0.,0.04),
 .UNSPECIFIED.);
#1831=B_SPLINE_SURFACE_WITH_KNOTS('',3,1,((#4040,#4041),(#4042,#4043),(#4044,
#4045),(#4046,#4047),(#4048,#4049),(#4050,#4051)),.UNSPECIFIED.,.F.,.F.,
 .F.,(4,2,4),(2,2),(0.,0.0195052132573052,0.0389974907426991),(0.,0.04),
 .UNSPECIFIED.);
#1832=B_SPLINE_SURFACE_WITH_KNOTS('',3,1,((#4067,#4068),(#4069,#4070),(#4071,
#4072),(#4073,#4074),(#4075,#4076),(#4077,#4078)),.UNSPECIFIED.,.F.,.F.,
 .F.,(4,2,4),(2,2),(0.,0.0258711667627584,0.052588472400278),(0.,0.04),
 .UNSPECIFIED.);
#1833=ADVANCED_FACE('',(#92),#1770,.F.);
#1834=ADVANCED_FACE('',(#93),#1771,.F.);
#1835=ADVANCED_FACE('',(#94),#1772,.F.);
#1836=ADVANCED_FACE('',(#95),#1773,.F.);
#1837=ADVANCED_FACE('',(#96),#1774,.F.);
#1838=ADVANCED_FACE('',(#97),#1775,.F.);
#1839=ADVANCED_FACE('',(#98),#1776,.F.);
#1840=ADVANCED_FACE('',(#99),#1777,.F.);
#1841=ADVANCED_FACE('',(#100),#1778,.F.);
#1842=ADVANCED_FACE('',(#101),#1779,.F.);
#1843=ADVANCED_FACE('',(#102),#1780,.F.);
#1844=ADVANCED_FACE('',(#103),#1781,.F.);
#1845=ADVANCED_FACE('',(#104),#1782,.F.);
#1846=ADVANCED_FACE('',(#105),#1783,.F.);
#1847=ADVANCED_FACE('',(#106),#1784,.F.);
#1848=ADVANCED_FACE('',(#107),#1785,.F.);
#1849=ADVANCED_FACE('',(#108),#1786,.F.);
#1850=ADVANCED_FACE('',(#109),#1787,.F.);
#1851=ADVANCED_FACE('',(#110),#1788,.F.);
#1852=ADVANCED_FACE('',(#111),#1789,.F.);
#1853=ADVANCED_FACE('',(#112,#51),#63,.T.);
#1854=ADVANCED_FACE('',(#113),#64,.F.);
#1855=ADVANCED_FACE('',(#114),#65,.F.);
#1856=ADVANCED_FACE('',(#115),#66,.F.);
#1857=ADVANCED_FACE('',(#116),#67,.F.);
#1858=ADVANCED_FACE('',(#117),#68,.F.);
#1859=ADVANCED_FACE('',(#118),#1790,.F.);
#1860=ADVANCED_FACE('',(#119),#1791,.F.);
#1861=ADVANCED_FACE('',(#120),#1792,.F.);
#1862=ADVANCED_FACE('',(#121),#1793,.F.);
#1863=ADVANCED_FACE('',(#122),#1794,.F.);
#1864=ADVANCED_FACE('',(#123),#1795,.F.);
#1865=ADVANCED_FACE('',(#124),#1796,.F.);
#1866=ADVANCED_FACE('',(#125),#1797,.F.);
#1867=ADVANCED_FACE('',(#126),#1798,.F.);
#1868=ADVANCED_FACE('',(#127),#1799,.F.);
#1869=ADVANCED_FACE('',(#128),#1800,.F.);
#1870=ADVANCED_FACE('',(#129),#1801,.F.);
#1871=ADVANCED_FACE('',(#130),#1802,.F.);
#1872=ADVANCED_FACE('',(#131),#69,.F.);
#1873=ADVANCED_FACE('',(#132),#1803,.F.);
#1874=ADVANCED_FACE('',(#133),#1804,.F.);
#1875=ADVANCED_FACE('',(#134),#1805,.F.);
#1876=ADVANCED_FACE('',(#135),#1806,.F.);
#1877=ADVANCED_FACE('',(#136),#1807,.F.);
#1878=ADVANCED_FACE('',(#137),#1808,.F.);
#1879=ADVANCED_FACE('',(#138),#1809,.F.);
#1880=ADVANCED_FACE('',(#139),#70,.F.);
#1881=ADVANCED_FACE('',(#140),#1810,.F.);
#1882=ADVANCED_FACE('',(#141),#1811,.F.);
#1883=ADVANCED_FACE('',(#142),#1812,.F.);
#1884=ADVANCED_FACE('',(#143),#1813,.F.);
#1885=ADVANCED_FACE('',(#144),#1814,.F.);
#1886=ADVANCED_FACE('',(#145),#1815,.F.);
#1887=ADVANCED_FACE('',(#146),#1816,.F.);
#1888=ADVANCED_FACE('',(#147),#71,.F.);
#1889=ADVANCED_FACE('',(#148),#72,.T.);
#1890=ADVANCED_FACE('',(#149),#73,.F.);
#1891=ADVANCED_FACE('',(#150),#74,.F.);
#1892=ADVANCED_FACE('',(#151),#1817,.F.);
#1893=ADVANCED_FACE('',(#152),#1818,.F.);
#1894=ADVANCED_FACE('',(#153),#1819,.F.);
#1895=ADVANCED_FACE('',(#154),#1820,.F.);
#1896=ADVANCED_FACE('',(#155),#1821,.F.);
#1897=ADVANCED_FACE('',(#156),#75,.F.);
#1898=ADVANCED_FACE('',(#157),#76,.F.);
#1899=ADVANCED_FACE('',(#158),#77,.F.);
#1900=ADVANCED_FACE('',(#159),#78,.F.);
#1901=ADVANCED_FACE('',(#160),#1822,.F.);
#1902=ADVANCED_FACE('',(#161),#1823,.F.);
#1903=ADVANCED_FACE('',(#162),#1824,.F.);
#1904=ADVANCED_FACE('',(#163),#1825,.F.);
#1905=ADVANCED_FACE('',(#164),#79,.F.);
#1906=ADVANCED_FACE('',(#165),#80,.F.);
#1907=ADVANCED_FACE('',(#166),#81,.F.);
#1908=ADVANCED_FACE('',(#167),#1826,.F.);
#1909=ADVANCED_FACE('',(#168),#1827,.F.);
#1910=ADVANCED_FACE('',(#169),#1828,.F.);
#1911=ADVANCED_FACE('',(#170),#1829,.F.);
#1912=ADVANCED_FACE('',(#171),#1830,.F.);
#1913=ADVANCED_FACE('',(#172),#1831,.F.);
#1914=ADVANCED_FACE('',(#173),#1832,.F.);
#1915=ADVANCED_FACE('',(#174),#82,.F.);
#1916=ADVANCED_FACE('',(#175),#83,.F.);
#1917=ADVANCED_FACE('',(#176,#52),#84,.T.);
#1918=ADVANCED_FACE('',(#177),#85,.T.);
#1919=ADVANCED_FACE('',(#178),#86,.T.);
#1920=ADVANCED_FACE('',(#179),#43,.T.);
#1921=ADVANCED_FACE('',(#180),#15,.T.);
#1922=ADVANCED_FACE('',(#181),#44,.T.);
#1923=ADVANCED_FACE('',(#182),#16,.T.);
#1924=ADVANCED_FACE('',(#183),#45,.T.);
#1925=ADVANCED_FACE('',(#184),#17,.T.);
#1926=ADVANCED_FACE('',(#185),#46,.T.);
#1927=ADVANCED_FACE('',(#186),#18,.T.);
#1928=ADVANCED_FACE('',(#187),#47,.T.);
#1929=ADVANCED_FACE('',(#188,#53,#54,#55,#56,#57,#58,#59),#87,.T.);
#1930=ADVANCED_FACE('',(#189),#88,.T.);
#1931=ADVANCED_FACE('',(#190),#48,.F.);
#1932=ADVANCED_FACE('',(#191),#49,.F.);
#1933=ADVANCED_FACE('',(#192),#50,.F.);
#1934=ADVANCED_FACE('',(#193),#89,.T.);
#1935=ADVANCED_FACE('',(#194),#90,.T.);
#1936=ADVANCED_FACE('',(#195,#60,#61,#62),#91,.F.);
#1937=CLOSED_SHELL('',(#1833,#1834,#1835,#1836,#1837,#1838,#1839,#1840,
#1841,#1842,#1843,#1844,#1845,#1846,#1847,#1848,#1849,#1850,#1851,#1852,
#1853,#1854,#1855,#1856,#1857,#1858,#1859,#1860,#1861,#1862,#1863,#1864,
#1865,#1866,#1867,#1868,#1869,#1870,#1871,#1872,#1873,#1874,#1875,#1876,
#1877,#1878,#1879,#1880,#1881,#1882,#1883,#1884,#1885,#1886,#1887,#1888,
#1889,#1890,#1891,#1892,#1893,#1894,#1895,#1896,#1897,#1898,#1899,#1900,
#1901,#1902,#1903,#1904,#1905,#1906,#1907,#1908,#1909,#1910,#1911,#1912,
#1913,#1914,#1915,#1916,#1917,#1918,#1919,#1920,#1921,#1922,#1923,#1924,
#1925,#1926,#1927,#1928,#1929,#1930,#1931,#1932,#1933,#1934,#1935,#1936));
#1938=DERIVED_UNIT_ELEMENT(#1940,1.);
#1939=DERIVED_UNIT_ELEMENT(#4235,-3.);
#1940=(
MASS_UNIT()
NAMED_UNIT(*)
SI_UNIT(.KILO.,.GRAM.)
);
#1941=DERIVED_UNIT((#1938,#1939));
#1942=MEASURE_REPRESENTATION_ITEM('density measure',
POSITIVE_RATIO_MEASURE(7850.),#1941);
#1943=PROPERTY_DEFINITION_REPRESENTATION(#1948,#1945);
#1944=PROPERTY_DEFINITION_REPRESENTATION(#1949,#1946);
#1945=REPRESENTATION('material name',(#1947),#4232);
#1946=REPRESENTATION('density',(#1942),#4232);
#1947=DESCRIPTIVE_REPRESENTATION_ITEM('Steel','Steel');
#1948=PROPERTY_DEFINITION('material property','material name',#4242);
#1949=PROPERTY_DEFINITION('material property','density of part',#4242);
#1950=AXIS2_PLACEMENT_3D('',#2274,#2012,#2013);
#1951=AXIS2_PLACEMENT_3D('',#2823,#2034,#2035);
#1952=AXIS2_PLACEMENT_3D('',#2824,#2036,#2037);
#1953=AXIS2_PLACEMENT_3D('',#2833,#2042,#2043);
#1954=AXIS2_PLACEMENT_3D('',#2839,#2047,#2048);
#1955=AXIS2_PLACEMENT_3D('',#2845,#2052,#2053);
#1956=AXIS2_PLACEMENT_3D('',#2848,#2056,#2057);
#1957=AXIS2_PLACEMENT_3D('',#3203,#2072,#2073);
#1958=AXIS2_PLACEMENT_3D('',#3406,#2084,#2085);
#1959=AXIS2_PLACEMENT_3D('',#3601,#2096,#2097);
#1960=AXIS2_PLACEMENT_3D('',#3604,#2100,#2101);
#1961=AXIS2_PLACEMENT_3D('',#3605,#2102,#2103);
#1962=AXIS2_PLACEMENT_3D('',#3614,#2108,#2109);
#1963=AXIS2_PLACEMENT_3D('',#3755,#2118,#2119);
#1964=AXIS2_PLACEMENT_3D('',#3758,#2122,#2123);
#1965=AXIS2_PLACEMENT_3D('',#3767,#2128,#2129);
#1966=AXIS2_PLACEMENT_3D('',#3773,#2133,#2134);
#1967=AXIS2_PLACEMENT_3D('',#3887,#2142,#2143);
#1968=AXIS2_PLACEMENT_3D('',#3893,#2147,#2148);
#1969=AXIS2_PLACEMENT_3D('',#3899,#2152,#2153);
#1970=AXIS2_PLACEMENT_3D('',#4094,#2164,#2165);
#1971=AXIS2_PLACEMENT_3D('',#4100,#2169,#2170);
#1972=AXIS2_PLACEMENT_3D('',#4103,#2173,#2174);
#1973=AXIS2_PLACEMENT_3D('',#4104,#2175,#2176);
#1974=AXIS2_PLACEMENT_3D('',#4105,#2177,#2178);
#1975=AXIS2_PLACEMENT_3D('',#4106,#2179,#2180);
#1976=AXIS2_PLACEMENT_3D('',#4109,#2181,#2182);
#1977=AXIS2_PLACEMENT_3D('',#4113,#2184,#2185);
#1978=AXIS2_PLACEMENT_3D('',#4126,#2187,#2188);
#1979=AXIS2_PLACEMENT_3D('',#4127,#2189,#2190);
#1980=AXIS2_PLACEMENT_3D('',#4128,#2191,#2192);
#1981=AXIS2_PLACEMENT_3D('',#4129,#2193,#2194);
#1982=AXIS2_PLACEMENT_3D('',#4132,#2195,#2196);
#1983=AXIS2_PLACEMENT_3D('',#4146,#2199,#2200);
#1984=AXIS2_PLACEMENT_3D('',#4147,#2201,#2202);
#1985=AXIS2_PLACEMENT_3D('',#4148,#2203,#2204);
#1986=AXIS2_PLACEMENT_3D('',#4149,#2205,#2206);
#1987=AXIS2_PLACEMENT_3D('',#4152,#2207,#2208);
#1988=AXIS2_PLACEMENT_3D('',#4166,#2211,#2212);
#1989=AXIS2_PLACEMENT_3D('',#4167,#2213,#2214);
#1990=AXIS2_PLACEMENT_3D('',#4168,#2215,#2216);
#1991=AXIS2_PLACEMENT_3D('',#4169,#2217,#2218);
#1992=AXIS2_PLACEMENT_3D('',#4172,#2219,#2220);
#1993=AXIS2_PLACEMENT_3D('',#4186,#2223,#2224);
#1994=AXIS2_PLACEMENT_3D('',#4187,#2225,#2226);
#1995=AXIS2_PLACEMENT_3D('',#4188,#2227,#2228);
#1996=AXIS2_PLACEMENT_3D('',#4189,#2229,#2230);
#1997=AXIS2_PLACEMENT_3D('',#4192,#2231,#2232);
#1998=AXIS2_PLACEMENT_3D('',#4195,#2235,#2236);
#1999=AXIS2_PLACEMENT_3D('',#4202,#2240,#2241);
#2000=AXIS2_PLACEMENT_3D('',#4204,#2242,#2243);
#2001=AXIS2_PLACEMENT_3D('',#4206,#2244,#2245);
#2002=AXIS2_PLACEMENT_3D('',#4207,#2246,#2247);
#2003=AXIS2_PLACEMENT_3D('',#4211,#2250,#2251);
#2004=AXIS2_PLACEMENT_3D('',#4214,#2253,#2254);
#2005=AXIS2_PLACEMENT_3D('',#4215,#2255,#2256);
#2006=AXIS2_PLACEMENT_3D('',#4218,#2258,#2259);
#2007=AXIS2_PLACEMENT_3D('',#4219,#2260,#2261);
#2008=AXIS2_PLACEMENT_3D('',#4222,#2263,#2264);
#2009=AXIS2_PLACEMENT_3D('',#4223,#2265,#2266);
#2010=AXIS2_PLACEMENT_3D('',#4227,#2269,#2270);
#2011=AXIS2_PLACEMENT_3D('',#4229,#2272,#2273);
#2012=DIRECTION('axis',(0.,0.,1.));
#2013=DIRECTION('refdir',(1.,0.,0.));
#2014=DIRECTION('',(0.,0.,-1.));
#2015=DIRECTION('',(0.,0.,-1.));
#2016=DIRECTION('',(0.,0.,-1.));
#2017=DIRECTION('',(0.,0.,-1.));
#2018=DIRECTION('',(0.,0.,-1.));
#2019=DIRECTION('',(0.,0.,-1.));
#2020=DIRECTION('',(0.,0.,-1.));
#2021=DIRECTION('',(0.,0.,-1.));
#2022=DIRECTION('',(0.,0.,-1.));
#2023=DIRECTION('',(0.,0.,-1.));
#2024=DIRECTION('',(0.,0.,-1.));
#2025=DIRECTION('',(0.,0.,-1.));
#2026=DIRECTION('',(0.,0.,-1.));
#2027=DIRECTION('',(0.,0.,-1.));
#2028=DIRECTION('',(0.,0.,-1.));
#2029=DIRECTION('',(0.,0.,-1.));
#2030=DIRECTION('',(0.,0.,-1.));
#2031=DIRECTION('',(0.,0.,-1.));
#2032=DIRECTION('',(0.,0.,-1.));
#2033=DIRECTION('',(0.,0.,-1.));
#2034=DIRECTION('center_axis',(0.,0.,1.));
#2035=DIRECTION('ref_axis',(1.,0.,0.));
#2036=DIRECTION('center_axis',(-0.999999823288898,-0.000594493206600705,
0.));
#2037=DIRECTION('ref_axis',(-0.000594493206600705,0.999999823288898,0.));
#2038=DIRECTION('',(-0.000594493206600705,0.999999823288898,0.));
#2039=DIRECTION('',(0.,0.,-1.));
#2040=DIRECTION('',(-0.000594493206600705,0.999999823288898,0.));
#2041=DIRECTION('',(0.,0.,-1.));
#2042=DIRECTION('center_axis',(0.000594493206568946,-0.999999823288898,
0.));
#2043=DIRECTION('ref_axis',(-0.999999823288898,-0.000594493206568946,0.));
#2044=DIRECTION('',(-0.999999823288898,-0.000594493206568946,0.));
#2045=DIRECTION('',(0.,0.,-1.));
#2046=DIRECTION('',(-0.999999823288898,-0.000594493206568946,0.));
#2047=DIRECTION('center_axis',(0.999999823288898,0.000594493206600705,0.));
#2048=DIRECTION('ref_axis',(0.000594493206600705,-0.999999823288898,0.));
#2049=DIRECTION('',(0.000594493206600705,-0.999999823288898,0.));
#2050=DIRECTION('',(0.,0.,-1.));
#2051=DIRECTION('',(0.000594493206600705,-0.999999823288898,0.));
#2052=DIRECTION('center_axis',(-0.000594493206568946,0.999999823288898,
0.));
#2053=DIRECTION('ref_axis',(0.999999823288898,0.000594493206568946,0.));
#2054=DIRECTION('',(0.999999823288898,0.000594493206568946,0.));
#2055=DIRECTION('',(0.999999823288898,0.000594493206568946,0.));
#2056=DIRECTION('center_axis',(0.,0.,-1.));
#2057=DIRECTION('ref_axis',(-1.,0.,0.));
#2058=DIRECTION('',(0.,0.,-1.));
#2059=DIRECTION('',(0.,0.,-1.));
#2060=DIRECTION('',(0.,0.,-1.));
#2061=DIRECTION('',(0.,0.,-1.));
#2062=DIRECTION('',(0.,0.,-1.));
#2063=DIRECTION('',(0.,0.,-1.));
#2064=DIRECTION('',(0.,0.,-1.));
#2065=DIRECTION('',(0.,0.,-1.));
#2066=DIRECTION('',(0.,0.,-1.));
#2067=DIRECTION('',(0.,0.,-1.));
#2068=DIRECTION('',(0.,0.,-1.));
#2069=DIRECTION('',(0.,0.,-1.));
#2070=DIRECTION('',(0.,0.,-1.));
#2071=DIRECTION('',(0.,0.,-1.));
#2072=DIRECTION('center_axis',(-0.984666399052383,0.174447936580558,0.));
#2073=DIRECTION('ref_axis',(0.174447936580558,0.984666399052382,0.));
#2074=DIRECTION('',(0.174447936580558,0.984666399052382,0.));
#2075=DIRECTION('',(0.,0.,-1.));
#2076=DIRECTION('',(0.174447936580558,0.984666399052382,0.));
#2077=DIRECTION('',(0.,0.,-1.));
#2078=DIRECTION('',(0.,0.,-1.));
#2079=DIRECTION('',(0.,0.,-1.));
#2080=DIRECTION('',(0.,0.,-1.));
#2081=DIRECTION('',(0.,0.,-1.));
#2082=DIRECTION('',(0.,0.,-1.));
#2083=DIRECTION('',(0.,0.,-1.));
#2084=DIRECTION('center_axis',(0.124988121431675,0.992158238135924,0.));
#2085=DIRECTION('ref_axis',(0.992158238135924,-0.124988121431675,0.));
#2086=DIRECTION('',(0.992158238135924,-0.124988121431675,0.));
#2087=DIRECTION('',(0.,0.,-1.));
#2088=DIRECTION('',(0.992158238135924,-0.124988121431675,0.));
#2089=DIRECTION('',(0.,0.,-1.));
#2090=DIRECTION('',(0.,0.,-1.));
#2091=DIRECTION('',(0.,0.,-1.));
#2092=DIRECTION('',(0.,0.,-1.));
#2093=DIRECTION('',(0.,0.,-1.));
#2094=DIRECTION('',(0.,0.,-1.));
#2095=DIRECTION('',(0.,0.,-1.));
#2096=DIRECTION('center_axis',(0.991149176194154,0.132752817407581,0.));
#2097=DIRECTION('ref_axis',(0.132752817407581,-0.991149176194154,0.));
#2098=DIRECTION('',(0.132752817407581,-0.991149176194154,0.));
#2099=DIRECTION('',(0.132752817407581,-0.991149176194154,0.));
#2100=DIRECTION('center_axis',(0.,0.,1.));
#2101=DIRECTION('ref_axis',(1.,0.,0.));
#2102=DIRECTION('center_axis',(0.000594493206567312,-0.999999823288898,
0.));
#2103=DIRECTION('ref_axis',(-0.999999823288898,-0.000594493206567312,0.));
#2104=DIRECTION('',(-0.999999823288898,-0.000594493206567312,0.));
#2105=DIRECTION('',(0.,0.,-1.));
#2106=DIRECTION('',(-0.999999823288898,-0.000594493206567312,0.));
#2107=DIRECTION('',(0.,0.,-1.));
#2108=DIRECTION('center_axis',(-0.999999823288898,-0.000594493206599345,
0.));
#2109=DIRECTION('ref_axis',(-0.000594493206599345,0.999999823288898,0.));
#2110=DIRECTION('',(-0.000594493206599345,0.999999823288898,0.));
#2111=DIRECTION('',(0.,0.,-1.));
#2112=DIRECTION('',(-0.000594493206599345,0.999999823288898,0.));
#2113=DIRECTION('',(0.,0.,-1.));
#2114=DIRECTION('',(0.,0.,-1.));
#2115=DIRECTION('',(0.,0.,-1.));
#2116=DIRECTION('',(0.,0.,-1.));
#2117=DIRECTION('',(0.,0.,-1.));
#2118=DIRECTION('center_axis',(0.999999823288898,0.000594493206599016,0.));
#2119=DIRECTION('ref_axis',(0.000594493206599016,-0.999999823288898,0.));
#2120=DIRECTION('',(0.000594493206599016,-0.999999823288898,0.));
#2121=DIRECTION('',(0.000594493206599016,-0.999999823288898,0.));
#2122=DIRECTION('center_axis',(-0.999999823288898,-0.000594493206600832,
0.));
#2123=DIRECTION('ref_axis',(-0.000594493206600832,0.999999823288898,0.));
#2124=DIRECTION('',(-0.000594493206600832,0.999999823288898,0.));
#2125=DIRECTION('',(0.,0.,-1.));
#2126=DIRECTION('',(-0.000594493206600832,0.999999823288898,0.));
#2127=DIRECTION('',(0.,0.,-1.));
#2128=DIRECTION('center_axis',(0.000594493206567408,-0.999999823288898,
0.));
#2129=DIRECTION('ref_axis',(-0.999999823288898,-0.000594493206567408,0.));
#2130=DIRECTION('',(-0.999999823288898,-0.000594493206567408,0.));
#2131=DIRECTION('',(0.,0.,-1.));
#2132=DIRECTION('',(-0.999999823288898,-0.000594493206567408,0.));
#2133=DIRECTION('center_axis',(-0.999999823288898,-0.000594493206598893,
0.));
#2134=DIRECTION('ref_axis',(-0.000594493206598893,0.999999823288898,0.));
#2135=DIRECTION('',(-0.000594493206598893,0.999999823288898,0.));
#2136=DIRECTION('',(0.,0.,-1.));
#2137=DIRECTION('',(-0.000594493206598893,0.999999823288898,0.));
#2138=DIRECTION('',(0.,0.,-1.));
#2139=DIRECTION('',(0.,0.,-1.));
#2140=DIRECTION('',(0.,0.,-1.));
#2141=DIRECTION('',(0.,0.,-1.));
#2142=DIRECTION('center_axis',(-0.537197655990661,0.843456387964511,0.));
#2143=DIRECTION('ref_axis',(0.843456387964511,0.537197655990661,0.));
#2144=DIRECTION('',(0.843456387964511,0.537197655990661,0.));
#2145=DIRECTION('',(0.,0.,-1.));
#2146=DIRECTION('',(0.843456387964511,0.537197655990661,0.));
#2147=DIRECTION('center_axis',(-0.999999823288898,-0.0005944932065993,0.));
#2148=DIRECTION('ref_axis',(-0.0005944932065993,0.999999823288898,0.));
#2149=DIRECTION('',(-0.0005944932065993,0.999999823288898,0.));
#2150=DIRECTION('',(0.,0.,-1.));
#2151=DIRECTION('',(-0.0005944932065993,0.999999823288898,0.));
#2152=DIRECTION('center_axis',(0.539014774961118,-0.84229630912976,0.));
#2153=DIRECTION('ref_axis',(-0.84229630912976,-0.539014774961118,0.));
#2154=DIRECTION('',(-0.84229630912976,-0.539014774961118,0.));
#2155=DIRECTION('',(0.,0.,-1.));
#2156=DIRECTION('',(-0.84229630912976,-0.539014774961118,0.));
#2157=DIRECTION('',(0.,0.,-1.));
#2158=DIRECTION('',(0.,0.,-1.));
#2159=DIRECTION('',(0.,0.,-1.));
#2160=DIRECTION('',(0.,0.,-1.));
#2161=DIRECTION('',(0.,0.,-1.));
#2162=DIRECTION('',(0.,0.,-1.));
#2163=DIRECTION('',(0.,0.,-1.));
#2164=DIRECTION('center_axis',(0.999999823288898,0.000594493206599634,0.));
#2165=DIRECTION('ref_axis',(0.000594493206599634,-0.999999823288898,0.));
#2166=DIRECTION('',(0.000594493206599634,-0.999999823288898,0.));
#2167=DIRECTION('',(0.,0.,-1.));
#2168=DIRECTION('',(0.000594493206599634,-0.999999823288898,0.));
#2169=DIRECTION('center_axis',(-0.000594493206566682,0.999999823288898,
0.));
#2170=DIRECTION('ref_axis',(0.999999823288898,0.000594493206566682,0.));
#2171=DIRECTION('',(0.999999823288898,0.000594493206566682,0.));
#2172=DIRECTION('',(0.999999823288898,0.000594493206566682,0.));
#2173=DIRECTION('center_axis',(0.,0.,1.));
#2174=DIRECTION('ref_axis',(1.,0.,0.));
#2175=DIRECTION('center_axis',(0.,0.,1.));
#2176=DIRECTION('ref_axis',(1.,0.,0.));
#2177=DIRECTION('center_axis',(0.,0.,1.));
#2178=DIRECTION('ref_axis',(1.,0.,0.));
#2179=DIRECTION('center_axis',(1.2243025090589E-15,-1.,0.));
#2180=DIRECTION('ref_axis',(0.968245836551854,1.11022302462516E-15,0.25));
#2181=DIRECTION('center_axis',(1.97372982155583E-16,-1.,0.));
#2182=DIRECTION('ref_axis',(0.968245836551854,1.11022302462516E-15,0.25));
#2183=DIRECTION('',(1.2243025090589E-15,-1.,0.));
#2184=DIRECTION('center_axis',(-1.1466334093198E-15,1.,0.));
#2185=DIRECTION('ref_axis',(0.,0.,1.));
#2186=DIRECTION('',(1.2243025090589E-15,-1.,0.));
#2187=DIRECTION('center_axis',(1.,-2.43659599480458E-15,0.));
#2188=DIRECTION('ref_axis',(0.,0.,1.));
#2189=DIRECTION('center_axis',(0.,0.,1.));
#2190=DIRECTION('ref_axis',(-2.4980018054066E-15,-1.,0.));
#2191=DIRECTION('center_axis',(0.,0.,-1.));
#2192=DIRECTION('ref_axis',(-1.,3.49630695337998E-14,0.));
#2193=DIRECTION('center_axis',(-1.,0.,0.));
#2194=DIRECTION('ref_axis',(0.,-0.968245836551854,0.25));
#2195=DIRECTION('center_axis',(1.,-5.73316704659901E-16,0.));
#2196=DIRECTION('ref_axis',(0.,0.,1.));
#2197=DIRECTION('',(-1.,0.,0.));
#2198=DIRECTION('',(-1.,0.,0.));
#2199=DIRECTION('center_axis',(0.,-1.,0.));
#2200=DIRECTION('ref_axis',(0.,0.,1.));
#2201=DIRECTION('center_axis',(0.,0.,1.));
#2202=DIRECTION('ref_axis',(-1.,0.,0.));
#2203=DIRECTION('center_axis',(0.,0.,-1.));
#2204=DIRECTION('ref_axis',(-3.4963069533801E-14,1.,0.));
#2205=DIRECTION('center_axis',(0.,1.,0.));
#2206=DIRECTION('ref_axis',(-0.968245836551854,0.,0.25));
#2207=DIRECTION('center_axis',(0.,-1.,0.));
#2208=DIRECTION('ref_axis',(0.,0.,1.));
#2209=DIRECTION('',(0.,1.,0.));
#2210=DIRECTION('',(0.,1.,0.));
#2211=DIRECTION('center_axis',(-1.,-5.73316704659901E-16,0.));
#2212=DIRECTION('ref_axis',(0.,0.,1.));
#2213=DIRECTION('center_axis',(0.,0.,1.));
#2214=DIRECTION('ref_axis',(-5.55111512312578E-16,1.,0.));
#2215=DIRECTION('center_axis',(0.,0.,-1.));
#2216=DIRECTION('ref_axis',(1.,0.,0.));
#2217=DIRECTION('center_axis',(1.,0.,0.));
#2218=DIRECTION('ref_axis',(0.,0.968245836551854,0.25));
#2219=DIRECTION('center_axis',(-1.,0.,0.));
#2220=DIRECTION('ref_axis',(0.,0.,1.));
#2221=DIRECTION('',(1.,0.,0.));
#2222=DIRECTION('',(1.,0.,0.));
#2223=DIRECTION('center_axis',(2.8665835232995E-16,1.,-1.11022302462516E-15));
#2224=DIRECTION('ref_axis',(0.,1.11022302462516E-15,1.));
#2225=DIRECTION('center_axis',(0.,0.,1.));
#2226=DIRECTION('ref_axis',(1.,0.,0.));
#2227=DIRECTION('center_axis',(0.,0.,-1.));
#2228=DIRECTION('ref_axis',(-4.72001438706281E-13,-1.,0.));
#2229=DIRECTION('center_axis',(1.2243025090589E-15,-1.,0.));
#2230=DIRECTION('ref_axis',(0.968245836551854,1.11022302462516E-15,0.25));
#2231=DIRECTION('center_axis',(-3.127388801761E-16,1.,0.));
#2232=DIRECTION('ref_axis',(0.968245836551854,1.11022302462516E-15,0.25));
#2233=DIRECTION('',(1.2243025090589E-15,-1.,0.));
#2234=DIRECTION('',(1.2243025090589E-15,-1.,0.));
#2235=DIRECTION('center_axis',(0.,0.,1.));
#2236=DIRECTION('ref_axis',(1.,0.,0.));
#2237=DIRECTION('',(-1.,-1.97372982155583E-16,0.));
#2238=DIRECTION('',(0.,1.,0.));
#2239=DIRECTION('',(1.,3.127388801761E-16,0.));
#2240=DIRECTION('center_axis',(0.,0.,-1.));
#2241=DIRECTION('ref_axis',(1.,0.,0.));
#2242=DIRECTION('center_axis',(0.,0.,-1.));
#2243=DIRECTION('ref_axis',(1.,0.,0.));
#2244=DIRECTION('center_axis',(0.,0.,-1.));
#2245=DIRECTION('ref_axis',(1.,0.,0.));
#2246=DIRECTION('center_axis',(-1.97372982155583E-16,1.,0.));
#2247=DIRECTION('ref_axis',(-1.,-1.97372982155583E-16,0.));
#2248=DIRECTION('',(1.,1.97372982155583E-16,0.));
#2249=DIRECTION('',(0.,0.,1.));
#2250=DIRECTION('center_axis',(0.,0.,1.));
#2251=DIRECTION('ref_axis',(1.,0.,0.));
#2252=DIRECTION('',(0.,0.,-1.));
#2253=DIRECTION('center_axis',(0.,0.,-1.));
#2254=DIRECTION('ref_axis',(1.,0.,0.));
#2255=DIRECTION('center_axis',(0.,0.,1.));
#2256=DIRECTION('ref_axis',(1.,0.,0.));
#2257=DIRECTION('',(0.,0.,-1.));
#2258=DIRECTION('center_axis',(0.,0.,-1.));
#2259=DIRECTION('ref_axis',(1.,0.,0.));
#2260=DIRECTION('center_axis',(0.,0.,1.));
#2261=DIRECTION('ref_axis',(1.,0.,0.));
#2262=DIRECTION('',(0.,0.,-1.));
#2263=DIRECTION('center_axis',(0.,0.,-1.));
#2264=DIRECTION('ref_axis',(1.,0.,0.));
#2265=DIRECTION('center_axis',(3.127388801761E-16,-1.,0.));
#2266=DIRECTION('ref_axis',(1.,3.127388801761E-16,0.));
#2267=DIRECTION('',(0.,0.,1.));
#2268=DIRECTION('',(-1.,-3.127388801761E-16,0.));
#2269=DIRECTION('center_axis',(1.,0.,0.));
#2270=DIRECTION('ref_axis',(0.,1.,0.));
#2271=DIRECTION('',(0.,-1.,0.));
#2272=DIRECTION('center_axis',(0.,0.,1.));
#2273=DIRECTION('ref_axis',(1.,0.,0.));
#2274=CARTESIAN_POINT('',(0.,0.,0.));
#2275=CARTESIAN_POINT('Ctrl Pts',(-5.0121915814755,14.1209392400194,3.));
#2276=CARTESIAN_POINT('Ctrl Pts',(-5.0121915814755,14.1209392400194,2.6));
#2277=CARTESIAN_POINT('Ctrl Pts',(-5.1655927460532,14.1864542708133,3.));
#2278=CARTESIAN_POINT('Ctrl Pts',(-5.1655927460532,14.1864542708133,2.6));
#2279=CARTESIAN_POINT('Ctrl Pts',(-5.27254079118527,14.2321299636248,3.));
#2280=CARTESIAN_POINT('Ctrl Pts',(-5.27254079118527,14.2321299636248,2.6));
#2281=CARTESIAN_POINT('Ctrl Pts',(-5.56333374719883,14.2803692204874,3.));
#2282=CARTESIAN_POINT('Ctrl Pts',(-5.56333374719883,14.2803692204874,2.6));
#2283=CARTESIAN_POINT('Ctrl Pts',(-5.70987662868658,14.2797007237003,3.));
#2284=CARTESIAN_POINT('Ctrl Pts',(-5.70987662868658,14.2797007237003,2.6));
#2285=CARTESIAN_POINT('Ctrl Pts',(-5.85641951017438,14.2790322269132,3.));
#2286=CARTESIAN_POINT('Ctrl Pts',(-5.85641951017438,14.2790322269132,2.6));
#2287=CARTESIAN_POINT('',(-5.0121915814755,14.1209392400194,3.));
#2288=CARTESIAN_POINT('',(-5.85641951017438,14.2790322269132,3.));
#2289=CARTESIAN_POINT('Ctrl Pts',(-5.0121915814755,14.1209392400194,3.));
#2290=CARTESIAN_POINT('Ctrl Pts',(-5.1655927460532,14.1864542708133,3.));
#2291=CARTESIAN_POINT('Ctrl Pts',(-5.27254079118527,14.2321299636248,3.));
#2292=CARTESIAN_POINT('Ctrl Pts',(-5.56333374719883,14.2803692204874,3.));
#2293=CARTESIAN_POINT('Ctrl Pts',(-5.70987662868658,14.2797007237003,3.));
#2294=CARTESIAN_POINT('Ctrl Pts',(-5.85641951017438,14.2790322269132,3.));
#2295=CARTESIAN_POINT('',(-5.0121915814755,14.1209392400194,2.6));
#2296=CARTESIAN_POINT('',(-5.0121915814755,14.1209392400194,3.));
#2297=CARTESIAN_POINT('',(-5.85641951017438,14.2790322269132,2.6));
#2298=CARTESIAN_POINT('Ctrl Pts',(-5.0121915814755,14.1209392400194,2.6));
#2299=CARTESIAN_POINT('Ctrl Pts',(-5.1655927460532,14.1864542708133,2.6));
#2300=CARTESIAN_POINT('Ctrl Pts',(-5.27254079118527,14.2321299636248,2.6));
#2301=CARTESIAN_POINT('Ctrl Pts',(-5.56333374719883,14.2803692204874,2.6));
#2302=CARTESIAN_POINT('Ctrl Pts',(-5.70987662868658,14.2797007237003,2.6));
#2303=CARTESIAN_POINT('Ctrl Pts',(-5.85641951017438,14.2790322269132,2.6));
#2304=CARTESIAN_POINT('',(-5.85641951017438,14.2790322269132,3.));
#2305=CARTESIAN_POINT('Ctrl Pts',(-4.83293226885996,13.7833919926729,3.));
#2306=CARTESIAN_POINT('Ctrl Pts',(-4.83293226885996,13.7833919926729,2.6));
#2307=CARTESIAN_POINT('Ctrl Pts',(-4.8409813237967,13.8526003060321,3.));
#2308=CARTESIAN_POINT('Ctrl Pts',(-4.8409813237967,13.8526003060321,2.6));
#2309=CARTESIAN_POINT('Ctrl Pts',(-4.84871426079664,13.9190905376537,3.));
#2310=CARTESIAN_POINT('Ctrl Pts',(-4.84871426079664,13.9190905376537,2.6));
#2311=CARTESIAN_POINT('Ctrl Pts',(-4.89421569814894,14.0042190390282,3.));
#2312=CARTESIAN_POINT('Ctrl Pts',(-4.89421569814894,14.0042190390282,2.6));
#2313=CARTESIAN_POINT('Ctrl Pts',(-4.91533532568363,14.0298683859952,3.));
#2314=CARTESIAN_POINT('Ctrl Pts',(-4.91533532568363,14.0298683859952,2.6));
#2315=CARTESIAN_POINT('Ctrl Pts',(-4.96110241634154,14.0767346322629,3.));
#2316=CARTESIAN_POINT('Ctrl Pts',(-4.96110241634154,14.0767346322629,2.6));
#2317=CARTESIAN_POINT('Ctrl Pts',(-4.98664699890847,14.0988369361411,3.));
#2318=CARTESIAN_POINT('Ctrl Pts',(-4.98664699890847,14.0988369361411,2.6));
#2319=CARTESIAN_POINT('Ctrl Pts',(-5.0121915814755,14.1209392400194,3.));
#2320=CARTESIAN_POINT('Ctrl Pts',(-5.0121915814755,14.1209392400194,2.6));
#2321=CARTESIAN_POINT('',(-4.83293226885996,13.7833919926729,3.));
#2322=CARTESIAN_POINT('Ctrl Pts',(-4.83293226885996,13.7833919926729,3.));
#2323=CARTESIAN_POINT('Ctrl Pts',(-4.8409813237967,13.8526003060321,3.));
#2324=CARTESIAN_POINT('Ctrl Pts',(-4.84871426079664,13.9190905376537,3.));
#2325=CARTESIAN_POINT('Ctrl Pts',(-4.89421569814894,14.0042190390282,3.));
#2326=CARTESIAN_POINT('Ctrl Pts',(-4.91533532568363,14.0298683859952,3.));
#2327=CARTESIAN_POINT('Ctrl Pts',(-4.96110241634154,14.0767346322629,3.));
#2328=CARTESIAN_POINT('Ctrl Pts',(-4.98664699890847,14.0988369361411,3.));
#2329=CARTESIAN_POINT('Ctrl Pts',(-5.0121915814755,14.1209392400194,3.));
#2330=CARTESIAN_POINT('',(-4.83293226885996,13.7833919926729,2.6));
#2331=CARTESIAN_POINT('',(-4.83293226885996,13.7833919926729,3.));
#2332=CARTESIAN_POINT('Ctrl Pts',(-4.83293226885996,13.7833919926729,2.6));
#2333=CARTESIAN_POINT('Ctrl Pts',(-4.8409813237967,13.8526003060321,2.6));
#2334=CARTESIAN_POINT('Ctrl Pts',(-4.84871426079664,13.9190905376537,2.6));
#2335=CARTESIAN_POINT('Ctrl Pts',(-4.89421569814894,14.0042190390282,2.6));
#2336=CARTESIAN_POINT('Ctrl Pts',(-4.91533532568363,14.0298683859952,2.6));
#2337=CARTESIAN_POINT('Ctrl Pts',(-4.96110241634154,14.0767346322629,2.6));
#2338=CARTESIAN_POINT('Ctrl Pts',(-4.98664699890847,14.0988369361411,2.6));
#2339=CARTESIAN_POINT('Ctrl Pts',(-5.0121915814755,14.1209392400194,2.6));
#2340=CARTESIAN_POINT('Ctrl Pts',(-5.03565193052096,13.4243012485032,3.));
#2341=CARTESIAN_POINT('Ctrl Pts',(-5.03565193052096,13.4243012485032,2.6));
#2342=CARTESIAN_POINT('Ctrl Pts',(-4.97899191918776,13.4715720581713,3.));
#2343=CARTESIAN_POINT('Ctrl Pts',(-4.97899191918776,13.4715720581713,2.6));
#2344=CARTESIAN_POINT('Ctrl Pts',(-4.92233190785453,13.5188428678394,3.));
#2345=CARTESIAN_POINT('Ctrl Pts',(-4.92233190785453,13.5188428678394,2.6));
#2346=CARTESIAN_POINT('Ctrl Pts',(-4.85337609589343,13.6380528528462,3.));
#2347=CARTESIAN_POINT('Ctrl Pts',(-4.85337609589343,13.6380528528462,2.6));
#2348=CARTESIAN_POINT('Ctrl Pts',(-4.84389052417019,13.7054876258348,3.));
#2349=CARTESIAN_POINT('Ctrl Pts',(-4.84389052417019,13.7054876258348,2.6));
#2350=CARTESIAN_POINT('Ctrl Pts',(-4.83293226885996,13.7833919926729,3.));
#2351=CARTESIAN_POINT('Ctrl Pts',(-4.83293226885996,13.7833919926729,2.6));
#2352=CARTESIAN_POINT('',(-5.03565193052096,13.4243012485032,3.));
#2353=CARTESIAN_POINT('Ctrl Pts',(-5.03565193052096,13.4243012485032,3.));
#2354=CARTESIAN_POINT('Ctrl Pts',(-4.97899191918776,13.4715720581713,3.));
#2355=CARTESIAN_POINT('Ctrl Pts',(-4.92233190785453,13.5188428678394,3.));
#2356=CARTESIAN_POINT('Ctrl Pts',(-4.85337609589343,13.6380528528462,3.));
#2357=CARTESIAN_POINT('Ctrl Pts',(-4.84389052417019,13.7054876258348,3.));
#2358=CARTESIAN_POINT('Ctrl Pts',(-4.83293226885996,13.7833919926729,3.));
#2359=CARTESIAN_POINT('',(-5.03565193052096,13.4243012485032,2.6));
#2360=CARTESIAN_POINT('',(-5.03565193052096,13.4243012485032,3.));
#2361=CARTESIAN_POINT('Ctrl Pts',(-5.03565193052096,13.4243012485032,2.6));
#2362=CARTESIAN_POINT('Ctrl Pts',(-4.97899191918776,13.4715720581713,2.6));
#2363=CARTESIAN_POINT('Ctrl Pts',(-4.92233190785453,13.5188428678394,2.6));
#2364=CARTESIAN_POINT('Ctrl Pts',(-4.85337609589343,13.6380528528462,2.6));
#2365=CARTESIAN_POINT('Ctrl Pts',(-4.84389052417019,13.7054876258348,2.6));
#2366=CARTESIAN_POINT('Ctrl Pts',(-4.83293226885996,13.7833919926729,2.6));
#2367=CARTESIAN_POINT('Ctrl Pts',(-5.85582542219737,13.2797140422215,3.));
#2368=CARTESIAN_POINT('Ctrl Pts',(-5.85582542219737,13.2797140422215,2.6));
#2369=CARTESIAN_POINT('Ctrl Pts',(-5.71382823198422,13.2783241763857,3.));
#2370=CARTESIAN_POINT('Ctrl Pts',(-5.71382823198422,13.2783241763857,2.6));
#2371=CARTESIAN_POINT('Ctrl Pts',(-5.57183104177105,13.27693431055,3.));
#2372=CARTESIAN_POINT('Ctrl Pts',(-5.57183104177105,13.27693431055,2.6));
#2373=CARTESIAN_POINT('Ctrl Pts',(-5.28751806045135,13.3206032274899,3.));
#2374=CARTESIAN_POINT('Ctrl Pts',(-5.28751806045135,13.3206032274899,2.6));
#2375=CARTESIAN_POINT('Ctrl Pts',(-5.18453368672161,13.3630038303578,3.));
#2376=CARTESIAN_POINT('Ctrl Pts',(-5.18453368672161,13.3630038303578,2.6));
#2377=CARTESIAN_POINT('Ctrl Pts',(-5.03565193052096,13.4243012485032,3.));
#2378=CARTESIAN_POINT('Ctrl Pts',(-5.03565193052096,13.4243012485032,2.6));
#2379=CARTESIAN_POINT('',(-5.85582542219737,13.2797140422215,3.));
#2380=CARTESIAN_POINT('Ctrl Pts',(-5.85582542219737,13.2797140422215,3.));
#2381=CARTESIAN_POINT('Ctrl Pts',(-5.71382823198422,13.2783241763857,3.));
#2382=CARTESIAN_POINT('Ctrl Pts',(-5.57183104177105,13.27693431055,3.));
#2383=CARTESIAN_POINT('Ctrl Pts',(-5.28751806045135,13.3206032274899,3.));
#2384=CARTESIAN_POINT('Ctrl Pts',(-5.18453368672161,13.3630038303578,3.));
#2385=CARTESIAN_POINT('Ctrl Pts',(-5.03565193052096,13.4243012485032,3.));
#2386=CARTESIAN_POINT('',(-5.85582542219737,13.2797140422215,2.6));
#2387=CARTESIAN_POINT('',(-5.85582542219737,13.2797140422215,3.));
#2388=CARTESIAN_POINT('Ctrl Pts',(-5.85582542219737,13.2797140422215,2.6));
#2389=CARTESIAN_POINT('Ctrl Pts',(-5.71382823198422,13.2783241763857,2.6));
#2390=CARTESIAN_POINT('Ctrl Pts',(-5.57183104177105,13.27693431055,2.6));
#2391=CARTESIAN_POINT('Ctrl Pts',(-5.28751806045135,13.3206032274899,2.6));
#2392=CARTESIAN_POINT('Ctrl Pts',(-5.18453368672161,13.3630038303578,2.6));
#2393=CARTESIAN_POINT('Ctrl Pts',(-5.03565193052096,13.4243012485032,2.6));
#2394=CARTESIAN_POINT('Ctrl Pts',(-6.67446480873492,13.4233269852081,3.));
#2395=CARTESIAN_POINT('Ctrl Pts',(-6.67446480873492,13.4233269852081,2.6));
#2396=CARTESIAN_POINT('Ctrl Pts',(-6.52572401044848,13.3623641178399,3.));
#2397=CARTESIAN_POINT('Ctrl Pts',(-6.52572401044848,13.3623641178399,2.6));
#2398=CARTESIAN_POINT('Ctrl Pts',(-6.42278029897346,13.320171633321,3.));
#2399=CARTESIAN_POINT('Ctrl Pts',(-6.42278029897346,13.320171633321,2.6));
#2400=CARTESIAN_POINT('Ctrl Pts',(-6.13920390414915,13.2767908169378,3.));
#2401=CARTESIAN_POINT('Ctrl Pts',(-6.13920390414915,13.2767908169378,2.6));
#2402=CARTESIAN_POINT('Ctrl Pts',(-5.99751466317322,13.2782524295796,3.));
#2403=CARTESIAN_POINT('Ctrl Pts',(-5.99751466317322,13.2782524295796,2.6));
#2404=CARTESIAN_POINT('Ctrl Pts',(-5.85582542219737,13.2797140422215,3.));
#2405=CARTESIAN_POINT('Ctrl Pts',(-5.85582542219737,13.2797140422215,2.6));
#2406=CARTESIAN_POINT('',(-6.67446480873492,13.4233269852081,3.));
#2407=CARTESIAN_POINT('Ctrl Pts',(-6.67446480873492,13.4233269852081,3.));
#2408=CARTESIAN_POINT('Ctrl Pts',(-6.52572401044848,13.3623641178399,3.));
#2409=CARTESIAN_POINT('Ctrl Pts',(-6.42278029897346,13.320171633321,3.));
#2410=CARTESIAN_POINT('Ctrl Pts',(-6.13920390414915,13.2767908169378,3.));
#2411=CARTESIAN_POINT('Ctrl Pts',(-5.99751466317322,13.2782524295796,3.));
#2412=CARTESIAN_POINT('Ctrl Pts',(-5.85582542219737,13.2797140422215,3.));
#2413=CARTESIAN_POINT('',(-6.67446480873492,13.4233269852081,2.6));
#2414=CARTESIAN_POINT('',(-6.67446480873492,13.4233269852081,3.));
#2415=CARTESIAN_POINT('Ctrl Pts',(-6.67446480873492,13.4233269852081,2.6));
#2416=CARTESIAN_POINT('Ctrl Pts',(-6.52572401044848,13.3623641178399,2.6));
#2417=CARTESIAN_POINT('Ctrl Pts',(-6.42278029897346,13.320171633321,2.6));
#2418=CARTESIAN_POINT('Ctrl Pts',(-6.13920390414915,13.2767908169378,2.6));
#2419=CARTESIAN_POINT('Ctrl Pts',(-5.99751466317322,13.2782524295796,2.6));
#2420=CARTESIAN_POINT('Ctrl Pts',(-5.85582542219737,13.2797140422215,2.6));
#2421=CARTESIAN_POINT('Ctrl Pts',(-6.8793146910771,13.7787648536331,3.));
#2422=CARTESIAN_POINT('Ctrl Pts',(-6.8793146910771,13.7787648536331,2.6));
#2423=CARTESIAN_POINT('Ctrl Pts',(-6.86779827384571,13.7007593177566,3.));
#2424=CARTESIAN_POINT('Ctrl Pts',(-6.86779827384571,13.7007593177566,2.6));
#2425=CARTESIAN_POINT('Ctrl Pts',(-6.85799723023259,13.6343727286092,3.));
#2426=CARTESIAN_POINT('Ctrl Pts',(-6.85799723023259,13.6343727286092,2.6));
#2427=CARTESIAN_POINT('Ctrl Pts',(-6.78812881997422,13.5164246584701,3.));
#2428=CARTESIAN_POINT('Ctrl Pts',(-6.78812881997422,13.5164246584701,2.6));
#2429=CARTESIAN_POINT('Ctrl Pts',(-6.73129681435458,13.4698758218391,3.));
#2430=CARTESIAN_POINT('Ctrl Pts',(-6.73129681435458,13.4698758218391,2.6));
#2431=CARTESIAN_POINT('Ctrl Pts',(-6.67446480873492,13.4233269852081,3.));
#2432=CARTESIAN_POINT('Ctrl Pts',(-6.67446480873492,13.4233269852081,2.6));
#2433=CARTESIAN_POINT('',(-6.8793146910771,13.7787648536331,3.));
#2434=CARTESIAN_POINT('Ctrl Pts',(-6.8793146910771,13.7787648536331,3.));
#2435=CARTESIAN_POINT('Ctrl Pts',(-6.86779827384571,13.7007593177566,3.));
#2436=CARTESIAN_POINT('Ctrl Pts',(-6.85799723023259,13.6343727286092,3.));
#2437=CARTESIAN_POINT('Ctrl Pts',(-6.78812881997422,13.5164246584701,3.));
#2438=CARTESIAN_POINT('Ctrl Pts',(-6.73129681435458,13.4698758218391,3.));
#2439=CARTESIAN_POINT('Ctrl Pts',(-6.67446480873492,13.4233269852081,3.));
#2440=CARTESIAN_POINT('',(-6.8793146910771,13.7787648536331,2.6));
#2441=CARTESIAN_POINT('',(-6.8793146910771,13.7787648536331,3.));
#2442=CARTESIAN_POINT('Ctrl Pts',(-6.8793146910771,13.7787648536331,2.6));
#2443=CARTESIAN_POINT('Ctrl Pts',(-6.86779827384571,13.7007593177566,2.6));
#2444=CARTESIAN_POINT('Ctrl Pts',(-6.85799723023259,13.6343727286092,2.6));
#2445=CARTESIAN_POINT('Ctrl Pts',(-6.78812881997422,13.5164246584701,2.6));
#2446=CARTESIAN_POINT('Ctrl Pts',(-6.73129681435458,13.4698758218391,2.6));
#2447=CARTESIAN_POINT('Ctrl Pts',(-6.67446480873492,13.4233269852081,2.6));
#2448=CARTESIAN_POINT('Ctrl Pts',(-6.67574020819201,14.1344449315651,3.));
#2449=CARTESIAN_POINT('Ctrl Pts',(-6.67574020819201,14.1344449315651,2.6));
#2450=CARTESIAN_POINT('Ctrl Pts',(-6.73232774793912,14.0877564177161,3.));
#2451=CARTESIAN_POINT('Ctrl Pts',(-6.73232774793912,14.0877564177161,2.6));
#2452=CARTESIAN_POINT('Ctrl Pts',(-6.78891528768624,14.0410679038671,3.));
#2453=CARTESIAN_POINT('Ctrl Pts',(-6.78891528768624,14.0410679038671,2.6));
#2454=CARTESIAN_POINT('Ctrl Pts',(-6.85832733982318,13.9230284766623,3.));
#2455=CARTESIAN_POINT('Ctrl Pts',(-6.85832733982318,13.9230284766623,2.6));
#2456=CARTESIAN_POINT('Ctrl Pts',(-6.86798811550858,13.8566218832439,3.));
#2457=CARTESIAN_POINT('Ctrl Pts',(-6.86798811550858,13.8566218832439,2.6));
#2458=CARTESIAN_POINT('Ctrl Pts',(-6.8793146910771,13.7787648536331,3.));
#2459=CARTESIAN_POINT('Ctrl Pts',(-6.8793146910771,13.7787648536331,2.6));
#2460=CARTESIAN_POINT('',(-6.67574020819201,14.1344449315651,3.));
#2461=CARTESIAN_POINT('Ctrl Pts',(-6.67574020819201,14.1344449315651,3.));
#2462=CARTESIAN_POINT('Ctrl Pts',(-6.73232774793912,14.0877564177161,3.));
#2463=CARTESIAN_POINT('Ctrl Pts',(-6.78891528768624,14.0410679038671,3.));
#2464=CARTESIAN_POINT('Ctrl Pts',(-6.85832733982318,13.9230284766623,3.));
#2465=CARTESIAN_POINT('Ctrl Pts',(-6.86798811550858,13.8566218832439,3.));
#2466=CARTESIAN_POINT('Ctrl Pts',(-6.8793146910771,13.7787648536331,3.));
#2467=CARTESIAN_POINT('',(-6.67574020819201,14.1344449315651,2.6));
#2468=CARTESIAN_POINT('',(-6.67574020819201,14.1344449315651,3.));
#2469=CARTESIAN_POINT('Ctrl Pts',(-6.67574020819201,14.1344449315651,2.6));
#2470=CARTESIAN_POINT('Ctrl Pts',(-6.73232774793912,14.0877564177161,2.6));
#2471=CARTESIAN_POINT('Ctrl Pts',(-6.78891528768624,14.0410679038671,2.6));
#2472=CARTESIAN_POINT('Ctrl Pts',(-6.85832733982318,13.9230284766623,2.6));
#2473=CARTESIAN_POINT('Ctrl Pts',(-6.86798811550858,13.8566218832439,2.6));
#2474=CARTESIAN_POINT('Ctrl Pts',(-6.8793146910771,13.7787648536331,2.6));
#2475=CARTESIAN_POINT('Ctrl Pts',(-5.85641951017438,14.2790322269132,3.));
#2476=CARTESIAN_POINT('Ctrl Pts',(-5.85641951017438,14.2790322269132,2.6));
#2477=CARTESIAN_POINT('Ctrl Pts',(-5.9982635834967,14.2803738014606,3.));
#2478=CARTESIAN_POINT('Ctrl Pts',(-5.9982635834967,14.2803738014606,2.6));
#2479=CARTESIAN_POINT('Ctrl Pts',(-6.14010765681901,14.2817153760079,3.));
#2480=CARTESIAN_POINT('Ctrl Pts',(-6.14010765681901,14.2817153760079,2.6));
#2481=CARTESIAN_POINT('Ctrl Pts',(-6.42402627994033,14.2380217838129,3.));
#2482=CARTESIAN_POINT('Ctrl Pts',(-6.42402627994033,14.2380217838129,2.6));
#2483=CARTESIAN_POINT('Ctrl Pts',(-6.52696481826763,14.1956639776756,3.));
#2484=CARTESIAN_POINT('Ctrl Pts',(-6.52696481826763,14.1956639776756,2.6));
#2485=CARTESIAN_POINT('Ctrl Pts',(-6.67574020819201,14.1344449315651,3.));
#2486=CARTESIAN_POINT('Ctrl Pts',(-6.67574020819201,14.1344449315651,2.6));
#2487=CARTESIAN_POINT('Ctrl Pts',(-5.85641951017438,14.2790322269132,3.));
#2488=CARTESIAN_POINT('Ctrl Pts',(-5.9982635834967,14.2803738014606,3.));
#2489=CARTESIAN_POINT('Ctrl Pts',(-6.14010765681901,14.2817153760079,3.));
#2490=CARTESIAN_POINT('Ctrl Pts',(-6.42402627994033,14.2380217838129,3.));
#2491=CARTESIAN_POINT('Ctrl Pts',(-6.52696481826763,14.1956639776756,3.));
#2492=CARTESIAN_POINT('Ctrl Pts',(-6.67574020819201,14.1344449315651,3.));
#2493=CARTESIAN_POINT('Ctrl Pts',(-5.85641951017438,14.2790322269132,2.6));
#2494=CARTESIAN_POINT('Ctrl Pts',(-5.9982635834967,14.2803738014606,2.6));
#2495=CARTESIAN_POINT('Ctrl Pts',(-6.14010765681901,14.2817153760079,2.6));
#2496=CARTESIAN_POINT('Ctrl Pts',(-6.42402627994033,14.2380217838129,2.6));
#2497=CARTESIAN_POINT('Ctrl Pts',(-6.52696481826763,14.1956639776756,2.6));
#2498=CARTESIAN_POINT('Ctrl Pts',(-6.67574020819201,14.1344449315651,2.6));
#2499=CARTESIAN_POINT('Ctrl Pts',(-6.87283113273792,14.3466407366295,3.));
#2500=CARTESIAN_POINT('Ctrl Pts',(-6.87283113273792,14.3466407366295,2.6));
#2501=CARTESIAN_POINT('Ctrl Pts',(-6.69271961576352,14.4431413483109,3.));
#2502=CARTESIAN_POINT('Ctrl Pts',(-6.69271961576352,14.4431413483109,2.6));
#2503=CARTESIAN_POINT('Ctrl Pts',(-6.56289272700805,14.5127003325893,3.));
#2504=CARTESIAN_POINT('Ctrl Pts',(-6.56289272700805,14.5127003325893,2.6));
#2505=CARTESIAN_POINT('Ctrl Pts',(-6.2164450080426,14.5900186864648,3.));
#2506=CARTESIAN_POINT('Ctrl Pts',(-6.2164450080426,14.5900186864648,2.6));
#2507=CARTESIAN_POINT('Ctrl Pts',(-6.03652603559901,14.592267333073,3.));
#2508=CARTESIAN_POINT('Ctrl Pts',(-6.03652603559901,14.592267333073,2.6));
#2509=CARTESIAN_POINT('Ctrl Pts',(-5.85660706315534,14.5945159796812,3.));
#2510=CARTESIAN_POINT('Ctrl Pts',(-5.85660706315534,14.5945159796812,2.6));
#2511=CARTESIAN_POINT('',(-6.87283113273792,14.3466407366295,3.));
#2512=CARTESIAN_POINT('',(-5.85660706315534,14.5945159796812,3.));
#2513=CARTESIAN_POINT('Ctrl Pts',(-6.87283113273792,14.3466407366295,3.));
#2514=CARTESIAN_POINT('Ctrl Pts',(-6.69271961576352,14.4431413483109,3.));
#2515=CARTESIAN_POINT('Ctrl Pts',(-6.56289272700805,14.5127003325893,3.));
#2516=CARTESIAN_POINT('Ctrl Pts',(-6.2164450080426,14.5900186864648,3.));
#2517=CARTESIAN_POINT('Ctrl Pts',(-6.03652603559901,14.592267333073,3.));
#2518=CARTESIAN_POINT('Ctrl Pts',(-5.85660706315534,14.5945159796812,3.));
#2519=CARTESIAN_POINT('',(-6.87283113273792,14.3466407366295,2.6));
#2520=CARTESIAN_POINT('',(-6.87283113273792,14.3466407366295,3.));
#2521=CARTESIAN_POINT('',(-5.85660706315534,14.5945159796812,2.6));
#2522=CARTESIAN_POINT('Ctrl Pts',(-6.87283113273792,14.3466407366295,2.6));
#2523=CARTESIAN_POINT('Ctrl Pts',(-6.69271961576352,14.4431413483109,2.6));
#2524=CARTESIAN_POINT('Ctrl Pts',(-6.56289272700805,14.5127003325893,2.6));
#2525=CARTESIAN_POINT('Ctrl Pts',(-6.2164450080426,14.5900186864648,2.6));
#2526=CARTESIAN_POINT('Ctrl Pts',(-6.03652603559901,14.592267333073,2.6));
#2527=CARTESIAN_POINT('Ctrl Pts',(-5.85660706315534,14.5945159796812,2.6));
#2528=CARTESIAN_POINT('',(-5.85660706315534,14.5945159796812,3.));
#2529=CARTESIAN_POINT('Ctrl Pts',(-7.13170217012854,13.7786148109649,3.));
#2530=CARTESIAN_POINT('Ctrl Pts',(-7.13170217012854,13.7786148109649,2.6));
#2531=CARTESIAN_POINT('Ctrl Pts',(-7.12234660133622,13.8889350929115,3.));
#2532=CARTESIAN_POINT('Ctrl Pts',(-7.12234660133622,13.8889350929115,2.6));
#2533=CARTESIAN_POINT('Ctrl Pts',(-7.11299103254389,13.9992553748581,3.));
#2534=CARTESIAN_POINT('Ctrl Pts',(-7.11299103254389,13.9992553748581,2.6));
#2535=CARTESIAN_POINT('Ctrl Pts',(-7.02775941251396,14.1892284167571,3.));
#2536=CARTESIAN_POINT('Ctrl Pts',(-7.02775941251396,14.1892284167571,2.6));
#2537=CARTESIAN_POINT('Ctrl Pts',(-6.95381298747422,14.2643604606203,3.));
#2538=CARTESIAN_POINT('Ctrl Pts',(-6.95381298747422,14.2643604606203,2.6));
#2539=CARTESIAN_POINT('Ctrl Pts',(-6.87283113273792,14.3466407366295,3.));
#2540=CARTESIAN_POINT('Ctrl Pts',(-6.87283113273792,14.3466407366295,2.6));
#2541=CARTESIAN_POINT('',(-7.13170217012854,13.7786148109649,3.));
#2542=CARTESIAN_POINT('Ctrl Pts',(-7.13170217012854,13.7786148109649,3.));
#2543=CARTESIAN_POINT('Ctrl Pts',(-7.12234660133622,13.8889350929115,3.));
#2544=CARTESIAN_POINT('Ctrl Pts',(-7.11299103254389,13.9992553748581,3.));
#2545=CARTESIAN_POINT('Ctrl Pts',(-7.02775941251396,14.1892284167571,3.));
#2546=CARTESIAN_POINT('Ctrl Pts',(-6.95381298747422,14.2643604606203,3.));
#2547=CARTESIAN_POINT('Ctrl Pts',(-6.87283113273792,14.3466407366295,3.));
#2548=CARTESIAN_POINT('',(-7.13170217012854,13.7786148109649,2.6));
#2549=CARTESIAN_POINT('',(-7.13170217012854,13.7786148109649,3.));
#2550=CARTESIAN_POINT('Ctrl Pts',(-7.13170217012854,13.7786148109649,2.6));
#2551=CARTESIAN_POINT('Ctrl Pts',(-7.12234660133622,13.8889350929115,2.6));
#2552=CARTESIAN_POINT('Ctrl Pts',(-7.11299103254389,13.9992553748581,2.6));
#2553=CARTESIAN_POINT('Ctrl Pts',(-7.02775941251396,14.1892284167571,2.6));
#2554=CARTESIAN_POINT('Ctrl Pts',(-6.95381298747422,14.2643604606203,2.6));
#2555=CARTESIAN_POINT('Ctrl Pts',(-6.87283113273792,14.3466407366295,2.6));
#2556=CARTESIAN_POINT('Ctrl Pts',(-6.98392154901894,13.3242344541808,3.));
#2557=CARTESIAN_POINT('Ctrl Pts',(-6.98392154901894,13.3242344541808,2.6));
#2558=CARTESIAN_POINT('Ctrl Pts',(-7.03224777481502,13.3981068745039,3.));
#2559=CARTESIAN_POINT('Ctrl Pts',(-7.03224777481502,13.3981068745039,2.6));
#2560=CARTESIAN_POINT('Ctrl Pts',(-7.07389921875845,13.4617760918568,3.));
#2561=CARTESIAN_POINT('Ctrl Pts',(-7.07389921875845,13.4617760918568,2.6));
#2562=CARTESIAN_POINT('Ctrl Pts',(-7.12211606887782,13.6138984284268,3.));
#2563=CARTESIAN_POINT('Ctrl Pts',(-7.12211606887782,13.6138984284268,2.6));
#2564=CARTESIAN_POINT('Ctrl Pts',(-7.12690911950318,13.6962566196959,3.));
#2565=CARTESIAN_POINT('Ctrl Pts',(-7.12690911950318,13.6962566196959,2.6));
#2566=CARTESIAN_POINT('Ctrl Pts',(-7.13170217012854,13.7786148109649,3.));
#2567=CARTESIAN_POINT('Ctrl Pts',(-7.13170217012854,13.7786148109649,2.6));
#2568=CARTESIAN_POINT('',(-6.98392154901894,13.3242344541808,3.));
#2569=CARTESIAN_POINT('Ctrl Pts',(-6.98392154901894,13.3242344541808,3.));
#2570=CARTESIAN_POINT('Ctrl Pts',(-7.03224777481502,13.3981068745039,3.));
#2571=CARTESIAN_POINT('Ctrl Pts',(-7.07389921875845,13.4617760918568,3.));
#2572=CARTESIAN_POINT('Ctrl Pts',(-7.12211606887782,13.6138984284268,3.));
#2573=CARTESIAN_POINT('Ctrl Pts',(-7.12690911950318,13.6962566196959,3.));
#2574=CARTESIAN_POINT('Ctrl Pts',(-7.13170217012854,13.7786148109649,3.));
#2575=CARTESIAN_POINT('',(-6.98392154901894,13.3242344541808,2.6));
#2576=CARTESIAN_POINT('',(-6.98392154901894,13.3242344541808,3.));
#2577=CARTESIAN_POINT('Ctrl Pts',(-6.98392154901894,13.3242344541808,2.6));
#2578=CARTESIAN_POINT('Ctrl Pts',(-7.03224777481502,13.3981068745039,2.6));
#2579=CARTESIAN_POINT('Ctrl Pts',(-7.07389921875845,13.4617760918568,2.6));
#2580=CARTESIAN_POINT('Ctrl Pts',(-7.12211606887782,13.6138984284268,2.6));
#2581=CARTESIAN_POINT('Ctrl Pts',(-7.12690911950318,13.6962566196959,2.6));
#2582=CARTESIAN_POINT('Ctrl Pts',(-7.13170217012854,13.7786148109649,2.6));
#2583=CARTESIAN_POINT('Ctrl Pts',(-6.56595740936145,13.0541895283144,3.));
#2584=CARTESIAN_POINT('Ctrl Pts',(-6.56595740936145,13.0541895283144,2.6));
#2585=CARTESIAN_POINT('Ctrl Pts',(-6.64520917477947,13.0845991150322,3.));
#2586=CARTESIAN_POINT('Ctrl Pts',(-6.64520917477947,13.0845991150322,2.6));
#2587=CARTESIAN_POINT('Ctrl Pts',(-6.72446094019747,13.1150087017499,3.));
#2588=CARTESIAN_POINT('Ctrl Pts',(-6.72446094019747,13.1150087017499,2.6));
#2589=CARTESIAN_POINT('Ctrl Pts',(-6.86479084440477,13.2042732628691,3.));
#2590=CARTESIAN_POINT('Ctrl Pts',(-6.86479084440477,13.2042732628691,2.6));
#2591=CARTESIAN_POINT('Ctrl Pts',(-6.91928819579648,13.2591505274455,3.));
#2592=CARTESIAN_POINT('Ctrl Pts',(-6.91928819579648,13.2591505274455,2.6));
#2593=CARTESIAN_POINT('Ctrl Pts',(-6.98392154901894,13.3242344541808,3.));
#2594=CARTESIAN_POINT('Ctrl Pts',(-6.98392154901894,13.3242344541808,2.6));
#2595=CARTESIAN_POINT('',(-6.56595740936145,13.0541895283144,3.));
#2596=CARTESIAN_POINT('Ctrl Pts',(-6.56595740936145,13.0541895283144,3.));
#2597=CARTESIAN_POINT('Ctrl Pts',(-6.64520917477947,13.0845991150322,3.));
#2598=CARTESIAN_POINT('Ctrl Pts',(-6.72446094019747,13.1150087017499,3.));
#2599=CARTESIAN_POINT('Ctrl Pts',(-6.86479084440477,13.2042732628691,3.));
#2600=CARTESIAN_POINT('Ctrl Pts',(-6.91928819579648,13.2591505274455,3.));
#2601=CARTESIAN_POINT('Ctrl Pts',(-6.98392154901894,13.3242344541808,3.));
#2602=CARTESIAN_POINT('',(-6.56595740936145,13.0541895283144,2.6));
#2603=CARTESIAN_POINT('',(-6.56595740936145,13.0541895283144,3.));
#2604=CARTESIAN_POINT('Ctrl Pts',(-6.56595740936145,13.0541895283144,2.6));
#2605=CARTESIAN_POINT('Ctrl Pts',(-6.64520917477947,13.0845991150322,2.6));
#2606=CARTESIAN_POINT('Ctrl Pts',(-6.72446094019747,13.1150087017499,2.6));
#2607=CARTESIAN_POINT('Ctrl Pts',(-6.86479084440477,13.2042732628691,2.6));
#2608=CARTESIAN_POINT('Ctrl Pts',(-6.91928819579648,13.2591505274455,2.6));
#2609=CARTESIAN_POINT('Ctrl Pts',(-6.98392154901894,13.3242344541808,2.6));
#2610=CARTESIAN_POINT('Ctrl Pts',(-5.85563786886207,12.9642296934072,3.));
#2611=CARTESIAN_POINT('Ctrl Pts',(-5.85563786886207,12.9642296934072,2.6));
#2612=CARTESIAN_POINT('Ctrl Pts',(-5.97584070429582,12.9658035224196,3.));
#2613=CARTESIAN_POINT('Ctrl Pts',(-5.97584070429582,12.9658035224196,2.6));
#2614=CARTESIAN_POINT('Ctrl Pts',(-6.09604353972954,12.967377351432,3.));
#2615=CARTESIAN_POINT('Ctrl Pts',(-6.09604353972954,12.967377351432,2.6));
#2616=CARTESIAN_POINT('Ctrl Pts',(-6.33535864485861,12.9959149983219,3.));
#2617=CARTESIAN_POINT('Ctrl Pts',(-6.33535864485861,12.9959149983219,2.6));
#2618=CARTESIAN_POINT('Ctrl Pts',(-6.43472751350147,13.0210264690123,3.));
#2619=CARTESIAN_POINT('Ctrl Pts',(-6.43472751350147,13.0210264690123,2.6));
#2620=CARTESIAN_POINT('Ctrl Pts',(-6.56595740936145,13.0541895283144,3.));
#2621=CARTESIAN_POINT('Ctrl Pts',(-6.56595740936145,13.0541895283144,2.6));
#2622=CARTESIAN_POINT('',(-5.85563786886207,12.9642296934072,3.));
#2623=CARTESIAN_POINT('Ctrl Pts',(-5.85563786886207,12.9642296934072,3.));
#2624=CARTESIAN_POINT('Ctrl Pts',(-5.97584070429582,12.9658035224196,3.));
#2625=CARTESIAN_POINT('Ctrl Pts',(-6.09604353972954,12.967377351432,3.));
#2626=CARTESIAN_POINT('Ctrl Pts',(-6.33535864485861,12.9959149983219,3.));
#2627=CARTESIAN_POINT('Ctrl Pts',(-6.43472751350147,13.0210264690123,3.));
#2628=CARTESIAN_POINT('Ctrl Pts',(-6.56595740936145,13.0541895283144,3.));
#2629=CARTESIAN_POINT('',(-5.85563786886207,12.9642296934072,2.6));
#2630=CARTESIAN_POINT('',(-5.85563786886207,12.9642296934072,3.));
#2631=CARTESIAN_POINT('Ctrl Pts',(-5.85563786886207,12.9642296934072,2.6));
#2632=CARTESIAN_POINT('Ctrl Pts',(-5.97584070429582,12.9658035224196,2.6));
#2633=CARTESIAN_POINT('Ctrl Pts',(-6.09604353972954,12.967377351432,2.6));
#2634=CARTESIAN_POINT('Ctrl Pts',(-6.33535864485861,12.9959149983219,2.6));
#2635=CARTESIAN_POINT('Ctrl Pts',(-6.43472751350147,13.0210264690123,2.6));
#2636=CARTESIAN_POINT('Ctrl Pts',(-6.56595740936145,13.0541895283144,2.6));
#2637=CARTESIAN_POINT('Ctrl Pts',(-5.26477780260288,13.0208566910739,3.));
#2638=CARTESIAN_POINT('Ctrl Pts',(-5.26477780260288,13.0208566910739,2.6));
#2639=CARTESIAN_POINT('Ctrl Pts',(-5.37533708830608,12.9996531086345,3.));
#2640=CARTESIAN_POINT('Ctrl Pts',(-5.37533708830608,12.9996531086345,2.6));
#2641=CARTESIAN_POINT('Ctrl Pts',(-5.45744645421248,12.9839057863,3.));
#2642=CARTESIAN_POINT('Ctrl Pts',(-5.45744645421248,12.9839057863,2.6));
#2643=CARTESIAN_POINT('Ctrl Pts',(-5.65692069179612,12.9660357888291,3.));
#2644=CARTESIAN_POINT('Ctrl Pts',(-5.65692069179612,12.9660357888291,2.6));
#2645=CARTESIAN_POINT('Ctrl Pts',(-5.75627928032911,12.9651327411181,3.));
#2646=CARTESIAN_POINT('Ctrl Pts',(-5.75627928032911,12.9651327411181,2.6));
#2647=CARTESIAN_POINT('Ctrl Pts',(-5.85563786886207,12.9642296934072,3.));
#2648=CARTESIAN_POINT('Ctrl Pts',(-5.85563786886207,12.9642296934072,2.6));
#2649=CARTESIAN_POINT('',(-5.26477780260288,13.0208566910739,3.));
#2650=CARTESIAN_POINT('Ctrl Pts',(-5.26477780260288,13.0208566910739,3.));
#2651=CARTESIAN_POINT('Ctrl Pts',(-5.37533708830608,12.9996531086345,3.));
#2652=CARTESIAN_POINT('Ctrl Pts',(-5.45744645421248,12.9839057863,3.));
#2653=CARTESIAN_POINT('Ctrl Pts',(-5.65692069179612,12.9660357888291,3.));
#2654=CARTESIAN_POINT('Ctrl Pts',(-5.75627928032911,12.9651327411181,3.));
#2655=CARTESIAN_POINT('Ctrl Pts',(-5.85563786886207,12.9642296934072,3.));
#2656=CARTESIAN_POINT('',(-5.26477780260288,13.0208566910739,2.6));
#2657=CARTESIAN_POINT('',(-5.26477780260288,13.0208566910739,3.));
#2658=CARTESIAN_POINT('Ctrl Pts',(-5.26477780260288,13.0208566910739,2.6));
#2659=CARTESIAN_POINT('Ctrl Pts',(-5.37533708830608,12.9996531086345,2.6));
#2660=CARTESIAN_POINT('Ctrl Pts',(-5.45744645421248,12.9839057863,2.6));
#2661=CARTESIAN_POINT('Ctrl Pts',(-5.65692069179612,12.9660357888291,2.6));
#2662=CARTESIAN_POINT('Ctrl Pts',(-5.75627928032911,12.9651327411181,2.6));
#2663=CARTESIAN_POINT('Ctrl Pts',(-5.85563786886207,12.9642296934072,2.6));
#2664=CARTESIAN_POINT('Ctrl Pts',(-4.89311029238527,13.1762619412971,3.));
#2665=CARTESIAN_POINT('Ctrl Pts',(-4.89311029238527,13.1762619412971,2.6));
#2666=CARTESIAN_POINT('Ctrl Pts',(-4.95676824956352,13.1398948423182,3.));
#2667=CARTESIAN_POINT('Ctrl Pts',(-4.95676824956352,13.1398948423182,2.6));
#2668=CARTESIAN_POINT('Ctrl Pts',(-5.01020546417553,13.1093667424687,3.));
#2669=CARTESIAN_POINT('Ctrl Pts',(-5.01020546417553,13.1093667424687,2.6));
#2670=CARTESIAN_POINT('Ctrl Pts',(-5.1346541311813,13.0579338246403,3.));
#2671=CARTESIAN_POINT('Ctrl Pts',(-5.1346541311813,13.0579338246403,2.6));
#2672=CARTESIAN_POINT('Ctrl Pts',(-5.1997159668921,13.0393952578571,3.));
#2673=CARTESIAN_POINT('Ctrl Pts',(-5.1997159668921,13.0393952578571,2.6));
#2674=CARTESIAN_POINT('Ctrl Pts',(-5.26477780260288,13.0208566910739,3.));
#2675=CARTESIAN_POINT('Ctrl Pts',(-5.26477780260288,13.0208566910739,2.6));
#2676=CARTESIAN_POINT('',(-4.89311029238527,13.1762619412971,3.));
#2677=CARTESIAN_POINT('Ctrl Pts',(-4.89311029238527,13.1762619412971,3.));
#2678=CARTESIAN_POINT('Ctrl Pts',(-4.95676824956352,13.1398948423182,3.));
#2679=CARTESIAN_POINT('Ctrl Pts',(-5.01020546417553,13.1093667424687,3.));
#2680=CARTESIAN_POINT('Ctrl Pts',(-5.1346541311813,13.0579338246403,3.));
#2681=CARTESIAN_POINT('Ctrl Pts',(-5.1997159668921,13.0393952578571,3.));
#2682=CARTESIAN_POINT('Ctrl Pts',(-5.26477780260288,13.0208566910739,3.));
#2683=CARTESIAN_POINT('',(-4.89311029238527,13.1762619412971,2.6));
#2684=CARTESIAN_POINT('',(-4.89311029238527,13.1762619412971,3.));
#2685=CARTESIAN_POINT('Ctrl Pts',(-4.89311029238527,13.1762619412971,2.6));
#2686=CARTESIAN_POINT('Ctrl Pts',(-4.95676824956352,13.1398948423182,2.6));
#2687=CARTESIAN_POINT('Ctrl Pts',(-5.01020546417553,13.1093667424687,2.6));
#2688=CARTESIAN_POINT('Ctrl Pts',(-5.1346541311813,13.0579338246403,2.6));
#2689=CARTESIAN_POINT('Ctrl Pts',(-5.1997159668921,13.0393952578571,2.6));
#2690=CARTESIAN_POINT('Ctrl Pts',(-5.26477780260288,13.0208566910739,2.6));
#2691=CARTESIAN_POINT('Ctrl Pts',(-4.65963031468506,13.4270830226447,3.));
#2692=CARTESIAN_POINT('Ctrl Pts',(-4.65963031468506,13.4270830226447,2.6));
#2693=CARTESIAN_POINT('Ctrl Pts',(-4.69123087104905,13.376385947312,3.));
#2694=CARTESIAN_POINT('Ctrl Pts',(-4.69123087104905,13.376385947312,2.6));
#2695=CARTESIAN_POINT('Ctrl Pts',(-4.7211502433145,13.3283860117356,3.));
#2696=CARTESIAN_POINT('Ctrl Pts',(-4.7211502433145,13.3283860117356,2.6));
#2697=CARTESIAN_POINT('Ctrl Pts',(-4.79914720689334,13.2449047466347,3.));
#2698=CARTESIAN_POINT('Ctrl Pts',(-4.79914720689334,13.2449047466347,2.6));
#2699=CARTESIAN_POINT('Ctrl Pts',(-4.8461287496393,13.2105833439659,3.));
#2700=CARTESIAN_POINT('Ctrl Pts',(-4.8461287496393,13.2105833439659,2.6));
#2701=CARTESIAN_POINT('Ctrl Pts',(-4.89311029238527,13.1762619412971,3.));
#2702=CARTESIAN_POINT('Ctrl Pts',(-4.89311029238527,13.1762619412971,2.6));
#2703=CARTESIAN_POINT('',(-4.65963031468506,13.4270830226447,3.));
#2704=CARTESIAN_POINT('Ctrl Pts',(-4.65963031468506,13.4270830226447,3.));
#2705=CARTESIAN_POINT('Ctrl Pts',(-4.69123087104905,13.376385947312,3.));
#2706=CARTESIAN_POINT('Ctrl Pts',(-4.7211502433145,13.3283860117356,3.));
#2707=CARTESIAN_POINT('Ctrl Pts',(-4.79914720689334,13.2449047466347,3.));
#2708=CARTESIAN_POINT('Ctrl Pts',(-4.8461287496393,13.2105833439659,3.));
#2709=CARTESIAN_POINT('Ctrl Pts',(-4.89311029238527,13.1762619412971,3.));
#2710=CARTESIAN_POINT('',(-4.65963031468506,13.4270830226447,2.6));
#2711=CARTESIAN_POINT('',(-4.65963031468506,13.4270830226447,3.));
#2712=CARTESIAN_POINT('Ctrl Pts',(-4.65963031468506,13.4270830226447,2.6));
#2713=CARTESIAN_POINT('Ctrl Pts',(-4.69123087104905,13.376385947312,2.6));
#2714=CARTESIAN_POINT('Ctrl Pts',(-4.7211502433145,13.3283860117356,2.6));
#2715=CARTESIAN_POINT('Ctrl Pts',(-4.79914720689334,13.2449047466347,2.6));
#2716=CARTESIAN_POINT('Ctrl Pts',(-4.8461287496393,13.2105833439659,2.6));
#2717=CARTESIAN_POINT('Ctrl Pts',(-4.89311029238527,13.1762619412971,2.6));
#2718=CARTESIAN_POINT('Ctrl Pts',(-4.57883777168069,13.7801324717753,3.));
#2719=CARTESIAN_POINT('Ctrl Pts',(-4.57883777168069,13.7801324717753,2.6));
#2720=CARTESIAN_POINT('Ctrl Pts',(-4.58147932830318,13.7187558798904,3.));
#2721=CARTESIAN_POINT('Ctrl Pts',(-4.58147932830318,13.7187558798904,2.6));
#2722=CARTESIAN_POINT('Ctrl Pts',(-4.58412088492568,13.6573792880055,3.));
#2723=CARTESIAN_POINT('Ctrl Pts',(-4.58412088492568,13.6573792880055,2.6));
#2724=CARTESIAN_POINT('Ctrl Pts',(-4.61052933220949,13.5393820406247,3.));
#2725=CARTESIAN_POINT('Ctrl Pts',(-4.61052933220949,13.5393820406247,2.6));
#2726=CARTESIAN_POINT('Ctrl Pts',(-4.63339932408216,13.4870760072415,3.));
#2727=CARTESIAN_POINT('Ctrl Pts',(-4.63339932408216,13.4870760072415,2.6));
#2728=CARTESIAN_POINT('Ctrl Pts',(-4.65963031468506,13.4270830226447,3.));
#2729=CARTESIAN_POINT('Ctrl Pts',(-4.65963031468506,13.4270830226447,2.6));
#2730=CARTESIAN_POINT('',(-4.57883777168069,13.7801324717753,3.));
#2731=CARTESIAN_POINT('Ctrl Pts',(-4.57883777168069,13.7801324717753,3.));
#2732=CARTESIAN_POINT('Ctrl Pts',(-4.58147932830318,13.7187558798904,3.));
#2733=CARTESIAN_POINT('Ctrl Pts',(-4.58412088492568,13.6573792880055,3.));
#2734=CARTESIAN_POINT('Ctrl Pts',(-4.61052933220949,13.5393820406247,3.));
#2735=CARTESIAN_POINT('Ctrl Pts',(-4.63339932408216,13.4870760072415,3.));
#2736=CARTESIAN_POINT('Ctrl Pts',(-4.65963031468506,13.4270830226447,3.));
#2737=CARTESIAN_POINT('',(-4.57883777168069,13.7801324717753,2.6));
#2738=CARTESIAN_POINT('',(-4.57883777168069,13.7801324717753,3.));
#2739=CARTESIAN_POINT('Ctrl Pts',(-4.57883777168069,13.7801324717753,2.6));
#2740=CARTESIAN_POINT('Ctrl Pts',(-4.58147932830318,13.7187558798904,2.6));
#2741=CARTESIAN_POINT('Ctrl Pts',(-4.58412088492568,13.6573792880055,2.6));
#2742=CARTESIAN_POINT('Ctrl Pts',(-4.61052933220949,13.5393820406247,2.6));
#2743=CARTESIAN_POINT('Ctrl Pts',(-4.63339932408216,13.4870760072415,2.6));
#2744=CARTESIAN_POINT('Ctrl Pts',(-4.65963031468506,13.4270830226447,2.6));
#2745=CARTESIAN_POINT('Ctrl Pts',(-4.7257642873257,14.2328074510844,3.));
#2746=CARTESIAN_POINT('Ctrl Pts',(-4.7257642873257,14.2328074510844,2.6));
#2747=CARTESIAN_POINT('Ctrl Pts',(-4.67783189447149,14.1592531999087,3.));
#2748=CARTESIAN_POINT('Ctrl Pts',(-4.67783189447149,14.1592531999087,2.6));
#2749=CARTESIAN_POINT('Ctrl Pts',(-4.63639870939626,14.0956722534847,3.));
#2750=CARTESIAN_POINT('Ctrl Pts',(-4.63639870939626,14.0956722534847,2.6));
#2751=CARTESIAN_POINT('Ctrl Pts',(-4.58843684467591,13.9441448418253,3.));
#2752=CARTESIAN_POINT('Ctrl Pts',(-4.58843684467591,13.9441448418253,2.6));
#2753=CARTESIAN_POINT('Ctrl Pts',(-4.5836373081783,13.8621386568003,3.));
#2754=CARTESIAN_POINT('Ctrl Pts',(-4.5836373081783,13.8621386568003,2.6));
#2755=CARTESIAN_POINT('Ctrl Pts',(-4.57883777168069,13.7801324717753,3.));
#2756=CARTESIAN_POINT('Ctrl Pts',(-4.57883777168069,13.7801324717753,2.6));
#2757=CARTESIAN_POINT('',(-4.7257642873257,14.2328074510844,3.));
#2758=CARTESIAN_POINT('Ctrl Pts',(-4.7257642873257,14.2328074510844,3.));
#2759=CARTESIAN_POINT('Ctrl Pts',(-4.67783189447149,14.1592531999087,3.));
#2760=CARTESIAN_POINT('Ctrl Pts',(-4.63639870939626,14.0956722534847,3.));
#2761=CARTESIAN_POINT('Ctrl Pts',(-4.58843684467591,13.9441448418253,3.));
#2762=CARTESIAN_POINT('Ctrl Pts',(-4.5836373081783,13.8621386568003,3.));
#2763=CARTESIAN_POINT('Ctrl Pts',(-4.57883777168069,13.7801324717753,3.));
#2764=CARTESIAN_POINT('',(-4.7257642873257,14.2328074510844,2.6));
#2765=CARTESIAN_POINT('',(-4.7257642873257,14.2328074510844,3.));
#2766=CARTESIAN_POINT('Ctrl Pts',(-4.7257642873257,14.2328074510844,2.6));
#2767=CARTESIAN_POINT('Ctrl Pts',(-4.67783189447149,14.1592531999087,2.6));
#2768=CARTESIAN_POINT('Ctrl Pts',(-4.63639870939626,14.0956722534847,2.6));
#2769=CARTESIAN_POINT('Ctrl Pts',(-4.58843684467591,13.9441448418253,2.6));
#2770=CARTESIAN_POINT('Ctrl Pts',(-4.5836373081783,13.8621386568003,2.6));
#2771=CARTESIAN_POINT('Ctrl Pts',(-4.57883777168069,13.7801324717753,2.6));
#2772=CARTESIAN_POINT('Ctrl Pts',(-5.14287628975885,14.5037058261582,3.));
#2773=CARTESIAN_POINT('Ctrl Pts',(-5.14287628975885,14.5037058261582,2.6));
#2774=CARTESIAN_POINT('Ctrl Pts',(-5.06374032115043,14.4731147366226,3.));
#2775=CARTESIAN_POINT('Ctrl Pts',(-5.06374032115043,14.4731147366226,2.6));
#2776=CARTESIAN_POINT('Ctrl Pts',(-4.98460435254201,14.442523647087,3.));
#2777=CARTESIAN_POINT('Ctrl Pts',(-4.98460435254201,14.442523647087,2.6));
#2778=CARTESIAN_POINT('Ctrl Pts',(-4.8445366009506,14.3529788491601,3.));
#2779=CARTESIAN_POINT('Ctrl Pts',(-4.8445366009506,14.3529788491601,2.6));
#2780=CARTESIAN_POINT('Ctrl Pts',(-4.79026574804705,14.2980687100112,3.));
#2781=CARTESIAN_POINT('Ctrl Pts',(-4.79026574804705,14.2980687100112,2.6));
#2782=CARTESIAN_POINT('Ctrl Pts',(-4.7257642873257,14.2328074510844,3.));
#2783=CARTESIAN_POINT('Ctrl Pts',(-4.7257642873257,14.2328074510844,2.6));
#2784=CARTESIAN_POINT('',(-5.14287628975885,14.5037058261582,3.));
#2785=CARTESIAN_POINT('Ctrl Pts',(-5.14287628975885,14.5037058261582,3.));
#2786=CARTESIAN_POINT('Ctrl Pts',(-5.06374032115043,14.4731147366226,3.));
#2787=CARTESIAN_POINT('Ctrl Pts',(-4.98460435254201,14.442523647087,3.));
#2788=CARTESIAN_POINT('Ctrl Pts',(-4.8445366009506,14.3529788491601,3.));
#2789=CARTESIAN_POINT('Ctrl Pts',(-4.79026574804705,14.2980687100112,3.));
#2790=CARTESIAN_POINT('Ctrl Pts',(-4.7257642873257,14.2328074510844,3.));
#2791=CARTESIAN_POINT('',(-5.14287628975885,14.5037058261582,2.6));
#2792=CARTESIAN_POINT('',(-5.14287628975885,14.5037058261582,3.));
#2793=CARTESIAN_POINT('Ctrl Pts',(-5.14287628975885,14.5037058261582,2.6));
#2794=CARTESIAN_POINT('Ctrl Pts',(-5.06374032115043,14.4731147366226,2.6));
#2795=CARTESIAN_POINT('Ctrl Pts',(-4.98460435254201,14.442523647087,2.6));
#2796=CARTESIAN_POINT('Ctrl Pts',(-4.8445366009506,14.3529788491601,2.6));
#2797=CARTESIAN_POINT('Ctrl Pts',(-4.79026574804705,14.2980687100112,2.6));
#2798=CARTESIAN_POINT('Ctrl Pts',(-4.7257642873257,14.2328074510844,2.6));
#2799=CARTESIAN_POINT('Ctrl Pts',(-5.85660706315534,14.5945159796812,3.));
#2800=CARTESIAN_POINT('Ctrl Pts',(-5.85660706315534,14.5945159796812,2.6));
#2801=CARTESIAN_POINT('Ctrl Pts',(-5.73580312954018,14.5929616679872,3.));
#2802=CARTESIAN_POINT('Ctrl Pts',(-5.73580312954018,14.5929616679872,2.6));
#2803=CARTESIAN_POINT('Ctrl Pts',(-5.61499919592508,14.5914073562932,3.));
#2804=CARTESIAN_POINT('Ctrl Pts',(-5.61499919592508,14.5914073562932,2.6));
#2805=CARTESIAN_POINT('Ctrl Pts',(-5.37446295306495,14.5626205006329,3.));
#2806=CARTESIAN_POINT('Ctrl Pts',(-5.37446295306495,14.5626205006329,2.6));
#2807=CARTESIAN_POINT('Ctrl Pts',(-5.27480772611061,14.5372686294504,3.));
#2808=CARTESIAN_POINT('Ctrl Pts',(-5.27480772611061,14.5372686294504,2.6));
#2809=CARTESIAN_POINT('Ctrl Pts',(-5.14287628975885,14.5037058261582,3.));
#2810=CARTESIAN_POINT('Ctrl Pts',(-5.14287628975885,14.5037058261582,2.6));
#2811=CARTESIAN_POINT('Ctrl Pts',(-5.85660706315534,14.5945159796812,3.));
#2812=CARTESIAN_POINT('Ctrl Pts',(-5.73580312954018,14.5929616679872,3.));
#2813=CARTESIAN_POINT('Ctrl Pts',(-5.61499919592508,14.5914073562932,3.));
#2814=CARTESIAN_POINT('Ctrl Pts',(-5.37446295306495,14.5626205006329,3.));
#2815=CARTESIAN_POINT('Ctrl Pts',(-5.27480772611061,14.5372686294504,3.));
#2816=CARTESIAN_POINT('Ctrl Pts',(-5.14287628975885,14.5037058261582,3.));
#2817=CARTESIAN_POINT('Ctrl Pts',(-5.85660706315534,14.5945159796812,2.6));
#2818=CARTESIAN_POINT('Ctrl Pts',(-5.73580312954018,14.5929616679872,2.6));
#2819=CARTESIAN_POINT('Ctrl Pts',(-5.61499919592508,14.5914073562932,2.6));
#2820=CARTESIAN_POINT('Ctrl Pts',(-5.37446295306495,14.5626205006329,2.6));
#2821=CARTESIAN_POINT('Ctrl Pts',(-5.27480772611061,14.5372686294504,2.6));
#2822=CARTESIAN_POINT('Ctrl Pts',(-5.14287628975885,14.5037058261582,2.6));
#2823=CARTESIAN_POINT('Origin',(-5.8544133087897,14.0004419537733,2.6));
#2824=CARTESIAN_POINT('Origin',(-7.08808871516016,12.1295950993001,3.));
#2825=CARTESIAN_POINT('',(-7.08808871516016,12.1295950993001,3.));
#2826=CARTESIAN_POINT('',(-7.08829654450298,12.4791858158744,3.));
#2827=CARTESIAN_POINT('',(-7.08567214303693,8.06466774713185,3.));
#2828=CARTESIAN_POINT('',(-7.08808871516016,12.1295950993001,2.6));
#2829=CARTESIAN_POINT('',(-7.08808871516016,12.1295950993001,3.));
#2830=CARTESIAN_POINT('',(-7.08829654450298,12.4791858158744,2.6));
#2831=CARTESIAN_POINT('',(-7.08874851460197,13.2394468484651,2.6));
#2832=CARTESIAN_POINT('',(-7.08829654450298,12.4791858158744,3.));
#2833=CARTESIAN_POINT('Origin',(-6.7384979985859,12.1298029286429,3.));
#2834=CARTESIAN_POINT('',(-6.7384979985859,12.1298029286429,3.));
#2835=CARTESIAN_POINT('',(-7.46856363573684,12.1293689095046,3.));
#2836=CARTESIAN_POINT('',(-6.7384979985859,12.1298029286429,2.6));
#2837=CARTESIAN_POINT('',(-6.7384979985859,12.1298029286429,3.));
#2838=CARTESIAN_POINT('',(-6.47069512720456,12.1299621356588,2.6));
#2839=CARTESIAN_POINT('Origin',(-6.73870582792872,12.4793936452172,3.));
#2840=CARTESIAN_POINT('',(-6.73870582792872,12.4793936452172,3.));
#2841=CARTESIAN_POINT('',(-6.73618534113409,8.23967093476179,3.));
#2842=CARTESIAN_POINT('',(-6.73870582792872,12.4793936452172,2.6));
#2843=CARTESIAN_POINT('',(-6.73870582792872,12.4793936452172,3.));
#2844=CARTESIAN_POINT('',(-6.7390538833563,13.0648593195208,2.6));
#2845=CARTESIAN_POINT('Origin',(-7.08829654450298,12.4791858158744,3.));
#2846=CARTESIAN_POINT('',(-7.64356682336678,12.4788557114074,3.));
#2847=CARTESIAN_POINT('',(-6.29610759826025,12.4796567669044,2.6));
#2848=CARTESIAN_POINT('Origin',(-5.8544133087897,14.0004419537733,2.6));
#2849=CARTESIAN_POINT('Ctrl Pts',(-6.93590019720892,11.4313568367188,3.));
#2850=CARTESIAN_POINT('Ctrl Pts',(-6.93590019720892,11.4313568367188,2.6));
#2851=CARTESIAN_POINT('Ctrl Pts',(-6.86090158465537,11.4997201503034,3.));
#2852=CARTESIAN_POINT('Ctrl Pts',(-6.86090158465537,11.4997201503034,2.6));
#2853=CARTESIAN_POINT('Ctrl Pts',(-6.79096224680486,11.5634717948016,3.));
#2854=CARTESIAN_POINT('Ctrl Pts',(-6.79096224680486,11.5634717948016,2.6));
#2855=CARTESIAN_POINT('Ctrl Pts',(-6.62125955214613,11.6457056847889,3.));
#2856=CARTESIAN_POINT('Ctrl Pts',(-6.62125955214613,11.6457056847889,2.6));
#2857=CARTESIAN_POINT('Ctrl Pts',(-6.5245608610576,11.6627442969867,3.));
#2858=CARTESIAN_POINT('Ctrl Pts',(-6.5245608610576,11.6627442969867,2.6));
#2859=CARTESIAN_POINT('Ctrl Pts',(-6.42786216996909,11.6797829091846,3.));
#2860=CARTESIAN_POINT('Ctrl Pts',(-6.42786216996909,11.6797829091846,2.6));
#2861=CARTESIAN_POINT('',(-6.93590019720892,11.4313568367188,3.));
#2862=CARTESIAN_POINT('',(-6.42786216996909,11.6797829091846,3.));
#2863=CARTESIAN_POINT('Ctrl Pts',(-6.93590019720892,11.4313568367188,3.));
#2864=CARTESIAN_POINT('Ctrl Pts',(-6.86090158465537,11.4997201503034,3.));
#2865=CARTESIAN_POINT('Ctrl Pts',(-6.79096224680486,11.5634717948016,3.));
#2866=CARTESIAN_POINT('Ctrl Pts',(-6.62125955214613,11.6457056847889,3.));
#2867=CARTESIAN_POINT('Ctrl Pts',(-6.5245608610576,11.6627442969867,3.));
#2868=CARTESIAN_POINT('Ctrl Pts',(-6.42786216996909,11.6797829091846,3.));
#2869=CARTESIAN_POINT('',(-6.93590019720892,11.4313568367188,2.6));
#2870=CARTESIAN_POINT('',(-6.93590019720892,11.4313568367188,3.));
#2871=CARTESIAN_POINT('',(-6.42786216996909,11.6797829091846,2.6));
#2872=CARTESIAN_POINT('Ctrl Pts',(-6.93590019720892,11.4313568367188,2.6));
#2873=CARTESIAN_POINT('Ctrl Pts',(-6.86090158465537,11.4997201503034,2.6));
#2874=CARTESIAN_POINT('Ctrl Pts',(-6.79096224680486,11.5634717948016,2.6));
#2875=CARTESIAN_POINT('Ctrl Pts',(-6.62125955214613,11.6457056847889,2.6));
#2876=CARTESIAN_POINT('Ctrl Pts',(-6.5245608610576,11.6627442969867,2.6));
#2877=CARTESIAN_POINT('Ctrl Pts',(-6.42786216996909,11.6797829091846,2.6));
#2878=CARTESIAN_POINT('',(-6.42786216996909,11.6797829091846,3.));
#2879=CARTESIAN_POINT('Ctrl Pts',(-7.13168703765144,10.8846854231117,3.));
#2880=CARTESIAN_POINT('Ctrl Pts',(-7.13168703765144,10.8846854231117,2.6));
#2881=CARTESIAN_POINT('Ctrl Pts',(-7.12490569984103,10.98523627048,3.));
#2882=CARTESIAN_POINT('Ctrl Pts',(-7.12490569984103,10.98523627048,2.6));
#2883=CARTESIAN_POINT('Ctrl Pts',(-7.11812436203063,11.0857871178482,3.));
#2884=CARTESIAN_POINT('Ctrl Pts',(-7.11812436203063,11.0857871178482,2.6));
#2885=CARTESIAN_POINT('Ctrl Pts',(-7.05387211834703,11.26858182495,3.));
#2886=CARTESIAN_POINT('Ctrl Pts',(-7.05387211834703,11.26858182495,2.6));
#2887=CARTESIAN_POINT('Ctrl Pts',(-6.99819464536411,11.3454043538418,3.));
#2888=CARTESIAN_POINT('Ctrl Pts',(-6.99819464536411,11.3454043538418,2.6));
#2889=CARTESIAN_POINT('Ctrl Pts',(-6.93590019720892,11.4313568367188,3.));
#2890=CARTESIAN_POINT('Ctrl Pts',(-6.93590019720892,11.4313568367188,2.6));
#2891=CARTESIAN_POINT('',(-7.13168703765144,10.8846854231117,3.));
#2892=CARTESIAN_POINT('Ctrl Pts',(-7.13168703765144,10.8846854231117,3.));
#2893=CARTESIAN_POINT('Ctrl Pts',(-7.12490569984103,10.98523627048,3.));
#2894=CARTESIAN_POINT('Ctrl Pts',(-7.11812436203063,11.0857871178482,3.));
#2895=CARTESIAN_POINT('Ctrl Pts',(-7.05387211834703,11.26858182495,3.));
#2896=CARTESIAN_POINT('Ctrl Pts',(-6.99819464536411,11.3454043538418,3.));
#2897=CARTESIAN_POINT('Ctrl Pts',(-6.93590019720892,11.4313568367188,3.));
#2898=CARTESIAN_POINT('',(-7.13168703765144,10.8846854231117,2.6));
#2899=CARTESIAN_POINT('',(-7.13168703765144,10.8846854231117,3.));
#2900=CARTESIAN_POINT('Ctrl Pts',(-7.13168703765144,10.8846854231117,2.6));
#2901=CARTESIAN_POINT('Ctrl Pts',(-7.12490569984103,10.98523627048,2.6));
#2902=CARTESIAN_POINT('Ctrl Pts',(-7.11812436203063,11.0857871178482,2.6));
#2903=CARTESIAN_POINT('Ctrl Pts',(-7.05387211834703,11.26858182495,2.6));
#2904=CARTESIAN_POINT('Ctrl Pts',(-6.99819464536411,11.3454043538418,2.6));
#2905=CARTESIAN_POINT('Ctrl Pts',(-6.93590019720892,11.4313568367188,2.6));
#2906=CARTESIAN_POINT('Ctrl Pts',(-6.90366795299064,10.2811366853193,3.));
#2907=CARTESIAN_POINT('Ctrl Pts',(-6.90366795299064,10.2811366853193,2.6));
#2908=CARTESIAN_POINT('Ctrl Pts',(-6.97537298463013,10.3744144820355,3.));
#2909=CARTESIAN_POINT('Ctrl Pts',(-6.97537298463013,10.3744144820355,2.6));
#2910=CARTESIAN_POINT('Ctrl Pts',(-7.04028673550354,10.4588578121563,3.));
#2911=CARTESIAN_POINT('Ctrl Pts',(-7.04028673550354,10.4588578121563,2.6));
#2912=CARTESIAN_POINT('Ctrl Pts',(-7.11526754929818,10.6606073465412,3.));
#2913=CARTESIAN_POINT('Ctrl Pts',(-7.11526754929818,10.6606073465412,2.6));
#2914=CARTESIAN_POINT('Ctrl Pts',(-7.12347729347481,10.7726463848265,3.));
#2915=CARTESIAN_POINT('Ctrl Pts',(-7.12347729347481,10.7726463848265,2.6));
#2916=CARTESIAN_POINT('Ctrl Pts',(-7.13168703765144,10.8846854231117,3.));
#2917=CARTESIAN_POINT('Ctrl Pts',(-7.13168703765144,10.8846854231117,2.6));
#2918=CARTESIAN_POINT('',(-6.90366795299064,10.2811366853193,3.));
#2919=CARTESIAN_POINT('Ctrl Pts',(-6.90366795299064,10.2811366853193,3.));
#2920=CARTESIAN_POINT('Ctrl Pts',(-6.97537298463013,10.3744144820355,3.));
#2921=CARTESIAN_POINT('Ctrl Pts',(-7.04028673550354,10.4588578121563,3.));
#2922=CARTESIAN_POINT('Ctrl Pts',(-7.11526754929818,10.6606073465412,3.));
#2923=CARTESIAN_POINT('Ctrl Pts',(-7.12347729347481,10.7726463848265,3.));
#2924=CARTESIAN_POINT('Ctrl Pts',(-7.13168703765144,10.8846854231117,3.));
#2925=CARTESIAN_POINT('',(-6.90366795299064,10.2811366853193,2.6));
#2926=CARTESIAN_POINT('',(-6.90366795299064,10.2811366853193,3.));
#2927=CARTESIAN_POINT('Ctrl Pts',(-6.90366795299064,10.2811366853193,2.6));
#2928=CARTESIAN_POINT('Ctrl Pts',(-6.97537298463013,10.3744144820355,2.6));
#2929=CARTESIAN_POINT('Ctrl Pts',(-7.04028673550354,10.4588578121563,2.6));
#2930=CARTESIAN_POINT('Ctrl Pts',(-7.11526754929818,10.6606073465412,2.6));
#2931=CARTESIAN_POINT('Ctrl Pts',(-7.12347729347481,10.7726463848265,2.6));
#2932=CARTESIAN_POINT('Ctrl Pts',(-7.13168703765144,10.8846854231117,2.6));
#2933=CARTESIAN_POINT('Ctrl Pts',(-6.34844415584238,10.0427226995024,3.));
#2934=CARTESIAN_POINT('Ctrl Pts',(-6.34844415584238,10.0427226995024,2.6));
#2935=CARTESIAN_POINT('Ctrl Pts',(-6.45418086762237,10.0527553136644,3.));
#2936=CARTESIAN_POINT('Ctrl Pts',(-6.45418086762237,10.0527553136644,2.6));
#2937=CARTESIAN_POINT('Ctrl Pts',(-6.55903091248108,10.0627037982279,3.));
#2938=CARTESIAN_POINT('Ctrl Pts',(-6.55903091248108,10.0627037982279,2.6));
#2939=CARTESIAN_POINT('Ctrl Pts',(-6.74407033362855,10.1422594515673,3.));
#2940=CARTESIAN_POINT('Ctrl Pts',(-6.74407033362855,10.1422594515673,2.6));
#2941=CARTESIAN_POINT('Ctrl Pts',(-6.8238691433096,10.2116980684433,3.));
#2942=CARTESIAN_POINT('Ctrl Pts',(-6.8238691433096,10.2116980684433,2.6));
#2943=CARTESIAN_POINT('Ctrl Pts',(-6.90366795299064,10.2811366853193,3.));
#2944=CARTESIAN_POINT('Ctrl Pts',(-6.90366795299064,10.2811366853193,2.6));
#2945=CARTESIAN_POINT('',(-6.34844415584238,10.0427226995024,3.));
#2946=CARTESIAN_POINT('Ctrl Pts',(-6.34844415584238,10.0427226995024,3.));
#2947=CARTESIAN_POINT('Ctrl Pts',(-6.45418086762237,10.0527553136644,3.));
#2948=CARTESIAN_POINT('Ctrl Pts',(-6.55903091248108,10.0627037982279,3.));
#2949=CARTESIAN_POINT('Ctrl Pts',(-6.74407033362855,10.1422594515673,3.));
#2950=CARTESIAN_POINT('Ctrl Pts',(-6.8238691433096,10.2116980684433,3.));
#2951=CARTESIAN_POINT('Ctrl Pts',(-6.90366795299064,10.2811366853193,3.));
#2952=CARTESIAN_POINT('',(-6.34844415584238,10.0427226995024,2.6));
#2953=CARTESIAN_POINT('',(-6.34844415584238,10.0427226995024,3.));
#2954=CARTESIAN_POINT('Ctrl Pts',(-6.34844415584238,10.0427226995024,2.6));
#2955=CARTESIAN_POINT('Ctrl Pts',(-6.45418086762237,10.0527553136644,2.6));
#2956=CARTESIAN_POINT('Ctrl Pts',(-6.55903091248108,10.0627037982279,2.6));
#2957=CARTESIAN_POINT('Ctrl Pts',(-6.74407033362855,10.1422594515673,2.6));
#2958=CARTESIAN_POINT('Ctrl Pts',(-6.8238691433096,10.2116980684433,2.6));
#2959=CARTESIAN_POINT('Ctrl Pts',(-6.90366795299064,10.2811366853193,2.6));
#2960=CARTESIAN_POINT('Ctrl Pts',(-5.94520894851847,10.1657456258849,3.));
#2961=CARTESIAN_POINT('Ctrl Pts',(-5.94520894851847,10.1657456258849,2.6));
#2962=CARTESIAN_POINT('Ctrl Pts',(-6.01172744798239,10.1252543529314,3.));
#2963=CARTESIAN_POINT('Ctrl Pts',(-6.01172744798239,10.1252543529314,2.6));
#2964=CARTESIAN_POINT('Ctrl Pts',(-6.06860256938012,10.0906332162051,3.));
#2965=CARTESIAN_POINT('Ctrl Pts',(-6.06860256938012,10.0906332162051,2.6));
#2966=CARTESIAN_POINT('Ctrl Pts',(-6.20361553854204,10.050548795084,3.));
#2967=CARTESIAN_POINT('Ctrl Pts',(-6.20361553854204,10.050548795084,2.6));
#2968=CARTESIAN_POINT('Ctrl Pts',(-6.27602984719219,10.0466357472932,3.));
#2969=CARTESIAN_POINT('Ctrl Pts',(-6.27602984719219,10.0466357472932,2.6));
#2970=CARTESIAN_POINT('Ctrl Pts',(-6.34844415584238,10.0427226995024,3.));
#2971=CARTESIAN_POINT('Ctrl Pts',(-6.34844415584238,10.0427226995024,2.6));
#2972=CARTESIAN_POINT('',(-5.94520894851847,10.1657456258849,3.));
#2973=CARTESIAN_POINT('Ctrl Pts',(-5.94520894851847,10.1657456258849,3.));
#2974=CARTESIAN_POINT('Ctrl Pts',(-6.01172744798239,10.1252543529314,3.));
#2975=CARTESIAN_POINT('Ctrl Pts',(-6.06860256938012,10.0906332162051,3.));
#2976=CARTESIAN_POINT('Ctrl Pts',(-6.20361553854204,10.050548795084,3.));
#2977=CARTESIAN_POINT('Ctrl Pts',(-6.27602984719219,10.0466357472932,3.));
#2978=CARTESIAN_POINT('Ctrl Pts',(-6.34844415584238,10.0427226995024,3.));
#2979=CARTESIAN_POINT('',(-5.94520894851847,10.1657456258849,2.6));
#2980=CARTESIAN_POINT('',(-5.94520894851847,10.1657456258849,3.));
#2981=CARTESIAN_POINT('Ctrl Pts',(-5.94520894851847,10.1657456258849,2.6));
#2982=CARTESIAN_POINT('Ctrl Pts',(-6.01172744798239,10.1252543529314,2.6));
#2983=CARTESIAN_POINT('Ctrl Pts',(-6.06860256938012,10.0906332162051,2.6));
#2984=CARTESIAN_POINT('Ctrl Pts',(-6.20361553854204,10.050548795084,2.6));
#2985=CARTESIAN_POINT('Ctrl Pts',(-6.27602984719219,10.0466357472932,2.6));
#2986=CARTESIAN_POINT('Ctrl Pts',(-6.34844415584238,10.0427226995024,2.6));
#2987=CARTESIAN_POINT('Ctrl Pts',(-5.73310143294053,10.5103460989,3.));
#2988=CARTESIAN_POINT('Ctrl Pts',(-5.73310143294053,10.5103460989,2.6));
#2989=CARTESIAN_POINT('Ctrl Pts',(-5.75316269946248,10.4433806821409,3.));
#2990=CARTESIAN_POINT('Ctrl Pts',(-5.75316269946248,10.4433806821409,2.6));
#2991=CARTESIAN_POINT('Ctrl Pts',(-5.77322396598444,10.3764152653817,3.));
#2992=CARTESIAN_POINT('Ctrl Pts',(-5.77322396598444,10.3764152653817,2.6));
#2993=CARTESIAN_POINT('Ctrl Pts',(-5.84336954970798,10.2610509939519,3.));
#2994=CARTESIAN_POINT('Ctrl Pts',(-5.84336954970798,10.2610509939519,2.6));
#2995=CARTESIAN_POINT('Ctrl Pts',(-5.89147958121046,10.216027709117,3.));
#2996=CARTESIAN_POINT('Ctrl Pts',(-5.89147958121046,10.216027709117,2.6));
#2997=CARTESIAN_POINT('Ctrl Pts',(-5.94520894851847,10.1657456258849,3.));
#2998=CARTESIAN_POINT('Ctrl Pts',(-5.94520894851847,10.1657456258849,2.6));
#2999=CARTESIAN_POINT('',(-5.73310143294053,10.5103460989,3.));
#3000=CARTESIAN_POINT('Ctrl Pts',(-5.73310143294053,10.5103460989,3.));
#3001=CARTESIAN_POINT('Ctrl Pts',(-5.75316269946248,10.4433806821409,3.));
#3002=CARTESIAN_POINT('Ctrl Pts',(-5.77322396598444,10.3764152653817,3.));
#3003=CARTESIAN_POINT('Ctrl Pts',(-5.84336954970798,10.2610509939519,3.));
#3004=CARTESIAN_POINT('Ctrl Pts',(-5.89147958121046,10.216027709117,3.));
#3005=CARTESIAN_POINT('Ctrl Pts',(-5.94520894851847,10.1657456258849,3.));
#3006=CARTESIAN_POINT('',(-5.73310143294053,10.5103460989,2.6));
#3007=CARTESIAN_POINT('',(-5.73310143294053,10.5103460989,3.));
#3008=CARTESIAN_POINT('Ctrl Pts',(-5.73310143294053,10.5103460989,2.6));
#3009=CARTESIAN_POINT('Ctrl Pts',(-5.75316269946248,10.4433806821409,2.6));
#3010=CARTESIAN_POINT('Ctrl Pts',(-5.77322396598444,10.3764152653817,2.6));
#3011=CARTESIAN_POINT('Ctrl Pts',(-5.84336954970798,10.2610509939519,2.6));
#3012=CARTESIAN_POINT('Ctrl Pts',(-5.89147958121046,10.216027709117,2.6));
#3013=CARTESIAN_POINT('Ctrl Pts',(-5.94520894851847,10.1657456258849,2.6));
#3014=CARTESIAN_POINT('Ctrl Pts',(-5.52148868964437,10.252967869398,3.));
#3015=CARTESIAN_POINT('Ctrl Pts',(-5.52148868964437,10.252967869398,2.6));
#3016=CARTESIAN_POINT('Ctrl Pts',(-5.56921030389053,10.2906111442278,3.));
#3017=CARTESIAN_POINT('Ctrl Pts',(-5.56921030389053,10.2906111442278,2.6));
#3018=CARTESIAN_POINT('Ctrl Pts',(-5.61046123657642,10.323150282323,3.));
#3019=CARTESIAN_POINT('Ctrl Pts',(-5.61046123657642,10.323150282323,2.6));
#3020=CARTESIAN_POINT('Ctrl Pts',(-5.68061970156956,10.409516346706,3.));
#3021=CARTESIAN_POINT('Ctrl Pts',(-5.68061970156956,10.409516346706,2.6));
#3022=CARTESIAN_POINT('Ctrl Pts',(-5.70686056725504,10.459931222803,3.));
#3023=CARTESIAN_POINT('Ctrl Pts',(-5.70686056725504,10.459931222803,2.6));
#3024=CARTESIAN_POINT('Ctrl Pts',(-5.73310143294053,10.5103460989,3.));
#3025=CARTESIAN_POINT('Ctrl Pts',(-5.73310143294053,10.5103460989,2.6));
#3026=CARTESIAN_POINT('',(-5.52148868964437,10.252967869398,3.));
#3027=CARTESIAN_POINT('Ctrl Pts',(-5.52148868964437,10.252967869398,3.));
#3028=CARTESIAN_POINT('Ctrl Pts',(-5.56921030389053,10.2906111442278,3.));
#3029=CARTESIAN_POINT('Ctrl Pts',(-5.61046123657642,10.323150282323,3.));
#3030=CARTESIAN_POINT('Ctrl Pts',(-5.68061970156956,10.409516346706,3.));
#3031=CARTESIAN_POINT('Ctrl Pts',(-5.70686056725504,10.459931222803,3.));
#3032=CARTESIAN_POINT('Ctrl Pts',(-5.73310143294053,10.5103460989,3.));
#3033=CARTESIAN_POINT('',(-5.52148868964437,10.252967869398,2.6));
#3034=CARTESIAN_POINT('',(-5.52148868964437,10.252967869398,3.));
#3035=CARTESIAN_POINT('Ctrl Pts',(-5.52148868964437,10.252967869398,2.6));
#3036=CARTESIAN_POINT('Ctrl Pts',(-5.56921030389053,10.2906111442278,2.6));
#3037=CARTESIAN_POINT('Ctrl Pts',(-5.61046123657642,10.323150282323,2.6));
#3038=CARTESIAN_POINT('Ctrl Pts',(-5.68061970156956,10.409516346706,2.6));
#3039=CARTESIAN_POINT('Ctrl Pts',(-5.70686056725504,10.459931222803,2.6));
#3040=CARTESIAN_POINT('Ctrl Pts',(-5.73310143294053,10.5103460989,2.6));
#3041=CARTESIAN_POINT('Ctrl Pts',(-5.22641654762305,10.1661729431596,3.));
#3042=CARTESIAN_POINT('Ctrl Pts',(-5.22641654762305,10.1661729431596,2.6));
#3043=CARTESIAN_POINT('Ctrl Pts',(-5.27882992961849,10.1696728076557,3.));
#3044=CARTESIAN_POINT('Ctrl Pts',(-5.27882992961849,10.1696728076557,2.6));
#3045=CARTESIAN_POINT('Ctrl Pts',(-5.33124331161394,10.1731726721518,3.));
#3046=CARTESIAN_POINT('Ctrl Pts',(-5.33124331161394,10.1731726721518,2.6));
#3047=CARTESIAN_POINT('Ctrl Pts',(-5.42962515973607,10.2020307448359,3.));
#3048=CARTESIAN_POINT('Ctrl Pts',(-5.42962515973607,10.2020307448359,2.6));
#3049=CARTESIAN_POINT('Ctrl Pts',(-5.47509785571099,10.2272447593786,3.));
#3050=CARTESIAN_POINT('Ctrl Pts',(-5.47509785571099,10.2272447593786,2.6));
#3051=CARTESIAN_POINT('Ctrl Pts',(-5.52148868964437,10.252967869398,3.));
#3052=CARTESIAN_POINT('Ctrl Pts',(-5.52148868964437,10.252967869398,2.6));
#3053=CARTESIAN_POINT('',(-5.22641654762305,10.1661729431596,3.));
#3054=CARTESIAN_POINT('Ctrl Pts',(-5.22641654762305,10.1661729431596,3.));
#3055=CARTESIAN_POINT('Ctrl Pts',(-5.27882992961849,10.1696728076557,3.));
#3056=CARTESIAN_POINT('Ctrl Pts',(-5.33124331161394,10.1731726721518,3.));
#3057=CARTESIAN_POINT('Ctrl Pts',(-5.42962515973607,10.2020307448359,3.));
#3058=CARTESIAN_POINT('Ctrl Pts',(-5.47509785571099,10.2272447593786,3.));
#3059=CARTESIAN_POINT('Ctrl Pts',(-5.52148868964437,10.252967869398,3.));
#3060=CARTESIAN_POINT('',(-5.22641654762305,10.1661729431596,2.6));
#3061=CARTESIAN_POINT('',(-5.22641654762305,10.1661729431596,3.));
#3062=CARTESIAN_POINT('Ctrl Pts',(-5.22641654762305,10.1661729431596,2.6));
#3063=CARTESIAN_POINT('Ctrl Pts',(-5.27882992961849,10.1696728076557,2.6));
#3064=CARTESIAN_POINT('Ctrl Pts',(-5.33124331161394,10.1731726721518,2.6));
#3065=CARTESIAN_POINT('Ctrl Pts',(-5.42962515973607,10.2020307448359,2.6));
#3066=CARTESIAN_POINT('Ctrl Pts',(-5.47509785571099,10.2272447593786,2.6));
#3067=CARTESIAN_POINT('Ctrl Pts',(-5.52148868964437,10.252967869398,2.6));
#3068=CARTESIAN_POINT('Ctrl Pts',(-4.90416528201543,10.2575977889826,3.));
#3069=CARTESIAN_POINT('Ctrl Pts',(-4.90416528201543,10.2575977889826,2.6));
#3070=CARTESIAN_POINT('Ctrl Pts',(-4.95473018346971,10.2312211467906,3.));
#3071=CARTESIAN_POINT('Ctrl Pts',(-4.95473018346971,10.2312211467906,2.6));
#3072=CARTESIAN_POINT('Ctrl Pts',(-5.00529508492404,10.2048445045986,3.));
#3073=CARTESIAN_POINT('Ctrl Pts',(-5.00529508492404,10.2048445045986,2.6));
#3074=CARTESIAN_POINT('Ctrl Pts',(-5.1126813541955,10.1742203818168,3.));
#3075=CARTESIAN_POINT('Ctrl Pts',(-5.1126813541955,10.1742203818168,2.6));
#3076=CARTESIAN_POINT('Ctrl Pts',(-5.16846559688952,10.1702733162025,3.));
#3077=CARTESIAN_POINT('Ctrl Pts',(-5.16846559688952,10.1702733162025,2.6));
#3078=CARTESIAN_POINT('Ctrl Pts',(-5.22641654762305,10.1661729431596,3.));
#3079=CARTESIAN_POINT('Ctrl Pts',(-5.22641654762305,10.1661729431596,2.6));
#3080=CARTESIAN_POINT('',(-4.90416528201543,10.2575977889826,3.));
#3081=CARTESIAN_POINT('Ctrl Pts',(-4.90416528201543,10.2575977889826,3.));
#3082=CARTESIAN_POINT('Ctrl Pts',(-4.95473018346971,10.2312211467906,3.));
#3083=CARTESIAN_POINT('Ctrl Pts',(-5.00529508492404,10.2048445045986,3.));
#3084=CARTESIAN_POINT('Ctrl Pts',(-5.1126813541955,10.1742203818168,3.));
#3085=CARTESIAN_POINT('Ctrl Pts',(-5.16846559688952,10.1702733162025,3.));
#3086=CARTESIAN_POINT('Ctrl Pts',(-5.22641654762305,10.1661729431596,3.));
#3087=CARTESIAN_POINT('',(-4.90416528201543,10.2575977889826,2.6));
#3088=CARTESIAN_POINT('',(-4.90416528201543,10.2575977889826,3.));
#3089=CARTESIAN_POINT('Ctrl Pts',(-4.90416528201543,10.2575977889826,2.6));
#3090=CARTESIAN_POINT('Ctrl Pts',(-4.95473018346971,10.2312211467906,2.6));
#3091=CARTESIAN_POINT('Ctrl Pts',(-5.00529508492404,10.2048445045986,2.6));
#3092=CARTESIAN_POINT('Ctrl Pts',(-5.1126813541955,10.1742203818168,2.6));
#3093=CARTESIAN_POINT('Ctrl Pts',(-5.16846559688952,10.1702733162025,2.6));
#3094=CARTESIAN_POINT('Ctrl Pts',(-5.22641654762305,10.1661729431596,2.6));
#3095=CARTESIAN_POINT('Ctrl Pts',(-4.6647243981668,10.5212129770316,3.));
#3096=CARTESIAN_POINT('Ctrl Pts',(-4.6647243981668,10.5212129770316,2.6));
#3097=CARTESIAN_POINT('Ctrl Pts',(-4.69530707178886,10.468751250019,3.));
#3098=CARTESIAN_POINT('Ctrl Pts',(-4.69530707178886,10.468751250019,2.6));
#3099=CARTESIAN_POINT('Ctrl Pts',(-4.72588974541091,10.4162895230063,3.));
#3100=CARTESIAN_POINT('Ctrl Pts',(-4.72588974541091,10.4162895230063,2.6));
#3101=CARTESIAN_POINT('Ctrl Pts',(-4.80546301525257,10.3281148740908,3.));
#3102=CARTESIAN_POINT('Ctrl Pts',(-4.80546301525257,10.3281148740908,2.6));
#3103=CARTESIAN_POINT('Ctrl Pts',(-4.85274259824537,10.294336334984,3.));
#3104=CARTESIAN_POINT('Ctrl Pts',(-4.85274259824537,10.294336334984,2.6));
#3105=CARTESIAN_POINT('Ctrl Pts',(-4.90416528201543,10.2575977889826,3.));
#3106=CARTESIAN_POINT('Ctrl Pts',(-4.90416528201543,10.2575977889826,2.6));
#3107=CARTESIAN_POINT('',(-4.6647243981668,10.5212129770316,3.));
#3108=CARTESIAN_POINT('Ctrl Pts',(-4.6647243981668,10.5212129770316,3.));
#3109=CARTESIAN_POINT('Ctrl Pts',(-4.69530707178886,10.468751250019,3.));
#3110=CARTESIAN_POINT('Ctrl Pts',(-4.72588974541091,10.4162895230063,3.));
#3111=CARTESIAN_POINT('Ctrl Pts',(-4.80546301525257,10.3281148740908,3.));
#3112=CARTESIAN_POINT('Ctrl Pts',(-4.85274259824537,10.294336334984,3.));
#3113=CARTESIAN_POINT('Ctrl Pts',(-4.90416528201543,10.2575977889826,3.));
#3114=CARTESIAN_POINT('',(-4.6647243981668,10.5212129770316,2.6));
#3115=CARTESIAN_POINT('',(-4.6647243981668,10.5212129770316,3.));
#3116=CARTESIAN_POINT('Ctrl Pts',(-4.6647243981668,10.5212129770316,2.6));
#3117=CARTESIAN_POINT('Ctrl Pts',(-4.69530707178886,10.468751250019,2.6));
#3118=CARTESIAN_POINT('Ctrl Pts',(-4.72588974541091,10.4162895230063,2.6));
#3119=CARTESIAN_POINT('Ctrl Pts',(-4.80546301525257,10.3281148740908,2.6));
#3120=CARTESIAN_POINT('Ctrl Pts',(-4.85274259824537,10.294336334984,2.6));
#3121=CARTESIAN_POINT('Ctrl Pts',(-4.90416528201543,10.2575977889826,2.6));
#3122=CARTESIAN_POINT('Ctrl Pts',(-4.57712444745086,10.8981417138508,3.));
#3123=CARTESIAN_POINT('Ctrl Pts',(-4.57712444745086,10.8981417138508,2.6));
#3124=CARTESIAN_POINT('Ctrl Pts',(-4.58047303979409,10.8326842911057,3.));
#3125=CARTESIAN_POINT('Ctrl Pts',(-4.58047303979409,10.8326842911057,2.6));
#3126=CARTESIAN_POINT('Ctrl Pts',(-4.58382163213731,10.7672268683605,3.));
#3127=CARTESIAN_POINT('Ctrl Pts',(-4.58382163213731,10.7672268683605,2.6));
#3128=CARTESIAN_POINT('Ctrl Pts',(-4.61280941687303,10.6415060251558,3.));
#3129=CARTESIAN_POINT('Ctrl Pts',(-4.61280941687303,10.6415060251558,2.6));
#3130=CARTESIAN_POINT('Ctrl Pts',(-4.63804709281964,10.5830273954514,3.));
#3131=CARTESIAN_POINT('Ctrl Pts',(-4.63804709281964,10.5830273954514,2.6));
#3132=CARTESIAN_POINT('Ctrl Pts',(-4.6647243981668,10.5212129770316,3.));
#3133=CARTESIAN_POINT('Ctrl Pts',(-4.6647243981668,10.5212129770316,2.6));
#3134=CARTESIAN_POINT('',(-4.57712444745086,10.8981417138508,3.));
#3135=CARTESIAN_POINT('Ctrl Pts',(-4.57712444745086,10.8981417138508,3.));
#3136=CARTESIAN_POINT('Ctrl Pts',(-4.58047303979409,10.8326842911057,3.));
#3137=CARTESIAN_POINT('Ctrl Pts',(-4.58382163213731,10.7672268683605,3.));
#3138=CARTESIAN_POINT('Ctrl Pts',(-4.61280941687303,10.6415060251558,3.));
#3139=CARTESIAN_POINT('Ctrl Pts',(-4.63804709281964,10.5830273954514,3.));
#3140=CARTESIAN_POINT('Ctrl Pts',(-4.6647243981668,10.5212129770316,3.));
#3141=CARTESIAN_POINT('',(-4.57712444745086,10.8981417138508,2.6));
#3142=CARTESIAN_POINT('',(-4.57712444745086,10.8981417138508,3.));
#3143=CARTESIAN_POINT('Ctrl Pts',(-4.57712444745086,10.8981417138508,2.6));
#3144=CARTESIAN_POINT('Ctrl Pts',(-4.58047303979409,10.8326842911057,2.6));
#3145=CARTESIAN_POINT('Ctrl Pts',(-4.58382163213731,10.7672268683605,2.6));
#3146=CARTESIAN_POINT('Ctrl Pts',(-4.61280941687303,10.6415060251558,2.6));
#3147=CARTESIAN_POINT('Ctrl Pts',(-4.63804709281964,10.5830273954514,2.6));
#3148=CARTESIAN_POINT('Ctrl Pts',(-4.6647243981668,10.5212129770316,2.6));
#3149=CARTESIAN_POINT('Ctrl Pts',(-4.74709895569545,11.3942881636092,3.));
#3150=CARTESIAN_POINT('Ctrl Pts',(-4.74709895569545,11.3942881636092,2.6));
#3151=CARTESIAN_POINT('Ctrl Pts',(-4.69286893913167,11.3153068179945,3.));
#3152=CARTESIAN_POINT('Ctrl Pts',(-4.69286893913167,11.3153068179945,2.6));
#3153=CARTESIAN_POINT('Ctrl Pts',(-4.64467076435126,11.2451103301167,3.));
#3154=CARTESIAN_POINT('Ctrl Pts',(-4.64467076435126,11.2451103301167,2.6));
#3155=CARTESIAN_POINT('Ctrl Pts',(-4.58893467848991,11.0792030659461,3.));
#3156=CARTESIAN_POINT('Ctrl Pts',(-4.58893467848991,11.0792030659461,2.6));
#3157=CARTESIAN_POINT('Ctrl Pts',(-4.58302956297039,10.9886723898985,3.));
#3158=CARTESIAN_POINT('Ctrl Pts',(-4.58302956297039,10.9886723898985,2.6));
#3159=CARTESIAN_POINT('Ctrl Pts',(-4.57712444745086,10.8981417138508,3.));
#3160=CARTESIAN_POINT('Ctrl Pts',(-4.57712444745086,10.8981417138508,2.6));
#3161=CARTESIAN_POINT('',(-4.74709895569545,11.3942881636092,3.));
#3162=CARTESIAN_POINT('Ctrl Pts',(-4.74709895569545,11.3942881636092,3.));
#3163=CARTESIAN_POINT('Ctrl Pts',(-4.69286893913167,11.3153068179945,3.));
#3164=CARTESIAN_POINT('Ctrl Pts',(-4.64467076435126,11.2451103301167,3.));
#3165=CARTESIAN_POINT('Ctrl Pts',(-4.58893467848991,11.0792030659461,3.));
#3166=CARTESIAN_POINT('Ctrl Pts',(-4.58302956297039,10.9886723898985,3.));
#3167=CARTESIAN_POINT('Ctrl Pts',(-4.57712444745086,10.8981417138508,3.));
#3168=CARTESIAN_POINT('',(-4.74709895569545,11.3942881636092,2.6));
#3169=CARTESIAN_POINT('',(-4.74709895569545,11.3942881636092,3.));
#3170=CARTESIAN_POINT('Ctrl Pts',(-4.74709895569545,11.3942881636092,2.6));
#3171=CARTESIAN_POINT('Ctrl Pts',(-4.69286893913167,11.3153068179945,2.6));
#3172=CARTESIAN_POINT('Ctrl Pts',(-4.64467076435126,11.2451103301167,2.6));
#3173=CARTESIAN_POINT('Ctrl Pts',(-4.58893467848991,11.0792030659461,2.6));
#3174=CARTESIAN_POINT('Ctrl Pts',(-4.58302956297039,10.9886723898985,2.6));
#3175=CARTESIAN_POINT('Ctrl Pts',(-4.57712444745086,10.8981417138508,2.6));
#3176=CARTESIAN_POINT('Ctrl Pts',(-5.22559326589592,11.6498018485697,3.));
#3177=CARTESIAN_POINT('Ctrl Pts',(-5.22559326589592,11.6498018485697,2.6));
#3178=CARTESIAN_POINT('Ctrl Pts',(-5.13452386517021,11.6279780181318,3.));
#3179=CARTESIAN_POINT('Ctrl Pts',(-5.13452386517021,11.6279780181318,2.6));
#3180=CARTESIAN_POINT('Ctrl Pts',(-5.04345446444451,11.6061541876939,3.));
#3181=CARTESIAN_POINT('Ctrl Pts',(-5.04345446444451,11.6061541876939,2.6));
#3182=CARTESIAN_POINT('Ctrl Pts',(-4.88290240193083,11.5220847485602,3.));
#3183=CARTESIAN_POINT('Ctrl Pts',(-4.88290240193083,11.5220847485602,2.6));
#3184=CARTESIAN_POINT('Ctrl Pts',(-4.82039662509184,11.4632642617378,3.));
#3185=CARTESIAN_POINT('Ctrl Pts',(-4.82039662509184,11.4632642617378,2.6));
#3186=CARTESIAN_POINT('Ctrl Pts',(-4.74709895569545,11.3942881636092,3.));
#3187=CARTESIAN_POINT('Ctrl Pts',(-4.74709895569545,11.3942881636092,2.6));
#3188=CARTESIAN_POINT('',(-5.22559326589592,11.6498018485697,3.));
#3189=CARTESIAN_POINT('Ctrl Pts',(-5.22559326589592,11.6498018485697,3.));
#3190=CARTESIAN_POINT('Ctrl Pts',(-5.13452386517021,11.6279780181318,3.));
#3191=CARTESIAN_POINT('Ctrl Pts',(-5.04345446444451,11.6061541876939,3.));
#3192=CARTESIAN_POINT('Ctrl Pts',(-4.88290240193083,11.5220847485602,3.));
#3193=CARTESIAN_POINT('Ctrl Pts',(-4.82039662509184,11.4632642617378,3.));
#3194=CARTESIAN_POINT('Ctrl Pts',(-4.74709895569545,11.3942881636092,3.));
#3195=CARTESIAN_POINT('',(-5.22559326589592,11.6498018485697,2.6));
#3196=CARTESIAN_POINT('',(-5.22559326589592,11.6498018485697,3.));
#3197=CARTESIAN_POINT('Ctrl Pts',(-5.22559326589592,11.6498018485697,2.6));
#3198=CARTESIAN_POINT('Ctrl Pts',(-5.13452386517021,11.6279780181318,2.6));
#3199=CARTESIAN_POINT('Ctrl Pts',(-5.04345446444451,11.6061541876939,2.6));
#3200=CARTESIAN_POINT('Ctrl Pts',(-4.88290240193083,11.5220847485602,2.6));
#3201=CARTESIAN_POINT('Ctrl Pts',(-4.82039662509184,11.4632642617378,2.6));
#3202=CARTESIAN_POINT('Ctrl Pts',(-4.74709895569545,11.3942881636092,2.6));
#3203=CARTESIAN_POINT('Origin',(-5.27998105929679,11.3428115010186,3.));
#3204=CARTESIAN_POINT('',(-5.27998105929679,11.3428115010186,3.));
#3205=CARTESIAN_POINT('',(-5.95504524835734,7.53243095309783,3.));
#3206=CARTESIAN_POINT('',(-5.27998105929679,11.3428115010186,2.6));
#3207=CARTESIAN_POINT('',(-5.27998105929679,11.3428115010186,3.));
#3208=CARTESIAN_POINT('',(-5.03327314092573,12.7353473048913,2.6));
#3209=CARTESIAN_POINT('Ctrl Pts',(-4.94223641934315,11.1895344728554,3.));
#3210=CARTESIAN_POINT('Ctrl Pts',(-4.94223641934315,11.1895344728554,2.6));
#3211=CARTESIAN_POINT('Ctrl Pts',(-4.99728711584853,11.234220144326,3.));
#3212=CARTESIAN_POINT('Ctrl Pts',(-4.99728711584853,11.234220144326,2.6));
#3213=CARTESIAN_POINT('Ctrl Pts',(-5.04041887355318,11.2692309920916,3.));
#3214=CARTESIAN_POINT('Ctrl Pts',(-5.04041887355318,11.2692309920916,2.6));
#3215=CARTESIAN_POINT('Ctrl Pts',(-5.15443646266918,11.3191906283071,3.));
#3216=CARTESIAN_POINT('Ctrl Pts',(-5.15443646266918,11.3191906283071,2.6));
#3217=CARTESIAN_POINT('Ctrl Pts',(-5.21720876098298,11.3310010646629,3.));
#3218=CARTESIAN_POINT('Ctrl Pts',(-5.21720876098298,11.3310010646629,2.6));
#3219=CARTESIAN_POINT('Ctrl Pts',(-5.27998105929679,11.3428115010186,3.));
#3220=CARTESIAN_POINT('Ctrl Pts',(-5.27998105929679,11.3428115010186,2.6));
#3221=CARTESIAN_POINT('',(-4.94223641934315,11.1895344728554,3.));
#3222=CARTESIAN_POINT('Ctrl Pts',(-4.94223641934315,11.1895344728554,3.));
#3223=CARTESIAN_POINT('Ctrl Pts',(-4.99728711584853,11.234220144326,3.));
#3224=CARTESIAN_POINT('Ctrl Pts',(-5.04041887355318,11.2692309920916,3.));
#3225=CARTESIAN_POINT('Ctrl Pts',(-5.15443646266918,11.3191906283071,3.));
#3226=CARTESIAN_POINT('Ctrl Pts',(-5.21720876098298,11.3310010646629,3.));
#3227=CARTESIAN_POINT('Ctrl Pts',(-5.27998105929679,11.3428115010186,3.));
#3228=CARTESIAN_POINT('',(-4.94223641934315,11.1895344728554,2.6));
#3229=CARTESIAN_POINT('',(-4.94223641934315,11.1895344728554,3.));
#3230=CARTESIAN_POINT('Ctrl Pts',(-4.94223641934315,11.1895344728554,2.6));
#3231=CARTESIAN_POINT('Ctrl Pts',(-4.99728711584853,11.234220144326,2.6));
#3232=CARTESIAN_POINT('Ctrl Pts',(-5.04041887355318,11.2692309920916,2.6));
#3233=CARTESIAN_POINT('Ctrl Pts',(-5.15443646266918,11.3191906283071,2.6));
#3234=CARTESIAN_POINT('Ctrl Pts',(-5.21720876098298,11.3310010646629,2.6));
#3235=CARTESIAN_POINT('Ctrl Pts',(-5.27998105929679,11.3428115010186,2.6));
#3236=CARTESIAN_POINT('Ctrl Pts',(-4.82950787066298,10.8911693247472,3.));
#3237=CARTESIAN_POINT('Ctrl Pts',(-4.82950787066298,10.8911693247472,2.6));
#3238=CARTESIAN_POINT('Ctrl Pts',(-4.83365689227669,10.9465086079489,3.));
#3239=CARTESIAN_POINT('Ctrl Pts',(-4.83365689227669,10.9465086079489,2.6));
#3240=CARTESIAN_POINT('Ctrl Pts',(-4.8378059138904,11.0018478911506,3.));
#3241=CARTESIAN_POINT('Ctrl Pts',(-4.8378059138904,11.0018478911506,2.6));
#3242=CARTESIAN_POINT('Ctrl Pts',(-4.87494140144054,11.1015361270404,3.));
#3243=CARTESIAN_POINT('Ctrl Pts',(-4.87494140144054,11.1015361270404,2.6));
#3244=CARTESIAN_POINT('Ctrl Pts',(-4.90711847632375,11.1436124864967,3.));
#3245=CARTESIAN_POINT('Ctrl Pts',(-4.90711847632375,11.1436124864967,2.6));
#3246=CARTESIAN_POINT('Ctrl Pts',(-4.94223641934315,11.1895344728554,3.));
#3247=CARTESIAN_POINT('Ctrl Pts',(-4.94223641934315,11.1895344728554,2.6));
#3248=CARTESIAN_POINT('',(-4.82950787066298,10.8911693247472,3.));
#3249=CARTESIAN_POINT('Ctrl Pts',(-4.82950787066298,10.8911693247472,3.));
#3250=CARTESIAN_POINT('Ctrl Pts',(-4.83365689227669,10.9465086079489,3.));
#3251=CARTESIAN_POINT('Ctrl Pts',(-4.8378059138904,11.0018478911506,3.));
#3252=CARTESIAN_POINT('Ctrl Pts',(-4.87494140144054,11.1015361270404,3.));
#3253=CARTESIAN_POINT('Ctrl Pts',(-4.90711847632375,11.1436124864967,3.));
#3254=CARTESIAN_POINT('Ctrl Pts',(-4.94223641934315,11.1895344728554,3.));
#3255=CARTESIAN_POINT('',(-4.82950787066298,10.8911693247472,2.6));
#3256=CARTESIAN_POINT('',(-4.82950787066298,10.8911693247472,3.));
#3257=CARTESIAN_POINT('Ctrl Pts',(-4.82950787066298,10.8911693247472,2.6));
#3258=CARTESIAN_POINT('Ctrl Pts',(-4.83365689227669,10.9465086079489,2.6));
#3259=CARTESIAN_POINT('Ctrl Pts',(-4.8378059138904,11.0018478911506,2.6));
#3260=CARTESIAN_POINT('Ctrl Pts',(-4.87494140144054,11.1015361270404,2.6));
#3261=CARTESIAN_POINT('Ctrl Pts',(-4.90711847632375,11.1436124864967,2.6));
#3262=CARTESIAN_POINT('Ctrl Pts',(-4.94223641934315,11.1895344728554,2.6));
#3263=CARTESIAN_POINT('Ctrl Pts',(-4.94017832730536,10.5960831378944,3.));
#3264=CARTESIAN_POINT('Ctrl Pts',(-4.94017832730536,10.5960831378944,2.6));
#3265=CARTESIAN_POINT('Ctrl Pts',(-4.90470434863042,10.6420851293758,3.));
#3266=CARTESIAN_POINT('Ctrl Pts',(-4.90470434863042,10.6420851293758,2.6));
#3267=CARTESIAN_POINT('Ctrl Pts',(-4.87329367282947,10.6828179057542,3.));
#3268=CARTESIAN_POINT('Ctrl Pts',(-4.87329367282947,10.6828179057542,2.6));
#3269=CARTESIAN_POINT('Ctrl Pts',(-4.83702774218103,10.7815513896289,3.));
#3270=CARTESIAN_POINT('Ctrl Pts',(-4.83702774218103,10.7815513896289,2.6));
#3271=CARTESIAN_POINT('Ctrl Pts',(-4.833267806422,10.8363603571881,3.));
#3272=CARTESIAN_POINT('Ctrl Pts',(-4.833267806422,10.8363603571881,2.6));
#3273=CARTESIAN_POINT('Ctrl Pts',(-4.82950787066298,10.8911693247472,3.));
#3274=CARTESIAN_POINT('Ctrl Pts',(-4.82950787066298,10.8911693247472,2.6));
#3275=CARTESIAN_POINT('',(-4.94017832730536,10.5960831378944,3.));
#3276=CARTESIAN_POINT('Ctrl Pts',(-4.94017832730536,10.5960831378944,3.));
#3277=CARTESIAN_POINT('Ctrl Pts',(-4.90470434863042,10.6420851293758,3.));
#3278=CARTESIAN_POINT('Ctrl Pts',(-4.87329367282947,10.6828179057542,3.));
#3279=CARTESIAN_POINT('Ctrl Pts',(-4.83702774218103,10.7815513896289,3.));
#3280=CARTESIAN_POINT('Ctrl Pts',(-4.833267806422,10.8363603571881,3.));
#3281=CARTESIAN_POINT('Ctrl Pts',(-4.82950787066298,10.8911693247472,3.));
#3282=CARTESIAN_POINT('',(-4.94017832730536,10.5960831378944,2.6));
#3283=CARTESIAN_POINT('',(-4.94017832730536,10.5960831378944,3.));
#3284=CARTESIAN_POINT('Ctrl Pts',(-4.94017832730536,10.5960831378944,2.6));
#3285=CARTESIAN_POINT('Ctrl Pts',(-4.90470434863042,10.6420851293758,2.6));
#3286=CARTESIAN_POINT('Ctrl Pts',(-4.87329367282947,10.6828179057542,2.6));
#3287=CARTESIAN_POINT('Ctrl Pts',(-4.83702774218103,10.7815513896289,2.6));
#3288=CARTESIAN_POINT('Ctrl Pts',(-4.833267806422,10.8363603571881,2.6));
#3289=CARTESIAN_POINT('Ctrl Pts',(-4.82950787066298,10.8911693247472,2.6));
#3290=CARTESIAN_POINT('Ctrl Pts',(-5.21978279724969,10.4816607511468,3.));
#3291=CARTESIAN_POINT('Ctrl Pts',(-5.21978279724969,10.4816607511468,2.6));
#3292=CARTESIAN_POINT('Ctrl Pts',(-5.1671166695849,10.4860565949276,3.));
#3293=CARTESIAN_POINT('Ctrl Pts',(-5.1671166695849,10.4860565949276,2.6));
#3294=CARTESIAN_POINT('Ctrl Pts',(-5.11445054192011,10.4904524387084,3.));
#3295=CARTESIAN_POINT('Ctrl Pts',(-5.11445054192011,10.4904524387084,2.6));
#3296=CARTESIAN_POINT('Ctrl Pts',(-5.02109272509401,10.5282851334811,3.));
#3297=CARTESIAN_POINT('Ctrl Pts',(-5.02109272509401,10.5282851334811,2.6));
#3298=CARTESIAN_POINT('Ctrl Pts',(-4.98188165739767,10.5611400049672,3.));
#3299=CARTESIAN_POINT('Ctrl Pts',(-4.98188165739767,10.5611400049672,2.6));
#3300=CARTESIAN_POINT('Ctrl Pts',(-4.94017832730536,10.5960831378944,3.));
#3301=CARTESIAN_POINT('Ctrl Pts',(-4.94017832730536,10.5960831378944,2.6));
#3302=CARTESIAN_POINT('',(-5.21978279724969,10.4816607511468,3.));
#3303=CARTESIAN_POINT('Ctrl Pts',(-5.21978279724969,10.4816607511468,3.));
#3304=CARTESIAN_POINT('Ctrl Pts',(-5.1671166695849,10.4860565949276,3.));
#3305=CARTESIAN_POINT('Ctrl Pts',(-5.11445054192011,10.4904524387084,3.));
#3306=CARTESIAN_POINT('Ctrl Pts',(-5.02109272509401,10.5282851334811,3.));
#3307=CARTESIAN_POINT('Ctrl Pts',(-4.98188165739767,10.5611400049672,3.));
#3308=CARTESIAN_POINT('Ctrl Pts',(-4.94017832730536,10.5960831378944,3.));
#3309=CARTESIAN_POINT('',(-5.21978279724969,10.4816607511468,2.6));
#3310=CARTESIAN_POINT('',(-5.21978279724969,10.4816607511468,3.));
#3311=CARTESIAN_POINT('Ctrl Pts',(-5.21978279724969,10.4816607511468,2.6));
#3312=CARTESIAN_POINT('Ctrl Pts',(-5.1671166695849,10.4860565949276,2.6));
#3313=CARTESIAN_POINT('Ctrl Pts',(-5.11445054192011,10.4904524387084,2.6));
#3314=CARTESIAN_POINT('Ctrl Pts',(-5.02109272509401,10.5282851334811,2.6));
#3315=CARTESIAN_POINT('Ctrl Pts',(-4.98188165739767,10.5611400049672,2.6));
#3316=CARTESIAN_POINT('Ctrl Pts',(-4.94017832730536,10.5960831378944,2.6));
#3317=CARTESIAN_POINT('Ctrl Pts',(-5.53536041619467,10.6383633239722,3.));
#3318=CARTESIAN_POINT('Ctrl Pts',(-5.53536041619467,10.6383633239722,2.6));
#3319=CARTESIAN_POINT('Ctrl Pts',(-5.49217212855209,10.5890561431619,3.));
#3320=CARTESIAN_POINT('Ctrl Pts',(-5.49217212855209,10.5890561431619,2.6));
#3321=CARTESIAN_POINT('Ctrl Pts',(-5.45302318761794,10.5443606015107,3.));
#3322=CARTESIAN_POINT('Ctrl Pts',(-5.45302318761794,10.5443606015107,2.6));
#3323=CARTESIAN_POINT('Ctrl Pts',(-5.37438961849448,10.5054287201988,3.));
#3324=CARTESIAN_POINT('Ctrl Pts',(-5.37438961849448,10.5054287201988,2.6));
#3325=CARTESIAN_POINT('Ctrl Pts',(-5.34544494581496,10.4976804838161,3.));
#3326=CARTESIAN_POINT('Ctrl Pts',(-5.34544494581496,10.4976804838161,2.6));
#3327=CARTESIAN_POINT('Ctrl Pts',(-5.28516003801696,10.4870529572891,3.));
#3328=CARTESIAN_POINT('Ctrl Pts',(-5.28516003801696,10.4870529572891,2.6));
#3329=CARTESIAN_POINT('Ctrl Pts',(-5.25247141763331,10.4843568542179,3.));
#3330=CARTESIAN_POINT('Ctrl Pts',(-5.25247141763331,10.4843568542179,2.6));
#3331=CARTESIAN_POINT('Ctrl Pts',(-5.21978279724969,10.4816607511468,3.));
#3332=CARTESIAN_POINT('Ctrl Pts',(-5.21978279724969,10.4816607511468,2.6));
#3333=CARTESIAN_POINT('',(-5.53536041619467,10.6383633239722,3.));
#3334=CARTESIAN_POINT('Ctrl Pts',(-5.53536041619467,10.6383633239722,3.));
#3335=CARTESIAN_POINT('Ctrl Pts',(-5.49217212855209,10.5890561431619,3.));
#3336=CARTESIAN_POINT('Ctrl Pts',(-5.45302318761794,10.5443606015107,3.));
#3337=CARTESIAN_POINT('Ctrl Pts',(-5.37438961849448,10.5054287201988,3.));
#3338=CARTESIAN_POINT('Ctrl Pts',(-5.34544494581496,10.4976804838161,3.));
#3339=CARTESIAN_POINT('Ctrl Pts',(-5.28516003801696,10.4870529572891,3.));
#3340=CARTESIAN_POINT('Ctrl Pts',(-5.25247141763331,10.4843568542179,3.));
#3341=CARTESIAN_POINT('Ctrl Pts',(-5.21978279724969,10.4816607511468,3.));
#3342=CARTESIAN_POINT('',(-5.53536041619467,10.6383633239722,2.6));
#3343=CARTESIAN_POINT('',(-5.53536041619467,10.6383633239722,3.));
#3344=CARTESIAN_POINT('Ctrl Pts',(-5.53536041619467,10.6383633239722,2.6));
#3345=CARTESIAN_POINT('Ctrl Pts',(-5.49217212855209,10.5890561431619,2.6));
#3346=CARTESIAN_POINT('Ctrl Pts',(-5.45302318761794,10.5443606015107,2.6));
#3347=CARTESIAN_POINT('Ctrl Pts',(-5.37438961849448,10.5054287201988,2.6));
#3348=CARTESIAN_POINT('Ctrl Pts',(-5.34544494581496,10.4976804838161,2.6));
#3349=CARTESIAN_POINT('Ctrl Pts',(-5.28516003801696,10.4870529572891,2.6));
#3350=CARTESIAN_POINT('Ctrl Pts',(-5.25247141763331,10.4843568542179,2.6));
#3351=CARTESIAN_POINT('Ctrl Pts',(-5.21978279724969,10.4816607511468,2.6));
#3352=CARTESIAN_POINT('Ctrl Pts',(-5.63788937567397,10.9913025976026,3.));
#3353=CARTESIAN_POINT('Ctrl Pts',(-5.63788937567397,10.9913025976026,2.6));
#3354=CARTESIAN_POINT('Ctrl Pts',(-5.63385002913919,10.9286629879388,3.));
#3355=CARTESIAN_POINT('Ctrl Pts',(-5.63385002913919,10.9286629879388,2.6));
#3356=CARTESIAN_POINT('Ctrl Pts',(-5.62981068260441,10.866023378275,3.));
#3357=CARTESIAN_POINT('Ctrl Pts',(-5.62981068260441,10.866023378275,2.6));
#3358=CARTESIAN_POINT('Ctrl Pts',(-5.59583909985443,10.7482984540923,3.));
#3359=CARTESIAN_POINT('Ctrl Pts',(-5.59583909985443,10.7482984540923,2.6));
#3360=CARTESIAN_POINT('Ctrl Pts',(-5.56629991197954,10.6946035939174,3.));
#3361=CARTESIAN_POINT('Ctrl Pts',(-5.56629991197954,10.6946035939174,2.6));
#3362=CARTESIAN_POINT('Ctrl Pts',(-5.53536041619467,10.6383633239722,3.));
#3363=CARTESIAN_POINT('Ctrl Pts',(-5.53536041619467,10.6383633239722,2.6));
#3364=CARTESIAN_POINT('',(-5.63788937567397,10.9913025976026,3.));
#3365=CARTESIAN_POINT('Ctrl Pts',(-5.63788937567397,10.9913025976026,3.));
#3366=CARTESIAN_POINT('Ctrl Pts',(-5.63385002913919,10.9286629879388,3.));
#3367=CARTESIAN_POINT('Ctrl Pts',(-5.62981068260441,10.866023378275,3.));
#3368=CARTESIAN_POINT('Ctrl Pts',(-5.59583909985443,10.7482984540923,3.));
#3369=CARTESIAN_POINT('Ctrl Pts',(-5.56629991197954,10.6946035939174,3.));
#3370=CARTESIAN_POINT('Ctrl Pts',(-5.53536041619467,10.6383633239722,3.));
#3371=CARTESIAN_POINT('',(-5.63788937567397,10.9913025976026,2.6));
#3372=CARTESIAN_POINT('',(-5.63788937567397,10.9913025976026,3.));
#3373=CARTESIAN_POINT('Ctrl Pts',(-5.63788937567397,10.9913025976026,2.6));
#3374=CARTESIAN_POINT('Ctrl Pts',(-5.63385002913919,10.9286629879388,2.6));
#3375=CARTESIAN_POINT('Ctrl Pts',(-5.62981068260441,10.866023378275,2.6));
#3376=CARTESIAN_POINT('Ctrl Pts',(-5.59583909985443,10.7482984540923,2.6));
#3377=CARTESIAN_POINT('Ctrl Pts',(-5.56629991197954,10.6946035939174,2.6));
#3378=CARTESIAN_POINT('Ctrl Pts',(-5.53536041619467,10.6383633239722,2.6));
#3379=CARTESIAN_POINT('Ctrl Pts',(-5.63450819926274,11.0407597822916,3.));
#3380=CARTESIAN_POINT('Ctrl Pts',(-5.63450819926274,11.0407597822916,2.6));
#3381=CARTESIAN_POINT('Ctrl Pts',(-5.63538527906831,11.0325373355092,3.));
#3382=CARTESIAN_POINT('Ctrl Pts',(-5.63538527906831,11.0325373355092,2.6));
#3383=CARTESIAN_POINT('Ctrl Pts',(-5.63626235887386,11.0243148887269,3.));
#3384=CARTESIAN_POINT('Ctrl Pts',(-5.63626235887386,11.0243148887269,2.6));
#3385=CARTESIAN_POINT('Ctrl Pts',(-5.63744812952361,11.0076337498081,3.));
#3386=CARTESIAN_POINT('Ctrl Pts',(-5.63744812952361,11.0076337498081,2.6));
#3387=CARTESIAN_POINT('Ctrl Pts',(-5.63763626770898,11.0006704860188,3.));
#3388=CARTESIAN_POINT('Ctrl Pts',(-5.63763626770898,11.0006704860188,2.6));
#3389=CARTESIAN_POINT('Ctrl Pts',(-5.63788937567397,10.9913025976026,3.));
#3390=CARTESIAN_POINT('Ctrl Pts',(-5.63788937567397,10.9913025976026,2.6));
#3391=CARTESIAN_POINT('',(-5.63450819926274,11.0407597822916,3.));
#3392=CARTESIAN_POINT('Ctrl Pts',(-5.63450819926274,11.0407597822916,3.));
#3393=CARTESIAN_POINT('Ctrl Pts',(-5.63538527906831,11.0325373355092,3.));
#3394=CARTESIAN_POINT('Ctrl Pts',(-5.63626235887386,11.0243148887269,3.));
#3395=CARTESIAN_POINT('Ctrl Pts',(-5.63744812952361,11.0076337498081,3.));
#3396=CARTESIAN_POINT('Ctrl Pts',(-5.63763626770898,11.0006704860188,3.));
#3397=CARTESIAN_POINT('Ctrl Pts',(-5.63788937567397,10.9913025976026,3.));
#3398=CARTESIAN_POINT('',(-5.63450819926274,11.0407597822916,2.6));
#3399=CARTESIAN_POINT('',(-5.63450819926274,11.0407597822916,3.));
#3400=CARTESIAN_POINT('Ctrl Pts',(-5.63450819926274,11.0407597822916,2.6));
#3401=CARTESIAN_POINT('Ctrl Pts',(-5.63538527906831,11.0325373355092,2.6));
#3402=CARTESIAN_POINT('Ctrl Pts',(-5.63626235887386,11.0243148887269,2.6));
#3403=CARTESIAN_POINT('Ctrl Pts',(-5.63744812952361,11.0076337498081,2.6));
#3404=CARTESIAN_POINT('Ctrl Pts',(-5.63763626770898,11.0006704860188,2.6));
#3405=CARTESIAN_POINT('Ctrl Pts',(-5.63788937567397,10.9913025976026,2.6));
#3406=CARTESIAN_POINT('Origin',(-5.90396898883575,11.0747053734218,3.));
#3407=CARTESIAN_POINT('',(-5.90396898883575,11.0747053734218,3.));
#3408=CARTESIAN_POINT('',(-6.59227963990909,11.1614159926883,3.));
#3409=CARTESIAN_POINT('',(-5.90396898883575,11.0747053734218,2.6));
#3410=CARTESIAN_POINT('',(-5.90396898883575,11.0747053734218,3.));
#3411=CARTESIAN_POINT('',(-5.92625519685811,11.0775129006564,2.6));
#3412=CARTESIAN_POINT('Ctrl Pts',(-5.86973371918615,10.8581498268121,3.));
#3413=CARTESIAN_POINT('Ctrl Pts',(-5.86973371918615,10.8581498268121,2.6));
#3414=CARTESIAN_POINT('Ctrl Pts',(-5.87221275801542,10.8994032907528,3.));
#3415=CARTESIAN_POINT('Ctrl Pts',(-5.87221275801542,10.8994032907528,2.6));
#3416=CARTESIAN_POINT('Ctrl Pts',(-5.87409319852506,10.9306955334724,3.));
#3417=CARTESIAN_POINT('Ctrl Pts',(-5.87409319852506,10.9306955334724,2.6));
#3418=CARTESIAN_POINT('Ctrl Pts',(-5.88603303392898,11.0035066678686,3.));
#3419=CARTESIAN_POINT('Ctrl Pts',(-5.88603303392898,11.0035066678686,2.6));
#3420=CARTESIAN_POINT('Ctrl Pts',(-5.89500101138236,11.0391060206452,3.));
#3421=CARTESIAN_POINT('Ctrl Pts',(-5.89500101138236,11.0391060206452,2.6));
#3422=CARTESIAN_POINT('Ctrl Pts',(-5.90396898883575,11.0747053734218,3.));
#3423=CARTESIAN_POINT('Ctrl Pts',(-5.90396898883575,11.0747053734218,2.6));
#3424=CARTESIAN_POINT('',(-5.86973371918615,10.8581498268121,3.));
#3425=CARTESIAN_POINT('Ctrl Pts',(-5.86973371918615,10.8581498268121,3.));
#3426=CARTESIAN_POINT('Ctrl Pts',(-5.87221275801542,10.8994032907528,3.));
#3427=CARTESIAN_POINT('Ctrl Pts',(-5.87409319852506,10.9306955334724,3.));
#3428=CARTESIAN_POINT('Ctrl Pts',(-5.88603303392898,11.0035066678686,3.));
#3429=CARTESIAN_POINT('Ctrl Pts',(-5.89500101138236,11.0391060206452,3.));
#3430=CARTESIAN_POINT('Ctrl Pts',(-5.90396898883575,11.0747053734218,3.));
#3431=CARTESIAN_POINT('',(-5.86973371918615,10.8581498268121,2.6));
#3432=CARTESIAN_POINT('',(-5.86973371918615,10.8581498268121,3.));
#3433=CARTESIAN_POINT('Ctrl Pts',(-5.86973371918615,10.8581498268121,2.6));
#3434=CARTESIAN_POINT('Ctrl Pts',(-5.87221275801542,10.8994032907528,2.6));
#3435=CARTESIAN_POINT('Ctrl Pts',(-5.87409319852506,10.9306955334724,2.6));
#3436=CARTESIAN_POINT('Ctrl Pts',(-5.88603303392898,11.0035066678686,2.6));
#3437=CARTESIAN_POINT('Ctrl Pts',(-5.89500101138236,11.0391060206452,2.6));
#3438=CARTESIAN_POINT('Ctrl Pts',(-5.90396898883575,11.0747053734218,2.6));
#3439=CARTESIAN_POINT('Ctrl Pts',(-6.00680328906214,10.5067716145073,3.));
#3440=CARTESIAN_POINT('Ctrl Pts',(-6.00680328906214,10.5067716145073,2.6));
#3441=CARTESIAN_POINT('Ctrl Pts',(-5.96392709076239,10.5604207605194,3.));
#3442=CARTESIAN_POINT('Ctrl Pts',(-5.96392709076239,10.5604207605194,2.6));
#3443=CARTESIAN_POINT('Ctrl Pts',(-5.92476839140274,10.6094183597212,3.));
#3444=CARTESIAN_POINT('Ctrl Pts',(-5.92476839140274,10.6094183597212,2.6));
#3445=CARTESIAN_POINT('Ctrl Pts',(-5.87963795689799,10.7268486345292,3.));
#3446=CARTESIAN_POINT('Ctrl Pts',(-5.87963795689799,10.7268486345292,2.6));
#3447=CARTESIAN_POINT('Ctrl Pts',(-5.87468583804207,10.7924992306707,3.));
#3448=CARTESIAN_POINT('Ctrl Pts',(-5.87468583804207,10.7924992306707,2.6));
#3449=CARTESIAN_POINT('Ctrl Pts',(-5.86973371918615,10.8581498268121,3.));
#3450=CARTESIAN_POINT('Ctrl Pts',(-5.86973371918615,10.8581498268121,2.6));
#3451=CARTESIAN_POINT('',(-6.00680328906214,10.5067716145073,3.));
#3452=CARTESIAN_POINT('Ctrl Pts',(-6.00680328906214,10.5067716145073,3.));
#3453=CARTESIAN_POINT('Ctrl Pts',(-5.96392709076239,10.5604207605194,3.));
#3454=CARTESIAN_POINT('Ctrl Pts',(-5.92476839140274,10.6094183597212,3.));
#3455=CARTESIAN_POINT('Ctrl Pts',(-5.87963795689799,10.7268486345292,3.));
#3456=CARTESIAN_POINT('Ctrl Pts',(-5.87468583804207,10.7924992306707,3.));
#3457=CARTESIAN_POINT('Ctrl Pts',(-5.86973371918615,10.8581498268121,3.));
#3458=CARTESIAN_POINT('',(-6.00680328906214,10.5067716145073,2.6));
#3459=CARTESIAN_POINT('',(-6.00680328906214,10.5067716145073,3.));
#3460=CARTESIAN_POINT('Ctrl Pts',(-6.00680328906214,10.5067716145073,2.6));
#3461=CARTESIAN_POINT('Ctrl Pts',(-5.96392709076239,10.5604207605194,2.6));
#3462=CARTESIAN_POINT('Ctrl Pts',(-5.92476839140274,10.6094183597212,2.6));
#3463=CARTESIAN_POINT('Ctrl Pts',(-5.87963795689799,10.7268486345292,2.6));
#3464=CARTESIAN_POINT('Ctrl Pts',(-5.87468583804207,10.7924992306707,2.6));
#3465=CARTESIAN_POINT('Ctrl Pts',(-5.86973371918615,10.8581498268121,2.6));
#3466=CARTESIAN_POINT('Ctrl Pts',(-6.35545909487359,10.3684341285652,3.));
#3467=CARTESIAN_POINT('Ctrl Pts',(-6.35545909487359,10.3684341285652,2.6));
#3468=CARTESIAN_POINT('Ctrl Pts',(-6.29013528590237,10.3735592654543,3.));
#3469=CARTESIAN_POINT('Ctrl Pts',(-6.29013528590237,10.3735592654543,2.6));
#3470=CARTESIAN_POINT('Ctrl Pts',(-6.22481147693111,10.3786844023434,3.));
#3471=CARTESIAN_POINT('Ctrl Pts',(-6.22481147693111,10.3786844023434,2.6));
#3472=CARTESIAN_POINT('Ctrl Pts',(-6.10831668151428,10.4242817569429,3.));
#3473=CARTESIAN_POINT('Ctrl Pts',(-6.10831668151428,10.4242817569429,2.6));
#3474=CARTESIAN_POINT('Ctrl Pts',(-6.05968022892768,10.4638037741802,3.));
#3475=CARTESIAN_POINT('Ctrl Pts',(-6.05968022892768,10.4638037741802,2.6));
#3476=CARTESIAN_POINT('Ctrl Pts',(-6.00680328906214,10.5067716145073,3.));
#3477=CARTESIAN_POINT('Ctrl Pts',(-6.00680328906214,10.5067716145073,2.6));
#3478=CARTESIAN_POINT('',(-6.35545909487359,10.3684341285652,3.));
#3479=CARTESIAN_POINT('Ctrl Pts',(-6.35545909487359,10.3684341285652,3.));
#3480=CARTESIAN_POINT('Ctrl Pts',(-6.29013528590237,10.3735592654543,3.));
#3481=CARTESIAN_POINT('Ctrl Pts',(-6.22481147693111,10.3786844023434,3.));
#3482=CARTESIAN_POINT('Ctrl Pts',(-6.10831668151428,10.4242817569429,3.));
#3483=CARTESIAN_POINT('Ctrl Pts',(-6.05968022892768,10.4638037741802,3.));
#3484=CARTESIAN_POINT('Ctrl Pts',(-6.00680328906214,10.5067716145073,3.));
#3485=CARTESIAN_POINT('',(-6.35545909487359,10.3684341285652,2.6));
#3486=CARTESIAN_POINT('',(-6.35545909487359,10.3684341285652,3.));
#3487=CARTESIAN_POINT('Ctrl Pts',(-6.35545909487359,10.3684341285652,2.6));
#3488=CARTESIAN_POINT('Ctrl Pts',(-6.29013528590237,10.3735592654543,2.6));
#3489=CARTESIAN_POINT('Ctrl Pts',(-6.22481147693111,10.3786844023434,2.6));
#3490=CARTESIAN_POINT('Ctrl Pts',(-6.10831668151428,10.4242817569429,2.6));
#3491=CARTESIAN_POINT('Ctrl Pts',(-6.05968022892768,10.4638037741802,2.6));
#3492=CARTESIAN_POINT('Ctrl Pts',(-6.00680328906214,10.5067716145073,2.6));
#3493=CARTESIAN_POINT('Ctrl Pts',(-6.72730771767364,10.5174285532377,3.));
#3494=CARTESIAN_POINT('Ctrl Pts',(-6.72730771767364,10.5174285532377,2.6));
#3495=CARTESIAN_POINT('Ctrl Pts',(-6.67177336624324,10.472290530627,3.));
#3496=CARTESIAN_POINT('Ctrl Pts',(-6.67177336624324,10.472290530627,2.6));
#3497=CARTESIAN_POINT('Ctrl Pts',(-6.61890587744916,10.4293201196454,3.));
#3498=CARTESIAN_POINT('Ctrl Pts',(-6.61890587744916,10.4293201196454,2.6));
#3499=CARTESIAN_POINT('Ctrl Pts',(-6.49480400451032,10.379973490356,3.));
#3500=CARTESIAN_POINT('Ctrl Pts',(-6.49480400451032,10.379973490356,2.6));
#3501=CARTESIAN_POINT('Ctrl Pts',(-6.42513154969197,10.3742038094606,3.));
#3502=CARTESIAN_POINT('Ctrl Pts',(-6.42513154969197,10.3742038094606,2.6));
#3503=CARTESIAN_POINT('Ctrl Pts',(-6.35545909487359,10.3684341285652,3.));
#3504=CARTESIAN_POINT('Ctrl Pts',(-6.35545909487359,10.3684341285652,2.6));
#3505=CARTESIAN_POINT('',(-6.72730771767364,10.5174285532377,3.));
#3506=CARTESIAN_POINT('Ctrl Pts',(-6.72730771767364,10.5174285532377,3.));
#3507=CARTESIAN_POINT('Ctrl Pts',(-6.67177336624324,10.472290530627,3.));
#3508=CARTESIAN_POINT('Ctrl Pts',(-6.61890587744916,10.4293201196454,3.));
#3509=CARTESIAN_POINT('Ctrl Pts',(-6.49480400451032,10.379973490356,3.));
#3510=CARTESIAN_POINT('Ctrl Pts',(-6.42513154969197,10.3742038094606,3.));
#3511=CARTESIAN_POINT('Ctrl Pts',(-6.35545909487359,10.3684341285652,3.));
#3512=CARTESIAN_POINT('',(-6.72730771767364,10.5174285532377,2.6));
#3513=CARTESIAN_POINT('',(-6.72730771767364,10.5174285532377,3.));
#3514=CARTESIAN_POINT('Ctrl Pts',(-6.72730771767364,10.5174285532377,2.6));
#3515=CARTESIAN_POINT('Ctrl Pts',(-6.67177336624324,10.472290530627,2.6));
#3516=CARTESIAN_POINT('Ctrl Pts',(-6.61890587744916,10.4293201196454,2.6));
#3517=CARTESIAN_POINT('Ctrl Pts',(-6.49480400451032,10.379973490356,2.6));
#3518=CARTESIAN_POINT('Ctrl Pts',(-6.42513154969197,10.3742038094606,2.6));
#3519=CARTESIAN_POINT('Ctrl Pts',(-6.35545909487359,10.3684341285652,2.6));
#3520=CARTESIAN_POINT('Ctrl Pts',(-6.87759325587731,10.8831305949306,3.));
#3521=CARTESIAN_POINT('Ctrl Pts',(-6.87759325587731,10.8831305949306,2.6));
#3522=CARTESIAN_POINT('Ctrl Pts',(-6.87150291070331,10.8143598189334,3.));
#3523=CARTESIAN_POINT('Ctrl Pts',(-6.87150291070331,10.8143598189334,2.6));
#3524=CARTESIAN_POINT('Ctrl Pts',(-6.86541256552932,10.7455890429363,3.));
#3525=CARTESIAN_POINT('Ctrl Pts',(-6.86541256552932,10.7455890429363,2.6));
#3526=CARTESIAN_POINT('Ctrl Pts',(-6.81547824547836,10.6236160655859,3.));
#3527=CARTESIAN_POINT('Ctrl Pts',(-6.81547824547836,10.6236160655859,2.6));
#3528=CARTESIAN_POINT('Ctrl Pts',(-6.77194926150575,10.5711922609634,3.));
#3529=CARTESIAN_POINT('Ctrl Pts',(-6.77194926150575,10.5711922609634,2.6));
#3530=CARTESIAN_POINT('Ctrl Pts',(-6.72730771767364,10.5174285532377,3.));
#3531=CARTESIAN_POINT('Ctrl Pts',(-6.72730771767364,10.5174285532377,2.6));
#3532=CARTESIAN_POINT('',(-6.87759325587731,10.8831305949306,3.));
#3533=CARTESIAN_POINT('Ctrl Pts',(-6.87759325587731,10.8831305949306,3.));
#3534=CARTESIAN_POINT('Ctrl Pts',(-6.87150291070331,10.8143598189334,3.));
#3535=CARTESIAN_POINT('Ctrl Pts',(-6.86541256552932,10.7455890429363,3.));
#3536=CARTESIAN_POINT('Ctrl Pts',(-6.81547824547836,10.6236160655859,3.));
#3537=CARTESIAN_POINT('Ctrl Pts',(-6.77194926150575,10.5711922609634,3.));
#3538=CARTESIAN_POINT('Ctrl Pts',(-6.72730771767364,10.5174285532377,3.));
#3539=CARTESIAN_POINT('',(-6.87759325587731,10.8831305949306,2.6));
#3540=CARTESIAN_POINT('',(-6.87759325587731,10.8831305949306,3.));
#3541=CARTESIAN_POINT('Ctrl Pts',(-6.87759325587731,10.8831305949306,2.6));
#3542=CARTESIAN_POINT('Ctrl Pts',(-6.87150291070331,10.8143598189334,2.6));
#3543=CARTESIAN_POINT('Ctrl Pts',(-6.86541256552932,10.7455890429363,2.6));
#3544=CARTESIAN_POINT('Ctrl Pts',(-6.81547824547836,10.6236160655859,2.6));
#3545=CARTESIAN_POINT('Ctrl Pts',(-6.77194926150575,10.5711922609634,2.6));
#3546=CARTESIAN_POINT('Ctrl Pts',(-6.72730771767364,10.5174285532377,2.6));
#3547=CARTESIAN_POINT('Ctrl Pts',(-6.76266819545485,11.1927151632878,3.));
#3548=CARTESIAN_POINT('Ctrl Pts',(-6.76266819545485,11.1927151632878,2.6));
#3549=CARTESIAN_POINT('Ctrl Pts',(-6.79788279087118,11.145278214318,3.));
#3550=CARTESIAN_POINT('Ctrl Pts',(-6.79788279087118,11.145278214318,2.6));
#3551=CARTESIAN_POINT('Ctrl Pts',(-6.83091479695337,11.1007813922371,3.));
#3552=CARTESIAN_POINT('Ctrl Pts',(-6.83091479695337,11.1007813922371,2.6));
#3553=CARTESIAN_POINT('Ctrl Pts',(-6.86890001085373,10.9974314890921,3.));
#3554=CARTESIAN_POINT('Ctrl Pts',(-6.86890001085373,10.9974314890921,2.6));
#3555=CARTESIAN_POINT('Ctrl Pts',(-6.87324663336552,10.9402810420113,3.));
#3556=CARTESIAN_POINT('Ctrl Pts',(-6.87324663336552,10.9402810420113,2.6));
#3557=CARTESIAN_POINT('Ctrl Pts',(-6.87759325587731,10.8831305949306,3.));
#3558=CARTESIAN_POINT('Ctrl Pts',(-6.87759325587731,10.8831305949306,2.6));
#3559=CARTESIAN_POINT('',(-6.76266819545485,11.1927151632878,3.));
#3560=CARTESIAN_POINT('Ctrl Pts',(-6.76266819545485,11.1927151632878,3.));
#3561=CARTESIAN_POINT('Ctrl Pts',(-6.79788279087118,11.145278214318,3.));
#3562=CARTESIAN_POINT('Ctrl Pts',(-6.83091479695337,11.1007813922371,3.));
#3563=CARTESIAN_POINT('Ctrl Pts',(-6.86890001085373,10.9974314890921,3.));
#3564=CARTESIAN_POINT('Ctrl Pts',(-6.87324663336552,10.9402810420113,3.));
#3565=CARTESIAN_POINT('Ctrl Pts',(-6.87759325587731,10.8831305949306,3.));
#3566=CARTESIAN_POINT('',(-6.76266819545485,11.1927151632878,2.6));
#3567=CARTESIAN_POINT('',(-6.76266819545485,11.1927151632878,3.));
#3568=CARTESIAN_POINT('Ctrl Pts',(-6.76266819545485,11.1927151632878,2.6));
#3569=CARTESIAN_POINT('Ctrl Pts',(-6.79788279087118,11.145278214318,2.6));
#3570=CARTESIAN_POINT('Ctrl Pts',(-6.83091479695337,11.1007813922371,2.6));
#3571=CARTESIAN_POINT('Ctrl Pts',(-6.86890001085373,10.9974314890921,2.6));
#3572=CARTESIAN_POINT('Ctrl Pts',(-6.87324663336552,10.9402810420113,2.6));
#3573=CARTESIAN_POINT('Ctrl Pts',(-6.87759325587731,10.8831305949306,2.6));
#3574=CARTESIAN_POINT('Ctrl Pts',(-6.38675201443283,11.3728493345254,3.));
#3575=CARTESIAN_POINT('Ctrl Pts',(-6.38675201443283,11.3728493345254,2.6));
#3576=CARTESIAN_POINT('Ctrl Pts',(-6.45650139434025,11.3569634343161,3.));
#3577=CARTESIAN_POINT('Ctrl Pts',(-6.45650139434025,11.3569634343161,2.6));
#3578=CARTESIAN_POINT('Ctrl Pts',(-6.52625077424769,11.3410775341068,3.));
#3579=CARTESIAN_POINT('Ctrl Pts',(-6.52625077424769,11.3410775341068,2.6));
#3580=CARTESIAN_POINT('Ctrl Pts',(-6.65391331580081,11.2823200582925,3.));
#3581=CARTESIAN_POINT('Ctrl Pts',(-6.65391331580081,11.2823200582925,2.6));
#3582=CARTESIAN_POINT('Ctrl Pts',(-6.70049115751656,11.2439438251546,3.));
#3583=CARTESIAN_POINT('Ctrl Pts',(-6.70049115751656,11.2439438251546,2.6));
#3584=CARTESIAN_POINT('Ctrl Pts',(-6.76266819545485,11.1927151632878,3.));
#3585=CARTESIAN_POINT('Ctrl Pts',(-6.76266819545485,11.1927151632878,2.6));
#3586=CARTESIAN_POINT('',(-6.38675201443283,11.3728493345254,3.));
#3587=CARTESIAN_POINT('Ctrl Pts',(-6.38675201443283,11.3728493345254,3.));
#3588=CARTESIAN_POINT('Ctrl Pts',(-6.45650139434025,11.3569634343161,3.));
#3589=CARTESIAN_POINT('Ctrl Pts',(-6.52625077424769,11.3410775341068,3.));
#3590=CARTESIAN_POINT('Ctrl Pts',(-6.65391331580081,11.2823200582925,3.));
#3591=CARTESIAN_POINT('Ctrl Pts',(-6.70049115751656,11.2439438251546,3.));
#3592=CARTESIAN_POINT('Ctrl Pts',(-6.76266819545485,11.1927151632878,3.));
#3593=CARTESIAN_POINT('',(-6.38675201443283,11.3728493345254,2.6));
#3594=CARTESIAN_POINT('',(-6.38675201443283,11.3728493345254,3.));
#3595=CARTESIAN_POINT('Ctrl Pts',(-6.38675201443283,11.3728493345254,2.6));
#3596=CARTESIAN_POINT('Ctrl Pts',(-6.45650139434025,11.3569634343161,2.6));
#3597=CARTESIAN_POINT('Ctrl Pts',(-6.52625077424769,11.3410775341068,2.6));
#3598=CARTESIAN_POINT('Ctrl Pts',(-6.65391331580081,11.2823200582925,2.6));
#3599=CARTESIAN_POINT('Ctrl Pts',(-6.70049115751656,11.2439438251546,2.6));
#3600=CARTESIAN_POINT('Ctrl Pts',(-6.76266819545485,11.1927151632878,2.6));
#3601=CARTESIAN_POINT('Origin',(-6.42786216996909,11.6797829091846,3.));
#3602=CARTESIAN_POINT('',(-5.93811781268782,8.02329014508191,3.));
#3603=CARTESIAN_POINT('',(-6.55492771726654,12.6284702138002,2.6));
#3604=CARTESIAN_POINT('Origin',(-5.8544133087897,14.0004419537733,2.6));
#3605=CARTESIAN_POINT('Origin',(-4.86761845666824,17.6271647281329,3.));
#3606=CARTESIAN_POINT('',(-4.86761845666824,17.6271647281329,3.));
#3607=CARTESIAN_POINT('',(-5.69469891792816,17.6266730343305,3.));
#3608=CARTESIAN_POINT('',(-6.53475760600601,17.626173625059,3.));
#3609=CARTESIAN_POINT('',(-4.86761845666824,17.6271647281329,2.6));
#3610=CARTESIAN_POINT('',(-4.86761845666824,17.6271647281329,3.));
#3611=CARTESIAN_POINT('',(-5.69469891792816,17.6266730343305,2.6));
#3612=CARTESIAN_POINT('',(-5.77563396981657,17.6266249189835,2.6));
#3613=CARTESIAN_POINT('',(-5.69469891792816,17.6266730343305,3.));
#3614=CARTESIAN_POINT('Origin',(-4.86714805283318,16.8358962212417,3.));
#3615=CARTESIAN_POINT('',(-4.86714805283318,16.8358962212417,3.));
#3616=CARTESIAN_POINT('',(-4.8633329413994,10.4184793067096,3.));
#3617=CARTESIAN_POINT('',(-4.86714805283318,16.8358962212417,2.6));
#3618=CARTESIAN_POINT('',(-4.86714805283318,16.8358962212417,3.));
#3619=CARTESIAN_POINT('',(-4.86654060021055,15.8140973032013,2.6));
#3620=CARTESIAN_POINT('Ctrl Pts',(-4.98116283147698,16.4291092201876,3.));
#3621=CARTESIAN_POINT('Ctrl Pts',(-4.98116283147698,16.4291092201876,2.6));
#3622=CARTESIAN_POINT('Ctrl Pts',(-4.93790623692239,16.4995116959966,3.));
#3623=CARTESIAN_POINT('Ctrl Pts',(-4.93790623692239,16.4995116959966,2.6));
#3624=CARTESIAN_POINT('Ctrl Pts',(-4.90602585922387,16.5513987560579,3.));
#3625=CARTESIAN_POINT('Ctrl Pts',(-4.90602585922387,16.5513987560579,2.6));
#3626=CARTESIAN_POINT('Ctrl Pts',(-4.87016134961843,16.6896037371258,3.));
#3627=CARTESIAN_POINT('Ctrl Pts',(-4.87016134961843,16.6896037371258,2.6));
#3628=CARTESIAN_POINT('Ctrl Pts',(-4.8686547012258,16.7627499791838,3.));
#3629=CARTESIAN_POINT('Ctrl Pts',(-4.8686547012258,16.7627499791838,2.6));
#3630=CARTESIAN_POINT('Ctrl Pts',(-4.86714805283318,16.8358962212417,3.));
#3631=CARTESIAN_POINT('Ctrl Pts',(-4.86714805283318,16.8358962212417,2.6));
#3632=CARTESIAN_POINT('',(-4.98116283147698,16.4291092201876,3.));
#3633=CARTESIAN_POINT('Ctrl Pts',(-4.98116283147698,16.4291092201876,3.));
#3634=CARTESIAN_POINT('Ctrl Pts',(-4.93790623692239,16.4995116959966,3.));
#3635=CARTESIAN_POINT('Ctrl Pts',(-4.90602585922387,16.5513987560579,3.));
#3636=CARTESIAN_POINT('Ctrl Pts',(-4.87016134961843,16.6896037371258,3.));
#3637=CARTESIAN_POINT('Ctrl Pts',(-4.8686547012258,16.7627499791838,3.));
#3638=CARTESIAN_POINT('Ctrl Pts',(-4.86714805283318,16.8358962212417,3.));
#3639=CARTESIAN_POINT('',(-4.98116283147698,16.4291092201876,2.6));
#3640=CARTESIAN_POINT('',(-4.98116283147698,16.4291092201876,3.));
#3641=CARTESIAN_POINT('Ctrl Pts',(-4.98116283147698,16.4291092201876,2.6));
#3642=CARTESIAN_POINT('Ctrl Pts',(-4.93790623692239,16.4995116959966,2.6));
#3643=CARTESIAN_POINT('Ctrl Pts',(-4.90602585922387,16.5513987560579,2.6));
#3644=CARTESIAN_POINT('Ctrl Pts',(-4.87016134961843,16.6896037371258,2.6));
#3645=CARTESIAN_POINT('Ctrl Pts',(-4.8686547012258,16.7627499791838,2.6));
#3646=CARTESIAN_POINT('Ctrl Pts',(-4.86714805283318,16.8358962212417,2.6));
#3647=CARTESIAN_POINT('Ctrl Pts',(-5.27269600221448,16.3001844857828,3.));
#3648=CARTESIAN_POINT('Ctrl Pts',(-5.27269600221448,16.3001844857828,2.6));
#3649=CARTESIAN_POINT('Ctrl Pts',(-5.21685287713537,16.305352841775,3.));
#3650=CARTESIAN_POINT('Ctrl Pts',(-5.21685287713537,16.305352841775,2.6));
#3651=CARTESIAN_POINT('Ctrl Pts',(-5.16100975205623,16.3105211977673,3.));
#3652=CARTESIAN_POINT('Ctrl Pts',(-5.16100975205623,16.3105211977673,2.6));
#3653=CARTESIAN_POINT('Ctrl Pts',(-5.06374329668084,16.353315245768,3.));
#3654=CARTESIAN_POINT('Ctrl Pts',(-5.06374329668084,16.353315245768,2.6));
#3655=CARTESIAN_POINT('Ctrl Pts',(-5.02313170864785,16.3905893596509,3.));
#3656=CARTESIAN_POINT('Ctrl Pts',(-5.02313170864785,16.3905893596509,2.6));
#3657=CARTESIAN_POINT('Ctrl Pts',(-4.98116283147698,16.4291092201876,3.));
#3658=CARTESIAN_POINT('Ctrl Pts',(-4.98116283147698,16.4291092201876,2.6));
#3659=CARTESIAN_POINT('',(-5.27269600221448,16.3001844857828,3.));
#3660=CARTESIAN_POINT('Ctrl Pts',(-5.27269600221448,16.3001844857828,3.));
#3661=CARTESIAN_POINT('Ctrl Pts',(-5.21685287713537,16.305352841775,3.));
#3662=CARTESIAN_POINT('Ctrl Pts',(-5.16100975205623,16.3105211977673,3.));
#3663=CARTESIAN_POINT('Ctrl Pts',(-5.06374329668084,16.353315245768,3.));
#3664=CARTESIAN_POINT('Ctrl Pts',(-5.02313170864785,16.3905893596509,3.));
#3665=CARTESIAN_POINT('Ctrl Pts',(-4.98116283147698,16.4291092201876,3.));
#3666=CARTESIAN_POINT('',(-5.27269600221448,16.3001844857828,2.6));
#3667=CARTESIAN_POINT('',(-5.27269600221448,16.3001844857828,3.));
#3668=CARTESIAN_POINT('Ctrl Pts',(-5.27269600221448,16.3001844857828,2.6));
#3669=CARTESIAN_POINT('Ctrl Pts',(-5.21685287713537,16.305352841775,2.6));
#3670=CARTESIAN_POINT('Ctrl Pts',(-5.16100975205623,16.3105211977673,2.6));
#3671=CARTESIAN_POINT('Ctrl Pts',(-5.06374329668084,16.353315245768,2.6));
#3672=CARTESIAN_POINT('Ctrl Pts',(-5.02313170864785,16.3905893596509,2.6));
#3673=CARTESIAN_POINT('Ctrl Pts',(-4.98116283147698,16.4291092201876,2.6));
#3674=CARTESIAN_POINT('Ctrl Pts',(-5.49698516178823,16.366558617817,3.));
#3675=CARTESIAN_POINT('Ctrl Pts',(-5.49698516178823,16.366558617817,2.6));
#3676=CARTESIAN_POINT('Ctrl Pts',(-5.46203858307995,16.3472519018682,3.));
#3677=CARTESIAN_POINT('Ctrl Pts',(-5.46203858307995,16.3472519018682,2.6));
#3678=CARTESIAN_POINT('Ctrl Pts',(-5.42709200437166,16.3279451859194,3.));
#3679=CARTESIAN_POINT('Ctrl Pts',(-5.42709200437166,16.3279451859194,2.6));
#3680=CARTESIAN_POINT('Ctrl Pts',(-5.35233975899552,16.3057802435103,3.));
#3681=CARTESIAN_POINT('Ctrl Pts',(-5.35233975899552,16.3057802435103,2.6));
#3682=CARTESIAN_POINT('Ctrl Pts',(-5.31280376366341,16.3030024507449,3.));
#3683=CARTESIAN_POINT('Ctrl Pts',(-5.31280376366341,16.3030024507449,2.6));
#3684=CARTESIAN_POINT('Ctrl Pts',(-5.27269600221448,16.3001844857828,3.));
#3685=CARTESIAN_POINT('Ctrl Pts',(-5.27269600221448,16.3001844857828,2.6));
#3686=CARTESIAN_POINT('',(-5.49698516178823,16.366558617817,3.));
#3687=CARTESIAN_POINT('Ctrl Pts',(-5.49698516178823,16.366558617817,3.));
#3688=CARTESIAN_POINT('Ctrl Pts',(-5.46203858307995,16.3472519018682,3.));
#3689=CARTESIAN_POINT('Ctrl Pts',(-5.42709200437166,16.3279451859194,3.));
#3690=CARTESIAN_POINT('Ctrl Pts',(-5.35233975899552,16.3057802435103,3.));
#3691=CARTESIAN_POINT('Ctrl Pts',(-5.31280376366341,16.3030024507449,3.));
#3692=CARTESIAN_POINT('Ctrl Pts',(-5.27269600221448,16.3001844857828,3.));
#3693=CARTESIAN_POINT('',(-5.49698516178823,16.366558617817,2.6));
#3694=CARTESIAN_POINT('',(-5.49698516178823,16.366558617817,3.));
#3695=CARTESIAN_POINT('Ctrl Pts',(-5.49698516178823,16.366558617817,2.6));
#3696=CARTESIAN_POINT('Ctrl Pts',(-5.46203858307995,16.3472519018682,2.6));
#3697=CARTESIAN_POINT('Ctrl Pts',(-5.42709200437166,16.3279451859194,2.6));
#3698=CARTESIAN_POINT('Ctrl Pts',(-5.35233975899552,16.3057802435103,2.6));
#3699=CARTESIAN_POINT('Ctrl Pts',(-5.31280376366341,16.3030024507449,2.6));
#3700=CARTESIAN_POINT('Ctrl Pts',(-5.27269600221448,16.3001844857828,2.6));
#3701=CARTESIAN_POINT('Ctrl Pts',(-5.64716896189739,16.5608758783055,3.));
#3702=CARTESIAN_POINT('Ctrl Pts',(-5.64716896189739,16.5608758783055,2.6));
#3703=CARTESIAN_POINT('Ctrl Pts',(-5.63015542713835,16.5222329316614,3.));
#3704=CARTESIAN_POINT('Ctrl Pts',(-5.63015542713835,16.5222329316614,2.6));
#3705=CARTESIAN_POINT('Ctrl Pts',(-5.61314189237933,16.4835899850173,3.));
#3706=CARTESIAN_POINT('Ctrl Pts',(-5.61314189237933,16.4835899850173,2.6));
#3707=CARTESIAN_POINT('Ctrl Pts',(-5.56333453916236,16.4185415283408,3.));
#3708=CARTESIAN_POINT('Ctrl Pts',(-5.56333453916236,16.4185415283408,2.6));
#3709=CARTESIAN_POINT('Ctrl Pts',(-5.53180984245373,16.3938427963685,3.));
#3710=CARTESIAN_POINT('Ctrl Pts',(-5.53180984245373,16.3938427963685,2.6));
#3711=CARTESIAN_POINT('Ctrl Pts',(-5.49698516178823,16.366558617817,3.));
#3712=CARTESIAN_POINT('Ctrl Pts',(-5.49698516178823,16.366558617817,2.6));
#3713=CARTESIAN_POINT('',(-5.64716896189739,16.5608758783055,3.));
#3714=CARTESIAN_POINT('Ctrl Pts',(-5.64716896189739,16.5608758783055,3.));
#3715=CARTESIAN_POINT('Ctrl Pts',(-5.63015542713835,16.5222329316614,3.));
#3716=CARTESIAN_POINT('Ctrl Pts',(-5.61314189237933,16.4835899850173,3.));
#3717=CARTESIAN_POINT('Ctrl Pts',(-5.56333453916236,16.4185415283408,3.));
#3718=CARTESIAN_POINT('Ctrl Pts',(-5.53180984245373,16.3938427963685,3.));
#3719=CARTESIAN_POINT('Ctrl Pts',(-5.49698516178823,16.366558617817,3.));
#3720=CARTESIAN_POINT('',(-5.64716896189739,16.5608758783055,2.6));
#3721=CARTESIAN_POINT('',(-5.64716896189739,16.5608758783055,3.));
#3722=CARTESIAN_POINT('Ctrl Pts',(-5.64716896189739,16.5608758783055,2.6));
#3723=CARTESIAN_POINT('Ctrl Pts',(-5.63015542713835,16.5222329316614,2.6));
#3724=CARTESIAN_POINT('Ctrl Pts',(-5.61314189237933,16.4835899850173,2.6));
#3725=CARTESIAN_POINT('Ctrl Pts',(-5.56333453916236,16.4185415283408,2.6));
#3726=CARTESIAN_POINT('Ctrl Pts',(-5.53180984245373,16.3938427963685,2.6));
#3727=CARTESIAN_POINT('Ctrl Pts',(-5.49698516178823,16.366558617817,2.6));
#3728=CARTESIAN_POINT('Ctrl Pts',(-5.69427616276392,16.9155545810822,3.));
#3729=CARTESIAN_POINT('Ctrl Pts',(-5.69427616276392,16.9155545810822,2.6));
#3730=CARTESIAN_POINT('Ctrl Pts',(-5.69358542305549,16.8554118183339,3.));
#3731=CARTESIAN_POINT('Ctrl Pts',(-5.69358542305549,16.8554118183339,2.6));
#3732=CARTESIAN_POINT('Ctrl Pts',(-5.69289468334707,16.7952690555856,3.));
#3733=CARTESIAN_POINT('Ctrl Pts',(-5.69289468334707,16.7952690555856,2.6));
#3734=CARTESIAN_POINT('Ctrl Pts',(-5.67805842605225,16.6753566591163,3.));
#3735=CARTESIAN_POINT('Ctrl Pts',(-5.67805842605225,16.6753566591163,2.6));
#3736=CARTESIAN_POINT('Ctrl Pts',(-5.66493639233051,16.6267245216743,3.));
#3737=CARTESIAN_POINT('Ctrl Pts',(-5.66493639233051,16.6267245216743,2.6));
#3738=CARTESIAN_POINT('Ctrl Pts',(-5.64716896189739,16.5608758783055,3.));
#3739=CARTESIAN_POINT('Ctrl Pts',(-5.64716896189739,16.5608758783055,2.6));
#3740=CARTESIAN_POINT('',(-5.69427616276392,16.9155545810822,3.));
#3741=CARTESIAN_POINT('Ctrl Pts',(-5.69427616276392,16.9155545810822,3.));
#3742=CARTESIAN_POINT('Ctrl Pts',(-5.69358542305549,16.8554118183339,3.));
#3743=CARTESIAN_POINT('Ctrl Pts',(-5.69289468334707,16.7952690555856,3.));
#3744=CARTESIAN_POINT('Ctrl Pts',(-5.67805842605225,16.6753566591163,3.));
#3745=CARTESIAN_POINT('Ctrl Pts',(-5.66493639233051,16.6267245216743,3.));
#3746=CARTESIAN_POINT('Ctrl Pts',(-5.64716896189739,16.5608758783055,3.));
#3747=CARTESIAN_POINT('',(-5.69427616276392,16.9155545810822,2.6));
#3748=CARTESIAN_POINT('',(-5.69427616276392,16.9155545810822,3.));
#3749=CARTESIAN_POINT('Ctrl Pts',(-5.69427616276392,16.9155545810822,2.6));
#3750=CARTESIAN_POINT('Ctrl Pts',(-5.69358542305549,16.8554118183339,2.6));
#3751=CARTESIAN_POINT('Ctrl Pts',(-5.69289468334707,16.7952690555856,2.6));
#3752=CARTESIAN_POINT('Ctrl Pts',(-5.67805842605225,16.6753566591163,2.6));
#3753=CARTESIAN_POINT('Ctrl Pts',(-5.66493639233051,16.6267245216743,2.6));
#3754=CARTESIAN_POINT('Ctrl Pts',(-5.64716896189739,16.5608758783055,2.6));
#3755=CARTESIAN_POINT('Origin',(-5.69469891792816,17.6266730343305,3.));
#3756=CARTESIAN_POINT('',(-5.69064860457686,10.8136218663528,3.));
#3757=CARTESIAN_POINT('',(-5.69340968388834,15.4580463827748,2.6));
#3758=CARTESIAN_POINT('Origin',(-7.09135619761635,17.6258427309191,3.));
#3759=CARTESIAN_POINT('',(-7.09135619761635,17.6258427309191,3.));
#3760=CARTESIAN_POINT('',(-7.09155287517275,17.9566749750277,3.));
#3761=CARTESIAN_POINT('',(-7.08730588426502,10.8127915629413,3.));
#3762=CARTESIAN_POINT('',(-7.09135619761635,17.6258427309191,2.6));
#3763=CARTESIAN_POINT('',(-7.09135619761635,17.6258427309191,3.));
#3764=CARTESIAN_POINT('',(-7.09155287517275,17.9566749750277,2.6));
#3765=CARTESIAN_POINT('',(-7.09037667993685,15.9781914280418,2.6));
#3766=CARTESIAN_POINT('',(-7.09155287517275,17.9566749750277,3.));
#3767=CARTESIAN_POINT('Origin',(-5.98119276473956,17.6265027156547,3.));
#3768=CARTESIAN_POINT('',(-5.98119276473956,17.6265027156547,3.));
#3769=CARTESIAN_POINT('',(-7.09154476004167,17.62584261882,3.));
#3770=CARTESIAN_POINT('',(-5.98119276473956,17.6265027156547,2.6));
#3771=CARTESIAN_POINT('',(-5.98119276473956,17.6265027156547,3.));
#3772=CARTESIAN_POINT('',(-6.47396260966066,17.6262097672778,2.6));
#3773=CARTESIAN_POINT('Origin',(-5.98096465938922,17.2428056313205,3.));
#3774=CARTESIAN_POINT('',(-5.98096465938922,17.2428056313205,3.));
#3775=CARTESIAN_POINT('',(-5.97702839871308,10.6216030055099,3.));
#3776=CARTESIAN_POINT('',(-5.98096465938922,17.2428056313205,2.6));
#3777=CARTESIAN_POINT('',(-5.98096465938922,17.2428056313205,3.));
#3778=CARTESIAN_POINT('',(-5.98011490828187,15.8134352907231,2.6));
#3779=CARTESIAN_POINT('Ctrl Pts',(-5.99279233802454,17.058624089245,3.));
#3780=CARTESIAN_POINT('Ctrl Pts',(-5.99279233802454,17.058624089245,2.6));
#3781=CARTESIAN_POINT('Ctrl Pts',(-5.98792690112958,17.0935871422506,3.));
#3782=CARTESIAN_POINT('Ctrl Pts',(-5.98792690112958,17.0935871422506,2.6));
#3783=CARTESIAN_POINT('Ctrl Pts',(-5.98451976266397,17.1180708557057,3.));
#3784=CARTESIAN_POINT('Ctrl Pts',(-5.98451976266397,17.1180708557057,2.6));
#3785=CARTESIAN_POINT('Ctrl Pts',(-5.98089823448593,17.1811185175933,3.));
#3786=CARTESIAN_POINT('Ctrl Pts',(-5.98089823448593,17.1811185175933,2.6));
#3787=CARTESIAN_POINT('Ctrl Pts',(-5.98093144693758,17.2119620744569,3.));
#3788=CARTESIAN_POINT('Ctrl Pts',(-5.98093144693758,17.2119620744569,2.6));
#3789=CARTESIAN_POINT('Ctrl Pts',(-5.98096465938922,17.2428056313205,3.));
#3790=CARTESIAN_POINT('Ctrl Pts',(-5.98096465938922,17.2428056313205,2.6));
#3791=CARTESIAN_POINT('',(-5.99279233802454,17.058624089245,3.));
#3792=CARTESIAN_POINT('Ctrl Pts',(-5.99279233802454,17.058624089245,3.));
#3793=CARTESIAN_POINT('Ctrl Pts',(-5.98792690112958,17.0935871422506,3.));
#3794=CARTESIAN_POINT('Ctrl Pts',(-5.98451976266397,17.1180708557057,3.));
#3795=CARTESIAN_POINT('Ctrl Pts',(-5.98089823448593,17.1811185175933,3.));
#3796=CARTESIAN_POINT('Ctrl Pts',(-5.98093144693758,17.2119620744569,3.));
#3797=CARTESIAN_POINT('Ctrl Pts',(-5.98096465938922,17.2428056313205,3.));
#3798=CARTESIAN_POINT('',(-5.99279233802454,17.058624089245,2.6));
#3799=CARTESIAN_POINT('',(-5.99279233802454,17.058624089245,3.));
#3800=CARTESIAN_POINT('Ctrl Pts',(-5.99279233802454,17.058624089245,2.6));
#3801=CARTESIAN_POINT('Ctrl Pts',(-5.98792690112958,17.0935871422506,2.6));
#3802=CARTESIAN_POINT('Ctrl Pts',(-5.98451976266397,17.1180708557057,2.6));
#3803=CARTESIAN_POINT('Ctrl Pts',(-5.98089823448593,17.1811185175933,2.6));
#3804=CARTESIAN_POINT('Ctrl Pts',(-5.98093144693758,17.2119620744569,2.6));
#3805=CARTESIAN_POINT('Ctrl Pts',(-5.98096465938922,17.2428056313205,2.6));
#3806=CARTESIAN_POINT('Ctrl Pts',(-6.05921006342175,16.9076635309481,3.));
#3807=CARTESIAN_POINT('Ctrl Pts',(-6.05921006342175,16.9076635309481,2.6));
#3808=CARTESIAN_POINT('Ctrl Pts',(-6.04501099448632,16.9314555521445,3.));
#3809=CARTESIAN_POINT('Ctrl Pts',(-6.04501099448632,16.9314555521445,2.6));
#3810=CARTESIAN_POINT('Ctrl Pts',(-6.03081192555091,16.9552475733408,3.));
#3811=CARTESIAN_POINT('Ctrl Pts',(-6.03081192555091,16.9552475733408,2.6));
#3812=CARTESIAN_POINT('Ctrl Pts',(-6.00854228810038,17.005555765843,3.));
#3813=CARTESIAN_POINT('Ctrl Pts',(-6.00854228810038,17.005555765843,2.6));
#3814=CARTESIAN_POINT('Ctrl Pts',(-6.00105904181159,17.0307700257129,3.));
#3815=CARTESIAN_POINT('Ctrl Pts',(-6.00105904181159,17.0307700257129,2.6));
#3816=CARTESIAN_POINT('Ctrl Pts',(-5.99279233802454,17.058624089245,3.));
#3817=CARTESIAN_POINT('Ctrl Pts',(-5.99279233802454,17.058624089245,2.6));
#3818=CARTESIAN_POINT('',(-6.05921006342175,16.9076635309481,3.));
#3819=CARTESIAN_POINT('Ctrl Pts',(-6.05921006342175,16.9076635309481,3.));
#3820=CARTESIAN_POINT('Ctrl Pts',(-6.04501099448632,16.9314555521445,3.));
#3821=CARTESIAN_POINT('Ctrl Pts',(-6.03081192555091,16.9552475733408,3.));
#3822=CARTESIAN_POINT('Ctrl Pts',(-6.00854228810038,17.005555765843,3.));
#3823=CARTESIAN_POINT('Ctrl Pts',(-6.00105904181159,17.0307700257129,3.));
#3824=CARTESIAN_POINT('Ctrl Pts',(-5.99279233802454,17.058624089245,3.));
#3825=CARTESIAN_POINT('',(-6.05921006342175,16.9076635309481,2.6));
#3826=CARTESIAN_POINT('',(-6.05921006342175,16.9076635309481,3.));
#3827=CARTESIAN_POINT('Ctrl Pts',(-6.05921006342175,16.9076635309481,2.6));
#3828=CARTESIAN_POINT('Ctrl Pts',(-6.04501099448632,16.9314555521445,2.6));
#3829=CARTESIAN_POINT('Ctrl Pts',(-6.03081192555091,16.9552475733408,2.6));
#3830=CARTESIAN_POINT('Ctrl Pts',(-6.00854228810038,17.005555765843,2.6));
#3831=CARTESIAN_POINT('Ctrl Pts',(-6.00105904181159,17.0307700257129,2.6));
#3832=CARTESIAN_POINT('Ctrl Pts',(-5.99279233802454,17.058624089245,2.6));
#3833=CARTESIAN_POINT('Ctrl Pts',(-6.22623161469813,16.7395902724661,3.));
#3834=CARTESIAN_POINT('Ctrl Pts',(-6.22623161469813,16.7395902724661,2.6));
#3835=CARTESIAN_POINT('Ctrl Pts',(-6.19517460112903,16.7644704810776,3.));
#3836=CARTESIAN_POINT('Ctrl Pts',(-6.19517460112903,16.7644704810776,2.6));
#3837=CARTESIAN_POINT('Ctrl Pts',(-6.16411758755986,16.7893506896891,3.));
#3838=CARTESIAN_POINT('Ctrl Pts',(-6.16411758755986,16.7893506896891,2.6));
#3839=CARTESIAN_POINT('Ctrl Pts',(-6.10713762565408,16.8456878535556,3.));
#3840=CARTESIAN_POINT('Ctrl Pts',(-6.10713762565408,16.8456878535556,2.6));
#3841=CARTESIAN_POINT('Ctrl Pts',(-6.08688041512742,16.8718826835448,3.));
#3842=CARTESIAN_POINT('Ctrl Pts',(-6.08688041512742,16.8718826835448,2.6));
#3843=CARTESIAN_POINT('Ctrl Pts',(-6.05921006342175,16.9076635309481,3.));
#3844=CARTESIAN_POINT('Ctrl Pts',(-6.05921006342175,16.9076635309481,2.6));
#3845=CARTESIAN_POINT('',(-6.22623161469813,16.7395902724661,3.));
#3846=CARTESIAN_POINT('Ctrl Pts',(-6.22623161469813,16.7395902724661,3.));
#3847=CARTESIAN_POINT('Ctrl Pts',(-6.19517460112903,16.7644704810776,3.));
#3848=CARTESIAN_POINT('Ctrl Pts',(-6.16411758755986,16.7893506896891,3.));
#3849=CARTESIAN_POINT('Ctrl Pts',(-6.10713762565408,16.8456878535556,3.));
#3850=CARTESIAN_POINT('Ctrl Pts',(-6.08688041512742,16.8718826835448,3.));
#3851=CARTESIAN_POINT('Ctrl Pts',(-6.05921006342175,16.9076635309481,3.));
#3852=CARTESIAN_POINT('',(-6.22623161469813,16.7395902724661,2.6));
#3853=CARTESIAN_POINT('',(-6.22623161469813,16.7395902724661,3.));
#3854=CARTESIAN_POINT('Ctrl Pts',(-6.22623161469813,16.7395902724661,2.6));
#3855=CARTESIAN_POINT('Ctrl Pts',(-6.19517460112903,16.7644704810776,2.6));
#3856=CARTESIAN_POINT('Ctrl Pts',(-6.16411758755986,16.7893506896891,2.6));
#3857=CARTESIAN_POINT('Ctrl Pts',(-6.10713762565408,16.8456878535556,2.6));
#3858=CARTESIAN_POINT('Ctrl Pts',(-6.08688041512742,16.8718826835448,2.6));
#3859=CARTESIAN_POINT('Ctrl Pts',(-6.05921006342175,16.9076635309481,2.6));
#3860=CARTESIAN_POINT('Ctrl Pts',(-6.57056423526237,16.5006406123056,3.));
#3861=CARTESIAN_POINT('Ctrl Pts',(-6.57056423526237,16.5006406123056,2.6));
#3862=CARTESIAN_POINT('Ctrl Pts',(-6.51191005180782,16.5386539203927,3.));
#3863=CARTESIAN_POINT('Ctrl Pts',(-6.51191005180782,16.5386539203927,2.6));
#3864=CARTESIAN_POINT('Ctrl Pts',(-6.45325586835305,16.5766672284799,3.));
#3865=CARTESIAN_POINT('Ctrl Pts',(-6.45325586835305,16.5766672284799,2.6));
#3866=CARTESIAN_POINT('Ctrl Pts',(-6.33655400703444,16.6572207364995,3.));
#3867=CARTESIAN_POINT('Ctrl Pts',(-6.33655400703444,16.6572207364995,2.6));
#3868=CARTESIAN_POINT('Ctrl Pts',(-6.29002093434789,16.6919635255482,3.));
#3869=CARTESIAN_POINT('Ctrl Pts',(-6.29002093434789,16.6919635255482,2.6));
#3870=CARTESIAN_POINT('Ctrl Pts',(-6.22623161469813,16.7395902724661,3.));
#3871=CARTESIAN_POINT('Ctrl Pts',(-6.22623161469813,16.7395902724661,2.6));
#3872=CARTESIAN_POINT('',(-6.57056423526237,16.5006406123056,3.));
#3873=CARTESIAN_POINT('Ctrl Pts',(-6.57056423526237,16.5006406123056,3.));
#3874=CARTESIAN_POINT('Ctrl Pts',(-6.51191005180782,16.5386539203927,3.));
#3875=CARTESIAN_POINT('Ctrl Pts',(-6.45325586835305,16.5766672284799,3.));
#3876=CARTESIAN_POINT('Ctrl Pts',(-6.33655400703444,16.6572207364995,3.));
#3877=CARTESIAN_POINT('Ctrl Pts',(-6.29002093434789,16.6919635255482,3.));
#3878=CARTESIAN_POINT('Ctrl Pts',(-6.22623161469813,16.7395902724661,3.));
#3879=CARTESIAN_POINT('',(-6.57056423526237,16.5006406123056,2.6));
#3880=CARTESIAN_POINT('',(-6.57056423526237,16.5006406123056,3.));
#3881=CARTESIAN_POINT('Ctrl Pts',(-6.57056423526237,16.5006406123056,2.6));
#3882=CARTESIAN_POINT('Ctrl Pts',(-6.51191005180782,16.5386539203927,2.6));
#3883=CARTESIAN_POINT('Ctrl Pts',(-6.45325586835305,16.5766672284799,2.6));
#3884=CARTESIAN_POINT('Ctrl Pts',(-6.33655400703444,16.6572207364995,2.6));
#3885=CARTESIAN_POINT('Ctrl Pts',(-6.29002093434789,16.6919635255482,2.6));
#3886=CARTESIAN_POINT('Ctrl Pts',(-6.22623161469813,16.7395902724661,2.6));
#3887=CARTESIAN_POINT('Origin',(-7.09049041128033,16.1694994566626,3.));
#3888=CARTESIAN_POINT('',(-7.09049041128033,16.1694994566626,3.));
#3889=CARTESIAN_POINT('',(-10.2401720500908,14.1634661659917,3.));
#3890=CARTESIAN_POINT('',(-7.09049041128033,16.1694994566626,2.6));
#3891=CARTESIAN_POINT('',(-7.09049041128033,16.1694994566626,3.));
#3892=CARTESIAN_POINT('',(-6.88224616198916,16.3021302887827,2.6));
#3893=CARTESIAN_POINT('Origin',(-7.09024304370513,15.7534012931541,3.));
#3894=CARTESIAN_POINT('',(-7.09024304370513,15.7534012931541,3.));
#3895=CARTESIAN_POINT('',(-7.08674930730943,9.87657084405885,3.));
#3896=CARTESIAN_POINT('',(-7.09024304370513,15.7534012931541,2.6));
#3897=CARTESIAN_POINT('',(-7.09024304370513,15.7534012931541,3.));
#3898=CARTESIAN_POINT('',(-7.08984544799064,15.0846036688592,2.6));
#3899=CARTESIAN_POINT('Origin',(-6.4100787512183,16.1886621379157,3.));
#3900=CARTESIAN_POINT('',(-6.4100787512183,16.1886621379157,3.));
#3901=CARTESIAN_POINT('',(-9.80991655546111,14.0129873912798,3.));
#3902=CARTESIAN_POINT('',(-6.4100787512183,16.1886621379157,2.6));
#3903=CARTESIAN_POINT('',(-6.4100787512183,16.1886621379157,3.));
#3904=CARTESIAN_POINT('',(-7.04978593451614,15.7792912078655,2.6));
#3905=CARTESIAN_POINT('Ctrl Pts',(-6.07770458973275,16.4634166558778,3.));
#3906=CARTESIAN_POINT('Ctrl Pts',(-6.07770458973275,16.4634166558778,2.6));
#3907=CARTESIAN_POINT('Ctrl Pts',(-6.13254648840828,16.4084576560177,3.));
#3908=CARTESIAN_POINT('Ctrl Pts',(-6.13254648840828,16.4084576560177,2.6));
#3909=CARTESIAN_POINT('Ctrl Pts',(-6.17946209479799,16.3614418730621,3.));
#3910=CARTESIAN_POINT('Ctrl Pts',(-6.17946209479799,16.3614418730621,2.6));
#3911=CARTESIAN_POINT('Ctrl Pts',(-6.29074486508321,16.2699762993144,3.));
#3912=CARTESIAN_POINT('Ctrl Pts',(-6.29074486508321,16.2699762993144,2.6));
#3913=CARTESIAN_POINT('Ctrl Pts',(-6.35041180815082,16.229319218615,3.));
#3914=CARTESIAN_POINT('Ctrl Pts',(-6.35041180815082,16.229319218615,2.6));
#3915=CARTESIAN_POINT('Ctrl Pts',(-6.4100787512183,16.1886621379157,3.));
#3916=CARTESIAN_POINT('Ctrl Pts',(-6.4100787512183,16.1886621379157,2.6));
#3917=CARTESIAN_POINT('',(-6.07770458973275,16.4634166558778,3.));
#3918=CARTESIAN_POINT('Ctrl Pts',(-6.07770458973275,16.4634166558778,3.));
#3919=CARTESIAN_POINT('Ctrl Pts',(-6.13254648840828,16.4084576560177,3.));
#3920=CARTESIAN_POINT('Ctrl Pts',(-6.17946209479799,16.3614418730621,3.));
#3921=CARTESIAN_POINT('Ctrl Pts',(-6.29074486508321,16.2699762993144,3.));
#3922=CARTESIAN_POINT('Ctrl Pts',(-6.35041180815082,16.229319218615,3.));
#3923=CARTESIAN_POINT('Ctrl Pts',(-6.4100787512183,16.1886621379157,3.));
#3924=CARTESIAN_POINT('',(-6.07770458973275,16.4634166558778,2.6));
#3925=CARTESIAN_POINT('',(-6.07770458973275,16.4634166558778,3.));
#3926=CARTESIAN_POINT('Ctrl Pts',(-6.07770458973275,16.4634166558778,2.6));
#3927=CARTESIAN_POINT('Ctrl Pts',(-6.13254648840828,16.4084576560177,2.6));
#3928=CARTESIAN_POINT('Ctrl Pts',(-6.17946209479799,16.3614418730621,2.6));
#3929=CARTESIAN_POINT('Ctrl Pts',(-6.29074486508321,16.2699762993144,2.6));
#3930=CARTESIAN_POINT('Ctrl Pts',(-6.35041180815082,16.229319218615,2.6));
#3931=CARTESIAN_POINT('Ctrl Pts',(-6.4100787512183,16.1886621379157,2.6));
#3932=CARTESIAN_POINT('Ctrl Pts',(-5.95333475348984,16.6630130042319,3.));
#3933=CARTESIAN_POINT('Ctrl Pts',(-5.95333475348984,16.6630130042319,2.6));
#3934=CARTESIAN_POINT('Ctrl Pts',(-5.97077581253055,16.627662265306,3.));
#3935=CARTESIAN_POINT('Ctrl Pts',(-5.97077581253055,16.627662265306,2.6));
#3936=CARTESIAN_POINT('Ctrl Pts',(-5.98821687157127,16.59231152638,3.));
#3937=CARTESIAN_POINT('Ctrl Pts',(-5.98821687157127,16.59231152638,2.6));
#3938=CARTESIAN_POINT('Ctrl Pts',(-6.02967209780307,16.5247774663803,3.));
#3939=CARTESIAN_POINT('Ctrl Pts',(-6.02967209780307,16.5247774663803,2.6));
#3940=CARTESIAN_POINT('Ctrl Pts',(-6.05026459240666,16.4984708537441,3.));
#3941=CARTESIAN_POINT('Ctrl Pts',(-6.05026459240666,16.4984708537441,2.6));
#3942=CARTESIAN_POINT('Ctrl Pts',(-6.07770458973275,16.4634166558778,3.));
#3943=CARTESIAN_POINT('Ctrl Pts',(-6.07770458973275,16.4634166558778,2.6));
#3944=CARTESIAN_POINT('',(-5.95333475348984,16.6630130042319,3.));
#3945=CARTESIAN_POINT('Ctrl Pts',(-5.95333475348984,16.6630130042319,3.));
#3946=CARTESIAN_POINT('Ctrl Pts',(-5.97077581253055,16.627662265306,3.));
#3947=CARTESIAN_POINT('Ctrl Pts',(-5.98821687157127,16.59231152638,3.));
#3948=CARTESIAN_POINT('Ctrl Pts',(-6.02967209780307,16.5247774663803,3.));
#3949=CARTESIAN_POINT('Ctrl Pts',(-6.05026459240666,16.4984708537441,3.));
#3950=CARTESIAN_POINT('Ctrl Pts',(-6.07770458973275,16.4634166558778,3.));
#3951=CARTESIAN_POINT('',(-5.95333475348984,16.6630130042319,2.6));
#3952=CARTESIAN_POINT('',(-5.95333475348984,16.6630130042319,3.));
#3953=CARTESIAN_POINT('Ctrl Pts',(-5.95333475348984,16.6630130042319,2.6));
#3954=CARTESIAN_POINT('Ctrl Pts',(-5.97077581253055,16.627662265306,2.6));
#3955=CARTESIAN_POINT('Ctrl Pts',(-5.98821687157127,16.59231152638,2.6));
#3956=CARTESIAN_POINT('Ctrl Pts',(-6.02967209780307,16.5247774663803,2.6));
#3957=CARTESIAN_POINT('Ctrl Pts',(-6.05026459240666,16.4984708537441,2.6));
#3958=CARTESIAN_POINT('Ctrl Pts',(-6.07770458973275,16.4634166558778,2.6));
#3959=CARTESIAN_POINT('Ctrl Pts',(-5.7210948786423,16.1310913057687,3.));
#3960=CARTESIAN_POINT('Ctrl Pts',(-5.7210948786423,16.1310913057687,2.6));
#3961=CARTESIAN_POINT('Ctrl Pts',(-5.79071319283499,16.2185543327321,3.));
#3962=CARTESIAN_POINT('Ctrl Pts',(-5.79071319283499,16.2185543327321,2.6));
#3963=CARTESIAN_POINT('Ctrl Pts',(-5.8442054436568,16.2857578298321,3.));
#3964=CARTESIAN_POINT('Ctrl Pts',(-5.8442054436568,16.2857578298321,2.6));
#3965=CARTESIAN_POINT('Ctrl Pts',(-5.91964446537444,16.4657222129361,3.));
#3966=CARTESIAN_POINT('Ctrl Pts',(-5.91964446537444,16.4657222129361,2.6));
#3967=CARTESIAN_POINT('Ctrl Pts',(-5.93648960943214,16.564367608584,3.));
#3968=CARTESIAN_POINT('Ctrl Pts',(-5.93648960943214,16.564367608584,2.6));
#3969=CARTESIAN_POINT('Ctrl Pts',(-5.95333475348984,16.6630130042319,3.));
#3970=CARTESIAN_POINT('Ctrl Pts',(-5.95333475348984,16.6630130042319,2.6));
#3971=CARTESIAN_POINT('',(-5.7210948786423,16.1310913057687,3.));
#3972=CARTESIAN_POINT('Ctrl Pts',(-5.7210948786423,16.1310913057687,3.));
#3973=CARTESIAN_POINT('Ctrl Pts',(-5.79071319283499,16.2185543327321,3.));
#3974=CARTESIAN_POINT('Ctrl Pts',(-5.8442054436568,16.2857578298321,3.));
#3975=CARTESIAN_POINT('Ctrl Pts',(-5.91964446537444,16.4657222129361,3.));
#3976=CARTESIAN_POINT('Ctrl Pts',(-5.93648960943214,16.564367608584,3.));
#3977=CARTESIAN_POINT('Ctrl Pts',(-5.95333475348984,16.6630130042319,3.));
#3978=CARTESIAN_POINT('',(-5.7210948786423,16.1310913057687,2.6));
#3979=CARTESIAN_POINT('',(-5.7210948786423,16.1310913057687,3.));
#3980=CARTESIAN_POINT('Ctrl Pts',(-5.7210948786423,16.1310913057687,2.6));
#3981=CARTESIAN_POINT('Ctrl Pts',(-5.79071319283499,16.2185543327321,2.6));
#3982=CARTESIAN_POINT('Ctrl Pts',(-5.8442054436568,16.2857578298321,2.6));
#3983=CARTESIAN_POINT('Ctrl Pts',(-5.91964446537444,16.4657222129361,2.6));
#3984=CARTESIAN_POINT('Ctrl Pts',(-5.93648960943214,16.564367608584,2.6));
#3985=CARTESIAN_POINT('Ctrl Pts',(-5.95333475348984,16.6630130042319,2.6));
#3986=CARTESIAN_POINT('Ctrl Pts',(-5.27249324178495,15.9591202121369,3.));
#3987=CARTESIAN_POINT('Ctrl Pts',(-5.27249324178495,15.9591202121369,2.6));
#3988=CARTESIAN_POINT('Ctrl Pts',(-5.35582234381831,15.9656611198221,3.));
#3989=CARTESIAN_POINT('Ctrl Pts',(-5.35582234381831,15.9656611198221,2.6));
#3990=CARTESIAN_POINT('Ctrl Pts',(-5.43915144585163,15.9722020275073,3.));
#3991=CARTESIAN_POINT('Ctrl Pts',(-5.43915144585163,15.9722020275073,2.6));
#3992=CARTESIAN_POINT('Ctrl Pts',(-5.58890612163578,16.0290691483382,3.));
#3993=CARTESIAN_POINT('Ctrl Pts',(-5.58890612163578,16.0290691483382,2.6));
#3994=CARTESIAN_POINT('Ctrl Pts',(-5.65299860651399,16.0785351825943,3.));
#3995=CARTESIAN_POINT('Ctrl Pts',(-5.65299860651399,16.0785351825943,2.6));
#3996=CARTESIAN_POINT('Ctrl Pts',(-5.7210948786423,16.1310913057687,3.));
#3997=CARTESIAN_POINT('Ctrl Pts',(-5.7210948786423,16.1310913057687,2.6));
#3998=CARTESIAN_POINT('',(-5.27249324178495,15.9591202121369,3.));
#3999=CARTESIAN_POINT('Ctrl Pts',(-5.27249324178495,15.9591202121369,3.));
#4000=CARTESIAN_POINT('Ctrl Pts',(-5.35582234381831,15.9656611198221,3.));
#4001=CARTESIAN_POINT('Ctrl Pts',(-5.43915144585163,15.9722020275073,3.));
#4002=CARTESIAN_POINT('Ctrl Pts',(-5.58890612163578,16.0290691483382,3.));
#4003=CARTESIAN_POINT('Ctrl Pts',(-5.65299860651399,16.0785351825943,3.));
#4004=CARTESIAN_POINT('Ctrl Pts',(-5.7210948786423,16.1310913057687,3.));
#4005=CARTESIAN_POINT('',(-5.27249324178495,15.9591202121369,2.6));
#4006=CARTESIAN_POINT('',(-5.27249324178495,15.9591202121369,3.));
#4007=CARTESIAN_POINT('Ctrl Pts',(-5.27249324178495,15.9591202121369,2.6));
#4008=CARTESIAN_POINT('Ctrl Pts',(-5.35582234381831,15.9656611198221,2.6));
#4009=CARTESIAN_POINT('Ctrl Pts',(-5.43915144585163,15.9722020275073,2.6));
#4010=CARTESIAN_POINT('Ctrl Pts',(-5.58890612163578,16.0290691483382,2.6));
#4011=CARTESIAN_POINT('Ctrl Pts',(-5.65299860651399,16.0785351825943,2.6));
#4012=CARTESIAN_POINT('Ctrl Pts',(-5.7210948786423,16.1310913057687,2.6));
#4013=CARTESIAN_POINT('Ctrl Pts',(-4.89567930261026,16.0633686541336,3.));
#4014=CARTESIAN_POINT('Ctrl Pts',(-4.89567930261026,16.0633686541336,2.6));
#4015=CARTESIAN_POINT('Ctrl Pts',(-4.95576735661589,16.0322271648699,3.));
#4016=CARTESIAN_POINT('Ctrl Pts',(-4.95576735661589,16.0322271648699,2.6));
#4017=CARTESIAN_POINT('Ctrl Pts',(-5.01390240273429,16.0020978497423,3.));
#4018=CARTESIAN_POINT('Ctrl Pts',(-5.01390240273429,16.0020978497423,2.6));
#4019=CARTESIAN_POINT('Ctrl Pts',(-5.13955767778585,15.9674952736124,3.));
#4020=CARTESIAN_POINT('Ctrl Pts',(-5.13955767778585,15.9674952736124,2.6));
#4021=CARTESIAN_POINT('Ctrl Pts',(-5.20602545978542,15.9633077428747,3.));
#4022=CARTESIAN_POINT('Ctrl Pts',(-5.20602545978542,15.9633077428747,2.6));
#4023=CARTESIAN_POINT('Ctrl Pts',(-5.27249324178495,15.9591202121369,3.));
#4024=CARTESIAN_POINT('Ctrl Pts',(-5.27249324178495,15.9591202121369,2.6));
#4025=CARTESIAN_POINT('',(-4.89567930261026,16.0633686541336,3.));
#4026=CARTESIAN_POINT('Ctrl Pts',(-4.89567930261026,16.0633686541336,3.));
#4027=CARTESIAN_POINT('Ctrl Pts',(-4.95576735661589,16.0322271648699,3.));
#4028=CARTESIAN_POINT('Ctrl Pts',(-5.01390240273429,16.0020978497423,3.));
#4029=CARTESIAN_POINT('Ctrl Pts',(-5.13955767778585,15.9674952736124,3.));
#4030=CARTESIAN_POINT('Ctrl Pts',(-5.20602545978542,15.9633077428747,3.));
#4031=CARTESIAN_POINT('Ctrl Pts',(-5.27249324178495,15.9591202121369,3.));
#4032=CARTESIAN_POINT('',(-4.89567930261026,16.0633686541336,2.6));
#4033=CARTESIAN_POINT('',(-4.89567930261026,16.0633686541336,3.));
#4034=CARTESIAN_POINT('Ctrl Pts',(-4.89567930261026,16.0633686541336,2.6));
#4035=CARTESIAN_POINT('Ctrl Pts',(-4.95576735661589,16.0322271648699,2.6));
#4036=CARTESIAN_POINT('Ctrl Pts',(-5.01390240273429,16.0020978497423,2.6));
#4037=CARTESIAN_POINT('Ctrl Pts',(-5.13955767778585,15.9674952736124,2.6));
#4038=CARTESIAN_POINT('Ctrl Pts',(-5.20602545978542,15.9633077428747,2.6));
#4039=CARTESIAN_POINT('Ctrl Pts',(-5.27249324178495,15.9591202121369,2.6));
#4040=CARTESIAN_POINT('Ctrl Pts',(-4.65795232432274,16.341477483355,3.));
#4041=CARTESIAN_POINT('Ctrl Pts',(-4.65795232432274,16.341477483355,2.6));
#4042=CARTESIAN_POINT('Ctrl Pts',(-4.6866358961433,16.2831292864012,3.));
#4043=CARTESIAN_POINT('Ctrl Pts',(-4.6866358961433,16.2831292864012,2.6));
#4044=CARTESIAN_POINT('Ctrl Pts',(-4.71342381558508,16.2286372304833,3.));
#4045=CARTESIAN_POINT('Ctrl Pts',(-4.71342381558508,16.2286372304833,2.6));
#4046=CARTESIAN_POINT('Ctrl Pts',(-4.79297649847089,16.1361448033415,3.));
#4047=CARTESIAN_POINT('Ctrl Pts',(-4.79297649847089,16.1361448033415,2.6));
#4048=CARTESIAN_POINT('Ctrl Pts',(-4.84432790054058,16.0997567287375,3.));
#4049=CARTESIAN_POINT('Ctrl Pts',(-4.84432790054058,16.0997567287375,2.6));
#4050=CARTESIAN_POINT('Ctrl Pts',(-4.89567930261026,16.0633686541336,3.));
#4051=CARTESIAN_POINT('Ctrl Pts',(-4.89567930261026,16.0633686541336,2.6));
#4052=CARTESIAN_POINT('',(-4.65795232432274,16.341477483355,3.));
#4053=CARTESIAN_POINT('Ctrl Pts',(-4.65795232432274,16.341477483355,3.));
#4054=CARTESIAN_POINT('Ctrl Pts',(-4.6866358961433,16.2831292864012,3.));
#4055=CARTESIAN_POINT('Ctrl Pts',(-4.71342381558508,16.2286372304833,3.));
#4056=CARTESIAN_POINT('Ctrl Pts',(-4.79297649847089,16.1361448033415,3.));
#4057=CARTESIAN_POINT('Ctrl Pts',(-4.84432790054058,16.0997567287375,3.));
#4058=CARTESIAN_POINT('Ctrl Pts',(-4.89567930261026,16.0633686541336,3.));
#4059=CARTESIAN_POINT('',(-4.65795232432274,16.341477483355,2.6));
#4060=CARTESIAN_POINT('',(-4.65795232432274,16.341477483355,3.));
#4061=CARTESIAN_POINT('Ctrl Pts',(-4.65795232432274,16.341477483355,2.6));
#4062=CARTESIAN_POINT('Ctrl Pts',(-4.6866358961433,16.2831292864012,2.6));
#4063=CARTESIAN_POINT('Ctrl Pts',(-4.71342381558508,16.2286372304833,2.6));
#4064=CARTESIAN_POINT('Ctrl Pts',(-4.79297649847089,16.1361448033415,2.6));
#4065=CARTESIAN_POINT('Ctrl Pts',(-4.84432790054058,16.0997567287375,2.6));
#4066=CARTESIAN_POINT('Ctrl Pts',(-4.89567930261026,16.0633686541336,2.6));
#4067=CARTESIAN_POINT('Ctrl Pts',(-4.59089434599747,16.849703063753,3.));
#4068=CARTESIAN_POINT('Ctrl Pts',(-4.59089434599747,16.849703063753,2.6));
#4069=CARTESIAN_POINT('Ctrl Pts',(-4.59150662360427,16.7634680147997,3.));
#4070=CARTESIAN_POINT('Ctrl Pts',(-4.59150662360427,16.7634680147997,2.6));
#4071=CARTESIAN_POINT('Ctrl Pts',(-4.59211890121106,16.6772329658463,3.));
#4072=CARTESIAN_POINT('Ctrl Pts',(-4.59211890121106,16.6772329658463,2.6));
#4073=CARTESIAN_POINT('Ctrl Pts',(-4.61306740687663,16.5047976763715,3.));
#4074=CARTESIAN_POINT('Ctrl Pts',(-4.61306740687663,16.5047976763715,2.6));
#4075=CARTESIAN_POINT('Ctrl Pts',(-4.63192173312361,16.4361935131679,3.));
#4076=CARTESIAN_POINT('Ctrl Pts',(-4.63192173312361,16.4361935131679,2.6));
#4077=CARTESIAN_POINT('Ctrl Pts',(-4.65795232432274,16.341477483355,3.));
#4078=CARTESIAN_POINT('Ctrl Pts',(-4.65795232432274,16.341477483355,2.6));
#4079=CARTESIAN_POINT('',(-4.59089434599747,16.849703063753,3.));
#4080=CARTESIAN_POINT('Ctrl Pts',(-4.59089434599747,16.849703063753,3.));
#4081=CARTESIAN_POINT('Ctrl Pts',(-4.59150662360427,16.7634680147997,3.));
#4082=CARTESIAN_POINT('Ctrl Pts',(-4.59211890121106,16.6772329658463,3.));
#4083=CARTESIAN_POINT('Ctrl Pts',(-4.61306740687663,16.5047976763715,3.));
#4084=CARTESIAN_POINT('Ctrl Pts',(-4.63192173312361,16.4361935131679,3.));
#4085=CARTESIAN_POINT('Ctrl Pts',(-4.65795232432274,16.341477483355,3.));
#4086=CARTESIAN_POINT('',(-4.59089434599747,16.849703063753,2.6));
#4087=CARTESIAN_POINT('',(-4.59089434599747,16.849703063753,3.));
#4088=CARTESIAN_POINT('Ctrl Pts',(-4.59089434599747,16.849703063753,2.6));
#4089=CARTESIAN_POINT('Ctrl Pts',(-4.59150662360427,16.7634680147997,2.6));
#4090=CARTESIAN_POINT('Ctrl Pts',(-4.59211890121106,16.6772329658463,2.6));
#4091=CARTESIAN_POINT('Ctrl Pts',(-4.61306740687663,16.5047976763715,2.6));
#4092=CARTESIAN_POINT('Ctrl Pts',(-4.63192173312361,16.4361935131679,2.6));
#4093=CARTESIAN_POINT('Ctrl Pts',(-4.65795232432274,16.341477483355,2.6));
#4094=CARTESIAN_POINT('Origin',(-4.5915533169505,17.9581612080441,3.));
#4095=CARTESIAN_POINT('',(-4.5915533169505,17.9581612080441,3.));
#4096=CARTESIAN_POINT('',(-4.58740466482099,10.9796939180121,3.));
#4097=CARTESIAN_POINT('',(-4.5915533169505,17.9581612080441,2.6));
#4098=CARTESIAN_POINT('',(-4.5915533169505,17.9581612080441,3.));
#4099=CARTESIAN_POINT('',(-4.59004763623809,15.4254485889127,2.6));
#4100=CARTESIAN_POINT('Origin',(-7.09155287517275,17.9566749750277,3.));
#4101=CARTESIAN_POINT('',(-7.64682315403645,17.9563448705608,3.));
#4102=CARTESIAN_POINT('',(-5.22415950810594,17.9577851278946,2.6));
#4103=CARTESIAN_POINT('Origin',(-5.8544133087897,14.0004419537733,2.6));
#4104=CARTESIAN_POINT('Origin',(-8.19379612864159,3.99908018602972,3.));
#4105=CARTESIAN_POINT('Origin',(-8.19379612864159,3.99908018602972,3.));
#4106=CARTESIAN_POINT('Origin',(-3.75377947484906,29.8009667817044,-1.));
#4107=CARTESIAN_POINT('',(0.119203871358409,-15.9143829384525,0.));
#4108=CARTESIAN_POINT('',(-3.75377947484901,-15.9143829384525,3.));
#4109=CARTESIAN_POINT('Origin',(-3.75377947484901,-15.9143829384525,-1.));
#4110=CARTESIAN_POINT('',(-3.753779474849,-21.8028064096449,3.));
#4111=CARTESIAN_POINT('',(-3.75377947484906,29.8009667817044,3.));
#4112=CARTESIAN_POINT('',(0.119203871358416,-21.8028064096449,0.));
#4113=CARTESIAN_POINT('Origin',(-3.753779474849,-21.8028064096449,-1.));
#4114=CARTESIAN_POINT('',(0.119203871358353,29.8009667817044,0.));
#4115=CARTESIAN_POINT('Ctrl Pts',(0.119203871358416,-21.8028064096451,0.));
#4116=CARTESIAN_POINT('Ctrl Pts',(0.119203871358494,-25.8028064096453,0.));
#4117=CARTESIAN_POINT('Ctrl Pts',(-3.88079612864172,-25.8028064096449,0.));
#4118=CARTESIAN_POINT('Ctrl Pts',(-0.655392797883068,-21.8028064096451,
3.));
#4119=CARTESIAN_POINT('Ctrl Pts',(-0.655392797883005,-25.0282097404037,
3.));
#4120=CARTESIAN_POINT('Ctrl Pts',(-3.88079612864169,-25.0282097404035,3.));
#4121=CARTESIAN_POINT('Ctrl Pts',(-3.753779474849,-21.8028064096449,3.));
#4122=CARTESIAN_POINT('Ctrl Pts',(-3.753779474849,-21.9298230634375,3.));
#4123=CARTESIAN_POINT('Ctrl Pts',(-3.88079612864159,-21.9298230634375,3.));
#4124=CARTESIAN_POINT('',(-3.88079612864158,-21.9298230634375,3.));
#4125=CARTESIAN_POINT('',(-3.88079612864159,-25.8028064096449,0.));
#4126=CARTESIAN_POINT('Origin',(-3.88079612864158,-21.9298230634375,-1.));
#4127=CARTESIAN_POINT('Origin',(-3.88079612864158,-21.8028064096449,0.));
#4128=CARTESIAN_POINT('Origin',(-3.88079612864158,-21.8028064096449,3.));
#4129=CARTESIAN_POINT('Origin',(-3.88079612864159,-21.9298230634375,-1.));
#4130=CARTESIAN_POINT('',(-12.5067961286416,-21.9298230634375,3.));
#4131=CARTESIAN_POINT('',(-12.5067961286416,-25.8028064096449,0.));
#4132=CARTESIAN_POINT('Origin',(-12.5067961286416,-21.9298230634375,-1.));
#4133=CARTESIAN_POINT('',(-3.88079612864159,-25.8028064096449,0.));
#4134=CARTESIAN_POINT('',(-3.88079612864159,-21.9298230634375,3.));
#4135=CARTESIAN_POINT('Ctrl Pts',(-12.5067961286415,-25.8028064096449,0.));
#4136=CARTESIAN_POINT('Ctrl Pts',(-16.506796128642,-25.8028064096456,0.));
#4137=CARTESIAN_POINT('Ctrl Pts',(-16.5067961286416,-21.8028064096451,0.));
#4138=CARTESIAN_POINT('Ctrl Pts',(-12.5067961286415,-25.0282097404035,3.));
#4139=CARTESIAN_POINT('Ctrl Pts',(-15.7321994594004,-25.028209740404,3.));
#4140=CARTESIAN_POINT('Ctrl Pts',(-15.7321994594001,-21.8028064096451,3.));
#4141=CARTESIAN_POINT('Ctrl Pts',(-12.5067961286416,-21.9298230634375,3.));
#4142=CARTESIAN_POINT('Ctrl Pts',(-12.6338127824342,-21.9298230634375,3.));
#4143=CARTESIAN_POINT('Ctrl Pts',(-12.6338127824342,-21.802806409645,3.));
#4144=CARTESIAN_POINT('',(-12.6338127824342,-21.8028064096449,3.));
#4145=CARTESIAN_POINT('',(-16.5067961286416,-21.8028064096449,0.));
#4146=CARTESIAN_POINT('Origin',(-12.6338127824342,-21.8028064096449,-1.));
#4147=CARTESIAN_POINT('Origin',(-12.5067961286416,-21.8028064096449,0.));
#4148=CARTESIAN_POINT('Origin',(-12.5067961286416,-21.8028064096449,3.));
#4149=CARTESIAN_POINT('Origin',(-12.6338127824342,-21.8028064096449,-1.));
#4150=CARTESIAN_POINT('',(-12.6338127824342,29.8009667817044,3.));
#4151=CARTESIAN_POINT('',(-16.5067961286416,29.8009667817044,0.));
#4152=CARTESIAN_POINT('Origin',(-12.6338127824342,29.8009667817044,-1.));
#4153=CARTESIAN_POINT('',(-16.5067961286416,-21.8028064096449,0.));
#4154=CARTESIAN_POINT('',(-12.6338127824342,-21.8028064096449,3.));
#4155=CARTESIAN_POINT('Ctrl Pts',(-16.5067961286416,29.8009667817044,0.));
#4156=CARTESIAN_POINT('Ctrl Pts',(-16.5067961286416,33.8009667817044,0.));
#4157=CARTESIAN_POINT('Ctrl Pts',(-12.5067961286416,33.8009667817044,0.));
#4158=CARTESIAN_POINT('Ctrl Pts',(-15.7321994594001,29.8009667817044,3.));
#4159=CARTESIAN_POINT('Ctrl Pts',(-15.7321994594001,33.0263701124629,3.));
#4160=CARTESIAN_POINT('Ctrl Pts',(-12.5067961286416,33.0263701124629,3.));
#4161=CARTESIAN_POINT('Ctrl Pts',(-12.6338127824342,29.8009667817044,3.));
#4162=CARTESIAN_POINT('Ctrl Pts',(-12.6338127824342,29.927983435497,3.));
#4163=CARTESIAN_POINT('Ctrl Pts',(-12.5067961286416,29.927983435497,3.));
#4164=CARTESIAN_POINT('',(-12.5067961286416,29.927983435497,3.));
#4165=CARTESIAN_POINT('',(-12.5067961286416,33.8009667817044,0.));
#4166=CARTESIAN_POINT('Origin',(-12.5067961286416,29.927983435497,-1.));
#4167=CARTESIAN_POINT('Origin',(-12.5067961286416,29.8009667817044,0.));
#4168=CARTESIAN_POINT('Origin',(-12.5067961286416,29.8009667817044,3.));
#4169=CARTESIAN_POINT('Origin',(-12.5067961286416,29.927983435497,-1.));
#4170=CARTESIAN_POINT('',(-3.88079612864159,29.927983435497,3.));
#4171=CARTESIAN_POINT('',(-3.88079612864159,33.8009667817044,0.));
#4172=CARTESIAN_POINT('Origin',(-3.88079612864159,29.927983435497,-1.));
#4173=CARTESIAN_POINT('',(-12.5067961286416,33.8009667817044,0.));
#4174=CARTESIAN_POINT('',(-12.5067961286416,29.927983435497,3.));
#4175=CARTESIAN_POINT('Ctrl Pts',(-3.88079612863976,33.8009667817044,0.));
#4176=CARTESIAN_POINT('Ctrl Pts',(0.119203871362737,33.800966781705,0.));
#4177=CARTESIAN_POINT('Ctrl Pts',(0.119203871358353,29.8009667817025,0.));
#4178=CARTESIAN_POINT('Ctrl Pts',(-3.88079612864013,33.0263701124629,3.));
#4179=CARTESIAN_POINT('Ctrl Pts',(-0.655392797879598,33.0263701124634,3.));
#4180=CARTESIAN_POINT('Ctrl Pts',(-0.655392797883132,29.8009667817028,3.));
#4181=CARTESIAN_POINT('Ctrl Pts',(-3.88079612864159,29.927983435497,3.));
#4182=CARTESIAN_POINT('Ctrl Pts',(-3.75377947484892,29.927983435497,3.));
#4183=CARTESIAN_POINT('Ctrl Pts',(-3.75377947484906,29.8009667817043,3.));
#4184=CARTESIAN_POINT('',(-3.75377947484906,29.8009667817044,3.));
#4185=CARTESIAN_POINT('',(0.119203871358353,29.8009667817044,0.));
#4186=CARTESIAN_POINT('Origin',(-3.75377947484906,29.8009667817044,-1.));
#4187=CARTESIAN_POINT('Origin',(-3.88079612864165,29.8009667817044,0.));
#4188=CARTESIAN_POINT('Origin',(-3.88079612864165,29.8009667817044,3.));
#4189=CARTESIAN_POINT('Origin',(-3.75377947484906,29.8009667817044,-1.));
#4190=CARTESIAN_POINT('',(-3.75377947484901,-10.7143829384525,3.));
#4191=CARTESIAN_POINT('',(0.119203871358402,-10.7143829384525,0.));
#4192=CARTESIAN_POINT('Origin',(-3.75377947484901,-10.7143829384525,-1.));
#4193=CARTESIAN_POINT('',(0.119203871358353,29.8009667817044,0.));
#4194=CARTESIAN_POINT('',(-3.75377947484906,29.8009667817044,3.));
#4195=CARTESIAN_POINT('Origin',(-8.19379612864159,3.99908018602972,3.));
#4196=CARTESIAN_POINT('',(-10.4124999986667,-15.9143829384525,3.));
#4197=CARTESIAN_POINT('',(-3.31249999866672,-15.9143829384525,3.));
#4198=CARTESIAN_POINT('',(-10.4124999986667,-10.7143829384525,3.));
#4199=CARTESIAN_POINT('',(-10.4124999986667,-10.7143829384525,3.));
#4200=CARTESIAN_POINT('',(-3.31249999866672,-10.7143829384525,3.));
#4201=CARTESIAN_POINT('',(-9.96249999866672,27.8146170615475,3.));
#4202=CARTESIAN_POINT('Origin',(-8.31249999866672,27.8146170615475,3.));
#4203=CARTESIAN_POINT('',(-9.96249999866673,3.18561706154751,3.));
#4204=CARTESIAN_POINT('Origin',(-8.31249999866673,3.18561706154751,3.));
#4205=CARTESIAN_POINT('',(-9.96249999866672,-19.8143829384525,3.));
#4206=CARTESIAN_POINT('Origin',(-8.31249999866672,-19.8143829384525,3.));
#4207=CARTESIAN_POINT('Origin',(0.119203871358409,-15.9143829384525,0.));
#4208=CARTESIAN_POINT('',(-10.4124999986667,-15.9143829384525,0.));
#4209=CARTESIAN_POINT('',(-3.31249999866672,-15.9143829384525,0.));
#4210=CARTESIAN_POINT('',(-10.4124999986667,-15.9143829384525,0.));
#4211=CARTESIAN_POINT('Origin',(-8.31249999866672,-19.8143829384525,0.));
#4212=CARTESIAN_POINT('',(-9.96249999866672,-19.8143829384525,0.));
#4213=CARTESIAN_POINT('',(-9.96249999866672,-19.8143829384525,0.));
#4214=CARTESIAN_POINT('Origin',(-8.31249999866672,-19.8143829384525,0.));
#4215=CARTESIAN_POINT('Origin',(-8.31249999866673,3.18561706154751,0.));
#4216=CARTESIAN_POINT('',(-9.96249999866673,3.18561706154751,0.));
#4217=CARTESIAN_POINT('',(-9.96249999866673,3.18561706154751,0.));
#4218=CARTESIAN_POINT('Origin',(-8.31249999866673,3.18561706154751,0.));
#4219=CARTESIAN_POINT('Origin',(-8.31249999866672,27.8146170615475,0.));
#4220=CARTESIAN_POINT('',(-9.96249999866672,27.8146170615475,0.));
#4221=CARTESIAN_POINT('',(-9.96249999866672,27.8146170615475,0.));
#4222=CARTESIAN_POINT('Origin',(-8.31249999866672,27.8146170615475,0.));
#4223=CARTESIAN_POINT('Origin',(-10.4124999986667,-10.7143829384525,0.));
#4224=CARTESIAN_POINT('',(-10.4124999986667,-10.7143829384525,0.));
#4225=CARTESIAN_POINT('',(-10.4124999986667,-10.7143829384525,0.));
#4226=CARTESIAN_POINT('',(-3.31249999866672,-10.7143829384525,0.));
#4227=CARTESIAN_POINT('Origin',(-10.4124999986667,-15.9143829384525,0.));
#4228=CARTESIAN_POINT('',(-10.4124999986667,-10.7143829384525,0.));
#4229=CARTESIAN_POINT('Origin',(-8.19379612864159,3.99908018602972,0.));
#4230=UNCERTAINTY_MEASURE_WITH_UNIT(LENGTH_MEASURE(0.01),#4234,
'DISTANCE_ACCURACY_VALUE',
'Maximum model space distance between geometric entities at asserted c
onnectivities');
#4231=UNCERTAINTY_MEASURE_WITH_UNIT(LENGTH_MEASURE(0.01),#4234,
'DISTANCE_ACCURACY_VALUE',
'Maximum model space distance between geometric entities at asserted c
onnectivities');
#4232=(
GEOMETRIC_REPRESENTATION_CONTEXT(3)
GLOBAL_UNCERTAINTY_ASSIGNED_CONTEXT((#4230))
GLOBAL_UNIT_ASSIGNED_CONTEXT((#4234,#4236,#4237))
REPRESENTATION_CONTEXT('','3D')
);
#4233=(
GEOMETRIC_REPRESENTATION_CONTEXT(3)
GLOBAL_UNCERTAINTY_ASSIGNED_CONTEXT((#4231))
GLOBAL_UNIT_ASSIGNED_CONTEXT((#4234,#4236,#4237))
REPRESENTATION_CONTEXT('','3D')
);
#4234=(
LENGTH_UNIT()
NAMED_UNIT(*)
SI_UNIT(.MILLI.,.METRE.)
);
#4235=(
LENGTH_UNIT()
NAMED_UNIT(*)
SI_UNIT($,.METRE.)
);
#4236=(
NAMED_UNIT(*)
PLANE_ANGLE_UNIT()
SI_UNIT($,.RADIAN.)
);
#4237=(
NAMED_UNIT(*)
SI_UNIT($,.STERADIAN.)
SOLID_ANGLE_UNIT()
);
#4238=SHAPE_DEFINITION_REPRESENTATION(#4239,#4240);
#4239=PRODUCT_DEFINITION_SHAPE('',$,#4242);
#4240=SHAPE_REPRESENTATION('',(#1950),#4232);
#4241=PRODUCT_DEFINITION_CONTEXT('part definition',#4246,'design');
#4242=PRODUCT_DEFINITION('Extruder','Extruder',#4243,#4241);
#4243=PRODUCT_DEFINITION_FORMATION('',$,#4248);
#4244=PRODUCT_RELATED_PRODUCT_CATEGORY('Extruder','Extruder',(#4248));
#4245=APPLICATION_PROTOCOL_DEFINITION('international standard',
'automotive_design',2009,#4246);
#4246=APPLICATION_CONTEXT(
'Core Data for Automotive Mechanical Design Process');
#4247=PRODUCT_CONTEXT('part definition',#4246,'mechanical');
#4248=PRODUCT('Extruder','Extruder',$,(#4247));
#4249=PRESENTATION_STYLE_ASSIGNMENT((#4254));
#4250=PRESENTATION_STYLE_ASSIGNMENT((#4255));
#4251=PRESENTATION_STYLE_ASSIGNMENT((#4256));
#4252=PRESENTATION_STYLE_ASSIGNMENT((#4257));
#4253=PRESENTATION_STYLE_ASSIGNMENT((#4258));
#4254=SURFACE_STYLE_USAGE(.BOTH.,#4259);
#4255=SURFACE_STYLE_USAGE(.BOTH.,#4260);
#4256=SURFACE_STYLE_USAGE(.BOTH.,#4261);
#4257=SURFACE_STYLE_USAGE(.BOTH.,#4262);
#4258=SURFACE_STYLE_USAGE(.BOTH.,#4263);
#4259=SURFACE_SIDE_STYLE('',(#4264));
#4260=SURFACE_SIDE_STYLE('',(#4265));
#4261=SURFACE_SIDE_STYLE('',(#4266));
#4262=SURFACE_SIDE_STYLE('',(#4267));
#4263=SURFACE_SIDE_STYLE('',(#4268));
#4264=SURFACE_STYLE_FILL_AREA(#4269);
#4265=SURFACE_STYLE_FILL_AREA(#4270);
#4266=SURFACE_STYLE_FILL_AREA(#4271);
#4267=SURFACE_STYLE_FILL_AREA(#4272);
#4268=SURFACE_STYLE_FILL_AREA(#4273);
#4269=FILL_AREA_STYLE('Steel - Satin',(#4274));
#4270=FILL_AREA_STYLE('Opaque(255,0,0) (1)',(#4275));
#4271=FILL_AREA_STYLE('Opaque(255,0,0)',(#4276));
#4272=FILL_AREA_STYLE('Opaque(198,193,188)',(#4277));
#4273=FILL_AREA_STYLE('Opaque(23,57,107)',(#4278));
#4274=FILL_AREA_STYLE_COLOUR('Steel - Satin',#4279);
#4275=FILL_AREA_STYLE_COLOUR('Opaque(255,0,0) (1)',#4280);
#4276=FILL_AREA_STYLE_COLOUR('Opaque(255,0,0)',#4281);
#4277=FILL_AREA_STYLE_COLOUR('Opaque(198,193,188)',#4282);
#4278=FILL_AREA_STYLE_COLOUR('Opaque(23,57,107)',#4283);
#4279=COLOUR_RGB('Steel - Satin',0.627450980392157,0.627450980392157,0.627450980392157);
#4280=COLOUR_RGB('Opaque(255,0,0) (1)',0.125490196078431,0.12156862745098,
0.12156862745098);
#4281=COLOUR_RGB('Opaque(255,0,0)',1.,0.,0.);
#4282=COLOUR_RGB('Opaque(198,193,188)',0.776470588235294,0.756862745098039,
0.737254901960784);
#4283=COLOUR_RGB('Opaque(23,57,107)',0.0901960784313725,0.223529411764706,
0.419607843137255);
ENDSEC;
END-ISO-10303-21;
