ISO-10303-21;
HEADER;
/* Generated by software containing ST-Developer
 * from STEP Tools, Inc. (www.steptools.com) 
 */

FILE_DESCRIPTION(
/* description */ (''),
/* implementation_level */ '2;1');

FILE_NAME(
/* name */ 'Bowden_In_0.8.step',
/* time_stamp */ '2026-10-10T16:31:02-05:00',
/* author */ (''),
/* organization */ (''),
/* preprocessor_version */ 'ST-DEVELOPER v20.1',
/* originating_system */ 'Autodesk Translation Framework v15.8.0.0',
/* authorisation */ '');

FILE_SCHEMA (('AUTOMOTIVE_DESIGN { 1 0 10303 214 3 1 1 }'));
ENDSEC;

DATA;
#10=MECHANICAL_DESIGN_GEOMETRIC_PRESENTATION_REPRESENTATION('',(#13),#7319);
#11=SHAPE_REPRESENTATION_RELATIONSHIP('SRR','None',#7326,#12);
#12=ADVANCED_BREP_SHAPE_REPRESENTATION('',(#14),#7318);
#13=STYLED_ITEM('',(#7337),#14);
#14=MANIFOLD_SOLID_BREP('Bowden_In_0.8',#3008);
#15=(
BOUNDED_SURFACE()
B_SPLINE_SURFACE(1,2,((#6770,#6771,#6772,#6773,#6774,#6775,#6776,#6777,
#6778,#6779,#6780,#6781,#6782,#6783,#6784,#6785,#6786,#6787,#6788,#6789,
#6790,#6791,#6792,#6793,#6794,#6795,#6796,#6797,#6798,#6799,#6800,#6801,
#6802,#6803,#6804,#6805,#6806,#6807,#6808,#6809,#6810,#6811,#6812,#6813,
#6814,#6815,#6816,#6817,#6818,#6819,#6820,#6821,#6822,#6823,#6824,#6825,
#6826,#6827,#6828,#6829,#6830,#6831,#6832,#6833,#6834,#6835,#6836,#6837,
#6838,#6839,#6840,#6841,#6842,#6843,#6844,#6845,#6846,#6847,#6848,#6849,
#6850,#6851,#6852,#6853,#6854,#6855,#6856,#6857,#6858,#6859,#6860,#6861,
#6862,#6863,#6864,#6865,#6866,#6867,#6868,#6869,#6870,#6871,#6872,#6873,
#6874,#6875,#6876,#6877,#6878,#6879,#6880,#6881,#6882,#6883,#6884,#6885,
#6886,#6887,#6888,#6889,#6890,#6891,#6892,#6893,#6894,#6895,#6896,#6897,
#6898),(#6899,#6900,#6901,#6902,#6903,#6904,#6905,#6906,#6907,#6908,#6909,
#6910,#6911,#6912,#6913,#6914,#6915,#6916,#6917,#6918,#6919,#6920,#6921,
#6922,#6923,#6924,#6925,#6926,#6927,#6928,#6929,#6930,#6931,#6932,#6933,
#6934,#6935,#6936,#6937,#6938,#6939,#6940,#6941,#6942,#6943,#6944,#6945,
#6946,#6947,#6948,#6949,#6950,#6951,#6952,#6953,#6954,#6955,#6956,#6957,
#6958,#6959,#6960,#6961,#6962,#6963,#6964,#6965,#6966,#6967,#6968,#6969,
#6970,#6971,#6972,#6973,#6974,#6975,#6976,#6977,#6978,#6979,#6980,#6981,
#6982,#6983,#6984,#6985,#6986,#6987,#6988,#6989,#6990,#6991,#6992,#6993,
#6994,#6995,#6996,#6997,#6998,#6999,#7000,#7001,#7002,#7003,#7004,#7005,
#7006,#7007,#7008,#7009,#7010,#7011,#7012,#7013,#7014,#7015,#7016,#7017,
#7018,#7019,#7020,#7021,#7022,#7023,#7024,#7025,#7026,#7027)),
 .UNSPECIFIED.,.F.,.F.,.F.)
B_SPLINE_SURFACE_WITH_KNOTS((2,2),(3,2,2,2,2,2,2,2,2,2,2,2,2,2,2,2,2,2,
2,2,2,2,2,2,2,2,2,2,2,2,2,2,2,2,2,2,2,2,2,2,2,2,2,2,2,2,2,2,2,2,2,2,2,2,
2,2,2,2,2,2,2,2,2,2,3),(-8.58135211900797E-6,1.),(0.,0.015625,0.03125,0.046875,
0.0625,0.078125,0.09375,0.109375,0.125,0.140625,0.15625,0.171875,0.1875,
0.203125,0.21875,0.234375,0.25,0.265625,0.28125,0.296875,0.3125,0.328125,
0.34375,0.359375,0.375,0.390625,0.40625,0.421875,0.4375,0.453125,0.46875,
0.484375,0.5,0.515625,0.53125,0.546875,0.5625,0.578125,0.59375,0.609375,
0.625,0.640625,0.65625,0.671875,0.6875,0.703125,0.71875,0.734375,0.75,0.765625,
0.78125,0.796875,0.8125,0.828125,0.84375,0.859375,0.875,0.890625,0.90625,
0.921875,0.9375,0.953125,0.96875,0.984375,1.),.UNSPECIFIED.)
GEOMETRIC_REPRESENTATION_ITEM()
RATIONAL_B_SPLINE_SURFACE(((1.,0.9238795325,1.,0.9238795325,1.,0.9238795325,
1.,0.9238795325,1.,0.9238795325,1.,0.9238795325,1.,0.9238795325,1.,0.9238795325,
1.,0.9238795325,1.,0.9238795325,1.,0.9238795325,1.,0.9238795325,1.,0.9238795325,
1.,0.9238795325,1.,0.9238795325,1.,0.9238795325,1.,0.9238795325,1.,0.9238795325,
1.,0.9238795325,1.,0.9238795325,1.,0.9238795325,1.,0.9238795325,1.,0.9238795325,
1.,0.9238795325,1.,0.9238795325,1.,0.9238795325,1.,0.9238795325,1.,0.9238795325,
1.,0.9238795325,1.,0.9238795325,1.,0.9238795325,1.,0.9238795325,1.,0.9238795325,
1.,0.9238795325,1.,0.9238795325,1.,0.9238795325,1.,0.9238795325,1.,0.9238795325,
1.,0.9238795325,1.,0.9238795325,1.,0.9238795325,1.,0.9238795325,1.,0.9238795325,
1.,0.9238795325,1.,0.9238795325,1.,0.9238795325,1.,0.9238795325,1.,0.9238795325,
1.,0.9238795325,1.,0.9238795325,1.,0.9238795325,1.,0.9238795325,1.,0.9238795325,
1.,0.9238795325,1.,0.9238795325,1.,0.9238795325,1.,0.9238795325,1.,0.9238795325,
1.,0.9238795325,1.,0.9238795325,1.,0.9238795325,1.,0.9238795325,1.,0.9238795325,
1.,0.9238795325,1.),(1.,0.9238795325,1.,0.9238795325,1.,0.9238795325,1.,
0.9238795325,1.,0.9238795325,1.,0.9238795325,1.,0.9238795325,1.,0.9238795325,
1.,0.9238795325,1.,0.9238795325,1.,0.9238795325,1.,0.9238795325,1.,0.9238795325,
1.,0.9238795325,1.,0.9238795325,1.,0.9238795325,1.,0.9238795325,1.,0.9238795325,
1.,0.9238795325,1.,0.9238795325,1.,0.9238795325,1.,0.9238795325,1.,0.9238795325,
1.,0.9238795325,1.,0.9238795325,1.,0.9238795325,1.,0.9238795325,1.,0.9238795325,
1.,0.9238795325,1.,0.9238795325,1.,0.9238795325,1.,0.9238795325,1.,0.9238795325,
1.,0.9238795325,1.,0.9238795325,1.,0.9238795325,1.,0.9238795325,1.,0.9238795325,
1.,0.9238795325,1.,0.9238795325,1.,0.9238795325,1.,0.9238795325,1.,0.9238795325,
1.,0.9238795325,1.,0.9238795325,1.,0.9238795325,1.,0.9238795325,1.,0.9238795325,
1.,0.9238795325,1.,0.9238795325,1.,0.9238795325,1.,0.9238795325,1.,0.9238795325,
1.,0.9238795325,1.,0.9238795325,1.,0.9238795325,1.,0.9238795325,1.,0.9238795325,
1.,0.9238795325,1.,0.9238795325,1.,0.9238795325,1.,0.9238795325,1.,0.9238795325,
1.,0.9238795325,1.)))
REPRESENTATION_ITEM('')
SURFACE()
);
#16=(
BOUNDED_SURFACE()
B_SPLINE_SURFACE(1,2,((#7056,#7057,#7058,#7059,#7060,#7061,#7062,#7063,
#7064,#7065,#7066,#7067,#7068,#7069,#7070,#7071,#7072,#7073,#7074,#7075,
#7076,#7077,#7078,#7079,#7080,#7081,#7082,#7083,#7084,#7085,#7086,#7087,
#7088,#7089,#7090,#7091,#7092,#7093,#7094,#7095,#7096,#7097,#7098,#7099,
#7100,#7101,#7102,#7103,#7104,#7105,#7106,#7107,#7108,#7109,#7110,#7111,
#7112,#7113,#7114,#7115,#7116,#7117,#7118,#7119,#7120,#7121,#7122,#7123,
#7124,#7125,#7126,#7127,#7128,#7129,#7130,#7131,#7132,#7133,#7134,#7135,
#7136,#7137,#7138,#7139,#7140,#7141,#7142,#7143,#7144,#7145,#7146,#7147,
#7148,#7149,#7150,#7151,#7152,#7153,#7154,#7155,#7156,#7157,#7158,#7159,
#7160,#7161,#7162,#7163,#7164,#7165,#7166,#7167,#7168,#7169,#7170,#7171,
#7172,#7173,#7174,#7175,#7176,#7177,#7178,#7179,#7180,#7181,#7182,#7183,
#7184),(#7185,#7186,#7187,#7188,#7189,#7190,#7191,#7192,#7193,#7194,#7195,
#7196,#7197,#7198,#7199,#7200,#7201,#7202,#7203,#7204,#7205,#7206,#7207,
#7208,#7209,#7210,#7211,#7212,#7213,#7214,#7215,#7216,#7217,#7218,#7219,
#7220,#7221,#7222,#7223,#7224,#7225,#7226,#7227,#7228,#7229,#7230,#7231,
#7232,#7233,#7234,#7235,#7236,#7237,#7238,#7239,#7240,#7241,#7242,#7243,
#7244,#7245,#7246,#7247,#7248,#7249,#7250,#7251,#7252,#7253,#7254,#7255,
#7256,#7257,#7258,#7259,#7260,#7261,#7262,#7263,#7264,#7265,#7266,#7267,
#7268,#7269,#7270,#7271,#7272,#7273,#7274,#7275,#7276,#7277,#7278,#7279,
#7280,#7281,#7282,#7283,#7284,#7285,#7286,#7287,#7288,#7289,#7290,#7291,
#7292,#7293,#7294,#7295,#7296,#7297,#7298,#7299,#7300,#7301,#7302,#7303,
#7304,#7305,#7306,#7307,#7308,#7309,#7310,#7311,#7312,#7313)),
 .UNSPECIFIED.,.F.,.F.,.F.)
B_SPLINE_SURFACE_WITH_KNOTS((2,2),(3,2,2,2,2,2,2,2,2,2,2,2,2,2,2,2,2,2,
2,2,2,2,2,2,2,2,2,2,2,2,2,2,2,2,2,2,2,2,2,2,2,2,2,2,2,2,2,2,2,2,2,2,2,2,
2,2,2,2,2,2,2,2,2,2,3),(0.,1.00000346255575),(0.,0.015625,0.03125,0.046875,
0.0625,0.078125,0.09375,0.109375,0.125,0.140625,0.15625,0.171875,0.1875,
0.203125,0.21875,0.234375,0.25,0.265625,0.28125,0.296875,0.3125,0.328125,
0.34375,0.359375,0.375,0.390625,0.40625,0.421875,0.4375,0.453125,0.46875,
0.484375,0.5,0.515625,0.53125,0.546875,0.5625,0.578125,0.59375,0.609375,
0.625,0.640625,0.65625,0.671875,0.6875,0.703125,0.71875,0.734375,0.75,0.765625,
0.78125,0.796875,0.8125,0.828125,0.84375,0.859375,0.875,0.890625,0.90625,
0.921875,0.9375,0.953125,0.96875,0.984375,1.),.UNSPECIFIED.)
GEOMETRIC_REPRESENTATION_ITEM()
RATIONAL_B_SPLINE_SURFACE(((1.,0.9238795325,1.,0.9238795325,1.,0.9238795325,
1.,0.9238795325,1.,0.9238795325,1.,0.9238795325,1.,0.9238795325,1.,0.9238795325,
1.,0.9238795325,1.,0.9238795325,1.,0.9238795325,1.,0.9238795325,1.,0.9238795325,
1.,0.9238795325,1.,0.9238795325,1.,0.9238795325,1.,0.9238795325,1.,0.9238795325,
1.,0.9238795325,1.,0.9238795325,1.,0.9238795325,1.,0.9238795325,1.,0.9238795325,
1.,0.9238795325,1.,0.9238795325,1.,0.9238795325,1.,0.9238795325,1.,0.9238795325,
1.,0.9238795325,1.,0.9238795325,1.,0.9238795325,1.,0.9238795325,1.,0.9238795325,
1.,0.9238795325,1.,0.9238795325,1.,0.9238795325,1.,0.9238795325,1.,0.9238795325,
1.,0.9238795325,1.,0.9238795325,1.,0.9238795325,1.,0.9238795325,1.,0.9238795325,
1.,0.9238795325,1.,0.9238795325,1.,0.9238795325,1.,0.9238795325,1.,0.9238795325,
1.,0.9238795325,1.,0.9238795325,1.,0.9238795325,1.,0.9238795325,1.,0.9238795325,
1.,0.9238795325,1.,0.9238795325,1.,0.9238795325,1.,0.9238795325,1.,0.9238795325,
1.,0.9238795325,1.,0.9238795325,1.,0.9238795325,1.,0.9238795325,1.,0.9238795325,
1.,0.9238795325,1.),(1.,0.9238795325,1.,0.9238795325,1.,0.9238795325,1.,
0.9238795325,1.,0.9238795325,1.,0.9238795325,1.,0.9238795325,1.,0.9238795325,
1.,0.9238795325,1.,0.9238795325,1.,0.9238795325,1.,0.9238795325,1.,0.9238795325,
1.,0.9238795325,1.,0.9238795325,1.,0.9238795325,1.,0.9238795325,1.,0.9238795325,
1.,0.9238795325,1.,0.9238795325,1.,0.9238795325,1.,0.9238795325,1.,0.9238795325,
1.,0.9238795325,1.,0.9238795325,1.,0.9238795325,1.,0.9238795325,1.,0.9238795325,
1.,0.9238795325,1.,0.9238795325,1.,0.9238795325,1.,0.9238795325,1.,0.9238795325,
1.,0.9238795325,1.,0.9238795325,1.,0.9238795325,1.,0.9238795325,1.,0.9238795325,
1.,0.9238795325,1.,0.9238795325,1.,0.9238795325,1.,0.9238795325,1.,0.9238795325,
1.,0.9238795325,1.,0.9238795325,1.,0.9238795325,1.,0.9238795325,1.,0.9238795325,
1.,0.9238795325,1.,0.9238795325,1.,0.9238795325,1.,0.9238795325,1.,0.9238795325,
1.,0.9238795325,1.,0.9238795325,1.,0.9238795325,1.,0.9238795325,1.,0.9238795325,
1.,0.9238795325,1.,0.9238795325,1.,0.9238795325,1.,0.9238795325,1.,0.9238795325,
1.,0.9238795325,1.)))
REPRESENTATION_ITEM('')
SURFACE()
);
#17=B_SPLINE_SURFACE_WITH_KNOTS('',3,1,((#4765,#4766),(#4767,#4768),(#4769,
#4770),(#4771,#4772),(#4773,#4774)),.UNSPECIFIED.,.F.,.F.,.F.,(4,1,4),(2,
2),(0.,0.0195341898064047,0.0394826528628295),(0.,0.04),.UNSPECIFIED.);
#18=B_SPLINE_SURFACE_WITH_KNOTS('',3,1,((#4791,#4792),(#4793,#4794),(#4795,
#4796),(#4797,#4798),(#4799,#4800)),.UNSPECIFIED.,.F.,.F.,.F.,(4,1,4),(2,
2),(0.,0.0222129817351842,0.0425729521573543),(0.,0.04),.UNSPECIFIED.);
#19=B_SPLINE_SURFACE_WITH_KNOTS('',3,1,((#4814,#4815),(#4816,#4817),(#4818,
#4819),(#4820,#4821),(#4822,#4823)),.UNSPECIFIED.,.F.,.F.,.F.,(4,1,4),(2,
2),(0.,0.0514989389083258,0.084001502060691),(0.,0.04),.UNSPECIFIED.);
#20=B_SPLINE_SURFACE_WITH_KNOTS('',3,1,((#4837,#4838),(#4839,#4840),(#4841,
#4842),(#4843,#4844),(#4845,#4846)),.UNSPECIFIED.,.F.,.F.,.F.,(4,1,4),(2,
2),(0.,0.032542772664411,0.0838290599482932),(0.,0.04),.UNSPECIFIED.);
#21=B_SPLINE_SURFACE_WITH_KNOTS('',3,1,((#4860,#4861),(#4862,#4863),(#4864,
#4865),(#4866,#4867),(#4868,#4869)),.UNSPECIFIED.,.F.,.F.,.F.,(4,1,4),(2,
2),(0.,0.0201231716685933,0.042362187440359),(0.,0.04),.UNSPECIFIED.);
#22=B_SPLINE_SURFACE_WITH_KNOTS('',3,1,((#4883,#4884),(#4885,#4886),(#4887,
#4888),(#4889,#4890),(#4891,#4892)),.UNSPECIFIED.,.F.,.F.,.F.,(4,1,4),(2,
2),(0.,0.0221948827570077,0.0423126476358564),(0.,0.04),.UNSPECIFIED.);
#23=B_SPLINE_SURFACE_WITH_KNOTS('',3,1,((#4906,#4907),(#4908,#4909),(#4910,
#4911),(#4912,#4913),(#4914,#4915)),.UNSPECIFIED.,.F.,.F.,.F.,(4,1,4),(2,
2),(0.,0.0513926125529843,0.0839152924697956),(0.,0.04),.UNSPECIFIED.);
#24=B_SPLINE_SURFACE_WITH_KNOTS('',3,1,((#4929,#4930),(#4931,#4932),(#4933,
#4934),(#4935,#4936),(#4937,#4938)),.UNSPECIFIED.,.F.,.F.,.F.,(4,1,4),(2,
2),(0.,0.0346354837216758,0.0866711410652275),(0.,0.04),.UNSPECIFIED.);
#25=B_SPLINE_SURFACE_WITH_KNOTS('',3,1,((#4949,#4950),(#4951,#4952),(#4953,
#4954),(#4955,#4956),(#4957,#4958)),.UNSPECIFIED.,.F.,.F.,.F.,(4,1,4),(2,
2),(0.,0.0329173347803065,0.0642043298499813),(0.,0.04),.UNSPECIFIED.);
#26=B_SPLINE_SURFACE_WITH_KNOTS('',3,1,((#4975,#4976),(#4977,#4978),(#4979,
#4980),(#4981,#4982),(#4983,#4984)),.UNSPECIFIED.,.F.,.F.,.F.,(4,1,4),(2,
2),(0.,0.0231693089070433,0.0485283812298887),(0.,0.04),.UNSPECIFIED.);
#27=B_SPLINE_SURFACE_WITH_KNOTS('',3,1,((#4998,#4999),(#5000,#5001),(#5002,
#5003),(#5004,#5005),(#5006,#5007)),.UNSPECIFIED.,.F.,.F.,.F.,(4,1,4),(2,
2),(0.,0.0264807031504682,0.0502657381393709),(0.,0.04),.UNSPECIFIED.);
#28=B_SPLINE_SURFACE_WITH_KNOTS('',3,1,((#5021,#5022),(#5023,#5024),(#5025,
#5026),(#5027,#5028),(#5029,#5030)),.UNSPECIFIED.,.F.,.F.,.F.,(4,1,4),(2,
2),(0.,0.0398194455742193,0.071817022700939),(0.,0.04),.UNSPECIFIED.);
#29=B_SPLINE_SURFACE_WITH_KNOTS('',3,1,((#5044,#5045),(#5046,#5047),(#5048,
#5049),(#5050,#5051),(#5052,#5053)),.UNSPECIFIED.,.F.,.F.,.F.,(4,1,4),(2,
2),(0.,0.0260729172255166,0.059462903120839),(0.,0.04),.UNSPECIFIED.);
#30=B_SPLINE_SURFACE_WITH_KNOTS('',3,1,((#5067,#5068),(#5069,#5070),(#5071,
#5072),(#5073,#5074),(#5075,#5076)),.UNSPECIFIED.,.F.,.F.,.F.,(4,1,4),(2,
2),(0.,0.0190878941500721,0.0404160697114683),(0.,0.04),.UNSPECIFIED.);
#31=B_SPLINE_SURFACE_WITH_KNOTS('',3,1,((#5090,#5091),(#5092,#5093),(#5094,
#5095),(#5096,#5097),(#5098,#5099)),.UNSPECIFIED.,.F.,.F.,.F.,(4,1,4),(2,
2),(0.,0.0170238435864498,0.034551398555716),(0.,0.04),.UNSPECIFIED.);
#32=B_SPLINE_SURFACE_WITH_KNOTS('',3,1,((#5113,#5114),(#5115,#5116),(#5117,
#5118),(#5119,#5120),(#5121,#5122)),.UNSPECIFIED.,.F.,.F.,.F.,(4,1,4),(2,
2),(0.,0.0189947031549787,0.0364966173478098),(0.,0.04),.UNSPECIFIED.);
#33=B_SPLINE_SURFACE_WITH_KNOTS('',3,1,((#5136,#5137),(#5138,#5139),(#5140,
#5141),(#5142,#5143),(#5144,#5145)),.UNSPECIFIED.,.F.,.F.,.F.,(4,1,4),(2,
2),(0.,0.0231012268483738,0.0483307076879712),(0.,0.04),.UNSPECIFIED.);
#34=B_SPLINE_SURFACE_WITH_KNOTS('',3,1,((#5159,#5160),(#5161,#5162),(#5163,
#5164),(#5165,#5166),(#5167,#5168)),.UNSPECIFIED.,.F.,.F.,.F.,(4,1,4),(2,
2),(0.,0.0264887288252541,0.0502400612017856),(0.,0.04),.UNSPECIFIED.);
#35=B_SPLINE_SURFACE_WITH_KNOTS('',3,1,((#5182,#5183),(#5184,#5185),(#5186,
#5187),(#5188,#5189),(#5190,#5191)),.UNSPECIFIED.,.F.,.F.,.F.,(4,1,4),(2,
2),(0.,0.0400760513552295,0.0721705373701478),(0.,0.04),.UNSPECIFIED.);
#36=B_SPLINE_SURFACE_WITH_KNOTS('',3,1,((#5205,#5206),(#5207,#5208),(#5209,
#5210),(#5211,#5212),(#5213,#5214)),.UNSPECIFIED.,.F.,.F.,.F.,(4,1,4),(2,
2),(0.,0.0450110338675738,0.105949548670046),(0.,0.04),.UNSPECIFIED.);
#37=B_SPLINE_SURFACE_WITH_KNOTS('',3,1,((#5251,#5252),(#5253,#5254),(#5255,
#5256),(#5257,#5258),(#5259,#5260)),.UNSPECIFIED.,.F.,.F.,.F.,(4,1,4),(2,
2),(0.,0.0163171299781125,0.0318914482461587),(0.,0.04),.UNSPECIFIED.);
#38=B_SPLINE_SURFACE_WITH_KNOTS('',3,1,((#5277,#5278),(#5279,#5280),(#5281,
#5282),(#5283,#5284),(#5285,#5286)),.UNSPECIFIED.,.F.,.F.,.F.,(4,1,4),(2,
2),(0.,0.0156969447197145,0.0319202709664049),(0.,0.04),.UNSPECIFIED.);
#39=B_SPLINE_SURFACE_WITH_KNOTS('',3,1,((#5300,#5301),(#5302,#5303),(#5304,
#5305),(#5306,#5307),(#5308,#5309)),.UNSPECIFIED.,.F.,.F.,.F.,(4,1,4),(2,
2),(0.,0.01581176947958,0.0313674021087715),(0.,0.04),.UNSPECIFIED.);
#40=B_SPLINE_SURFACE_WITH_KNOTS('',3,1,((#5323,#5324),(#5325,#5326),(#5327,
#5328),(#5329,#5330),(#5331,#5332)),.UNSPECIFIED.,.F.,.F.,.F.,(4,1,4),(2,
2),(0.,0.0150593232055365,0.030268764795051),(0.,0.04),.UNSPECIFIED.);
#41=B_SPLINE_SURFACE_WITH_KNOTS('',3,1,((#5346,#5347),(#5348,#5349),(#5350,
#5351),(#5352,#5353),(#5354,#5355)),.UNSPECIFIED.,.F.,.F.,.F.,(4,1,4),(2,
2),(0.,0.0163764218918144,0.0317907358129001),(0.,0.04),.UNSPECIFIED.);
#42=B_SPLINE_SURFACE_WITH_KNOTS('',3,1,((#5369,#5370),(#5371,#5372),(#5373,
#5374),(#5375,#5376),(#5377,#5378)),.UNSPECIFIED.,.F.,.F.,.F.,(4,1,4),(2,
2),(0.,0.0156101960480772,0.0323894073300465),(0.,0.04),.UNSPECIFIED.);
#43=B_SPLINE_SURFACE_WITH_KNOTS('',3,1,((#5392,#5393),(#5394,#5395),(#5396,
#5397),(#5398,#5399),(#5400,#5401)),.UNSPECIFIED.,.F.,.F.,.F.,(4,1,4),(2,
2),(0.,0.0163664864033545,0.0318326389308383),(0.,0.04),.UNSPECIFIED.);
#44=B_SPLINE_SURFACE_WITH_KNOTS('',3,1,((#5415,#5416),(#5417,#5418),(#5419,
#5420),(#5421,#5422),(#5423,#5424)),.UNSPECIFIED.,.F.,.F.,.F.,(4,1,4),(2,
2),(0.,0.0151161591590104,0.029982064154301),(0.,0.04),.UNSPECIFIED.);
#45=B_SPLINE_SURFACE_WITH_KNOTS('',3,1,((#5435,#5436),(#5437,#5438),(#5439,
#5440),(#5441,#5442),(#5443,#5444)),.UNSPECIFIED.,.F.,.F.,.F.,(4,1,4),(2,
2),(0.,0.020124249786141,0.0394746827569211),(0.,0.04),.UNSPECIFIED.);
#46=B_SPLINE_SURFACE_WITH_KNOTS('',3,1,((#5461,#5462),(#5463,#5464),(#5465,
#5466),(#5467,#5468),(#5469,#5470)),.UNSPECIFIED.,.F.,.F.,.F.,(4,1,4),(2,
2),(0.,0.0198477714973588,0.0404830313723853),(0.,0.04),.UNSPECIFIED.);
#47=B_SPLINE_SURFACE_WITH_KNOTS('',3,1,((#5484,#5485),(#5486,#5487),(#5488,
#5489),(#5490,#5491),(#5492,#5493)),.UNSPECIFIED.,.F.,.F.,.F.,(4,1,4),(2,
2),(0.,0.0205837311288229,0.0403777822473228),(0.,0.04),.UNSPECIFIED.);
#48=B_SPLINE_SURFACE_WITH_KNOTS('',3,1,((#5507,#5508),(#5509,#5510),(#5511,
#5512),(#5513,#5514),(#5515,#5516)),.UNSPECIFIED.,.F.,.F.,.F.,(4,1,4),(2,
2),(0.,0.0193326726033943,0.0395618033738691),(0.,0.04),.UNSPECIFIED.);
#49=B_SPLINE_SURFACE_WITH_KNOTS('',3,1,((#5530,#5531),(#5532,#5533),(#5534,
#5535),(#5536,#5537),(#5538,#5539)),.UNSPECIFIED.,.F.,.F.,.F.,(4,1,4),(2,
2),(0.,0.0203895492712675,0.0397939705308033),(0.,0.04),.UNSPECIFIED.);
#50=B_SPLINE_SURFACE_WITH_KNOTS('',3,1,((#5553,#5554),(#5555,#5556),(#5557,
#5558),(#5559,#5560),(#5561,#5562)),.UNSPECIFIED.,.F.,.F.,.F.,(4,1,4),(2,
2),(0.,0.0137118391278292,0.0275002876447242),(0.,0.04),.UNSPECIFIED.);
#51=B_SPLINE_SURFACE_WITH_KNOTS('',3,1,((#5576,#5577),(#5578,#5579),(#5580,
#5581),(#5582,#5583),(#5584,#5585)),.UNSPECIFIED.,.F.,.F.,.F.,(4,1,4),(2,
2),(0.,0.0133614224108798,0.0268462947194531),(0.,0.04),.UNSPECIFIED.);
#52=B_SPLINE_SURFACE_WITH_KNOTS('',3,1,((#5599,#5600),(#5601,#5602),(#5603,
#5604),(#5605,#5606),(#5607,#5608)),.UNSPECIFIED.,.F.,.F.,.F.,(4,1,4),(2,
2),(0.,0.0130112039849601,0.026346483135082),(0.,0.04),.UNSPECIFIED.);
#53=B_SPLINE_SURFACE_WITH_KNOTS('',3,1,((#5622,#5623),(#5624,#5625),(#5626,
#5627),(#5628,#5629),(#5630,#5631)),.UNSPECIFIED.,.F.,.F.,.F.,(4,1,4),(2,
2),(0.,0.0193327396992349,0.0393483015291074),(0.,0.04),.UNSPECIFIED.);
#54=B_SPLINE_SURFACE_WITH_KNOTS('',3,1,((#5642,#5643),(#5644,#5645),(#5646,
#5647),(#5648,#5649),(#5650,#5651)),.UNSPECIFIED.,.F.,.F.,.F.,(4,1,4),(2,
2),(0.,0.0226158485328751,0.0432549304882946),(0.,0.04),.UNSPECIFIED.);
#55=B_SPLINE_SURFACE_WITH_KNOTS('',3,1,((#5668,#5669),(#5670,#5671),(#5672,
#5673),(#5674,#5675),(#5676,#5677)),.UNSPECIFIED.,.F.,.F.,.F.,(4,1,4),(2,
2),(0.,0.0299254338208368,0.060490934538949),(0.,0.04),.UNSPECIFIED.);
#56=B_SPLINE_SURFACE_WITH_KNOTS('',3,1,((#5691,#5692),(#5693,#5694),(#5695,
#5696),(#5697,#5698),(#5699,#5700)),.UNSPECIFIED.,.F.,.F.,.F.,(4,1,4),(2,
2),(0.,0.0338703021372177,0.0648509228193334),(0.,0.04),.UNSPECIFIED.);
#57=B_SPLINE_SURFACE_WITH_KNOTS('',3,1,((#5714,#5715),(#5716,#5717),(#5718,
#5719),(#5720,#5721),(#5722,#5723)),.UNSPECIFIED.,.F.,.F.,.F.,(4,1,4),(2,
2),(0.,0.0309467400239054,0.0648135432940821),(0.,0.04),.UNSPECIFIED.);
#58=B_SPLINE_SURFACE_WITH_KNOTS('',3,1,((#5737,#5738),(#5739,#5740),(#5741,
#5742),(#5743,#5744),(#5745,#5746)),.UNSPECIFIED.,.F.,.F.,.F.,(4,1,4),(2,
2),(0.,0.0300419738862247,0.0597748132518665),(0.,0.04),.UNSPECIFIED.);
#59=B_SPLINE_SURFACE_WITH_KNOTS('',3,1,((#5760,#5761),(#5762,#5763),(#5764,
#5765),(#5766,#5767),(#5768,#5769)),.UNSPECIFIED.,.F.,.F.,.F.,(4,1,4),(2,
2),(0.,0.0204297201134283,0.0422104040591452),(0.,0.04),.UNSPECIFIED.);
#60=B_SPLINE_SURFACE_WITH_KNOTS('',3,1,((#5783,#5784),(#5785,#5786),(#5787,
#5788),(#5789,#5790),(#5791,#5792)),.UNSPECIFIED.,.F.,.F.,.F.,(4,1,4),(2,
2),(0.,0.0225189281092385,0.0431555319040345),(0.,0.04),.UNSPECIFIED.);
#61=B_SPLINE_SURFACE_WITH_KNOTS('',3,1,((#5806,#5807),(#5808,#5809),(#5810,
#5811),(#5812,#5813),(#5814,#5815)),.UNSPECIFIED.,.F.,.F.,.F.,(4,1,4),(2,
2),(0.,0.0161885799248189,0.0344851362940621),(0.,0.04),.UNSPECIFIED.);
#62=B_SPLINE_SURFACE_WITH_KNOTS('',3,1,((#5829,#5830),(#5831,#5832),(#5833,
#5834),(#5835,#5836),(#5837,#5838)),.UNSPECIFIED.,.F.,.F.,.F.,(4,1,4),(2,
2),(0.,0.0164236443697754,0.0320108141347483),(0.,0.04),.UNSPECIFIED.);
#63=B_SPLINE_SURFACE_WITH_KNOTS('',3,1,((#5852,#5853),(#5854,#5855),(#5856,
#5857),(#5858,#5859),(#5860,#5861)),.UNSPECIFIED.,.F.,.F.,.F.,(4,1,4),(2,
2),(0.,0.0258530098720199,0.051559032526366),(0.,0.04),.UNSPECIFIED.);
#64=B_SPLINE_SURFACE_WITH_KNOTS('',3,1,((#5875,#5876),(#5877,#5878),(#5879,
#5880),(#5881,#5882),(#5883,#5884)),.UNSPECIFIED.,.F.,.F.,.F.,(4,1,4),(2,
2),(0.,0.0299246792372629,0.0571143500093034),(0.,0.04),.UNSPECIFIED.);
#65=B_SPLINE_SURFACE_WITH_KNOTS('',3,1,((#5898,#5899),(#5900,#5901),(#5902,
#5903),(#5904,#5905),(#5906,#5907)),.UNSPECIFIED.,.F.,.F.,.F.,(4,1,4),(2,
2),(0.,0.0267681222998638,0.0564654581724878),(0.,0.04),.UNSPECIFIED.);
#66=B_SPLINE_SURFACE_WITH_KNOTS('',3,1,((#5921,#5922),(#5923,#5924),(#5925,
#5926),(#5927,#5928),(#5929,#5930)),.UNSPECIFIED.,.F.,.F.,.F.,(4,1,4),(2,
2),(0.,0.025584998774508,0.0510292029459837),(0.,0.04),.UNSPECIFIED.);
#67=B_SPLINE_SURFACE_WITH_KNOTS('',3,1,((#5944,#5945),(#5946,#5947),(#5948,
#5949),(#5950,#5951),(#5952,#5953)),.UNSPECIFIED.,.F.,.F.,.F.,(4,1,4),(2,
2),(0.,0.0158259936278548,0.0327804301213505),(0.,0.04),.UNSPECIFIED.);
#68=B_SPLINE_SURFACE_WITH_KNOTS('',3,1,((#5967,#5968),(#5969,#5970),(#5971,
#5972),(#5973,#5974),(#5975,#5976)),.UNSPECIFIED.,.F.,.F.,.F.,(4,1,4),(2,
2),(0.,0.0186663123811395,0.0350363259746117),(0.,0.04),.UNSPECIFIED.);
#69=B_SPLINE_SURFACE_WITH_KNOTS('',3,1,((#5990,#5991),(#5992,#5993),(#5994,
#5995),(#5996,#5997),(#5998,#5999)),.UNSPECIFIED.,.F.,.F.,.F.,(4,1,4),(2,
2),(0.,0.0203950518418104,0.0423728582095489),(0.,0.04),.UNSPECIFIED.);
#70=B_SPLINE_SURFACE_WITH_KNOTS('',3,1,((#6020,#6021),(#6022,#6023),(#6024,
#6025),(#6026,#6027),(#6028,#6029)),.UNSPECIFIED.,.F.,.F.,.F.,(4,1,4),(2,
2),(0.,0.0186862881321562,0.0429215376304215),(0.,0.04),.UNSPECIFIED.);
#71=B_SPLINE_SURFACE_WITH_KNOTS('',3,1,((#6043,#6044),(#6045,#6046),(#6047,
#6048),(#6049,#6050),(#6051,#6052)),.UNSPECIFIED.,.F.,.F.,.F.,(4,1,4),(2,
2),(0.,0.016475392056537,0.032671848633584),(0.,0.04),.UNSPECIFIED.);
#72=B_SPLINE_SURFACE_WITH_KNOTS('',3,1,((#6066,#6067),(#6068,#6069),(#6070,
#6071),(#6072,#6073),(#6074,#6075)),.UNSPECIFIED.,.F.,.F.,.F.,(4,1,4),(2,
2),(0.,0.0118643418102834,0.0236424181010903),(0.,0.04),.UNSPECIFIED.);
#73=B_SPLINE_SURFACE_WITH_KNOTS('',3,1,((#6089,#6090),(#6091,#6092),(#6093,
#6094),(#6095,#6096),(#6097,#6098)),.UNSPECIFIED.,.F.,.F.,.F.,(4,1,4),(2,
2),(0.,0.0128002055052866,0.0248996439565042),(0.,0.04),.UNSPECIFIED.);
#74=B_SPLINE_SURFACE_WITH_KNOTS('',3,1,((#6112,#6113),(#6114,#6115),(#6116,
#6117),(#6118,#6119),(#6120,#6121)),.UNSPECIFIED.,.F.,.F.,.F.,(4,1,4),(2,
2),(0.,0.0202420419061385,0.0359046709298521),(0.,0.04),.UNSPECIFIED.);
#75=B_SPLINE_SURFACE_WITH_KNOTS('',3,1,((#6159,#6160),(#6161,#6162),(#6163,
#6164),(#6165,#6166),(#6167,#6168)),.UNSPECIFIED.,.F.,.F.,.F.,(4,1,4),(2,
2),(0.,0.00747197159111582,0.0184753411158626),(0.,0.04),.UNSPECIFIED.);
#76=B_SPLINE_SURFACE_WITH_KNOTS('',3,1,((#6182,#6183),(#6184,#6185),(#6186,
#6187),(#6188,#6189),(#6190,#6191)),.UNSPECIFIED.,.F.,.F.,.F.,(4,1,4),(2,
2),(0.,0.0085079721608483,0.0165500596077473),(0.,0.04),.UNSPECIFIED.);
#77=B_SPLINE_SURFACE_WITH_KNOTS('',3,1,((#6205,#6206),(#6207,#6208),(#6209,
#6210),(#6211,#6212),(#6213,#6214)),.UNSPECIFIED.,.F.,.F.,.F.,(4,1,4),(2,
2),(0.,0.0134895848501315,0.0237681255130243),(0.,0.04),.UNSPECIFIED.);
#78=B_SPLINE_SURFACE_WITH_KNOTS('',3,1,((#6228,#6229),(#6230,#6231),(#6232,
#6233),(#6234,#6235),(#6236,#6237)),.UNSPECIFIED.,.F.,.F.,.F.,(4,1,4),(2,
2),(0.,0.0238613764579545,0.0419220860564873),(0.,0.04),.UNSPECIFIED.);
#79=B_SPLINE_SURFACE_WITH_KNOTS('',3,1,((#6269,#6270),(#6271,#6272),(#6273,
#6274),(#6275,#6276),(#6277,#6278)),.UNSPECIFIED.,.F.,.F.,.F.,(4,1,4),(2,
2),(0.,0.0205684815915604,0.0432085846802537),(0.,0.04),.UNSPECIFIED.);
#80=B_SPLINE_SURFACE_WITH_KNOTS('',3,1,((#6292,#6293),(#6294,#6295),(#6296,
#6297),(#6298,#6299),(#6300,#6301)),.UNSPECIFIED.,.F.,.F.,.F.,(4,1,4),(2,
2),(0.,0.0131438179597393,0.0235722839603475),(0.,0.04),.UNSPECIFIED.);
#81=B_SPLINE_SURFACE_WITH_KNOTS('',3,1,((#6315,#6316),(#6317,#6318),(#6319,
#6320),(#6321,#6322),(#6323,#6324)),.UNSPECIFIED.,.F.,.F.,.F.,(4,1,4),(2,
2),(0.,0.0265113028212041,0.0588784780658848),(0.,0.04),.UNSPECIFIED.);
#82=B_SPLINE_SURFACE_WITH_KNOTS('',3,1,((#6338,#6339),(#6340,#6341),(#6342,
#6343),(#6344,#6345),(#6346,#6347)),.UNSPECIFIED.,.F.,.F.,.F.,(4,1,4),(2,
2),(0.,0.024889289151294,0.0489812078037576),(0.,0.04),.UNSPECIFIED.);
#83=B_SPLINE_SURFACE_WITH_KNOTS('',3,1,((#6361,#6362),(#6363,#6364),(#6365,
#6366),(#6367,#6368),(#6369,#6370)),.UNSPECIFIED.,.F.,.F.,.F.,(4,1,4),(2,
2),(0.,0.019570819535433,0.0394804881127189),(0.,0.04),.UNSPECIFIED.);
#84=B_SPLINE_SURFACE_WITH_KNOTS('',3,1,((#6384,#6385),(#6386,#6387),(#6388,
#6389),(#6390,#6391),(#6392,#6393)),.UNSPECIFIED.,.F.,.F.,.F.,(4,1,4),(2,
2),(0.,0.0182094228919869,0.0371072108303311),(0.,0.04),.UNSPECIFIED.);
#85=B_SPLINE_SURFACE_WITH_KNOTS('',3,1,((#6407,#6408),(#6409,#6410),(#6411,
#6412),(#6413,#6414),(#6415,#6416)),.UNSPECIFIED.,.F.,.F.,.F.,(4,1,4),(2,
2),(0.,0.0294649615674489,0.0514549192765596),(0.,0.04),.UNSPECIFIED.);
#86=B_SPLINE_SURFACE_WITH_KNOTS('',3,3,((#6465,#6466,#6467,#6468),(#6469,
#6470,#6471,#6472),(#6473,#6474,#6475,#6476),(#6477,#6478,#6479,#6480),
(#6481,#6482,#6483,#6484),(#6485,#6486,#6487,#6488),(#6489,#6490,#6491,
#6492),(#6493,#6494,#6495,#6496),(#6497,#6498,#6499,#6500),(#6501,#6502,
#6503,#6504)),.UNSPECIFIED.,.F.,.F.,.F.,(4,1,1,1,1,1,1,4),(4,4),(0.,0.142857142857143,
0.285714285714286,0.428571428571429,0.571428571428571,0.714285714285714,
0.857142857142857,1.),(-4.53522003522726E-16,0.23),.UNSPECIFIED.);
#87=SPHERICAL_SURFACE('',#3064,2.1);
#88=FACE_BOUND('',#370,.T.);
#89=FACE_BOUND('',#371,.T.);
#90=FACE_BOUND('',#376,.T.);
#91=FACE_BOUND('',#406,.T.);
#92=FACE_BOUND('',#446,.T.);
#93=FACE_BOUND('',#447,.T.);
#94=FACE_BOUND('',#476,.T.);
#95=FACE_BOUND('',#487,.T.);
#96=FACE_BOUND('',#489,.T.);
#97=FACE_BOUND('',#505,.T.);
#98=FACE_BOUND('',#506,.T.);
#99=FACE_BOUND('',#509,.T.);
#100=FACE_BOUND('',#510,.T.);
#101=FACE_BOUND('',#514,.T.);
#102=FACE_BOUND('',#515,.T.);
#103=FACE_BOUND('',#516,.T.);
#104=FACE_BOUND('',#517,.T.);
#105=FACE_BOUND('',#519,.T.);
#106=FACE_BOUND('',#520,.T.);
#107=FACE_BOUND('',#522,.T.);
#108=FACE_BOUND('',#524,.T.);
#109=FACE_BOUND('',#526,.T.);
#110=FACE_BOUND('',#527,.T.);
#111=FACE_BOUND('',#529,.T.);
#112=FACE_BOUND('',#530,.T.);
#113=FACE_BOUND('',#531,.T.);
#114=FACE_BOUND('',#533,.T.);
#115=PLANE('',#3049);
#116=PLANE('',#3050);
#117=PLANE('',#3056);
#118=PLANE('',#3057);
#119=PLANE('',#3059);
#120=PLANE('',#3077);
#121=PLANE('',#3081);
#122=PLANE('',#3082);
#123=PLANE('',#3083);
#124=PLANE('',#3084);
#125=PLANE('',#3085);
#126=PLANE('',#3086);
#127=PLANE('',#3087);
#128=PLANE('',#3088);
#129=PLANE('',#3089);
#130=PLANE('',#3090);
#131=PLANE('',#3091);
#132=PLANE('',#3092);
#133=PLANE('',#3093);
#134=PLANE('',#3094);
#135=PLANE('',#3095);
#136=PLANE('',#3096);
#137=PLANE('',#3097);
#138=PLANE('',#3098);
#139=PLANE('',#3099);
#140=PLANE('',#3100);
#141=PLANE('',#3101);
#142=PLANE('',#3102);
#143=PLANE('',#3103);
#144=PLANE('',#3104);
#145=PLANE('',#3105);
#146=PLANE('',#3109);
#147=PLANE('',#3110);
#148=PLANE('',#3111);
#149=PLANE('',#3112);
#150=PLANE('',#3116);
#151=PLANE('',#3120);
#152=PLANE('',#3124);
#153=PLANE('',#3135);
#154=PLANE('',#3141);
#155=PLANE('',#3142);
#156=PLANE('',#3143);
#157=PLANE('',#3144);
#158=PLANE('',#3145);
#159=PLANE('',#3146);
#160=PLANE('',#3147);
#161=PLANE('',#3148);
#162=PLANE('',#3149);
#163=PLANE('',#3150);
#164=PLANE('',#3156);
#165=PLANE('',#3157);
#166=PLANE('',#3158);
#167=ELLIPSE('',#3045,2.51475703469363,2.5);
#168=ELLIPSE('',#3058,2.00987565686776,2.);
#169=ELLIPSE('',#3060,7.11726907784242,2.);
#170=ELLIPSE('',#3063,2.02045672262159,2.);
#171=ELLIPSE('',#3073,2.37509800203306,2.);
#172=(
BOUNDED_CURVE()
B_SPLINE_CURVE(2,(#4252,#4253,#4254,#4255,#4256,#4257,#4258),
 .UNSPECIFIED.,.F.,.F.)
B_SPLINE_CURVE_WITH_KNOTS((3,2,2,3),(0.9375,0.953125,0.96875,0.984375),
 .UNSPECIFIED.)
CURVE()
GEOMETRIC_REPRESENTATION_ITEM()
RATIONAL_B_SPLINE_CURVE((1.,0.9238795325,1.,0.9238795325,1.,0.9238795325,
1.))
REPRESENTATION_ITEM('')
);
#173=(
BOUNDED_CURVE()
B_SPLINE_CURVE(2,(#4299,#4300,#4301,#4302,#4303,#4304,#4305,#4306,#4307,
#4308,#4309,#4310,#4311,#4312,#4313,#4314,#4315),.UNSPECIFIED.,.F.,.F.)
B_SPLINE_CURVE_WITH_KNOTS((3,2,2,2,2,2,2,2,3),(0.8125,0.828125,0.84375,
0.859375,0.875,0.890625,0.90625,0.921875,0.9375),.UNSPECIFIED.)
CURVE()
GEOMETRIC_REPRESENTATION_ITEM()
RATIONAL_B_SPLINE_CURVE((1.,0.9238795325,1.,0.9238795325,1.,0.9238795325,
1.,0.9238795325,1.,0.9238795325,1.,0.9238795325,1.,0.9238795325,1.,0.9238795325,
1.))
REPRESENTATION_ITEM('')
);
#174=(
BOUNDED_CURVE()
B_SPLINE_CURVE(2,(#4356,#4357,#4358,#4359,#4360,#4361,#4362,#4363,#4364,
#4365,#4366,#4367,#4368,#4369,#4370,#4371,#4372),.UNSPECIFIED.,.F.,.F.)
B_SPLINE_CURVE_WITH_KNOTS((3,2,2,2,2,2,2,2,3),(0.6875,0.703125,0.71875,
0.734375,0.75,0.765625,0.78125,0.796875,0.8125),.UNSPECIFIED.)
CURVE()
GEOMETRIC_REPRESENTATION_ITEM()
RATIONAL_B_SPLINE_CURVE((1.,0.9238795325,1.,0.9238795325,1.,0.9238795325,
1.,0.9238795325,1.,0.9238795325,1.,0.9238795325,1.,0.9238795325,1.,0.9238795325,
1.))
REPRESENTATION_ITEM('')
);
#175=(
BOUNDED_CURVE()
B_SPLINE_CURVE(2,(#4413,#4414,#4415,#4416,#4417,#4418,#4419,#4420,#4421,
#4422,#4423,#4424,#4425,#4426,#4427,#4428,#4429),.UNSPECIFIED.,.F.,.F.)
B_SPLINE_CURVE_WITH_KNOTS((3,2,2,2,2,2,2,2,3),(0.5625,0.578125,0.59375,
0.609375,0.625,0.640625,0.65625,0.671875,0.6875),.UNSPECIFIED.)
CURVE()
GEOMETRIC_REPRESENTATION_ITEM()
RATIONAL_B_SPLINE_CURVE((1.,0.9238795325,1.,0.9238795325,1.,0.9238795325,
1.,0.9238795325,1.,0.9238795325,1.,0.9238795325,1.,0.9238795325,1.,0.9238795325,
1.))
REPRESENTATION_ITEM('')
);
#176=(
BOUNDED_CURVE()
B_SPLINE_CURVE(2,(#4470,#4471,#4472,#4473,#4474,#4475,#4476,#4477,#4478,
#4479,#4480,#4481,#4482,#4483,#4484,#4485,#4486),.UNSPECIFIED.,.F.,.F.)
B_SPLINE_CURVE_WITH_KNOTS((3,2,2,2,2,2,2,2,3),(0.4375,0.453125,0.46875,
0.484375,0.5,0.515625,0.53125,0.546875,0.5625),.UNSPECIFIED.)
CURVE()
GEOMETRIC_REPRESENTATION_ITEM()
RATIONAL_B_SPLINE_CURVE((1.,0.9238795325,1.,0.9238795325,1.,0.9238795325,
1.,0.9238795325,1.,0.9238795325,1.,0.9238795325,1.,0.9238795325,1.,0.9238795325,
1.))
REPRESENTATION_ITEM('')
);
#177=(
BOUNDED_CURVE()
B_SPLINE_CURVE(2,(#4527,#4528,#4529,#4530,#4531,#4532,#4533,#4534,#4535,
#4536,#4537,#4538,#4539,#4540,#4541,#4542,#4543),.UNSPECIFIED.,.F.,.F.)
B_SPLINE_CURVE_WITH_KNOTS((3,2,2,2,2,2,2,2,3),(0.3125,0.328125,0.34375,
0.359375,0.375,0.390625,0.40625,0.421875,0.4375),.UNSPECIFIED.)
CURVE()
GEOMETRIC_REPRESENTATION_ITEM()
RATIONAL_B_SPLINE_CURVE((1.,0.9238795325,1.,0.9238795325,1.,0.9238795325,
1.,0.9238795325,1.,0.9238795325,1.,0.9238795325,1.,0.9238795325,1.,0.9238795325,
1.))
REPRESENTATION_ITEM('')
);
#178=(
BOUNDED_CURVE()
B_SPLINE_CURVE(2,(#4584,#4585,#4586,#4587,#4588,#4589,#4590,#4591,#4592,
#4593,#4594,#4595,#4596,#4597,#4598,#4599,#4600),.UNSPECIFIED.,.F.,.F.)
B_SPLINE_CURVE_WITH_KNOTS((3,2,2,2,2,2,2,2,3),(0.1875,0.203125,0.21875,
0.234375,0.25,0.265625,0.28125,0.296875,0.3125),.UNSPECIFIED.)
CURVE()
GEOMETRIC_REPRESENTATION_ITEM()
RATIONAL_B_SPLINE_CURVE((1.,0.9238795325,1.,0.9238795325,1.,0.9238795325,
1.,0.9238795325,1.,0.9238795325,1.,0.9238795325,1.,0.9238795325,1.,0.9238795325,
1.))
REPRESENTATION_ITEM('')
);
#179=(
BOUNDED_CURVE()
B_SPLINE_CURVE(2,(#4641,#4642,#4643,#4644,#4645,#4646,#4647,#4648,#4649,
#4650,#4651,#4652,#4653,#4654,#4655,#4656,#4657),.UNSPECIFIED.,.F.,.F.)
B_SPLINE_CURVE_WITH_KNOTS((3,2,2,2,2,2,2,2,3),(0.0625,0.078125,0.09375,
0.109375,0.125,0.140625,0.15625,0.171875,0.1875),.UNSPECIFIED.)
CURVE()
GEOMETRIC_REPRESENTATION_ITEM()
RATIONAL_B_SPLINE_CURVE((1.,0.9238795325,1.,0.9238795325,1.,0.9238795325,
1.,0.9238795325,1.,0.9238795325,1.,0.9238795325,1.,0.9238795325,1.,0.9238795325,
1.))
REPRESENTATION_ITEM('')
);
#180=(
BOUNDED_CURVE()
B_SPLINE_CURVE(2,(#6713,#6714,#6715,#6716,#6717),.UNSPECIFIED.,.F.,.F.)
B_SPLINE_CURVE_WITH_KNOTS((3,2,3),(0.0390624998,0.046875,0.0625),
 .UNSPECIFIED.)
CURVE()
GEOMETRIC_REPRESENTATION_ITEM()
RATIONAL_B_SPLINE_CURVE((0.96193976625,0.961939765275658,1.,0.9238795325,
1.))
REPRESENTATION_ITEM('')
);
#181=CONICAL_SURFACE('',#3030,4.5,0.7853981634);
#182=CONICAL_SURFACE('',#3159,5.041265875,1.0471975512);
#183=CONICAL_SURFACE('',#3162,4.5,0.7853981634);
#184=CONICAL_SURFACE('',#3163,4.5,1.0297442587);
#185=CONICAL_SURFACE('',#3168,4.5,1.0471975512);
#186=FACE_OUTER_BOUND('',#351,.T.);
#187=FACE_OUTER_BOUND('',#352,.T.);
#188=FACE_OUTER_BOUND('',#353,.T.);
#189=FACE_OUTER_BOUND('',#354,.T.);
#190=FACE_OUTER_BOUND('',#355,.T.);
#191=FACE_OUTER_BOUND('',#356,.T.);
#192=FACE_OUTER_BOUND('',#357,.T.);
#193=FACE_OUTER_BOUND('',#358,.T.);
#194=FACE_OUTER_BOUND('',#359,.T.);
#195=FACE_OUTER_BOUND('',#360,.T.);
#196=FACE_OUTER_BOUND('',#361,.T.);
#197=FACE_OUTER_BOUND('',#362,.T.);
#198=FACE_OUTER_BOUND('',#363,.T.);
#199=FACE_OUTER_BOUND('',#364,.T.);
#200=FACE_OUTER_BOUND('',#365,.T.);
#201=FACE_OUTER_BOUND('',#366,.T.);
#202=FACE_OUTER_BOUND('',#367,.T.);
#203=FACE_OUTER_BOUND('',#368,.T.);
#204=FACE_OUTER_BOUND('',#369,.T.);
#205=FACE_OUTER_BOUND('',#372,.T.);
#206=FACE_OUTER_BOUND('',#373,.T.);
#207=FACE_OUTER_BOUND('',#374,.T.);
#208=FACE_OUTER_BOUND('',#375,.T.);
#209=FACE_OUTER_BOUND('',#377,.T.);
#210=FACE_OUTER_BOUND('',#378,.T.);
#211=FACE_OUTER_BOUND('',#379,.T.);
#212=FACE_OUTER_BOUND('',#380,.T.);
#213=FACE_OUTER_BOUND('',#381,.T.);
#214=FACE_OUTER_BOUND('',#382,.T.);
#215=FACE_OUTER_BOUND('',#383,.T.);
#216=FACE_OUTER_BOUND('',#384,.T.);
#217=FACE_OUTER_BOUND('',#385,.T.);
#218=FACE_OUTER_BOUND('',#386,.T.);
#219=FACE_OUTER_BOUND('',#387,.T.);
#220=FACE_OUTER_BOUND('',#388,.T.);
#221=FACE_OUTER_BOUND('',#389,.T.);
#222=FACE_OUTER_BOUND('',#390,.T.);
#223=FACE_OUTER_BOUND('',#391,.T.);
#224=FACE_OUTER_BOUND('',#392,.T.);
#225=FACE_OUTER_BOUND('',#393,.T.);
#226=FACE_OUTER_BOUND('',#394,.T.);
#227=FACE_OUTER_BOUND('',#395,.T.);
#228=FACE_OUTER_BOUND('',#396,.T.);
#229=FACE_OUTER_BOUND('',#397,.T.);
#230=FACE_OUTER_BOUND('',#398,.T.);
#231=FACE_OUTER_BOUND('',#399,.T.);
#232=FACE_OUTER_BOUND('',#400,.T.);
#233=FACE_OUTER_BOUND('',#401,.T.);
#234=FACE_OUTER_BOUND('',#402,.T.);
#235=FACE_OUTER_BOUND('',#403,.T.);
#236=FACE_OUTER_BOUND('',#404,.T.);
#237=FACE_OUTER_BOUND('',#405,.T.);
#238=FACE_OUTER_BOUND('',#407,.T.);
#239=FACE_OUTER_BOUND('',#408,.T.);
#240=FACE_OUTER_BOUND('',#409,.T.);
#241=FACE_OUTER_BOUND('',#410,.T.);
#242=FACE_OUTER_BOUND('',#411,.T.);
#243=FACE_OUTER_BOUND('',#412,.T.);
#244=FACE_OUTER_BOUND('',#413,.T.);
#245=FACE_OUTER_BOUND('',#414,.T.);
#246=FACE_OUTER_BOUND('',#415,.T.);
#247=FACE_OUTER_BOUND('',#416,.T.);
#248=FACE_OUTER_BOUND('',#417,.T.);
#249=FACE_OUTER_BOUND('',#418,.T.);
#250=FACE_OUTER_BOUND('',#419,.T.);
#251=FACE_OUTER_BOUND('',#420,.T.);
#252=FACE_OUTER_BOUND('',#421,.T.);
#253=FACE_OUTER_BOUND('',#422,.T.);
#254=FACE_OUTER_BOUND('',#423,.T.);
#255=FACE_OUTER_BOUND('',#424,.T.);
#256=FACE_OUTER_BOUND('',#425,.T.);
#257=FACE_OUTER_BOUND('',#426,.T.);
#258=FACE_OUTER_BOUND('',#427,.T.);
#259=FACE_OUTER_BOUND('',#428,.T.);
#260=FACE_OUTER_BOUND('',#429,.T.);
#261=FACE_OUTER_BOUND('',#430,.T.);
#262=FACE_OUTER_BOUND('',#431,.T.);
#263=FACE_OUTER_BOUND('',#432,.T.);
#264=FACE_OUTER_BOUND('',#433,.T.);
#265=FACE_OUTER_BOUND('',#434,.T.);
#266=FACE_OUTER_BOUND('',#435,.T.);
#267=FACE_OUTER_BOUND('',#436,.T.);
#268=FACE_OUTER_BOUND('',#437,.T.);
#269=FACE_OUTER_BOUND('',#438,.T.);
#270=FACE_OUTER_BOUND('',#439,.T.);
#271=FACE_OUTER_BOUND('',#440,.T.);
#272=FACE_OUTER_BOUND('',#441,.T.);
#273=FACE_OUTER_BOUND('',#442,.T.);
#274=FACE_OUTER_BOUND('',#443,.T.);
#275=FACE_OUTER_BOUND('',#444,.T.);
#276=FACE_OUTER_BOUND('',#445,.T.);
#277=FACE_OUTER_BOUND('',#448,.T.);
#278=FACE_OUTER_BOUND('',#449,.T.);
#279=FACE_OUTER_BOUND('',#450,.T.);
#280=FACE_OUTER_BOUND('',#451,.T.);
#281=FACE_OUTER_BOUND('',#452,.T.);
#282=FACE_OUTER_BOUND('',#453,.T.);
#283=FACE_OUTER_BOUND('',#454,.T.);
#284=FACE_OUTER_BOUND('',#455,.T.);
#285=FACE_OUTER_BOUND('',#456,.T.);
#286=FACE_OUTER_BOUND('',#457,.T.);
#287=FACE_OUTER_BOUND('',#458,.T.);
#288=FACE_OUTER_BOUND('',#459,.T.);
#289=FACE_OUTER_BOUND('',#460,.T.);
#290=FACE_OUTER_BOUND('',#461,.T.);
#291=FACE_OUTER_BOUND('',#462,.T.);
#292=FACE_OUTER_BOUND('',#463,.T.);
#293=FACE_OUTER_BOUND('',#464,.T.);
#294=FACE_OUTER_BOUND('',#465,.T.);
#295=FACE_OUTER_BOUND('',#466,.T.);
#296=FACE_OUTER_BOUND('',#467,.T.);
#297=FACE_OUTER_BOUND('',#468,.T.);
#298=FACE_OUTER_BOUND('',#469,.T.);
#299=FACE_OUTER_BOUND('',#470,.T.);
#300=FACE_OUTER_BOUND('',#471,.T.);
#301=FACE_OUTER_BOUND('',#472,.T.);
#302=FACE_OUTER_BOUND('',#473,.T.);
#303=FACE_OUTER_BOUND('',#474,.T.);
#304=FACE_OUTER_BOUND('',#475,.T.);
#305=FACE_OUTER_BOUND('',#477,.T.);
#306=FACE_OUTER_BOUND('',#478,.T.);
#307=FACE_OUTER_BOUND('',#479,.T.);
#308=FACE_OUTER_BOUND('',#480,.T.);
#309=FACE_OUTER_BOUND('',#481,.T.);
#310=FACE_OUTER_BOUND('',#482,.T.);
#311=FACE_OUTER_BOUND('',#483,.T.);
#312=FACE_OUTER_BOUND('',#484,.T.);
#313=FACE_OUTER_BOUND('',#485,.T.);
#314=FACE_OUTER_BOUND('',#486,.T.);
#315=FACE_OUTER_BOUND('',#488,.T.);
#316=FACE_OUTER_BOUND('',#490,.T.);
#317=FACE_OUTER_BOUND('',#491,.T.);
#318=FACE_OUTER_BOUND('',#492,.T.);
#319=FACE_OUTER_BOUND('',#493,.T.);
#320=FACE_OUTER_BOUND('',#494,.T.);
#321=FACE_OUTER_BOUND('',#495,.T.);
#322=FACE_OUTER_BOUND('',#496,.T.);
#323=FACE_OUTER_BOUND('',#497,.T.);
#324=FACE_OUTER_BOUND('',#498,.T.);
#325=FACE_OUTER_BOUND('',#499,.T.);
#326=FACE_OUTER_BOUND('',#500,.T.);
#327=FACE_OUTER_BOUND('',#501,.T.);
#328=FACE_OUTER_BOUND('',#502,.T.);
#329=FACE_OUTER_BOUND('',#503,.T.);
#330=FACE_OUTER_BOUND('',#504,.T.);
#331=FACE_OUTER_BOUND('',#507,.T.);
#332=FACE_OUTER_BOUND('',#508,.T.);
#333=FACE_OUTER_BOUND('',#511,.T.);
#334=FACE_OUTER_BOUND('',#512,.T.);
#335=FACE_OUTER_BOUND('',#513,.T.);
#336=FACE_OUTER_BOUND('',#518,.T.);
#337=FACE_OUTER_BOUND('',#521,.T.);
#338=FACE_OUTER_BOUND('',#523,.T.);
#339=FACE_OUTER_BOUND('',#525,.T.);
#340=FACE_OUTER_BOUND('',#528,.T.);
#341=FACE_OUTER_BOUND('',#532,.T.);
#342=FACE_OUTER_BOUND('',#534,.T.);
#343=FACE_OUTER_BOUND('',#535,.T.);
#344=FACE_OUTER_BOUND('',#536,.T.);
#345=FACE_OUTER_BOUND('',#537,.T.);
#346=FACE_OUTER_BOUND('',#538,.T.);
#347=FACE_OUTER_BOUND('',#539,.T.);
#348=FACE_OUTER_BOUND('',#540,.T.);
#349=FACE_OUTER_BOUND('',#541,.T.);
#350=FACE_OUTER_BOUND('',#542,.T.);
#351=EDGE_LOOP('',(#1920,#1921,#1922,#1923));
#352=EDGE_LOOP('',(#1924,#1925,#1926,#1927));
#353=EDGE_LOOP('',(#1928,#1929,#1930,#1931));
#354=EDGE_LOOP('',(#1932,#1933,#1934,#1935));
#355=EDGE_LOOP('',(#1936,#1937,#1938,#1939));
#356=EDGE_LOOP('',(#1940,#1941,#1942,#1943));
#357=EDGE_LOOP('',(#1944,#1945,#1946,#1947));
#358=EDGE_LOOP('',(#1948,#1949,#1950));
#359=EDGE_LOOP('',(#1951,#1952,#1953,#1954,#1955,#1956,#1957,#1958,#1959));
#360=EDGE_LOOP('',(#1960,#1961,#1962,#1963));
#361=EDGE_LOOP('',(#1964,#1965,#1966,#1967));
#362=EDGE_LOOP('',(#1968,#1969,#1970,#1971));
#363=EDGE_LOOP('',(#1972,#1973,#1974,#1975));
#364=EDGE_LOOP('',(#1976,#1977,#1978,#1979));
#365=EDGE_LOOP('',(#1980,#1981,#1982,#1983));
#366=EDGE_LOOP('',(#1984,#1985,#1986,#1987));
#367=EDGE_LOOP('',(#1988,#1989,#1990,#1991,#1992,#1993));
#368=EDGE_LOOP('',(#1994));
#369=EDGE_LOOP('',(#1995,#1996,#1997,#1998,#1999,#2000,#2001,#2002,#2003));
#370=EDGE_LOOP('',(#2004));
#371=EDGE_LOOP('',(#2005));
#372=EDGE_LOOP('',(#2006,#2007,#2008,#2009));
#373=EDGE_LOOP('',(#2010));
#374=EDGE_LOOP('',(#2011,#2012,#2013,#2014,#2015));
#375=EDGE_LOOP('',(#2016,#2017,#2018,#2019,#2020,#2021,#2022));
#376=EDGE_LOOP('',(#2023));
#377=EDGE_LOOP('',(#2024,#2025,#2026,#2027,#2028));
#378=EDGE_LOOP('',(#2029,#2030,#2031,#2032,#2033,#2034));
#379=EDGE_LOOP('',(#2035,#2036,#2037,#2038,#2039));
#380=EDGE_LOOP('',(#2040,#2041,#2042,#2043));
#381=EDGE_LOOP('',(#2044,#2045,#2046,#2047));
#382=EDGE_LOOP('',(#2048,#2049,#2050,#2051));
#383=EDGE_LOOP('',(#2052,#2053,#2054,#2055));
#384=EDGE_LOOP('',(#2056));
#385=EDGE_LOOP('',(#2057,#2058,#2059,#2060));
#386=EDGE_LOOP('',(#2061,#2062,#2063,#2064));
#387=EDGE_LOOP('',(#2065,#2066,#2067,#2068));
#388=EDGE_LOOP('',(#2069,#2070,#2071,#2072));
#389=EDGE_LOOP('',(#2073,#2074,#2075,#2076));
#390=EDGE_LOOP('',(#2077,#2078,#2079,#2080));
#391=EDGE_LOOP('',(#2081,#2082,#2083,#2084));
#392=EDGE_LOOP('',(#2085,#2086,#2087,#2088));
#393=EDGE_LOOP('',(#2089,#2090,#2091,#2092));
#394=EDGE_LOOP('',(#2093,#2094,#2095,#2096));
#395=EDGE_LOOP('',(#2097,#2098,#2099,#2100));
#396=EDGE_LOOP('',(#2101,#2102,#2103,#2104));
#397=EDGE_LOOP('',(#2105,#2106,#2107,#2108));
#398=EDGE_LOOP('',(#2109,#2110,#2111,#2112));
#399=EDGE_LOOP('',(#2113,#2114,#2115,#2116));
#400=EDGE_LOOP('',(#2117,#2118,#2119,#2120));
#401=EDGE_LOOP('',(#2121,#2122,#2123,#2124));
#402=EDGE_LOOP('',(#2125,#2126,#2127,#2128));
#403=EDGE_LOOP('',(#2129,#2130,#2131,#2132));
#404=EDGE_LOOP('',(#2133,#2134,#2135,#2136));
#405=EDGE_LOOP('',(#2137,#2138,#2139,#2140,#2141,#2142,#2143,#2144,#2145,
#2146,#2147,#2148));
#406=EDGE_LOOP('',(#2149,#2150,#2151,#2152,#2153,#2154,#2155,#2156));
#407=EDGE_LOOP('',(#2157,#2158,#2159,#2160));
#408=EDGE_LOOP('',(#2161,#2162,#2163,#2164));
#409=EDGE_LOOP('',(#2165,#2166,#2167,#2168));
#410=EDGE_LOOP('',(#2169,#2170,#2171,#2172));
#411=EDGE_LOOP('',(#2173,#2174,#2175,#2176));
#412=EDGE_LOOP('',(#2177,#2178,#2179,#2180));
#413=EDGE_LOOP('',(#2181,#2182,#2183,#2184));
#414=EDGE_LOOP('',(#2185,#2186,#2187,#2188));
#415=EDGE_LOOP('',(#2189,#2190,#2191,#2192));
#416=EDGE_LOOP('',(#2193,#2194,#2195,#2196));
#417=EDGE_LOOP('',(#2197,#2198,#2199,#2200));
#418=EDGE_LOOP('',(#2201,#2202,#2203,#2204));
#419=EDGE_LOOP('',(#2205,#2206,#2207,#2208));
#420=EDGE_LOOP('',(#2209,#2210,#2211,#2212));
#421=EDGE_LOOP('',(#2213,#2214,#2215,#2216));
#422=EDGE_LOOP('',(#2217,#2218,#2219,#2220));
#423=EDGE_LOOP('',(#2221,#2222,#2223,#2224));
#424=EDGE_LOOP('',(#2225,#2226,#2227,#2228));
#425=EDGE_LOOP('',(#2229,#2230,#2231,#2232));
#426=EDGE_LOOP('',(#2233,#2234,#2235,#2236));
#427=EDGE_LOOP('',(#2237,#2238,#2239,#2240));
#428=EDGE_LOOP('',(#2241,#2242,#2243,#2244));
#429=EDGE_LOOP('',(#2245,#2246,#2247,#2248));
#430=EDGE_LOOP('',(#2249,#2250,#2251,#2252));
#431=EDGE_LOOP('',(#2253,#2254,#2255,#2256));
#432=EDGE_LOOP('',(#2257,#2258,#2259,#2260));
#433=EDGE_LOOP('',(#2261,#2262,#2263,#2264));
#434=EDGE_LOOP('',(#2265,#2266,#2267,#2268));
#435=EDGE_LOOP('',(#2269,#2270,#2271,#2272));
#436=EDGE_LOOP('',(#2273,#2274,#2275,#2276));
#437=EDGE_LOOP('',(#2277,#2278,#2279,#2280));
#438=EDGE_LOOP('',(#2281,#2282,#2283,#2284));
#439=EDGE_LOOP('',(#2285,#2286,#2287,#2288));
#440=EDGE_LOOP('',(#2289,#2290,#2291,#2292));
#441=EDGE_LOOP('',(#2293,#2294,#2295,#2296));
#442=EDGE_LOOP('',(#2297,#2298,#2299,#2300));
#443=EDGE_LOOP('',(#2301,#2302,#2303,#2304));
#444=EDGE_LOOP('',(#2305,#2306,#2307,#2308));
#445=EDGE_LOOP('',(#2309,#2310,#2311,#2312,#2313,#2314,#2315,#2316,#2317,
#2318,#2319,#2320,#2321,#2322,#2323,#2324));
#446=EDGE_LOOP('',(#2325,#2326,#2327,#2328,#2329,#2330,#2331,#2332,#2333));
#447=EDGE_LOOP('',(#2334,#2335,#2336,#2337,#2338,#2339,#2340,#2341));
#448=EDGE_LOOP('',(#2342,#2343,#2344,#2345));
#449=EDGE_LOOP('',(#2346,#2347,#2348,#2349));
#450=EDGE_LOOP('',(#2350,#2351,#2352,#2353));
#451=EDGE_LOOP('',(#2354,#2355,#2356,#2357));
#452=EDGE_LOOP('',(#2358,#2359,#2360,#2361));
#453=EDGE_LOOP('',(#2362,#2363,#2364,#2365));
#454=EDGE_LOOP('',(#2366,#2367,#2368,#2369));
#455=EDGE_LOOP('',(#2370,#2371,#2372,#2373));
#456=EDGE_LOOP('',(#2374,#2375,#2376,#2377));
#457=EDGE_LOOP('',(#2378,#2379,#2380,#2381));
#458=EDGE_LOOP('',(#2382,#2383,#2384,#2385));
#459=EDGE_LOOP('',(#2386,#2387,#2388,#2389));
#460=EDGE_LOOP('',(#2390,#2391,#2392,#2393));
#461=EDGE_LOOP('',(#2394,#2395,#2396,#2397));
#462=EDGE_LOOP('',(#2398,#2399,#2400,#2401));
#463=EDGE_LOOP('',(#2402,#2403,#2404,#2405));
#464=EDGE_LOOP('',(#2406,#2407,#2408,#2409));
#465=EDGE_LOOP('',(#2410,#2411,#2412,#2413));
#466=EDGE_LOOP('',(#2414,#2415,#2416,#2417));
#467=EDGE_LOOP('',(#2418,#2419,#2420,#2421));
#468=EDGE_LOOP('',(#2422,#2423,#2424,#2425));
#469=EDGE_LOOP('',(#2426,#2427,#2428,#2429));
#470=EDGE_LOOP('',(#2430,#2431,#2432,#2433));
#471=EDGE_LOOP('',(#2434,#2435,#2436,#2437));
#472=EDGE_LOOP('',(#2438,#2439,#2440,#2441));
#473=EDGE_LOOP('',(#2442,#2443,#2444,#2445));
#474=EDGE_LOOP('',(#2446,#2447,#2448,#2449));
#475=EDGE_LOOP('',(#2450,#2451,#2452,#2453,#2454,#2455,#2456,#2457,#2458,
#2459,#2460,#2461,#2462,#2463,#2464,#2465,#2466,#2467,#2468));
#476=EDGE_LOOP('',(#2469,#2470,#2471,#2472,#2473,#2474,#2475,#2476));
#477=EDGE_LOOP('',(#2477,#2478,#2479,#2480,#2481,#2482,#2483,#2484));
#478=EDGE_LOOP('',(#2485,#2486,#2487,#2488,#2489,#2490,#2491,#2492,#2493));
#479=EDGE_LOOP('',(#2494,#2495,#2496,#2497,#2498,#2499,#2500,#2501));
#480=EDGE_LOOP('',(#2502,#2503,#2504,#2505,#2506,#2507,#2508,#2509));
#481=EDGE_LOOP('',(#2510,#2511,#2512,#2513,#2514,#2515,#2516,#2517));
#482=EDGE_LOOP('',(#2518,#2519,#2520,#2521));
#483=EDGE_LOOP('',(#2522,#2523,#2524,#2525));
#484=EDGE_LOOP('',(#2526,#2527,#2528,#2529));
#485=EDGE_LOOP('',(#2530,#2531,#2532,#2533));
#486=EDGE_LOOP('',(#2534,#2535,#2536,#2537,#2538));
#487=EDGE_LOOP('',(#2539));
#488=EDGE_LOOP('',(#2540,#2541,#2542,#2543,#2544,#2545));
#489=EDGE_LOOP('',(#2546));
#490=EDGE_LOOP('',(#2547,#2548,#2549,#2550));
#491=EDGE_LOOP('',(#2551));
#492=EDGE_LOOP('',(#2552,#2553,#2554,#2555));
#493=EDGE_LOOP('',(#2556));
#494=EDGE_LOOP('',(#2557,#2558,#2559,#2560));
#495=EDGE_LOOP('',(#2561));
#496=EDGE_LOOP('',(#2562,#2563,#2564,#2565));
#497=EDGE_LOOP('',(#2566,#2567,#2568,#2569));
#498=EDGE_LOOP('',(#2570,#2571,#2572,#2573));
#499=EDGE_LOOP('',(#2574,#2575,#2576,#2577));
#500=EDGE_LOOP('',(#2578,#2579,#2580,#2581));
#501=EDGE_LOOP('',(#2582,#2583,#2584,#2585,#2586,#2587,#2588,#2589));
#502=EDGE_LOOP('',(#2590,#2591));
#503=EDGE_LOOP('',(#2592,#2593,#2594,#2595,#2596,#2597));
#504=EDGE_LOOP('',(#2598,#2599,#2600,#2601));
#505=EDGE_LOOP('',(#2602));
#506=EDGE_LOOP('',(#2603));
#507=EDGE_LOOP('',(#2604,#2605,#2606,#2607));
#508=EDGE_LOOP('',(#2608,#2609,#2610,#2611,#2612,#2613,#2614,#2615));
#509=EDGE_LOOP('',(#2616));
#510=EDGE_LOOP('',(#2617));
#511=EDGE_LOOP('',(#2618,#2619,#2620,#2621));
#512=EDGE_LOOP('',(#2622,#2623,#2624,#2625,#2626));
#513=EDGE_LOOP('',(#2627,#2628,#2629,#2630,#2631,#2632,#2633,#2634,#2635));
#514=EDGE_LOOP('',(#2636,#2637,#2638,#2639,#2640,#2641,#2642,#2643,#2644,
#2645,#2646,#2647,#2648,#2649,#2650,#2651,#2652,#2653,#2654));
#515=EDGE_LOOP('',(#2655,#2656,#2657,#2658,#2659,#2660,#2661,#2662,#2663,
#2664,#2665,#2666,#2667,#2668,#2669,#2670));
#516=EDGE_LOOP('',(#2671,#2672,#2673,#2674));
#517=EDGE_LOOP('',(#2675,#2676,#2677,#2678,#2679,#2680,#2681,#2682,#2683,
#2684,#2685,#2686));
#518=EDGE_LOOP('',(#2687,#2688,#2689,#2690,#2691,#2692,#2693));
#519=EDGE_LOOP('',(#2694));
#520=EDGE_LOOP('',(#2695,#2696,#2697,#2698));
#521=EDGE_LOOP('',(#2699,#2700,#2701,#2702));
#522=EDGE_LOOP('',(#2703,#2704,#2705,#2706,#2707));
#523=EDGE_LOOP('',(#2708,#2709,#2710,#2711,#2712));
#524=EDGE_LOOP('',(#2713,#2714,#2715,#2716));
#525=EDGE_LOOP('',(#2717,#2718,#2719,#2720,#2721,#2722,#2723));
#526=EDGE_LOOP('',(#2724));
#527=EDGE_LOOP('',(#2725));
#528=EDGE_LOOP('',(#2726,#2727,#2728,#2729));
#529=EDGE_LOOP('',(#2730));
#530=EDGE_LOOP('',(#2731));
#531=EDGE_LOOP('',(#2732));
#532=EDGE_LOOP('',(#2733,#2734,#2735,#2736));
#533=EDGE_LOOP('',(#2737));
#534=EDGE_LOOP('',(#2738,#2739,#2740,#2741,#2742));
#535=EDGE_LOOP('',(#2743,#2744,#2745,#2746));
#536=EDGE_LOOP('',(#2747,#2748,#2749,#2750,#2751));
#537=EDGE_LOOP('',(#2752,#2753,#2754,#2755));
#538=EDGE_LOOP('',(#2756,#2757,#2758,#2759));
#539=EDGE_LOOP('',(#2760,#2761,#2762));
#540=EDGE_LOOP('',(#2763,#2764,#2765,#2766,#2767,#2768,#2769,#2770,#2771,
#2772,#2773,#2774,#2775,#2776,#2777,#2778,#2779,#2780,#2781,#2782));
#541=EDGE_LOOP('',(#2783,#2784,#2785,#2786,#2787,#2788,#2789,#2790,#2791,
#2792,#2793,#2794,#2795,#2796,#2797,#2798,#2799,#2800,#2801,#2802));
#542=EDGE_LOOP('',(#2803,#2804,#2805,#2806,#2807));
#543=CIRCLE('',#3023,4.5);
#544=CIRCLE('',#3031,5.);
#545=CIRCLE('',#3033,5.041265875);
#546=CIRCLE('',#3034,5.041265875);
#547=CIRCLE('',#3035,5.041265875);
#548=CIRCLE('',#3036,5.041265875);
#549=CIRCLE('',#3046,2.5);
#550=CIRCLE('',#3047,2.5);
#551=CIRCLE('',#3048,2.5);
#552=CIRCLE('',#3051,1.1);
#553=CIRCLE('',#3052,1.1);
#554=CIRCLE('',#3054,2.4);
#555=CIRCLE('',#3055,2.4);
#556=CIRCLE('',#3061,1.125);
#557=CIRCLE('',#3065,2.1);
#558=CIRCLE('',#3066,2.1);
#559=CIRCLE('',#3067,2.1);
#560=CIRCLE('',#3068,1.125);
#561=CIRCLE('',#3069,1.125);
#562=CIRCLE('',#3071,2.1);
#563=CIRCLE('',#3075,30.8159333623654);
#564=CIRCLE('',#3076,30.8159333623654);
#565=CIRCLE('',#3079,3.05);
#566=CIRCLE('',#3080,3.05);
#567=CIRCLE('',#3107,1.7);
#568=CIRCLE('',#3108,1.7);
#569=CIRCLE('',#3114,2.4);
#570=CIRCLE('',#3115,2.4);
#571=CIRCLE('',#3118,2.4);
#572=CIRCLE('',#3119,2.4);
#573=CIRCLE('',#3122,2.4);
#574=CIRCLE('',#3123,2.4);
#575=CIRCLE('',#3126,0.85);
#576=CIRCLE('',#3127,0.85);
#577=CIRCLE('',#3129,0.85);
#578=CIRCLE('',#3130,0.85);
#579=CIRCLE('',#3132,1.1);
#580=CIRCLE('',#3134,1.1);
#581=CIRCLE('',#3136,2.9);
#582=CIRCLE('',#3137,2.9);
#583=CIRCLE('',#3139,2.9);
#584=CIRCLE('',#3140,2.9);
#585=CIRCLE('',#3151,5.03340234795233);
#586=CIRCLE('',#3152,5.04126587478554);
#587=CIRCLE('',#3153,5.03347113001946);
#588=CIRCLE('',#3154,5.);
#589=CIRCLE('',#3160,4.5);
#590=CIRCLE('',#3164,4.5);
#591=CIRCLE('',#3167,4.5);
#592=B_SPLINE_CURVE_WITH_KNOTS('',3,(#3680,#3681,#3682,#3683,#3684,#3685,
#3686,#3687,#3688,#3689,#3690,#3691,#3692,#3693,#3694,#3695,#3696,#3697,
#3698,#3699,#3700,#3701,#3702,#3703,#3704,#3705,#3706,#3707),
 .UNSPECIFIED.,.F.,.F.,(4,2,2,2,2,2,2,2,2,2,2,2,2,4),(-19.1208836867647,
-18.9824507514043,-18.8422111076953,-18.6695657152784,-18.4927453339308,
-18.3199888016854,-18.1433196614773,-17.970437865715,-17.7939198886404,
-17.6208989477461,-17.4445315719744,-17.2713578249441,-17.0951399898002,
-17.0012992040302),.UNSPECIFIED.);
#593=B_SPLINE_CURVE_WITH_KNOTS('',3,(#3710,#3711,#3712,#3713,#3714,#3715,
#3716,#3717,#3718,#3719,#3720,#3721,#3722,#3723,#3724,#3725,#3726,#3727,
#3728,#3729),.UNSPECIFIED.,.F.,.F.,(4,2,2,2,2,2,2,2,2,4),(-1.41821450775331,
-1.40716377810219,-1.22712866421599,-1.05391886866111,-0.873796239972837,
-0.700515534005954,-0.520307287220508,-0.34695560743094,-0.166663529018369,
-9.99999999917733E-7),.UNSPECIFIED.);
#594=B_SPLINE_CURVE_WITH_KNOTS('',3,(#3734,#3735,#3736,#3737,#3738,#3739,
#3740,#3741,#3742,#3743,#3744,#3745,#3746,#3747,#3748,#3749,#3750,#3751,
#3752,#3753,#3754,#3755,#3756,#3757,#3758,#3759,#3760,#3761,#3762,#3763,
#3764,#3765,#3766,#3767,#3768,#3769),.UNSPECIFIED.,.F.,.F.,(4,2,2,2,2,2,
2,2,2,2,2,2,2,2,2,2,2,4),(-17.0012992040302,-16.921800449031,-16.7457305117637,
-16.5722129520015,-16.3962889268961,-16.2225820120377,-16.0468013266442,
-15.8728946334505,-15.6972542232835,-15.5231383849361,-15.3476347123035,
-15.173301496471,-14.9979305758206,-14.8233729400833,-14.6481303691589,
-14.4733424933922,-14.2982234894256,-14.174547869765),.UNSPECIFIED.);
#595=B_SPLINE_CURVE_WITH_KNOTS('',3,(#3770,#3771,#3772,#3773,#3774,#3775,
#3776,#3777,#3778,#3779,#3780,#3781,#3782,#3783,#3784,#3785,#3786,#3787,
#3788,#3789,#3790,#3791,#3792,#3793,#3794,#3795,#3796,#3797,#3798,#3799,
#3800,#3801,#3802,#3803,#3804,#3805),.UNSPECIFIED.,.F.,.F.,(4,2,2,2,2,2,
2,2,2,2,2,2,2,2,2,2,2,4),(-4.25137203225992,-4.22723823572726,-4.0479850242047,
-3.8753114899935,-3.69595152146669,-3.52321704511345,-3.34375310371032,
-3.17095511199219,-2.99138988234806,-2.81852627929267,-2.6388623400125,
-2.46593145459571,-2.28617127361293,-2.11317180965788,-1.93331774128828,
-1.76024873018862,-1.58030301364248,-1.41821450775331),.UNSPECIFIED.);
#596=B_SPLINE_CURVE_WITH_KNOTS('',3,(#3810,#3811,#3812,#3813,#3814,#3815,
#3816,#3817,#3818,#3819,#3820,#3821,#3822,#3823,#3824,#3825,#3826,#3827,
#3828,#3829,#3830,#3831,#3832,#3833,#3834,#3835,#3836,#3837,#3838,#3839,
#3840,#3841,#3842,#3843,#3844,#3845),.UNSPECIFIED.,.F.,.F.,(4,2,2,2,2,2,
2,2,2,2,2,2,2,2,2,2,2,4),(-14.174547869765,-14.1232007855691,-13.9482002255287,
-13.7729393258956,-13.5980517898274,-13.4225505157432,-13.2477703321323,
-13.0720276451732,-12.8973489373429,-12.7213648757903,-12.5467816083389,
-12.3705572116627,-12.1960632360838,-12.019600460324,-11.8451895590018,
-11.6684911858606,-11.4941571138072,-11.3466683944799),.UNSPECIFIED.);
#597=B_SPLINE_CURVE_WITH_KNOTS('',3,(#3846,#3847,#3848,#3849,#3850,#3851,
#3852,#3853,#3854,#3855,#3856,#3857,#3858,#3859,#3860,#3861,#3862,#3863,
#3864,#3865,#3866,#3867,#3868,#3869,#3870,#3871,#3872,#3873,#3874,#3875,
#3876,#3877,#3878,#3879,#3880,#3881),.UNSPECIFIED.,.F.,.F.,(4,2,2,2,2,2,
2,2,2,2,2,2,2,2,2,2,2,4),(-7.08140898588107,-7.03676531521801,-6.85847429110327,
-6.68612116739068,-6.50769911277589,-6.33532896313047,-6.15677892582066,
-5.9843835850957,-5.80570865807201,-5.63328079096504,-5.4544840840842,-5.28201716327942,
-5.10310177798588,-4.9305900519354,-4.75155905903404,-4.57899751155465,
-4.39985393197685,-4.25137203225992),.UNSPECIFIED.);
#598=B_SPLINE_CURVE_WITH_KNOTS('',3,(#3886,#3887,#3888,#3889,#3890,#3891,
#3892,#3893,#3894,#3895,#3896,#3897,#3898,#3899,#3900,#3901,#3902,#3903,
#3904,#3905,#3906,#3907,#3908,#3909,#3910,#3911,#3912,#3913,#3914,#3915,
#3916,#3917,#3918,#3919,#3920,#3921),.UNSPECIFIED.,.F.,.F.,(4,2,2,2,2,2,
2,2,2,2,2,2,2,2,2,2,2,4),(-11.3466683944799,-11.3172266560991,-11.1429631798791,
-10.9658047857537,-10.7916057192154,-10.6142240772711,-10.4400833137889,
-10.2624835608841,-10.0883951019682,-9.91058273519134,-9.73654071539336,
-9.5585215093415,-9.3791082665747,-9.20637229209848,-9.02685884942726,-8.85405658547207,
-8.6744454767017,-8.51616298618809),.UNSPECIFIED.);
#599=B_SPLINE_CURVE_WITH_KNOTS('',3,(#3922,#3923,#3924,#3925,#3926,#3927,
#3928,#3929,#3930,#3931,#3932,#3933,#3934,#3935,#3936,#3937,#3938,#3939,
#3940,#3941,#3942,#3943,#3944,#3945,#3946,#3947,#3948,#3949,#3950,#3951,
#3952,#3953,#3954,#3955,#3956,#3957),.UNSPECIFIED.,.F.,.F.,(4,2,2,2,2,2,
2,2,2,2,2,2,2,2,2,2,2,4),(-9.90996758987861,-9.83751091474566,-9.66036108243113,
-9.48775497964307,-9.31045556328537,-9.13792532702361,-8.96047771988483,
-8.78800960640941,-8.61041554517614,-8.43799623754165,-8.26025776334902,
-8.08787448561692,-7.90999390402353,-7.73763451760974,-7.5596143584339,
-7.38726743954909,-7.20911041734501,-7.08140898588107),.UNSPECIFIED.);
#600=B_SPLINE_CURVE_WITH_KNOTS('',3,(#3962,#3963,#3964,#3965,#3966,#3967,
#3968,#3969,#3970,#3971,#3972,#3973,#3974,#3975,#3976,#3977,#3978,#3979,
#3980,#3981,#3982,#3983,#3984,#3985,#3986,#3987,#3988,#3989,#3990,#3991,
#3992,#3993,#3994,#3995,#3996,#3997),.UNSPECIFIED.,.F.,.F.,(4,2,2,2,2,2,
2,2,2,2,2,2,2,2,2,2,2,4),(-8.51616298618809,-8.50157540777716,-8.32186905474172,
-8.14893002088114,-7.96913073109684,-7.79612188183888,-7.61623184755315,
-7.44315259928445,-7.26317389770016,-7.09002389454031,-6.90995848905051,
-6.73673756737205,-6.55658730961398,-6.38329546615179,-6.20306209874744,
-6.02969946221118,-5.84938462203513,-5.6814110224043),.UNSPECIFIED.);
#601=B_SPLINE_CURVE_WITH_KNOTS('',3,(#3998,#3999,#4000,#4001,#4002,#4003,
#4004,#4005,#4006,#4007,#4008,#4009,#4010,#4011,#4012,#4013,#4014,#4015,
#4016,#4017,#4018,#4019,#4020,#4021,#4022,#4023,#4024,#4025,#4026,#4027,
#4028,#4029,#4030,#4031,#4032,#4033),.UNSPECIFIED.,.F.,.F.,(4,2,2,2,2,2,
2,2,2,2,2,2,2,2,2,2,2,4),(-12.7381756167563,-12.635044648825,-12.4579274622588,
-12.2852100967022,-12.1082436732001,-11.9354191217225,-11.7586039656238,
-11.5856580567327,-11.4092626182795,-11.2360657848872,-11.059520127483,
-10.8864694022733,-10.7097727113823,-10.5368543095289,-10.360006269406,
-10.1872061597868,-10.010206924359,-9.90996758987861),.UNSPECIFIED.);
#602=B_SPLINE_CURVE_WITH_KNOTS('',3,(#4038,#4039,#4040,#4041,#4042,#4043,
#4044,#4045,#4046,#4047,#4048,#4049,#4050,#4051,#4052,#4053,#4054,#4055,
#4056,#4057,#4058,#4059,#4060,#4061,#4062,#4063,#4064,#4065,#4066,#4067,
#4068,#4069,#4070,#4071,#4072,#4073),.UNSPECIFIED.,.F.,.F.,(4,2,2,2,2,2,
2,2,2,2,2,2,2,2,2,2,2,4),(-5.6814110224043,-5.67595142804215,-5.49555664991626,
-5.3220532190597,-5.14157993974617,-4.96800665854879,-4.78745622097049,
-4.61381352549853,-4.4331871830854,-4.25947554495595,-4.07877446607331,
-3.90499438062486,-3.72421965300131,-3.55037162937536,-3.36952426451082,
-3.19560881743583,-3.01468975492584,-2.84108138749614),.UNSPECIFIED.);
#603=B_SPLINE_CURVE_WITH_KNOTS('',3,(#4074,#4075,#4076,#4077,#4078,#4079,
#4080,#4081,#4082,#4083,#4084,#4085,#4086,#4087,#4088,#4089,#4090,#4091,
#4092,#4093,#4094,#4095,#4096,#4097,#4098,#4099,#4100,#4101,#4102,#4103,
#4104,#4105,#4106,#4107,#4108,#4109),.UNSPECIFIED.,.F.,.F.,(4,2,2,2,2,2,
2,2,2,2,2,2,2,2,2,2,2,4),(-15.5668179005798,-15.4367524478136,-15.2584902907961,
-15.0861456891205,-14.9080181655801,-14.7356695033683,-14.5576794457635,
-14.38531590048,-14.2074659865701,-14.0350759736728,-13.8573686879897,-13.6849399233202,
-13.5073775174528,-13.3348970988249,-13.1574815512042,-12.9849360587508,
-12.8076690347846,-12.7381756167563),.UNSPECIFIED.);
#604=B_SPLINE_CURVE_WITH_KNOTS('',3,(#4114,#4115,#4116,#4117,#4118,#4119,
#4120,#4121,#4122,#4123,#4124,#4125,#4126,#4127,#4128,#4129,#4130,#4131,
#4132,#4133,#4134,#4135,#4136,#4137,#4138,#4139,#4140,#4141,#4142,#4143,
#4144,#4145,#4146,#4147,#4148,#4149),.UNSPECIFIED.,.F.,.F.,(4,2,2,2,2,2,
2,2,2,2,2,2,2,2,2,2,2,4),(-2.84108138749614,-2.84070739797499,-2.65971750974412,
-2.48569335906737,-2.30472276590115,-2.13073226576001,-1.94986371999314,
-1.77590502467813,-1.59514165201444,-1.42121278435178,-1.24055791037004,
-1.06665675407839,-0.886113911276063,-0.712238203170771,-0.531811137231555,
-0.357958459363501,-0.177651134394397,0.),.UNSPECIFIED.);
#605=B_SPLINE_CURVE_WITH_KNOTS('',3,(#4150,#4151,#4152,#4153,#4154,#4155,
#4156,#4157,#4158,#4159,#4160,#4161,#4162,#4163,#4164,#4165,#4166,#4167,
#4168,#4169,#4170,#4171,#4172,#4173,#4174,#4175,#4176,#4177,#4178,#4179,
#4180,#4181,#4182,#4183,#4184,#4185),.UNSPECIFIED.,.F.,.F.,(4,2,2,2,2,2,
2,2,2,2,2,2,2,2,2,2,2,4),(-18.3970830057539,-18.2469712733445,-18.0677416416272,
-17.8951380633585,-17.716018698535,-17.543468385802,-17.3644622582162,-17.1919607383601,
-17.0130708812556,-16.8406129822553,-16.6618424748205,-16.4894222799357,
-16.3107742274367,-16.1383850363925,-15.9598625472738,-15.7874968461136,
-15.6091030060606,-15.5668179005798),.UNSPECIFIED.);
#606=B_SPLINE_CURVE_WITH_KNOTS('',3,(#4191,#4192,#4193,#4194,#4195,#4196,
#4197,#4198,#4199,#4200,#4201,#4202,#4203,#4204,#4205,#4206,#4207,#4208,
#4209,#4210,#4211,#4212,#4213,#4214,#4215,#4216),.UNSPECIFIED.,.F.,.F.,
(4,2,2,2,2,2,2,2,2,2,2,2,4),(-1.2776189195172,-1.20317633801542,-1.12995292524484,
-1.02890883893677,-0.977236556128213,-0.926543124428158,-0.827419437017198,
-0.725342984452717,-0.62790601104367,-0.578763527919514,-0.479605408797781,
-0.431223209687178,-0.399783693996071),.UNSPECIFIED.);
#607=B_SPLINE_CURVE_WITH_KNOTS('',3,(#4223,#4224,#4225,#4226,#4227,#4228,
#4229,#4230,#4231,#4232,#4233,#4234,#4235,#4236,#4237,#4238,#4239,#4240,
#4241,#4242),.UNSPECIFIED.,.F.,.F.,(4,2,2,2,2,2,2,2,2,4),(-1.58912635274836,
-1.57539385590049,-1.37371581594608,-1.17967689216054,-0.977905170845237,
-0.783794003733351,-0.581931259914821,-0.38774787050074,-0.185796619210303,
0.),.UNSPECIFIED.);
#608=B_SPLINE_CURVE_WITH_KNOTS('',3,(#4263,#4264,#4265,#4266,#4267,#4268,
#4269,#4270,#4271,#4272,#4273,#4274,#4275,#4276,#4277,#4278,#4279,#4280,
#4281,#4282,#4283,#4284,#4285,#4286,#4287,#4288,#4289,#4290,#4291,#4292,
#4293,#4294,#4295,#4296,#4297,#4298),.UNSPECIFIED.,.F.,.F.,(4,2,2,2,2,2,
2,2,2,2,2,2,2,2,2,2,2,4),(-4.76465549840319,-4.73488688337036,-4.53407096910127,
-4.34057244598389,-4.13963658649379,-3.94607828112278,-3.74502619110539,
-3.55140479254474,-3.35024008281465,-3.156552904757,-2.95527906932059,-2.76152398536731,
-2.56014439119926,-2.36631977167158,-2.16483765109943,-1.97094230255035,
-1.7693607478427,-1.58912635274836),.UNSPECIFIED.);
#609=B_SPLINE_CURVE_WITH_KNOTS('',3,(#4320,#4321,#4322,#4323,#4324,#4325,
#4326,#4327,#4328,#4329,#4330,#4331,#4332,#4333,#4334,#4335,#4336,#4337,
#4338,#4339,#4340,#4341,#4342,#4343,#4344,#4345,#4346,#4347,#4348,#4349,
#4350,#4351,#4352,#4353,#4354,#4355),.UNSPECIFIED.,.F.,.F.,(4,2,2,2,2,2,
2,2,2,2,2,2,2,2,2,2,2,4),(-7.93760515036562,-7.88311998999298,-7.6834030212635,
-7.49016870668594,-7.29030095417653,-7.09706283189524,-6.89704798464422,
-6.70379578438659,-6.50363764939469,-6.31036208682261,-6.11006454978769,
-5.91675731805564,-5.71632430705809,-5.52297805273283,-5.32241350529329,
-5.12902179136537,-4.92832962487509,-4.76465549840319),.UNSPECIFIED.);
#610=B_SPLINE_CURVE_WITH_KNOTS('',3,(#4377,#4378,#4379,#4380,#4381,#4382,
#4383,#4384,#4385,#4386,#4387,#4388,#4389,#4390,#4391,#4392,#4393,#4394,
#4395,#4396,#4397,#4398,#4399,#4400,#4401,#4402,#4403,#4404,#4405,#4406,
#4407,#4408,#4409,#4410,#4411,#4412),.UNSPECIFIED.,.F.,.F.,(4,2,2,2,2,2,
2,2,2,2,2,2,2,2,2,2,2,4),(-11.1094257244644,-11.0223264813205,-10.8239199544392,
-10.6302410397309,-10.431663751375,-10.2380930441732,-10.0393461491822,
-9.84586764465178,-9.64695276592865,-9.45355076333798,-9.25446995274178,
-9.06112921462398,-8.86188491042802,-8.66859080325802,-8.46918578542045,
-8.27592439941989,-8.07636174356698,-7.93760515036562),.UNSPECIFIED.);
#611=B_SPLINE_CURVE_WITH_KNOTS('',3,(#4434,#4435,#4436,#4437,#4438,#4439,
#4440,#4441,#4442,#4443,#4444,#4445,#4446,#4447,#4448,#4449,#4450,#4451,
#4452,#4453,#4454,#4455,#4456,#4457,#4458,#4459,#4460,#4461,#4462,#4463,
#4464,#4465,#4466,#4467,#4468,#4469),.UNSPECIFIED.,.F.,.F.,(4,2,2,2,2,2,
2,2,2,2,2,2,2,2,2,2,2,4),(-14.2810546430612,-14.1596843665025,-13.9608520000425,
-13.7673300666002,-13.5686665393802,-13.375044547441,-13.1765512564472,
-12.9828131146262,-12.7844909710626,-12.5906205480996,-12.3924699451943,
-12.1984512586055,-12.0004720451723,-11.8063721105822,-11.6083085306643,
-11.4143648517046,-11.216129738316,-11.1094257244644),.UNSPECIFIED.);
#612=B_SPLINE_CURVE_WITH_KNOTS('',3,(#4491,#4492,#4493,#4494,#4495,#4496,
#4497,#4498,#4499,#4500,#4501,#4502,#4503,#4504,#4505,#4506,#4507,#4508,
#4509,#4510,#4511,#4512,#4513,#4514,#4515,#4516,#4517,#4518,#4519,#4520,
#4521,#4522,#4523,#4524,#4525,#4526),.UNSPECIFIED.,.F.,.F.,(4,2,2,2,2,2,
2,2,2,2,2,2,2,2,2,2,2,4),(-17.453219809002,-17.3024888715518,-17.1024008337454,
-16.9091567905385,-16.7092139278542,-16.5159790269892,-16.3161850934012,
-16.1229485812666,-15.9233071924292,-15.7300573509693,-15.5305719411215,
-15.3372961280882,-15.1379699052293,-14.9446546167491,-14.7454905166439,
-14.5521214728742,-14.3531221128859,-14.2810546430612),.UNSPECIFIED.);
#613=B_SPLINE_CURVE_WITH_KNOTS('',3,(#4548,#4549,#4550,#4551,#4552,#4553,
#4554,#4555,#4556,#4557,#4558,#4559,#4560,#4561,#4562,#4563,#4564,#4565,
#4566,#4567,#4568,#4569,#4570,#4571,#4572,#4573,#4574,#4575,#4576,#4577,
#4578,#4579,#4580,#4581,#4582,#4583),.UNSPECIFIED.,.F.,.F.,(4,2,2,2,2,2,
2,2,2,2,2,2,2,2,2,2,2,4),(-20.6271048839337,-20.4552068803845,-20.2540971994811,
-20.0605072522366,-19.8595119557229,-19.6659835529542,-19.4651063046046,
-19.2716358037517,-19.0708803637394,-18.8774634008746,-18.6768336081978,
-18.4834650356626,-18.2829647873524,-18.0896386155797,-17.8892718424035,
-17.6959811883366,-17.4957518270821,-17.453219809002),.UNSPECIFIED.);
#614=B_SPLINE_CURVE_WITH_KNOTS('',3,(#4605,#4606,#4607,#4608,#4609,#4610,
#4611,#4612,#4613,#4614,#4615,#4616,#4617,#4618,#4619,#4620,#4621,#4622,
#4623,#4624,#4625,#4626,#4627,#4628,#4629,#4630,#4631,#4632,#4633,#4634,
#4635,#4636,#4637,#4638,#4639,#4640),.UNSPECIFIED.,.F.,.F.,(4,2,2,2,2,2,
2,2,2,2,2,2,2,2,2,2,2,4),(-23.8042551489381,-23.6189880878443,-23.41708012754,
-23.222932297441,-23.0211140655617,-22.8270384945524,-22.6253125767355,
-22.431309176605,-22.2296783030727,-22.0357467317457,-21.8342137778945,
-21.6403533927777,-21.4389213784302,-21.2451311853294,-21.0438032722718,
-20.8500818702438,-20.6488613579414,-20.6271048839337),.UNSPECIFIED.);
#615=B_SPLINE_CURVE_WITH_KNOTS('',3,(#4716,#4717,#4718,#4719),
 .UNSPECIFIED.,.F.,.F.,(4,4),(-4.53522003522726E-16,0.23),.UNSPECIFIED.);
#616=B_SPLINE_CURVE_WITH_KNOTS('',3,(#4777,#4778,#4779,#4780,#4781),
 .UNSPECIFIED.,.F.,.F.,(4,1,4),(0.,0.0195341898064047,0.0394826528628295),
 .UNSPECIFIED.);
#617=B_SPLINE_CURVE_WITH_KNOTS('',3,(#4785,#4786,#4787,#4788,#4789),
 .UNSPECIFIED.,.F.,.F.,(4,1,4),(0.,0.0195341898064047,0.0394826528628295),
 .UNSPECIFIED.);
#618=B_SPLINE_CURVE_WITH_KNOTS('',3,(#4802,#4803,#4804,#4805,#4806),
 .UNSPECIFIED.,.F.,.F.,(4,1,4),(0.,0.0222129817351842,0.0425729521573543),
 .UNSPECIFIED.);
#619=B_SPLINE_CURVE_WITH_KNOTS('',3,(#4809,#4810,#4811,#4812,#4813),
 .UNSPECIFIED.,.F.,.F.,(4,1,4),(0.,0.0222129817351842,0.0425729521573543),
 .UNSPECIFIED.);
#620=B_SPLINE_CURVE_WITH_KNOTS('',3,(#4825,#4826,#4827,#4828,#4829),
 .UNSPECIFIED.,.F.,.F.,(4,1,4),(0.,0.0514989389083258,0.084001502060691),
 .UNSPECIFIED.);
#621=B_SPLINE_CURVE_WITH_KNOTS('',3,(#4832,#4833,#4834,#4835,#4836),
 .UNSPECIFIED.,.F.,.F.,(4,1,4),(0.,0.0514989389083258,0.084001502060691),
 .UNSPECIFIED.);
#622=B_SPLINE_CURVE_WITH_KNOTS('',3,(#4848,#4849,#4850,#4851,#4852),
 .UNSPECIFIED.,.F.,.F.,(4,1,4),(0.,0.032542772664411,0.0838290599482932),
 .UNSPECIFIED.);
#623=B_SPLINE_CURVE_WITH_KNOTS('',3,(#4855,#4856,#4857,#4858,#4859),
 .UNSPECIFIED.,.F.,.F.,(4,1,4),(0.,0.032542772664411,0.0838290599482932),
 .UNSPECIFIED.);
#624=B_SPLINE_CURVE_WITH_KNOTS('',3,(#4871,#4872,#4873,#4874,#4875),
 .UNSPECIFIED.,.F.,.F.,(4,1,4),(0.,0.0201231716685933,0.042362187440359),
 .UNSPECIFIED.);
#625=B_SPLINE_CURVE_WITH_KNOTS('',3,(#4878,#4879,#4880,#4881,#4882),
 .UNSPECIFIED.,.F.,.F.,(4,1,4),(0.,0.0201231716685933,0.042362187440359),
 .UNSPECIFIED.);
#626=B_SPLINE_CURVE_WITH_KNOTS('',3,(#4894,#4895,#4896,#4897,#4898),
 .UNSPECIFIED.,.F.,.F.,(4,1,4),(0.,0.0221948827570077,0.0423126476358564),
 .UNSPECIFIED.);
#627=B_SPLINE_CURVE_WITH_KNOTS('',3,(#4901,#4902,#4903,#4904,#4905),
 .UNSPECIFIED.,.F.,.F.,(4,1,4),(0.,0.0221948827570077,0.0423126476358564),
 .UNSPECIFIED.);
#628=B_SPLINE_CURVE_WITH_KNOTS('',3,(#4917,#4918,#4919,#4920,#4921),
 .UNSPECIFIED.,.F.,.F.,(4,1,4),(0.,0.0513926125529843,0.0839152924697956),
 .UNSPECIFIED.);
#629=B_SPLINE_CURVE_WITH_KNOTS('',3,(#4924,#4925,#4926,#4927,#4928),
 .UNSPECIFIED.,.F.,.F.,(4,1,4),(0.,0.0513926125529843,0.0839152924697956),
 .UNSPECIFIED.);
#630=B_SPLINE_CURVE_WITH_KNOTS('',3,(#4939,#4940,#4941,#4942,#4943),
 .UNSPECIFIED.,.F.,.F.,(4,1,4),(0.,0.0346354837216758,0.0866711410652275),
 .UNSPECIFIED.);
#631=B_SPLINE_CURVE_WITH_KNOTS('',3,(#4944,#4945,#4946,#4947,#4948),
 .UNSPECIFIED.,.F.,.F.,(4,1,4),(0.,0.0346354837216758,0.0866711410652275),
 .UNSPECIFIED.);
#632=B_SPLINE_CURVE_WITH_KNOTS('',3,(#4961,#4962,#4963,#4964,#4965),
 .UNSPECIFIED.,.F.,.F.,(4,1,4),(0.,0.0329173347803065,0.0642043298499813),
 .UNSPECIFIED.);
#633=B_SPLINE_CURVE_WITH_KNOTS('',3,(#4969,#4970,#4971,#4972,#4973),
 .UNSPECIFIED.,.F.,.F.,(4,1,4),(0.,0.0329173347803065,0.0642043298499813),
 .UNSPECIFIED.);
#634=B_SPLINE_CURVE_WITH_KNOTS('',3,(#4986,#4987,#4988,#4989,#4990),
 .UNSPECIFIED.,.F.,.F.,(4,1,4),(0.,0.0231693089070433,0.0485283812298887),
 .UNSPECIFIED.);
#635=B_SPLINE_CURVE_WITH_KNOTS('',3,(#4993,#4994,#4995,#4996,#4997),
 .UNSPECIFIED.,.F.,.F.,(4,1,4),(0.,0.0231693089070433,0.0485283812298887),
 .UNSPECIFIED.);
#636=B_SPLINE_CURVE_WITH_KNOTS('',3,(#5009,#5010,#5011,#5012,#5013),
 .UNSPECIFIED.,.F.,.F.,(4,1,4),(0.,0.0264807031504682,0.0502657381393709),
 .UNSPECIFIED.);
#637=B_SPLINE_CURVE_WITH_KNOTS('',3,(#5016,#5017,#5018,#5019,#5020),
 .UNSPECIFIED.,.F.,.F.,(4,1,4),(0.,0.0264807031504682,0.0502657381393709),
 .UNSPECIFIED.);
#638=B_SPLINE_CURVE_WITH_KNOTS('',3,(#5032,#5033,#5034,#5035,#5036),
 .UNSPECIFIED.,.F.,.F.,(4,1,4),(0.,0.0398194455742193,0.071817022700939),
 .UNSPECIFIED.);
#639=B_SPLINE_CURVE_WITH_KNOTS('',3,(#5039,#5040,#5041,#5042,#5043),
 .UNSPECIFIED.,.F.,.F.,(4,1,4),(0.,0.0398194455742193,0.071817022700939),
 .UNSPECIFIED.);
#640=B_SPLINE_CURVE_WITH_KNOTS('',3,(#5055,#5056,#5057,#5058,#5059),
 .UNSPECIFIED.,.F.,.F.,(4,1,4),(0.,0.0260729172255166,0.059462903120839),
 .UNSPECIFIED.);
#641=B_SPLINE_CURVE_WITH_KNOTS('',3,(#5062,#5063,#5064,#5065,#5066),
 .UNSPECIFIED.,.F.,.F.,(4,1,4),(0.,0.0260729172255166,0.059462903120839),
 .UNSPECIFIED.);
#642=B_SPLINE_CURVE_WITH_KNOTS('',3,(#5078,#5079,#5080,#5081,#5082),
 .UNSPECIFIED.,.F.,.F.,(4,1,4),(0.,0.0190878941500721,0.0404160697114683),
 .UNSPECIFIED.);
#643=B_SPLINE_CURVE_WITH_KNOTS('',3,(#5085,#5086,#5087,#5088,#5089),
 .UNSPECIFIED.,.F.,.F.,(4,1,4),(0.,0.0190878941500721,0.0404160697114683),
 .UNSPECIFIED.);
#644=B_SPLINE_CURVE_WITH_KNOTS('',3,(#5101,#5102,#5103,#5104,#5105),
 .UNSPECIFIED.,.F.,.F.,(4,1,4),(0.,0.0170238435864498,0.034551398555716),
 .UNSPECIFIED.);
#645=B_SPLINE_CURVE_WITH_KNOTS('',3,(#5108,#5109,#5110,#5111,#5112),
 .UNSPECIFIED.,.F.,.F.,(4,1,4),(0.,0.0170238435864498,0.034551398555716),
 .UNSPECIFIED.);
#646=B_SPLINE_CURVE_WITH_KNOTS('',3,(#5124,#5125,#5126,#5127,#5128),
 .UNSPECIFIED.,.F.,.F.,(4,1,4),(0.,0.0189947031549787,0.0364966173478098),
 .UNSPECIFIED.);
#647=B_SPLINE_CURVE_WITH_KNOTS('',3,(#5131,#5132,#5133,#5134,#5135),
 .UNSPECIFIED.,.F.,.F.,(4,1,4),(0.,0.0189947031549787,0.0364966173478098),
 .UNSPECIFIED.);
#648=B_SPLINE_CURVE_WITH_KNOTS('',3,(#5147,#5148,#5149,#5150,#5151),
 .UNSPECIFIED.,.F.,.F.,(4,1,4),(0.,0.0231012268483738,0.0483307076879712),
 .UNSPECIFIED.);
#649=B_SPLINE_CURVE_WITH_KNOTS('',3,(#5154,#5155,#5156,#5157,#5158),
 .UNSPECIFIED.,.F.,.F.,(4,1,4),(0.,0.0231012268483738,0.0483307076879712),
 .UNSPECIFIED.);
#650=B_SPLINE_CURVE_WITH_KNOTS('',3,(#5170,#5171,#5172,#5173,#5174),
 .UNSPECIFIED.,.F.,.F.,(4,1,4),(0.,0.0264887288252541,0.0502400612017856),
 .UNSPECIFIED.);
#651=B_SPLINE_CURVE_WITH_KNOTS('',3,(#5177,#5178,#5179,#5180,#5181),
 .UNSPECIFIED.,.F.,.F.,(4,1,4),(0.,0.0264887288252541,0.0502400612017856),
 .UNSPECIFIED.);
#652=B_SPLINE_CURVE_WITH_KNOTS('',3,(#5193,#5194,#5195,#5196,#5197),
 .UNSPECIFIED.,.F.,.F.,(4,1,4),(0.,0.0400760513552295,0.0721705373701478),
 .UNSPECIFIED.);
#653=B_SPLINE_CURVE_WITH_KNOTS('',3,(#5200,#5201,#5202,#5203,#5204),
 .UNSPECIFIED.,.F.,.F.,(4,1,4),(0.,0.0400760513552295,0.0721705373701478),
 .UNSPECIFIED.);
#654=B_SPLINE_CURVE_WITH_KNOTS('',3,(#5215,#5216,#5217,#5218,#5219),
 .UNSPECIFIED.,.F.,.F.,(4,1,4),(0.,0.0450110338675738,0.105949548670046),
 .UNSPECIFIED.);
#655=B_SPLINE_CURVE_WITH_KNOTS('',3,(#5220,#5221,#5222,#5223,#5224),
 .UNSPECIFIED.,.F.,.F.,(4,1,4),(0.,0.0450110338675738,0.105949548670046),
 .UNSPECIFIED.);
#656=B_SPLINE_CURVE_WITH_KNOTS('',3,(#5263,#5264,#5265,#5266,#5267),
 .UNSPECIFIED.,.F.,.F.,(4,1,4),(0.,0.0163171299781125,0.0318914482461587),
 .UNSPECIFIED.);
#657=B_SPLINE_CURVE_WITH_KNOTS('',3,(#5271,#5272,#5273,#5274,#5275),
 .UNSPECIFIED.,.F.,.F.,(4,1,4),(0.,0.0163171299781125,0.0318914482461587),
 .UNSPECIFIED.);
#658=B_SPLINE_CURVE_WITH_KNOTS('',3,(#5288,#5289,#5290,#5291,#5292),
 .UNSPECIFIED.,.F.,.F.,(4,1,4),(0.,0.0156969447197145,0.0319202709664049),
 .UNSPECIFIED.);
#659=B_SPLINE_CURVE_WITH_KNOTS('',3,(#5295,#5296,#5297,#5298,#5299),
 .UNSPECIFIED.,.F.,.F.,(4,1,4),(0.,0.0156969447197145,0.0319202709664049),
 .UNSPECIFIED.);
#660=B_SPLINE_CURVE_WITH_KNOTS('',3,(#5311,#5312,#5313,#5314,#5315),
 .UNSPECIFIED.,.F.,.F.,(4,1,4),(0.,0.01581176947958,0.0313674021087715),
 .UNSPECIFIED.);
#661=B_SPLINE_CURVE_WITH_KNOTS('',3,(#5318,#5319,#5320,#5321,#5322),
 .UNSPECIFIED.,.F.,.F.,(4,1,4),(0.,0.01581176947958,0.0313674021087715),
 .UNSPECIFIED.);
#662=B_SPLINE_CURVE_WITH_KNOTS('',3,(#5334,#5335,#5336,#5337,#5338),
 .UNSPECIFIED.,.F.,.F.,(4,1,4),(0.,0.0150593232055365,0.030268764795051),
 .UNSPECIFIED.);
#663=B_SPLINE_CURVE_WITH_KNOTS('',3,(#5341,#5342,#5343,#5344,#5345),
 .UNSPECIFIED.,.F.,.F.,(4,1,4),(0.,0.0150593232055365,0.030268764795051),
 .UNSPECIFIED.);
#664=B_SPLINE_CURVE_WITH_KNOTS('',3,(#5357,#5358,#5359,#5360,#5361),
 .UNSPECIFIED.,.F.,.F.,(4,1,4),(0.,0.0163764218918144,0.0317907358129001),
 .UNSPECIFIED.);
#665=B_SPLINE_CURVE_WITH_KNOTS('',3,(#5364,#5365,#5366,#5367,#5368),
 .UNSPECIFIED.,.F.,.F.,(4,1,4),(0.,0.0163764218918144,0.0317907358129001),
 .UNSPECIFIED.);
#666=B_SPLINE_CURVE_WITH_KNOTS('',3,(#5380,#5381,#5382,#5383,#5384),
 .UNSPECIFIED.,.F.,.F.,(4,1,4),(0.,0.0156101960480772,0.0323894073300465),
 .UNSPECIFIED.);
#667=B_SPLINE_CURVE_WITH_KNOTS('',3,(#5387,#5388,#5389,#5390,#5391),
 .UNSPECIFIED.,.F.,.F.,(4,1,4),(0.,0.0156101960480772,0.0323894073300465),
 .UNSPECIFIED.);
#668=B_SPLINE_CURVE_WITH_KNOTS('',3,(#5403,#5404,#5405,#5406,#5407),
 .UNSPECIFIED.,.F.,.F.,(4,1,4),(0.,0.0163664864033545,0.0318326389308383),
 .UNSPECIFIED.);
#669=B_SPLINE_CURVE_WITH_KNOTS('',3,(#5410,#5411,#5412,#5413,#5414),
 .UNSPECIFIED.,.F.,.F.,(4,1,4),(0.,0.0163664864033545,0.0318326389308383),
 .UNSPECIFIED.);
#670=B_SPLINE_CURVE_WITH_KNOTS('',3,(#5425,#5426,#5427,#5428,#5429),
 .UNSPECIFIED.,.F.,.F.,(4,1,4),(0.,0.0151161591590104,0.029982064154301),
 .UNSPECIFIED.);
#671=B_SPLINE_CURVE_WITH_KNOTS('',3,(#5430,#5431,#5432,#5433,#5434),
 .UNSPECIFIED.,.F.,.F.,(4,1,4),(0.,0.0151161591590104,0.029982064154301),
 .UNSPECIFIED.);
#672=B_SPLINE_CURVE_WITH_KNOTS('',3,(#5447,#5448,#5449,#5450,#5451),
 .UNSPECIFIED.,.F.,.F.,(4,1,4),(0.,0.020124249786141,0.0394746827569211),
 .UNSPECIFIED.);
#673=B_SPLINE_CURVE_WITH_KNOTS('',3,(#5455,#5456,#5457,#5458,#5459),
 .UNSPECIFIED.,.F.,.F.,(4,1,4),(0.,0.020124249786141,0.0394746827569211),
 .UNSPECIFIED.);
#674=B_SPLINE_CURVE_WITH_KNOTS('',3,(#5472,#5473,#5474,#5475,#5476),
 .UNSPECIFIED.,.F.,.F.,(4,1,4),(0.,0.0198477714973588,0.0404830313723853),
 .UNSPECIFIED.);
#675=B_SPLINE_CURVE_WITH_KNOTS('',3,(#5479,#5480,#5481,#5482,#5483),
 .UNSPECIFIED.,.F.,.F.,(4,1,4),(0.,0.0198477714973588,0.0404830313723853),
 .UNSPECIFIED.);
#676=B_SPLINE_CURVE_WITH_KNOTS('',3,(#5495,#5496,#5497,#5498,#5499),
 .UNSPECIFIED.,.F.,.F.,(4,1,4),(0.,0.0205837311288229,0.0403777822473228),
 .UNSPECIFIED.);
#677=B_SPLINE_CURVE_WITH_KNOTS('',3,(#5502,#5503,#5504,#5505,#5506),
 .UNSPECIFIED.,.F.,.F.,(4,1,4),(0.,0.0205837311288229,0.0403777822473228),
 .UNSPECIFIED.);
#678=B_SPLINE_CURVE_WITH_KNOTS('',3,(#5518,#5519,#5520,#5521,#5522),
 .UNSPECIFIED.,.F.,.F.,(4,1,4),(0.,0.0193326726033943,0.0395618033738691),
 .UNSPECIFIED.);
#679=B_SPLINE_CURVE_WITH_KNOTS('',3,(#5525,#5526,#5527,#5528,#5529),
 .UNSPECIFIED.,.F.,.F.,(4,1,4),(0.,0.0193326726033943,0.0395618033738691),
 .UNSPECIFIED.);
#680=B_SPLINE_CURVE_WITH_KNOTS('',3,(#5541,#5542,#5543,#5544,#5545),
 .UNSPECIFIED.,.F.,.F.,(4,1,4),(0.,0.0203895492712675,0.0397939705308033),
 .UNSPECIFIED.);
#681=B_SPLINE_CURVE_WITH_KNOTS('',3,(#5548,#5549,#5550,#5551,#5552),
 .UNSPECIFIED.,.F.,.F.,(4,1,4),(0.,0.0203895492712675,0.0397939705308033),
 .UNSPECIFIED.);
#682=B_SPLINE_CURVE_WITH_KNOTS('',3,(#5564,#5565,#5566,#5567,#5568),
 .UNSPECIFIED.,.F.,.F.,(4,1,4),(0.,0.0137118391278292,0.0275002876447242),
 .UNSPECIFIED.);
#683=B_SPLINE_CURVE_WITH_KNOTS('',3,(#5571,#5572,#5573,#5574,#5575),
 .UNSPECIFIED.,.F.,.F.,(4,1,4),(0.,0.0137118391278292,0.0275002876447242),
 .UNSPECIFIED.);
#684=B_SPLINE_CURVE_WITH_KNOTS('',3,(#5587,#5588,#5589,#5590,#5591),
 .UNSPECIFIED.,.F.,.F.,(4,1,4),(0.,0.0133614224108798,0.0268462947194531),
 .UNSPECIFIED.);
#685=B_SPLINE_CURVE_WITH_KNOTS('',3,(#5594,#5595,#5596,#5597,#5598),
 .UNSPECIFIED.,.F.,.F.,(4,1,4),(0.,0.0133614224108798,0.0268462947194531),
 .UNSPECIFIED.);
#686=B_SPLINE_CURVE_WITH_KNOTS('',3,(#5610,#5611,#5612,#5613,#5614),
 .UNSPECIFIED.,.F.,.F.,(4,1,4),(0.,0.0130112039849601,0.026346483135082),
 .UNSPECIFIED.);
#687=B_SPLINE_CURVE_WITH_KNOTS('',3,(#5617,#5618,#5619,#5620,#5621),
 .UNSPECIFIED.,.F.,.F.,(4,1,4),(0.,0.0130112039849601,0.026346483135082),
 .UNSPECIFIED.);
#688=B_SPLINE_CURVE_WITH_KNOTS('',3,(#5632,#5633,#5634,#5635,#5636),
 .UNSPECIFIED.,.F.,.F.,(4,1,4),(0.,0.0193327396992349,0.0393483015291074),
 .UNSPECIFIED.);
#689=B_SPLINE_CURVE_WITH_KNOTS('',3,(#5637,#5638,#5639,#5640,#5641),
 .UNSPECIFIED.,.F.,.F.,(4,1,4),(0.,0.0193327396992349,0.0393483015291074),
 .UNSPECIFIED.);
#690=B_SPLINE_CURVE_WITH_KNOTS('',3,(#5654,#5655,#5656,#5657,#5658),
 .UNSPECIFIED.,.F.,.F.,(4,1,4),(0.,0.0226158485328751,0.0432549304882946),
 .UNSPECIFIED.);
#691=B_SPLINE_CURVE_WITH_KNOTS('',3,(#5662,#5663,#5664,#5665,#5666),
 .UNSPECIFIED.,.F.,.F.,(4,1,4),(0.,0.0226158485328751,0.0432549304882946),
 .UNSPECIFIED.);
#692=B_SPLINE_CURVE_WITH_KNOTS('',3,(#5679,#5680,#5681,#5682,#5683),
 .UNSPECIFIED.,.F.,.F.,(4,1,4),(0.,0.0299254338208368,0.060490934538949),
 .UNSPECIFIED.);
#693=B_SPLINE_CURVE_WITH_KNOTS('',3,(#5686,#5687,#5688,#5689,#5690),
 .UNSPECIFIED.,.F.,.F.,(4,1,4),(0.,0.0299254338208368,0.060490934538949),
 .UNSPECIFIED.);
#694=B_SPLINE_CURVE_WITH_KNOTS('',3,(#5702,#5703,#5704,#5705,#5706),
 .UNSPECIFIED.,.F.,.F.,(4,1,4),(0.,0.0338703021372177,0.0648509228193334),
 .UNSPECIFIED.);
#695=B_SPLINE_CURVE_WITH_KNOTS('',3,(#5709,#5710,#5711,#5712,#5713),
 .UNSPECIFIED.,.F.,.F.,(4,1,4),(0.,0.0338703021372177,0.0648509228193334),
 .UNSPECIFIED.);
#696=B_SPLINE_CURVE_WITH_KNOTS('',3,(#5725,#5726,#5727,#5728,#5729),
 .UNSPECIFIED.,.F.,.F.,(4,1,4),(0.,0.0309467400239054,0.0648135432940821),
 .UNSPECIFIED.);
#697=B_SPLINE_CURVE_WITH_KNOTS('',3,(#5732,#5733,#5734,#5735,#5736),
 .UNSPECIFIED.,.F.,.F.,(4,1,4),(0.,0.0309467400239054,0.0648135432940821),
 .UNSPECIFIED.);
#698=B_SPLINE_CURVE_WITH_KNOTS('',3,(#5748,#5749,#5750,#5751,#5752),
 .UNSPECIFIED.,.F.,.F.,(4,1,4),(0.,0.0300419738862247,0.0597748132518665),
 .UNSPECIFIED.);
#699=B_SPLINE_CURVE_WITH_KNOTS('',3,(#5755,#5756,#5757,#5758,#5759),
 .UNSPECIFIED.,.F.,.F.,(4,1,4),(0.,0.0300419738862247,0.0597748132518665),
 .UNSPECIFIED.);
#700=B_SPLINE_CURVE_WITH_KNOTS('',3,(#5771,#5772,#5773,#5774,#5775),
 .UNSPECIFIED.,.F.,.F.,(4,1,4),(0.,0.0204297201134283,0.0422104040591452),
 .UNSPECIFIED.);
#701=B_SPLINE_CURVE_WITH_KNOTS('',3,(#5778,#5779,#5780,#5781,#5782),
 .UNSPECIFIED.,.F.,.F.,(4,1,4),(0.,0.0204297201134283,0.0422104040591452),
 .UNSPECIFIED.);
#702=B_SPLINE_CURVE_WITH_KNOTS('',3,(#5794,#5795,#5796,#5797,#5798),
 .UNSPECIFIED.,.F.,.F.,(4,1,4),(0.,0.0225189281092385,0.0431555319040345),
 .UNSPECIFIED.);
#703=B_SPLINE_CURVE_WITH_KNOTS('',3,(#5801,#5802,#5803,#5804,#5805),
 .UNSPECIFIED.,.F.,.F.,(4,1,4),(0.,0.0225189281092385,0.0431555319040345),
 .UNSPECIFIED.);
#704=B_SPLINE_CURVE_WITH_KNOTS('',3,(#5817,#5818,#5819,#5820,#5821),
 .UNSPECIFIED.,.F.,.F.,(4,1,4),(0.,0.0161885799248189,0.0344851362940621),
 .UNSPECIFIED.);
#705=B_SPLINE_CURVE_WITH_KNOTS('',3,(#5824,#5825,#5826,#5827,#5828),
 .UNSPECIFIED.,.F.,.F.,(4,1,4),(0.,0.0161885799248189,0.0344851362940621),
 .UNSPECIFIED.);
#706=B_SPLINE_CURVE_WITH_KNOTS('',3,(#5840,#5841,#5842,#5843,#5844),
 .UNSPECIFIED.,.F.,.F.,(4,1,4),(0.,0.0164236443697754,0.0320108141347483),
 .UNSPECIFIED.);
#707=B_SPLINE_CURVE_WITH_KNOTS('',3,(#5847,#5848,#5849,#5850,#5851),
 .UNSPECIFIED.,.F.,.F.,(4,1,4),(0.,0.0164236443697754,0.0320108141347483),
 .UNSPECIFIED.);
#708=B_SPLINE_CURVE_WITH_KNOTS('',3,(#5863,#5864,#5865,#5866,#5867),
 .UNSPECIFIED.,.F.,.F.,(4,1,4),(0.,0.0258530098720199,0.051559032526366),
 .UNSPECIFIED.);
#709=B_SPLINE_CURVE_WITH_KNOTS('',3,(#5870,#5871,#5872,#5873,#5874),
 .UNSPECIFIED.,.F.,.F.,(4,1,4),(0.,0.0258530098720199,0.051559032526366),
 .UNSPECIFIED.);
#710=B_SPLINE_CURVE_WITH_KNOTS('',3,(#5886,#5887,#5888,#5889,#5890),
 .UNSPECIFIED.,.F.,.F.,(4,1,4),(0.,0.0299246792372629,0.0571143500093034),
 .UNSPECIFIED.);
#711=B_SPLINE_CURVE_WITH_KNOTS('',3,(#5893,#5894,#5895,#5896,#5897),
 .UNSPECIFIED.,.F.,.F.,(4,1,4),(0.,0.0299246792372629,0.0571143500093034),
 .UNSPECIFIED.);
#712=B_SPLINE_CURVE_WITH_KNOTS('',3,(#5909,#5910,#5911,#5912,#5913),
 .UNSPECIFIED.,.F.,.F.,(4,1,4),(0.,0.0267681222998638,0.0564654581724878),
 .UNSPECIFIED.);
#713=B_SPLINE_CURVE_WITH_KNOTS('',3,(#5916,#5917,#5918,#5919,#5920),
 .UNSPECIFIED.,.F.,.F.,(4,1,4),(0.,0.0267681222998638,0.0564654581724878),
 .UNSPECIFIED.);
#714=B_SPLINE_CURVE_WITH_KNOTS('',3,(#5932,#5933,#5934,#5935,#5936),
 .UNSPECIFIED.,.F.,.F.,(4,1,4),(0.,0.025584998774508,0.0510292029459837),
 .UNSPECIFIED.);
#715=B_SPLINE_CURVE_WITH_KNOTS('',3,(#5939,#5940,#5941,#5942,#5943),
 .UNSPECIFIED.,.F.,.F.,(4,1,4),(0.,0.025584998774508,0.0510292029459837),
 .UNSPECIFIED.);
#716=B_SPLINE_CURVE_WITH_KNOTS('',3,(#5955,#5956,#5957,#5958,#5959),
 .UNSPECIFIED.,.F.,.F.,(4,1,4),(0.,0.0158259936278548,0.0327804301213505),
 .UNSPECIFIED.);
#717=B_SPLINE_CURVE_WITH_KNOTS('',3,(#5962,#5963,#5964,#5965,#5966),
 .UNSPECIFIED.,.F.,.F.,(4,1,4),(0.,0.0158259936278548,0.0327804301213505),
 .UNSPECIFIED.);
#718=B_SPLINE_CURVE_WITH_KNOTS('',3,(#5978,#5979,#5980,#5981,#5982),
 .UNSPECIFIED.,.F.,.F.,(4,1,4),(0.,0.0186663123811395,0.0350363259746117),
 .UNSPECIFIED.);
#719=B_SPLINE_CURVE_WITH_KNOTS('',3,(#5985,#5986,#5987,#5988,#5989),
 .UNSPECIFIED.,.F.,.F.,(4,1,4),(0.,0.0186663123811395,0.0350363259746117),
 .UNSPECIFIED.);
#720=B_SPLINE_CURVE_WITH_KNOTS('',3,(#6000,#6001,#6002,#6003,#6004),
 .UNSPECIFIED.,.F.,.F.,(4,1,4),(0.,0.0203950518418104,0.0423728582095489),
 .UNSPECIFIED.);
#721=B_SPLINE_CURVE_WITH_KNOTS('',3,(#6005,#6006,#6007,#6008,#6009),
 .UNSPECIFIED.,.F.,.F.,(4,1,4),(0.,0.0203950518418104,0.0423728582095489),
 .UNSPECIFIED.);
#722=B_SPLINE_CURVE_WITH_KNOTS('',3,(#6031,#6032,#6033,#6034,#6035),
 .UNSPECIFIED.,.F.,.F.,(4,1,4),(0.,0.0186862881321562,0.0429215376304215),
 .UNSPECIFIED.);
#723=B_SPLINE_CURVE_WITH_KNOTS('',3,(#6038,#6039,#6040,#6041,#6042),
 .UNSPECIFIED.,.F.,.F.,(4,1,4),(0.,0.0186862881321562,0.0429215376304215),
 .UNSPECIFIED.);
#724=B_SPLINE_CURVE_WITH_KNOTS('',3,(#6054,#6055,#6056,#6057,#6058),
 .UNSPECIFIED.,.F.,.F.,(4,1,4),(0.,0.016475392056537,0.032671848633584),
 .UNSPECIFIED.);
#725=B_SPLINE_CURVE_WITH_KNOTS('',3,(#6061,#6062,#6063,#6064,#6065),
 .UNSPECIFIED.,.F.,.F.,(4,1,4),(0.,0.016475392056537,0.032671848633584),
 .UNSPECIFIED.);
#726=B_SPLINE_CURVE_WITH_KNOTS('',3,(#6077,#6078,#6079,#6080,#6081),
 .UNSPECIFIED.,.F.,.F.,(4,1,4),(0.,0.0118643418102834,0.0236424181010903),
 .UNSPECIFIED.);
#727=B_SPLINE_CURVE_WITH_KNOTS('',3,(#6084,#6085,#6086,#6087,#6088),
 .UNSPECIFIED.,.F.,.F.,(4,1,4),(0.,0.0118643418102834,0.0236424181010903),
 .UNSPECIFIED.);
#728=B_SPLINE_CURVE_WITH_KNOTS('',3,(#6100,#6101,#6102,#6103,#6104),
 .UNSPECIFIED.,.F.,.F.,(4,1,4),(0.,0.0128002055052866,0.0248996439565042),
 .UNSPECIFIED.);
#729=B_SPLINE_CURVE_WITH_KNOTS('',3,(#6107,#6108,#6109,#6110,#6111),
 .UNSPECIFIED.,.F.,.F.,(4,1,4),(0.,0.0128002055052866,0.0248996439565042),
 .UNSPECIFIED.);
#730=B_SPLINE_CURVE_WITH_KNOTS('',3,(#6123,#6124,#6125,#6126,#6127),
 .UNSPECIFIED.,.F.,.F.,(4,1,4),(0.,0.0202420419061385,0.0359046709298521),
 .UNSPECIFIED.);
#731=B_SPLINE_CURVE_WITH_KNOTS('',3,(#6130,#6131,#6132,#6133,#6134),
 .UNSPECIFIED.,.F.,.F.,(4,1,4),(0.,0.0202420419061385,0.0359046709298521),
 .UNSPECIFIED.);
#732=B_SPLINE_CURVE_WITH_KNOTS('',3,(#6170,#6171,#6172,#6173,#6174),
 .UNSPECIFIED.,.F.,.F.,(4,1,4),(0.,0.00747197159111582,0.0184753411158626),
 .UNSPECIFIED.);
#733=B_SPLINE_CURVE_WITH_KNOTS('',3,(#6177,#6178,#6179,#6180,#6181),
 .UNSPECIFIED.,.F.,.F.,(4,1,4),(0.,0.00747197159111582,0.0184753411158626),
 .UNSPECIFIED.);
#734=B_SPLINE_CURVE_WITH_KNOTS('',3,(#6193,#6194,#6195,#6196,#6197),
 .UNSPECIFIED.,.F.,.F.,(4,1,4),(0.,0.0085079721608483,0.0165500596077473),
 .UNSPECIFIED.);
#735=B_SPLINE_CURVE_WITH_KNOTS('',3,(#6200,#6201,#6202,#6203,#6204),
 .UNSPECIFIED.,.F.,.F.,(4,1,4),(0.,0.0085079721608483,0.0165500596077473),
 .UNSPECIFIED.);
#736=B_SPLINE_CURVE_WITH_KNOTS('',3,(#6216,#6217,#6218,#6219,#6220),
 .UNSPECIFIED.,.F.,.F.,(4,1,4),(0.,0.0134895848501315,0.0237681255130243),
 .UNSPECIFIED.);
#737=B_SPLINE_CURVE_WITH_KNOTS('',3,(#6223,#6224,#6225,#6226,#6227),
 .UNSPECIFIED.,.F.,.F.,(4,1,4),(0.,0.0134895848501315,0.0237681255130243),
 .UNSPECIFIED.);
#738=B_SPLINE_CURVE_WITH_KNOTS('',3,(#6239,#6240,#6241,#6242,#6243),
 .UNSPECIFIED.,.F.,.F.,(4,1,4),(0.,0.0238613764579545,0.0419220860564873),
 .UNSPECIFIED.);
#739=B_SPLINE_CURVE_WITH_KNOTS('',3,(#6246,#6247,#6248,#6249,#6250),
 .UNSPECIFIED.,.F.,.F.,(4,1,4),(0.,0.0238613764579545,0.0419220860564873),
 .UNSPECIFIED.);
#740=B_SPLINE_CURVE_WITH_KNOTS('',3,(#6280,#6281,#6282,#6283,#6284),
 .UNSPECIFIED.,.F.,.F.,(4,1,4),(0.,0.0205684815915604,0.0432085846802537),
 .UNSPECIFIED.);
#741=B_SPLINE_CURVE_WITH_KNOTS('',3,(#6287,#6288,#6289,#6290,#6291),
 .UNSPECIFIED.,.F.,.F.,(4,1,4),(0.,0.0205684815915604,0.0432085846802537),
 .UNSPECIFIED.);
#742=B_SPLINE_CURVE_WITH_KNOTS('',3,(#6303,#6304,#6305,#6306,#6307),
 .UNSPECIFIED.,.F.,.F.,(4,1,4),(0.,0.0131438179597393,0.0235722839603475),
 .UNSPECIFIED.);
#743=B_SPLINE_CURVE_WITH_KNOTS('',3,(#6310,#6311,#6312,#6313,#6314),
 .UNSPECIFIED.,.F.,.F.,(4,1,4),(0.,0.0131438179597393,0.0235722839603475),
 .UNSPECIFIED.);
#744=B_SPLINE_CURVE_WITH_KNOTS('',3,(#6326,#6327,#6328,#6329,#6330),
 .UNSPECIFIED.,.F.,.F.,(4,1,4),(0.,0.0265113028212041,0.0588784780658848),
 .UNSPECIFIED.);
#745=B_SPLINE_CURVE_WITH_KNOTS('',3,(#6333,#6334,#6335,#6336,#6337),
 .UNSPECIFIED.,.F.,.F.,(4,1,4),(0.,0.0265113028212041,0.0588784780658848),
 .UNSPECIFIED.);
#746=B_SPLINE_CURVE_WITH_KNOTS('',3,(#6349,#6350,#6351,#6352,#6353),
 .UNSPECIFIED.,.F.,.F.,(4,1,4),(0.,0.024889289151294,0.0489812078037576),
 .UNSPECIFIED.);
#747=B_SPLINE_CURVE_WITH_KNOTS('',3,(#6356,#6357,#6358,#6359,#6360),
 .UNSPECIFIED.,.F.,.F.,(4,1,4),(0.,0.024889289151294,0.0489812078037576),
 .UNSPECIFIED.);
#748=B_SPLINE_CURVE_WITH_KNOTS('',3,(#6372,#6373,#6374,#6375,#6376),
 .UNSPECIFIED.,.F.,.F.,(4,1,4),(0.,0.019570819535433,0.0394804881127189),
 .UNSPECIFIED.);
#749=B_SPLINE_CURVE_WITH_KNOTS('',3,(#6379,#6380,#6381,#6382,#6383),
 .UNSPECIFIED.,.F.,.F.,(4,1,4),(0.,0.019570819535433,0.0394804881127189),
 .UNSPECIFIED.);
#750=B_SPLINE_CURVE_WITH_KNOTS('',3,(#6395,#6396,#6397,#6398,#6399),
 .UNSPECIFIED.,.F.,.F.,(4,1,4),(0.,0.0182094228919869,0.0371072108303311),
 .UNSPECIFIED.);
#751=B_SPLINE_CURVE_WITH_KNOTS('',3,(#6402,#6403,#6404,#6405,#6406),
 .UNSPECIFIED.,.F.,.F.,(4,1,4),(0.,0.0182094228919869,0.0371072108303311),
 .UNSPECIFIED.);
#752=B_SPLINE_CURVE_WITH_KNOTS('',3,(#6418,#6419,#6420,#6421,#6422),
 .UNSPECIFIED.,.F.,.F.,(4,1,4),(0.,0.0294649615674489,0.0514549192765596),
 .UNSPECIFIED.);
#753=B_SPLINE_CURVE_WITH_KNOTS('',3,(#6425,#6426,#6427,#6428,#6429),
 .UNSPECIFIED.,.F.,.F.,(4,1,4),(0.,0.0294649615674489,0.0514549192765596),
 .UNSPECIFIED.);
#754=B_SPLINE_CURVE_WITH_KNOTS('',3,(#6506,#6507,#6508,#6509,#6510,#6511,
#6512,#6513,#6514,#6515),.UNSPECIFIED.,.F.,.F.,(4,1,1,1,1,1,1,4),(-1.,-0.857142857142857,
-0.714285714285714,-0.571428571428571,-0.428571428571429,-0.285714285714286,
-0.142857142857143,0.),.UNSPECIFIED.);
#755=B_SPLINE_CURVE_WITH_KNOTS('',3,(#6517,#6518,#6519,#6520),
 .UNSPECIFIED.,.F.,.F.,(4,4),(-0.23,4.53522003522726E-16),.UNSPECIFIED.);
#756=B_SPLINE_CURVE_WITH_KNOTS('',3,(#6521,#6522,#6523,#6524,#6525,#6526,
#6527,#6528,#6529,#6530,#6531,#6532,#6533,#6534,#6535,#6536,#6537,#6538,
#6539,#6540,#6541,#6542),.UNSPECIFIED.,.F.,.F.,(4,3,3,3,3,3,3,4),(0.,0.358743647719345,
0.71748729543869,1.07623094315803,1.43497459087738,1.79371823859672,2.15246188631607,
2.51120553403541),.UNSPECIFIED.);
#757=B_SPLINE_CURVE_WITH_KNOTS('',3,(#6607,#6608,#6609,#6610,#6611,#6612,
#6613,#6614,#6615,#6616,#6617,#6618,#6619,#6620,#6621,#6622,#6623,#6624),
 .UNSPECIFIED.,.F.,.F.,(4,2,2,2,2,2,2,2,4),(0.0196106962377391,0.0425528832116715,
0.085105766423343,0.12801933972222,0.170932913021097,0.218586159618651,
0.266239406216205,0.309814347923029,0.33347351021278),.UNSPECIFIED.);
#758=B_SPLINE_CURVE_WITH_KNOTS('',3,(#6627,#6628,#6629,#6630,#6631,#6632,
#6633,#6634,#6635,#6636,#6637,#6638,#6639,#6640,#6641,#6642,#6643,#6644),
 .UNSPECIFIED.,.F.,.F.,(4,2,2,2,2,2,2,2,4),(0.373305069046928,0.396964231336678,
0.440539173043503,0.488192419641057,0.53584566623861,0.578759239537488,
0.621672812836365,0.664225696048036,0.687167883021969),.UNSPECIFIED.);
#759=B_SPLINE_CURVE_WITH_KNOTS('',3,(#6718,#6719,#6720,#6721,#6722,#6723),
 .UNSPECIFIED.,.F.,.F.,(4,2,4),(-24.0028958626631,-23.8132080085701,-23.8042551489381),
 .UNSPECIFIED.);
#760=B_SPLINE_CURVE_WITH_KNOTS('',3,(#6725,#6726,#6727,#6728,#6729,#6730,
#6731,#6732,#6733,#6734,#6735,#6736),.UNSPECIFIED.,.F.,.F.,(4,2,2,2,2,4),
(1.00000003034885E-6,0.11809218837606,0.236592331042538,0.316460439414898,
0.472912687400248,0.668416690551501),.UNSPECIFIED.);
#761=B_SPLINE_CURVE_WITH_KNOTS('',3,(#6737,#6738,#6739,#6740,#6741,#6742,
#6743,#6744,#6745,#6746,#6747,#6748),.UNSPECIFIED.,.F.,.F.,(4,2,2,2,2,4),
(-0.399783693996071,-0.333508055619893,-0.238225334751059,-0.142429987465807,
-0.081100329791429,-9.99993412797995E-7),.UNSPECIFIED.);
#762=B_SPLINE_CURVE_WITH_KNOTS('',3,(#6757,#6758,#6759,#6760,#6761,#6762,
#6763,#6764,#6765,#6766,#6767,#6768),.UNSPECIFIED.,.F.,.F.,(4,2,2,2,2,4),
(-19.1049533477723,-18.9386739180127,-18.7716893998842,-18.5989686610388,
-18.4196319085986,-18.3970830057539),.UNSPECIFIED.);
#763=B_SPLINE_CURVE_WITH_KNOTS('',3,(#7028,#7029,#7030,#7031,#7032,#7033,
#7034,#7035,#7036,#7037,#7038,#7039,#7040,#7041,#7042,#7043,#7044,#7045,
#7046,#7047,#7048,#7049,#7050,#7051,#7052,#7053,#7054,#7055),
 .UNSPECIFIED.,.F.,.F.,(4,2,2,2,2,2,2,2,2,2,2,2,2,4),(-2.23227839626964,
-2.12961622121433,-2.03064311053718,-1.83648551197336,-1.57252615105334,
-1.3292743288948,-1.10402281014074,-1.00096121294691,-0.791462916130048,
-0.688327284962906,-0.491971975521312,-0.298827169073358,-0.150226037557473,
-9.7633900963956E-11),.UNSPECIFIED.);
#764=LINE('',#3678,#973);
#765=LINE('',#3733,#974);
#766=LINE('',#3809,#975);
#767=LINE('',#3885,#976);
#768=LINE('',#3961,#977);
#769=LINE('',#4037,#978);
#770=LINE('',#4113,#979);
#771=LINE('',#4189,#980);
#772=LINE('',#4221,#981);
#773=LINE('',#4246,#982);
#774=LINE('',#4262,#983);
#775=LINE('',#4319,#984);
#776=LINE('',#4376,#985);
#777=LINE('',#4433,#986);
#778=LINE('',#4490,#987);
#779=LINE('',#4547,#988);
#780=LINE('',#4604,#989);
#781=LINE('',#4665,#990);
#782=LINE('',#4671,#991);
#783=LINE('',#4673,#992);
#784=LINE('',#4675,#993);
#785=LINE('',#4677,#994);
#786=LINE('',#4679,#995);
#787=LINE('',#4681,#996);
#788=LINE('',#4682,#997);
#789=LINE('',#4691,#998);
#790=LINE('',#4699,#999);
#791=LINE('',#4701,#1000);
#792=LINE('',#4703,#1001);
#793=LINE('',#4704,#1002);
#794=LINE('',#4707,#1003);
#795=LINE('',#4711,#1004);
#796=LINE('',#4713,#1005);
#797=LINE('',#4715,#1006);
#798=LINE('',#4724,#1007);
#799=LINE('',#4727,#1008);
#800=LINE('',#4740,#1009);
#801=LINE('',#4744,#1010);
#802=LINE('',#4747,#1011);
#803=LINE('',#4752,#1012);
#804=LINE('',#4756,#1013);
#805=LINE('',#4757,#1014);
#806=LINE('',#4762,#1015);
#807=LINE('',#4783,#1016);
#808=LINE('',#4790,#1017);
#809=LINE('',#4808,#1018);
#810=LINE('',#4831,#1019);
#811=LINE('',#4854,#1020);
#812=LINE('',#4877,#1021);
#813=LINE('',#4900,#1022);
#814=LINE('',#4923,#1023);
#815=LINE('',#4967,#1024);
#816=LINE('',#4974,#1025);
#817=LINE('',#4992,#1026);
#818=LINE('',#5015,#1027);
#819=LINE('',#5038,#1028);
#820=LINE('',#5061,#1029);
#821=LINE('',#5084,#1030);
#822=LINE('',#5107,#1031);
#823=LINE('',#5130,#1032);
#824=LINE('',#5153,#1033);
#825=LINE('',#5176,#1034);
#826=LINE('',#5199,#1035);
#827=LINE('',#5229,#1036);
#828=LINE('',#5231,#1037);
#829=LINE('',#5233,#1038);
#830=LINE('',#5234,#1039);
#831=LINE('',#5237,#1040);
#832=LINE('',#5239,#1041);
#833=LINE('',#5240,#1042);
#834=LINE('',#5243,#1043);
#835=LINE('',#5245,#1044);
#836=LINE('',#5246,#1045);
#837=LINE('',#5248,#1046);
#838=LINE('',#5249,#1047);
#839=LINE('',#5269,#1048);
#840=LINE('',#5276,#1049);
#841=LINE('',#5294,#1050);
#842=LINE('',#5317,#1051);
#843=LINE('',#5340,#1052);
#844=LINE('',#5363,#1053);
#845=LINE('',#5386,#1054);
#846=LINE('',#5409,#1055);
#847=LINE('',#5453,#1056);
#848=LINE('',#5460,#1057);
#849=LINE('',#5478,#1058);
#850=LINE('',#5501,#1059);
#851=LINE('',#5524,#1060);
#852=LINE('',#5547,#1061);
#853=LINE('',#5570,#1062);
#854=LINE('',#5593,#1063);
#855=LINE('',#5616,#1064);
#856=LINE('',#5660,#1065);
#857=LINE('',#5667,#1066);
#858=LINE('',#5685,#1067);
#859=LINE('',#5708,#1068);
#860=LINE('',#5731,#1069);
#861=LINE('',#5754,#1070);
#862=LINE('',#5777,#1071);
#863=LINE('',#5800,#1072);
#864=LINE('',#5823,#1073);
#865=LINE('',#5846,#1074);
#866=LINE('',#5869,#1075);
#867=LINE('',#5892,#1076);
#868=LINE('',#5915,#1077);
#869=LINE('',#5938,#1078);
#870=LINE('',#5961,#1079);
#871=LINE('',#5984,#1080);
#872=LINE('',#6014,#1081);
#873=LINE('',#6016,#1082);
#874=LINE('',#6018,#1083);
#875=LINE('',#6019,#1084);
#876=LINE('',#6037,#1085);
#877=LINE('',#6060,#1086);
#878=LINE('',#6083,#1087);
#879=LINE('',#6106,#1088);
#880=LINE('',#6129,#1089);
#881=LINE('',#6137,#1090);
#882=LINE('',#6139,#1091);
#883=LINE('',#6140,#1092);
#884=LINE('',#6142,#1093);
#885=LINE('',#6143,#1094);
#886=LINE('',#6147,#1095);
#887=LINE('',#6149,#1096);
#888=LINE('',#6151,#1097);
#889=LINE('',#6152,#1098);
#890=LINE('',#6155,#1099);
#891=LINE('',#6157,#1100);
#892=LINE('',#6158,#1101);
#893=LINE('',#6176,#1102);
#894=LINE('',#6199,#1103);
#895=LINE('',#6222,#1104);
#896=LINE('',#6245,#1105);
#897=LINE('',#6253,#1106);
#898=LINE('',#6255,#1107);
#899=LINE('',#6256,#1108);
#900=LINE('',#6259,#1109);
#901=LINE('',#6261,#1110);
#902=LINE('',#6262,#1111);
#903=LINE('',#6265,#1112);
#904=LINE('',#6267,#1113);
#905=LINE('',#6268,#1114);
#906=LINE('',#6286,#1115);
#907=LINE('',#6309,#1116);
#908=LINE('',#6332,#1117);
#909=LINE('',#6355,#1118);
#910=LINE('',#6378,#1119);
#911=LINE('',#6401,#1120);
#912=LINE('',#6424,#1121);
#913=LINE('',#6432,#1122);
#914=LINE('',#6434,#1123);
#915=LINE('',#6435,#1124);
#916=LINE('',#6438,#1125);
#917=LINE('',#6440,#1126);
#918=LINE('',#6441,#1127);
#919=LINE('',#6443,#1128);
#920=LINE('',#6444,#1129);
#921=LINE('',#6452,#1130);
#922=LINE('',#6453,#1131);
#923=LINE('',#6454,#1132);
#924=LINE('',#6459,#1133);
#925=LINE('',#6463,#1134);
#926=LINE('',#6464,#1135);
#927=LINE('',#6544,#1136);
#928=LINE('',#6546,#1137);
#929=LINE('',#6547,#1138);
#930=LINE('',#6550,#1139);
#931=LINE('',#6555,#1140);
#932=LINE('',#6562,#1141);
#933=LINE('',#6569,#1142);
#934=LINE('',#6576,#1143);
#935=LINE('',#6582,#1144);
#936=LINE('',#6586,#1145);
#937=LINE('',#6590,#1146);
#938=LINE('',#6595,#1147);
#939=LINE('',#6599,#1148);
#940=LINE('',#6605,#1149);
#941=LINE('',#6645,#1150);
#942=LINE('',#6647,#1151);
#943=LINE('',#6650,#1152);
#944=LINE('',#6652,#1153);
#945=LINE('',#6654,#1154);
#946=LINE('',#6656,#1155);
#947=LINE('',#6657,#1156);
#948=LINE('',#6661,#1157);
#949=LINE('',#6662,#1158);
#950=LINE('',#6663,#1159);
#951=LINE('',#6666,#1160);
#952=LINE('',#6667,#1161);
#953=LINE('',#6670,#1162);
#954=LINE('',#6671,#1163);
#955=LINE('',#6673,#1164);
#956=LINE('',#6675,#1165);
#957=LINE('',#6678,#1166);
#958=LINE('',#6680,#1167);
#959=LINE('',#6682,#1168);
#960=LINE('',#6683,#1169);
#961=LINE('',#6686,#1170);
#962=LINE('',#6688,#1171);
#963=LINE('',#6690,#1172);
#964=LINE('',#6691,#1173);
#965=LINE('',#6693,#1174);
#966=LINE('',#6702,#1175);
#967=LINE('',#6704,#1176);
#968=LINE('',#6706,#1177);
#969=LINE('',#6711,#1178);
#970=LINE('',#6751,#1179);
#971=LINE('',#6754,#1180);
#972=LINE('',#7314,#1181);
#973=VECTOR('',#3173,4.5);
#974=VECTOR('',#3178,4.5);
#975=VECTOR('',#3181,4.5);
#976=VECTOR('',#3184,4.5);
#977=VECTOR('',#3187,4.5);
#978=VECTOR('',#3190,4.5);
#979=VECTOR('',#3193,4.5);
#980=VECTOR('',#3196,4.5);
#981=VECTOR('',#3201,5.041265875);
#982=VECTOR('',#3204,5.041265875);
#983=VECTOR('',#3213,5.041265875);
#984=VECTOR('',#3216,5.041265875);
#985=VECTOR('',#3219,5.041265875);
#986=VECTOR('',#3222,5.041265875);
#987=VECTOR('',#3225,5.041265875);
#988=VECTOR('',#3228,5.041265875);
#989=VECTOR('',#3231,5.041265875);
#990=VECTOR('',#3238,2.5);
#991=VECTOR('',#3247,10.);
#992=VECTOR('',#3248,10.);
#993=VECTOR('',#3249,10.);
#994=VECTOR('',#3250,10.);
#995=VECTOR('',#3251,10.);
#996=VECTOR('',#3252,10.);
#997=VECTOR('',#3253,10.);
#998=VECTOR('',#3262,2.4);
#999=VECTOR('',#3271,10.);
#1000=VECTOR('',#3272,10.);
#1001=VECTOR('',#3273,10.);
#1002=VECTOR('',#3274,10.);
#1003=VECTOR('',#3277,10.);
#1004=VECTOR('',#3280,10.);
#1005=VECTOR('',#3281,10.);
#1006=VECTOR('',#3282,10.);
#1007=VECTOR('',#3287,10.);
#1008=VECTOR('',#3290,10.);
#1009=VECTOR('',#3305,2.1);
#1010=VECTOR('',#3310,10.);
#1011=VECTOR('',#3313,10.);
#1012=VECTOR('',#3318,10.);
#1013=VECTOR('',#3323,10.);
#1014=VECTOR('',#3324,10.);
#1015=VECTOR('',#3329,3.05);
#1016=VECTOR('',#3334,10.);
#1017=VECTOR('',#3335,10.);
#1018=VECTOR('',#3336,10.);
#1019=VECTOR('',#3337,10.);
#1020=VECTOR('',#3338,10.);
#1021=VECTOR('',#3339,10.);
#1022=VECTOR('',#3340,10.);
#1023=VECTOR('',#3341,10.);
#1024=VECTOR('',#3342,10.);
#1025=VECTOR('',#3343,10.);
#1026=VECTOR('',#3344,10.);
#1027=VECTOR('',#3345,10.);
#1028=VECTOR('',#3346,10.);
#1029=VECTOR('',#3347,10.);
#1030=VECTOR('',#3348,10.);
#1031=VECTOR('',#3349,10.);
#1032=VECTOR('',#3350,10.);
#1033=VECTOR('',#3351,10.);
#1034=VECTOR('',#3352,10.);
#1035=VECTOR('',#3353,10.);
#1036=VECTOR('',#3358,10.);
#1037=VECTOR('',#3359,10.);
#1038=VECTOR('',#3360,10.);
#1039=VECTOR('',#3361,10.);
#1040=VECTOR('',#3364,10.);
#1041=VECTOR('',#3365,10.);
#1042=VECTOR('',#3366,10.);
#1043=VECTOR('',#3369,10.);
#1044=VECTOR('',#3370,10.);
#1045=VECTOR('',#3371,10.);
#1046=VECTOR('',#3374,10.);
#1047=VECTOR('',#3375,10.);
#1048=VECTOR('',#3378,10.);
#1049=VECTOR('',#3379,10.);
#1050=VECTOR('',#3380,10.);
#1051=VECTOR('',#3381,10.);
#1052=VECTOR('',#3382,10.);
#1053=VECTOR('',#3383,10.);
#1054=VECTOR('',#3384,10.);
#1055=VECTOR('',#3385,10.);
#1056=VECTOR('',#3386,10.);
#1057=VECTOR('',#3387,10.);
#1058=VECTOR('',#3388,10.);
#1059=VECTOR('',#3389,10.);
#1060=VECTOR('',#3390,10.);
#1061=VECTOR('',#3391,10.);
#1062=VECTOR('',#3392,10.);
#1063=VECTOR('',#3393,10.);
#1064=VECTOR('',#3394,10.);
#1065=VECTOR('',#3395,10.);
#1066=VECTOR('',#3396,10.);
#1067=VECTOR('',#3397,10.);
#1068=VECTOR('',#3398,10.);
#1069=VECTOR('',#3399,10.);
#1070=VECTOR('',#3400,10.);
#1071=VECTOR('',#3401,10.);
#1072=VECTOR('',#3402,10.);
#1073=VECTOR('',#3403,10.);
#1074=VECTOR('',#3404,10.);
#1075=VECTOR('',#3405,10.);
#1076=VECTOR('',#3406,10.);
#1077=VECTOR('',#3407,10.);
#1078=VECTOR('',#3408,10.);
#1079=VECTOR('',#3409,10.);
#1080=VECTOR('',#3410,10.);
#1081=VECTOR('',#3415,10.);
#1082=VECTOR('',#3416,10.);
#1083=VECTOR('',#3417,10.);
#1084=VECTOR('',#3418,10.);
#1085=VECTOR('',#3419,10.);
#1086=VECTOR('',#3420,10.);
#1087=VECTOR('',#3421,10.);
#1088=VECTOR('',#3422,10.);
#1089=VECTOR('',#3423,10.);
#1090=VECTOR('',#3426,10.);
#1091=VECTOR('',#3427,10.);
#1092=VECTOR('',#3428,10.);
#1093=VECTOR('',#3431,10.);
#1094=VECTOR('',#3432,10.);
#1095=VECTOR('',#3435,10.);
#1096=VECTOR('',#3436,10.);
#1097=VECTOR('',#3437,10.);
#1098=VECTOR('',#3438,10.);
#1099=VECTOR('',#3441,10.);
#1100=VECTOR('',#3442,10.);
#1101=VECTOR('',#3443,10.);
#1102=VECTOR('',#3444,10.);
#1103=VECTOR('',#3445,10.);
#1104=VECTOR('',#3446,10.);
#1105=VECTOR('',#3447,10.);
#1106=VECTOR('',#3450,10.);
#1107=VECTOR('',#3451,10.);
#1108=VECTOR('',#3452,10.);
#1109=VECTOR('',#3455,10.);
#1110=VECTOR('',#3456,10.);
#1111=VECTOR('',#3457,10.);
#1112=VECTOR('',#3460,10.);
#1113=VECTOR('',#3461,10.);
#1114=VECTOR('',#3462,10.);
#1115=VECTOR('',#3463,10.);
#1116=VECTOR('',#3464,10.);
#1117=VECTOR('',#3465,10.);
#1118=VECTOR('',#3466,10.);
#1119=VECTOR('',#3467,10.);
#1120=VECTOR('',#3468,10.);
#1121=VECTOR('',#3469,10.);
#1122=VECTOR('',#3472,10.);
#1123=VECTOR('',#3473,10.);
#1124=VECTOR('',#3474,10.);
#1125=VECTOR('',#3477,10.);
#1126=VECTOR('',#3478,10.);
#1127=VECTOR('',#3479,10.);
#1128=VECTOR('',#3482,10.);
#1129=VECTOR('',#3483,10.);
#1130=VECTOR('',#3496,10.);
#1131=VECTOR('',#3497,10.);
#1132=VECTOR('',#3498,10.);
#1133=VECTOR('',#3503,1.7);
#1134=VECTOR('',#3508,10.);
#1135=VECTOR('',#3509,10.);
#1136=VECTOR('',#3512,10.);
#1137=VECTOR('',#3513,10.);
#1138=VECTOR('',#3514,10.);
#1139=VECTOR('',#3519,10.);
#1140=VECTOR('',#3524,2.4);
#1141=VECTOR('',#3533,2.4);
#1142=VECTOR('',#3542,2.4);
#1143=VECTOR('',#3551,0.85);
#1144=VECTOR('',#3558,0.85);
#1145=VECTOR('',#3563,1.1);
#1146=VECTOR('',#3568,1.1);
#1147=VECTOR('',#3573,10.);
#1148=VECTOR('',#3576,10.);
#1149=VECTOR('',#3583,10.);
#1150=VECTOR('',#3586,10.);
#1151=VECTOR('',#3589,10.);
#1152=VECTOR('',#3592,10.);
#1153=VECTOR('',#3593,10.);
#1154=VECTOR('',#3594,10.);
#1155=VECTOR('',#3595,10.);
#1156=VECTOR('',#3596,10.);
#1157=VECTOR('',#3599,10.);
#1158=VECTOR('',#3600,10.);
#1159=VECTOR('',#3601,10.);
#1160=VECTOR('',#3604,10.);
#1161=VECTOR('',#3605,10.);
#1162=VECTOR('',#3608,10.);
#1163=VECTOR('',#3609,10.);
#1164=VECTOR('',#3612,10.);
#1165=VECTOR('',#3615,10.);
#1166=VECTOR('',#3618,10.);
#1167=VECTOR('',#3619,10.);
#1168=VECTOR('',#3620,10.);
#1169=VECTOR('',#3621,10.);
#1170=VECTOR('',#3624,10.);
#1171=VECTOR('',#3625,10.);
#1172=VECTOR('',#3626,10.);
#1173=VECTOR('',#3627,10.);
#1174=VECTOR('',#3630,10.);
#1175=VECTOR('',#3641,1.125);
#1176=VECTOR('',#3644,10.);
#1177=VECTOR('',#3647,10.);
#1178=VECTOR('',#3654,5.041265875);
#1179=VECTOR('',#3661,4.5);
#1180=VECTOR('',#3666,4.5);
#1181=VECTOR('',#3671,1.00000000001348);
#1182=VERTEX_POINT('',#3676);
#1183=VERTEX_POINT('',#3677);
#1184=VERTEX_POINT('',#3679);
#1185=VERTEX_POINT('',#3708);
#1186=VERTEX_POINT('',#3731);
#1187=VERTEX_POINT('',#3732);
#1188=VERTEX_POINT('',#3807);
#1189=VERTEX_POINT('',#3808);
#1190=VERTEX_POINT('',#3883);
#1191=VERTEX_POINT('',#3884);
#1192=VERTEX_POINT('',#3959);
#1193=VERTEX_POINT('',#3960);
#1194=VERTEX_POINT('',#4035);
#1195=VERTEX_POINT('',#4036);
#1196=VERTEX_POINT('',#4111);
#1197=VERTEX_POINT('',#4112);
#1198=VERTEX_POINT('',#4187);
#1199=VERTEX_POINT('',#4188);
#1200=VERTEX_POINT('',#4190);
#1201=VERTEX_POINT('',#4219);
#1202=VERTEX_POINT('',#4220);
#1203=VERTEX_POINT('',#4222);
#1204=VERTEX_POINT('',#4243);
#1205=VERTEX_POINT('',#4245);
#1206=VERTEX_POINT('',#4247);
#1207=VERTEX_POINT('',#4250);
#1208=VERTEX_POINT('',#4260);
#1209=VERTEX_POINT('',#4261);
#1210=VERTEX_POINT('',#4317);
#1211=VERTEX_POINT('',#4318);
#1212=VERTEX_POINT('',#4374);
#1213=VERTEX_POINT('',#4375);
#1214=VERTEX_POINT('',#4431);
#1215=VERTEX_POINT('',#4432);
#1216=VERTEX_POINT('',#4488);
#1217=VERTEX_POINT('',#4489);
#1218=VERTEX_POINT('',#4545);
#1219=VERTEX_POINT('',#4546);
#1220=VERTEX_POINT('',#4602);
#1221=VERTEX_POINT('',#4603);
#1222=VERTEX_POINT('',#4659);
#1223=VERTEX_POINT('',#4660);
#1224=VERTEX_POINT('',#4662);
#1225=VERTEX_POINT('',#4664);
#1226=VERTEX_POINT('',#4670);
#1227=VERTEX_POINT('',#4672);
#1228=VERTEX_POINT('',#4674);
#1229=VERTEX_POINT('',#4676);
#1230=VERTEX_POINT('',#4678);
#1231=VERTEX_POINT('',#4680);
#1232=VERTEX_POINT('',#4683);
#1233=VERTEX_POINT('',#4685);
#1234=VERTEX_POINT('',#4688);
#1235=VERTEX_POINT('',#4690);
#1236=VERTEX_POINT('',#4695);
#1237=VERTEX_POINT('',#4696);
#1238=VERTEX_POINT('',#4698);
#1239=VERTEX_POINT('',#4700);
#1240=VERTEX_POINT('',#4702);
#1241=VERTEX_POINT('',#4706);
#1242=VERTEX_POINT('',#4708);
#1243=VERTEX_POINT('',#4710);
#1244=VERTEX_POINT('',#4712);
#1245=VERTEX_POINT('',#4714);
#1246=VERTEX_POINT('',#4720);
#1247=VERTEX_POINT('',#4723);
#1248=VERTEX_POINT('',#4725);
#1249=VERTEX_POINT('',#4729);
#1250=VERTEX_POINT('',#4730);
#1251=VERTEX_POINT('',#4733);
#1252=VERTEX_POINT('',#4735);
#1253=VERTEX_POINT('',#4739);
#1254=VERTEX_POINT('',#4743);
#1255=VERTEX_POINT('',#4745);
#1256=VERTEX_POINT('',#4749);
#1257=VERTEX_POINT('',#4751);
#1258=VERTEX_POINT('',#4755);
#1259=VERTEX_POINT('',#4759);
#1260=VERTEX_POINT('',#4761);
#1261=VERTEX_POINT('',#4775);
#1262=VERTEX_POINT('',#4776);
#1263=VERTEX_POINT('',#4782);
#1264=VERTEX_POINT('',#4784);
#1265=VERTEX_POINT('',#4801);
#1266=VERTEX_POINT('',#4807);
#1267=VERTEX_POINT('',#4824);
#1268=VERTEX_POINT('',#4830);
#1269=VERTEX_POINT('',#4847);
#1270=VERTEX_POINT('',#4853);
#1271=VERTEX_POINT('',#4870);
#1272=VERTEX_POINT('',#4876);
#1273=VERTEX_POINT('',#4893);
#1274=VERTEX_POINT('',#4899);
#1275=VERTEX_POINT('',#4916);
#1276=VERTEX_POINT('',#4922);
#1277=VERTEX_POINT('',#4959);
#1278=VERTEX_POINT('',#4960);
#1279=VERTEX_POINT('',#4966);
#1280=VERTEX_POINT('',#4968);
#1281=VERTEX_POINT('',#4985);
#1282=VERTEX_POINT('',#4991);
#1283=VERTEX_POINT('',#5008);
#1284=VERTEX_POINT('',#5014);
#1285=VERTEX_POINT('',#5031);
#1286=VERTEX_POINT('',#5037);
#1287=VERTEX_POINT('',#5054);
#1288=VERTEX_POINT('',#5060);
#1289=VERTEX_POINT('',#5077);
#1290=VERTEX_POINT('',#5083);
#1291=VERTEX_POINT('',#5100);
#1292=VERTEX_POINT('',#5106);
#1293=VERTEX_POINT('',#5123);
#1294=VERTEX_POINT('',#5129);
#1295=VERTEX_POINT('',#5146);
#1296=VERTEX_POINT('',#5152);
#1297=VERTEX_POINT('',#5169);
#1298=VERTEX_POINT('',#5175);
#1299=VERTEX_POINT('',#5192);
#1300=VERTEX_POINT('',#5198);
#1301=VERTEX_POINT('',#5227);
#1302=VERTEX_POINT('',#5228);
#1303=VERTEX_POINT('',#5230);
#1304=VERTEX_POINT('',#5232);
#1305=VERTEX_POINT('',#5236);
#1306=VERTEX_POINT('',#5238);
#1307=VERTEX_POINT('',#5242);
#1308=VERTEX_POINT('',#5244);
#1309=VERTEX_POINT('',#5261);
#1310=VERTEX_POINT('',#5262);
#1311=VERTEX_POINT('',#5268);
#1312=VERTEX_POINT('',#5270);
#1313=VERTEX_POINT('',#5287);
#1314=VERTEX_POINT('',#5293);
#1315=VERTEX_POINT('',#5310);
#1316=VERTEX_POINT('',#5316);
#1317=VERTEX_POINT('',#5333);
#1318=VERTEX_POINT('',#5339);
#1319=VERTEX_POINT('',#5356);
#1320=VERTEX_POINT('',#5362);
#1321=VERTEX_POINT('',#5379);
#1322=VERTEX_POINT('',#5385);
#1323=VERTEX_POINT('',#5402);
#1324=VERTEX_POINT('',#5408);
#1325=VERTEX_POINT('',#5445);
#1326=VERTEX_POINT('',#5446);
#1327=VERTEX_POINT('',#5452);
#1328=VERTEX_POINT('',#5454);
#1329=VERTEX_POINT('',#5471);
#1330=VERTEX_POINT('',#5477);
#1331=VERTEX_POINT('',#5494);
#1332=VERTEX_POINT('',#5500);
#1333=VERTEX_POINT('',#5517);
#1334=VERTEX_POINT('',#5523);
#1335=VERTEX_POINT('',#5540);
#1336=VERTEX_POINT('',#5546);
#1337=VERTEX_POINT('',#5563);
#1338=VERTEX_POINT('',#5569);
#1339=VERTEX_POINT('',#5586);
#1340=VERTEX_POINT('',#5592);
#1341=VERTEX_POINT('',#5609);
#1342=VERTEX_POINT('',#5615);
#1343=VERTEX_POINT('',#5652);
#1344=VERTEX_POINT('',#5653);
#1345=VERTEX_POINT('',#5659);
#1346=VERTEX_POINT('',#5661);
#1347=VERTEX_POINT('',#5678);
#1348=VERTEX_POINT('',#5684);
#1349=VERTEX_POINT('',#5701);
#1350=VERTEX_POINT('',#5707);
#1351=VERTEX_POINT('',#5724);
#1352=VERTEX_POINT('',#5730);
#1353=VERTEX_POINT('',#5747);
#1354=VERTEX_POINT('',#5753);
#1355=VERTEX_POINT('',#5770);
#1356=VERTEX_POINT('',#5776);
#1357=VERTEX_POINT('',#5793);
#1358=VERTEX_POINT('',#5799);
#1359=VERTEX_POINT('',#5816);
#1360=VERTEX_POINT('',#5822);
#1361=VERTEX_POINT('',#5839);
#1362=VERTEX_POINT('',#5845);
#1363=VERTEX_POINT('',#5862);
#1364=VERTEX_POINT('',#5868);
#1365=VERTEX_POINT('',#5885);
#1366=VERTEX_POINT('',#5891);
#1367=VERTEX_POINT('',#5908);
#1368=VERTEX_POINT('',#5914);
#1369=VERTEX_POINT('',#5931);
#1370=VERTEX_POINT('',#5937);
#1371=VERTEX_POINT('',#5954);
#1372=VERTEX_POINT('',#5960);
#1373=VERTEX_POINT('',#5977);
#1374=VERTEX_POINT('',#5983);
#1375=VERTEX_POINT('',#6012);
#1376=VERTEX_POINT('',#6013);
#1377=VERTEX_POINT('',#6015);
#1378=VERTEX_POINT('',#6017);
#1379=VERTEX_POINT('',#6030);
#1380=VERTEX_POINT('',#6036);
#1381=VERTEX_POINT('',#6053);
#1382=VERTEX_POINT('',#6059);
#1383=VERTEX_POINT('',#6076);
#1384=VERTEX_POINT('',#6082);
#1385=VERTEX_POINT('',#6099);
#1386=VERTEX_POINT('',#6105);
#1387=VERTEX_POINT('',#6122);
#1388=VERTEX_POINT('',#6128);
#1389=VERTEX_POINT('',#6136);
#1390=VERTEX_POINT('',#6138);
#1391=VERTEX_POINT('',#6145);
#1392=VERTEX_POINT('',#6146);
#1393=VERTEX_POINT('',#6148);
#1394=VERTEX_POINT('',#6150);
#1395=VERTEX_POINT('',#6154);
#1396=VERTEX_POINT('',#6156);
#1397=VERTEX_POINT('',#6169);
#1398=VERTEX_POINT('',#6175);
#1399=VERTEX_POINT('',#6192);
#1400=VERTEX_POINT('',#6198);
#1401=VERTEX_POINT('',#6215);
#1402=VERTEX_POINT('',#6221);
#1403=VERTEX_POINT('',#6238);
#1404=VERTEX_POINT('',#6244);
#1405=VERTEX_POINT('',#6252);
#1406=VERTEX_POINT('',#6254);
#1407=VERTEX_POINT('',#6258);
#1408=VERTEX_POINT('',#6260);
#1409=VERTEX_POINT('',#6264);
#1410=VERTEX_POINT('',#6266);
#1411=VERTEX_POINT('',#6279);
#1412=VERTEX_POINT('',#6285);
#1413=VERTEX_POINT('',#6302);
#1414=VERTEX_POINT('',#6308);
#1415=VERTEX_POINT('',#6325);
#1416=VERTEX_POINT('',#6331);
#1417=VERTEX_POINT('',#6348);
#1418=VERTEX_POINT('',#6354);
#1419=VERTEX_POINT('',#6371);
#1420=VERTEX_POINT('',#6377);
#1421=VERTEX_POINT('',#6394);
#1422=VERTEX_POINT('',#6400);
#1423=VERTEX_POINT('',#6417);
#1424=VERTEX_POINT('',#6423);
#1425=VERTEX_POINT('',#6431);
#1426=VERTEX_POINT('',#6433);
#1427=VERTEX_POINT('',#6437);
#1428=VERTEX_POINT('',#6439);
#1429=VERTEX_POINT('',#6451);
#1430=VERTEX_POINT('',#6456);
#1431=VERTEX_POINT('',#6458);
#1432=VERTEX_POINT('',#6462);
#1433=VERTEX_POINT('',#6505);
#1434=VERTEX_POINT('',#6516);
#1435=VERTEX_POINT('',#6545);
#1436=VERTEX_POINT('',#6552);
#1437=VERTEX_POINT('',#6554);
#1438=VERTEX_POINT('',#6559);
#1439=VERTEX_POINT('',#6561);
#1440=VERTEX_POINT('',#6566);
#1441=VERTEX_POINT('',#6568);
#1442=VERTEX_POINT('',#6573);
#1443=VERTEX_POINT('',#6575);
#1444=VERTEX_POINT('',#6579);
#1445=VERTEX_POINT('',#6581);
#1446=VERTEX_POINT('',#6585);
#1447=VERTEX_POINT('',#6589);
#1448=VERTEX_POINT('',#6593);
#1449=VERTEX_POINT('',#6594);
#1450=VERTEX_POINT('',#6596);
#1451=VERTEX_POINT('',#6598);
#1452=VERTEX_POINT('',#6602);
#1453=VERTEX_POINT('',#6603);
#1454=VERTEX_POINT('',#6606);
#1455=VERTEX_POINT('',#6625);
#1456=VERTEX_POINT('',#6649);
#1457=VERTEX_POINT('',#6651);
#1458=VERTEX_POINT('',#6653);
#1459=VERTEX_POINT('',#6655);
#1460=VERTEX_POINT('',#6659);
#1461=VERTEX_POINT('',#6660);
#1462=VERTEX_POINT('',#6665);
#1463=VERTEX_POINT('',#6669);
#1464=VERTEX_POINT('',#6677);
#1465=VERTEX_POINT('',#6679);
#1466=VERTEX_POINT('',#6681);
#1467=VERTEX_POINT('',#6685);
#1468=VERTEX_POINT('',#6687);
#1469=VERTEX_POINT('',#6689);
#1470=VERTEX_POINT('',#6694);
#1471=VERTEX_POINT('',#6696);
#1472=VERTEX_POINT('',#6698);
#1473=VERTEX_POINT('',#6709);
#1474=VERTEX_POINT('',#6750);
#1475=VERTEX_POINT('',#6756);
#1476=EDGE_CURVE('',#1182,#1183,#764,.T.);
#1477=EDGE_CURVE('',#1184,#1182,#592,.T.);
#1478=EDGE_CURVE('',#1185,#1184,#543,.T.);
#1479=EDGE_CURVE('',#1185,#1183,#593,.F.);
#1480=EDGE_CURVE('',#1186,#1187,#765,.T.);
#1481=EDGE_CURVE('',#1182,#1186,#594,.T.);
#1482=EDGE_CURVE('',#1183,#1187,#595,.F.);
#1483=EDGE_CURVE('',#1188,#1189,#766,.T.);
#1484=EDGE_CURVE('',#1186,#1188,#596,.T.);
#1485=EDGE_CURVE('',#1187,#1189,#597,.F.);
#1486=EDGE_CURVE('',#1190,#1191,#767,.T.);
#1487=EDGE_CURVE('',#1188,#1190,#598,.T.);
#1488=EDGE_CURVE('',#1189,#1191,#599,.F.);
#1489=EDGE_CURVE('',#1192,#1193,#768,.T.);
#1490=EDGE_CURVE('',#1190,#1192,#600,.T.);
#1491=EDGE_CURVE('',#1191,#1193,#601,.F.);
#1492=EDGE_CURVE('',#1194,#1195,#769,.T.);
#1493=EDGE_CURVE('',#1192,#1194,#602,.T.);
#1494=EDGE_CURVE('',#1193,#1195,#603,.F.);
#1495=EDGE_CURVE('',#1196,#1197,#770,.T.);
#1496=EDGE_CURVE('',#1194,#1196,#604,.T.);
#1497=EDGE_CURVE('',#1195,#1197,#605,.F.);
#1498=EDGE_CURVE('',#1198,#1199,#771,.T.);
#1499=EDGE_CURVE('',#1198,#1200,#606,.F.);
#1500=EDGE_CURVE('',#1200,#1199,#544,.T.);
#1501=EDGE_CURVE('',#1201,#1202,#772,.T.);
#1502=EDGE_CURVE('',#1201,#1203,#607,.T.);
#1503=EDGE_CURVE('',#1203,#1204,#545,.T.);
#1504=EDGE_CURVE('',#1204,#1205,#773,.T.);
#1505=EDGE_CURVE('',#1206,#1205,#546,.T.);
#1506=EDGE_CURVE('',#1205,#1206,#547,.T.);
#1507=EDGE_CURVE('',#1204,#1207,#548,.T.);
#1508=EDGE_CURVE('',#1202,#1207,#172,.T.);
#1509=EDGE_CURVE('',#1208,#1209,#774,.T.);
#1510=EDGE_CURVE('',#1208,#1201,#608,.T.);
#1511=EDGE_CURVE('',#1209,#1202,#173,.T.);
#1512=EDGE_CURVE('',#1210,#1211,#775,.T.);
#1513=EDGE_CURVE('',#1210,#1208,#609,.T.);
#1514=EDGE_CURVE('',#1211,#1209,#174,.T.);
#1515=EDGE_CURVE('',#1212,#1213,#776,.T.);
#1516=EDGE_CURVE('',#1212,#1210,#610,.T.);
#1517=EDGE_CURVE('',#1213,#1211,#175,.T.);
#1518=EDGE_CURVE('',#1214,#1215,#777,.T.);
#1519=EDGE_CURVE('',#1214,#1212,#611,.T.);
#1520=EDGE_CURVE('',#1215,#1213,#176,.T.);
#1521=EDGE_CURVE('',#1216,#1217,#778,.T.);
#1522=EDGE_CURVE('',#1216,#1214,#612,.T.);
#1523=EDGE_CURVE('',#1217,#1215,#177,.T.);
#1524=EDGE_CURVE('',#1218,#1219,#779,.T.);
#1525=EDGE_CURVE('',#1218,#1216,#613,.T.);
#1526=EDGE_CURVE('',#1219,#1217,#178,.T.);
#1527=EDGE_CURVE('',#1220,#1221,#780,.T.);
#1528=EDGE_CURVE('',#1220,#1218,#614,.T.);
#1529=EDGE_CURVE('',#1221,#1219,#179,.T.);
#1530=EDGE_CURVE('',#1222,#1223,#167,.T.);
#1531=EDGE_CURVE('',#1224,#1222,#549,.T.);
#1532=EDGE_CURVE('',#1224,#1225,#781,.T.);
#1533=EDGE_CURVE('',#1225,#1225,#550,.T.);
#1534=EDGE_CURVE('',#1223,#1224,#551,.T.);
#1535=EDGE_CURVE('',#1226,#1222,#782,.T.);
#1536=EDGE_CURVE('',#1226,#1227,#783,.T.);
#1537=EDGE_CURVE('',#1227,#1228,#784,.T.);
#1538=EDGE_CURVE('',#1228,#1229,#785,.T.);
#1539=EDGE_CURVE('',#1229,#1230,#786,.T.);
#1540=EDGE_CURVE('',#1231,#1230,#787,.T.);
#1541=EDGE_CURVE('',#1223,#1231,#788,.T.);
#1542=EDGE_CURVE('',#1232,#1232,#552,.T.);
#1543=EDGE_CURVE('',#1233,#1233,#553,.T.);
#1544=EDGE_CURVE('',#1234,#1234,#554,.T.);
#1545=EDGE_CURVE('',#1234,#1235,#789,.T.);
#1546=EDGE_CURVE('',#1235,#1235,#555,.T.);
#1547=EDGE_CURVE('',#1236,#1237,#168,.T.);
#1548=EDGE_CURVE('',#1237,#1238,#790,.T.);
#1549=EDGE_CURVE('',#1238,#1239,#791,.F.);
#1550=EDGE_CURVE('',#1239,#1240,#792,.T.);
#1551=EDGE_CURVE('',#1240,#1236,#793,.T.);
#1552=EDGE_CURVE('',#1241,#1238,#794,.T.);
#1553=EDGE_CURVE('',#1242,#1237,#169,.T.);
#1554=EDGE_CURVE('',#1243,#1242,#795,.T.);
#1555=EDGE_CURVE('',#1244,#1243,#796,.T.);
#1556=EDGE_CURVE('',#1245,#1244,#797,.T.);
#1557=EDGE_CURVE('',#1241,#1245,#615,.T.);
#1558=EDGE_CURVE('',#1246,#1246,#556,.T.);
#1559=EDGE_CURVE('',#1236,#1247,#798,.T.);
#1560=EDGE_CURVE('',#1247,#1248,#170,.T.);
#1561=EDGE_CURVE('',#1248,#1242,#799,.T.);
#1562=EDGE_CURVE('',#1249,#1250,#557,.T.);
#1563=EDGE_CURVE('',#1250,#1249,#558,.T.);
#1564=EDGE_CURVE('',#1249,#1251,#559,.T.);
#1565=EDGE_CURVE('',#1252,#1251,#560,.T.);
#1566=EDGE_CURVE('',#1251,#1252,#561,.T.);
#1567=EDGE_CURVE('',#1250,#1253,#800,.T.);
#1568=EDGE_CURVE('',#1253,#1253,#562,.T.);
#1569=EDGE_CURVE('',#1247,#1254,#801,.T.);
#1570=EDGE_CURVE('',#1254,#1255,#171,.T.);
#1571=EDGE_CURVE('',#1255,#1248,#802,.T.);
#1572=EDGE_CURVE('',#1239,#1256,#563,.T.);
#1573=EDGE_CURVE('',#1257,#1256,#803,.T.);
#1574=EDGE_CURVE('',#1240,#1257,#564,.T.);
#1575=EDGE_CURVE('',#1248,#1258,#804,.T.);
#1576=EDGE_CURVE('',#1258,#1243,#805,.T.);
#1577=EDGE_CURVE('',#1259,#1259,#565,.T.);
#1578=EDGE_CURVE('',#1259,#1260,#806,.T.);
#1579=EDGE_CURVE('',#1260,#1260,#566,.T.);
#1580=EDGE_CURVE('',#1261,#1262,#616,.T.);
#1581=EDGE_CURVE('',#1261,#1263,#807,.T.);
#1582=EDGE_CURVE('',#1263,#1264,#617,.T.);
#1583=EDGE_CURVE('',#1262,#1264,#808,.T.);
#1584=EDGE_CURVE('',#1265,#1261,#618,.T.);
#1585=EDGE_CURVE('',#1265,#1266,#809,.T.);
#1586=EDGE_CURVE('',#1266,#1263,#619,.T.);
#1587=EDGE_CURVE('',#1267,#1265,#620,.T.);
#1588=EDGE_CURVE('',#1267,#1268,#810,.T.);
#1589=EDGE_CURVE('',#1268,#1266,#621,.T.);
#1590=EDGE_CURVE('',#1269,#1267,#622,.T.);
#1591=EDGE_CURVE('',#1269,#1270,#811,.T.);
#1592=EDGE_CURVE('',#1270,#1268,#623,.T.);
#1593=EDGE_CURVE('',#1271,#1269,#624,.T.);
#1594=EDGE_CURVE('',#1271,#1272,#812,.T.);
#1595=EDGE_CURVE('',#1272,#1270,#625,.T.);
#1596=EDGE_CURVE('',#1273,#1271,#626,.T.);
#1597=EDGE_CURVE('',#1273,#1274,#813,.T.);
#1598=EDGE_CURVE('',#1274,#1272,#627,.T.);
#1599=EDGE_CURVE('',#1275,#1273,#628,.T.);
#1600=EDGE_CURVE('',#1275,#1276,#814,.T.);
#1601=EDGE_CURVE('',#1276,#1274,#629,.T.);
#1602=EDGE_CURVE('',#1262,#1275,#630,.T.);
#1603=EDGE_CURVE('',#1264,#1276,#631,.T.);
#1604=EDGE_CURVE('',#1277,#1278,#632,.T.);
#1605=EDGE_CURVE('',#1277,#1279,#815,.T.);
#1606=EDGE_CURVE('',#1279,#1280,#633,.T.);
#1607=EDGE_CURVE('',#1278,#1280,#816,.T.);
#1608=EDGE_CURVE('',#1281,#1277,#634,.T.);
#1609=EDGE_CURVE('',#1281,#1282,#817,.T.);
#1610=EDGE_CURVE('',#1282,#1279,#635,.T.);
#1611=EDGE_CURVE('',#1283,#1281,#636,.T.);
#1612=EDGE_CURVE('',#1283,#1284,#818,.T.);
#1613=EDGE_CURVE('',#1284,#1282,#637,.T.);
#1614=EDGE_CURVE('',#1285,#1283,#638,.T.);
#1615=EDGE_CURVE('',#1285,#1286,#819,.T.);
#1616=EDGE_CURVE('',#1286,#1284,#639,.T.);
#1617=EDGE_CURVE('',#1287,#1285,#640,.T.);
#1618=EDGE_CURVE('',#1287,#1288,#820,.T.);
#1619=EDGE_CURVE('',#1288,#1286,#641,.T.);
#1620=EDGE_CURVE('',#1289,#1287,#642,.T.);
#1621=EDGE_CURVE('',#1289,#1290,#821,.T.);
#1622=EDGE_CURVE('',#1290,#1288,#643,.T.);
#1623=EDGE_CURVE('',#1291,#1289,#644,.T.);
#1624=EDGE_CURVE('',#1291,#1292,#822,.T.);
#1625=EDGE_CURVE('',#1292,#1290,#645,.T.);
#1626=EDGE_CURVE('',#1293,#1291,#646,.T.);
#1627=EDGE_CURVE('',#1293,#1294,#823,.T.);
#1628=EDGE_CURVE('',#1294,#1292,#647,.T.);
#1629=EDGE_CURVE('',#1295,#1293,#648,.T.);
#1630=EDGE_CURVE('',#1295,#1296,#824,.T.);
#1631=EDGE_CURVE('',#1296,#1294,#649,.T.);
#1632=EDGE_CURVE('',#1297,#1295,#650,.T.);
#1633=EDGE_CURVE('',#1297,#1298,#825,.T.);
#1634=EDGE_CURVE('',#1298,#1296,#651,.T.);
#1635=EDGE_CURVE('',#1299,#1297,#652,.T.);
#1636=EDGE_CURVE('',#1299,#1300,#826,.T.);
#1637=EDGE_CURVE('',#1300,#1298,#653,.T.);
#1638=EDGE_CURVE('',#1278,#1299,#654,.T.);
#1639=EDGE_CURVE('',#1280,#1300,#655,.T.);
#1640=EDGE_CURVE('',#1301,#1302,#827,.T.);
#1641=EDGE_CURVE('',#1301,#1303,#828,.T.);
#1642=EDGE_CURVE('',#1303,#1304,#829,.T.);
#1643=EDGE_CURVE('',#1302,#1304,#830,.T.);
#1644=EDGE_CURVE('',#1305,#1301,#831,.T.);
#1645=EDGE_CURVE('',#1305,#1306,#832,.T.);
#1646=EDGE_CURVE('',#1306,#1303,#833,.T.);
#1647=EDGE_CURVE('',#1307,#1305,#834,.T.);
#1648=EDGE_CURVE('',#1307,#1308,#835,.T.);
#1649=EDGE_CURVE('',#1308,#1306,#836,.T.);
#1650=EDGE_CURVE('',#1302,#1307,#837,.T.);
#1651=EDGE_CURVE('',#1304,#1308,#838,.T.);
#1652=EDGE_CURVE('',#1309,#1310,#656,.T.);
#1653=EDGE_CURVE('',#1309,#1311,#839,.T.);
#1654=EDGE_CURVE('',#1311,#1312,#657,.T.);
#1655=EDGE_CURVE('',#1310,#1312,#840,.T.);
#1656=EDGE_CURVE('',#1313,#1309,#658,.T.);
#1657=EDGE_CURVE('',#1313,#1314,#841,.T.);
#1658=EDGE_CURVE('',#1314,#1311,#659,.T.);
#1659=EDGE_CURVE('',#1315,#1313,#660,.T.);
#1660=EDGE_CURVE('',#1315,#1316,#842,.T.);
#1661=EDGE_CURVE('',#1316,#1314,#661,.T.);
#1662=EDGE_CURVE('',#1317,#1315,#662,.T.);
#1663=EDGE_CURVE('',#1317,#1318,#843,.T.);
#1664=EDGE_CURVE('',#1318,#1316,#663,.T.);
#1665=EDGE_CURVE('',#1319,#1317,#664,.T.);
#1666=EDGE_CURVE('',#1319,#1320,#844,.T.);
#1667=EDGE_CURVE('',#1320,#1318,#665,.T.);
#1668=EDGE_CURVE('',#1321,#1319,#666,.T.);
#1669=EDGE_CURVE('',#1321,#1322,#845,.T.);
#1670=EDGE_CURVE('',#1322,#1320,#667,.T.);
#1671=EDGE_CURVE('',#1323,#1321,#668,.T.);
#1672=EDGE_CURVE('',#1323,#1324,#846,.T.);
#1673=EDGE_CURVE('',#1324,#1322,#669,.T.);
#1674=EDGE_CURVE('',#1310,#1323,#670,.T.);
#1675=EDGE_CURVE('',#1312,#1324,#671,.T.);
#1676=EDGE_CURVE('',#1325,#1326,#672,.T.);
#1677=EDGE_CURVE('',#1325,#1327,#847,.T.);
#1678=EDGE_CURVE('',#1327,#1328,#673,.T.);
#1679=EDGE_CURVE('',#1326,#1328,#848,.T.);
#1680=EDGE_CURVE('',#1329,#1325,#674,.T.);
#1681=EDGE_CURVE('',#1329,#1330,#849,.T.);
#1682=EDGE_CURVE('',#1330,#1327,#675,.T.);
#1683=EDGE_CURVE('',#1331,#1329,#676,.T.);
#1684=EDGE_CURVE('',#1331,#1332,#850,.T.);
#1685=EDGE_CURVE('',#1332,#1330,#677,.T.);
#1686=EDGE_CURVE('',#1333,#1331,#678,.T.);
#1687=EDGE_CURVE('',#1333,#1334,#851,.T.);
#1688=EDGE_CURVE('',#1334,#1332,#679,.T.);
#1689=EDGE_CURVE('',#1335,#1333,#680,.T.);
#1690=EDGE_CURVE('',#1335,#1336,#852,.T.);
#1691=EDGE_CURVE('',#1336,#1334,#681,.T.);
#1692=EDGE_CURVE('',#1337,#1335,#682,.T.);
#1693=EDGE_CURVE('',#1337,#1338,#853,.T.);
#1694=EDGE_CURVE('',#1338,#1336,#683,.T.);
#1695=EDGE_CURVE('',#1339,#1337,#684,.T.);
#1696=EDGE_CURVE('',#1339,#1340,#854,.T.);
#1697=EDGE_CURVE('',#1340,#1338,#685,.T.);
#1698=EDGE_CURVE('',#1341,#1339,#686,.T.);
#1699=EDGE_CURVE('',#1341,#1342,#855,.T.);
#1700=EDGE_CURVE('',#1342,#1340,#687,.T.);
#1701=EDGE_CURVE('',#1326,#1341,#688,.T.);
#1702=EDGE_CURVE('',#1328,#1342,#689,.T.);
#1703=EDGE_CURVE('',#1343,#1344,#690,.T.);
#1704=EDGE_CURVE('',#1343,#1345,#856,.T.);
#1705=EDGE_CURVE('',#1345,#1346,#691,.T.);
#1706=EDGE_CURVE('',#1344,#1346,#857,.T.);
#1707=EDGE_CURVE('',#1347,#1343,#692,.T.);
#1708=EDGE_CURVE('',#1347,#1348,#858,.T.);
#1709=EDGE_CURVE('',#1348,#1345,#693,.T.);
#1710=EDGE_CURVE('',#1349,#1347,#694,.T.);
#1711=EDGE_CURVE('',#1349,#1350,#859,.T.);
#1712=EDGE_CURVE('',#1350,#1348,#695,.T.);
#1713=EDGE_CURVE('',#1351,#1349,#696,.T.);
#1714=EDGE_CURVE('',#1351,#1352,#860,.T.);
#1715=EDGE_CURVE('',#1352,#1350,#697,.T.);
#1716=EDGE_CURVE('',#1353,#1351,#698,.T.);
#1717=EDGE_CURVE('',#1353,#1354,#861,.T.);
#1718=EDGE_CURVE('',#1354,#1352,#699,.T.);
#1719=EDGE_CURVE('',#1355,#1353,#700,.T.);
#1720=EDGE_CURVE('',#1355,#1356,#862,.T.);
#1721=EDGE_CURVE('',#1356,#1354,#701,.T.);
#1722=EDGE_CURVE('',#1357,#1355,#702,.T.);
#1723=EDGE_CURVE('',#1357,#1358,#863,.T.);
#1724=EDGE_CURVE('',#1358,#1356,#703,.T.);
#1725=EDGE_CURVE('',#1359,#1357,#704,.T.);
#1726=EDGE_CURVE('',#1359,#1360,#864,.T.);
#1727=EDGE_CURVE('',#1360,#1358,#705,.T.);
#1728=EDGE_CURVE('',#1361,#1359,#706,.T.);
#1729=EDGE_CURVE('',#1361,#1362,#865,.T.);
#1730=EDGE_CURVE('',#1362,#1360,#707,.T.);
#1731=EDGE_CURVE('',#1363,#1361,#708,.T.);
#1732=EDGE_CURVE('',#1363,#1364,#866,.T.);
#1733=EDGE_CURVE('',#1364,#1362,#709,.T.);
#1734=EDGE_CURVE('',#1365,#1363,#710,.T.);
#1735=EDGE_CURVE('',#1365,#1366,#867,.T.);
#1736=EDGE_CURVE('',#1366,#1364,#711,.T.);
#1737=EDGE_CURVE('',#1367,#1365,#712,.T.);
#1738=EDGE_CURVE('',#1367,#1368,#868,.T.);
#1739=EDGE_CURVE('',#1368,#1366,#713,.T.);
#1740=EDGE_CURVE('',#1369,#1367,#714,.T.);
#1741=EDGE_CURVE('',#1369,#1370,#869,.T.);
#1742=EDGE_CURVE('',#1370,#1368,#715,.T.);
#1743=EDGE_CURVE('',#1371,#1369,#716,.T.);
#1744=EDGE_CURVE('',#1371,#1372,#870,.T.);
#1745=EDGE_CURVE('',#1372,#1370,#717,.T.);
#1746=EDGE_CURVE('',#1373,#1371,#718,.T.);
#1747=EDGE_CURVE('',#1373,#1374,#871,.T.);
#1748=EDGE_CURVE('',#1374,#1372,#719,.T.);
#1749=EDGE_CURVE('',#1344,#1373,#720,.T.);
#1750=EDGE_CURVE('',#1346,#1374,#721,.T.);
#1751=EDGE_CURVE('',#1375,#1376,#872,.T.);
#1752=EDGE_CURVE('',#1375,#1377,#873,.T.);
#1753=EDGE_CURVE('',#1377,#1378,#874,.T.);
#1754=EDGE_CURVE('',#1376,#1378,#875,.T.);
#1755=EDGE_CURVE('',#1379,#1375,#722,.T.);
#1756=EDGE_CURVE('',#1379,#1380,#876,.T.);
#1757=EDGE_CURVE('',#1380,#1377,#723,.T.);
#1758=EDGE_CURVE('',#1381,#1379,#724,.T.);
#1759=EDGE_CURVE('',#1381,#1382,#877,.T.);
#1760=EDGE_CURVE('',#1382,#1380,#725,.T.);
#1761=EDGE_CURVE('',#1383,#1381,#726,.T.);
#1762=EDGE_CURVE('',#1383,#1384,#878,.T.);
#1763=EDGE_CURVE('',#1384,#1382,#727,.T.);
#1764=EDGE_CURVE('',#1385,#1383,#728,.T.);
#1765=EDGE_CURVE('',#1385,#1386,#879,.T.);
#1766=EDGE_CURVE('',#1386,#1384,#729,.T.);
#1767=EDGE_CURVE('',#1387,#1385,#730,.T.);
#1768=EDGE_CURVE('',#1387,#1388,#880,.T.);
#1769=EDGE_CURVE('',#1388,#1386,#731,.T.);
#1770=EDGE_CURVE('',#1389,#1387,#881,.T.);
#1771=EDGE_CURVE('',#1389,#1390,#882,.T.);
#1772=EDGE_CURVE('',#1390,#1388,#883,.T.);
#1773=EDGE_CURVE('',#1376,#1389,#884,.T.);
#1774=EDGE_CURVE('',#1378,#1390,#885,.T.);
#1775=EDGE_CURVE('',#1391,#1392,#886,.T.);
#1776=EDGE_CURVE('',#1391,#1393,#887,.T.);
#1777=EDGE_CURVE('',#1393,#1394,#888,.T.);
#1778=EDGE_CURVE('',#1392,#1394,#889,.T.);
#1779=EDGE_CURVE('',#1395,#1391,#890,.T.);
#1780=EDGE_CURVE('',#1395,#1396,#891,.T.);
#1781=EDGE_CURVE('',#1396,#1393,#892,.T.);
#1782=EDGE_CURVE('',#1397,#1395,#732,.T.);
#1783=EDGE_CURVE('',#1397,#1398,#893,.T.);
#1784=EDGE_CURVE('',#1398,#1396,#733,.T.);
#1785=EDGE_CURVE('',#1399,#1397,#734,.T.);
#1786=EDGE_CURVE('',#1399,#1400,#894,.T.);
#1787=EDGE_CURVE('',#1400,#1398,#735,.T.);
#1788=EDGE_CURVE('',#1401,#1399,#736,.T.);
#1789=EDGE_CURVE('',#1401,#1402,#895,.T.);
#1790=EDGE_CURVE('',#1402,#1400,#737,.T.);
#1791=EDGE_CURVE('',#1403,#1401,#738,.T.);
#1792=EDGE_CURVE('',#1403,#1404,#896,.T.);
#1793=EDGE_CURVE('',#1404,#1402,#739,.T.);
#1794=EDGE_CURVE('',#1405,#1403,#897,.T.);
#1795=EDGE_CURVE('',#1405,#1406,#898,.T.);
#1796=EDGE_CURVE('',#1406,#1404,#899,.T.);
#1797=EDGE_CURVE('',#1407,#1405,#900,.T.);
#1798=EDGE_CURVE('',#1407,#1408,#901,.T.);
#1799=EDGE_CURVE('',#1408,#1406,#902,.T.);
#1800=EDGE_CURVE('',#1409,#1407,#903,.T.);
#1801=EDGE_CURVE('',#1409,#1410,#904,.T.);
#1802=EDGE_CURVE('',#1410,#1408,#905,.T.);
#1803=EDGE_CURVE('',#1411,#1409,#740,.T.);
#1804=EDGE_CURVE('',#1411,#1412,#906,.T.);
#1805=EDGE_CURVE('',#1412,#1410,#741,.T.);
#1806=EDGE_CURVE('',#1413,#1411,#742,.T.);
#1807=EDGE_CURVE('',#1413,#1414,#907,.T.);
#1808=EDGE_CURVE('',#1414,#1412,#743,.T.);
#1809=EDGE_CURVE('',#1415,#1413,#744,.T.);
#1810=EDGE_CURVE('',#1415,#1416,#908,.T.);
#1811=EDGE_CURVE('',#1416,#1414,#745,.T.);
#1812=EDGE_CURVE('',#1417,#1415,#746,.T.);
#1813=EDGE_CURVE('',#1417,#1418,#909,.T.);
#1814=EDGE_CURVE('',#1418,#1416,#747,.T.);
#1815=EDGE_CURVE('',#1419,#1417,#748,.T.);
#1816=EDGE_CURVE('',#1419,#1420,#910,.T.);
#1817=EDGE_CURVE('',#1420,#1418,#749,.T.);
#1818=EDGE_CURVE('',#1421,#1419,#750,.T.);
#1819=EDGE_CURVE('',#1421,#1422,#911,.T.);
#1820=EDGE_CURVE('',#1422,#1420,#751,.T.);
#1821=EDGE_CURVE('',#1423,#1421,#752,.T.);
#1822=EDGE_CURVE('',#1423,#1424,#912,.T.);
#1823=EDGE_CURVE('',#1424,#1422,#753,.T.);
#1824=EDGE_CURVE('',#1425,#1423,#913,.T.);
#1825=EDGE_CURVE('',#1425,#1426,#914,.T.);
#1826=EDGE_CURVE('',#1426,#1424,#915,.T.);
#1827=EDGE_CURVE('',#1427,#1425,#916,.T.);
#1828=EDGE_CURVE('',#1427,#1428,#917,.T.);
#1829=EDGE_CURVE('',#1428,#1426,#918,.T.);
#1830=EDGE_CURVE('',#1392,#1427,#919,.T.);
#1831=EDGE_CURVE('',#1394,#1428,#920,.T.);
#1832=EDGE_CURVE('',#1429,#1231,#921,.T.);
#1833=EDGE_CURVE('',#1429,#1244,#922,.T.);
#1834=EDGE_CURVE('',#1226,#1258,#923,.F.);
#1835=EDGE_CURVE('',#1430,#1430,#567,.T.);
#1836=EDGE_CURVE('',#1430,#1431,#924,.T.);
#1837=EDGE_CURVE('',#1431,#1431,#568,.T.);
#1838=EDGE_CURVE('',#1230,#1432,#925,.T.);
#1839=EDGE_CURVE('',#1432,#1429,#926,.T.);
#1840=EDGE_CURVE('',#1245,#1433,#754,.T.);
#1841=EDGE_CURVE('',#1433,#1434,#755,.T.);
#1842=EDGE_CURVE('',#1434,#1241,#756,.T.);
#1843=EDGE_CURVE('',#1433,#1432,#927,.T.);
#1844=EDGE_CURVE('',#1432,#1435,#928,.T.);
#1845=EDGE_CURVE('',#1435,#1434,#929,.T.);
#1846=EDGE_CURVE('',#1256,#1435,#930,.T.);
#1847=EDGE_CURVE('',#1436,#1436,#569,.T.);
#1848=EDGE_CURVE('',#1436,#1437,#931,.T.);
#1849=EDGE_CURVE('',#1437,#1437,#570,.T.);
#1850=EDGE_CURVE('',#1438,#1438,#571,.T.);
#1851=EDGE_CURVE('',#1438,#1439,#932,.T.);
#1852=EDGE_CURVE('',#1439,#1439,#572,.T.);
#1853=EDGE_CURVE('',#1440,#1440,#573,.T.);
#1854=EDGE_CURVE('',#1440,#1441,#933,.T.);
#1855=EDGE_CURVE('',#1441,#1441,#574,.T.);
#1856=EDGE_CURVE('',#1442,#1442,#575,.T.);
#1857=EDGE_CURVE('',#1442,#1443,#934,.T.);
#1858=EDGE_CURVE('',#1443,#1443,#576,.T.);
#1859=EDGE_CURVE('',#1444,#1444,#577,.T.);
#1860=EDGE_CURVE('',#1444,#1445,#935,.T.);
#1861=EDGE_CURVE('',#1445,#1445,#578,.T.);
#1862=EDGE_CURVE('',#1233,#1446,#936,.T.);
#1863=EDGE_CURVE('',#1446,#1446,#579,.T.);
#1864=EDGE_CURVE('',#1232,#1447,#937,.T.);
#1865=EDGE_CURVE('',#1447,#1447,#580,.T.);
#1866=EDGE_CURVE('',#1448,#1449,#938,.T.);
#1867=EDGE_CURVE('',#1450,#1448,#581,.T.);
#1868=EDGE_CURVE('',#1451,#1450,#939,.T.);
#1869=EDGE_CURVE('',#1449,#1451,#582,.T.);
#1870=EDGE_CURVE('',#1452,#1453,#583,.T.);
#1871=EDGE_CURVE('',#1452,#1450,#940,.T.);
#1872=EDGE_CURVE('',#1454,#1448,#757,.T.);
#1873=EDGE_CURVE('',#1454,#1455,#584,.T.);
#1874=EDGE_CURVE('',#1449,#1455,#758,.T.);
#1875=EDGE_CURVE('',#1453,#1451,#941,.T.);
#1876=EDGE_CURVE('',#1455,#1454,#942,.T.);
#1877=EDGE_CURVE('',#1456,#1453,#943,.T.);
#1878=EDGE_CURVE('',#1457,#1456,#944,.T.);
#1879=EDGE_CURVE('',#1458,#1457,#945,.T.);
#1880=EDGE_CURVE('',#1459,#1458,#946,.T.);
#1881=EDGE_CURVE('',#1452,#1459,#947,.T.);
#1882=EDGE_CURVE('',#1460,#1461,#948,.T.);
#1883=EDGE_CURVE('',#1460,#1458,#949,.T.);
#1884=EDGE_CURVE('',#1461,#1457,#950,.T.);
#1885=EDGE_CURVE('',#1462,#1460,#951,.T.);
#1886=EDGE_CURVE('',#1462,#1459,#952,.T.);
#1887=EDGE_CURVE('',#1463,#1462,#953,.T.);
#1888=EDGE_CURVE('',#1463,#1456,#954,.T.);
#1889=EDGE_CURVE('',#1461,#1463,#955,.T.);
#1890=EDGE_CURVE('',#1255,#1227,#956,.T.);
#1891=EDGE_CURVE('',#1464,#1229,#957,.T.);
#1892=EDGE_CURVE('',#1465,#1464,#958,.T.);
#1893=EDGE_CURVE('',#1466,#1465,#959,.T.);
#1894=EDGE_CURVE('',#1466,#1257,#960,.T.);
#1895=EDGE_CURVE('',#1254,#1467,#961,.T.);
#1896=EDGE_CURVE('',#1467,#1468,#962,.T.);
#1897=EDGE_CURVE('',#1468,#1469,#963,.T.);
#1898=EDGE_CURVE('',#1469,#1228,#964,.T.);
#1899=EDGE_CURVE('',#1464,#1469,#965,.T.);
#1900=EDGE_CURVE('',#1470,#1200,#585,.T.);
#1901=EDGE_CURVE('',#1471,#1470,#586,.T.);
#1902=EDGE_CURVE('',#1472,#1471,#587,.T.);
#1903=EDGE_CURVE('',#1199,#1472,#588,.T.);
#1904=EDGE_CURVE('',#1246,#1252,#966,.T.);
#1905=EDGE_CURVE('',#1467,#1466,#967,.T.);
#1906=EDGE_CURVE('',#1465,#1468,#968,.T.);
#1907=EDGE_CURVE('',#1473,#1473,#589,.T.);
#1908=EDGE_CURVE('',#1473,#1206,#969,.T.);
#1909=EDGE_CURVE('',#1471,#1221,#180,.T.);
#1910=EDGE_CURVE('',#1470,#1220,#759,.T.);
#1911=EDGE_CURVE('',#1472,#1185,#760,.T.);
#1912=EDGE_CURVE('',#1184,#1198,#761,.F.);
#1913=EDGE_CURVE('',#1253,#1474,#970,.T.);
#1914=EDGE_CURVE('',#1474,#1474,#590,.T.);
#1915=EDGE_CURVE('',#1474,#1473,#971,.T.);
#1916=EDGE_CURVE('',#1197,#1475,#762,.F.);
#1917=EDGE_CURVE('',#1196,#1475,#591,.T.);
#1918=EDGE_CURVE('',#1207,#1475,#763,.T.);
#1919=EDGE_CURVE('',#1196,#1203,#972,.T.);
#1920=ORIENTED_EDGE('',*,*,#1476,.F.);
#1921=ORIENTED_EDGE('',*,*,#1477,.F.);
#1922=ORIENTED_EDGE('',*,*,#1478,.F.);
#1923=ORIENTED_EDGE('',*,*,#1479,.T.);
#1924=ORIENTED_EDGE('',*,*,#1480,.F.);
#1925=ORIENTED_EDGE('',*,*,#1481,.F.);
#1926=ORIENTED_EDGE('',*,*,#1476,.T.);
#1927=ORIENTED_EDGE('',*,*,#1482,.T.);
#1928=ORIENTED_EDGE('',*,*,#1483,.F.);
#1929=ORIENTED_EDGE('',*,*,#1484,.F.);
#1930=ORIENTED_EDGE('',*,*,#1480,.T.);
#1931=ORIENTED_EDGE('',*,*,#1485,.T.);
#1932=ORIENTED_EDGE('',*,*,#1486,.F.);
#1933=ORIENTED_EDGE('',*,*,#1487,.F.);
#1934=ORIENTED_EDGE('',*,*,#1483,.T.);
#1935=ORIENTED_EDGE('',*,*,#1488,.T.);
#1936=ORIENTED_EDGE('',*,*,#1489,.F.);
#1937=ORIENTED_EDGE('',*,*,#1490,.F.);
#1938=ORIENTED_EDGE('',*,*,#1486,.T.);
#1939=ORIENTED_EDGE('',*,*,#1491,.T.);
#1940=ORIENTED_EDGE('',*,*,#1492,.F.);
#1941=ORIENTED_EDGE('',*,*,#1493,.F.);
#1942=ORIENTED_EDGE('',*,*,#1489,.T.);
#1943=ORIENTED_EDGE('',*,*,#1494,.T.);
#1944=ORIENTED_EDGE('',*,*,#1495,.F.);
#1945=ORIENTED_EDGE('',*,*,#1496,.F.);
#1946=ORIENTED_EDGE('',*,*,#1492,.T.);
#1947=ORIENTED_EDGE('',*,*,#1497,.T.);
#1948=ORIENTED_EDGE('',*,*,#1498,.F.);
#1949=ORIENTED_EDGE('',*,*,#1499,.T.);
#1950=ORIENTED_EDGE('',*,*,#1500,.T.);
#1951=ORIENTED_EDGE('',*,*,#1501,.F.);
#1952=ORIENTED_EDGE('',*,*,#1502,.T.);
#1953=ORIENTED_EDGE('',*,*,#1503,.T.);
#1954=ORIENTED_EDGE('',*,*,#1504,.T.);
#1955=ORIENTED_EDGE('',*,*,#1505,.F.);
#1956=ORIENTED_EDGE('',*,*,#1506,.F.);
#1957=ORIENTED_EDGE('',*,*,#1504,.F.);
#1958=ORIENTED_EDGE('',*,*,#1507,.T.);
#1959=ORIENTED_EDGE('',*,*,#1508,.F.);
#1960=ORIENTED_EDGE('',*,*,#1509,.F.);
#1961=ORIENTED_EDGE('',*,*,#1510,.T.);
#1962=ORIENTED_EDGE('',*,*,#1501,.T.);
#1963=ORIENTED_EDGE('',*,*,#1511,.F.);
#1964=ORIENTED_EDGE('',*,*,#1512,.F.);
#1965=ORIENTED_EDGE('',*,*,#1513,.T.);
#1966=ORIENTED_EDGE('',*,*,#1509,.T.);
#1967=ORIENTED_EDGE('',*,*,#1514,.F.);
#1968=ORIENTED_EDGE('',*,*,#1515,.F.);
#1969=ORIENTED_EDGE('',*,*,#1516,.T.);
#1970=ORIENTED_EDGE('',*,*,#1512,.T.);
#1971=ORIENTED_EDGE('',*,*,#1517,.F.);
#1972=ORIENTED_EDGE('',*,*,#1518,.F.);
#1973=ORIENTED_EDGE('',*,*,#1519,.T.);
#1974=ORIENTED_EDGE('',*,*,#1515,.T.);
#1975=ORIENTED_EDGE('',*,*,#1520,.F.);
#1976=ORIENTED_EDGE('',*,*,#1521,.F.);
#1977=ORIENTED_EDGE('',*,*,#1522,.T.);
#1978=ORIENTED_EDGE('',*,*,#1518,.T.);
#1979=ORIENTED_EDGE('',*,*,#1523,.F.);
#1980=ORIENTED_EDGE('',*,*,#1524,.F.);
#1981=ORIENTED_EDGE('',*,*,#1525,.T.);
#1982=ORIENTED_EDGE('',*,*,#1521,.T.);
#1983=ORIENTED_EDGE('',*,*,#1526,.F.);
#1984=ORIENTED_EDGE('',*,*,#1527,.F.);
#1985=ORIENTED_EDGE('',*,*,#1528,.T.);
#1986=ORIENTED_EDGE('',*,*,#1524,.T.);
#1987=ORIENTED_EDGE('',*,*,#1529,.F.);
#1988=ORIENTED_EDGE('',*,*,#1530,.F.);
#1989=ORIENTED_EDGE('',*,*,#1531,.F.);
#1990=ORIENTED_EDGE('',*,*,#1532,.T.);
#1991=ORIENTED_EDGE('',*,*,#1533,.T.);
#1992=ORIENTED_EDGE('',*,*,#1532,.F.);
#1993=ORIENTED_EDGE('',*,*,#1534,.F.);
#1994=ORIENTED_EDGE('',*,*,#1533,.F.);
#1995=ORIENTED_EDGE('',*,*,#1534,.T.);
#1996=ORIENTED_EDGE('',*,*,#1531,.T.);
#1997=ORIENTED_EDGE('',*,*,#1535,.F.);
#1998=ORIENTED_EDGE('',*,*,#1536,.T.);
#1999=ORIENTED_EDGE('',*,*,#1537,.T.);
#2000=ORIENTED_EDGE('',*,*,#1538,.T.);
#2001=ORIENTED_EDGE('',*,*,#1539,.T.);
#2002=ORIENTED_EDGE('',*,*,#1540,.F.);
#2003=ORIENTED_EDGE('',*,*,#1541,.F.);
#2004=ORIENTED_EDGE('',*,*,#1542,.T.);
#2005=ORIENTED_EDGE('',*,*,#1543,.T.);
#2006=ORIENTED_EDGE('',*,*,#1544,.F.);
#2007=ORIENTED_EDGE('',*,*,#1545,.T.);
#2008=ORIENTED_EDGE('',*,*,#1546,.T.);
#2009=ORIENTED_EDGE('',*,*,#1545,.F.);
#2010=ORIENTED_EDGE('',*,*,#1546,.F.);
#2011=ORIENTED_EDGE('',*,*,#1547,.T.);
#2012=ORIENTED_EDGE('',*,*,#1548,.T.);
#2013=ORIENTED_EDGE('',*,*,#1549,.T.);
#2014=ORIENTED_EDGE('',*,*,#1550,.T.);
#2015=ORIENTED_EDGE('',*,*,#1551,.T.);
#2016=ORIENTED_EDGE('',*,*,#1552,.T.);
#2017=ORIENTED_EDGE('',*,*,#1548,.F.);
#2018=ORIENTED_EDGE('',*,*,#1553,.F.);
#2019=ORIENTED_EDGE('',*,*,#1554,.F.);
#2020=ORIENTED_EDGE('',*,*,#1555,.F.);
#2021=ORIENTED_EDGE('',*,*,#1556,.F.);
#2022=ORIENTED_EDGE('',*,*,#1557,.F.);
#2023=ORIENTED_EDGE('',*,*,#1558,.F.);
#2024=ORIENTED_EDGE('',*,*,#1547,.F.);
#2025=ORIENTED_EDGE('',*,*,#1559,.T.);
#2026=ORIENTED_EDGE('',*,*,#1560,.T.);
#2027=ORIENTED_EDGE('',*,*,#1561,.T.);
#2028=ORIENTED_EDGE('',*,*,#1553,.T.);
#2029=ORIENTED_EDGE('',*,*,#1562,.T.);
#2030=ORIENTED_EDGE('',*,*,#1563,.T.);
#2031=ORIENTED_EDGE('',*,*,#1564,.T.);
#2032=ORIENTED_EDGE('',*,*,#1565,.F.);
#2033=ORIENTED_EDGE('',*,*,#1566,.F.);
#2034=ORIENTED_EDGE('',*,*,#1564,.F.);
#2035=ORIENTED_EDGE('',*,*,#1562,.F.);
#2036=ORIENTED_EDGE('',*,*,#1563,.F.);
#2037=ORIENTED_EDGE('',*,*,#1567,.T.);
#2038=ORIENTED_EDGE('',*,*,#1568,.F.);
#2039=ORIENTED_EDGE('',*,*,#1567,.F.);
#2040=ORIENTED_EDGE('',*,*,#1569,.T.);
#2041=ORIENTED_EDGE('',*,*,#1570,.T.);
#2042=ORIENTED_EDGE('',*,*,#1571,.T.);
#2043=ORIENTED_EDGE('',*,*,#1560,.F.);
#2044=ORIENTED_EDGE('',*,*,#1550,.F.);
#2045=ORIENTED_EDGE('',*,*,#1572,.T.);
#2046=ORIENTED_EDGE('',*,*,#1573,.F.);
#2047=ORIENTED_EDGE('',*,*,#1574,.F.);
#2048=ORIENTED_EDGE('',*,*,#1561,.F.);
#2049=ORIENTED_EDGE('',*,*,#1575,.T.);
#2050=ORIENTED_EDGE('',*,*,#1576,.T.);
#2051=ORIENTED_EDGE('',*,*,#1554,.T.);
#2052=ORIENTED_EDGE('',*,*,#1577,.F.);
#2053=ORIENTED_EDGE('',*,*,#1578,.T.);
#2054=ORIENTED_EDGE('',*,*,#1579,.T.);
#2055=ORIENTED_EDGE('',*,*,#1578,.F.);
#2056=ORIENTED_EDGE('',*,*,#1579,.F.);
#2057=ORIENTED_EDGE('',*,*,#1580,.F.);
#2058=ORIENTED_EDGE('',*,*,#1581,.T.);
#2059=ORIENTED_EDGE('',*,*,#1582,.T.);
#2060=ORIENTED_EDGE('',*,*,#1583,.F.);
#2061=ORIENTED_EDGE('',*,*,#1584,.F.);
#2062=ORIENTED_EDGE('',*,*,#1585,.T.);
#2063=ORIENTED_EDGE('',*,*,#1586,.T.);
#2064=ORIENTED_EDGE('',*,*,#1581,.F.);
#2065=ORIENTED_EDGE('',*,*,#1587,.F.);
#2066=ORIENTED_EDGE('',*,*,#1588,.T.);
#2067=ORIENTED_EDGE('',*,*,#1589,.T.);
#2068=ORIENTED_EDGE('',*,*,#1585,.F.);
#2069=ORIENTED_EDGE('',*,*,#1590,.F.);
#2070=ORIENTED_EDGE('',*,*,#1591,.T.);
#2071=ORIENTED_EDGE('',*,*,#1592,.T.);
#2072=ORIENTED_EDGE('',*,*,#1588,.F.);
#2073=ORIENTED_EDGE('',*,*,#1593,.F.);
#2074=ORIENTED_EDGE('',*,*,#1594,.T.);
#2075=ORIENTED_EDGE('',*,*,#1595,.T.);
#2076=ORIENTED_EDGE('',*,*,#1591,.F.);
#2077=ORIENTED_EDGE('',*,*,#1596,.F.);
#2078=ORIENTED_EDGE('',*,*,#1597,.T.);
#2079=ORIENTED_EDGE('',*,*,#1598,.T.);
#2080=ORIENTED_EDGE('',*,*,#1594,.F.);
#2081=ORIENTED_EDGE('',*,*,#1599,.F.);
#2082=ORIENTED_EDGE('',*,*,#1600,.T.);
#2083=ORIENTED_EDGE('',*,*,#1601,.T.);
#2084=ORIENTED_EDGE('',*,*,#1597,.F.);
#2085=ORIENTED_EDGE('',*,*,#1602,.F.);
#2086=ORIENTED_EDGE('',*,*,#1583,.T.);
#2087=ORIENTED_EDGE('',*,*,#1603,.T.);
#2088=ORIENTED_EDGE('',*,*,#1600,.F.);
#2089=ORIENTED_EDGE('',*,*,#1604,.F.);
#2090=ORIENTED_EDGE('',*,*,#1605,.T.);
#2091=ORIENTED_EDGE('',*,*,#1606,.T.);
#2092=ORIENTED_EDGE('',*,*,#1607,.F.);
#2093=ORIENTED_EDGE('',*,*,#1608,.F.);
#2094=ORIENTED_EDGE('',*,*,#1609,.T.);
#2095=ORIENTED_EDGE('',*,*,#1610,.T.);
#2096=ORIENTED_EDGE('',*,*,#1605,.F.);
#2097=ORIENTED_EDGE('',*,*,#1611,.F.);
#2098=ORIENTED_EDGE('',*,*,#1612,.T.);
#2099=ORIENTED_EDGE('',*,*,#1613,.T.);
#2100=ORIENTED_EDGE('',*,*,#1609,.F.);
#2101=ORIENTED_EDGE('',*,*,#1614,.F.);
#2102=ORIENTED_EDGE('',*,*,#1615,.T.);
#2103=ORIENTED_EDGE('',*,*,#1616,.T.);
#2104=ORIENTED_EDGE('',*,*,#1612,.F.);
#2105=ORIENTED_EDGE('',*,*,#1617,.F.);
#2106=ORIENTED_EDGE('',*,*,#1618,.T.);
#2107=ORIENTED_EDGE('',*,*,#1619,.T.);
#2108=ORIENTED_EDGE('',*,*,#1615,.F.);
#2109=ORIENTED_EDGE('',*,*,#1620,.F.);
#2110=ORIENTED_EDGE('',*,*,#1621,.T.);
#2111=ORIENTED_EDGE('',*,*,#1622,.T.);
#2112=ORIENTED_EDGE('',*,*,#1618,.F.);
#2113=ORIENTED_EDGE('',*,*,#1623,.F.);
#2114=ORIENTED_EDGE('',*,*,#1624,.T.);
#2115=ORIENTED_EDGE('',*,*,#1625,.T.);
#2116=ORIENTED_EDGE('',*,*,#1621,.F.);
#2117=ORIENTED_EDGE('',*,*,#1626,.F.);
#2118=ORIENTED_EDGE('',*,*,#1627,.T.);
#2119=ORIENTED_EDGE('',*,*,#1628,.T.);
#2120=ORIENTED_EDGE('',*,*,#1624,.F.);
#2121=ORIENTED_EDGE('',*,*,#1629,.F.);
#2122=ORIENTED_EDGE('',*,*,#1630,.T.);
#2123=ORIENTED_EDGE('',*,*,#1631,.T.);
#2124=ORIENTED_EDGE('',*,*,#1627,.F.);
#2125=ORIENTED_EDGE('',*,*,#1632,.F.);
#2126=ORIENTED_EDGE('',*,*,#1633,.T.);
#2127=ORIENTED_EDGE('',*,*,#1634,.T.);
#2128=ORIENTED_EDGE('',*,*,#1630,.F.);
#2129=ORIENTED_EDGE('',*,*,#1635,.F.);
#2130=ORIENTED_EDGE('',*,*,#1636,.T.);
#2131=ORIENTED_EDGE('',*,*,#1637,.T.);
#2132=ORIENTED_EDGE('',*,*,#1633,.F.);
#2133=ORIENTED_EDGE('',*,*,#1638,.F.);
#2134=ORIENTED_EDGE('',*,*,#1607,.T.);
#2135=ORIENTED_EDGE('',*,*,#1639,.T.);
#2136=ORIENTED_EDGE('',*,*,#1636,.F.);
#2137=ORIENTED_EDGE('',*,*,#1639,.F.);
#2138=ORIENTED_EDGE('',*,*,#1606,.F.);
#2139=ORIENTED_EDGE('',*,*,#1610,.F.);
#2140=ORIENTED_EDGE('',*,*,#1613,.F.);
#2141=ORIENTED_EDGE('',*,*,#1616,.F.);
#2142=ORIENTED_EDGE('',*,*,#1619,.F.);
#2143=ORIENTED_EDGE('',*,*,#1622,.F.);
#2144=ORIENTED_EDGE('',*,*,#1625,.F.);
#2145=ORIENTED_EDGE('',*,*,#1628,.F.);
#2146=ORIENTED_EDGE('',*,*,#1631,.F.);
#2147=ORIENTED_EDGE('',*,*,#1634,.F.);
#2148=ORIENTED_EDGE('',*,*,#1637,.F.);
#2149=ORIENTED_EDGE('',*,*,#1603,.F.);
#2150=ORIENTED_EDGE('',*,*,#1582,.F.);
#2151=ORIENTED_EDGE('',*,*,#1586,.F.);
#2152=ORIENTED_EDGE('',*,*,#1589,.F.);
#2153=ORIENTED_EDGE('',*,*,#1592,.F.);
#2154=ORIENTED_EDGE('',*,*,#1595,.F.);
#2155=ORIENTED_EDGE('',*,*,#1598,.F.);
#2156=ORIENTED_EDGE('',*,*,#1601,.F.);
#2157=ORIENTED_EDGE('',*,*,#1640,.F.);
#2158=ORIENTED_EDGE('',*,*,#1641,.T.);
#2159=ORIENTED_EDGE('',*,*,#1642,.T.);
#2160=ORIENTED_EDGE('',*,*,#1643,.F.);
#2161=ORIENTED_EDGE('',*,*,#1644,.F.);
#2162=ORIENTED_EDGE('',*,*,#1645,.T.);
#2163=ORIENTED_EDGE('',*,*,#1646,.T.);
#2164=ORIENTED_EDGE('',*,*,#1641,.F.);
#2165=ORIENTED_EDGE('',*,*,#1647,.F.);
#2166=ORIENTED_EDGE('',*,*,#1648,.T.);
#2167=ORIENTED_EDGE('',*,*,#1649,.T.);
#2168=ORIENTED_EDGE('',*,*,#1645,.F.);
#2169=ORIENTED_EDGE('',*,*,#1650,.F.);
#2170=ORIENTED_EDGE('',*,*,#1643,.T.);
#2171=ORIENTED_EDGE('',*,*,#1651,.T.);
#2172=ORIENTED_EDGE('',*,*,#1648,.F.);
#2173=ORIENTED_EDGE('',*,*,#1651,.F.);
#2174=ORIENTED_EDGE('',*,*,#1642,.F.);
#2175=ORIENTED_EDGE('',*,*,#1646,.F.);
#2176=ORIENTED_EDGE('',*,*,#1649,.F.);
#2177=ORIENTED_EDGE('',*,*,#1652,.F.);
#2178=ORIENTED_EDGE('',*,*,#1653,.T.);
#2179=ORIENTED_EDGE('',*,*,#1654,.T.);
#2180=ORIENTED_EDGE('',*,*,#1655,.F.);
#2181=ORIENTED_EDGE('',*,*,#1656,.F.);
#2182=ORIENTED_EDGE('',*,*,#1657,.T.);
#2183=ORIENTED_EDGE('',*,*,#1658,.T.);
#2184=ORIENTED_EDGE('',*,*,#1653,.F.);
#2185=ORIENTED_EDGE('',*,*,#1659,.F.);
#2186=ORIENTED_EDGE('',*,*,#1660,.T.);
#2187=ORIENTED_EDGE('',*,*,#1661,.T.);
#2188=ORIENTED_EDGE('',*,*,#1657,.F.);
#2189=ORIENTED_EDGE('',*,*,#1662,.F.);
#2190=ORIENTED_EDGE('',*,*,#1663,.T.);
#2191=ORIENTED_EDGE('',*,*,#1664,.T.);
#2192=ORIENTED_EDGE('',*,*,#1660,.F.);
#2193=ORIENTED_EDGE('',*,*,#1665,.F.);
#2194=ORIENTED_EDGE('',*,*,#1666,.T.);
#2195=ORIENTED_EDGE('',*,*,#1667,.T.);
#2196=ORIENTED_EDGE('',*,*,#1663,.F.);
#2197=ORIENTED_EDGE('',*,*,#1668,.F.);
#2198=ORIENTED_EDGE('',*,*,#1669,.T.);
#2199=ORIENTED_EDGE('',*,*,#1670,.T.);
#2200=ORIENTED_EDGE('',*,*,#1666,.F.);
#2201=ORIENTED_EDGE('',*,*,#1671,.F.);
#2202=ORIENTED_EDGE('',*,*,#1672,.T.);
#2203=ORIENTED_EDGE('',*,*,#1673,.T.);
#2204=ORIENTED_EDGE('',*,*,#1669,.F.);
#2205=ORIENTED_EDGE('',*,*,#1674,.F.);
#2206=ORIENTED_EDGE('',*,*,#1655,.T.);
#2207=ORIENTED_EDGE('',*,*,#1675,.T.);
#2208=ORIENTED_EDGE('',*,*,#1672,.F.);
#2209=ORIENTED_EDGE('',*,*,#1676,.F.);
#2210=ORIENTED_EDGE('',*,*,#1677,.T.);
#2211=ORIENTED_EDGE('',*,*,#1678,.T.);
#2212=ORIENTED_EDGE('',*,*,#1679,.F.);
#2213=ORIENTED_EDGE('',*,*,#1680,.F.);
#2214=ORIENTED_EDGE('',*,*,#1681,.T.);
#2215=ORIENTED_EDGE('',*,*,#1682,.T.);
#2216=ORIENTED_EDGE('',*,*,#1677,.F.);
#2217=ORIENTED_EDGE('',*,*,#1683,.F.);
#2218=ORIENTED_EDGE('',*,*,#1684,.T.);
#2219=ORIENTED_EDGE('',*,*,#1685,.T.);
#2220=ORIENTED_EDGE('',*,*,#1681,.F.);
#2221=ORIENTED_EDGE('',*,*,#1686,.F.);
#2222=ORIENTED_EDGE('',*,*,#1687,.T.);
#2223=ORIENTED_EDGE('',*,*,#1688,.T.);
#2224=ORIENTED_EDGE('',*,*,#1684,.F.);
#2225=ORIENTED_EDGE('',*,*,#1689,.F.);
#2226=ORIENTED_EDGE('',*,*,#1690,.T.);
#2227=ORIENTED_EDGE('',*,*,#1691,.T.);
#2228=ORIENTED_EDGE('',*,*,#1687,.F.);
#2229=ORIENTED_EDGE('',*,*,#1692,.F.);
#2230=ORIENTED_EDGE('',*,*,#1693,.T.);
#2231=ORIENTED_EDGE('',*,*,#1694,.T.);
#2232=ORIENTED_EDGE('',*,*,#1690,.F.);
#2233=ORIENTED_EDGE('',*,*,#1695,.F.);
#2234=ORIENTED_EDGE('',*,*,#1696,.T.);
#2235=ORIENTED_EDGE('',*,*,#1697,.T.);
#2236=ORIENTED_EDGE('',*,*,#1693,.F.);
#2237=ORIENTED_EDGE('',*,*,#1698,.F.);
#2238=ORIENTED_EDGE('',*,*,#1699,.T.);
#2239=ORIENTED_EDGE('',*,*,#1700,.T.);
#2240=ORIENTED_EDGE('',*,*,#1696,.F.);
#2241=ORIENTED_EDGE('',*,*,#1701,.F.);
#2242=ORIENTED_EDGE('',*,*,#1679,.T.);
#2243=ORIENTED_EDGE('',*,*,#1702,.T.);
#2244=ORIENTED_EDGE('',*,*,#1699,.F.);
#2245=ORIENTED_EDGE('',*,*,#1703,.F.);
#2246=ORIENTED_EDGE('',*,*,#1704,.T.);
#2247=ORIENTED_EDGE('',*,*,#1705,.T.);
#2248=ORIENTED_EDGE('',*,*,#1706,.F.);
#2249=ORIENTED_EDGE('',*,*,#1707,.F.);
#2250=ORIENTED_EDGE('',*,*,#1708,.T.);
#2251=ORIENTED_EDGE('',*,*,#1709,.T.);
#2252=ORIENTED_EDGE('',*,*,#1704,.F.);
#2253=ORIENTED_EDGE('',*,*,#1710,.F.);
#2254=ORIENTED_EDGE('',*,*,#1711,.T.);
#2255=ORIENTED_EDGE('',*,*,#1712,.T.);
#2256=ORIENTED_EDGE('',*,*,#1708,.F.);
#2257=ORIENTED_EDGE('',*,*,#1713,.F.);
#2258=ORIENTED_EDGE('',*,*,#1714,.T.);
#2259=ORIENTED_EDGE('',*,*,#1715,.T.);
#2260=ORIENTED_EDGE('',*,*,#1711,.F.);
#2261=ORIENTED_EDGE('',*,*,#1716,.F.);
#2262=ORIENTED_EDGE('',*,*,#1717,.T.);
#2263=ORIENTED_EDGE('',*,*,#1718,.T.);
#2264=ORIENTED_EDGE('',*,*,#1714,.F.);
#2265=ORIENTED_EDGE('',*,*,#1719,.F.);
#2266=ORIENTED_EDGE('',*,*,#1720,.T.);
#2267=ORIENTED_EDGE('',*,*,#1721,.T.);
#2268=ORIENTED_EDGE('',*,*,#1717,.F.);
#2269=ORIENTED_EDGE('',*,*,#1722,.F.);
#2270=ORIENTED_EDGE('',*,*,#1723,.T.);
#2271=ORIENTED_EDGE('',*,*,#1724,.T.);
#2272=ORIENTED_EDGE('',*,*,#1720,.F.);
#2273=ORIENTED_EDGE('',*,*,#1725,.F.);
#2274=ORIENTED_EDGE('',*,*,#1726,.T.);
#2275=ORIENTED_EDGE('',*,*,#1727,.T.);
#2276=ORIENTED_EDGE('',*,*,#1723,.F.);
#2277=ORIENTED_EDGE('',*,*,#1728,.F.);
#2278=ORIENTED_EDGE('',*,*,#1729,.T.);
#2279=ORIENTED_EDGE('',*,*,#1730,.T.);
#2280=ORIENTED_EDGE('',*,*,#1726,.F.);
#2281=ORIENTED_EDGE('',*,*,#1731,.F.);
#2282=ORIENTED_EDGE('',*,*,#1732,.T.);
#2283=ORIENTED_EDGE('',*,*,#1733,.T.);
#2284=ORIENTED_EDGE('',*,*,#1729,.F.);
#2285=ORIENTED_EDGE('',*,*,#1734,.F.);
#2286=ORIENTED_EDGE('',*,*,#1735,.T.);
#2287=ORIENTED_EDGE('',*,*,#1736,.T.);
#2288=ORIENTED_EDGE('',*,*,#1732,.F.);
#2289=ORIENTED_EDGE('',*,*,#1737,.F.);
#2290=ORIENTED_EDGE('',*,*,#1738,.T.);
#2291=ORIENTED_EDGE('',*,*,#1739,.T.);
#2292=ORIENTED_EDGE('',*,*,#1735,.F.);
#2293=ORIENTED_EDGE('',*,*,#1740,.F.);
#2294=ORIENTED_EDGE('',*,*,#1741,.T.);
#2295=ORIENTED_EDGE('',*,*,#1742,.T.);
#2296=ORIENTED_EDGE('',*,*,#1738,.F.);
#2297=ORIENTED_EDGE('',*,*,#1743,.F.);
#2298=ORIENTED_EDGE('',*,*,#1744,.T.);
#2299=ORIENTED_EDGE('',*,*,#1745,.T.);
#2300=ORIENTED_EDGE('',*,*,#1741,.F.);
#2301=ORIENTED_EDGE('',*,*,#1746,.F.);
#2302=ORIENTED_EDGE('',*,*,#1747,.T.);
#2303=ORIENTED_EDGE('',*,*,#1748,.T.);
#2304=ORIENTED_EDGE('',*,*,#1744,.F.);
#2305=ORIENTED_EDGE('',*,*,#1749,.F.);
#2306=ORIENTED_EDGE('',*,*,#1706,.T.);
#2307=ORIENTED_EDGE('',*,*,#1750,.T.);
#2308=ORIENTED_EDGE('',*,*,#1747,.F.);
#2309=ORIENTED_EDGE('',*,*,#1750,.F.);
#2310=ORIENTED_EDGE('',*,*,#1705,.F.);
#2311=ORIENTED_EDGE('',*,*,#1709,.F.);
#2312=ORIENTED_EDGE('',*,*,#1712,.F.);
#2313=ORIENTED_EDGE('',*,*,#1715,.F.);
#2314=ORIENTED_EDGE('',*,*,#1718,.F.);
#2315=ORIENTED_EDGE('',*,*,#1721,.F.);
#2316=ORIENTED_EDGE('',*,*,#1724,.F.);
#2317=ORIENTED_EDGE('',*,*,#1727,.F.);
#2318=ORIENTED_EDGE('',*,*,#1730,.F.);
#2319=ORIENTED_EDGE('',*,*,#1733,.F.);
#2320=ORIENTED_EDGE('',*,*,#1736,.F.);
#2321=ORIENTED_EDGE('',*,*,#1739,.F.);
#2322=ORIENTED_EDGE('',*,*,#1742,.F.);
#2323=ORIENTED_EDGE('',*,*,#1745,.F.);
#2324=ORIENTED_EDGE('',*,*,#1748,.F.);
#2325=ORIENTED_EDGE('',*,*,#1702,.F.);
#2326=ORIENTED_EDGE('',*,*,#1678,.F.);
#2327=ORIENTED_EDGE('',*,*,#1682,.F.);
#2328=ORIENTED_EDGE('',*,*,#1685,.F.);
#2329=ORIENTED_EDGE('',*,*,#1688,.F.);
#2330=ORIENTED_EDGE('',*,*,#1691,.F.);
#2331=ORIENTED_EDGE('',*,*,#1694,.F.);
#2332=ORIENTED_EDGE('',*,*,#1697,.F.);
#2333=ORIENTED_EDGE('',*,*,#1700,.F.);
#2334=ORIENTED_EDGE('',*,*,#1675,.F.);
#2335=ORIENTED_EDGE('',*,*,#1654,.F.);
#2336=ORIENTED_EDGE('',*,*,#1658,.F.);
#2337=ORIENTED_EDGE('',*,*,#1661,.F.);
#2338=ORIENTED_EDGE('',*,*,#1664,.F.);
#2339=ORIENTED_EDGE('',*,*,#1667,.F.);
#2340=ORIENTED_EDGE('',*,*,#1670,.F.);
#2341=ORIENTED_EDGE('',*,*,#1673,.F.);
#2342=ORIENTED_EDGE('',*,*,#1751,.F.);
#2343=ORIENTED_EDGE('',*,*,#1752,.T.);
#2344=ORIENTED_EDGE('',*,*,#1753,.T.);
#2345=ORIENTED_EDGE('',*,*,#1754,.F.);
#2346=ORIENTED_EDGE('',*,*,#1755,.F.);
#2347=ORIENTED_EDGE('',*,*,#1756,.T.);
#2348=ORIENTED_EDGE('',*,*,#1757,.T.);
#2349=ORIENTED_EDGE('',*,*,#1752,.F.);
#2350=ORIENTED_EDGE('',*,*,#1758,.F.);
#2351=ORIENTED_EDGE('',*,*,#1759,.T.);
#2352=ORIENTED_EDGE('',*,*,#1760,.T.);
#2353=ORIENTED_EDGE('',*,*,#1756,.F.);
#2354=ORIENTED_EDGE('',*,*,#1761,.F.);
#2355=ORIENTED_EDGE('',*,*,#1762,.T.);
#2356=ORIENTED_EDGE('',*,*,#1763,.T.);
#2357=ORIENTED_EDGE('',*,*,#1759,.F.);
#2358=ORIENTED_EDGE('',*,*,#1764,.F.);
#2359=ORIENTED_EDGE('',*,*,#1765,.T.);
#2360=ORIENTED_EDGE('',*,*,#1766,.T.);
#2361=ORIENTED_EDGE('',*,*,#1762,.F.);
#2362=ORIENTED_EDGE('',*,*,#1767,.F.);
#2363=ORIENTED_EDGE('',*,*,#1768,.T.);
#2364=ORIENTED_EDGE('',*,*,#1769,.T.);
#2365=ORIENTED_EDGE('',*,*,#1765,.F.);
#2366=ORIENTED_EDGE('',*,*,#1770,.F.);
#2367=ORIENTED_EDGE('',*,*,#1771,.T.);
#2368=ORIENTED_EDGE('',*,*,#1772,.T.);
#2369=ORIENTED_EDGE('',*,*,#1768,.F.);
#2370=ORIENTED_EDGE('',*,*,#1773,.F.);
#2371=ORIENTED_EDGE('',*,*,#1754,.T.);
#2372=ORIENTED_EDGE('',*,*,#1774,.T.);
#2373=ORIENTED_EDGE('',*,*,#1771,.F.);
#2374=ORIENTED_EDGE('',*,*,#1775,.F.);
#2375=ORIENTED_EDGE('',*,*,#1776,.T.);
#2376=ORIENTED_EDGE('',*,*,#1777,.T.);
#2377=ORIENTED_EDGE('',*,*,#1778,.F.);
#2378=ORIENTED_EDGE('',*,*,#1779,.F.);
#2379=ORIENTED_EDGE('',*,*,#1780,.T.);
#2380=ORIENTED_EDGE('',*,*,#1781,.T.);
#2381=ORIENTED_EDGE('',*,*,#1776,.F.);
#2382=ORIENTED_EDGE('',*,*,#1782,.F.);
#2383=ORIENTED_EDGE('',*,*,#1783,.T.);
#2384=ORIENTED_EDGE('',*,*,#1784,.T.);
#2385=ORIENTED_EDGE('',*,*,#1780,.F.);
#2386=ORIENTED_EDGE('',*,*,#1785,.F.);
#2387=ORIENTED_EDGE('',*,*,#1786,.T.);
#2388=ORIENTED_EDGE('',*,*,#1787,.T.);
#2389=ORIENTED_EDGE('',*,*,#1783,.F.);
#2390=ORIENTED_EDGE('',*,*,#1788,.F.);
#2391=ORIENTED_EDGE('',*,*,#1789,.T.);
#2392=ORIENTED_EDGE('',*,*,#1790,.T.);
#2393=ORIENTED_EDGE('',*,*,#1786,.F.);
#2394=ORIENTED_EDGE('',*,*,#1791,.F.);
#2395=ORIENTED_EDGE('',*,*,#1792,.T.);
#2396=ORIENTED_EDGE('',*,*,#1793,.T.);
#2397=ORIENTED_EDGE('',*,*,#1789,.F.);
#2398=ORIENTED_EDGE('',*,*,#1794,.F.);
#2399=ORIENTED_EDGE('',*,*,#1795,.T.);
#2400=ORIENTED_EDGE('',*,*,#1796,.T.);
#2401=ORIENTED_EDGE('',*,*,#1792,.F.);
#2402=ORIENTED_EDGE('',*,*,#1797,.F.);
#2403=ORIENTED_EDGE('',*,*,#1798,.T.);
#2404=ORIENTED_EDGE('',*,*,#1799,.T.);
#2405=ORIENTED_EDGE('',*,*,#1795,.F.);
#2406=ORIENTED_EDGE('',*,*,#1800,.F.);
#2407=ORIENTED_EDGE('',*,*,#1801,.T.);
#2408=ORIENTED_EDGE('',*,*,#1802,.T.);
#2409=ORIENTED_EDGE('',*,*,#1798,.F.);
#2410=ORIENTED_EDGE('',*,*,#1803,.F.);
#2411=ORIENTED_EDGE('',*,*,#1804,.T.);
#2412=ORIENTED_EDGE('',*,*,#1805,.T.);
#2413=ORIENTED_EDGE('',*,*,#1801,.F.);
#2414=ORIENTED_EDGE('',*,*,#1806,.F.);
#2415=ORIENTED_EDGE('',*,*,#1807,.T.);
#2416=ORIENTED_EDGE('',*,*,#1808,.T.);
#2417=ORIENTED_EDGE('',*,*,#1804,.F.);
#2418=ORIENTED_EDGE('',*,*,#1809,.F.);
#2419=ORIENTED_EDGE('',*,*,#1810,.T.);
#2420=ORIENTED_EDGE('',*,*,#1811,.T.);
#2421=ORIENTED_EDGE('',*,*,#1807,.F.);
#2422=ORIENTED_EDGE('',*,*,#1812,.F.);
#2423=ORIENTED_EDGE('',*,*,#1813,.T.);
#2424=ORIENTED_EDGE('',*,*,#1814,.T.);
#2425=ORIENTED_EDGE('',*,*,#1810,.F.);
#2426=ORIENTED_EDGE('',*,*,#1815,.F.);
#2427=ORIENTED_EDGE('',*,*,#1816,.T.);
#2428=ORIENTED_EDGE('',*,*,#1817,.T.);
#2429=ORIENTED_EDGE('',*,*,#1813,.F.);
#2430=ORIENTED_EDGE('',*,*,#1818,.F.);
#2431=ORIENTED_EDGE('',*,*,#1819,.T.);
#2432=ORIENTED_EDGE('',*,*,#1820,.T.);
#2433=ORIENTED_EDGE('',*,*,#1816,.F.);
#2434=ORIENTED_EDGE('',*,*,#1821,.F.);
#2435=ORIENTED_EDGE('',*,*,#1822,.T.);
#2436=ORIENTED_EDGE('',*,*,#1823,.T.);
#2437=ORIENTED_EDGE('',*,*,#1819,.F.);
#2438=ORIENTED_EDGE('',*,*,#1824,.F.);
#2439=ORIENTED_EDGE('',*,*,#1825,.T.);
#2440=ORIENTED_EDGE('',*,*,#1826,.T.);
#2441=ORIENTED_EDGE('',*,*,#1822,.F.);
#2442=ORIENTED_EDGE('',*,*,#1827,.F.);
#2443=ORIENTED_EDGE('',*,*,#1828,.T.);
#2444=ORIENTED_EDGE('',*,*,#1829,.T.);
#2445=ORIENTED_EDGE('',*,*,#1825,.F.);
#2446=ORIENTED_EDGE('',*,*,#1830,.F.);
#2447=ORIENTED_EDGE('',*,*,#1778,.T.);
#2448=ORIENTED_EDGE('',*,*,#1831,.T.);
#2449=ORIENTED_EDGE('',*,*,#1828,.F.);
#2450=ORIENTED_EDGE('',*,*,#1831,.F.);
#2451=ORIENTED_EDGE('',*,*,#1777,.F.);
#2452=ORIENTED_EDGE('',*,*,#1781,.F.);
#2453=ORIENTED_EDGE('',*,*,#1784,.F.);
#2454=ORIENTED_EDGE('',*,*,#1787,.F.);
#2455=ORIENTED_EDGE('',*,*,#1790,.F.);
#2456=ORIENTED_EDGE('',*,*,#1793,.F.);
#2457=ORIENTED_EDGE('',*,*,#1796,.F.);
#2458=ORIENTED_EDGE('',*,*,#1799,.F.);
#2459=ORIENTED_EDGE('',*,*,#1802,.F.);
#2460=ORIENTED_EDGE('',*,*,#1805,.F.);
#2461=ORIENTED_EDGE('',*,*,#1808,.F.);
#2462=ORIENTED_EDGE('',*,*,#1811,.F.);
#2463=ORIENTED_EDGE('',*,*,#1814,.F.);
#2464=ORIENTED_EDGE('',*,*,#1817,.F.);
#2465=ORIENTED_EDGE('',*,*,#1820,.F.);
#2466=ORIENTED_EDGE('',*,*,#1823,.F.);
#2467=ORIENTED_EDGE('',*,*,#1826,.F.);
#2468=ORIENTED_EDGE('',*,*,#1829,.F.);
#2469=ORIENTED_EDGE('',*,*,#1774,.F.);
#2470=ORIENTED_EDGE('',*,*,#1753,.F.);
#2471=ORIENTED_EDGE('',*,*,#1757,.F.);
#2472=ORIENTED_EDGE('',*,*,#1760,.F.);
#2473=ORIENTED_EDGE('',*,*,#1763,.F.);
#2474=ORIENTED_EDGE('',*,*,#1766,.F.);
#2475=ORIENTED_EDGE('',*,*,#1769,.F.);
#2476=ORIENTED_EDGE('',*,*,#1772,.F.);
#2477=ORIENTED_EDGE('',*,*,#1751,.T.);
#2478=ORIENTED_EDGE('',*,*,#1773,.T.);
#2479=ORIENTED_EDGE('',*,*,#1770,.T.);
#2480=ORIENTED_EDGE('',*,*,#1767,.T.);
#2481=ORIENTED_EDGE('',*,*,#1764,.T.);
#2482=ORIENTED_EDGE('',*,*,#1761,.T.);
#2483=ORIENTED_EDGE('',*,*,#1758,.T.);
#2484=ORIENTED_EDGE('',*,*,#1755,.T.);
#2485=ORIENTED_EDGE('',*,*,#1676,.T.);
#2486=ORIENTED_EDGE('',*,*,#1701,.T.);
#2487=ORIENTED_EDGE('',*,*,#1698,.T.);
#2488=ORIENTED_EDGE('',*,*,#1695,.T.);
#2489=ORIENTED_EDGE('',*,*,#1692,.T.);
#2490=ORIENTED_EDGE('',*,*,#1689,.T.);
#2491=ORIENTED_EDGE('',*,*,#1686,.T.);
#2492=ORIENTED_EDGE('',*,*,#1683,.T.);
#2493=ORIENTED_EDGE('',*,*,#1680,.T.);
#2494=ORIENTED_EDGE('',*,*,#1652,.T.);
#2495=ORIENTED_EDGE('',*,*,#1674,.T.);
#2496=ORIENTED_EDGE('',*,*,#1671,.T.);
#2497=ORIENTED_EDGE('',*,*,#1668,.T.);
#2498=ORIENTED_EDGE('',*,*,#1665,.T.);
#2499=ORIENTED_EDGE('',*,*,#1662,.T.);
#2500=ORIENTED_EDGE('',*,*,#1659,.T.);
#2501=ORIENTED_EDGE('',*,*,#1656,.T.);
#2502=ORIENTED_EDGE('',*,*,#1580,.T.);
#2503=ORIENTED_EDGE('',*,*,#1602,.T.);
#2504=ORIENTED_EDGE('',*,*,#1599,.T.);
#2505=ORIENTED_EDGE('',*,*,#1596,.T.);
#2506=ORIENTED_EDGE('',*,*,#1593,.T.);
#2507=ORIENTED_EDGE('',*,*,#1590,.T.);
#2508=ORIENTED_EDGE('',*,*,#1587,.T.);
#2509=ORIENTED_EDGE('',*,*,#1584,.T.);
#2510=ORIENTED_EDGE('',*,*,#1530,.T.);
#2511=ORIENTED_EDGE('',*,*,#1541,.T.);
#2512=ORIENTED_EDGE('',*,*,#1832,.F.);
#2513=ORIENTED_EDGE('',*,*,#1833,.T.);
#2514=ORIENTED_EDGE('',*,*,#1555,.T.);
#2515=ORIENTED_EDGE('',*,*,#1576,.F.);
#2516=ORIENTED_EDGE('',*,*,#1834,.F.);
#2517=ORIENTED_EDGE('',*,*,#1535,.T.);
#2518=ORIENTED_EDGE('',*,*,#1835,.F.);
#2519=ORIENTED_EDGE('',*,*,#1836,.T.);
#2520=ORIENTED_EDGE('',*,*,#1837,.F.);
#2521=ORIENTED_EDGE('',*,*,#1836,.F.);
#2522=ORIENTED_EDGE('',*,*,#1540,.T.);
#2523=ORIENTED_EDGE('',*,*,#1838,.T.);
#2524=ORIENTED_EDGE('',*,*,#1839,.T.);
#2525=ORIENTED_EDGE('',*,*,#1832,.T.);
#2526=ORIENTED_EDGE('',*,*,#1840,.T.);
#2527=ORIENTED_EDGE('',*,*,#1841,.T.);
#2528=ORIENTED_EDGE('',*,*,#1842,.T.);
#2529=ORIENTED_EDGE('',*,*,#1557,.T.);
#2530=ORIENTED_EDGE('',*,*,#1841,.F.);
#2531=ORIENTED_EDGE('',*,*,#1843,.T.);
#2532=ORIENTED_EDGE('',*,*,#1844,.T.);
#2533=ORIENTED_EDGE('',*,*,#1845,.T.);
#2534=ORIENTED_EDGE('',*,*,#1840,.F.);
#2535=ORIENTED_EDGE('',*,*,#1556,.T.);
#2536=ORIENTED_EDGE('',*,*,#1833,.F.);
#2537=ORIENTED_EDGE('',*,*,#1839,.F.);
#2538=ORIENTED_EDGE('',*,*,#1843,.F.);
#2539=ORIENTED_EDGE('',*,*,#1835,.T.);
#2540=ORIENTED_EDGE('',*,*,#1842,.F.);
#2541=ORIENTED_EDGE('',*,*,#1845,.F.);
#2542=ORIENTED_EDGE('',*,*,#1846,.F.);
#2543=ORIENTED_EDGE('',*,*,#1572,.F.);
#2544=ORIENTED_EDGE('',*,*,#1549,.F.);
#2545=ORIENTED_EDGE('',*,*,#1552,.F.);
#2546=ORIENTED_EDGE('',*,*,#1837,.T.);
#2547=ORIENTED_EDGE('',*,*,#1847,.F.);
#2548=ORIENTED_EDGE('',*,*,#1848,.T.);
#2549=ORIENTED_EDGE('',*,*,#1849,.T.);
#2550=ORIENTED_EDGE('',*,*,#1848,.F.);
#2551=ORIENTED_EDGE('',*,*,#1849,.F.);
#2552=ORIENTED_EDGE('',*,*,#1850,.F.);
#2553=ORIENTED_EDGE('',*,*,#1851,.T.);
#2554=ORIENTED_EDGE('',*,*,#1852,.T.);
#2555=ORIENTED_EDGE('',*,*,#1851,.F.);
#2556=ORIENTED_EDGE('',*,*,#1852,.F.);
#2557=ORIENTED_EDGE('',*,*,#1853,.F.);
#2558=ORIENTED_EDGE('',*,*,#1854,.T.);
#2559=ORIENTED_EDGE('',*,*,#1855,.T.);
#2560=ORIENTED_EDGE('',*,*,#1854,.F.);
#2561=ORIENTED_EDGE('',*,*,#1855,.F.);
#2562=ORIENTED_EDGE('',*,*,#1856,.F.);
#2563=ORIENTED_EDGE('',*,*,#1857,.T.);
#2564=ORIENTED_EDGE('',*,*,#1858,.F.);
#2565=ORIENTED_EDGE('',*,*,#1857,.F.);
#2566=ORIENTED_EDGE('',*,*,#1859,.F.);
#2567=ORIENTED_EDGE('',*,*,#1860,.T.);
#2568=ORIENTED_EDGE('',*,*,#1861,.F.);
#2569=ORIENTED_EDGE('',*,*,#1860,.F.);
#2570=ORIENTED_EDGE('',*,*,#1543,.F.);
#2571=ORIENTED_EDGE('',*,*,#1862,.T.);
#2572=ORIENTED_EDGE('',*,*,#1863,.F.);
#2573=ORIENTED_EDGE('',*,*,#1862,.F.);
#2574=ORIENTED_EDGE('',*,*,#1542,.F.);
#2575=ORIENTED_EDGE('',*,*,#1864,.T.);
#2576=ORIENTED_EDGE('',*,*,#1865,.F.);
#2577=ORIENTED_EDGE('',*,*,#1864,.F.);
#2578=ORIENTED_EDGE('',*,*,#1866,.F.);
#2579=ORIENTED_EDGE('',*,*,#1867,.F.);
#2580=ORIENTED_EDGE('',*,*,#1868,.F.);
#2581=ORIENTED_EDGE('',*,*,#1869,.F.);
#2582=ORIENTED_EDGE('',*,*,#1870,.F.);
#2583=ORIENTED_EDGE('',*,*,#1871,.T.);
#2584=ORIENTED_EDGE('',*,*,#1867,.T.);
#2585=ORIENTED_EDGE('',*,*,#1872,.F.);
#2586=ORIENTED_EDGE('',*,*,#1873,.T.);
#2587=ORIENTED_EDGE('',*,*,#1874,.F.);
#2588=ORIENTED_EDGE('',*,*,#1869,.T.);
#2589=ORIENTED_EDGE('',*,*,#1875,.F.);
#2590=ORIENTED_EDGE('',*,*,#1876,.F.);
#2591=ORIENTED_EDGE('',*,*,#1873,.F.);
#2592=ORIENTED_EDGE('',*,*,#1870,.T.);
#2593=ORIENTED_EDGE('',*,*,#1877,.F.);
#2594=ORIENTED_EDGE('',*,*,#1878,.F.);
#2595=ORIENTED_EDGE('',*,*,#1879,.F.);
#2596=ORIENTED_EDGE('',*,*,#1880,.F.);
#2597=ORIENTED_EDGE('',*,*,#1881,.F.);
#2598=ORIENTED_EDGE('',*,*,#1882,.F.);
#2599=ORIENTED_EDGE('',*,*,#1883,.T.);
#2600=ORIENTED_EDGE('',*,*,#1879,.T.);
#2601=ORIENTED_EDGE('',*,*,#1884,.F.);
#2602=ORIENTED_EDGE('',*,*,#1863,.T.);
#2603=ORIENTED_EDGE('',*,*,#1865,.T.);
#2604=ORIENTED_EDGE('',*,*,#1885,.F.);
#2605=ORIENTED_EDGE('',*,*,#1886,.T.);
#2606=ORIENTED_EDGE('',*,*,#1880,.T.);
#2607=ORIENTED_EDGE('',*,*,#1883,.F.);
#2608=ORIENTED_EDGE('',*,*,#1881,.T.);
#2609=ORIENTED_EDGE('',*,*,#1886,.F.);
#2610=ORIENTED_EDGE('',*,*,#1887,.F.);
#2611=ORIENTED_EDGE('',*,*,#1888,.T.);
#2612=ORIENTED_EDGE('',*,*,#1877,.T.);
#2613=ORIENTED_EDGE('',*,*,#1875,.T.);
#2614=ORIENTED_EDGE('',*,*,#1868,.T.);
#2615=ORIENTED_EDGE('',*,*,#1871,.F.);
#2616=ORIENTED_EDGE('',*,*,#1856,.T.);
#2617=ORIENTED_EDGE('',*,*,#1859,.T.);
#2618=ORIENTED_EDGE('',*,*,#1889,.F.);
#2619=ORIENTED_EDGE('',*,*,#1884,.T.);
#2620=ORIENTED_EDGE('',*,*,#1878,.T.);
#2621=ORIENTED_EDGE('',*,*,#1888,.F.);
#2622=ORIENTED_EDGE('',*,*,#1571,.F.);
#2623=ORIENTED_EDGE('',*,*,#1890,.T.);
#2624=ORIENTED_EDGE('',*,*,#1536,.F.);
#2625=ORIENTED_EDGE('',*,*,#1834,.T.);
#2626=ORIENTED_EDGE('',*,*,#1575,.F.);
#2627=ORIENTED_EDGE('',*,*,#1844,.F.);
#2628=ORIENTED_EDGE('',*,*,#1838,.F.);
#2629=ORIENTED_EDGE('',*,*,#1539,.F.);
#2630=ORIENTED_EDGE('',*,*,#1891,.F.);
#2631=ORIENTED_EDGE('',*,*,#1892,.F.);
#2632=ORIENTED_EDGE('',*,*,#1893,.F.);
#2633=ORIENTED_EDGE('',*,*,#1894,.T.);
#2634=ORIENTED_EDGE('',*,*,#1573,.T.);
#2635=ORIENTED_EDGE('',*,*,#1846,.T.);
#2636=ORIENTED_EDGE('',*,*,#1775,.T.);
#2637=ORIENTED_EDGE('',*,*,#1830,.T.);
#2638=ORIENTED_EDGE('',*,*,#1827,.T.);
#2639=ORIENTED_EDGE('',*,*,#1824,.T.);
#2640=ORIENTED_EDGE('',*,*,#1821,.T.);
#2641=ORIENTED_EDGE('',*,*,#1818,.T.);
#2642=ORIENTED_EDGE('',*,*,#1815,.T.);
#2643=ORIENTED_EDGE('',*,*,#1812,.T.);
#2644=ORIENTED_EDGE('',*,*,#1809,.T.);
#2645=ORIENTED_EDGE('',*,*,#1806,.T.);
#2646=ORIENTED_EDGE('',*,*,#1803,.T.);
#2647=ORIENTED_EDGE('',*,*,#1800,.T.);
#2648=ORIENTED_EDGE('',*,*,#1797,.T.);
#2649=ORIENTED_EDGE('',*,*,#1794,.T.);
#2650=ORIENTED_EDGE('',*,*,#1791,.T.);
#2651=ORIENTED_EDGE('',*,*,#1788,.T.);
#2652=ORIENTED_EDGE('',*,*,#1785,.T.);
#2653=ORIENTED_EDGE('',*,*,#1782,.T.);
#2654=ORIENTED_EDGE('',*,*,#1779,.T.);
#2655=ORIENTED_EDGE('',*,*,#1703,.T.);
#2656=ORIENTED_EDGE('',*,*,#1749,.T.);
#2657=ORIENTED_EDGE('',*,*,#1746,.T.);
#2658=ORIENTED_EDGE('',*,*,#1743,.T.);
#2659=ORIENTED_EDGE('',*,*,#1740,.T.);
#2660=ORIENTED_EDGE('',*,*,#1737,.T.);
#2661=ORIENTED_EDGE('',*,*,#1734,.T.);
#2662=ORIENTED_EDGE('',*,*,#1731,.T.);
#2663=ORIENTED_EDGE('',*,*,#1728,.T.);
#2664=ORIENTED_EDGE('',*,*,#1725,.T.);
#2665=ORIENTED_EDGE('',*,*,#1722,.T.);
#2666=ORIENTED_EDGE('',*,*,#1719,.T.);
#2667=ORIENTED_EDGE('',*,*,#1716,.T.);
#2668=ORIENTED_EDGE('',*,*,#1713,.T.);
#2669=ORIENTED_EDGE('',*,*,#1710,.T.);
#2670=ORIENTED_EDGE('',*,*,#1707,.T.);
#2671=ORIENTED_EDGE('',*,*,#1640,.T.);
#2672=ORIENTED_EDGE('',*,*,#1650,.T.);
#2673=ORIENTED_EDGE('',*,*,#1647,.T.);
#2674=ORIENTED_EDGE('',*,*,#1644,.T.);
#2675=ORIENTED_EDGE('',*,*,#1604,.T.);
#2676=ORIENTED_EDGE('',*,*,#1638,.T.);
#2677=ORIENTED_EDGE('',*,*,#1635,.T.);
#2678=ORIENTED_EDGE('',*,*,#1632,.T.);
#2679=ORIENTED_EDGE('',*,*,#1629,.T.);
#2680=ORIENTED_EDGE('',*,*,#1626,.T.);
#2681=ORIENTED_EDGE('',*,*,#1623,.T.);
#2682=ORIENTED_EDGE('',*,*,#1620,.T.);
#2683=ORIENTED_EDGE('',*,*,#1617,.T.);
#2684=ORIENTED_EDGE('',*,*,#1614,.T.);
#2685=ORIENTED_EDGE('',*,*,#1611,.T.);
#2686=ORIENTED_EDGE('',*,*,#1608,.T.);
#2687=ORIENTED_EDGE('',*,*,#1570,.F.);
#2688=ORIENTED_EDGE('',*,*,#1895,.T.);
#2689=ORIENTED_EDGE('',*,*,#1896,.T.);
#2690=ORIENTED_EDGE('',*,*,#1897,.T.);
#2691=ORIENTED_EDGE('',*,*,#1898,.T.);
#2692=ORIENTED_EDGE('',*,*,#1537,.F.);
#2693=ORIENTED_EDGE('',*,*,#1890,.F.);
#2694=ORIENTED_EDGE('',*,*,#1544,.T.);
#2695=ORIENTED_EDGE('',*,*,#1882,.T.);
#2696=ORIENTED_EDGE('',*,*,#1889,.T.);
#2697=ORIENTED_EDGE('',*,*,#1887,.T.);
#2698=ORIENTED_EDGE('',*,*,#1885,.T.);
#2699=ORIENTED_EDGE('',*,*,#1899,.F.);
#2700=ORIENTED_EDGE('',*,*,#1891,.T.);
#2701=ORIENTED_EDGE('',*,*,#1538,.F.);
#2702=ORIENTED_EDGE('',*,*,#1898,.F.);
#2703=ORIENTED_EDGE('',*,*,#1500,.F.);
#2704=ORIENTED_EDGE('',*,*,#1900,.F.);
#2705=ORIENTED_EDGE('',*,*,#1901,.F.);
#2706=ORIENTED_EDGE('',*,*,#1902,.F.);
#2707=ORIENTED_EDGE('',*,*,#1903,.F.);
#2708=ORIENTED_EDGE('',*,*,#1558,.T.);
#2709=ORIENTED_EDGE('',*,*,#1904,.T.);
#2710=ORIENTED_EDGE('',*,*,#1565,.T.);
#2711=ORIENTED_EDGE('',*,*,#1566,.T.);
#2712=ORIENTED_EDGE('',*,*,#1904,.F.);
#2713=ORIENTED_EDGE('',*,*,#1874,.T.);
#2714=ORIENTED_EDGE('',*,*,#1876,.T.);
#2715=ORIENTED_EDGE('',*,*,#1872,.T.);
#2716=ORIENTED_EDGE('',*,*,#1866,.T.);
#2717=ORIENTED_EDGE('',*,*,#1551,.F.);
#2718=ORIENTED_EDGE('',*,*,#1574,.T.);
#2719=ORIENTED_EDGE('',*,*,#1894,.F.);
#2720=ORIENTED_EDGE('',*,*,#1905,.F.);
#2721=ORIENTED_EDGE('',*,*,#1895,.F.);
#2722=ORIENTED_EDGE('',*,*,#1569,.F.);
#2723=ORIENTED_EDGE('',*,*,#1559,.F.);
#2724=ORIENTED_EDGE('',*,*,#1858,.T.);
#2725=ORIENTED_EDGE('',*,*,#1861,.T.);
#2726=ORIENTED_EDGE('',*,*,#1892,.T.);
#2727=ORIENTED_EDGE('',*,*,#1899,.T.);
#2728=ORIENTED_EDGE('',*,*,#1897,.F.);
#2729=ORIENTED_EDGE('',*,*,#1906,.F.);
#2730=ORIENTED_EDGE('',*,*,#1847,.T.);
#2731=ORIENTED_EDGE('',*,*,#1850,.T.);
#2732=ORIENTED_EDGE('',*,*,#1853,.T.);
#2733=ORIENTED_EDGE('',*,*,#1905,.T.);
#2734=ORIENTED_EDGE('',*,*,#1893,.T.);
#2735=ORIENTED_EDGE('',*,*,#1906,.T.);
#2736=ORIENTED_EDGE('',*,*,#1896,.F.);
#2737=ORIENTED_EDGE('',*,*,#1577,.T.);
#2738=ORIENTED_EDGE('',*,*,#1907,.F.);
#2739=ORIENTED_EDGE('',*,*,#1908,.T.);
#2740=ORIENTED_EDGE('',*,*,#1505,.T.);
#2741=ORIENTED_EDGE('',*,*,#1506,.T.);
#2742=ORIENTED_EDGE('',*,*,#1908,.F.);
#2743=ORIENTED_EDGE('',*,*,#1527,.T.);
#2744=ORIENTED_EDGE('',*,*,#1909,.F.);
#2745=ORIENTED_EDGE('',*,*,#1901,.T.);
#2746=ORIENTED_EDGE('',*,*,#1910,.T.);
#2747=ORIENTED_EDGE('',*,*,#1498,.T.);
#2748=ORIENTED_EDGE('',*,*,#1903,.T.);
#2749=ORIENTED_EDGE('',*,*,#1911,.T.);
#2750=ORIENTED_EDGE('',*,*,#1478,.T.);
#2751=ORIENTED_EDGE('',*,*,#1912,.T.);
#2752=ORIENTED_EDGE('',*,*,#1568,.T.);
#2753=ORIENTED_EDGE('',*,*,#1913,.T.);
#2754=ORIENTED_EDGE('',*,*,#1914,.F.);
#2755=ORIENTED_EDGE('',*,*,#1913,.F.);
#2756=ORIENTED_EDGE('',*,*,#1914,.T.);
#2757=ORIENTED_EDGE('',*,*,#1915,.T.);
#2758=ORIENTED_EDGE('',*,*,#1907,.T.);
#2759=ORIENTED_EDGE('',*,*,#1915,.F.);
#2760=ORIENTED_EDGE('',*,*,#1495,.T.);
#2761=ORIENTED_EDGE('',*,*,#1916,.T.);
#2762=ORIENTED_EDGE('',*,*,#1917,.F.);
#2763=ORIENTED_EDGE('',*,*,#1918,.T.);
#2764=ORIENTED_EDGE('',*,*,#1916,.F.);
#2765=ORIENTED_EDGE('',*,*,#1497,.F.);
#2766=ORIENTED_EDGE('',*,*,#1494,.F.);
#2767=ORIENTED_EDGE('',*,*,#1491,.F.);
#2768=ORIENTED_EDGE('',*,*,#1488,.F.);
#2769=ORIENTED_EDGE('',*,*,#1485,.F.);
#2770=ORIENTED_EDGE('',*,*,#1482,.F.);
#2771=ORIENTED_EDGE('',*,*,#1479,.F.);
#2772=ORIENTED_EDGE('',*,*,#1911,.F.);
#2773=ORIENTED_EDGE('',*,*,#1902,.T.);
#2774=ORIENTED_EDGE('',*,*,#1909,.T.);
#2775=ORIENTED_EDGE('',*,*,#1529,.T.);
#2776=ORIENTED_EDGE('',*,*,#1526,.T.);
#2777=ORIENTED_EDGE('',*,*,#1523,.T.);
#2778=ORIENTED_EDGE('',*,*,#1520,.T.);
#2779=ORIENTED_EDGE('',*,*,#1517,.T.);
#2780=ORIENTED_EDGE('',*,*,#1514,.T.);
#2781=ORIENTED_EDGE('',*,*,#1511,.T.);
#2782=ORIENTED_EDGE('',*,*,#1508,.T.);
#2783=ORIENTED_EDGE('',*,*,#1910,.F.);
#2784=ORIENTED_EDGE('',*,*,#1900,.T.);
#2785=ORIENTED_EDGE('',*,*,#1499,.F.);
#2786=ORIENTED_EDGE('',*,*,#1912,.F.);
#2787=ORIENTED_EDGE('',*,*,#1477,.T.);
#2788=ORIENTED_EDGE('',*,*,#1481,.T.);
#2789=ORIENTED_EDGE('',*,*,#1484,.T.);
#2790=ORIENTED_EDGE('',*,*,#1487,.T.);
#2791=ORIENTED_EDGE('',*,*,#1490,.T.);
#2792=ORIENTED_EDGE('',*,*,#1493,.T.);
#2793=ORIENTED_EDGE('',*,*,#1496,.T.);
#2794=ORIENTED_EDGE('',*,*,#1919,.T.);
#2795=ORIENTED_EDGE('',*,*,#1502,.F.);
#2796=ORIENTED_EDGE('',*,*,#1510,.F.);
#2797=ORIENTED_EDGE('',*,*,#1513,.F.);
#2798=ORIENTED_EDGE('',*,*,#1516,.F.);
#2799=ORIENTED_EDGE('',*,*,#1519,.F.);
#2800=ORIENTED_EDGE('',*,*,#1522,.F.);
#2801=ORIENTED_EDGE('',*,*,#1525,.F.);
#2802=ORIENTED_EDGE('',*,*,#1528,.F.);
#2803=ORIENTED_EDGE('',*,*,#1918,.F.);
#2804=ORIENTED_EDGE('',*,*,#1507,.F.);
#2805=ORIENTED_EDGE('',*,*,#1503,.F.);
#2806=ORIENTED_EDGE('',*,*,#1919,.F.);
#2807=ORIENTED_EDGE('',*,*,#1917,.T.);
#2808=CYLINDRICAL_SURFACE('',#3022,4.5);
#2809=CYLINDRICAL_SURFACE('',#3024,4.5);
#2810=CYLINDRICAL_SURFACE('',#3025,4.5);
#2811=CYLINDRICAL_SURFACE('',#3026,4.5);
#2812=CYLINDRICAL_SURFACE('',#3027,4.5);
#2813=CYLINDRICAL_SURFACE('',#3028,4.5);
#2814=CYLINDRICAL_SURFACE('',#3029,4.5);
#2815=CYLINDRICAL_SURFACE('',#3032,5.041265875);
#2816=CYLINDRICAL_SURFACE('',#3037,5.041265875);
#2817=CYLINDRICAL_SURFACE('',#3038,5.041265875);
#2818=CYLINDRICAL_SURFACE('',#3039,5.041265875);
#2819=CYLINDRICAL_SURFACE('',#3040,5.041265875);
#2820=CYLINDRICAL_SURFACE('',#3041,5.041265875);
#2821=CYLINDRICAL_SURFACE('',#3042,5.041265875);
#2822=CYLINDRICAL_SURFACE('',#3043,5.041265875);
#2823=CYLINDRICAL_SURFACE('',#3044,2.5);
#2824=CYLINDRICAL_SURFACE('',#3053,2.4);
#2825=CYLINDRICAL_SURFACE('',#3062,2.);
#2826=CYLINDRICAL_SURFACE('',#3070,2.1);
#2827=CYLINDRICAL_SURFACE('',#3072,2.);
#2828=CYLINDRICAL_SURFACE('',#3074,30.8159333623654);
#2829=CYLINDRICAL_SURFACE('',#3078,3.05);
#2830=CYLINDRICAL_SURFACE('',#3106,1.7);
#2831=CYLINDRICAL_SURFACE('',#3113,2.4);
#2832=CYLINDRICAL_SURFACE('',#3117,2.4);
#2833=CYLINDRICAL_SURFACE('',#3121,2.4);
#2834=CYLINDRICAL_SURFACE('',#3125,0.85);
#2835=CYLINDRICAL_SURFACE('',#3128,0.85);
#2836=CYLINDRICAL_SURFACE('',#3131,1.1);
#2837=CYLINDRICAL_SURFACE('',#3133,1.1);
#2838=CYLINDRICAL_SURFACE('',#3138,2.9);
#2839=CYLINDRICAL_SURFACE('',#3155,1.125);
#2840=CYLINDRICAL_SURFACE('',#3161,5.041265875);
#2841=CYLINDRICAL_SURFACE('',#3165,4.5);
#2842=CYLINDRICAL_SURFACE('',#3166,4.5);
#2843=ADVANCED_FACE('',(#186),#2808,.F.);
#2844=ADVANCED_FACE('',(#187),#2809,.F.);
#2845=ADVANCED_FACE('',(#188),#2810,.F.);
#2846=ADVANCED_FACE('',(#189),#2811,.F.);
#2847=ADVANCED_FACE('',(#190),#2812,.F.);
#2848=ADVANCED_FACE('',(#191),#2813,.F.);
#2849=ADVANCED_FACE('',(#192),#2814,.F.);
#2850=ADVANCED_FACE('',(#193),#181,.F.);
#2851=ADVANCED_FACE('',(#194),#2815,.F.);
#2852=ADVANCED_FACE('',(#195),#2816,.F.);
#2853=ADVANCED_FACE('',(#196),#2817,.F.);
#2854=ADVANCED_FACE('',(#197),#2818,.F.);
#2855=ADVANCED_FACE('',(#198),#2819,.F.);
#2856=ADVANCED_FACE('',(#199),#2820,.F.);
#2857=ADVANCED_FACE('',(#200),#2821,.F.);
#2858=ADVANCED_FACE('',(#201),#2822,.F.);
#2859=ADVANCED_FACE('',(#202),#2823,.F.);
#2860=ADVANCED_FACE('',(#203),#115,.T.);
#2861=ADVANCED_FACE('',(#204,#88,#89),#116,.T.);
#2862=ADVANCED_FACE('',(#205),#2824,.F.);
#2863=ADVANCED_FACE('',(#206),#117,.T.);
#2864=ADVANCED_FACE('',(#207),#118,.T.);
#2865=ADVANCED_FACE('',(#208,#90),#119,.F.);
#2866=ADVANCED_FACE('',(#209),#2825,.T.);
#2867=ADVANCED_FACE('',(#210),#87,.F.);
#2868=ADVANCED_FACE('',(#211),#2826,.F.);
#2869=ADVANCED_FACE('',(#212),#2827,.T.);
#2870=ADVANCED_FACE('',(#213),#2828,.F.);
#2871=ADVANCED_FACE('',(#214),#120,.T.);
#2872=ADVANCED_FACE('',(#215),#2829,.F.);
#2873=ADVANCED_FACE('',(#216),#121,.T.);
#2874=ADVANCED_FACE('',(#217),#17,.F.);
#2875=ADVANCED_FACE('',(#218),#18,.F.);
#2876=ADVANCED_FACE('',(#219),#19,.F.);
#2877=ADVANCED_FACE('',(#220),#20,.F.);
#2878=ADVANCED_FACE('',(#221),#21,.F.);
#2879=ADVANCED_FACE('',(#222),#22,.F.);
#2880=ADVANCED_FACE('',(#223),#23,.F.);
#2881=ADVANCED_FACE('',(#224),#24,.F.);
#2882=ADVANCED_FACE('',(#225),#25,.F.);
#2883=ADVANCED_FACE('',(#226),#26,.F.);
#2884=ADVANCED_FACE('',(#227),#27,.F.);
#2885=ADVANCED_FACE('',(#228),#28,.F.);
#2886=ADVANCED_FACE('',(#229),#29,.F.);
#2887=ADVANCED_FACE('',(#230),#30,.F.);
#2888=ADVANCED_FACE('',(#231),#31,.F.);
#2889=ADVANCED_FACE('',(#232),#32,.F.);
#2890=ADVANCED_FACE('',(#233),#33,.F.);
#2891=ADVANCED_FACE('',(#234),#34,.F.);
#2892=ADVANCED_FACE('',(#235),#35,.F.);
#2893=ADVANCED_FACE('',(#236),#36,.F.);
#2894=ADVANCED_FACE('',(#237,#91),#122,.T.);
#2895=ADVANCED_FACE('',(#238),#123,.F.);
#2896=ADVANCED_FACE('',(#239),#124,.F.);
#2897=ADVANCED_FACE('',(#240),#125,.F.);
#2898=ADVANCED_FACE('',(#241),#126,.F.);
#2899=ADVANCED_FACE('',(#242),#127,.F.);
#2900=ADVANCED_FACE('',(#243),#37,.F.);
#2901=ADVANCED_FACE('',(#244),#38,.F.);
#2902=ADVANCED_FACE('',(#245),#39,.F.);
#2903=ADVANCED_FACE('',(#246),#40,.F.);
#2904=ADVANCED_FACE('',(#247),#41,.F.);
#2905=ADVANCED_FACE('',(#248),#42,.F.);
#2906=ADVANCED_FACE('',(#249),#43,.F.);
#2907=ADVANCED_FACE('',(#250),#44,.F.);
#2908=ADVANCED_FACE('',(#251),#45,.F.);
#2909=ADVANCED_FACE('',(#252),#46,.F.);
#2910=ADVANCED_FACE('',(#253),#47,.F.);
#2911=ADVANCED_FACE('',(#254),#48,.F.);
#2912=ADVANCED_FACE('',(#255),#49,.F.);
#2913=ADVANCED_FACE('',(#256),#50,.F.);
#2914=ADVANCED_FACE('',(#257),#51,.F.);
#2915=ADVANCED_FACE('',(#258),#52,.F.);
#2916=ADVANCED_FACE('',(#259),#53,.F.);
#2917=ADVANCED_FACE('',(#260),#54,.F.);
#2918=ADVANCED_FACE('',(#261),#55,.F.);
#2919=ADVANCED_FACE('',(#262),#56,.F.);
#2920=ADVANCED_FACE('',(#263),#57,.F.);
#2921=ADVANCED_FACE('',(#264),#58,.F.);
#2922=ADVANCED_FACE('',(#265),#59,.F.);
#2923=ADVANCED_FACE('',(#266),#60,.F.);
#2924=ADVANCED_FACE('',(#267),#61,.F.);
#2925=ADVANCED_FACE('',(#268),#62,.F.);
#2926=ADVANCED_FACE('',(#269),#63,.F.);
#2927=ADVANCED_FACE('',(#270),#64,.F.);
#2928=ADVANCED_FACE('',(#271),#65,.F.);
#2929=ADVANCED_FACE('',(#272),#66,.F.);
#2930=ADVANCED_FACE('',(#273),#67,.F.);
#2931=ADVANCED_FACE('',(#274),#68,.F.);
#2932=ADVANCED_FACE('',(#275),#69,.F.);
#2933=ADVANCED_FACE('',(#276,#92,#93),#128,.T.);
#2934=ADVANCED_FACE('',(#277),#129,.F.);
#2935=ADVANCED_FACE('',(#278),#70,.F.);
#2936=ADVANCED_FACE('',(#279),#71,.F.);
#2937=ADVANCED_FACE('',(#280),#72,.F.);
#2938=ADVANCED_FACE('',(#281),#73,.F.);
#2939=ADVANCED_FACE('',(#282),#74,.F.);
#2940=ADVANCED_FACE('',(#283),#130,.F.);
#2941=ADVANCED_FACE('',(#284),#131,.F.);
#2942=ADVANCED_FACE('',(#285),#132,.F.);
#2943=ADVANCED_FACE('',(#286),#133,.F.);
#2944=ADVANCED_FACE('',(#287),#75,.F.);
#2945=ADVANCED_FACE('',(#288),#76,.F.);
#2946=ADVANCED_FACE('',(#289),#77,.F.);
#2947=ADVANCED_FACE('',(#290),#78,.F.);
#2948=ADVANCED_FACE('',(#291),#134,.F.);
#2949=ADVANCED_FACE('',(#292),#135,.F.);
#2950=ADVANCED_FACE('',(#293),#136,.F.);
#2951=ADVANCED_FACE('',(#294),#79,.F.);
#2952=ADVANCED_FACE('',(#295),#80,.F.);
#2953=ADVANCED_FACE('',(#296),#81,.F.);
#2954=ADVANCED_FACE('',(#297),#82,.F.);
#2955=ADVANCED_FACE('',(#298),#83,.F.);
#2956=ADVANCED_FACE('',(#299),#84,.F.);
#2957=ADVANCED_FACE('',(#300),#85,.F.);
#2958=ADVANCED_FACE('',(#301),#137,.F.);
#2959=ADVANCED_FACE('',(#302),#138,.F.);
#2960=ADVANCED_FACE('',(#303),#139,.F.);
#2961=ADVANCED_FACE('',(#304,#94),#140,.T.);
#2962=ADVANCED_FACE('',(#305),#141,.T.);
#2963=ADVANCED_FACE('',(#306),#142,.T.);
#2964=ADVANCED_FACE('',(#307),#143,.T.);
#2965=ADVANCED_FACE('',(#308),#144,.T.);
#2966=ADVANCED_FACE('',(#309),#145,.T.);
#2967=ADVANCED_FACE('',(#310),#2830,.F.);
#2968=ADVANCED_FACE('',(#311),#146,.T.);
#2969=ADVANCED_FACE('',(#312),#86,.T.);
#2970=ADVANCED_FACE('',(#313),#147,.T.);
#2971=ADVANCED_FACE('',(#314,#95),#148,.T.);
#2972=ADVANCED_FACE('',(#315,#96),#149,.T.);
#2973=ADVANCED_FACE('',(#316),#2831,.F.);
#2974=ADVANCED_FACE('',(#317),#150,.T.);
#2975=ADVANCED_FACE('',(#318),#2832,.F.);
#2976=ADVANCED_FACE('',(#319),#151,.T.);
#2977=ADVANCED_FACE('',(#320),#2833,.F.);
#2978=ADVANCED_FACE('',(#321),#152,.T.);
#2979=ADVANCED_FACE('',(#322),#2834,.F.);
#2980=ADVANCED_FACE('',(#323),#2835,.F.);
#2981=ADVANCED_FACE('',(#324),#2836,.F.);
#2982=ADVANCED_FACE('',(#325),#2837,.F.);
#2983=ADVANCED_FACE('',(#326),#153,.T.);
#2984=ADVANCED_FACE('',(#327),#2838,.F.);
#2985=ADVANCED_FACE('',(#328),#154,.T.);
#2986=ADVANCED_FACE('',(#329),#155,.F.);
#2987=ADVANCED_FACE('',(#330,#97,#98),#156,.F.);
#2988=ADVANCED_FACE('',(#331),#157,.F.);
#2989=ADVANCED_FACE('',(#332,#99,#100),#158,.F.);
#2990=ADVANCED_FACE('',(#333),#159,.F.);
#2991=ADVANCED_FACE('',(#334),#160,.F.);
#2992=ADVANCED_FACE('',(#335,#101,#102,#103,#104),#161,.T.);
#2993=ADVANCED_FACE('',(#336,#105,#106),#162,.T.);
#2994=ADVANCED_FACE('',(#337,#107),#163,.T.);
#2995=ADVANCED_FACE('',(#338,#108),#2839,.F.);
#2996=ADVANCED_FACE('',(#339,#109,#110),#164,.T.);
#2997=ADVANCED_FACE('',(#340,#111,#112,#113),#165,.F.);
#2998=ADVANCED_FACE('',(#341,#114),#166,.T.);
#2999=ADVANCED_FACE('',(#342),#182,.F.);
#3000=ADVANCED_FACE('',(#343),#2840,.F.);
#3001=ADVANCED_FACE('',(#344),#183,.F.);
#3002=ADVANCED_FACE('',(#345),#184,.F.);
#3003=ADVANCED_FACE('',(#346),#2841,.F.);
#3004=ADVANCED_FACE('',(#347),#2842,.F.);
#3005=ADVANCED_FACE('',(#348),#15,.T.);
#3006=ADVANCED_FACE('',(#349),#16,.T.);
#3007=ADVANCED_FACE('',(#350),#185,.F.);
#3008=CLOSED_SHELL('',(#2843,#2844,#2845,#2846,#2847,#2848,#2849,#2850,
#2851,#2852,#2853,#2854,#2855,#2856,#2857,#2858,#2859,#2860,#2861,#2862,
#2863,#2864,#2865,#2866,#2867,#2868,#2869,#2870,#2871,#2872,#2873,#2874,
#2875,#2876,#2877,#2878,#2879,#2880,#2881,#2882,#2883,#2884,#2885,#2886,
#2887,#2888,#2889,#2890,#2891,#2892,#2893,#2894,#2895,#2896,#2897,#2898,
#2899,#2900,#2901,#2902,#2903,#2904,#2905,#2906,#2907,#2908,#2909,#2910,
#2911,#2912,#2913,#2914,#2915,#2916,#2917,#2918,#2919,#2920,#2921,#2922,
#2923,#2924,#2925,#2926,#2927,#2928,#2929,#2930,#2931,#2932,#2933,#2934,
#2935,#2936,#2937,#2938,#2939,#2940,#2941,#2942,#2943,#2944,#2945,#2946,
#2947,#2948,#2949,#2950,#2951,#2952,#2953,#2954,#2955,#2956,#2957,#2958,
#2959,#2960,#2961,#2962,#2963,#2964,#2965,#2966,#2967,#2968,#2969,#2970,
#2971,#2972,#2973,#2974,#2975,#2976,#2977,#2978,#2979,#2980,#2981,#2982,
#2983,#2984,#2985,#2986,#2987,#2988,#2989,#2990,#2991,#2992,#2993,#2994,
#2995,#2996,#2997,#2998,#2999,#3000,#3001,#3002,#3003,#3004,#3005,#3006,
#3007));
#3009=DERIVED_UNIT_ELEMENT(#3011,1.);
#3010=DERIVED_UNIT_ELEMENT(#7321,-3.);
#3011=(
MASS_UNIT()
NAMED_UNIT(*)
SI_UNIT(.KILO.,.GRAM.)
);
#3012=DERIVED_UNIT((#3009,#3010));
#3013=MEASURE_REPRESENTATION_ITEM('density measure',
POSITIVE_RATIO_MEASURE(7850.),#3012);
#3014=PROPERTY_DEFINITION_REPRESENTATION(#3019,#3016);
#3015=PROPERTY_DEFINITION_REPRESENTATION(#3020,#3017);
#3016=REPRESENTATION('material name',(#3018),#7318);
#3017=REPRESENTATION('density',(#3013),#7318);
#3018=DESCRIPTIVE_REPRESENTATION_ITEM('Steel','Steel');
#3019=PROPERTY_DEFINITION('material property','material name',#7328);
#3020=PROPERTY_DEFINITION('material property','density of part',#7328);
#3021=AXIS2_PLACEMENT_3D('',#3674,#3169,#3170);
#3022=AXIS2_PLACEMENT_3D('',#3675,#3171,#3172);
#3023=AXIS2_PLACEMENT_3D('',#3709,#3174,#3175);
#3024=AXIS2_PLACEMENT_3D('',#3730,#3176,#3177);
#3025=AXIS2_PLACEMENT_3D('',#3806,#3179,#3180);
#3026=AXIS2_PLACEMENT_3D('',#3882,#3182,#3183);
#3027=AXIS2_PLACEMENT_3D('',#3958,#3185,#3186);
#3028=AXIS2_PLACEMENT_3D('',#4034,#3188,#3189);
#3029=AXIS2_PLACEMENT_3D('',#4110,#3191,#3192);
#3030=AXIS2_PLACEMENT_3D('',#4186,#3194,#3195);
#3031=AXIS2_PLACEMENT_3D('',#4217,#3197,#3198);
#3032=AXIS2_PLACEMENT_3D('',#4218,#3199,#3200);
#3033=AXIS2_PLACEMENT_3D('',#4244,#3202,#3203);
#3034=AXIS2_PLACEMENT_3D('',#4248,#3205,#3206);
#3035=AXIS2_PLACEMENT_3D('',#4249,#3207,#3208);
#3036=AXIS2_PLACEMENT_3D('',#4251,#3209,#3210);
#3037=AXIS2_PLACEMENT_3D('',#4259,#3211,#3212);
#3038=AXIS2_PLACEMENT_3D('',#4316,#3214,#3215);
#3039=AXIS2_PLACEMENT_3D('',#4373,#3217,#3218);
#3040=AXIS2_PLACEMENT_3D('',#4430,#3220,#3221);
#3041=AXIS2_PLACEMENT_3D('',#4487,#3223,#3224);
#3042=AXIS2_PLACEMENT_3D('',#4544,#3226,#3227);
#3043=AXIS2_PLACEMENT_3D('',#4601,#3229,#3230);
#3044=AXIS2_PLACEMENT_3D('',#4658,#3232,#3233);
#3045=AXIS2_PLACEMENT_3D('',#4661,#3234,#3235);
#3046=AXIS2_PLACEMENT_3D('',#4663,#3236,#3237);
#3047=AXIS2_PLACEMENT_3D('',#4666,#3239,#3240);
#3048=AXIS2_PLACEMENT_3D('',#4667,#3241,#3242);
#3049=AXIS2_PLACEMENT_3D('',#4668,#3243,#3244);
#3050=AXIS2_PLACEMENT_3D('',#4669,#3245,#3246);
#3051=AXIS2_PLACEMENT_3D('',#4684,#3254,#3255);
#3052=AXIS2_PLACEMENT_3D('',#4686,#3256,#3257);
#3053=AXIS2_PLACEMENT_3D('',#4687,#3258,#3259);
#3054=AXIS2_PLACEMENT_3D('',#4689,#3260,#3261);
#3055=AXIS2_PLACEMENT_3D('',#4692,#3263,#3264);
#3056=AXIS2_PLACEMENT_3D('',#4693,#3265,#3266);
#3057=AXIS2_PLACEMENT_3D('',#4694,#3267,#3268);
#3058=AXIS2_PLACEMENT_3D('',#4697,#3269,#3270);
#3059=AXIS2_PLACEMENT_3D('',#4705,#3275,#3276);
#3060=AXIS2_PLACEMENT_3D('',#4709,#3278,#3279);
#3061=AXIS2_PLACEMENT_3D('',#4721,#3283,#3284);
#3062=AXIS2_PLACEMENT_3D('',#4722,#3285,#3286);
#3063=AXIS2_PLACEMENT_3D('',#4726,#3288,#3289);
#3064=AXIS2_PLACEMENT_3D('',#4728,#3291,#3292);
#3065=AXIS2_PLACEMENT_3D('',#4731,#3293,#3294);
#3066=AXIS2_PLACEMENT_3D('',#4732,#3295,#3296);
#3067=AXIS2_PLACEMENT_3D('',#4734,#3297,#3298);
#3068=AXIS2_PLACEMENT_3D('',#4736,#3299,#3300);
#3069=AXIS2_PLACEMENT_3D('',#4737,#3301,#3302);
#3070=AXIS2_PLACEMENT_3D('',#4738,#3303,#3304);
#3071=AXIS2_PLACEMENT_3D('',#4741,#3306,#3307);
#3072=AXIS2_PLACEMENT_3D('',#4742,#3308,#3309);
#3073=AXIS2_PLACEMENT_3D('',#4746,#3311,#3312);
#3074=AXIS2_PLACEMENT_3D('',#4748,#3314,#3315);
#3075=AXIS2_PLACEMENT_3D('',#4750,#3316,#3317);
#3076=AXIS2_PLACEMENT_3D('',#4753,#3319,#3320);
#3077=AXIS2_PLACEMENT_3D('',#4754,#3321,#3322);
#3078=AXIS2_PLACEMENT_3D('',#4758,#3325,#3326);
#3079=AXIS2_PLACEMENT_3D('',#4760,#3327,#3328);
#3080=AXIS2_PLACEMENT_3D('',#4763,#3330,#3331);
#3081=AXIS2_PLACEMENT_3D('',#4764,#3332,#3333);
#3082=AXIS2_PLACEMENT_3D('',#5225,#3354,#3355);
#3083=AXIS2_PLACEMENT_3D('',#5226,#3356,#3357);
#3084=AXIS2_PLACEMENT_3D('',#5235,#3362,#3363);
#3085=AXIS2_PLACEMENT_3D('',#5241,#3367,#3368);
#3086=AXIS2_PLACEMENT_3D('',#5247,#3372,#3373);
#3087=AXIS2_PLACEMENT_3D('',#5250,#3376,#3377);
#3088=AXIS2_PLACEMENT_3D('',#6010,#3411,#3412);
#3089=AXIS2_PLACEMENT_3D('',#6011,#3413,#3414);
#3090=AXIS2_PLACEMENT_3D('',#6135,#3424,#3425);
#3091=AXIS2_PLACEMENT_3D('',#6141,#3429,#3430);
#3092=AXIS2_PLACEMENT_3D('',#6144,#3433,#3434);
#3093=AXIS2_PLACEMENT_3D('',#6153,#3439,#3440);
#3094=AXIS2_PLACEMENT_3D('',#6251,#3448,#3449);
#3095=AXIS2_PLACEMENT_3D('',#6257,#3453,#3454);
#3096=AXIS2_PLACEMENT_3D('',#6263,#3458,#3459);
#3097=AXIS2_PLACEMENT_3D('',#6430,#3470,#3471);
#3098=AXIS2_PLACEMENT_3D('',#6436,#3475,#3476);
#3099=AXIS2_PLACEMENT_3D('',#6442,#3480,#3481);
#3100=AXIS2_PLACEMENT_3D('',#6445,#3484,#3485);
#3101=AXIS2_PLACEMENT_3D('',#6446,#3486,#3487);
#3102=AXIS2_PLACEMENT_3D('',#6447,#3488,#3489);
#3103=AXIS2_PLACEMENT_3D('',#6448,#3490,#3491);
#3104=AXIS2_PLACEMENT_3D('',#6449,#3492,#3493);
#3105=AXIS2_PLACEMENT_3D('',#6450,#3494,#3495);
#3106=AXIS2_PLACEMENT_3D('',#6455,#3499,#3500);
#3107=AXIS2_PLACEMENT_3D('',#6457,#3501,#3502);
#3108=AXIS2_PLACEMENT_3D('',#6460,#3504,#3505);
#3109=AXIS2_PLACEMENT_3D('',#6461,#3506,#3507);
#3110=AXIS2_PLACEMENT_3D('',#6543,#3510,#3511);
#3111=AXIS2_PLACEMENT_3D('',#6548,#3515,#3516);
#3112=AXIS2_PLACEMENT_3D('',#6549,#3517,#3518);
#3113=AXIS2_PLACEMENT_3D('',#6551,#3520,#3521);
#3114=AXIS2_PLACEMENT_3D('',#6553,#3522,#3523);
#3115=AXIS2_PLACEMENT_3D('',#6556,#3525,#3526);
#3116=AXIS2_PLACEMENT_3D('',#6557,#3527,#3528);
#3117=AXIS2_PLACEMENT_3D('',#6558,#3529,#3530);
#3118=AXIS2_PLACEMENT_3D('',#6560,#3531,#3532);
#3119=AXIS2_PLACEMENT_3D('',#6563,#3534,#3535);
#3120=AXIS2_PLACEMENT_3D('',#6564,#3536,#3537);
#3121=AXIS2_PLACEMENT_3D('',#6565,#3538,#3539);
#3122=AXIS2_PLACEMENT_3D('',#6567,#3540,#3541);
#3123=AXIS2_PLACEMENT_3D('',#6570,#3543,#3544);
#3124=AXIS2_PLACEMENT_3D('',#6571,#3545,#3546);
#3125=AXIS2_PLACEMENT_3D('',#6572,#3547,#3548);
#3126=AXIS2_PLACEMENT_3D('',#6574,#3549,#3550);
#3127=AXIS2_PLACEMENT_3D('',#6577,#3552,#3553);
#3128=AXIS2_PLACEMENT_3D('',#6578,#3554,#3555);
#3129=AXIS2_PLACEMENT_3D('',#6580,#3556,#3557);
#3130=AXIS2_PLACEMENT_3D('',#6583,#3559,#3560);
#3131=AXIS2_PLACEMENT_3D('',#6584,#3561,#3562);
#3132=AXIS2_PLACEMENT_3D('',#6587,#3564,#3565);
#3133=AXIS2_PLACEMENT_3D('',#6588,#3566,#3567);
#3134=AXIS2_PLACEMENT_3D('',#6591,#3569,#3570);
#3135=AXIS2_PLACEMENT_3D('',#6592,#3571,#3572);
#3136=AXIS2_PLACEMENT_3D('',#6597,#3574,#3575);
#3137=AXIS2_PLACEMENT_3D('',#6600,#3577,#3578);
#3138=AXIS2_PLACEMENT_3D('',#6601,#3579,#3580);
#3139=AXIS2_PLACEMENT_3D('',#6604,#3581,#3582);
#3140=AXIS2_PLACEMENT_3D('',#6626,#3584,#3585);
#3141=AXIS2_PLACEMENT_3D('',#6646,#3587,#3588);
#3142=AXIS2_PLACEMENT_3D('',#6648,#3590,#3591);
#3143=AXIS2_PLACEMENT_3D('',#6658,#3597,#3598);
#3144=AXIS2_PLACEMENT_3D('',#6664,#3602,#3603);
#3145=AXIS2_PLACEMENT_3D('',#6668,#3606,#3607);
#3146=AXIS2_PLACEMENT_3D('',#6672,#3610,#3611);
#3147=AXIS2_PLACEMENT_3D('',#6674,#3613,#3614);
#3148=AXIS2_PLACEMENT_3D('',#6676,#3616,#3617);
#3149=AXIS2_PLACEMENT_3D('',#6684,#3622,#3623);
#3150=AXIS2_PLACEMENT_3D('',#6692,#3628,#3629);
#3151=AXIS2_PLACEMENT_3D('',#6695,#3631,#3632);
#3152=AXIS2_PLACEMENT_3D('',#6697,#3633,#3634);
#3153=AXIS2_PLACEMENT_3D('',#6699,#3635,#3636);
#3154=AXIS2_PLACEMENT_3D('',#6700,#3637,#3638);
#3155=AXIS2_PLACEMENT_3D('',#6701,#3639,#3640);
#3156=AXIS2_PLACEMENT_3D('',#6703,#3642,#3643);
#3157=AXIS2_PLACEMENT_3D('',#6705,#3645,#3646);
#3158=AXIS2_PLACEMENT_3D('',#6707,#3648,#3649);
#3159=AXIS2_PLACEMENT_3D('',#6708,#3650,#3651);
#3160=AXIS2_PLACEMENT_3D('',#6710,#3652,#3653);
#3161=AXIS2_PLACEMENT_3D('',#6712,#3655,#3656);
#3162=AXIS2_PLACEMENT_3D('',#6724,#3657,#3658);
#3163=AXIS2_PLACEMENT_3D('',#6749,#3659,#3660);
#3164=AXIS2_PLACEMENT_3D('',#6752,#3662,#3663);
#3165=AXIS2_PLACEMENT_3D('',#6753,#3664,#3665);
#3166=AXIS2_PLACEMENT_3D('',#6755,#3667,#3668);
#3167=AXIS2_PLACEMENT_3D('',#6769,#3669,#3670);
#3168=AXIS2_PLACEMENT_3D('',#7315,#3672,#3673);
#3169=DIRECTION('axis',(0.,0.,1.));
#3170=DIRECTION('refdir',(1.,0.,0.));
#3171=DIRECTION('center_axis',(-2.22044604925031E-16,-1.,0.));
#3172=DIRECTION('ref_axis',(1.,-2.22044604925031E-16,-2.22044604925031E-16));
#3173=DIRECTION('',(2.22044604925031E-16,1.,0.));
#3174=DIRECTION('center_axis',(-2.22044604925031E-16,-1.,0.));
#3175=DIRECTION('ref_axis',(-1.,2.22044604925031E-16,2.22044604925031E-16));
#3176=DIRECTION('center_axis',(-2.22044604925031E-16,-1.,0.));
#3177=DIRECTION('ref_axis',(1.,-2.22044604925031E-16,-2.22044604925031E-16));
#3178=DIRECTION('',(2.22044604925031E-16,1.,0.));
#3179=DIRECTION('center_axis',(-2.22044604925031E-16,-1.,0.));
#3180=DIRECTION('ref_axis',(1.,-2.22044604925031E-16,-2.22044604925031E-16));
#3181=DIRECTION('',(2.22044604925031E-16,1.,0.));
#3182=DIRECTION('center_axis',(-2.22044604925031E-16,-1.,0.));
#3183=DIRECTION('ref_axis',(1.,-2.22044604925031E-16,-2.22044604925031E-16));
#3184=DIRECTION('',(2.22044604925031E-16,1.,0.));
#3185=DIRECTION('center_axis',(-2.22044604925031E-16,-1.,0.));
#3186=DIRECTION('ref_axis',(1.,-2.22044604925031E-16,-2.22044604925031E-16));
#3187=DIRECTION('',(2.22044604925031E-16,1.,0.));
#3188=DIRECTION('center_axis',(-2.22044604925031E-16,-1.,0.));
#3189=DIRECTION('ref_axis',(1.,-2.22044604925031E-16,-2.22044604925031E-16));
#3190=DIRECTION('',(2.22044604925031E-16,1.,0.));
#3191=DIRECTION('center_axis',(-2.22044604925031E-16,-1.,0.));
#3192=DIRECTION('ref_axis',(1.,-2.22044604925031E-16,-2.22044604925031E-16));
#3193=DIRECTION('',(2.22044604925031E-16,1.,0.));
#3194=DIRECTION('center_axis',(2.22044604925031E-16,1.,0.));
#3195=DIRECTION('ref_axis',(1.,-2.22044604925031E-16,-2.22044604925031E-16));
#3196=DIRECTION('',(-0.707106781188352,0.707106781184743,7.04136402450078E-17));
#3197=DIRECTION('center_axis',(2.22044604925031E-16,1.,0.));
#3198=DIRECTION('ref_axis',(-1.,2.22044604925031E-16,2.22044604925031E-16));
#3199=DIRECTION('center_axis',(2.22044604925031E-16,1.,0.));
#3200=DIRECTION('ref_axis',(-1.,2.22044604925031E-16,2.22044604925031E-16));
#3201=DIRECTION('',(-2.22044604925031E-16,-1.,0.));
#3202=DIRECTION('center_axis',(2.22044604925031E-16,1.,0.));
#3203=DIRECTION('ref_axis',(-1.,2.22044604925031E-16,2.22044604925031E-16));
#3204=DIRECTION('',(-2.22044604925031E-16,-1.,0.));
#3205=DIRECTION('center_axis',(2.22044604925031E-16,1.,0.));
#3206=DIRECTION('ref_axis',(-1.,2.22044604925031E-16,2.22044604925031E-16));
#3207=DIRECTION('center_axis',(2.22044604925031E-16,1.,0.));
#3208=DIRECTION('ref_axis',(-1.,2.22044604925031E-16,2.22044604925031E-16));
#3209=DIRECTION('center_axis',(2.22044604925031E-16,1.,0.));
#3210=DIRECTION('ref_axis',(-1.,2.22044604925031E-16,2.22044604925031E-16));
#3211=DIRECTION('center_axis',(2.22044604925031E-16,1.,0.));
#3212=DIRECTION('ref_axis',(-1.,2.22044604925031E-16,2.22044604925031E-16));
#3213=DIRECTION('',(-2.22044604925031E-16,-1.,0.));
#3214=DIRECTION('center_axis',(2.22044604925031E-16,1.,0.));
#3215=DIRECTION('ref_axis',(-1.,2.22044604925031E-16,2.22044604925031E-16));
#3216=DIRECTION('',(-2.22044604925031E-16,-1.,0.));
#3217=DIRECTION('center_axis',(2.22044604925031E-16,1.,0.));
#3218=DIRECTION('ref_axis',(-1.,2.22044604925031E-16,2.22044604925031E-16));
#3219=DIRECTION('',(-2.22044604925031E-16,-1.,0.));
#3220=DIRECTION('center_axis',(2.22044604925031E-16,1.,0.));
#3221=DIRECTION('ref_axis',(-1.,2.22044604925031E-16,2.22044604925031E-16));
#3222=DIRECTION('',(-2.22044604925031E-16,-1.,0.));
#3223=DIRECTION('center_axis',(2.22044604925031E-16,1.,0.));
#3224=DIRECTION('ref_axis',(-1.,2.22044604925031E-16,2.22044604925031E-16));
#3225=DIRECTION('',(-2.22044604925031E-16,-1.,0.));
#3226=DIRECTION('center_axis',(2.22044604925031E-16,1.,0.));
#3227=DIRECTION('ref_axis',(-1.,2.22044604925031E-16,2.22044604925031E-16));
#3228=DIRECTION('',(-2.22044604925031E-16,-1.,0.));
#3229=DIRECTION('center_axis',(2.22044604925031E-16,1.,0.));
#3230=DIRECTION('ref_axis',(-1.,2.22044604925031E-16,2.22044604925031E-16));
#3231=DIRECTION('',(-2.22044604925031E-16,-1.,0.));
#3232=DIRECTION('center_axis',(0.,0.,-1.));
#3233=DIRECTION('ref_axis',(-1.,0.,0.));
#3234=DIRECTION('center_axis',(-0.108175388995446,-8.00658717070178E-17,
-0.994131824868153));
#3235=DIRECTION('ref_axis',(-0.994131824868153,0.,0.108175388995446));
#3236=DIRECTION('center_axis',(-2.22044604925031E-16,4.93038065763132E-32,
-1.));
#3237=DIRECTION('ref_axis',(-1.,0.,0.));
#3238=DIRECTION('',(0.,0.,-1.));
#3239=DIRECTION('center_axis',(-2.22044604925031E-16,4.93038065763132E-32,
-1.));
#3240=DIRECTION('ref_axis',(-1.,0.,2.22044604925031E-16));
#3241=DIRECTION('center_axis',(-2.22044604925031E-16,4.93038065763132E-32,
-1.));
#3242=DIRECTION('ref_axis',(-1.,0.,0.));
#3243=DIRECTION('center_axis',(2.22044604925031E-16,-4.93038065763132E-32,
1.));
#3244=DIRECTION('ref_axis',(-1.,0.,2.22044604925031E-16));
#3245=DIRECTION('center_axis',(2.22044604925031E-16,-4.93038065763132E-32,
1.));
#3246=DIRECTION('ref_axis',(-1.,2.22044604925031E-16,2.22044604925031E-16));
#3247=DIRECTION('',(-7.40148683083438E-16,1.,2.13649828497357E-31));
#3248=DIRECTION('',(0.842070515948403,0.539367450047173,-1.8697721503278E-16));
#3249=DIRECTION('',(2.22044604925031E-16,1.,0.));
#3250=DIRECTION('',(-1.,2.22044604925031E-16,2.22044604925031E-16));
#3251=DIRECTION('',(-2.22044604925031E-16,-1.,0.));
#3252=DIRECTION('',(-1.,-7.40148683083438E-16,2.22044604925031E-16));
#3253=DIRECTION('',(-7.40148683083438E-16,1.,2.13649828497357E-31));
#3254=DIRECTION('center_axis',(-2.22044604925031E-16,4.93038065763132E-32,
-1.));
#3255=DIRECTION('ref_axis',(-1.,0.,0.));
#3256=DIRECTION('center_axis',(-2.22044604925031E-16,4.93038065763132E-32,
-1.));
#3257=DIRECTION('ref_axis',(-1.,0.,0.));
#3258=DIRECTION('center_axis',(-1.,0.,0.));
#3259=DIRECTION('ref_axis',(0.,1.,0.));
#3260=DIRECTION('center_axis',(-1.,2.77555756156289E-16,2.77555756156289E-16));
#3261=DIRECTION('ref_axis',(0.,1.,0.));
#3262=DIRECTION('',(-1.,0.,0.));
#3263=DIRECTION('center_axis',(-1.,0.,0.));
#3264=DIRECTION('ref_axis',(0.,1.,0.));
#3265=DIRECTION('center_axis',(1.,0.,0.));
#3266=DIRECTION('ref_axis',(0.,1.,0.));
#3267=DIRECTION('center_axis',(-0.982812722422948,-0.184605397113936,0.));
#3268=DIRECTION('ref_axis',(0.,0.,1.));
#3269=DIRECTION('center_axis',(-0.982812722422948,-0.184605397113936,0.));
#3270=DIRECTION('ref_axis',(0.184605397113936,-0.982812722422948,-1.45000782992855E-15));
#3271=DIRECTION('',(0.,0.,1.));
#3272=DIRECTION('',(0.184605397113936,-0.982812722422948,-4.09906324691925E-17));
#3273=DIRECTION('',(0.,0.,-1.));
#3274=DIRECTION('',(0.184605397113936,-0.982812722422948,-4.39185347884204E-17));
#3275=DIRECTION('center_axis',(1.86699122282126E-17,1.,0.));
#3276=DIRECTION('ref_axis',(1.,-1.86699122282126E-17,0.));
#3277=DIRECTION('',(1.,7.40148683083438E-16,0.));
#3278=DIRECTION('center_axis',(1.86699122282126E-17,1.,0.));
#3279=DIRECTION('ref_axis',(1.,0.,-2.33985046613212E-16));
#3280=DIRECTION('',(0.,0.,-1.));
#3281=DIRECTION('',(0.994131824868153,-1.85603539135612E-17,-0.108175388995446));
#3282=DIRECTION('',(1.,7.40148683083438E-16,0.));
#3283=DIRECTION('center_axis',(-1.86699122282126E-17,-1.,0.));
#3284=DIRECTION('ref_axis',(1.,0.,0.));
#3285=DIRECTION('center_axis',(0.959705818453864,0.281006658330008,-2.28318749253045E-16));
#3286=DIRECTION('ref_axis',(0.198701713663718,-0.678614492172913,-0.707106781186549));
#3287=DIRECTION('',(0.959705818453864,0.281006658330008,-2.28318749253045E-16));
#3288=DIRECTION('center_axis',(-0.910102776875886,-0.41438259558384,0.));
#3289=DIRECTION('ref_axis',(-0.41438259558384,0.910102776875886,1.60855311153796E-15));
#3290=DIRECTION('',(-0.959705818453864,-0.281006658330008,2.28318749253045E-16));
#3291=DIRECTION('center_axis',(0.,1.,0.));
#3292=DIRECTION('ref_axis',(-1.,0.,0.));
#3293=DIRECTION('center_axis',(0.,1.,0.));
#3294=DIRECTION('ref_axis',(-1.,0.,0.));
#3295=DIRECTION('center_axis',(0.,1.,0.));
#3296=DIRECTION('ref_axis',(-1.,0.,0.));
#3297=DIRECTION('center_axis',(0.,0.,-1.));
#3298=DIRECTION('ref_axis',(1.,0.,0.));
#3299=DIRECTION('center_axis',(0.,1.,0.));
#3300=DIRECTION('ref_axis',(1.,0.,0.));
#3301=DIRECTION('center_axis',(0.,1.,0.));
#3302=DIRECTION('ref_axis',(1.,0.,0.));
#3303=DIRECTION('center_axis',(0.,1.,0.));
#3304=DIRECTION('ref_axis',(1.,0.,0.));
#3305=DIRECTION('',(0.,1.,0.));
#3306=DIRECTION('center_axis',(0.,-1.,0.));
#3307=DIRECTION('ref_axis',(1.,0.,0.));
#3308=DIRECTION('center_axis',(-0.842070515948403,-0.539367450047173,2.00332730392265E-16));
#3309=DIRECTION('ref_axis',(0.381390381479652,-0.59543377206437,-0.707106781186548));
#3310=DIRECTION('',(0.842070515948403,0.539367450047173,-2.00332730392265E-16));
#3311=DIRECTION('center_axis',(-1.,2.77555756156289E-16,2.77555756156289E-16));
#3312=DIRECTION('ref_axis',(-2.06582588557897E-16,-1.,1.16860759395488E-16));
#3313=DIRECTION('',(-0.842070515948403,-0.539367450047173,2.00332730392265E-16));
#3314=DIRECTION('center_axis',(0.,0.,-1.));
#3315=DIRECTION('ref_axis',(0.994370755444164,-0.105956598272132,0.));
#3316=DIRECTION('center_axis',(0.,0.,1.));
#3317=DIRECTION('ref_axis',(0.994370755444164,-0.105956598272132,0.));
#3318=DIRECTION('',(0.,0.,1.));
#3319=DIRECTION('center_axis',(2.37904933848248E-16,0.,1.));
#3320=DIRECTION('ref_axis',(0.994370755444164,-0.105956598272132,0.));
#3321=DIRECTION('center_axis',(0.281006658330008,-0.959705818453864,0.));
#3322=DIRECTION('ref_axis',(0.,0.,-1.));
#3323=DIRECTION('',(0.,0.,1.));
#3324=DIRECTION('',(-0.954515203044679,-0.279486820205904,0.103864548753501));
#3325=DIRECTION('center_axis',(0.,1.,0.));
#3326=DIRECTION('ref_axis',(1.,0.,0.));
#3327=DIRECTION('center_axis',(2.22044604925031E-16,1.,0.));
#3328=DIRECTION('ref_axis',(1.,0.,0.));
#3329=DIRECTION('',(0.,1.,0.));
#3330=DIRECTION('center_axis',(0.,1.,0.));
#3331=DIRECTION('ref_axis',(1.,0.,0.));
#3332=DIRECTION('center_axis',(0.,-1.,0.));
#3333=DIRECTION('ref_axis',(1.,0.,0.));
#3334=DIRECTION('',(1.,0.,0.));
#3335=DIRECTION('',(1.,0.,0.));
#3336=DIRECTION('',(1.,0.,0.));
#3337=DIRECTION('',(1.,0.,0.));
#3338=DIRECTION('',(1.,0.,0.));
#3339=DIRECTION('',(1.,0.,0.));
#3340=DIRECTION('',(1.,0.,0.));
#3341=DIRECTION('',(1.,0.,0.));
#3342=DIRECTION('',(1.,0.,0.));
#3343=DIRECTION('',(1.,0.,0.));
#3344=DIRECTION('',(1.,0.,0.));
#3345=DIRECTION('',(1.,0.,0.));
#3346=DIRECTION('',(1.,0.,0.));
#3347=DIRECTION('',(1.,0.,0.));
#3348=DIRECTION('',(1.,0.,0.));
#3349=DIRECTION('',(1.,0.,0.));
#3350=DIRECTION('',(1.,0.,0.));
#3351=DIRECTION('',(1.,0.,0.));
#3352=DIRECTION('',(1.,0.,0.));
#3353=DIRECTION('',(1.,0.,0.));
#3354=DIRECTION('center_axis',(-1.,2.22044604925031E-16,2.22044604925031E-16));
#3355=DIRECTION('ref_axis',(-2.22044604925031E-16,-1.,0.));
#3356=DIRECTION('center_axis',(0.,-0.999999781438721,0.000661152411274593));
#3357=DIRECTION('ref_axis',(-2.22191361720635E-16,-0.000661152411274593,
-0.999999781438721));
#3358=DIRECTION('',(-2.22191361720635E-16,-0.000661152411274593,-0.999999781438721));
#3359=DIRECTION('',(1.,0.,0.));
#3360=DIRECTION('',(-2.22191361720635E-16,-0.000661152411274593,-0.999999781438721));
#3361=DIRECTION('',(1.,0.,0.));
#3362=DIRECTION('center_axis',(0.,0.000661152411273008,0.999999781438721));
#3363=DIRECTION('ref_axis',(-2.21897751068722E-16,-0.999999781438721,0.000661152411273008));
#3364=DIRECTION('',(-2.21897751068722E-16,-0.999999781438721,0.000661152411273008));
#3365=DIRECTION('',(1.,0.,0.));
#3366=DIRECTION('',(-2.21897751068722E-16,-0.99999978143872,0.000661152411273008));
#3367=DIRECTION('center_axis',(0.,0.999999781438721,-0.000661152411274593));
#3368=DIRECTION('ref_axis',(2.22191361720635E-16,0.000661152411274593,0.999999781438721));
#3369=DIRECTION('',(2.22191361720635E-16,0.000661152411274593,0.999999781438721));
#3370=DIRECTION('',(1.,0.,0.));
#3371=DIRECTION('',(2.22191361720635E-16,0.000661152411274593,0.999999781438721));
#3372=DIRECTION('center_axis',(0.,-0.000661152411273008,-0.999999781438721));
#3373=DIRECTION('ref_axis',(2.21897751068722E-16,0.999999781438721,-0.000661152411273008));
#3374=DIRECTION('',(2.21897751068722E-16,0.999999781438721,-0.000661152411273008));
#3375=DIRECTION('',(2.21897751068722E-16,0.99999978143872,-0.000661152411273008));
#3376=DIRECTION('center_axis',(1.,0.,0.));
#3377=DIRECTION('ref_axis',(0.,0.,-1.));
#3378=DIRECTION('',(1.,0.,0.));
#3379=DIRECTION('',(1.,0.,0.));
#3380=DIRECTION('',(1.,0.,0.));
#3381=DIRECTION('',(1.,0.,0.));
#3382=DIRECTION('',(1.,0.,0.));
#3383=DIRECTION('',(1.,0.,0.));
#3384=DIRECTION('',(1.,0.,0.));
#3385=DIRECTION('',(1.,0.,0.));
#3386=DIRECTION('',(1.,0.,0.));
#3387=DIRECTION('',(1.,0.,0.));
#3388=DIRECTION('',(1.,0.,0.));
#3389=DIRECTION('',(1.,0.,0.));
#3390=DIRECTION('',(1.,0.,0.));
#3391=DIRECTION('',(1.,0.,0.));
#3392=DIRECTION('',(1.,0.,0.));
#3393=DIRECTION('',(1.,0.,0.));
#3394=DIRECTION('',(1.,0.,0.));
#3395=DIRECTION('',(1.,0.,0.));
#3396=DIRECTION('',(1.,0.,0.));
#3397=DIRECTION('',(1.,0.,0.));
#3398=DIRECTION('',(1.,0.,0.));
#3399=DIRECTION('',(1.,0.,0.));
#3400=DIRECTION('',(1.,0.,0.));
#3401=DIRECTION('',(1.,0.,0.));
#3402=DIRECTION('',(1.,0.,0.));
#3403=DIRECTION('',(1.,0.,0.));
#3404=DIRECTION('',(1.,0.,0.));
#3405=DIRECTION('',(1.,0.,0.));
#3406=DIRECTION('',(1.,0.,0.));
#3407=DIRECTION('',(1.,0.,0.));
#3408=DIRECTION('',(1.,0.,0.));
#3409=DIRECTION('',(1.,0.,0.));
#3410=DIRECTION('',(1.,0.,0.));
#3411=DIRECTION('center_axis',(-1.,2.22044604925031E-16,2.22044604925031E-16));
#3412=DIRECTION('ref_axis',(-2.22044604925031E-16,-1.,0.));
#3413=DIRECTION('center_axis',(0.,-0.000661152411273738,-0.999999781438721));
#3414=DIRECTION('ref_axis',(2.21897751068722E-16,0.999999781438721,-0.000661152411273738));
#3415=DIRECTION('',(2.21897751068722E-16,0.999999781438721,-0.000661152411273738));
#3416=DIRECTION('',(1.,0.,0.));
#3417=DIRECTION('',(2.21897751068722E-16,0.99999978143872,-0.000661152411273738));
#3418=DIRECTION('',(1.,0.,0.));
#3419=DIRECTION('',(1.,0.,0.));
#3420=DIRECTION('',(1.,0.,0.));
#3421=DIRECTION('',(1.,0.,0.));
#3422=DIRECTION('',(1.,0.,0.));
#3423=DIRECTION('',(1.,0.,0.));
#3424=DIRECTION('center_axis',(0.,0.00066115241127352,0.999999781438721));
#3425=DIRECTION('ref_axis',(-2.21897751068722E-16,-0.999999781438721,0.00066115241127352));
#3426=DIRECTION('',(-2.21897751068722E-16,-0.999999781438721,0.00066115241127352));
#3427=DIRECTION('',(1.,0.,0.));
#3428=DIRECTION('',(-2.21897751068722E-16,-0.99999978143872,0.00066115241127352));
#3429=DIRECTION('center_axis',(0.,-0.999999781438721,0.000661152411277392));
#3430=DIRECTION('ref_axis',(-2.22191361720636E-16,-0.000661152411277392,
-0.999999781438721));
#3431=DIRECTION('',(-2.22191361720636E-16,-0.000661152411277392,-0.999999781438721));
#3432=DIRECTION('',(-2.22191361720636E-16,-0.000661152411277392,-0.99999978143872));
#3433=DIRECTION('center_axis',(0.,-0.999999781438721,0.000661152411275103));
#3434=DIRECTION('ref_axis',(-2.22191361720635E-16,-0.000661152411275103,
-0.999999781438721));
#3435=DIRECTION('',(-2.22191361720635E-16,-0.000661152411275103,-0.999999781438721));
#3436=DIRECTION('',(1.,0.,0.));
#3437=DIRECTION('',(-2.22191361720635E-16,-0.000661152411275103,-0.99999978143872));
#3438=DIRECTION('',(1.,0.,0.));
#3439=DIRECTION('center_axis',(0.,-0.000661152411273525,-0.999999781438721));
#3440=DIRECTION('ref_axis',(2.21897751068722E-16,0.999999781438721,-0.000661152411273525));
#3441=DIRECTION('',(2.21897751068722E-16,0.999999781438721,-0.000661152411273525));
#3442=DIRECTION('',(1.,0.,0.));
#3443=DIRECTION('',(2.21897751068722E-16,0.99999978143872,-0.000661152411273525));
#3444=DIRECTION('',(1.,0.,0.));
#3445=DIRECTION('',(1.,0.,0.));
#3446=DIRECTION('',(1.,0.,0.));
#3447=DIRECTION('',(1.,0.,0.));
#3448=DIRECTION('center_axis',(0.,0.843420576915028,-0.537253878940228));
#3449=DIRECTION('ref_axis',(3.06571314080463E-16,0.537253878940228,0.843420576915028));
#3450=DIRECTION('',(3.06571314080463E-16,0.537253878940228,0.843420576915028));
#3451=DIRECTION('',(1.,0.,0.));
#3452=DIRECTION('',(3.06571314080463E-16,0.537253878940228,0.843420576915028));
#3453=DIRECTION('center_axis',(0.,-0.000661152411273458,-0.999999781438721));
#3454=DIRECTION('ref_axis',(2.21897751068722E-16,0.999999781438721,-0.000661152411273458));
#3455=DIRECTION('',(2.21897751068722E-16,0.999999781438721,-0.000661152411273458));
#3456=DIRECTION('',(1.,0.,0.));
#3457=DIRECTION('',(2.21897751068722E-16,0.999999781438721,-0.000661152411273458));
#3458=DIRECTION('center_axis',(0.,-0.842260376955128,0.539070920576696));
#3459=DIRECTION('ref_axis',(-3.06717162231035E-16,-0.539070920576696,-0.842260376955128));
#3460=DIRECTION('',(-3.06717162231035E-16,-0.539070920576696,-0.842260376955128));
#3461=DIRECTION('',(1.,0.,0.));
#3462=DIRECTION('',(-3.06717162231035E-16,-0.539070920576696,-0.842260376955128));
#3463=DIRECTION('',(1.,0.,0.));
#3464=DIRECTION('',(1.,0.,0.));
#3465=DIRECTION('',(1.,0.,0.));
#3466=DIRECTION('',(1.,0.,0.));
#3467=DIRECTION('',(1.,0.,0.));
#3468=DIRECTION('',(1.,0.,0.));
#3469=DIRECTION('',(1.,0.,0.));
#3470=DIRECTION('center_axis',(0.,0.000661152411273413,0.999999781438721));
#3471=DIRECTION('ref_axis',(-2.21897751068722E-16,-0.999999781438721,0.000661152411273413));
#3472=DIRECTION('',(-2.21897751068722E-16,-0.999999781438721,0.000661152411273413));
#3473=DIRECTION('',(1.,0.,0.));
#3474=DIRECTION('',(-2.21897751068722E-16,-0.999999781438721,0.000661152411273413));
#3475=DIRECTION('center_axis',(0.,0.999999781438721,-0.000661152411275623));
#3476=DIRECTION('ref_axis',(2.22191361720635E-16,0.000661152411275623,0.999999781438721));
#3477=DIRECTION('',(2.22191361720635E-16,0.000661152411275623,0.999999781438721));
#3478=DIRECTION('',(1.,0.,0.));
#3479=DIRECTION('',(2.22191361720635E-16,0.000661152411275623,0.999999781438721));
#3480=DIRECTION('center_axis',(0.,-0.000661152411273529,-0.999999781438721));
#3481=DIRECTION('ref_axis',(2.21897751068722E-16,0.999999781438721,-0.000661152411273529));
#3482=DIRECTION('',(2.21897751068722E-16,0.999999781438721,-0.000661152411273529));
#3483=DIRECTION('',(2.21897751068722E-16,0.99999978143872,-0.000661152411273529));
#3484=DIRECTION('center_axis',(-1.,2.22044604925031E-16,2.22044604925031E-16));
#3485=DIRECTION('ref_axis',(-2.22044604925031E-16,-1.,0.));
#3486=DIRECTION('center_axis',(-1.,2.22044604925031E-16,2.22044604925031E-16));
#3487=DIRECTION('ref_axis',(-2.22044604925031E-16,-1.,0.));
#3488=DIRECTION('center_axis',(-1.,2.22044604925031E-16,2.22044604925031E-16));
#3489=DIRECTION('ref_axis',(-2.22044604925031E-16,-1.,0.));
#3490=DIRECTION('center_axis',(-1.,2.22044604925031E-16,2.22044604925031E-16));
#3491=DIRECTION('ref_axis',(-2.22044604925031E-16,-1.,0.));
#3492=DIRECTION('center_axis',(-1.,2.22044604925031E-16,2.22044604925031E-16));
#3493=DIRECTION('ref_axis',(-2.22044604925031E-16,-1.,0.));
#3494=DIRECTION('center_axis',(0.108175388995446,8.00658717070178E-17,0.994131824868153));
#3495=DIRECTION('ref_axis',(0.994131824868153,0.,-0.108175388995446));
#3496=DIRECTION('',(0.705022910062736,0.705022910062737,-0.0767163123028006));
#3497=DIRECTION('',(4.02382180053312E-16,-1.,-1.38650598775124E-31));
#3498=DIRECTION('',(0.838557661772412,0.537117378154847,-0.0912467531852458));
#3499=DIRECTION('center_axis',(0.,0.,-1.));
#3500=DIRECTION('ref_axis',(-1.,0.,0.));
#3501=DIRECTION('center_axis',(-2.22044604925031E-16,4.93038065763132E-32,
-1.));
#3502=DIRECTION('ref_axis',(-1.,0.,0.));
#3503=DIRECTION('',(0.,0.,-1.));
#3504=DIRECTION('center_axis',(2.22044604925031E-16,-4.93038065763132E-32,
1.));
#3505=DIRECTION('ref_axis',(-1.,0.,0.));
#3506=DIRECTION('center_axis',(1.40675736589231E-16,0.108175388995447,0.994131824868153));
#3507=DIRECTION('ref_axis',(1.,0.,-1.4150611927939E-16));
#3508=DIRECTION('',(-1.96721846784144E-16,-0.994131824868153,0.108175388995447));
#3509=DIRECTION('',(1.,7.40148683083438E-16,0.));
#3510=DIRECTION('center_axis',(-0.707106781186548,0.707106781186547,1.57009245868377E-16));
#3511=DIRECTION('ref_axis',(-0.707106781186547,-0.707106781186548,1.77635683940025E-16));
#3512=DIRECTION('',(0.707106781186547,0.707106781186548,-1.77635683940025E-16));
#3513=DIRECTION('',(-2.22044604925031E-16,4.93038065763132E-32,-1.));
#3514=DIRECTION('',(-0.707106781186548,-0.707106781186547,1.77635683940025E-16));
#3515=DIRECTION('center_axis',(2.22044604925031E-16,-4.93038065763132E-32,
1.));
#3516=DIRECTION('ref_axis',(1.,0.,-2.22044604925031E-16));
#3517=DIRECTION('center_axis',(-2.22044604925031E-16,4.93038065763132E-32,
-1.));
#3518=DIRECTION('ref_axis',(-1.,0.,2.22044604925031E-16));
#3519=DIRECTION('',(2.22044604925031E-16,1.,0.));
#3520=DIRECTION('center_axis',(0.,0.,1.));
#3521=DIRECTION('ref_axis',(1.,0.,0.));
#3522=DIRECTION('center_axis',(2.22044604925031E-16,-4.93038065763132E-32,
1.));
#3523=DIRECTION('ref_axis',(1.,0.,0.));
#3524=DIRECTION('',(0.,0.,1.));
#3525=DIRECTION('center_axis',(0.,0.,1.));
#3526=DIRECTION('ref_axis',(1.,0.,0.));
#3527=DIRECTION('center_axis',(0.,0.,-1.));
#3528=DIRECTION('ref_axis',(1.,0.,0.));
#3529=DIRECTION('center_axis',(0.,0.,1.));
#3530=DIRECTION('ref_axis',(1.,0.,0.));
#3531=DIRECTION('center_axis',(2.22044604925031E-16,-4.93038065763132E-32,
1.));
#3532=DIRECTION('ref_axis',(1.,0.,0.));
#3533=DIRECTION('',(0.,0.,1.));
#3534=DIRECTION('center_axis',(0.,0.,1.));
#3535=DIRECTION('ref_axis',(1.,0.,0.));
#3536=DIRECTION('center_axis',(0.,0.,-1.));
#3537=DIRECTION('ref_axis',(1.,0.,0.));
#3538=DIRECTION('center_axis',(0.,0.,1.));
#3539=DIRECTION('ref_axis',(1.,0.,0.));
#3540=DIRECTION('center_axis',(2.22044604925031E-16,-4.93038065763132E-32,
1.));
#3541=DIRECTION('ref_axis',(1.,0.,0.));
#3542=DIRECTION('',(0.,0.,1.));
#3543=DIRECTION('center_axis',(0.,0.,1.));
#3544=DIRECTION('ref_axis',(1.,0.,0.));
#3545=DIRECTION('center_axis',(0.,0.,-1.));
#3546=DIRECTION('ref_axis',(1.,0.,0.));
#3547=DIRECTION('center_axis',(0.,0.,-1.));
#3548=DIRECTION('ref_axis',(-1.,0.,0.));
#3549=DIRECTION('center_axis',(-2.32507439712075E-16,4.84003336809358E-32,
-1.));
#3550=DIRECTION('ref_axis',(-1.,0.,0.));
#3551=DIRECTION('',(0.,0.,-1.));
#3552=DIRECTION('center_axis',(2.37904933848248E-16,0.,1.));
#3553=DIRECTION('ref_axis',(-1.,0.,0.));
#3554=DIRECTION('center_axis',(0.,0.,-1.));
#3555=DIRECTION('ref_axis',(-1.,0.,0.));
#3556=DIRECTION('center_axis',(-2.32507439712075E-16,4.84003336809358E-32,
-1.));
#3557=DIRECTION('ref_axis',(-1.,0.,0.));
#3558=DIRECTION('',(0.,0.,-1.));
#3559=DIRECTION('center_axis',(2.37904933848248E-16,0.,1.));
#3560=DIRECTION('ref_axis',(-1.,0.,0.));
#3561=DIRECTION('center_axis',(0.,0.,-1.));
#3562=DIRECTION('ref_axis',(-1.,0.,0.));
#3563=DIRECTION('',(0.,0.,-1.));
#3564=DIRECTION('center_axis',(2.32507439712075E-16,-4.84003336809358E-32,
1.));
#3565=DIRECTION('ref_axis',(-1.,0.,0.));
#3566=DIRECTION('center_axis',(0.,0.,-1.));
#3567=DIRECTION('ref_axis',(-1.,0.,0.));
#3568=DIRECTION('',(0.,0.,-1.));
#3569=DIRECTION('center_axis',(2.32507439712075E-16,-4.84003336809358E-32,
1.));
#3570=DIRECTION('ref_axis',(-1.,0.,0.));
#3571=DIRECTION('center_axis',(1.,-2.08166817117217E-16,-2.77555756156289E-16));
#3572=DIRECTION('ref_axis',(2.08166817117217E-16,1.,0.));
#3573=DIRECTION('',(0.,1.,0.));
#3574=DIRECTION('center_axis',(-1.,2.08166817117217E-16,2.77555756156289E-16));
#3575=DIRECTION('ref_axis',(2.08166817117217E-16,1.,0.));
#3576=DIRECTION('',(-2.08166817117217E-16,-1.,0.));
#3577=DIRECTION('center_axis',(-1.,2.08166817117217E-16,2.77555756156289E-16));
#3578=DIRECTION('ref_axis',(2.08166817117217E-16,1.,0.));
#3579=DIRECTION('center_axis',(-1.,3.70074341541719E-16,3.70074341541719E-16));
#3580=DIRECTION('ref_axis',(3.70074341541719E-16,-1.83697019872103E-16,
1.));
#3581=DIRECTION('center_axis',(-1.,0.,2.32507439712075E-16));
#3582=DIRECTION('ref_axis',(3.70074341541719E-16,1.,-5.99178204920473E-32));
#3583=DIRECTION('',(-1.,3.70074341541719E-16,3.70074341541719E-16));
#3584=DIRECTION('center_axis',(-1.,2.08166817117217E-16,2.77555756156289E-16));
#3585=DIRECTION('ref_axis',(2.08166817117217E-16,1.,0.));
#3586=DIRECTION('',(-1.,3.70074341541719E-16,3.70074341541719E-16));
#3587=DIRECTION('center_axis',(1.,-2.08166817117217E-16,-2.77555756156289E-16));
#3588=DIRECTION('ref_axis',(2.08166817117217E-16,1.,0.));
#3589=DIRECTION('',(0.,-1.,0.));
#3590=DIRECTION('center_axis',(-1.,0.,2.32507439712075E-16));
#3591=DIRECTION('ref_axis',(2.32507439712075E-16,0.,1.));
#3592=DIRECTION('',(-2.08166817117217E-16,-1.,0.));
#3593=DIRECTION('',(-2.77555756156289E-16,5.77778983316171E-32,-1.));
#3594=DIRECTION('',(2.08166817117217E-16,1.,-3.1177655819061E-63));
#3595=DIRECTION('',(2.77555756156289E-16,-5.77778983316171E-32,1.));
#3596=DIRECTION('',(-2.08166817117217E-16,-1.,0.));
#3597=DIRECTION('center_axis',(2.32507439712075E-16,-4.84003336809358E-32,
1.));
#3598=DIRECTION('ref_axis',(2.08166817117217E-16,1.,-3.1177655819061E-63));
#3599=DIRECTION('',(2.77555756156289E-16,1.,-1.61334445603119E-32));
#3600=DIRECTION('',(-1.,0.,2.32507439712075E-16));
#3601=DIRECTION('',(-1.,0.,2.32507439712075E-16));
#3602=DIRECTION('center_axis',(-1.34337912130288E-47,-1.,-5.77778983316171E-32));
#3603=DIRECTION('ref_axis',(2.77555756156289E-16,-5.77778983316171E-32,
1.));
#3604=DIRECTION('',(2.77555756156289E-16,-5.77778983316171E-32,1.));
#3605=DIRECTION('',(-1.,0.,2.32507439712075E-16));
#3606=DIRECTION('center_axis',(-2.32507439712075E-16,4.84003336809358E-32,
-1.));
#3607=DIRECTION('ref_axis',(-2.08166817117217E-16,-1.,0.));
#3608=DIRECTION('',(-2.77555756156289E-16,-1.,1.61334445603119E-32));
#3609=DIRECTION('',(-1.,0.,2.32507439712075E-16));
#3610=DIRECTION('center_axis',(1.34337912130288E-47,1.,5.77778983316171E-32));
#3611=DIRECTION('ref_axis',(-2.77555756156289E-16,5.77778983316171E-32,
-1.));
#3612=DIRECTION('',(-2.77555756156289E-16,5.77778983316171E-32,-1.));
#3613=DIRECTION('center_axis',(-0.539367450047173,0.842070515948403,0.));
#3614=DIRECTION('ref_axis',(0.842070515948403,0.539367450047173,0.));
#3615=DIRECTION('',(0.,0.,1.));
#3616=DIRECTION('center_axis',(-1.,2.22044604925031E-16,2.22044604925031E-16));
#3617=DIRECTION('ref_axis',(-2.22044604925031E-16,-1.,0.));
#3618=DIRECTION('',(2.22044604925031E-16,-4.93038065763132E-32,1.));
#3619=DIRECTION('',(2.22044604925031E-16,1.,0.));
#3620=DIRECTION('',(-2.22044604925031E-16,4.93038065763132E-32,-1.));
#3621=DIRECTION('',(0.,-1.,0.));
#3622=DIRECTION('center_axis',(1.,-2.77555756156289E-16,-2.77555756156289E-16));
#3623=DIRECTION('ref_axis',(-2.77555756156289E-16,0.,-1.));
#3624=DIRECTION('',(0.,1.,0.));
#3625=DIRECTION('',(-2.22044604925031E-16,4.93038065763132E-32,-1.));
#3626=DIRECTION('',(2.22044604925031E-16,1.,0.));
#3627=DIRECTION('',(2.22044604925031E-16,-4.93038065763132E-32,1.));
#3628=DIRECTION('center_axis',(2.22044604925031E-16,1.,0.));
#3629=DIRECTION('ref_axis',(2.22044604925031E-16,-4.93038065763132E-32,
1.));
#3630=DIRECTION('',(1.,-2.22044604925031E-16,-2.22044604925031E-16));
#3631=DIRECTION('center_axis',(-5.66985192384692E-6,0.999999999982756,-1.52969191147194E-6));
#3632=DIRECTION('ref_axis',(0.981931178076497,5.85688078668411E-6,0.189238372131551));
#3633=DIRECTION('center_axis',(4.11170313634599E-10,1.,3.98916727725366E-10));
#3634=DIRECTION('ref_axis',(0.923879529314583,-5.32530311991511E-10,0.382683440082616));
#3635=DIRECTION('center_axis',(3.59471132933125E-6,0.999999999904774,1.33240425543516E-5));
#3636=DIRECTION('ref_axis',(0.330320772496125,-1.37635550020906E-5,0.943868734024032));
#3637=DIRECTION('center_axis',(2.22044604925031E-16,1.,0.));
#3638=DIRECTION('ref_axis',(-1.,2.22044604925031E-16,2.22044604925031E-16));
#3639=DIRECTION('center_axis',(0.,-1.,0.));
#3640=DIRECTION('ref_axis',(1.,0.,0.));
#3641=DIRECTION('',(0.,1.,0.));
#3642=DIRECTION('center_axis',(-2.37904933848248E-16,0.,-1.));
#3643=DIRECTION('ref_axis',(1.,0.,-2.37904933848248E-16));
#3644=DIRECTION('',(-1.,2.22044604925031E-16,2.37904933848248E-16));
#3645=DIRECTION('center_axis',(2.22044604925031E-16,-4.93038065763132E-32,
1.));
#3646=DIRECTION('ref_axis',(-1.,2.22044604925031E-16,2.22044604925031E-16));
#3647=DIRECTION('',(1.,-2.77555756156289E-16,-2.77555756156289E-16));
#3648=DIRECTION('center_axis',(-2.22044604925031E-16,-1.,0.));
#3649=DIRECTION('ref_axis',(2.22044604925031E-16,-4.93038065763132E-32,
1.));
#3650=DIRECTION('center_axis',(2.22044604925031E-16,1.,0.));
#3651=DIRECTION('ref_axis',(1.,-2.22044604925031E-16,-2.22044604925031E-16));
#3652=DIRECTION('center_axis',(2.22044604925031E-16,1.,0.));
#3653=DIRECTION('ref_axis',(-1.,2.22044604925031E-16,2.22044604925031E-16));
#3654=DIRECTION('',(-0.86602540378614,0.499999999997054,8.62387447660351E-17));
#3655=DIRECTION('center_axis',(2.22044604925031E-16,1.,0.));
#3656=DIRECTION('ref_axis',(-1.,2.22044604925031E-16,2.22044604925031E-16));
#3657=DIRECTION('center_axis',(2.22044604925031E-16,1.,0.));
#3658=DIRECTION('ref_axis',(1.,-2.22044604925031E-16,-2.22044604925031E-16));
#3659=DIRECTION('center_axis',(2.22044604925031E-16,1.,0.));
#3660=DIRECTION('ref_axis',(1.,-2.22044604925031E-16,-2.22044604925031E-16));
#3661=DIRECTION('',(-0.857167300714136,0.515038074890043,8.53566555263915E-17));
#3662=DIRECTION('center_axis',(-2.22044604925031E-16,-1.,0.));
#3663=DIRECTION('ref_axis',(1.,-2.22044604925031E-16,-2.22044604925031E-16));
#3664=DIRECTION('center_axis',(-2.22044604925031E-16,-1.,0.));
#3665=DIRECTION('ref_axis',(1.,-2.22044604925031E-16,-2.22044604925031E-16));
#3666=DIRECTION('',(2.22044604925031E-16,1.,0.));
#3667=DIRECTION('center_axis',(-2.22044604925031E-16,-1.,0.));
#3668=DIRECTION('ref_axis',(1.,-2.22044604925031E-16,-2.22044604925031E-16));
#3669=DIRECTION('center_axis',(2.22044604925031E-16,1.,0.));
#3670=DIRECTION('ref_axis',(-1.,2.22044604925031E-16,2.22044604925031E-16));
#3671=DIRECTION('',(-0.866025403788329,-0.499999999993262,1.9229626863922E-16));
#3672=DIRECTION('center_axis',(-2.22044604925031E-16,-1.,0.));
#3673=DIRECTION('ref_axis',(0.923879532511287,-2.05142465794791E-16,0.38268343236509));
#3674=CARTESIAN_POINT('',(0.,0.,0.));
#3675=CARTESIAN_POINT('Origin',(26.1875000013333,33.8143829384525,12.8768829371192));
#3676=CARTESIAN_POINT('',(21.6875000013333,32.5643829357525,12.8768829371192));
#3677=CARTESIAN_POINT('',(21.6875000013333,32.8143829384525,12.8768829371192));
#3678=CARTESIAN_POINT('',(21.6875000013333,33.8143829384525,12.8768829371192));
#3679=CARTESIAN_POINT('',(26.1874999151402,33.3143829385711,17.3768829371524));
#3680=CARTESIAN_POINT('Ctrl Pts',(26.1874999151426,33.3143829386425,17.3768829371192));
#3681=CARTESIAN_POINT('Ctrl Pts',(26.650435434484,33.2988603661682,17.376882945986));
#3682=CARTESIAN_POINT('Ctrl Pts',(27.1106495292742,33.2824368944414,17.3054480732472));
#3683=CARTESIAN_POINT('Ctrl Pts',(27.9988715820576,33.248729036015,17.022839993192));
#3684=CARTESIAN_POINT('Ctrl Pts',(28.4208949563386,33.2316443680429,16.8115984533511));
#3685=CARTESIAN_POINT('Ctrl Pts',(29.2725880383956,33.1946392542665,16.2033992522897));
#3686=CARTESIAN_POINT('Ctrl Pts',(29.6735617230853,33.1758250417627,15.780475836016));
#3687=CARTESIAN_POINT('Ctrl Pts',(30.3012539568782,33.1340428740739,14.794389154199));
#3688=CARTESIAN_POINT('Ctrl Pts',(30.5173945650486,33.1123747102264,14.2376997170793));
#3689=CARTESIAN_POINT('Ctrl Pts',(30.7196271230409,33.0709492614761,13.0860204308515));
#3690=CARTESIAN_POINT('Ctrl Pts',(30.7090130394042,33.0521431217425,12.5029393635661));
#3691=CARTESIAN_POINT('Ctrl Pts',(30.4651056619965,33.0104278645631,11.3598792871137));
#3692=CARTESIAN_POINT('Ctrl Pts',(30.2291445564239,32.9887750961108,10.8118589117535));
#3693=CARTESIAN_POINT('Ctrl Pts',(29.5661265621578,32.9472744359521,9.84880014505544));
#3694=CARTESIAN_POINT('Ctrl Pts',(29.1494666702993,32.9284674341763,9.44014672185234));
#3695=CARTESIAN_POINT('Ctrl Pts',(28.1741491432786,32.8868208303201,8.7962160444033));
#3696=CARTESIAN_POINT('Ctrl Pts',(27.622171536818,32.8651850798723,8.5710338355031));
#3697=CARTESIAN_POINT('Ctrl Pts',(26.4742867572079,32.8236103551681,8.34889265947441));
#3698=CARTESIAN_POINT('Ctrl Pts',(25.890194597424,32.8047933947915,8.34957114807316));
#3699=CARTESIAN_POINT('Ctrl Pts',(24.7433234433407,32.7632169733542,8.5742815967783));
#3700=CARTESIAN_POINT('Ctrl Pts',(24.1923120182199,32.7415998247059,8.80045704358473));
#3701=CARTESIAN_POINT('Ctrl Pts',(23.2178833273034,32.6999524380815,9.44658991818482));
#3702=CARTESIAN_POINT('Ctrl Pts',(22.80145450755,32.6811164271821,9.85691113670012));
#3703=CARTESIAN_POINT('Ctrl Pts',(22.1412781834994,32.6396114626567,10.8212753335043));
#3704=CARTESIAN_POINT('Ctrl Pts',(21.9071000594214,32.6180144392106,11.3683717399457));
#3705=CARTESIAN_POINT('Ctrl Pts',(21.7200413604991,32.5857839463891,12.2521116119014));
#3706=CARTESIAN_POINT('Ctrl Pts',(21.6875000013333,32.5748598632558,12.5644255837157));
#3707=CARTESIAN_POINT('Ctrl Pts',(21.6875000013333,32.5643829357525,12.8768829371192));
#3708=CARTESIAN_POINT('',(30.6875000013333,33.3143829384525,12.8768829371192));
#3709=CARTESIAN_POINT('Origin',(26.1875000013333,33.3143829384525,12.8768829371192));
#3710=CARTESIAN_POINT('Ctrl Pts',(21.6875000013333,32.8143829384525,12.8768829371192));
#3711=CARTESIAN_POINT('Ctrl Pts',(21.6875000013333,32.8156172057543,12.840072918687));
#3712=CARTESIAN_POINT('Ctrl Pts',(21.6879516590468,32.8168583631338,12.8032444976241));
#3713=CARTESIAN_POINT('Ctrl Pts',(21.7035950841232,32.8384348051574,12.1662418626524));
#3714=CARTESIAN_POINT('Ctrl Pts',(21.8382864825663,32.8601277015423,11.5750774506258));
#3715=CARTESIAN_POINT('Ctrl Pts',(22.3222672343024,32.9028551455754,10.5012721923513));
#3716=CARTESIAN_POINT('Ctrl Pts',(22.6587248761956,32.9231650305563,10.0253555430157));
#3717=CARTESIAN_POINT('Ctrl Pts',(23.5096973480383,32.963011699974,9.21082462588224));
#3718=CARTESIAN_POINT('Ctrl Pts',(24.0222489314759,32.9847008490384,8.88661487688647));
#3719=CARTESIAN_POINT('Ctrl Pts',(25.1229524271185,33.0274415181733,8.46662000588274));
#3720=CARTESIAN_POINT('Ctrl Pts',(25.697248741179,33.0478007226516,8.36653464069316));
#3721=CARTESIAN_POINT('Ctrl Pts',(26.8752596359895,33.0876174490762,8.38936906438882));
#3722=CARTESIAN_POINT('Ctrl Pts',(27.467416265408,33.1093029706184,8.52113404947074));
#3723=CARTESIAN_POINT('Ctrl Pts',(28.5440998325007,33.1520558486578,8.99999719748685));
#3724=CARTESIAN_POINT('Ctrl Pts',(29.0218391118524,33.1724617229017,9.33425242316659));
#3725=CARTESIAN_POINT('Ctrl Pts',(29.8408153646113,33.212250441846,10.1816552979259));
#3726=CARTESIAN_POINT('Ctrl Pts',(30.1676049933664,33.233932468552,10.692925847405));
#3727=CARTESIAN_POINT('Ctrl Pts',(30.5847412857769,33.2758793220879,11.7711391435971));
#3728=CARTESIAN_POINT('Ctrl Pts',(30.6875000013333,33.2957656595755,12.3216528199287));
#3729=CARTESIAN_POINT('Ctrl Pts',(30.6875000013333,33.3143829384525,12.8768829371197));
#3730=CARTESIAN_POINT('Origin',(26.1875000013333,33.8143829384525,12.8768829371192));
#3731=CARTESIAN_POINT('',(21.6875000013333,31.5643829357525,12.8768829371192));
#3732=CARTESIAN_POINT('',(21.6875000013333,31.8143829384525,12.8768829371192));
#3733=CARTESIAN_POINT('',(21.6875000013333,33.8143829384525,12.8768829371192));
#3734=CARTESIAN_POINT('Ctrl Pts',(21.6875000013333,32.5643829357525,12.8768829371192));
#3735=CARTESIAN_POINT('Ctrl Pts',(21.6875000013333,32.5555072395994,13.1415861651151));
#3736=CARTESIAN_POINT('Ctrl Pts',(21.7108545705679,32.5463044597568,13.4063703537922));
#3737=CARTESIAN_POINT('Ctrl Pts',(21.8611681906919,32.5159995028644,14.2479045525841));
#3738=CARTESIAN_POINT('Ctrl Pts',(22.0775379767893,32.4944240448825,14.8017342589305));
#3739=CARTESIAN_POINT('Ctrl Pts',(22.7067044043173,32.4526366116566,15.7873673448693));
#3740=CARTESIAN_POINT('Ctrl Pts',(23.1106915419126,32.4337355758475,16.211565559889));
#3741=CARTESIAN_POINT('Ctrl Pts',(24.064064917246,32.3923763986758,16.8877793847819));
#3742=CARTESIAN_POINT('Ctrl Pts',(24.6061787116752,32.3708238458801,17.1307847115422));
#3743=CARTESIAN_POINT('Ctrl Pts',(25.7459286323487,32.3289694773127,17.3926995325536));
#3744=CARTESIAN_POINT('Ctrl Pts',(26.3320469343181,32.3100229958764,17.4119344319946));
#3745=CARTESIAN_POINT('Ctrl Pts',(27.4860451909412,32.2687376188793,17.2253855305415));
#3746=CARTESIAN_POINT('Ctrl Pts',(28.0424865116432,32.2472091933111,17.0187070730159));
#3747=CARTESIAN_POINT('Ctrl Pts',(29.0390114510543,32.2052901993095,16.4063635299602));
#3748=CARTESIAN_POINT('Ctrl Pts',(29.4708731648111,32.1862901933022,16.0086256408093));
#3749=CARTESIAN_POINT('Ctrl Pts',(30.1627123630726,32.1450788543866,15.0661335429928));
#3750=CARTESIAN_POINT('Ctrl Pts',(30.414262803937,32.1235756458235,14.5290308623461));
#3751=CARTESIAN_POINT('Ctrl Pts',(30.6955201977204,32.0815944881039,13.3935116170129));
#3752=CARTESIAN_POINT('Ctrl Pts',(30.7244796930699,32.0625334096139,12.8064063328856));
#3753=CARTESIAN_POINT('Ctrl Pts',(30.556402107667,32.0213960699372,11.6491719793687));
#3754=CARTESIAN_POINT('Ctrl Pts',(30.359173285664,31.9999190239395,11.0903488037429));
#3755=CARTESIAN_POINT('Ctrl Pts',(29.7632921957473,31.9578782853975,10.0833740596874));
#3756=CARTESIAN_POINT('Ctrl Pts',(29.3716440765185,31.9387492001897,9.64405016789335));
#3757=CARTESIAN_POINT('Ctrl Pts',(28.4397827296786,31.8976855478282,8.9371794982915));
#3758=CARTESIAN_POINT('Ctrl Pts',(27.9076461857197,31.8762354569257,8.67746421442785));
#3759=CARTESIAN_POINT('Ctrl Pts',(26.7763833914298,31.8341378113435,8.37754371267435));
#3760=CARTESIAN_POINT('Ctrl Pts',(26.1883274709588,31.8149344661279,8.33917043853401));
#3761=CARTESIAN_POINT('Ctrl Pts',(25.0281101131396,31.7739439233138,8.48947704041436));
#3762=CARTESIAN_POINT('Ctrl Pts',(24.4671467643551,31.7525214211762,8.67761186944581));
#3763=CARTESIAN_POINT('Ctrl Pts',(23.4502714160138,31.7103696033275,9.25758849633729));
#3764=CARTESIAN_POINT('Ctrl Pts',(23.0037719580368,31.6910864763745,9.64337323772314));
#3765=CARTESIAN_POINT('Ctrl Pts',(22.2826162204534,31.650168210699,10.5649815938125));
#3766=CARTESIAN_POINT('Ctrl Pts',(22.0151954578428,31.6287737695623,11.0922667600644));
#3767=CARTESIAN_POINT('Ctrl Pts',(21.7440792622245,31.5927595052651,12.0540337181943));
#3768=CARTESIAN_POINT('Ctrl Pts',(21.6875000013333,31.5781975595526,12.4648842104452));
#3769=CARTESIAN_POINT('Ctrl Pts',(21.6875000013333,31.5643829357525,12.8768829371193));
#3770=CARTESIAN_POINT('Ctrl Pts',(21.6875000013333,31.8143829384525,12.8768829371192));
#3771=CARTESIAN_POINT('Ctrl Pts',(21.6875000013333,31.8170792911989,12.796468594009));
#3772=CARTESIAN_POINT('Ctrl Pts',(21.689655461635,31.8198080047213,12.715981964186));
#3773=CARTESIAN_POINT('Ctrl Pts',(21.7260849426699,31.8430540597044,12.0377956996278));
#3774=CARTESIAN_POINT('Ctrl Pts',(21.8771283656988,31.8647781447064,11.4524743680962));
#3775=CARTESIAN_POINT('Ctrl Pts',(22.3897309498583,31.9073530548876,10.3950737355107));
#3776=CARTESIAN_POINT('Ctrl Pts',(22.7386097881823,31.9271760575993,9.92942083363281));
#3777=CARTESIAN_POINT('Ctrl Pts',(23.6095792001909,31.9673419726548,9.14018111484297));
#3778=CARTESIAN_POINT('Ctrl Pts',(24.1291549821305,31.9890624027476,8.8306770471277));
#3779=CARTESIAN_POINT('Ctrl Pts',(25.2380167885336,32.0316617900266,8.44055037428241));
#3780=CARTESIAN_POINT('Ctrl Pts',(25.8137415036305,32.0515536898131,8.35550986930719));
#3781=CARTESIAN_POINT('Ctrl Pts',(26.9882910487052,32.0916713030066,8.40836457780261));
#3782=CARTESIAN_POINT('Ctrl Pts',(27.5754031966757,32.1133879084915,8.55454606226429));
#3783=CARTESIAN_POINT('Ctrl Pts',(28.6377392494811,32.1560100306553,9.05863275076287));
#3784=CARTESIAN_POINT('Ctrl Pts',(29.1064587280269,32.1759688732218,9.40379689499623));
#3785=CARTESIAN_POINT('Ctrl Pts',(29.9033004631795,32.2160406905734,10.2688111374888));
#3786=CARTESIAN_POINT('Ctrl Pts',(30.2172291515674,32.2377533604892,10.7863227468632));
#3787=CARTESIAN_POINT('Ctrl Pts',(30.6163140679817,32.2803965764234,11.8927810457758));
#3788=CARTESIAN_POINT('Ctrl Pts',(30.705869359723,32.3004201798749,12.468075168594));
#3789=CARTESIAN_POINT('Ctrl Pts',(30.662035732735,32.3404486679933,13.6437033573092));
#3790=CARTESIAN_POINT('Ctrl Pts',(30.5201765664354,32.3621573429158,14.2323693519389));
#3791=CARTESIAN_POINT('Ctrl Pts',(30.0236560778926,32.4048201109405,15.2990516241984));
#3792=CARTESIAN_POINT('Ctrl Pts',(29.6817786325526,32.4249061145322,15.7704864741195));
#3793=CARTESIAN_POINT('Ctrl Pts',(28.8220516981783,32.4648936875951,16.5740273114836));
#3794=CARTESIAN_POINT('Ctrl Pts',(28.3063926667896,32.4865983526148,16.8918521662587));
#3795=CARTESIAN_POINT('Ctrl Pts',(27.2020869277453,32.529279227742,17.2988452838093));
#3796=CARTESIAN_POINT('Ctrl Pts',(26.627171323115,32.549425136177,17.3923842329087));
#3797=CARTESIAN_POINT('Ctrl Pts',(25.4506199009994,32.5893741453132,17.3565019752239));
#3798=CARTESIAN_POINT('Ctrl Pts',(24.8606113616441,32.6110748235747,17.218459758195));
#3799=CARTESIAN_POINT('Ctrl Pts',(23.7901229911052,32.6537724544711,16.7286178769605));
#3800=CARTESIAN_POINT('Ctrl Pts',(23.3162983310831,32.673975678387,16.3896311587909));
#3801=CARTESIAN_POINT('Ctrl Pts',(22.5068868737265,32.7138884025821,15.534568160789));
#3802=CARTESIAN_POINT('Ctrl Pts',(22.1856502346298,32.73558514915,15.0205584917027));
#3803=CARTESIAN_POINT('Ctrl Pts',(21.7846714119824,32.7769614529322,13.952668272527));
#3804=CARTESIAN_POINT('Ctrl Pts',(21.6875000013333,32.7962791201467,13.4167999263815));
#3805=CARTESIAN_POINT('Ctrl Pts',(21.6875000013333,32.8143829384525,12.8768829371192));
#3806=CARTESIAN_POINT('Origin',(26.1875000013333,33.8143829384525,12.8768829371192));
#3807=CARTESIAN_POINT('',(21.6875000013333,30.5643829357525,12.8768829371192));
#3808=CARTESIAN_POINT('',(21.6875000013333,30.8143829384525,12.8768829371192));
#3809=CARTESIAN_POINT('',(21.6875000013333,33.8143829384525,12.8768829371192));
#3810=CARTESIAN_POINT('Ctrl Pts',(21.6875000013333,31.5643829357525,12.8768829371193));
#3811=CARTESIAN_POINT('Ctrl Pts',(21.6875000013333,31.5586474427479,13.0479347043569));
#3812=CARTESIAN_POINT('Ctrl Pts',(21.6972524887882,31.5527701681565,13.2191752646624));
#3813=CARTESIAN_POINT('Ctrl Pts',(21.7835276577061,31.5263558205966,13.9712039515957));
#3814=CARTESIAN_POINT('Ctrl Pts',(21.9630197164652,31.5049897515636,14.5340642273228));
#3815=CARTESIAN_POINT('Ctrl Pts',(22.5278194183729,31.4627378978643,15.5602094706792));
#3816=CARTESIAN_POINT('Ctrl Pts',(22.9080238093798,31.4432817216981,16.013526246762));
#3817=CARTESIAN_POINT('Ctrl Pts',(23.819864945146,31.4025045680124,16.7481020768978));
#3818=CARTESIAN_POINT('Ctrl Pts',(24.3424758399658,31.3811670242973,17.0227109146625));
#3819=CARTESIAN_POINT('Ctrl Pts',(25.4653991489697,31.3388692950994,17.3571707352766));
#3820=CARTESIAN_POINT('Ctrl Pts',(26.0552024503238,31.3193214189244,17.4130591835343));
#3821=CARTESIAN_POINT('Ctrl Pts',(27.2205861847764,31.2786126724372,17.2955146536776));
#3822=CARTESIAN_POINT('Ctrl Pts',(27.7851073213169,31.2573036549959,17.1241399822082));
#3823=CARTESIAN_POINT('Ctrl Pts',(28.8198368368864,31.2149627661173,16.5736540137546));
#3824=CARTESIAN_POINT('Ctrl Pts',(29.2795569233959,31.1953207731069,16.198702240532));
#3825=CARTESIAN_POINT('Ctrl Pts',(30.026604917152,31.154678750069,15.296057296255));
#3826=CARTESIAN_POINT('Ctrl Pts',(30.3078475608451,31.1333981155549,14.777891438337));
#3827=CARTESIAN_POINT('Ctrl Pts',(30.6579143813906,31.0910167242942,13.6589376751652));
#3828=CARTESIAN_POINT('Ctrl Pts',(30.7217624200716,31.0712789443185,13.0683532383276));
#3829=CARTESIAN_POINT('Ctrl Pts',(30.6189711698197,31.0307017998247,11.9007833111618));
#3830=CARTESIAN_POINT('Ctrl Pts',(30.4551368409233,31.0094492702115,11.3348235202228));
#3831=CARTESIAN_POINT('Ctrl Pts',(29.9180024575365,30.9670299591685,10.2922247832915));
#3832=CARTESIAN_POINT('Ctrl Pts',(29.5479435039604,30.9471954325086,9.82655442649692));
#3833=CARTESIAN_POINT('Ctrl Pts',(28.6538626921364,30.906681183475,9.06803051628641));
#3834=CARTESIAN_POINT('Ctrl Pts',(28.1398723660081,30.8854563572369,8.78072544297214));
#3835=CARTESIAN_POINT('Ctrl Pts',(27.0246924232943,30.8430016212872,8.41626699625191));
#3836=CARTESIAN_POINT('Ctrl Pts',(26.4333942054563,30.8230700538588,8.34505155600819));
#3837=CARTESIAN_POINT('Ctrl Pts',(25.2638889458819,30.7826166017861,8.43426464621198));
#3838=CARTESIAN_POINT('Ctrl Pts',(24.6966943426636,30.7614189659554,8.59116552223044));
#3839=CARTESIAN_POINT('Ctrl Pts',(23.6469480595717,30.7189312016553,9.11597283727785));
#3840=CARTESIAN_POINT('Ctrl Pts',(23.1758031834623,30.6989029131626,9.48151836713534));
#3841=CARTESIAN_POINT('Ctrl Pts',(22.4068163766885,30.6585080669759,10.3677043092618));
#3842=CARTESIAN_POINT('Ctrl Pts',(22.1140201041595,30.637337009989,10.8778165255883));
#3843=CARTESIAN_POINT('Ctrl Pts',(21.7680642520531,30.5983822568789,11.8962791879813));
#3844=CARTESIAN_POINT('Ctrl Pts',(21.6875000013333,30.580867370694,12.3852614276144));
#3845=CARTESIAN_POINT('Ctrl Pts',(21.6875000013333,30.5643829357525,12.8768829371193));
#3846=CARTESIAN_POINT('Ctrl Pts',(21.6875000013333,30.8143829384525,12.8768829371191));
#3847=CARTESIAN_POINT('Ctrl Pts',(21.6875000013333,30.8193682315788,12.7282046632931));
#3848=CARTESIAN_POINT('Ctrl Pts',(21.6948681547925,30.824461367946,12.5793621289899));
#3849=CARTESIAN_POINT('Ctrl Pts',(21.7687063801564,30.8503454394677,11.8379965132873));
#3850=CARTESIAN_POINT('Ctrl Pts',(21.9449306462233,30.8720832026681,11.2626974984094));
#3851=CARTESIAN_POINT('Ctrl Pts',(22.501764988131,30.9143877741054,10.2316806739544));
#3852=CARTESIAN_POINT('Ctrl Pts',(22.8702228223813,30.9336346212196,9.78214622477334));
#3853=CARTESIAN_POINT('Ctrl Pts',(23.7721811366804,30.9742760685573,9.0334820100202));
#3854=CARTESIAN_POINT('Ctrl Pts',(24.3020924990785,30.9960145065205,8.74763367420933));
#3855=CARTESIAN_POINT('Ctrl Pts',(25.4230964042679,31.0383609462289,8.40503284609829));
#3856=CARTESIAN_POINT('Ctrl Pts',(26.0011418177733,31.0576775316271,8.34400209994128));
#3857=CARTESIAN_POINT('Ctrl Pts',(27.1693709207004,31.0982514091606,8.44496673799797));
#3858=CARTESIAN_POINT('Ctrl Pts',(27.7476470400957,31.1199896352859,8.61403696856137));
#3859=CARTESIAN_POINT('Ctrl Pts',(28.7863038899459,31.1623754827416,9.15827853089602));
#3860=CARTESIAN_POINT('Ctrl Pts',(29.2404615116089,31.1817636566659,9.52111113310718));
#3861=CARTESIAN_POINT('Ctrl Pts',(30.0008676490381,31.2222720879718,10.4142387966101));
#3862=CARTESIAN_POINT('Ctrl Pts',(30.2935661115313,31.2440093232838,10.9412768765203));
#3863=CARTESIAN_POINT('Ctrl Pts',(30.6498698502766,31.286432182487,12.0588839376557));
#3864=CARTESIAN_POINT('Ctrl Pts',(30.7178353433463,31.3058931331183,12.6362535863993));
#3865=CARTESIAN_POINT('Ctrl Pts',(30.6307855919913,31.3463383731049,13.8064100181331));
#3866=CARTESIAN_POINT('Ctrl Pts',(30.4683055026379,31.3680739433819,14.3873366570339));
#3867=CARTESIAN_POINT('Ctrl Pts',(29.9356440060478,31.4105314943447,15.4329285678698));
#3868=CARTESIAN_POINT('Ctrl Pts',(29.5779474911005,31.4300657944047,15.891312875335));
#3869=CARTESIAN_POINT('Ctrl Pts',(28.692935250226,31.4704502028515,16.662381730323));
#3870=CARTESIAN_POINT('Ctrl Pts',(28.1685892414467,31.4921835341381,16.9612983376417));
#3871=CARTESIAN_POINT('Ctrl Pts',(27.0541486008744,31.5346735417972,17.3300811806961));
#3872=CARTESIAN_POINT('Ctrl Pts',(26.4773895606219,31.5542812004742,17.4043527658989));
#3873=CARTESIAN_POINT('Ctrl Pts',(25.3055525649523,31.5946072167259,17.3299443636899));
#3874=CARTESIAN_POINT('Ctrl Pts',(24.7222848351453,31.6163378298202,17.1734730848916));
#3875=CARTESIAN_POINT('Ctrl Pts',(23.6704533550136,31.6588581511298,16.6513557761263));
#3876=CARTESIAN_POINT('Ctrl Pts',(23.2082401113928,31.6785386700636,16.2983065201063));
#3877=CARTESIAN_POINT('Ctrl Pts',(22.427572806584,31.7188087885466,15.42067859993));
#3878=CARTESIAN_POINT('Ctrl Pts',(22.123061797505,31.7405362924677,14.898823659945));
#3879=CARTESIAN_POINT('Ctrl Pts',(21.7690910332844,31.7801656718217,13.863561250383));
#3880=CARTESIAN_POINT('Ctrl Pts',(21.6875000013333,31.7977937715737,13.3716279066197));
#3881=CARTESIAN_POINT('Ctrl Pts',(21.6875000013333,31.8143829384525,12.8768829371192));
#3882=CARTESIAN_POINT('Origin',(26.1875000013333,33.8143829384525,12.8768829371192));
#3883=CARTESIAN_POINT('',(21.6875000013333,29.5643829357525,12.8768829371192));
#3884=CARTESIAN_POINT('',(21.6875000013333,29.8143829384525,12.8768829371192));
#3885=CARTESIAN_POINT('',(21.6875000013333,33.8143829384525,12.8768829371192));
#3886=CARTESIAN_POINT('Ctrl Pts',(21.6875000013333,30.5643829357525,12.8768829371193));
#3887=CARTESIAN_POINT('Ctrl Pts',(21.6875000013333,30.5610923083532,12.9750205569402));
#3888=CARTESIAN_POINT('Ctrl Pts',(21.6907102698393,30.5577536671478,13.0732603738229));
#3889=CARTESIAN_POINT('Ctrl Pts',(21.7352745963899,30.5343558733737,13.7526024381278));
#3890=CARTESIAN_POINT('Ctrl Pts',(21.8858589839703,30.5132106980673,14.3208488665609));
#3891=CARTESIAN_POINT('Ctrl Pts',(22.3993920438209,30.4706636370584,15.3770335271422));
#3892=CARTESIAN_POINT('Ctrl Pts',(22.7608115806536,30.4504450360576,15.8531693716459));
#3893=CARTESIAN_POINT('Ctrl Pts',(23.6397872011725,30.4101605663958,16.6316163248743));
#3894=CARTESIAN_POINT('Ctrl Pts',(24.1463347807312,30.3890405031323,16.9293468437685));
#3895=CARTESIAN_POINT('Ctrl Pts',(25.2546803415109,30.3464669473125,17.3188599787297));
#3896=CARTESIAN_POINT('Ctrl Pts',(25.8472023439499,30.3261556904109,17.4029700527961));
#3897=CARTESIAN_POINT('Ctrl Pts',(27.0198943767677,30.2859229115875,17.337338987695));
#3898=CARTESIAN_POINT('Ctrl Pts',(27.5890313089817,30.2648271309485,17.1924608824628));
#3899=CARTESIAN_POINT('Ctrl Pts',(28.6509727093974,30.2222290279945,16.689150801922));
#3900=CARTESIAN_POINT('Ctrl Pts',(29.1316209860701,30.2018273049724,16.3314719185469));
#3901=CARTESIAN_POINT('Ctrl Pts',(29.9185574208836,30.1616438635581,15.4590257598822));
#3902=CARTESIAN_POINT('Ctrl Pts',(30.2206903290057,30.1405714886775,14.9557239382425));
#3903=CARTESIAN_POINT('Ctrl Pts',(30.6209059772699,30.0979506701838,13.8504019710968));
#3904=CARTESIAN_POINT('Ctrl Pts',(30.7105525831202,30.077460989163,13.2573659557158));
#3905=CARTESIAN_POINT('Ctrl Pts',(30.65497439784,30.0373245363585,12.083382650855));
#3906=CARTESIAN_POINT('Ctrl Pts',(30.5152125930362,30.0162746544228,11.5134953319228));
#3907=CARTESIAN_POINT('Ctrl Pts',(30.0211003544049,29.9736328372804,10.4464403559353));
#3908=CARTESIAN_POINT('Ctrl Pts',(29.66678724852,29.953057968114,9.96174281047617));
#3909=CARTESIAN_POINT('Ctrl Pts',(28.7868861022449,29.9123498049831,9.15502434421725));
#3910=CARTESIAN_POINT('Ctrl Pts',(28.2687749543078,29.8906347527011,8.84237153959454));
#3911=CARTESIAN_POINT('Ctrl Pts',(27.1616191376326,29.8480040599313,8.44587224787075));
#3912=CARTESIAN_POINT('Ctrl Pts',(26.5862009353481,29.8280192181651,8.35761980565646));
#3913=CARTESIAN_POINT('Ctrl Pts',(25.4108804825113,29.7879649064657,8.40405567060721));
#3914=CARTESIAN_POINT('Ctrl Pts',(24.8226593668402,29.7662538191185,8.54716256430014));
#3915=CARTESIAN_POINT('Ctrl Pts',(23.7572277536493,29.7236026567709,9.04586680217458));
#3916=CARTESIAN_POINT('Ctrl Pts',(23.2865757354215,29.7035539730685,9.38869154973066));
#3917=CARTESIAN_POINT('Ctrl Pts',(22.4849630983539,29.6635420246603,10.2499441259155));
#3918=CARTESIAN_POINT('Ctrl Pts',(22.168259372832,29.6418349431999,10.7661396106654));
#3919=CARTESIAN_POINT('Ctrl Pts',(21.7802931255391,29.6009307350664,11.8253403287547));
#3920=CARTESIAN_POINT('Ctrl Pts',(21.6875000013333,29.5820742150718,12.3492692533688));
#3921=CARTESIAN_POINT('Ctrl Pts',(21.6875000013333,29.5643829357525,12.8768829371192));
#3922=CARTESIAN_POINT('Ctrl Pts',(21.6875000013333,29.8143829384525,12.8768829371192));
#3923=CARTESIAN_POINT('Ctrl Pts',(21.6875000013333,29.8224685685146,12.6357421476066));
#3924=CARTESIAN_POINT('Ctrl Pts',(21.7068818641436,29.8308280400497,12.3944627112002));
#3925=CARTESIAN_POINT('Ctrl Pts',(21.8406657016445,29.8603025294454,11.5708489970685));
#3926=CARTESIAN_POINT('Ctrl Pts',(22.0500714722657,29.8819907090007,11.0107729631373));
#3927=CARTESIAN_POINT('Ctrl Pts',(22.6657204731738,29.9238695572278,10.0168144717504));
#3928=CARTESIAN_POINT('Ctrl Pts',(23.0610564542645,29.9427119879382,9.58928896286585));
#3929=CARTESIAN_POINT('Ctrl Pts',(24.0042884614149,29.9839463452099,8.89757874211817));
#3930=CARTESIAN_POINT('Ctrl Pts',(24.5467938789611,30.0056458305918,8.64493973096699));
#3931=CARTESIAN_POINT('Ctrl Pts',(25.6829819847598,30.04758644965,8.36821589282098));
#3932=CARTESIAN_POINT('Ctrl Pts',(26.2643565679648,30.0664578312426,8.34072705254487));
#3933=CARTESIAN_POINT('Ctrl Pts',(27.4220763516156,30.1076153258827,8.50908386329523));
#3934=CARTESIAN_POINT('Ctrl Pts',(27.9864327394215,30.1293245215402,8.70966910491466));
#3935=CARTESIAN_POINT('Ctrl Pts',(28.9905152494908,30.17132460807,9.30960572045459));
#3936=CARTESIAN_POINT('Ctrl Pts',(29.423993105355,30.1902324452613,9.6976577287265));
#3937=CARTESIAN_POINT('Ctrl Pts',(30.1312693263435,30.2313132973591,10.6298640448928));
#3938=CARTESIAN_POINT('Ctrl Pts',(30.3929758578001,30.2530306584968,11.1691466879518));
#3939=CARTESIAN_POINT('Ctrl Pts',(30.6876071499525,30.2950878068673,12.3013925810006));
#3940=CARTESIAN_POINT('Ctrl Pts',(30.724252902693,30.3140389972354,12.8818489989322));
#3941=CARTESIAN_POINT('Ctrl Pts',(30.5742966273218,30.3550437274757,14.0426345836979));
#3942=CARTESIAN_POINT('Ctrl Pts',(30.3822449824716,30.376767775918,14.6109686632196));
#3943=CARTESIAN_POINT('Ctrl Pts',(29.7974515039954,30.4188795045194,15.6246532095863));
#3944=CARTESIAN_POINT('Ctrl Pts',(29.4163461903412,30.4378802778239,16.0638156299205));
#3945=CARTESIAN_POINT('Ctrl Pts',(28.4947685311443,30.478809696006,16.785848456838));
#3946=CARTESIAN_POINT('Ctrl Pts',(27.9586927134332,30.5005390335501,17.0561592508154));
#3947=CARTESIAN_POINT('Ctrl Pts',(26.8303266409651,30.5427028100163,17.3678344813506));
#3948=CARTESIAN_POINT('Ctrl Pts',(26.2507350354499,30.5617586839956,17.413166380985));
#3949=CARTESIAN_POINT('Ctrl Pts',(25.0871783151678,30.6026138738806,17.2806671241165));
#3950=CARTESIAN_POINT('Ctrl Pts',(24.5151930837583,30.6243471932368,17.0967626338567));
#3951=CARTESIAN_POINT('Ctrl Pts',(23.4925112605564,30.6665604587513,16.5263798453625));
#3952=CARTESIAN_POINT('Ctrl Pts',(23.0479837146618,30.685676211796,16.1518212986342));
#3953=CARTESIAN_POINT('Ctrl Pts',(22.3121265693147,30.7264585121248,15.2403574107263));
#3954=CARTESIAN_POINT('Ctrl Pts',(22.0337508624277,30.7481946050951,14.7074207196935));
#3955=CARTESIAN_POINT('Ctrl Pts',(21.7477884527526,30.7850720901924,13.7260591058516));
#3956=CARTESIAN_POINT('Ctrl Pts',(21.6875000013333,30.8001227071801,13.3021711832059));
#3957=CARTESIAN_POINT('Ctrl Pts',(21.6875000013333,30.8143829384525,12.8768829371191));
#3958=CARTESIAN_POINT('Origin',(26.1875000013333,33.8143829384525,12.8768829371192));
#3959=CARTESIAN_POINT('',(21.6875000013333,28.5643829357525,12.8768829371192));
#3960=CARTESIAN_POINT('',(21.6875000013333,28.8143829384525,12.8768829371192));
#3961=CARTESIAN_POINT('',(21.6875000013333,33.8143829384525,12.8768829371192));
#3962=CARTESIAN_POINT('Ctrl Pts',(21.6875000013333,29.5643829357525,12.8768829371192));
#3963=CARTESIAN_POINT('Ctrl Pts',(21.6875000013333,29.5627524779335,12.9255086945066));
#3964=CARTESIAN_POINT('Ctrl Pts',(21.6882881518628,29.5611100484872,12.9741650236054));
#3965=CARTESIAN_POINT('Ctrl Pts',(21.7093230399492,29.539082732472,13.622381026277));
#3966=CARTESIAN_POINT('Ctrl Pts',(21.8484646375979,29.5173796559113,14.2120057126487));
#3967=CARTESIAN_POINT('Ctrl Pts',(22.3402298786507,29.4746919676683,15.2814008779694));
#3968=CARTESIAN_POINT('Ctrl Pts',(22.6800481083549,29.4545229759891,15.7545379665076));
#3969=CARTESIAN_POINT('Ctrl Pts',(23.5364539555009,29.4145886500409,16.5622628254534));
#3970=CARTESIAN_POINT('Ctrl Pts',(24.050939955611,29.3928895418795,16.8825195344638));
#3971=CARTESIAN_POINT('Ctrl Pts',(25.153884728385,29.3501856095784,17.2944584317679));
#3972=CARTESIAN_POINT('Ctrl Pts',(25.7285643316485,29.3299603491857,17.3904879862949));
#3973=CARTESIAN_POINT('Ctrl Pts',(26.9056794453033,29.2900614243848,17.359572672505));
#3974=CARTESIAN_POINT('Ctrl Pts',(27.4965137566277,29.2683662183947,17.2239180488967));
#3975=CARTESIAN_POINT('Ctrl Pts',(28.5693678652099,29.2256472688,16.7382526182394));
#3976=CARTESIAN_POINT('Ctrl Pts',(29.0446837104244,29.2053684014955,16.4010687747839));
#3977=CARTESIAN_POINT('Ctrl Pts',(29.8577462305106,29.1655027110491,15.548920801673));
#3978=CARTESIAN_POINT('Ctrl Pts',(30.1811034252337,29.1438113166885,15.0359491163805));
#3979=CARTESIAN_POINT('Ctrl Pts',(30.599359105612,29.1010784923244,13.9347591819483));
#3980=CARTESIAN_POINT('Ctrl Pts',(30.6985689636918,29.0807486953903,13.3603802340265));
#3981=CARTESIAN_POINT('Ctrl Pts',(30.6739909694326,29.0409141587495,12.1825603890074));
#3982=CARTESIAN_POINT('Ctrl Pts',(30.541386206355,29.0192264658973,11.5906868512267));
#3983=CARTESIAN_POINT('Ctrl Pts',(30.0610545838717,28.9764808291368,10.5148275055623));
#3984=CARTESIAN_POINT('Ctrl Pts',(29.7261679326321,28.9561027693505,10.0376108467702));
#3985=CARTESIAN_POINT('Ctrl Pts',(28.8777409736532,28.91629739581,9.21990782111028));
#3986=CARTESIAN_POINT('Ctrl Pts',(28.3661020917555,28.894613279123,8.89385694683983));
#3987=CARTESIAN_POINT('Ctrl Pts',(27.2664548739154,28.8518558166698,8.47010287671769));
#3988=CARTESIAN_POINT('Ctrl Pts',(26.6923369642108,28.8314321287122,8.36812528658778));
#3989=CARTESIAN_POINT('Ctrl Pts',(25.5139175034041,28.7916540193324,8.3871929174891));
#3990=CARTESIAN_POINT('Ctrl Pts',(24.921153452764,28.7699733419445,8.51714267891582));
#3991=CARTESIAN_POINT('Ctrl Pts',(23.8426930847605,28.727204969022,8.99283188166741));
#3992=CARTESIAN_POINT('Ctrl Pts',(23.3638252418453,28.7067382370131,9.32572384043396));
#3993=CARTESIAN_POINT('Ctrl Pts',(22.5421034646971,28.6669855858185,10.1709138196805));
#3994=CARTESIAN_POINT('Ctrl Pts',(22.2137213051591,28.6453082027058,10.681386233682));
#3995=CARTESIAN_POINT('Ctrl Pts',(21.7918141747831,28.6031899913996,11.7627338513852));
#3996=CARTESIAN_POINT('Ctrl Pts',(21.6875000013333,28.5831403285767,12.3174741489279));
#3997=CARTESIAN_POINT('Ctrl Pts',(21.6875000013333,28.5643829357525,12.8768829371192));
#3998=CARTESIAN_POINT('Ctrl Pts',(21.6875000013333,28.8143829384525,12.8768829371192));
#3999=CARTESIAN_POINT('Ctrl Pts',(21.6875000013333,28.825892138141,12.5336397416944));
#4000=CARTESIAN_POINT('Ctrl Pts',(21.7267699148475,28.8379339822031,12.1907774233776));
#4001=CARTESIAN_POINT('Ctrl Pts',(21.9395030119445,28.8714805537299,11.2784223248595));
#4002=CARTESIAN_POINT('Ctrl Pts',(22.186438292081,28.8931660650548,10.7339710984321));
#4003=CARTESIAN_POINT('Ctrl Pts',(22.8683463022886,28.9344938200372,9.7838934487258));
#4004=CARTESIAN_POINT('Ctrl Pts',(23.2921450542622,28.9533119012246,9.38399243804752));
#4005=CARTESIAN_POINT('Ctrl Pts',(24.2797317812968,28.995112651692,8.75858367371924));
#4006=CARTESIAN_POINT('Ctrl Pts',(24.8370703968185,29.0167848727734,8.54371820000191));
#4007=CARTESIAN_POINT('Ctrl Pts',(25.9892676452897,29.0581888797451,8.3442799215495));
#4008=CARTESIAN_POINT('Ctrl Pts',(26.5722072392546,29.076996406681,8.35628721828217));
#4009=CARTESIAN_POINT('Ctrl Pts',(27.7147190700472,29.1187307752723,8.60289419944851));
#4010=CARTESIAN_POINT('Ctrl Pts',(28.2623048944386,29.1403880641388,8.8402298736876));
#4011=CARTESIAN_POINT('Ctrl Pts',(29.2237512208078,29.1818675543333,9.50561640583103));
#4012=CARTESIAN_POINT('Ctrl Pts',(29.6313103566082,29.2006733941199,9.92316847151818));
#4013=CARTESIAN_POINT('Ctrl Pts',(30.2724464381205,29.2423075941305,10.8992736329363));
#4014=CARTESIAN_POINT('Ctrl Pts',(30.496166568767,29.2639148642165,11.4510074610006));
#4015=CARTESIAN_POINT('Ctrl Pts',(30.7160657204501,29.3054556954937,12.5988101010686));
#4016=CARTESIAN_POINT('Ctrl Pts',(30.7142458901727,29.3242810469416,13.1831564630527));
#4017=CARTESIAN_POINT('Ctrl Pts',(30.487104465582,29.3658923024951,14.3300595449154));
#4018=CARTESIAN_POINT('Ctrl Pts',(30.2596636393212,29.3875189452438,14.8808299788343));
#4019=CARTESIAN_POINT('Ctrl Pts',(29.6116629741752,29.4291306279383,15.8534201938258));
#4020=CARTESIAN_POINT('Ctrl Pts',(29.2010702446206,29.4479414675677,16.2684991840982));
#4021=CARTESIAN_POINT('Ctrl Pts',(28.2351614189748,29.4894793283129,16.9273149720635));
#4022=CARTESIAN_POINT('Ctrl Pts',(27.686379176366,29.5111237869514,17.1608384614571));
#4023=CARTESIAN_POINT('Ctrl Pts',(26.5423547303078,29.5528049158089,17.399960406163));
#4024=CARTESIAN_POINT('Ctrl Pts',(25.9590224337118,29.5716103568513,17.4081024547996));
#4025=CARTESIAN_POINT('Ctrl Pts',(24.8082707324119,29.6130735439514,17.2009133480681));
#4026=CARTESIAN_POINT('Ctrl Pts',(24.252740195775,29.6347342130703,16.9825145276709));
#4027=CARTESIAN_POINT('Ctrl Pts',(23.2693212574242,29.6764831493543,16.3507744548293));
#4028=CARTESIAN_POINT('Ctrl Pts',(22.8479527639372,29.6952922226293,15.9478949197181));
#4029=CARTESIAN_POINT('Ctrl Pts',(22.1724591662978,29.7366797341184,14.9933781914757));
#4030=CARTESIAN_POINT('Ctrl Pts',(21.9292531523243,29.758354979352,14.4476884216435));
#4031=CARTESIAN_POINT('Ctrl Pts',(21.7245950745136,29.7915058555099,13.5437895123442));
#4032=CARTESIAN_POINT('Ctrl Pts',(21.6875000013333,29.8031969687016,13.2104863244187));
#4033=CARTESIAN_POINT('Ctrl Pts',(21.6875000013333,29.8143829384525,12.8768829371192));
#4034=CARTESIAN_POINT('Origin',(26.1875000013333,33.8143829384525,12.8768829371192));
#4035=CARTESIAN_POINT('',(21.6875000013333,27.5643829358003,12.876882936406));
#4036=CARTESIAN_POINT('',(21.6875000013333,27.8143829384525,12.8768829371192));
#4037=CARTESIAN_POINT('',(21.6875000013333,33.8143829384525,12.8768829371192));
#4038=CARTESIAN_POINT('Ctrl Pts',(21.6875000013333,28.5643829357525,12.8768829371192));
#4039=CARTESIAN_POINT('Ctrl Pts',(21.6875000013333,28.5637732699697,12.895065229294));
#4040=CARTESIAN_POINT('Ctrl Pts',(21.687610199826,28.5631619116945,12.9132523515953));
#4041=CARTESIAN_POINT('Ctrl Pts',(21.6951189053988,28.5422936041768,13.5325055357407));
#4042=CARTESIAN_POINT('Ctrl Pts',(21.8227668563272,28.5206193649194,14.1260310207205));
#4043=CARTESIAN_POINT('Ctrl Pts',(22.2944317130677,28.4778316526668,15.2067350915449));
#4044=CARTESIAN_POINT('Ctrl Pts',(22.6255980339112,28.4572863119847,15.6870318828464));
#4045=CARTESIAN_POINT('Ctrl Pts',(23.4679833114816,28.4175795297931,16.512222240621));
#4046=CARTESIAN_POINT('Ctrl Pts',(23.9774398096253,28.3959082810698,16.8426153619744));
#4047=CARTESIAN_POINT('Ctrl Pts',(25.0745641210158,28.3531120182429,17.2752538939869));
#4048=CARTESIAN_POINT('Ctrl Pts',(25.6482614524814,28.3325309493101,17.3817028952816));
#4049=CARTESIAN_POINT('Ctrl Pts',(26.8276228280625,28.2928447606178,17.371527537289));
#4050=CARTESIAN_POINT('Ctrl Pts',(27.4217982141771,28.2711763481696,17.2458681167522));
#4051=CARTESIAN_POINT('Ctrl Pts',(28.5044322169879,28.2283722062871,16.7776795946252));
#4052=CARTESIAN_POINT('Ctrl Pts',(28.9859615964153,28.2077576710076,16.4480013630051));
#4053=CARTESIAN_POINT('Ctrl Pts',(29.8141369626326,28.1680906339373,15.6080378501285));
#4054=CARTESIAN_POINT('Ctrl Pts',(30.1462597819328,28.1464249043386,15.0994624152661));
#4055=CARTESIAN_POINT('Ctrl Pts',(30.5824447588383,28.1036135038714,14.0033556338992));
#4056=CARTESIAN_POINT('Ctrl Pts',(30.6906784477179,28.082967666247,13.429825796043));
#4057=CARTESIAN_POINT('Ctrl Pts',(30.6840486956274,28.0433184248174,12.2500976745342));
#4058=CARTESIAN_POINT('Ctrl Pts',(30.5601019051506,28.0216552267908,11.655368405478));
#4059=CARTESIAN_POINT('Ctrl Pts',(30.0949072261443,27.9788371405865,10.5710784454819));
#4060=CARTESIAN_POINT('Ctrl Pts',(29.7665086739842,27.9581620634507,10.088488857226));
#4061=CARTESIAN_POINT('Ctrl Pts',(28.9286300369808,27.9185293448921,9.25775108822448));
#4062=CARTESIAN_POINT('Ctrl Pts',(28.4208159333537,27.8968685305029,8.92414414780414));
#4063=CARTESIAN_POINT('Ctrl Pts',(27.3255879831135,27.854044287329,8.48491280998245));
#4064=CARTESIAN_POINT('Ctrl Pts',(26.7522018546946,27.8333419311342,8.37514614270129));
#4065=CARTESIAN_POINT('Ctrl Pts',(25.5721628890732,27.793724542524,8.3787320477351));
#4066=CARTESIAN_POINT('Ctrl Pts',(24.9769621490836,27.7720659679884,8.50120771533494));
#4067=CARTESIAN_POINT('Ctrl Pts',(23.8912543097679,27.729236055576,8.9638308178469));
#4068=CARTESIAN_POINT('Ctrl Pts',(23.4077550050852,27.7085082779125,9.29113154796759));
#4069=CARTESIAN_POINT('Ctrl Pts',(22.574822356822,27.6689051030238,10.1272199442242));
#4070=CARTESIAN_POINT('Ctrl Pts',(22.2399446864153,27.6472486294626,10.6343782361117));
#4071=CARTESIAN_POINT('Ctrl Pts',(21.7985680609617,27.6044586366538,11.7276961175877));
#4072=CARTESIAN_POINT('Ctrl Pts',(21.6875000015163,27.5837380624707,12.2996477060423));
#4073=CARTESIAN_POINT('Ctrl Pts',(21.6875000013333,27.5643829358003,12.8768829356928));
#4074=CARTESIAN_POINT('Ctrl Pts',(21.6875000013333,27.8143829384525,12.8768829371193));
#4075=CARTESIAN_POINT('Ctrl Pts',(21.6875000013333,27.8289082082014,12.4436903487613));
#4076=CARTESIAN_POINT('Ctrl Pts',(21.75005050662,27.8442508166852,12.0120312272503));
#4077=CARTESIAN_POINT('Ctrl Pts',(22.0434819013277,27.8814450286701,11.0243175034338));
#4078=CARTESIAN_POINT('Ctrl Pts',(22.3248556683395,27.9031825176867,10.4925810150961));
#4079=CARTESIAN_POINT('Ctrl Pts',(23.0658510817084,27.9439088354766,9.584915057053));
#4080=CARTESIAN_POINT('Ctrl Pts',(23.5123830798564,27.9630743200174,9.21279991298092));
#4081=CARTESIAN_POINT('Ctrl Pts',(24.5384090808182,28.0053245436336,8.64782969854856));
#4082=CARTESIAN_POINT('Ctrl Pts',(25.1117319597807,28.0270601320279,8.4669912039458));
#4083=CARTESIAN_POINT('Ctrl Pts',(26.2762932599928,28.0678581270378,8.34103524823294));
#4084=CARTESIAN_POINT('Ctrl Pts',(26.855562334684,28.08696051527,8.38962332229755));
#4085=CARTESIAN_POINT('Ctrl Pts',(27.9824385517843,28.1291632572184,8.70770089569036));
#4086=CARTESIAN_POINT('Ctrl Pts',(28.5172747136618,28.1508958185123,8.98123659278344));
#4087=CARTESIAN_POINT('Ctrl Pts',(29.4348260146602,28.1917670142769,9.70879789134535));
#4088=CARTESIAN_POINT('Ctrl Pts',(29.8133178686748,28.210810496944,10.1501011146982));
#4089=CARTESIAN_POINT('Ctrl Pts',(30.3923747094547,28.2529631933584,11.1673836535369));
#4090=CARTESIAN_POINT('Ctrl Pts',(30.5811860091193,28.2746914972694,11.7371868406298));
#4091=CARTESIAN_POINT('Ctrl Pts',(30.7241867111094,28.3156371789186,12.8990924900221));
#4092=CARTESIAN_POINT('Ctrl Pts',(30.6840801048926,28.3346266963995,13.4792035844834));
#4093=CARTESIAN_POINT('Ctrl Pts',(30.3826642546138,28.3767267922473,14.6099200599774));
#4094=CARTESIAN_POINT('Ctrl Pts',(30.1175294727959,28.39844951097,15.1479424561983));
#4095=CARTESIAN_POINT('Ctrl Pts',(29.4043723671426,28.4394707043092,16.0759336034168));
#4096=CARTESIAN_POINT('Ctrl Pts',(28.9686341178694,28.4584119317767,16.4612221579385));
#4097=CARTESIAN_POINT('Ctrl Pts',(27.9607253431851,28.5004569035901,17.0551530960352));
#4098=CARTESIAN_POINT('Ctrl Pts',(27.394774113878,28.522172620542,17.2523575833874));
#4099=CARTESIAN_POINT('Ctrl Pts',(26.2358193683188,28.5632700737702,17.4134099511367));
#4100=CARTESIAN_POINT('Ctrl Pts',(25.6548100575227,28.5821693902681,17.3822856932578));
#4101=CARTESIAN_POINT('Ctrl Pts',(24.5201689788327,28.6241567707549,17.0984601792014));
#4102=CARTESIAN_POINT('Ctrl Pts',(23.9789236454076,28.6458639920831,16.8422220684747));
#4103=CARTESIAN_POINT('Ctrl Pts',(23.0400467880113,28.687038161474,16.1443311162023));
#4104=CARTESIAN_POINT('Ctrl Pts',(22.6475978252165,28.7059026020798,15.7144473113934));
#4105=CARTESIAN_POINT('Ctrl Pts',(22.0381559939106,28.7478300055537,14.7164696438744));
#4106=CARTESIAN_POINT('Ctrl Pts',(21.8322303876641,28.7695271740192,14.1546839987804));
#4107=CARTESIAN_POINT('Ctrl Pts',(21.7053306746718,28.7986194135384,13.3396187687468));
#4108=CARTESIAN_POINT('Ctrl Pts',(21.6875000013333,28.8066276187733,13.108172755721));
#4109=CARTESIAN_POINT('Ctrl Pts',(21.6875000013333,28.8143829384525,12.8768829371192));
#4110=CARTESIAN_POINT('Origin',(26.1875000013333,33.8143829384525,12.8768829371192));
#4111=CARTESIAN_POINT('',(21.6875000013333,26.5643829357525,12.8768829371192));
#4112=CARTESIAN_POINT('',(21.6875000013333,26.8143829384525,12.8768829371192));
#4113=CARTESIAN_POINT('',(21.6875000013333,33.8143829384525,12.8768829371192));
#4114=CARTESIAN_POINT('Ctrl Pts',(21.6875000013333,27.5643829358003,12.8768829356928));
#4115=CARTESIAN_POINT('Ctrl Pts',(21.6875000013329,27.5643412407215,12.8781264237247));
#4116=CARTESIAN_POINT('Ctrl Pts',(21.6875005167533,27.5642995376781,12.8793699357968));
#4117=CARTESIAN_POINT('Ctrl Pts',(21.68800044577,27.5440720499991,13.4824148389392));
#4118=CARTESIAN_POINT('Ctrl Pts',(21.8092153008866,27.5224175438635,14.0780164911354));
#4119=CARTESIAN_POINT('Ctrl Pts',(22.2696025882216,27.4795805767397,15.1648608307352));
#4120=CARTESIAN_POINT('Ctrl Pts',(22.5959358796898,27.4588094288551,15.6491549188331));
#4121=CARTESIAN_POINT('Ctrl Pts',(23.4304619856996,27.4192279673592,16.4839357150537));
#4122=CARTESIAN_POINT('Ctrl Pts',(23.9370041937913,27.3975794082925,16.8199144140507));
#4123=CARTESIAN_POINT('Ctrl Pts',(25.0307832614893,27.3547362713957,17.264004011811));
#4124=CARTESIAN_POINT('Ctrl Pts',(25.6039310758222,27.3339591807207,17.3762533139373));
#4125=CARTESIAN_POINT('Ctrl Pts',(26.7841943554113,27.2943663145251,17.3775320632992));
#4126=CARTESIAN_POINT('Ctrl Pts',(27.3798950767523,27.2727436000549,17.2575471298017));
#4127=CARTESIAN_POINT('Ctrl Pts',(28.4677077380542,27.229904223138,16.7993240727421));
#4128=CARTESIAN_POINT('Ctrl Pts',(28.9527390157544,27.2091207424527,16.4738825527528));
#4129=CARTESIAN_POINT('Ctrl Pts',(29.7889651028468,27.1695155959667,15.641140368273));
#4130=CARTESIAN_POINT('Ctrl Pts',(30.1257813725293,27.1479206226276,15.1355873500258));
#4131=CARTESIAN_POINT('Ctrl Pts',(30.5721511641599,27.1050853305981,14.0429867299832));
#4132=CARTESIAN_POINT('Ctrl Pts',(30.6856425870239,27.0842949833975,13.4699580645509));
#4133=CARTESIAN_POINT('Ctrl Pts',(30.6893831508886,27.0446766206436,12.2899541084591));
#4134=CARTESIAN_POINT('Ctrl Pts',(30.5707900887296,27.0231114007666,11.6943692395955));
#4135=CARTESIAN_POINT('Ctrl Pts',(30.1152034857235,26.9802805470278,10.6057187132133));
#4136=CARTESIAN_POINT('Ctrl Pts',(29.7908006078203,26.9594828262522,10.1198325282993));
#4137=CARTESIAN_POINT('Ctrl Pts',(28.9601330162799,26.919850247595,9.28192899670249));
#4138=CARTESIAN_POINT('Ctrl Pts',(28.4557285356723,26.8983169127232,8.94414118968377));
#4139=CARTESIAN_POINT('Ctrl Pts',(27.3644999930333,26.8554908818574,8.49512571395386));
#4140=CARTESIAN_POINT('Ctrl Pts',(26.7916130388728,26.8346852488573,8.38019159225119));
#4141=CARTESIAN_POINT('Ctrl Pts',(25.6119131671251,26.7950373881877,8.37359305390404));
#4142=CARTESIAN_POINT('Ctrl Pts',(25.0164634709433,26.773538191259,8.4905722668284));
#4143=CARTESIAN_POINT('Ctrl Pts',(23.9268455909727,26.7307174016153,8.94309885683722));
#4144=CARTESIAN_POINT('Ctrl Pts',(23.4399700473407,26.7099032850772,9.26629370640752));
#4145=CARTESIAN_POINT('Ctrl Pts',(22.6001233934097,26.6702390066578,10.0945525685493));
#4146=CARTESIAN_POINT('Ctrl Pts',(22.2612109253585,26.6487763239166,10.5976259938226));
#4147=CARTESIAN_POINT('Ctrl Pts',(21.8042567249455,26.6054995290584,11.6990095132878));
#4148=CARTESIAN_POINT('Ctrl Pts',(21.6875000013333,26.584227698695,12.2850451005067));
#4149=CARTESIAN_POINT('Ctrl Pts',(21.6875000013333,26.5643829357525,12.8768829371192));
#4150=CARTESIAN_POINT('Ctrl Pts',(21.6875000013333,26.8143829384525,12.8768829371192));
#4151=CARTESIAN_POINT('Ctrl Pts',(21.6875000013333,26.8311543816447,12.3767018724968));
#4152=CARTESIAN_POINT('Ctrl Pts',(21.7708940305082,26.8489852807808,11.8794671923381));
#4153=CARTESIAN_POINT('Ctrl Pts',(22.1304089676466,26.8888268174199,10.840174008235));
#4154=CARTESIAN_POINT('Ctrl Pts',(22.4369446424254,26.9105516669777,10.3192368747137));
#4155=CARTESIAN_POINT('Ctrl Pts',(23.2210873034591,26.9507797831155,9.44430114733616));
#4156=CARTESIAN_POINT('Ctrl Pts',(23.6846927121862,26.9705167068125,9.09294031481938));
#4157=CARTESIAN_POINT('Ctrl Pts',(24.7387824243436,27.0130593289926,8.57466919607375));
#4158=CARTESIAN_POINT('Ctrl Pts',(25.3228870099138,27.0347875367639,8.42039144868267));
#4159=CARTESIAN_POINT('Ctrl Pts',(26.4953195914241,27.0750695738608,8.35058741684142));
#4160=CARTESIAN_POINT('Ctrl Pts',(27.0718569807624,27.094734344537,8.42715756144362));
#4161=CARTESIAN_POINT('Ctrl Pts',(28.1851250462659,27.137248263579,8.80049286962502));
#4162=CARTESIAN_POINT('Ctrl Pts',(28.7084711294219,27.1589795028156,9.10167288240661));
#4163=CARTESIAN_POINT('Ctrl Pts',(29.590505367388,27.1993179826155,9.87662440661508));
#4164=CARTESIAN_POINT('Ctrl Pts',(29.9463247975725,27.2189097446245,10.3365547538248));
#4165=CARTESIAN_POINT('Ctrl Pts',(30.4747348662561,27.2613928929543,11.3846710643909));
#4166=CARTESIAN_POINT('Ctrl Pts',(30.6347930651471,27.2831267541015,11.9665499113155));
#4167=CARTESIAN_POINT('Ctrl Pts',(30.7167425177932,27.3235241610457,13.1373924132066));
#4168=CARTESIAN_POINT('Ctrl Pts',(30.6462335267604,27.3430425213434,13.7145153342941));
#4169=CARTESIAN_POINT('Ctrl Pts',(30.2848984288893,27.3854927354725,14.8308541540656));
#4170=CARTESIAN_POINT('Ctrl Pts',(29.9896905350554,27.407228719294,15.3568154694344));
#4171=CARTESIAN_POINT('Ctrl Pts',(29.2249818957629,27.4476874775903,16.2466795601455));
#4172=CARTESIAN_POINT('Ctrl Pts',(28.7691220947801,27.4671325630185,16.6074429756121));
#4173=CARTESIAN_POINT('Ctrl Pts',(27.7276664976413,27.5095475887731,17.1470286036003));
#4174=CARTESIAN_POINT('Ctrl Pts',(27.1483146800858,27.5312850999813,17.3134503954665));
#4175=CARTESIAN_POINT('Ctrl Pts',(25.9793003066541,27.5718075488258,17.4088163574629));
#4176=CARTESIAN_POINT('Ctrl Pts',(25.4015272570859,27.5911800614455,17.3449961404545));
#4177=CARTESIAN_POINT('Ctrl Pts',(24.2818790081125,27.6335575615098,16.9968861240941));
#4178=CARTESIAN_POINT('Ctrl Pts',(23.7531123968956,27.6552959034839,16.7082810265394));
#4179=CARTESIAN_POINT('Ctrl Pts',(22.8546942592913,27.6958842715512,15.9548917797147));
#4180=CARTESIAN_POINT('Ctrl Pts',(22.4884962915841,27.7151855395141,15.5035007862539));
#4181=CARTESIAN_POINT('Ctrl Pts',(21.9367094920759,27.7575231028234,14.4694092714939));
#4182=CARTESIAN_POINT('Ctrl Pts',(21.7633510875069,27.7792614734131,13.8929050633342));
#4183=CARTESIAN_POINT('Ctrl Pts',(21.6941111616502,27.8048413739389,13.1587061756609));
#4184=CARTESIAN_POINT('Ctrl Pts',(21.6875000013333,27.8096606809244,13.017716601268));
#4185=CARTESIAN_POINT('Ctrl Pts',(21.6875000013333,27.8143829384525,12.8768829371193));
#4186=CARTESIAN_POINT('Origin',(26.1875000013333,33.3143829384525,12.8768829371192));
#4187=CARTESIAN_POINT('',(21.5290063540028,33.4728765857822,12.8768829371192));
#4188=CARTESIAN_POINT('',(21.187500001332,33.8143829384512,12.8768829371192));
#4189=CARTESIAN_POINT('',(21.6875000013333,33.3143829384525,12.8768829371192));
#4190=CARTESIAN_POINT('',(31.0366076321333,33.8143829384525,14.0959625839192));
#4191=CARTESIAN_POINT('Ctrl Pts',(31.0366076320867,33.8143829384348,14.0959625839092));
#4192=CARTESIAN_POINT('Ctrl Pts',(31.1402464382354,33.8049020835818,13.6448353737629));
#4193=CARTESIAN_POINT('Ctrl Pts',(31.1808964139306,33.7958271947932,13.1816293863872));
#4194=CARTESIAN_POINT('Ctrl Pts',(31.1345842050585,33.7780342442711,12.2691055597672));
#4195=CARTESIAN_POINT('Ctrl Pts',(31.0494168367461,33.7687732882724,11.8219294968823));
#4196=CARTESIAN_POINT('Ctrl Pts',(30.7044017451458,33.7462876630285,10.8003493320779));
#4197=CARTESIAN_POINT('Ctrl Pts',(30.393599354421,33.7330951474877,10.2513948533946));
#4198=CARTESIAN_POINT('Ctrl Pts',(29.7815047045304,33.7139992130834,9.5315054150775));
#4199=CARTESIAN_POINT('Ctrl Pts',(29.5499291880806,33.7078273814703,9.30711240113916));
#4200=CARTESIAN_POINT('Ctrl Pts',(29.0503803514872,33.6949225624198,8.91164698241841));
#4201=CARTESIAN_POINT('Ctrl Pts',(28.7844971148042,33.6883449334143,8.7403847615613));
#4202=CARTESIAN_POINT('Ctrl Pts',(27.9551985869982,33.6686189991845,8.31406573183654));
#4203=CARTESIAN_POINT('Ctrl Pts',(27.3577477188203,33.6553732115255,8.13914344823739));
#4204=CARTESIAN_POINT('Ctrl Pts',(26.1110879882914,33.6295495359206,8.02060207085101));
#4205=CARTESIAN_POINT('Ctrl Pts',(25.4727803174764,33.6170829520435,8.08516209331316));
#4206=CARTESIAN_POINT('Ctrl Pts',(24.2839849985619,33.5903448739499,8.45467684879098));
#4207=CARTESIAN_POINT('Ctrl Pts',(23.743173816961,33.5770672738109,8.74434015911751));
#4208=CARTESIAN_POINT('Ctrl Pts',(23.0331948208112,33.557847898611,9.32092976077683));
#4209=CARTESIAN_POINT('Ctrl Pts',(22.8127746737346,33.5517037084439,9.53797555981748));
#4210=CARTESIAN_POINT('Ctrl Pts',(22.2178618225094,33.5324094896573,10.2523865776215));
#4211=CARTESIAN_POINT('Ctrl Pts',(21.9188419048008,33.5187306755352,10.8042908355923));
#4212=CARTESIAN_POINT('Ctrl Pts',(21.6467045439837,33.4983727063978,11.6882367822547));
#4213=CARTESIAN_POINT('Ctrl Pts',(21.5857490640147,33.4917446319737,11.986069450225));
#4214=CARTESIAN_POINT('Ctrl Pts',(21.5332578720851,33.481045589187,12.483695340579));
#4215=CARTESIAN_POINT('Ctrl Pts',(21.5249734034679,33.4769095363171,12.6804832260691));
#4216=CARTESIAN_POINT('Ctrl Pts',(21.5290063540028,33.4728765857822,12.8768829371192));
#4217=CARTESIAN_POINT('Origin',(26.1875000013333,33.8143829384525,12.8768829371192));
#4218=CARTESIAN_POINT('Origin',(26.1875000013333,23.8143829384525,12.8768829371192));
#4219=CARTESIAN_POINT('',(31.2287658763333,26.7518829370525,12.8768829371192));
#4220=CARTESIAN_POINT('',(31.2287658763333,26.6268829370525,12.8768829371192));
#4221=CARTESIAN_POINT('',(31.2287658763333,23.8143829384525,12.8768829371192));
#4222=CARTESIAN_POINT('',(21.1462341263333,26.2518829370525,12.8768829371192));
#4223=CARTESIAN_POINT('Ctrl Pts',(31.2287658763333,26.7518829370525,12.8768829371192));
#4224=CARTESIAN_POINT('Ctrl Pts',(31.2287658763333,26.7505144171585,12.8311599058292));
#4225=CARTESIAN_POINT('Ctrl Pts',(31.2281438339316,26.7491374354206,12.7854118178977));
#4226=CARTESIAN_POINT('Ctrl Pts',(31.2085965824898,26.7274105698195,12.0676015654633));
#4227=CARTESIAN_POINT('Ctrl Pts',(31.0560442484434,26.7057163985314,11.4059761576666));
#4228=CARTESIAN_POINT('Ctrl Pts',(30.5110037135188,26.6630072340839,10.2048017613663));
#4229=CARTESIAN_POINT('Ctrl Pts',(30.1328877689837,26.642747004039,9.67273982563902));
#4230=CARTESIAN_POINT('Ctrl Pts',(29.1776795205833,26.6028762126968,8.76282837716166));
#4231=CARTESIAN_POINT('Ctrl Pts',(28.6028339771536,26.5811859980202,8.40109005979578));
#4232=CARTESIAN_POINT('Ctrl Pts',(27.3690761246502,26.5384621492157,7.93352850429449));
#4233=CARTESIAN_POINT('Ctrl Pts',(26.7256547980764,26.5181484501833,7.82285725044706));
#4234=CARTESIAN_POINT('Ctrl Pts',(25.4064143667717,26.4783104686966,7.85127081484171));
#4235=CARTESIAN_POINT('Ctrl Pts',(24.7435574048663,26.4566241081839,8.0002198951142));
#4236=CARTESIAN_POINT('Ctrl Pts',(23.5388292515384,26.413886703355,8.53895877796696));
#4237=CARTESIAN_POINT('Ctrl Pts',(23.0045208461288,26.3935222740242,8.91435935418738));
#4238=CARTESIAN_POINT('Ctrl Pts',(22.0891217481698,26.3537150192394,9.86517175108559));
#4239=CARTESIAN_POINT('Ctrl Pts',(21.7241979246266,26.3320323921592,10.4384443087239));
#4240=CARTESIAN_POINT('Ctrl Pts',(21.2602576015241,26.2901951647745,11.6440795967728));
#4241=CARTESIAN_POINT('Ctrl Pts',(21.1462341263333,26.2704113495004,12.2578380946951));
#4242=CARTESIAN_POINT('Ctrl Pts',(21.1462341263333,26.2518829370525,12.8768829371192));
#4243=CARTESIAN_POINT('',(31.2287658763333,26.2518829370525,12.8768829371192));
#4244=CARTESIAN_POINT('Origin',(26.1875000013333,26.2518829370525,12.8768829371192));
#4245=CARTESIAN_POINT('',(31.2287658763333,26.1268829370525,12.8768829371192));
#4246=CARTESIAN_POINT('',(31.2287658763333,23.8143829384525,12.8768829371192));
#4247=CARTESIAN_POINT('',(21.1462341263333,26.1268829370525,12.8768829371192));
#4248=CARTESIAN_POINT('Origin',(26.1875000013333,26.1268829370525,12.8768829371192));
#4249=CARTESIAN_POINT('Origin',(26.1875000013333,26.1268829370525,12.8768829371192));
#4250=CARTESIAN_POINT('',(22.6227867153333,26.2518829370525,9.3121696511192));
#4251=CARTESIAN_POINT('Origin',(26.1875000013333,26.2518829370525,12.8768829371192));
#4252=CARTESIAN_POINT('Ctrl Pts',(31.2287658763333,26.6268829370525,12.8768829371192));
#4253=CARTESIAN_POINT('Ctrl Pts',(31.2287658763333,26.5643829370525,10.7887222401192));
#4254=CARTESIAN_POINT('Ctrl Pts',(29.7522132873333,26.5018829370525,9.3121696511192));
#4255=CARTESIAN_POINT('Ctrl Pts',(28.2756606983333,26.4393829370525,7.8356170621192));
#4256=CARTESIAN_POINT('Ctrl Pts',(26.1875000013333,26.3768829370525,7.8356170621192));
#4257=CARTESIAN_POINT('Ctrl Pts',(24.0993393043333,26.3143829370525,7.8356170621192));
#4258=CARTESIAN_POINT('Ctrl Pts',(22.6227867153333,26.2518829370525,9.3121696511192));
#4259=CARTESIAN_POINT('Origin',(26.1875000013333,23.8143829384525,12.8768829371192));
#4260=CARTESIAN_POINT('',(31.2287658763333,27.7518829370525,12.8768829371192));
#4261=CARTESIAN_POINT('',(31.2287658763333,27.6268829370525,12.8768829371192));
#4262=CARTESIAN_POINT('',(31.2287658763333,23.8143829384525,12.8768829371192));
#4263=CARTESIAN_POINT('Ctrl Pts',(31.2287658763333,27.7518829370525,12.8768829371192));
#4264=CARTESIAN_POINT('Ctrl Pts',(31.2287658763333,27.7489166549935,12.7777777593319));
#4265=CARTESIAN_POINT('Ctrl Pts',(31.2258434893913,27.7459113140239,12.6785780933356));
#4266=CARTESIAN_POINT('Ctrl Pts',(31.180439123832,27.7223577555367,11.9104473555898));
#4267=CARTESIAN_POINT('Ctrl Pts',(31.0079044884516,27.7006322502372,11.256052000783));
#4268=CARTESIAN_POINT('Ctrl Pts',(30.427879200949,27.6580921613353,10.075017674022));
#4269=CARTESIAN_POINT('Ctrl Pts',(30.0345481957891,27.6383504045169,9.55552172273206));
#4270=CARTESIAN_POINT('Ctrl Pts',(29.0548918446202,27.5981327037572,8.6766514139436));
#4271=CARTESIAN_POINT('Ctrl Pts',(28.471503394385,27.5764106356707,8.33296819391923));
#4272=CARTESIAN_POINT('Ctrl Pts',(27.2278115508838,27.5338434718773,7.90202766696761));
#4273=CARTESIAN_POINT('Ctrl Pts',(26.5826341987028,27.5140295364209,7.80980761000788));
#4274=CARTESIAN_POINT('Ctrl Pts',(25.2677059008197,27.4738639601237,7.87505546608166));
#4275=CARTESIAN_POINT('Ctrl Pts',(24.6110997664146,27.452145587562,8.0416774789179));
#4276=CARTESIAN_POINT('Ctrl Pts',(23.4240285263681,27.409553252331,8.61134257066183));
#4277=CARTESIAN_POINT('Ctrl Pts',(22.9007941538416,27.3896687689609,9.0001421565762));
#4278=CARTESIAN_POINT('Ctrl Pts',(22.0126284030561,27.3495527368048,9.97255140350478));
#4279=CARTESIAN_POINT('Ctrl Pts',(21.6635328861767,27.3278382479089,10.5534447818932));
#4280=CARTESIAN_POINT('Ctrl Pts',(21.221652005922,27.2852225397969,11.7942268760857));
#4281=CARTESIAN_POINT('Ctrl Pts',(21.1239161959452,27.2652694413485,12.4388765722979));
#4282=CARTESIAN_POINT('Ctrl Pts',(21.1781368863891,27.2252003938808,13.7551473884027));
#4283=CARTESIAN_POINT('Ctrl Pts',(21.3394815872618,27.2034899144947,14.4136757414872));
#4284=CARTESIAN_POINT('Ctrl Pts',(21.8999063012587,27.1608525279563,15.6060796612298));
#4285=CARTESIAN_POINT('Ctrl Pts',(22.2846828537189,27.1408329946177,16.1326359664548));
#4286=CARTESIAN_POINT('Ctrl Pts',(23.2506332175226,27.1008084091277,17.0290187291995));
#4287=CARTESIAN_POINT('Ctrl Pts',(23.8292760748829,27.079102010305,17.3828949371026));
#4288=CARTESIAN_POINT('Ctrl Pts',(25.0674399653191,27.0364445372186,17.8344654938012));
#4289=CARTESIAN_POINT('Ctrl Pts',(25.7116245684219,27.0163609452416,17.9370837059864));
#4290=CARTESIAN_POINT('Ctrl Pts',(27.0290455917644,26.9763783495597,17.892613084472));
#4291=CARTESIAN_POINT('Ctrl Pts',(27.6892373324152,26.9546760549449,17.7359443421399));
#4292=CARTESIAN_POINT('Ctrl Pts',(28.8863231591258,26.9119999872923,17.183702722946));
#4293=CARTESIAN_POINT('Ctrl Pts',(29.415811819226,26.8918548619027,16.8024747324222));
#4294=CARTESIAN_POINT('Ctrl Pts',(30.3194141201011,26.8519118460125,15.8422400861334));
#4295=CARTESIAN_POINT('Ctrl Pts',(30.6774874079041,26.8302136386227,15.2656093966396));
#4296=CARTESIAN_POINT('Ctrl Pts',(31.1216121866757,26.7890025797331,14.0726868884321));
#4297=CARTESIAN_POINT('Ctrl Pts',(31.2287658763333,26.7698442996506,13.4769823201904));
#4298=CARTESIAN_POINT('Ctrl Pts',(31.2287658763333,26.7518829370525,12.8768829371192));
#4299=CARTESIAN_POINT('Ctrl Pts',(31.2287658763333,27.6268829370525,12.8768829371192));
#4300=CARTESIAN_POINT('Ctrl Pts',(31.2287658763333,27.5643829370525,10.7887222401192));
#4301=CARTESIAN_POINT('Ctrl Pts',(29.7522132873333,27.5018829370525,9.3121696511192));
#4302=CARTESIAN_POINT('Ctrl Pts',(28.2756606983333,27.4393829370525,7.8356170621192));
#4303=CARTESIAN_POINT('Ctrl Pts',(26.1875000013333,27.3768829370525,7.8356170621192));
#4304=CARTESIAN_POINT('Ctrl Pts',(24.0993393043333,27.3143829370525,7.8356170621192));
#4305=CARTESIAN_POINT('Ctrl Pts',(22.6227867153333,27.2518829370525,9.3121696511192));
#4306=CARTESIAN_POINT('Ctrl Pts',(21.1462341263333,27.1893829370525,10.7887222401192));
#4307=CARTESIAN_POINT('Ctrl Pts',(21.1462341263333,27.1268829370525,12.8768829371192));
#4308=CARTESIAN_POINT('Ctrl Pts',(21.1462341263333,27.0643829370525,14.9650436341192));
#4309=CARTESIAN_POINT('Ctrl Pts',(22.6227867153333,27.0018829370525,16.4415962231192));
#4310=CARTESIAN_POINT('Ctrl Pts',(24.0993393043333,26.9393829370525,17.9181488121192));
#4311=CARTESIAN_POINT('Ctrl Pts',(26.1875000013333,26.8768829370525,17.9181488121192));
#4312=CARTESIAN_POINT('Ctrl Pts',(28.2756606983333,26.8143829370525,17.9181488121192));
#4313=CARTESIAN_POINT('Ctrl Pts',(29.7522132873333,26.7518829370525,16.4415962231192));
#4314=CARTESIAN_POINT('Ctrl Pts',(31.2287658763333,26.6893829370525,14.9650436341192));
#4315=CARTESIAN_POINT('Ctrl Pts',(31.2287658763333,26.6268829370525,12.8768829371192));
#4316=CARTESIAN_POINT('Origin',(26.1875000013333,23.8143829384525,12.8768829371192));
#4317=CARTESIAN_POINT('',(31.2287658763333,28.7518829370525,12.8768829371192));
#4318=CARTESIAN_POINT('',(31.2287658763333,28.6268829370525,12.8768829371192));
#4319=CARTESIAN_POINT('',(31.2287658763333,23.8143829384525,12.8768829371192));
#4320=CARTESIAN_POINT('Ctrl Pts',(31.2287658763333,28.7518829370525,12.8768829371191));
#4321=CARTESIAN_POINT('Ctrl Pts',(31.2287658763333,28.7464578505399,12.6956276981843));
#4322=CARTESIAN_POINT('Ctrl Pts',(31.2189908678724,28.7409056636415,12.5141749038378));
#4323=CARTESIAN_POINT('Ctrl Pts',(31.1274734997428,28.7145150722262,11.6703579066231));
#4324=CARTESIAN_POINT('Ctrl Pts',(30.9247423725279,28.6927821454678,11.0282223930682));
#4325=CARTESIAN_POINT('Ctrl Pts',(30.2916276935495,28.6505387815514,9.87909216352827));
#4326=CARTESIAN_POINT('Ctrl Pts',(29.8747003941589,28.6313776471786,9.37900407534981));
#4327=CARTESIAN_POINT('Ctrl Pts',(28.8578365075432,28.5906544148993,8.54918440265104));
#4328=CARTESIAN_POINT('Ctrl Pts',(28.2621706799933,28.5689195057849,8.23410563286299));
#4329=CARTESIAN_POINT('Ctrl Pts',(27.0040148979302,28.52663049959,7.86052040502367));
#4330=CARTESIAN_POINT('Ctrl Pts',(26.3560222150864,28.5074019749883,7.79729867431113));
#4331=CARTESIAN_POINT('Ctrl Pts',(25.0489144129212,28.4667496958875,7.92068444906588));
#4332=CARTESIAN_POINT('Ctrl Pts',(24.403158968177,28.4450138546713,8.11491137020418));
#4333=CARTESIAN_POINT('Ctrl Pts',(23.2448564028614,28.4026817772574,8.73303772500022));
#4334=CARTESIAN_POINT('Ctrl Pts',(22.739244041905,28.3833830257302,9.14323618066595));
#4335=CARTESIAN_POINT('Ctrl Pts',(21.8953305795992,28.3427997548898,10.1495860368873));
#4336=CARTESIAN_POINT('Ctrl Pts',(21.5720284313594,28.3210639198482,10.7418765653055));
#4337=CARTESIAN_POINT('Ctrl Pts',(21.182028369417,28.2786912945131,11.9960268636857));
#4338=CARTESIAN_POINT('Ctrl Pts',(21.1104903410869,28.2593202107803,12.6432049346533));
#4339=CARTESIAN_POINT('Ctrl Pts',(21.2171807346202,28.2188038331136,13.9526876456048));
#4340=CARTESIAN_POINT('Ctrl Pts',(21.4035206083419,28.1970688312449,14.6016819692682));
#4341=CARTESIAN_POINT('Ctrl Pts',(22.0077745191514,28.1546581188106,15.7683579299791));
#4342=CARTESIAN_POINT('Ctrl Pts',(22.4117933152333,28.1352132917984,16.2790508231788));
#4343=CARTESIAN_POINT('Ctrl Pts',(23.4084176640291,28.0947615493616,17.1358346230184));
#4344=CARTESIAN_POINT('Ctrl Pts',(23.9975187973607,28.0730280988247,17.4666443173761));
#4345=CARTESIAN_POINT('Ctrl Pts',(25.2479063112143,28.0305816850885,17.871680335906));
#4346=CARTESIAN_POINT('Ctrl Pts',(25.894344579237,28.0110623519706,17.9508229551512));
#4347=CARTESIAN_POINT('Ctrl Pts',(27.2059055993634,27.9706728712763,17.8593855858679));
#4348=CARTESIAN_POINT('Ctrl Pts',(27.8577725596818,27.948941585652,17.6802806237417));
#4349=CARTESIAN_POINT('Ctrl Pts',(29.0320198404453,27.906461771519,17.0887317359225));
#4350=CARTESIAN_POINT('Ctrl Pts',(29.5473396833884,27.8868677653294,16.6903336126765));
#4351=CARTESIAN_POINT('Ctrl Pts',(30.4157666217053,27.8465380838599,15.7026101363626));
#4352=CARTESIAN_POINT('Ctrl Pts',(30.7533647548791,27.8248094775269,15.1164827140738));
#4353=CARTESIAN_POINT('Ctrl Pts',(31.1404185079486,27.7855092848638,13.9637637449925));
#4354=CARTESIAN_POINT('Ctrl Pts',(31.2287658763333,27.7681921816825,13.4217841152657));
#4355=CARTESIAN_POINT('Ctrl Pts',(31.2287658763333,27.7518829370525,12.8768829371192));
#4356=CARTESIAN_POINT('Ctrl Pts',(31.2287658763333,28.6268829370525,12.8768829371192));
#4357=CARTESIAN_POINT('Ctrl Pts',(31.2287658763333,28.5643829370525,10.7887222401192));
#4358=CARTESIAN_POINT('Ctrl Pts',(29.7522132873333,28.5018829370525,9.3121696511192));
#4359=CARTESIAN_POINT('Ctrl Pts',(28.2756606983333,28.4393829370525,7.8356170621192));
#4360=CARTESIAN_POINT('Ctrl Pts',(26.1875000013333,28.3768829370525,7.8356170621192));
#4361=CARTESIAN_POINT('Ctrl Pts',(24.0993393043333,28.3143829370525,7.8356170621192));
#4362=CARTESIAN_POINT('Ctrl Pts',(22.6227867153333,28.2518829370525,9.3121696511192));
#4363=CARTESIAN_POINT('Ctrl Pts',(21.1462341263333,28.1893829370525,10.7887222401192));
#4364=CARTESIAN_POINT('Ctrl Pts',(21.1462341263333,28.1268829370525,12.8768829371192));
#4365=CARTESIAN_POINT('Ctrl Pts',(21.1462341263333,28.0643829370525,14.9650436341192));
#4366=CARTESIAN_POINT('Ctrl Pts',(22.6227867153333,28.0018829370525,16.4415962231192));
#4367=CARTESIAN_POINT('Ctrl Pts',(24.0993393043333,27.9393829370525,17.9181488121192));
#4368=CARTESIAN_POINT('Ctrl Pts',(26.1875000013333,27.8768829370525,17.9181488121192));
#4369=CARTESIAN_POINT('Ctrl Pts',(28.2756606983333,27.8143829370525,17.9181488121192));
#4370=CARTESIAN_POINT('Ctrl Pts',(29.7522132873333,27.7518829370525,16.4415962231192));
#4371=CARTESIAN_POINT('Ctrl Pts',(31.2287658763333,27.6893829370525,14.9650436341192));
#4372=CARTESIAN_POINT('Ctrl Pts',(31.2287658763333,27.6268829370525,12.8768829371192));
#4373=CARTESIAN_POINT('Origin',(26.1875000013333,23.8143829384525,12.8768829371192));
#4374=CARTESIAN_POINT('',(31.2287658763333,29.7518829370525,12.8768829371192));
#4375=CARTESIAN_POINT('',(31.2287658763333,29.6268829370525,12.8768829371192));
#4376=CARTESIAN_POINT('',(31.2287658763333,23.8143829384525,12.8768829371192));
#4377=CARTESIAN_POINT('Ctrl Pts',(31.2287658763333,29.7518829370525,12.8768829371192));
#4378=CARTESIAN_POINT('Ctrl Pts',(31.2287658763333,29.7432162679278,12.5873245716789));
#4379=CARTESIAN_POINT('Ctrl Pts',(31.2038197664691,29.734237030414,12.2976561348593));
#4380=CARTESIAN_POINT('Ctrl Pts',(31.040075018407,29.7040933757598,11.3583647115575));
#4381=CARTESIAN_POINT('Ctrl Pts',(30.7987057000196,29.6824258281367,10.7344180150324));
#4382=CARTESIAN_POINT('Ctrl Pts',(30.0969521085116,29.6406391798784,9.62897808499243));
#4383=CARTESIAN_POINT('Ctrl Pts',(29.6484501190743,29.6218251780259,9.15471596982131));
#4384=CARTESIAN_POINT('Ctrl Pts',(28.5834168236608,29.5804927721988,8.39205144420563));
#4385=CARTESIAN_POINT('Ctrl Pts',(27.9733318620358,29.5588115457642,8.11611360201814));
#4386=CARTESIAN_POINT('Ctrl Pts',(26.6976797992456,29.5169594842973,7.82001220501677));
#4387=CARTESIAN_POINT('Ctrl Pts',(26.0457418004432,29.4981272278812,7.79631894659862));
#4388=CARTESIAN_POINT('Ctrl Pts',(24.7514003642151,29.4568723863001,7.99912829799095));
#4389=CARTESIAN_POINT('Ctrl Pts',(24.1223951791339,29.4351791517271,8.23035726056011));
#4390=CARTESIAN_POINT('Ctrl Pts',(23.0051527091786,29.3932638400281,8.91399502597289));
#4391=CARTESIAN_POINT('Ctrl Pts',(22.5239828468288,29.3744049403387,9.35403503497337));
#4392=CARTESIAN_POINT('Ctrl Pts',(21.7431647323004,29.3332278684714,10.4063590713534));
#4393=CARTESIAN_POINT('Ctrl Pts',(21.4566609427362,29.3115242694531,11.0128149550663));
#4394=CARTESIAN_POINT('Ctrl Pts',(21.1397334062809,29.269548011674,12.283990018155));
#4395=CARTESIAN_POINT('Ctrl Pts',(21.105363751151,29.2506545937075,12.9348516535159));
#4396=CARTESIAN_POINT('Ctrl Pts',(21.2867260472809,29.2095551806094,14.2328837965014));
#4397=CARTESIAN_POINT('Ctrl Pts',(21.508054097458,29.1878428147933,14.8666292595315));
#4398=CARTESIAN_POINT('Ctrl Pts',(22.1740795944609,29.1458080292867,15.9951586580839));
#4399=CARTESIAN_POINT('Ctrl Pts',(22.6059836854309,29.1268728167374,16.4829786346558));
#4400=CARTESIAN_POINT('Ctrl Pts',(23.6459462628901,29.0858506402879,17.2811460472577));
#4401=CARTESIAN_POINT('Ctrl Pts',(24.2487486954835,29.0641310420482,17.5777605493217));
#4402=CARTESIAN_POINT('Ctrl Pts',(25.5154723593696,29.0220402341148,17.9146743586082));
#4403=CARTESIAN_POINT('Ctrl Pts',(26.1653118520894,29.0030566181449,17.959251296393));
#4404=CARTESIAN_POINT('Ctrl Pts',(27.4667040879384,28.9621109552478,17.7984025123281));
#4405=CARTESIAN_POINT('Ctrl Pts',(28.1048337306186,28.940385581039,17.5866095478741));
#4406=CARTESIAN_POINT('Ctrl Pts',(29.2440208485691,28.89824131652,16.9374834566208));
#4407=CARTESIAN_POINT('Ctrl Pts',(29.7381650385489,28.8792034074008,16.5133054869254));
#4408=CARTESIAN_POINT('Ctrl Pts',(30.5527084567345,28.8383332483377,15.485205060764));
#4409=CARTESIAN_POINT('Ctrl Pts',(30.858874111518,28.8166034644516,14.8860185369));
#4410=CARTESIAN_POINT('Ctrl Pts',(31.1653674675536,28.7802611498984,13.798754755774));
#4411=CARTESIAN_POINT('Ctrl Pts',(31.2287658763333,28.765698928731,13.3384831101292));
#4412=CARTESIAN_POINT('Ctrl Pts',(31.2287658763333,28.7518829370525,12.8768829371191));
#4413=CARTESIAN_POINT('Ctrl Pts',(31.2287658763333,29.6268829370525,12.8768829371192));
#4414=CARTESIAN_POINT('Ctrl Pts',(31.2287658763333,29.5643829370525,10.7887222401192));
#4415=CARTESIAN_POINT('Ctrl Pts',(29.7522132873333,29.5018829370525,9.3121696511192));
#4416=CARTESIAN_POINT('Ctrl Pts',(28.2756606983333,29.4393829370525,7.8356170621192));
#4417=CARTESIAN_POINT('Ctrl Pts',(26.1875000013333,29.3768829370525,7.8356170621192));
#4418=CARTESIAN_POINT('Ctrl Pts',(24.0993393043333,29.3143829370525,7.8356170621192));
#4419=CARTESIAN_POINT('Ctrl Pts',(22.6227867153333,29.2518829370525,9.3121696511192));
#4420=CARTESIAN_POINT('Ctrl Pts',(21.1462341263333,29.1893829370525,10.7887222401192));
#4421=CARTESIAN_POINT('Ctrl Pts',(21.1462341263333,29.1268829370525,12.8768829371192));
#4422=CARTESIAN_POINT('Ctrl Pts',(21.1462341263333,29.0643829370525,14.9650436341192));
#4423=CARTESIAN_POINT('Ctrl Pts',(22.6227867153333,29.0018829370525,16.4415962231192));
#4424=CARTESIAN_POINT('Ctrl Pts',(24.0993393043333,28.9393829370525,17.9181488121192));
#4425=CARTESIAN_POINT('Ctrl Pts',(26.1875000013333,28.8768829370525,17.9181488121192));
#4426=CARTESIAN_POINT('Ctrl Pts',(28.2756606983333,28.8143829370525,17.9181488121192));
#4427=CARTESIAN_POINT('Ctrl Pts',(29.7522132873333,28.7518829370525,16.4415962231192));
#4428=CARTESIAN_POINT('Ctrl Pts',(31.2287658763333,28.6893829370525,14.9650436341192));
#4429=CARTESIAN_POINT('Ctrl Pts',(31.2287658763333,28.6268829370525,12.8768829371192));
#4430=CARTESIAN_POINT('Origin',(26.1875000013333,23.8143829384525,12.8768829371192));
#4431=CARTESIAN_POINT('',(31.2287658763333,30.7518829370525,12.8768829371192));
#4432=CARTESIAN_POINT('',(31.2287658763333,30.6268829370525,12.8768829371192));
#4433=CARTESIAN_POINT('',(31.2287658763333,23.8143829384525,12.8768829371192));
#4434=CARTESIAN_POINT('Ctrl Pts',(31.2287658763333,30.7518829370525,12.8768829371192));
#4435=CARTESIAN_POINT('Ctrl Pts',(31.2287658763333,30.7398034906317,12.4733017330009));
#4436=CARTESIAN_POINT('Ctrl Pts',(31.1803040084823,30.7271412377202,12.0703221940457));
#4437=CARTESIAN_POINT('Ctrl Pts',(30.9257324728777,30.6929010786187,11.0317859045978));
#4438=CARTESIAN_POINT('Ctrl Pts',(30.6417931471919,30.6712023817439,10.4244315681534));
#4439=CARTESIAN_POINT('Ctrl Pts',(29.8653786148257,30.6299869980622,9.36900348823999));
#4440=CARTESIAN_POINT('Ctrl Pts',(29.3858889760303,30.611142239991,8.92690614708473));
#4441=CARTESIAN_POINT('Ctrl Pts',(28.2715103185413,30.5692578028702,8.23884487957505));
#4442=CARTESIAN_POINT('Ctrl Pts',(27.6437232016651,30.5475702754308,8.00513557998115));
#4443=CARTESIAN_POINT('Ctrl Pts',(26.3503395540986,30.5062771835417,7.79692864338215));
#4444=CARTESIAN_POINT('Ctrl Pts',(25.6981295101918,30.4874549951522,7.81793364375514));
#4445=CARTESIAN_POINT('Ctrl Pts',(24.421378785378,30.4456348929881,8.10880479155197));
#4446=CARTESIAN_POINT('Ctrl Pts',(23.810410998423,30.4239601944954,8.38208476040774));
#4447=CARTESIAN_POINT('Ctrl Pts',(22.7422135482114,30.3825897562209,9.14017804869679));
#4448=CARTESIAN_POINT('Ctrl Pts',(22.2915886165128,30.3637815315141,9.61270834931285));
#4449=CARTESIAN_POINT('Ctrl Pts',(21.5853227359534,30.322027847871,10.7151778608148));
#4450=CARTESIAN_POINT('Ctrl Pts',(21.3414351375076,30.3003676546613,11.3378357360256));
#4451=CARTESIAN_POINT('Ctrl Pts',(21.1109686797364,30.2589205467956,12.627144949755));
#4452=CARTESIAN_POINT('Ctrl Pts',(21.1208791383246,30.2401173191952,13.2804813295754));
#4453=CARTESIAN_POINT('Ctrl Pts',(21.3902271395865,30.1984319574671,14.5616454786522));
#4454=CARTESIAN_POINT('Ctrl Pts',(21.652553478412,30.1767879414349,15.1761252891915));
#4455=CARTESIAN_POINT('Ctrl Pts',(22.3917837230202,30.1352651484471,16.2572263259296));
#4456=CARTESIAN_POINT('Ctrl Pts',(22.8571977654078,30.1164577073588,16.716579563527));
#4457=CARTESIAN_POINT('Ctrl Pts',(23.9474179577243,30.0748423664442,17.4412591570055));
#4458=CARTESIAN_POINT('Ctrl Pts',(24.5646970472928,30.053216172924,17.6953898770051));
#4459=CARTESIAN_POINT('Ctrl Pts',(25.8493927567731,30.0116277421029,17.9483934648598));
#4460=CARTESIAN_POINT('Ctrl Pts',(26.5035941964709,29.9928145966927,17.9498130682632));
#4461=CARTESIAN_POINT('Ctrl Pts',(27.7896526567998,29.9512538693807,17.7023340233048));
#4462=CARTESIAN_POINT('Ctrl Pts',(28.4082759856841,29.9296186941346,17.4507241227257));
#4463=CARTESIAN_POINT('Ctrl Pts',(29.5015360111648,29.8879686653492,16.7305854018582));
#4464=CARTESIAN_POINT('Ctrl Pts',(29.9687124505127,29.8691644612164,16.2733944259877));
#4465=CARTESIAN_POINT('Ctrl Pts',(30.7126257947711,29.8276788056018,15.1954739740304));
#4466=CARTESIAN_POINT('Ctrl Pts',(30.9776693153403,29.8060266135784,14.5818464928932));
#4467=CARTESIAN_POINT('Ctrl Pts',(31.1913256473162,29.7735761456269,13.586157175045));
#4468=CARTESIAN_POINT('Ctrl Pts',(31.2287658763333,29.7625003471349,13.2316166721266));
#4469=CARTESIAN_POINT('Ctrl Pts',(31.2287658763333,29.7518829370525,12.8768829371192));
#4470=CARTESIAN_POINT('Ctrl Pts',(31.2287658763333,30.6268829370525,12.8768829371192));
#4471=CARTESIAN_POINT('Ctrl Pts',(31.2287658763333,30.5643829370525,10.7887222401192));
#4472=CARTESIAN_POINT('Ctrl Pts',(29.7522132873333,30.5018829370525,9.3121696511192));
#4473=CARTESIAN_POINT('Ctrl Pts',(28.2756606983333,30.4393829370525,7.8356170621192));
#4474=CARTESIAN_POINT('Ctrl Pts',(26.1875000013333,30.3768829370525,7.8356170621192));
#4475=CARTESIAN_POINT('Ctrl Pts',(24.0993393043333,30.3143829370525,7.8356170621192));
#4476=CARTESIAN_POINT('Ctrl Pts',(22.6227867153333,30.2518829370525,9.3121696511192));
#4477=CARTESIAN_POINT('Ctrl Pts',(21.1462341263333,30.1893829370525,10.7887222401192));
#4478=CARTESIAN_POINT('Ctrl Pts',(21.1462341263333,30.1268829370525,12.8768829371192));
#4479=CARTESIAN_POINT('Ctrl Pts',(21.1462341263333,30.0643829370525,14.9650436341192));
#4480=CARTESIAN_POINT('Ctrl Pts',(22.6227867153333,30.0018829370525,16.4415962231192));
#4481=CARTESIAN_POINT('Ctrl Pts',(24.0993393043333,29.9393829370525,17.9181488121192));
#4482=CARTESIAN_POINT('Ctrl Pts',(26.1875000013333,29.8768829370525,17.9181488121192));
#4483=CARTESIAN_POINT('Ctrl Pts',(28.2756606983333,29.8143829370525,17.9181488121192));
#4484=CARTESIAN_POINT('Ctrl Pts',(29.7522132873333,29.7518829370525,16.4415962231192));
#4485=CARTESIAN_POINT('Ctrl Pts',(31.2287658763333,29.6893829370525,14.9650436341192));
#4486=CARTESIAN_POINT('Ctrl Pts',(31.2287658763333,29.6268829370525,12.8768829371192));
#4487=CARTESIAN_POINT('Origin',(26.1875000013333,23.8143829384525,12.8768829371192));
#4488=CARTESIAN_POINT('',(31.2287658763333,31.7518829370525,12.8768829371192));
#4489=CARTESIAN_POINT('',(31.2287658763333,31.6268829370525,12.8768829371192));
#4490=CARTESIAN_POINT('',(31.2287658763333,23.8143829384525,12.8768829371192));
#4491=CARTESIAN_POINT('Ctrl Pts',(31.2287658763333,31.7518829370525,12.8768829371193));
#4492=CARTESIAN_POINT('Ctrl Pts',(31.2287658763333,31.7368690615721,12.3752607821134));
#4493=CARTESIAN_POINT('Ctrl Pts',(31.153896200472,31.7209870231548,11.8756448426311));
#4494=CARTESIAN_POINT('Ctrl Pts',(30.8095586082692,31.6832135740304,10.7562416335091));
#4495=CARTESIAN_POINT('Ctrl Pts',(30.4882158610948,31.6614776257221,10.1631357098494));
#4496=CARTESIAN_POINT('Ctrl Pts',(29.6476607597213,31.6208606187143,9.15426763003602));
#4497=CARTESIAN_POINT('Ctrl Pts',(29.1433684042503,31.6015967658249,8.74246223000564));
#4498=CARTESIAN_POINT('Ctrl Pts',(27.9872512752123,31.5592855847773,8.12074527309161));
#4499=CARTESIAN_POINT('Ctrl Pts',(27.3423515996978,31.5375500784398,7.92447935447373));
#4500=CARTESIAN_POINT('Ctrl Pts',(26.0358766912525,31.4968630822183,7.7967653477825));
#4501=CARTESIAN_POINT('Ctrl Pts',(25.3876719783296,31.4776681523543,7.85783208581828));
#4502=CARTESIAN_POINT('Ctrl Pts',(24.1284968401989,31.4354013039984,8.22716911476439));
#4503=CARTESIAN_POINT('Ctrl Pts',(23.5319756500797,31.4136672331419,8.54011524358658));
#4504=CARTESIAN_POINT('Ctrl Pts',(22.5124082828738,31.3729083966026,9.36627998631575));
#4505=CARTESIAN_POINT('Ctrl Pts',(22.093742268541,31.353779182302,9.86494190867693));
#4506=CARTESIAN_POINT('Ctrl Pts',(21.4567747734553,31.3115592549027,11.011693221463));
#4507=CARTESIAN_POINT('Ctrl Pts',(21.2518608228298,31.2898277244201,11.6528779292461));
#4508=CARTESIAN_POINT('Ctrl Pts',(21.105731251486,31.2489954064329,12.9565801442282));
#4509=CARTESIAN_POINT('Ctrl Pts',(21.157632161152,31.2299279339658,13.6056909092943));
#4510=CARTESIAN_POINT('Ctrl Pts',(21.5089275845477,31.1877575368202,14.8691166350972));
#4511=CARTESIAN_POINT('Ctrl Pts',(21.8127976376461,31.1660297602721,15.4691869624374));
#4512=CARTESIAN_POINT('Ctrl Pts',(22.6234059286927,31.1251225547132,16.5001551166177));
#4513=CARTESIAN_POINT('Ctrl Pts',(23.1160260483433,31.1061120774531,16.9261939483626));
#4514=CARTESIAN_POINT('Ctrl Pts',(24.2526519216253,31.0639938199476,17.5794056973746));
#4515=CARTESIAN_POINT('Ctrl Pts',(24.889736347673,31.0422711141257,17.7935068043788));
#4516=CARTESIAN_POINT('Ctrl Pts',(26.1903322815364,31.0012878726301,17.9593091302168));
#4517=CARTESIAN_POINT('Ctrl Pts',(26.8404179101515,30.9823288799133,17.9171968670816));
#4518=CARTESIAN_POINT('Ctrl Pts',(28.1082318252865,30.9402653487648,17.5851153083839));
#4519=CARTESIAN_POINT('Ctrl Pts',(28.711932885249,30.9185491257416,17.2909425294824));
#4520=CARTESIAN_POINT('Ctrl Pts',(29.7548989460357,30.8774889777272,16.4969633699333));
#4521=CARTESIAN_POINT('Ctrl Pts',(30.1887716460777,30.8585752202586,16.0107533409185));
#4522=CARTESIAN_POINT('Ctrl Pts',(30.8590760622543,30.8165689547128,14.8849491975257));
#4523=CARTESIAN_POINT('Ctrl Pts',(31.0828131374428,30.7948607109837,14.2523393069747));
#4524=CARTESIAN_POINT('Ctrl Pts',(31.2116796044022,30.7664458464729,13.3563606929126));
#4525=CARTESIAN_POINT('Ctrl Pts',(31.2287658763333,30.7590554933415,13.1165221393543));
#4526=CARTESIAN_POINT('Ctrl Pts',(31.2287658763333,30.7518829370525,12.8768829371192));
#4527=CARTESIAN_POINT('Ctrl Pts',(31.2287658763333,31.6268829370525,12.8768829371192));
#4528=CARTESIAN_POINT('Ctrl Pts',(31.2287658763333,31.5643829370525,10.7887222401192));
#4529=CARTESIAN_POINT('Ctrl Pts',(29.7522132873333,31.5018829370525,9.3121696511192));
#4530=CARTESIAN_POINT('Ctrl Pts',(28.2756606983333,31.4393829370525,7.8356170621192));
#4531=CARTESIAN_POINT('Ctrl Pts',(26.1875000013333,31.3768829370525,7.8356170621192));
#4532=CARTESIAN_POINT('Ctrl Pts',(24.0993393043333,31.3143829370525,7.8356170621192));
#4533=CARTESIAN_POINT('Ctrl Pts',(22.6227867153333,31.2518829370525,9.3121696511192));
#4534=CARTESIAN_POINT('Ctrl Pts',(21.1462341263333,31.1893829370525,10.7887222401192));
#4535=CARTESIAN_POINT('Ctrl Pts',(21.1462341263333,31.1268829370525,12.8768829371192));
#4536=CARTESIAN_POINT('Ctrl Pts',(21.1462341263333,31.0643829370525,14.9650436341192));
#4537=CARTESIAN_POINT('Ctrl Pts',(22.6227867153333,31.0018829370525,16.4415962231192));
#4538=CARTESIAN_POINT('Ctrl Pts',(24.0993393043333,30.9393829370525,17.9181488121192));
#4539=CARTESIAN_POINT('Ctrl Pts',(26.1875000013333,30.8768829370525,17.9181488121192));
#4540=CARTESIAN_POINT('Ctrl Pts',(28.2756606983333,30.8143829370525,17.9181488121192));
#4541=CARTESIAN_POINT('Ctrl Pts',(29.7522132873333,30.7518829370525,16.4415962231192));
#4542=CARTESIAN_POINT('Ctrl Pts',(31.2287658763333,30.6893829370525,14.9650436341192));
#4543=CARTESIAN_POINT('Ctrl Pts',(31.2287658763333,30.6268829370525,12.8768829371192));
#4544=CARTESIAN_POINT('Origin',(26.1875000013333,23.8143829384525,12.8768829371192));
#4545=CARTESIAN_POINT('',(31.2287658763333,32.7518829370525,12.8768829371192));
#4546=CARTESIAN_POINT('',(31.2287658763333,32.6268829370525,12.8768829371192));
#4547=CARTESIAN_POINT('',(31.2287658763333,23.8143829384525,12.8768829371192));
#4548=CARTESIAN_POINT('Ctrl Pts',(31.2287658763333,32.7518829370525,12.8768829371192));
#4549=CARTESIAN_POINT('Ctrl Pts',(31.2287658763333,32.7347516859027,12.3045180516582));
#4550=CARTESIAN_POINT('Ctrl Pts',(31.1312879505982,32.7165199687846,11.7357626484574));
#4551=CARTESIAN_POINT('Ctrl Pts',(30.7161934987752,32.6762635944327,10.5627119402044));
#4552=CARTESIAN_POINT('Ctrl Pts',(30.3683705651253,32.6545471731945,9.98122687948997));
#4553=CARTESIAN_POINT('Ctrl Pts',(29.4823910758106,32.6144070592432,9.00710746669347));
#4554=CARTESIAN_POINT('Ctrl Pts',(28.9600378110099,32.5945571007047,8.61724025807425));
#4555=CARTESIAN_POINT('Ctrl Pts',(27.7743860459597,32.5519769325616,8.0451296525349));
#4556=CARTESIAN_POINT('Ctrl Pts',(27.1182964544791,32.5302567120455,7.87711153898042));
#4557=CARTESIAN_POINT('Ctrl Pts',(25.8037312795239,32.4900657845244,7.80894219068484));
#4558=CARTESIAN_POINT('Ctrl Pts',(25.1584138230761,32.4702872184212,7.89970194401556));
#4559=CARTESIAN_POINT('Ctrl Pts',(23.9139601458831,32.4277331462014,8.32774727349386));
#4560=CARTESIAN_POINT('Ctrl Pts',(23.3299195841833,32.406009348154,8.6699956973158));
#4561=CARTESIAN_POINT('Ctrl Pts',(22.3483534505755,32.365765023005,9.54640291396647));
#4562=CARTESIAN_POINT('Ctrl Pts',(21.9538251116464,32.3460593101579,10.0649116621728));
#4563=CARTESIAN_POINT('Ctrl Pts',(21.3710709608615,32.3035332887337,11.2443456536258));
#4564=CARTESIAN_POINT('Ctrl Pts',(21.196979793612,32.2818062088341,11.8981488798155));
#4565=CARTESIAN_POINT('Ctrl Pts',(21.1160801431557,32.2415059089094,13.2110951854263));
#4566=CARTESIAN_POINT('Ctrl Pts',(21.2004812125651,32.2218741211986,13.8570247356012));
#4567=CARTESIAN_POINT('Ctrl Pts',(21.6159269356489,32.1793782089026,15.1047541843646));
#4568=CARTESIAN_POINT('Ctrl Pts',(21.9519193899392,32.1576482245662,15.6915927409426));
#4569=CARTESIAN_POINT('Ctrl Pts',(22.8175917452505,32.1172894008401,16.6814308625814));
#4570=CARTESIAN_POINT('Ctrl Pts',(23.3318142112169,32.0977321611017,17.0811614202053));
#4571=CARTESIAN_POINT('Ctrl Pts',(24.5042706243573,32.0552685167066,17.6757295881714));
#4572=CARTESIAN_POINT('Ctrl Pts',(25.1554630098249,32.0335360944248,17.8565548003955));
#4573=CARTESIAN_POINT('Ctrl Pts',(26.4665384263108,31.9931162490442,17.9516137435522));
#4574=CARTESIAN_POINT('Ctrl Pts',(27.1131519731464,31.9736336711167,17.8742773906793));
#4575=CARTESIAN_POINT('Ctrl Pts',(28.3644419193599,31.9312045493086,17.4728148065558));
#4576=CARTESIAN_POINT('Ctrl Pts',(28.9543094787967,31.9094702515899,17.1437870935338));
#4577=CARTESIAN_POINT('Ctrl Pts',(29.9532533867239,31.8689869626384,16.2900586542331));
#4578=CARTESIAN_POINT('Ctrl Pts',(30.3587423220309,31.8495785929246,15.7805750425069));
#4579=CARTESIAN_POINT('Ctrl Pts',(30.9663056883737,31.8071863374929,14.6158865628213));
#4580=CARTESIAN_POINT('Ctrl Pts',(31.1545283964031,31.7854508287979,13.9676552016212));
#4581=CARTESIAN_POINT('Ctrl Pts',(31.2228048527403,31.7604344727182,13.1601254911139));
#4582=CARTESIAN_POINT('Ctrl Pts',(31.2287658763333,31.7561194291369,13.0184265573408));
#4583=CARTESIAN_POINT('Ctrl Pts',(31.2287658763333,31.7518829370525,12.8768829371193));
#4584=CARTESIAN_POINT('Ctrl Pts',(31.2287658763333,32.6268829370525,12.8768829371192));
#4585=CARTESIAN_POINT('Ctrl Pts',(31.2287658763333,32.5643829370525,10.7887222401192));
#4586=CARTESIAN_POINT('Ctrl Pts',(29.7522132873333,32.5018829370525,9.3121696511192));
#4587=CARTESIAN_POINT('Ctrl Pts',(28.2756606983333,32.4393829370525,7.8356170621192));
#4588=CARTESIAN_POINT('Ctrl Pts',(26.1875000013333,32.3768829370525,7.8356170621192));
#4589=CARTESIAN_POINT('Ctrl Pts',(24.0993393043333,32.3143829370525,7.8356170621192));
#4590=CARTESIAN_POINT('Ctrl Pts',(22.6227867153333,32.2518829370525,9.3121696511192));
#4591=CARTESIAN_POINT('Ctrl Pts',(21.1462341263333,32.1893829370525,10.7887222401192));
#4592=CARTESIAN_POINT('Ctrl Pts',(21.1462341263333,32.1268829370525,12.8768829371192));
#4593=CARTESIAN_POINT('Ctrl Pts',(21.1462341263333,32.0643829370525,14.9650436341192));
#4594=CARTESIAN_POINT('Ctrl Pts',(22.6227867153333,32.0018829370525,16.4415962231192));
#4595=CARTESIAN_POINT('Ctrl Pts',(24.0993393043333,31.9393829370525,17.9181488121192));
#4596=CARTESIAN_POINT('Ctrl Pts',(26.1875000013333,31.8768829370525,17.9181488121192));
#4597=CARTESIAN_POINT('Ctrl Pts',(28.2756606983333,31.8143829370525,17.9181488121192));
#4598=CARTESIAN_POINT('Ctrl Pts',(29.7522132873333,31.7518829370525,16.4415962231192));
#4599=CARTESIAN_POINT('Ctrl Pts',(31.2287658763333,31.6893829370525,14.9650436341192));
#4600=CARTESIAN_POINT('Ctrl Pts',(31.2287658763333,31.6268829370525,12.8768829371192));
#4601=CARTESIAN_POINT('Origin',(26.1875000013333,23.8143829384525,12.8768829371192));
#4602=CARTESIAN_POINT('',(31.2287658763333,33.7518829370525,12.8768829371192));
#4603=CARTESIAN_POINT('',(31.2287658763333,33.6268829370525,12.8768829371192));
#4604=CARTESIAN_POINT('',(31.2287658763333,23.8143829384525,12.8768829371192));
#4605=CARTESIAN_POINT('Ctrl Pts',(31.2287658763333,33.7518829370525,12.8768829371192));
#4606=CARTESIAN_POINT('Ctrl Pts',(31.2287658763333,33.7334239033129,12.2601560769661));
#4607=CARTESIAN_POINT('Ctrl Pts',(31.1155921430327,33.7137087834951,11.6483407586719));
#4608=CARTESIAN_POINT('Ctrl Pts',(30.6537276769085,33.67193096172,10.4438303972499));
#4609=CARTESIAN_POINT('Ctrl Pts',(30.2895466978803,33.6502465117737,9.87018923991398));
#4610=CARTESIAN_POINT('Ctrl Pts',(29.3754276390479,33.6104243768664,8.91834947997587));
#4611=CARTESIAN_POINT('Ctrl Pts',(28.8416439342872,33.5900845935947,8.54231480154338));
#4612=CARTESIAN_POINT('Ctrl Pts',(27.6377445097909,33.5473537300238,8.00210281141649));
#4613=CARTESIAN_POINT('Ctrl Pts',(26.9751735197983,33.5256654851669,7.85231134280764));
#4614=CARTESIAN_POINT('Ctrl Pts',(25.6561268653174,33.4858116089438,7.82214788640056));
#4615=CARTESIAN_POINT('Ctrl Pts',(25.0126225052756,33.4655239038996,7.93194072656721));
#4616=CARTESIAN_POINT('Ctrl Pts',(23.7783787427208,33.4228071418276,8.39775757526796));
#4617=CARTESIAN_POINT('Ctrl Pts',(23.2031138655133,33.4011149897921,8.75863980024426));
#4618=CARTESIAN_POINT('Ctrl Pts',(22.2467285616087,33.361227244344,9.66707710808879));
#4619=CARTESIAN_POINT('Ctrl Pts',(21.8678845528584,33.3409943571017,10.1985368915887));
#4620=CARTESIAN_POINT('Ctrl Pts',(21.3211572839029,33.298292865974,11.3987562491225));
#4621=CARTESIAN_POINT('Ctrl Pts',(21.1676406320962,33.2765967149715,12.0600483665464));
#4622=CARTESIAN_POINT('Ctrl Pts',(21.1297322055534,33.2366728844157,13.3782241635605));
#4623=CARTESIAN_POINT('Ctrl Pts',(21.2356395901924,33.2164975356941,14.0220964513365));
#4624=CARTESIAN_POINT('Ctrl Pts',(21.6937403296996,33.1738125719055,15.2584739321559));
#4625=CARTESIAN_POINT('Ctrl Pts',(22.0508313681293,33.1521123557382,15.8355785974972));
#4626=CARTESIAN_POINT('Ctrl Pts',(22.9527435623115,33.1121501413913,16.7971547404332));
#4627=CARTESIAN_POINT('Ctrl Pts',(23.4815445908882,33.0920350015601,17.1792146425102));
#4628=CARTESIAN_POINT('Ctrl Pts',(24.6775346842982,33.0493679125044,17.7333773784117));
#4629=CARTESIAN_POINT('Ctrl Pts',(25.3373391910736,33.0276635960792,17.8911440650692));
#4630=CARTESIAN_POINT('Ctrl Pts',(26.6544934296373,32.9876606232877,17.9379023846963));
#4631=CARTESIAN_POINT('Ctrl Pts',(27.298787042894,32.9676082765208,17.8364302350778));
#4632=CARTESIAN_POINT('Ctrl Pts',(28.5375691083228,32.9249605046295,17.3871345842314));
#4633=CARTESIAN_POINT('Ctrl Pts',(29.1167437607383,32.9032520901644,17.0343796598803));
#4634=CARTESIAN_POINT('Ctrl Pts',(30.0842139180711,32.8632059169738,16.1399247335057));
#4635=CARTESIAN_POINT('Ctrl Pts',(30.4699358277039,32.8432188207237,15.6141492790335));
#4636=CARTESIAN_POINT('Ctrl Pts',(31.0325354511168,32.8005919067854,14.4229961324761));
#4637=CARTESIAN_POINT('Ctrl Pts',(31.1951225605379,32.7788794403699,13.764916014352));
#4638=CARTESIAN_POINT('Ctrl Pts',(31.227204422741,32.7562404658142,13.0218236866029));
#4639=CARTESIAN_POINT('Ctrl Pts',(31.2287658763333,32.7540511741039,12.9493249753997));
#4640=CARTESIAN_POINT('Ctrl Pts',(31.2287658763333,32.7518829370525,12.8768829371192));
#4641=CARTESIAN_POINT('Ctrl Pts',(31.2287658763333,33.6268829370525,12.8768829371192));
#4642=CARTESIAN_POINT('Ctrl Pts',(31.2287658763333,33.5643829370525,10.7887222401192));
#4643=CARTESIAN_POINT('Ctrl Pts',(29.7522132873333,33.5018829370525,9.3121696511192));
#4644=CARTESIAN_POINT('Ctrl Pts',(28.2756606983333,33.4393829370525,7.8356170621192));
#4645=CARTESIAN_POINT('Ctrl Pts',(26.1875000013333,33.3768829370525,7.8356170621192));
#4646=CARTESIAN_POINT('Ctrl Pts',(24.0993393043333,33.3143829370525,7.8356170621192));
#4647=CARTESIAN_POINT('Ctrl Pts',(22.6227867153333,33.2518829370525,9.3121696511192));
#4648=CARTESIAN_POINT('Ctrl Pts',(21.1462341263333,33.1893829370525,10.7887222401192));
#4649=CARTESIAN_POINT('Ctrl Pts',(21.1462341263333,33.1268829370525,12.8768829371192));
#4650=CARTESIAN_POINT('Ctrl Pts',(21.1462341263333,33.0643829370525,14.9650436341192));
#4651=CARTESIAN_POINT('Ctrl Pts',(22.6227867153333,33.0018829370525,16.4415962231192));
#4652=CARTESIAN_POINT('Ctrl Pts',(24.0993393043333,32.9393829370525,17.9181488121192));
#4653=CARTESIAN_POINT('Ctrl Pts',(26.1875000013333,32.8768829370525,17.9181488121192));
#4654=CARTESIAN_POINT('Ctrl Pts',(28.2756606983333,32.8143829370525,17.9181488121192));
#4655=CARTESIAN_POINT('Ctrl Pts',(29.7522132873333,32.7518829370525,16.4415962231192));
#4656=CARTESIAN_POINT('Ctrl Pts',(31.2287658763333,32.6893829370525,14.9650436341192));
#4657=CARTESIAN_POINT('Ctrl Pts',(31.2287658763333,32.6268829370525,12.8768829371192));
#4658=CARTESIAN_POINT('Origin',(35.0968738403013,29.2145930427166,21.1268829371192));
#4659=CARTESIAN_POINT('',(34.3775000013333,26.8203287966885,21.1268829371192));
#4660=CARTESIAN_POINT('',(34.3775000013333,31.6088572887447,21.1268829371192));
#4661=CARTESIAN_POINT('Origin',(35.0968738403013,29.2145930427166,21.0486050438691));
#4662=CARTESIAN_POINT('',(37.5968738403013,29.2145930427166,21.1268829371192));
#4663=CARTESIAN_POINT('Origin',(35.0968738403013,29.2145930427166,21.1268829371192));
#4664=CARTESIAN_POINT('',(37.5968738403013,29.2145930427166,14.1268829371192));
#4665=CARTESIAN_POINT('',(37.5968738403013,29.2145930427166,21.1268829371192));
#4666=CARTESIAN_POINT('Origin',(35.0968738403013,29.2145930427166,14.1268829371192));
#4667=CARTESIAN_POINT('Origin',(35.0968738403013,29.2145930427166,21.1268829371192));
#4668=CARTESIAN_POINT('Origin',(35.0968738403013,29.2145930427166,14.1268829371192));
#4669=CARTESIAN_POINT('Origin',(47.1875000013333,29.8143829384525,21.1268829371192));
#4670=CARTESIAN_POINT('',(34.3775000013333,1.62827543290679,21.1268829371192));
#4671=CARTESIAN_POINT('',(34.3775000013333,20.964784355485,21.1268829371192));
#4672=CARTESIAN_POINT('',(41.1875000013333,5.99025256576523,21.1268829371192));
#4673=CARTESIAN_POINT('',(43.7485981260385,7.63070065019561,21.1268829371192));
#4674=CARTESIAN_POINT('',(41.1875000013333,33.8143829384525,21.1268829371192));
#4675=CARTESIAN_POINT('',(41.1875000013333,29.3143829384525,21.1268829371192));
#4676=CARTESIAN_POINT('',(19.1875000013333,33.8143829384525,21.1268829371192));
#4677=CARTESIAN_POINT('',(47.1875000013333,33.8143829384525,21.1268829371192));
#4678=CARTESIAN_POINT('',(19.1875000013333,33.8051857725175,21.1268829371192));
#4679=CARTESIAN_POINT('',(19.1875000013333,31.8143829384525,21.1268829371192));
#4680=CARTESIAN_POINT('',(34.3775000013333,33.8051857725175,21.1268829371192));
#4681=CARTESIAN_POINT('',(33.1875000013333,33.8051857725175,21.1268829371192));
#4682=CARTESIAN_POINT('',(34.3775000013333,20.964784355485,21.1268829371192));
#4683=CARTESIAN_POINT('',(37.8516591033544,11.0658489111863,21.1268829371192));
#4684=CARTESIAN_POINT('Origin',(36.7516591033544,11.0658489111863,21.1268829371192));
#4685=CARTESIAN_POINT('',(37.7875000013333,17.5536342618449,21.1268829371192));
#4686=CARTESIAN_POINT('Origin',(36.6875000013333,17.5536342618449,21.1268829371192));
#4687=CARTESIAN_POINT('Origin',(41.1875000013333,26.4913592066821,11.4905912556456));
#4688=CARTESIAN_POINT('',(41.1875000013333,24.0913592066821,11.4905912556456));
#4689=CARTESIAN_POINT('Origin',(41.1875000013333,26.4913592066821,11.4905912556456));
#4690=CARTESIAN_POINT('',(34.1875000013333,24.0913592066821,11.4905912556456));
#4691=CARTESIAN_POINT('',(41.1875000013333,24.0913592066821,11.4905912556456));
#4692=CARTESIAN_POINT('Origin',(34.1875000013333,26.4913592066821,11.4905912556456));
#4693=CARTESIAN_POINT('Origin',(34.1875000013333,26.4913592066821,11.4905912556456));
#4694=CARTESIAN_POINT('Origin',(24.4210940188727,2.35246955765754,19.1268829371192));
#4695=CARTESIAN_POINT('',(24.7362159446664,0.674805509768175,9.50000014156103));
#4696=CARTESIAN_POINT('',(24.9352482912386,-0.384814227482524,9.81210582941135));
#4697=CARTESIAN_POINT('Origin',(24.7362159446664,0.674805509768175,11.500000141561));
#4698=CARTESIAN_POINT('',(24.9352482912386,-0.384814227482524,19.8268829371192));
#4699=CARTESIAN_POINT('',(24.9352482912386,-0.384814227482524,19.1268829371192));
#4700=CARTESIAN_POINT('',(23.9069397465068,5.0897533427976,19.8268829371192));
#4701=CARTESIAN_POINT('',(22.3123252979974,13.5792525224303,19.8268829371192));
#4702=CARTESIAN_POINT('',(23.9069397465068,5.0897533427976,9.50000014156103));
#4703=CARTESIAN_POINT('',(23.9069397465068,5.0897533427976,19.1268829371192));
#4704=CARTESIAN_POINT('',(22.8385524735498,10.7776943280165,9.50000014156103));
#4705=CARTESIAN_POINT('Origin',(24.4352482912386,-0.384814227482524,19.1268829371192));
#4706=CARTESIAN_POINT('',(20.6575059567822,-0.384814227482524,19.8268829371191));
#4707=CARTESIAN_POINT('',(19.1875000013333,-0.384814227482523,19.8268829371192));
#4708=CARTESIAN_POINT('',(28.2346269028062,-0.384814227482524,11.500000141561));
#4709=CARTESIAN_POINT('Origin',(21.1173578249637,-0.384814227482524,11.500000141561));
#4710=CARTESIAN_POINT('',(28.2346269028062,-0.384814227482524,21.7953130892984));
#4711=CARTESIAN_POINT('',(28.2346269028062,-0.384814227482524,19.1268829371192));
#4712=CARTESIAN_POINT('',(25.1875000013333,-0.384814227482519,22.1268829371192));
#4713=CARTESIAN_POINT('',(27.2745864342917,-0.384814227482524,21.899778863892));
#4714=CARTESIAN_POINT('',(20.6575059567822,-0.384814227482524,22.1268829371191));
#4715=CARTESIAN_POINT('',(19.1875000013333,-0.384814227482523,22.1268829371192));
#4716=CARTESIAN_POINT('Ctrl Pts',(20.6575059567822,-0.384814227482524,19.8268829371191));
#4717=CARTESIAN_POINT('Ctrl Pts',(20.6575059567822,-0.384814227482524,20.5935496037857));
#4718=CARTESIAN_POINT('Ctrl Pts',(20.6575059567822,-0.384814227482524,21.3602162704524));
#4719=CARTESIAN_POINT('Ctrl Pts',(20.6575059567822,-0.384814227482524,22.1268829371191));
#4720=CARTESIAN_POINT('',(25.0625000013333,-0.384814227482524,12.8768829371192));
#4721=CARTESIAN_POINT('Origin',(26.1875000013333,-0.384814227482524,12.8768829371192));
#4722=CARTESIAN_POINT('Origin',(27.4766605478816,1.47722138084068,11.500000141561));
#4723=CARTESIAN_POINT('',(32.9235963496666,3.07211139647445,9.50000014156103));
#4724=CARTESIAN_POINT('',(27.4766605478816,1.47722138084068,9.50000014156103));
#4725=CARTESIAN_POINT('',(33.7608384506514,1.23328812265899,11.500000141561));
#4726=CARTESIAN_POINT('Origin',(32.9235963496666,3.07211139647445,11.500000141561));
#4727=CARTESIAN_POINT('',(28.0386738645416,-0.442190256067048,11.500000141561));
#4728=CARTESIAN_POINT('Origin',(26.1875000013333,20.587621501083,12.8768829371192));
#4729=CARTESIAN_POINT('',(28.2875000013333,20.587621501083,12.8768829371192));
#4730=CARTESIAN_POINT('',(24.0875000013333,20.587621501083,12.8768829371192));
#4731=CARTESIAN_POINT('Origin',(26.1875000013333,20.587621501083,12.8768829371192));
#4732=CARTESIAN_POINT('Origin',(26.1875000013333,20.587621501083,12.8768829371192));
#4733=CARTESIAN_POINT('',(27.3125000013333,18.8143829384525,12.8768829371192));
#4734=CARTESIAN_POINT('Origin',(26.1875000013333,20.587621501083,12.8768829371192));
#4735=CARTESIAN_POINT('',(25.0625000013333,18.8143829384525,12.8768829371192));
#4736=CARTESIAN_POINT('Origin',(26.1875000013333,18.8143829384525,12.8768829371192));
#4737=CARTESIAN_POINT('Origin',(26.1875000013333,18.8143829384525,12.8768829371192));
#4738=CARTESIAN_POINT('Origin',(26.1875000013333,18.8143829384525,12.8768829371192));
#4739=CARTESIAN_POINT('',(24.0875000013333,22.3723174528626,12.8768829371192));
#4740=CARTESIAN_POINT('',(24.0875000013333,18.8143829384525,12.8768829371192));
#4741=CARTESIAN_POINT('Origin',(26.1875000013333,22.3723174528626,12.8768829371192));
#4742=CARTESIAN_POINT('Origin',(30.2446848241211,1.3562008508973,11.500000141561));
#4743=CARTESIAN_POINT('',(41.1875000013333,8.3653505677983,9.50000014156103));
#4744=CARTESIAN_POINT('',(30.2446848241211,1.3562008508973,9.50000014156103));
#4745=CARTESIAN_POINT('',(41.1875000013333,5.99025256576523,11.500000141561));
#4746=CARTESIAN_POINT('Origin',(41.1875000013333,8.3653505677983,11.500000141561));
#4747=CARTESIAN_POINT('',(31.3234197242155,-0.327940180999504,11.500000141561));
#4748=CARTESIAN_POINT('Origin',(-6.379962935919,-0.595778725444477,19.1268829371192));
#4749=CARTESIAN_POINT('',(19.1875000013333,16.6067381818565,19.8268829371192));
#4750=CARTESIAN_POINT('Origin',(-6.379962935919,-0.595778725444477,19.8268829371192));
#4751=CARTESIAN_POINT('',(19.1875000013333,16.6067381818564,9.50000014156103));
#4752=CARTESIAN_POINT('',(19.1875000013333,16.6067381818564,19.1268829371192));
#4753=CARTESIAN_POINT('Origin',(-6.379962935919,-0.595778725444477,9.50000014156103));
#4754=CARTESIAN_POINT('Origin',(30.9977326767288,0.424236947588235,19.1268829371192));
#4755=CARTESIAN_POINT('',(33.7608384506514,1.23328812265899,21.1939843028082));
#4756=CARTESIAN_POINT('',(33.7608384506514,1.23328812265899,19.1268829371192));
#4757=CARTESIAN_POINT('',(33.2947957954155,1.09682850485855,21.2446962348252));
#4758=CARTESIAN_POINT('Origin',(34.2000005021691,18.8143829384525,4.00000005960465));
#4759=CARTESIAN_POINT('',(31.1500005021691,18.8143829384525,4.00000005960465));
#4760=CARTESIAN_POINT('Origin',(34.2000005021691,18.8143829384525,4.00000005960465));
#4761=CARTESIAN_POINT('',(31.1500005021691,22.0143829384525,4.00000005960465));
#4762=CARTESIAN_POINT('',(31.1500005021691,18.8143829384525,4.00000005960465));
#4763=CARTESIAN_POINT('Origin',(34.2000005021691,22.0143829384525,4.00000005960465));
#4764=CARTESIAN_POINT('Origin',(34.2000005021691,22.0143829384525,4.00000005960465));
#4765=CARTESIAN_POINT('Ctrl Pts',(19.1875000013333,26.0541728776042,3.62096657677676));
#4766=CARTESIAN_POINT('Ctrl Pts',(19.5875000013333,26.0541728776042,3.62096657677676));
#4767=CARTESIAN_POINT('Ctrl Pts',(19.1875000013333,26.1213170305463,3.6131531543018));
#4768=CARTESIAN_POINT('Ctrl Pts',(19.5875000013333,26.1213170305463,3.6131531543018));
#4769=CARTESIAN_POINT('Ctrl Pts',(19.1875000013333,26.2570293026526,3.59736060542688));
#4770=CARTESIAN_POINT('Ctrl Pts',(19.5875000013333,26.2570293026526,3.59736060542688));
#4771=CARTESIAN_POINT('Ctrl Pts',(19.1875000013333,26.3465022845957,3.49393843146775));
#4772=CARTESIAN_POINT('Ctrl Pts',(19.5875000013333,26.3465022845957,3.49393843146775));
#4773=CARTESIAN_POINT('Ctrl Pts',(19.1875000013333,26.3917081749152,3.44168476392402));
#4774=CARTESIAN_POINT('Ctrl Pts',(19.5875000013333,26.3917081749152,3.44168476392402));
#4775=CARTESIAN_POINT('',(19.1875000013333,26.0541728776042,3.62096657677676));
#4776=CARTESIAN_POINT('',(19.1875000013333,26.3917081749152,3.44168476392402));
#4777=CARTESIAN_POINT('Ctrl Pts',(19.1875000013333,26.0541728776042,3.62096657677676));
#4778=CARTESIAN_POINT('Ctrl Pts',(19.1875000013333,26.1213170305463,3.6131531543018));
#4779=CARTESIAN_POINT('Ctrl Pts',(19.1875000013333,26.2570293026526,3.59736060542688));
#4780=CARTESIAN_POINT('Ctrl Pts',(19.1875000013333,26.3465022845957,3.49393843146775));
#4781=CARTESIAN_POINT('Ctrl Pts',(19.1875000013333,26.3917081749152,3.44168476392402));
#4782=CARTESIAN_POINT('',(19.5875000013333,26.0541728776042,3.62096657677676));
#4783=CARTESIAN_POINT('',(19.1875000013333,26.0541728776042,3.62096657677676));
#4784=CARTESIAN_POINT('',(19.5875000013333,26.3917081749152,3.44168476392402));
#4785=CARTESIAN_POINT('Ctrl Pts',(19.5875000013333,26.0541728776042,3.62096657677676));
#4786=CARTESIAN_POINT('Ctrl Pts',(19.5875000013333,26.1213170305463,3.6131531543018));
#4787=CARTESIAN_POINT('Ctrl Pts',(19.5875000013333,26.2570293026526,3.59736060542688));
#4788=CARTESIAN_POINT('Ctrl Pts',(19.5875000013333,26.3465022845957,3.49393843146775));
#4789=CARTESIAN_POINT('Ctrl Pts',(19.5875000013333,26.3917081749152,3.44168476392402));
#4790=CARTESIAN_POINT('',(19.1875000013333,26.3917081749152,3.44168476392402));
#4791=CARTESIAN_POINT('Ctrl Pts',(19.1875000013333,25.6950686210982,3.41827085227427));
#4792=CARTESIAN_POINT('Ctrl Pts',(19.5875000013333,25.6950686210982,3.41827085227427));
#4793=CARTESIAN_POINT('Ctrl Pts',(19.1875000013333,25.7444009539613,3.47739359432789));
#4794=CARTESIAN_POINT('Ctrl Pts',(19.5875000013333,25.7444009539613,3.47739359432789));
#4795=CARTESIAN_POINT('Ctrl Pts',(19.1875000013333,25.83895030676,3.59070704764397));
#4796=CARTESIAN_POINT('Ctrl Pts',(19.5875000013333,25.83895030676,3.59070704764397));
#4797=CARTESIAN_POINT('Ctrl Pts',(19.1875000013333,25.9845443747958,3.61117705655618));
#4798=CARTESIAN_POINT('Ctrl Pts',(19.5875000013333,25.9845443747958,3.61117705655618));
#4799=CARTESIAN_POINT('Ctrl Pts',(19.1875000013333,26.0541728776042,3.62096657677676));
#4800=CARTESIAN_POINT('Ctrl Pts',(19.5875000013333,26.0541728776042,3.62096657677676));
#4801=CARTESIAN_POINT('',(19.1875000013333,25.6950686210982,3.41827085227427));
#4802=CARTESIAN_POINT('Ctrl Pts',(19.1875000013333,25.6950686210982,3.41827085227427));
#4803=CARTESIAN_POINT('Ctrl Pts',(19.1875000013333,25.7444009539613,3.47739359432789));
#4804=CARTESIAN_POINT('Ctrl Pts',(19.1875000013333,25.83895030676,3.59070704764397));
#4805=CARTESIAN_POINT('Ctrl Pts',(19.1875000013333,25.9845443747958,3.61117705655618));
#4806=CARTESIAN_POINT('Ctrl Pts',(19.1875000013333,26.0541728776042,3.62096657677676));
#4807=CARTESIAN_POINT('',(19.5875000013333,25.6950686210982,3.41827085227427));
#4808=CARTESIAN_POINT('',(19.1875000013333,25.6950686210982,3.41827085227427));
#4809=CARTESIAN_POINT('Ctrl Pts',(19.5875000013333,25.6950686210982,3.41827085227427));
#4810=CARTESIAN_POINT('Ctrl Pts',(19.5875000013333,25.7444009539613,3.47739359432789));
#4811=CARTESIAN_POINT('Ctrl Pts',(19.5875000013333,25.83895030676,3.59070704764397));
#4812=CARTESIAN_POINT('Ctrl Pts',(19.5875000013333,25.9845443747958,3.61117705655618));
#4813=CARTESIAN_POINT('Ctrl Pts',(19.5875000013333,26.0541728776042,3.62096657677676));
#4814=CARTESIAN_POINT('Ctrl Pts',(19.1875000013333,25.5504267430143,2.59810700049013));
#4815=CARTESIAN_POINT('Ctrl Pts',(19.5875000013333,25.5504267430143,2.59810700049013));
#4816=CARTESIAN_POINT('Ctrl Pts',(19.1875000013333,25.5487341743175,2.77221601519924));
#4817=CARTESIAN_POINT('Ctrl Pts',(19.5875000013333,25.5487341743175,2.77221601519924));
#4818=CARTESIAN_POINT('Ctrl Pts',(19.1875000013333,25.5459733734954,3.05621058028935));
#4819=CARTESIAN_POINT('Ctrl Pts',(19.5875000013333,25.5459733734954,3.05621058028935));
#4820=CARTESIAN_POINT('Ctrl Pts',(19.1875000013333,25.6534736974184,3.3172624725784));
#4821=CARTESIAN_POINT('Ctrl Pts',(19.5875000013333,25.6534736974184,3.3172624725784));
#4822=CARTESIAN_POINT('Ctrl Pts',(19.1875000013333,25.6950686210982,3.41827085227427));
#4823=CARTESIAN_POINT('Ctrl Pts',(19.5875000013333,25.6950686210982,3.41827085227427));
#4824=CARTESIAN_POINT('',(19.1875000013333,25.5504267430143,2.59810700049013));
#4825=CARTESIAN_POINT('Ctrl Pts',(19.1875000013333,25.5504267430143,2.59810700049013));
#4826=CARTESIAN_POINT('Ctrl Pts',(19.1875000013333,25.5487341743175,2.77221601519924));
#4827=CARTESIAN_POINT('Ctrl Pts',(19.1875000013333,25.5459733734954,3.05621058028935));
#4828=CARTESIAN_POINT('Ctrl Pts',(19.1875000013333,25.6534736974184,3.3172624725784));
#4829=CARTESIAN_POINT('Ctrl Pts',(19.1875000013333,25.6950686210982,3.41827085227427));
#4830=CARTESIAN_POINT('',(19.5875000013333,25.5504267430143,2.59810700049013));
#4831=CARTESIAN_POINT('',(19.1875000013333,25.5504267430143,2.59810700049013));
#4832=CARTESIAN_POINT('Ctrl Pts',(19.5875000013333,25.5504267430143,2.59810700049013));
#4833=CARTESIAN_POINT('Ctrl Pts',(19.5875000013333,25.5487341743175,2.77221601519924));
#4834=CARTESIAN_POINT('Ctrl Pts',(19.5875000013333,25.5459733734954,3.05621058028935));
#4835=CARTESIAN_POINT('Ctrl Pts',(19.5875000013333,25.6534736974184,3.3172624725784));
#4836=CARTESIAN_POINT('Ctrl Pts',(19.5875000013333,25.6950686210982,3.41827085227427));
#4837=CARTESIAN_POINT('Ctrl Pts',(19.1875000013333,25.6939851158207,1.77945804264493));
#4838=CARTESIAN_POINT('Ctrl Pts',(19.5875000013333,25.6939851158207,1.77945804264493));
#4839=CARTESIAN_POINT('Ctrl Pts',(19.1875000013333,25.6525136693371,1.88066174714021));
#4840=CARTESIAN_POINT('Ctrl Pts',(19.5875000013333,25.6525136693371,1.88066174714021));
#4841=CARTESIAN_POINT('Ctrl Pts',(19.1875000013333,25.5456846535901,2.14135899929543));
#4842=CARTESIAN_POINT('Ctrl Pts',(19.5875000013333,25.5456846535901,2.14135899929543));
#4843=CARTESIAN_POINT('Ctrl Pts',(19.1875000013333,25.5486267686552,2.42473728575774));
#4844=CARTESIAN_POINT('Ctrl Pts',(19.5875000013333,25.5486267686552,2.42473728575774));
#4845=CARTESIAN_POINT('Ctrl Pts',(19.1875000013333,25.5504267430143,2.59810700049013));
#4846=CARTESIAN_POINT('Ctrl Pts',(19.5875000013333,25.5504267430143,2.59810700049013));
#4847=CARTESIAN_POINT('',(19.1875000013333,25.6939851158207,1.77945804264493));
#4848=CARTESIAN_POINT('Ctrl Pts',(19.1875000013333,25.6939851158207,1.77945804264493));
#4849=CARTESIAN_POINT('Ctrl Pts',(19.1875000013333,25.6525136693371,1.88066174714021));
#4850=CARTESIAN_POINT('Ctrl Pts',(19.1875000013333,25.5456846535901,2.14135899929543));
#4851=CARTESIAN_POINT('Ctrl Pts',(19.1875000013333,25.5486267686552,2.42473728575774));
#4852=CARTESIAN_POINT('Ctrl Pts',(19.1875000013333,25.5504267430143,2.59810700049013));
#4853=CARTESIAN_POINT('',(19.5875000013333,25.6939851158207,1.77945804264493));
#4854=CARTESIAN_POINT('',(19.1875000013333,25.6939851158207,1.77945804264493));
#4855=CARTESIAN_POINT('Ctrl Pts',(19.5875000013333,25.6939851158207,1.77945804264493));
#4856=CARTESIAN_POINT('Ctrl Pts',(19.5875000013333,25.6525136693371,1.88066174714021));
#4857=CARTESIAN_POINT('Ctrl Pts',(19.5875000013333,25.5456846535901,2.14135899929543));
#4858=CARTESIAN_POINT('Ctrl Pts',(19.5875000013333,25.5486267686552,2.42473728575774));
#4859=CARTESIAN_POINT('Ctrl Pts',(19.5875000013333,25.5504267430143,2.59810700049013));
#4860=CARTESIAN_POINT('Ctrl Pts',(19.1875000013333,26.0494093283231,1.5745844675476));
#4861=CARTESIAN_POINT('Ctrl Pts',(19.5875000013333,26.0494093283231,1.5745844675476));
#4862=CARTESIAN_POINT('Ctrl Pts',(19.1875000013333,25.9806639628879,1.58473843365338));
#4863=CARTESIAN_POINT('Ctrl Pts',(19.5875000013333,25.9806639628879,1.58473843365338));
#4864=CARTESIAN_POINT('Ctrl Pts',(19.1875000013333,25.8359450237373,1.60611400120904));
#4865=CARTESIAN_POINT('Ctrl Pts',(19.5875000013333,25.8359450237373,1.60611400120904));
#4866=CARTESIAN_POINT('Ctrl Pts',(19.1875000013333,25.7428549274363,1.71978421801389));
#4867=CARTESIAN_POINT('Ctrl Pts',(19.5875000013333,25.7428549274363,1.71978421801389));
#4868=CARTESIAN_POINT('Ctrl Pts',(19.1875000013333,25.6939851158207,1.77945804264493));
#4869=CARTESIAN_POINT('Ctrl Pts',(19.5875000013333,25.6939851158207,1.77945804264493));
#4870=CARTESIAN_POINT('',(19.1875000013333,26.0494093283231,1.5745844675476));
#4871=CARTESIAN_POINT('Ctrl Pts',(19.1875000013333,26.0494093283231,1.5745844675476));
#4872=CARTESIAN_POINT('Ctrl Pts',(19.1875000013333,25.9806639628879,1.58473843365338));
#4873=CARTESIAN_POINT('Ctrl Pts',(19.1875000013333,25.8359450237373,1.60611400120904));
#4874=CARTESIAN_POINT('Ctrl Pts',(19.1875000013333,25.7428549274363,1.71978421801389));
#4875=CARTESIAN_POINT('Ctrl Pts',(19.1875000013333,25.6939851158207,1.77945804264493));
#4876=CARTESIAN_POINT('',(19.5875000013333,26.0494093283231,1.5745844675476));
#4877=CARTESIAN_POINT('',(19.1875000013333,26.0494093283231,1.5745844675476));
#4878=CARTESIAN_POINT('Ctrl Pts',(19.5875000013333,26.0494093283231,1.5745844675476));
#4879=CARTESIAN_POINT('Ctrl Pts',(19.5875000013333,25.9806639628879,1.58473843365338));
#4880=CARTESIAN_POINT('Ctrl Pts',(19.5875000013333,25.8359450237373,1.60611400120904));
#4881=CARTESIAN_POINT('Ctrl Pts',(19.5875000013333,25.7428549274363,1.71978421801389));
#4882=CARTESIAN_POINT('Ctrl Pts',(19.5875000013333,25.6939851158207,1.77945804264493));
#4883=CARTESIAN_POINT('Ctrl Pts',(19.1875000013333,26.4051029755806,1.77813524062462));
#4884=CARTESIAN_POINT('Ctrl Pts',(19.5875000013333,26.4051029755806,1.77813524062462));
#4885=CARTESIAN_POINT('Ctrl Pts',(19.1875000013333,26.3561185764717,1.71877309704719));
#4886=CARTESIAN_POINT('Ctrl Pts',(19.5875000013333,26.3561185764717,1.71877309704719));
#4887=CARTESIAN_POINT('Ctrl Pts',(19.1875000013333,26.2627340048189,1.60560424224403));
#4888=CARTESIAN_POINT('Ctrl Pts',(19.5875000013333,26.2627340048189,1.60560424224403));
#4889=CARTESIAN_POINT('Ctrl Pts',(19.1875000013333,26.1181517170361,1.58458037352997));
#4890=CARTESIAN_POINT('Ctrl Pts',(19.5875000013333,26.1181517170361,1.58458037352997));
#4891=CARTESIAN_POINT('Ctrl Pts',(19.1875000013333,26.0494093283231,1.5745844675476));
#4892=CARTESIAN_POINT('Ctrl Pts',(19.5875000013333,26.0494093283231,1.5745844675476));
#4893=CARTESIAN_POINT('',(19.1875000013333,26.4051029755806,1.77813524062462));
#4894=CARTESIAN_POINT('Ctrl Pts',(19.1875000013333,26.4051029755806,1.77813524062462));
#4895=CARTESIAN_POINT('Ctrl Pts',(19.1875000013333,26.3561185764717,1.71877309704719));
#4896=CARTESIAN_POINT('Ctrl Pts',(19.1875000013333,26.2627340048189,1.60560424224403));
#4897=CARTESIAN_POINT('Ctrl Pts',(19.1875000013333,26.1181517170361,1.58458037352997));
#4898=CARTESIAN_POINT('Ctrl Pts',(19.1875000013333,26.0494093283231,1.5745844675476));
#4899=CARTESIAN_POINT('',(19.5875000013333,26.4051029755806,1.77813524062462));
#4900=CARTESIAN_POINT('',(19.1875000013333,26.4051029755806,1.77813524062462));
#4901=CARTESIAN_POINT('Ctrl Pts',(19.5875000013333,26.4051029755806,1.77813524062462));
#4902=CARTESIAN_POINT('Ctrl Pts',(19.5875000013333,26.3561185764717,1.71877309704719));
#4903=CARTESIAN_POINT('Ctrl Pts',(19.5875000013333,26.2627340048189,1.60560424224403));
#4904=CARTESIAN_POINT('Ctrl Pts',(19.5875000013333,26.1181517170361,1.58458037352997));
#4905=CARTESIAN_POINT('Ctrl Pts',(19.5875000013333,26.0494093283231,1.5745844675476));
#4906=CARTESIAN_POINT('Ctrl Pts',(19.1875000013333,26.5497448858844,2.59744629874594));
#4907=CARTESIAN_POINT('Ctrl Pts',(19.5875000013333,26.5497448858844,2.59744629874594));
#4908=CARTESIAN_POINT('Ctrl Pts',(19.1875000013333,26.5513765573129,2.42370580715263));
#4909=CARTESIAN_POINT('Ctrl Pts',(19.5875000013333,26.5513765573129,2.42370580715263));
#4910=CARTESIAN_POINT('Ctrl Pts',(19.1875000013333,26.5540407959718,2.14001748228167));
#4911=CARTESIAN_POINT('Ctrl Pts',(19.5875000013333,26.5540407959718,2.14001748228167));
#4912=CARTESIAN_POINT('Ctrl Pts',(19.1875000013333,26.4467032968573,1.87921378117077));
#4913=CARTESIAN_POINT('Ctrl Pts',(19.5875000013333,26.4467032968573,1.87921378117077));
#4914=CARTESIAN_POINT('Ctrl Pts',(19.1875000013333,26.4051029755806,1.77813524062462));
#4915=CARTESIAN_POINT('Ctrl Pts',(19.5875000013333,26.4051029755806,1.77813524062462));
#4916=CARTESIAN_POINT('',(19.1875000013333,26.5497448858844,2.59744629874594));
#4917=CARTESIAN_POINT('Ctrl Pts',(19.1875000013333,26.5497448858844,2.59744629874594));
#4918=CARTESIAN_POINT('Ctrl Pts',(19.1875000013333,26.5513765573129,2.42370580715263));
#4919=CARTESIAN_POINT('Ctrl Pts',(19.1875000013333,26.5540407959718,2.14001748228167));
#4920=CARTESIAN_POINT('Ctrl Pts',(19.1875000013333,26.4467032968573,1.87921378117077));
#4921=CARTESIAN_POINT('Ctrl Pts',(19.1875000013333,26.4051029755806,1.77813524062462));
#4922=CARTESIAN_POINT('',(19.5875000013333,26.5497448858844,2.59744629874594));
#4923=CARTESIAN_POINT('',(19.1875000013333,26.5497448858844,2.59744629874594));
#4924=CARTESIAN_POINT('Ctrl Pts',(19.5875000013333,26.5497448858844,2.59744629874594));
#4925=CARTESIAN_POINT('Ctrl Pts',(19.5875000013333,26.5513765573129,2.42370580715263));
#4926=CARTESIAN_POINT('Ctrl Pts',(19.5875000013333,26.5540407959718,2.14001748228167));
#4927=CARTESIAN_POINT('Ctrl Pts',(19.5875000013333,26.4467032968573,1.87921378117077));
#4928=CARTESIAN_POINT('Ctrl Pts',(19.5875000013333,26.4051029755806,1.77813524062462));
#4929=CARTESIAN_POINT('Ctrl Pts',(19.1875000013333,26.3917081749152,3.44168476392402));
#4930=CARTESIAN_POINT('Ctrl Pts',(19.5875000013333,26.3917081749152,3.44168476392402));
#4931=CARTESIAN_POINT('Ctrl Pts',(19.1875000013333,26.4374504390174,3.33456043617059));
#4932=CARTESIAN_POINT('Ctrl Pts',(19.5875000013333,26.4374504390174,3.33456043617059));
#4933=CARTESIAN_POINT('Ctrl Pts',(19.1875000013333,26.55191496495,3.06649466302175));
#4934=CARTESIAN_POINT('Ctrl Pts',(19.5875000013333,26.55191496495,3.06649466302175));
#4935=CARTESIAN_POINT('Ctrl Pts',(19.1875000013333,26.5505589879469,2.773409122782));
#4936=CARTESIAN_POINT('Ctrl Pts',(19.5875000013333,26.5505589879469,2.773409122782));
#4937=CARTESIAN_POINT('Ctrl Pts',(19.1875000013333,26.5497448858844,2.59744629874594));
#4938=CARTESIAN_POINT('Ctrl Pts',(19.5875000013333,26.5497448858844,2.59744629874594));
#4939=CARTESIAN_POINT('Ctrl Pts',(19.1875000013333,26.3917081749152,3.44168476392402));
#4940=CARTESIAN_POINT('Ctrl Pts',(19.1875000013333,26.4374504390174,3.33456043617059));
#4941=CARTESIAN_POINT('Ctrl Pts',(19.1875000013333,26.55191496495,3.06649466302175));
#4942=CARTESIAN_POINT('Ctrl Pts',(19.1875000013333,26.5505589879469,2.773409122782));
#4943=CARTESIAN_POINT('Ctrl Pts',(19.1875000013333,26.5497448858844,2.59744629874594));
#4944=CARTESIAN_POINT('Ctrl Pts',(19.5875000013333,26.3917081749152,3.44168476392402));
#4945=CARTESIAN_POINT('Ctrl Pts',(19.5875000013333,26.4374504390174,3.33456043617059));
#4946=CARTESIAN_POINT('Ctrl Pts',(19.5875000013333,26.55191496495,3.06649466302175));
#4947=CARTESIAN_POINT('Ctrl Pts',(19.5875000013333,26.5505589879469,2.773409122782));
#4948=CARTESIAN_POINT('Ctrl Pts',(19.5875000013333,26.5497448858844,2.59744629874594));
#4949=CARTESIAN_POINT('Ctrl Pts',(19.1875000013333,26.0492424617033,1.32219699905861));
#4950=CARTESIAN_POINT('Ctrl Pts',(19.5875000013333,26.0492424617033,1.32219699905861));
#4951=CARTESIAN_POINT('Ctrl Pts',(19.1875000013333,26.1623646845495,1.33178268462078));
#4952=CARTESIAN_POINT('Ctrl Pts',(19.5875000013333,26.1623646845495,1.33178268462078));
#4953=CARTESIAN_POINT('Ctrl Pts',(19.1875000013333,26.3830063785825,1.35047929301205));
#4954=CARTESIAN_POINT('Ctrl Pts',(19.5875000013333,26.3830063785825,1.35047929301205));
#4955=CARTESIAN_POINT('Ctrl Pts',(19.1875000013333,26.540525850995,1.50549195699587));
#4956=CARTESIAN_POINT('Ctrl Pts',(19.5875000013333,26.540525850995,1.50549195699587));
#4957=CARTESIAN_POINT('Ctrl Pts',(19.1875000013333,26.6172856422468,1.58103017171022));
#4958=CARTESIAN_POINT('Ctrl Pts',(19.5875000013333,26.6172856422468,1.58103017171022));
#4959=CARTESIAN_POINT('',(19.1875000013333,26.0492424617033,1.32219699905861));
#4960=CARTESIAN_POINT('',(19.1875000013333,26.6172856422468,1.58103017171022));
#4961=CARTESIAN_POINT('Ctrl Pts',(19.1875000013333,26.0492424617033,1.32219699905861));
#4962=CARTESIAN_POINT('Ctrl Pts',(19.1875000013333,26.1623646845495,1.33178268462078));
#4963=CARTESIAN_POINT('Ctrl Pts',(19.1875000013333,26.3830063785825,1.35047929301205));
#4964=CARTESIAN_POINT('Ctrl Pts',(19.1875000013333,26.540525850995,1.50549195699587));
#4965=CARTESIAN_POINT('Ctrl Pts',(19.1875000013333,26.6172856422468,1.58103017171022));
#4966=CARTESIAN_POINT('',(19.5875000013333,26.0492424617033,1.32219699905861));
#4967=CARTESIAN_POINT('',(19.1875000013333,26.0492424617033,1.32219699905861));
#4968=CARTESIAN_POINT('',(19.5875000013333,26.6172856422468,1.58103017171022));
#4969=CARTESIAN_POINT('Ctrl Pts',(19.5875000013333,26.0492424617033,1.32219699905861));
#4970=CARTESIAN_POINT('Ctrl Pts',(19.5875000013333,26.1623646845495,1.33178268462078));
#4971=CARTESIAN_POINT('Ctrl Pts',(19.5875000013333,26.3830063785825,1.35047929301205));
#4972=CARTESIAN_POINT('Ctrl Pts',(19.5875000013333,26.540525850995,1.50549195699587));
#4973=CARTESIAN_POINT('Ctrl Pts',(19.5875000013333,26.6172856422468,1.58103017171022));
#4974=CARTESIAN_POINT('',(19.1875000013333,26.6172856422468,1.58103017171022));
#4975=CARTESIAN_POINT('Ctrl Pts',(19.1875000013333,25.5948719568693,1.47000790847905));
#4976=CARTESIAN_POINT('Ctrl Pts',(19.5875000013333,25.5948719568693,1.47000790847905));
#4977=CARTESIAN_POINT('Ctrl Pts',(19.1875000013333,25.6606596051823,1.42696435650505));
#4978=CARTESIAN_POINT('Ctrl Pts',(19.5875000013333,25.6606596051823,1.42696435650505));
#4979=CARTESIAN_POINT('Ctrl Pts',(19.1875000013333,25.7984525834003,1.33680914695333));
#4980=CARTESIAN_POINT('Ctrl Pts',(19.5875000013333,25.7984525834003,1.33680914695333));
#4981=CARTESIAN_POINT('Ctrl Pts',(19.1875000013333,25.9631683265704,1.32721206585869));
#4982=CARTESIAN_POINT('Ctrl Pts',(19.5875000013333,25.9631683265704,1.32721206585869));
#4983=CARTESIAN_POINT('Ctrl Pts',(19.1875000013333,26.0492424617033,1.32219699905861));
#4984=CARTESIAN_POINT('Ctrl Pts',(19.5875000013333,26.0492424617033,1.32219699905861));
#4985=CARTESIAN_POINT('',(19.1875000013333,25.5948719568693,1.47000790847905));
#4986=CARTESIAN_POINT('Ctrl Pts',(19.1875000013333,25.5948719568693,1.47000790847905));
#4987=CARTESIAN_POINT('Ctrl Pts',(19.1875000013333,25.6606596051823,1.42696435650505));
#4988=CARTESIAN_POINT('Ctrl Pts',(19.1875000013333,25.7984525834003,1.33680914695333));
#4989=CARTESIAN_POINT('Ctrl Pts',(19.1875000013333,25.9631683265704,1.32721206585869));
#4990=CARTESIAN_POINT('Ctrl Pts',(19.1875000013333,26.0492424617033,1.32219699905861));
#4991=CARTESIAN_POINT('',(19.5875000013333,25.5948719568693,1.47000790847905));
#4992=CARTESIAN_POINT('',(19.1875000013333,25.5948719568693,1.47000790847905));
#4993=CARTESIAN_POINT('Ctrl Pts',(19.5875000013333,25.5948719568693,1.47000790847905));
#4994=CARTESIAN_POINT('Ctrl Pts',(19.5875000013333,25.6606596051823,1.42696435650505));
#4995=CARTESIAN_POINT('Ctrl Pts',(19.5875000013333,25.7984525834003,1.33680914695333));
#4996=CARTESIAN_POINT('Ctrl Pts',(19.5875000013333,25.9631683265704,1.32721206585869));
#4997=CARTESIAN_POINT('Ctrl Pts',(19.5875000013333,26.0492424617033,1.32219699905861));
#4998=CARTESIAN_POINT('Ctrl Pts',(19.1875000013333,25.3248548927655,1.88799004819146));
#4999=CARTESIAN_POINT('Ctrl Pts',(19.5875000013333,25.3248548927655,1.88799004819146));
#5000=CARTESIAN_POINT('Ctrl Pts',(19.1875000013333,25.3568897289362,1.80448600644487));
#5001=CARTESIAN_POINT('Ctrl Pts',(19.5875000013333,25.3568897289362,1.80448600644487));
#5002=CARTESIAN_POINT('Ctrl Pts',(19.1875000013333,25.4176983365152,1.64597842180247));
#5003=CARTESIAN_POINT('Ctrl Pts',(19.5875000013333,25.4176983365152,1.64597842180247));
#5004=CARTESIAN_POINT('Ctrl Pts',(19.1875000013333,25.5379639654843,1.5265294630773));
#5005=CARTESIAN_POINT('Ctrl Pts',(19.5875000013333,25.5379639654843,1.5265294630773));
#5006=CARTESIAN_POINT('Ctrl Pts',(19.1875000013333,25.5948719568693,1.47000790847905));
#5007=CARTESIAN_POINT('Ctrl Pts',(19.5875000013333,25.5948719568693,1.47000790847905));
#5008=CARTESIAN_POINT('',(19.1875000013333,25.3248548927655,1.88799004819146));
#5009=CARTESIAN_POINT('Ctrl Pts',(19.1875000013333,25.3248548927655,1.88799004819146));
#5010=CARTESIAN_POINT('Ctrl Pts',(19.1875000013333,25.3568897289362,1.80448600644487));
#5011=CARTESIAN_POINT('Ctrl Pts',(19.1875000013333,25.4176983365152,1.64597842180247));
#5012=CARTESIAN_POINT('Ctrl Pts',(19.1875000013333,25.5379639654843,1.5265294630773));
#5013=CARTESIAN_POINT('Ctrl Pts',(19.1875000013333,25.5948719568693,1.47000790847905));
#5014=CARTESIAN_POINT('',(19.5875000013333,25.3248548927655,1.88799004819146));
#5015=CARTESIAN_POINT('',(19.1875000013333,25.3248548927655,1.88799004819146));
#5016=CARTESIAN_POINT('Ctrl Pts',(19.5875000013333,25.3248548927655,1.88799004819146));
#5017=CARTESIAN_POINT('Ctrl Pts',(19.5875000013333,25.3568897289362,1.80448600644487));
#5018=CARTESIAN_POINT('Ctrl Pts',(19.5875000013333,25.4176983365152,1.64597842180247));
#5019=CARTESIAN_POINT('Ctrl Pts',(19.5875000013333,25.5379639654843,1.5265294630773));
#5020=CARTESIAN_POINT('Ctrl Pts',(19.5875000013333,25.5948719568693,1.47000790847905));
#5021=CARTESIAN_POINT('Ctrl Pts',(19.1875000013333,25.2349424074031,2.59831558376493));
#5022=CARTESIAN_POINT('Ctrl Pts',(19.5875000013333,25.2349424074031,2.59831558376493));
#5023=CARTESIAN_POINT('Ctrl Pts',(19.1875000013333,25.2366787628758,2.46502087868688));
#5024=CARTESIAN_POINT('Ctrl Pts',(19.5875000013333,25.2366787628758,2.46502087868688));
#5025=CARTESIAN_POINT('Ctrl Pts',(19.1875000013333,25.2398103956397,2.22461499853311));
#5026=CARTESIAN_POINT('Ctrl Pts',(19.5875000013333,25.2398103956397,2.22461499853311));
#5027=CARTESIAN_POINT('Ctrl Pts',(19.1875000013333,25.298642607976,1.99174407536313));
#5028=CARTESIAN_POINT('Ctrl Pts',(19.5875000013333,25.298642607976,1.99174407536313));
#5029=CARTESIAN_POINT('Ctrl Pts',(19.1875000013333,25.3248548927655,1.88799004819146));
#5030=CARTESIAN_POINT('Ctrl Pts',(19.5875000013333,25.3248548927655,1.88799004819146));
#5031=CARTESIAN_POINT('',(19.1875000013333,25.2349424074031,2.59831558376493));
#5032=CARTESIAN_POINT('Ctrl Pts',(19.1875000013333,25.2349424074031,2.59831558376493));
#5033=CARTESIAN_POINT('Ctrl Pts',(19.1875000013333,25.2366787628758,2.46502087868688));
#5034=CARTESIAN_POINT('Ctrl Pts',(19.1875000013333,25.2398103956397,2.22461499853311));
#5035=CARTESIAN_POINT('Ctrl Pts',(19.1875000013333,25.298642607976,1.99174407536313));
#5036=CARTESIAN_POINT('Ctrl Pts',(19.1875000013333,25.3248548927655,1.88799004819146));
#5037=CARTESIAN_POINT('',(19.5875000013333,25.2349424074031,2.59831558376493));
#5038=CARTESIAN_POINT('',(19.1875000013333,25.2349424074031,2.59831558376493));
#5039=CARTESIAN_POINT('Ctrl Pts',(19.5875000013333,25.2349424074031,2.59831558376493));
#5040=CARTESIAN_POINT('Ctrl Pts',(19.5875000013333,25.2366787628758,2.46502087868688));
#5041=CARTESIAN_POINT('Ctrl Pts',(19.5875000013333,25.2398103956397,2.22461499853311));
#5042=CARTESIAN_POINT('Ctrl Pts',(19.5875000013333,25.298642607976,1.99174407536313));
#5043=CARTESIAN_POINT('Ctrl Pts',(19.5875000013333,25.3248548927655,1.88799004819146));
#5044=CARTESIAN_POINT('Ctrl Pts',(19.1875000013333,25.2916087912139,3.18917187400002));
#5045=CARTESIAN_POINT('Ctrl Pts',(19.5875000013333,25.2916087912139,3.18917187400002));
#5046=CARTESIAN_POINT('Ctrl Pts',(19.1875000013333,25.2752017926791,3.10365365546074));
#5047=CARTESIAN_POINT('Ctrl Pts',(19.5875000013333,25.2752017926791,3.10365365546074));
#5048=CARTESIAN_POINT('Ctrl Pts',(19.1875000013333,25.2377833574523,2.90861749974083));
#5049=CARTESIAN_POINT('Ctrl Pts',(19.5875000013333,25.2377833574523,2.90861749974083));
#5050=CARTESIAN_POINT('Ctrl Pts',(19.1875000013333,25.2359640157028,2.70990044350929));
#5051=CARTESIAN_POINT('Ctrl Pts',(19.5875000013333,25.2359640157028,2.70990044350929));
#5052=CARTESIAN_POINT('Ctrl Pts',(19.1875000013333,25.2349424074031,2.59831558376493));
#5053=CARTESIAN_POINT('Ctrl Pts',(19.5875000013333,25.2349424074031,2.59831558376493));
#5054=CARTESIAN_POINT('',(19.1875000013333,25.2916087912139,3.18917187400002));
#5055=CARTESIAN_POINT('Ctrl Pts',(19.1875000013333,25.2916087912139,3.18917187400002));
#5056=CARTESIAN_POINT('Ctrl Pts',(19.1875000013333,25.2752017926791,3.10365365546074));
#5057=CARTESIAN_POINT('Ctrl Pts',(19.1875000013333,25.2377833574523,2.90861749974083));
#5058=CARTESIAN_POINT('Ctrl Pts',(19.1875000013333,25.2359640157028,2.70990044350929));
#5059=CARTESIAN_POINT('Ctrl Pts',(19.1875000013333,25.2349424074031,2.59831558376493));
#5060=CARTESIAN_POINT('',(19.5875000013333,25.2916087912139,3.18917187400002));
#5061=CARTESIAN_POINT('',(19.1875000013333,25.2916087912139,3.18917187400002));
#5062=CARTESIAN_POINT('Ctrl Pts',(19.5875000013333,25.2916087912139,3.18917187400002));
#5063=CARTESIAN_POINT('Ctrl Pts',(19.5875000013333,25.2752017926791,3.10365365546074));
#5064=CARTESIAN_POINT('Ctrl Pts',(19.5875000013333,25.2377833574523,2.90861749974083));
#5065=CARTESIAN_POINT('Ctrl Pts',(19.5875000013333,25.2359640157028,2.70990044350929));
#5066=CARTESIAN_POINT('Ctrl Pts',(19.5875000013333,25.2349424074031,2.59831558376493));
#5067=CARTESIAN_POINT('Ctrl Pts',(19.1875000013333,25.4470388161573,3.56082902419947));
#5068=CARTESIAN_POINT('Ctrl Pts',(19.5875000013333,25.4470388161573,3.56082902419947));
#5069=CARTESIAN_POINT('Ctrl Pts',(19.1875000013333,25.4153539088389,3.50537548492111));
#5070=CARTESIAN_POINT('Ctrl Pts',(19.5875000013333,25.4153539088389,3.50537548492111));
#5071=CARTESIAN_POINT('Ctrl Pts',(19.1875000013333,25.3482653440705,3.3879600124965));
#5072=CARTESIAN_POINT('Ctrl Pts',(19.5875000013333,25.3482653440705,3.3879600124965));
#5073=CARTESIAN_POINT('Ctrl Pts',(19.1875000013333,25.3111795366443,3.25783881289674));
#5074=CARTESIAN_POINT('Ctrl Pts',(19.5875000013333,25.3111795366443,3.25783881289674));
#5075=CARTESIAN_POINT('Ctrl Pts',(19.1875000013333,25.2916087912139,3.18917187400002));
#5076=CARTESIAN_POINT('Ctrl Pts',(19.5875000013333,25.2916087912139,3.18917187400002));
#5077=CARTESIAN_POINT('',(19.1875000013333,25.4470388161573,3.56082902419947));
#5078=CARTESIAN_POINT('Ctrl Pts',(19.1875000013333,25.4470388161573,3.56082902419947));
#5079=CARTESIAN_POINT('Ctrl Pts',(19.1875000013333,25.4153539088389,3.50537548492111));
#5080=CARTESIAN_POINT('Ctrl Pts',(19.1875000013333,25.3482653440705,3.3879600124965));
#5081=CARTESIAN_POINT('Ctrl Pts',(19.1875000013333,25.3111795366443,3.25783881289674));
#5082=CARTESIAN_POINT('Ctrl Pts',(19.1875000013333,25.2916087912139,3.18917187400002));
#5083=CARTESIAN_POINT('',(19.5875000013333,25.4470388161573,3.56082902419947));
#5084=CARTESIAN_POINT('',(19.1875000013333,25.4470388161573,3.56082902419947));
#5085=CARTESIAN_POINT('Ctrl Pts',(19.5875000013333,25.4470388161573,3.56082902419947));
#5086=CARTESIAN_POINT('Ctrl Pts',(19.5875000013333,25.4153539088389,3.50537548492111));
#5087=CARTESIAN_POINT('Ctrl Pts',(19.5875000013333,25.3482653440705,3.3879600124965));
#5088=CARTESIAN_POINT('Ctrl Pts',(19.5875000013333,25.3111795366443,3.25783881289674));
#5089=CARTESIAN_POINT('Ctrl Pts',(19.5875000013333,25.2916087912139,3.18917187400002));
#5090=CARTESIAN_POINT('Ctrl Pts',(19.1875000013333,25.6978754605403,3.79429228184386));
#5091=CARTESIAN_POINT('Ctrl Pts',(19.5875000013333,25.6978754605403,3.79429228184386));
#5092=CARTESIAN_POINT('Ctrl Pts',(19.1875000013333,25.6492343221922,3.76397773631901));
#5093=CARTESIAN_POINT('Ctrl Pts',(19.5875000013333,25.6492343221922,3.76397773631901));
#5094=CARTESIAN_POINT('Ctrl Pts',(19.1875000013333,25.5505128232114,3.70245168086944));
#5095=CARTESIAN_POINT('Ctrl Pts',(19.5875000013333,25.5505128232114,3.70245168086944));
#5096=CARTESIAN_POINT('Ctrl Pts',(19.1875000013333,25.4818637545206,3.60849317126198));
#5097=CARTESIAN_POINT('Ctrl Pts',(19.5875000013333,25.4818637545206,3.60849317126198));
#5098=CARTESIAN_POINT('Ctrl Pts',(19.1875000013333,25.4470388161573,3.56082902419947));
#5099=CARTESIAN_POINT('Ctrl Pts',(19.5875000013333,25.4470388161573,3.56082902419947));
#5100=CARTESIAN_POINT('',(19.1875000013333,25.6978754605403,3.79429228184386));
#5101=CARTESIAN_POINT('Ctrl Pts',(19.1875000013333,25.6978754605403,3.79429228184386));
#5102=CARTESIAN_POINT('Ctrl Pts',(19.1875000013333,25.6492343221922,3.76397773631901));
#5103=CARTESIAN_POINT('Ctrl Pts',(19.1875000013333,25.5505128232114,3.70245168086944));
#5104=CARTESIAN_POINT('Ctrl Pts',(19.1875000013333,25.4818637545206,3.60849317126198));
#5105=CARTESIAN_POINT('Ctrl Pts',(19.1875000013333,25.4470388161573,3.56082902419947));
#5106=CARTESIAN_POINT('',(19.5875000013333,25.6978754605403,3.79429228184386));
#5107=CARTESIAN_POINT('',(19.1875000013333,25.6978754605403,3.79429228184386));
#5108=CARTESIAN_POINT('Ctrl Pts',(19.5875000013333,25.6978754605403,3.79429228184386));
#5109=CARTESIAN_POINT('Ctrl Pts',(19.5875000013333,25.6492343221922,3.76397773631901));
#5110=CARTESIAN_POINT('Ctrl Pts',(19.5875000013333,25.5505128232114,3.70245168086944));
#5111=CARTESIAN_POINT('Ctrl Pts',(19.5875000013333,25.4818637545206,3.60849317126198));
#5112=CARTESIAN_POINT('Ctrl Pts',(19.5875000013333,25.4470388161573,3.56082902419947));
#5113=CARTESIAN_POINT('Ctrl Pts',(19.1875000013333,26.0509302944542,3.87506129066862));
#5114=CARTESIAN_POINT('Ctrl Pts',(19.5875000013333,26.0509302944542,3.87506129066862));
#5115=CARTESIAN_POINT('Ctrl Pts',(19.1875000013333,25.9870430867998,3.87231594744971));
#5116=CARTESIAN_POINT('Ctrl Pts',(19.5875000013333,25.9870430867998,3.87231594744971));
#5117=CARTESIAN_POINT('Ctrl Pts',(19.1875000013333,25.8642895511346,3.86704101684767));
#5118=CARTESIAN_POINT('Ctrl Pts',(19.5875000013333,25.8642895511346,3.86704101684767));
#5119=CARTESIAN_POINT('Ctrl Pts',(19.1875000013333,25.7518133186813,3.81787148078403));
#5120=CARTESIAN_POINT('Ctrl Pts',(19.5875000013333,25.7518133186813,3.81787148078403));
#5121=CARTESIAN_POINT('Ctrl Pts',(19.1875000013333,25.6978754605403,3.79429228184386));
#5122=CARTESIAN_POINT('Ctrl Pts',(19.5875000013333,25.6978754605403,3.79429228184386));
#5123=CARTESIAN_POINT('',(19.1875000013333,26.0509302944542,3.87506129066862));
#5124=CARTESIAN_POINT('Ctrl Pts',(19.1875000013333,26.0509302944542,3.87506129066862));
#5125=CARTESIAN_POINT('Ctrl Pts',(19.1875000013333,25.9870430867998,3.87231594744971));
#5126=CARTESIAN_POINT('Ctrl Pts',(19.1875000013333,25.8642895511346,3.86704101684767));
#5127=CARTESIAN_POINT('Ctrl Pts',(19.1875000013333,25.7518133186813,3.81787148078403));
#5128=CARTESIAN_POINT('Ctrl Pts',(19.1875000013333,25.6978754605403,3.79429228184386));
#5129=CARTESIAN_POINT('',(19.5875000013333,26.0509302944542,3.87506129066862));
#5130=CARTESIAN_POINT('',(19.1875000013333,26.0509302944542,3.87506129066862));
#5131=CARTESIAN_POINT('Ctrl Pts',(19.5875000013333,26.0509302944542,3.87506129066862));
#5132=CARTESIAN_POINT('Ctrl Pts',(19.5875000013333,25.9870430867998,3.87231594744971));
#5133=CARTESIAN_POINT('Ctrl Pts',(19.5875000013333,25.8642895511346,3.86704101684767));
#5134=CARTESIAN_POINT('Ctrl Pts',(19.5875000013333,25.7518133186813,3.81787148078403));
#5135=CARTESIAN_POINT('Ctrl Pts',(19.5875000013333,25.6978754605403,3.79429228184386));
#5136=CARTESIAN_POINT('Ctrl Pts',(19.1875000013333,26.5035954787511,3.72810460039002));
#5137=CARTESIAN_POINT('Ctrl Pts',(19.5875000013333,26.5035954787511,3.72810460039002));
#5138=CARTESIAN_POINT('Ctrl Pts',(19.1875000013333,26.4379330976394,3.77090041004712));
#5139=CARTESIAN_POINT('Ctrl Pts',(19.5875000013333,26.4379330976394,3.77090041004712));
#5140=CARTESIAN_POINT('Ctrl Pts',(19.1875000013333,26.3005590365804,3.86043469237694));
#5141=CARTESIAN_POINT('Ctrl Pts',(19.5875000013333,26.3005590365804,3.86043469237694));
#5142=CARTESIAN_POINT('Ctrl Pts',(19.1875000013333,26.1365473067614,3.87004469828713));
#5143=CARTESIAN_POINT('Ctrl Pts',(19.5875000013333,26.1365473067614,3.87004469828713));
#5144=CARTESIAN_POINT('Ctrl Pts',(19.1875000013333,26.0509302944542,3.87506129066862));
#5145=CARTESIAN_POINT('Ctrl Pts',(19.5875000013333,26.0509302944542,3.87506129066862));
#5146=CARTESIAN_POINT('',(19.1875000013333,26.5035954787511,3.72810460039002));
#5147=CARTESIAN_POINT('Ctrl Pts',(19.1875000013333,26.5035954787511,3.72810460039002));
#5148=CARTESIAN_POINT('Ctrl Pts',(19.1875000013333,26.4379330976394,3.77090041004712));
#5149=CARTESIAN_POINT('Ctrl Pts',(19.1875000013333,26.3005590365804,3.86043469237694));
#5150=CARTESIAN_POINT('Ctrl Pts',(19.1875000013333,26.1365473067614,3.87004469828713));
#5151=CARTESIAN_POINT('Ctrl Pts',(19.1875000013333,26.0509302944542,3.87506129066862));
#5152=CARTESIAN_POINT('',(19.5875000013333,26.5035954787511,3.72810460039002));
#5153=CARTESIAN_POINT('',(19.1875000013333,26.5035954787511,3.72810460039002));
#5154=CARTESIAN_POINT('Ctrl Pts',(19.5875000013333,26.5035954787511,3.72810460039002));
#5155=CARTESIAN_POINT('Ctrl Pts',(19.5875000013333,26.4379330976394,3.77090041004712));
#5156=CARTESIAN_POINT('Ctrl Pts',(19.5875000013333,26.3005590365804,3.86043469237694));
#5157=CARTESIAN_POINT('Ctrl Pts',(19.5875000013333,26.1365473067614,3.87004469828713));
#5158=CARTESIAN_POINT('Ctrl Pts',(19.5875000013333,26.0509302944542,3.87506129066862));
#5159=CARTESIAN_POINT('Ctrl Pts',(19.1875000013333,26.7744660488632,3.3109745410098));
#5160=CARTESIAN_POINT('Ctrl Pts',(19.5875000013333,26.7744660488632,3.3109745410098));
#5161=CARTESIAN_POINT('Ctrl Pts',(19.1875000013333,26.7422137258286,3.39442448805311));
#5162=CARTESIAN_POINT('Ctrl Pts',(19.5875000013333,26.7422137258286,3.39442448805311));
#5163=CARTESIAN_POINT('Ctrl Pts',(19.1875000013333,26.6810420971769,3.55270050327451));
#5164=CARTESIAN_POINT('Ctrl Pts',(19.5875000013333,26.6810420971769,3.55270050327451));
#5165=CARTESIAN_POINT('Ctrl Pts',(19.1875000013333,26.5605560711862,3.67179965991899));
#5166=CARTESIAN_POINT('Ctrl Pts',(19.5875000013333,26.5605560711862,3.67179965991899));
#5167=CARTESIAN_POINT('Ctrl Pts',(19.1875000013333,26.5035954787511,3.72810460039002));
#5168=CARTESIAN_POINT('Ctrl Pts',(19.5875000013333,26.5035954787511,3.72810460039002));
#5169=CARTESIAN_POINT('',(19.1875000013333,26.7744660488632,3.3109745410098));
#5170=CARTESIAN_POINT('Ctrl Pts',(19.1875000013333,26.7744660488632,3.3109745410098));
#5171=CARTESIAN_POINT('Ctrl Pts',(19.1875000013333,26.7422137258286,3.39442448805311));
#5172=CARTESIAN_POINT('Ctrl Pts',(19.1875000013333,26.6810420971769,3.55270050327451));
#5173=CARTESIAN_POINT('Ctrl Pts',(19.1875000013333,26.5605560711862,3.67179965991899));
#5174=CARTESIAN_POINT('Ctrl Pts',(19.1875000013333,26.5035954787511,3.72810460039002));
#5175=CARTESIAN_POINT('',(19.5875000013333,26.7744660488632,3.3109745410098));
#5176=CARTESIAN_POINT('',(19.1875000013333,26.7744660488632,3.3109745410098));
#5177=CARTESIAN_POINT('Ctrl Pts',(19.5875000013333,26.7744660488632,3.3109745410098));
#5178=CARTESIAN_POINT('Ctrl Pts',(19.5875000013333,26.7422137258286,3.39442448805311));
#5179=CARTESIAN_POINT('Ctrl Pts',(19.5875000013333,26.6810420971769,3.55270050327451));
#5180=CARTESIAN_POINT('Ctrl Pts',(19.5875000013333,26.5605560711862,3.67179965991899));
#5181=CARTESIAN_POINT('Ctrl Pts',(19.5875000013333,26.5035954787511,3.72810460039002));
#5182=CARTESIAN_POINT('Ctrl Pts',(19.1875000013333,26.8652289234724,2.59723771566818));
#5183=CARTESIAN_POINT('Ctrl Pts',(19.5875000013333,26.8652289234724,2.59723771566818));
#5184=CARTESIAN_POINT('Ctrl Pts',(19.1875000013333,26.8635115324138,2.73140184475669));
#5185=CARTESIAN_POINT('Ctrl Pts',(19.5875000013333,26.8635115324138,2.73140184475669));
#5186=CARTESIAN_POINT('Ctrl Pts',(19.1875000013333,26.8604187867119,2.97300991153674));
#5187=CARTESIAN_POINT('Ctrl Pts',(19.5875000013333,26.8604187867119,2.97300991153674));
#5188=CARTESIAN_POINT('Ctrl Pts',(19.1875000013333,26.80092371274,3.20694347937467));
#5189=CARTESIAN_POINT('Ctrl Pts',(19.5875000013333,26.80092371274,3.20694347937467));
#5190=CARTESIAN_POINT('Ctrl Pts',(19.1875000013333,26.7744660488632,3.3109745410098));
#5191=CARTESIAN_POINT('Ctrl Pts',(19.5875000013333,26.7744660488632,3.3109745410098));
#5192=CARTESIAN_POINT('',(19.1875000013333,26.8652289234724,2.59723771566818));
#5193=CARTESIAN_POINT('Ctrl Pts',(19.1875000013333,26.8652289234724,2.59723771566818));
#5194=CARTESIAN_POINT('Ctrl Pts',(19.1875000013333,26.8635115324138,2.73140184475669));
#5195=CARTESIAN_POINT('Ctrl Pts',(19.1875000013333,26.8604187867119,2.97300991153674));
#5196=CARTESIAN_POINT('Ctrl Pts',(19.1875000013333,26.80092371274,3.20694347937467));
#5197=CARTESIAN_POINT('Ctrl Pts',(19.1875000013333,26.7744660488632,3.3109745410098));
#5198=CARTESIAN_POINT('',(19.5875000013333,26.8652289234724,2.59723771566818));
#5199=CARTESIAN_POINT('',(19.1875000013333,26.8652289234724,2.59723771566818));
#5200=CARTESIAN_POINT('Ctrl Pts',(19.5875000013333,26.8652289234724,2.59723771566818));
#5201=CARTESIAN_POINT('Ctrl Pts',(19.5875000013333,26.8635115324138,2.73140184475669));
#5202=CARTESIAN_POINT('Ctrl Pts',(19.5875000013333,26.8604187867119,2.97300991153674));
#5203=CARTESIAN_POINT('Ctrl Pts',(19.5875000013333,26.80092371274,3.20694347937467));
#5204=CARTESIAN_POINT('Ctrl Pts',(19.5875000013333,26.7744660488632,3.3109745410098));
#5205=CARTESIAN_POINT('Ctrl Pts',(19.1875000013333,26.6172856422468,1.58103017171022));
#5206=CARTESIAN_POINT('Ctrl Pts',(19.5875000013333,26.6172856422468,1.58103017171022));
#5207=CARTESIAN_POINT('Ctrl Pts',(19.1875000013333,26.689090137174,1.71502618728217));
#5208=CARTESIAN_POINT('Ctrl Pts',(19.5875000013333,26.689090137174,1.71502618728217));
#5209=CARTESIAN_POINT('Ctrl Pts',(19.1875000013333,26.8581076685733,2.03043368081367));
#5210=CARTESIAN_POINT('Ctrl Pts',(19.5875000013333,26.8581076685733,2.03043368081367));
#5211=CARTESIAN_POINT('Ctrl Pts',(19.1875000013333,26.862628625476,2.39027146925494));
#5212=CARTESIAN_POINT('Ctrl Pts',(19.5875000013333,26.862628625476,2.39027146925494));
#5213=CARTESIAN_POINT('Ctrl Pts',(19.1875000013333,26.8652289234724,2.59723771566818));
#5214=CARTESIAN_POINT('Ctrl Pts',(19.5875000013333,26.8652289234724,2.59723771566818));
#5215=CARTESIAN_POINT('Ctrl Pts',(19.1875000013333,26.6172856422468,1.58103017171022));
#5216=CARTESIAN_POINT('Ctrl Pts',(19.1875000013333,26.689090137174,1.71502618728217));
#5217=CARTESIAN_POINT('Ctrl Pts',(19.1875000013333,26.8581076685733,2.03043368081367));
#5218=CARTESIAN_POINT('Ctrl Pts',(19.1875000013333,26.862628625476,2.39027146925494));
#5219=CARTESIAN_POINT('Ctrl Pts',(19.1875000013333,26.8652289234724,2.59723771566818));
#5220=CARTESIAN_POINT('Ctrl Pts',(19.5875000013333,26.6172856422468,1.58103017171022));
#5221=CARTESIAN_POINT('Ctrl Pts',(19.5875000013333,26.689090137174,1.71502618728217));
#5222=CARTESIAN_POINT('Ctrl Pts',(19.5875000013333,26.8581076685733,2.03043368081367));
#5223=CARTESIAN_POINT('Ctrl Pts',(19.5875000013333,26.862628625476,2.39027146925494));
#5224=CARTESIAN_POINT('Ctrl Pts',(19.5875000013333,26.8652289234724,2.59723771566818));
#5225=CARTESIAN_POINT('Origin',(19.5875000013333,26.2686145467597,2.59959200990118));
#5226=CARTESIAN_POINT('Origin',(19.1875000013333,24.400456793727,1.715511078238));
#5227=CARTESIAN_POINT('',(19.1875000013333,24.400456793727,1.715511078238));
#5228=CARTESIAN_POINT('',(19.1875000013333,24.4002256609409,1.36592037629418));
#5229=CARTESIAN_POINT('',(19.1875000013333,24.4034377957121,6.22430705744676));
#5230=CARTESIAN_POINT('',(19.5875000013333,24.400456793727,1.715511078238));
#5231=CARTESIAN_POINT('',(19.1875000013333,24.400456793727,1.715511078238));
#5232=CARTESIAN_POINT('',(19.5875000013333,24.4002256609409,1.36592037629418));
#5233=CARTESIAN_POINT('',(19.5875000013333,24.400456793727,1.715511078238));
#5234=CARTESIAN_POINT('',(19.1875000013333,24.4002256609409,1.36592037629418));
#5235=CARTESIAN_POINT('Origin',(19.1875000013333,24.7500474956708,1.71527994545193));
#5236=CARTESIAN_POINT('',(19.1875000013333,24.7500474956708,1.71527994545193));
#5237=CARTESIAN_POINT('',(19.1875000013333,29.2792342150765,1.71228546207681));
#5238=CARTESIAN_POINT('',(19.5875000013333,24.7500474956708,1.71527994545193));
#5239=CARTESIAN_POINT('',(19.1875000013333,24.7500474956708,1.71527994545193));
#5240=CARTESIAN_POINT('',(19.5875000013333,24.7500474956708,1.71527994545193));
#5241=CARTESIAN_POINT('Origin',(19.1875000013333,24.7498163628848,1.36568924350811));
#5242=CARTESIAN_POINT('',(19.1875000013333,24.7498163628848,1.36568924350811));
#5243=CARTESIAN_POINT('',(19.1875000013333,24.7529129312629,6.04928057368878));
#5244=CARTESIAN_POINT('',(19.5875000013333,24.7498163628848,1.36568924350811));
#5245=CARTESIAN_POINT('',(19.1875000013333,24.7498163628848,1.36568924350811));
#5246=CARTESIAN_POINT('',(19.5875000013333,24.7498163628848,1.36568924350811));
#5247=CARTESIAN_POINT('Origin',(19.1875000013333,24.4002256609409,1.36592037629418));
#5248=CARTESIAN_POINT('',(19.1875000013333,29.1042077313185,1.36281032652602));
#5249=CARTESIAN_POINT('',(19.5875000013333,24.4002256609409,1.36592037629418));
#5250=CARTESIAN_POINT('Origin',(19.5875000013333,26.2686145467597,2.59959200990118));
#5251=CARTESIAN_POINT('Ctrl Pts',(19.1875000013333,23.1346658283399,3.62460210558372));
#5252=CARTESIAN_POINT('Ctrl Pts',(19.5875000013333,23.1346658283399,3.62460210558372));
#5253=CARTESIAN_POINT('Ctrl Pts',(19.1875000013333,23.1902512630735,3.62032827322874));
#5254=CARTESIAN_POINT('Ctrl Pts',(19.5875000013333,23.1902512630735,3.62032827322874));
#5255=CARTESIAN_POINT('Ctrl Pts',(19.1875000013333,23.2988916929421,3.61197516802306));
#5256=CARTESIAN_POINT('Ctrl Pts',(19.5875000013333,23.2988916929421,3.61197516802306));
#5257=CARTESIAN_POINT('Ctrl Pts',(19.1875000013333,23.384428747341,3.5447082510603));
#5258=CARTESIAN_POINT('Ctrl Pts',(19.5875000013333,23.384428747341,3.5447082510603));
#5259=CARTESIAN_POINT('Ctrl Pts',(19.1875000013333,23.4262011152385,3.51185817897822));
#5260=CARTESIAN_POINT('Ctrl Pts',(19.5875000013333,23.4262011152385,3.51185817897822));
#5261=CARTESIAN_POINT('',(19.1875000013333,23.1346658283399,3.62460210558372));
#5262=CARTESIAN_POINT('',(19.1875000013333,23.4262011152385,3.51185817897822));
#5263=CARTESIAN_POINT('Ctrl Pts',(19.1875000013333,23.1346658283399,3.62460210558372));
#5264=CARTESIAN_POINT('Ctrl Pts',(19.1875000013333,23.1902512630735,3.62032827322874));
#5265=CARTESIAN_POINT('Ctrl Pts',(19.1875000013333,23.2988916929421,3.61197516802306));
#5266=CARTESIAN_POINT('Ctrl Pts',(19.1875000013333,23.384428747341,3.5447082510603));
#5267=CARTESIAN_POINT('Ctrl Pts',(19.1875000013333,23.4262011152385,3.51185817897822));
#5268=CARTESIAN_POINT('',(19.5875000013333,23.1346658283399,3.62460210558372));
#5269=CARTESIAN_POINT('',(19.1875000013333,23.1346658283399,3.62460210558372));
#5270=CARTESIAN_POINT('',(19.5875000013333,23.4262011152385,3.51185817897822));
#5271=CARTESIAN_POINT('Ctrl Pts',(19.5875000013333,23.1346658283399,3.62460210558372));
#5272=CARTESIAN_POINT('Ctrl Pts',(19.5875000013333,23.1902512630735,3.62032827322874));
#5273=CARTESIAN_POINT('Ctrl Pts',(19.5875000013333,23.2988916929421,3.61197516802306));
#5274=CARTESIAN_POINT('Ctrl Pts',(19.5875000013333,23.384428747341,3.5447082510603));
#5275=CARTESIAN_POINT('Ctrl Pts',(19.5875000013333,23.4262011152385,3.51185817897822));
#5276=CARTESIAN_POINT('',(19.1875000013333,23.4262011152385,3.51185817897822));
#5277=CARTESIAN_POINT('Ctrl Pts',(19.1875000013333,22.8438329656059,3.50968527927915));
#5278=CARTESIAN_POINT('Ctrl Pts',(19.5875000013333,22.8438329656059,3.50968527927915));
#5279=CARTESIAN_POINT('Ctrl Pts',(19.1875000013333,22.8856373684234,3.54322856474027));
#5280=CARTESIAN_POINT('Ctrl Pts',(19.5875000013333,22.8856373684234,3.54322856474027));
#5281=CARTESIAN_POINT('Ctrl Pts',(19.1875000013333,22.9706480433891,3.61143997658767));
#5282=CARTESIAN_POINT('Ctrl Pts',(19.5875000013333,22.9706480433891,3.61143997658767));
#5283=CARTESIAN_POINT('Ctrl Pts',(19.1875000013333,23.0793954665566,3.620166759553));
#5284=CARTESIAN_POINT('Ctrl Pts',(19.5875000013333,23.0793954665566,3.620166759553));
#5285=CARTESIAN_POINT('Ctrl Pts',(19.1875000013333,23.1346658283399,3.62460210558372));
#5286=CARTESIAN_POINT('Ctrl Pts',(19.5875000013333,23.1346658283399,3.62460210558372));
#5287=CARTESIAN_POINT('',(19.1875000013333,22.8438329656059,3.50968527927915));
#5288=CARTESIAN_POINT('Ctrl Pts',(19.1875000013333,22.8438329656059,3.50968527927915));
#5289=CARTESIAN_POINT('Ctrl Pts',(19.1875000013333,22.8856373684234,3.54322856474027));
#5290=CARTESIAN_POINT('Ctrl Pts',(19.1875000013333,22.9706480433891,3.61143997658767));
#5291=CARTESIAN_POINT('Ctrl Pts',(19.1875000013333,23.0793954665566,3.620166759553));
#5292=CARTESIAN_POINT('Ctrl Pts',(19.1875000013333,23.1346658283399,3.62460210558372));
#5293=CARTESIAN_POINT('',(19.5875000013333,22.8438329656059,3.50968527927915));
#5294=CARTESIAN_POINT('',(19.1875000013333,22.8438329656059,3.50968527927915));
#5295=CARTESIAN_POINT('Ctrl Pts',(19.5875000013333,22.8438329656059,3.50968527927915));
#5296=CARTESIAN_POINT('Ctrl Pts',(19.5875000013333,22.8856373684234,3.54322856474027));
#5297=CARTESIAN_POINT('Ctrl Pts',(19.5875000013333,22.9706480433891,3.61143997658767));
#5298=CARTESIAN_POINT('Ctrl Pts',(19.5875000013333,23.0793954665566,3.620166759553));
#5299=CARTESIAN_POINT('Ctrl Pts',(19.5875000013333,23.1346658283399,3.62460210558372));
#5300=CARTESIAN_POINT('Ctrl Pts',(19.1875000013333,22.726830891266,3.22582660933469));
#5301=CARTESIAN_POINT('Ctrl Pts',(19.5875000013333,22.726830891266,3.22582660933469));
#5302=CARTESIAN_POINT('Ctrl Pts',(19.1875000013333,22.7315729852855,3.27970129490224));
#5303=CARTESIAN_POINT('Ctrl Pts',(19.5875000013333,22.7315729852855,3.27970129490224));
#5304=CARTESIAN_POINT('Ctrl Pts',(19.1875000013333,22.7409803555446,3.38657794320294));
#5305=CARTESIAN_POINT('Ctrl Pts',(19.5875000013333,22.7409803555446,3.38657794320294));
#5306=CARTESIAN_POINT('Ctrl Pts',(19.1875000013333,22.8097359080307,3.4688735009137));
#5307=CARTESIAN_POINT('Ctrl Pts',(19.5875000013333,22.8097359080307,3.4688735009137));
#5308=CARTESIAN_POINT('Ctrl Pts',(19.1875000013333,22.8438329656059,3.50968527927915));
#5309=CARTESIAN_POINT('Ctrl Pts',(19.5875000013333,22.8438329656059,3.50968527927915));
#5310=CARTESIAN_POINT('',(19.1875000013333,22.726830891266,3.22582660933469));
#5311=CARTESIAN_POINT('Ctrl Pts',(19.1875000013333,22.726830891266,3.22582660933469));
#5312=CARTESIAN_POINT('Ctrl Pts',(19.1875000013333,22.7315729852855,3.27970129490224));
#5313=CARTESIAN_POINT('Ctrl Pts',(19.1875000013333,22.7409803555446,3.38657794320294));
#5314=CARTESIAN_POINT('Ctrl Pts',(19.1875000013333,22.8097359080307,3.4688735009137));
#5315=CARTESIAN_POINT('Ctrl Pts',(19.1875000013333,22.8438329656059,3.50968527927915));
#5316=CARTESIAN_POINT('',(19.5875000013333,22.726830891266,3.22582660933469));
#5317=CARTESIAN_POINT('',(19.1875000013333,22.726830891266,3.22582660933469));
#5318=CARTESIAN_POINT('Ctrl Pts',(19.5875000013333,22.726830891266,3.22582660933469));
#5319=CARTESIAN_POINT('Ctrl Pts',(19.5875000013333,22.7315729852855,3.27970129490224));
#5320=CARTESIAN_POINT('Ctrl Pts',(19.5875000013333,22.7409803555446,3.38657794320294));
#5321=CARTESIAN_POINT('Ctrl Pts',(19.5875000013333,22.8097359080307,3.4688735009137));
#5322=CARTESIAN_POINT('Ctrl Pts',(19.5875000013333,22.8438329656059,3.50968527927915));
#5323=CARTESIAN_POINT('Ctrl Pts',(19.1875000013333,22.8400537036149,2.9520477591997));
#5324=CARTESIAN_POINT('Ctrl Pts',(19.5875000013333,22.8400537036149,2.9520477591997));
#5325=CARTESIAN_POINT('Ctrl Pts',(19.1875000013333,22.8070039248072,2.99153126863934));
#5326=CARTESIAN_POINT('Ctrl Pts',(19.5875000013333,22.8070039248072,2.99153126863934));
#5327=CARTESIAN_POINT('Ctrl Pts',(19.1875000013333,22.740574911524,3.07089187762555));
#5328=CARTESIAN_POINT('Ctrl Pts',(19.5875000013333,22.740574911524,3.07089187762555));
#5329=CARTESIAN_POINT('Ctrl Pts',(19.1875000013333,22.7314273538343,3.17401122479224));
#5330=CARTESIAN_POINT('Ctrl Pts',(19.5875000013333,22.7314273538343,3.17401122479224));
#5331=CARTESIAN_POINT('Ctrl Pts',(19.1875000013333,22.726830891266,3.22582660933469));
#5332=CARTESIAN_POINT('Ctrl Pts',(19.5875000013333,22.726830891266,3.22582660933469));
#5333=CARTESIAN_POINT('',(19.1875000013333,22.8400537036149,2.9520477591997));
#5334=CARTESIAN_POINT('Ctrl Pts',(19.1875000013333,22.8400537036149,2.9520477591997));
#5335=CARTESIAN_POINT('Ctrl Pts',(19.1875000013333,22.8070039248072,2.99153126863934));
#5336=CARTESIAN_POINT('Ctrl Pts',(19.1875000013333,22.740574911524,3.07089187762555));
#5337=CARTESIAN_POINT('Ctrl Pts',(19.1875000013333,22.7314273538343,3.17401122479224));
#5338=CARTESIAN_POINT('Ctrl Pts',(19.1875000013333,22.726830891266,3.22582660933469));
#5339=CARTESIAN_POINT('',(19.5875000013333,22.8400537036149,2.9520477591997));
#5340=CARTESIAN_POINT('',(19.1875000013333,22.8400537036149,2.9520477591997));
#5341=CARTESIAN_POINT('Ctrl Pts',(19.5875000013333,22.8400537036149,2.9520477591997));
#5342=CARTESIAN_POINT('Ctrl Pts',(19.5875000013333,22.8070039248072,2.99153126863934));
#5343=CARTESIAN_POINT('Ctrl Pts',(19.5875000013333,22.740574911524,3.07089187762555));
#5344=CARTESIAN_POINT('Ctrl Pts',(19.5875000013333,22.7314273538343,3.17401122479224));
#5345=CARTESIAN_POINT('Ctrl Pts',(19.5875000013333,22.726830891266,3.22582660933469));
#5346=CARTESIAN_POINT('Ctrl Pts',(19.1875000013333,23.130736611961,2.84015704077631));
#5347=CARTESIAN_POINT('Ctrl Pts',(19.5875000013333,23.130736611961,2.84015704077631));
#5348=CARTESIAN_POINT('Ctrl Pts',(19.1875000013333,23.0748988519637,2.84425820988071));
#5349=CARTESIAN_POINT('Ctrl Pts',(19.5875000013333,23.0748988519637,2.84425820988071));
#5350=CARTESIAN_POINT('Ctrl Pts',(19.1875000013333,22.9665037771308,2.85221960611142));
#5351=CARTESIAN_POINT('Ctrl Pts',(19.5875000013333,22.9665037771308,2.85221960611142));
#5352=CARTESIAN_POINT('Ctrl Pts',(19.1875000013333,22.8813446489587,2.91944992277041));
#5353=CARTESIAN_POINT('Ctrl Pts',(19.5875000013333,22.8813446489587,2.91944992277041));
#5354=CARTESIAN_POINT('Ctrl Pts',(19.1875000013333,22.8400537036149,2.9520477591997));
#5355=CARTESIAN_POINT('Ctrl Pts',(19.5875000013333,22.8400537036149,2.9520477591997));
#5356=CARTESIAN_POINT('',(19.1875000013333,23.130736611961,2.84015704077631));
#5357=CARTESIAN_POINT('Ctrl Pts',(19.1875000013333,23.130736611961,2.84015704077631));
#5358=CARTESIAN_POINT('Ctrl Pts',(19.1875000013333,23.0748988519637,2.84425820988071));
#5359=CARTESIAN_POINT('Ctrl Pts',(19.1875000013333,22.9665037771308,2.85221960611142));
#5360=CARTESIAN_POINT('Ctrl Pts',(19.1875000013333,22.8813446489587,2.91944992277041));
#5361=CARTESIAN_POINT('Ctrl Pts',(19.1875000013333,22.8400537036149,2.9520477591997));
#5362=CARTESIAN_POINT('',(19.5875000013333,23.130736611961,2.84015704077631));
#5363=CARTESIAN_POINT('',(19.1875000013333,23.130736611961,2.84015704077631));
#5364=CARTESIAN_POINT('Ctrl Pts',(19.5875000013333,23.130736611961,2.84015704077631));
#5365=CARTESIAN_POINT('Ctrl Pts',(19.5875000013333,23.0748988519637,2.84425820988071));
#5366=CARTESIAN_POINT('Ctrl Pts',(19.5875000013333,22.9665037771308,2.85221960611142));
#5367=CARTESIAN_POINT('Ctrl Pts',(19.5875000013333,22.8813446489587,2.91944992277041));
#5368=CARTESIAN_POINT('Ctrl Pts',(19.5875000013333,22.8400537036149,2.9520477591997));
#5369=CARTESIAN_POINT('Ctrl Pts',(19.1875000013333,23.4275365913345,2.95251198801687));
#5370=CARTESIAN_POINT('Ctrl Pts',(19.5875000013333,23.4275365913345,2.95251198801687));
#5371=CARTESIAN_POINT('Ctrl Pts',(19.1875000013333,23.3855589226825,2.91972414379851));
#5372=CARTESIAN_POINT('Ctrl Pts',(19.5875000013333,23.3855589226825,2.91972414379851));
#5373=CARTESIAN_POINT('Ctrl Pts',(19.1875000013333,23.2984599647611,2.85169304165272));
#5374=CARTESIAN_POINT('Ctrl Pts',(19.5875000013333,23.2984599647611,2.85169304165272));
#5375=CARTESIAN_POINT('Ctrl Pts',(19.1875000013333,23.1879736394187,2.84409379965867));
#5376=CARTESIAN_POINT('Ctrl Pts',(19.5875000013333,23.1879736394187,2.84409379965867));
#5377=CARTESIAN_POINT('Ctrl Pts',(19.1875000013333,23.130736611961,2.84015704077631));
#5378=CARTESIAN_POINT('Ctrl Pts',(19.5875000013333,23.130736611961,2.84015704077631));
#5379=CARTESIAN_POINT('',(19.1875000013333,23.4275365913345,2.95251198801687));
#5380=CARTESIAN_POINT('Ctrl Pts',(19.1875000013333,23.4275365913345,2.95251198801687));
#5381=CARTESIAN_POINT('Ctrl Pts',(19.1875000013333,23.3855589226825,2.91972414379851));
#5382=CARTESIAN_POINT('Ctrl Pts',(19.1875000013333,23.2984599647611,2.85169304165272));
#5383=CARTESIAN_POINT('Ctrl Pts',(19.1875000013333,23.1879736394187,2.84409379965867));
#5384=CARTESIAN_POINT('Ctrl Pts',(19.1875000013333,23.130736611961,2.84015704077631));
#5385=CARTESIAN_POINT('',(19.5875000013333,23.4275365913345,2.95251198801687));
#5386=CARTESIAN_POINT('',(19.1875000013333,23.4275365913345,2.95251198801687));
#5387=CARTESIAN_POINT('Ctrl Pts',(19.5875000013333,23.4275365913345,2.95251198801687));
#5388=CARTESIAN_POINT('Ctrl Pts',(19.5875000013333,23.3855589226825,2.91972414379851));
#5389=CARTESIAN_POINT('Ctrl Pts',(19.5875000013333,23.2984599647611,2.85169304165272));
#5390=CARTESIAN_POINT('Ctrl Pts',(19.5875000013333,23.1879736394187,2.84409379965867));
#5391=CARTESIAN_POINT('Ctrl Pts',(19.5875000013333,23.130736611961,2.84015704077631));
#5392=CARTESIAN_POINT('Ctrl Pts',(19.1875000013333,23.5419849771201,3.24234100775975));
#5393=CARTESIAN_POINT('Ctrl Pts',(19.5875000013333,23.5419849771201,3.24234100775975));
#5394=CARTESIAN_POINT('Ctrl Pts',(19.1875000013333,23.537749386978,3.18649193462676));
#5395=CARTESIAN_POINT('Ctrl Pts',(19.5875000013333,23.537749386978,3.18649193462676));
#5396=CARTESIAN_POINT('Ctrl Pts',(19.1875000013333,23.5295112099906,3.07786609180077));
#5397=CARTESIAN_POINT('Ctrl Pts',(19.5875000013333,23.5295112099906,3.07786609180077));
#5398=CARTESIAN_POINT('Ctrl Pts',(19.1875000013333,23.4608811009391,2.99350131627014));
#5399=CARTESIAN_POINT('Ctrl Pts',(19.5875000013333,23.4608811009391,2.99350131627014));
#5400=CARTESIAN_POINT('Ctrl Pts',(19.1875000013333,23.4275365913345,2.95251198801687));
#5401=CARTESIAN_POINT('Ctrl Pts',(19.5875000013333,23.4275365913345,2.95251198801687));
#5402=CARTESIAN_POINT('',(19.1875000013333,23.5419849771201,3.24234100775975));
#5403=CARTESIAN_POINT('Ctrl Pts',(19.1875000013333,23.5419849771201,3.24234100775975));
#5404=CARTESIAN_POINT('Ctrl Pts',(19.1875000013333,23.537749386978,3.18649193462676));
#5405=CARTESIAN_POINT('Ctrl Pts',(19.1875000013333,23.5295112099906,3.07786609180077));
#5406=CARTESIAN_POINT('Ctrl Pts',(19.1875000013333,23.4608811009391,2.99350131627014));
#5407=CARTESIAN_POINT('Ctrl Pts',(19.1875000013333,23.4275365913345,2.95251198801687));
#5408=CARTESIAN_POINT('',(19.5875000013333,23.5419849771201,3.24234100775975));
#5409=CARTESIAN_POINT('',(19.1875000013333,23.5419849771201,3.24234100775975));
#5410=CARTESIAN_POINT('Ctrl Pts',(19.5875000013333,23.5419849771201,3.24234100775975));
#5411=CARTESIAN_POINT('Ctrl Pts',(19.5875000013333,23.537749386978,3.18649193462676));
#5412=CARTESIAN_POINT('Ctrl Pts',(19.5875000013333,23.5295112099906,3.07786609180077));
#5413=CARTESIAN_POINT('Ctrl Pts',(19.5875000013333,23.4608811009391,2.99350131627014));
#5414=CARTESIAN_POINT('Ctrl Pts',(19.5875000013333,23.4275365913345,2.95251198801687));
#5415=CARTESIAN_POINT('Ctrl Pts',(19.1875000013333,23.4262011152385,3.51185817897822));
#5416=CARTESIAN_POINT('Ctrl Pts',(19.5875000013333,23.4262011152385,3.51185817897822));
#5417=CARTESIAN_POINT('Ctrl Pts',(19.1875000013333,23.4599968078959,3.47269303530472));
#5418=CARTESIAN_POINT('Ctrl Pts',(19.5875000013333,23.4599968078959,3.47269303530472));
#5419=CARTESIAN_POINT('Ctrl Pts',(19.1875000013333,23.5270286917718,3.39501114284256));
#5420=CARTESIAN_POINT('Ctrl Pts',(19.5875000013333,23.5270286917718,3.39501114284256));
#5421=CARTESIAN_POINT('Ctrl Pts',(19.1875000013333,23.5370273676389,3.29294708350399));
#5422=CARTESIAN_POINT('Ctrl Pts',(19.5875000013333,23.5370273676389,3.29294708350399));
#5423=CARTESIAN_POINT('Ctrl Pts',(19.1875000013333,23.5419849771201,3.24234100775975));
#5424=CARTESIAN_POINT('Ctrl Pts',(19.5875000013333,23.5419849771201,3.24234100775975));
#5425=CARTESIAN_POINT('Ctrl Pts',(19.1875000013333,23.4262011152385,3.51185817897822));
#5426=CARTESIAN_POINT('Ctrl Pts',(19.1875000013333,23.4599968078959,3.47269303530472));
#5427=CARTESIAN_POINT('Ctrl Pts',(19.1875000013333,23.5270286917718,3.39501114284256));
#5428=CARTESIAN_POINT('Ctrl Pts',(19.1875000013333,23.5370273676389,3.29294708350399));
#5429=CARTESIAN_POINT('Ctrl Pts',(19.1875000013333,23.5419849771201,3.24234100775975));
#5430=CARTESIAN_POINT('Ctrl Pts',(19.5875000013333,23.4262011152385,3.51185817897822));
#5431=CARTESIAN_POINT('Ctrl Pts',(19.5875000013333,23.4599968078959,3.47269303530472));
#5432=CARTESIAN_POINT('Ctrl Pts',(19.5875000013333,23.5270286917718,3.39501114284256));
#5433=CARTESIAN_POINT('Ctrl Pts',(19.5875000013333,23.5370273676389,3.29294708350399));
#5434=CARTESIAN_POINT('Ctrl Pts',(19.5875000013333,23.5419849771201,3.24234100775975));
#5435=CARTESIAN_POINT('Ctrl Pts',(19.1875000013333,23.1390973153686,2.58946922352235));
#5436=CARTESIAN_POINT('Ctrl Pts',(19.5875000013333,23.1390973153686,2.58946922352235));
#5437=CARTESIAN_POINT('Ctrl Pts',(19.1875000013333,23.2077084786352,2.5839373197739));
#5438=CARTESIAN_POINT('Ctrl Pts',(19.5875000013333,23.2077084786352,2.5839373197739));
#5439=CARTESIAN_POINT('Ctrl Pts',(19.1875000013333,23.3422925715737,2.57308622480976));
#5440=CARTESIAN_POINT('Ctrl Pts',(19.5875000013333,23.3422925715737,2.57308622480976));
#5441=CARTESIAN_POINT('Ctrl Pts',(19.1875000013333,23.4467619529291,2.48779473722286));
#5442=CARTESIAN_POINT('Ctrl Pts',(19.5875000013333,23.4467619529291,2.48779473722286));
#5443=CARTESIAN_POINT('Ctrl Pts',(19.1875000013333,23.4979726940988,2.44598497212123));
#5444=CARTESIAN_POINT('Ctrl Pts',(19.5875000013333,23.4979726940988,2.44598497212123));
#5445=CARTESIAN_POINT('',(19.1875000013333,23.1390973153686,2.58946922352235));
#5446=CARTESIAN_POINT('',(19.1875000013333,23.4979726940988,2.44598497212123));
#5447=CARTESIAN_POINT('Ctrl Pts',(19.1875000013333,23.1390973153686,2.58946922352235));
#5448=CARTESIAN_POINT('Ctrl Pts',(19.1875000013333,23.2077084786352,2.5839373197739));
#5449=CARTESIAN_POINT('Ctrl Pts',(19.1875000013333,23.3422925715737,2.57308622480976));
#5450=CARTESIAN_POINT('Ctrl Pts',(19.1875000013333,23.4467619529291,2.48779473722286));
#5451=CARTESIAN_POINT('Ctrl Pts',(19.1875000013333,23.4979726940988,2.44598497212123));
#5452=CARTESIAN_POINT('',(19.5875000013333,23.1390973153686,2.58946922352235));
#5453=CARTESIAN_POINT('',(19.1875000013333,23.1390973153686,2.58946922352235));
#5454=CARTESIAN_POINT('',(19.5875000013333,23.4979726940988,2.44598497212123));
#5455=CARTESIAN_POINT('Ctrl Pts',(19.5875000013333,23.1390973153686,2.58946922352235));
#5456=CARTESIAN_POINT('Ctrl Pts',(19.5875000013333,23.2077084786352,2.5839373197739));
#5457=CARTESIAN_POINT('Ctrl Pts',(19.5875000013333,23.3422925715737,2.57308622480976));
#5458=CARTESIAN_POINT('Ctrl Pts',(19.5875000013333,23.4467619529291,2.48779473722286));
#5459=CARTESIAN_POINT('Ctrl Pts',(19.5875000013333,23.4979726940988,2.44598497212123));
#5460=CARTESIAN_POINT('',(19.1875000013333,23.4979726940988,2.44598497212123));
#5461=CARTESIAN_POINT('Ctrl Pts',(19.1875000013333,22.7697996619656,2.44476111632273));
#5462=CARTESIAN_POINT('Ctrl Pts',(19.5875000013333,22.7697996619656,2.44476111632273));
#5463=CARTESIAN_POINT('Ctrl Pts',(19.1875000013333,22.822782450697,2.4869993115262));
#5464=CARTESIAN_POINT('Ctrl Pts',(19.5875000013333,22.822782450697,2.4869993115262));
#5465=CARTESIAN_POINT('Ctrl Pts',(19.1875000013333,22.9308501951637,2.57315156200743));
#5466=CARTESIAN_POINT('Ctrl Pts',(19.5875000013333,22.9308501951637,2.57315156200743));
#5467=CARTESIAN_POINT('Ctrl Pts',(19.1875000013333,23.0687872108819,2.58395992051271));
#5468=CARTESIAN_POINT('Ctrl Pts',(19.5875000013333,23.0687872108819,2.58395992051271));
#5469=CARTESIAN_POINT('Ctrl Pts',(19.1875000013333,23.1390973153686,2.58946922352235));
#5470=CARTESIAN_POINT('Ctrl Pts',(19.5875000013333,23.1390973153686,2.58946922352235));
#5471=CARTESIAN_POINT('',(19.1875000013333,22.7697996619656,2.44476111632273));
#5472=CARTESIAN_POINT('Ctrl Pts',(19.1875000013333,22.7697996619656,2.44476111632273));
#5473=CARTESIAN_POINT('Ctrl Pts',(19.1875000013333,22.822782450697,2.4869993115262));
#5474=CARTESIAN_POINT('Ctrl Pts',(19.1875000013333,22.9308501951637,2.57315156200743));
#5475=CARTESIAN_POINT('Ctrl Pts',(19.1875000013333,23.0687872108819,2.58395992051271));
#5476=CARTESIAN_POINT('Ctrl Pts',(19.1875000013333,23.1390973153686,2.58946922352235));
#5477=CARTESIAN_POINT('',(19.5875000013333,22.7697996619656,2.44476111632273));
#5478=CARTESIAN_POINT('',(19.1875000013333,22.7697996619656,2.44476111632273));
#5479=CARTESIAN_POINT('Ctrl Pts',(19.5875000013333,22.7697996619656,2.44476111632273));
#5480=CARTESIAN_POINT('Ctrl Pts',(19.5875000013333,22.822782450697,2.4869993115262));
#5481=CARTESIAN_POINT('Ctrl Pts',(19.5875000013333,22.9308501951637,2.57315156200743));
#5482=CARTESIAN_POINT('Ctrl Pts',(19.5875000013333,23.0687872108819,2.58395992051271));
#5483=CARTESIAN_POINT('Ctrl Pts',(19.5875000013333,23.1390973153686,2.58946922352235));
#5484=CARTESIAN_POINT('Ctrl Pts',(19.1875000013333,22.6220477117736,2.07821475752374));
#5485=CARTESIAN_POINT('Ctrl Pts',(19.5875000013333,22.6220477117736,2.07821475752374));
#5486=CARTESIAN_POINT('Ctrl Pts',(19.1875000013333,22.6277451585734,2.14841698445823));
#5487=CARTESIAN_POINT('Ctrl Pts',(19.5875000013333,22.6277451585734,2.14841698445823));
#5488=CARTESIAN_POINT('Ctrl Pts',(19.1875000013333,22.6389214737324,2.28612818048472));
#5489=CARTESIAN_POINT('Ctrl Pts',(19.5875000013333,22.6389214737324,2.28612818048472));
#5490=CARTESIAN_POINT('Ctrl Pts',(19.1875000013333,22.7267461366985,2.39257742396346));
#5491=CARTESIAN_POINT('Ctrl Pts',(19.5875000013333,22.7267461366985,2.39257742396346));
#5492=CARTESIAN_POINT('Ctrl Pts',(19.1875000013333,22.7697996619656,2.44476111632273));
#5493=CARTESIAN_POINT('Ctrl Pts',(19.5875000013333,22.7697996619656,2.44476111632273));
#5494=CARTESIAN_POINT('',(19.1875000013333,22.6220477117736,2.07821475752374));
#5495=CARTESIAN_POINT('Ctrl Pts',(19.1875000013333,22.6220477117736,2.07821475752374));
#5496=CARTESIAN_POINT('Ctrl Pts',(19.1875000013333,22.6277451585734,2.14841698445823));
#5497=CARTESIAN_POINT('Ctrl Pts',(19.1875000013333,22.6389214737324,2.28612818048472));
#5498=CARTESIAN_POINT('Ctrl Pts',(19.1875000013333,22.7267461366985,2.39257742396346));
#5499=CARTESIAN_POINT('Ctrl Pts',(19.1875000013333,22.7697996619656,2.44476111632273));
#5500=CARTESIAN_POINT('',(19.5875000013333,22.6220477117736,2.07821475752374));
#5501=CARTESIAN_POINT('',(19.1875000013333,22.6220477117736,2.07821475752374));
#5502=CARTESIAN_POINT('Ctrl Pts',(19.5875000013333,22.6220477117736,2.07821475752374));
#5503=CARTESIAN_POINT('Ctrl Pts',(19.5875000013333,22.6277451585734,2.14841698445823));
#5504=CARTESIAN_POINT('Ctrl Pts',(19.5875000013333,22.6389214737324,2.28612818048472));
#5505=CARTESIAN_POINT('Ctrl Pts',(19.5875000013333,22.7267461366985,2.39257742396346));
#5506=CARTESIAN_POINT('Ctrl Pts',(19.5875000013333,22.7697996619656,2.44476111632273));
#5507=CARTESIAN_POINT('Ctrl Pts',(19.1875000013333,22.76505643364,1.71829761662552));
#5508=CARTESIAN_POINT('Ctrl Pts',(19.5875000013333,22.76505643364,1.71829761662552));
#5509=CARTESIAN_POINT('Ctrl Pts',(19.1875000013333,22.7233159936432,1.76949421251227));
#5510=CARTESIAN_POINT('Ctrl Pts',(19.5875000013333,22.7233159936432,1.76949421251227));
#5511=CARTESIAN_POINT('Ctrl Pts',(19.1875000013333,22.6378996048299,1.8742613961001));
#5512=CARTESIAN_POINT('Ctrl Pts',(19.5875000013333,22.6378996048299,1.8742613961001));
#5513=CARTESIAN_POINT('Ctrl Pts',(19.1875000013333,22.6274108997248,2.00921099836927));
#5514=CARTESIAN_POINT('Ctrl Pts',(19.5875000013333,22.6274108997248,2.00921099836927));
#5515=CARTESIAN_POINT('Ctrl Pts',(19.1875000013333,22.6220477117736,2.07821475752374));
#5516=CARTESIAN_POINT('Ctrl Pts',(19.5875000013333,22.6220477117736,2.07821475752374));
#5517=CARTESIAN_POINT('',(19.1875000013333,22.76505643364,1.71829761662552));
#5518=CARTESIAN_POINT('Ctrl Pts',(19.1875000013333,22.76505643364,1.71829761662552));
#5519=CARTESIAN_POINT('Ctrl Pts',(19.1875000013333,22.7233159936432,1.76949421251227));
#5520=CARTESIAN_POINT('Ctrl Pts',(19.1875000013333,22.6378996048299,1.8742613961001));
#5521=CARTESIAN_POINT('Ctrl Pts',(19.1875000013333,22.6274108997248,2.00921099836927));
#5522=CARTESIAN_POINT('Ctrl Pts',(19.1875000013333,22.6220477117736,2.07821475752374));
#5523=CARTESIAN_POINT('',(19.5875000013333,22.76505643364,1.71829761662552));
#5524=CARTESIAN_POINT('',(19.1875000013333,22.76505643364,1.71829761662552));
#5525=CARTESIAN_POINT('Ctrl Pts',(19.5875000013333,22.76505643364,1.71829761662552));
#5526=CARTESIAN_POINT('Ctrl Pts',(19.5875000013333,22.7233159936432,1.76949421251227));
#5527=CARTESIAN_POINT('Ctrl Pts',(19.5875000013333,22.6378996048299,1.8742613961001));
#5528=CARTESIAN_POINT('Ctrl Pts',(19.5875000013333,22.6274108997248,2.00921099836927));
#5529=CARTESIAN_POINT('Ctrl Pts',(19.5875000013333,22.6220477117736,2.07821475752374));
#5530=CARTESIAN_POINT('Ctrl Pts',(19.1875000013333,23.1281958630887,1.5765158352961));
#5531=CARTESIAN_POINT('Ctrl Pts',(19.5875000013333,23.1281958630887,1.5765158352961));
#5532=CARTESIAN_POINT('Ctrl Pts',(19.1875000013333,23.0586931078052,1.5818531651062));
#5533=CARTESIAN_POINT('Ctrl Pts',(19.5875000013333,23.0586931078052,1.5818531651062));
#5534=CARTESIAN_POINT('Ctrl Pts',(19.1875000013333,22.9230456465119,1.59226994982029));
#5535=CARTESIAN_POINT('Ctrl Pts',(19.5875000013333,22.9230456465119,1.59226994982029));
#5536=CARTESIAN_POINT('Ctrl Pts',(19.1875000013333,22.8168431316957,1.67698747519961));
#5537=CARTESIAN_POINT('Ctrl Pts',(19.5875000013333,22.8168431316957,1.67698747519961));
#5538=CARTESIAN_POINT('Ctrl Pts',(19.1875000013333,22.76505643364,1.71829761662552));
#5539=CARTESIAN_POINT('Ctrl Pts',(19.5875000013333,22.76505643364,1.71829761662552));
#5540=CARTESIAN_POINT('',(19.1875000013333,23.1281958630887,1.5765158352961));
#5541=CARTESIAN_POINT('Ctrl Pts',(19.1875000013333,23.1281958630887,1.5765158352961));
#5542=CARTESIAN_POINT('Ctrl Pts',(19.1875000013333,23.0586931078052,1.5818531651062));
#5543=CARTESIAN_POINT('Ctrl Pts',(19.1875000013333,22.9230456465119,1.59226994982029));
#5544=CARTESIAN_POINT('Ctrl Pts',(19.1875000013333,22.8168431316957,1.67698747519961));
#5545=CARTESIAN_POINT('Ctrl Pts',(19.1875000013333,22.76505643364,1.71829761662552));
#5546=CARTESIAN_POINT('',(19.5875000013333,23.1281958630887,1.5765158352961));
#5547=CARTESIAN_POINT('',(19.1875000013333,23.1281958630887,1.5765158352961));
#5548=CARTESIAN_POINT('Ctrl Pts',(19.5875000013333,23.1281958630887,1.5765158352961));
#5549=CARTESIAN_POINT('Ctrl Pts',(19.5875000013333,23.0586931078052,1.5818531651062));
#5550=CARTESIAN_POINT('Ctrl Pts',(19.5875000013333,22.9230456465119,1.59226994982029));
#5551=CARTESIAN_POINT('Ctrl Pts',(19.5875000013333,22.8168431316957,1.67698747519961));
#5552=CARTESIAN_POINT('Ctrl Pts',(19.5875000013333,22.76505643364,1.71829761662552));
#5553=CARTESIAN_POINT('Ctrl Pts',(19.1875000013333,23.3925648864725,1.64370116489328));
#5554=CARTESIAN_POINT('Ctrl Pts',(19.5875000013333,23.3925648864725,1.64370116489328));
#5555=CARTESIAN_POINT('Ctrl Pts',(19.1875000013333,23.350777446699,1.62408217235076));
#5556=CARTESIAN_POINT('Ctrl Pts',(19.5875000013333,23.350777446699,1.62408217235076));
#5557=CARTESIAN_POINT('Ctrl Pts',(19.1875000013333,23.2669690966307,1.58473457403158));
#5558=CARTESIAN_POINT('Ctrl Pts',(19.5875000013333,23.2669690966307,1.58473457403158));
#5559=CARTESIAN_POINT('Ctrl Pts',(19.1875000013333,23.1745394367628,1.57926049804103));
#5560=CARTESIAN_POINT('Ctrl Pts',(19.5875000013333,23.1745394367628,1.57926049804103));
#5561=CARTESIAN_POINT('Ctrl Pts',(19.1875000013333,23.1281958630887,1.5765158352961));
#5562=CARTESIAN_POINT('Ctrl Pts',(19.5875000013333,23.1281958630887,1.5765158352961));
#5563=CARTESIAN_POINT('',(19.1875000013333,23.3925648864725,1.64370116489328));
#5564=CARTESIAN_POINT('Ctrl Pts',(19.1875000013333,23.3925648864725,1.64370116489328));
#5565=CARTESIAN_POINT('Ctrl Pts',(19.1875000013333,23.350777446699,1.62408217235076));
#5566=CARTESIAN_POINT('Ctrl Pts',(19.1875000013333,23.2669690966307,1.58473457403158));
#5567=CARTESIAN_POINT('Ctrl Pts',(19.1875000013333,23.1745394367628,1.57926049804103));
#5568=CARTESIAN_POINT('Ctrl Pts',(19.1875000013333,23.1281958630887,1.5765158352961));
#5569=CARTESIAN_POINT('',(19.5875000013333,23.3925648864725,1.64370116489328));
#5570=CARTESIAN_POINT('',(19.1875000013333,23.3925648864725,1.64370116489328));
#5571=CARTESIAN_POINT('Ctrl Pts',(19.5875000013333,23.3925648864725,1.64370116489328));
#5572=CARTESIAN_POINT('Ctrl Pts',(19.5875000013333,23.350777446699,1.62408217235076));
#5573=CARTESIAN_POINT('Ctrl Pts',(19.5875000013333,23.2669690966307,1.58473457403158));
#5574=CARTESIAN_POINT('Ctrl Pts',(19.5875000013333,23.1745394367628,1.57926049804103));
#5575=CARTESIAN_POINT('Ctrl Pts',(19.5875000013333,23.1281958630887,1.5765158352961));
#5576=CARTESIAN_POINT('Ctrl Pts',(19.1875000013333,23.5777182782694,1.83372207899491));
#5577=CARTESIAN_POINT('Ctrl Pts',(19.5875000013333,23.5777182782694,1.83372207899491));
#5578=CARTESIAN_POINT('Ctrl Pts',(19.1875000013333,23.5543286750773,1.79506800960455));
#5579=CARTESIAN_POINT('Ctrl Pts',(19.5875000013333,23.5543286750773,1.79506800960455));
#5580=CARTESIAN_POINT('Ctrl Pts',(19.1875000013333,23.5073333656443,1.71740273512639));
#5581=CARTESIAN_POINT('Ctrl Pts',(19.5875000013333,23.5073333656443,1.71740273512639));
#5582=CARTESIAN_POINT('Ctrl Pts',(19.1875000013333,23.4309381446925,1.6683435528223));
#5583=CARTESIAN_POINT('Ctrl Pts',(19.5875000013333,23.4309381446925,1.6683435528223));
#5584=CARTESIAN_POINT('Ctrl Pts',(19.1875000013333,23.3925648864725,1.64370116489328));
#5585=CARTESIAN_POINT('Ctrl Pts',(19.5875000013333,23.3925648864725,1.64370116489328));
#5586=CARTESIAN_POINT('',(19.1875000013333,23.5777182782694,1.83372207899491));
#5587=CARTESIAN_POINT('Ctrl Pts',(19.1875000013333,23.5777182782694,1.83372207899491));
#5588=CARTESIAN_POINT('Ctrl Pts',(19.1875000013333,23.5543286750773,1.79506800960455));
#5589=CARTESIAN_POINT('Ctrl Pts',(19.1875000013333,23.5073333656443,1.71740273512639));
#5590=CARTESIAN_POINT('Ctrl Pts',(19.1875000013333,23.4309381446925,1.6683435528223));
#5591=CARTESIAN_POINT('Ctrl Pts',(19.1875000013333,23.3925648864725,1.64370116489328));
#5592=CARTESIAN_POINT('',(19.5875000013333,23.5777182782694,1.83372207899491));
#5593=CARTESIAN_POINT('',(19.1875000013333,23.5777182782694,1.83372207899491));
#5594=CARTESIAN_POINT('Ctrl Pts',(19.5875000013333,23.5777182782694,1.83372207899491));
#5595=CARTESIAN_POINT('Ctrl Pts',(19.5875000013333,23.5543286750773,1.79506800960455));
#5596=CARTESIAN_POINT('Ctrl Pts',(19.5875000013333,23.5073333656443,1.71740273512639));
#5597=CARTESIAN_POINT('Ctrl Pts',(19.5875000013333,23.4309381446925,1.6683435528223));
#5598=CARTESIAN_POINT('Ctrl Pts',(19.5875000013333,23.3925648864725,1.64370116489328));
#5599=CARTESIAN_POINT('Ctrl Pts',(19.1875000013333,23.640130197187,2.08777368326821));
#5600=CARTESIAN_POINT('Ctrl Pts',(19.5875000013333,23.640130197187,2.08777368326821));
#5601=CARTESIAN_POINT('Ctrl Pts',(19.1875000013333,23.6373825547654,2.04411531626103));
#5602=CARTESIAN_POINT('Ctrl Pts',(19.5875000013333,23.6373825547654,2.04411531626103));
#5603=CARTESIAN_POINT('Ctrl Pts',(19.1875000013333,23.6318188333138,1.95571116616166));
#5604=CARTESIAN_POINT('Ctrl Pts',(19.5875000013333,23.6318188333138,1.95571116616166));
#5605=CARTESIAN_POINT('Ctrl Pts',(19.1875000013333,23.5958990737318,1.87471719707825));
#5606=CARTESIAN_POINT('Ctrl Pts',(19.5875000013333,23.5958990737318,1.87471719707825));
#5607=CARTESIAN_POINT('Ctrl Pts',(19.1875000013333,23.5777182782694,1.83372207899491));
#5608=CARTESIAN_POINT('Ctrl Pts',(19.5875000013333,23.5777182782694,1.83372207899491));
#5609=CARTESIAN_POINT('',(19.1875000013333,23.640130197187,2.08777368326821));
#5610=CARTESIAN_POINT('Ctrl Pts',(19.1875000013333,23.640130197187,2.08777368326821));
#5611=CARTESIAN_POINT('Ctrl Pts',(19.1875000013333,23.6373825547654,2.04411531626103));
#5612=CARTESIAN_POINT('Ctrl Pts',(19.1875000013333,23.6318188333138,1.95571116616166));
#5613=CARTESIAN_POINT('Ctrl Pts',(19.1875000013333,23.5958990737318,1.87471719707825));
#5614=CARTESIAN_POINT('Ctrl Pts',(19.1875000013333,23.5777182782694,1.83372207899491));
#5615=CARTESIAN_POINT('',(19.5875000013333,23.640130197187,2.08777368326821));
#5616=CARTESIAN_POINT('',(19.1875000013333,23.640130197187,2.08777368326821));
#5617=CARTESIAN_POINT('Ctrl Pts',(19.5875000013333,23.640130197187,2.08777368326821));
#5618=CARTESIAN_POINT('Ctrl Pts',(19.5875000013333,23.6373825547654,2.04411531626103));
#5619=CARTESIAN_POINT('Ctrl Pts',(19.5875000013333,23.6318188333138,1.95571116616166));
#5620=CARTESIAN_POINT('Ctrl Pts',(19.5875000013333,23.5958990737318,1.87471719707825));
#5621=CARTESIAN_POINT('Ctrl Pts',(19.5875000013333,23.5777182782694,1.83372207899491));
#5622=CARTESIAN_POINT('Ctrl Pts',(19.1875000013333,23.4979726940988,2.44598497212123));
#5623=CARTESIAN_POINT('Ctrl Pts',(19.5875000013333,23.4979726940988,2.44598497212123));
#5624=CARTESIAN_POINT('Ctrl Pts',(19.1875000013333,23.5394667569345,2.39462222197281));
#5625=CARTESIAN_POINT('Ctrl Pts',(19.5875000013333,23.5394667569345,2.39462222197281));
#5626=CARTESIAN_POINT('Ctrl Pts',(19.1875000013333,23.6239204309367,2.29008261653425));
#5627=CARTESIAN_POINT('Ctrl Pts',(19.5875000013333,23.6239204309367,2.29008261653425));
#5628=CARTESIAN_POINT('Ctrl Pts',(19.1875000013333,23.6346647917994,2.15598566836149));
#5629=CARTESIAN_POINT('Ctrl Pts',(19.5875000013333,23.6346647917994,2.15598566836149));
#5630=CARTESIAN_POINT('Ctrl Pts',(19.1875000013333,23.640130197187,2.08777368326821));
#5631=CARTESIAN_POINT('Ctrl Pts',(19.5875000013333,23.640130197187,2.08777368326821));
#5632=CARTESIAN_POINT('Ctrl Pts',(19.1875000013333,23.4979726940988,2.44598497212123));
#5633=CARTESIAN_POINT('Ctrl Pts',(19.1875000013333,23.5394667569345,2.39462222197281));
#5634=CARTESIAN_POINT('Ctrl Pts',(19.1875000013333,23.6239204309367,2.29008261653425));
#5635=CARTESIAN_POINT('Ctrl Pts',(19.1875000013333,23.6346647917994,2.15598566836149));
#5636=CARTESIAN_POINT('Ctrl Pts',(19.1875000013333,23.640130197187,2.08777368326821));
#5637=CARTESIAN_POINT('Ctrl Pts',(19.5875000013333,23.4979726940988,2.44598497212123));
#5638=CARTESIAN_POINT('Ctrl Pts',(19.5875000013333,23.5394667569345,2.39462222197281));
#5639=CARTESIAN_POINT('Ctrl Pts',(19.5875000013333,23.6239204309367,2.29008261653425));
#5640=CARTESIAN_POINT('Ctrl Pts',(19.5875000013333,23.6346647917994,2.15598566836149));
#5641=CARTESIAN_POINT('Ctrl Pts',(19.5875000013333,23.640130197187,2.08777368326821));
#5642=CARTESIAN_POINT('Ctrl Pts',(19.1875000013333,23.9556156602541,2.08927038850773));
#5643=CARTESIAN_POINT('Ctrl Pts',(19.5875000013333,23.9556156602541,2.08927038850773));
#5644=CARTESIAN_POINT('Ctrl Pts',(19.1875000013333,23.9515243191383,2.16586801584031));
#5645=CARTESIAN_POINT('Ctrl Pts',(19.5875000013333,23.9515243191383,2.16586801584031));
#5646=CARTESIAN_POINT('Ctrl Pts',(19.1875000013333,23.9436992457032,2.31236815891578));
#5647=CARTESIAN_POINT('Ctrl Pts',(19.5875000013333,23.9436992457032,2.31236815891578));
#5648=CARTESIAN_POINT('Ctrl Pts',(19.1875000013333,23.8682505286657,2.43788567160775));
#5649=CARTESIAN_POINT('Ctrl Pts',(19.5875000013333,23.8682505286657,2.43788567160775));
#5650=CARTESIAN_POINT('Ctrl Pts',(19.1875000013333,23.8322501875071,2.49777632920552));
#5651=CARTESIAN_POINT('Ctrl Pts',(19.5875000013333,23.8322501875071,2.49777632920552));
#5652=CARTESIAN_POINT('',(19.1875000013333,23.9556156602541,2.08927038850773));
#5653=CARTESIAN_POINT('',(19.1875000013333,23.8322501875071,2.49777632920552));
#5654=CARTESIAN_POINT('Ctrl Pts',(19.1875000013333,23.9556156602541,2.08927038850773));
#5655=CARTESIAN_POINT('Ctrl Pts',(19.1875000013333,23.9515243191383,2.16586801584031));
#5656=CARTESIAN_POINT('Ctrl Pts',(19.1875000013333,23.9436992457032,2.31236815891578));
#5657=CARTESIAN_POINT('Ctrl Pts',(19.1875000013333,23.8682505286657,2.43788567160775));
#5658=CARTESIAN_POINT('Ctrl Pts',(19.1875000013333,23.8322501875071,2.49777632920552));
#5659=CARTESIAN_POINT('',(19.5875000013333,23.9556156602541,2.08927038850773));
#5660=CARTESIAN_POINT('',(19.1875000013333,23.9556156602541,2.08927038850773));
#5661=CARTESIAN_POINT('',(19.5875000013333,23.8322501875071,2.49777632920552));
#5662=CARTESIAN_POINT('Ctrl Pts',(19.5875000013333,23.9556156602541,2.08927038850773));
#5663=CARTESIAN_POINT('Ctrl Pts',(19.5875000013333,23.9515243191383,2.16586801584031));
#5664=CARTESIAN_POINT('Ctrl Pts',(19.5875000013333,23.9436992457032,2.31236815891578));
#5665=CARTESIAN_POINT('Ctrl Pts',(19.5875000013333,23.8682505286657,2.43788567160775));
#5666=CARTESIAN_POINT('Ctrl Pts',(19.5875000013333,23.8322501875071,2.49777632920552));
#5667=CARTESIAN_POINT('',(19.1875000013333,23.8322501875071,2.49777632920552));
#5668=CARTESIAN_POINT('Ctrl Pts',(19.1875000013333,23.7284467592238,1.54286524127062));
#5669=CARTESIAN_POINT('Ctrl Pts',(19.5875000013333,23.7284467592238,1.54286524127062));
#5670=CARTESIAN_POINT('Ctrl Pts',(19.1875000013333,23.7946485169024,1.620944361613));
#5671=CARTESIAN_POINT('Ctrl Pts',(19.5875000013333,23.7946485169024,1.620944361613));
#5672=CARTESIAN_POINT('Ctrl Pts',(19.1875000013333,23.9284680034994,1.77877261519041));
#5673=CARTESIAN_POINT('Ctrl Pts',(19.5875000013333,23.9284680034994,1.77877261519041));
#5674=CARTESIAN_POINT('Ctrl Pts',(19.1875000013333,23.946502831274,1.98504359897319));
#5675=CARTESIAN_POINT('Ctrl Pts',(19.5875000013333,23.946502831274,1.98504359897319));
#5676=CARTESIAN_POINT('Ctrl Pts',(19.1875000013333,23.9556156602541,2.08927038850773));
#5677=CARTESIAN_POINT('Ctrl Pts',(19.5875000013333,23.9556156602541,2.08927038850773));
#5678=CARTESIAN_POINT('',(19.1875000013333,23.7284467592238,1.54286524127062));
#5679=CARTESIAN_POINT('Ctrl Pts',(19.1875000013333,23.7284467592238,1.54286524127062));
#5680=CARTESIAN_POINT('Ctrl Pts',(19.1875000013333,23.7946485169024,1.620944361613));
#5681=CARTESIAN_POINT('Ctrl Pts',(19.1875000013333,23.9284680034994,1.77877261519041));
#5682=CARTESIAN_POINT('Ctrl Pts',(19.1875000013333,23.946502831274,1.98504359897319));
#5683=CARTESIAN_POINT('Ctrl Pts',(19.1875000013333,23.9556156602541,2.08927038850773));
#5684=CARTESIAN_POINT('',(19.5875000013333,23.7284467592238,1.54286524127062));
#5685=CARTESIAN_POINT('',(19.1875000013333,23.7284467592238,1.54286524127062));
#5686=CARTESIAN_POINT('Ctrl Pts',(19.5875000013333,23.7284467592238,1.54286524127062));
#5687=CARTESIAN_POINT('Ctrl Pts',(19.5875000013333,23.7946485169024,1.620944361613));
#5688=CARTESIAN_POINT('Ctrl Pts',(19.5875000013333,23.9284680034994,1.77877261519041));
#5689=CARTESIAN_POINT('Ctrl Pts',(19.5875000013333,23.946502831274,1.98504359897319));
#5690=CARTESIAN_POINT('Ctrl Pts',(19.5875000013333,23.9556156602541,2.08927038850773));
#5691=CARTESIAN_POINT('Ctrl Pts',(19.1875000013333,23.1314395734975,1.3241261118954));
#5692=CARTESIAN_POINT('Ctrl Pts',(19.5875000013333,23.1314395734975,1.3241261118954));
#5693=CARTESIAN_POINT('Ctrl Pts',(19.1875000013333,23.2469611933796,1.3314391134793));
#5694=CARTESIAN_POINT('Ctrl Pts',(19.5875000013333,23.2469611933796,1.3314391134793));
#5695=CARTESIAN_POINT('Ctrl Pts',(19.1875000013333,23.4681485812155,1.34544120000848));
#5696=CARTESIAN_POINT('Ctrl Pts',(19.5875000013333,23.4681485812155,1.34544120000848));
#5697=CARTESIAN_POINT('Ctrl Pts',(19.1875000013333,23.6442970229003,1.47904158663252));
#5698=CARTESIAN_POINT('Ctrl Pts',(19.5875000013333,23.6442970229003,1.47904158663252));
#5699=CARTESIAN_POINT('Ctrl Pts',(19.1875000013333,23.7284467592238,1.54286524127062));
#5700=CARTESIAN_POINT('Ctrl Pts',(19.5875000013333,23.7284467592238,1.54286524127062));
#5701=CARTESIAN_POINT('',(19.1875000013333,23.1314395734975,1.3241261118954));
#5702=CARTESIAN_POINT('Ctrl Pts',(19.1875000013333,23.1314395734975,1.3241261118954));
#5703=CARTESIAN_POINT('Ctrl Pts',(19.1875000013333,23.2469611933796,1.3314391134793));
#5704=CARTESIAN_POINT('Ctrl Pts',(19.1875000013333,23.4681485812155,1.34544120000848));
#5705=CARTESIAN_POINT('Ctrl Pts',(19.1875000013333,23.6442970229003,1.47904158663252));
#5706=CARTESIAN_POINT('Ctrl Pts',(19.1875000013333,23.7284467592238,1.54286524127062));
#5707=CARTESIAN_POINT('',(19.5875000013333,23.1314395734975,1.3241261118954));
#5708=CARTESIAN_POINT('',(19.1875000013333,23.1314395734975,1.3241261118954));
#5709=CARTESIAN_POINT('Ctrl Pts',(19.5875000013333,23.1314395734975,1.3241261118954));
#5710=CARTESIAN_POINT('Ctrl Pts',(19.5875000013333,23.2469611933796,1.3314391134793));
#5711=CARTESIAN_POINT('Ctrl Pts',(19.5875000013333,23.4681485812155,1.34544120000848));
#5712=CARTESIAN_POINT('Ctrl Pts',(19.5875000013333,23.6442970229003,1.47904158663252));
#5713=CARTESIAN_POINT('Ctrl Pts',(19.5875000013333,23.7284467592238,1.54286524127062));
#5714=CARTESIAN_POINT('Ctrl Pts',(19.1875000013333,22.5347221817625,1.54280183069604));
#5715=CARTESIAN_POINT('Ctrl Pts',(19.5875000013333,22.5347221817625,1.54280183069604));
#5716=CARTESIAN_POINT('Ctrl Pts',(19.1875000013333,22.6188135306829,1.47911628704613));
#5717=CARTESIAN_POINT('Ctrl Pts',(19.5875000013333,22.6188135306829,1.47911628704613));
#5718=CARTESIAN_POINT('Ctrl Pts',(19.1875000013333,22.7949308948931,1.34573597825199));
#5719=CARTESIAN_POINT('Ctrl Pts',(19.5875000013333,22.7949308948931,1.34573597825199));
#5720=CARTESIAN_POINT('Ctrl Pts',(19.1875000013333,23.0159507896232,1.33154255415644));
#5721=CARTESIAN_POINT('Ctrl Pts',(19.5875000013333,23.0159507896232,1.33154255415644));
#5722=CARTESIAN_POINT('Ctrl Pts',(19.1875000013333,23.1314395734975,1.3241261118954));
#5723=CARTESIAN_POINT('Ctrl Pts',(19.5875000013333,23.1314395734975,1.3241261118954));
#5724=CARTESIAN_POINT('',(19.1875000013333,22.5347221817625,1.54280183069604));
#5725=CARTESIAN_POINT('Ctrl Pts',(19.1875000013333,22.5347221817625,1.54280183069604));
#5726=CARTESIAN_POINT('Ctrl Pts',(19.1875000013333,22.6188135306829,1.47911628704613));
#5727=CARTESIAN_POINT('Ctrl Pts',(19.1875000013333,22.7949308948931,1.34573597825199));
#5728=CARTESIAN_POINT('Ctrl Pts',(19.1875000013333,23.0159507896232,1.33154255415644));
#5729=CARTESIAN_POINT('Ctrl Pts',(19.1875000013333,23.1314395734975,1.3241261118954));
#5730=CARTESIAN_POINT('',(19.5875000013333,22.5347221817625,1.54280183069604));
#5731=CARTESIAN_POINT('',(19.1875000013333,22.5347221817625,1.54280183069604));
#5732=CARTESIAN_POINT('Ctrl Pts',(19.5875000013333,22.5347221817625,1.54280183069604));
#5733=CARTESIAN_POINT('Ctrl Pts',(19.5875000013333,22.6188135306829,1.47911628704613));
#5734=CARTESIAN_POINT('Ctrl Pts',(19.5875000013333,22.7949308948931,1.34573597825199));
#5735=CARTESIAN_POINT('Ctrl Pts',(19.5875000013333,23.0159507896232,1.33154255415644));
#5736=CARTESIAN_POINT('Ctrl Pts',(19.5875000013333,23.1314395734975,1.3241261118954));
#5737=CARTESIAN_POINT('Ctrl Pts',(19.1875000013333,22.308270919687,2.08183293938288));
#5738=CARTESIAN_POINT('Ctrl Pts',(19.5875000013333,22.308270919687,2.08183293938288));
#5739=CARTESIAN_POINT('Ctrl Pts',(19.1875000013333,22.3174565040811,1.97941385157736));
#5740=CARTESIAN_POINT('Ctrl Pts',(19.5875000013333,22.3174565040811,1.97941385157736));
#5741=CARTESIAN_POINT('Ctrl Pts',(19.1875000013333,22.3357331524083,1.77562957727542));
#5742=CARTESIAN_POINT('Ctrl Pts',(19.5875000013333,22.3357331524083,1.77562957727542));
#5743=CARTESIAN_POINT('Ctrl Pts',(19.1875000013333,22.4686215895528,1.62014303881029));
#5744=CARTESIAN_POINT('Ctrl Pts',(19.5875000013333,22.4686215895528,1.62014303881029));
#5745=CARTESIAN_POINT('Ctrl Pts',(19.1875000013333,22.5347221817625,1.54280183069604));
#5746=CARTESIAN_POINT('Ctrl Pts',(19.5875000013333,22.5347221817625,1.54280183069604));
#5747=CARTESIAN_POINT('',(19.1875000013333,22.308270919687,2.08183293938288));
#5748=CARTESIAN_POINT('Ctrl Pts',(19.1875000013333,22.308270919687,2.08183293938288));
#5749=CARTESIAN_POINT('Ctrl Pts',(19.1875000013333,22.3174565040811,1.97941385157736));
#5750=CARTESIAN_POINT('Ctrl Pts',(19.1875000013333,22.3357331524083,1.77562957727542));
#5751=CARTESIAN_POINT('Ctrl Pts',(19.1875000013333,22.4686215895528,1.62014303881029));
#5752=CARTESIAN_POINT('Ctrl Pts',(19.1875000013333,22.5347221817625,1.54280183069604));
#5753=CARTESIAN_POINT('',(19.5875000013333,22.308270919687,2.08183293938288));
#5754=CARTESIAN_POINT('',(19.1875000013333,22.308270919687,2.08183293938288));
#5755=CARTESIAN_POINT('Ctrl Pts',(19.5875000013333,22.308270919687,2.08183293938288));
#5756=CARTESIAN_POINT('Ctrl Pts',(19.5875000013333,22.3174565040811,1.97941385157736));
#5757=CARTESIAN_POINT('Ctrl Pts',(19.5875000013333,22.3357331524083,1.77562957727542));
#5758=CARTESIAN_POINT('Ctrl Pts',(19.5875000013333,22.4686215895528,1.62014303881029));
#5759=CARTESIAN_POINT('Ctrl Pts',(19.5875000013333,22.5347221817625,1.54280183069604));
#5760=CARTESIAN_POINT('Ctrl Pts',(19.1875000013333,22.4287596757053,2.48079841529391));
#5761=CARTESIAN_POINT('Ctrl Pts',(19.5875000013333,22.4287596757053,2.48079841529391));
#5762=CARTESIAN_POINT('Ctrl Pts',(19.1875000013333,22.3936646297586,2.42124860523616));
#5763=CARTESIAN_POINT('Ctrl Pts',(19.5875000013333,22.3936646297586,2.42124860523616));
#5764=CARTESIAN_POINT('Ctrl Pts',(19.1875000013333,22.3211537944823,2.29821111229808));
#5765=CARTESIAN_POINT('Ctrl Pts',(19.5875000013333,22.3211537944823,2.29821111229808));
#5766=CARTESIAN_POINT('Ctrl Pts',(19.1875000013333,22.3126558712947,2.1554817042962));
#5767=CARTESIAN_POINT('Ctrl Pts',(19.5875000013333,22.3126558712947,2.1554817042962));
#5768=CARTESIAN_POINT('Ctrl Pts',(19.1875000013333,22.308270919687,2.08183293938288));
#5769=CARTESIAN_POINT('Ctrl Pts',(19.5875000013333,22.308270919687,2.08183293938288));
#5770=CARTESIAN_POINT('',(19.1875000013333,22.4287596757053,2.48079841529391));
#5771=CARTESIAN_POINT('Ctrl Pts',(19.1875000013333,22.4287596757053,2.48079841529391));
#5772=CARTESIAN_POINT('Ctrl Pts',(19.1875000013333,22.3936646297586,2.42124860523616));
#5773=CARTESIAN_POINT('Ctrl Pts',(19.1875000013333,22.3211537944823,2.29821111229808));
#5774=CARTESIAN_POINT('Ctrl Pts',(19.1875000013333,22.3126558712947,2.1554817042962));
#5775=CARTESIAN_POINT('Ctrl Pts',(19.1875000013333,22.308270919687,2.08183293938288));
#5776=CARTESIAN_POINT('',(19.5875000013333,22.4287596757053,2.48079841529391));
#5777=CARTESIAN_POINT('',(19.1875000013333,22.4287596757053,2.48079841529391));
#5778=CARTESIAN_POINT('Ctrl Pts',(19.5875000013333,22.4287596757053,2.48079841529391));
#5779=CARTESIAN_POINT('Ctrl Pts',(19.5875000013333,22.3936646297586,2.42124860523616));
#5780=CARTESIAN_POINT('Ctrl Pts',(19.5875000013333,22.3211537944823,2.29821111229808));
#5781=CARTESIAN_POINT('Ctrl Pts',(19.5875000013333,22.3126558712947,2.1554817042962));
#5782=CARTESIAN_POINT('Ctrl Pts',(19.5875000013333,22.308270919687,2.08183293938288));
#5783=CARTESIAN_POINT('Ctrl Pts',(19.1875000013333,22.7793628256693,2.72272230736847));
#5784=CARTESIAN_POINT('Ctrl Pts',(19.5875000013333,22.7793628256693,2.72272230736847));
#5785=CARTESIAN_POINT('Ctrl Pts',(19.1875000013333,22.7081603794697,2.69523143351773));
#5786=CARTESIAN_POINT('Ctrl Pts',(19.5875000013333,22.7081603794697,2.69523143351773));
#5787=CARTESIAN_POINT('Ctrl Pts',(19.1875000013333,22.5717071955657,2.64254760781427));
#5788=CARTESIAN_POINT('Ctrl Pts',(19.5875000013333,22.5717071955657,2.64254760781427));
#5789=CARTESIAN_POINT('Ctrl Pts',(19.1875000013333,22.475002857541,2.53312389340503));
#5790=CARTESIAN_POINT('Ctrl Pts',(19.5875000013333,22.475002857541,2.53312389340503));
#5791=CARTESIAN_POINT('Ctrl Pts',(19.1875000013333,22.4287596757053,2.48079841529391));
#5792=CARTESIAN_POINT('Ctrl Pts',(19.5875000013333,22.4287596757053,2.48079841529391));
#5793=CARTESIAN_POINT('',(19.1875000013333,22.7793628256693,2.72272230736847));
#5794=CARTESIAN_POINT('Ctrl Pts',(19.1875000013333,22.7793628256693,2.72272230736847));
#5795=CARTESIAN_POINT('Ctrl Pts',(19.1875000013333,22.7081603794697,2.69523143351773));
#5796=CARTESIAN_POINT('Ctrl Pts',(19.1875000013333,22.5717071955657,2.64254760781427));
#5797=CARTESIAN_POINT('Ctrl Pts',(19.1875000013333,22.475002857541,2.53312389340503));
#5798=CARTESIAN_POINT('Ctrl Pts',(19.1875000013333,22.4287596757053,2.48079841529391));
#5799=CARTESIAN_POINT('',(19.5875000013333,22.7793628256693,2.72272230736847));
#5800=CARTESIAN_POINT('',(19.1875000013333,22.7793628256693,2.72272230736847));
#5801=CARTESIAN_POINT('Ctrl Pts',(19.5875000013333,22.7793628256693,2.72272230736847));
#5802=CARTESIAN_POINT('Ctrl Pts',(19.5875000013333,22.7081603794697,2.69523143351773));
#5803=CARTESIAN_POINT('Ctrl Pts',(19.5875000013333,22.5717071955657,2.64254760781427));
#5804=CARTESIAN_POINT('Ctrl Pts',(19.5875000013333,22.475002857541,2.53312389340503));
#5805=CARTESIAN_POINT('Ctrl Pts',(19.5875000013333,22.4287596757053,2.48079841529391));
#5806=CARTESIAN_POINT('Ctrl Pts',(19.1875000013333,22.5023797266717,2.92157521049078));
#5807=CARTESIAN_POINT('Ctrl Pts',(19.5875000013333,22.5023797266717,2.92157521049078));
#5808=CARTESIAN_POINT('Ctrl Pts',(19.1875000013333,22.5384111363866,2.88047260237427));
#5809=CARTESIAN_POINT('Ctrl Pts',(19.5875000013333,22.5384111363866,2.88047260237427));
#5810=CARTESIAN_POINT('Ctrl Pts',(19.1875000013333,22.615165742452,2.79291525951146));
#5811=CARTESIAN_POINT('Ctrl Pts',(19.5875000013333,22.615165742452,2.79291525951146));
#5812=CARTESIAN_POINT('Ctrl Pts',(19.1875000013333,22.7224445830522,2.74705440512442));
#5813=CARTESIAN_POINT('Ctrl Pts',(19.5875000013333,22.7224445830522,2.74705440512442));
#5814=CARTESIAN_POINT('Ctrl Pts',(19.1875000013333,22.7793628256693,2.72272230736847));
#5815=CARTESIAN_POINT('Ctrl Pts',(19.5875000013333,22.7793628256693,2.72272230736847));
#5816=CARTESIAN_POINT('',(19.1875000013333,22.5023797266717,2.92157521049078));
#5817=CARTESIAN_POINT('Ctrl Pts',(19.1875000013333,22.5023797266717,2.92157521049078));
#5818=CARTESIAN_POINT('Ctrl Pts',(19.1875000013333,22.5384111363866,2.88047260237427));
#5819=CARTESIAN_POINT('Ctrl Pts',(19.1875000013333,22.615165742452,2.79291525951146));
#5820=CARTESIAN_POINT('Ctrl Pts',(19.1875000013333,22.7224445830522,2.74705440512442));
#5821=CARTESIAN_POINT('Ctrl Pts',(19.1875000013333,22.7793628256693,2.72272230736847));
#5822=CARTESIAN_POINT('',(19.5875000013333,22.5023797266717,2.92157521049078));
#5823=CARTESIAN_POINT('',(19.1875000013333,22.5023797266717,2.92157521049078));
#5824=CARTESIAN_POINT('Ctrl Pts',(19.5875000013333,22.5023797266717,2.92157521049078));
#5825=CARTESIAN_POINT('Ctrl Pts',(19.5875000013333,22.5384111363866,2.88047260237427));
#5826=CARTESIAN_POINT('Ctrl Pts',(19.5875000013333,22.615165742452,2.79291525951146));
#5827=CARTESIAN_POINT('Ctrl Pts',(19.5875000013333,22.7224445830522,2.74705440512442));
#5828=CARTESIAN_POINT('Ctrl Pts',(19.5875000013333,22.7793628256693,2.72272230736847));
#5829=CARTESIAN_POINT('Ctrl Pts',(19.1875000013333,22.4113454281989,3.22432990409518));
#5830=CARTESIAN_POINT('Ctrl Pts',(19.5875000013333,22.4113454281989,3.22432990409518));
#5831=CARTESIAN_POINT('Ctrl Pts',(19.1875000013333,22.4146966805817,3.16882318880591));
#5832=CARTESIAN_POINT('Ctrl Pts',(19.5875000013333,22.4146966805817,3.16882318880591));
#5833=CARTESIAN_POINT('Ctrl Pts',(19.1875000013333,22.4212285023095,3.06063677741325));
#5834=CARTESIAN_POINT('Ctrl Pts',(19.5875000013333,22.4212285023095,3.06063677741325));
#5835=CARTESIAN_POINT('Ctrl Pts',(19.1875000013333,22.4758046953965,2.96711445551364));
#5836=CARTESIAN_POINT('Ctrl Pts',(19.5875000013333,22.4758046953965,2.96711445551364));
#5837=CARTESIAN_POINT('Ctrl Pts',(19.1875000013333,22.5023797266717,2.92157521049078));
#5838=CARTESIAN_POINT('Ctrl Pts',(19.5875000013333,22.5023797266717,2.92157521049078));
#5839=CARTESIAN_POINT('',(19.1875000013333,22.4113454281989,3.22432990409518));
#5840=CARTESIAN_POINT('Ctrl Pts',(19.1875000013333,22.4113454281989,3.22432990409518));
#5841=CARTESIAN_POINT('Ctrl Pts',(19.1875000013333,22.4146966805817,3.16882318880591));
#5842=CARTESIAN_POINT('Ctrl Pts',(19.1875000013333,22.4212285023095,3.06063677741325));
#5843=CARTESIAN_POINT('Ctrl Pts',(19.1875000013333,22.4758046953965,2.96711445551364));
#5844=CARTESIAN_POINT('Ctrl Pts',(19.1875000013333,22.5023797266717,2.92157521049078));
#5845=CARTESIAN_POINT('',(19.5875000013333,22.4113454281989,3.22432990409518));
#5846=CARTESIAN_POINT('',(19.1875000013333,22.4113454281989,3.22432990409518));
#5847=CARTESIAN_POINT('Ctrl Pts',(19.5875000013333,22.4113454281989,3.22432990409518));
#5848=CARTESIAN_POINT('Ctrl Pts',(19.5875000013333,22.4146966805817,3.16882318880591));
#5849=CARTESIAN_POINT('Ctrl Pts',(19.5875000013333,22.4212285023095,3.06063677741325));
#5850=CARTESIAN_POINT('Ctrl Pts',(19.5875000013333,22.4758046953965,2.96711445551364));
#5851=CARTESIAN_POINT('Ctrl Pts',(19.5875000013333,22.5023797266717,2.92157521049078));
#5852=CARTESIAN_POINT('Ctrl Pts',(19.1875000013333,22.6111738706316,3.68719246370294));
#5853=CARTESIAN_POINT('Ctrl Pts',(19.5875000013333,22.6111738706316,3.68719246370294));
#5854=CARTESIAN_POINT('Ctrl Pts',(19.1875000013333,22.5529359703274,3.62053401909267));
#5855=CARTESIAN_POINT('Ctrl Pts',(19.5875000013333,22.5529359703274,3.62053401909267));
#5856=CARTESIAN_POINT('Ctrl Pts',(19.1875000013333,22.4367912811436,3.48759611627861));
#5857=CARTESIAN_POINT('Ctrl Pts',(19.5875000013333,22.4367912811436,3.48759611627861));
#5858=CARTESIAN_POINT('Ctrl Pts',(19.1875000013333,22.4198112433171,3.31191836434649));
#5859=CARTESIAN_POINT('Ctrl Pts',(19.5875000013333,22.4198112433171,3.31191836434649));
#5860=CARTESIAN_POINT('Ctrl Pts',(19.1875000013333,22.4113454281989,3.22432990409518));
#5861=CARTESIAN_POINT('Ctrl Pts',(19.5875000013333,22.4113454281989,3.22432990409518));
#5862=CARTESIAN_POINT('',(19.1875000013333,22.6111738706316,3.68719246370294));
#5863=CARTESIAN_POINT('Ctrl Pts',(19.1875000013333,22.6111738706316,3.68719246370294));
#5864=CARTESIAN_POINT('Ctrl Pts',(19.1875000013333,22.5529359703274,3.62053401909267));
#5865=CARTESIAN_POINT('Ctrl Pts',(19.1875000013333,22.4367912811436,3.48759611627861));
#5866=CARTESIAN_POINT('Ctrl Pts',(19.1875000013333,22.4198112433171,3.31191836434649));
#5867=CARTESIAN_POINT('Ctrl Pts',(19.1875000013333,22.4113454281989,3.22432990409518));
#5868=CARTESIAN_POINT('',(19.5875000013333,22.6111738706316,3.68719246370294));
#5869=CARTESIAN_POINT('',(19.1875000013333,22.6111738706316,3.68719246370294));
#5870=CARTESIAN_POINT('Ctrl Pts',(19.5875000013333,22.6111738706316,3.68719246370294));
#5871=CARTESIAN_POINT('Ctrl Pts',(19.5875000013333,22.5529359703274,3.62053401909267));
#5872=CARTESIAN_POINT('Ctrl Pts',(19.5875000013333,22.4367912811436,3.48759611627861));
#5873=CARTESIAN_POINT('Ctrl Pts',(19.5875000013333,22.4198112433171,3.31191836434649));
#5874=CARTESIAN_POINT('Ctrl Pts',(19.5875000013333,22.4113454281989,3.22432990409518));
#5875=CARTESIAN_POINT('Ctrl Pts',(19.1875000013333,23.1382438678377,3.87698702074375));
#5876=CARTESIAN_POINT('Ctrl Pts',(19.5875000013333,23.1382438678377,3.87698702074375));
#5877=CARTESIAN_POINT('Ctrl Pts',(19.1875000013333,23.0362064648421,3.87076389295219));
#5878=CARTESIAN_POINT('Ctrl Pts',(19.5875000013333,23.0362064648421,3.87076389295219));
#5879=CARTESIAN_POINT('Ctrl Pts',(19.1875000013333,22.8414575118952,3.85888640895238));
#5880=CARTESIAN_POINT('Ctrl Pts',(19.5875000013333,22.8414575118952,3.85888640895238));
#5881=CARTESIAN_POINT('Ctrl Pts',(19.1875000013333,22.6854447812253,3.74256706863422));
#5882=CARTESIAN_POINT('Ctrl Pts',(19.5875000013333,22.6854447812253,3.74256706863422));
#5883=CARTESIAN_POINT('Ctrl Pts',(19.1875000013333,22.6111738706316,3.68719246370294));
#5884=CARTESIAN_POINT('Ctrl Pts',(19.5875000013333,22.6111738706316,3.68719246370294));
#5885=CARTESIAN_POINT('',(19.1875000013333,23.1382438678377,3.87698702074375));
#5886=CARTESIAN_POINT('Ctrl Pts',(19.1875000013333,23.1382438678377,3.87698702074375));
#5887=CARTESIAN_POINT('Ctrl Pts',(19.1875000013333,23.0362064648421,3.87076389295219));
#5888=CARTESIAN_POINT('Ctrl Pts',(19.1875000013333,22.8414575118952,3.85888640895238));
#5889=CARTESIAN_POINT('Ctrl Pts',(19.1875000013333,22.6854447812253,3.74256706863422));
#5890=CARTESIAN_POINT('Ctrl Pts',(19.1875000013333,22.6111738706316,3.68719246370294));
#5891=CARTESIAN_POINT('',(19.5875000013333,23.1382438678377,3.87698702074375));
#5892=CARTESIAN_POINT('',(19.1875000013333,23.1382438678377,3.87698702074375));
#5893=CARTESIAN_POINT('Ctrl Pts',(19.5875000013333,23.1382438678377,3.87698702074375));
#5894=CARTESIAN_POINT('Ctrl Pts',(19.5875000013333,23.0362064648421,3.87076389295219));
#5895=CARTESIAN_POINT('Ctrl Pts',(19.5875000013333,22.8414575118952,3.85888640895238));
#5896=CARTESIAN_POINT('Ctrl Pts',(19.5875000013333,22.6854447812253,3.74256706863422));
#5897=CARTESIAN_POINT('Ctrl Pts',(19.5875000013333,22.6111738706316,3.68719246370294));
#5898=CARTESIAN_POINT('Ctrl Pts',(19.1875000013333,23.6599487951027,3.69076228663053));
#5899=CARTESIAN_POINT('Ctrl Pts',(19.5875000013333,23.6599487951027,3.69076228663053));
#5900=CARTESIAN_POINT('Ctrl Pts',(19.1875000013333,23.5866478372372,3.74498606374508));
#5901=CARTESIAN_POINT('Ctrl Pts',(19.5875000013333,23.5866478372372,3.74498606374508));
#5902=CARTESIAN_POINT('Ctrl Pts',(19.1875000013333,23.4320246580694,3.85936728123643));
#5903=CARTESIAN_POINT('Ctrl Pts',(19.5875000013333,23.4320246580694,3.85936728123643));
#5904=CARTESIAN_POINT('Ctrl Pts',(19.1875000013333,23.2394999482274,3.87091410577));
#5905=CARTESIAN_POINT('Ctrl Pts',(19.5875000013333,23.2394999482274,3.87091410577));
#5906=CARTESIAN_POINT('Ctrl Pts',(19.1875000013333,23.1382438678377,3.87698702074375));
#5907=CARTESIAN_POINT('Ctrl Pts',(19.5875000013333,23.1382438678377,3.87698702074375));
#5908=CARTESIAN_POINT('',(19.1875000013333,23.6599487951027,3.69076228663053));
#5909=CARTESIAN_POINT('Ctrl Pts',(19.1875000013333,23.6599487951027,3.69076228663053));
#5910=CARTESIAN_POINT('Ctrl Pts',(19.1875000013333,23.5866478372372,3.74498606374508));
#5911=CARTESIAN_POINT('Ctrl Pts',(19.1875000013333,23.4320246580694,3.85936728123643));
#5912=CARTESIAN_POINT('Ctrl Pts',(19.1875000013333,23.2394999482274,3.87091410577));
#5913=CARTESIAN_POINT('Ctrl Pts',(19.1875000013333,23.1382438678377,3.87698702074375));
#5914=CARTESIAN_POINT('',(19.5875000013333,23.6599487951027,3.69076228663053));
#5915=CARTESIAN_POINT('',(19.1875000013333,23.6599487951027,3.69076228663053));
#5916=CARTESIAN_POINT('Ctrl Pts',(19.5875000013333,23.6599487951027,3.69076228663053));
#5917=CARTESIAN_POINT('Ctrl Pts',(19.5875000013333,23.5866478372372,3.74498606374508));
#5918=CARTESIAN_POINT('Ctrl Pts',(19.5875000013333,23.4320246580694,3.85936728123643));
#5919=CARTESIAN_POINT('Ctrl Pts',(19.5875000013333,23.2394999482274,3.87091410577));
#5920=CARTESIAN_POINT('Ctrl Pts',(19.5875000013333,23.1382438678377,3.87698702074375));
#5921=CARTESIAN_POINT('Ctrl Pts',(19.1875000013333,23.8557572592848,3.23190152283177));
#5922=CARTESIAN_POINT('Ctrl Pts',(19.5875000013333,23.8557572592848,3.23190152283177));
#5923=CARTESIAN_POINT('Ctrl Pts',(19.1875000013333,23.8477339477539,3.31914744498351));
#5924=CARTESIAN_POINT('Ctrl Pts',(19.5875000013333,23.8477339477539,3.31914744498351));
#5925=CARTESIAN_POINT('Ctrl Pts',(19.1875000013333,23.8317314770866,3.49315917376759));
#5926=CARTESIAN_POINT('Ctrl Pts',(19.5875000013333,23.8317314770866,3.49315917376759));
#5927=CARTESIAN_POINT('Ctrl Pts',(19.1875000013333,23.7171042665048,3.62501585086782));
#5928=CARTESIAN_POINT('Ctrl Pts',(19.5875000013333,23.7171042665048,3.62501585086782));
#5929=CARTESIAN_POINT('Ctrl Pts',(19.1875000013333,23.6599487951027,3.69076228663053));
#5930=CARTESIAN_POINT('Ctrl Pts',(19.5875000013333,23.6599487951027,3.69076228663053));
#5931=CARTESIAN_POINT('',(19.1875000013333,23.8557572592848,3.23190152283177));
#5932=CARTESIAN_POINT('Ctrl Pts',(19.1875000013333,23.8557572592848,3.23190152283177));
#5933=CARTESIAN_POINT('Ctrl Pts',(19.1875000013333,23.8477339477539,3.31914744498351));
#5934=CARTESIAN_POINT('Ctrl Pts',(19.1875000013333,23.8317314770866,3.49315917376759));
#5935=CARTESIAN_POINT('Ctrl Pts',(19.1875000013333,23.7171042665048,3.62501585086782));
#5936=CARTESIAN_POINT('Ctrl Pts',(19.1875000013333,23.6599487951027,3.69076228663053));
#5937=CARTESIAN_POINT('',(19.5875000013333,23.8557572592848,3.23190152283177));
#5938=CARTESIAN_POINT('',(19.1875000013333,23.8557572592848,3.23190152283177));
#5939=CARTESIAN_POINT('Ctrl Pts',(19.5875000013333,23.8557572592848,3.23190152283177));
#5940=CARTESIAN_POINT('Ctrl Pts',(19.5875000013333,23.8477339477539,3.31914744498351));
#5941=CARTESIAN_POINT('Ctrl Pts',(19.5875000013333,23.8317314770866,3.49315917376759));
#5942=CARTESIAN_POINT('Ctrl Pts',(19.5875000013333,23.7171042665048,3.62501585086782));
#5943=CARTESIAN_POINT('Ctrl Pts',(19.5875000013333,23.6599487951027,3.69076228663053));
#5944=CARTESIAN_POINT('Ctrl Pts',(19.1875000013333,23.7634646905642,2.92159408557372));
#5945=CARTESIAN_POINT('Ctrl Pts',(19.5875000013333,23.7634646905642,2.92159408557372));
#5946=CARTESIAN_POINT('Ctrl Pts',(19.1875000013333,23.7903454032034,2.96788241150465));
#5947=CARTESIAN_POINT('Ctrl Pts',(19.5875000013333,23.7903454032034,2.96788241150465));
#5948=CARTESIAN_POINT('Ctrl Pts',(19.1875000013333,23.8460235074033,3.06375956584287));
#5949=CARTESIAN_POINT('Ctrl Pts',(19.5875000013333,23.8460235074033,3.06375956584287));
#5950=CARTESIAN_POINT('Ctrl Pts',(19.1875000013333,23.8524390584058,3.17458253666183));
#5951=CARTESIAN_POINT('Ctrl Pts',(19.5875000013333,23.8524390584058,3.17458253666183));
#5952=CARTESIAN_POINT('Ctrl Pts',(19.1875000013333,23.8557572592848,3.23190152283177));
#5953=CARTESIAN_POINT('Ctrl Pts',(19.5875000013333,23.8557572592848,3.23190152283177));
#5954=CARTESIAN_POINT('',(19.1875000013333,23.7634646905642,2.92159408557372));
#5955=CARTESIAN_POINT('Ctrl Pts',(19.1875000013333,23.7634646905642,2.92159408557372));
#5956=CARTESIAN_POINT('Ctrl Pts',(19.1875000013333,23.7903454032034,2.96788241150465));
#5957=CARTESIAN_POINT('Ctrl Pts',(19.1875000013333,23.8460235074033,3.06375956584287));
#5958=CARTESIAN_POINT('Ctrl Pts',(19.1875000013333,23.8524390584058,3.17458253666183));
#5959=CARTESIAN_POINT('Ctrl Pts',(19.1875000013333,23.8557572592848,3.23190152283177));
#5960=CARTESIAN_POINT('',(19.5875000013333,23.7634646905642,2.92159408557372));
#5961=CARTESIAN_POINT('',(19.1875000013333,23.7634646905642,2.92159408557372));
#5962=CARTESIAN_POINT('Ctrl Pts',(19.5875000013333,23.7634646905642,2.92159408557372));
#5963=CARTESIAN_POINT('Ctrl Pts',(19.5875000013333,23.7903454032034,2.96788241150465));
#5964=CARTESIAN_POINT('Ctrl Pts',(19.5875000013333,23.8460235074033,3.06375956584287));
#5965=CARTESIAN_POINT('Ctrl Pts',(19.5875000013333,23.8524390584058,3.17458253666183));
#5966=CARTESIAN_POINT('Ctrl Pts',(19.5875000013333,23.8557572592848,3.23190152283177));
#5967=CARTESIAN_POINT('Ctrl Pts',(19.1875000013333,23.4802495180713,2.72225891434048));
#5968=CARTESIAN_POINT('Ctrl Pts',(19.5875000013333,23.4802495180713,2.72225891434048));
#5969=CARTESIAN_POINT('Ctrl Pts',(19.1875000013333,23.5386248038128,2.74642181759271));
#5970=CARTESIAN_POINT('Ctrl Pts',(19.5875000013333,23.5386248038128,2.74642181759271));
#5971=CARTESIAN_POINT('Ctrl Pts',(19.1875000013333,23.64819414447,2.79177514381761));
#5972=CARTESIAN_POINT('Ctrl Pts',(19.5875000013333,23.64819414447,2.79177514381761));
#5973=CARTESIAN_POINT('Ctrl Pts',(19.1875000013333,23.7267575368874,2.88025409017445));
#5974=CARTESIAN_POINT('Ctrl Pts',(19.5875000013333,23.7267575368874,2.88025409017445));
#5975=CARTESIAN_POINT('Ctrl Pts',(19.1875000013333,23.7634646905642,2.92159408557372));
#5976=CARTESIAN_POINT('Ctrl Pts',(19.5875000013333,23.7634646905642,2.92159408557372));
#5977=CARTESIAN_POINT('',(19.1875000013333,23.4802495180713,2.72225891434048));
#5978=CARTESIAN_POINT('Ctrl Pts',(19.1875000013333,23.4802495180713,2.72225891434048));
#5979=CARTESIAN_POINT('Ctrl Pts',(19.1875000013333,23.5386248038128,2.74642181759271));
#5980=CARTESIAN_POINT('Ctrl Pts',(19.1875000013333,23.64819414447,2.79177514381761));
#5981=CARTESIAN_POINT('Ctrl Pts',(19.1875000013333,23.7267575368874,2.88025409017445));
#5982=CARTESIAN_POINT('Ctrl Pts',(19.1875000013333,23.7634646905642,2.92159408557372));
#5983=CARTESIAN_POINT('',(19.5875000013333,23.4802495180713,2.72225891434048));
#5984=CARTESIAN_POINT('',(19.1875000013333,23.4802495180713,2.72225891434048));
#5985=CARTESIAN_POINT('Ctrl Pts',(19.5875000013333,23.4802495180713,2.72225891434048));
#5986=CARTESIAN_POINT('Ctrl Pts',(19.5875000013333,23.5386248038128,2.74642181759271));
#5987=CARTESIAN_POINT('Ctrl Pts',(19.5875000013333,23.64819414447,2.79177514381761));
#5988=CARTESIAN_POINT('Ctrl Pts',(19.5875000013333,23.7267575368874,2.88025409017445));
#5989=CARTESIAN_POINT('Ctrl Pts',(19.5875000013333,23.7634646905642,2.92159408557372));
#5990=CARTESIAN_POINT('Ctrl Pts',(19.1875000013333,23.8322501875071,2.49777632920552));
#5991=CARTESIAN_POINT('Ctrl Pts',(19.5875000013333,23.8322501875071,2.49777632920552));
#5992=CARTESIAN_POINT('Ctrl Pts',(19.1875000013333,23.7853698311016,2.54862499875499));
#5993=CARTESIAN_POINT('Ctrl Pts',(19.5875000013333,23.7853698311016,2.54862499875499));
#5994=CARTESIAN_POINT('Ctrl Pts',(19.1875000013333,23.6879709762131,2.65426844019732));
#5995=CARTESIAN_POINT('Ctrl Pts',(19.5875000013333,23.6879709762131,2.65426844019732));
#5996=CARTESIAN_POINT('Ctrl Pts',(19.1875000013333,23.5511930275976,2.69903799680397));
#5997=CARTESIAN_POINT('Ctrl Pts',(19.5875000013333,23.5511930275976,2.69903799680397));
#5998=CARTESIAN_POINT('Ctrl Pts',(19.1875000013333,23.4802495180713,2.72225891434048));
#5999=CARTESIAN_POINT('Ctrl Pts',(19.5875000013333,23.4802495180713,2.72225891434048));
#6000=CARTESIAN_POINT('Ctrl Pts',(19.1875000013333,23.8322501875071,2.49777632920552));
#6001=CARTESIAN_POINT('Ctrl Pts',(19.1875000013333,23.7853698311016,2.54862499875499));
#6002=CARTESIAN_POINT('Ctrl Pts',(19.1875000013333,23.6879709762131,2.65426844019732));
#6003=CARTESIAN_POINT('Ctrl Pts',(19.1875000013333,23.5511930275976,2.69903799680397));
#6004=CARTESIAN_POINT('Ctrl Pts',(19.1875000013333,23.4802495180713,2.72225891434048));
#6005=CARTESIAN_POINT('Ctrl Pts',(19.5875000013333,23.8322501875071,2.49777632920552));
#6006=CARTESIAN_POINT('Ctrl Pts',(19.5875000013333,23.7853698311016,2.54862499875499));
#6007=CARTESIAN_POINT('Ctrl Pts',(19.5875000013333,23.6879709762131,2.65426844019732));
#6008=CARTESIAN_POINT('Ctrl Pts',(19.5875000013333,23.5511930275976,2.69903799680397));
#6009=CARTESIAN_POINT('Ctrl Pts',(19.5875000013333,23.4802495180713,2.72225891434048));
#6010=CARTESIAN_POINT('Origin',(19.5875000013333,26.2686145467597,2.59959200990118));
#6011=CARTESIAN_POINT('Origin',(19.1875000013333,29.1066748185938,3.58654731533544));
#6012=CARTESIAN_POINT('',(19.1875000013333,29.1066748185938,3.58654731533544));
#6013=CARTESIAN_POINT('',(19.1875000013333,29.8979432923702,3.5860241661617));
#6014=CARTESIAN_POINT('',(19.1875000013333,31.4581674250596,3.58499261998879));
#6015=CARTESIAN_POINT('',(19.5875000013333,29.1066748185938,3.58654731533544));
#6016=CARTESIAN_POINT('',(19.1875000013333,29.1066748185938,3.58654731533544));
#6017=CARTESIAN_POINT('',(19.5875000013333,29.8979432923702,3.5860241661617));
#6018=CARTESIAN_POINT('',(19.5875000013333,29.1066748185938,3.58654731533544));
#6019=CARTESIAN_POINT('',(19.1875000013333,29.8979432923702,3.5860241661617));
#6020=CARTESIAN_POINT('Ctrl Pts',(19.1875000013333,28.6998802183075,3.47255965304824));
#6021=CARTESIAN_POINT('Ctrl Pts',(19.5875000013333,28.6998802183075,3.47255965304824));
#6022=CARTESIAN_POINT('Ctrl Pts',(19.1875000013333,28.7538388487891,3.50570788777859));
#6023=CARTESIAN_POINT('Ctrl Pts',(19.5875000013333,28.7538388487891,3.50570788777859));
#6024=CARTESIAN_POINT('Ctrl Pts',(19.1875000013333,28.8777793217352,3.5818478463567));
#6025=CARTESIAN_POINT('Ctrl Pts',(19.5875000013333,28.8777793217352,3.5818478463567));
#6026=CARTESIAN_POINT('Ctrl Pts',(19.1875000013333,29.0240720063901,3.5848513913927));
#6027=CARTESIAN_POINT('Ctrl Pts',(19.5875000013333,29.0240720063901,3.5848513913927));
#6028=CARTESIAN_POINT('Ctrl Pts',(19.1875000013333,29.1066748185938,3.58654731533544));
#6029=CARTESIAN_POINT('Ctrl Pts',(19.5875000013333,29.1066748185938,3.58654731533544));
#6030=CARTESIAN_POINT('',(19.1875000013333,28.6998802183075,3.47255965304824));
#6031=CARTESIAN_POINT('Ctrl Pts',(19.1875000013333,28.6998802183075,3.47255965304824));
#6032=CARTESIAN_POINT('Ctrl Pts',(19.1875000013333,28.7538388487891,3.50570788777859));
#6033=CARTESIAN_POINT('Ctrl Pts',(19.1875000013333,28.8777793217352,3.5818478463567));
#6034=CARTESIAN_POINT('Ctrl Pts',(19.1875000013333,29.0240720063901,3.5848513913927));
#6035=CARTESIAN_POINT('Ctrl Pts',(19.1875000013333,29.1066748185938,3.58654731533544));
#6036=CARTESIAN_POINT('',(19.5875000013333,28.6998802183075,3.47255965304824));
#6037=CARTESIAN_POINT('',(19.1875000013333,28.6998802183075,3.47255965304824));
#6038=CARTESIAN_POINT('Ctrl Pts',(19.5875000013333,28.6998802183075,3.47255965304824));
#6039=CARTESIAN_POINT('Ctrl Pts',(19.5875000013333,28.7538388487891,3.50570788777859));
#6040=CARTESIAN_POINT('Ctrl Pts',(19.5875000013333,28.8777793217352,3.5818478463567));
#6041=CARTESIAN_POINT('Ctrl Pts',(19.5875000013333,29.0240720063901,3.5848513913927));
#6042=CARTESIAN_POINT('Ctrl Pts',(19.5875000013333,29.1066748185938,3.58654731533544));
#6043=CARTESIAN_POINT('Ctrl Pts',(19.1875000013333,28.570936050816,3.18103507698039));
#6044=CARTESIAN_POINT('Ctrl Pts',(19.5875000013333,28.570936050816,3.18103507698039));
#6045=CARTESIAN_POINT('Ctrl Pts',(19.1875000013333,28.5761522858077,3.23735461442295));
#6046=CARTESIAN_POINT('Ctrl Pts',(19.5875000013333,28.5761522858077,3.23735461442295));
#6047=CARTESIAN_POINT('Ctrl Pts',(19.1875000013333,28.5864964426873,3.34904017529594));
#6048=CARTESIAN_POINT('Ctrl Pts',(19.5875000013333,28.5864964426873,3.34904017529594));
#6049=CARTESIAN_POINT('Ctrl Pts',(19.1875000013333,28.662301354247,3.43162150614071));
#6050=CARTESIAN_POINT('Ctrl Pts',(19.5875000013333,28.662301354247,3.43162150614071));
#6051=CARTESIAN_POINT('Ctrl Pts',(19.1875000013333,28.6998802183075,3.47255965304824));
#6052=CARTESIAN_POINT('Ctrl Pts',(19.5875000013333,28.6998802183075,3.47255965304824));
#6053=CARTESIAN_POINT('',(19.1875000013333,28.570936050816,3.18103507698039));
#6054=CARTESIAN_POINT('Ctrl Pts',(19.1875000013333,28.570936050816,3.18103507698039));
#6055=CARTESIAN_POINT('Ctrl Pts',(19.1875000013333,28.5761522858077,3.23735461442295));
#6056=CARTESIAN_POINT('Ctrl Pts',(19.1875000013333,28.5864964426873,3.34904017529594));
#6057=CARTESIAN_POINT('Ctrl Pts',(19.1875000013333,28.662301354247,3.43162150614071));
#6058=CARTESIAN_POINT('Ctrl Pts',(19.1875000013333,28.6998802183075,3.47255965304824));
#6059=CARTESIAN_POINT('',(19.5875000013333,28.570936050816,3.18103507698039));
#6060=CARTESIAN_POINT('',(19.1875000013333,28.570936050816,3.18103507698039));
#6061=CARTESIAN_POINT('Ctrl Pts',(19.5875000013333,28.570936050816,3.18103507698039));
#6062=CARTESIAN_POINT('Ctrl Pts',(19.5875000013333,28.5761522858077,3.23735461442295));
#6063=CARTESIAN_POINT('Ctrl Pts',(19.5875000013333,28.5864964426873,3.34904017529594));
#6064=CARTESIAN_POINT('Ctrl Pts',(19.5875000013333,28.662301354247,3.43162150614071));
#6065=CARTESIAN_POINT('Ctrl Pts',(19.5875000013333,28.6998802183075,3.47255965304824));
#6066=CARTESIAN_POINT('Ctrl Pts',(19.1875000013333,28.6372952317628,2.95674149345723));
#6067=CARTESIAN_POINT('Ctrl Pts',(19.5875000013333,28.6372952317628,2.95674149345723));
#6068=CARTESIAN_POINT('Ctrl Pts',(19.1875000013333,28.6179204082874,2.99181687544734));
#6069=CARTESIAN_POINT('Ctrl Pts',(19.5875000013333,28.6179204082874,2.99181687544734));
#6070=CARTESIAN_POINT('Ctrl Pts',(19.1875000013333,28.5793116354988,3.0617126066498));
#6071=CARTESIAN_POINT('Ctrl Pts',(19.5875000013333,28.5793116354988,3.0617126066498));
#6072=CARTESIAN_POINT('Ctrl Pts',(19.1875000013333,28.5737211128844,3.1413577889332));
#6073=CARTESIAN_POINT('Ctrl Pts',(19.5875000013333,28.5737211128844,3.1413577889332));
#6074=CARTESIAN_POINT('Ctrl Pts',(19.1875000013333,28.570936050816,3.18103507698039));
#6075=CARTESIAN_POINT('Ctrl Pts',(19.5875000013333,28.570936050816,3.18103507698039));
#6076=CARTESIAN_POINT('',(19.1875000013333,28.6372952317628,2.95674149345723));
#6077=CARTESIAN_POINT('Ctrl Pts',(19.1875000013333,28.6372952317628,2.95674149345723));
#6078=CARTESIAN_POINT('Ctrl Pts',(19.1875000013333,28.6179204082874,2.99181687544734));
#6079=CARTESIAN_POINT('Ctrl Pts',(19.1875000013333,28.5793116354988,3.0617126066498));
#6080=CARTESIAN_POINT('Ctrl Pts',(19.1875000013333,28.5737211128844,3.1413577889332));
#6081=CARTESIAN_POINT('Ctrl Pts',(19.1875000013333,28.570936050816,3.18103507698039));
#6082=CARTESIAN_POINT('',(19.5875000013333,28.6372952317628,2.95674149345723));
#6083=CARTESIAN_POINT('',(19.1875000013333,28.6372952317628,2.95674149345723));
#6084=CARTESIAN_POINT('Ctrl Pts',(19.5875000013333,28.6372952317628,2.95674149345723));
#6085=CARTESIAN_POINT('Ctrl Pts',(19.5875000013333,28.6179204082874,2.99181687544734));
#6086=CARTESIAN_POINT('Ctrl Pts',(19.5875000013333,28.5793116354988,3.0617126066498));
#6087=CARTESIAN_POINT('Ctrl Pts',(19.5875000013333,28.5737211128844,3.1413577889332));
#6088=CARTESIAN_POINT('Ctrl Pts',(19.5875000013333,28.570936050816,3.18103507698039));
#6089=CARTESIAN_POINT('Ctrl Pts',(19.1875000013333,28.831602480685,2.80654474064515));
#6090=CARTESIAN_POINT('Ctrl Pts',(19.5875000013333,28.831602480685,2.80654474064515));
#6091=CARTESIAN_POINT('Ctrl Pts',(19.1875000013333,28.7918732029758,2.8240398134924));
#6092=CARTESIAN_POINT('Ctrl Pts',(19.5875000013333,28.7918732029758,2.8240398134924));
#6093=CARTESIAN_POINT('Ctrl Pts',(19.1875000013333,28.7145896883322,2.85807216435661));
#6094=CARTESIAN_POINT('Ctrl Pts',(19.5875000013333,28.7145896883322,2.85807216435661));
#6095=CARTESIAN_POINT('Ctrl Pts',(19.1875000013333,28.662572061863,2.92447465339563));
#6096=CARTESIAN_POINT('Ctrl Pts',(19.5875000013333,28.662572061863,2.92447465339563));
#6097=CARTESIAN_POINT('Ctrl Pts',(19.1875000013333,28.6372952317628,2.95674149345723));
#6098=CARTESIAN_POINT('Ctrl Pts',(19.5875000013333,28.6372952317628,2.95674149345723));
#6099=CARTESIAN_POINT('',(19.1875000013333,28.831602480685,2.80654474064515));
#6100=CARTESIAN_POINT('Ctrl Pts',(19.1875000013333,28.831602480685,2.80654474064515));
#6101=CARTESIAN_POINT('Ctrl Pts',(19.1875000013333,28.7918732029758,2.8240398134924));
#6102=CARTESIAN_POINT('Ctrl Pts',(19.1875000013333,28.7145896883322,2.85807216435661));
#6103=CARTESIAN_POINT('Ctrl Pts',(19.1875000013333,28.662572061863,2.92447465339563));
#6104=CARTESIAN_POINT('Ctrl Pts',(19.1875000013333,28.6372952317628,2.95674149345723));
#6105=CARTESIAN_POINT('',(19.5875000013333,28.831602480685,2.80654474064515));
#6106=CARTESIAN_POINT('',(19.1875000013333,28.831602480685,2.80654474064515));
#6107=CARTESIAN_POINT('Ctrl Pts',(19.5875000013333,28.831602480685,2.80654474064515));
#6108=CARTESIAN_POINT('Ctrl Pts',(19.5875000013333,28.7918732029758,2.8240398134924));
#6109=CARTESIAN_POINT('Ctrl Pts',(19.5875000013333,28.7145896883322,2.85807216435661));
#6110=CARTESIAN_POINT('Ctrl Pts',(19.5875000013333,28.662572061863,2.92447465339563));
#6111=CARTESIAN_POINT('Ctrl Pts',(19.5875000013333,28.6372952317628,2.95674149345723));
#6112=CARTESIAN_POINT('Ctrl Pts',(19.1875000013333,29.1862780425445,2.7594138972784));
#6113=CARTESIAN_POINT('Ctrl Pts',(19.5875000013333,29.1862780425445,2.7594138972784));
#6114=CARTESIAN_POINT('Ctrl Pts',(19.1875000013333,29.1184645042142,2.76019725685152));
#6115=CARTESIAN_POINT('Ctrl Pts',(19.5875000013333,29.1184645042142,2.76019725685152));
#6116=CARTESIAN_POINT('Ctrl Pts',(19.1875000013333,28.9981790710732,2.76158675440433));
#6117=CARTESIAN_POINT('Ctrl Pts',(19.5875000013333,28.9981790710732,2.76158675440433));
#6118=CARTESIAN_POINT('Ctrl Pts',(19.1875000013333,28.8821970889277,2.79288957039623));
#6119=CARTESIAN_POINT('Ctrl Pts',(19.5875000013333,28.8821970889277,2.79288957039623));
#6120=CARTESIAN_POINT('Ctrl Pts',(19.1875000013333,28.831602480685,2.80654474064515));
#6121=CARTESIAN_POINT('Ctrl Pts',(19.5875000013333,28.831602480685,2.80654474064515));
#6122=CARTESIAN_POINT('',(19.1875000013333,29.1862780425445,2.7594138972784));
#6123=CARTESIAN_POINT('Ctrl Pts',(19.1875000013333,29.1862780425445,2.7594138972784));
#6124=CARTESIAN_POINT('Ctrl Pts',(19.1875000013333,29.1184645042142,2.76019725685152));
#6125=CARTESIAN_POINT('Ctrl Pts',(19.1875000013333,28.9981790710732,2.76158675440433));
#6126=CARTESIAN_POINT('Ctrl Pts',(19.1875000013333,28.8821970889277,2.79288957039623));
#6127=CARTESIAN_POINT('Ctrl Pts',(19.1875000013333,28.831602480685,2.80654474064515));
#6128=CARTESIAN_POINT('',(19.5875000013333,29.1862780425445,2.7594138972784));
#6129=CARTESIAN_POINT('',(19.1875000013333,29.1862780425445,2.7594138972784));
#6130=CARTESIAN_POINT('Ctrl Pts',(19.5875000013333,29.1862780425445,2.7594138972784));
#6131=CARTESIAN_POINT('Ctrl Pts',(19.5875000013333,29.1184645042142,2.76019725685152));
#6132=CARTESIAN_POINT('Ctrl Pts',(19.5875000013333,28.9981790710732,2.76158675440433));
#6133=CARTESIAN_POINT('Ctrl Pts',(19.5875000013333,28.8821970889277,2.79288957039623));
#6134=CARTESIAN_POINT('Ctrl Pts',(19.5875000013333,28.831602480685,2.80654474064515));
#6135=CARTESIAN_POINT('Origin',(19.1875000013333,29.8973964660323,2.75894373951525));
#6136=CARTESIAN_POINT('',(19.1875000013333,29.8973964660323,2.75894373951525));
#6137=CARTESIAN_POINT('',(19.1875000013333,31.8532548356099,2.75765061875547));
#6138=CARTESIAN_POINT('',(19.5875000013333,29.8973964660323,2.75894373951525));
#6139=CARTESIAN_POINT('',(19.1875000013333,29.8973964660323,2.75894373951525));
#6140=CARTESIAN_POINT('',(19.5875000013333,29.8973964660323,2.75894373951525));
#6141=CARTESIAN_POINT('Origin',(19.1875000013333,29.8979432923702,3.5860241661617));
#6142=CARTESIAN_POINT('',(19.1875000013333,29.9003047458338,7.15774667240024));
#6143=CARTESIAN_POINT('',(19.5875000013333,29.8979432923702,3.5860241661617));
#6144=CARTESIAN_POINT('Origin',(19.1875000013333,29.8972070499012,2.47244990469367));
#6145=CARTESIAN_POINT('',(19.1875000013333,29.8972070499012,2.47244990469367));
#6146=CARTESIAN_POINT('',(19.1875000013333,29.8964730625409,1.36228651827743));
#6147=CARTESIAN_POINT('',(19.1875000013333,29.8999366245992,6.60095954166622));
#6148=CARTESIAN_POINT('',(19.5875000013333,29.8972070499012,2.47244990469367));
#6149=CARTESIAN_POINT('',(19.1875000013333,29.8972070499012,2.47244990469367));
#6150=CARTESIAN_POINT('',(19.5875000013333,29.8964730625409,1.36228651827743));
#6151=CARTESIAN_POINT('',(19.5875000013333,29.8972070499012,2.47244990469367));
#6152=CARTESIAN_POINT('',(19.1875000013333,29.8964730625409,1.36228651827743));
#6153=CARTESIAN_POINT('Origin',(19.1875000013333,29.5135101306364,2.47270358689249));
#6154=CARTESIAN_POINT('',(19.1875000013333,29.5135101306364,2.47270358689249));
#6155=CARTESIAN_POINT('',(19.1875000013333,31.6612169598464,2.4712836250333));
#6156=CARTESIAN_POINT('',(19.5875000013333,29.5135101306364,2.47270358689249));
#6157=CARTESIAN_POINT('',(19.1875000013333,29.5135101306364,2.47270358689249));
#6158=CARTESIAN_POINT('',(19.5875000013333,29.5135101306364,2.47270358689249));
#6159=CARTESIAN_POINT('Ctrl Pts',(19.1875000013333,29.3293276515346,2.46088818577949));
#6160=CARTESIAN_POINT('Ctrl Pts',(19.5875000013333,29.3293276515346,2.46088818577949));
#6161=CARTESIAN_POINT('Ctrl Pts',(19.1875000013333,29.3540226318427,2.46432303933286));
#6162=CARTESIAN_POINT('Ctrl Pts',(19.5875000013333,29.3540226318427,2.46432303933286));
#6163=CARTESIAN_POINT('Ctrl Pts',(19.1875000013333,29.4150839166023,2.47281612449891));
#6164=CARTESIAN_POINT('Ctrl Pts',(19.5875000013333,29.4150839166023,2.47281612449891));
#6165=CARTESIAN_POINT('Ctrl Pts',(19.1875000013333,29.4767710745378,2.47274559323679));
#6166=CARTESIAN_POINT('Ctrl Pts',(19.5875000013333,29.4767710745378,2.47274559323679));
#6167=CARTESIAN_POINT('Ctrl Pts',(19.1875000013333,29.5135101306364,2.47270358689249));
#6168=CARTESIAN_POINT('Ctrl Pts',(19.5875000013333,29.5135101306364,2.47270358689249));
#6169=CARTESIAN_POINT('',(19.1875000013333,29.3293276515346,2.46088818577949));
#6170=CARTESIAN_POINT('Ctrl Pts',(19.1875000013333,29.3293276515346,2.46088818577949));
#6171=CARTESIAN_POINT('Ctrl Pts',(19.1875000013333,29.3540226318427,2.46432303933286));
#6172=CARTESIAN_POINT('Ctrl Pts',(19.1875000013333,29.4150839166023,2.47281612449891));
#6173=CARTESIAN_POINT('Ctrl Pts',(19.1875000013333,29.4767710745378,2.47274559323679));
#6174=CARTESIAN_POINT('Ctrl Pts',(19.1875000013333,29.5135101306364,2.47270358689249));
#6175=CARTESIAN_POINT('',(19.5875000013333,29.3293276515346,2.46088818577949));
#6176=CARTESIAN_POINT('',(19.1875000013333,29.3293276515346,2.46088818577949));
#6177=CARTESIAN_POINT('Ctrl Pts',(19.5875000013333,29.3293276515346,2.46088818577949));
#6178=CARTESIAN_POINT('Ctrl Pts',(19.5875000013333,29.3540226318427,2.46432303933286));
#6179=CARTESIAN_POINT('Ctrl Pts',(19.5875000013333,29.4150839166023,2.47281612449891));
#6180=CARTESIAN_POINT('Ctrl Pts',(19.5875000013333,29.4767710745378,2.47274559323679));
#6181=CARTESIAN_POINT('Ctrl Pts',(19.5875000013333,29.5135101306364,2.47270358689249));
#6182=CARTESIAN_POINT('Ctrl Pts',(19.1875000013333,29.1783626662196,2.39448052344258));
#6183=CARTESIAN_POINT('Ctrl Pts',(19.5875000013333,29.1783626662196,2.39448052344258));
#6184=CARTESIAN_POINT('Ctrl Pts',(19.1875000013333,29.2028254066716,2.40907766599367));
#6185=CARTESIAN_POINT('Ctrl Pts',(19.5875000013333,29.2028254066716,2.40907766599367));
#6186=CARTESIAN_POINT('Ctrl Pts',(19.1875000013333,29.2504113419561,2.43747263188637));
#6187=CARTESIAN_POINT('Ctrl Pts',(19.5875000013333,29.2504113419561,2.43747263188637));
#6188=CARTESIAN_POINT('Ctrl Pts',(19.1875000013333,29.3035205570501,2.45323086608278));
#6189=CARTESIAN_POINT('Ctrl Pts',(19.5875000013333,29.3035205570501,2.45323086608278));
#6190=CARTESIAN_POINT('Ctrl Pts',(19.1875000013333,29.3293276515346,2.46088818577949));
#6191=CARTESIAN_POINT('Ctrl Pts',(19.5875000013333,29.3293276515346,2.46088818577949));
#6192=CARTESIAN_POINT('',(19.1875000013333,29.1783626662196,2.39448052344258));
#6193=CARTESIAN_POINT('Ctrl Pts',(19.1875000013333,29.1783626662196,2.39448052344258));
#6194=CARTESIAN_POINT('Ctrl Pts',(19.1875000013333,29.2028254066716,2.40907766599367));
#6195=CARTESIAN_POINT('Ctrl Pts',(19.1875000013333,29.2504113419561,2.43747263188637));
#6196=CARTESIAN_POINT('Ctrl Pts',(19.1875000013333,29.3035205570501,2.45323086608278));
#6197=CARTESIAN_POINT('Ctrl Pts',(19.1875000013333,29.3293276515346,2.46088818577949));
#6198=CARTESIAN_POINT('',(19.5875000013333,29.1783626662196,2.39448052344258));
#6199=CARTESIAN_POINT('',(19.1875000013333,29.1783626662196,2.39448052344258));
#6200=CARTESIAN_POINT('Ctrl Pts',(19.5875000013333,29.1783626662196,2.39448052344258));
#6201=CARTESIAN_POINT('Ctrl Pts',(19.5875000013333,29.2028254066716,2.40907766599367));
#6202=CARTESIAN_POINT('Ctrl Pts',(19.5875000013333,29.2504113419561,2.43747263188637));
#6203=CARTESIAN_POINT('Ctrl Pts',(19.5875000013333,29.3035205570501,2.45323086608278));
#6204=CARTESIAN_POINT('Ctrl Pts',(19.5875000013333,29.3293276515346,2.46088818577949));
#6205=CARTESIAN_POINT('Ctrl Pts',(19.1875000013333,29.0102782745849,2.22747017616921));
#6206=CARTESIAN_POINT('Ctrl Pts',(19.5875000013333,29.0102782745849,2.22747017616921));
#6207=CARTESIAN_POINT('Ctrl Pts',(19.1875000013333,29.0385221182866,2.26272107099977));
#6208=CARTESIAN_POINT('Ctrl Pts',(19.5875000013333,29.0385221182866,2.26272107099977));
#6209=CARTESIAN_POINT('Ctrl Pts',(19.1875000013333,29.0882866758716,2.32483178100957));
#6210=CARTESIAN_POINT('Ctrl Pts',(19.5875000013333,29.0882866758716,2.32483178100957));
#6211=CARTESIAN_POINT('Ctrl Pts',(19.1875000013333,29.1511691159096,2.37345387056802));
#6212=CARTESIAN_POINT('Ctrl Pts',(19.5875000013333,29.1511691159096,2.37345387056802));
#6213=CARTESIAN_POINT('Ctrl Pts',(19.1875000013333,29.1783626662196,2.39448052344258));
#6214=CARTESIAN_POINT('Ctrl Pts',(19.5875000013333,29.1783626662196,2.39448052344258));
#6215=CARTESIAN_POINT('',(19.1875000013333,29.0102782745849,2.22747017616921));
#6216=CARTESIAN_POINT('Ctrl Pts',(19.1875000013333,29.0102782745849,2.22747017616921));
#6217=CARTESIAN_POINT('Ctrl Pts',(19.1875000013333,29.0385221182866,2.26272107099977));
#6218=CARTESIAN_POINT('Ctrl Pts',(19.1875000013333,29.0882866758716,2.32483178100957));
#6219=CARTESIAN_POINT('Ctrl Pts',(19.1875000013333,29.1511691159096,2.37345387056802));
#6220=CARTESIAN_POINT('Ctrl Pts',(19.1875000013333,29.1783626662196,2.39448052344258));
#6221=CARTESIAN_POINT('',(19.5875000013333,29.0102782745849,2.22747017616921));
#6222=CARTESIAN_POINT('',(19.1875000013333,29.0102782745849,2.22747017616921));
#6223=CARTESIAN_POINT('Ctrl Pts',(19.5875000013333,29.0102782745849,2.22747017616921));
#6224=CARTESIAN_POINT('Ctrl Pts',(19.5875000013333,29.0385221182866,2.26272107099977));
#6225=CARTESIAN_POINT('Ctrl Pts',(19.5875000013333,29.0882866758716,2.32483178100957));
#6226=CARTESIAN_POINT('Ctrl Pts',(19.5875000013333,29.1511691159096,2.37345387056802));
#6227=CARTESIAN_POINT('Ctrl Pts',(19.5875000013333,29.1783626662196,2.39448052344258));
#6228=CARTESIAN_POINT('Ctrl Pts',(19.1875000013333,28.7713056620122,1.88315348456741));
#6229=CARTESIAN_POINT('Ctrl Pts',(19.5875000013333,28.7713056620122,1.88315348456741));
#6230=CARTESIAN_POINT('Ctrl Pts',(19.1875000013333,28.8145831276361,1.94992071173187));
#6231=CARTESIAN_POINT('Ctrl Pts',(19.5875000013333,28.8145831276361,1.94992071173187));
#6232=CARTESIAN_POINT('Ctrl Pts',(19.1875000013333,28.8906173682168,2.06722414759499));
#6233=CARTESIAN_POINT('Ctrl Pts',(19.5875000013333,28.8906173682168,2.06722414759499));
#6234=CARTESIAN_POINT('Ctrl Pts',(19.1875000013333,28.9742485954643,2.17922039129686));
#6235=CARTESIAN_POINT('Ctrl Pts',(19.5875000013333,28.9742485954643,2.17922039129686));
#6236=CARTESIAN_POINT('Ctrl Pts',(19.1875000013333,29.0102782745849,2.22747017616921));
#6237=CARTESIAN_POINT('Ctrl Pts',(19.5875000013333,29.0102782745849,2.22747017616921));
#6238=CARTESIAN_POINT('',(19.1875000013333,28.7713056620122,1.88315348456741));
#6239=CARTESIAN_POINT('Ctrl Pts',(19.1875000013333,28.7713056620122,1.88315348456741));
#6240=CARTESIAN_POINT('Ctrl Pts',(19.1875000013333,28.8145831276361,1.94992071173187));
#6241=CARTESIAN_POINT('Ctrl Pts',(19.1875000013333,28.8906173682168,2.06722414759499));
#6242=CARTESIAN_POINT('Ctrl Pts',(19.1875000013333,28.9742485954643,2.17922039129686));
#6243=CARTESIAN_POINT('Ctrl Pts',(19.1875000013333,29.0102782745849,2.22747017616921));
#6244=CARTESIAN_POINT('',(19.5875000013333,28.7713056620122,1.88315348456741));
#6245=CARTESIAN_POINT('',(19.1875000013333,28.7713056620122,1.88315348456741));
#6246=CARTESIAN_POINT('Ctrl Pts',(19.5875000013333,28.7713056620122,1.88315348456741));
#6247=CARTESIAN_POINT('Ctrl Pts',(19.5875000013333,28.8145831276361,1.94992071173187));
#6248=CARTESIAN_POINT('Ctrl Pts',(19.5875000013333,28.8906173682168,2.06722414759499));
#6249=CARTESIAN_POINT('Ctrl Pts',(19.5875000013333,28.9742485954643,2.17922039129686));
#6250=CARTESIAN_POINT('Ctrl Pts',(19.5875000013333,29.0102782745849,2.22747017616921));
#6251=CARTESIAN_POINT('Origin',(19.1875000013333,28.4401298492327,1.363249383315));
#6252=CARTESIAN_POINT('',(19.1875000013333,28.4401298492327,1.363249383315));
#6253=CARTESIAN_POINT('',(19.1875000013333,31.3372229130018,5.91131873935324));
#6254=CARTESIAN_POINT('',(19.5875000013333,28.4401298492327,1.363249383315));
#6255=CARTESIAN_POINT('',(19.1875000013333,28.4401298492327,1.363249383315));
#6256=CARTESIAN_POINT('',(19.5875000013333,28.4401298492327,1.363249383315));
#6257=CARTESIAN_POINT('Origin',(19.1875000013333,28.024031703138,1.36352448766774));
#6258=CARTESIAN_POINT('',(19.1875000013333,28.024031703138,1.36352448766774));
#6259=CARTESIAN_POINT('',(19.1875000013333,30.9161107524171,1.3616123822128));
#6260=CARTESIAN_POINT('',(19.5875000013333,28.024031703138,1.36352448766774));
#6261=CARTESIAN_POINT('',(19.1875000013333,28.024031703138,1.36352448766774));
#6262=CARTESIAN_POINT('',(19.5875000013333,28.024031703138,1.36352448766774));
#6263=CARTESIAN_POINT('Origin',(19.1875000013333,28.4593378861522,2.043659764496));
#6264=CARTESIAN_POINT('',(19.1875000013333,28.4593378861522,2.043659764496));
#6265=CARTESIAN_POINT('',(19.1875000013333,31.2086760991466,6.33930724104037));
#6266=CARTESIAN_POINT('',(19.5875000013333,28.4593378861522,2.043659764496));
#6267=CARTESIAN_POINT('',(19.1875000013333,28.4593378861522,2.043659764496));
#6268=CARTESIAN_POINT('',(19.5875000013333,28.4593378861522,2.043659764496));
#6269=CARTESIAN_POINT('Ctrl Pts',(19.1875000013333,28.7341145593055,2.37601561032185));
#6270=CARTESIAN_POINT('Ctrl Pts',(19.5875000013333,28.7341145593055,2.37601561032185));
#6271=CARTESIAN_POINT('Ctrl Pts',(19.1875000013333,28.6854663833473,2.32747771376584));
#6272=CARTESIAN_POINT('Ctrl Pts',(19.5875000013333,28.6854663833473,2.32747771376584));
#6273=CARTESIAN_POINT('Ctrl Pts',(19.1875000013333,28.5832702722211,2.22551326859247));
#6274=CARTESIAN_POINT('Ctrl Pts',(19.5875000013333,28.5832702722211,2.22551326859247));
#6275=CARTESIAN_POINT('Ctrl Pts',(19.1875000013333,28.5019483327943,2.10618465632423));
#6276=CARTESIAN_POINT('Ctrl Pts',(19.5875000013333,28.5019483327943,2.10618465632423));
#6277=CARTESIAN_POINT('Ctrl Pts',(19.1875000013333,28.4593378861522,2.043659764496));
#6278=CARTESIAN_POINT('Ctrl Pts',(19.5875000013333,28.4593378861522,2.043659764496));
#6279=CARTESIAN_POINT('',(19.1875000013333,28.7341145593055,2.37601561032185));
#6280=CARTESIAN_POINT('Ctrl Pts',(19.1875000013333,28.7341145593055,2.37601561032185));
#6281=CARTESIAN_POINT('Ctrl Pts',(19.1875000013333,28.6854663833473,2.32747771376584));
#6282=CARTESIAN_POINT('Ctrl Pts',(19.1875000013333,28.5832702722211,2.22551326859247));
#6283=CARTESIAN_POINT('Ctrl Pts',(19.1875000013333,28.5019483327943,2.10618465632423));
#6284=CARTESIAN_POINT('Ctrl Pts',(19.1875000013333,28.4593378861522,2.043659764496));
#6285=CARTESIAN_POINT('',(19.5875000013333,28.7341145593055,2.37601561032185));
#6286=CARTESIAN_POINT('',(19.1875000013333,28.7341145593055,2.37601561032185));
#6287=CARTESIAN_POINT('Ctrl Pts',(19.5875000013333,28.7341145593055,2.37601561032185));
#6288=CARTESIAN_POINT('Ctrl Pts',(19.5875000013333,28.6854663833473,2.32747771376584));
#6289=CARTESIAN_POINT('Ctrl Pts',(19.5875000013333,28.5832702722211,2.22551326859247));
#6290=CARTESIAN_POINT('Ctrl Pts',(19.5875000013333,28.5019483327943,2.10618465632423));
#6291=CARTESIAN_POINT('Ctrl Pts',(19.5875000013333,28.4593378861522,2.043659764496));
#6292=CARTESIAN_POINT('Ctrl Pts',(19.1875000013333,28.9337191976122,2.500372141352));
#6293=CARTESIAN_POINT('Ctrl Pts',(19.5875000013333,28.9337191976122,2.500372141352));
#6294=CARTESIAN_POINT('Ctrl Pts',(19.1875000013333,28.894295019791,2.48092462984667));
#6295=CARTESIAN_POINT('Ctrl Pts',(19.5875000013333,28.894295019791,2.48092462984667));
#6296=CARTESIAN_POINT('Ctrl Pts',(19.1875000013333,28.8235912168816,2.44604722474795));
#6297=CARTESIAN_POINT('Ctrl Pts',(19.5875000013333,28.8235912168816,2.44604722474795));
#6298=CARTESIAN_POINT('Ctrl Pts',(19.1875000013333,28.7615581975327,2.39749520447342));
#6299=CARTESIAN_POINT('Ctrl Pts',(19.5875000013333,28.7615581975327,2.39749520447342));
#6300=CARTESIAN_POINT('Ctrl Pts',(19.1875000013333,28.7341145593055,2.37601561032185));
#6301=CARTESIAN_POINT('Ctrl Pts',(19.5875000013333,28.7341145593055,2.37601561032185));
#6302=CARTESIAN_POINT('',(19.1875000013333,28.9337191976122,2.500372141352));
#6303=CARTESIAN_POINT('Ctrl Pts',(19.1875000013333,28.9337191976122,2.500372141352));
#6304=CARTESIAN_POINT('Ctrl Pts',(19.1875000013333,28.894295019791,2.48092462984667));
#6305=CARTESIAN_POINT('Ctrl Pts',(19.1875000013333,28.8235912168816,2.44604722474795));
#6306=CARTESIAN_POINT('Ctrl Pts',(19.1875000013333,28.7615581975327,2.39749520447342));
#6307=CARTESIAN_POINT('Ctrl Pts',(19.1875000013333,28.7341145593055,2.37601561032185));
#6308=CARTESIAN_POINT('',(19.5875000013333,28.9337191976122,2.500372141352));
#6309=CARTESIAN_POINT('',(19.1875000013333,28.9337191976122,2.500372141352));
#6310=CARTESIAN_POINT('Ctrl Pts',(19.5875000013333,28.9337191976122,2.500372141352));
#6311=CARTESIAN_POINT('Ctrl Pts',(19.5875000013333,28.894295019791,2.48092462984667));
#6312=CARTESIAN_POINT('Ctrl Pts',(19.5875000013333,28.8235912168816,2.44604722474795));
#6313=CARTESIAN_POINT('Ctrl Pts',(19.5875000013333,28.7615581975327,2.39749520447342));
#6314=CARTESIAN_POINT('Ctrl Pts',(19.5875000013333,28.7341145593055,2.37601561032185));
#6315=CARTESIAN_POINT('Ctrl Pts',(19.1875000013333,28.401812683236,2.73264747336494));
#6316=CARTESIAN_POINT('Ctrl Pts',(19.5875000013333,28.401812683236,2.73264747336494));
#6317=CARTESIAN_POINT('Ctrl Pts',(19.1875000013333,28.472030325465,2.67674847719771));
#6318=CARTESIAN_POINT('Ctrl Pts',(19.5875000013333,28.472030325465,2.67674847719771));
#6319=CARTESIAN_POINT('Ctrl Pts',(19.1875000013333,28.6279754306793,2.55260339681693));
#6320=CARTESIAN_POINT('Ctrl Pts',(19.5875000013333,28.6279754306793,2.55260339681693));
#6321=CARTESIAN_POINT('Ctrl Pts',(19.1875000013333,28.8252640359115,2.51889990829262));
#6322=CARTESIAN_POINT('Ctrl Pts',(19.5875000013333,28.8252640359115,2.51889990829262));
#6323=CARTESIAN_POINT('Ctrl Pts',(19.1875000013333,28.9337191976122,2.500372141352));
#6324=CARTESIAN_POINT('Ctrl Pts',(19.5875000013333,28.9337191976122,2.500372141352));
#6325=CARTESIAN_POINT('',(19.1875000013333,28.401812683236,2.73264747336494));
#6326=CARTESIAN_POINT('Ctrl Pts',(19.1875000013333,28.401812683236,2.73264747336494));
#6327=CARTESIAN_POINT('Ctrl Pts',(19.1875000013333,28.472030325465,2.67674847719771));
#6328=CARTESIAN_POINT('Ctrl Pts',(19.1875000013333,28.6279754306793,2.55260339681693));
#6329=CARTESIAN_POINT('Ctrl Pts',(19.1875000013333,28.8252640359115,2.51889990829262));
#6330=CARTESIAN_POINT('Ctrl Pts',(19.1875000013333,28.9337191976122,2.500372141352));
#6331=CARTESIAN_POINT('',(19.5875000013333,28.401812683236,2.73264747336494));
#6332=CARTESIAN_POINT('',(19.1875000013333,28.401812683236,2.73264747336494));
#6333=CARTESIAN_POINT('Ctrl Pts',(19.5875000013333,28.401812683236,2.73264747336494));
#6334=CARTESIAN_POINT('Ctrl Pts',(19.5875000013333,28.472030325465,2.67674847719771));
#6335=CARTESIAN_POINT('Ctrl Pts',(19.5875000013333,28.6279754306793,2.55260339681693));
#6336=CARTESIAN_POINT('Ctrl Pts',(19.5875000013333,28.8252640359115,2.51889990829262));
#6337=CARTESIAN_POINT('Ctrl Pts',(19.5875000013333,28.9337191976122,2.500372141352));
#6338=CARTESIAN_POINT('Ctrl Pts',(19.1875000013333,28.2298717914437,3.18126057248716));
#6339=CARTESIAN_POINT('Ctrl Pts',(19.5875000013333,28.2298717914437,3.18126057248716));
#6340=CARTESIAN_POINT('Ctrl Pts',(19.1875000013333,28.2365134134113,3.09657449193288));
#6341=CARTESIAN_POINT('Ctrl Pts',(19.5875000013333,28.2365134134113,3.09657449193288));
#6342=CARTESIAN_POINT('Ctrl Pts',(19.1875000013333,28.249583881747,2.92991539273161));
#6343=CARTESIAN_POINT('Ctrl Pts',(19.5875000013333,28.249583881747,2.92991539273161));
#6344=CARTESIAN_POINT('Ctrl Pts',(19.1875000013333,28.3516234538997,2.79768592041934));
#6345=CARTESIAN_POINT('Ctrl Pts',(19.5875000013333,28.3516234538997,2.79768592041934));
#6346=CARTESIAN_POINT('Ctrl Pts',(19.1875000013333,28.401812683236,2.73264747336494));
#6347=CARTESIAN_POINT('Ctrl Pts',(19.5875000013333,28.401812683236,2.73264747336494));
#6348=CARTESIAN_POINT('',(19.1875000013333,28.2298717914437,3.18126057248716));
#6349=CARTESIAN_POINT('Ctrl Pts',(19.1875000013333,28.2298717914437,3.18126057248716));
#6350=CARTESIAN_POINT('Ctrl Pts',(19.1875000013333,28.2365134134113,3.09657449193288));
#6351=CARTESIAN_POINT('Ctrl Pts',(19.1875000013333,28.249583881747,2.92991539273161));
#6352=CARTESIAN_POINT('Ctrl Pts',(19.1875000013333,28.3516234538997,2.79768592041934));
#6353=CARTESIAN_POINT('Ctrl Pts',(19.1875000013333,28.401812683236,2.73264747336494));
#6354=CARTESIAN_POINT('',(19.5875000013333,28.2298717914437,3.18126057248716));
#6355=CARTESIAN_POINT('',(19.1875000013333,28.2298717914437,3.18126057248716));
#6356=CARTESIAN_POINT('Ctrl Pts',(19.5875000013333,28.2298717914437,3.18126057248716));
#6357=CARTESIAN_POINT('Ctrl Pts',(19.5875000013333,28.2365134134113,3.09657449193288));
#6358=CARTESIAN_POINT('Ctrl Pts',(19.5875000013333,28.249583881747,2.92991539273161));
#6359=CARTESIAN_POINT('Ctrl Pts',(19.5875000013333,28.3516234538997,2.79768592041934));
#6360=CARTESIAN_POINT('Ctrl Pts',(19.5875000013333,28.401812683236,2.73264747336494));
#6361=CARTESIAN_POINT('Ctrl Pts',(19.1875000013333,28.3341453513312,3.55806756170507));
#6362=CARTESIAN_POINT('Ctrl Pts',(19.5875000013333,28.3341453513312,3.55806756170507));
#6363=CARTESIAN_POINT('Ctrl Pts',(19.1875000013333,28.3037667770439,3.49946112861164));
#6364=CARTESIAN_POINT('Ctrl Pts',(19.5875000013333,28.3037667770439,3.49946112861164));
#6365=CARTESIAN_POINT('Ctrl Pts',(19.1875000013333,28.2424836540322,3.38123355102425));
#6366=CARTESIAN_POINT('Ctrl Pts',(19.5875000013333,28.2424836540322,3.38123355102425));
#6367=CARTESIAN_POINT('Ctrl Pts',(19.1875000013333,28.2340997311946,3.24829854559552));
#6368=CARTESIAN_POINT('Ctrl Pts',(19.5875000013333,28.2340997311946,3.24829854559552));
#6369=CARTESIAN_POINT('Ctrl Pts',(19.1875000013333,28.2298717914437,3.18126057248716));
#6370=CARTESIAN_POINT('Ctrl Pts',(19.5875000013333,28.2298717914437,3.18126057248716));
#6371=CARTESIAN_POINT('',(19.1875000013333,28.3341453513312,3.55806756170507));
#6372=CARTESIAN_POINT('Ctrl Pts',(19.1875000013333,28.3341453513312,3.55806756170507));
#6373=CARTESIAN_POINT('Ctrl Pts',(19.1875000013333,28.3037667770439,3.49946112861164));
#6374=CARTESIAN_POINT('Ctrl Pts',(19.1875000013333,28.2424836540322,3.38123355102425));
#6375=CARTESIAN_POINT('Ctrl Pts',(19.1875000013333,28.2340997311946,3.24829854559552));
#6376=CARTESIAN_POINT('Ctrl Pts',(19.1875000013333,28.2298717914437,3.18126057248716));
#6377=CARTESIAN_POINT('',(19.5875000013333,28.3341453513312,3.55806756170507));
#6378=CARTESIAN_POINT('',(19.1875000013333,28.3341453513312,3.55806756170507));
#6379=CARTESIAN_POINT('Ctrl Pts',(19.5875000013333,28.3341453513312,3.55806756170507));
#6380=CARTESIAN_POINT('Ctrl Pts',(19.5875000013333,28.3037667770439,3.49946112861164));
#6381=CARTESIAN_POINT('Ctrl Pts',(19.5875000013333,28.2424836540322,3.38123355102425));
#6382=CARTESIAN_POINT('Ctrl Pts',(19.5875000013333,28.2340997311946,3.24829854559552));
#6383=CARTESIAN_POINT('Ctrl Pts',(19.5875000013333,28.2298717914437,3.18126057248716));
#6384=CARTESIAN_POINT('Ctrl Pts',(19.1875000013333,28.6122700266292,3.79577600094742));
#6385=CARTESIAN_POINT('Ctrl Pts',(19.5875000013333,28.6122700266292,3.79577600094742));
#6386=CARTESIAN_POINT('Ctrl Pts',(19.1875000013333,28.5568763384666,3.76854942999624));
#6387=CARTESIAN_POINT('Ctrl Pts',(19.5875000013333,28.5568763384666,3.76854942999624));
#6388=CARTESIAN_POINT('Ctrl Pts',(19.1875000013333,28.4439949320917,3.71306705065531));
#6389=CARTESIAN_POINT('Ctrl Pts',(19.5875000013333,28.4439949320917,3.71306705065531));
#6390=CARTESIAN_POINT('Ctrl Pts',(19.1875000013333,28.3712119369569,3.61036909794529));
#6391=CARTESIAN_POINT('Ctrl Pts',(19.5875000013333,28.3712119369569,3.61036909794529));
#6392=CARTESIAN_POINT('Ctrl Pts',(19.1875000013333,28.3341453513312,3.55806756170507));
#6393=CARTESIAN_POINT('Ctrl Pts',(19.5875000013333,28.3341453513312,3.55806756170507));
#6394=CARTESIAN_POINT('',(19.1875000013333,28.6122700266292,3.79577600094742));
#6395=CARTESIAN_POINT('Ctrl Pts',(19.1875000013333,28.6122700266292,3.79577600094742));
#6396=CARTESIAN_POINT('Ctrl Pts',(19.1875000013333,28.5568763384666,3.76854942999624));
#6397=CARTESIAN_POINT('Ctrl Pts',(19.1875000013333,28.4439949320917,3.71306705065531));
#6398=CARTESIAN_POINT('Ctrl Pts',(19.1875000013333,28.3712119369569,3.61036909794529));
#6399=CARTESIAN_POINT('Ctrl Pts',(19.1875000013333,28.3341453513312,3.55806756170507));
#6400=CARTESIAN_POINT('',(19.5875000013333,28.6122700266292,3.79577600094742));
#6401=CARTESIAN_POINT('',(19.1875000013333,28.6122700266292,3.79577600094742));
#6402=CARTESIAN_POINT('Ctrl Pts',(19.5875000013333,28.6122700266292,3.79577600094742));
#6403=CARTESIAN_POINT('Ctrl Pts',(19.5875000013333,28.5568763384666,3.76854942999624));
#6404=CARTESIAN_POINT('Ctrl Pts',(19.5875000013333,28.4439949320917,3.71306705065531));
#6405=CARTESIAN_POINT('Ctrl Pts',(19.5875000013333,28.3712119369569,3.61036909794529));
#6406=CARTESIAN_POINT('Ctrl Pts',(19.5875000013333,28.3341453513312,3.55806756170507));
#6407=CARTESIAN_POINT('Ctrl Pts',(19.1875000013333,29.1205000759304,3.86280010120406));
#6408=CARTESIAN_POINT('Ctrl Pts',(19.5875000013333,29.1205000759304,3.86280010120406));
#6409=CARTESIAN_POINT('Ctrl Pts',(19.1875000013333,29.0217373672978,3.86210545971475));
#6410=CARTESIAN_POINT('Ctrl Pts',(19.5875000013333,29.0217373672978,3.86210545971475));
#6411=CARTESIAN_POINT('Ctrl Pts',(19.1875000013333,28.8492671881464,3.8608924012257));
#6412=CARTESIAN_POINT('Ctrl Pts',(19.5875000013333,28.8492671881464,3.8608924012257));
#6413=CARTESIAN_POINT('Ctrl Pts',(19.1875000013333,28.6832287888035,3.81527234905307));
#6414=CARTESIAN_POINT('Ctrl Pts',(19.5875000013333,28.6832287888035,3.81527234905307));
#6415=CARTESIAN_POINT('Ctrl Pts',(19.1875000013333,28.6122700266292,3.79577600094742));
#6416=CARTESIAN_POINT('Ctrl Pts',(19.5875000013333,28.6122700266292,3.79577600094742));
#6417=CARTESIAN_POINT('',(19.1875000013333,29.1205000759304,3.86280010120406));
#6418=CARTESIAN_POINT('Ctrl Pts',(19.1875000013333,29.1205000759304,3.86280010120406));
#6419=CARTESIAN_POINT('Ctrl Pts',(19.1875000013333,29.0217373672978,3.86210545971475));
#6420=CARTESIAN_POINT('Ctrl Pts',(19.1875000013333,28.8492671881464,3.8608924012257));
#6421=CARTESIAN_POINT('Ctrl Pts',(19.1875000013333,28.6832287888035,3.81527234905307));
#6422=CARTESIAN_POINT('Ctrl Pts',(19.1875000013333,28.6122700266292,3.79577600094742));
#6423=CARTESIAN_POINT('',(19.5875000013333,29.1205000759304,3.86280010120406));
#6424=CARTESIAN_POINT('',(19.1875000013333,29.1205000759304,3.86280010120406));
#6425=CARTESIAN_POINT('Ctrl Pts',(19.5875000013333,29.1205000759304,3.86280010120406));
#6426=CARTESIAN_POINT('Ctrl Pts',(19.5875000013333,29.0217373672978,3.86210545971475));
#6427=CARTESIAN_POINT('Ctrl Pts',(19.5875000013333,28.8492671881464,3.8608924012257));
#6428=CARTESIAN_POINT('Ctrl Pts',(19.5875000013333,28.6832287888035,3.81527234905307));
#6429=CARTESIAN_POINT('Ctrl Pts',(19.5875000013333,28.6122700266292,3.79577600094742));
#6430=CARTESIAN_POINT('Origin',(19.1875000013333,30.2289581738323,3.86206724129966));
#6431=CARTESIAN_POINT('',(19.1875000013333,30.2289581738323,3.86206724129966));
#6432=CARTESIAN_POINT('',(19.1875000013333,32.0194004282783,3.86088348582716));
#6433=CARTESIAN_POINT('',(19.5875000013333,30.2289581738323,3.86206724129966));
#6434=CARTESIAN_POINT('',(19.1875000013333,30.2289581738323,3.86206724129966));
#6435=CARTESIAN_POINT('',(19.5875000013333,30.2289581738323,3.86206724129966));
#6436=CARTESIAN_POINT('Origin',(19.1875000013333,30.2273052928041,1.36206778770286));
#6437=CARTESIAN_POINT('',(19.1875000013333,30.2273052928041,1.36206778770286));
#6438=CARTESIAN_POINT('',(19.1875000013333,30.2304018611823,6.04565911788353));
#6439=CARTESIAN_POINT('',(19.5875000013333,30.2273052928041,1.36206778770286));
#6440=CARTESIAN_POINT('',(19.1875000013333,30.2273052928041,1.36206778770286));
#6441=CARTESIAN_POINT('',(19.5875000013333,30.2273052928041,1.36206778770286));
#6442=CARTESIAN_POINT('Origin',(19.1875000013333,29.8964730625409,1.36228651827743));
#6443=CARTESIAN_POINT('',(19.1875000013333,31.8523314321186,1.36099339751765));
#6444=CARTESIAN_POINT('',(19.5875000013333,29.8964730625409,1.36228651827743));
#6445=CARTESIAN_POINT('Origin',(19.5875000013333,26.2686145467597,2.59959200990118));
#6446=CARTESIAN_POINT('Origin',(19.1875000013333,33.8143829384525,10.7268829371192));
#6447=CARTESIAN_POINT('Origin',(19.1875000013333,33.8143829384525,10.7268829371192));
#6448=CARTESIAN_POINT('Origin',(19.1875000013333,33.8143829384525,10.7268829371192));
#6449=CARTESIAN_POINT('Origin',(19.1875000013333,33.8143829384525,10.7268829371192));
#6450=CARTESIAN_POINT('Origin',(29.7825000013333,20.964784355485,21.6268829371192));
#6451=CARTESIAN_POINT('',(25.1875000013333,24.6151857725175,22.1268829371192));
#6452=CARTESIAN_POINT('',(25.1875000013333,24.6151857725175,22.1268829371192));
#6453=CARTESIAN_POINT('',(25.1875000013333,-0.384814227482518,22.1268829371192));
#6454=CARTESIAN_POINT('',(35.6155997362906,2.42130960795556,20.9921604414764));
#6455=CARTESIAN_POINT('Origin',(15.15,10.7231170628808,22.1268829371192));
#6456=CARTESIAN_POINT('',(16.85,10.7231170628808,22.1268829371192));
#6457=CARTESIAN_POINT('Origin',(15.15,10.7231170628808,22.1268829371192));
#6458=CARTESIAN_POINT('',(16.85,10.7231170628808,19.8268829371192));
#6459=CARTESIAN_POINT('',(16.85,10.7231170628808,22.1268829371192));
#6460=CARTESIAN_POINT('Origin',(15.15,10.7231170628808,19.8268829371192));
#6461=CARTESIAN_POINT('Origin',(33.1875000013333,29.2101857725175,21.6268829371192));
#6462=CARTESIAN_POINT('',(19.1875000013333,24.6151857725175,22.1268829371192));
#6463=CARTESIAN_POINT('',(19.1875000013333,32.0714416469719,21.3155384458837));
#6464=CARTESIAN_POINT('',(19.1875000013333,24.6151857725175,22.1268829371192));
#6465=CARTESIAN_POINT('Ctrl Pts',(11.7628787988745,17.1905645700587,19.8268829371192));
#6466=CARTESIAN_POINT('Ctrl Pts',(11.7628787988745,17.1905645700587,20.5935496037859));
#6467=CARTESIAN_POINT('Ctrl Pts',(11.7628787988745,17.1905645700587,21.3602162704525));
#6468=CARTESIAN_POINT('Ctrl Pts',(11.7628787988745,17.1905645700587,22.1268829371192));
#6469=CARTESIAN_POINT('Ctrl Pts',(11.1223258195069,16.5500115906911,19.8268829371192));
#6470=CARTESIAN_POINT('Ctrl Pts',(11.1223258195069,16.5500115906911,20.5935496037859));
#6471=CARTESIAN_POINT('Ctrl Pts',(11.1223258195069,16.5500115906911,21.3602162704525));
#6472=CARTESIAN_POINT('Ctrl Pts',(11.1223258195069,16.5500115906911,22.1268829371192));
#6473=CARTESIAN_POINT('Ctrl Pts',(9.91336623819718,14.9815231488241,19.8268829371192));
#6474=CARTESIAN_POINT('Ctrl Pts',(9.91336623819718,14.9815231488241,20.5935496037859));
#6475=CARTESIAN_POINT('Ctrl Pts',(9.91336623819718,14.9815231488241,21.3602162704525));
#6476=CARTESIAN_POINT('Ctrl Pts',(9.91336623819718,14.9815231488241,22.1268829371192));
#6477=CARTESIAN_POINT('Ctrl Pts',(8.83742042305557,11.706947117396,19.8268829371192));
#6478=CARTESIAN_POINT('Ctrl Pts',(8.83742042305557,11.706947117396,20.5935496037859));
#6479=CARTESIAN_POINT('Ctrl Pts',(8.83742042305557,11.706947117396,21.3602162704525));
#6480=CARTESIAN_POINT('Ctrl Pts',(8.83742042305557,11.706947117396,22.1268829371192));
#6481=CARTESIAN_POINT('Ctrl Pts',(9.11380200812386,7.815843044405,19.8268829371192));
#6482=CARTESIAN_POINT('Ctrl Pts',(9.11380200812386,7.815843044405,20.5935496037858));
#6483=CARTESIAN_POINT('Ctrl Pts',(9.11380200812386,7.815843044405,21.3602162704525));
#6484=CARTESIAN_POINT('Ctrl Pts',(9.11380200812386,7.815843044405,22.1268829371192));
#6485=CARTESIAN_POINT('Ctrl Pts',(11.0015492324876,4.07828493378767,19.8268829371192));
#6486=CARTESIAN_POINT('Ctrl Pts',(11.0015492324876,4.07828493378767,20.5935496037858));
#6487=CARTESIAN_POINT('Ctrl Pts',(11.0015492324876,4.07828493378767,21.3602162704525));
#6488=CARTESIAN_POINT('Ctrl Pts',(11.0015492324876,4.07828493378767,22.1268829371192));
#6489=CARTESIAN_POINT('Ctrl Pts',(14.0964270499759,1.31673146079715,19.8268829371191));
#6490=CARTESIAN_POINT('Ctrl Pts',(14.0964270499759,1.31673146079715,20.5935496037858));
#6491=CARTESIAN_POINT('Ctrl Pts',(14.0964270499759,1.31673146079715,21.3602162704525));
#6492=CARTESIAN_POINT('Ctrl Pts',(14.0964270499759,1.31673146079715,22.1268829371191));
#6493=CARTESIAN_POINT('Ctrl Pts',(17.56984409135,-0.147573833829394,19.8268829371191));
#6494=CARTESIAN_POINT('Ctrl Pts',(17.56984409135,-0.147573833829394,20.5935496037858));
#6495=CARTESIAN_POINT('Ctrl Pts',(17.56984409135,-0.147573833829394,21.3602162704524));
#6496=CARTESIAN_POINT('Ctrl Pts',(17.56984409135,-0.147573833829394,22.1268829371191));
#6497=CARTESIAN_POINT('Ctrl Pts',(19.6927790297579,-0.384814227482524,19.8268829371191));
#6498=CARTESIAN_POINT('Ctrl Pts',(19.6927790297579,-0.384814227482524,20.5935496037857));
#6499=CARTESIAN_POINT('Ctrl Pts',(19.6927790297579,-0.384814227482524,21.3602162704524));
#6500=CARTESIAN_POINT('Ctrl Pts',(19.6927790297579,-0.384814227482524,22.1268829371191));
#6501=CARTESIAN_POINT('Ctrl Pts',(20.6575059567822,-0.384814227482524,19.8268829371191));
#6502=CARTESIAN_POINT('Ctrl Pts',(20.6575059567822,-0.384814227482524,20.5935496037857));
#6503=CARTESIAN_POINT('Ctrl Pts',(20.6575059567822,-0.384814227482524,21.3602162704524));
#6504=CARTESIAN_POINT('Ctrl Pts',(20.6575059567822,-0.384814227482524,22.1268829371191));
#6505=CARTESIAN_POINT('',(11.7628787988745,17.1905645700587,22.1268829371192));
#6506=CARTESIAN_POINT('Ctrl Pts',(20.6575059567822,-0.384814227482524,22.1268829371191));
#6507=CARTESIAN_POINT('Ctrl Pts',(19.6927790297579,-0.384814227482524,22.1268829371191));
#6508=CARTESIAN_POINT('Ctrl Pts',(17.56984409135,-0.147573833829394,22.1268829371191));
#6509=CARTESIAN_POINT('Ctrl Pts',(14.0964270499759,1.31673146079715,22.1268829371191));
#6510=CARTESIAN_POINT('Ctrl Pts',(11.0015492324876,4.07828493378767,22.1268829371192));
#6511=CARTESIAN_POINT('Ctrl Pts',(9.11380200812386,7.815843044405,22.1268829371192));
#6512=CARTESIAN_POINT('Ctrl Pts',(8.83742042305557,11.706947117396,22.1268829371192));
#6513=CARTESIAN_POINT('Ctrl Pts',(9.91336623819718,14.9815231488241,22.1268829371192));
#6514=CARTESIAN_POINT('Ctrl Pts',(11.1223258195069,16.5500115906911,22.1268829371192));
#6515=CARTESIAN_POINT('Ctrl Pts',(11.7628787988745,17.1905645700587,22.1268829371192));
#6516=CARTESIAN_POINT('',(11.7628787988745,17.1905645700587,19.8268829371192));
#6517=CARTESIAN_POINT('Ctrl Pts',(11.7628787988745,17.1905645700587,22.1268829371192));
#6518=CARTESIAN_POINT('Ctrl Pts',(11.7628787988745,17.1905645700587,21.3602162704525));
#6519=CARTESIAN_POINT('Ctrl Pts',(11.7628787988745,17.1905645700587,20.5935496037859));
#6520=CARTESIAN_POINT('Ctrl Pts',(11.7628787988745,17.1905645700587,19.8268829371192));
#6521=CARTESIAN_POINT('Ctrl Pts',(11.7628787988745,17.1905645700587,19.8268829371192));
#6522=CARTESIAN_POINT('Ctrl Pts',(11.1223258195069,16.5500115906911,19.8268829371192));
#6523=CARTESIAN_POINT('Ctrl Pts',(10.5178460288521,15.7657673697576,19.8268829371192));
#6524=CARTESIAN_POINT('Ctrl Pts',(10.036281831001,14.8278825873862,19.8268829371192));
#6525=CARTESIAN_POINT('Ctrl Pts',(9.55471763314998,13.8899978050147,19.8268829371192));
#6526=CARTESIAN_POINT('Ctrl Pts',(9.19606902810277,12.7984724612054,19.8268829371192));
#6527=CARTESIAN_POINT('Ctrl Pts',(9.06280832309055,11.6041924438022,19.8268829371192));
#6528=CARTESIAN_POINT('Ctrl Pts',(8.92954761807833,10.409912426399,19.8268829371192));
#6529=CARTESIAN_POINT('Ctrl Pts',(9.02167481310109,9.112877735402,19.8268829371192));
#6530=CARTESIAN_POINT('Ctrl Pts',(9.38236294800643,7.84143403813395,19.8268829371192));
#6531=CARTESIAN_POINT('Ctrl Pts',(9.74305108291177,6.56999034086589,19.8268829371192));
#6532=CARTESIAN_POINT('Ctrl Pts',(10.3723001576997,5.32413763732678,19.8268829371192));
#6533=CARTESIAN_POINT('Ctrl Pts',(11.202737664675,4.24095237339214,19.8268829371192));
#6534=CARTESIAN_POINT('Ctrl Pts',(12.0331751716504,3.15776710945749,19.8268829371191));
#6535=CARTESIAN_POINT('Ctrl Pts',(13.0648011108132,2.23724928512732,19.8268829371191));
#6536=CARTESIAN_POINT('Ctrl Pts',(14.1595169206236,1.53293949052448,19.8268829371191));
#6537=CARTESIAN_POINT('Ctrl Pts',(15.254232730434,0.828629695921633,19.8268829371191));
#6538=CARTESIAN_POINT('Ctrl Pts',(16.412038410892,0.34052793104612,19.8268829371191));
#6539=CARTESIAN_POINT('Ctrl Pts',(17.521674985723,0.0371669501950811,19.8268829371191));
#6540=CARTESIAN_POINT('Ctrl Pts',(18.631311560554,-0.266194030655959,19.8268829371191));
#6541=CARTESIAN_POINT('Ctrl Pts',(19.6927790297579,-0.384814227482524,19.8268829371191));
#6542=CARTESIAN_POINT('Ctrl Pts',(20.6575059567822,-0.384814227482524,19.8268829371191));
#6543=CARTESIAN_POINT('Origin',(10.3486652365014,15.7763510076856,20.9768829371192));
#6544=CARTESIAN_POINT('',(1.50983047166958,6.93751624285378,22.1268829371192));
#6545=CARTESIAN_POINT('',(19.1875000013333,24.6151857725175,19.8268829371192));
#6546=CARTESIAN_POINT('',(19.1875000013333,24.6151857725175,22.1268829371192));
#6547=CARTESIAN_POINT('',(19.1875000013333,24.6151857725175,19.8268829371192));
#6548=CARTESIAN_POINT('Origin',(19.1875000013333,-0.384814227482523,22.1268829371192));
#6549=CARTESIAN_POINT('Origin',(19.1875000013333,24.6151857725175,19.8268829371192));
#6550=CARTESIAN_POINT('',(19.1875000013333,29.214784355485,19.8268829371192));
#6551=CARTESIAN_POINT('Origin',(37.000000551343,30.0000004470348,-0.873117062880799));
#6552=CARTESIAN_POINT('',(34.600000551343,30.0000004470348,-0.873117062880799));
#6553=CARTESIAN_POINT('Origin',(37.000000551343,30.0000004470348,-0.8731170628808));
#6554=CARTESIAN_POINT('',(34.600000551343,30.0000004470348,5.1268829371192));
#6555=CARTESIAN_POINT('',(34.600000551343,30.0000004470348,-0.873117062880799));
#6556=CARTESIAN_POINT('Origin',(37.000000551343,30.0000004470348,5.1268829371192));
#6557=CARTESIAN_POINT('Origin',(37.000000551343,30.0000004470348,5.1268829371192));
#6558=CARTESIAN_POINT('Origin',(27.6263146205527,22.8911729221569,-0.873117062880799));
#6559=CARTESIAN_POINT('',(25.2263146205527,22.8911729221569,-0.873117062880799));
#6560=CARTESIAN_POINT('Origin',(27.6263146205527,22.8911729221569,-0.8731170628808));
#6561=CARTESIAN_POINT('',(25.2263146205527,22.8911729221569,5.1268829371192));
#6562=CARTESIAN_POINT('',(25.2263146205527,22.8911729221569,-0.873117062880799));
#6563=CARTESIAN_POINT('Origin',(27.6263146205527,22.8911729221569,5.1268829371192));
#6564=CARTESIAN_POINT('Origin',(27.6263146205527,22.8911729221569,5.1268829371192));
#6565=CARTESIAN_POINT('Origin',(25.000000372529,30.0000004470348,-0.873117062880799));
#6566=CARTESIAN_POINT('',(22.600000372529,30.0000004470348,-0.873117062880799));
#6567=CARTESIAN_POINT('Origin',(25.000000372529,30.0000004470348,-0.8731170628808));
#6568=CARTESIAN_POINT('',(22.600000372529,30.0000004470348,5.1268829371192));
#6569=CARTESIAN_POINT('',(22.600000372529,30.0000004470348,-0.873117062880799));
#6570=CARTESIAN_POINT('Origin',(25.000000372529,30.0000004470348,5.1268829371192));
#6571=CARTESIAN_POINT('Origin',(25.000000372529,30.0000004470348,5.1268829371192));
#6572=CARTESIAN_POINT('Origin',(36.7516591033544,11.0658489111863,21.1268829371192));
#6573=CARTESIAN_POINT('',(37.6016591033544,11.0658489111863,10.878254032135));
#6574=CARTESIAN_POINT('Origin',(36.7516591033544,11.0658489111863,10.878254032135));
#6575=CARTESIAN_POINT('',(37.6016591033544,11.0658489111863,9.50000014156103));
#6576=CARTESIAN_POINT('',(37.6016591033544,11.0658489111863,21.1268829371192));
#6577=CARTESIAN_POINT('Origin',(36.7516591033544,11.0658489111863,9.50000014156103));
#6578=CARTESIAN_POINT('Origin',(36.6875000013333,17.5536342618449,21.1268829371192));
#6579=CARTESIAN_POINT('',(37.5375000013333,17.5536342618449,10.878254032135));
#6580=CARTESIAN_POINT('Origin',(36.6875000013333,17.5536342618449,10.878254032135));
#6581=CARTESIAN_POINT('',(37.5375000013333,17.5536342618449,9.50000014156103));
#6582=CARTESIAN_POINT('',(37.5375000013333,17.5536342618449,21.1268829371192));
#6583=CARTESIAN_POINT('Origin',(36.6875000013333,17.5536342618449,9.50000014156103));
#6584=CARTESIAN_POINT('Origin',(36.6875000013333,17.5536342618449,21.1268829371192));
#6585=CARTESIAN_POINT('',(37.7875000013333,17.5536342618449,16.9782532691956));
#6586=CARTESIAN_POINT('',(37.7875000013333,17.5536342618449,21.1268829371192));
#6587=CARTESIAN_POINT('Origin',(36.6875000013333,17.5536342618449,16.9782532691956));
#6588=CARTESIAN_POINT('Origin',(36.7516591033544,11.0658489111863,21.1268829371192));
#6589=CARTESIAN_POINT('',(37.8516591033544,11.0658489111863,16.9782532691956));
#6590=CARTESIAN_POINT('',(37.8516591033544,11.0658489111863,21.1268829371192));
#6591=CARTESIAN_POINT('Origin',(36.7516591033544,11.0658489111863,16.9782532691956));
#6592=CARTESIAN_POINT('Origin',(26.3875000013333,12.9071681250556,13.7543862628695));
#6593=CARTESIAN_POINT('',(26.3875000013333,10.7704424754947,11.769803445845));
#6594=CARTESIAN_POINT('',(26.3875000013333,15.0438937746165,11.769803445845));
#6595=CARTESIAN_POINT('',(26.3875000013333,18.8143829384525,11.769803445845));
#6596=CARTESIAN_POINT('',(26.3875000013333,12.383157207382,10.878254032135));
#6597=CARTESIAN_POINT('Origin',(26.3875000013333,12.9071681250556,13.730518493604));
#6598=CARTESIAN_POINT('',(26.3875000013333,13.4311790427292,10.878254032135));
#6599=CARTESIAN_POINT('',(26.3875000013333,7.74955914020539,10.878254032135));
#6600=CARTESIAN_POINT('Origin',(26.3875000013333,12.9071681250556,13.730518493604));
#6601=CARTESIAN_POINT('Origin',(32.3875000013333,12.9071681250556,13.730518493604));
#6602=CARTESIAN_POINT('',(31.6375000013333,12.383157207382,10.878254032135));
#6603=CARTESIAN_POINT('',(31.6375000013333,13.4311790427292,10.878254032135));
#6604=CARTESIAN_POINT('Origin',(31.6375000013333,12.9071681250556,13.730518493604));
#6605=CARTESIAN_POINT('',(32.3875000013333,12.383157207382,10.878254032135));
#6606=CARTESIAN_POINT('',(26.3875000013333,10.0182641508954,13.9839624283934));
#6607=CARTESIAN_POINT('Ctrl Pts',(26.3875000013333,10.0182641508954,13.9839624283934));
#6608=CARTESIAN_POINT('Ctrl Pts',(26.4661499998044,10.017017632463,13.9697538735261));
#6609=CARTESIAN_POINT('Ctrl Pts',(26.5445579037728,10.0150758252708,13.94679761126));
#6610=CARTESIAN_POINT('Ctrl Pts',(26.7584236515852,10.0093868192773,13.8578607603756));
#6611=CARTESIAN_POINT('Ctrl Pts',(26.8851640041081,10.0057032819073,13.7707537230527));
#6612=CARTESIAN_POINT('Ctrl Pts',(27.0860348391529,10.009905780548,13.5687771736579));
#6613=CARTESIAN_POINT('Ctrl Pts',(27.1726718747608,10.018305316007,13.4403875204441));
#6614=CARTESIAN_POINT('Ctrl Pts',(27.2858585604859,10.0598321114032,13.162731599807));
#6615=CARTESIAN_POINT('Ctrl Pts',(27.3125000013333,10.0935447695031,13.0135906346011));
#6616=CARTESIAN_POINT('Ctrl Pts',(27.3125000013333,10.1824080542172,12.7250762913637));
#6617=CARTESIAN_POINT('Ctrl Pts',(27.2802880087687,10.2454093158815,12.5686945591497));
#6618=CARTESIAN_POINT('Ctrl Pts',(27.1578508319139,10.3868562973855,12.2873196038288));
#6619=CARTESIAN_POINT('Ctrl Pts',(27.0678696556293,10.4649486765876,12.1620428145528));
#6620=CARTESIAN_POINT('Ctrl Pts',(26.8700289815516,10.5977123147496,11.9730824451945));
#6621=CARTESIAN_POINT('Ctrl Pts',(26.7504683311618,10.6631476386921,11.89212058566));
#6622=CARTESIAN_POINT('Ctrl Pts',(26.5434316173828,10.7367409051292,11.8067673232973));
#6623=CARTESIAN_POINT('Ctrl Pts',(26.4662256746718,10.7573917909413,11.7840256717933));
#6624=CARTESIAN_POINT('Ctrl Pts',(26.3875000013333,10.7704424754947,11.769803445845));
#6625=CARTESIAN_POINT('',(26.3875000013333,15.7960720992158,13.9839624283934));
#6626=CARTESIAN_POINT('Origin',(26.3875000013333,12.9071681250556,13.730518493604));
#6627=CARTESIAN_POINT('Ctrl Pts',(26.3875000013333,15.0438937746165,11.769803445845));
#6628=CARTESIAN_POINT('Ctrl Pts',(26.4662256746718,15.0569444591699,11.7840256717933));
#6629=CARTESIAN_POINT('Ctrl Pts',(26.5434316173828,15.077595344982,11.8067673232973));
#6630=CARTESIAN_POINT('Ctrl Pts',(26.7504683311618,15.1511886114191,11.89212058566));
#6631=CARTESIAN_POINT('Ctrl Pts',(26.8700289815516,15.2166239353617,11.9730824451945));
#6632=CARTESIAN_POINT('Ctrl Pts',(27.0678696556293,15.3493875735236,12.1620428145528));
#6633=CARTESIAN_POINT('Ctrl Pts',(27.1578508319139,15.4274799527258,12.2873196038288));
#6634=CARTESIAN_POINT('Ctrl Pts',(27.2802880087687,15.5689269342297,12.5686945591497));
#6635=CARTESIAN_POINT('Ctrl Pts',(27.3125000013333,15.631928195894,12.7250762913637));
#6636=CARTESIAN_POINT('Ctrl Pts',(27.3125000013333,15.7207914806082,13.0135906346011));
#6637=CARTESIAN_POINT('Ctrl Pts',(27.2858585604859,15.754504138708,13.162731599807));
#6638=CARTESIAN_POINT('Ctrl Pts',(27.1726718747608,15.7960309341042,13.4403875204441));
#6639=CARTESIAN_POINT('Ctrl Pts',(27.0860348391529,15.8044304695632,13.5687771736579));
#6640=CARTESIAN_POINT('Ctrl Pts',(26.8851640041081,15.8086329682039,13.7707537230527));
#6641=CARTESIAN_POINT('Ctrl Pts',(26.7584236515852,15.804949430834,13.8578607603756));
#6642=CARTESIAN_POINT('Ctrl Pts',(26.5445579037728,15.7992604248404,13.94679761126));
#6643=CARTESIAN_POINT('Ctrl Pts',(26.4661499998044,15.7973186176482,13.9697538735261));
#6644=CARTESIAN_POINT('Ctrl Pts',(26.3875000013333,15.7960720992158,13.9839624283934));
#6645=CARTESIAN_POINT('',(32.3875000013333,13.4311790427292,10.878254032135));
#6646=CARTESIAN_POINT('Origin',(26.3875000013333,12.9071681250556,13.7543862628695));
#6647=CARTESIAN_POINT('',(26.3875000013333,18.8143829384525,13.9839624283934));
#6648=CARTESIAN_POINT('Origin',(31.6375000013333,14.2995598912239,13.9282536506653));
#6649=CARTESIAN_POINT('',(31.6375000013333,20.8495606422424,10.878254032135));
#6650=CARTESIAN_POINT('',(31.6375000013333,7.74955914020538,10.878254032135));
#6651=CARTESIAN_POINT('',(31.6375000013333,20.8495606422424,16.9782532691956));
#6652=CARTESIAN_POINT('',(31.6375000013333,20.8495606422424,10.878254032135));
#6653=CARTESIAN_POINT('',(31.6375000013333,7.74955914020538,16.9782532691956));
#6654=CARTESIAN_POINT('',(31.6375000013333,7.74955914020538,16.9782532691956));
#6655=CARTESIAN_POINT('',(31.6375000013333,7.74955914020538,10.878254032135));
#6656=CARTESIAN_POINT('',(31.6375000013333,7.74955914020538,10.878254032135));
#6657=CARTESIAN_POINT('',(31.6375000013333,7.74955914020538,10.878254032135));
#6658=CARTESIAN_POINT('Origin',(41.1875000013333,7.74955914020538,16.9782532691956));
#6659=CARTESIAN_POINT('',(41.1875000013333,7.74955914020538,16.9782532691956));
#6660=CARTESIAN_POINT('',(41.1875000013333,20.8495606422424,16.9782532691956));
#6661=CARTESIAN_POINT('',(41.1875000013333,18.2819710393289,16.9782532691956));
#6662=CARTESIAN_POINT('',(41.1875000013333,7.74955914020538,16.9782532691956));
#6663=CARTESIAN_POINT('',(41.1875000013333,20.8495606422424,16.9782532691956));
#6664=CARTESIAN_POINT('Origin',(41.1875000013333,7.74955914020538,10.878254032135));
#6665=CARTESIAN_POINT('',(41.1875000013333,7.74955914020538,10.878254032135));
#6666=CARTESIAN_POINT('',(41.1875000013333,7.74955914020538,10.8025684846271));
#6667=CARTESIAN_POINT('',(41.1875000013333,7.74955914020538,10.878254032135));
#6668=CARTESIAN_POINT('Origin',(41.1875000013333,20.8495606422424,10.878254032135));
#6669=CARTESIAN_POINT('',(41.1875000013333,20.8495606422424,10.878254032135));
#6670=CARTESIAN_POINT('',(41.1875000013333,24.8319717903475,10.878254032135));
#6671=CARTESIAN_POINT('',(41.1875000013333,20.8495606422424,10.878254032135));
#6672=CARTESIAN_POINT('Origin',(41.1875000013333,20.8495606422424,16.9782532691956));
#6673=CARTESIAN_POINT('',(41.1875000013333,20.8495606422424,13.8525681031574));
#6674=CARTESIAN_POINT('Origin',(31.2346269028062,-0.384814227482525,19.1268829371192));
#6675=CARTESIAN_POINT('',(41.1875000013333,5.99025256576523,19.1268829371192));
#6676=CARTESIAN_POINT('Origin',(19.1875000013333,33.8143829384525,10.7268829371192));
#6677=CARTESIAN_POINT('',(19.1875000013333,33.8143829384525,-0.873117062880798));
#6678=CARTESIAN_POINT('',(19.1875000013333,33.8143829384525,4.9268829371192));
#6679=CARTESIAN_POINT('',(19.1875000013333,18.8143829384525,-0.873117062880799));
#6680=CARTESIAN_POINT('',(19.1875000013333,23.3143829384525,-0.873117062880798));
#6681=CARTESIAN_POINT('',(19.1875000013333,18.8143829384525,9.50000014156103));
#6682=CARTESIAN_POINT('',(19.1875000013333,18.8143829384525,10.7268829371192));
#6683=CARTESIAN_POINT('',(19.1875000013333,18.8143829384525,9.50000014156103));
#6684=CARTESIAN_POINT('Origin',(41.1875000013333,28.8143829384525,10.7268829371192));
#6685=CARTESIAN_POINT('',(41.1875000013333,18.8143829384525,9.50000014156103));
#6686=CARTESIAN_POINT('',(41.1875000013333,18.8143829384525,9.50000014156103));
#6687=CARTESIAN_POINT('',(41.1875000013333,18.8143829384525,-0.873117062880806));
#6688=CARTESIAN_POINT('',(41.1875000013333,18.8143829384525,10.7268829371192));
#6689=CARTESIAN_POINT('',(41.1875000013333,33.8143829384525,-0.873117062880802));
#6690=CARTESIAN_POINT('',(41.1875000013333,15.9118224381525,-0.873117062880804));
#6691=CARTESIAN_POINT('',(41.1875000013333,33.8143829384525,4.9268829371192));
#6692=CARTESIAN_POINT('Origin',(47.1875000013333,33.8143829384525,-0.873117062880804));
#6693=CARTESIAN_POINT('',(38.6875000013333,33.8143829384525,-0.873117062880802));
#6694=CARTESIAN_POINT('',(30.8450223450333,33.8143829384525,14.8060919046192));
#6695=CARTESIAN_POINT('Origin',(26.0941529348562,33.8143534583811,13.1434497173059));
#6696=CARTESIAN_POINT('',(28.1167088840595,33.8143829385279,17.5344053158259));
#6697=CARTESIAN_POINT('Origin',(26.1875000015081,33.8143829411037,12.876882937294));
#6698=CARTESIAN_POINT('',(27.4065795661333,33.8143829384525,17.7259905885192));
#6699=CARTESIAN_POINT('Origin',(26.4540488188354,33.8144522168721,12.7834692899015));
#6700=CARTESIAN_POINT('Origin',(26.1875000013333,33.8143829384525,12.8768829371192));
#6701=CARTESIAN_POINT('Origin',(26.1875000013333,18.8143829384525,12.8768829371192));
#6702=CARTESIAN_POINT('',(25.0625000013333,18.8143829384525,12.8768829371192));
#6703=CARTESIAN_POINT('Origin',(19.1875000013333,18.8143829384525,9.50000014156103));
#6704=CARTESIAN_POINT('',(14.1875000013333,18.8143829384525,9.50000014156104));
#6705=CARTESIAN_POINT('Origin',(30.1875000013333,12.8143829384525,-0.8731170628808));
#6706=CARTESIAN_POINT('',(33.1875000013333,18.8143829384525,-0.873117062880802));
#6707=CARTESIAN_POINT('Origin',(9.18750000133329,18.8143829384525,10.7268829371192));
#6708=CARTESIAN_POINT('Origin',(26.1875000013333,26.1268829370525,12.8768829371192));
#6709=CARTESIAN_POINT('',(21.6875000013195,25.8143829384285,12.8768829371192));
#6710=CARTESIAN_POINT('Origin',(26.1875000013333,25.8143829384525,12.8768829371192));
#6711=CARTESIAN_POINT('',(21.1462341263333,26.1268829370525,12.8768829371192));
#6712=CARTESIAN_POINT('Origin',(26.1875000013333,23.8143829384525,12.8768829371192));
#6713=CARTESIAN_POINT('Ctrl Pts',(28.116708882437,33.8143829387158,17.5344053166307));
#6714=CARTESIAN_POINT('Ctrl Pts',(29.0431477097353,33.7818964962918,17.1506618007172));
#6715=CARTESIAN_POINT('Ctrl Pts',(29.7522132873333,33.7518829370525,16.4415962231192));
#6716=CARTESIAN_POINT('Ctrl Pts',(31.2287658763333,33.6893829370525,14.9650436341192));
#6717=CARTESIAN_POINT('Ctrl Pts',(31.2287658763333,33.6268829370525,12.8768829371192));
#6718=CARTESIAN_POINT('Ctrl Pts',(30.8450223450414,33.8143829384271,14.8060919046235));
#6719=CARTESIAN_POINT('Ctrl Pts',(31.0868429259073,33.7939112178608,14.222285392461));
#6720=CARTESIAN_POINT('Ctrl Pts',(31.2167607459679,33.7736204476453,13.5981728936224));
#6721=CARTESIAN_POINT('Ctrl Pts',(31.2285015940043,33.7536705915199,12.9365000245717));
#6722=CARTESIAN_POINT('Ctrl Pts',(31.2287658763333,33.7527749573019,12.9066858431317));
#6723=CARTESIAN_POINT('Ctrl Pts',(31.2287658763333,33.7518829370525,12.8768829371192));
#6724=CARTESIAN_POINT('Origin',(26.1875000013333,33.3143829384525,12.8768829371192));
#6725=CARTESIAN_POINT('Ctrl Pts',(27.4065701094158,33.8143836985192,17.7259937496572));
#6726=CARTESIAN_POINT('Ctrl Pts',(27.7788208528429,33.7844616208656,17.6015556662124));
#6727=CARTESIAN_POINT('Ctrl Pts',(28.1348359982042,33.753861102899,17.4331309762506));
#6728=CARTESIAN_POINT('Ctrl Pts',(28.8004886384334,33.6924087814784,17.0147033360275));
#6729=CARTESIAN_POINT('Ctrl Pts',(29.107582823446,33.6617749041404,16.7659158898788));
#6730=CARTESIAN_POINT('Ctrl Pts',(29.5666836292495,33.6119231900349,16.2926671487181));
#6731=CARTESIAN_POINT('Ctrl Pts',(29.7380772172903,33.5921902477578,16.0852093475452));
#6732=CARTESIAN_POINT('Ctrl Pts',(30.1898131497884,33.5300892952089,15.425927672508));
#6733=CARTESIAN_POINT('Ctrl Pts',(30.4118920469897,33.4867372946705,14.9416295426517));
#6734=CARTESIAN_POINT('Ctrl Pts',(30.7167255807543,33.3878758586785,13.7915954552459));
#6735=CARTESIAN_POINT('Ctrl Pts',(30.7169018235954,33.3437847607145,13.2474882626456));
#6736=CARTESIAN_POINT('Ctrl Pts',(30.6875000013333,33.3143829384525,12.8768829371192));
#6737=CARTESIAN_POINT('Ctrl Pts',(21.5290063540028,33.4728765857822,12.8768829371192));
#6738=CARTESIAN_POINT('Ctrl Pts',(21.5375079759504,33.4643749638346,13.2909014279254));
#6739=CARTESIAN_POINT('Ctrl Pts',(21.6016568095788,33.4553930484987,13.7031566779377));
#6740=CARTESIAN_POINT('Ctrl Pts',(21.892260994338,33.4328578945327,14.6769599806855));
#6741=CARTESIAN_POINT('Ctrl Pts',(22.1738354146833,33.4193085252964,15.2124543411368));
#6742=CARTESIAN_POINT('Ctrl Pts',(22.9278945388464,33.3931495162789,16.1484279899532));
#6743=CARTESIAN_POINT('Ctrl Pts',(23.3947967988178,33.3807650024452,16.5399713386514));
#6744=CARTESIAN_POINT('Ctrl Pts',(24.2666537634614,33.3583929067699,17.0130903304509));
#6745=CARTESIAN_POINT('Ctrl Pts',(24.6291946555145,33.3495282776965,17.1534541394626));
#6746=CARTESIAN_POINT('Ctrl Pts',(25.5022539668044,33.329134184428,17.3685883402117));
#6747=CARTESIAN_POINT('Ctrl Pts',(25.9172902162585,33.3201269590753,17.3826269525666));
#6748=CARTESIAN_POINT('Ctrl Pts',(26.1874999151421,33.314382938573,17.3768829372397));
#6749=CARTESIAN_POINT('Origin',(26.1875000013333,23.8143829384525,12.8768829371192));
#6750=CARTESIAN_POINT('',(21.6875000013333,23.8143829384525,12.8768829371192));
#6751=CARTESIAN_POINT('',(21.6875000013333,23.8143829384525,12.8768829371192));
#6752=CARTESIAN_POINT('Origin',(26.1875000013333,23.8143829384525,12.8768829371192));
#6753=CARTESIAN_POINT('Origin',(26.1875000013333,33.8143829384525,12.8768829371192));
#6754=CARTESIAN_POINT('',(21.6875000013333,33.8143829384525,12.8768829371192));
#6755=CARTESIAN_POINT('Origin',(26.1875000013333,33.8143829384525,12.8768829371192));
#6756=CARTESIAN_POINT('',(26.1875000828333,26.5643829357525,17.3768829371192));
#6757=CARTESIAN_POINT('Ctrl Pts',(26.1875000828327,26.5643829357197,17.3768829371192));
#6758=CARTESIAN_POINT('Ctrl Pts',(25.6325406943207,26.5829911370023,17.3768829471701));
#6759=CARTESIAN_POINT('Ctrl Pts',(25.082290799574,26.6028672377905,17.2742244290383));
#6760=CARTESIAN_POINT('Ctrl Pts',(24.0446714602439,26.6432318567832,16.8730065437705));
#6761=CARTESIAN_POINT('Ctrl Pts',(23.5665956166796,26.6633718763915,16.5771023178362));
#6762=CARTESIAN_POINT('Ctrl Pts',(22.7287624468089,26.7020803415067,15.8128010328735));
#6763=CARTESIAN_POINT('Ctrl Pts',(22.3813906921606,26.7219574445063,15.345904305919));
#6764=CARTESIAN_POINT('Ctrl Pts',(21.872238482547,26.764551670611,14.2864984146618));
#6765=CARTESIAN_POINT('Ctrl Pts',(21.7231645589412,26.7862729105869,13.700446137892));
#6766=CARTESIAN_POINT('Ctrl Pts',(21.6893817035906,26.8093160102152,13.0272164189978));
#6767=CARTESIAN_POINT('Ctrl Pts',(21.6875000013333,26.8118636272014,12.9520173050603));
#6768=CARTESIAN_POINT('Ctrl Pts',(21.6875000013333,26.8143829384525,12.8768829371192));
#6769=CARTESIAN_POINT('Origin',(26.1875000013333,26.5643829357525,12.8768829371192));
#6770=CARTESIAN_POINT('Ctrl Pts',(21.6875046461263,33.81438025678,12.8768829371192));
#6771=CARTESIAN_POINT('Ctrl Pts',(21.6875046461263,33.75188025678,14.7408420438829));
#6772=CARTESIAN_POINT('Ctrl Pts',(23.005522770398,33.68938025678,16.0588601680545));
#6773=CARTESIAN_POINT('Ctrl Pts',(24.3235408945696,33.62688025678,17.3768782923261));
#6774=CARTESIAN_POINT('Ctrl Pts',(26.1875000013333,33.56438025678,17.3768782923261));
#6775=CARTESIAN_POINT('Ctrl Pts',(28.051459108097,33.50188025678,17.3768782923261));
#6776=CARTESIAN_POINT('Ctrl Pts',(29.3694772322686,33.43938025678,16.0588601680545));
#6777=CARTESIAN_POINT('Ctrl Pts',(30.6874953565402,33.37688025678,14.7408420438829));
#6778=CARTESIAN_POINT('Ctrl Pts',(30.6874953565402,33.31438025678,12.8768829371192));
#6779=CARTESIAN_POINT('Ctrl Pts',(30.6874953565402,33.25188025678,11.0129238303555));
#6780=CARTESIAN_POINT('Ctrl Pts',(29.3694772322686,33.18938025678,9.69490570618387));
#6781=CARTESIAN_POINT('Ctrl Pts',(28.051459108097,33.12688025678,8.37688758191226));
#6782=CARTESIAN_POINT('Ctrl Pts',(26.1875000013333,33.06438025678,8.37688758191227));
#6783=CARTESIAN_POINT('Ctrl Pts',(24.3235408945696,33.00188025678,8.37688758191227));
#6784=CARTESIAN_POINT('Ctrl Pts',(23.005522770398,32.93938025678,9.69490570618388));
#6785=CARTESIAN_POINT('Ctrl Pts',(21.6875046461263,32.87688025678,11.0129238303555));
#6786=CARTESIAN_POINT('Ctrl Pts',(21.6875046461263,32.8143802567799,12.8768829371192));
#6787=CARTESIAN_POINT('Ctrl Pts',(21.6875046461263,32.7518802567799,14.7408420438829));
#6788=CARTESIAN_POINT('Ctrl Pts',(23.005522770398,32.68938025678,16.0588601680545));
#6789=CARTESIAN_POINT('Ctrl Pts',(24.3235408945696,32.62688025678,17.3768782923261));
#6790=CARTESIAN_POINT('Ctrl Pts',(26.1875000013333,32.56438025678,17.3768782923261));
#6791=CARTESIAN_POINT('Ctrl Pts',(28.051459108097,32.50188025678,17.3768782923261));
#6792=CARTESIAN_POINT('Ctrl Pts',(29.3694772322686,32.43938025678,16.0588601680545));
#6793=CARTESIAN_POINT('Ctrl Pts',(30.6874953565402,32.37688025678,14.7408420438829));
#6794=CARTESIAN_POINT('Ctrl Pts',(30.6874953565402,32.31438025678,12.8768829371192));
#6795=CARTESIAN_POINT('Ctrl Pts',(30.6874953565402,32.25188025678,11.0129238303555));
#6796=CARTESIAN_POINT('Ctrl Pts',(29.3694772322686,32.18938025678,9.69490570618387));
#6797=CARTESIAN_POINT('Ctrl Pts',(28.051459108097,32.12688025678,8.37688758191226));
#6798=CARTESIAN_POINT('Ctrl Pts',(26.1875000013333,32.06438025678,8.37688758191227));
#6799=CARTESIAN_POINT('Ctrl Pts',(24.3235408945696,32.00188025678,8.37688758191227));
#6800=CARTESIAN_POINT('Ctrl Pts',(23.005522770398,31.93938025678,9.69490570618388));
#6801=CARTESIAN_POINT('Ctrl Pts',(21.6875046461263,31.87688025678,11.0129238303555));
#6802=CARTESIAN_POINT('Ctrl Pts',(21.6875046461263,31.8143802567799,12.8768829371192));
#6803=CARTESIAN_POINT('Ctrl Pts',(21.6875046461263,31.75188025678,14.7408420438829));
#6804=CARTESIAN_POINT('Ctrl Pts',(23.005522770398,31.68938025678,16.0588601680545));
#6805=CARTESIAN_POINT('Ctrl Pts',(24.3235408945696,31.62688025678,17.3768782923261));
#6806=CARTESIAN_POINT('Ctrl Pts',(26.1875000013333,31.56438025678,17.3768782923261));
#6807=CARTESIAN_POINT('Ctrl Pts',(28.051459108097,31.50188025678,17.3768782923261));
#6808=CARTESIAN_POINT('Ctrl Pts',(29.3694772322686,31.43938025678,16.0588601680545));
#6809=CARTESIAN_POINT('Ctrl Pts',(30.6874953565402,31.37688025678,14.7408420438829));
#6810=CARTESIAN_POINT('Ctrl Pts',(30.6874953565402,31.3143802567799,12.8768829371192));
#6811=CARTESIAN_POINT('Ctrl Pts',(30.6874953565402,31.25188025678,11.0129238303555));
#6812=CARTESIAN_POINT('Ctrl Pts',(29.3694772322686,31.18938025678,9.69490570618387));
#6813=CARTESIAN_POINT('Ctrl Pts',(28.051459108097,31.12688025678,8.37688758191226));
#6814=CARTESIAN_POINT('Ctrl Pts',(26.1875000013333,31.06438025678,8.37688758191227));
#6815=CARTESIAN_POINT('Ctrl Pts',(24.3235408945696,31.00188025678,8.37688758191227));
#6816=CARTESIAN_POINT('Ctrl Pts',(23.005522770398,30.93938025678,9.69490570618388));
#6817=CARTESIAN_POINT('Ctrl Pts',(21.6875046461263,30.8768802567799,11.0129238303555));
#6818=CARTESIAN_POINT('Ctrl Pts',(21.6875046461263,30.81438025678,12.8768829371192));
#6819=CARTESIAN_POINT('Ctrl Pts',(21.6875046461263,30.75188025678,14.7408420438829));
#6820=CARTESIAN_POINT('Ctrl Pts',(23.005522770398,30.68938025678,16.0588601680545));
#6821=CARTESIAN_POINT('Ctrl Pts',(24.3235408945696,30.62688025678,17.3768782923261));
#6822=CARTESIAN_POINT('Ctrl Pts',(26.1875000013333,30.56438025678,17.3768782923261));
#6823=CARTESIAN_POINT('Ctrl Pts',(28.051459108097,30.50188025678,17.3768782923261));
#6824=CARTESIAN_POINT('Ctrl Pts',(29.3694772322686,30.43938025678,16.0588601680545));
#6825=CARTESIAN_POINT('Ctrl Pts',(30.6874953565402,30.3768802567799,14.7408420438829));
#6826=CARTESIAN_POINT('Ctrl Pts',(30.6874953565402,30.31438025678,12.8768829371192));
#6827=CARTESIAN_POINT('Ctrl Pts',(30.6874953565402,30.25188025678,11.0129238303555));
#6828=CARTESIAN_POINT('Ctrl Pts',(29.3694772322686,30.18938025678,9.69490570618387));
#6829=CARTESIAN_POINT('Ctrl Pts',(28.051459108097,30.12688025678,8.37688758191226));
#6830=CARTESIAN_POINT('Ctrl Pts',(26.1875000013333,30.06438025678,8.37688758191227));
#6831=CARTESIAN_POINT('Ctrl Pts',(24.3235408945696,30.00188025678,8.37688758191227));
#6832=CARTESIAN_POINT('Ctrl Pts',(23.005522770398,29.93938025678,9.69490570618388));
#6833=CARTESIAN_POINT('Ctrl Pts',(21.6875046461263,29.87688025678,11.0129238303555));
#6834=CARTESIAN_POINT('Ctrl Pts',(21.6875046461263,29.81438025678,12.8768829371192));
#6835=CARTESIAN_POINT('Ctrl Pts',(21.6875046461263,29.7518802567799,14.7408420438829));
#6836=CARTESIAN_POINT('Ctrl Pts',(23.005522770398,29.68938025678,16.0588601680545));
#6837=CARTESIAN_POINT('Ctrl Pts',(24.3235408945696,29.62688025678,17.3768782923261));
#6838=CARTESIAN_POINT('Ctrl Pts',(26.1875000013333,29.56438025678,17.3768782923261));
#6839=CARTESIAN_POINT('Ctrl Pts',(28.051459108097,29.50188025678,17.3768782923261));
#6840=CARTESIAN_POINT('Ctrl Pts',(29.3694772322686,29.43938025678,16.0588601680545));
#6841=CARTESIAN_POINT('Ctrl Pts',(30.6874953565402,29.37688025678,14.7408420438829));
#6842=CARTESIAN_POINT('Ctrl Pts',(30.6874953565402,29.31438025678,12.8768829371192));
#6843=CARTESIAN_POINT('Ctrl Pts',(30.6874953565402,29.25188025678,11.0129238303555));
#6844=CARTESIAN_POINT('Ctrl Pts',(29.3694772322686,29.18938025678,9.69490570618387));
#6845=CARTESIAN_POINT('Ctrl Pts',(28.051459108097,29.12688025678,8.37688758191226));
#6846=CARTESIAN_POINT('Ctrl Pts',(26.1875000013333,29.06438025678,8.37688758191227));
#6847=CARTESIAN_POINT('Ctrl Pts',(24.3235408945696,29.00188025678,8.37688758191227));
#6848=CARTESIAN_POINT('Ctrl Pts',(23.005522770398,28.93938025678,9.69490570618388));
#6849=CARTESIAN_POINT('Ctrl Pts',(21.6875046461263,28.8768802567799,11.0129238303555));
#6850=CARTESIAN_POINT('Ctrl Pts',(21.6875046461263,28.8143802567799,12.8768829371192));
#6851=CARTESIAN_POINT('Ctrl Pts',(21.6875046461263,28.75188025678,14.7408420438829));
#6852=CARTESIAN_POINT('Ctrl Pts',(23.005522770398,28.68938025678,16.0588601680545));
#6853=CARTESIAN_POINT('Ctrl Pts',(24.3235408945696,28.62688025678,17.3768782923261));
#6854=CARTESIAN_POINT('Ctrl Pts',(26.1875000013333,28.56438025678,17.3768782923261));
#6855=CARTESIAN_POINT('Ctrl Pts',(28.051459108097,28.50188025678,17.3768782923261));
#6856=CARTESIAN_POINT('Ctrl Pts',(29.3694772322686,28.43938025678,16.0588601680545));
#6857=CARTESIAN_POINT('Ctrl Pts',(30.6874953565402,28.37688025678,14.7408420438829));
#6858=CARTESIAN_POINT('Ctrl Pts',(30.6874953565402,28.31438025678,12.8768829371192));
#6859=CARTESIAN_POINT('Ctrl Pts',(30.6874953565402,28.25188025678,11.0129238303555));
#6860=CARTESIAN_POINT('Ctrl Pts',(29.3694772322686,28.18938025678,9.69490570618387));
#6861=CARTESIAN_POINT('Ctrl Pts',(28.051459108097,28.12688025678,8.37688758191226));
#6862=CARTESIAN_POINT('Ctrl Pts',(26.1875000013333,28.06438025678,8.37688758191227));
#6863=CARTESIAN_POINT('Ctrl Pts',(24.3235408945696,28.00188025678,8.37688758191227));
#6864=CARTESIAN_POINT('Ctrl Pts',(23.005522770398,27.93938025678,9.69490570618388));
#6865=CARTESIAN_POINT('Ctrl Pts',(21.6875046461264,27.8768802567799,11.0129238303555));
#6866=CARTESIAN_POINT('Ctrl Pts',(21.6875046461264,27.81438025678,12.8768829371192));
#6867=CARTESIAN_POINT('Ctrl Pts',(21.6875046461264,27.75188025678,14.7408420438829));
#6868=CARTESIAN_POINT('Ctrl Pts',(23.005522770398,27.68938025678,16.0588601680545));
#6869=CARTESIAN_POINT('Ctrl Pts',(24.3235408945696,27.62688025678,17.3768782923261));
#6870=CARTESIAN_POINT('Ctrl Pts',(26.1875000013333,27.56438025678,17.3768782923261));
#6871=CARTESIAN_POINT('Ctrl Pts',(28.051459108097,27.50188025678,17.3768782923261));
#6872=CARTESIAN_POINT('Ctrl Pts',(29.3694772322686,27.43938025678,16.0588601680545));
#6873=CARTESIAN_POINT('Ctrl Pts',(30.6874953565402,27.37688025678,14.7408420438829));
#6874=CARTESIAN_POINT('Ctrl Pts',(30.6874953565402,27.31438025678,12.8768829371192));
#6875=CARTESIAN_POINT('Ctrl Pts',(30.6874953565402,27.25188025678,11.0129238303555));
#6876=CARTESIAN_POINT('Ctrl Pts',(29.3694772322686,27.18938025678,9.69490570618387));
#6877=CARTESIAN_POINT('Ctrl Pts',(28.051459108097,27.12688025678,8.37688758191226));
#6878=CARTESIAN_POINT('Ctrl Pts',(26.1875000013333,27.06438025678,8.37688758191227));
#6879=CARTESIAN_POINT('Ctrl Pts',(24.3235408945696,27.00188025678,8.37688758191227));
#6880=CARTESIAN_POINT('Ctrl Pts',(23.005522770398,26.93938025678,9.69490570618388));
#6881=CARTESIAN_POINT('Ctrl Pts',(21.6875046461264,26.87688025678,11.0129238303555));
#6882=CARTESIAN_POINT('Ctrl Pts',(21.6875046461264,26.81438025678,12.8768829371192));
#6883=CARTESIAN_POINT('Ctrl Pts',(21.6875046461264,26.75188025678,14.7408420438829));
#6884=CARTESIAN_POINT('Ctrl Pts',(23.005522770398,26.68938025678,16.0588601680545));
#6885=CARTESIAN_POINT('Ctrl Pts',(24.3235408945696,26.62688025678,17.3768782923261));
#6886=CARTESIAN_POINT('Ctrl Pts',(26.1875000013333,26.56438025678,17.3768782923261));
#6887=CARTESIAN_POINT('Ctrl Pts',(28.051459108097,26.50188025678,17.3768782923261));
#6888=CARTESIAN_POINT('Ctrl Pts',(29.3694772322686,26.43938025678,16.0588601680545));
#6889=CARTESIAN_POINT('Ctrl Pts',(30.6874953565402,26.37688025678,14.7408420438829));
#6890=CARTESIAN_POINT('Ctrl Pts',(30.6874953565402,26.31438025678,12.8768829371192));
#6891=CARTESIAN_POINT('Ctrl Pts',(30.6874953565402,26.25188025678,11.0129238303555));
#6892=CARTESIAN_POINT('Ctrl Pts',(29.3694772322686,26.18938025678,9.69490570618387));
#6893=CARTESIAN_POINT('Ctrl Pts',(28.051459108097,26.12688025678,8.37688758191226));
#6894=CARTESIAN_POINT('Ctrl Pts',(26.1875000013333,26.06438025678,8.37688758191227));
#6895=CARTESIAN_POINT('Ctrl Pts',(24.3235408945696,26.00188025678,8.37688758191227));
#6896=CARTESIAN_POINT('Ctrl Pts',(23.005522770398,25.93938025678,9.69490570618388));
#6897=CARTESIAN_POINT('Ctrl Pts',(21.6875046461264,25.87688025678,11.0129238303555));
#6898=CARTESIAN_POINT('Ctrl Pts',(21.6875046461264,25.81438025678,12.8768829371192));
#6899=CARTESIAN_POINT('Ctrl Pts',(21.1462341263333,34.1268829370525,12.8768829371192));
#6900=CARTESIAN_POINT('Ctrl Pts',(21.1462341263333,34.0643829370525,14.9650436341192));
#6901=CARTESIAN_POINT('Ctrl Pts',(22.6227867153333,34.0018829370525,16.4415962231192));
#6902=CARTESIAN_POINT('Ctrl Pts',(24.0993393043333,33.9393829370525,17.9181488121192));
#6903=CARTESIAN_POINT('Ctrl Pts',(26.1875000013333,33.8768829370525,17.9181488121192));
#6904=CARTESIAN_POINT('Ctrl Pts',(28.2756606983333,33.8143829370525,17.9181488121192));
#6905=CARTESIAN_POINT('Ctrl Pts',(29.7522132873333,33.7518829370525,16.4415962231192));
#6906=CARTESIAN_POINT('Ctrl Pts',(31.2287658763333,33.6893829370525,14.9650436341192));
#6907=CARTESIAN_POINT('Ctrl Pts',(31.2287658763333,33.6268829370525,12.8768829371192));
#6908=CARTESIAN_POINT('Ctrl Pts',(31.2287658763333,33.5643829370525,10.7887222401192));
#6909=CARTESIAN_POINT('Ctrl Pts',(29.7522132873333,33.5018829370525,9.3121696511192));
#6910=CARTESIAN_POINT('Ctrl Pts',(28.2756606983333,33.4393829370525,7.8356170621192));
#6911=CARTESIAN_POINT('Ctrl Pts',(26.1875000013333,33.3768829370525,7.8356170621192));
#6912=CARTESIAN_POINT('Ctrl Pts',(24.0993393043333,33.3143829370525,7.8356170621192));
#6913=CARTESIAN_POINT('Ctrl Pts',(22.6227867153333,33.2518829370525,9.3121696511192));
#6914=CARTESIAN_POINT('Ctrl Pts',(21.1462341263333,33.1893829370525,10.7887222401192));
#6915=CARTESIAN_POINT('Ctrl Pts',(21.1462341263333,33.1268829370525,12.8768829371192));
#6916=CARTESIAN_POINT('Ctrl Pts',(21.1462341263333,33.0643829370525,14.9650436341192));
#6917=CARTESIAN_POINT('Ctrl Pts',(22.6227867153333,33.0018829370525,16.4415962231192));
#6918=CARTESIAN_POINT('Ctrl Pts',(24.0993393043333,32.9393829370525,17.9181488121192));
#6919=CARTESIAN_POINT('Ctrl Pts',(26.1875000013333,32.8768829370525,17.9181488121192));
#6920=CARTESIAN_POINT('Ctrl Pts',(28.2756606983333,32.8143829370525,17.9181488121192));
#6921=CARTESIAN_POINT('Ctrl Pts',(29.7522132873333,32.7518829370525,16.4415962231192));
#6922=CARTESIAN_POINT('Ctrl Pts',(31.2287658763333,32.6893829370525,14.9650436341192));
#6923=CARTESIAN_POINT('Ctrl Pts',(31.2287658763333,32.6268829370525,12.8768829371192));
#6924=CARTESIAN_POINT('Ctrl Pts',(31.2287658763333,32.5643829370525,10.7887222401192));
#6925=CARTESIAN_POINT('Ctrl Pts',(29.7522132873333,32.5018829370525,9.3121696511192));
#6926=CARTESIAN_POINT('Ctrl Pts',(28.2756606983333,32.4393829370525,7.8356170621192));
#6927=CARTESIAN_POINT('Ctrl Pts',(26.1875000013333,32.3768829370525,7.8356170621192));
#6928=CARTESIAN_POINT('Ctrl Pts',(24.0993393043333,32.3143829370525,7.8356170621192));
#6929=CARTESIAN_POINT('Ctrl Pts',(22.6227867153333,32.2518829370525,9.3121696511192));
#6930=CARTESIAN_POINT('Ctrl Pts',(21.1462341263333,32.1893829370525,10.7887222401192));
#6931=CARTESIAN_POINT('Ctrl Pts',(21.1462341263333,32.1268829370525,12.8768829371192));
#6932=CARTESIAN_POINT('Ctrl Pts',(21.1462341263333,32.0643829370525,14.9650436341192));
#6933=CARTESIAN_POINT('Ctrl Pts',(22.6227867153333,32.0018829370525,16.4415962231192));
#6934=CARTESIAN_POINT('Ctrl Pts',(24.0993393043333,31.9393829370525,17.9181488121192));
#6935=CARTESIAN_POINT('Ctrl Pts',(26.1875000013333,31.8768829370525,17.9181488121192));
#6936=CARTESIAN_POINT('Ctrl Pts',(28.2756606983333,31.8143829370525,17.9181488121192));
#6937=CARTESIAN_POINT('Ctrl Pts',(29.7522132873333,31.7518829370525,16.4415962231192));
#6938=CARTESIAN_POINT('Ctrl Pts',(31.2287658763333,31.6893829370525,14.9650436341192));
#6939=CARTESIAN_POINT('Ctrl Pts',(31.2287658763333,31.6268829370525,12.8768829371192));
#6940=CARTESIAN_POINT('Ctrl Pts',(31.2287658763333,31.5643829370525,10.7887222401192));
#6941=CARTESIAN_POINT('Ctrl Pts',(29.7522132873333,31.5018829370525,9.3121696511192));
#6942=CARTESIAN_POINT('Ctrl Pts',(28.2756606983333,31.4393829370525,7.8356170621192));
#6943=CARTESIAN_POINT('Ctrl Pts',(26.1875000013333,31.3768829370525,7.8356170621192));
#6944=CARTESIAN_POINT('Ctrl Pts',(24.0993393043333,31.3143829370525,7.8356170621192));
#6945=CARTESIAN_POINT('Ctrl Pts',(22.6227867153333,31.2518829370525,9.3121696511192));
#6946=CARTESIAN_POINT('Ctrl Pts',(21.1462341263333,31.1893829370525,10.7887222401192));
#6947=CARTESIAN_POINT('Ctrl Pts',(21.1462341263333,31.1268829370525,12.8768829371192));
#6948=CARTESIAN_POINT('Ctrl Pts',(21.1462341263333,31.0643829370525,14.9650436341192));
#6949=CARTESIAN_POINT('Ctrl Pts',(22.6227867153333,31.0018829370525,16.4415962231192));
#6950=CARTESIAN_POINT('Ctrl Pts',(24.0993393043333,30.9393829370525,17.9181488121192));
#6951=CARTESIAN_POINT('Ctrl Pts',(26.1875000013333,30.8768829370525,17.9181488121192));
#6952=CARTESIAN_POINT('Ctrl Pts',(28.2756606983333,30.8143829370525,17.9181488121192));
#6953=CARTESIAN_POINT('Ctrl Pts',(29.7522132873333,30.7518829370525,16.4415962231192));
#6954=CARTESIAN_POINT('Ctrl Pts',(31.2287658763333,30.6893829370525,14.9650436341192));
#6955=CARTESIAN_POINT('Ctrl Pts',(31.2287658763333,30.6268829370525,12.8768829371192));
#6956=CARTESIAN_POINT('Ctrl Pts',(31.2287658763333,30.5643829370525,10.7887222401192));
#6957=CARTESIAN_POINT('Ctrl Pts',(29.7522132873333,30.5018829370525,9.3121696511192));
#6958=CARTESIAN_POINT('Ctrl Pts',(28.2756606983333,30.4393829370525,7.8356170621192));
#6959=CARTESIAN_POINT('Ctrl Pts',(26.1875000013333,30.3768829370525,7.8356170621192));
#6960=CARTESIAN_POINT('Ctrl Pts',(24.0993393043333,30.3143829370525,7.8356170621192));
#6961=CARTESIAN_POINT('Ctrl Pts',(22.6227867153333,30.2518829370525,9.3121696511192));
#6962=CARTESIAN_POINT('Ctrl Pts',(21.1462341263333,30.1893829370525,10.7887222401192));
#6963=CARTESIAN_POINT('Ctrl Pts',(21.1462341263333,30.1268829370525,12.8768829371192));
#6964=CARTESIAN_POINT('Ctrl Pts',(21.1462341263333,30.0643829370525,14.9650436341192));
#6965=CARTESIAN_POINT('Ctrl Pts',(22.6227867153333,30.0018829370525,16.4415962231192));
#6966=CARTESIAN_POINT('Ctrl Pts',(24.0993393043333,29.9393829370525,17.9181488121192));
#6967=CARTESIAN_POINT('Ctrl Pts',(26.1875000013333,29.8768829370525,17.9181488121192));
#6968=CARTESIAN_POINT('Ctrl Pts',(28.2756606983333,29.8143829370525,17.9181488121192));
#6969=CARTESIAN_POINT('Ctrl Pts',(29.7522132873333,29.7518829370525,16.4415962231192));
#6970=CARTESIAN_POINT('Ctrl Pts',(31.2287658763333,29.6893829370525,14.9650436341192));
#6971=CARTESIAN_POINT('Ctrl Pts',(31.2287658763333,29.6268829370525,12.8768829371192));
#6972=CARTESIAN_POINT('Ctrl Pts',(31.2287658763333,29.5643829370525,10.7887222401192));
#6973=CARTESIAN_POINT('Ctrl Pts',(29.7522132873333,29.5018829370525,9.3121696511192));
#6974=CARTESIAN_POINT('Ctrl Pts',(28.2756606983333,29.4393829370525,7.8356170621192));
#6975=CARTESIAN_POINT('Ctrl Pts',(26.1875000013333,29.3768829370525,7.8356170621192));
#6976=CARTESIAN_POINT('Ctrl Pts',(24.0993393043333,29.3143829370525,7.8356170621192));
#6977=CARTESIAN_POINT('Ctrl Pts',(22.6227867153333,29.2518829370525,9.3121696511192));
#6978=CARTESIAN_POINT('Ctrl Pts',(21.1462341263333,29.1893829370525,10.7887222401192));
#6979=CARTESIAN_POINT('Ctrl Pts',(21.1462341263333,29.1268829370525,12.8768829371192));
#6980=CARTESIAN_POINT('Ctrl Pts',(21.1462341263333,29.0643829370525,14.9650436341192));
#6981=CARTESIAN_POINT('Ctrl Pts',(22.6227867153333,29.0018829370525,16.4415962231192));
#6982=CARTESIAN_POINT('Ctrl Pts',(24.0993393043333,28.9393829370525,17.9181488121192));
#6983=CARTESIAN_POINT('Ctrl Pts',(26.1875000013333,28.8768829370525,17.9181488121192));
#6984=CARTESIAN_POINT('Ctrl Pts',(28.2756606983333,28.8143829370525,17.9181488121192));
#6985=CARTESIAN_POINT('Ctrl Pts',(29.7522132873333,28.7518829370525,16.4415962231192));
#6986=CARTESIAN_POINT('Ctrl Pts',(31.2287658763333,28.6893829370525,14.9650436341192));
#6987=CARTESIAN_POINT('Ctrl Pts',(31.2287658763333,28.6268829370525,12.8768829371192));
#6988=CARTESIAN_POINT('Ctrl Pts',(31.2287658763333,28.5643829370525,10.7887222401192));
#6989=CARTESIAN_POINT('Ctrl Pts',(29.7522132873333,28.5018829370525,9.3121696511192));
#6990=CARTESIAN_POINT('Ctrl Pts',(28.2756606983333,28.4393829370525,7.8356170621192));
#6991=CARTESIAN_POINT('Ctrl Pts',(26.1875000013333,28.3768829370525,7.8356170621192));
#6992=CARTESIAN_POINT('Ctrl Pts',(24.0993393043333,28.3143829370525,7.8356170621192));
#6993=CARTESIAN_POINT('Ctrl Pts',(22.6227867153333,28.2518829370525,9.3121696511192));
#6994=CARTESIAN_POINT('Ctrl Pts',(21.1462341263333,28.1893829370525,10.7887222401192));
#6995=CARTESIAN_POINT('Ctrl Pts',(21.1462341263333,28.1268829370525,12.8768829371192));
#6996=CARTESIAN_POINT('Ctrl Pts',(21.1462341263333,28.0643829370525,14.9650436341192));
#6997=CARTESIAN_POINT('Ctrl Pts',(22.6227867153333,28.0018829370525,16.4415962231192));
#6998=CARTESIAN_POINT('Ctrl Pts',(24.0993393043333,27.9393829370525,17.9181488121192));
#6999=CARTESIAN_POINT('Ctrl Pts',(26.1875000013333,27.8768829370525,17.9181488121192));
#7000=CARTESIAN_POINT('Ctrl Pts',(28.2756606983333,27.8143829370525,17.9181488121192));
#7001=CARTESIAN_POINT('Ctrl Pts',(29.7522132873333,27.7518829370525,16.4415962231192));
#7002=CARTESIAN_POINT('Ctrl Pts',(31.2287658763333,27.6893829370525,14.9650436341192));
#7003=CARTESIAN_POINT('Ctrl Pts',(31.2287658763333,27.6268829370525,12.8768829371192));
#7004=CARTESIAN_POINT('Ctrl Pts',(31.2287658763333,27.5643829370525,10.7887222401192));
#7005=CARTESIAN_POINT('Ctrl Pts',(29.7522132873333,27.5018829370525,9.3121696511192));
#7006=CARTESIAN_POINT('Ctrl Pts',(28.2756606983333,27.4393829370525,7.8356170621192));
#7007=CARTESIAN_POINT('Ctrl Pts',(26.1875000013333,27.3768829370525,7.8356170621192));
#7008=CARTESIAN_POINT('Ctrl Pts',(24.0993393043333,27.3143829370525,7.8356170621192));
#7009=CARTESIAN_POINT('Ctrl Pts',(22.6227867153333,27.2518829370525,9.3121696511192));
#7010=CARTESIAN_POINT('Ctrl Pts',(21.1462341263333,27.1893829370525,10.7887222401192));
#7011=CARTESIAN_POINT('Ctrl Pts',(21.1462341263333,27.1268829370525,12.8768829371192));
#7012=CARTESIAN_POINT('Ctrl Pts',(21.1462341263333,27.0643829370525,14.9650436341192));
#7013=CARTESIAN_POINT('Ctrl Pts',(22.6227867153333,27.0018829370525,16.4415962231192));
#7014=CARTESIAN_POINT('Ctrl Pts',(24.0993393043333,26.9393829370525,17.9181488121192));
#7015=CARTESIAN_POINT('Ctrl Pts',(26.1875000013333,26.8768829370525,17.9181488121192));
#7016=CARTESIAN_POINT('Ctrl Pts',(28.2756606983333,26.8143829370525,17.9181488121192));
#7017=CARTESIAN_POINT('Ctrl Pts',(29.7522132873333,26.7518829370525,16.4415962231192));
#7018=CARTESIAN_POINT('Ctrl Pts',(31.2287658763333,26.6893829370525,14.9650436341192));
#7019=CARTESIAN_POINT('Ctrl Pts',(31.2287658763333,26.6268829370525,12.8768829371192));
#7020=CARTESIAN_POINT('Ctrl Pts',(31.2287658763333,26.5643829370525,10.7887222401192));
#7021=CARTESIAN_POINT('Ctrl Pts',(29.7522132873333,26.5018829370525,9.3121696511192));
#7022=CARTESIAN_POINT('Ctrl Pts',(28.2756606983333,26.4393829370525,7.8356170621192));
#7023=CARTESIAN_POINT('Ctrl Pts',(26.1875000013333,26.3768829370525,7.8356170621192));
#7024=CARTESIAN_POINT('Ctrl Pts',(24.0993393043333,26.3143829370525,7.8356170621192));
#7025=CARTESIAN_POINT('Ctrl Pts',(22.6227867153333,26.2518829370525,9.3121696511192));
#7026=CARTESIAN_POINT('Ctrl Pts',(21.1462341263333,26.1893829370525,10.7887222401192));
#7027=CARTESIAN_POINT('Ctrl Pts',(21.1462341263333,26.1268829370525,12.8768829371192));
#7028=CARTESIAN_POINT('Ctrl Pts',(22.6227867153037,26.2518829370771,9.31216965108861));
#7029=CARTESIAN_POINT('Ctrl Pts',(22.7955022278887,26.255445960319,9.14818172738825));
#7030=CARTESIAN_POINT('Ctrl Pts',(22.9753851817737,26.2590283126979,9.00042156473731));
#7031=CARTESIAN_POINT('Ctrl Pts',(23.3505756128984,26.2662731238175,8.73362719215074));
#7032=CARTESIAN_POINT('Ctrl Pts',(23.543428246265,26.269893616806,8.61534386411518));
#7033=CARTESIAN_POINT('Ctrl Pts',(24.1363912083711,26.2807364427705,8.30498063461691));
#7034=CARTESIAN_POINT('Ctrl Pts',(24.5548119426955,26.2880265310897,8.15271341815665));
#7035=CARTESIAN_POINT('Ctrl Pts',(25.5765176980064,26.3050291200579,7.92871714105466));
#7036=CARTESIAN_POINT('Ctrl Pts',(26.231388313812,26.3147068833021,7.89648451319714));
#7037=CARTESIAN_POINT('Ctrl Pts',(27.5388413922782,26.3361121396986,8.12884476255763));
#7038=CARTESIAN_POINT('Ctrl Pts',(28.1380066794841,26.3468367641736,8.36202273897886));
#7039=CARTESIAN_POINT('Ctrl Pts',(29.173047568637,26.3672285144798,9.02020789709976));
#7040=CARTESIAN_POINT('Ctrl Pts',(29.6487855752603,26.3769045915416,9.44891477525841));
#7041=CARTESIAN_POINT('Ctrl Pts',(30.2140230990975,26.3930692054184,10.2518848226087));
#7042=CARTESIAN_POINT('Ctrl Pts',(30.3666005670411,26.398269740429,10.5205549630376));
#7043=CARTESIAN_POINT('Ctrl Pts',(30.7474446871543,26.4142124999652,11.3742997515476));
#7044=CARTESIAN_POINT('Ctrl Pts',(30.887434012697,26.4249795762699,11.9912663204169));
#7045=CARTESIAN_POINT('Ctrl Pts',(30.9123648425702,26.4402247200943,12.9260065627903));
#7046=CARTESIAN_POINT('Ctrl Pts',(30.890650001914,26.4451261224784,13.2343806918475));
#7047=CARTESIAN_POINT('Ctrl Pts',(30.7379929161195,26.4602543383976,14.1201566823463));
#7048=CARTESIAN_POINT('Ctrl Pts',(30.528667589405,26.4706197993186,14.6766648803654));
#7049=CARTESIAN_POINT('Ctrl Pts',(29.9187770479322,26.4909998984487,15.6739092211177));
#7050=CARTESIAN_POINT('Ctrl Pts',(29.5079638524007,26.5008592340663,16.1389178608771));
#7051=CARTESIAN_POINT('Ctrl Pts',(28.584860174388,26.5204141210297,16.8061244864484));
#7052=CARTESIAN_POINT('Ctrl Pts',(28.1388107284779,26.52927309632,17.0288024634075));
#7053=CARTESIAN_POINT('Ctrl Pts',(27.1874164571704,26.5471228698192,17.3232915796308));
#7054=CARTESIAN_POINT('Ctrl Pts',(26.6879722772039,26.5559923331826,17.3914158780125));
#7055=CARTESIAN_POINT('Ctrl Pts',(26.1875000828322,26.5643829357361,17.3768829371475));
#7056=CARTESIAN_POINT('Ctrl Pts',(21.1462341263333,34.2518829370525,12.8768829371192));
#7057=CARTESIAN_POINT('Ctrl Pts',(21.1462341263333,34.1893829370525,14.9650436341192));
#7058=CARTESIAN_POINT('Ctrl Pts',(22.6227867153333,34.1268829370525,16.4415962231192));
#7059=CARTESIAN_POINT('Ctrl Pts',(24.0993393043333,34.0643829370525,17.9181488121192));
#7060=CARTESIAN_POINT('Ctrl Pts',(26.1875000013333,34.0018829370525,17.9181488121192));
#7061=CARTESIAN_POINT('Ctrl Pts',(28.2756606983333,33.9393829370525,17.9181488121192));
#7062=CARTESIAN_POINT('Ctrl Pts',(29.7522132873333,33.8768829370525,16.4415962231192));
#7063=CARTESIAN_POINT('Ctrl Pts',(31.2287658763333,33.8143829370525,14.9650436341192));
#7064=CARTESIAN_POINT('Ctrl Pts',(31.2287658763333,33.7518829370525,12.8768829371192));
#7065=CARTESIAN_POINT('Ctrl Pts',(31.2287658763333,33.6893829370525,10.7887222401192));
#7066=CARTESIAN_POINT('Ctrl Pts',(29.7522132873333,33.6268829370525,9.3121696511192));
#7067=CARTESIAN_POINT('Ctrl Pts',(28.2756606983333,33.5643829370525,7.8356170621192));
#7068=CARTESIAN_POINT('Ctrl Pts',(26.1875000013333,33.5018829370525,7.8356170621192));
#7069=CARTESIAN_POINT('Ctrl Pts',(24.0993393043333,33.4393829370525,7.8356170621192));
#7070=CARTESIAN_POINT('Ctrl Pts',(22.6227867153333,33.3768829370525,9.3121696511192));
#7071=CARTESIAN_POINT('Ctrl Pts',(21.1462341263333,33.3143829370525,10.7887222401192));
#7072=CARTESIAN_POINT('Ctrl Pts',(21.1462341263333,33.2518829370525,12.8768829371192));
#7073=CARTESIAN_POINT('Ctrl Pts',(21.1462341263333,33.1893829370525,14.9650436341192));
#7074=CARTESIAN_POINT('Ctrl Pts',(22.6227867153333,33.1268829370525,16.4415962231192));
#7075=CARTESIAN_POINT('Ctrl Pts',(24.0993393043333,33.0643829370525,17.9181488121192));
#7076=CARTESIAN_POINT('Ctrl Pts',(26.1875000013333,33.0018829370525,17.9181488121192));
#7077=CARTESIAN_POINT('Ctrl Pts',(28.2756606983333,32.9393829370525,17.9181488121192));
#7078=CARTESIAN_POINT('Ctrl Pts',(29.7522132873333,32.8768829370525,16.4415962231192));
#7079=CARTESIAN_POINT('Ctrl Pts',(31.2287658763333,32.8143829370525,14.9650436341192));
#7080=CARTESIAN_POINT('Ctrl Pts',(31.2287658763333,32.7518829370525,12.8768829371192));
#7081=CARTESIAN_POINT('Ctrl Pts',(31.2287658763333,32.6893829370525,10.7887222401192));
#7082=CARTESIAN_POINT('Ctrl Pts',(29.7522132873333,32.6268829370525,9.3121696511192));
#7083=CARTESIAN_POINT('Ctrl Pts',(28.2756606983333,32.5643829370525,7.8356170621192));
#7084=CARTESIAN_POINT('Ctrl Pts',(26.1875000013333,32.5018829370525,7.8356170621192));
#7085=CARTESIAN_POINT('Ctrl Pts',(24.0993393043333,32.4393829370525,7.8356170621192));
#7086=CARTESIAN_POINT('Ctrl Pts',(22.6227867153333,32.3768829370525,9.3121696511192));
#7087=CARTESIAN_POINT('Ctrl Pts',(21.1462341263333,32.3143829370525,10.7887222401192));
#7088=CARTESIAN_POINT('Ctrl Pts',(21.1462341263333,32.2518829370525,12.8768829371192));
#7089=CARTESIAN_POINT('Ctrl Pts',(21.1462341263333,32.1893829370525,14.9650436341192));
#7090=CARTESIAN_POINT('Ctrl Pts',(22.6227867153333,32.1268829370525,16.4415962231192));
#7091=CARTESIAN_POINT('Ctrl Pts',(24.0993393043333,32.0643829370525,17.9181488121192));
#7092=CARTESIAN_POINT('Ctrl Pts',(26.1875000013333,32.0018829370525,17.9181488121192));
#7093=CARTESIAN_POINT('Ctrl Pts',(28.2756606983333,31.9393829370525,17.9181488121192));
#7094=CARTESIAN_POINT('Ctrl Pts',(29.7522132873333,31.8768829370525,16.4415962231192));
#7095=CARTESIAN_POINT('Ctrl Pts',(31.2287658763333,31.8143829370525,14.9650436341192));
#7096=CARTESIAN_POINT('Ctrl Pts',(31.2287658763333,31.7518829370525,12.8768829371192));
#7097=CARTESIAN_POINT('Ctrl Pts',(31.2287658763333,31.6893829370525,10.7887222401192));
#7098=CARTESIAN_POINT('Ctrl Pts',(29.7522132873333,31.6268829370525,9.3121696511192));
#7099=CARTESIAN_POINT('Ctrl Pts',(28.2756606983333,31.5643829370525,7.8356170621192));
#7100=CARTESIAN_POINT('Ctrl Pts',(26.1875000013333,31.5018829370525,7.8356170621192));
#7101=CARTESIAN_POINT('Ctrl Pts',(24.0993393043333,31.4393829370525,7.8356170621192));
#7102=CARTESIAN_POINT('Ctrl Pts',(22.6227867153333,31.3768829370525,9.3121696511192));
#7103=CARTESIAN_POINT('Ctrl Pts',(21.1462341263333,31.3143829370525,10.7887222401192));
#7104=CARTESIAN_POINT('Ctrl Pts',(21.1462341263333,31.2518829370525,12.8768829371192));
#7105=CARTESIAN_POINT('Ctrl Pts',(21.1462341263333,31.1893829370525,14.9650436341192));
#7106=CARTESIAN_POINT('Ctrl Pts',(22.6227867153333,31.1268829370525,16.4415962231192));
#7107=CARTESIAN_POINT('Ctrl Pts',(24.0993393043333,31.0643829370525,17.9181488121192));
#7108=CARTESIAN_POINT('Ctrl Pts',(26.1875000013333,31.0018829370525,17.9181488121192));
#7109=CARTESIAN_POINT('Ctrl Pts',(28.2756606983333,30.9393829370525,17.9181488121192));
#7110=CARTESIAN_POINT('Ctrl Pts',(29.7522132873333,30.8768829370525,16.4415962231192));
#7111=CARTESIAN_POINT('Ctrl Pts',(31.2287658763333,30.8143829370525,14.9650436341192));
#7112=CARTESIAN_POINT('Ctrl Pts',(31.2287658763333,30.7518829370525,12.8768829371192));
#7113=CARTESIAN_POINT('Ctrl Pts',(31.2287658763333,30.6893829370525,10.7887222401192));
#7114=CARTESIAN_POINT('Ctrl Pts',(29.7522132873333,30.6268829370525,9.3121696511192));
#7115=CARTESIAN_POINT('Ctrl Pts',(28.2756606983333,30.5643829370525,7.8356170621192));
#7116=CARTESIAN_POINT('Ctrl Pts',(26.1875000013333,30.5018829370525,7.8356170621192));
#7117=CARTESIAN_POINT('Ctrl Pts',(24.0993393043333,30.4393829370525,7.8356170621192));
#7118=CARTESIAN_POINT('Ctrl Pts',(22.6227867153333,30.3768829370525,9.3121696511192));
#7119=CARTESIAN_POINT('Ctrl Pts',(21.1462341263333,30.3143829370525,10.7887222401192));
#7120=CARTESIAN_POINT('Ctrl Pts',(21.1462341263333,30.2518829370525,12.8768829371192));
#7121=CARTESIAN_POINT('Ctrl Pts',(21.1462341263333,30.1893829370525,14.9650436341192));
#7122=CARTESIAN_POINT('Ctrl Pts',(22.6227867153333,30.1268829370525,16.4415962231192));
#7123=CARTESIAN_POINT('Ctrl Pts',(24.0993393043333,30.0643829370525,17.9181488121192));
#7124=CARTESIAN_POINT('Ctrl Pts',(26.1875000013333,30.0018829370525,17.9181488121192));
#7125=CARTESIAN_POINT('Ctrl Pts',(28.2756606983333,29.9393829370525,17.9181488121192));
#7126=CARTESIAN_POINT('Ctrl Pts',(29.7522132873333,29.8768829370525,16.4415962231192));
#7127=CARTESIAN_POINT('Ctrl Pts',(31.2287658763333,29.8143829370525,14.9650436341192));
#7128=CARTESIAN_POINT('Ctrl Pts',(31.2287658763333,29.7518829370525,12.8768829371192));
#7129=CARTESIAN_POINT('Ctrl Pts',(31.2287658763333,29.6893829370525,10.7887222401192));
#7130=CARTESIAN_POINT('Ctrl Pts',(29.7522132873333,29.6268829370525,9.3121696511192));
#7131=CARTESIAN_POINT('Ctrl Pts',(28.2756606983333,29.5643829370525,7.8356170621192));
#7132=CARTESIAN_POINT('Ctrl Pts',(26.1875000013333,29.5018829370525,7.8356170621192));
#7133=CARTESIAN_POINT('Ctrl Pts',(24.0993393043333,29.4393829370525,7.8356170621192));
#7134=CARTESIAN_POINT('Ctrl Pts',(22.6227867153333,29.3768829370525,9.3121696511192));
#7135=CARTESIAN_POINT('Ctrl Pts',(21.1462341263333,29.3143829370525,10.7887222401192));
#7136=CARTESIAN_POINT('Ctrl Pts',(21.1462341263333,29.2518829370525,12.8768829371192));
#7137=CARTESIAN_POINT('Ctrl Pts',(21.1462341263333,29.1893829370525,14.9650436341192));
#7138=CARTESIAN_POINT('Ctrl Pts',(22.6227867153333,29.1268829370525,16.4415962231192));
#7139=CARTESIAN_POINT('Ctrl Pts',(24.0993393043333,29.0643829370525,17.9181488121192));
#7140=CARTESIAN_POINT('Ctrl Pts',(26.1875000013333,29.0018829370525,17.9181488121192));
#7141=CARTESIAN_POINT('Ctrl Pts',(28.2756606983333,28.9393829370525,17.9181488121192));
#7142=CARTESIAN_POINT('Ctrl Pts',(29.7522132873333,28.8768829370525,16.4415962231192));
#7143=CARTESIAN_POINT('Ctrl Pts',(31.2287658763333,28.8143829370525,14.9650436341192));
#7144=CARTESIAN_POINT('Ctrl Pts',(31.2287658763333,28.7518829370525,12.8768829371192));
#7145=CARTESIAN_POINT('Ctrl Pts',(31.2287658763333,28.6893829370525,10.7887222401192));
#7146=CARTESIAN_POINT('Ctrl Pts',(29.7522132873333,28.6268829370525,9.3121696511192));
#7147=CARTESIAN_POINT('Ctrl Pts',(28.2756606983333,28.5643829370525,7.8356170621192));
#7148=CARTESIAN_POINT('Ctrl Pts',(26.1875000013333,28.5018829370525,7.8356170621192));
#7149=CARTESIAN_POINT('Ctrl Pts',(24.0993393043333,28.4393829370525,7.8356170621192));
#7150=CARTESIAN_POINT('Ctrl Pts',(22.6227867153333,28.3768829370525,9.3121696511192));
#7151=CARTESIAN_POINT('Ctrl Pts',(21.1462341263333,28.3143829370525,10.7887222401192));
#7152=CARTESIAN_POINT('Ctrl Pts',(21.1462341263333,28.2518829370525,12.8768829371192));
#7153=CARTESIAN_POINT('Ctrl Pts',(21.1462341263333,28.1893829370525,14.9650436341192));
#7154=CARTESIAN_POINT('Ctrl Pts',(22.6227867153333,28.1268829370525,16.4415962231192));
#7155=CARTESIAN_POINT('Ctrl Pts',(24.0993393043333,28.0643829370525,17.9181488121192));
#7156=CARTESIAN_POINT('Ctrl Pts',(26.1875000013333,28.0018829370525,17.9181488121192));
#7157=CARTESIAN_POINT('Ctrl Pts',(28.2756606983333,27.9393829370525,17.9181488121192));
#7158=CARTESIAN_POINT('Ctrl Pts',(29.7522132873333,27.8768829370525,16.4415962231192));
#7159=CARTESIAN_POINT('Ctrl Pts',(31.2287658763333,27.8143829370525,14.9650436341192));
#7160=CARTESIAN_POINT('Ctrl Pts',(31.2287658763333,27.7518829370525,12.8768829371192));
#7161=CARTESIAN_POINT('Ctrl Pts',(31.2287658763333,27.6893829370525,10.7887222401192));
#7162=CARTESIAN_POINT('Ctrl Pts',(29.7522132873333,27.6268829370525,9.3121696511192));
#7163=CARTESIAN_POINT('Ctrl Pts',(28.2756606983333,27.5643829370525,7.8356170621192));
#7164=CARTESIAN_POINT('Ctrl Pts',(26.1875000013333,27.5018829370525,7.8356170621192));
#7165=CARTESIAN_POINT('Ctrl Pts',(24.0993393043333,27.4393829370525,7.8356170621192));
#7166=CARTESIAN_POINT('Ctrl Pts',(22.6227867153333,27.3768829370525,9.3121696511192));
#7167=CARTESIAN_POINT('Ctrl Pts',(21.1462341263333,27.3143829370525,10.7887222401192));
#7168=CARTESIAN_POINT('Ctrl Pts',(21.1462341263333,27.2518829370525,12.8768829371192));
#7169=CARTESIAN_POINT('Ctrl Pts',(21.1462341263333,27.1893829370525,14.9650436341192));
#7170=CARTESIAN_POINT('Ctrl Pts',(22.6227867153333,27.1268829370525,16.4415962231192));
#7171=CARTESIAN_POINT('Ctrl Pts',(24.0993393043333,27.0643829370525,17.9181488121192));
#7172=CARTESIAN_POINT('Ctrl Pts',(26.1875000013333,27.0018829370525,17.9181488121192));
#7173=CARTESIAN_POINT('Ctrl Pts',(28.2756606983333,26.9393829370525,17.9181488121192));
#7174=CARTESIAN_POINT('Ctrl Pts',(29.7522132873333,26.8768829370525,16.4415962231192));
#7175=CARTESIAN_POINT('Ctrl Pts',(31.2287658763333,26.8143829370525,14.9650436341192));
#7176=CARTESIAN_POINT('Ctrl Pts',(31.2287658763333,26.7518829370525,12.8768829371192));
#7177=CARTESIAN_POINT('Ctrl Pts',(31.2287658763333,26.6893829370525,10.7887222401192));
#7178=CARTESIAN_POINT('Ctrl Pts',(29.7522132873333,26.6268829370525,9.3121696511192));
#7179=CARTESIAN_POINT('Ctrl Pts',(28.2756606983333,26.5643829370525,7.8356170621192));
#7180=CARTESIAN_POINT('Ctrl Pts',(26.1875000013333,26.5018829370525,7.8356170621192));
#7181=CARTESIAN_POINT('Ctrl Pts',(24.0993393043333,26.4393829370525,7.8356170621192));
#7182=CARTESIAN_POINT('Ctrl Pts',(22.6227867153333,26.3768829370525,9.3121696511192));
#7183=CARTESIAN_POINT('Ctrl Pts',(21.1462341263333,26.3143829370525,10.7887222401192));
#7184=CARTESIAN_POINT('Ctrl Pts',(21.1462341263333,26.2518829370525,12.8768829371192));
#7185=CARTESIAN_POINT('Ctrl Pts',(21.6875018754966,34.5643840178012,12.8768829371192));
#7186=CARTESIAN_POINT('Ctrl Pts',(21.6875018754966,34.5018840178011,14.7408431915154));
#7187=CARTESIAN_POINT('Ctrl Pts',(23.0055208112668,34.4393840178012,16.0588621271856));
#7188=CARTESIAN_POINT('Ctrl Pts',(24.3235397469371,34.3768840178012,17.3768810629559));
#7189=CARTESIAN_POINT('Ctrl Pts',(26.1875000013333,34.3143840178012,17.3768810629559));
#7190=CARTESIAN_POINT('Ctrl Pts',(28.0514602557294,34.2518840178012,17.3768810629559));
#7191=CARTESIAN_POINT('Ctrl Pts',(29.3694791913997,34.1893840178012,16.0588621271856));
#7192=CARTESIAN_POINT('Ctrl Pts',(30.68749812717,34.1268840178012,14.7408431915154));
#7193=CARTESIAN_POINT('Ctrl Pts',(30.68749812717,34.0643840178012,12.8768829371192));
#7194=CARTESIAN_POINT('Ctrl Pts',(30.68749812717,34.0018840178011,11.012922682723));
#7195=CARTESIAN_POINT('Ctrl Pts',(29.3694791913997,33.9393840178012,9.69490374705276));
#7196=CARTESIAN_POINT('Ctrl Pts',(28.0514602557294,33.8768840178012,8.37688481128247));
#7197=CARTESIAN_POINT('Ctrl Pts',(26.1875000013333,33.8143840178012,8.37688481128247));
#7198=CARTESIAN_POINT('Ctrl Pts',(24.3235397469371,33.7518840178012,8.37688481128247));
#7199=CARTESIAN_POINT('Ctrl Pts',(23.0055208112668,33.6893840178012,9.69490374705276));
#7200=CARTESIAN_POINT('Ctrl Pts',(21.6875018754966,33.6268840178011,11.012922682723));
#7201=CARTESIAN_POINT('Ctrl Pts',(21.6875018754966,33.5643840178011,12.8768829371192));
#7202=CARTESIAN_POINT('Ctrl Pts',(21.6875018754966,33.5018840178012,14.7408431915154));
#7203=CARTESIAN_POINT('Ctrl Pts',(23.0055208112668,33.4393840178012,16.0588621271856));
#7204=CARTESIAN_POINT('Ctrl Pts',(24.3235397469371,33.3768840178012,17.3768810629559));
#7205=CARTESIAN_POINT('Ctrl Pts',(26.1875000013333,33.3143840178012,17.3768810629559));
#7206=CARTESIAN_POINT('Ctrl Pts',(28.0514602557294,33.2518840178012,17.3768810629559));
#7207=CARTESIAN_POINT('Ctrl Pts',(29.3694791913997,33.1893840178012,16.0588621271856));
#7208=CARTESIAN_POINT('Ctrl Pts',(30.68749812717,33.1268840178012,14.7408431915154));
#7209=CARTESIAN_POINT('Ctrl Pts',(30.68749812717,33.0643840178012,12.8768829371192));
#7210=CARTESIAN_POINT('Ctrl Pts',(30.68749812717,33.0018840178012,11.012922682723));
#7211=CARTESIAN_POINT('Ctrl Pts',(29.3694791913997,32.9393840178012,9.69490374705276));
#7212=CARTESIAN_POINT('Ctrl Pts',(28.0514602557294,32.8768840178012,8.37688481128247));
#7213=CARTESIAN_POINT('Ctrl Pts',(26.1875000013333,32.8143840178012,8.37688481128247));
#7214=CARTESIAN_POINT('Ctrl Pts',(24.3235397469371,32.7518840178011,8.37688481128247));
#7215=CARTESIAN_POINT('Ctrl Pts',(23.0055208112668,32.6893840178012,9.69490374705276));
#7216=CARTESIAN_POINT('Ctrl Pts',(21.6875018754966,32.6268840178011,11.012922682723));
#7217=CARTESIAN_POINT('Ctrl Pts',(21.6875018754966,32.5643840178011,12.8768829371192));
#7218=CARTESIAN_POINT('Ctrl Pts',(21.6875018754966,32.5018840178011,14.7408431915154));
#7219=CARTESIAN_POINT('Ctrl Pts',(23.0055208112668,32.4393840178011,16.0588621271856));
#7220=CARTESIAN_POINT('Ctrl Pts',(24.3235397469371,32.3768840178012,17.3768810629559));
#7221=CARTESIAN_POINT('Ctrl Pts',(26.1875000013333,32.3143840178011,17.3768810629559));
#7222=CARTESIAN_POINT('Ctrl Pts',(28.0514602557294,32.2518840178012,17.3768810629559));
#7223=CARTESIAN_POINT('Ctrl Pts',(29.3694791913997,32.1893840178011,16.0588621271856));
#7224=CARTESIAN_POINT('Ctrl Pts',(30.68749812717,32.1268840178011,14.7408431915154));
#7225=CARTESIAN_POINT('Ctrl Pts',(30.68749812717,32.0643840178011,12.8768829371192));
#7226=CARTESIAN_POINT('Ctrl Pts',(30.68749812717,32.0018840178011,11.012922682723));
#7227=CARTESIAN_POINT('Ctrl Pts',(29.3694791913997,31.9393840178012,9.69490374705276));
#7228=CARTESIAN_POINT('Ctrl Pts',(28.0514602557294,31.8768840178011,8.37688481128247));
#7229=CARTESIAN_POINT('Ctrl Pts',(26.1875000013333,31.8143840178011,8.37688481128247));
#7230=CARTESIAN_POINT('Ctrl Pts',(24.3235397469371,31.7518840178012,8.37688481128247));
#7231=CARTESIAN_POINT('Ctrl Pts',(23.0055208112668,31.6893840178011,9.69490374705276));
#7232=CARTESIAN_POINT('Ctrl Pts',(21.6875018754966,31.6268840178011,11.012922682723));
#7233=CARTESIAN_POINT('Ctrl Pts',(21.6875018754966,31.5643840178011,12.8768829371192));
#7234=CARTESIAN_POINT('Ctrl Pts',(21.6875018754966,31.5018840178011,14.7408431915154));
#7235=CARTESIAN_POINT('Ctrl Pts',(23.0055208112668,31.4393840178012,16.0588621271856));
#7236=CARTESIAN_POINT('Ctrl Pts',(24.3235397469371,31.3768840178011,17.3768810629559));
#7237=CARTESIAN_POINT('Ctrl Pts',(26.1875000013333,31.3143840178012,17.3768810629559));
#7238=CARTESIAN_POINT('Ctrl Pts',(28.0514602557294,31.2518840178011,17.3768810629559));
#7239=CARTESIAN_POINT('Ctrl Pts',(29.3694791913997,31.1893840178011,16.0588621271856));
#7240=CARTESIAN_POINT('Ctrl Pts',(30.68749812717,31.1268840178012,14.7408431915154));
#7241=CARTESIAN_POINT('Ctrl Pts',(30.68749812717,31.0643840178011,12.8768829371192));
#7242=CARTESIAN_POINT('Ctrl Pts',(30.68749812717,31.0018840178012,11.012922682723));
#7243=CARTESIAN_POINT('Ctrl Pts',(29.3694791913997,30.9393840178011,9.69490374705276));
#7244=CARTESIAN_POINT('Ctrl Pts',(28.0514602557294,30.8768840178011,8.37688481128247));
#7245=CARTESIAN_POINT('Ctrl Pts',(26.1875000013333,30.8143840178012,8.37688481128247));
#7246=CARTESIAN_POINT('Ctrl Pts',(24.3235397469371,30.7518840178011,8.37688481128247));
#7247=CARTESIAN_POINT('Ctrl Pts',(23.0055208112668,30.6893840178012,9.69490374705276));
#7248=CARTESIAN_POINT('Ctrl Pts',(21.6875018754966,30.6268840178011,11.012922682723));
#7249=CARTESIAN_POINT('Ctrl Pts',(21.6875018754966,30.5643840178011,12.8768829371192));
#7250=CARTESIAN_POINT('Ctrl Pts',(21.6875018754966,30.5018840178011,14.7408431915154));
#7251=CARTESIAN_POINT('Ctrl Pts',(23.0055208112668,30.4393840178011,16.0588621271856));
#7252=CARTESIAN_POINT('Ctrl Pts',(24.3235397469371,30.3768840178012,17.3768810629559));
#7253=CARTESIAN_POINT('Ctrl Pts',(26.1875000013333,30.3143840178012,17.3768810629559));
#7254=CARTESIAN_POINT('Ctrl Pts',(28.0514602557294,30.2518840178012,17.3768810629559));
#7255=CARTESIAN_POINT('Ctrl Pts',(29.3694791913997,30.1893840178012,16.0588621271856));
#7256=CARTESIAN_POINT('Ctrl Pts',(30.68749812717,30.1268840178011,14.7408431915154));
#7257=CARTESIAN_POINT('Ctrl Pts',(30.68749812717,30.0643840178012,12.8768829371192));
#7258=CARTESIAN_POINT('Ctrl Pts',(30.68749812717,30.0018840178011,11.012922682723));
#7259=CARTESIAN_POINT('Ctrl Pts',(29.3694791913997,29.9393840178011,9.69490374705276));
#7260=CARTESIAN_POINT('Ctrl Pts',(28.0514602557294,29.8768840178012,8.37688481128247));
#7261=CARTESIAN_POINT('Ctrl Pts',(26.1875000013333,29.8143840178011,8.37688481128247));
#7262=CARTESIAN_POINT('Ctrl Pts',(24.3235397469371,29.7518840178012,8.37688481128247));
#7263=CARTESIAN_POINT('Ctrl Pts',(23.0055208112668,29.6893840178011,9.69490374705276));
#7264=CARTESIAN_POINT('Ctrl Pts',(21.6875018754966,29.6268840178011,11.012922682723));
#7265=CARTESIAN_POINT('Ctrl Pts',(21.6875018754966,29.5643840178011,12.8768829371192));
#7266=CARTESIAN_POINT('Ctrl Pts',(21.6875018754966,29.5018840178011,14.7408431915154));
#7267=CARTESIAN_POINT('Ctrl Pts',(23.0055208112668,29.4393840178012,16.0588621271856));
#7268=CARTESIAN_POINT('Ctrl Pts',(24.3235397469371,29.3768840178012,17.3768810629559));
#7269=CARTESIAN_POINT('Ctrl Pts',(26.1875000013333,29.3143840178011,17.3768810629559));
#7270=CARTESIAN_POINT('Ctrl Pts',(28.0514602557294,29.2518840178012,17.3768810629559));
#7271=CARTESIAN_POINT('Ctrl Pts',(29.3694791913997,29.1893840178011,16.0588621271856));
#7272=CARTESIAN_POINT('Ctrl Pts',(30.68749812717,29.1268840178012,14.7408431915154));
#7273=CARTESIAN_POINT('Ctrl Pts',(30.68749812717,29.0643840178011,12.8768829371192));
#7274=CARTESIAN_POINT('Ctrl Pts',(30.68749812717,29.0018840178011,11.012922682723));
#7275=CARTESIAN_POINT('Ctrl Pts',(29.3694791913997,28.9393840178012,9.69490374705276));
#7276=CARTESIAN_POINT('Ctrl Pts',(28.0514602557294,28.8768840178012,8.37688481128247));
#7277=CARTESIAN_POINT('Ctrl Pts',(26.1875000013333,28.8143840178012,8.37688481128247));
#7278=CARTESIAN_POINT('Ctrl Pts',(24.3235397469371,28.7518840178011,8.37688481128247));
#7279=CARTESIAN_POINT('Ctrl Pts',(23.0055208112668,28.6893840178011,9.69490374705276));
#7280=CARTESIAN_POINT('Ctrl Pts',(21.6875018754966,28.6268840178011,11.012922682723));
#7281=CARTESIAN_POINT('Ctrl Pts',(21.6875018754966,28.5643840178011,12.8768829371192));
#7282=CARTESIAN_POINT('Ctrl Pts',(21.6875018754966,28.5018840178011,14.7408431915154));
#7283=CARTESIAN_POINT('Ctrl Pts',(23.0055208112668,28.4393840178011,16.0588621271856));
#7284=CARTESIAN_POINT('Ctrl Pts',(24.3235397469371,28.3768840178011,17.3768810629559));
#7285=CARTESIAN_POINT('Ctrl Pts',(26.1875000013333,28.3143840178011,17.3768810629559));
#7286=CARTESIAN_POINT('Ctrl Pts',(28.0514602557294,28.2518840178011,17.3768810629559));
#7287=CARTESIAN_POINT('Ctrl Pts',(29.3694791913997,28.1893840178012,16.0588621271856));
#7288=CARTESIAN_POINT('Ctrl Pts',(30.68749812717,28.1268840178011,14.7408431915154));
#7289=CARTESIAN_POINT('Ctrl Pts',(30.68749812717,28.0643840178011,12.8768829371192));
#7290=CARTESIAN_POINT('Ctrl Pts',(30.68749812717,28.0018840178011,11.012922682723));
#7291=CARTESIAN_POINT('Ctrl Pts',(29.3694791913997,27.9393840178012,9.69490374705276));
#7292=CARTESIAN_POINT('Ctrl Pts',(28.0514602557295,27.8768840178012,8.37688481128247));
#7293=CARTESIAN_POINT('Ctrl Pts',(26.1875000013333,27.8143840178011,8.37688481128247));
#7294=CARTESIAN_POINT('Ctrl Pts',(24.3235397469371,27.7518840178011,8.37688481128247));
#7295=CARTESIAN_POINT('Ctrl Pts',(23.0055208112668,27.6893840178012,9.69490374705276));
#7296=CARTESIAN_POINT('Ctrl Pts',(21.6875018754966,27.6268840178011,11.012922682723));
#7297=CARTESIAN_POINT('Ctrl Pts',(21.6875018754966,27.5643840178012,12.8768829371192));
#7298=CARTESIAN_POINT('Ctrl Pts',(21.6875018754966,27.5018840178012,14.7408431915154));
#7299=CARTESIAN_POINT('Ctrl Pts',(23.0055208112668,27.4393840178011,16.0588621271856));
#7300=CARTESIAN_POINT('Ctrl Pts',(24.3235397469371,27.3768840178011,17.3768810629559));
#7301=CARTESIAN_POINT('Ctrl Pts',(26.1875000013333,27.3143840178011,17.3768810629559));
#7302=CARTESIAN_POINT('Ctrl Pts',(28.0514602557295,27.2518840178012,17.3768810629559));
#7303=CARTESIAN_POINT('Ctrl Pts',(29.3694791913997,27.1893840178011,16.0588621271856));
#7304=CARTESIAN_POINT('Ctrl Pts',(30.68749812717,27.1268840178011,14.7408431915154));
#7305=CARTESIAN_POINT('Ctrl Pts',(30.68749812717,27.0643840178011,12.8768829371192));
#7306=CARTESIAN_POINT('Ctrl Pts',(30.68749812717,27.0018840178011,11.012922682723));
#7307=CARTESIAN_POINT('Ctrl Pts',(29.3694791913997,26.9393840178012,9.69490374705276));
#7308=CARTESIAN_POINT('Ctrl Pts',(28.0514602557295,26.8768840178011,8.37688481128247));
#7309=CARTESIAN_POINT('Ctrl Pts',(26.1875000013333,26.8143840178011,8.37688481128247));
#7310=CARTESIAN_POINT('Ctrl Pts',(24.3235397469371,26.7518840178012,8.37688481128247));
#7311=CARTESIAN_POINT('Ctrl Pts',(23.0055208112668,26.6893840178011,9.69490374705276));
#7312=CARTESIAN_POINT('Ctrl Pts',(21.6875018754966,26.6268840178012,11.012922682723));
#7313=CARTESIAN_POINT('Ctrl Pts',(21.6875018754966,26.5643840178011,12.8768829371192));
#7314=CARTESIAN_POINT('',(21.4168670638333,26.4081329364525,12.8768829371192));
#7315=CARTESIAN_POINT('Origin',(26.1875000013333,26.5643829357525,12.8768829371192));
#7316=UNCERTAINTY_MEASURE_WITH_UNIT(LENGTH_MEASURE(0.01),#7320,
'DISTANCE_ACCURACY_VALUE',
'Maximum model space distance between geometric entities at asserted c
onnectivities');
#7317=UNCERTAINTY_MEASURE_WITH_UNIT(LENGTH_MEASURE(0.01),#7320,
'DISTANCE_ACCURACY_VALUE',
'Maximum model space distance between geometric entities at asserted c
onnectivities');
#7318=(
GEOMETRIC_REPRESENTATION_CONTEXT(3)
GLOBAL_UNCERTAINTY_ASSIGNED_CONTEXT((#7316))
GLOBAL_UNIT_ASSIGNED_CONTEXT((#7320,#7322,#7323))
REPRESENTATION_CONTEXT('','3D')
);
#7319=(
GEOMETRIC_REPRESENTATION_CONTEXT(3)
GLOBAL_UNCERTAINTY_ASSIGNED_CONTEXT((#7317))
GLOBAL_UNIT_ASSIGNED_CONTEXT((#7320,#7322,#7323))
REPRESENTATION_CONTEXT('','3D')
);
#7320=(
LENGTH_UNIT()
NAMED_UNIT(*)
SI_UNIT(.MILLI.,.METRE.)
);
#7321=(
LENGTH_UNIT()
NAMED_UNIT(*)
SI_UNIT($,.METRE.)
);
#7322=(
NAMED_UNIT(*)
PLANE_ANGLE_UNIT()
SI_UNIT($,.RADIAN.)
);
#7323=(
NAMED_UNIT(*)
SI_UNIT($,.STERADIAN.)
SOLID_ANGLE_UNIT()
);
#7324=SHAPE_DEFINITION_REPRESENTATION(#7325,#7326);
#7325=PRODUCT_DEFINITION_SHAPE('',$,#7328);
#7326=SHAPE_REPRESENTATION('',(#3021),#7318);
#7327=PRODUCT_DEFINITION_CONTEXT('part definition',#7332,'design');
#7328=PRODUCT_DEFINITION('2026-09-29-19-54-33-525','Extruder',#7329,#7327);
#7329=PRODUCT_DEFINITION_FORMATION('',$,#7334);
#7330=PRODUCT_RELATED_PRODUCT_CATEGORY('Extruder','Extruder',(#7334));
#7331=APPLICATION_PROTOCOL_DEFINITION('international standard',
'automotive_design',2009,#7332);
#7332=APPLICATION_CONTEXT(
'Core Data for Automotive Mechanical Design Process');
#7333=PRODUCT_CONTEXT('part definition',#7332,'mechanical');
#7334=PRODUCT('2026-09-29-19-54-33-525','Extruder',$,(#7333));
#7335=PRESENTATION_STYLE_ASSIGNMENT((#7340));
#7336=PRESENTATION_STYLE_ASSIGNMENT((#7341));
#7337=PRESENTATION_STYLE_ASSIGNMENT((#7342));
#7338=PRESENTATION_STYLE_ASSIGNMENT((#7343));
#7339=PRESENTATION_STYLE_ASSIGNMENT((#7344));
#7340=SURFACE_STYLE_USAGE(.BOTH.,#7345);
#7341=SURFACE_STYLE_USAGE(.BOTH.,#7346);
#7342=SURFACE_STYLE_USAGE(.BOTH.,#7347);
#7343=SURFACE_STYLE_USAGE(.BOTH.,#7348);
#7344=SURFACE_STYLE_USAGE(.BOTH.,#7349);
#7345=SURFACE_SIDE_STYLE('',(#7350));
#7346=SURFACE_SIDE_STYLE('',(#7351));
#7347=SURFACE_SIDE_STYLE('',(#7352));
#7348=SURFACE_SIDE_STYLE('',(#7353));
#7349=SURFACE_SIDE_STYLE('',(#7354));
#7350=SURFACE_STYLE_FILL_AREA(#7355);
#7351=SURFACE_STYLE_FILL_AREA(#7356);
#7352=SURFACE_STYLE_FILL_AREA(#7357);
#7353=SURFACE_STYLE_FILL_AREA(#7358);
#7354=SURFACE_STYLE_FILL_AREA(#7359);
#7355=FILL_AREA_STYLE('Steel - Satin',(#7360));
#7356=FILL_AREA_STYLE('Opaque(255,0,0) (1)',(#7361));
#7357=FILL_AREA_STYLE('Opaque(255,0,0)',(#7362));
#7358=FILL_AREA_STYLE('Opaque(198,193,188)',(#7363));
#7359=FILL_AREA_STYLE('Opaque(23,57,107)',(#7364));
#7360=FILL_AREA_STYLE_COLOUR('Steel - Satin',#7365);
#7361=FILL_AREA_STYLE_COLOUR('Opaque(255,0,0) (1)',#7366);
#7362=FILL_AREA_STYLE_COLOUR('Opaque(255,0,0)',#7367);
#7363=FILL_AREA_STYLE_COLOUR('Opaque(198,193,188)',#7368);
#7364=FILL_AREA_STYLE_COLOUR('Opaque(23,57,107)',#7369);
#7365=COLOUR_RGB('Steel - Satin',0.627450980392157,0.627450980392157,0.627450980392157);
#7366=COLOUR_RGB('Opaque(255,0,0) (1)',0.125490196078431,0.12156862745098,
0.12156862745098);
#7367=COLOUR_RGB('Opaque(255,0,0)',1.,0.,0.);
#7368=COLOUR_RGB('Opaque(198,193,188)',0.776470588235294,0.756862745098039,
0.737254901960784);
#7369=COLOUR_RGB('Opaque(23,57,107)',0.0901960784313725,0.223529411764706,
0.419607843137255);
ENDSEC;
END-ISO-10303-21;
