ISO-10303-21;
HEADER;
/* Generated by software containing ST-Developer
 * from STEP Tools, Inc. (www.steptools.com) 
 */

FILE_DESCRIPTION(
/* description */ (''),
/* implementation_level */ '2;1');

FILE_NAME(
/* name */ 'Bowden_In_0.7.step',
/* time_stamp */ '2026-10-03T11:20:53-05:00',
/* author */ (''),
/* organization */ (''),
/* preprocessor_version */ 'ST-DEVELOPER v20.1',
/* originating_system */ 'Autodesk Translation Framework v15.8.0.0',
/* authorisation */ '');

FILE_SCHEMA (('AUTOMOTIVE_DESIGN { 1 0 10303 214 3 1 1 }'));
ENDSEC;

DATA;
#10=MECHANICAL_DESIGN_GEOMETRIC_PRESENTATION_REPRESENTATION('',(#13),#6284);
#11=SHAPE_REPRESENTATION_RELATIONSHIP('SRR','None',#6291,#12);
#12=ADVANCED_BREP_SHAPE_REPRESENTATION('',(#14),#6283);
#13=STYLED_ITEM('',(#6302),#14);
#14=MANIFOLD_SOLID_BREP('Bowden_In_0.7',#2573);
#15=(
BOUNDED_SURFACE()
B_SPLINE_SURFACE(1,2,((#5735,#5736,#5737,#5738,#5739,#5740,#5741,#5742,
#5743,#5744,#5745,#5746,#5747,#5748,#5749,#5750,#5751,#5752,#5753,#5754,
#5755,#5756,#5757,#5758,#5759,#5760,#5761,#5762,#5763,#5764,#5765,#5766,
#5767,#5768,#5769,#5770,#5771,#5772,#5773,#5774,#5775,#5776,#5777,#5778,
#5779,#5780,#5781,#5782,#5783,#5784,#5785,#5786,#5787,#5788,#5789,#5790,
#5791,#5792,#5793,#5794,#5795,#5796,#5797,#5798,#5799,#5800,#5801,#5802,
#5803,#5804,#5805,#5806,#5807,#5808,#5809,#5810,#5811,#5812,#5813,#5814,
#5815,#5816,#5817,#5818,#5819,#5820,#5821,#5822,#5823,#5824,#5825,#5826,
#5827,#5828,#5829,#5830,#5831,#5832,#5833,#5834,#5835,#5836,#5837,#5838,
#5839,#5840,#5841,#5842,#5843,#5844,#5845,#5846,#5847,#5848,#5849,#5850,
#5851,#5852,#5853,#5854,#5855,#5856,#5857,#5858,#5859,#5860,#5861,#5862,
#5863),(#5864,#5865,#5866,#5867,#5868,#5869,#5870,#5871,#5872,#5873,#5874,
#5875,#5876,#5877,#5878,#5879,#5880,#5881,#5882,#5883,#5884,#5885,#5886,
#5887,#5888,#5889,#5890,#5891,#5892,#5893,#5894,#5895,#5896,#5897,#5898,
#5899,#5900,#5901,#5902,#5903,#5904,#5905,#5906,#5907,#5908,#5909,#5910,
#5911,#5912,#5913,#5914,#5915,#5916,#5917,#5918,#5919,#5920,#5921,#5922,
#5923,#5924,#5925,#5926,#5927,#5928,#5929,#5930,#5931,#5932,#5933,#5934,
#5935,#5936,#5937,#5938,#5939,#5940,#5941,#5942,#5943,#5944,#5945,#5946,
#5947,#5948,#5949,#5950,#5951,#5952,#5953,#5954,#5955,#5956,#5957,#5958,
#5959,#5960,#5961,#5962,#5963,#5964,#5965,#5966,#5967,#5968,#5969,#5970,
#5971,#5972,#5973,#5974,#5975,#5976,#5977,#5978,#5979,#5980,#5981,#5982,
#5983,#5984,#5985,#5986,#5987,#5988,#5989,#5990,#5991,#5992)),
 .UNSPECIFIED.,.F.,.F.,.F.)
B_SPLINE_SURFACE_WITH_KNOTS((2,2),(3,2,2,2,2,2,2,2,2,2,2,2,2,2,2,2,2,2,
2,2,2,2,2,2,2,2,2,2,2,2,2,2,2,2,2,2,2,2,2,2,2,2,2,2,2,2,2,2,2,2,2,2,2,2,
2,2,2,2,2,2,2,2,2,2,3),(-8.58135211900797E-6,1.),(0.,0.015625,0.03125,0.046875,
0.0625,0.078125,0.09375,0.109375,0.125,0.140625,0.15625,0.171875,0.1875,
0.203125,0.21875,0.234375,0.25,0.265625,0.28125,0.296875,0.3125,0.328125,
0.34375,0.359375,0.375,0.390625,0.40625,0.421875,0.4375,0.453125,0.46875,
0.484375,0.5,0.515625,0.53125,0.546875,0.5625,0.578125,0.59375,0.609375,
0.625,0.640625,0.65625,0.671875,0.6875,0.703125,0.71875,0.734375,0.75,0.765625,
0.78125,0.796875,0.8125,0.828125,0.84375,0.859375,0.875,0.890625,0.90625,
0.921875,0.9375,0.953125,0.96875,0.984375,1.),.UNSPECIFIED.)
GEOMETRIC_REPRESENTATION_ITEM()
RATIONAL_B_SPLINE_SURFACE(((1.,0.9238795325,1.,0.9238795325,1.,0.9238795325,
1.,0.9238795325,1.,0.9238795325,1.,0.9238795325,1.,0.9238795325,1.,0.9238795325,
1.,0.9238795325,1.,0.9238795325,1.,0.9238795325,1.,0.9238795325,1.,0.9238795325,
1.,0.9238795325,1.,0.9238795325,1.,0.9238795325,1.,0.9238795325,1.,0.9238795325,
1.,0.9238795325,1.,0.9238795325,1.,0.9238795325,1.,0.9238795325,1.,0.9238795325,
1.,0.9238795325,1.,0.9238795325,1.,0.9238795325,1.,0.9238795325,1.,0.9238795325,
1.,0.9238795325,1.,0.9238795325,1.,0.9238795325,1.,0.9238795325,1.,0.9238795325,
1.,0.9238795325,1.,0.9238795325,1.,0.9238795325,1.,0.9238795325,1.,0.9238795325,
1.,0.9238795325,1.,0.9238795325,1.,0.9238795325,1.,0.9238795325,1.,0.9238795325,
1.,0.9238795325,1.,0.9238795325,1.,0.9238795325,1.,0.9238795325,1.,0.9238795325,
1.,0.9238795325,1.,0.9238795325,1.,0.9238795325,1.,0.9238795325,1.,0.9238795325,
1.,0.9238795325,1.,0.9238795325,1.,0.9238795325,1.,0.9238795325,1.,0.9238795325,
1.,0.9238795325,1.,0.9238795325,1.,0.9238795325,1.,0.9238795325,1.,0.9238795325,
1.,0.9238795325,1.),(1.,0.9238795325,1.,0.9238795325,1.,0.9238795325,1.,
0.9238795325,1.,0.9238795325,1.,0.9238795325,1.,0.9238795325,1.,0.9238795325,
1.,0.9238795325,1.,0.9238795325,1.,0.9238795325,1.,0.9238795325,1.,0.9238795325,
1.,0.9238795325,1.,0.9238795325,1.,0.9238795325,1.,0.9238795325,1.,0.9238795325,
1.,0.9238795325,1.,0.9238795325,1.,0.9238795325,1.,0.9238795325,1.,0.9238795325,
1.,0.9238795325,1.,0.9238795325,1.,0.9238795325,1.,0.9238795325,1.,0.9238795325,
1.,0.9238795325,1.,0.9238795325,1.,0.9238795325,1.,0.9238795325,1.,0.9238795325,
1.,0.9238795325,1.,0.9238795325,1.,0.9238795325,1.,0.9238795325,1.,0.9238795325,
1.,0.9238795325,1.,0.9238795325,1.,0.9238795325,1.,0.9238795325,1.,0.9238795325,
1.,0.9238795325,1.,0.9238795325,1.,0.9238795325,1.,0.9238795325,1.,0.9238795325,
1.,0.9238795325,1.,0.9238795325,1.,0.9238795325,1.,0.9238795325,1.,0.9238795325,
1.,0.9238795325,1.,0.9238795325,1.,0.9238795325,1.,0.9238795325,1.,0.9238795325,
1.,0.9238795325,1.,0.9238795325,1.,0.9238795325,1.,0.9238795325,1.,0.9238795325,
1.,0.9238795325,1.)))
REPRESENTATION_ITEM('')
SURFACE()
);
#16=(
BOUNDED_SURFACE()
B_SPLINE_SURFACE(1,2,((#6021,#6022,#6023,#6024,#6025,#6026,#6027,#6028,
#6029,#6030,#6031,#6032,#6033,#6034,#6035,#6036,#6037,#6038,#6039,#6040,
#6041,#6042,#6043,#6044,#6045,#6046,#6047,#6048,#6049,#6050,#6051,#6052,
#6053,#6054,#6055,#6056,#6057,#6058,#6059,#6060,#6061,#6062,#6063,#6064,
#6065,#6066,#6067,#6068,#6069,#6070,#6071,#6072,#6073,#6074,#6075,#6076,
#6077,#6078,#6079,#6080,#6081,#6082,#6083,#6084,#6085,#6086,#6087,#6088,
#6089,#6090,#6091,#6092,#6093,#6094,#6095,#6096,#6097,#6098,#6099,#6100,
#6101,#6102,#6103,#6104,#6105,#6106,#6107,#6108,#6109,#6110,#6111,#6112,
#6113,#6114,#6115,#6116,#6117,#6118,#6119,#6120,#6121,#6122,#6123,#6124,
#6125,#6126,#6127,#6128,#6129,#6130,#6131,#6132,#6133,#6134,#6135,#6136,
#6137,#6138,#6139,#6140,#6141,#6142,#6143,#6144,#6145,#6146,#6147,#6148,
#6149),(#6150,#6151,#6152,#6153,#6154,#6155,#6156,#6157,#6158,#6159,#6160,
#6161,#6162,#6163,#6164,#6165,#6166,#6167,#6168,#6169,#6170,#6171,#6172,
#6173,#6174,#6175,#6176,#6177,#6178,#6179,#6180,#6181,#6182,#6183,#6184,
#6185,#6186,#6187,#6188,#6189,#6190,#6191,#6192,#6193,#6194,#6195,#6196,
#6197,#6198,#6199,#6200,#6201,#6202,#6203,#6204,#6205,#6206,#6207,#6208,
#6209,#6210,#6211,#6212,#6213,#6214,#6215,#6216,#6217,#6218,#6219,#6220,
#6221,#6222,#6223,#6224,#6225,#6226,#6227,#6228,#6229,#6230,#6231,#6232,
#6233,#6234,#6235,#6236,#6237,#6238,#6239,#6240,#6241,#6242,#6243,#6244,
#6245,#6246,#6247,#6248,#6249,#6250,#6251,#6252,#6253,#6254,#6255,#6256,
#6257,#6258,#6259,#6260,#6261,#6262,#6263,#6264,#6265,#6266,#6267,#6268,
#6269,#6270,#6271,#6272,#6273,#6274,#6275,#6276,#6277,#6278)),
 .UNSPECIFIED.,.F.,.F.,.F.)
B_SPLINE_SURFACE_WITH_KNOTS((2,2),(3,2,2,2,2,2,2,2,2,2,2,2,2,2,2,2,2,2,
2,2,2,2,2,2,2,2,2,2,2,2,2,2,2,2,2,2,2,2,2,2,2,2,2,2,2,2,2,2,2,2,2,2,2,2,
2,2,2,2,2,2,2,2,2,2,3),(0.,1.00000346255575),(0.,0.015625,0.03125,0.046875,
0.0625,0.078125,0.09375,0.109375,0.125,0.140625,0.15625,0.171875,0.1875,
0.203125,0.21875,0.234375,0.25,0.265625,0.28125,0.296875,0.3125,0.328125,
0.34375,0.359375,0.375,0.390625,0.40625,0.421875,0.4375,0.453125,0.46875,
0.484375,0.5,0.515625,0.53125,0.546875,0.5625,0.578125,0.59375,0.609375,
0.625,0.640625,0.65625,0.671875,0.6875,0.703125,0.71875,0.734375,0.75,0.765625,
0.78125,0.796875,0.8125,0.828125,0.84375,0.859375,0.875,0.890625,0.90625,
0.921875,0.9375,0.953125,0.96875,0.984375,1.),.UNSPECIFIED.)
GEOMETRIC_REPRESENTATION_ITEM()
RATIONAL_B_SPLINE_SURFACE(((1.,0.9238795325,1.,0.9238795325,1.,0.9238795325,
1.,0.9238795325,1.,0.9238795325,1.,0.9238795325,1.,0.9238795325,1.,0.9238795325,
1.,0.9238795325,1.,0.9238795325,1.,0.9238795325,1.,0.9238795325,1.,0.9238795325,
1.,0.9238795325,1.,0.9238795325,1.,0.9238795325,1.,0.9238795325,1.,0.9238795325,
1.,0.9238795325,1.,0.9238795325,1.,0.9238795325,1.,0.9238795325,1.,0.9238795325,
1.,0.9238795325,1.,0.9238795325,1.,0.9238795325,1.,0.9238795325,1.,0.9238795325,
1.,0.9238795325,1.,0.9238795325,1.,0.9238795325,1.,0.9238795325,1.,0.9238795325,
1.,0.9238795325,1.,0.9238795325,1.,0.9238795325,1.,0.9238795325,1.,0.9238795325,
1.,0.9238795325,1.,0.9238795325,1.,0.9238795325,1.,0.9238795325,1.,0.9238795325,
1.,0.9238795325,1.,0.9238795325,1.,0.9238795325,1.,0.9238795325,1.,0.9238795325,
1.,0.9238795325,1.,0.9238795325,1.,0.9238795325,1.,0.9238795325,1.,0.9238795325,
1.,0.9238795325,1.,0.9238795325,1.,0.9238795325,1.,0.9238795325,1.,0.9238795325,
1.,0.9238795325,1.,0.9238795325,1.,0.9238795325,1.,0.9238795325,1.,0.9238795325,
1.,0.9238795325,1.),(1.,0.9238795325,1.,0.9238795325,1.,0.9238795325,1.,
0.9238795325,1.,0.9238795325,1.,0.9238795325,1.,0.9238795325,1.,0.9238795325,
1.,0.9238795325,1.,0.9238795325,1.,0.9238795325,1.,0.9238795325,1.,0.9238795325,
1.,0.9238795325,1.,0.9238795325,1.,0.9238795325,1.,0.9238795325,1.,0.9238795325,
1.,0.9238795325,1.,0.9238795325,1.,0.9238795325,1.,0.9238795325,1.,0.9238795325,
1.,0.9238795325,1.,0.9238795325,1.,0.9238795325,1.,0.9238795325,1.,0.9238795325,
1.,0.9238795325,1.,0.9238795325,1.,0.9238795325,1.,0.9238795325,1.,0.9238795325,
1.,0.9238795325,1.,0.9238795325,1.,0.9238795325,1.,0.9238795325,1.,0.9238795325,
1.,0.9238795325,1.,0.9238795325,1.,0.9238795325,1.,0.9238795325,1.,0.9238795325,
1.,0.9238795325,1.,0.9238795325,1.,0.9238795325,1.,0.9238795325,1.,0.9238795325,
1.,0.9238795325,1.,0.9238795325,1.,0.9238795325,1.,0.9238795325,1.,0.9238795325,
1.,0.9238795325,1.,0.9238795325,1.,0.9238795325,1.,0.9238795325,1.,0.9238795325,
1.,0.9238795325,1.,0.9238795325,1.,0.9238795325,1.,0.9238795325,1.,0.9238795325,
1.,0.9238795325,1.)))
REPRESENTATION_ITEM('')
SURFACE()
);
#17=B_SPLINE_SURFACE_WITH_KNOTS('',3,1,((#4321,#4322),(#4323,#4324),(#4325,
#4326),(#4327,#4328),(#4329,#4330)),.UNSPECIFIED.,.F.,.F.,.F.,(4,1,4),(2,
2),(0.,0.0195341317879252,0.0394825948443499),(0.,0.04),.UNSPECIFIED.);
#18=B_SPLINE_SURFACE_WITH_KNOTS('',3,1,((#4347,#4348),(#4349,#4350),(#4351,
#4352),(#4353,#4354),(#4355,#4356)),.UNSPECIFIED.,.F.,.F.,.F.,(4,1,4),(2,
2),(0.,0.0222129817351842,0.0425729521573543),(0.,0.04),.UNSPECIFIED.);
#19=B_SPLINE_SURFACE_WITH_KNOTS('',3,1,((#4370,#4371),(#4372,#4373),(#4374,
#4375),(#4376,#4377),(#4378,#4379)),.UNSPECIFIED.,.F.,.F.,.F.,(4,1,4),(2,
2),(0.,0.0514989389083258,0.084001502060691),(0.,0.04),.UNSPECIFIED.);
#20=B_SPLINE_SURFACE_WITH_KNOTS('',3,1,((#4393,#4394),(#4395,#4396),(#4397,
#4398),(#4399,#4400),(#4401,#4402)),.UNSPECIFIED.,.F.,.F.,.F.,(4,1,4),(2,
2),(0.,0.032542772664411,0.0838290599482932),(0.,0.04),.UNSPECIFIED.);
#21=B_SPLINE_SURFACE_WITH_KNOTS('',3,1,((#4416,#4417),(#4418,#4419),(#4420,
#4421),(#4422,#4423),(#4424,#4425)),.UNSPECIFIED.,.F.,.F.,.F.,(4,1,4),(2,
2),(0.,0.0201231716685933,0.042362187440359),(0.,0.04),.UNSPECIFIED.);
#22=B_SPLINE_SURFACE_WITH_KNOTS('',3,1,((#4439,#4440),(#4441,#4442),(#4443,
#4444),(#4445,#4446),(#4447,#4448)),.UNSPECIFIED.,.F.,.F.,.F.,(4,1,4),(2,
2),(0.,0.0221949259774484,0.0423126908562972),(0.,0.04),.UNSPECIFIED.);
#23=B_SPLINE_SURFACE_WITH_KNOTS('',3,1,((#4462,#4463),(#4464,#4465),(#4466,
#4467),(#4468,#4469),(#4470,#4471)),.UNSPECIFIED.,.F.,.F.,.F.,(4,1,4),(2,
2),(0.,0.0513926125529843,0.0839152528559086),(0.,0.04),.UNSPECIFIED.);
#24=B_SPLINE_SURFACE_WITH_KNOTS('',3,1,((#4485,#4486),(#4487,#4488),(#4489,
#4490),(#4491,#4492),(#4493,#4494)),.UNSPECIFIED.,.F.,.F.,.F.,(4,1,4),(2,
2),(0.,0.0346354837216758,0.0866711410652275),(0.,0.04),.UNSPECIFIED.);
#25=B_SPLINE_SURFACE_WITH_KNOTS('',3,1,((#4505,#4506),(#4507,#4508),(#4509,
#4510),(#4511,#4512),(#4513,#4514)),.UNSPECIFIED.,.F.,.F.,.F.,(4,1,4),(2,
2),(0.,0.0329173347803065,0.0642043298499813),(0.,0.04),.UNSPECIFIED.);
#26=B_SPLINE_SURFACE_WITH_KNOTS('',3,1,((#4531,#4532),(#4533,#4534),(#4535,
#4536),(#4537,#4538),(#4539,#4540)),.UNSPECIFIED.,.F.,.F.,.F.,(4,1,4),(2,
2),(0.,0.0231693089070433,0.0485283812298887),(0.,0.04),.UNSPECIFIED.);
#27=B_SPLINE_SURFACE_WITH_KNOTS('',3,1,((#4554,#4555),(#4556,#4557),(#4558,
#4559),(#4560,#4561),(#4562,#4563)),.UNSPECIFIED.,.F.,.F.,.F.,(4,1,4),(2,
2),(0.,0.0264807031504682,0.0502657381393709),(0.,0.04),.UNSPECIFIED.);
#28=B_SPLINE_SURFACE_WITH_KNOTS('',3,1,((#4577,#4578),(#4579,#4580),(#4581,
#4582),(#4583,#4584),(#4585,#4586)),.UNSPECIFIED.,.F.,.F.,.F.,(4,1,4),(2,
2),(0.,0.0398194455742193,0.071817022700939),(0.,0.04),.UNSPECIFIED.);
#29=B_SPLINE_SURFACE_WITH_KNOTS('',3,1,((#4600,#4601),(#4602,#4603),(#4604,
#4605),(#4606,#4607),(#4608,#4609)),.UNSPECIFIED.,.F.,.F.,.F.,(4,1,4),(2,
2),(0.,0.0260729172255166,0.059462903120839),(0.,0.04),.UNSPECIFIED.);
#30=B_SPLINE_SURFACE_WITH_KNOTS('',3,1,((#4623,#4624),(#4625,#4626),(#4627,
#4628),(#4629,#4630),(#4631,#4632)),.UNSPECIFIED.,.F.,.F.,.F.,(4,1,4),(2,
2),(0.,0.0190878941500721,0.0404160697114683),(0.,0.04),.UNSPECIFIED.);
#31=B_SPLINE_SURFACE_WITH_KNOTS('',3,1,((#4646,#4647),(#4648,#4649),(#4650,
#4651),(#4652,#4653),(#4654,#4655)),.UNSPECIFIED.,.F.,.F.,.F.,(4,1,4),(2,
2),(0.,0.0170238435864498,0.034551398555716),(0.,0.04),.UNSPECIFIED.);
#32=B_SPLINE_SURFACE_WITH_KNOTS('',3,1,((#4669,#4670),(#4671,#4672),(#4673,
#4674),(#4675,#4676),(#4677,#4678)),.UNSPECIFIED.,.F.,.F.,.F.,(4,1,4),(2,
2),(0.,0.0189947031549787,0.0364966173478098),(0.,0.04),.UNSPECIFIED.);
#33=B_SPLINE_SURFACE_WITH_KNOTS('',3,1,((#4692,#4693),(#4694,#4695),(#4696,
#4697),(#4698,#4699),(#4700,#4701)),.UNSPECIFIED.,.F.,.F.,.F.,(4,1,4),(2,
2),(0.,0.0231013316777661,0.0483307535454697),(0.,0.04),.UNSPECIFIED.);
#34=B_SPLINE_SURFACE_WITH_KNOTS('',3,1,((#4715,#4716),(#4717,#4718),(#4719,
#4720),(#4721,#4722),(#4723,#4724)),.UNSPECIFIED.,.F.,.F.,.F.,(4,1,4),(2,
2),(0.,0.0264887288252541,0.0502400216158979),(0.,0.04),.UNSPECIFIED.);
#35=B_SPLINE_SURFACE_WITH_KNOTS('',3,1,((#4738,#4739),(#4740,#4741),(#4742,
#4743),(#4744,#4745),(#4746,#4747)),.UNSPECIFIED.,.F.,.F.,.F.,(4,1,4),(2,
2),(0.,0.0400760513552295,0.0721705373701478),(0.,0.04),.UNSPECIFIED.);
#36=B_SPLINE_SURFACE_WITH_KNOTS('',3,1,((#4761,#4762),(#4763,#4764),(#4765,
#4766),(#4767,#4768),(#4769,#4770)),.UNSPECIFIED.,.F.,.F.,.F.,(4,1,4),(2,
2),(0.,0.0450110338675738,0.105949548670046),(0.,0.04),.UNSPECIFIED.);
#37=B_SPLINE_SURFACE_WITH_KNOTS('',3,1,((#4807,#4808),(#4809,#4810),(#4811,
#4812),(#4813,#4814),(#4815,#4816)),.UNSPECIFIED.,.F.,.F.,.F.,(4,1,4),(2,
2),(0.,0.0416536484177466,0.0789977528673909),(0.,0.04),.UNSPECIFIED.);
#38=B_SPLINE_SURFACE_WITH_KNOTS('',3,1,((#4833,#4834),(#4835,#4836),(#4837,
#4838),(#4839,#4840),(#4841,#4842)),.UNSPECIFIED.,.F.,.F.,.F.,(4,1,4),(2,
2),(0.,0.0431958348231893,0.0867718597327299),(0.,0.04),.UNSPECIFIED.);
#39=B_SPLINE_SURFACE_WITH_KNOTS('',3,1,((#4856,#4857),(#4858,#4859),(#4860,
#4861),(#4862,#4863),(#4864,#4865)),.UNSPECIFIED.,.F.,.F.,.F.,(4,1,4),(2,
2),(0.,0.0327240470264693,0.07234451060998),(0.,0.04),.UNSPECIFIED.);
#40=B_SPLINE_SURFACE_WITH_KNOTS('',3,1,((#4885,#4886),(#4887,#4888),(#4889,
#4890),(#4891,#4892),(#4893,#4894)),.UNSPECIFIED.,.F.,.F.,.F.,(4,1,4),(2,
2),(0.,0.0337251181884828,0.0698270476508111),(0.,0.04),.UNSPECIFIED.);
#41=B_SPLINE_SURFACE_WITH_KNOTS('',3,1,((#4908,#4909),(#4910,#4911),(#4912,
#4913),(#4914,#4915),(#4916,#4917)),.UNSPECIFIED.,.F.,.F.,.F.,(4,1,4),(2,
2),(0.,0.0475058869891107,0.0940580637316344),(0.,0.04),.UNSPECIFIED.);
#42=B_SPLINE_SURFACE_WITH_KNOTS('',3,1,((#4931,#4932),(#4933,#4934),(#4935,
#4936),(#4937,#4938),(#4939,#4940)),.UNSPECIFIED.,.F.,.F.,.F.,(4,1,4),(2,
2),(0.,0.0379516012902741,0.0826117221239049),(0.,0.04),.UNSPECIFIED.);
#43=B_SPLINE_SURFACE_WITH_KNOTS('',3,1,((#4985,#4986),(#4987,#4988),(#4989,
#4990),(#4991,#4992),(#4993,#4994)),.UNSPECIFIED.,.F.,.F.,.F.,(4,1,4),(2,
2),(0.,0.0186862881321562,0.0429215376304215),(0.,0.04),.UNSPECIFIED.);
#44=B_SPLINE_SURFACE_WITH_KNOTS('',3,1,((#5008,#5009),(#5010,#5011),(#5012,
#5013),(#5014,#5015),(#5016,#5017)),.UNSPECIFIED.,.F.,.F.,.F.,(4,1,4),(2,
2),(0.,0.016475392056537,0.032671848633584),(0.,0.04),.UNSPECIFIED.);
#45=B_SPLINE_SURFACE_WITH_KNOTS('',3,1,((#5031,#5032),(#5033,#5034),(#5035,
#5036),(#5037,#5038),(#5039,#5040)),.UNSPECIFIED.,.F.,.F.,.F.,(4,1,4),(2,
2),(0.,0.0118643418102834,0.0236424181010903),(0.,0.04),.UNSPECIFIED.);
#46=B_SPLINE_SURFACE_WITH_KNOTS('',3,1,((#5054,#5055),(#5056,#5057),(#5058,
#5059),(#5060,#5061),(#5062,#5063)),.UNSPECIFIED.,.F.,.F.,.F.,(4,1,4),(2,
2),(0.,0.0128002055052866,0.0248996439565042),(0.,0.04),.UNSPECIFIED.);
#47=B_SPLINE_SURFACE_WITH_KNOTS('',3,1,((#5077,#5078),(#5079,#5080),(#5081,
#5082),(#5083,#5084),(#5085,#5086)),.UNSPECIFIED.,.F.,.F.,.F.,(4,1,4),(2,
2),(0.,0.0202420419061385,0.0359046709298521),(0.,0.04),.UNSPECIFIED.);
#48=B_SPLINE_SURFACE_WITH_KNOTS('',3,1,((#5124,#5125),(#5126,#5127),(#5128,
#5129),(#5130,#5131),(#5132,#5133)),.UNSPECIFIED.,.F.,.F.,.F.,(4,1,4),(2,
2),(0.,0.00747197159111582,0.0184753411158626),(0.,0.04),.UNSPECIFIED.);
#49=B_SPLINE_SURFACE_WITH_KNOTS('',3,1,((#5147,#5148),(#5149,#5150),(#5151,
#5152),(#5153,#5154),(#5155,#5156)),.UNSPECIFIED.,.F.,.F.,.F.,(4,1,4),(2,
2),(0.,0.0085079721608483,0.0165500596077473),(0.,0.04),.UNSPECIFIED.);
#50=B_SPLINE_SURFACE_WITH_KNOTS('',3,1,((#5170,#5171),(#5172,#5173),(#5174,
#5175),(#5176,#5177),(#5178,#5179)),.UNSPECIFIED.,.F.,.F.,.F.,(4,1,4),(2,
2),(0.,0.0134895652118485,0.0237681288049403),(0.,0.04),.UNSPECIFIED.);
#51=B_SPLINE_SURFACE_WITH_KNOTS('',3,1,((#5193,#5194),(#5195,#5196),(#5197,
#5198),(#5199,#5200),(#5201,#5202)),.UNSPECIFIED.,.F.,.F.,.F.,(4,1,4),(2,
2),(0.,0.0238613764579545,0.0419220860564873),(0.,0.04),.UNSPECIFIED.);
#52=B_SPLINE_SURFACE_WITH_KNOTS('',3,1,((#5234,#5235),(#5236,#5237),(#5238,
#5239),(#5240,#5241),(#5242,#5243)),.UNSPECIFIED.,.F.,.F.,.F.,(4,1,4),(2,
2),(0.,0.0205684815915604,0.0432085846802537),(0.,0.04),.UNSPECIFIED.);
#53=B_SPLINE_SURFACE_WITH_KNOTS('',3,1,((#5257,#5258),(#5259,#5260),(#5261,
#5262),(#5263,#5264),(#5265,#5266)),.UNSPECIFIED.,.F.,.F.,.F.,(4,1,4),(2,
2),(0.,0.0131438179597393,0.0235722839603475),(0.,0.04),.UNSPECIFIED.);
#54=B_SPLINE_SURFACE_WITH_KNOTS('',3,1,((#5280,#5281),(#5282,#5283),(#5284,
#5285),(#5286,#5287),(#5288,#5289)),.UNSPECIFIED.,.F.,.F.,.F.,(4,1,4),(2,
2),(0.,0.0265113028212041,0.0588784780658848),(0.,0.04),.UNSPECIFIED.);
#55=B_SPLINE_SURFACE_WITH_KNOTS('',3,1,((#5303,#5304),(#5305,#5306),(#5307,
#5308),(#5309,#5310),(#5311,#5312)),.UNSPECIFIED.,.F.,.F.,.F.,(4,1,4),(2,
2),(0.,0.024889289151294,0.0489812078037576),(0.,0.04),.UNSPECIFIED.);
#56=B_SPLINE_SURFACE_WITH_KNOTS('',3,1,((#5326,#5327),(#5328,#5329),(#5330,
#5331),(#5332,#5333),(#5334,#5335)),.UNSPECIFIED.,.F.,.F.,.F.,(4,1,4),(2,
2),(0.,0.019570819535433,0.0394804881127189),(0.,0.04),.UNSPECIFIED.);
#57=B_SPLINE_SURFACE_WITH_KNOTS('',3,1,((#5349,#5350),(#5351,#5352),(#5353,
#5354),(#5355,#5356),(#5357,#5358)),.UNSPECIFIED.,.F.,.F.,.F.,(4,1,4),(2,
2),(0.,0.0182094228919869,0.0371072108303311),(0.,0.04),.UNSPECIFIED.);
#58=B_SPLINE_SURFACE_WITH_KNOTS('',3,1,((#5372,#5373),(#5374,#5375),(#5376,
#5377),(#5378,#5379),(#5380,#5381)),.UNSPECIFIED.,.F.,.F.,.F.,(4,1,4),(2,
2),(0.,0.0294649615674489,0.0514549192765596),(0.,0.04),.UNSPECIFIED.);
#59=B_SPLINE_SURFACE_WITH_KNOTS('',3,3,((#5428,#5429,#5430,#5431),(#5432,
#5433,#5434,#5435),(#5436,#5437,#5438,#5439),(#5440,#5441,#5442,#5443),
(#5444,#5445,#5446,#5447),(#5448,#5449,#5450,#5451),(#5452,#5453,#5454,
#5455),(#5456,#5457,#5458,#5459),(#5460,#5461,#5462,#5463),(#5464,#5465,
#5466,#5467)),.UNSPECIFIED.,.F.,.F.,.F.,(4,1,1,1,1,1,1,4),(4,4),(0.,0.142857142857143,
0.285714285714286,0.428571428571429,0.571428571428571,0.714285714285714,
0.857142857142857,1.),(-4.53522003522726E-16,0.23),.UNSPECIFIED.);
#60=SPHERICAL_SURFACE('',#2629,2.1);
#61=FACE_BOUND('',#321,.T.);
#62=FACE_BOUND('',#322,.T.);
#63=FACE_BOUND('',#327,.T.);
#64=FACE_BOUND('',#357,.T.);
#65=FACE_BOUND('',#403,.T.);
#66=FACE_BOUND('',#412,.T.);
#67=FACE_BOUND('',#414,.T.);
#68=FACE_BOUND('',#429,.T.);
#69=FACE_BOUND('',#430,.T.);
#70=FACE_BOUND('',#433,.T.);
#71=FACE_BOUND('',#434,.T.);
#72=FACE_BOUND('',#437,.T.);
#73=FACE_BOUND('',#440,.T.);
#74=FACE_BOUND('',#441,.T.);
#75=FACE_BOUND('',#442,.T.);
#76=FACE_BOUND('',#443,.T.);
#77=FACE_BOUND('',#445,.T.);
#78=FACE_BOUND('',#446,.T.);
#79=FACE_BOUND('',#448,.T.);
#80=FACE_BOUND('',#450,.T.);
#81=FACE_BOUND('',#452,.T.);
#82=FACE_BOUND('',#453,.T.);
#83=FACE_BOUND('',#455,.T.);
#84=FACE_BOUND('',#456,.T.);
#85=FACE_BOUND('',#457,.T.);
#86=FACE_BOUND('',#459,.T.);
#87=PLANE('',#2614);
#88=PLANE('',#2615);
#89=PLANE('',#2621);
#90=PLANE('',#2622);
#91=PLANE('',#2624);
#92=PLANE('',#2642);
#93=PLANE('',#2646);
#94=PLANE('',#2647);
#95=PLANE('',#2648);
#96=PLANE('',#2649);
#97=PLANE('',#2650);
#98=PLANE('',#2651);
#99=PLANE('',#2652);
#100=PLANE('',#2653);
#101=PLANE('',#2654);
#102=PLANE('',#2655);
#103=PLANE('',#2656);
#104=PLANE('',#2657);
#105=PLANE('',#2658);
#106=PLANE('',#2659);
#107=PLANE('',#2660);
#108=PLANE('',#2661);
#109=PLANE('',#2662);
#110=PLANE('',#2663);
#111=PLANE('',#2664);
#112=PLANE('',#2665);
#113=PLANE('',#2666);
#114=PLANE('',#2667);
#115=PLANE('',#2668);
#116=PLANE('',#2669);
#117=PLANE('',#2670);
#118=PLANE('',#2671);
#119=PLANE('',#2672);
#120=PLANE('',#2673);
#121=PLANE('',#2677);
#122=PLANE('',#2678);
#123=PLANE('',#2679);
#124=PLANE('',#2680);
#125=PLANE('',#2684);
#126=PLANE('',#2688);
#127=PLANE('',#2692);
#128=PLANE('',#2703);
#129=PLANE('',#2708);
#130=PLANE('',#2709);
#131=PLANE('',#2710);
#132=PLANE('',#2711);
#133=PLANE('',#2712);
#134=PLANE('',#2713);
#135=PLANE('',#2714);
#136=PLANE('',#2715);
#137=PLANE('',#2716);
#138=PLANE('',#2717);
#139=PLANE('',#2723);
#140=PLANE('',#2724);
#141=PLANE('',#2725);
#142=ELLIPSE('',#2610,2.51475703469363,2.5);
#143=ELLIPSE('',#2623,2.00987565686776,2.);
#144=ELLIPSE('',#2625,7.11726907784242,2.);
#145=ELLIPSE('',#2628,2.02045672262159,2.);
#146=ELLIPSE('',#2638,2.37509800203306,2.);
#147=(
BOUNDED_CURVE()
B_SPLINE_CURVE(2,(#3808,#3809,#3810,#3811,#3812,#3813,#3814),
 .UNSPECIFIED.,.F.,.F.)
B_SPLINE_CURVE_WITH_KNOTS((3,2,2,3),(0.9375,0.953125,0.96875,0.984375),
 .UNSPECIFIED.)
CURVE()
GEOMETRIC_REPRESENTATION_ITEM()
RATIONAL_B_SPLINE_CURVE((1.,0.9238795325,1.,0.9238795325,1.,0.9238795325,
1.))
REPRESENTATION_ITEM('')
);
#148=(
BOUNDED_CURVE()
B_SPLINE_CURVE(2,(#3855,#3856,#3857,#3858,#3859,#3860,#3861,#3862,#3863,
#3864,#3865,#3866,#3867,#3868,#3869,#3870,#3871),.UNSPECIFIED.,.F.,.F.)
B_SPLINE_CURVE_WITH_KNOTS((3,2,2,2,2,2,2,2,3),(0.8125,0.828125,0.84375,
0.859375,0.875,0.890625,0.90625,0.921875,0.9375),.UNSPECIFIED.)
CURVE()
GEOMETRIC_REPRESENTATION_ITEM()
RATIONAL_B_SPLINE_CURVE((1.,0.9238795325,1.,0.9238795325,1.,0.9238795325,
1.,0.9238795325,1.,0.9238795325,1.,0.9238795325,1.,0.9238795325,1.,0.9238795325,
1.))
REPRESENTATION_ITEM('')
);
#149=(
BOUNDED_CURVE()
B_SPLINE_CURVE(2,(#3912,#3913,#3914,#3915,#3916,#3917,#3918,#3919,#3920,
#3921,#3922,#3923,#3924,#3925,#3926,#3927,#3928),.UNSPECIFIED.,.F.,.F.)
B_SPLINE_CURVE_WITH_KNOTS((3,2,2,2,2,2,2,2,3),(0.6875,0.703125,0.71875,
0.734375,0.75,0.765625,0.78125,0.796875,0.8125),.UNSPECIFIED.)
CURVE()
GEOMETRIC_REPRESENTATION_ITEM()
RATIONAL_B_SPLINE_CURVE((1.,0.9238795325,1.,0.9238795325,1.,0.9238795325,
1.,0.9238795325,1.,0.9238795325,1.,0.9238795325,1.,0.9238795325,1.,0.9238795325,
1.))
REPRESENTATION_ITEM('')
);
#150=(
BOUNDED_CURVE()
B_SPLINE_CURVE(2,(#3969,#3970,#3971,#3972,#3973,#3974,#3975,#3976,#3977,
#3978,#3979,#3980,#3981,#3982,#3983,#3984,#3985),.UNSPECIFIED.,.F.,.F.)
B_SPLINE_CURVE_WITH_KNOTS((3,2,2,2,2,2,2,2,3),(0.5625,0.578125,0.59375,
0.609375,0.625,0.640625,0.65625,0.671875,0.6875),.UNSPECIFIED.)
CURVE()
GEOMETRIC_REPRESENTATION_ITEM()
RATIONAL_B_SPLINE_CURVE((1.,0.9238795325,1.,0.9238795325,1.,0.9238795325,
1.,0.9238795325,1.,0.9238795325,1.,0.9238795325,1.,0.9238795325,1.,0.9238795325,
1.))
REPRESENTATION_ITEM('')
);
#151=(
BOUNDED_CURVE()
B_SPLINE_CURVE(2,(#4026,#4027,#4028,#4029,#4030,#4031,#4032,#4033,#4034,
#4035,#4036,#4037,#4038,#4039,#4040,#4041,#4042),.UNSPECIFIED.,.F.,.F.)
B_SPLINE_CURVE_WITH_KNOTS((3,2,2,2,2,2,2,2,3),(0.4375,0.453125,0.46875,
0.484375,0.5,0.515625,0.53125,0.546875,0.5625),.UNSPECIFIED.)
CURVE()
GEOMETRIC_REPRESENTATION_ITEM()
RATIONAL_B_SPLINE_CURVE((1.,0.9238795325,1.,0.9238795325,1.,0.9238795325,
1.,0.9238795325,1.,0.9238795325,1.,0.9238795325,1.,0.9238795325,1.,0.9238795325,
1.))
REPRESENTATION_ITEM('')
);
#152=(
BOUNDED_CURVE()
B_SPLINE_CURVE(2,(#4083,#4084,#4085,#4086,#4087,#4088,#4089,#4090,#4091,
#4092,#4093,#4094,#4095,#4096,#4097,#4098,#4099),.UNSPECIFIED.,.F.,.F.)
B_SPLINE_CURVE_WITH_KNOTS((3,2,2,2,2,2,2,2,3),(0.3125,0.328125,0.34375,
0.359375,0.375,0.390625,0.40625,0.421875,0.4375),.UNSPECIFIED.)
CURVE()
GEOMETRIC_REPRESENTATION_ITEM()
RATIONAL_B_SPLINE_CURVE((1.,0.9238795325,1.,0.9238795325,1.,0.9238795325,
1.,0.9238795325,1.,0.9238795325,1.,0.9238795325,1.,0.9238795325,1.,0.9238795325,
1.))
REPRESENTATION_ITEM('')
);
#153=(
BOUNDED_CURVE()
B_SPLINE_CURVE(2,(#4140,#4141,#4142,#4143,#4144,#4145,#4146,#4147,#4148,
#4149,#4150,#4151,#4152,#4153,#4154,#4155,#4156),.UNSPECIFIED.,.F.,.F.)
B_SPLINE_CURVE_WITH_KNOTS((3,2,2,2,2,2,2,2,3),(0.1875,0.203125,0.21875,
0.234375,0.25,0.265625,0.28125,0.296875,0.3125),.UNSPECIFIED.)
CURVE()
GEOMETRIC_REPRESENTATION_ITEM()
RATIONAL_B_SPLINE_CURVE((1.,0.9238795325,1.,0.9238795325,1.,0.9238795325,
1.,0.9238795325,1.,0.9238795325,1.,0.9238795325,1.,0.9238795325,1.,0.9238795325,
1.))
REPRESENTATION_ITEM('')
);
#154=(
BOUNDED_CURVE()
B_SPLINE_CURVE(2,(#4197,#4198,#4199,#4200,#4201,#4202,#4203,#4204,#4205,
#4206,#4207,#4208,#4209,#4210,#4211,#4212,#4213),.UNSPECIFIED.,.F.,.F.)
B_SPLINE_CURVE_WITH_KNOTS((3,2,2,2,2,2,2,2,3),(0.0625,0.078125,0.09375,
0.109375,0.125,0.140625,0.15625,0.171875,0.1875),.UNSPECIFIED.)
CURVE()
GEOMETRIC_REPRESENTATION_ITEM()
RATIONAL_B_SPLINE_CURVE((1.,0.9238795325,1.,0.9238795325,1.,0.9238795325,
1.,0.9238795325,1.,0.9238795325,1.,0.9238795325,1.,0.9238795325,1.,0.9238795325,
1.))
REPRESENTATION_ITEM('')
);
#155=(
BOUNDED_CURVE()
B_SPLINE_CURVE(2,(#5678,#5679,#5680,#5681,#5682),.UNSPECIFIED.,.F.,.F.)
B_SPLINE_CURVE_WITH_KNOTS((3,2,3),(0.0390624998,0.046875,0.0625),
 .UNSPECIFIED.)
CURVE()
GEOMETRIC_REPRESENTATION_ITEM()
RATIONAL_B_SPLINE_CURVE((0.96193976625,0.961939765275658,1.,0.9238795325,
1.))
REPRESENTATION_ITEM('')
);
#156=CONICAL_SURFACE('',#2595,4.5,0.7853981634);
#157=CONICAL_SURFACE('',#2726,5.041265875,1.0471975512);
#158=CONICAL_SURFACE('',#2729,4.5,0.7853981634);
#159=CONICAL_SURFACE('',#2730,4.5,1.0297442587);
#160=CONICAL_SURFACE('',#2735,4.5,1.0471975512);
#161=FACE_OUTER_BOUND('',#302,.T.);
#162=FACE_OUTER_BOUND('',#303,.T.);
#163=FACE_OUTER_BOUND('',#304,.T.);
#164=FACE_OUTER_BOUND('',#305,.T.);
#165=FACE_OUTER_BOUND('',#306,.T.);
#166=FACE_OUTER_BOUND('',#307,.T.);
#167=FACE_OUTER_BOUND('',#308,.T.);
#168=FACE_OUTER_BOUND('',#309,.T.);
#169=FACE_OUTER_BOUND('',#310,.T.);
#170=FACE_OUTER_BOUND('',#311,.T.);
#171=FACE_OUTER_BOUND('',#312,.T.);
#172=FACE_OUTER_BOUND('',#313,.T.);
#173=FACE_OUTER_BOUND('',#314,.T.);
#174=FACE_OUTER_BOUND('',#315,.T.);
#175=FACE_OUTER_BOUND('',#316,.T.);
#176=FACE_OUTER_BOUND('',#317,.T.);
#177=FACE_OUTER_BOUND('',#318,.T.);
#178=FACE_OUTER_BOUND('',#319,.T.);
#179=FACE_OUTER_BOUND('',#320,.T.);
#180=FACE_OUTER_BOUND('',#323,.T.);
#181=FACE_OUTER_BOUND('',#324,.T.);
#182=FACE_OUTER_BOUND('',#325,.T.);
#183=FACE_OUTER_BOUND('',#326,.T.);
#184=FACE_OUTER_BOUND('',#328,.T.);
#185=FACE_OUTER_BOUND('',#329,.T.);
#186=FACE_OUTER_BOUND('',#330,.T.);
#187=FACE_OUTER_BOUND('',#331,.T.);
#188=FACE_OUTER_BOUND('',#332,.T.);
#189=FACE_OUTER_BOUND('',#333,.T.);
#190=FACE_OUTER_BOUND('',#334,.T.);
#191=FACE_OUTER_BOUND('',#335,.T.);
#192=FACE_OUTER_BOUND('',#336,.T.);
#193=FACE_OUTER_BOUND('',#337,.T.);
#194=FACE_OUTER_BOUND('',#338,.T.);
#195=FACE_OUTER_BOUND('',#339,.T.);
#196=FACE_OUTER_BOUND('',#340,.T.);
#197=FACE_OUTER_BOUND('',#341,.T.);
#198=FACE_OUTER_BOUND('',#342,.T.);
#199=FACE_OUTER_BOUND('',#343,.T.);
#200=FACE_OUTER_BOUND('',#344,.T.);
#201=FACE_OUTER_BOUND('',#345,.T.);
#202=FACE_OUTER_BOUND('',#346,.T.);
#203=FACE_OUTER_BOUND('',#347,.T.);
#204=FACE_OUTER_BOUND('',#348,.T.);
#205=FACE_OUTER_BOUND('',#349,.T.);
#206=FACE_OUTER_BOUND('',#350,.T.);
#207=FACE_OUTER_BOUND('',#351,.T.);
#208=FACE_OUTER_BOUND('',#352,.T.);
#209=FACE_OUTER_BOUND('',#353,.T.);
#210=FACE_OUTER_BOUND('',#354,.T.);
#211=FACE_OUTER_BOUND('',#355,.T.);
#212=FACE_OUTER_BOUND('',#356,.T.);
#213=FACE_OUTER_BOUND('',#358,.T.);
#214=FACE_OUTER_BOUND('',#359,.T.);
#215=FACE_OUTER_BOUND('',#360,.T.);
#216=FACE_OUTER_BOUND('',#361,.T.);
#217=FACE_OUTER_BOUND('',#362,.T.);
#218=FACE_OUTER_BOUND('',#363,.T.);
#219=FACE_OUTER_BOUND('',#364,.T.);
#220=FACE_OUTER_BOUND('',#365,.T.);
#221=FACE_OUTER_BOUND('',#366,.T.);
#222=FACE_OUTER_BOUND('',#367,.T.);
#223=FACE_OUTER_BOUND('',#368,.T.);
#224=FACE_OUTER_BOUND('',#369,.T.);
#225=FACE_OUTER_BOUND('',#370,.T.);
#226=FACE_OUTER_BOUND('',#371,.T.);
#227=FACE_OUTER_BOUND('',#372,.T.);
#228=FACE_OUTER_BOUND('',#373,.T.);
#229=FACE_OUTER_BOUND('',#374,.T.);
#230=FACE_OUTER_BOUND('',#375,.T.);
#231=FACE_OUTER_BOUND('',#376,.T.);
#232=FACE_OUTER_BOUND('',#377,.T.);
#233=FACE_OUTER_BOUND('',#378,.T.);
#234=FACE_OUTER_BOUND('',#379,.T.);
#235=FACE_OUTER_BOUND('',#380,.T.);
#236=FACE_OUTER_BOUND('',#381,.T.);
#237=FACE_OUTER_BOUND('',#382,.T.);
#238=FACE_OUTER_BOUND('',#383,.T.);
#239=FACE_OUTER_BOUND('',#384,.T.);
#240=FACE_OUTER_BOUND('',#385,.T.);
#241=FACE_OUTER_BOUND('',#386,.T.);
#242=FACE_OUTER_BOUND('',#387,.T.);
#243=FACE_OUTER_BOUND('',#388,.T.);
#244=FACE_OUTER_BOUND('',#389,.T.);
#245=FACE_OUTER_BOUND('',#390,.T.);
#246=FACE_OUTER_BOUND('',#391,.T.);
#247=FACE_OUTER_BOUND('',#392,.T.);
#248=FACE_OUTER_BOUND('',#393,.T.);
#249=FACE_OUTER_BOUND('',#394,.T.);
#250=FACE_OUTER_BOUND('',#395,.T.);
#251=FACE_OUTER_BOUND('',#396,.T.);
#252=FACE_OUTER_BOUND('',#397,.T.);
#253=FACE_OUTER_BOUND('',#398,.T.);
#254=FACE_OUTER_BOUND('',#399,.T.);
#255=FACE_OUTER_BOUND('',#400,.T.);
#256=FACE_OUTER_BOUND('',#401,.T.);
#257=FACE_OUTER_BOUND('',#402,.T.);
#258=FACE_OUTER_BOUND('',#404,.T.);
#259=FACE_OUTER_BOUND('',#405,.T.);
#260=FACE_OUTER_BOUND('',#406,.T.);
#261=FACE_OUTER_BOUND('',#407,.T.);
#262=FACE_OUTER_BOUND('',#408,.T.);
#263=FACE_OUTER_BOUND('',#409,.T.);
#264=FACE_OUTER_BOUND('',#410,.T.);
#265=FACE_OUTER_BOUND('',#411,.T.);
#266=FACE_OUTER_BOUND('',#413,.T.);
#267=FACE_OUTER_BOUND('',#415,.T.);
#268=FACE_OUTER_BOUND('',#416,.T.);
#269=FACE_OUTER_BOUND('',#417,.T.);
#270=FACE_OUTER_BOUND('',#418,.T.);
#271=FACE_OUTER_BOUND('',#419,.T.);
#272=FACE_OUTER_BOUND('',#420,.T.);
#273=FACE_OUTER_BOUND('',#421,.T.);
#274=FACE_OUTER_BOUND('',#422,.T.);
#275=FACE_OUTER_BOUND('',#423,.T.);
#276=FACE_OUTER_BOUND('',#424,.T.);
#277=FACE_OUTER_BOUND('',#425,.T.);
#278=FACE_OUTER_BOUND('',#426,.T.);
#279=FACE_OUTER_BOUND('',#427,.T.);
#280=FACE_OUTER_BOUND('',#428,.T.);
#281=FACE_OUTER_BOUND('',#431,.T.);
#282=FACE_OUTER_BOUND('',#432,.T.);
#283=FACE_OUTER_BOUND('',#435,.T.);
#284=FACE_OUTER_BOUND('',#436,.T.);
#285=FACE_OUTER_BOUND('',#438,.T.);
#286=FACE_OUTER_BOUND('',#439,.T.);
#287=FACE_OUTER_BOUND('',#444,.T.);
#288=FACE_OUTER_BOUND('',#447,.T.);
#289=FACE_OUTER_BOUND('',#449,.T.);
#290=FACE_OUTER_BOUND('',#451,.T.);
#291=FACE_OUTER_BOUND('',#454,.T.);
#292=FACE_OUTER_BOUND('',#458,.T.);
#293=FACE_OUTER_BOUND('',#460,.T.);
#294=FACE_OUTER_BOUND('',#461,.T.);
#295=FACE_OUTER_BOUND('',#462,.T.);
#296=FACE_OUTER_BOUND('',#463,.T.);
#297=FACE_OUTER_BOUND('',#464,.T.);
#298=FACE_OUTER_BOUND('',#465,.T.);
#299=FACE_OUTER_BOUND('',#466,.T.);
#300=FACE_OUTER_BOUND('',#467,.T.);
#301=FACE_OUTER_BOUND('',#468,.T.);
#302=EDGE_LOOP('',(#1647,#1648,#1649,#1650));
#303=EDGE_LOOP('',(#1651,#1652,#1653,#1654));
#304=EDGE_LOOP('',(#1655,#1656,#1657,#1658));
#305=EDGE_LOOP('',(#1659,#1660,#1661,#1662));
#306=EDGE_LOOP('',(#1663,#1664,#1665,#1666));
#307=EDGE_LOOP('',(#1667,#1668,#1669,#1670));
#308=EDGE_LOOP('',(#1671,#1672,#1673,#1674));
#309=EDGE_LOOP('',(#1675,#1676,#1677));
#310=EDGE_LOOP('',(#1678,#1679,#1680,#1681,#1682,#1683,#1684,#1685,#1686));
#311=EDGE_LOOP('',(#1687,#1688,#1689,#1690));
#312=EDGE_LOOP('',(#1691,#1692,#1693,#1694));
#313=EDGE_LOOP('',(#1695,#1696,#1697,#1698));
#314=EDGE_LOOP('',(#1699,#1700,#1701,#1702));
#315=EDGE_LOOP('',(#1703,#1704,#1705,#1706));
#316=EDGE_LOOP('',(#1707,#1708,#1709,#1710));
#317=EDGE_LOOP('',(#1711,#1712,#1713,#1714));
#318=EDGE_LOOP('',(#1715,#1716,#1717,#1718,#1719,#1720));
#319=EDGE_LOOP('',(#1721));
#320=EDGE_LOOP('',(#1722,#1723,#1724,#1725,#1726,#1727,#1728,#1729,#1730));
#321=EDGE_LOOP('',(#1731));
#322=EDGE_LOOP('',(#1732));
#323=EDGE_LOOP('',(#1733,#1734,#1735,#1736));
#324=EDGE_LOOP('',(#1737));
#325=EDGE_LOOP('',(#1738,#1739,#1740,#1741,#1742));
#326=EDGE_LOOP('',(#1743,#1744,#1745,#1746,#1747,#1748,#1749));
#327=EDGE_LOOP('',(#1750));
#328=EDGE_LOOP('',(#1751,#1752,#1753,#1754,#1755));
#329=EDGE_LOOP('',(#1756,#1757,#1758,#1759,#1760,#1761));
#330=EDGE_LOOP('',(#1762,#1763,#1764,#1765,#1766));
#331=EDGE_LOOP('',(#1767,#1768,#1769,#1770));
#332=EDGE_LOOP('',(#1771,#1772,#1773,#1774));
#333=EDGE_LOOP('',(#1775,#1776,#1777,#1778));
#334=EDGE_LOOP('',(#1779,#1780,#1781,#1782));
#335=EDGE_LOOP('',(#1783));
#336=EDGE_LOOP('',(#1784,#1785,#1786,#1787));
#337=EDGE_LOOP('',(#1788,#1789,#1790,#1791));
#338=EDGE_LOOP('',(#1792,#1793,#1794,#1795));
#339=EDGE_LOOP('',(#1796,#1797,#1798,#1799));
#340=EDGE_LOOP('',(#1800,#1801,#1802,#1803));
#341=EDGE_LOOP('',(#1804,#1805,#1806,#1807));
#342=EDGE_LOOP('',(#1808,#1809,#1810,#1811));
#343=EDGE_LOOP('',(#1812,#1813,#1814,#1815));
#344=EDGE_LOOP('',(#1816,#1817,#1818,#1819));
#345=EDGE_LOOP('',(#1820,#1821,#1822,#1823));
#346=EDGE_LOOP('',(#1824,#1825,#1826,#1827));
#347=EDGE_LOOP('',(#1828,#1829,#1830,#1831));
#348=EDGE_LOOP('',(#1832,#1833,#1834,#1835));
#349=EDGE_LOOP('',(#1836,#1837,#1838,#1839));
#350=EDGE_LOOP('',(#1840,#1841,#1842,#1843));
#351=EDGE_LOOP('',(#1844,#1845,#1846,#1847));
#352=EDGE_LOOP('',(#1848,#1849,#1850,#1851));
#353=EDGE_LOOP('',(#1852,#1853,#1854,#1855));
#354=EDGE_LOOP('',(#1856,#1857,#1858,#1859));
#355=EDGE_LOOP('',(#1860,#1861,#1862,#1863));
#356=EDGE_LOOP('',(#1864,#1865,#1866,#1867,#1868,#1869,#1870,#1871,#1872,
#1873,#1874,#1875));
#357=EDGE_LOOP('',(#1876,#1877,#1878,#1879,#1880,#1881,#1882,#1883));
#358=EDGE_LOOP('',(#1884,#1885,#1886,#1887));
#359=EDGE_LOOP('',(#1888,#1889,#1890,#1891));
#360=EDGE_LOOP('',(#1892,#1893,#1894,#1895));
#361=EDGE_LOOP('',(#1896,#1897,#1898,#1899));
#362=EDGE_LOOP('',(#1900,#1901,#1902,#1903));
#363=EDGE_LOOP('',(#1904,#1905,#1906,#1907));
#364=EDGE_LOOP('',(#1908,#1909,#1910,#1911));
#365=EDGE_LOOP('',(#1912,#1913,#1914,#1915));
#366=EDGE_LOOP('',(#1916,#1917,#1918,#1919));
#367=EDGE_LOOP('',(#1920,#1921,#1922,#1923));
#368=EDGE_LOOP('',(#1924,#1925,#1926,#1927));
#369=EDGE_LOOP('',(#1928,#1929,#1930,#1931));
#370=EDGE_LOOP('',(#1932,#1933,#1934,#1935));
#371=EDGE_LOOP('',(#1936,#1937,#1938,#1939));
#372=EDGE_LOOP('',(#1940,#1941,#1942,#1943));
#373=EDGE_LOOP('',(#1944,#1945,#1946,#1947));
#374=EDGE_LOOP('',(#1948,#1949,#1950,#1951,#1952,#1953,#1954,#1955,#1956,
#1957,#1958));
#375=EDGE_LOOP('',(#1959,#1960,#1961,#1962));
#376=EDGE_LOOP('',(#1963,#1964,#1965,#1966));
#377=EDGE_LOOP('',(#1967,#1968,#1969,#1970));
#378=EDGE_LOOP('',(#1971,#1972,#1973,#1974));
#379=EDGE_LOOP('',(#1975,#1976,#1977,#1978));
#380=EDGE_LOOP('',(#1979,#1980,#1981,#1982));
#381=EDGE_LOOP('',(#1983,#1984,#1985,#1986));
#382=EDGE_LOOP('',(#1987,#1988,#1989,#1990));
#383=EDGE_LOOP('',(#1991,#1992,#1993,#1994));
#384=EDGE_LOOP('',(#1995,#1996,#1997,#1998));
#385=EDGE_LOOP('',(#1999,#2000,#2001,#2002));
#386=EDGE_LOOP('',(#2003,#2004,#2005,#2006));
#387=EDGE_LOOP('',(#2007,#2008,#2009,#2010));
#388=EDGE_LOOP('',(#2011,#2012,#2013,#2014));
#389=EDGE_LOOP('',(#2015,#2016,#2017,#2018));
#390=EDGE_LOOP('',(#2019,#2020,#2021,#2022));
#391=EDGE_LOOP('',(#2023,#2024,#2025,#2026));
#392=EDGE_LOOP('',(#2027,#2028,#2029,#2030));
#393=EDGE_LOOP('',(#2031,#2032,#2033,#2034));
#394=EDGE_LOOP('',(#2035,#2036,#2037,#2038));
#395=EDGE_LOOP('',(#2039,#2040,#2041,#2042));
#396=EDGE_LOOP('',(#2043,#2044,#2045,#2046));
#397=EDGE_LOOP('',(#2047,#2048,#2049,#2050));
#398=EDGE_LOOP('',(#2051,#2052,#2053,#2054));
#399=EDGE_LOOP('',(#2055,#2056,#2057,#2058));
#400=EDGE_LOOP('',(#2059,#2060,#2061,#2062));
#401=EDGE_LOOP('',(#2063,#2064,#2065,#2066));
#402=EDGE_LOOP('',(#2067,#2068,#2069,#2070,#2071,#2072,#2073,#2074,#2075,
#2076,#2077,#2078,#2079,#2080,#2081,#2082,#2083,#2084,#2085));
#403=EDGE_LOOP('',(#2086,#2087,#2088,#2089,#2090,#2091,#2092,#2093));
#404=EDGE_LOOP('',(#2094,#2095,#2096,#2097,#2098,#2099,#2100,#2101));
#405=EDGE_LOOP('',(#2102,#2103,#2104,#2105,#2106,#2107,#2108,#2109));
#406=EDGE_LOOP('',(#2110,#2111,#2112,#2113,#2114,#2115,#2116,#2117));
#407=EDGE_LOOP('',(#2118,#2119,#2120,#2121));
#408=EDGE_LOOP('',(#2122,#2123,#2124,#2125));
#409=EDGE_LOOP('',(#2126,#2127,#2128,#2129));
#410=EDGE_LOOP('',(#2130,#2131,#2132,#2133));
#411=EDGE_LOOP('',(#2134,#2135,#2136,#2137,#2138));
#412=EDGE_LOOP('',(#2139));
#413=EDGE_LOOP('',(#2140,#2141,#2142,#2143,#2144,#2145));
#414=EDGE_LOOP('',(#2146));
#415=EDGE_LOOP('',(#2147,#2148,#2149,#2150));
#416=EDGE_LOOP('',(#2151));
#417=EDGE_LOOP('',(#2152,#2153,#2154,#2155));
#418=EDGE_LOOP('',(#2156));
#419=EDGE_LOOP('',(#2157,#2158,#2159,#2160));
#420=EDGE_LOOP('',(#2161));
#421=EDGE_LOOP('',(#2162,#2163,#2164,#2165));
#422=EDGE_LOOP('',(#2166,#2167,#2168,#2169));
#423=EDGE_LOOP('',(#2170,#2171,#2172,#2173));
#424=EDGE_LOOP('',(#2174,#2175,#2176,#2177));
#425=EDGE_LOOP('',(#2178,#2179));
#426=EDGE_LOOP('',(#2180,#2181,#2182,#2183,#2184,#2185,#2186,#2187));
#427=EDGE_LOOP('',(#2188,#2189));
#428=EDGE_LOOP('',(#2190,#2191,#2192,#2193));
#429=EDGE_LOOP('',(#2194));
#430=EDGE_LOOP('',(#2195));
#431=EDGE_LOOP('',(#2196,#2197,#2198,#2199));
#432=EDGE_LOOP('',(#2200,#2201,#2202,#2203));
#433=EDGE_LOOP('',(#2204));
#434=EDGE_LOOP('',(#2205));
#435=EDGE_LOOP('',(#2206,#2207,#2208,#2209));
#436=EDGE_LOOP('',(#2210,#2211,#2212,#2213));
#437=EDGE_LOOP('',(#2214));
#438=EDGE_LOOP('',(#2215,#2216,#2217,#2218,#2219));
#439=EDGE_LOOP('',(#2220,#2221,#2222,#2223,#2224,#2225,#2226,#2227,#2228));
#440=EDGE_LOOP('',(#2229,#2230,#2231,#2232,#2233,#2234,#2235,#2236,#2237,
#2238,#2239,#2240,#2241,#2242,#2243,#2244,#2245,#2246,#2247));
#441=EDGE_LOOP('',(#2248,#2249,#2250,#2251,#2252,#2253,#2254,#2255,#2256,
#2257,#2258));
#442=EDGE_LOOP('',(#2259,#2260,#2261,#2262));
#443=EDGE_LOOP('',(#2263,#2264,#2265,#2266,#2267,#2268,#2269,#2270,#2271,
#2272,#2273,#2274));
#444=EDGE_LOOP('',(#2275,#2276,#2277,#2278,#2279,#2280,#2281));
#445=EDGE_LOOP('',(#2282));
#446=EDGE_LOOP('',(#2283,#2284,#2285,#2286));
#447=EDGE_LOOP('',(#2287,#2288,#2289,#2290));
#448=EDGE_LOOP('',(#2291,#2292,#2293,#2294,#2295));
#449=EDGE_LOOP('',(#2296,#2297,#2298,#2299,#2300));
#450=EDGE_LOOP('',(#2301,#2302,#2303,#2304,#2305));
#451=EDGE_LOOP('',(#2306,#2307,#2308,#2309,#2310,#2311,#2312));
#452=EDGE_LOOP('',(#2313));
#453=EDGE_LOOP('',(#2314));
#454=EDGE_LOOP('',(#2315,#2316,#2317,#2318));
#455=EDGE_LOOP('',(#2319));
#456=EDGE_LOOP('',(#2320));
#457=EDGE_LOOP('',(#2321));
#458=EDGE_LOOP('',(#2322,#2323,#2324,#2325));
#459=EDGE_LOOP('',(#2326));
#460=EDGE_LOOP('',(#2327,#2328,#2329,#2330,#2331));
#461=EDGE_LOOP('',(#2332,#2333,#2334,#2335));
#462=EDGE_LOOP('',(#2336,#2337,#2338,#2339,#2340));
#463=EDGE_LOOP('',(#2341,#2342,#2343,#2344));
#464=EDGE_LOOP('',(#2345,#2346,#2347,#2348));
#465=EDGE_LOOP('',(#2349,#2350,#2351));
#466=EDGE_LOOP('',(#2352,#2353,#2354,#2355,#2356,#2357,#2358,#2359,#2360,
#2361,#2362,#2363,#2364,#2365,#2366,#2367,#2368,#2369,#2370,#2371));
#467=EDGE_LOOP('',(#2372,#2373,#2374,#2375,#2376,#2377,#2378,#2379,#2380,
#2381,#2382,#2383,#2384,#2385,#2386,#2387,#2388,#2389,#2390,#2391));
#468=EDGE_LOOP('',(#2392,#2393,#2394,#2395,#2396));
#469=CIRCLE('',#2588,4.5);
#470=CIRCLE('',#2596,5.);
#471=CIRCLE('',#2598,5.041265875);
#472=CIRCLE('',#2599,5.041265875);
#473=CIRCLE('',#2600,5.041265875);
#474=CIRCLE('',#2601,5.041265875);
#475=CIRCLE('',#2611,2.5);
#476=CIRCLE('',#2612,2.5);
#477=CIRCLE('',#2613,2.5);
#478=CIRCLE('',#2616,1.1);
#479=CIRCLE('',#2617,1.1);
#480=CIRCLE('',#2619,2.4);
#481=CIRCLE('',#2620,2.4);
#482=CIRCLE('',#2626,1.125);
#483=CIRCLE('',#2630,2.1);
#484=CIRCLE('',#2631,2.1);
#485=CIRCLE('',#2632,2.1);
#486=CIRCLE('',#2633,1.125);
#487=CIRCLE('',#2634,1.125);
#488=CIRCLE('',#2636,2.1);
#489=CIRCLE('',#2640,30.8159333623654);
#490=CIRCLE('',#2641,30.8159333623654);
#491=CIRCLE('',#2644,3.05);
#492=CIRCLE('',#2645,3.05);
#493=CIRCLE('',#2675,1.7);
#494=CIRCLE('',#2676,1.7);
#495=CIRCLE('',#2682,2.4);
#496=CIRCLE('',#2683,2.4);
#497=CIRCLE('',#2686,2.4);
#498=CIRCLE('',#2687,2.4);
#499=CIRCLE('',#2690,2.4);
#500=CIRCLE('',#2691,2.4);
#501=CIRCLE('',#2694,0.85);
#502=CIRCLE('',#2695,0.85);
#503=CIRCLE('',#2697,0.85);
#504=CIRCLE('',#2698,0.85);
#505=CIRCLE('',#2700,1.1);
#506=CIRCLE('',#2702,1.1);
#507=CIRCLE('',#2704,2.9);
#508=CIRCLE('',#2706,2.9);
#509=CIRCLE('',#2707,2.9);
#510=CIRCLE('',#2718,5.03340234795233);
#511=CIRCLE('',#2719,5.04126587478554);
#512=CIRCLE('',#2720,5.03347113001946);
#513=CIRCLE('',#2721,5.);
#514=CIRCLE('',#2727,4.5);
#515=CIRCLE('',#2731,4.5);
#516=CIRCLE('',#2734,4.5);
#517=B_SPLINE_CURVE_WITH_KNOTS('',3,(#3236,#3237,#3238,#3239,#3240,#3241,
#3242,#3243,#3244,#3245,#3246,#3247,#3248,#3249,#3250,#3251,#3252,#3253,
#3254,#3255,#3256,#3257,#3258,#3259,#3260,#3261,#3262,#3263),
 .UNSPECIFIED.,.F.,.F.,(4,2,2,2,2,2,2,2,2,2,2,2,2,4),(-19.1208836867647,
-18.9824507514043,-18.8422111076953,-18.6695657152784,-18.4927453339308,
-18.3199888016854,-18.1433196614773,-17.970437865715,-17.7939198886404,
-17.6208989477461,-17.4445315719744,-17.2713578249441,-17.0951399898002,
-17.0012992040302),.UNSPECIFIED.);
#518=B_SPLINE_CURVE_WITH_KNOTS('',3,(#3266,#3267,#3268,#3269,#3270,#3271,
#3272,#3273,#3274,#3275,#3276,#3277,#3278,#3279,#3280,#3281,#3282,#3283,
#3284,#3285),.UNSPECIFIED.,.F.,.F.,(4,2,2,2,2,2,2,2,2,4),(-1.41821450775331,
-1.40716377810219,-1.22712866421599,-1.05391886866111,-0.873796239972837,
-0.700515534005954,-0.520307287220508,-0.34695560743094,-0.166663529018369,
-9.99999999917733E-7),.UNSPECIFIED.);
#519=B_SPLINE_CURVE_WITH_KNOTS('',3,(#3290,#3291,#3292,#3293,#3294,#3295,
#3296,#3297,#3298,#3299,#3300,#3301,#3302,#3303,#3304,#3305,#3306,#3307,
#3308,#3309,#3310,#3311,#3312,#3313,#3314,#3315,#3316,#3317,#3318,#3319,
#3320,#3321,#3322,#3323,#3324,#3325),.UNSPECIFIED.,.F.,.F.,(4,2,2,2,2,2,
2,2,2,2,2,2,2,2,2,2,2,4),(-17.0012992040302,-16.921800449031,-16.7457305117637,
-16.5722129520015,-16.3962889268961,-16.2225820120377,-16.0468013266442,
-15.8728946334505,-15.6972542232835,-15.5231383849361,-15.3476347123035,
-15.173301496471,-14.9979305758206,-14.8233729400833,-14.6481303691589,
-14.4733424933922,-14.2982234894256,-14.174547869765),.UNSPECIFIED.);
#520=B_SPLINE_CURVE_WITH_KNOTS('',3,(#3326,#3327,#3328,#3329,#3330,#3331,
#3332,#3333,#3334,#3335,#3336,#3337,#3338,#3339,#3340,#3341,#3342,#3343,
#3344,#3345,#3346,#3347,#3348,#3349,#3350,#3351,#3352,#3353,#3354,#3355,
#3356,#3357,#3358,#3359,#3360,#3361),.UNSPECIFIED.,.F.,.F.,(4,2,2,2,2,2,
2,2,2,2,2,2,2,2,2,2,2,4),(-4.25137203225992,-4.22723823572726,-4.0479850242047,
-3.8753114899935,-3.69595152146669,-3.52321704511345,-3.34375310371032,
-3.17095511199219,-2.99138988234806,-2.81852627929267,-2.6388623400125,
-2.46593145459571,-2.28617127361293,-2.11317180965788,-1.93331774128828,
-1.76024873018862,-1.58030301364248,-1.41821450775331),.UNSPECIFIED.);
#521=B_SPLINE_CURVE_WITH_KNOTS('',3,(#3366,#3367,#3368,#3369,#3370,#3371,
#3372,#3373,#3374,#3375,#3376,#3377,#3378,#3379,#3380,#3381,#3382,#3383,
#3384,#3385,#3386,#3387,#3388,#3389,#3390,#3391,#3392,#3393,#3394,#3395,
#3396,#3397,#3398,#3399,#3400,#3401),.UNSPECIFIED.,.F.,.F.,(4,2,2,2,2,2,
2,2,2,2,2,2,2,2,2,2,2,4),(-14.174547869765,-14.1232007855691,-13.9482002255287,
-13.7729393258956,-13.5980517898274,-13.4225505157432,-13.2477703321323,
-13.0720276451732,-12.8973489373429,-12.7213648757903,-12.5467816083389,
-12.3705572116627,-12.1960632360838,-12.019600460324,-11.8451895590018,
-11.6684911858606,-11.4941571138072,-11.3466683944799),.UNSPECIFIED.);
#522=B_SPLINE_CURVE_WITH_KNOTS('',3,(#3402,#3403,#3404,#3405,#3406,#3407,
#3408,#3409,#3410,#3411,#3412,#3413,#3414,#3415,#3416,#3417,#3418,#3419,
#3420,#3421,#3422,#3423,#3424,#3425,#3426,#3427,#3428,#3429,#3430,#3431,
#3432,#3433,#3434,#3435,#3436,#3437),.UNSPECIFIED.,.F.,.F.,(4,2,2,2,2,2,
2,2,2,2,2,2,2,2,2,2,2,4),(-7.08140898588107,-7.03676531521801,-6.85847429110327,
-6.68612116739068,-6.50769911277589,-6.33532896313047,-6.15677892582066,
-5.9843835850957,-5.80570865807201,-5.63328079096504,-5.4544840840842,-5.28201716327942,
-5.10310177798588,-4.9305900519354,-4.75155905903404,-4.57899751155465,
-4.39985393197685,-4.25137203225992),.UNSPECIFIED.);
#523=B_SPLINE_CURVE_WITH_KNOTS('',3,(#3442,#3443,#3444,#3445,#3446,#3447,
#3448,#3449,#3450,#3451,#3452,#3453,#3454,#3455,#3456,#3457,#3458,#3459,
#3460,#3461,#3462,#3463,#3464,#3465,#3466,#3467,#3468,#3469,#3470,#3471,
#3472,#3473,#3474,#3475,#3476,#3477),.UNSPECIFIED.,.F.,.F.,(4,2,2,2,2,2,
2,2,2,2,2,2,2,2,2,2,2,4),(-11.3466683944799,-11.3172266560991,-11.1429631798791,
-10.9658047857537,-10.7916057192154,-10.6142240772711,-10.4400833137889,
-10.2624835608841,-10.0883951019682,-9.91058273519134,-9.73654071539336,
-9.5585215093415,-9.3791082665747,-9.20637229209848,-9.02685884942726,-8.85405658547207,
-8.6744454767017,-8.51616298618809),.UNSPECIFIED.);
#524=B_SPLINE_CURVE_WITH_KNOTS('',3,(#3478,#3479,#3480,#3481,#3482,#3483,
#3484,#3485,#3486,#3487,#3488,#3489,#3490,#3491,#3492,#3493,#3494,#3495,
#3496,#3497,#3498,#3499,#3500,#3501,#3502,#3503,#3504,#3505,#3506,#3507,
#3508,#3509,#3510,#3511,#3512,#3513),.UNSPECIFIED.,.F.,.F.,(4,2,2,2,2,2,
2,2,2,2,2,2,2,2,2,2,2,4),(-9.90996758987861,-9.83751091474566,-9.66036108243113,
-9.48775497964307,-9.31045556328537,-9.13792532702361,-8.96047771988483,
-8.78800960640941,-8.61041554517614,-8.43799623754165,-8.26025776334902,
-8.08787448561692,-7.90999390402353,-7.73763451760974,-7.5596143584339,
-7.38726743954909,-7.20911041734501,-7.08140898588107),.UNSPECIFIED.);
#525=B_SPLINE_CURVE_WITH_KNOTS('',3,(#3518,#3519,#3520,#3521,#3522,#3523,
#3524,#3525,#3526,#3527,#3528,#3529,#3530,#3531,#3532,#3533,#3534,#3535,
#3536,#3537,#3538,#3539,#3540,#3541,#3542,#3543,#3544,#3545,#3546,#3547,
#3548,#3549,#3550,#3551,#3552,#3553),.UNSPECIFIED.,.F.,.F.,(4,2,2,2,2,2,
2,2,2,2,2,2,2,2,2,2,2,4),(-8.51616298618809,-8.50157540777716,-8.32186905474172,
-8.14893002088114,-7.96913073109684,-7.79612188183888,-7.61623184755315,
-7.44315259928445,-7.26317389770016,-7.09002389454031,-6.90995848905051,
-6.73673756737205,-6.55658730961398,-6.38329546615179,-6.20306209874744,
-6.02969946221118,-5.84938462203513,-5.6814110224043),.UNSPECIFIED.);
#526=B_SPLINE_CURVE_WITH_KNOTS('',3,(#3554,#3555,#3556,#3557,#3558,#3559,
#3560,#3561,#3562,#3563,#3564,#3565,#3566,#3567,#3568,#3569,#3570,#3571,
#3572,#3573,#3574,#3575,#3576,#3577,#3578,#3579,#3580,#3581,#3582,#3583,
#3584,#3585,#3586,#3587,#3588,#3589),.UNSPECIFIED.,.F.,.F.,(4,2,2,2,2,2,
2,2,2,2,2,2,2,2,2,2,2,4),(-12.7381756167563,-12.635044648825,-12.4579274622588,
-12.2852100967022,-12.1082436732001,-11.9354191217225,-11.7586039656238,
-11.5856580567327,-11.4092626182795,-11.2360657848872,-11.059520127483,
-10.8864694022733,-10.7097727113823,-10.5368543095289,-10.360006269406,
-10.1872061597868,-10.010206924359,-9.90996758987861),.UNSPECIFIED.);
#527=B_SPLINE_CURVE_WITH_KNOTS('',3,(#3594,#3595,#3596,#3597,#3598,#3599,
#3600,#3601,#3602,#3603,#3604,#3605,#3606,#3607,#3608,#3609,#3610,#3611,
#3612,#3613,#3614,#3615,#3616,#3617,#3618,#3619,#3620,#3621,#3622,#3623,
#3624,#3625,#3626,#3627,#3628,#3629),.UNSPECIFIED.,.F.,.F.,(4,2,2,2,2,2,
2,2,2,2,2,2,2,2,2,2,2,4),(-5.6814110224043,-5.67595142804215,-5.49555664991626,
-5.3220532190597,-5.14157993974617,-4.96800665854879,-4.78745622097049,
-4.61381352549853,-4.4331871830854,-4.25947554495595,-4.07877446607331,
-3.90499438062486,-3.72421965300131,-3.55037162937536,-3.36952426451082,
-3.19560881743583,-3.01468975492584,-2.84108138749614),.UNSPECIFIED.);
#528=B_SPLINE_CURVE_WITH_KNOTS('',3,(#3630,#3631,#3632,#3633,#3634,#3635,
#3636,#3637,#3638,#3639,#3640,#3641,#3642,#3643,#3644,#3645,#3646,#3647,
#3648,#3649,#3650,#3651,#3652,#3653,#3654,#3655,#3656,#3657,#3658,#3659,
#3660,#3661,#3662,#3663,#3664,#3665),.UNSPECIFIED.,.F.,.F.,(4,2,2,2,2,2,
2,2,2,2,2,2,2,2,2,2,2,4),(-15.5668179005798,-15.4367524478136,-15.2584902907961,
-15.0861456891205,-14.9080181655801,-14.7356695033683,-14.5576794457635,
-14.38531590048,-14.2074659865701,-14.0350759736728,-13.8573686879897,-13.6849399233202,
-13.5073775174528,-13.3348970988249,-13.1574815512042,-12.9849360587508,
-12.8076690347846,-12.7381756167563),.UNSPECIFIED.);
#529=B_SPLINE_CURVE_WITH_KNOTS('',3,(#3670,#3671,#3672,#3673,#3674,#3675,
#3676,#3677,#3678,#3679,#3680,#3681,#3682,#3683,#3684,#3685,#3686,#3687,
#3688,#3689,#3690,#3691,#3692,#3693,#3694,#3695,#3696,#3697,#3698,#3699,
#3700,#3701,#3702,#3703,#3704,#3705),.UNSPECIFIED.,.F.,.F.,(4,2,2,2,2,2,
2,2,2,2,2,2,2,2,2,2,2,4),(-2.84108138749614,-2.84070739797499,-2.65971750974412,
-2.48569335906737,-2.30472276590115,-2.13073226576001,-1.94986371999314,
-1.77590502467813,-1.59514165201444,-1.42121278435178,-1.24055791037004,
-1.06665675407839,-0.886113911276063,-0.712238203170771,-0.531811137231555,
-0.357958459363501,-0.177651134394397,0.),.UNSPECIFIED.);
#530=B_SPLINE_CURVE_WITH_KNOTS('',3,(#3706,#3707,#3708,#3709,#3710,#3711,
#3712,#3713,#3714,#3715,#3716,#3717,#3718,#3719,#3720,#3721,#3722,#3723,
#3724,#3725,#3726,#3727,#3728,#3729,#3730,#3731,#3732,#3733,#3734,#3735,
#3736,#3737,#3738,#3739,#3740,#3741),.UNSPECIFIED.,.F.,.F.,(4,2,2,2,2,2,
2,2,2,2,2,2,2,2,2,2,2,4),(-18.3970830057539,-18.2469712733445,-18.0677416416272,
-17.8951380633585,-17.716018698535,-17.543468385802,-17.3644622582162,-17.1919607383601,
-17.0130708812556,-16.8406129822553,-16.6618424748205,-16.4894222799357,
-16.3107742274367,-16.1383850363925,-15.9598625472738,-15.7874968461136,
-15.6091030060606,-15.5668179005798),.UNSPECIFIED.);
#531=B_SPLINE_CURVE_WITH_KNOTS('',3,(#3747,#3748,#3749,#3750,#3751,#3752,
#3753,#3754,#3755,#3756,#3757,#3758,#3759,#3760,#3761,#3762,#3763,#3764,
#3765,#3766,#3767,#3768,#3769,#3770,#3771,#3772),.UNSPECIFIED.,.F.,.F.,
(4,2,2,2,2,2,2,2,2,2,2,2,4),(-1.2776189195172,-1.20317633801542,-1.12995292524484,
-1.02890883893677,-0.977236556128213,-0.926543124428158,-0.827419437017198,
-0.725342984452717,-0.62790601104367,-0.578763527919514,-0.479605408797781,
-0.431223209687178,-0.399783693996071),.UNSPECIFIED.);
#532=B_SPLINE_CURVE_WITH_KNOTS('',3,(#3779,#3780,#3781,#3782,#3783,#3784,
#3785,#3786,#3787,#3788,#3789,#3790,#3791,#3792,#3793,#3794,#3795,#3796,
#3797,#3798),.UNSPECIFIED.,.F.,.F.,(4,2,2,2,2,2,2,2,2,4),(-1.58912635274836,
-1.57539385590049,-1.37371581594608,-1.17967689216054,-0.977905170845237,
-0.783794003733351,-0.581931259914821,-0.38774787050074,-0.185796619210303,
0.),.UNSPECIFIED.);
#533=B_SPLINE_CURVE_WITH_KNOTS('',3,(#3819,#3820,#3821,#3822,#3823,#3824,
#3825,#3826,#3827,#3828,#3829,#3830,#3831,#3832,#3833,#3834,#3835,#3836,
#3837,#3838,#3839,#3840,#3841,#3842,#3843,#3844,#3845,#3846,#3847,#3848,
#3849,#3850,#3851,#3852,#3853,#3854),.UNSPECIFIED.,.F.,.F.,(4,2,2,2,2,2,
2,2,2,2,2,2,2,2,2,2,2,4),(-4.76465549840319,-4.73488688337036,-4.53407096910127,
-4.34057244598389,-4.13963658649379,-3.94607828112278,-3.74502619110539,
-3.55140479254474,-3.35024008281465,-3.156552904757,-2.95527906932059,-2.76152398536731,
-2.56014439119926,-2.36631977167158,-2.16483765109943,-1.97094230255035,
-1.7693607478427,-1.58912635274836),.UNSPECIFIED.);
#534=B_SPLINE_CURVE_WITH_KNOTS('',3,(#3876,#3877,#3878,#3879,#3880,#3881,
#3882,#3883,#3884,#3885,#3886,#3887,#3888,#3889,#3890,#3891,#3892,#3893,
#3894,#3895,#3896,#3897,#3898,#3899,#3900,#3901,#3902,#3903,#3904,#3905,
#3906,#3907,#3908,#3909,#3910,#3911),.UNSPECIFIED.,.F.,.F.,(4,2,2,2,2,2,
2,2,2,2,2,2,2,2,2,2,2,4),(-7.93760515036562,-7.88311998999298,-7.6834030212635,
-7.49016870668594,-7.29030095417653,-7.09706283189524,-6.89704798464422,
-6.70379578438659,-6.50363764939469,-6.31036208682261,-6.11006454978769,
-5.91675731805564,-5.71632430705809,-5.52297805273283,-5.32241350529329,
-5.12902179136537,-4.92832962487509,-4.76465549840319),.UNSPECIFIED.);
#535=B_SPLINE_CURVE_WITH_KNOTS('',3,(#3933,#3934,#3935,#3936,#3937,#3938,
#3939,#3940,#3941,#3942,#3943,#3944,#3945,#3946,#3947,#3948,#3949,#3950,
#3951,#3952,#3953,#3954,#3955,#3956,#3957,#3958,#3959,#3960,#3961,#3962,
#3963,#3964,#3965,#3966,#3967,#3968),.UNSPECIFIED.,.F.,.F.,(4,2,2,2,2,2,
2,2,2,2,2,2,2,2,2,2,2,4),(-11.1094257244644,-11.0223264813205,-10.8239199544392,
-10.6302410397309,-10.431663751375,-10.2380930441732,-10.0393461491822,
-9.84586764465178,-9.64695276592865,-9.45355076333798,-9.25446995274178,
-9.06112921462398,-8.86188491042802,-8.66859080325802,-8.46918578542045,
-8.27592439941989,-8.07636174356698,-7.93760515036562),.UNSPECIFIED.);
#536=B_SPLINE_CURVE_WITH_KNOTS('',3,(#3990,#3991,#3992,#3993,#3994,#3995,
#3996,#3997,#3998,#3999,#4000,#4001,#4002,#4003,#4004,#4005,#4006,#4007,
#4008,#4009,#4010,#4011,#4012,#4013,#4014,#4015,#4016,#4017,#4018,#4019,
#4020,#4021,#4022,#4023,#4024,#4025),.UNSPECIFIED.,.F.,.F.,(4,2,2,2,2,2,
2,2,2,2,2,2,2,2,2,2,2,4),(-14.2810546430612,-14.1596843665025,-13.9608520000425,
-13.7673300666002,-13.5686665393802,-13.375044547441,-13.1765512564472,
-12.9828131146262,-12.7844909710626,-12.5906205480996,-12.3924699451943,
-12.1984512586055,-12.0004720451723,-11.8063721105822,-11.6083085306643,
-11.4143648517046,-11.216129738316,-11.1094257244644),.UNSPECIFIED.);
#537=B_SPLINE_CURVE_WITH_KNOTS('',3,(#4047,#4048,#4049,#4050,#4051,#4052,
#4053,#4054,#4055,#4056,#4057,#4058,#4059,#4060,#4061,#4062,#4063,#4064,
#4065,#4066,#4067,#4068,#4069,#4070,#4071,#4072,#4073,#4074,#4075,#4076,
#4077,#4078,#4079,#4080,#4081,#4082),.UNSPECIFIED.,.F.,.F.,(4,2,2,2,2,2,
2,2,2,2,2,2,2,2,2,2,2,4),(-17.453219809002,-17.3024888715518,-17.1024008337454,
-16.9091567905385,-16.7092139278542,-16.5159790269892,-16.3161850934012,
-16.1229485812666,-15.9233071924292,-15.7300573509693,-15.5305719411215,
-15.3372961280882,-15.1379699052293,-14.9446546167491,-14.7454905166439,
-14.5521214728742,-14.3531221128859,-14.2810546430612),.UNSPECIFIED.);
#538=B_SPLINE_CURVE_WITH_KNOTS('',3,(#4104,#4105,#4106,#4107,#4108,#4109,
#4110,#4111,#4112,#4113,#4114,#4115,#4116,#4117,#4118,#4119,#4120,#4121,
#4122,#4123,#4124,#4125,#4126,#4127,#4128,#4129,#4130,#4131,#4132,#4133,
#4134,#4135,#4136,#4137,#4138,#4139),.UNSPECIFIED.,.F.,.F.,(4,2,2,2,2,2,
2,2,2,2,2,2,2,2,2,2,2,4),(-20.6271048839337,-20.4552068803845,-20.2540971994811,
-20.0605072522366,-19.8595119557229,-19.6659835529542,-19.4651063046046,
-19.2716358037517,-19.0708803637394,-18.8774634008746,-18.6768336081978,
-18.4834650356626,-18.2829647873524,-18.0896386155797,-17.8892718424035,
-17.6959811883366,-17.4957518270821,-17.453219809002),.UNSPECIFIED.);
#539=B_SPLINE_CURVE_WITH_KNOTS('',3,(#4161,#4162,#4163,#4164,#4165,#4166,
#4167,#4168,#4169,#4170,#4171,#4172,#4173,#4174,#4175,#4176,#4177,#4178,
#4179,#4180,#4181,#4182,#4183,#4184,#4185,#4186,#4187,#4188,#4189,#4190,
#4191,#4192,#4193,#4194,#4195,#4196),.UNSPECIFIED.,.F.,.F.,(4,2,2,2,2,2,
2,2,2,2,2,2,2,2,2,2,2,4),(-23.8042551489381,-23.6189880878443,-23.41708012754,
-23.222932297441,-23.0211140655617,-22.8270384945524,-22.6253125767355,
-22.431309176605,-22.2296783030727,-22.0357467317457,-21.8342137778945,
-21.6403533927777,-21.4389213784302,-21.2451311853294,-21.0438032722718,
-20.8500818702438,-20.6488613579414,-20.6271048839337),.UNSPECIFIED.);
#540=B_SPLINE_CURVE_WITH_KNOTS('',3,(#4272,#4273,#4274,#4275),
 .UNSPECIFIED.,.F.,.F.,(4,4),(-4.53522003522726E-16,0.23),.UNSPECIFIED.);
#541=B_SPLINE_CURVE_WITH_KNOTS('',3,(#4333,#4334,#4335,#4336,#4337),
 .UNSPECIFIED.,.F.,.F.,(4,1,4),(0.,0.0195341317879252,0.0394825948443499),
 .UNSPECIFIED.);
#542=B_SPLINE_CURVE_WITH_KNOTS('',3,(#4341,#4342,#4343,#4344,#4345),
 .UNSPECIFIED.,.F.,.F.,(4,1,4),(0.,0.0195341317879252,0.0394825948443499),
 .UNSPECIFIED.);
#543=B_SPLINE_CURVE_WITH_KNOTS('',3,(#4358,#4359,#4360,#4361,#4362),
 .UNSPECIFIED.,.F.,.F.,(4,1,4),(0.,0.0222129817351842,0.0425729521573543),
 .UNSPECIFIED.);
#544=B_SPLINE_CURVE_WITH_KNOTS('',3,(#4365,#4366,#4367,#4368,#4369),
 .UNSPECIFIED.,.F.,.F.,(4,1,4),(0.,0.0222129817351842,0.0425729521573543),
 .UNSPECIFIED.);
#545=B_SPLINE_CURVE_WITH_KNOTS('',3,(#4381,#4382,#4383,#4384,#4385),
 .UNSPECIFIED.,.F.,.F.,(4,1,4),(0.,0.0514989389083258,0.084001502060691),
 .UNSPECIFIED.);
#546=B_SPLINE_CURVE_WITH_KNOTS('',3,(#4388,#4389,#4390,#4391,#4392),
 .UNSPECIFIED.,.F.,.F.,(4,1,4),(0.,0.0514989389083258,0.084001502060691),
 .UNSPECIFIED.);
#547=B_SPLINE_CURVE_WITH_KNOTS('',3,(#4404,#4405,#4406,#4407,#4408),
 .UNSPECIFIED.,.F.,.F.,(4,1,4),(0.,0.032542772664411,0.0838290599482932),
 .UNSPECIFIED.);
#548=B_SPLINE_CURVE_WITH_KNOTS('',3,(#4411,#4412,#4413,#4414,#4415),
 .UNSPECIFIED.,.F.,.F.,(4,1,4),(0.,0.032542772664411,0.0838290599482932),
 .UNSPECIFIED.);
#549=B_SPLINE_CURVE_WITH_KNOTS('',3,(#4427,#4428,#4429,#4430,#4431),
 .UNSPECIFIED.,.F.,.F.,(4,1,4),(0.,0.0201231716685933,0.042362187440359),
 .UNSPECIFIED.);
#550=B_SPLINE_CURVE_WITH_KNOTS('',3,(#4434,#4435,#4436,#4437,#4438),
 .UNSPECIFIED.,.F.,.F.,(4,1,4),(0.,0.0201231716685933,0.042362187440359),
 .UNSPECIFIED.);
#551=B_SPLINE_CURVE_WITH_KNOTS('',3,(#4450,#4451,#4452,#4453,#4454),
 .UNSPECIFIED.,.F.,.F.,(4,1,4),(0.,0.0221949259774484,0.0423126908562972),
 .UNSPECIFIED.);
#552=B_SPLINE_CURVE_WITH_KNOTS('',3,(#4457,#4458,#4459,#4460,#4461),
 .UNSPECIFIED.,.F.,.F.,(4,1,4),(0.,0.0221949259774484,0.0423126908562972),
 .UNSPECIFIED.);
#553=B_SPLINE_CURVE_WITH_KNOTS('',3,(#4473,#4474,#4475,#4476,#4477),
 .UNSPECIFIED.,.F.,.F.,(4,1,4),(0.,0.0513926125529843,0.0839152528559086),
 .UNSPECIFIED.);
#554=B_SPLINE_CURVE_WITH_KNOTS('',3,(#4480,#4481,#4482,#4483,#4484),
 .UNSPECIFIED.,.F.,.F.,(4,1,4),(0.,0.0513926125529843,0.0839152528559086),
 .UNSPECIFIED.);
#555=B_SPLINE_CURVE_WITH_KNOTS('',3,(#4495,#4496,#4497,#4498,#4499),
 .UNSPECIFIED.,.F.,.F.,(4,1,4),(0.,0.0346354837216758,0.0866711410652275),
 .UNSPECIFIED.);
#556=B_SPLINE_CURVE_WITH_KNOTS('',3,(#4500,#4501,#4502,#4503,#4504),
 .UNSPECIFIED.,.F.,.F.,(4,1,4),(0.,0.0346354837216758,0.0866711410652275),
 .UNSPECIFIED.);
#557=B_SPLINE_CURVE_WITH_KNOTS('',3,(#4517,#4518,#4519,#4520,#4521),
 .UNSPECIFIED.,.F.,.F.,(4,1,4),(0.,0.0329173347803065,0.0642043298499813),
 .UNSPECIFIED.);
#558=B_SPLINE_CURVE_WITH_KNOTS('',3,(#4525,#4526,#4527,#4528,#4529),
 .UNSPECIFIED.,.F.,.F.,(4,1,4),(0.,0.0329173347803065,0.0642043298499813),
 .UNSPECIFIED.);
#559=B_SPLINE_CURVE_WITH_KNOTS('',3,(#4542,#4543,#4544,#4545,#4546),
 .UNSPECIFIED.,.F.,.F.,(4,1,4),(0.,0.0231693089070433,0.0485283812298887),
 .UNSPECIFIED.);
#560=B_SPLINE_CURVE_WITH_KNOTS('',3,(#4549,#4550,#4551,#4552,#4553),
 .UNSPECIFIED.,.F.,.F.,(4,1,4),(0.,0.0231693089070433,0.0485283812298887),
 .UNSPECIFIED.);
#561=B_SPLINE_CURVE_WITH_KNOTS('',3,(#4565,#4566,#4567,#4568,#4569),
 .UNSPECIFIED.,.F.,.F.,(4,1,4),(0.,0.0264807031504682,0.0502657381393709),
 .UNSPECIFIED.);
#562=B_SPLINE_CURVE_WITH_KNOTS('',3,(#4572,#4573,#4574,#4575,#4576),
 .UNSPECIFIED.,.F.,.F.,(4,1,4),(0.,0.0264807031504682,0.0502657381393709),
 .UNSPECIFIED.);
#563=B_SPLINE_CURVE_WITH_KNOTS('',3,(#4588,#4589,#4590,#4591,#4592),
 .UNSPECIFIED.,.F.,.F.,(4,1,4),(0.,0.0398194455742193,0.071817022700939),
 .UNSPECIFIED.);
#564=B_SPLINE_CURVE_WITH_KNOTS('',3,(#4595,#4596,#4597,#4598,#4599),
 .UNSPECIFIED.,.F.,.F.,(4,1,4),(0.,0.0398194455742193,0.071817022700939),
 .UNSPECIFIED.);
#565=B_SPLINE_CURVE_WITH_KNOTS('',3,(#4611,#4612,#4613,#4614,#4615),
 .UNSPECIFIED.,.F.,.F.,(4,1,4),(0.,0.0260729172255166,0.059462903120839),
 .UNSPECIFIED.);
#566=B_SPLINE_CURVE_WITH_KNOTS('',3,(#4618,#4619,#4620,#4621,#4622),
 .UNSPECIFIED.,.F.,.F.,(4,1,4),(0.,0.0260729172255166,0.059462903120839),
 .UNSPECIFIED.);
#567=B_SPLINE_CURVE_WITH_KNOTS('',3,(#4634,#4635,#4636,#4637,#4638),
 .UNSPECIFIED.,.F.,.F.,(4,1,4),(0.,0.0190878941500721,0.0404160697114683),
 .UNSPECIFIED.);
#568=B_SPLINE_CURVE_WITH_KNOTS('',3,(#4641,#4642,#4643,#4644,#4645),
 .UNSPECIFIED.,.F.,.F.,(4,1,4),(0.,0.0190878941500721,0.0404160697114683),
 .UNSPECIFIED.);
#569=B_SPLINE_CURVE_WITH_KNOTS('',3,(#4657,#4658,#4659,#4660,#4661),
 .UNSPECIFIED.,.F.,.F.,(4,1,4),(0.,0.0170238435864498,0.034551398555716),
 .UNSPECIFIED.);
#570=B_SPLINE_CURVE_WITH_KNOTS('',3,(#4664,#4665,#4666,#4667,#4668),
 .UNSPECIFIED.,.F.,.F.,(4,1,4),(0.,0.0170238435864498,0.034551398555716),
 .UNSPECIFIED.);
#571=B_SPLINE_CURVE_WITH_KNOTS('',3,(#4680,#4681,#4682,#4683,#4684),
 .UNSPECIFIED.,.F.,.F.,(4,1,4),(0.,0.0189947031549787,0.0364966173478098),
 .UNSPECIFIED.);
#572=B_SPLINE_CURVE_WITH_KNOTS('',3,(#4687,#4688,#4689,#4690,#4691),
 .UNSPECIFIED.,.F.,.F.,(4,1,4),(0.,0.0189947031549787,0.0364966173478098),
 .UNSPECIFIED.);
#573=B_SPLINE_CURVE_WITH_KNOTS('',3,(#4703,#4704,#4705,#4706,#4707),
 .UNSPECIFIED.,.F.,.F.,(4,1,4),(0.,0.0231013316777661,0.0483307535454697),
 .UNSPECIFIED.);
#574=B_SPLINE_CURVE_WITH_KNOTS('',3,(#4710,#4711,#4712,#4713,#4714),
 .UNSPECIFIED.,.F.,.F.,(4,1,4),(0.,0.0231013316777661,0.0483307535454697),
 .UNSPECIFIED.);
#575=B_SPLINE_CURVE_WITH_KNOTS('',3,(#4726,#4727,#4728,#4729,#4730),
 .UNSPECIFIED.,.F.,.F.,(4,1,4),(0.,0.0264887288252541,0.0502400216158979),
 .UNSPECIFIED.);
#576=B_SPLINE_CURVE_WITH_KNOTS('',3,(#4733,#4734,#4735,#4736,#4737),
 .UNSPECIFIED.,.F.,.F.,(4,1,4),(0.,0.0264887288252541,0.0502400216158979),
 .UNSPECIFIED.);
#577=B_SPLINE_CURVE_WITH_KNOTS('',3,(#4749,#4750,#4751,#4752,#4753),
 .UNSPECIFIED.,.F.,.F.,(4,1,4),(0.,0.0400760513552295,0.0721705373701478),
 .UNSPECIFIED.);
#578=B_SPLINE_CURVE_WITH_KNOTS('',3,(#4756,#4757,#4758,#4759,#4760),
 .UNSPECIFIED.,.F.,.F.,(4,1,4),(0.,0.0400760513552295,0.0721705373701478),
 .UNSPECIFIED.);
#579=B_SPLINE_CURVE_WITH_KNOTS('',3,(#4771,#4772,#4773,#4774,#4775),
 .UNSPECIFIED.,.F.,.F.,(4,1,4),(0.,0.0450110338675738,0.105949548670046),
 .UNSPECIFIED.);
#580=B_SPLINE_CURVE_WITH_KNOTS('',3,(#4776,#4777,#4778,#4779,#4780),
 .UNSPECIFIED.,.F.,.F.,(4,1,4),(0.,0.0450110338675738,0.105949548670046),
 .UNSPECIFIED.);
#581=B_SPLINE_CURVE_WITH_KNOTS('',3,(#4819,#4820,#4821,#4822,#4823),
 .UNSPECIFIED.,.F.,.F.,(4,1,4),(0.,0.0416536484177466,0.0789977528673909),
 .UNSPECIFIED.);
#582=B_SPLINE_CURVE_WITH_KNOTS('',3,(#4827,#4828,#4829,#4830,#4831),
 .UNSPECIFIED.,.F.,.F.,(4,1,4),(0.,0.0416536484177466,0.0789977528673909),
 .UNSPECIFIED.);
#583=B_SPLINE_CURVE_WITH_KNOTS('',3,(#4844,#4845,#4846,#4847,#4848),
 .UNSPECIFIED.,.F.,.F.,(4,1,4),(0.,0.0431958348231893,0.0867718597327299),
 .UNSPECIFIED.);
#584=B_SPLINE_CURVE_WITH_KNOTS('',3,(#4851,#4852,#4853,#4854,#4855),
 .UNSPECIFIED.,.F.,.F.,(4,1,4),(0.,0.0431958348231893,0.0867718597327299),
 .UNSPECIFIED.);
#585=B_SPLINE_CURVE_WITH_KNOTS('',3,(#4867,#4868,#4869,#4870,#4871),
 .UNSPECIFIED.,.F.,.F.,(4,1,4),(0.,0.0327240470264693,0.07234451060998),
 .UNSPECIFIED.);
#586=B_SPLINE_CURVE_WITH_KNOTS('',3,(#4874,#4875,#4876,#4877,#4878),
 .UNSPECIFIED.,.F.,.F.,(4,1,4),(0.,0.0327240470264693,0.07234451060998),
 .UNSPECIFIED.);
#587=B_SPLINE_CURVE_WITH_KNOTS('',3,(#4896,#4897,#4898,#4899,#4900),
 .UNSPECIFIED.,.F.,.F.,(4,1,4),(0.,0.0337251181884828,0.0698270476508111),
 .UNSPECIFIED.);
#588=B_SPLINE_CURVE_WITH_KNOTS('',3,(#4903,#4904,#4905,#4906,#4907),
 .UNSPECIFIED.,.F.,.F.,(4,1,4),(0.,0.0337251181884828,0.0698270476508111),
 .UNSPECIFIED.);
#589=B_SPLINE_CURVE_WITH_KNOTS('',3,(#4919,#4920,#4921,#4922,#4923),
 .UNSPECIFIED.,.F.,.F.,(4,1,4),(0.,0.0475058869891107,0.0940580637316344),
 .UNSPECIFIED.);
#590=B_SPLINE_CURVE_WITH_KNOTS('',3,(#4926,#4927,#4928,#4929,#4930),
 .UNSPECIFIED.,.F.,.F.,(4,1,4),(0.,0.0475058869891107,0.0940580637316344),
 .UNSPECIFIED.);
#591=B_SPLINE_CURVE_WITH_KNOTS('',3,(#4942,#4943,#4944,#4945,#4946),
 .UNSPECIFIED.,.F.,.F.,(4,1,4),(0.,0.0379516012902741,0.0826117221239049),
 .UNSPECIFIED.);
#592=B_SPLINE_CURVE_WITH_KNOTS('',3,(#4949,#4950,#4951,#4952,#4953),
 .UNSPECIFIED.,.F.,.F.,(4,1,4),(0.,0.0379516012902741,0.0826117221239049),
 .UNSPECIFIED.);
#593=B_SPLINE_CURVE_WITH_KNOTS('',3,(#4996,#4997,#4998,#4999,#5000),
 .UNSPECIFIED.,.F.,.F.,(4,1,4),(0.,0.0186862881321562,0.0429215376304215),
 .UNSPECIFIED.);
#594=B_SPLINE_CURVE_WITH_KNOTS('',3,(#5003,#5004,#5005,#5006,#5007),
 .UNSPECIFIED.,.F.,.F.,(4,1,4),(0.,0.0186862881321562,0.0429215376304215),
 .UNSPECIFIED.);
#595=B_SPLINE_CURVE_WITH_KNOTS('',3,(#5019,#5020,#5021,#5022,#5023),
 .UNSPECIFIED.,.F.,.F.,(4,1,4),(0.,0.016475392056537,0.032671848633584),
 .UNSPECIFIED.);
#596=B_SPLINE_CURVE_WITH_KNOTS('',3,(#5026,#5027,#5028,#5029,#5030),
 .UNSPECIFIED.,.F.,.F.,(4,1,4),(0.,0.016475392056537,0.032671848633584),
 .UNSPECIFIED.);
#597=B_SPLINE_CURVE_WITH_KNOTS('',3,(#5042,#5043,#5044,#5045,#5046),
 .UNSPECIFIED.,.F.,.F.,(4,1,4),(0.,0.0118643418102834,0.0236424181010903),
 .UNSPECIFIED.);
#598=B_SPLINE_CURVE_WITH_KNOTS('',3,(#5049,#5050,#5051,#5052,#5053),
 .UNSPECIFIED.,.F.,.F.,(4,1,4),(0.,0.0118643418102834,0.0236424181010903),
 .UNSPECIFIED.);
#599=B_SPLINE_CURVE_WITH_KNOTS('',3,(#5065,#5066,#5067,#5068,#5069),
 .UNSPECIFIED.,.F.,.F.,(4,1,4),(0.,0.0128002055052866,0.0248996439565042),
 .UNSPECIFIED.);
#600=B_SPLINE_CURVE_WITH_KNOTS('',3,(#5072,#5073,#5074,#5075,#5076),
 .UNSPECIFIED.,.F.,.F.,(4,1,4),(0.,0.0128002055052866,0.0248996439565042),
 .UNSPECIFIED.);
#601=B_SPLINE_CURVE_WITH_KNOTS('',3,(#5088,#5089,#5090,#5091,#5092),
 .UNSPECIFIED.,.F.,.F.,(4,1,4),(0.,0.0202420419061385,0.0359046709298521),
 .UNSPECIFIED.);
#602=B_SPLINE_CURVE_WITH_KNOTS('',3,(#5095,#5096,#5097,#5098,#5099),
 .UNSPECIFIED.,.F.,.F.,(4,1,4),(0.,0.0202420419061385,0.0359046709298521),
 .UNSPECIFIED.);
#603=B_SPLINE_CURVE_WITH_KNOTS('',3,(#5135,#5136,#5137,#5138,#5139),
 .UNSPECIFIED.,.F.,.F.,(4,1,4),(0.,0.00747197159111582,0.0184753411158626),
 .UNSPECIFIED.);
#604=B_SPLINE_CURVE_WITH_KNOTS('',3,(#5142,#5143,#5144,#5145,#5146),
 .UNSPECIFIED.,.F.,.F.,(4,1,4),(0.,0.00747197159111582,0.0184753411158626),
 .UNSPECIFIED.);
#605=B_SPLINE_CURVE_WITH_KNOTS('',3,(#5158,#5159,#5160,#5161,#5162),
 .UNSPECIFIED.,.F.,.F.,(4,1,4),(0.,0.0085079721608483,0.0165500596077473),
 .UNSPECIFIED.);
#606=B_SPLINE_CURVE_WITH_KNOTS('',3,(#5165,#5166,#5167,#5168,#5169),
 .UNSPECIFIED.,.F.,.F.,(4,1,4),(0.,0.0085079721608483,0.0165500596077473),
 .UNSPECIFIED.);
#607=B_SPLINE_CURVE_WITH_KNOTS('',3,(#5181,#5182,#5183,#5184,#5185),
 .UNSPECIFIED.,.F.,.F.,(4,1,4),(0.,0.0134895652118485,0.0237681288049403),
 .UNSPECIFIED.);
#608=B_SPLINE_CURVE_WITH_KNOTS('',3,(#5188,#5189,#5190,#5191,#5192),
 .UNSPECIFIED.,.F.,.F.,(4,1,4),(0.,0.0134895652118485,0.0237681288049403),
 .UNSPECIFIED.);
#609=B_SPLINE_CURVE_WITH_KNOTS('',3,(#5204,#5205,#5206,#5207,#5208),
 .UNSPECIFIED.,.F.,.F.,(4,1,4),(0.,0.0238613764579545,0.0419220860564873),
 .UNSPECIFIED.);
#610=B_SPLINE_CURVE_WITH_KNOTS('',3,(#5211,#5212,#5213,#5214,#5215),
 .UNSPECIFIED.,.F.,.F.,(4,1,4),(0.,0.0238613764579545,0.0419220860564873),
 .UNSPECIFIED.);
#611=B_SPLINE_CURVE_WITH_KNOTS('',3,(#5245,#5246,#5247,#5248,#5249),
 .UNSPECIFIED.,.F.,.F.,(4,1,4),(0.,0.0205684815915604,0.0432085846802537),
 .UNSPECIFIED.);
#612=B_SPLINE_CURVE_WITH_KNOTS('',3,(#5252,#5253,#5254,#5255,#5256),
 .UNSPECIFIED.,.F.,.F.,(4,1,4),(0.,0.0205684815915604,0.0432085846802537),
 .UNSPECIFIED.);
#613=B_SPLINE_CURVE_WITH_KNOTS('',3,(#5268,#5269,#5270,#5271,#5272),
 .UNSPECIFIED.,.F.,.F.,(4,1,4),(0.,0.0131438179597393,0.0235722839603475),
 .UNSPECIFIED.);
#614=B_SPLINE_CURVE_WITH_KNOTS('',3,(#5275,#5276,#5277,#5278,#5279),
 .UNSPECIFIED.,.F.,.F.,(4,1,4),(0.,0.0131438179597393,0.0235722839603475),
 .UNSPECIFIED.);
#615=B_SPLINE_CURVE_WITH_KNOTS('',3,(#5291,#5292,#5293,#5294,#5295),
 .UNSPECIFIED.,.F.,.F.,(4,1,4),(0.,0.0265113028212041,0.0588784780658848),
 .UNSPECIFIED.);
#616=B_SPLINE_CURVE_WITH_KNOTS('',3,(#5298,#5299,#5300,#5301,#5302),
 .UNSPECIFIED.,.F.,.F.,(4,1,4),(0.,0.0265113028212041,0.0588784780658848),
 .UNSPECIFIED.);
#617=B_SPLINE_CURVE_WITH_KNOTS('',3,(#5314,#5315,#5316,#5317,#5318),
 .UNSPECIFIED.,.F.,.F.,(4,1,4),(0.,0.024889289151294,0.0489812078037576),
 .UNSPECIFIED.);
#618=B_SPLINE_CURVE_WITH_KNOTS('',3,(#5321,#5322,#5323,#5324,#5325),
 .UNSPECIFIED.,.F.,.F.,(4,1,4),(0.,0.024889289151294,0.0489812078037576),
 .UNSPECIFIED.);
#619=B_SPLINE_CURVE_WITH_KNOTS('',3,(#5337,#5338,#5339,#5340,#5341),
 .UNSPECIFIED.,.F.,.F.,(4,1,4),(0.,0.019570819535433,0.0394804881127189),
 .UNSPECIFIED.);
#620=B_SPLINE_CURVE_WITH_KNOTS('',3,(#5344,#5345,#5346,#5347,#5348),
 .UNSPECIFIED.,.F.,.F.,(4,1,4),(0.,0.019570819535433,0.0394804881127189),
 .UNSPECIFIED.);
#621=B_SPLINE_CURVE_WITH_KNOTS('',3,(#5360,#5361,#5362,#5363,#5364),
 .UNSPECIFIED.,.F.,.F.,(4,1,4),(0.,0.0182094228919869,0.0371072108303311),
 .UNSPECIFIED.);
#622=B_SPLINE_CURVE_WITH_KNOTS('',3,(#5367,#5368,#5369,#5370,#5371),
 .UNSPECIFIED.,.F.,.F.,(4,1,4),(0.,0.0182094228919869,0.0371072108303311),
 .UNSPECIFIED.);
#623=B_SPLINE_CURVE_WITH_KNOTS('',3,(#5383,#5384,#5385,#5386,#5387),
 .UNSPECIFIED.,.F.,.F.,(4,1,4),(0.,0.0294649615674489,0.0514549192765596),
 .UNSPECIFIED.);
#624=B_SPLINE_CURVE_WITH_KNOTS('',3,(#5390,#5391,#5392,#5393,#5394),
 .UNSPECIFIED.,.F.,.F.,(4,1,4),(0.,0.0294649615674489,0.0514549192765596),
 .UNSPECIFIED.);
#625=B_SPLINE_CURVE_WITH_KNOTS('',3,(#5469,#5470,#5471,#5472,#5473,#5474,
#5475,#5476,#5477,#5478),.UNSPECIFIED.,.F.,.F.,(4,1,1,1,1,1,1,4),(-1.,-0.857142857142857,
-0.714285714285714,-0.571428571428571,-0.428571428571429,-0.285714285714286,
-0.142857142857143,0.),.UNSPECIFIED.);
#626=B_SPLINE_CURVE_WITH_KNOTS('',3,(#5480,#5481,#5482,#5483),
 .UNSPECIFIED.,.F.,.F.,(4,4),(-0.23,4.53522003522726E-16),.UNSPECIFIED.);
#627=B_SPLINE_CURVE_WITH_KNOTS('',3,(#5484,#5485,#5486,#5487,#5488,#5489,
#5490,#5491,#5492,#5493,#5494,#5495,#5496,#5497,#5498,#5499,#5500,#5501,
#5502,#5503,#5504,#5505),.UNSPECIFIED.,.F.,.F.,(4,3,3,3,3,3,3,4),(0.,0.358743647719345,
0.71748729543869,1.07623094315803,1.43497459087738,1.79371823859672,2.15246188631607,
2.51120553403541),.UNSPECIFIED.);
#628=B_SPLINE_CURVE_WITH_KNOTS('',3,(#5566,#5567,#5568,#5569),
 .UNSPECIFIED.,.F.,.F.,(4,4),(0.0196064911287069,0.0409814878466268),
 .UNSPECIFIED.);
#629=B_SPLINE_CURVE_WITH_KNOTS('',3,(#5572,#5573,#5574,#5575,#5576,#5577,
#5578,#5579,#5580,#5581,#5582,#5583,#5584,#5585,#5586,#5587,#5588,#5589,
#5590,#5591),.UNSPECIFIED.,.F.,.F.,(4,2,2,2,2,2,2,2,2,4),(0.37974385502369,
0.381684947700344,0.403682883443003,0.447678754928322,0.497557405146596,
0.54743605536487,0.590942979185786,0.634449903006701,0.676911963461035,
0.699767532786662),.UNSPECIFIED.);
#630=B_SPLINE_CURVE_WITH_KNOTS('',3,(#5592,#5593,#5594,#5595,#5596,#5597,
#5598,#5599,#5600,#5601,#5602,#5603,#5604,#5605,#5606,#5607,#5608,#5609,
#5610,#5611),.UNSPECIFIED.,.F.,.F.,(4,2,2,2,2,2,2,2,2,4),(0.0409814878466268,
0.0424620604543338,0.0849241209086676,0.128431044729583,0.171937968550498,
0.221816618768773,0.271695268987047,0.315691140472365,0.337689076215025,
0.339630168891679),.UNSPECIFIED.);
#631=B_SPLINE_CURVE_WITH_KNOTS('',3,(#5683,#5684,#5685,#5686,#5687,#5688),
 .UNSPECIFIED.,.F.,.F.,(4,2,4),(-24.0028958626631,-23.8132080085701,-23.8042551489381),
 .UNSPECIFIED.);
#632=B_SPLINE_CURVE_WITH_KNOTS('',3,(#5690,#5691,#5692,#5693,#5694,#5695,
#5696,#5697,#5698,#5699,#5700,#5701),.UNSPECIFIED.,.F.,.F.,(4,2,2,2,2,4),
(1.00000003034885E-6,0.11809218837606,0.236592331042538,0.316460439414898,
0.472912687400248,0.668416690551501),.UNSPECIFIED.);
#633=B_SPLINE_CURVE_WITH_KNOTS('',3,(#5702,#5703,#5704,#5705,#5706,#5707,
#5708,#5709,#5710,#5711,#5712,#5713),.UNSPECIFIED.,.F.,.F.,(4,2,2,2,2,4),
(-0.399783693996071,-0.333508055619893,-0.238225334751059,-0.142429987465807,
-0.081100329791429,-9.99993412797995E-7),.UNSPECIFIED.);
#634=B_SPLINE_CURVE_WITH_KNOTS('',3,(#5722,#5723,#5724,#5725,#5726,#5727,
#5728,#5729,#5730,#5731,#5732,#5733),.UNSPECIFIED.,.F.,.F.,(4,2,2,2,2,4),
(-19.1049533477723,-18.9386739180127,-18.7716893998842,-18.5989686610388,
-18.4196319085986,-18.3970830057539),.UNSPECIFIED.);
#635=B_SPLINE_CURVE_WITH_KNOTS('',3,(#5993,#5994,#5995,#5996,#5997,#5998,
#5999,#6000,#6001,#6002,#6003,#6004,#6005,#6006,#6007,#6008,#6009,#6010,
#6011,#6012,#6013,#6014,#6015,#6016,#6017,#6018,#6019,#6020),
 .UNSPECIFIED.,.F.,.F.,(4,2,2,2,2,2,2,2,2,2,2,2,2,4),(-2.23227839626964,
-2.12961622121433,-2.03064311053718,-1.83648551197336,-1.57252615105334,
-1.3292743288948,-1.10402281014074,-1.00096121294691,-0.791462916130048,
-0.688327284962906,-0.491971975521312,-0.298827169073358,-0.150226037557473,
-9.7633900963956E-11),.UNSPECIFIED.);
#636=LINE('',#3234,#830);
#637=LINE('',#3289,#831);
#638=LINE('',#3365,#832);
#639=LINE('',#3441,#833);
#640=LINE('',#3517,#834);
#641=LINE('',#3593,#835);
#642=LINE('',#3669,#836);
#643=LINE('',#3745,#837);
#644=LINE('',#3777,#838);
#645=LINE('',#3802,#839);
#646=LINE('',#3818,#840);
#647=LINE('',#3875,#841);
#648=LINE('',#3932,#842);
#649=LINE('',#3989,#843);
#650=LINE('',#4046,#844);
#651=LINE('',#4103,#845);
#652=LINE('',#4160,#846);
#653=LINE('',#4221,#847);
#654=LINE('',#4227,#848);
#655=LINE('',#4229,#849);
#656=LINE('',#4231,#850);
#657=LINE('',#4233,#851);
#658=LINE('',#4235,#852);
#659=LINE('',#4237,#853);
#660=LINE('',#4238,#854);
#661=LINE('',#4247,#855);
#662=LINE('',#4255,#856);
#663=LINE('',#4257,#857);
#664=LINE('',#4259,#858);
#665=LINE('',#4260,#859);
#666=LINE('',#4263,#860);
#667=LINE('',#4267,#861);
#668=LINE('',#4269,#862);
#669=LINE('',#4271,#863);
#670=LINE('',#4280,#864);
#671=LINE('',#4283,#865);
#672=LINE('',#4296,#866);
#673=LINE('',#4300,#867);
#674=LINE('',#4303,#868);
#675=LINE('',#4308,#869);
#676=LINE('',#4312,#870);
#677=LINE('',#4313,#871);
#678=LINE('',#4318,#872);
#679=LINE('',#4339,#873);
#680=LINE('',#4346,#874);
#681=LINE('',#4364,#875);
#682=LINE('',#4387,#876);
#683=LINE('',#4410,#877);
#684=LINE('',#4433,#878);
#685=LINE('',#4456,#879);
#686=LINE('',#4479,#880);
#687=LINE('',#4523,#881);
#688=LINE('',#4530,#882);
#689=LINE('',#4548,#883);
#690=LINE('',#4571,#884);
#691=LINE('',#4594,#885);
#692=LINE('',#4617,#886);
#693=LINE('',#4640,#887);
#694=LINE('',#4663,#888);
#695=LINE('',#4686,#889);
#696=LINE('',#4709,#890);
#697=LINE('',#4732,#891);
#698=LINE('',#4755,#892);
#699=LINE('',#4785,#893);
#700=LINE('',#4787,#894);
#701=LINE('',#4789,#895);
#702=LINE('',#4790,#896);
#703=LINE('',#4793,#897);
#704=LINE('',#4795,#898);
#705=LINE('',#4796,#899);
#706=LINE('',#4799,#900);
#707=LINE('',#4801,#901);
#708=LINE('',#4802,#902);
#709=LINE('',#4804,#903);
#710=LINE('',#4805,#904);
#711=LINE('',#4825,#905);
#712=LINE('',#4832,#906);
#713=LINE('',#4850,#907);
#714=LINE('',#4873,#908);
#715=LINE('',#4881,#909);
#716=LINE('',#4883,#910);
#717=LINE('',#4884,#911);
#718=LINE('',#4902,#912);
#719=LINE('',#4925,#913);
#720=LINE('',#4948,#914);
#721=LINE('',#4956,#915);
#722=LINE('',#4958,#916);
#723=LINE('',#4959,#917);
#724=LINE('',#4962,#918);
#725=LINE('',#4964,#919);
#726=LINE('',#4965,#920);
#727=LINE('',#4968,#921);
#728=LINE('',#4970,#922);
#729=LINE('',#4971,#923);
#730=LINE('',#4973,#924);
#731=LINE('',#4974,#925);
#732=LINE('',#4979,#926);
#733=LINE('',#4981,#927);
#734=LINE('',#4983,#928);
#735=LINE('',#4984,#929);
#736=LINE('',#5002,#930);
#737=LINE('',#5025,#931);
#738=LINE('',#5048,#932);
#739=LINE('',#5071,#933);
#740=LINE('',#5094,#934);
#741=LINE('',#5102,#935);
#742=LINE('',#5104,#936);
#743=LINE('',#5105,#937);
#744=LINE('',#5107,#938);
#745=LINE('',#5108,#939);
#746=LINE('',#5112,#940);
#747=LINE('',#5114,#941);
#748=LINE('',#5116,#942);
#749=LINE('',#5117,#943);
#750=LINE('',#5120,#944);
#751=LINE('',#5122,#945);
#752=LINE('',#5123,#946);
#753=LINE('',#5141,#947);
#754=LINE('',#5164,#948);
#755=LINE('',#5187,#949);
#756=LINE('',#5210,#950);
#757=LINE('',#5218,#951);
#758=LINE('',#5220,#952);
#759=LINE('',#5221,#953);
#760=LINE('',#5224,#954);
#761=LINE('',#5226,#955);
#762=LINE('',#5227,#956);
#763=LINE('',#5230,#957);
#764=LINE('',#5232,#958);
#765=LINE('',#5233,#959);
#766=LINE('',#5251,#960);
#767=LINE('',#5274,#961);
#768=LINE('',#5297,#962);
#769=LINE('',#5320,#963);
#770=LINE('',#5343,#964);
#771=LINE('',#5366,#965);
#772=LINE('',#5389,#966);
#773=LINE('',#5397,#967);
#774=LINE('',#5399,#968);
#775=LINE('',#5400,#969);
#776=LINE('',#5403,#970);
#777=LINE('',#5405,#971);
#778=LINE('',#5406,#972);
#779=LINE('',#5408,#973);
#780=LINE('',#5409,#974);
#781=LINE('',#5415,#975);
#782=LINE('',#5416,#976);
#783=LINE('',#5417,#977);
#784=LINE('',#5422,#978);
#785=LINE('',#5426,#979);
#786=LINE('',#5427,#980);
#787=LINE('',#5507,#981);
#788=LINE('',#5509,#982);
#789=LINE('',#5510,#983);
#790=LINE('',#5513,#984);
#791=LINE('',#5518,#985);
#792=LINE('',#5525,#986);
#793=LINE('',#5532,#987);
#794=LINE('',#5539,#988);
#795=LINE('',#5545,#989);
#796=LINE('',#5549,#990);
#797=LINE('',#5553,#991);
#798=LINE('',#5558,#992);
#799=LINE('',#5564,#993);
#800=LINE('',#5613,#994);
#801=LINE('',#5617,#995);
#802=LINE('',#5619,#996);
#803=LINE('',#5621,#997);
#804=LINE('',#5622,#998);
#805=LINE('',#5625,#999);
#806=LINE('',#5627,#1000);
#807=LINE('',#5628,#1001);
#808=LINE('',#5631,#1002);
#809=LINE('',#5633,#1003);
#810=LINE('',#5634,#1004);
#811=LINE('',#5636,#1005);
#812=LINE('',#5637,#1006);
#813=LINE('',#5640,#1007);
#814=LINE('',#5643,#1008);
#815=LINE('',#5645,#1009);
#816=LINE('',#5647,#1010);
#817=LINE('',#5648,#1011);
#818=LINE('',#5651,#1012);
#819=LINE('',#5653,#1013);
#820=LINE('',#5655,#1014);
#821=LINE('',#5656,#1015);
#822=LINE('',#5658,#1016);
#823=LINE('',#5667,#1017);
#824=LINE('',#5669,#1018);
#825=LINE('',#5671,#1019);
#826=LINE('',#5676,#1020);
#827=LINE('',#5716,#1021);
#828=LINE('',#5719,#1022);
#829=LINE('',#6279,#1023);
#830=VECTOR('',#2740,4.5);
#831=VECTOR('',#2745,4.5);
#832=VECTOR('',#2748,4.5);
#833=VECTOR('',#2751,4.5);
#834=VECTOR('',#2754,4.5);
#835=VECTOR('',#2757,4.5);
#836=VECTOR('',#2760,4.5);
#837=VECTOR('',#2763,4.5);
#838=VECTOR('',#2768,5.041265875);
#839=VECTOR('',#2771,5.041265875);
#840=VECTOR('',#2780,5.041265875);
#841=VECTOR('',#2783,5.041265875);
#842=VECTOR('',#2786,5.041265875);
#843=VECTOR('',#2789,5.041265875);
#844=VECTOR('',#2792,5.041265875);
#845=VECTOR('',#2795,5.041265875);
#846=VECTOR('',#2798,5.041265875);
#847=VECTOR('',#2805,2.5);
#848=VECTOR('',#2814,10.);
#849=VECTOR('',#2815,10.);
#850=VECTOR('',#2816,10.);
#851=VECTOR('',#2817,10.);
#852=VECTOR('',#2818,10.);
#853=VECTOR('',#2819,10.);
#854=VECTOR('',#2820,10.);
#855=VECTOR('',#2829,2.4);
#856=VECTOR('',#2838,10.);
#857=VECTOR('',#2839,10.);
#858=VECTOR('',#2840,10.);
#859=VECTOR('',#2841,10.);
#860=VECTOR('',#2844,10.);
#861=VECTOR('',#2847,10.);
#862=VECTOR('',#2848,10.);
#863=VECTOR('',#2849,10.);
#864=VECTOR('',#2854,10.);
#865=VECTOR('',#2857,10.);
#866=VECTOR('',#2872,2.1);
#867=VECTOR('',#2877,10.);
#868=VECTOR('',#2880,10.);
#869=VECTOR('',#2885,10.);
#870=VECTOR('',#2890,10.);
#871=VECTOR('',#2891,10.);
#872=VECTOR('',#2896,3.05);
#873=VECTOR('',#2901,10.);
#874=VECTOR('',#2902,10.);
#875=VECTOR('',#2903,10.);
#876=VECTOR('',#2904,10.);
#877=VECTOR('',#2905,10.);
#878=VECTOR('',#2906,10.);
#879=VECTOR('',#2907,10.);
#880=VECTOR('',#2908,10.);
#881=VECTOR('',#2909,10.);
#882=VECTOR('',#2910,10.);
#883=VECTOR('',#2911,10.);
#884=VECTOR('',#2912,10.);
#885=VECTOR('',#2913,10.);
#886=VECTOR('',#2914,10.);
#887=VECTOR('',#2915,10.);
#888=VECTOR('',#2916,10.);
#889=VECTOR('',#2917,10.);
#890=VECTOR('',#2918,10.);
#891=VECTOR('',#2919,10.);
#892=VECTOR('',#2920,10.);
#893=VECTOR('',#2925,10.);
#894=VECTOR('',#2926,10.);
#895=VECTOR('',#2927,10.);
#896=VECTOR('',#2928,10.);
#897=VECTOR('',#2931,10.);
#898=VECTOR('',#2932,10.);
#899=VECTOR('',#2933,10.);
#900=VECTOR('',#2936,10.);
#901=VECTOR('',#2937,10.);
#902=VECTOR('',#2938,10.);
#903=VECTOR('',#2941,10.);
#904=VECTOR('',#2942,10.);
#905=VECTOR('',#2945,10.);
#906=VECTOR('',#2946,10.);
#907=VECTOR('',#2947,10.);
#908=VECTOR('',#2948,10.);
#909=VECTOR('',#2951,10.);
#910=VECTOR('',#2952,10.);
#911=VECTOR('',#2953,10.);
#912=VECTOR('',#2954,10.);
#913=VECTOR('',#2955,10.);
#914=VECTOR('',#2956,10.);
#915=VECTOR('',#2959,10.);
#916=VECTOR('',#2960,10.);
#917=VECTOR('',#2961,10.);
#918=VECTOR('',#2964,10.);
#919=VECTOR('',#2965,10.);
#920=VECTOR('',#2966,10.);
#921=VECTOR('',#2969,10.);
#922=VECTOR('',#2970,10.);
#923=VECTOR('',#2971,10.);
#924=VECTOR('',#2974,10.);
#925=VECTOR('',#2975,10.);
#926=VECTOR('',#2980,10.);
#927=VECTOR('',#2981,10.);
#928=VECTOR('',#2982,10.);
#929=VECTOR('',#2983,10.);
#930=VECTOR('',#2984,10.);
#931=VECTOR('',#2985,10.);
#932=VECTOR('',#2986,10.);
#933=VECTOR('',#2987,10.);
#934=VECTOR('',#2988,10.);
#935=VECTOR('',#2991,10.);
#936=VECTOR('',#2992,10.);
#937=VECTOR('',#2993,10.);
#938=VECTOR('',#2996,10.);
#939=VECTOR('',#2997,10.);
#940=VECTOR('',#3000,10.);
#941=VECTOR('',#3001,10.);
#942=VECTOR('',#3002,10.);
#943=VECTOR('',#3003,10.);
#944=VECTOR('',#3006,10.);
#945=VECTOR('',#3007,10.);
#946=VECTOR('',#3008,10.);
#947=VECTOR('',#3009,10.);
#948=VECTOR('',#3010,10.);
#949=VECTOR('',#3011,10.);
#950=VECTOR('',#3012,10.);
#951=VECTOR('',#3015,10.);
#952=VECTOR('',#3016,10.);
#953=VECTOR('',#3017,10.);
#954=VECTOR('',#3020,10.);
#955=VECTOR('',#3021,10.);
#956=VECTOR('',#3022,10.);
#957=VECTOR('',#3025,10.);
#958=VECTOR('',#3026,10.);
#959=VECTOR('',#3027,10.);
#960=VECTOR('',#3028,10.);
#961=VECTOR('',#3029,10.);
#962=VECTOR('',#3030,10.);
#963=VECTOR('',#3031,10.);
#964=VECTOR('',#3032,10.);
#965=VECTOR('',#3033,10.);
#966=VECTOR('',#3034,10.);
#967=VECTOR('',#3037,10.);
#968=VECTOR('',#3038,10.);
#969=VECTOR('',#3039,10.);
#970=VECTOR('',#3042,10.);
#971=VECTOR('',#3043,10.);
#972=VECTOR('',#3044,10.);
#973=VECTOR('',#3047,10.);
#974=VECTOR('',#3048,10.);
#975=VECTOR('',#3057,10.);
#976=VECTOR('',#3058,10.);
#977=VECTOR('',#3059,10.);
#978=VECTOR('',#3064,1.7);
#979=VECTOR('',#3069,10.);
#980=VECTOR('',#3070,10.);
#981=VECTOR('',#3073,10.);
#982=VECTOR('',#3074,10.);
#983=VECTOR('',#3075,10.);
#984=VECTOR('',#3080,10.);
#985=VECTOR('',#3085,2.4);
#986=VECTOR('',#3094,2.4);
#987=VECTOR('',#3103,2.4);
#988=VECTOR('',#3112,0.85);
#989=VECTOR('',#3119,0.85);
#990=VECTOR('',#3124,1.1);
#991=VECTOR('',#3129,1.1);
#992=VECTOR('',#3134,10.);
#993=VECTOR('',#3141,2.9);
#994=VECTOR('',#3146,10.);
#995=VECTOR('',#3149,10.);
#996=VECTOR('',#3150,10.);
#997=VECTOR('',#3151,10.);
#998=VECTOR('',#3152,10.);
#999=VECTOR('',#3155,10.);
#1000=VECTOR('',#3156,10.);
#1001=VECTOR('',#3157,10.);
#1002=VECTOR('',#3160,10.);
#1003=VECTOR('',#3161,10.);
#1004=VECTOR('',#3162,10.);
#1005=VECTOR('',#3165,10.);
#1006=VECTOR('',#3166,10.);
#1007=VECTOR('',#3171,10.);
#1008=VECTOR('',#3174,10.);
#1009=VECTOR('',#3175,10.);
#1010=VECTOR('',#3176,10.);
#1011=VECTOR('',#3177,10.);
#1012=VECTOR('',#3180,10.);
#1013=VECTOR('',#3181,10.);
#1014=VECTOR('',#3182,10.);
#1015=VECTOR('',#3183,10.);
#1016=VECTOR('',#3186,10.);
#1017=VECTOR('',#3197,1.125);
#1018=VECTOR('',#3200,10.);
#1019=VECTOR('',#3203,10.);
#1020=VECTOR('',#3210,5.041265875);
#1021=VECTOR('',#3217,4.5);
#1022=VECTOR('',#3222,4.5);
#1023=VECTOR('',#3227,1.00000000001348);
#1024=VERTEX_POINT('',#3232);
#1025=VERTEX_POINT('',#3233);
#1026=VERTEX_POINT('',#3235);
#1027=VERTEX_POINT('',#3264);
#1028=VERTEX_POINT('',#3287);
#1029=VERTEX_POINT('',#3288);
#1030=VERTEX_POINT('',#3363);
#1031=VERTEX_POINT('',#3364);
#1032=VERTEX_POINT('',#3439);
#1033=VERTEX_POINT('',#3440);
#1034=VERTEX_POINT('',#3515);
#1035=VERTEX_POINT('',#3516);
#1036=VERTEX_POINT('',#3591);
#1037=VERTEX_POINT('',#3592);
#1038=VERTEX_POINT('',#3667);
#1039=VERTEX_POINT('',#3668);
#1040=VERTEX_POINT('',#3743);
#1041=VERTEX_POINT('',#3744);
#1042=VERTEX_POINT('',#3746);
#1043=VERTEX_POINT('',#3775);
#1044=VERTEX_POINT('',#3776);
#1045=VERTEX_POINT('',#3778);
#1046=VERTEX_POINT('',#3799);
#1047=VERTEX_POINT('',#3801);
#1048=VERTEX_POINT('',#3803);
#1049=VERTEX_POINT('',#3806);
#1050=VERTEX_POINT('',#3816);
#1051=VERTEX_POINT('',#3817);
#1052=VERTEX_POINT('',#3873);
#1053=VERTEX_POINT('',#3874);
#1054=VERTEX_POINT('',#3930);
#1055=VERTEX_POINT('',#3931);
#1056=VERTEX_POINT('',#3987);
#1057=VERTEX_POINT('',#3988);
#1058=VERTEX_POINT('',#4044);
#1059=VERTEX_POINT('',#4045);
#1060=VERTEX_POINT('',#4101);
#1061=VERTEX_POINT('',#4102);
#1062=VERTEX_POINT('',#4158);
#1063=VERTEX_POINT('',#4159);
#1064=VERTEX_POINT('',#4215);
#1065=VERTEX_POINT('',#4216);
#1066=VERTEX_POINT('',#4218);
#1067=VERTEX_POINT('',#4220);
#1068=VERTEX_POINT('',#4226);
#1069=VERTEX_POINT('',#4228);
#1070=VERTEX_POINT('',#4230);
#1071=VERTEX_POINT('',#4232);
#1072=VERTEX_POINT('',#4234);
#1073=VERTEX_POINT('',#4236);
#1074=VERTEX_POINT('',#4239);
#1075=VERTEX_POINT('',#4241);
#1076=VERTEX_POINT('',#4244);
#1077=VERTEX_POINT('',#4246);
#1078=VERTEX_POINT('',#4251);
#1079=VERTEX_POINT('',#4252);
#1080=VERTEX_POINT('',#4254);
#1081=VERTEX_POINT('',#4256);
#1082=VERTEX_POINT('',#4258);
#1083=VERTEX_POINT('',#4262);
#1084=VERTEX_POINT('',#4264);
#1085=VERTEX_POINT('',#4266);
#1086=VERTEX_POINT('',#4268);
#1087=VERTEX_POINT('',#4270);
#1088=VERTEX_POINT('',#4276);
#1089=VERTEX_POINT('',#4279);
#1090=VERTEX_POINT('',#4281);
#1091=VERTEX_POINT('',#4285);
#1092=VERTEX_POINT('',#4286);
#1093=VERTEX_POINT('',#4289);
#1094=VERTEX_POINT('',#4291);
#1095=VERTEX_POINT('',#4295);
#1096=VERTEX_POINT('',#4299);
#1097=VERTEX_POINT('',#4301);
#1098=VERTEX_POINT('',#4305);
#1099=VERTEX_POINT('',#4307);
#1100=VERTEX_POINT('',#4311);
#1101=VERTEX_POINT('',#4315);
#1102=VERTEX_POINT('',#4317);
#1103=VERTEX_POINT('',#4331);
#1104=VERTEX_POINT('',#4332);
#1105=VERTEX_POINT('',#4338);
#1106=VERTEX_POINT('',#4340);
#1107=VERTEX_POINT('',#4357);
#1108=VERTEX_POINT('',#4363);
#1109=VERTEX_POINT('',#4380);
#1110=VERTEX_POINT('',#4386);
#1111=VERTEX_POINT('',#4403);
#1112=VERTEX_POINT('',#4409);
#1113=VERTEX_POINT('',#4426);
#1114=VERTEX_POINT('',#4432);
#1115=VERTEX_POINT('',#4449);
#1116=VERTEX_POINT('',#4455);
#1117=VERTEX_POINT('',#4472);
#1118=VERTEX_POINT('',#4478);
#1119=VERTEX_POINT('',#4515);
#1120=VERTEX_POINT('',#4516);
#1121=VERTEX_POINT('',#4522);
#1122=VERTEX_POINT('',#4524);
#1123=VERTEX_POINT('',#4541);
#1124=VERTEX_POINT('',#4547);
#1125=VERTEX_POINT('',#4564);
#1126=VERTEX_POINT('',#4570);
#1127=VERTEX_POINT('',#4587);
#1128=VERTEX_POINT('',#4593);
#1129=VERTEX_POINT('',#4610);
#1130=VERTEX_POINT('',#4616);
#1131=VERTEX_POINT('',#4633);
#1132=VERTEX_POINT('',#4639);
#1133=VERTEX_POINT('',#4656);
#1134=VERTEX_POINT('',#4662);
#1135=VERTEX_POINT('',#4679);
#1136=VERTEX_POINT('',#4685);
#1137=VERTEX_POINT('',#4702);
#1138=VERTEX_POINT('',#4708);
#1139=VERTEX_POINT('',#4725);
#1140=VERTEX_POINT('',#4731);
#1141=VERTEX_POINT('',#4748);
#1142=VERTEX_POINT('',#4754);
#1143=VERTEX_POINT('',#4783);
#1144=VERTEX_POINT('',#4784);
#1145=VERTEX_POINT('',#4786);
#1146=VERTEX_POINT('',#4788);
#1147=VERTEX_POINT('',#4792);
#1148=VERTEX_POINT('',#4794);
#1149=VERTEX_POINT('',#4798);
#1150=VERTEX_POINT('',#4800);
#1151=VERTEX_POINT('',#4817);
#1152=VERTEX_POINT('',#4818);
#1153=VERTEX_POINT('',#4824);
#1154=VERTEX_POINT('',#4826);
#1155=VERTEX_POINT('',#4843);
#1156=VERTEX_POINT('',#4849);
#1157=VERTEX_POINT('',#4866);
#1158=VERTEX_POINT('',#4872);
#1159=VERTEX_POINT('',#4880);
#1160=VERTEX_POINT('',#4882);
#1161=VERTEX_POINT('',#4895);
#1162=VERTEX_POINT('',#4901);
#1163=VERTEX_POINT('',#4918);
#1164=VERTEX_POINT('',#4924);
#1165=VERTEX_POINT('',#4941);
#1166=VERTEX_POINT('',#4947);
#1167=VERTEX_POINT('',#4955);
#1168=VERTEX_POINT('',#4957);
#1169=VERTEX_POINT('',#4961);
#1170=VERTEX_POINT('',#4963);
#1171=VERTEX_POINT('',#4967);
#1172=VERTEX_POINT('',#4969);
#1173=VERTEX_POINT('',#4977);
#1174=VERTEX_POINT('',#4978);
#1175=VERTEX_POINT('',#4980);
#1176=VERTEX_POINT('',#4982);
#1177=VERTEX_POINT('',#4995);
#1178=VERTEX_POINT('',#5001);
#1179=VERTEX_POINT('',#5018);
#1180=VERTEX_POINT('',#5024);
#1181=VERTEX_POINT('',#5041);
#1182=VERTEX_POINT('',#5047);
#1183=VERTEX_POINT('',#5064);
#1184=VERTEX_POINT('',#5070);
#1185=VERTEX_POINT('',#5087);
#1186=VERTEX_POINT('',#5093);
#1187=VERTEX_POINT('',#5101);
#1188=VERTEX_POINT('',#5103);
#1189=VERTEX_POINT('',#5110);
#1190=VERTEX_POINT('',#5111);
#1191=VERTEX_POINT('',#5113);
#1192=VERTEX_POINT('',#5115);
#1193=VERTEX_POINT('',#5119);
#1194=VERTEX_POINT('',#5121);
#1195=VERTEX_POINT('',#5134);
#1196=VERTEX_POINT('',#5140);
#1197=VERTEX_POINT('',#5157);
#1198=VERTEX_POINT('',#5163);
#1199=VERTEX_POINT('',#5180);
#1200=VERTEX_POINT('',#5186);
#1201=VERTEX_POINT('',#5203);
#1202=VERTEX_POINT('',#5209);
#1203=VERTEX_POINT('',#5217);
#1204=VERTEX_POINT('',#5219);
#1205=VERTEX_POINT('',#5223);
#1206=VERTEX_POINT('',#5225);
#1207=VERTEX_POINT('',#5229);
#1208=VERTEX_POINT('',#5231);
#1209=VERTEX_POINT('',#5244);
#1210=VERTEX_POINT('',#5250);
#1211=VERTEX_POINT('',#5267);
#1212=VERTEX_POINT('',#5273);
#1213=VERTEX_POINT('',#5290);
#1214=VERTEX_POINT('',#5296);
#1215=VERTEX_POINT('',#5313);
#1216=VERTEX_POINT('',#5319);
#1217=VERTEX_POINT('',#5336);
#1218=VERTEX_POINT('',#5342);
#1219=VERTEX_POINT('',#5359);
#1220=VERTEX_POINT('',#5365);
#1221=VERTEX_POINT('',#5382);
#1222=VERTEX_POINT('',#5388);
#1223=VERTEX_POINT('',#5396);
#1224=VERTEX_POINT('',#5398);
#1225=VERTEX_POINT('',#5402);
#1226=VERTEX_POINT('',#5404);
#1227=VERTEX_POINT('',#5414);
#1228=VERTEX_POINT('',#5419);
#1229=VERTEX_POINT('',#5421);
#1230=VERTEX_POINT('',#5425);
#1231=VERTEX_POINT('',#5468);
#1232=VERTEX_POINT('',#5479);
#1233=VERTEX_POINT('',#5508);
#1234=VERTEX_POINT('',#5515);
#1235=VERTEX_POINT('',#5517);
#1236=VERTEX_POINT('',#5522);
#1237=VERTEX_POINT('',#5524);
#1238=VERTEX_POINT('',#5529);
#1239=VERTEX_POINT('',#5531);
#1240=VERTEX_POINT('',#5536);
#1241=VERTEX_POINT('',#5538);
#1242=VERTEX_POINT('',#5542);
#1243=VERTEX_POINT('',#5544);
#1244=VERTEX_POINT('',#5548);
#1245=VERTEX_POINT('',#5552);
#1246=VERTEX_POINT('',#5556);
#1247=VERTEX_POINT('',#5557);
#1248=VERTEX_POINT('',#5561);
#1249=VERTEX_POINT('',#5563);
#1250=VERTEX_POINT('',#5565);
#1251=VERTEX_POINT('',#5570);
#1252=VERTEX_POINT('',#5615);
#1253=VERTEX_POINT('',#5616);
#1254=VERTEX_POINT('',#5618);
#1255=VERTEX_POINT('',#5620);
#1256=VERTEX_POINT('',#5624);
#1257=VERTEX_POINT('',#5626);
#1258=VERTEX_POINT('',#5630);
#1259=VERTEX_POINT('',#5632);
#1260=VERTEX_POINT('',#5642);
#1261=VERTEX_POINT('',#5644);
#1262=VERTEX_POINT('',#5646);
#1263=VERTEX_POINT('',#5650);
#1264=VERTEX_POINT('',#5652);
#1265=VERTEX_POINT('',#5654);
#1266=VERTEX_POINT('',#5659);
#1267=VERTEX_POINT('',#5661);
#1268=VERTEX_POINT('',#5663);
#1269=VERTEX_POINT('',#5674);
#1270=VERTEX_POINT('',#5715);
#1271=VERTEX_POINT('',#5721);
#1272=EDGE_CURVE('',#1024,#1025,#636,.T.);
#1273=EDGE_CURVE('',#1026,#1024,#517,.T.);
#1274=EDGE_CURVE('',#1027,#1026,#469,.T.);
#1275=EDGE_CURVE('',#1027,#1025,#518,.F.);
#1276=EDGE_CURVE('',#1028,#1029,#637,.T.);
#1277=EDGE_CURVE('',#1024,#1028,#519,.T.);
#1278=EDGE_CURVE('',#1025,#1029,#520,.F.);
#1279=EDGE_CURVE('',#1030,#1031,#638,.T.);
#1280=EDGE_CURVE('',#1028,#1030,#521,.T.);
#1281=EDGE_CURVE('',#1029,#1031,#522,.F.);
#1282=EDGE_CURVE('',#1032,#1033,#639,.T.);
#1283=EDGE_CURVE('',#1030,#1032,#523,.T.);
#1284=EDGE_CURVE('',#1031,#1033,#524,.F.);
#1285=EDGE_CURVE('',#1034,#1035,#640,.T.);
#1286=EDGE_CURVE('',#1032,#1034,#525,.T.);
#1287=EDGE_CURVE('',#1033,#1035,#526,.F.);
#1288=EDGE_CURVE('',#1036,#1037,#641,.T.);
#1289=EDGE_CURVE('',#1034,#1036,#527,.T.);
#1290=EDGE_CURVE('',#1035,#1037,#528,.F.);
#1291=EDGE_CURVE('',#1038,#1039,#642,.T.);
#1292=EDGE_CURVE('',#1036,#1038,#529,.T.);
#1293=EDGE_CURVE('',#1037,#1039,#530,.F.);
#1294=EDGE_CURVE('',#1040,#1041,#643,.T.);
#1295=EDGE_CURVE('',#1040,#1042,#531,.F.);
#1296=EDGE_CURVE('',#1042,#1041,#470,.T.);
#1297=EDGE_CURVE('',#1043,#1044,#644,.T.);
#1298=EDGE_CURVE('',#1043,#1045,#532,.T.);
#1299=EDGE_CURVE('',#1045,#1046,#471,.T.);
#1300=EDGE_CURVE('',#1046,#1047,#645,.T.);
#1301=EDGE_CURVE('',#1048,#1047,#472,.T.);
#1302=EDGE_CURVE('',#1047,#1048,#473,.T.);
#1303=EDGE_CURVE('',#1046,#1049,#474,.T.);
#1304=EDGE_CURVE('',#1044,#1049,#147,.T.);
#1305=EDGE_CURVE('',#1050,#1051,#646,.T.);
#1306=EDGE_CURVE('',#1050,#1043,#533,.T.);
#1307=EDGE_CURVE('',#1051,#1044,#148,.T.);
#1308=EDGE_CURVE('',#1052,#1053,#647,.T.);
#1309=EDGE_CURVE('',#1052,#1050,#534,.T.);
#1310=EDGE_CURVE('',#1053,#1051,#149,.T.);
#1311=EDGE_CURVE('',#1054,#1055,#648,.T.);
#1312=EDGE_CURVE('',#1054,#1052,#535,.T.);
#1313=EDGE_CURVE('',#1055,#1053,#150,.T.);
#1314=EDGE_CURVE('',#1056,#1057,#649,.T.);
#1315=EDGE_CURVE('',#1056,#1054,#536,.T.);
#1316=EDGE_CURVE('',#1057,#1055,#151,.T.);
#1317=EDGE_CURVE('',#1058,#1059,#650,.T.);
#1318=EDGE_CURVE('',#1058,#1056,#537,.T.);
#1319=EDGE_CURVE('',#1059,#1057,#152,.T.);
#1320=EDGE_CURVE('',#1060,#1061,#651,.T.);
#1321=EDGE_CURVE('',#1060,#1058,#538,.T.);
#1322=EDGE_CURVE('',#1061,#1059,#153,.T.);
#1323=EDGE_CURVE('',#1062,#1063,#652,.T.);
#1324=EDGE_CURVE('',#1062,#1060,#539,.T.);
#1325=EDGE_CURVE('',#1063,#1061,#154,.T.);
#1326=EDGE_CURVE('',#1064,#1065,#142,.T.);
#1327=EDGE_CURVE('',#1066,#1064,#475,.T.);
#1328=EDGE_CURVE('',#1066,#1067,#653,.T.);
#1329=EDGE_CURVE('',#1067,#1067,#476,.T.);
#1330=EDGE_CURVE('',#1065,#1066,#477,.T.);
#1331=EDGE_CURVE('',#1068,#1064,#654,.T.);
#1332=EDGE_CURVE('',#1068,#1069,#655,.T.);
#1333=EDGE_CURVE('',#1069,#1070,#656,.T.);
#1334=EDGE_CURVE('',#1070,#1071,#657,.T.);
#1335=EDGE_CURVE('',#1071,#1072,#658,.T.);
#1336=EDGE_CURVE('',#1073,#1072,#659,.T.);
#1337=EDGE_CURVE('',#1065,#1073,#660,.T.);
#1338=EDGE_CURVE('',#1074,#1074,#478,.T.);
#1339=EDGE_CURVE('',#1075,#1075,#479,.T.);
#1340=EDGE_CURVE('',#1076,#1076,#480,.T.);
#1341=EDGE_CURVE('',#1076,#1077,#661,.T.);
#1342=EDGE_CURVE('',#1077,#1077,#481,.T.);
#1343=EDGE_CURVE('',#1078,#1079,#143,.T.);
#1344=EDGE_CURVE('',#1079,#1080,#662,.T.);
#1345=EDGE_CURVE('',#1080,#1081,#663,.F.);
#1346=EDGE_CURVE('',#1081,#1082,#664,.T.);
#1347=EDGE_CURVE('',#1082,#1078,#665,.T.);
#1348=EDGE_CURVE('',#1083,#1080,#666,.T.);
#1349=EDGE_CURVE('',#1084,#1079,#144,.T.);
#1350=EDGE_CURVE('',#1085,#1084,#667,.T.);
#1351=EDGE_CURVE('',#1086,#1085,#668,.T.);
#1352=EDGE_CURVE('',#1087,#1086,#669,.T.);
#1353=EDGE_CURVE('',#1083,#1087,#540,.T.);
#1354=EDGE_CURVE('',#1088,#1088,#482,.T.);
#1355=EDGE_CURVE('',#1078,#1089,#670,.T.);
#1356=EDGE_CURVE('',#1089,#1090,#145,.T.);
#1357=EDGE_CURVE('',#1090,#1084,#671,.T.);
#1358=EDGE_CURVE('',#1091,#1092,#483,.T.);
#1359=EDGE_CURVE('',#1092,#1091,#484,.T.);
#1360=EDGE_CURVE('',#1091,#1093,#485,.T.);
#1361=EDGE_CURVE('',#1094,#1093,#486,.T.);
#1362=EDGE_CURVE('',#1093,#1094,#487,.T.);
#1363=EDGE_CURVE('',#1092,#1095,#672,.T.);
#1364=EDGE_CURVE('',#1095,#1095,#488,.T.);
#1365=EDGE_CURVE('',#1089,#1096,#673,.T.);
#1366=EDGE_CURVE('',#1096,#1097,#146,.T.);
#1367=EDGE_CURVE('',#1097,#1090,#674,.T.);
#1368=EDGE_CURVE('',#1081,#1098,#489,.T.);
#1369=EDGE_CURVE('',#1099,#1098,#675,.T.);
#1370=EDGE_CURVE('',#1082,#1099,#490,.T.);
#1371=EDGE_CURVE('',#1090,#1100,#676,.T.);
#1372=EDGE_CURVE('',#1100,#1085,#677,.T.);
#1373=EDGE_CURVE('',#1101,#1101,#491,.T.);
#1374=EDGE_CURVE('',#1101,#1102,#678,.T.);
#1375=EDGE_CURVE('',#1102,#1102,#492,.T.);
#1376=EDGE_CURVE('',#1103,#1104,#541,.T.);
#1377=EDGE_CURVE('',#1103,#1105,#679,.T.);
#1378=EDGE_CURVE('',#1105,#1106,#542,.T.);
#1379=EDGE_CURVE('',#1104,#1106,#680,.T.);
#1380=EDGE_CURVE('',#1107,#1103,#543,.T.);
#1381=EDGE_CURVE('',#1107,#1108,#681,.T.);
#1382=EDGE_CURVE('',#1108,#1105,#544,.T.);
#1383=EDGE_CURVE('',#1109,#1107,#545,.T.);
#1384=EDGE_CURVE('',#1109,#1110,#682,.T.);
#1385=EDGE_CURVE('',#1110,#1108,#546,.T.);
#1386=EDGE_CURVE('',#1111,#1109,#547,.T.);
#1387=EDGE_CURVE('',#1111,#1112,#683,.T.);
#1388=EDGE_CURVE('',#1112,#1110,#548,.T.);
#1389=EDGE_CURVE('',#1113,#1111,#549,.T.);
#1390=EDGE_CURVE('',#1113,#1114,#684,.T.);
#1391=EDGE_CURVE('',#1114,#1112,#550,.T.);
#1392=EDGE_CURVE('',#1115,#1113,#551,.T.);
#1393=EDGE_CURVE('',#1115,#1116,#685,.T.);
#1394=EDGE_CURVE('',#1116,#1114,#552,.T.);
#1395=EDGE_CURVE('',#1117,#1115,#553,.T.);
#1396=EDGE_CURVE('',#1117,#1118,#686,.T.);
#1397=EDGE_CURVE('',#1118,#1116,#554,.T.);
#1398=EDGE_CURVE('',#1104,#1117,#555,.T.);
#1399=EDGE_CURVE('',#1106,#1118,#556,.T.);
#1400=EDGE_CURVE('',#1119,#1120,#557,.T.);
#1401=EDGE_CURVE('',#1119,#1121,#687,.T.);
#1402=EDGE_CURVE('',#1121,#1122,#558,.T.);
#1403=EDGE_CURVE('',#1120,#1122,#688,.T.);
#1404=EDGE_CURVE('',#1123,#1119,#559,.T.);
#1405=EDGE_CURVE('',#1123,#1124,#689,.T.);
#1406=EDGE_CURVE('',#1124,#1121,#560,.T.);
#1407=EDGE_CURVE('',#1125,#1123,#561,.T.);
#1408=EDGE_CURVE('',#1125,#1126,#690,.T.);
#1409=EDGE_CURVE('',#1126,#1124,#562,.T.);
#1410=EDGE_CURVE('',#1127,#1125,#563,.T.);
#1411=EDGE_CURVE('',#1127,#1128,#691,.T.);
#1412=EDGE_CURVE('',#1128,#1126,#564,.T.);
#1413=EDGE_CURVE('',#1129,#1127,#565,.T.);
#1414=EDGE_CURVE('',#1129,#1130,#692,.T.);
#1415=EDGE_CURVE('',#1130,#1128,#566,.T.);
#1416=EDGE_CURVE('',#1131,#1129,#567,.T.);
#1417=EDGE_CURVE('',#1131,#1132,#693,.T.);
#1418=EDGE_CURVE('',#1132,#1130,#568,.T.);
#1419=EDGE_CURVE('',#1133,#1131,#569,.T.);
#1420=EDGE_CURVE('',#1133,#1134,#694,.T.);
#1421=EDGE_CURVE('',#1134,#1132,#570,.T.);
#1422=EDGE_CURVE('',#1135,#1133,#571,.T.);
#1423=EDGE_CURVE('',#1135,#1136,#695,.T.);
#1424=EDGE_CURVE('',#1136,#1134,#572,.T.);
#1425=EDGE_CURVE('',#1137,#1135,#573,.T.);
#1426=EDGE_CURVE('',#1137,#1138,#696,.T.);
#1427=EDGE_CURVE('',#1138,#1136,#574,.T.);
#1428=EDGE_CURVE('',#1139,#1137,#575,.T.);
#1429=EDGE_CURVE('',#1139,#1140,#697,.T.);
#1430=EDGE_CURVE('',#1140,#1138,#576,.T.);
#1431=EDGE_CURVE('',#1141,#1139,#577,.T.);
#1432=EDGE_CURVE('',#1141,#1142,#698,.T.);
#1433=EDGE_CURVE('',#1142,#1140,#578,.T.);
#1434=EDGE_CURVE('',#1120,#1141,#579,.T.);
#1435=EDGE_CURVE('',#1122,#1142,#580,.T.);
#1436=EDGE_CURVE('',#1143,#1144,#699,.T.);
#1437=EDGE_CURVE('',#1143,#1145,#700,.T.);
#1438=EDGE_CURVE('',#1145,#1146,#701,.T.);
#1439=EDGE_CURVE('',#1144,#1146,#702,.T.);
#1440=EDGE_CURVE('',#1147,#1143,#703,.T.);
#1441=EDGE_CURVE('',#1147,#1148,#704,.T.);
#1442=EDGE_CURVE('',#1148,#1145,#705,.T.);
#1443=EDGE_CURVE('',#1149,#1147,#706,.T.);
#1444=EDGE_CURVE('',#1149,#1150,#707,.T.);
#1445=EDGE_CURVE('',#1150,#1148,#708,.T.);
#1446=EDGE_CURVE('',#1144,#1149,#709,.T.);
#1447=EDGE_CURVE('',#1146,#1150,#710,.T.);
#1448=EDGE_CURVE('',#1151,#1152,#581,.T.);
#1449=EDGE_CURVE('',#1151,#1153,#711,.T.);
#1450=EDGE_CURVE('',#1153,#1154,#582,.T.);
#1451=EDGE_CURVE('',#1152,#1154,#712,.T.);
#1452=EDGE_CURVE('',#1155,#1151,#583,.T.);
#1453=EDGE_CURVE('',#1155,#1156,#713,.T.);
#1454=EDGE_CURVE('',#1156,#1153,#584,.T.);
#1455=EDGE_CURVE('',#1157,#1155,#585,.T.);
#1456=EDGE_CURVE('',#1157,#1158,#714,.T.);
#1457=EDGE_CURVE('',#1158,#1156,#586,.T.);
#1458=EDGE_CURVE('',#1159,#1157,#715,.T.);
#1459=EDGE_CURVE('',#1159,#1160,#716,.T.);
#1460=EDGE_CURVE('',#1160,#1158,#717,.T.);
#1461=EDGE_CURVE('',#1161,#1159,#587,.T.);
#1462=EDGE_CURVE('',#1161,#1162,#718,.T.);
#1463=EDGE_CURVE('',#1162,#1160,#588,.T.);
#1464=EDGE_CURVE('',#1163,#1161,#589,.T.);
#1465=EDGE_CURVE('',#1163,#1164,#719,.T.);
#1466=EDGE_CURVE('',#1164,#1162,#590,.T.);
#1467=EDGE_CURVE('',#1165,#1163,#591,.T.);
#1468=EDGE_CURVE('',#1165,#1166,#720,.T.);
#1469=EDGE_CURVE('',#1166,#1164,#592,.T.);
#1470=EDGE_CURVE('',#1167,#1165,#721,.T.);
#1471=EDGE_CURVE('',#1167,#1168,#722,.T.);
#1472=EDGE_CURVE('',#1168,#1166,#723,.T.);
#1473=EDGE_CURVE('',#1169,#1167,#724,.T.);
#1474=EDGE_CURVE('',#1169,#1170,#725,.T.);
#1475=EDGE_CURVE('',#1170,#1168,#726,.T.);
#1476=EDGE_CURVE('',#1171,#1169,#727,.T.);
#1477=EDGE_CURVE('',#1171,#1172,#728,.T.);
#1478=EDGE_CURVE('',#1172,#1170,#729,.T.);
#1479=EDGE_CURVE('',#1152,#1171,#730,.T.);
#1480=EDGE_CURVE('',#1154,#1172,#731,.T.);
#1481=EDGE_CURVE('',#1173,#1174,#732,.T.);
#1482=EDGE_CURVE('',#1173,#1175,#733,.T.);
#1483=EDGE_CURVE('',#1175,#1176,#734,.T.);
#1484=EDGE_CURVE('',#1174,#1176,#735,.T.);
#1485=EDGE_CURVE('',#1177,#1173,#593,.T.);
#1486=EDGE_CURVE('',#1177,#1178,#736,.T.);
#1487=EDGE_CURVE('',#1178,#1175,#594,.T.);
#1488=EDGE_CURVE('',#1179,#1177,#595,.T.);
#1489=EDGE_CURVE('',#1179,#1180,#737,.T.);
#1490=EDGE_CURVE('',#1180,#1178,#596,.T.);
#1491=EDGE_CURVE('',#1181,#1179,#597,.T.);
#1492=EDGE_CURVE('',#1181,#1182,#738,.T.);
#1493=EDGE_CURVE('',#1182,#1180,#598,.T.);
#1494=EDGE_CURVE('',#1183,#1181,#599,.T.);
#1495=EDGE_CURVE('',#1183,#1184,#739,.T.);
#1496=EDGE_CURVE('',#1184,#1182,#600,.T.);
#1497=EDGE_CURVE('',#1185,#1183,#601,.T.);
#1498=EDGE_CURVE('',#1185,#1186,#740,.T.);
#1499=EDGE_CURVE('',#1186,#1184,#602,.T.);
#1500=EDGE_CURVE('',#1187,#1185,#741,.T.);
#1501=EDGE_CURVE('',#1187,#1188,#742,.T.);
#1502=EDGE_CURVE('',#1188,#1186,#743,.T.);
#1503=EDGE_CURVE('',#1174,#1187,#744,.T.);
#1504=EDGE_CURVE('',#1176,#1188,#745,.T.);
#1505=EDGE_CURVE('',#1189,#1190,#746,.T.);
#1506=EDGE_CURVE('',#1189,#1191,#747,.T.);
#1507=EDGE_CURVE('',#1191,#1192,#748,.T.);
#1508=EDGE_CURVE('',#1190,#1192,#749,.T.);
#1509=EDGE_CURVE('',#1193,#1189,#750,.T.);
#1510=EDGE_CURVE('',#1193,#1194,#751,.T.);
#1511=EDGE_CURVE('',#1194,#1191,#752,.T.);
#1512=EDGE_CURVE('',#1195,#1193,#603,.T.);
#1513=EDGE_CURVE('',#1195,#1196,#753,.T.);
#1514=EDGE_CURVE('',#1196,#1194,#604,.T.);
#1515=EDGE_CURVE('',#1197,#1195,#605,.T.);
#1516=EDGE_CURVE('',#1197,#1198,#754,.T.);
#1517=EDGE_CURVE('',#1198,#1196,#606,.T.);
#1518=EDGE_CURVE('',#1199,#1197,#607,.T.);
#1519=EDGE_CURVE('',#1199,#1200,#755,.T.);
#1520=EDGE_CURVE('',#1200,#1198,#608,.T.);
#1521=EDGE_CURVE('',#1201,#1199,#609,.T.);
#1522=EDGE_CURVE('',#1201,#1202,#756,.T.);
#1523=EDGE_CURVE('',#1202,#1200,#610,.T.);
#1524=EDGE_CURVE('',#1203,#1201,#757,.T.);
#1525=EDGE_CURVE('',#1203,#1204,#758,.T.);
#1526=EDGE_CURVE('',#1204,#1202,#759,.T.);
#1527=EDGE_CURVE('',#1205,#1203,#760,.T.);
#1528=EDGE_CURVE('',#1205,#1206,#761,.T.);
#1529=EDGE_CURVE('',#1206,#1204,#762,.T.);
#1530=EDGE_CURVE('',#1207,#1205,#763,.T.);
#1531=EDGE_CURVE('',#1207,#1208,#764,.T.);
#1532=EDGE_CURVE('',#1208,#1206,#765,.T.);
#1533=EDGE_CURVE('',#1209,#1207,#611,.T.);
#1534=EDGE_CURVE('',#1209,#1210,#766,.T.);
#1535=EDGE_CURVE('',#1210,#1208,#612,.T.);
#1536=EDGE_CURVE('',#1211,#1209,#613,.T.);
#1537=EDGE_CURVE('',#1211,#1212,#767,.T.);
#1538=EDGE_CURVE('',#1212,#1210,#614,.T.);
#1539=EDGE_CURVE('',#1213,#1211,#615,.T.);
#1540=EDGE_CURVE('',#1213,#1214,#768,.T.);
#1541=EDGE_CURVE('',#1214,#1212,#616,.T.);
#1542=EDGE_CURVE('',#1215,#1213,#617,.T.);
#1543=EDGE_CURVE('',#1215,#1216,#769,.T.);
#1544=EDGE_CURVE('',#1216,#1214,#618,.T.);
#1545=EDGE_CURVE('',#1217,#1215,#619,.T.);
#1546=EDGE_CURVE('',#1217,#1218,#770,.T.);
#1547=EDGE_CURVE('',#1218,#1216,#620,.T.);
#1548=EDGE_CURVE('',#1219,#1217,#621,.T.);
#1549=EDGE_CURVE('',#1219,#1220,#771,.T.);
#1550=EDGE_CURVE('',#1220,#1218,#622,.T.);
#1551=EDGE_CURVE('',#1221,#1219,#623,.T.);
#1552=EDGE_CURVE('',#1221,#1222,#772,.T.);
#1553=EDGE_CURVE('',#1222,#1220,#624,.T.);
#1554=EDGE_CURVE('',#1223,#1221,#773,.T.);
#1555=EDGE_CURVE('',#1223,#1224,#774,.T.);
#1556=EDGE_CURVE('',#1224,#1222,#775,.T.);
#1557=EDGE_CURVE('',#1225,#1223,#776,.T.);
#1558=EDGE_CURVE('',#1225,#1226,#777,.T.);
#1559=EDGE_CURVE('',#1226,#1224,#778,.T.);
#1560=EDGE_CURVE('',#1190,#1225,#779,.T.);
#1561=EDGE_CURVE('',#1192,#1226,#780,.T.);
#1562=EDGE_CURVE('',#1227,#1073,#781,.T.);
#1563=EDGE_CURVE('',#1227,#1086,#782,.T.);
#1564=EDGE_CURVE('',#1068,#1100,#783,.F.);
#1565=EDGE_CURVE('',#1228,#1228,#493,.T.);
#1566=EDGE_CURVE('',#1228,#1229,#784,.T.);
#1567=EDGE_CURVE('',#1229,#1229,#494,.T.);
#1568=EDGE_CURVE('',#1072,#1230,#785,.T.);
#1569=EDGE_CURVE('',#1230,#1227,#786,.T.);
#1570=EDGE_CURVE('',#1087,#1231,#625,.T.);
#1571=EDGE_CURVE('',#1231,#1232,#626,.T.);
#1572=EDGE_CURVE('',#1232,#1083,#627,.T.);
#1573=EDGE_CURVE('',#1231,#1230,#787,.T.);
#1574=EDGE_CURVE('',#1230,#1233,#788,.T.);
#1575=EDGE_CURVE('',#1233,#1232,#789,.T.);
#1576=EDGE_CURVE('',#1098,#1233,#790,.T.);
#1577=EDGE_CURVE('',#1234,#1234,#495,.T.);
#1578=EDGE_CURVE('',#1234,#1235,#791,.T.);
#1579=EDGE_CURVE('',#1235,#1235,#496,.T.);
#1580=EDGE_CURVE('',#1236,#1236,#497,.T.);
#1581=EDGE_CURVE('',#1236,#1237,#792,.T.);
#1582=EDGE_CURVE('',#1237,#1237,#498,.T.);
#1583=EDGE_CURVE('',#1238,#1238,#499,.T.);
#1584=EDGE_CURVE('',#1238,#1239,#793,.T.);
#1585=EDGE_CURVE('',#1239,#1239,#500,.T.);
#1586=EDGE_CURVE('',#1240,#1240,#501,.T.);
#1587=EDGE_CURVE('',#1240,#1241,#794,.T.);
#1588=EDGE_CURVE('',#1241,#1241,#502,.T.);
#1589=EDGE_CURVE('',#1242,#1242,#503,.T.);
#1590=EDGE_CURVE('',#1242,#1243,#795,.T.);
#1591=EDGE_CURVE('',#1243,#1243,#504,.T.);
#1592=EDGE_CURVE('',#1075,#1244,#796,.T.);
#1593=EDGE_CURVE('',#1244,#1244,#505,.T.);
#1594=EDGE_CURVE('',#1074,#1245,#797,.T.);
#1595=EDGE_CURVE('',#1245,#1245,#506,.T.);
#1596=EDGE_CURVE('',#1246,#1247,#798,.T.);
#1597=EDGE_CURVE('',#1247,#1246,#507,.T.);
#1598=EDGE_CURVE('',#1248,#1248,#508,.T.);
#1599=EDGE_CURVE('',#1248,#1249,#799,.T.);
#1600=EDGE_CURVE('',#1250,#1249,#628,.T.);
#1601=EDGE_CURVE('',#1250,#1251,#509,.T.);
#1602=EDGE_CURVE('',#1247,#1251,#629,.T.);
#1603=EDGE_CURVE('',#1249,#1246,#630,.T.);
#1604=EDGE_CURVE('',#1251,#1250,#800,.T.);
#1605=EDGE_CURVE('',#1252,#1253,#801,.T.);
#1606=EDGE_CURVE('',#1252,#1254,#802,.T.);
#1607=EDGE_CURVE('',#1254,#1255,#803,.T.);
#1608=EDGE_CURVE('',#1253,#1255,#804,.T.);
#1609=EDGE_CURVE('',#1256,#1252,#805,.T.);
#1610=EDGE_CURVE('',#1256,#1257,#806,.T.);
#1611=EDGE_CURVE('',#1257,#1254,#807,.T.);
#1612=EDGE_CURVE('',#1258,#1256,#808,.T.);
#1613=EDGE_CURVE('',#1258,#1259,#809,.T.);
#1614=EDGE_CURVE('',#1259,#1257,#810,.T.);
#1615=EDGE_CURVE('',#1253,#1258,#811,.T.);
#1616=EDGE_CURVE('',#1255,#1259,#812,.T.);
#1617=EDGE_CURVE('',#1097,#1069,#813,.T.);
#1618=EDGE_CURVE('',#1260,#1071,#814,.T.);
#1619=EDGE_CURVE('',#1261,#1260,#815,.T.);
#1620=EDGE_CURVE('',#1262,#1261,#816,.T.);
#1621=EDGE_CURVE('',#1262,#1099,#817,.T.);
#1622=EDGE_CURVE('',#1096,#1263,#818,.T.);
#1623=EDGE_CURVE('',#1263,#1264,#819,.T.);
#1624=EDGE_CURVE('',#1264,#1265,#820,.T.);
#1625=EDGE_CURVE('',#1265,#1070,#821,.T.);
#1626=EDGE_CURVE('',#1260,#1265,#822,.T.);
#1627=EDGE_CURVE('',#1266,#1042,#510,.T.);
#1628=EDGE_CURVE('',#1267,#1266,#511,.T.);
#1629=EDGE_CURVE('',#1268,#1267,#512,.T.);
#1630=EDGE_CURVE('',#1041,#1268,#513,.T.);
#1631=EDGE_CURVE('',#1088,#1094,#823,.T.);
#1632=EDGE_CURVE('',#1263,#1262,#824,.T.);
#1633=EDGE_CURVE('',#1261,#1264,#825,.T.);
#1634=EDGE_CURVE('',#1269,#1269,#514,.T.);
#1635=EDGE_CURVE('',#1269,#1048,#826,.T.);
#1636=EDGE_CURVE('',#1267,#1063,#155,.T.);
#1637=EDGE_CURVE('',#1266,#1062,#631,.T.);
#1638=EDGE_CURVE('',#1268,#1027,#632,.T.);
#1639=EDGE_CURVE('',#1026,#1040,#633,.F.);
#1640=EDGE_CURVE('',#1095,#1270,#827,.T.);
#1641=EDGE_CURVE('',#1270,#1270,#515,.T.);
#1642=EDGE_CURVE('',#1270,#1269,#828,.T.);
#1643=EDGE_CURVE('',#1039,#1271,#634,.F.);
#1644=EDGE_CURVE('',#1038,#1271,#516,.T.);
#1645=EDGE_CURVE('',#1049,#1271,#635,.T.);
#1646=EDGE_CURVE('',#1038,#1045,#829,.T.);
#1647=ORIENTED_EDGE('',*,*,#1272,.F.);
#1648=ORIENTED_EDGE('',*,*,#1273,.F.);
#1649=ORIENTED_EDGE('',*,*,#1274,.F.);
#1650=ORIENTED_EDGE('',*,*,#1275,.T.);
#1651=ORIENTED_EDGE('',*,*,#1276,.F.);
#1652=ORIENTED_EDGE('',*,*,#1277,.F.);
#1653=ORIENTED_EDGE('',*,*,#1272,.T.);
#1654=ORIENTED_EDGE('',*,*,#1278,.T.);
#1655=ORIENTED_EDGE('',*,*,#1279,.F.);
#1656=ORIENTED_EDGE('',*,*,#1280,.F.);
#1657=ORIENTED_EDGE('',*,*,#1276,.T.);
#1658=ORIENTED_EDGE('',*,*,#1281,.T.);
#1659=ORIENTED_EDGE('',*,*,#1282,.F.);
#1660=ORIENTED_EDGE('',*,*,#1283,.F.);
#1661=ORIENTED_EDGE('',*,*,#1279,.T.);
#1662=ORIENTED_EDGE('',*,*,#1284,.T.);
#1663=ORIENTED_EDGE('',*,*,#1285,.F.);
#1664=ORIENTED_EDGE('',*,*,#1286,.F.);
#1665=ORIENTED_EDGE('',*,*,#1282,.T.);
#1666=ORIENTED_EDGE('',*,*,#1287,.T.);
#1667=ORIENTED_EDGE('',*,*,#1288,.F.);
#1668=ORIENTED_EDGE('',*,*,#1289,.F.);
#1669=ORIENTED_EDGE('',*,*,#1285,.T.);
#1670=ORIENTED_EDGE('',*,*,#1290,.T.);
#1671=ORIENTED_EDGE('',*,*,#1291,.F.);
#1672=ORIENTED_EDGE('',*,*,#1292,.F.);
#1673=ORIENTED_EDGE('',*,*,#1288,.T.);
#1674=ORIENTED_EDGE('',*,*,#1293,.T.);
#1675=ORIENTED_EDGE('',*,*,#1294,.F.);
#1676=ORIENTED_EDGE('',*,*,#1295,.T.);
#1677=ORIENTED_EDGE('',*,*,#1296,.T.);
#1678=ORIENTED_EDGE('',*,*,#1297,.F.);
#1679=ORIENTED_EDGE('',*,*,#1298,.T.);
#1680=ORIENTED_EDGE('',*,*,#1299,.T.);
#1681=ORIENTED_EDGE('',*,*,#1300,.T.);
#1682=ORIENTED_EDGE('',*,*,#1301,.F.);
#1683=ORIENTED_EDGE('',*,*,#1302,.F.);
#1684=ORIENTED_EDGE('',*,*,#1300,.F.);
#1685=ORIENTED_EDGE('',*,*,#1303,.T.);
#1686=ORIENTED_EDGE('',*,*,#1304,.F.);
#1687=ORIENTED_EDGE('',*,*,#1305,.F.);
#1688=ORIENTED_EDGE('',*,*,#1306,.T.);
#1689=ORIENTED_EDGE('',*,*,#1297,.T.);
#1690=ORIENTED_EDGE('',*,*,#1307,.F.);
#1691=ORIENTED_EDGE('',*,*,#1308,.F.);
#1692=ORIENTED_EDGE('',*,*,#1309,.T.);
#1693=ORIENTED_EDGE('',*,*,#1305,.T.);
#1694=ORIENTED_EDGE('',*,*,#1310,.F.);
#1695=ORIENTED_EDGE('',*,*,#1311,.F.);
#1696=ORIENTED_EDGE('',*,*,#1312,.T.);
#1697=ORIENTED_EDGE('',*,*,#1308,.T.);
#1698=ORIENTED_EDGE('',*,*,#1313,.F.);
#1699=ORIENTED_EDGE('',*,*,#1314,.F.);
#1700=ORIENTED_EDGE('',*,*,#1315,.T.);
#1701=ORIENTED_EDGE('',*,*,#1311,.T.);
#1702=ORIENTED_EDGE('',*,*,#1316,.F.);
#1703=ORIENTED_EDGE('',*,*,#1317,.F.);
#1704=ORIENTED_EDGE('',*,*,#1318,.T.);
#1705=ORIENTED_EDGE('',*,*,#1314,.T.);
#1706=ORIENTED_EDGE('',*,*,#1319,.F.);
#1707=ORIENTED_EDGE('',*,*,#1320,.F.);
#1708=ORIENTED_EDGE('',*,*,#1321,.T.);
#1709=ORIENTED_EDGE('',*,*,#1317,.T.);
#1710=ORIENTED_EDGE('',*,*,#1322,.F.);
#1711=ORIENTED_EDGE('',*,*,#1323,.F.);
#1712=ORIENTED_EDGE('',*,*,#1324,.T.);
#1713=ORIENTED_EDGE('',*,*,#1320,.T.);
#1714=ORIENTED_EDGE('',*,*,#1325,.F.);
#1715=ORIENTED_EDGE('',*,*,#1326,.F.);
#1716=ORIENTED_EDGE('',*,*,#1327,.F.);
#1717=ORIENTED_EDGE('',*,*,#1328,.T.);
#1718=ORIENTED_EDGE('',*,*,#1329,.T.);
#1719=ORIENTED_EDGE('',*,*,#1328,.F.);
#1720=ORIENTED_EDGE('',*,*,#1330,.F.);
#1721=ORIENTED_EDGE('',*,*,#1329,.F.);
#1722=ORIENTED_EDGE('',*,*,#1330,.T.);
#1723=ORIENTED_EDGE('',*,*,#1327,.T.);
#1724=ORIENTED_EDGE('',*,*,#1331,.F.);
#1725=ORIENTED_EDGE('',*,*,#1332,.T.);
#1726=ORIENTED_EDGE('',*,*,#1333,.T.);
#1727=ORIENTED_EDGE('',*,*,#1334,.T.);
#1728=ORIENTED_EDGE('',*,*,#1335,.T.);
#1729=ORIENTED_EDGE('',*,*,#1336,.F.);
#1730=ORIENTED_EDGE('',*,*,#1337,.F.);
#1731=ORIENTED_EDGE('',*,*,#1338,.T.);
#1732=ORIENTED_EDGE('',*,*,#1339,.T.);
#1733=ORIENTED_EDGE('',*,*,#1340,.F.);
#1734=ORIENTED_EDGE('',*,*,#1341,.T.);
#1735=ORIENTED_EDGE('',*,*,#1342,.T.);
#1736=ORIENTED_EDGE('',*,*,#1341,.F.);
#1737=ORIENTED_EDGE('',*,*,#1342,.F.);
#1738=ORIENTED_EDGE('',*,*,#1343,.T.);
#1739=ORIENTED_EDGE('',*,*,#1344,.T.);
#1740=ORIENTED_EDGE('',*,*,#1345,.T.);
#1741=ORIENTED_EDGE('',*,*,#1346,.T.);
#1742=ORIENTED_EDGE('',*,*,#1347,.T.);
#1743=ORIENTED_EDGE('',*,*,#1348,.T.);
#1744=ORIENTED_EDGE('',*,*,#1344,.F.);
#1745=ORIENTED_EDGE('',*,*,#1349,.F.);
#1746=ORIENTED_EDGE('',*,*,#1350,.F.);
#1747=ORIENTED_EDGE('',*,*,#1351,.F.);
#1748=ORIENTED_EDGE('',*,*,#1352,.F.);
#1749=ORIENTED_EDGE('',*,*,#1353,.F.);
#1750=ORIENTED_EDGE('',*,*,#1354,.F.);
#1751=ORIENTED_EDGE('',*,*,#1343,.F.);
#1752=ORIENTED_EDGE('',*,*,#1355,.T.);
#1753=ORIENTED_EDGE('',*,*,#1356,.T.);
#1754=ORIENTED_EDGE('',*,*,#1357,.T.);
#1755=ORIENTED_EDGE('',*,*,#1349,.T.);
#1756=ORIENTED_EDGE('',*,*,#1358,.T.);
#1757=ORIENTED_EDGE('',*,*,#1359,.T.);
#1758=ORIENTED_EDGE('',*,*,#1360,.T.);
#1759=ORIENTED_EDGE('',*,*,#1361,.F.);
#1760=ORIENTED_EDGE('',*,*,#1362,.F.);
#1761=ORIENTED_EDGE('',*,*,#1360,.F.);
#1762=ORIENTED_EDGE('',*,*,#1358,.F.);
#1763=ORIENTED_EDGE('',*,*,#1359,.F.);
#1764=ORIENTED_EDGE('',*,*,#1363,.T.);
#1765=ORIENTED_EDGE('',*,*,#1364,.F.);
#1766=ORIENTED_EDGE('',*,*,#1363,.F.);
#1767=ORIENTED_EDGE('',*,*,#1365,.T.);
#1768=ORIENTED_EDGE('',*,*,#1366,.T.);
#1769=ORIENTED_EDGE('',*,*,#1367,.T.);
#1770=ORIENTED_EDGE('',*,*,#1356,.F.);
#1771=ORIENTED_EDGE('',*,*,#1346,.F.);
#1772=ORIENTED_EDGE('',*,*,#1368,.T.);
#1773=ORIENTED_EDGE('',*,*,#1369,.F.);
#1774=ORIENTED_EDGE('',*,*,#1370,.F.);
#1775=ORIENTED_EDGE('',*,*,#1357,.F.);
#1776=ORIENTED_EDGE('',*,*,#1371,.T.);
#1777=ORIENTED_EDGE('',*,*,#1372,.T.);
#1778=ORIENTED_EDGE('',*,*,#1350,.T.);
#1779=ORIENTED_EDGE('',*,*,#1373,.F.);
#1780=ORIENTED_EDGE('',*,*,#1374,.T.);
#1781=ORIENTED_EDGE('',*,*,#1375,.T.);
#1782=ORIENTED_EDGE('',*,*,#1374,.F.);
#1783=ORIENTED_EDGE('',*,*,#1375,.F.);
#1784=ORIENTED_EDGE('',*,*,#1376,.F.);
#1785=ORIENTED_EDGE('',*,*,#1377,.T.);
#1786=ORIENTED_EDGE('',*,*,#1378,.T.);
#1787=ORIENTED_EDGE('',*,*,#1379,.F.);
#1788=ORIENTED_EDGE('',*,*,#1380,.F.);
#1789=ORIENTED_EDGE('',*,*,#1381,.T.);
#1790=ORIENTED_EDGE('',*,*,#1382,.T.);
#1791=ORIENTED_EDGE('',*,*,#1377,.F.);
#1792=ORIENTED_EDGE('',*,*,#1383,.F.);
#1793=ORIENTED_EDGE('',*,*,#1384,.T.);
#1794=ORIENTED_EDGE('',*,*,#1385,.T.);
#1795=ORIENTED_EDGE('',*,*,#1381,.F.);
#1796=ORIENTED_EDGE('',*,*,#1386,.F.);
#1797=ORIENTED_EDGE('',*,*,#1387,.T.);
#1798=ORIENTED_EDGE('',*,*,#1388,.T.);
#1799=ORIENTED_EDGE('',*,*,#1384,.F.);
#1800=ORIENTED_EDGE('',*,*,#1389,.F.);
#1801=ORIENTED_EDGE('',*,*,#1390,.T.);
#1802=ORIENTED_EDGE('',*,*,#1391,.T.);
#1803=ORIENTED_EDGE('',*,*,#1387,.F.);
#1804=ORIENTED_EDGE('',*,*,#1392,.F.);
#1805=ORIENTED_EDGE('',*,*,#1393,.T.);
#1806=ORIENTED_EDGE('',*,*,#1394,.T.);
#1807=ORIENTED_EDGE('',*,*,#1390,.F.);
#1808=ORIENTED_EDGE('',*,*,#1395,.F.);
#1809=ORIENTED_EDGE('',*,*,#1396,.T.);
#1810=ORIENTED_EDGE('',*,*,#1397,.T.);
#1811=ORIENTED_EDGE('',*,*,#1393,.F.);
#1812=ORIENTED_EDGE('',*,*,#1398,.F.);
#1813=ORIENTED_EDGE('',*,*,#1379,.T.);
#1814=ORIENTED_EDGE('',*,*,#1399,.T.);
#1815=ORIENTED_EDGE('',*,*,#1396,.F.);
#1816=ORIENTED_EDGE('',*,*,#1400,.F.);
#1817=ORIENTED_EDGE('',*,*,#1401,.T.);
#1818=ORIENTED_EDGE('',*,*,#1402,.T.);
#1819=ORIENTED_EDGE('',*,*,#1403,.F.);
#1820=ORIENTED_EDGE('',*,*,#1404,.F.);
#1821=ORIENTED_EDGE('',*,*,#1405,.T.);
#1822=ORIENTED_EDGE('',*,*,#1406,.T.);
#1823=ORIENTED_EDGE('',*,*,#1401,.F.);
#1824=ORIENTED_EDGE('',*,*,#1407,.F.);
#1825=ORIENTED_EDGE('',*,*,#1408,.T.);
#1826=ORIENTED_EDGE('',*,*,#1409,.T.);
#1827=ORIENTED_EDGE('',*,*,#1405,.F.);
#1828=ORIENTED_EDGE('',*,*,#1410,.F.);
#1829=ORIENTED_EDGE('',*,*,#1411,.T.);
#1830=ORIENTED_EDGE('',*,*,#1412,.T.);
#1831=ORIENTED_EDGE('',*,*,#1408,.F.);
#1832=ORIENTED_EDGE('',*,*,#1413,.F.);
#1833=ORIENTED_EDGE('',*,*,#1414,.T.);
#1834=ORIENTED_EDGE('',*,*,#1415,.T.);
#1835=ORIENTED_EDGE('',*,*,#1411,.F.);
#1836=ORIENTED_EDGE('',*,*,#1416,.F.);
#1837=ORIENTED_EDGE('',*,*,#1417,.T.);
#1838=ORIENTED_EDGE('',*,*,#1418,.T.);
#1839=ORIENTED_EDGE('',*,*,#1414,.F.);
#1840=ORIENTED_EDGE('',*,*,#1419,.F.);
#1841=ORIENTED_EDGE('',*,*,#1420,.T.);
#1842=ORIENTED_EDGE('',*,*,#1421,.T.);
#1843=ORIENTED_EDGE('',*,*,#1417,.F.);
#1844=ORIENTED_EDGE('',*,*,#1422,.F.);
#1845=ORIENTED_EDGE('',*,*,#1423,.T.);
#1846=ORIENTED_EDGE('',*,*,#1424,.T.);
#1847=ORIENTED_EDGE('',*,*,#1420,.F.);
#1848=ORIENTED_EDGE('',*,*,#1425,.F.);
#1849=ORIENTED_EDGE('',*,*,#1426,.T.);
#1850=ORIENTED_EDGE('',*,*,#1427,.T.);
#1851=ORIENTED_EDGE('',*,*,#1423,.F.);
#1852=ORIENTED_EDGE('',*,*,#1428,.F.);
#1853=ORIENTED_EDGE('',*,*,#1429,.T.);
#1854=ORIENTED_EDGE('',*,*,#1430,.T.);
#1855=ORIENTED_EDGE('',*,*,#1426,.F.);
#1856=ORIENTED_EDGE('',*,*,#1431,.F.);
#1857=ORIENTED_EDGE('',*,*,#1432,.T.);
#1858=ORIENTED_EDGE('',*,*,#1433,.T.);
#1859=ORIENTED_EDGE('',*,*,#1429,.F.);
#1860=ORIENTED_EDGE('',*,*,#1434,.F.);
#1861=ORIENTED_EDGE('',*,*,#1403,.T.);
#1862=ORIENTED_EDGE('',*,*,#1435,.T.);
#1863=ORIENTED_EDGE('',*,*,#1432,.F.);
#1864=ORIENTED_EDGE('',*,*,#1435,.F.);
#1865=ORIENTED_EDGE('',*,*,#1402,.F.);
#1866=ORIENTED_EDGE('',*,*,#1406,.F.);
#1867=ORIENTED_EDGE('',*,*,#1409,.F.);
#1868=ORIENTED_EDGE('',*,*,#1412,.F.);
#1869=ORIENTED_EDGE('',*,*,#1415,.F.);
#1870=ORIENTED_EDGE('',*,*,#1418,.F.);
#1871=ORIENTED_EDGE('',*,*,#1421,.F.);
#1872=ORIENTED_EDGE('',*,*,#1424,.F.);
#1873=ORIENTED_EDGE('',*,*,#1427,.F.);
#1874=ORIENTED_EDGE('',*,*,#1430,.F.);
#1875=ORIENTED_EDGE('',*,*,#1433,.F.);
#1876=ORIENTED_EDGE('',*,*,#1399,.F.);
#1877=ORIENTED_EDGE('',*,*,#1378,.F.);
#1878=ORIENTED_EDGE('',*,*,#1382,.F.);
#1879=ORIENTED_EDGE('',*,*,#1385,.F.);
#1880=ORIENTED_EDGE('',*,*,#1388,.F.);
#1881=ORIENTED_EDGE('',*,*,#1391,.F.);
#1882=ORIENTED_EDGE('',*,*,#1394,.F.);
#1883=ORIENTED_EDGE('',*,*,#1397,.F.);
#1884=ORIENTED_EDGE('',*,*,#1436,.F.);
#1885=ORIENTED_EDGE('',*,*,#1437,.T.);
#1886=ORIENTED_EDGE('',*,*,#1438,.T.);
#1887=ORIENTED_EDGE('',*,*,#1439,.F.);
#1888=ORIENTED_EDGE('',*,*,#1440,.F.);
#1889=ORIENTED_EDGE('',*,*,#1441,.T.);
#1890=ORIENTED_EDGE('',*,*,#1442,.T.);
#1891=ORIENTED_EDGE('',*,*,#1437,.F.);
#1892=ORIENTED_EDGE('',*,*,#1443,.F.);
#1893=ORIENTED_EDGE('',*,*,#1444,.T.);
#1894=ORIENTED_EDGE('',*,*,#1445,.T.);
#1895=ORIENTED_EDGE('',*,*,#1441,.F.);
#1896=ORIENTED_EDGE('',*,*,#1446,.F.);
#1897=ORIENTED_EDGE('',*,*,#1439,.T.);
#1898=ORIENTED_EDGE('',*,*,#1447,.T.);
#1899=ORIENTED_EDGE('',*,*,#1444,.F.);
#1900=ORIENTED_EDGE('',*,*,#1447,.F.);
#1901=ORIENTED_EDGE('',*,*,#1438,.F.);
#1902=ORIENTED_EDGE('',*,*,#1442,.F.);
#1903=ORIENTED_EDGE('',*,*,#1445,.F.);
#1904=ORIENTED_EDGE('',*,*,#1448,.F.);
#1905=ORIENTED_EDGE('',*,*,#1449,.T.);
#1906=ORIENTED_EDGE('',*,*,#1450,.T.);
#1907=ORIENTED_EDGE('',*,*,#1451,.F.);
#1908=ORIENTED_EDGE('',*,*,#1452,.F.);
#1909=ORIENTED_EDGE('',*,*,#1453,.T.);
#1910=ORIENTED_EDGE('',*,*,#1454,.T.);
#1911=ORIENTED_EDGE('',*,*,#1449,.F.);
#1912=ORIENTED_EDGE('',*,*,#1455,.F.);
#1913=ORIENTED_EDGE('',*,*,#1456,.T.);
#1914=ORIENTED_EDGE('',*,*,#1457,.T.);
#1915=ORIENTED_EDGE('',*,*,#1453,.F.);
#1916=ORIENTED_EDGE('',*,*,#1458,.F.);
#1917=ORIENTED_EDGE('',*,*,#1459,.T.);
#1918=ORIENTED_EDGE('',*,*,#1460,.T.);
#1919=ORIENTED_EDGE('',*,*,#1456,.F.);
#1920=ORIENTED_EDGE('',*,*,#1461,.F.);
#1921=ORIENTED_EDGE('',*,*,#1462,.T.);
#1922=ORIENTED_EDGE('',*,*,#1463,.T.);
#1923=ORIENTED_EDGE('',*,*,#1459,.F.);
#1924=ORIENTED_EDGE('',*,*,#1464,.F.);
#1925=ORIENTED_EDGE('',*,*,#1465,.T.);
#1926=ORIENTED_EDGE('',*,*,#1466,.T.);
#1927=ORIENTED_EDGE('',*,*,#1462,.F.);
#1928=ORIENTED_EDGE('',*,*,#1467,.F.);
#1929=ORIENTED_EDGE('',*,*,#1468,.T.);
#1930=ORIENTED_EDGE('',*,*,#1469,.T.);
#1931=ORIENTED_EDGE('',*,*,#1465,.F.);
#1932=ORIENTED_EDGE('',*,*,#1470,.F.);
#1933=ORIENTED_EDGE('',*,*,#1471,.T.);
#1934=ORIENTED_EDGE('',*,*,#1472,.T.);
#1935=ORIENTED_EDGE('',*,*,#1468,.F.);
#1936=ORIENTED_EDGE('',*,*,#1473,.F.);
#1937=ORIENTED_EDGE('',*,*,#1474,.T.);
#1938=ORIENTED_EDGE('',*,*,#1475,.T.);
#1939=ORIENTED_EDGE('',*,*,#1471,.F.);
#1940=ORIENTED_EDGE('',*,*,#1476,.F.);
#1941=ORIENTED_EDGE('',*,*,#1477,.T.);
#1942=ORIENTED_EDGE('',*,*,#1478,.T.);
#1943=ORIENTED_EDGE('',*,*,#1474,.F.);
#1944=ORIENTED_EDGE('',*,*,#1479,.F.);
#1945=ORIENTED_EDGE('',*,*,#1451,.T.);
#1946=ORIENTED_EDGE('',*,*,#1480,.T.);
#1947=ORIENTED_EDGE('',*,*,#1477,.F.);
#1948=ORIENTED_EDGE('',*,*,#1480,.F.);
#1949=ORIENTED_EDGE('',*,*,#1450,.F.);
#1950=ORIENTED_EDGE('',*,*,#1454,.F.);
#1951=ORIENTED_EDGE('',*,*,#1457,.F.);
#1952=ORIENTED_EDGE('',*,*,#1460,.F.);
#1953=ORIENTED_EDGE('',*,*,#1463,.F.);
#1954=ORIENTED_EDGE('',*,*,#1466,.F.);
#1955=ORIENTED_EDGE('',*,*,#1469,.F.);
#1956=ORIENTED_EDGE('',*,*,#1472,.F.);
#1957=ORIENTED_EDGE('',*,*,#1475,.F.);
#1958=ORIENTED_EDGE('',*,*,#1478,.F.);
#1959=ORIENTED_EDGE('',*,*,#1481,.F.);
#1960=ORIENTED_EDGE('',*,*,#1482,.T.);
#1961=ORIENTED_EDGE('',*,*,#1483,.T.);
#1962=ORIENTED_EDGE('',*,*,#1484,.F.);
#1963=ORIENTED_EDGE('',*,*,#1485,.F.);
#1964=ORIENTED_EDGE('',*,*,#1486,.T.);
#1965=ORIENTED_EDGE('',*,*,#1487,.T.);
#1966=ORIENTED_EDGE('',*,*,#1482,.F.);
#1967=ORIENTED_EDGE('',*,*,#1488,.F.);
#1968=ORIENTED_EDGE('',*,*,#1489,.T.);
#1969=ORIENTED_EDGE('',*,*,#1490,.T.);
#1970=ORIENTED_EDGE('',*,*,#1486,.F.);
#1971=ORIENTED_EDGE('',*,*,#1491,.F.);
#1972=ORIENTED_EDGE('',*,*,#1492,.T.);
#1973=ORIENTED_EDGE('',*,*,#1493,.T.);
#1974=ORIENTED_EDGE('',*,*,#1489,.F.);
#1975=ORIENTED_EDGE('',*,*,#1494,.F.);
#1976=ORIENTED_EDGE('',*,*,#1495,.T.);
#1977=ORIENTED_EDGE('',*,*,#1496,.T.);
#1978=ORIENTED_EDGE('',*,*,#1492,.F.);
#1979=ORIENTED_EDGE('',*,*,#1497,.F.);
#1980=ORIENTED_EDGE('',*,*,#1498,.T.);
#1981=ORIENTED_EDGE('',*,*,#1499,.T.);
#1982=ORIENTED_EDGE('',*,*,#1495,.F.);
#1983=ORIENTED_EDGE('',*,*,#1500,.F.);
#1984=ORIENTED_EDGE('',*,*,#1501,.T.);
#1985=ORIENTED_EDGE('',*,*,#1502,.T.);
#1986=ORIENTED_EDGE('',*,*,#1498,.F.);
#1987=ORIENTED_EDGE('',*,*,#1503,.F.);
#1988=ORIENTED_EDGE('',*,*,#1484,.T.);
#1989=ORIENTED_EDGE('',*,*,#1504,.T.);
#1990=ORIENTED_EDGE('',*,*,#1501,.F.);
#1991=ORIENTED_EDGE('',*,*,#1505,.F.);
#1992=ORIENTED_EDGE('',*,*,#1506,.T.);
#1993=ORIENTED_EDGE('',*,*,#1507,.T.);
#1994=ORIENTED_EDGE('',*,*,#1508,.F.);
#1995=ORIENTED_EDGE('',*,*,#1509,.F.);
#1996=ORIENTED_EDGE('',*,*,#1510,.T.);
#1997=ORIENTED_EDGE('',*,*,#1511,.T.);
#1998=ORIENTED_EDGE('',*,*,#1506,.F.);
#1999=ORIENTED_EDGE('',*,*,#1512,.F.);
#2000=ORIENTED_EDGE('',*,*,#1513,.T.);
#2001=ORIENTED_EDGE('',*,*,#1514,.T.);
#2002=ORIENTED_EDGE('',*,*,#1510,.F.);
#2003=ORIENTED_EDGE('',*,*,#1515,.F.);
#2004=ORIENTED_EDGE('',*,*,#1516,.T.);
#2005=ORIENTED_EDGE('',*,*,#1517,.T.);
#2006=ORIENTED_EDGE('',*,*,#1513,.F.);
#2007=ORIENTED_EDGE('',*,*,#1518,.F.);
#2008=ORIENTED_EDGE('',*,*,#1519,.T.);
#2009=ORIENTED_EDGE('',*,*,#1520,.T.);
#2010=ORIENTED_EDGE('',*,*,#1516,.F.);
#2011=ORIENTED_EDGE('',*,*,#1521,.F.);
#2012=ORIENTED_EDGE('',*,*,#1522,.T.);
#2013=ORIENTED_EDGE('',*,*,#1523,.T.);
#2014=ORIENTED_EDGE('',*,*,#1519,.F.);
#2015=ORIENTED_EDGE('',*,*,#1524,.F.);
#2016=ORIENTED_EDGE('',*,*,#1525,.T.);
#2017=ORIENTED_EDGE('',*,*,#1526,.T.);
#2018=ORIENTED_EDGE('',*,*,#1522,.F.);
#2019=ORIENTED_EDGE('',*,*,#1527,.F.);
#2020=ORIENTED_EDGE('',*,*,#1528,.T.);
#2021=ORIENTED_EDGE('',*,*,#1529,.T.);
#2022=ORIENTED_EDGE('',*,*,#1525,.F.);
#2023=ORIENTED_EDGE('',*,*,#1530,.F.);
#2024=ORIENTED_EDGE('',*,*,#1531,.T.);
#2025=ORIENTED_EDGE('',*,*,#1532,.T.);
#2026=ORIENTED_EDGE('',*,*,#1528,.F.);
#2027=ORIENTED_EDGE('',*,*,#1533,.F.);
#2028=ORIENTED_EDGE('',*,*,#1534,.T.);
#2029=ORIENTED_EDGE('',*,*,#1535,.T.);
#2030=ORIENTED_EDGE('',*,*,#1531,.F.);
#2031=ORIENTED_EDGE('',*,*,#1536,.F.);
#2032=ORIENTED_EDGE('',*,*,#1537,.T.);
#2033=ORIENTED_EDGE('',*,*,#1538,.T.);
#2034=ORIENTED_EDGE('',*,*,#1534,.F.);
#2035=ORIENTED_EDGE('',*,*,#1539,.F.);
#2036=ORIENTED_EDGE('',*,*,#1540,.T.);
#2037=ORIENTED_EDGE('',*,*,#1541,.T.);
#2038=ORIENTED_EDGE('',*,*,#1537,.F.);
#2039=ORIENTED_EDGE('',*,*,#1542,.F.);
#2040=ORIENTED_EDGE('',*,*,#1543,.T.);
#2041=ORIENTED_EDGE('',*,*,#1544,.T.);
#2042=ORIENTED_EDGE('',*,*,#1540,.F.);
#2043=ORIENTED_EDGE('',*,*,#1545,.F.);
#2044=ORIENTED_EDGE('',*,*,#1546,.T.);
#2045=ORIENTED_EDGE('',*,*,#1547,.T.);
#2046=ORIENTED_EDGE('',*,*,#1543,.F.);
#2047=ORIENTED_EDGE('',*,*,#1548,.F.);
#2048=ORIENTED_EDGE('',*,*,#1549,.T.);
#2049=ORIENTED_EDGE('',*,*,#1550,.T.);
#2050=ORIENTED_EDGE('',*,*,#1546,.F.);
#2051=ORIENTED_EDGE('',*,*,#1551,.F.);
#2052=ORIENTED_EDGE('',*,*,#1552,.T.);
#2053=ORIENTED_EDGE('',*,*,#1553,.T.);
#2054=ORIENTED_EDGE('',*,*,#1549,.F.);
#2055=ORIENTED_EDGE('',*,*,#1554,.F.);
#2056=ORIENTED_EDGE('',*,*,#1555,.T.);
#2057=ORIENTED_EDGE('',*,*,#1556,.T.);
#2058=ORIENTED_EDGE('',*,*,#1552,.F.);
#2059=ORIENTED_EDGE('',*,*,#1557,.F.);
#2060=ORIENTED_EDGE('',*,*,#1558,.T.);
#2061=ORIENTED_EDGE('',*,*,#1559,.T.);
#2062=ORIENTED_EDGE('',*,*,#1555,.F.);
#2063=ORIENTED_EDGE('',*,*,#1560,.F.);
#2064=ORIENTED_EDGE('',*,*,#1508,.T.);
#2065=ORIENTED_EDGE('',*,*,#1561,.T.);
#2066=ORIENTED_EDGE('',*,*,#1558,.F.);
#2067=ORIENTED_EDGE('',*,*,#1561,.F.);
#2068=ORIENTED_EDGE('',*,*,#1507,.F.);
#2069=ORIENTED_EDGE('',*,*,#1511,.F.);
#2070=ORIENTED_EDGE('',*,*,#1514,.F.);
#2071=ORIENTED_EDGE('',*,*,#1517,.F.);
#2072=ORIENTED_EDGE('',*,*,#1520,.F.);
#2073=ORIENTED_EDGE('',*,*,#1523,.F.);
#2074=ORIENTED_EDGE('',*,*,#1526,.F.);
#2075=ORIENTED_EDGE('',*,*,#1529,.F.);
#2076=ORIENTED_EDGE('',*,*,#1532,.F.);
#2077=ORIENTED_EDGE('',*,*,#1535,.F.);
#2078=ORIENTED_EDGE('',*,*,#1538,.F.);
#2079=ORIENTED_EDGE('',*,*,#1541,.F.);
#2080=ORIENTED_EDGE('',*,*,#1544,.F.);
#2081=ORIENTED_EDGE('',*,*,#1547,.F.);
#2082=ORIENTED_EDGE('',*,*,#1550,.F.);
#2083=ORIENTED_EDGE('',*,*,#1553,.F.);
#2084=ORIENTED_EDGE('',*,*,#1556,.F.);
#2085=ORIENTED_EDGE('',*,*,#1559,.F.);
#2086=ORIENTED_EDGE('',*,*,#1504,.F.);
#2087=ORIENTED_EDGE('',*,*,#1483,.F.);
#2088=ORIENTED_EDGE('',*,*,#1487,.F.);
#2089=ORIENTED_EDGE('',*,*,#1490,.F.);
#2090=ORIENTED_EDGE('',*,*,#1493,.F.);
#2091=ORIENTED_EDGE('',*,*,#1496,.F.);
#2092=ORIENTED_EDGE('',*,*,#1499,.F.);
#2093=ORIENTED_EDGE('',*,*,#1502,.F.);
#2094=ORIENTED_EDGE('',*,*,#1481,.T.);
#2095=ORIENTED_EDGE('',*,*,#1503,.T.);
#2096=ORIENTED_EDGE('',*,*,#1500,.T.);
#2097=ORIENTED_EDGE('',*,*,#1497,.T.);
#2098=ORIENTED_EDGE('',*,*,#1494,.T.);
#2099=ORIENTED_EDGE('',*,*,#1491,.T.);
#2100=ORIENTED_EDGE('',*,*,#1488,.T.);
#2101=ORIENTED_EDGE('',*,*,#1485,.T.);
#2102=ORIENTED_EDGE('',*,*,#1376,.T.);
#2103=ORIENTED_EDGE('',*,*,#1398,.T.);
#2104=ORIENTED_EDGE('',*,*,#1395,.T.);
#2105=ORIENTED_EDGE('',*,*,#1392,.T.);
#2106=ORIENTED_EDGE('',*,*,#1389,.T.);
#2107=ORIENTED_EDGE('',*,*,#1386,.T.);
#2108=ORIENTED_EDGE('',*,*,#1383,.T.);
#2109=ORIENTED_EDGE('',*,*,#1380,.T.);
#2110=ORIENTED_EDGE('',*,*,#1326,.T.);
#2111=ORIENTED_EDGE('',*,*,#1337,.T.);
#2112=ORIENTED_EDGE('',*,*,#1562,.F.);
#2113=ORIENTED_EDGE('',*,*,#1563,.T.);
#2114=ORIENTED_EDGE('',*,*,#1351,.T.);
#2115=ORIENTED_EDGE('',*,*,#1372,.F.);
#2116=ORIENTED_EDGE('',*,*,#1564,.F.);
#2117=ORIENTED_EDGE('',*,*,#1331,.T.);
#2118=ORIENTED_EDGE('',*,*,#1565,.F.);
#2119=ORIENTED_EDGE('',*,*,#1566,.T.);
#2120=ORIENTED_EDGE('',*,*,#1567,.F.);
#2121=ORIENTED_EDGE('',*,*,#1566,.F.);
#2122=ORIENTED_EDGE('',*,*,#1336,.T.);
#2123=ORIENTED_EDGE('',*,*,#1568,.T.);
#2124=ORIENTED_EDGE('',*,*,#1569,.T.);
#2125=ORIENTED_EDGE('',*,*,#1562,.T.);
#2126=ORIENTED_EDGE('',*,*,#1570,.T.);
#2127=ORIENTED_EDGE('',*,*,#1571,.T.);
#2128=ORIENTED_EDGE('',*,*,#1572,.T.);
#2129=ORIENTED_EDGE('',*,*,#1353,.T.);
#2130=ORIENTED_EDGE('',*,*,#1571,.F.);
#2131=ORIENTED_EDGE('',*,*,#1573,.T.);
#2132=ORIENTED_EDGE('',*,*,#1574,.T.);
#2133=ORIENTED_EDGE('',*,*,#1575,.T.);
#2134=ORIENTED_EDGE('',*,*,#1570,.F.);
#2135=ORIENTED_EDGE('',*,*,#1352,.T.);
#2136=ORIENTED_EDGE('',*,*,#1563,.F.);
#2137=ORIENTED_EDGE('',*,*,#1569,.F.);
#2138=ORIENTED_EDGE('',*,*,#1573,.F.);
#2139=ORIENTED_EDGE('',*,*,#1565,.T.);
#2140=ORIENTED_EDGE('',*,*,#1572,.F.);
#2141=ORIENTED_EDGE('',*,*,#1575,.F.);
#2142=ORIENTED_EDGE('',*,*,#1576,.F.);
#2143=ORIENTED_EDGE('',*,*,#1368,.F.);
#2144=ORIENTED_EDGE('',*,*,#1345,.F.);
#2145=ORIENTED_EDGE('',*,*,#1348,.F.);
#2146=ORIENTED_EDGE('',*,*,#1567,.T.);
#2147=ORIENTED_EDGE('',*,*,#1577,.F.);
#2148=ORIENTED_EDGE('',*,*,#1578,.T.);
#2149=ORIENTED_EDGE('',*,*,#1579,.T.);
#2150=ORIENTED_EDGE('',*,*,#1578,.F.);
#2151=ORIENTED_EDGE('',*,*,#1579,.F.);
#2152=ORIENTED_EDGE('',*,*,#1580,.F.);
#2153=ORIENTED_EDGE('',*,*,#1581,.T.);
#2154=ORIENTED_EDGE('',*,*,#1582,.T.);
#2155=ORIENTED_EDGE('',*,*,#1581,.F.);
#2156=ORIENTED_EDGE('',*,*,#1582,.F.);
#2157=ORIENTED_EDGE('',*,*,#1583,.F.);
#2158=ORIENTED_EDGE('',*,*,#1584,.T.);
#2159=ORIENTED_EDGE('',*,*,#1585,.T.);
#2160=ORIENTED_EDGE('',*,*,#1584,.F.);
#2161=ORIENTED_EDGE('',*,*,#1585,.F.);
#2162=ORIENTED_EDGE('',*,*,#1586,.F.);
#2163=ORIENTED_EDGE('',*,*,#1587,.T.);
#2164=ORIENTED_EDGE('',*,*,#1588,.F.);
#2165=ORIENTED_EDGE('',*,*,#1587,.F.);
#2166=ORIENTED_EDGE('',*,*,#1589,.F.);
#2167=ORIENTED_EDGE('',*,*,#1590,.T.);
#2168=ORIENTED_EDGE('',*,*,#1591,.F.);
#2169=ORIENTED_EDGE('',*,*,#1590,.F.);
#2170=ORIENTED_EDGE('',*,*,#1339,.F.);
#2171=ORIENTED_EDGE('',*,*,#1592,.T.);
#2172=ORIENTED_EDGE('',*,*,#1593,.F.);
#2173=ORIENTED_EDGE('',*,*,#1592,.F.);
#2174=ORIENTED_EDGE('',*,*,#1338,.F.);
#2175=ORIENTED_EDGE('',*,*,#1594,.T.);
#2176=ORIENTED_EDGE('',*,*,#1595,.F.);
#2177=ORIENTED_EDGE('',*,*,#1594,.F.);
#2178=ORIENTED_EDGE('',*,*,#1596,.F.);
#2179=ORIENTED_EDGE('',*,*,#1597,.F.);
#2180=ORIENTED_EDGE('',*,*,#1598,.F.);
#2181=ORIENTED_EDGE('',*,*,#1599,.T.);
#2182=ORIENTED_EDGE('',*,*,#1600,.F.);
#2183=ORIENTED_EDGE('',*,*,#1601,.T.);
#2184=ORIENTED_EDGE('',*,*,#1602,.F.);
#2185=ORIENTED_EDGE('',*,*,#1597,.T.);
#2186=ORIENTED_EDGE('',*,*,#1603,.F.);
#2187=ORIENTED_EDGE('',*,*,#1599,.F.);
#2188=ORIENTED_EDGE('',*,*,#1604,.F.);
#2189=ORIENTED_EDGE('',*,*,#1601,.F.);
#2190=ORIENTED_EDGE('',*,*,#1605,.F.);
#2191=ORIENTED_EDGE('',*,*,#1606,.T.);
#2192=ORIENTED_EDGE('',*,*,#1607,.T.);
#2193=ORIENTED_EDGE('',*,*,#1608,.F.);
#2194=ORIENTED_EDGE('',*,*,#1593,.T.);
#2195=ORIENTED_EDGE('',*,*,#1595,.T.);
#2196=ORIENTED_EDGE('',*,*,#1609,.F.);
#2197=ORIENTED_EDGE('',*,*,#1610,.T.);
#2198=ORIENTED_EDGE('',*,*,#1611,.T.);
#2199=ORIENTED_EDGE('',*,*,#1606,.F.);
#2200=ORIENTED_EDGE('',*,*,#1612,.F.);
#2201=ORIENTED_EDGE('',*,*,#1613,.T.);
#2202=ORIENTED_EDGE('',*,*,#1614,.T.);
#2203=ORIENTED_EDGE('',*,*,#1610,.F.);
#2204=ORIENTED_EDGE('',*,*,#1586,.T.);
#2205=ORIENTED_EDGE('',*,*,#1589,.T.);
#2206=ORIENTED_EDGE('',*,*,#1615,.F.);
#2207=ORIENTED_EDGE('',*,*,#1608,.T.);
#2208=ORIENTED_EDGE('',*,*,#1616,.T.);
#2209=ORIENTED_EDGE('',*,*,#1613,.F.);
#2210=ORIENTED_EDGE('',*,*,#1616,.F.);
#2211=ORIENTED_EDGE('',*,*,#1607,.F.);
#2212=ORIENTED_EDGE('',*,*,#1611,.F.);
#2213=ORIENTED_EDGE('',*,*,#1614,.F.);
#2214=ORIENTED_EDGE('',*,*,#1598,.T.);
#2215=ORIENTED_EDGE('',*,*,#1367,.F.);
#2216=ORIENTED_EDGE('',*,*,#1617,.T.);
#2217=ORIENTED_EDGE('',*,*,#1332,.F.);
#2218=ORIENTED_EDGE('',*,*,#1564,.T.);
#2219=ORIENTED_EDGE('',*,*,#1371,.F.);
#2220=ORIENTED_EDGE('',*,*,#1574,.F.);
#2221=ORIENTED_EDGE('',*,*,#1568,.F.);
#2222=ORIENTED_EDGE('',*,*,#1335,.F.);
#2223=ORIENTED_EDGE('',*,*,#1618,.F.);
#2224=ORIENTED_EDGE('',*,*,#1619,.F.);
#2225=ORIENTED_EDGE('',*,*,#1620,.F.);
#2226=ORIENTED_EDGE('',*,*,#1621,.T.);
#2227=ORIENTED_EDGE('',*,*,#1369,.T.);
#2228=ORIENTED_EDGE('',*,*,#1576,.T.);
#2229=ORIENTED_EDGE('',*,*,#1505,.T.);
#2230=ORIENTED_EDGE('',*,*,#1560,.T.);
#2231=ORIENTED_EDGE('',*,*,#1557,.T.);
#2232=ORIENTED_EDGE('',*,*,#1554,.T.);
#2233=ORIENTED_EDGE('',*,*,#1551,.T.);
#2234=ORIENTED_EDGE('',*,*,#1548,.T.);
#2235=ORIENTED_EDGE('',*,*,#1545,.T.);
#2236=ORIENTED_EDGE('',*,*,#1542,.T.);
#2237=ORIENTED_EDGE('',*,*,#1539,.T.);
#2238=ORIENTED_EDGE('',*,*,#1536,.T.);
#2239=ORIENTED_EDGE('',*,*,#1533,.T.);
#2240=ORIENTED_EDGE('',*,*,#1530,.T.);
#2241=ORIENTED_EDGE('',*,*,#1527,.T.);
#2242=ORIENTED_EDGE('',*,*,#1524,.T.);
#2243=ORIENTED_EDGE('',*,*,#1521,.T.);
#2244=ORIENTED_EDGE('',*,*,#1518,.T.);
#2245=ORIENTED_EDGE('',*,*,#1515,.T.);
#2246=ORIENTED_EDGE('',*,*,#1512,.T.);
#2247=ORIENTED_EDGE('',*,*,#1509,.T.);
#2248=ORIENTED_EDGE('',*,*,#1448,.T.);
#2249=ORIENTED_EDGE('',*,*,#1479,.T.);
#2250=ORIENTED_EDGE('',*,*,#1476,.T.);
#2251=ORIENTED_EDGE('',*,*,#1473,.T.);
#2252=ORIENTED_EDGE('',*,*,#1470,.T.);
#2253=ORIENTED_EDGE('',*,*,#1467,.T.);
#2254=ORIENTED_EDGE('',*,*,#1464,.T.);
#2255=ORIENTED_EDGE('',*,*,#1461,.T.);
#2256=ORIENTED_EDGE('',*,*,#1458,.T.);
#2257=ORIENTED_EDGE('',*,*,#1455,.T.);
#2258=ORIENTED_EDGE('',*,*,#1452,.T.);
#2259=ORIENTED_EDGE('',*,*,#1436,.T.);
#2260=ORIENTED_EDGE('',*,*,#1446,.T.);
#2261=ORIENTED_EDGE('',*,*,#1443,.T.);
#2262=ORIENTED_EDGE('',*,*,#1440,.T.);
#2263=ORIENTED_EDGE('',*,*,#1400,.T.);
#2264=ORIENTED_EDGE('',*,*,#1434,.T.);
#2265=ORIENTED_EDGE('',*,*,#1431,.T.);
#2266=ORIENTED_EDGE('',*,*,#1428,.T.);
#2267=ORIENTED_EDGE('',*,*,#1425,.T.);
#2268=ORIENTED_EDGE('',*,*,#1422,.T.);
#2269=ORIENTED_EDGE('',*,*,#1419,.T.);
#2270=ORIENTED_EDGE('',*,*,#1416,.T.);
#2271=ORIENTED_EDGE('',*,*,#1413,.T.);
#2272=ORIENTED_EDGE('',*,*,#1410,.T.);
#2273=ORIENTED_EDGE('',*,*,#1407,.T.);
#2274=ORIENTED_EDGE('',*,*,#1404,.T.);
#2275=ORIENTED_EDGE('',*,*,#1366,.F.);
#2276=ORIENTED_EDGE('',*,*,#1622,.T.);
#2277=ORIENTED_EDGE('',*,*,#1623,.T.);
#2278=ORIENTED_EDGE('',*,*,#1624,.T.);
#2279=ORIENTED_EDGE('',*,*,#1625,.T.);
#2280=ORIENTED_EDGE('',*,*,#1333,.F.);
#2281=ORIENTED_EDGE('',*,*,#1617,.F.);
#2282=ORIENTED_EDGE('',*,*,#1340,.T.);
#2283=ORIENTED_EDGE('',*,*,#1605,.T.);
#2284=ORIENTED_EDGE('',*,*,#1615,.T.);
#2285=ORIENTED_EDGE('',*,*,#1612,.T.);
#2286=ORIENTED_EDGE('',*,*,#1609,.T.);
#2287=ORIENTED_EDGE('',*,*,#1626,.F.);
#2288=ORIENTED_EDGE('',*,*,#1618,.T.);
#2289=ORIENTED_EDGE('',*,*,#1334,.F.);
#2290=ORIENTED_EDGE('',*,*,#1625,.F.);
#2291=ORIENTED_EDGE('',*,*,#1296,.F.);
#2292=ORIENTED_EDGE('',*,*,#1627,.F.);
#2293=ORIENTED_EDGE('',*,*,#1628,.F.);
#2294=ORIENTED_EDGE('',*,*,#1629,.F.);
#2295=ORIENTED_EDGE('',*,*,#1630,.F.);
#2296=ORIENTED_EDGE('',*,*,#1354,.T.);
#2297=ORIENTED_EDGE('',*,*,#1631,.T.);
#2298=ORIENTED_EDGE('',*,*,#1361,.T.);
#2299=ORIENTED_EDGE('',*,*,#1362,.T.);
#2300=ORIENTED_EDGE('',*,*,#1631,.F.);
#2301=ORIENTED_EDGE('',*,*,#1602,.T.);
#2302=ORIENTED_EDGE('',*,*,#1604,.T.);
#2303=ORIENTED_EDGE('',*,*,#1600,.T.);
#2304=ORIENTED_EDGE('',*,*,#1603,.T.);
#2305=ORIENTED_EDGE('',*,*,#1596,.T.);
#2306=ORIENTED_EDGE('',*,*,#1347,.F.);
#2307=ORIENTED_EDGE('',*,*,#1370,.T.);
#2308=ORIENTED_EDGE('',*,*,#1621,.F.);
#2309=ORIENTED_EDGE('',*,*,#1632,.F.);
#2310=ORIENTED_EDGE('',*,*,#1622,.F.);
#2311=ORIENTED_EDGE('',*,*,#1365,.F.);
#2312=ORIENTED_EDGE('',*,*,#1355,.F.);
#2313=ORIENTED_EDGE('',*,*,#1588,.T.);
#2314=ORIENTED_EDGE('',*,*,#1591,.T.);
#2315=ORIENTED_EDGE('',*,*,#1619,.T.);
#2316=ORIENTED_EDGE('',*,*,#1626,.T.);
#2317=ORIENTED_EDGE('',*,*,#1624,.F.);
#2318=ORIENTED_EDGE('',*,*,#1633,.F.);
#2319=ORIENTED_EDGE('',*,*,#1577,.T.);
#2320=ORIENTED_EDGE('',*,*,#1580,.T.);
#2321=ORIENTED_EDGE('',*,*,#1583,.T.);
#2322=ORIENTED_EDGE('',*,*,#1632,.T.);
#2323=ORIENTED_EDGE('',*,*,#1620,.T.);
#2324=ORIENTED_EDGE('',*,*,#1633,.T.);
#2325=ORIENTED_EDGE('',*,*,#1623,.F.);
#2326=ORIENTED_EDGE('',*,*,#1373,.T.);
#2327=ORIENTED_EDGE('',*,*,#1634,.F.);
#2328=ORIENTED_EDGE('',*,*,#1635,.T.);
#2329=ORIENTED_EDGE('',*,*,#1301,.T.);
#2330=ORIENTED_EDGE('',*,*,#1302,.T.);
#2331=ORIENTED_EDGE('',*,*,#1635,.F.);
#2332=ORIENTED_EDGE('',*,*,#1323,.T.);
#2333=ORIENTED_EDGE('',*,*,#1636,.F.);
#2334=ORIENTED_EDGE('',*,*,#1628,.T.);
#2335=ORIENTED_EDGE('',*,*,#1637,.T.);
#2336=ORIENTED_EDGE('',*,*,#1294,.T.);
#2337=ORIENTED_EDGE('',*,*,#1630,.T.);
#2338=ORIENTED_EDGE('',*,*,#1638,.T.);
#2339=ORIENTED_EDGE('',*,*,#1274,.T.);
#2340=ORIENTED_EDGE('',*,*,#1639,.T.);
#2341=ORIENTED_EDGE('',*,*,#1364,.T.);
#2342=ORIENTED_EDGE('',*,*,#1640,.T.);
#2343=ORIENTED_EDGE('',*,*,#1641,.F.);
#2344=ORIENTED_EDGE('',*,*,#1640,.F.);
#2345=ORIENTED_EDGE('',*,*,#1641,.T.);
#2346=ORIENTED_EDGE('',*,*,#1642,.T.);
#2347=ORIENTED_EDGE('',*,*,#1634,.T.);
#2348=ORIENTED_EDGE('',*,*,#1642,.F.);
#2349=ORIENTED_EDGE('',*,*,#1291,.T.);
#2350=ORIENTED_EDGE('',*,*,#1643,.T.);
#2351=ORIENTED_EDGE('',*,*,#1644,.F.);
#2352=ORIENTED_EDGE('',*,*,#1645,.T.);
#2353=ORIENTED_EDGE('',*,*,#1643,.F.);
#2354=ORIENTED_EDGE('',*,*,#1293,.F.);
#2355=ORIENTED_EDGE('',*,*,#1290,.F.);
#2356=ORIENTED_EDGE('',*,*,#1287,.F.);
#2357=ORIENTED_EDGE('',*,*,#1284,.F.);
#2358=ORIENTED_EDGE('',*,*,#1281,.F.);
#2359=ORIENTED_EDGE('',*,*,#1278,.F.);
#2360=ORIENTED_EDGE('',*,*,#1275,.F.);
#2361=ORIENTED_EDGE('',*,*,#1638,.F.);
#2362=ORIENTED_EDGE('',*,*,#1629,.T.);
#2363=ORIENTED_EDGE('',*,*,#1636,.T.);
#2364=ORIENTED_EDGE('',*,*,#1325,.T.);
#2365=ORIENTED_EDGE('',*,*,#1322,.T.);
#2366=ORIENTED_EDGE('',*,*,#1319,.T.);
#2367=ORIENTED_EDGE('',*,*,#1316,.T.);
#2368=ORIENTED_EDGE('',*,*,#1313,.T.);
#2369=ORIENTED_EDGE('',*,*,#1310,.T.);
#2370=ORIENTED_EDGE('',*,*,#1307,.T.);
#2371=ORIENTED_EDGE('',*,*,#1304,.T.);
#2372=ORIENTED_EDGE('',*,*,#1637,.F.);
#2373=ORIENTED_EDGE('',*,*,#1627,.T.);
#2374=ORIENTED_EDGE('',*,*,#1295,.F.);
#2375=ORIENTED_EDGE('',*,*,#1639,.F.);
#2376=ORIENTED_EDGE('',*,*,#1273,.T.);
#2377=ORIENTED_EDGE('',*,*,#1277,.T.);
#2378=ORIENTED_EDGE('',*,*,#1280,.T.);
#2379=ORIENTED_EDGE('',*,*,#1283,.T.);
#2380=ORIENTED_EDGE('',*,*,#1286,.T.);
#2381=ORIENTED_EDGE('',*,*,#1289,.T.);
#2382=ORIENTED_EDGE('',*,*,#1292,.T.);
#2383=ORIENTED_EDGE('',*,*,#1646,.T.);
#2384=ORIENTED_EDGE('',*,*,#1298,.F.);
#2385=ORIENTED_EDGE('',*,*,#1306,.F.);
#2386=ORIENTED_EDGE('',*,*,#1309,.F.);
#2387=ORIENTED_EDGE('',*,*,#1312,.F.);
#2388=ORIENTED_EDGE('',*,*,#1315,.F.);
#2389=ORIENTED_EDGE('',*,*,#1318,.F.);
#2390=ORIENTED_EDGE('',*,*,#1321,.F.);
#2391=ORIENTED_EDGE('',*,*,#1324,.F.);
#2392=ORIENTED_EDGE('',*,*,#1645,.F.);
#2393=ORIENTED_EDGE('',*,*,#1303,.F.);
#2394=ORIENTED_EDGE('',*,*,#1299,.F.);
#2395=ORIENTED_EDGE('',*,*,#1646,.F.);
#2396=ORIENTED_EDGE('',*,*,#1644,.T.);
#2397=CYLINDRICAL_SURFACE('',#2587,4.5);
#2398=CYLINDRICAL_SURFACE('',#2589,4.5);
#2399=CYLINDRICAL_SURFACE('',#2590,4.5);
#2400=CYLINDRICAL_SURFACE('',#2591,4.5);
#2401=CYLINDRICAL_SURFACE('',#2592,4.5);
#2402=CYLINDRICAL_SURFACE('',#2593,4.5);
#2403=CYLINDRICAL_SURFACE('',#2594,4.5);
#2404=CYLINDRICAL_SURFACE('',#2597,5.041265875);
#2405=CYLINDRICAL_SURFACE('',#2602,5.041265875);
#2406=CYLINDRICAL_SURFACE('',#2603,5.041265875);
#2407=CYLINDRICAL_SURFACE('',#2604,5.041265875);
#2408=CYLINDRICAL_SURFACE('',#2605,5.041265875);
#2409=CYLINDRICAL_SURFACE('',#2606,5.041265875);
#2410=CYLINDRICAL_SURFACE('',#2607,5.041265875);
#2411=CYLINDRICAL_SURFACE('',#2608,5.041265875);
#2412=CYLINDRICAL_SURFACE('',#2609,2.5);
#2413=CYLINDRICAL_SURFACE('',#2618,2.4);
#2414=CYLINDRICAL_SURFACE('',#2627,2.);
#2415=CYLINDRICAL_SURFACE('',#2635,2.1);
#2416=CYLINDRICAL_SURFACE('',#2637,2.);
#2417=CYLINDRICAL_SURFACE('',#2639,30.8159333623654);
#2418=CYLINDRICAL_SURFACE('',#2643,3.05);
#2419=CYLINDRICAL_SURFACE('',#2674,1.7);
#2420=CYLINDRICAL_SURFACE('',#2681,2.4);
#2421=CYLINDRICAL_SURFACE('',#2685,2.4);
#2422=CYLINDRICAL_SURFACE('',#2689,2.4);
#2423=CYLINDRICAL_SURFACE('',#2693,0.85);
#2424=CYLINDRICAL_SURFACE('',#2696,0.85);
#2425=CYLINDRICAL_SURFACE('',#2699,1.1);
#2426=CYLINDRICAL_SURFACE('',#2701,1.1);
#2427=CYLINDRICAL_SURFACE('',#2705,2.9);
#2428=CYLINDRICAL_SURFACE('',#2722,1.125);
#2429=CYLINDRICAL_SURFACE('',#2728,5.041265875);
#2430=CYLINDRICAL_SURFACE('',#2732,4.5);
#2431=CYLINDRICAL_SURFACE('',#2733,4.5);
#2432=ADVANCED_FACE('',(#161),#2397,.F.);
#2433=ADVANCED_FACE('',(#162),#2398,.F.);
#2434=ADVANCED_FACE('',(#163),#2399,.F.);
#2435=ADVANCED_FACE('',(#164),#2400,.F.);
#2436=ADVANCED_FACE('',(#165),#2401,.F.);
#2437=ADVANCED_FACE('',(#166),#2402,.F.);
#2438=ADVANCED_FACE('',(#167),#2403,.F.);
#2439=ADVANCED_FACE('',(#168),#156,.F.);
#2440=ADVANCED_FACE('',(#169),#2404,.F.);
#2441=ADVANCED_FACE('',(#170),#2405,.F.);
#2442=ADVANCED_FACE('',(#171),#2406,.F.);
#2443=ADVANCED_FACE('',(#172),#2407,.F.);
#2444=ADVANCED_FACE('',(#173),#2408,.F.);
#2445=ADVANCED_FACE('',(#174),#2409,.F.);
#2446=ADVANCED_FACE('',(#175),#2410,.F.);
#2447=ADVANCED_FACE('',(#176),#2411,.F.);
#2448=ADVANCED_FACE('',(#177),#2412,.F.);
#2449=ADVANCED_FACE('',(#178),#87,.T.);
#2450=ADVANCED_FACE('',(#179,#61,#62),#88,.T.);
#2451=ADVANCED_FACE('',(#180),#2413,.F.);
#2452=ADVANCED_FACE('',(#181),#89,.T.);
#2453=ADVANCED_FACE('',(#182),#90,.T.);
#2454=ADVANCED_FACE('',(#183,#63),#91,.F.);
#2455=ADVANCED_FACE('',(#184),#2414,.T.);
#2456=ADVANCED_FACE('',(#185),#60,.F.);
#2457=ADVANCED_FACE('',(#186),#2415,.F.);
#2458=ADVANCED_FACE('',(#187),#2416,.T.);
#2459=ADVANCED_FACE('',(#188),#2417,.F.);
#2460=ADVANCED_FACE('',(#189),#92,.T.);
#2461=ADVANCED_FACE('',(#190),#2418,.F.);
#2462=ADVANCED_FACE('',(#191),#93,.T.);
#2463=ADVANCED_FACE('',(#192),#17,.F.);
#2464=ADVANCED_FACE('',(#193),#18,.F.);
#2465=ADVANCED_FACE('',(#194),#19,.F.);
#2466=ADVANCED_FACE('',(#195),#20,.F.);
#2467=ADVANCED_FACE('',(#196),#21,.F.);
#2468=ADVANCED_FACE('',(#197),#22,.F.);
#2469=ADVANCED_FACE('',(#198),#23,.F.);
#2470=ADVANCED_FACE('',(#199),#24,.F.);
#2471=ADVANCED_FACE('',(#200),#25,.F.);
#2472=ADVANCED_FACE('',(#201),#26,.F.);
#2473=ADVANCED_FACE('',(#202),#27,.F.);
#2474=ADVANCED_FACE('',(#203),#28,.F.);
#2475=ADVANCED_FACE('',(#204),#29,.F.);
#2476=ADVANCED_FACE('',(#205),#30,.F.);
#2477=ADVANCED_FACE('',(#206),#31,.F.);
#2478=ADVANCED_FACE('',(#207),#32,.F.);
#2479=ADVANCED_FACE('',(#208),#33,.F.);
#2480=ADVANCED_FACE('',(#209),#34,.F.);
#2481=ADVANCED_FACE('',(#210),#35,.F.);
#2482=ADVANCED_FACE('',(#211),#36,.F.);
#2483=ADVANCED_FACE('',(#212,#64),#94,.T.);
#2484=ADVANCED_FACE('',(#213),#95,.F.);
#2485=ADVANCED_FACE('',(#214),#96,.F.);
#2486=ADVANCED_FACE('',(#215),#97,.F.);
#2487=ADVANCED_FACE('',(#216),#98,.F.);
#2488=ADVANCED_FACE('',(#217),#99,.F.);
#2489=ADVANCED_FACE('',(#218),#37,.F.);
#2490=ADVANCED_FACE('',(#219),#38,.F.);
#2491=ADVANCED_FACE('',(#220),#39,.F.);
#2492=ADVANCED_FACE('',(#221),#100,.F.);
#2493=ADVANCED_FACE('',(#222),#40,.F.);
#2494=ADVANCED_FACE('',(#223),#41,.F.);
#2495=ADVANCED_FACE('',(#224),#42,.F.);
#2496=ADVANCED_FACE('',(#225),#101,.F.);
#2497=ADVANCED_FACE('',(#226),#102,.F.);
#2498=ADVANCED_FACE('',(#227),#103,.F.);
#2499=ADVANCED_FACE('',(#228),#104,.F.);
#2500=ADVANCED_FACE('',(#229),#105,.T.);
#2501=ADVANCED_FACE('',(#230),#106,.F.);
#2502=ADVANCED_FACE('',(#231),#43,.F.);
#2503=ADVANCED_FACE('',(#232),#44,.F.);
#2504=ADVANCED_FACE('',(#233),#45,.F.);
#2505=ADVANCED_FACE('',(#234),#46,.F.);
#2506=ADVANCED_FACE('',(#235),#47,.F.);
#2507=ADVANCED_FACE('',(#236),#107,.F.);
#2508=ADVANCED_FACE('',(#237),#108,.F.);
#2509=ADVANCED_FACE('',(#238),#109,.F.);
#2510=ADVANCED_FACE('',(#239),#110,.F.);
#2511=ADVANCED_FACE('',(#240),#48,.F.);
#2512=ADVANCED_FACE('',(#241),#49,.F.);
#2513=ADVANCED_FACE('',(#242),#50,.F.);
#2514=ADVANCED_FACE('',(#243),#51,.F.);
#2515=ADVANCED_FACE('',(#244),#111,.F.);
#2516=ADVANCED_FACE('',(#245),#112,.F.);
#2517=ADVANCED_FACE('',(#246),#113,.F.);
#2518=ADVANCED_FACE('',(#247),#52,.F.);
#2519=ADVANCED_FACE('',(#248),#53,.F.);
#2520=ADVANCED_FACE('',(#249),#54,.F.);
#2521=ADVANCED_FACE('',(#250),#55,.F.);
#2522=ADVANCED_FACE('',(#251),#56,.F.);
#2523=ADVANCED_FACE('',(#252),#57,.F.);
#2524=ADVANCED_FACE('',(#253),#58,.F.);
#2525=ADVANCED_FACE('',(#254),#114,.F.);
#2526=ADVANCED_FACE('',(#255),#115,.F.);
#2527=ADVANCED_FACE('',(#256),#116,.F.);
#2528=ADVANCED_FACE('',(#257,#65),#117,.T.);
#2529=ADVANCED_FACE('',(#258),#118,.T.);
#2530=ADVANCED_FACE('',(#259),#119,.T.);
#2531=ADVANCED_FACE('',(#260),#120,.T.);
#2532=ADVANCED_FACE('',(#261),#2419,.F.);
#2533=ADVANCED_FACE('',(#262),#121,.T.);
#2534=ADVANCED_FACE('',(#263),#59,.T.);
#2535=ADVANCED_FACE('',(#264),#122,.T.);
#2536=ADVANCED_FACE('',(#265,#66),#123,.T.);
#2537=ADVANCED_FACE('',(#266,#67),#124,.T.);
#2538=ADVANCED_FACE('',(#267),#2420,.F.);
#2539=ADVANCED_FACE('',(#268),#125,.T.);
#2540=ADVANCED_FACE('',(#269),#2421,.F.);
#2541=ADVANCED_FACE('',(#270),#126,.T.);
#2542=ADVANCED_FACE('',(#271),#2422,.F.);
#2543=ADVANCED_FACE('',(#272),#127,.T.);
#2544=ADVANCED_FACE('',(#273),#2423,.F.);
#2545=ADVANCED_FACE('',(#274),#2424,.F.);
#2546=ADVANCED_FACE('',(#275),#2425,.F.);
#2547=ADVANCED_FACE('',(#276),#2426,.F.);
#2548=ADVANCED_FACE('',(#277),#128,.T.);
#2549=ADVANCED_FACE('',(#278),#2427,.F.);
#2550=ADVANCED_FACE('',(#279),#129,.T.);
#2551=ADVANCED_FACE('',(#280,#68,#69),#130,.F.);
#2552=ADVANCED_FACE('',(#281),#131,.F.);
#2553=ADVANCED_FACE('',(#282,#70,#71),#132,.F.);
#2554=ADVANCED_FACE('',(#283),#133,.F.);
#2555=ADVANCED_FACE('',(#284,#72),#134,.F.);
#2556=ADVANCED_FACE('',(#285),#135,.F.);
#2557=ADVANCED_FACE('',(#286,#73,#74,#75,#76),#136,.T.);
#2558=ADVANCED_FACE('',(#287,#77,#78),#137,.T.);
#2559=ADVANCED_FACE('',(#288,#79),#138,.T.);
#2560=ADVANCED_FACE('',(#289,#80),#2428,.F.);
#2561=ADVANCED_FACE('',(#290,#81,#82),#139,.T.);
#2562=ADVANCED_FACE('',(#291,#83,#84,#85),#140,.F.);
#2563=ADVANCED_FACE('',(#292,#86),#141,.T.);
#2564=ADVANCED_FACE('',(#293),#157,.F.);
#2565=ADVANCED_FACE('',(#294),#2429,.F.);
#2566=ADVANCED_FACE('',(#295),#158,.F.);
#2567=ADVANCED_FACE('',(#296),#159,.F.);
#2568=ADVANCED_FACE('',(#297),#2430,.F.);
#2569=ADVANCED_FACE('',(#298),#2431,.F.);
#2570=ADVANCED_FACE('',(#299),#15,.T.);
#2571=ADVANCED_FACE('',(#300),#16,.T.);
#2572=ADVANCED_FACE('',(#301),#160,.F.);
#2573=CLOSED_SHELL('',(#2432,#2433,#2434,#2435,#2436,#2437,#2438,#2439,
#2440,#2441,#2442,#2443,#2444,#2445,#2446,#2447,#2448,#2449,#2450,#2451,
#2452,#2453,#2454,#2455,#2456,#2457,#2458,#2459,#2460,#2461,#2462,#2463,
#2464,#2465,#2466,#2467,#2468,#2469,#2470,#2471,#2472,#2473,#2474,#2475,
#2476,#2477,#2478,#2479,#2480,#2481,#2482,#2483,#2484,#2485,#2486,#2487,
#2488,#2489,#2490,#2491,#2492,#2493,#2494,#2495,#2496,#2497,#2498,#2499,
#2500,#2501,#2502,#2503,#2504,#2505,#2506,#2507,#2508,#2509,#2510,#2511,
#2512,#2513,#2514,#2515,#2516,#2517,#2518,#2519,#2520,#2521,#2522,#2523,
#2524,#2525,#2526,#2527,#2528,#2529,#2530,#2531,#2532,#2533,#2534,#2535,
#2536,#2537,#2538,#2539,#2540,#2541,#2542,#2543,#2544,#2545,#2546,#2547,
#2548,#2549,#2550,#2551,#2552,#2553,#2554,#2555,#2556,#2557,#2558,#2559,
#2560,#2561,#2562,#2563,#2564,#2565,#2566,#2567,#2568,#2569,#2570,#2571,
#2572));
#2574=DERIVED_UNIT_ELEMENT(#2576,1.);
#2575=DERIVED_UNIT_ELEMENT(#6286,-3.);
#2576=(
MASS_UNIT()
NAMED_UNIT(*)
SI_UNIT(.KILO.,.GRAM.)
);
#2577=DERIVED_UNIT((#2574,#2575));
#2578=MEASURE_REPRESENTATION_ITEM('density measure',
POSITIVE_RATIO_MEASURE(7850.),#2577);
#2579=PROPERTY_DEFINITION_REPRESENTATION(#2584,#2581);
#2580=PROPERTY_DEFINITION_REPRESENTATION(#2585,#2582);
#2581=REPRESENTATION('material name',(#2583),#6283);
#2582=REPRESENTATION('density',(#2578),#6283);
#2583=DESCRIPTIVE_REPRESENTATION_ITEM('Steel','Steel');
#2584=PROPERTY_DEFINITION('material property','material name',#6293);
#2585=PROPERTY_DEFINITION('material property','density of part',#6293);
#2586=AXIS2_PLACEMENT_3D('',#3230,#2736,#2737);
#2587=AXIS2_PLACEMENT_3D('',#3231,#2738,#2739);
#2588=AXIS2_PLACEMENT_3D('',#3265,#2741,#2742);
#2589=AXIS2_PLACEMENT_3D('',#3286,#2743,#2744);
#2590=AXIS2_PLACEMENT_3D('',#3362,#2746,#2747);
#2591=AXIS2_PLACEMENT_3D('',#3438,#2749,#2750);
#2592=AXIS2_PLACEMENT_3D('',#3514,#2752,#2753);
#2593=AXIS2_PLACEMENT_3D('',#3590,#2755,#2756);
#2594=AXIS2_PLACEMENT_3D('',#3666,#2758,#2759);
#2595=AXIS2_PLACEMENT_3D('',#3742,#2761,#2762);
#2596=AXIS2_PLACEMENT_3D('',#3773,#2764,#2765);
#2597=AXIS2_PLACEMENT_3D('',#3774,#2766,#2767);
#2598=AXIS2_PLACEMENT_3D('',#3800,#2769,#2770);
#2599=AXIS2_PLACEMENT_3D('',#3804,#2772,#2773);
#2600=AXIS2_PLACEMENT_3D('',#3805,#2774,#2775);
#2601=AXIS2_PLACEMENT_3D('',#3807,#2776,#2777);
#2602=AXIS2_PLACEMENT_3D('',#3815,#2778,#2779);
#2603=AXIS2_PLACEMENT_3D('',#3872,#2781,#2782);
#2604=AXIS2_PLACEMENT_3D('',#3929,#2784,#2785);
#2605=AXIS2_PLACEMENT_3D('',#3986,#2787,#2788);
#2606=AXIS2_PLACEMENT_3D('',#4043,#2790,#2791);
#2607=AXIS2_PLACEMENT_3D('',#4100,#2793,#2794);
#2608=AXIS2_PLACEMENT_3D('',#4157,#2796,#2797);
#2609=AXIS2_PLACEMENT_3D('',#4214,#2799,#2800);
#2610=AXIS2_PLACEMENT_3D('',#4217,#2801,#2802);
#2611=AXIS2_PLACEMENT_3D('',#4219,#2803,#2804);
#2612=AXIS2_PLACEMENT_3D('',#4222,#2806,#2807);
#2613=AXIS2_PLACEMENT_3D('',#4223,#2808,#2809);
#2614=AXIS2_PLACEMENT_3D('',#4224,#2810,#2811);
#2615=AXIS2_PLACEMENT_3D('',#4225,#2812,#2813);
#2616=AXIS2_PLACEMENT_3D('',#4240,#2821,#2822);
#2617=AXIS2_PLACEMENT_3D('',#4242,#2823,#2824);
#2618=AXIS2_PLACEMENT_3D('',#4243,#2825,#2826);
#2619=AXIS2_PLACEMENT_3D('',#4245,#2827,#2828);
#2620=AXIS2_PLACEMENT_3D('',#4248,#2830,#2831);
#2621=AXIS2_PLACEMENT_3D('',#4249,#2832,#2833);
#2622=AXIS2_PLACEMENT_3D('',#4250,#2834,#2835);
#2623=AXIS2_PLACEMENT_3D('',#4253,#2836,#2837);
#2624=AXIS2_PLACEMENT_3D('',#4261,#2842,#2843);
#2625=AXIS2_PLACEMENT_3D('',#4265,#2845,#2846);
#2626=AXIS2_PLACEMENT_3D('',#4277,#2850,#2851);
#2627=AXIS2_PLACEMENT_3D('',#4278,#2852,#2853);
#2628=AXIS2_PLACEMENT_3D('',#4282,#2855,#2856);
#2629=AXIS2_PLACEMENT_3D('',#4284,#2858,#2859);
#2630=AXIS2_PLACEMENT_3D('',#4287,#2860,#2861);
#2631=AXIS2_PLACEMENT_3D('',#4288,#2862,#2863);
#2632=AXIS2_PLACEMENT_3D('',#4290,#2864,#2865);
#2633=AXIS2_PLACEMENT_3D('',#4292,#2866,#2867);
#2634=AXIS2_PLACEMENT_3D('',#4293,#2868,#2869);
#2635=AXIS2_PLACEMENT_3D('',#4294,#2870,#2871);
#2636=AXIS2_PLACEMENT_3D('',#4297,#2873,#2874);
#2637=AXIS2_PLACEMENT_3D('',#4298,#2875,#2876);
#2638=AXIS2_PLACEMENT_3D('',#4302,#2878,#2879);
#2639=AXIS2_PLACEMENT_3D('',#4304,#2881,#2882);
#2640=AXIS2_PLACEMENT_3D('',#4306,#2883,#2884);
#2641=AXIS2_PLACEMENT_3D('',#4309,#2886,#2887);
#2642=AXIS2_PLACEMENT_3D('',#4310,#2888,#2889);
#2643=AXIS2_PLACEMENT_3D('',#4314,#2892,#2893);
#2644=AXIS2_PLACEMENT_3D('',#4316,#2894,#2895);
#2645=AXIS2_PLACEMENT_3D('',#4319,#2897,#2898);
#2646=AXIS2_PLACEMENT_3D('',#4320,#2899,#2900);
#2647=AXIS2_PLACEMENT_3D('',#4781,#2921,#2922);
#2648=AXIS2_PLACEMENT_3D('',#4782,#2923,#2924);
#2649=AXIS2_PLACEMENT_3D('',#4791,#2929,#2930);
#2650=AXIS2_PLACEMENT_3D('',#4797,#2934,#2935);
#2651=AXIS2_PLACEMENT_3D('',#4803,#2939,#2940);
#2652=AXIS2_PLACEMENT_3D('',#4806,#2943,#2944);
#2653=AXIS2_PLACEMENT_3D('',#4879,#2949,#2950);
#2654=AXIS2_PLACEMENT_3D('',#4954,#2957,#2958);
#2655=AXIS2_PLACEMENT_3D('',#4960,#2962,#2963);
#2656=AXIS2_PLACEMENT_3D('',#4966,#2967,#2968);
#2657=AXIS2_PLACEMENT_3D('',#4972,#2972,#2973);
#2658=AXIS2_PLACEMENT_3D('',#4975,#2976,#2977);
#2659=AXIS2_PLACEMENT_3D('',#4976,#2978,#2979);
#2660=AXIS2_PLACEMENT_3D('',#5100,#2989,#2990);
#2661=AXIS2_PLACEMENT_3D('',#5106,#2994,#2995);
#2662=AXIS2_PLACEMENT_3D('',#5109,#2998,#2999);
#2663=AXIS2_PLACEMENT_3D('',#5118,#3004,#3005);
#2664=AXIS2_PLACEMENT_3D('',#5216,#3013,#3014);
#2665=AXIS2_PLACEMENT_3D('',#5222,#3018,#3019);
#2666=AXIS2_PLACEMENT_3D('',#5228,#3023,#3024);
#2667=AXIS2_PLACEMENT_3D('',#5395,#3035,#3036);
#2668=AXIS2_PLACEMENT_3D('',#5401,#3040,#3041);
#2669=AXIS2_PLACEMENT_3D('',#5407,#3045,#3046);
#2670=AXIS2_PLACEMENT_3D('',#5410,#3049,#3050);
#2671=AXIS2_PLACEMENT_3D('',#5411,#3051,#3052);
#2672=AXIS2_PLACEMENT_3D('',#5412,#3053,#3054);
#2673=AXIS2_PLACEMENT_3D('',#5413,#3055,#3056);
#2674=AXIS2_PLACEMENT_3D('',#5418,#3060,#3061);
#2675=AXIS2_PLACEMENT_3D('',#5420,#3062,#3063);
#2676=AXIS2_PLACEMENT_3D('',#5423,#3065,#3066);
#2677=AXIS2_PLACEMENT_3D('',#5424,#3067,#3068);
#2678=AXIS2_PLACEMENT_3D('',#5506,#3071,#3072);
#2679=AXIS2_PLACEMENT_3D('',#5511,#3076,#3077);
#2680=AXIS2_PLACEMENT_3D('',#5512,#3078,#3079);
#2681=AXIS2_PLACEMENT_3D('',#5514,#3081,#3082);
#2682=AXIS2_PLACEMENT_3D('',#5516,#3083,#3084);
#2683=AXIS2_PLACEMENT_3D('',#5519,#3086,#3087);
#2684=AXIS2_PLACEMENT_3D('',#5520,#3088,#3089);
#2685=AXIS2_PLACEMENT_3D('',#5521,#3090,#3091);
#2686=AXIS2_PLACEMENT_3D('',#5523,#3092,#3093);
#2687=AXIS2_PLACEMENT_3D('',#5526,#3095,#3096);
#2688=AXIS2_PLACEMENT_3D('',#5527,#3097,#3098);
#2689=AXIS2_PLACEMENT_3D('',#5528,#3099,#3100);
#2690=AXIS2_PLACEMENT_3D('',#5530,#3101,#3102);
#2691=AXIS2_PLACEMENT_3D('',#5533,#3104,#3105);
#2692=AXIS2_PLACEMENT_3D('',#5534,#3106,#3107);
#2693=AXIS2_PLACEMENT_3D('',#5535,#3108,#3109);
#2694=AXIS2_PLACEMENT_3D('',#5537,#3110,#3111);
#2695=AXIS2_PLACEMENT_3D('',#5540,#3113,#3114);
#2696=AXIS2_PLACEMENT_3D('',#5541,#3115,#3116);
#2697=AXIS2_PLACEMENT_3D('',#5543,#3117,#3118);
#2698=AXIS2_PLACEMENT_3D('',#5546,#3120,#3121);
#2699=AXIS2_PLACEMENT_3D('',#5547,#3122,#3123);
#2700=AXIS2_PLACEMENT_3D('',#5550,#3125,#3126);
#2701=AXIS2_PLACEMENT_3D('',#5551,#3127,#3128);
#2702=AXIS2_PLACEMENT_3D('',#5554,#3130,#3131);
#2703=AXIS2_PLACEMENT_3D('',#5555,#3132,#3133);
#2704=AXIS2_PLACEMENT_3D('',#5559,#3135,#3136);
#2705=AXIS2_PLACEMENT_3D('',#5560,#3137,#3138);
#2706=AXIS2_PLACEMENT_3D('',#5562,#3139,#3140);
#2707=AXIS2_PLACEMENT_3D('',#5571,#3142,#3143);
#2708=AXIS2_PLACEMENT_3D('',#5612,#3144,#3145);
#2709=AXIS2_PLACEMENT_3D('',#5614,#3147,#3148);
#2710=AXIS2_PLACEMENT_3D('',#5623,#3153,#3154);
#2711=AXIS2_PLACEMENT_3D('',#5629,#3158,#3159);
#2712=AXIS2_PLACEMENT_3D('',#5635,#3163,#3164);
#2713=AXIS2_PLACEMENT_3D('',#5638,#3167,#3168);
#2714=AXIS2_PLACEMENT_3D('',#5639,#3169,#3170);
#2715=AXIS2_PLACEMENT_3D('',#5641,#3172,#3173);
#2716=AXIS2_PLACEMENT_3D('',#5649,#3178,#3179);
#2717=AXIS2_PLACEMENT_3D('',#5657,#3184,#3185);
#2718=AXIS2_PLACEMENT_3D('',#5660,#3187,#3188);
#2719=AXIS2_PLACEMENT_3D('',#5662,#3189,#3190);
#2720=AXIS2_PLACEMENT_3D('',#5664,#3191,#3192);
#2721=AXIS2_PLACEMENT_3D('',#5665,#3193,#3194);
#2722=AXIS2_PLACEMENT_3D('',#5666,#3195,#3196);
#2723=AXIS2_PLACEMENT_3D('',#5668,#3198,#3199);
#2724=AXIS2_PLACEMENT_3D('',#5670,#3201,#3202);
#2725=AXIS2_PLACEMENT_3D('',#5672,#3204,#3205);
#2726=AXIS2_PLACEMENT_3D('',#5673,#3206,#3207);
#2727=AXIS2_PLACEMENT_3D('',#5675,#3208,#3209);
#2728=AXIS2_PLACEMENT_3D('',#5677,#3211,#3212);
#2729=AXIS2_PLACEMENT_3D('',#5689,#3213,#3214);
#2730=AXIS2_PLACEMENT_3D('',#5714,#3215,#3216);
#2731=AXIS2_PLACEMENT_3D('',#5717,#3218,#3219);
#2732=AXIS2_PLACEMENT_3D('',#5718,#3220,#3221);
#2733=AXIS2_PLACEMENT_3D('',#5720,#3223,#3224);
#2734=AXIS2_PLACEMENT_3D('',#5734,#3225,#3226);
#2735=AXIS2_PLACEMENT_3D('',#6280,#3228,#3229);
#2736=DIRECTION('axis',(0.,0.,1.));
#2737=DIRECTION('refdir',(1.,0.,0.));
#2738=DIRECTION('center_axis',(-2.22044604925031E-16,-1.,0.));
#2739=DIRECTION('ref_axis',(1.,-2.22044604925031E-16,-2.22044604925031E-16));
#2740=DIRECTION('',(2.22044604925031E-16,1.,0.));
#2741=DIRECTION('center_axis',(-2.22044604925031E-16,-1.,0.));
#2742=DIRECTION('ref_axis',(-1.,2.22044604925031E-16,2.22044604925031E-16));
#2743=DIRECTION('center_axis',(-2.22044604925031E-16,-1.,0.));
#2744=DIRECTION('ref_axis',(1.,-2.22044604925031E-16,-2.22044604925031E-16));
#2745=DIRECTION('',(2.22044604925031E-16,1.,0.));
#2746=DIRECTION('center_axis',(-2.22044604925031E-16,-1.,0.));
#2747=DIRECTION('ref_axis',(1.,-2.22044604925031E-16,-2.22044604925031E-16));
#2748=DIRECTION('',(2.22044604925031E-16,1.,0.));
#2749=DIRECTION('center_axis',(-2.22044604925031E-16,-1.,0.));
#2750=DIRECTION('ref_axis',(1.,-2.22044604925031E-16,-2.22044604925031E-16));
#2751=DIRECTION('',(2.22044604925031E-16,1.,0.));
#2752=DIRECTION('center_axis',(-2.22044604925031E-16,-1.,0.));
#2753=DIRECTION('ref_axis',(1.,-2.22044604925031E-16,-2.22044604925031E-16));
#2754=DIRECTION('',(2.22044604925031E-16,1.,0.));
#2755=DIRECTION('center_axis',(-2.22044604925031E-16,-1.,0.));
#2756=DIRECTION('ref_axis',(1.,-2.22044604925031E-16,-2.22044604925031E-16));
#2757=DIRECTION('',(2.22044604925031E-16,1.,0.));
#2758=DIRECTION('center_axis',(-2.22044604925031E-16,-1.,0.));
#2759=DIRECTION('ref_axis',(1.,-2.22044604925031E-16,-2.22044604925031E-16));
#2760=DIRECTION('',(2.22044604925031E-16,1.,0.));
#2761=DIRECTION('center_axis',(2.22044604925031E-16,1.,0.));
#2762=DIRECTION('ref_axis',(1.,-2.22044604925031E-16,-2.22044604925031E-16));
#2763=DIRECTION('',(-0.707106781188352,0.707106781184743,7.04136402450078E-17));
#2764=DIRECTION('center_axis',(2.22044604925031E-16,1.,0.));
#2765=DIRECTION('ref_axis',(-1.,2.22044604925031E-16,2.22044604925031E-16));
#2766=DIRECTION('center_axis',(2.22044604925031E-16,1.,0.));
#2767=DIRECTION('ref_axis',(-1.,2.22044604925031E-16,2.22044604925031E-16));
#2768=DIRECTION('',(-2.22044604925031E-16,-1.,0.));
#2769=DIRECTION('center_axis',(2.22044604925031E-16,1.,0.));
#2770=DIRECTION('ref_axis',(-1.,2.22044604925031E-16,2.22044604925031E-16));
#2771=DIRECTION('',(-2.22044604925031E-16,-1.,0.));
#2772=DIRECTION('center_axis',(2.22044604925031E-16,1.,0.));
#2773=DIRECTION('ref_axis',(-1.,2.22044604925031E-16,2.22044604925031E-16));
#2774=DIRECTION('center_axis',(2.22044604925031E-16,1.,0.));
#2775=DIRECTION('ref_axis',(-1.,2.22044604925031E-16,2.22044604925031E-16));
#2776=DIRECTION('center_axis',(2.22044604925031E-16,1.,0.));
#2777=DIRECTION('ref_axis',(-1.,2.22044604925031E-16,2.22044604925031E-16));
#2778=DIRECTION('center_axis',(2.22044604925031E-16,1.,0.));
#2779=DIRECTION('ref_axis',(-1.,2.22044604925031E-16,2.22044604925031E-16));
#2780=DIRECTION('',(-2.22044604925031E-16,-1.,0.));
#2781=DIRECTION('center_axis',(2.22044604925031E-16,1.,0.));
#2782=DIRECTION('ref_axis',(-1.,2.22044604925031E-16,2.22044604925031E-16));
#2783=DIRECTION('',(-2.22044604925031E-16,-1.,0.));
#2784=DIRECTION('center_axis',(2.22044604925031E-16,1.,0.));
#2785=DIRECTION('ref_axis',(-1.,2.22044604925031E-16,2.22044604925031E-16));
#2786=DIRECTION('',(-2.22044604925031E-16,-1.,0.));
#2787=DIRECTION('center_axis',(2.22044604925031E-16,1.,0.));
#2788=DIRECTION('ref_axis',(-1.,2.22044604925031E-16,2.22044604925031E-16));
#2789=DIRECTION('',(-2.22044604925031E-16,-1.,0.));
#2790=DIRECTION('center_axis',(2.22044604925031E-16,1.,0.));
#2791=DIRECTION('ref_axis',(-1.,2.22044604925031E-16,2.22044604925031E-16));
#2792=DIRECTION('',(-2.22044604925031E-16,-1.,0.));
#2793=DIRECTION('center_axis',(2.22044604925031E-16,1.,0.));
#2794=DIRECTION('ref_axis',(-1.,2.22044604925031E-16,2.22044604925031E-16));
#2795=DIRECTION('',(-2.22044604925031E-16,-1.,0.));
#2796=DIRECTION('center_axis',(2.22044604925031E-16,1.,0.));
#2797=DIRECTION('ref_axis',(-1.,2.22044604925031E-16,2.22044604925031E-16));
#2798=DIRECTION('',(-2.22044604925031E-16,-1.,0.));
#2799=DIRECTION('center_axis',(0.,0.,-1.));
#2800=DIRECTION('ref_axis',(-1.,0.,0.));
#2801=DIRECTION('center_axis',(-0.108175388995446,-8.00658717070178E-17,
-0.994131824868153));
#2802=DIRECTION('ref_axis',(-0.994131824868153,0.,0.108175388995446));
#2803=DIRECTION('center_axis',(-2.22044604925031E-16,4.93038065763132E-32,
-1.));
#2804=DIRECTION('ref_axis',(-1.,0.,0.));
#2805=DIRECTION('',(0.,0.,-1.));
#2806=DIRECTION('center_axis',(-2.22044604925031E-16,4.93038065763132E-32,
-1.));
#2807=DIRECTION('ref_axis',(-1.,0.,2.22044604925031E-16));
#2808=DIRECTION('center_axis',(-2.22044604925031E-16,4.93038065763132E-32,
-1.));
#2809=DIRECTION('ref_axis',(-1.,0.,0.));
#2810=DIRECTION('center_axis',(2.22044604925031E-16,-4.93038065763132E-32,
1.));
#2811=DIRECTION('ref_axis',(-1.,0.,2.22044604925031E-16));
#2812=DIRECTION('center_axis',(2.22044604925031E-16,-4.93038065763132E-32,
1.));
#2813=DIRECTION('ref_axis',(-1.,2.22044604925031E-16,2.22044604925031E-16));
#2814=DIRECTION('',(-7.40148683083438E-16,1.,2.13649828497357E-31));
#2815=DIRECTION('',(0.842070515948403,0.539367450047173,-1.8697721503278E-16));
#2816=DIRECTION('',(2.22044604925031E-16,1.,0.));
#2817=DIRECTION('',(-1.,2.22044604925031E-16,2.22044604925031E-16));
#2818=DIRECTION('',(-2.22044604925031E-16,-1.,0.));
#2819=DIRECTION('',(-1.,-7.40148683083438E-16,2.22044604925031E-16));
#2820=DIRECTION('',(-7.40148683083438E-16,1.,2.13649828497357E-31));
#2821=DIRECTION('center_axis',(-2.22044604925031E-16,4.93038065763132E-32,
-1.));
#2822=DIRECTION('ref_axis',(-1.,0.,0.));
#2823=DIRECTION('center_axis',(-2.22044604925031E-16,4.93038065763132E-32,
-1.));
#2824=DIRECTION('ref_axis',(-1.,0.,0.));
#2825=DIRECTION('center_axis',(-1.,0.,0.));
#2826=DIRECTION('ref_axis',(0.,1.,0.));
#2827=DIRECTION('center_axis',(-1.,2.77555756156289E-16,2.77555756156289E-16));
#2828=DIRECTION('ref_axis',(0.,1.,0.));
#2829=DIRECTION('',(-1.,0.,0.));
#2830=DIRECTION('center_axis',(-1.,0.,0.));
#2831=DIRECTION('ref_axis',(0.,1.,0.));
#2832=DIRECTION('center_axis',(1.,0.,0.));
#2833=DIRECTION('ref_axis',(0.,1.,0.));
#2834=DIRECTION('center_axis',(-0.982812722422948,-0.184605397113936,0.));
#2835=DIRECTION('ref_axis',(0.,0.,1.));
#2836=DIRECTION('center_axis',(-0.982812722422948,-0.184605397113936,0.));
#2837=DIRECTION('ref_axis',(0.184605397113936,-0.982812722422948,-1.45000782992855E-15));
#2838=DIRECTION('',(0.,0.,1.));
#2839=DIRECTION('',(0.184605397113936,-0.982812722422948,-4.09906324691925E-17));
#2840=DIRECTION('',(0.,0.,-1.));
#2841=DIRECTION('',(0.184605397113936,-0.982812722422948,-4.39185347884204E-17));
#2842=DIRECTION('center_axis',(1.86699122282126E-17,1.,0.));
#2843=DIRECTION('ref_axis',(1.,-1.86699122282126E-17,0.));
#2844=DIRECTION('',(1.,7.40148683083438E-16,0.));
#2845=DIRECTION('center_axis',(1.86699122282126E-17,1.,0.));
#2846=DIRECTION('ref_axis',(1.,0.,-2.33985046613212E-16));
#2847=DIRECTION('',(0.,0.,-1.));
#2848=DIRECTION('',(0.994131824868153,-1.85603539135612E-17,-0.108175388995446));
#2849=DIRECTION('',(1.,7.40148683083438E-16,0.));
#2850=DIRECTION('center_axis',(-1.86699122282126E-17,-1.,0.));
#2851=DIRECTION('ref_axis',(1.,0.,0.));
#2852=DIRECTION('center_axis',(0.959705818453864,0.281006658330008,-2.28318749253045E-16));
#2853=DIRECTION('ref_axis',(0.198701713663718,-0.678614492172913,-0.707106781186549));
#2854=DIRECTION('',(0.959705818453864,0.281006658330008,-2.28318749253045E-16));
#2855=DIRECTION('center_axis',(-0.910102776875886,-0.41438259558384,0.));
#2856=DIRECTION('ref_axis',(-0.41438259558384,0.910102776875886,1.60855311153796E-15));
#2857=DIRECTION('',(-0.959705818453864,-0.281006658330008,2.28318749253045E-16));
#2858=DIRECTION('center_axis',(0.,1.,0.));
#2859=DIRECTION('ref_axis',(-1.,0.,0.));
#2860=DIRECTION('center_axis',(0.,1.,0.));
#2861=DIRECTION('ref_axis',(-1.,0.,0.));
#2862=DIRECTION('center_axis',(0.,1.,0.));
#2863=DIRECTION('ref_axis',(-1.,0.,0.));
#2864=DIRECTION('center_axis',(0.,0.,-1.));
#2865=DIRECTION('ref_axis',(1.,0.,0.));
#2866=DIRECTION('center_axis',(0.,1.,0.));
#2867=DIRECTION('ref_axis',(1.,0.,0.));
#2868=DIRECTION('center_axis',(0.,1.,0.));
#2869=DIRECTION('ref_axis',(1.,0.,0.));
#2870=DIRECTION('center_axis',(0.,1.,0.));
#2871=DIRECTION('ref_axis',(1.,0.,0.));
#2872=DIRECTION('',(0.,1.,0.));
#2873=DIRECTION('center_axis',(0.,-1.,0.));
#2874=DIRECTION('ref_axis',(1.,0.,0.));
#2875=DIRECTION('center_axis',(-0.842070515948403,-0.539367450047173,2.00332730392265E-16));
#2876=DIRECTION('ref_axis',(0.381390381479652,-0.59543377206437,-0.707106781186548));
#2877=DIRECTION('',(0.842070515948403,0.539367450047173,-2.00332730392265E-16));
#2878=DIRECTION('center_axis',(-1.,2.77555756156289E-16,2.77555756156289E-16));
#2879=DIRECTION('ref_axis',(-2.06582588557897E-16,-1.,1.16860759395488E-16));
#2880=DIRECTION('',(-0.842070515948403,-0.539367450047173,2.00332730392265E-16));
#2881=DIRECTION('center_axis',(0.,0.,-1.));
#2882=DIRECTION('ref_axis',(0.994370755444164,-0.105956598272132,0.));
#2883=DIRECTION('center_axis',(0.,0.,1.));
#2884=DIRECTION('ref_axis',(0.994370755444164,-0.105956598272132,0.));
#2885=DIRECTION('',(0.,0.,1.));
#2886=DIRECTION('center_axis',(2.37904933848248E-16,0.,1.));
#2887=DIRECTION('ref_axis',(0.994370755444164,-0.105956598272132,0.));
#2888=DIRECTION('center_axis',(0.281006658330008,-0.959705818453864,0.));
#2889=DIRECTION('ref_axis',(0.,0.,-1.));
#2890=DIRECTION('',(0.,0.,1.));
#2891=DIRECTION('',(-0.954515203044679,-0.279486820205904,0.103864548753501));
#2892=DIRECTION('center_axis',(0.,1.,0.));
#2893=DIRECTION('ref_axis',(1.,0.,0.));
#2894=DIRECTION('center_axis',(2.22044604925031E-16,1.,0.));
#2895=DIRECTION('ref_axis',(1.,0.,0.));
#2896=DIRECTION('',(0.,1.,0.));
#2897=DIRECTION('center_axis',(0.,1.,0.));
#2898=DIRECTION('ref_axis',(1.,0.,0.));
#2899=DIRECTION('center_axis',(0.,-1.,0.));
#2900=DIRECTION('ref_axis',(1.,0.,0.));
#2901=DIRECTION('',(1.,0.,0.));
#2902=DIRECTION('',(1.,0.,0.));
#2903=DIRECTION('',(1.,0.,0.));
#2904=DIRECTION('',(1.,0.,0.));
#2905=DIRECTION('',(1.,0.,0.));
#2906=DIRECTION('',(1.,0.,0.));
#2907=DIRECTION('',(1.,0.,0.));
#2908=DIRECTION('',(1.,0.,0.));
#2909=DIRECTION('',(1.,0.,0.));
#2910=DIRECTION('',(1.,0.,0.));
#2911=DIRECTION('',(1.,0.,0.));
#2912=DIRECTION('',(1.,0.,0.));
#2913=DIRECTION('',(1.,0.,0.));
#2914=DIRECTION('',(1.,0.,0.));
#2915=DIRECTION('',(1.,0.,0.));
#2916=DIRECTION('',(1.,0.,0.));
#2917=DIRECTION('',(1.,0.,0.));
#2918=DIRECTION('',(1.,0.,0.));
#2919=DIRECTION('',(1.,0.,0.));
#2920=DIRECTION('',(1.,0.,0.));
#2921=DIRECTION('center_axis',(-1.,2.22044604925031E-16,2.22044604925031E-16));
#2922=DIRECTION('ref_axis',(-2.22044604925031E-16,-1.,0.));
#2923=DIRECTION('center_axis',(0.,-0.999999781438721,0.000661152411274593));
#2924=DIRECTION('ref_axis',(-2.22191361720635E-16,-0.000661152411274593,
-0.999999781438721));
#2925=DIRECTION('',(-2.22191361720635E-16,-0.000661152411274593,-0.999999781438721));
#2926=DIRECTION('',(1.,0.,0.));
#2927=DIRECTION('',(-2.22191361720635E-16,-0.000661152411274593,-0.999999781438721));
#2928=DIRECTION('',(1.,0.,0.));
#2929=DIRECTION('center_axis',(0.,0.000661152411273008,0.999999781438721));
#2930=DIRECTION('ref_axis',(-2.21897751068722E-16,-0.999999781438721,0.000661152411273008));
#2931=DIRECTION('',(-2.21897751068722E-16,-0.999999781438721,0.000661152411273008));
#2932=DIRECTION('',(1.,0.,0.));
#2933=DIRECTION('',(-2.21897751068722E-16,-0.99999978143872,0.000661152411273008));
#2934=DIRECTION('center_axis',(0.,0.999999781438721,-0.000661152411274593));
#2935=DIRECTION('ref_axis',(2.22191361720635E-16,0.000661152411274593,0.999999781438721));
#2936=DIRECTION('',(2.22191361720635E-16,0.000661152411274593,0.999999781438721));
#2937=DIRECTION('',(1.,0.,0.));
#2938=DIRECTION('',(2.22191361720635E-16,0.000661152411274593,0.999999781438721));
#2939=DIRECTION('center_axis',(0.,-0.000661152411273008,-0.999999781438721));
#2940=DIRECTION('ref_axis',(2.21897751068722E-16,0.999999781438721,-0.000661152411273008));
#2941=DIRECTION('',(2.21897751068722E-16,0.999999781438721,-0.000661152411273008));
#2942=DIRECTION('',(2.21897751068722E-16,0.99999978143872,-0.000661152411273008));
#2943=DIRECTION('center_axis',(1.,0.,0.));
#2944=DIRECTION('ref_axis',(0.,0.,-1.));
#2945=DIRECTION('',(1.,0.,0.));
#2946=DIRECTION('',(1.,0.,0.));
#2947=DIRECTION('',(1.,0.,0.));
#2948=DIRECTION('',(1.,0.,0.));
#2949=DIRECTION('center_axis',(0.,-0.000661152411273691,-0.999999781438721));
#2950=DIRECTION('ref_axis',(2.21897751068722E-16,0.99999978143872,-0.000661152411273691));
#2951=DIRECTION('',(2.21897751068722E-16,0.99999978143872,-0.000661152411273691));
#2952=DIRECTION('',(1.,0.,0.));
#2953=DIRECTION('',(2.21897751068722E-16,0.99999978143872,-0.000661152411273691));
#2954=DIRECTION('',(1.,0.,0.));
#2955=DIRECTION('',(1.,0.,0.));
#2956=DIRECTION('',(1.,0.,0.));
#2957=DIRECTION('center_axis',(0.,-0.999999781438721,0.00066115241127014));
#2958=DIRECTION('ref_axis',(-2.22191361720634E-16,-0.00066115241127014,
-0.999999781438721));
#2959=DIRECTION('',(-2.22191361720634E-16,-0.00066115241127014,-0.999999781438721));
#2960=DIRECTION('',(1.,0.,0.));
#2961=DIRECTION('',(-2.22191361720634E-16,-0.00066115241127014,-0.99999978143872));
#2962=DIRECTION('center_axis',(0.,0.000661152411273375,0.999999781438721));
#2963=DIRECTION('ref_axis',(-2.21897751068722E-16,-0.999999781438721,0.000661152411273375));
#2964=DIRECTION('',(-2.21897751068722E-16,-0.999999781438721,0.000661152411273375));
#2965=DIRECTION('',(1.,0.,0.));
#2966=DIRECTION('',(-2.21897751068722E-16,-0.99999978143872,0.000661152411273375));
#2967=DIRECTION('center_axis',(0.,0.999999781438721,-0.000661152411269381));
#2968=DIRECTION('ref_axis',(2.22191361720634E-16,0.000661152411269381,0.999999781438721));
#2969=DIRECTION('',(2.22191361720634E-16,0.000661152411269381,0.999999781438721));
#2970=DIRECTION('',(1.,0.,0.));
#2971=DIRECTION('',(2.22191361720634E-16,0.000661152411269381,0.999999781438721));
#2972=DIRECTION('center_axis',(0.,-0.000661152411273544,-0.999999781438721));
#2973=DIRECTION('ref_axis',(2.21897751068722E-16,0.999999781438721,-0.000661152411273544));
#2974=DIRECTION('',(2.21897751068722E-16,0.99999978143872,-0.000661152411273543));
#2975=DIRECTION('',(2.21897751068722E-16,0.99999978143872,-0.000661152411273543));
#2976=DIRECTION('center_axis',(-1.,2.22044604925031E-16,2.22044604925031E-16));
#2977=DIRECTION('ref_axis',(-2.22044604925031E-16,-1.,0.));
#2978=DIRECTION('center_axis',(0.,-0.000661152411273738,-0.999999781438721));
#2979=DIRECTION('ref_axis',(2.21897751068722E-16,0.999999781438721,-0.000661152411273738));
#2980=DIRECTION('',(2.21897751068722E-16,0.999999781438721,-0.000661152411273738));
#2981=DIRECTION('',(1.,0.,0.));
#2982=DIRECTION('',(2.21897751068722E-16,0.99999978143872,-0.000661152411273738));
#2983=DIRECTION('',(1.,0.,0.));
#2984=DIRECTION('',(1.,0.,0.));
#2985=DIRECTION('',(1.,0.,0.));
#2986=DIRECTION('',(1.,0.,0.));
#2987=DIRECTION('',(1.,0.,0.));
#2988=DIRECTION('',(1.,0.,0.));
#2989=DIRECTION('center_axis',(0.,0.00066115241127352,0.999999781438721));
#2990=DIRECTION('ref_axis',(-2.21897751068722E-16,-0.999999781438721,0.00066115241127352));
#2991=DIRECTION('',(-2.21897751068722E-16,-0.999999781438721,0.00066115241127352));
#2992=DIRECTION('',(1.,0.,0.));
#2993=DIRECTION('',(-2.21897751068722E-16,-0.99999978143872,0.00066115241127352));
#2994=DIRECTION('center_axis',(0.,-0.999999781438721,0.000661152411277392));
#2995=DIRECTION('ref_axis',(-2.22191361720636E-16,-0.000661152411277392,
-0.999999781438721));
#2996=DIRECTION('',(-2.22191361720636E-16,-0.000661152411277392,-0.999999781438721));
#2997=DIRECTION('',(-2.22191361720636E-16,-0.000661152411277392,-0.99999978143872));
#2998=DIRECTION('center_axis',(0.,-0.999999781438721,0.000661152411275103));
#2999=DIRECTION('ref_axis',(-2.22191361720635E-16,-0.000661152411275103,
-0.999999781438721));
#3000=DIRECTION('',(-2.22191361720635E-16,-0.000661152411275103,-0.999999781438721));
#3001=DIRECTION('',(1.,0.,0.));
#3002=DIRECTION('',(-2.22191361720635E-16,-0.000661152411275103,-0.99999978143872));
#3003=DIRECTION('',(1.,0.,0.));
#3004=DIRECTION('center_axis',(0.,-0.000661152411273525,-0.999999781438721));
#3005=DIRECTION('ref_axis',(2.21897751068722E-16,0.999999781438721,-0.000661152411273525));
#3006=DIRECTION('',(2.21897751068722E-16,0.999999781438721,-0.000661152411273525));
#3007=DIRECTION('',(1.,0.,0.));
#3008=DIRECTION('',(2.21897751068722E-16,0.99999978143872,-0.000661152411273525));
#3009=DIRECTION('',(1.,0.,0.));
#3010=DIRECTION('',(1.,0.,0.));
#3011=DIRECTION('',(1.,0.,0.));
#3012=DIRECTION('',(1.,0.,0.));
#3013=DIRECTION('center_axis',(0.,0.843420576915028,-0.537253878940228));
#3014=DIRECTION('ref_axis',(3.06571314080463E-16,0.537253878940228,0.843420576915028));
#3015=DIRECTION('',(3.06571314080463E-16,0.537253878940228,0.843420576915028));
#3016=DIRECTION('',(1.,0.,0.));
#3017=DIRECTION('',(3.06571314080463E-16,0.537253878940228,0.843420576915028));
#3018=DIRECTION('center_axis',(0.,-0.000661152411273458,-0.999999781438721));
#3019=DIRECTION('ref_axis',(2.21897751068722E-16,0.999999781438721,-0.000661152411273458));
#3020=DIRECTION('',(2.21897751068722E-16,0.999999781438721,-0.000661152411273458));
#3021=DIRECTION('',(1.,0.,0.));
#3022=DIRECTION('',(2.21897751068722E-16,0.999999781438721,-0.000661152411273458));
#3023=DIRECTION('center_axis',(0.,-0.842260376955128,0.539070920576696));
#3024=DIRECTION('ref_axis',(-3.06717162231035E-16,-0.539070920576696,-0.842260376955128));
#3025=DIRECTION('',(-3.06717162231035E-16,-0.539070920576696,-0.842260376955128));
#3026=DIRECTION('',(1.,0.,0.));
#3027=DIRECTION('',(-3.06717162231035E-16,-0.539070920576696,-0.842260376955128));
#3028=DIRECTION('',(1.,0.,0.));
#3029=DIRECTION('',(1.,0.,0.));
#3030=DIRECTION('',(1.,0.,0.));
#3031=DIRECTION('',(1.,0.,0.));
#3032=DIRECTION('',(1.,0.,0.));
#3033=DIRECTION('',(1.,0.,0.));
#3034=DIRECTION('',(1.,0.,0.));
#3035=DIRECTION('center_axis',(0.,0.000661152411273413,0.999999781438721));
#3036=DIRECTION('ref_axis',(-2.21897751068722E-16,-0.999999781438721,0.000661152411273413));
#3037=DIRECTION('',(-2.21897751068722E-16,-0.999999781438721,0.000661152411273413));
#3038=DIRECTION('',(1.,0.,0.));
#3039=DIRECTION('',(-2.21897751068722E-16,-0.999999781438721,0.000661152411273413));
#3040=DIRECTION('center_axis',(0.,0.999999781438721,-0.000661152411275623));
#3041=DIRECTION('ref_axis',(2.22191361720635E-16,0.000661152411275623,0.999999781438721));
#3042=DIRECTION('',(2.22191361720635E-16,0.000661152411275623,0.999999781438721));
#3043=DIRECTION('',(1.,0.,0.));
#3044=DIRECTION('',(2.22191361720635E-16,0.000661152411275623,0.999999781438721));
#3045=DIRECTION('center_axis',(0.,-0.000661152411273529,-0.999999781438721));
#3046=DIRECTION('ref_axis',(2.21897751068722E-16,0.999999781438721,-0.000661152411273529));
#3047=DIRECTION('',(2.21897751068722E-16,0.999999781438721,-0.000661152411273529));
#3048=DIRECTION('',(2.21897751068722E-16,0.99999978143872,-0.000661152411273529));
#3049=DIRECTION('center_axis',(-1.,2.22044604925031E-16,2.22044604925031E-16));
#3050=DIRECTION('ref_axis',(-2.22044604925031E-16,-1.,0.));
#3051=DIRECTION('center_axis',(-1.,2.22044604925031E-16,2.22044604925031E-16));
#3052=DIRECTION('ref_axis',(-2.22044604925031E-16,-1.,0.));
#3053=DIRECTION('center_axis',(-1.,2.22044604925031E-16,2.22044604925031E-16));
#3054=DIRECTION('ref_axis',(-2.22044604925031E-16,-1.,0.));
#3055=DIRECTION('center_axis',(0.108175388995446,8.00658717070178E-17,0.994131824868153));
#3056=DIRECTION('ref_axis',(0.994131824868153,0.,-0.108175388995446));
#3057=DIRECTION('',(0.705022910062736,0.705022910062737,-0.0767163123028006));
#3058=DIRECTION('',(4.02382180053312E-16,-1.,-1.38650598775124E-31));
#3059=DIRECTION('',(0.838557661772412,0.537117378154847,-0.0912467531852458));
#3060=DIRECTION('center_axis',(0.,0.,-1.));
#3061=DIRECTION('ref_axis',(-1.,0.,0.));
#3062=DIRECTION('center_axis',(-2.22044604925031E-16,4.93038065763132E-32,
-1.));
#3063=DIRECTION('ref_axis',(-1.,0.,0.));
#3064=DIRECTION('',(0.,0.,-1.));
#3065=DIRECTION('center_axis',(2.22044604925031E-16,-4.93038065763132E-32,
1.));
#3066=DIRECTION('ref_axis',(-1.,0.,0.));
#3067=DIRECTION('center_axis',(1.40675736589231E-16,0.108175388995447,0.994131824868153));
#3068=DIRECTION('ref_axis',(1.,0.,-1.4150611927939E-16));
#3069=DIRECTION('',(-1.96721846784144E-16,-0.994131824868153,0.108175388995447));
#3070=DIRECTION('',(1.,7.40148683083438E-16,0.));
#3071=DIRECTION('center_axis',(-0.707106781186548,0.707106781186547,1.57009245868377E-16));
#3072=DIRECTION('ref_axis',(-0.707106781186547,-0.707106781186548,1.77635683940025E-16));
#3073=DIRECTION('',(0.707106781186547,0.707106781186548,-1.77635683940025E-16));
#3074=DIRECTION('',(-2.22044604925031E-16,4.93038065763132E-32,-1.));
#3075=DIRECTION('',(-0.707106781186548,-0.707106781186547,1.77635683940025E-16));
#3076=DIRECTION('center_axis',(2.22044604925031E-16,-4.93038065763132E-32,
1.));
#3077=DIRECTION('ref_axis',(1.,0.,-2.22044604925031E-16));
#3078=DIRECTION('center_axis',(-2.22044604925031E-16,4.93038065763132E-32,
-1.));
#3079=DIRECTION('ref_axis',(-1.,0.,2.22044604925031E-16));
#3080=DIRECTION('',(2.22044604925031E-16,1.,0.));
#3081=DIRECTION('center_axis',(0.,0.,1.));
#3082=DIRECTION('ref_axis',(1.,0.,0.));
#3083=DIRECTION('center_axis',(2.22044604925031E-16,-4.93038065763132E-32,
1.));
#3084=DIRECTION('ref_axis',(1.,0.,0.));
#3085=DIRECTION('',(0.,0.,1.));
#3086=DIRECTION('center_axis',(0.,0.,1.));
#3087=DIRECTION('ref_axis',(1.,0.,0.));
#3088=DIRECTION('center_axis',(0.,0.,-1.));
#3089=DIRECTION('ref_axis',(1.,0.,0.));
#3090=DIRECTION('center_axis',(0.,0.,1.));
#3091=DIRECTION('ref_axis',(1.,0.,0.));
#3092=DIRECTION('center_axis',(2.22044604925031E-16,-4.93038065763132E-32,
1.));
#3093=DIRECTION('ref_axis',(1.,0.,0.));
#3094=DIRECTION('',(0.,0.,1.));
#3095=DIRECTION('center_axis',(0.,0.,1.));
#3096=DIRECTION('ref_axis',(1.,0.,0.));
#3097=DIRECTION('center_axis',(0.,0.,-1.));
#3098=DIRECTION('ref_axis',(1.,0.,0.));
#3099=DIRECTION('center_axis',(0.,0.,1.));
#3100=DIRECTION('ref_axis',(1.,0.,0.));
#3101=DIRECTION('center_axis',(2.22044604925031E-16,-4.93038065763132E-32,
1.));
#3102=DIRECTION('ref_axis',(1.,0.,0.));
#3103=DIRECTION('',(0.,0.,1.));
#3104=DIRECTION('center_axis',(0.,0.,1.));
#3105=DIRECTION('ref_axis',(1.,0.,0.));
#3106=DIRECTION('center_axis',(0.,0.,-1.));
#3107=DIRECTION('ref_axis',(1.,0.,0.));
#3108=DIRECTION('center_axis',(0.,0.,-1.));
#3109=DIRECTION('ref_axis',(-1.,0.,0.));
#3110=DIRECTION('center_axis',(-2.32507439712075E-16,4.84003336809358E-32,
-1.));
#3111=DIRECTION('ref_axis',(-1.,0.,0.));
#3112=DIRECTION('',(0.,0.,-1.));
#3113=DIRECTION('center_axis',(2.37904933848248E-16,0.,1.));
#3114=DIRECTION('ref_axis',(-1.,0.,0.));
#3115=DIRECTION('center_axis',(0.,0.,-1.));
#3116=DIRECTION('ref_axis',(-1.,0.,0.));
#3117=DIRECTION('center_axis',(-2.32507439712075E-16,4.84003336809358E-32,
-1.));
#3118=DIRECTION('ref_axis',(-1.,0.,0.));
#3119=DIRECTION('',(0.,0.,-1.));
#3120=DIRECTION('center_axis',(2.37904933848248E-16,0.,1.));
#3121=DIRECTION('ref_axis',(-1.,0.,0.));
#3122=DIRECTION('center_axis',(0.,0.,-1.));
#3123=DIRECTION('ref_axis',(-1.,0.,0.));
#3124=DIRECTION('',(0.,0.,-1.));
#3125=DIRECTION('center_axis',(2.32507439712075E-16,-4.84003336809358E-32,
1.));
#3126=DIRECTION('ref_axis',(-1.,0.,0.));
#3127=DIRECTION('center_axis',(0.,0.,-1.));
#3128=DIRECTION('ref_axis',(-1.,0.,0.));
#3129=DIRECTION('',(0.,0.,-1.));
#3130=DIRECTION('center_axis',(2.32507439712075E-16,-4.84003336809358E-32,
1.));
#3131=DIRECTION('ref_axis',(-1.,0.,0.));
#3132=DIRECTION('center_axis',(1.,-2.08166817117217E-16,-2.77555756156289E-16));
#3133=DIRECTION('ref_axis',(2.08166817117217E-16,1.,0.));
#3134=DIRECTION('',(0.,1.,0.));
#3135=DIRECTION('center_axis',(-1.,2.08166817117217E-16,2.77555756156289E-16));
#3136=DIRECTION('ref_axis',(2.08166817117217E-16,1.,0.));
#3137=DIRECTION('center_axis',(-1.,1.85037170770859E-16,3.70074341541719E-16));
#3138=DIRECTION('ref_axis',(1.85037170770859E-16,1.,8.55968864172107E-33));
#3139=DIRECTION('center_axis',(-1.,0.,2.32507439712075E-16));
#3140=DIRECTION('ref_axis',(1.85037170770859E-16,1.,8.55968864172107E-33));
#3141=DIRECTION('',(-1.,1.85037170770859E-16,3.70074341541719E-16));
#3142=DIRECTION('center_axis',(-1.,2.08166817117217E-16,2.77555756156289E-16));
#3143=DIRECTION('ref_axis',(2.08166817117217E-16,1.,0.));
#3144=DIRECTION('center_axis',(1.,-2.08166817117217E-16,-2.77555756156289E-16));
#3145=DIRECTION('ref_axis',(2.08166817117217E-16,1.,0.));
#3146=DIRECTION('',(0.,-1.,0.));
#3147=DIRECTION('center_axis',(2.32507439712075E-16,-4.84003336809358E-32,
1.));
#3148=DIRECTION('ref_axis',(2.08166817117217E-16,1.,-3.1177655819061E-63));
#3149=DIRECTION('',(2.77555756156289E-16,1.,-1.61334445603119E-32));
#3150=DIRECTION('',(-1.,0.,2.32507439712075E-16));
#3151=DIRECTION('',(2.08166817117217E-16,1.,-3.1177655819061E-63));
#3152=DIRECTION('',(-1.,0.,2.32507439712075E-16));
#3153=DIRECTION('center_axis',(-1.34337912130288E-47,-1.,-5.77778983316171E-32));
#3154=DIRECTION('ref_axis',(2.77555756156289E-16,-5.77778983316171E-32,
1.));
#3155=DIRECTION('',(2.77555756156289E-16,-5.77778983316171E-32,1.));
#3156=DIRECTION('',(-1.,0.,2.32507439712075E-16));
#3157=DIRECTION('',(2.77555756156289E-16,-5.77778983316171E-32,1.));
#3158=DIRECTION('center_axis',(-2.32507439712075E-16,4.84003336809358E-32,
-1.));
#3159=DIRECTION('ref_axis',(-2.08166817117217E-16,-1.,0.));
#3160=DIRECTION('',(-2.77555756156289E-16,-1.,1.61334445603119E-32));
#3161=DIRECTION('',(-1.,0.,2.32507439712075E-16));
#3162=DIRECTION('',(-2.08166817117217E-16,-1.,0.));
#3163=DIRECTION('center_axis',(1.34337912130288E-47,1.,5.77778983316171E-32));
#3164=DIRECTION('ref_axis',(-2.77555756156289E-16,5.77778983316171E-32,
-1.));
#3165=DIRECTION('',(-2.77555756156289E-16,5.77778983316171E-32,-1.));
#3166=DIRECTION('',(-2.77555756156289E-16,5.77778983316171E-32,-1.));
#3167=DIRECTION('center_axis',(-1.,0.,2.32507439712075E-16));
#3168=DIRECTION('ref_axis',(2.32507439712075E-16,0.,1.));
#3169=DIRECTION('center_axis',(-0.539367450047173,0.842070515948403,0.));
#3170=DIRECTION('ref_axis',(0.842070515948403,0.539367450047173,0.));
#3171=DIRECTION('',(0.,0.,1.));
#3172=DIRECTION('center_axis',(-1.,2.22044604925031E-16,2.22044604925031E-16));
#3173=DIRECTION('ref_axis',(-2.22044604925031E-16,-1.,0.));
#3174=DIRECTION('',(2.22044604925031E-16,-4.93038065763132E-32,1.));
#3175=DIRECTION('',(2.22044604925031E-16,1.,0.));
#3176=DIRECTION('',(-2.22044604925031E-16,4.93038065763132E-32,-1.));
#3177=DIRECTION('',(0.,-1.,0.));
#3178=DIRECTION('center_axis',(1.,-2.77555756156289E-16,-2.77555756156289E-16));
#3179=DIRECTION('ref_axis',(-2.77555756156289E-16,0.,-1.));
#3180=DIRECTION('',(0.,1.,0.));
#3181=DIRECTION('',(-2.22044604925031E-16,4.93038065763132E-32,-1.));
#3182=DIRECTION('',(2.22044604925031E-16,1.,0.));
#3183=DIRECTION('',(2.22044604925031E-16,-4.93038065763132E-32,1.));
#3184=DIRECTION('center_axis',(2.22044604925031E-16,1.,0.));
#3185=DIRECTION('ref_axis',(2.22044604925031E-16,-4.93038065763132E-32,
1.));
#3186=DIRECTION('',(1.,-2.22044604925031E-16,-2.22044604925031E-16));
#3187=DIRECTION('center_axis',(-5.66985192384692E-6,0.999999999982756,-1.52969191147194E-6));
#3188=DIRECTION('ref_axis',(0.981931178076497,5.85688078668411E-6,0.189238372131551));
#3189=DIRECTION('center_axis',(4.11170313634599E-10,1.,3.98916727725366E-10));
#3190=DIRECTION('ref_axis',(0.923879529314583,-5.32530311991511E-10,0.382683440082616));
#3191=DIRECTION('center_axis',(3.59471132933125E-6,0.999999999904774,1.33240425543516E-5));
#3192=DIRECTION('ref_axis',(0.330320772496125,-1.37635550020906E-5,0.943868734024032));
#3193=DIRECTION('center_axis',(2.22044604925031E-16,1.,0.));
#3194=DIRECTION('ref_axis',(-1.,2.22044604925031E-16,2.22044604925031E-16));
#3195=DIRECTION('center_axis',(0.,-1.,0.));
#3196=DIRECTION('ref_axis',(1.,0.,0.));
#3197=DIRECTION('',(0.,1.,0.));
#3198=DIRECTION('center_axis',(-2.37904933848248E-16,0.,-1.));
#3199=DIRECTION('ref_axis',(1.,0.,-2.37904933848248E-16));
#3200=DIRECTION('',(-1.,2.22044604925031E-16,2.37904933848248E-16));
#3201=DIRECTION('center_axis',(2.22044604925031E-16,-4.93038065763132E-32,
1.));
#3202=DIRECTION('ref_axis',(-1.,2.22044604925031E-16,2.22044604925031E-16));
#3203=DIRECTION('',(1.,-2.77555756156289E-16,-2.77555756156289E-16));
#3204=DIRECTION('center_axis',(-2.22044604925031E-16,-1.,0.));
#3205=DIRECTION('ref_axis',(2.22044604925031E-16,-4.93038065763132E-32,
1.));
#3206=DIRECTION('center_axis',(2.22044604925031E-16,1.,0.));
#3207=DIRECTION('ref_axis',(1.,-2.22044604925031E-16,-2.22044604925031E-16));
#3208=DIRECTION('center_axis',(2.22044604925031E-16,1.,0.));
#3209=DIRECTION('ref_axis',(-1.,2.22044604925031E-16,2.22044604925031E-16));
#3210=DIRECTION('',(-0.86602540378614,0.499999999997054,8.62387447660351E-17));
#3211=DIRECTION('center_axis',(2.22044604925031E-16,1.,0.));
#3212=DIRECTION('ref_axis',(-1.,2.22044604925031E-16,2.22044604925031E-16));
#3213=DIRECTION('center_axis',(2.22044604925031E-16,1.,0.));
#3214=DIRECTION('ref_axis',(1.,-2.22044604925031E-16,-2.22044604925031E-16));
#3215=DIRECTION('center_axis',(2.22044604925031E-16,1.,0.));
#3216=DIRECTION('ref_axis',(1.,-2.22044604925031E-16,-2.22044604925031E-16));
#3217=DIRECTION('',(-0.857167300714136,0.515038074890043,8.53566555263915E-17));
#3218=DIRECTION('center_axis',(-2.22044604925031E-16,-1.,0.));
#3219=DIRECTION('ref_axis',(1.,-2.22044604925031E-16,-2.22044604925031E-16));
#3220=DIRECTION('center_axis',(-2.22044604925031E-16,-1.,0.));
#3221=DIRECTION('ref_axis',(1.,-2.22044604925031E-16,-2.22044604925031E-16));
#3222=DIRECTION('',(2.22044604925031E-16,1.,0.));
#3223=DIRECTION('center_axis',(-2.22044604925031E-16,-1.,0.));
#3224=DIRECTION('ref_axis',(1.,-2.22044604925031E-16,-2.22044604925031E-16));
#3225=DIRECTION('center_axis',(2.22044604925031E-16,1.,0.));
#3226=DIRECTION('ref_axis',(-1.,2.22044604925031E-16,2.22044604925031E-16));
#3227=DIRECTION('',(-0.866025403788329,-0.499999999993262,1.9229626863922E-16));
#3228=DIRECTION('center_axis',(-2.22044604925031E-16,-1.,0.));
#3229=DIRECTION('ref_axis',(0.923879532511287,-2.05142465794791E-16,0.38268343236509));
#3230=CARTESIAN_POINT('',(0.,0.,0.));
#3231=CARTESIAN_POINT('Origin',(26.1875000013333,33.8143829384525,12.8768829371192));
#3232=CARTESIAN_POINT('',(21.6875000013333,32.5643829357525,12.8768829371192));
#3233=CARTESIAN_POINT('',(21.6875000013333,32.8143829384525,12.8768829371192));
#3234=CARTESIAN_POINT('',(21.6875000013333,33.8143829384525,12.8768829371192));
#3235=CARTESIAN_POINT('',(26.1874999151402,33.3143829385711,17.3768829371524));
#3236=CARTESIAN_POINT('Ctrl Pts',(26.1874999151426,33.3143829386425,17.3768829371192));
#3237=CARTESIAN_POINT('Ctrl Pts',(26.650435434484,33.2988603661682,17.376882945986));
#3238=CARTESIAN_POINT('Ctrl Pts',(27.1106495292742,33.2824368944414,17.3054480732472));
#3239=CARTESIAN_POINT('Ctrl Pts',(27.9988715820576,33.248729036015,17.022839993192));
#3240=CARTESIAN_POINT('Ctrl Pts',(28.4208949563386,33.2316443680429,16.8115984533511));
#3241=CARTESIAN_POINT('Ctrl Pts',(29.2725880383956,33.1946392542665,16.2033992522897));
#3242=CARTESIAN_POINT('Ctrl Pts',(29.6735617230853,33.1758250417627,15.780475836016));
#3243=CARTESIAN_POINT('Ctrl Pts',(30.3012539568782,33.1340428740739,14.794389154199));
#3244=CARTESIAN_POINT('Ctrl Pts',(30.5173945650486,33.1123747102264,14.2376997170793));
#3245=CARTESIAN_POINT('Ctrl Pts',(30.7196271230409,33.0709492614761,13.0860204308515));
#3246=CARTESIAN_POINT('Ctrl Pts',(30.7090130394042,33.0521431217425,12.5029393635661));
#3247=CARTESIAN_POINT('Ctrl Pts',(30.4651056619965,33.0104278645631,11.3598792871137));
#3248=CARTESIAN_POINT('Ctrl Pts',(30.2291445564239,32.9887750961108,10.8118589117535));
#3249=CARTESIAN_POINT('Ctrl Pts',(29.5661265621578,32.9472744359521,9.84880014505544));
#3250=CARTESIAN_POINT('Ctrl Pts',(29.1494666702993,32.9284674341763,9.44014672185234));
#3251=CARTESIAN_POINT('Ctrl Pts',(28.1741491432786,32.8868208303201,8.7962160444033));
#3252=CARTESIAN_POINT('Ctrl Pts',(27.622171536818,32.8651850798723,8.5710338355031));
#3253=CARTESIAN_POINT('Ctrl Pts',(26.4742867572079,32.8236103551681,8.34889265947441));
#3254=CARTESIAN_POINT('Ctrl Pts',(25.890194597424,32.8047933947915,8.34957114807316));
#3255=CARTESIAN_POINT('Ctrl Pts',(24.7433234433407,32.7632169733542,8.5742815967783));
#3256=CARTESIAN_POINT('Ctrl Pts',(24.1923120182199,32.7415998247059,8.80045704358473));
#3257=CARTESIAN_POINT('Ctrl Pts',(23.2178833273034,32.6999524380815,9.44658991818482));
#3258=CARTESIAN_POINT('Ctrl Pts',(22.80145450755,32.6811164271821,9.85691113670012));
#3259=CARTESIAN_POINT('Ctrl Pts',(22.1412781834994,32.6396114626567,10.8212753335043));
#3260=CARTESIAN_POINT('Ctrl Pts',(21.9071000594214,32.6180144392106,11.3683717399457));
#3261=CARTESIAN_POINT('Ctrl Pts',(21.7200413604991,32.5857839463891,12.2521116119014));
#3262=CARTESIAN_POINT('Ctrl Pts',(21.6875000013333,32.5748598632558,12.5644255837157));
#3263=CARTESIAN_POINT('Ctrl Pts',(21.6875000013333,32.5643829357525,12.8768829371192));
#3264=CARTESIAN_POINT('',(30.6875000013333,33.3143829384525,12.8768829371192));
#3265=CARTESIAN_POINT('Origin',(26.1875000013333,33.3143829384525,12.8768829371192));
#3266=CARTESIAN_POINT('Ctrl Pts',(21.6875000013333,32.8143829384525,12.8768829371192));
#3267=CARTESIAN_POINT('Ctrl Pts',(21.6875000013333,32.8156172057543,12.840072918687));
#3268=CARTESIAN_POINT('Ctrl Pts',(21.6879516590468,32.8168583631338,12.8032444976241));
#3269=CARTESIAN_POINT('Ctrl Pts',(21.7035950841232,32.8384348051574,12.1662418626524));
#3270=CARTESIAN_POINT('Ctrl Pts',(21.8382864825663,32.8601277015423,11.5750774506258));
#3271=CARTESIAN_POINT('Ctrl Pts',(22.3222672343024,32.9028551455754,10.5012721923513));
#3272=CARTESIAN_POINT('Ctrl Pts',(22.6587248761956,32.9231650305563,10.0253555430157));
#3273=CARTESIAN_POINT('Ctrl Pts',(23.5096973480383,32.963011699974,9.21082462588224));
#3274=CARTESIAN_POINT('Ctrl Pts',(24.0222489314759,32.9847008490384,8.88661487688647));
#3275=CARTESIAN_POINT('Ctrl Pts',(25.1229524271185,33.0274415181733,8.46662000588274));
#3276=CARTESIAN_POINT('Ctrl Pts',(25.697248741179,33.0478007226516,8.36653464069316));
#3277=CARTESIAN_POINT('Ctrl Pts',(26.8752596359895,33.0876174490762,8.38936906438882));
#3278=CARTESIAN_POINT('Ctrl Pts',(27.467416265408,33.1093029706184,8.52113404947074));
#3279=CARTESIAN_POINT('Ctrl Pts',(28.5440998325007,33.1520558486578,8.99999719748685));
#3280=CARTESIAN_POINT('Ctrl Pts',(29.0218391118524,33.1724617229017,9.33425242316659));
#3281=CARTESIAN_POINT('Ctrl Pts',(29.8408153646113,33.212250441846,10.1816552979259));
#3282=CARTESIAN_POINT('Ctrl Pts',(30.1676049933664,33.233932468552,10.692925847405));
#3283=CARTESIAN_POINT('Ctrl Pts',(30.5847412857769,33.2758793220879,11.7711391435971));
#3284=CARTESIAN_POINT('Ctrl Pts',(30.6875000013333,33.2957656595755,12.3216528199287));
#3285=CARTESIAN_POINT('Ctrl Pts',(30.6875000013333,33.3143829384525,12.8768829371197));
#3286=CARTESIAN_POINT('Origin',(26.1875000013333,33.8143829384525,12.8768829371192));
#3287=CARTESIAN_POINT('',(21.6875000013333,31.5643829357525,12.8768829371192));
#3288=CARTESIAN_POINT('',(21.6875000013333,31.8143829384525,12.8768829371192));
#3289=CARTESIAN_POINT('',(21.6875000013333,33.8143829384525,12.8768829371192));
#3290=CARTESIAN_POINT('Ctrl Pts',(21.6875000013333,32.5643829357525,12.8768829371192));
#3291=CARTESIAN_POINT('Ctrl Pts',(21.6875000013333,32.5555072395994,13.1415861651151));
#3292=CARTESIAN_POINT('Ctrl Pts',(21.7108545705679,32.5463044597568,13.4063703537922));
#3293=CARTESIAN_POINT('Ctrl Pts',(21.8611681906919,32.5159995028644,14.2479045525841));
#3294=CARTESIAN_POINT('Ctrl Pts',(22.0775379767893,32.4944240448825,14.8017342589305));
#3295=CARTESIAN_POINT('Ctrl Pts',(22.7067044043173,32.4526366116566,15.7873673448693));
#3296=CARTESIAN_POINT('Ctrl Pts',(23.1106915419126,32.4337355758475,16.211565559889));
#3297=CARTESIAN_POINT('Ctrl Pts',(24.064064917246,32.3923763986758,16.8877793847819));
#3298=CARTESIAN_POINT('Ctrl Pts',(24.6061787116752,32.3708238458801,17.1307847115422));
#3299=CARTESIAN_POINT('Ctrl Pts',(25.7459286323487,32.3289694773127,17.3926995325536));
#3300=CARTESIAN_POINT('Ctrl Pts',(26.3320469343181,32.3100229958764,17.4119344319946));
#3301=CARTESIAN_POINT('Ctrl Pts',(27.4860451909412,32.2687376188793,17.2253855305415));
#3302=CARTESIAN_POINT('Ctrl Pts',(28.0424865116432,32.2472091933111,17.0187070730159));
#3303=CARTESIAN_POINT('Ctrl Pts',(29.0390114510543,32.2052901993095,16.4063635299602));
#3304=CARTESIAN_POINT('Ctrl Pts',(29.4708731648111,32.1862901933022,16.0086256408093));
#3305=CARTESIAN_POINT('Ctrl Pts',(30.1627123630726,32.1450788543866,15.0661335429928));
#3306=CARTESIAN_POINT('Ctrl Pts',(30.414262803937,32.1235756458235,14.5290308623461));
#3307=CARTESIAN_POINT('Ctrl Pts',(30.6955201977204,32.0815944881039,13.3935116170129));
#3308=CARTESIAN_POINT('Ctrl Pts',(30.7244796930699,32.0625334096139,12.8064063328856));
#3309=CARTESIAN_POINT('Ctrl Pts',(30.556402107667,32.0213960699372,11.6491719793687));
#3310=CARTESIAN_POINT('Ctrl Pts',(30.359173285664,31.9999190239395,11.0903488037429));
#3311=CARTESIAN_POINT('Ctrl Pts',(29.7632921957473,31.9578782853975,10.0833740596874));
#3312=CARTESIAN_POINT('Ctrl Pts',(29.3716440765185,31.9387492001897,9.64405016789335));
#3313=CARTESIAN_POINT('Ctrl Pts',(28.4397827296786,31.8976855478282,8.9371794982915));
#3314=CARTESIAN_POINT('Ctrl Pts',(27.9076461857197,31.8762354569257,8.67746421442785));
#3315=CARTESIAN_POINT('Ctrl Pts',(26.7763833914298,31.8341378113435,8.37754371267435));
#3316=CARTESIAN_POINT('Ctrl Pts',(26.1883274709588,31.8149344661279,8.33917043853401));
#3317=CARTESIAN_POINT('Ctrl Pts',(25.0281101131396,31.7739439233138,8.48947704041436));
#3318=CARTESIAN_POINT('Ctrl Pts',(24.4671467643551,31.7525214211762,8.67761186944581));
#3319=CARTESIAN_POINT('Ctrl Pts',(23.4502714160138,31.7103696033275,9.25758849633729));
#3320=CARTESIAN_POINT('Ctrl Pts',(23.0037719580368,31.6910864763745,9.64337323772314));
#3321=CARTESIAN_POINT('Ctrl Pts',(22.2826162204534,31.650168210699,10.5649815938125));
#3322=CARTESIAN_POINT('Ctrl Pts',(22.0151954578428,31.6287737695623,11.0922667600644));
#3323=CARTESIAN_POINT('Ctrl Pts',(21.7440792622245,31.5927595052651,12.0540337181943));
#3324=CARTESIAN_POINT('Ctrl Pts',(21.6875000013333,31.5781975595526,12.4648842104452));
#3325=CARTESIAN_POINT('Ctrl Pts',(21.6875000013333,31.5643829357525,12.8768829371193));
#3326=CARTESIAN_POINT('Ctrl Pts',(21.6875000013333,31.8143829384525,12.8768829371192));
#3327=CARTESIAN_POINT('Ctrl Pts',(21.6875000013333,31.8170792911989,12.796468594009));
#3328=CARTESIAN_POINT('Ctrl Pts',(21.689655461635,31.8198080047213,12.715981964186));
#3329=CARTESIAN_POINT('Ctrl Pts',(21.7260849426699,31.8430540597044,12.0377956996278));
#3330=CARTESIAN_POINT('Ctrl Pts',(21.8771283656988,31.8647781447064,11.4524743680962));
#3331=CARTESIAN_POINT('Ctrl Pts',(22.3897309498583,31.9073530548876,10.3950737355107));
#3332=CARTESIAN_POINT('Ctrl Pts',(22.7386097881823,31.9271760575993,9.92942083363281));
#3333=CARTESIAN_POINT('Ctrl Pts',(23.6095792001909,31.9673419726548,9.14018111484297));
#3334=CARTESIAN_POINT('Ctrl Pts',(24.1291549821305,31.9890624027476,8.8306770471277));
#3335=CARTESIAN_POINT('Ctrl Pts',(25.2380167885336,32.0316617900266,8.44055037428241));
#3336=CARTESIAN_POINT('Ctrl Pts',(25.8137415036305,32.0515536898131,8.35550986930719));
#3337=CARTESIAN_POINT('Ctrl Pts',(26.9882910487052,32.0916713030066,8.40836457780261));
#3338=CARTESIAN_POINT('Ctrl Pts',(27.5754031966757,32.1133879084915,8.55454606226429));
#3339=CARTESIAN_POINT('Ctrl Pts',(28.6377392494811,32.1560100306553,9.05863275076287));
#3340=CARTESIAN_POINT('Ctrl Pts',(29.1064587280269,32.1759688732218,9.40379689499623));
#3341=CARTESIAN_POINT('Ctrl Pts',(29.9033004631795,32.2160406905734,10.2688111374888));
#3342=CARTESIAN_POINT('Ctrl Pts',(30.2172291515674,32.2377533604892,10.7863227468632));
#3343=CARTESIAN_POINT('Ctrl Pts',(30.6163140679817,32.2803965764234,11.8927810457758));
#3344=CARTESIAN_POINT('Ctrl Pts',(30.705869359723,32.3004201798749,12.468075168594));
#3345=CARTESIAN_POINT('Ctrl Pts',(30.662035732735,32.3404486679933,13.6437033573092));
#3346=CARTESIAN_POINT('Ctrl Pts',(30.5201765664354,32.3621573429158,14.2323693519389));
#3347=CARTESIAN_POINT('Ctrl Pts',(30.0236560778926,32.4048201109405,15.2990516241984));
#3348=CARTESIAN_POINT('Ctrl Pts',(29.6817786325526,32.4249061145322,15.7704864741195));
#3349=CARTESIAN_POINT('Ctrl Pts',(28.8220516981783,32.4648936875951,16.5740273114836));
#3350=CARTESIAN_POINT('Ctrl Pts',(28.3063926667896,32.4865983526148,16.8918521662587));
#3351=CARTESIAN_POINT('Ctrl Pts',(27.2020869277453,32.529279227742,17.2988452838093));
#3352=CARTESIAN_POINT('Ctrl Pts',(26.627171323115,32.549425136177,17.3923842329087));
#3353=CARTESIAN_POINT('Ctrl Pts',(25.4506199009994,32.5893741453132,17.3565019752239));
#3354=CARTESIAN_POINT('Ctrl Pts',(24.8606113616441,32.6110748235747,17.218459758195));
#3355=CARTESIAN_POINT('Ctrl Pts',(23.7901229911052,32.6537724544711,16.7286178769605));
#3356=CARTESIAN_POINT('Ctrl Pts',(23.3162983310831,32.673975678387,16.3896311587909));
#3357=CARTESIAN_POINT('Ctrl Pts',(22.5068868737265,32.7138884025821,15.534568160789));
#3358=CARTESIAN_POINT('Ctrl Pts',(22.1856502346298,32.73558514915,15.0205584917027));
#3359=CARTESIAN_POINT('Ctrl Pts',(21.7846714119824,32.7769614529322,13.952668272527));
#3360=CARTESIAN_POINT('Ctrl Pts',(21.6875000013333,32.7962791201467,13.4167999263815));
#3361=CARTESIAN_POINT('Ctrl Pts',(21.6875000013333,32.8143829384525,12.8768829371192));
#3362=CARTESIAN_POINT('Origin',(26.1875000013333,33.8143829384525,12.8768829371192));
#3363=CARTESIAN_POINT('',(21.6875000013333,30.5643829357525,12.8768829371192));
#3364=CARTESIAN_POINT('',(21.6875000013333,30.8143829384525,12.8768829371192));
#3365=CARTESIAN_POINT('',(21.6875000013333,33.8143829384525,12.8768829371192));
#3366=CARTESIAN_POINT('Ctrl Pts',(21.6875000013333,31.5643829357525,12.8768829371193));
#3367=CARTESIAN_POINT('Ctrl Pts',(21.6875000013333,31.5586474427479,13.0479347043569));
#3368=CARTESIAN_POINT('Ctrl Pts',(21.6972524887882,31.5527701681565,13.2191752646624));
#3369=CARTESIAN_POINT('Ctrl Pts',(21.7835276577061,31.5263558205966,13.9712039515957));
#3370=CARTESIAN_POINT('Ctrl Pts',(21.9630197164652,31.5049897515636,14.5340642273228));
#3371=CARTESIAN_POINT('Ctrl Pts',(22.5278194183729,31.4627378978643,15.5602094706792));
#3372=CARTESIAN_POINT('Ctrl Pts',(22.9080238093798,31.4432817216981,16.013526246762));
#3373=CARTESIAN_POINT('Ctrl Pts',(23.819864945146,31.4025045680124,16.7481020768978));
#3374=CARTESIAN_POINT('Ctrl Pts',(24.3424758399658,31.3811670242973,17.0227109146625));
#3375=CARTESIAN_POINT('Ctrl Pts',(25.4653991489697,31.3388692950994,17.3571707352766));
#3376=CARTESIAN_POINT('Ctrl Pts',(26.0552024503238,31.3193214189244,17.4130591835343));
#3377=CARTESIAN_POINT('Ctrl Pts',(27.2205861847764,31.2786126724372,17.2955146536776));
#3378=CARTESIAN_POINT('Ctrl Pts',(27.7851073213169,31.2573036549959,17.1241399822082));
#3379=CARTESIAN_POINT('Ctrl Pts',(28.8198368368864,31.2149627661173,16.5736540137546));
#3380=CARTESIAN_POINT('Ctrl Pts',(29.2795569233959,31.1953207731069,16.198702240532));
#3381=CARTESIAN_POINT('Ctrl Pts',(30.026604917152,31.154678750069,15.296057296255));
#3382=CARTESIAN_POINT('Ctrl Pts',(30.3078475608451,31.1333981155549,14.777891438337));
#3383=CARTESIAN_POINT('Ctrl Pts',(30.6579143813906,31.0910167242942,13.6589376751652));
#3384=CARTESIAN_POINT('Ctrl Pts',(30.7217624200716,31.0712789443185,13.0683532383276));
#3385=CARTESIAN_POINT('Ctrl Pts',(30.6189711698197,31.0307017998247,11.9007833111618));
#3386=CARTESIAN_POINT('Ctrl Pts',(30.4551368409233,31.0094492702115,11.3348235202228));
#3387=CARTESIAN_POINT('Ctrl Pts',(29.9180024575365,30.9670299591685,10.2922247832915));
#3388=CARTESIAN_POINT('Ctrl Pts',(29.5479435039604,30.9471954325086,9.82655442649692));
#3389=CARTESIAN_POINT('Ctrl Pts',(28.6538626921364,30.906681183475,9.06803051628641));
#3390=CARTESIAN_POINT('Ctrl Pts',(28.1398723660081,30.8854563572369,8.78072544297214));
#3391=CARTESIAN_POINT('Ctrl Pts',(27.0246924232943,30.8430016212872,8.41626699625191));
#3392=CARTESIAN_POINT('Ctrl Pts',(26.4333942054563,30.8230700538588,8.34505155600819));
#3393=CARTESIAN_POINT('Ctrl Pts',(25.2638889458819,30.7826166017861,8.43426464621198));
#3394=CARTESIAN_POINT('Ctrl Pts',(24.6966943426636,30.7614189659554,8.59116552223044));
#3395=CARTESIAN_POINT('Ctrl Pts',(23.6469480595717,30.7189312016553,9.11597283727785));
#3396=CARTESIAN_POINT('Ctrl Pts',(23.1758031834623,30.6989029131626,9.48151836713534));
#3397=CARTESIAN_POINT('Ctrl Pts',(22.4068163766885,30.6585080669759,10.3677043092618));
#3398=CARTESIAN_POINT('Ctrl Pts',(22.1140201041595,30.637337009989,10.8778165255883));
#3399=CARTESIAN_POINT('Ctrl Pts',(21.7680642520531,30.5983822568789,11.8962791879813));
#3400=CARTESIAN_POINT('Ctrl Pts',(21.6875000013333,30.580867370694,12.3852614276144));
#3401=CARTESIAN_POINT('Ctrl Pts',(21.6875000013333,30.5643829357525,12.8768829371193));
#3402=CARTESIAN_POINT('Ctrl Pts',(21.6875000013333,30.8143829384525,12.8768829371191));
#3403=CARTESIAN_POINT('Ctrl Pts',(21.6875000013333,30.8193682315788,12.7282046632931));
#3404=CARTESIAN_POINT('Ctrl Pts',(21.6948681547925,30.824461367946,12.5793621289899));
#3405=CARTESIAN_POINT('Ctrl Pts',(21.7687063801564,30.8503454394677,11.8379965132873));
#3406=CARTESIAN_POINT('Ctrl Pts',(21.9449306462233,30.8720832026681,11.2626974984094));
#3407=CARTESIAN_POINT('Ctrl Pts',(22.501764988131,30.9143877741054,10.2316806739544));
#3408=CARTESIAN_POINT('Ctrl Pts',(22.8702228223813,30.9336346212196,9.78214622477334));
#3409=CARTESIAN_POINT('Ctrl Pts',(23.7721811366804,30.9742760685573,9.0334820100202));
#3410=CARTESIAN_POINT('Ctrl Pts',(24.3020924990785,30.9960145065205,8.74763367420933));
#3411=CARTESIAN_POINT('Ctrl Pts',(25.4230964042679,31.0383609462289,8.40503284609829));
#3412=CARTESIAN_POINT('Ctrl Pts',(26.0011418177733,31.0576775316271,8.34400209994128));
#3413=CARTESIAN_POINT('Ctrl Pts',(27.1693709207004,31.0982514091606,8.44496673799797));
#3414=CARTESIAN_POINT('Ctrl Pts',(27.7476470400957,31.1199896352859,8.61403696856137));
#3415=CARTESIAN_POINT('Ctrl Pts',(28.7863038899459,31.1623754827416,9.15827853089602));
#3416=CARTESIAN_POINT('Ctrl Pts',(29.2404615116089,31.1817636566659,9.52111113310718));
#3417=CARTESIAN_POINT('Ctrl Pts',(30.0008676490381,31.2222720879718,10.4142387966101));
#3418=CARTESIAN_POINT('Ctrl Pts',(30.2935661115313,31.2440093232838,10.9412768765203));
#3419=CARTESIAN_POINT('Ctrl Pts',(30.6498698502766,31.286432182487,12.0588839376557));
#3420=CARTESIAN_POINT('Ctrl Pts',(30.7178353433463,31.3058931331183,12.6362535863993));
#3421=CARTESIAN_POINT('Ctrl Pts',(30.6307855919913,31.3463383731049,13.8064100181331));
#3422=CARTESIAN_POINT('Ctrl Pts',(30.4683055026379,31.3680739433819,14.3873366570339));
#3423=CARTESIAN_POINT('Ctrl Pts',(29.9356440060478,31.4105314943447,15.4329285678698));
#3424=CARTESIAN_POINT('Ctrl Pts',(29.5779474911005,31.4300657944047,15.891312875335));
#3425=CARTESIAN_POINT('Ctrl Pts',(28.692935250226,31.4704502028515,16.662381730323));
#3426=CARTESIAN_POINT('Ctrl Pts',(28.1685892414467,31.4921835341381,16.9612983376417));
#3427=CARTESIAN_POINT('Ctrl Pts',(27.0541486008744,31.5346735417972,17.3300811806961));
#3428=CARTESIAN_POINT('Ctrl Pts',(26.4773895606219,31.5542812004742,17.4043527658989));
#3429=CARTESIAN_POINT('Ctrl Pts',(25.3055525649523,31.5946072167259,17.3299443636899));
#3430=CARTESIAN_POINT('Ctrl Pts',(24.7222848351453,31.6163378298202,17.1734730848916));
#3431=CARTESIAN_POINT('Ctrl Pts',(23.6704533550136,31.6588581511298,16.6513557761263));
#3432=CARTESIAN_POINT('Ctrl Pts',(23.2082401113928,31.6785386700636,16.2983065201063));
#3433=CARTESIAN_POINT('Ctrl Pts',(22.427572806584,31.7188087885466,15.42067859993));
#3434=CARTESIAN_POINT('Ctrl Pts',(22.123061797505,31.7405362924677,14.898823659945));
#3435=CARTESIAN_POINT('Ctrl Pts',(21.7690910332844,31.7801656718217,13.863561250383));
#3436=CARTESIAN_POINT('Ctrl Pts',(21.6875000013333,31.7977937715737,13.3716279066197));
#3437=CARTESIAN_POINT('Ctrl Pts',(21.6875000013333,31.8143829384525,12.8768829371192));
#3438=CARTESIAN_POINT('Origin',(26.1875000013333,33.8143829384525,12.8768829371192));
#3439=CARTESIAN_POINT('',(21.6875000013333,29.5643829357525,12.8768829371192));
#3440=CARTESIAN_POINT('',(21.6875000013333,29.8143829384525,12.8768829371192));
#3441=CARTESIAN_POINT('',(21.6875000013333,33.8143829384525,12.8768829371192));
#3442=CARTESIAN_POINT('Ctrl Pts',(21.6875000013333,30.5643829357525,12.8768829371193));
#3443=CARTESIAN_POINT('Ctrl Pts',(21.6875000013333,30.5610923083532,12.9750205569402));
#3444=CARTESIAN_POINT('Ctrl Pts',(21.6907102698393,30.5577536671478,13.0732603738229));
#3445=CARTESIAN_POINT('Ctrl Pts',(21.7352745963899,30.5343558733737,13.7526024381278));
#3446=CARTESIAN_POINT('Ctrl Pts',(21.8858589839703,30.5132106980673,14.3208488665609));
#3447=CARTESIAN_POINT('Ctrl Pts',(22.3993920438209,30.4706636370584,15.3770335271422));
#3448=CARTESIAN_POINT('Ctrl Pts',(22.7608115806536,30.4504450360576,15.8531693716459));
#3449=CARTESIAN_POINT('Ctrl Pts',(23.6397872011725,30.4101605663958,16.6316163248743));
#3450=CARTESIAN_POINT('Ctrl Pts',(24.1463347807312,30.3890405031323,16.9293468437685));
#3451=CARTESIAN_POINT('Ctrl Pts',(25.2546803415109,30.3464669473125,17.3188599787297));
#3452=CARTESIAN_POINT('Ctrl Pts',(25.8472023439499,30.3261556904109,17.4029700527961));
#3453=CARTESIAN_POINT('Ctrl Pts',(27.0198943767677,30.2859229115875,17.337338987695));
#3454=CARTESIAN_POINT('Ctrl Pts',(27.5890313089817,30.2648271309485,17.1924608824628));
#3455=CARTESIAN_POINT('Ctrl Pts',(28.6509727093974,30.2222290279945,16.689150801922));
#3456=CARTESIAN_POINT('Ctrl Pts',(29.1316209860701,30.2018273049724,16.3314719185469));
#3457=CARTESIAN_POINT('Ctrl Pts',(29.9185574208836,30.1616438635581,15.4590257598822));
#3458=CARTESIAN_POINT('Ctrl Pts',(30.2206903290057,30.1405714886775,14.9557239382425));
#3459=CARTESIAN_POINT('Ctrl Pts',(30.6209059772699,30.0979506701838,13.8504019710968));
#3460=CARTESIAN_POINT('Ctrl Pts',(30.7105525831202,30.077460989163,13.2573659557158));
#3461=CARTESIAN_POINT('Ctrl Pts',(30.65497439784,30.0373245363585,12.083382650855));
#3462=CARTESIAN_POINT('Ctrl Pts',(30.5152125930362,30.0162746544228,11.5134953319228));
#3463=CARTESIAN_POINT('Ctrl Pts',(30.0211003544049,29.9736328372804,10.4464403559353));
#3464=CARTESIAN_POINT('Ctrl Pts',(29.66678724852,29.953057968114,9.96174281047617));
#3465=CARTESIAN_POINT('Ctrl Pts',(28.7868861022449,29.9123498049831,9.15502434421725));
#3466=CARTESIAN_POINT('Ctrl Pts',(28.2687749543078,29.8906347527011,8.84237153959454));
#3467=CARTESIAN_POINT('Ctrl Pts',(27.1616191376326,29.8480040599313,8.44587224787075));
#3468=CARTESIAN_POINT('Ctrl Pts',(26.5862009353481,29.8280192181651,8.35761980565646));
#3469=CARTESIAN_POINT('Ctrl Pts',(25.4108804825113,29.7879649064657,8.40405567060721));
#3470=CARTESIAN_POINT('Ctrl Pts',(24.8226593668402,29.7662538191185,8.54716256430014));
#3471=CARTESIAN_POINT('Ctrl Pts',(23.7572277536493,29.7236026567709,9.04586680217458));
#3472=CARTESIAN_POINT('Ctrl Pts',(23.2865757354215,29.7035539730685,9.38869154973066));
#3473=CARTESIAN_POINT('Ctrl Pts',(22.4849630983539,29.6635420246603,10.2499441259155));
#3474=CARTESIAN_POINT('Ctrl Pts',(22.168259372832,29.6418349431999,10.7661396106654));
#3475=CARTESIAN_POINT('Ctrl Pts',(21.7802931255391,29.6009307350664,11.8253403287547));
#3476=CARTESIAN_POINT('Ctrl Pts',(21.6875000013333,29.5820742150718,12.3492692533688));
#3477=CARTESIAN_POINT('Ctrl Pts',(21.6875000013333,29.5643829357525,12.8768829371192));
#3478=CARTESIAN_POINT('Ctrl Pts',(21.6875000013333,29.8143829384525,12.8768829371192));
#3479=CARTESIAN_POINT('Ctrl Pts',(21.6875000013333,29.8224685685146,12.6357421476066));
#3480=CARTESIAN_POINT('Ctrl Pts',(21.7068818641436,29.8308280400497,12.3944627112002));
#3481=CARTESIAN_POINT('Ctrl Pts',(21.8406657016445,29.8603025294454,11.5708489970685));
#3482=CARTESIAN_POINT('Ctrl Pts',(22.0500714722657,29.8819907090007,11.0107729631373));
#3483=CARTESIAN_POINT('Ctrl Pts',(22.6657204731738,29.9238695572278,10.0168144717504));
#3484=CARTESIAN_POINT('Ctrl Pts',(23.0610564542645,29.9427119879382,9.58928896286585));
#3485=CARTESIAN_POINT('Ctrl Pts',(24.0042884614149,29.9839463452099,8.89757874211817));
#3486=CARTESIAN_POINT('Ctrl Pts',(24.5467938789611,30.0056458305918,8.64493973096699));
#3487=CARTESIAN_POINT('Ctrl Pts',(25.6829819847598,30.04758644965,8.36821589282098));
#3488=CARTESIAN_POINT('Ctrl Pts',(26.2643565679648,30.0664578312426,8.34072705254487));
#3489=CARTESIAN_POINT('Ctrl Pts',(27.4220763516156,30.1076153258827,8.50908386329523));
#3490=CARTESIAN_POINT('Ctrl Pts',(27.9864327394215,30.1293245215402,8.70966910491466));
#3491=CARTESIAN_POINT('Ctrl Pts',(28.9905152494908,30.17132460807,9.30960572045459));
#3492=CARTESIAN_POINT('Ctrl Pts',(29.423993105355,30.1902324452613,9.6976577287265));
#3493=CARTESIAN_POINT('Ctrl Pts',(30.1312693263435,30.2313132973591,10.6298640448928));
#3494=CARTESIAN_POINT('Ctrl Pts',(30.3929758578001,30.2530306584968,11.1691466879518));
#3495=CARTESIAN_POINT('Ctrl Pts',(30.6876071499525,30.2950878068673,12.3013925810006));
#3496=CARTESIAN_POINT('Ctrl Pts',(30.724252902693,30.3140389972354,12.8818489989322));
#3497=CARTESIAN_POINT('Ctrl Pts',(30.5742966273218,30.3550437274757,14.0426345836979));
#3498=CARTESIAN_POINT('Ctrl Pts',(30.3822449824716,30.376767775918,14.6109686632196));
#3499=CARTESIAN_POINT('Ctrl Pts',(29.7974515039954,30.4188795045194,15.6246532095863));
#3500=CARTESIAN_POINT('Ctrl Pts',(29.4163461903412,30.4378802778239,16.0638156299205));
#3501=CARTESIAN_POINT('Ctrl Pts',(28.4947685311443,30.478809696006,16.785848456838));
#3502=CARTESIAN_POINT('Ctrl Pts',(27.9586927134332,30.5005390335501,17.0561592508154));
#3503=CARTESIAN_POINT('Ctrl Pts',(26.8303266409651,30.5427028100163,17.3678344813506));
#3504=CARTESIAN_POINT('Ctrl Pts',(26.2507350354499,30.5617586839956,17.413166380985));
#3505=CARTESIAN_POINT('Ctrl Pts',(25.0871783151678,30.6026138738806,17.2806671241165));
#3506=CARTESIAN_POINT('Ctrl Pts',(24.5151930837583,30.6243471932368,17.0967626338567));
#3507=CARTESIAN_POINT('Ctrl Pts',(23.4925112605564,30.6665604587513,16.5263798453625));
#3508=CARTESIAN_POINT('Ctrl Pts',(23.0479837146618,30.685676211796,16.1518212986342));
#3509=CARTESIAN_POINT('Ctrl Pts',(22.3121265693147,30.7264585121248,15.2403574107263));
#3510=CARTESIAN_POINT('Ctrl Pts',(22.0337508624277,30.7481946050951,14.7074207196935));
#3511=CARTESIAN_POINT('Ctrl Pts',(21.7477884527526,30.7850720901924,13.7260591058516));
#3512=CARTESIAN_POINT('Ctrl Pts',(21.6875000013333,30.8001227071801,13.3021711832059));
#3513=CARTESIAN_POINT('Ctrl Pts',(21.6875000013333,30.8143829384525,12.8768829371191));
#3514=CARTESIAN_POINT('Origin',(26.1875000013333,33.8143829384525,12.8768829371192));
#3515=CARTESIAN_POINT('',(21.6875000013333,28.5643829357525,12.8768829371192));
#3516=CARTESIAN_POINT('',(21.6875000013333,28.8143829384525,12.8768829371192));
#3517=CARTESIAN_POINT('',(21.6875000013333,33.8143829384525,12.8768829371192));
#3518=CARTESIAN_POINT('Ctrl Pts',(21.6875000013333,29.5643829357525,12.8768829371192));
#3519=CARTESIAN_POINT('Ctrl Pts',(21.6875000013333,29.5627524779335,12.9255086945066));
#3520=CARTESIAN_POINT('Ctrl Pts',(21.6882881518628,29.5611100484872,12.9741650236054));
#3521=CARTESIAN_POINT('Ctrl Pts',(21.7093230399492,29.539082732472,13.622381026277));
#3522=CARTESIAN_POINT('Ctrl Pts',(21.8484646375979,29.5173796559113,14.2120057126487));
#3523=CARTESIAN_POINT('Ctrl Pts',(22.3402298786507,29.4746919676683,15.2814008779694));
#3524=CARTESIAN_POINT('Ctrl Pts',(22.6800481083549,29.4545229759891,15.7545379665076));
#3525=CARTESIAN_POINT('Ctrl Pts',(23.5364539555009,29.4145886500409,16.5622628254534));
#3526=CARTESIAN_POINT('Ctrl Pts',(24.050939955611,29.3928895418795,16.8825195344638));
#3527=CARTESIAN_POINT('Ctrl Pts',(25.153884728385,29.3501856095784,17.2944584317679));
#3528=CARTESIAN_POINT('Ctrl Pts',(25.7285643316485,29.3299603491857,17.3904879862949));
#3529=CARTESIAN_POINT('Ctrl Pts',(26.9056794453033,29.2900614243848,17.359572672505));
#3530=CARTESIAN_POINT('Ctrl Pts',(27.4965137566277,29.2683662183947,17.2239180488967));
#3531=CARTESIAN_POINT('Ctrl Pts',(28.5693678652099,29.2256472688,16.7382526182394));
#3532=CARTESIAN_POINT('Ctrl Pts',(29.0446837104244,29.2053684014955,16.4010687747839));
#3533=CARTESIAN_POINT('Ctrl Pts',(29.8577462305106,29.1655027110491,15.548920801673));
#3534=CARTESIAN_POINT('Ctrl Pts',(30.1811034252337,29.1438113166885,15.0359491163805));
#3535=CARTESIAN_POINT('Ctrl Pts',(30.599359105612,29.1010784923244,13.9347591819483));
#3536=CARTESIAN_POINT('Ctrl Pts',(30.6985689636918,29.0807486953903,13.3603802340265));
#3537=CARTESIAN_POINT('Ctrl Pts',(30.6739909694326,29.0409141587495,12.1825603890074));
#3538=CARTESIAN_POINT('Ctrl Pts',(30.541386206355,29.0192264658973,11.5906868512267));
#3539=CARTESIAN_POINT('Ctrl Pts',(30.0610545838717,28.9764808291368,10.5148275055623));
#3540=CARTESIAN_POINT('Ctrl Pts',(29.7261679326321,28.9561027693505,10.0376108467702));
#3541=CARTESIAN_POINT('Ctrl Pts',(28.8777409736532,28.91629739581,9.21990782111028));
#3542=CARTESIAN_POINT('Ctrl Pts',(28.3661020917555,28.894613279123,8.89385694683983));
#3543=CARTESIAN_POINT('Ctrl Pts',(27.2664548739154,28.8518558166698,8.47010287671769));
#3544=CARTESIAN_POINT('Ctrl Pts',(26.6923369642108,28.8314321287122,8.36812528658778));
#3545=CARTESIAN_POINT('Ctrl Pts',(25.5139175034041,28.7916540193324,8.3871929174891));
#3546=CARTESIAN_POINT('Ctrl Pts',(24.921153452764,28.7699733419445,8.51714267891582));
#3547=CARTESIAN_POINT('Ctrl Pts',(23.8426930847605,28.727204969022,8.99283188166741));
#3548=CARTESIAN_POINT('Ctrl Pts',(23.3638252418453,28.7067382370131,9.32572384043396));
#3549=CARTESIAN_POINT('Ctrl Pts',(22.5421034646971,28.6669855858185,10.1709138196805));
#3550=CARTESIAN_POINT('Ctrl Pts',(22.2137213051591,28.6453082027058,10.681386233682));
#3551=CARTESIAN_POINT('Ctrl Pts',(21.7918141747831,28.6031899913996,11.7627338513852));
#3552=CARTESIAN_POINT('Ctrl Pts',(21.6875000013333,28.5831403285767,12.3174741489279));
#3553=CARTESIAN_POINT('Ctrl Pts',(21.6875000013333,28.5643829357525,12.8768829371192));
#3554=CARTESIAN_POINT('Ctrl Pts',(21.6875000013333,28.8143829384525,12.8768829371192));
#3555=CARTESIAN_POINT('Ctrl Pts',(21.6875000013333,28.825892138141,12.5336397416944));
#3556=CARTESIAN_POINT('Ctrl Pts',(21.7267699148475,28.8379339822031,12.1907774233776));
#3557=CARTESIAN_POINT('Ctrl Pts',(21.9395030119445,28.8714805537299,11.2784223248595));
#3558=CARTESIAN_POINT('Ctrl Pts',(22.186438292081,28.8931660650548,10.7339710984321));
#3559=CARTESIAN_POINT('Ctrl Pts',(22.8683463022886,28.9344938200372,9.7838934487258));
#3560=CARTESIAN_POINT('Ctrl Pts',(23.2921450542622,28.9533119012246,9.38399243804752));
#3561=CARTESIAN_POINT('Ctrl Pts',(24.2797317812968,28.995112651692,8.75858367371924));
#3562=CARTESIAN_POINT('Ctrl Pts',(24.8370703968185,29.0167848727734,8.54371820000191));
#3563=CARTESIAN_POINT('Ctrl Pts',(25.9892676452897,29.0581888797451,8.3442799215495));
#3564=CARTESIAN_POINT('Ctrl Pts',(26.5722072392546,29.076996406681,8.35628721828217));
#3565=CARTESIAN_POINT('Ctrl Pts',(27.7147190700472,29.1187307752723,8.60289419944851));
#3566=CARTESIAN_POINT('Ctrl Pts',(28.2623048944386,29.1403880641388,8.8402298736876));
#3567=CARTESIAN_POINT('Ctrl Pts',(29.2237512208078,29.1818675543333,9.50561640583103));
#3568=CARTESIAN_POINT('Ctrl Pts',(29.6313103566082,29.2006733941199,9.92316847151818));
#3569=CARTESIAN_POINT('Ctrl Pts',(30.2724464381205,29.2423075941305,10.8992736329363));
#3570=CARTESIAN_POINT('Ctrl Pts',(30.496166568767,29.2639148642165,11.4510074610006));
#3571=CARTESIAN_POINT('Ctrl Pts',(30.7160657204501,29.3054556954937,12.5988101010686));
#3572=CARTESIAN_POINT('Ctrl Pts',(30.7142458901727,29.3242810469416,13.1831564630527));
#3573=CARTESIAN_POINT('Ctrl Pts',(30.487104465582,29.3658923024951,14.3300595449154));
#3574=CARTESIAN_POINT('Ctrl Pts',(30.2596636393212,29.3875189452438,14.8808299788343));
#3575=CARTESIAN_POINT('Ctrl Pts',(29.6116629741752,29.4291306279383,15.8534201938258));
#3576=CARTESIAN_POINT('Ctrl Pts',(29.2010702446206,29.4479414675677,16.2684991840982));
#3577=CARTESIAN_POINT('Ctrl Pts',(28.2351614189748,29.4894793283129,16.9273149720635));
#3578=CARTESIAN_POINT('Ctrl Pts',(27.686379176366,29.5111237869514,17.1608384614571));
#3579=CARTESIAN_POINT('Ctrl Pts',(26.5423547303078,29.5528049158089,17.399960406163));
#3580=CARTESIAN_POINT('Ctrl Pts',(25.9590224337118,29.5716103568513,17.4081024547996));
#3581=CARTESIAN_POINT('Ctrl Pts',(24.8082707324119,29.6130735439514,17.2009133480681));
#3582=CARTESIAN_POINT('Ctrl Pts',(24.252740195775,29.6347342130703,16.9825145276709));
#3583=CARTESIAN_POINT('Ctrl Pts',(23.2693212574242,29.6764831493543,16.3507744548293));
#3584=CARTESIAN_POINT('Ctrl Pts',(22.8479527639372,29.6952922226293,15.9478949197181));
#3585=CARTESIAN_POINT('Ctrl Pts',(22.1724591662978,29.7366797341184,14.9933781914757));
#3586=CARTESIAN_POINT('Ctrl Pts',(21.9292531523243,29.758354979352,14.4476884216435));
#3587=CARTESIAN_POINT('Ctrl Pts',(21.7245950745136,29.7915058555099,13.5437895123442));
#3588=CARTESIAN_POINT('Ctrl Pts',(21.6875000013333,29.8031969687016,13.2104863244187));
#3589=CARTESIAN_POINT('Ctrl Pts',(21.6875000013333,29.8143829384525,12.8768829371192));
#3590=CARTESIAN_POINT('Origin',(26.1875000013333,33.8143829384525,12.8768829371192));
#3591=CARTESIAN_POINT('',(21.6875000013333,27.5643829358003,12.876882936406));
#3592=CARTESIAN_POINT('',(21.6875000013333,27.8143829384525,12.8768829371192));
#3593=CARTESIAN_POINT('',(21.6875000013333,33.8143829384525,12.8768829371192));
#3594=CARTESIAN_POINT('Ctrl Pts',(21.6875000013333,28.5643829357525,12.8768829371192));
#3595=CARTESIAN_POINT('Ctrl Pts',(21.6875000013333,28.5637732699697,12.895065229294));
#3596=CARTESIAN_POINT('Ctrl Pts',(21.687610199826,28.5631619116945,12.9132523515953));
#3597=CARTESIAN_POINT('Ctrl Pts',(21.6951189053988,28.5422936041768,13.5325055357407));
#3598=CARTESIAN_POINT('Ctrl Pts',(21.8227668563272,28.5206193649194,14.1260310207205));
#3599=CARTESIAN_POINT('Ctrl Pts',(22.2944317130677,28.4778316526668,15.2067350915449));
#3600=CARTESIAN_POINT('Ctrl Pts',(22.6255980339112,28.4572863119847,15.6870318828464));
#3601=CARTESIAN_POINT('Ctrl Pts',(23.4679833114816,28.4175795297931,16.512222240621));
#3602=CARTESIAN_POINT('Ctrl Pts',(23.9774398096253,28.3959082810698,16.8426153619744));
#3603=CARTESIAN_POINT('Ctrl Pts',(25.0745641210158,28.3531120182429,17.2752538939869));
#3604=CARTESIAN_POINT('Ctrl Pts',(25.6482614524814,28.3325309493101,17.3817028952816));
#3605=CARTESIAN_POINT('Ctrl Pts',(26.8276228280625,28.2928447606178,17.371527537289));
#3606=CARTESIAN_POINT('Ctrl Pts',(27.4217982141771,28.2711763481696,17.2458681167522));
#3607=CARTESIAN_POINT('Ctrl Pts',(28.5044322169879,28.2283722062871,16.7776795946252));
#3608=CARTESIAN_POINT('Ctrl Pts',(28.9859615964153,28.2077576710076,16.4480013630051));
#3609=CARTESIAN_POINT('Ctrl Pts',(29.8141369626326,28.1680906339373,15.6080378501285));
#3610=CARTESIAN_POINT('Ctrl Pts',(30.1462597819328,28.1464249043386,15.0994624152661));
#3611=CARTESIAN_POINT('Ctrl Pts',(30.5824447588383,28.1036135038714,14.0033556338992));
#3612=CARTESIAN_POINT('Ctrl Pts',(30.6906784477179,28.082967666247,13.429825796043));
#3613=CARTESIAN_POINT('Ctrl Pts',(30.6840486956274,28.0433184248174,12.2500976745342));
#3614=CARTESIAN_POINT('Ctrl Pts',(30.5601019051506,28.0216552267908,11.655368405478));
#3615=CARTESIAN_POINT('Ctrl Pts',(30.0949072261443,27.9788371405865,10.5710784454819));
#3616=CARTESIAN_POINT('Ctrl Pts',(29.7665086739842,27.9581620634507,10.088488857226));
#3617=CARTESIAN_POINT('Ctrl Pts',(28.9286300369808,27.9185293448921,9.25775108822448));
#3618=CARTESIAN_POINT('Ctrl Pts',(28.4208159333537,27.8968685305029,8.92414414780414));
#3619=CARTESIAN_POINT('Ctrl Pts',(27.3255879831135,27.854044287329,8.48491280998245));
#3620=CARTESIAN_POINT('Ctrl Pts',(26.7522018546946,27.8333419311342,8.37514614270129));
#3621=CARTESIAN_POINT('Ctrl Pts',(25.5721628890732,27.793724542524,8.3787320477351));
#3622=CARTESIAN_POINT('Ctrl Pts',(24.9769621490836,27.7720659679884,8.50120771533494));
#3623=CARTESIAN_POINT('Ctrl Pts',(23.8912543097679,27.729236055576,8.9638308178469));
#3624=CARTESIAN_POINT('Ctrl Pts',(23.4077550050852,27.7085082779125,9.29113154796759));
#3625=CARTESIAN_POINT('Ctrl Pts',(22.574822356822,27.6689051030238,10.1272199442242));
#3626=CARTESIAN_POINT('Ctrl Pts',(22.2399446864153,27.6472486294626,10.6343782361117));
#3627=CARTESIAN_POINT('Ctrl Pts',(21.7985680609617,27.6044586366538,11.7276961175877));
#3628=CARTESIAN_POINT('Ctrl Pts',(21.6875000015163,27.5837380624707,12.2996477060423));
#3629=CARTESIAN_POINT('Ctrl Pts',(21.6875000013333,27.5643829358003,12.8768829356928));
#3630=CARTESIAN_POINT('Ctrl Pts',(21.6875000013333,27.8143829384525,12.8768829371193));
#3631=CARTESIAN_POINT('Ctrl Pts',(21.6875000013333,27.8289082082014,12.4436903487613));
#3632=CARTESIAN_POINT('Ctrl Pts',(21.75005050662,27.8442508166852,12.0120312272503));
#3633=CARTESIAN_POINT('Ctrl Pts',(22.0434819013277,27.8814450286701,11.0243175034338));
#3634=CARTESIAN_POINT('Ctrl Pts',(22.3248556683395,27.9031825176867,10.4925810150961));
#3635=CARTESIAN_POINT('Ctrl Pts',(23.0658510817084,27.9439088354766,9.584915057053));
#3636=CARTESIAN_POINT('Ctrl Pts',(23.5123830798564,27.9630743200174,9.21279991298092));
#3637=CARTESIAN_POINT('Ctrl Pts',(24.5384090808182,28.0053245436336,8.64782969854856));
#3638=CARTESIAN_POINT('Ctrl Pts',(25.1117319597807,28.0270601320279,8.4669912039458));
#3639=CARTESIAN_POINT('Ctrl Pts',(26.2762932599928,28.0678581270378,8.34103524823294));
#3640=CARTESIAN_POINT('Ctrl Pts',(26.855562334684,28.08696051527,8.38962332229755));
#3641=CARTESIAN_POINT('Ctrl Pts',(27.9824385517843,28.1291632572184,8.70770089569036));
#3642=CARTESIAN_POINT('Ctrl Pts',(28.5172747136618,28.1508958185123,8.98123659278344));
#3643=CARTESIAN_POINT('Ctrl Pts',(29.4348260146602,28.1917670142769,9.70879789134535));
#3644=CARTESIAN_POINT('Ctrl Pts',(29.8133178686748,28.210810496944,10.1501011146982));
#3645=CARTESIAN_POINT('Ctrl Pts',(30.3923747094547,28.2529631933584,11.1673836535369));
#3646=CARTESIAN_POINT('Ctrl Pts',(30.5811860091193,28.2746914972694,11.7371868406298));
#3647=CARTESIAN_POINT('Ctrl Pts',(30.7241867111094,28.3156371789186,12.8990924900221));
#3648=CARTESIAN_POINT('Ctrl Pts',(30.6840801048926,28.3346266963995,13.4792035844834));
#3649=CARTESIAN_POINT('Ctrl Pts',(30.3826642546138,28.3767267922473,14.6099200599774));
#3650=CARTESIAN_POINT('Ctrl Pts',(30.1175294727959,28.39844951097,15.1479424561983));
#3651=CARTESIAN_POINT('Ctrl Pts',(29.4043723671426,28.4394707043092,16.0759336034168));
#3652=CARTESIAN_POINT('Ctrl Pts',(28.9686341178694,28.4584119317767,16.4612221579385));
#3653=CARTESIAN_POINT('Ctrl Pts',(27.9607253431851,28.5004569035901,17.0551530960352));
#3654=CARTESIAN_POINT('Ctrl Pts',(27.394774113878,28.522172620542,17.2523575833874));
#3655=CARTESIAN_POINT('Ctrl Pts',(26.2358193683188,28.5632700737702,17.4134099511367));
#3656=CARTESIAN_POINT('Ctrl Pts',(25.6548100575227,28.5821693902681,17.3822856932578));
#3657=CARTESIAN_POINT('Ctrl Pts',(24.5201689788327,28.6241567707549,17.0984601792014));
#3658=CARTESIAN_POINT('Ctrl Pts',(23.9789236454076,28.6458639920831,16.8422220684747));
#3659=CARTESIAN_POINT('Ctrl Pts',(23.0400467880113,28.687038161474,16.1443311162023));
#3660=CARTESIAN_POINT('Ctrl Pts',(22.6475978252165,28.7059026020798,15.7144473113934));
#3661=CARTESIAN_POINT('Ctrl Pts',(22.0381559939106,28.7478300055537,14.7164696438744));
#3662=CARTESIAN_POINT('Ctrl Pts',(21.8322303876641,28.7695271740192,14.1546839987804));
#3663=CARTESIAN_POINT('Ctrl Pts',(21.7053306746718,28.7986194135384,13.3396187687468));
#3664=CARTESIAN_POINT('Ctrl Pts',(21.6875000013333,28.8066276187733,13.108172755721));
#3665=CARTESIAN_POINT('Ctrl Pts',(21.6875000013333,28.8143829384525,12.8768829371192));
#3666=CARTESIAN_POINT('Origin',(26.1875000013333,33.8143829384525,12.8768829371192));
#3667=CARTESIAN_POINT('',(21.6875000013333,26.5643829357525,12.8768829371192));
#3668=CARTESIAN_POINT('',(21.6875000013333,26.8143829384525,12.8768829371192));
#3669=CARTESIAN_POINT('',(21.6875000013333,33.8143829384525,12.8768829371192));
#3670=CARTESIAN_POINT('Ctrl Pts',(21.6875000013333,27.5643829358003,12.8768829356928));
#3671=CARTESIAN_POINT('Ctrl Pts',(21.6875000013329,27.5643412407215,12.8781264237247));
#3672=CARTESIAN_POINT('Ctrl Pts',(21.6875005167533,27.5642995376781,12.8793699357968));
#3673=CARTESIAN_POINT('Ctrl Pts',(21.68800044577,27.5440720499991,13.4824148389392));
#3674=CARTESIAN_POINT('Ctrl Pts',(21.8092153008866,27.5224175438635,14.0780164911354));
#3675=CARTESIAN_POINT('Ctrl Pts',(22.2696025882216,27.4795805767397,15.1648608307352));
#3676=CARTESIAN_POINT('Ctrl Pts',(22.5959358796898,27.4588094288551,15.6491549188331));
#3677=CARTESIAN_POINT('Ctrl Pts',(23.4304619856996,27.4192279673592,16.4839357150537));
#3678=CARTESIAN_POINT('Ctrl Pts',(23.9370041937913,27.3975794082925,16.8199144140507));
#3679=CARTESIAN_POINT('Ctrl Pts',(25.0307832614893,27.3547362713957,17.264004011811));
#3680=CARTESIAN_POINT('Ctrl Pts',(25.6039310758222,27.3339591807207,17.3762533139373));
#3681=CARTESIAN_POINT('Ctrl Pts',(26.7841943554113,27.2943663145251,17.3775320632992));
#3682=CARTESIAN_POINT('Ctrl Pts',(27.3798950767523,27.2727436000549,17.2575471298017));
#3683=CARTESIAN_POINT('Ctrl Pts',(28.4677077380542,27.229904223138,16.7993240727421));
#3684=CARTESIAN_POINT('Ctrl Pts',(28.9527390157544,27.2091207424527,16.4738825527528));
#3685=CARTESIAN_POINT('Ctrl Pts',(29.7889651028468,27.1695155959667,15.641140368273));
#3686=CARTESIAN_POINT('Ctrl Pts',(30.1257813725293,27.1479206226276,15.1355873500258));
#3687=CARTESIAN_POINT('Ctrl Pts',(30.5721511641599,27.1050853305981,14.0429867299832));
#3688=CARTESIAN_POINT('Ctrl Pts',(30.6856425870239,27.0842949833975,13.4699580645509));
#3689=CARTESIAN_POINT('Ctrl Pts',(30.6893831508886,27.0446766206436,12.2899541084591));
#3690=CARTESIAN_POINT('Ctrl Pts',(30.5707900887296,27.0231114007666,11.6943692395955));
#3691=CARTESIAN_POINT('Ctrl Pts',(30.1152034857235,26.9802805470278,10.6057187132133));
#3692=CARTESIAN_POINT('Ctrl Pts',(29.7908006078203,26.9594828262522,10.1198325282993));
#3693=CARTESIAN_POINT('Ctrl Pts',(28.9601330162799,26.919850247595,9.28192899670249));
#3694=CARTESIAN_POINT('Ctrl Pts',(28.4557285356723,26.8983169127232,8.94414118968377));
#3695=CARTESIAN_POINT('Ctrl Pts',(27.3644999930333,26.8554908818574,8.49512571395386));
#3696=CARTESIAN_POINT('Ctrl Pts',(26.7916130388728,26.8346852488573,8.38019159225119));
#3697=CARTESIAN_POINT('Ctrl Pts',(25.6119131671251,26.7950373881877,8.37359305390404));
#3698=CARTESIAN_POINT('Ctrl Pts',(25.0164634709433,26.773538191259,8.4905722668284));
#3699=CARTESIAN_POINT('Ctrl Pts',(23.9268455909727,26.7307174016153,8.94309885683722));
#3700=CARTESIAN_POINT('Ctrl Pts',(23.4399700473407,26.7099032850772,9.26629370640752));
#3701=CARTESIAN_POINT('Ctrl Pts',(22.6001233934097,26.6702390066578,10.0945525685493));
#3702=CARTESIAN_POINT('Ctrl Pts',(22.2612109253585,26.6487763239166,10.5976259938226));
#3703=CARTESIAN_POINT('Ctrl Pts',(21.8042567249455,26.6054995290584,11.6990095132878));
#3704=CARTESIAN_POINT('Ctrl Pts',(21.6875000013333,26.584227698695,12.2850451005067));
#3705=CARTESIAN_POINT('Ctrl Pts',(21.6875000013333,26.5643829357525,12.8768829371192));
#3706=CARTESIAN_POINT('Ctrl Pts',(21.6875000013333,26.8143829384525,12.8768829371192));
#3707=CARTESIAN_POINT('Ctrl Pts',(21.6875000013333,26.8311543816447,12.3767018724968));
#3708=CARTESIAN_POINT('Ctrl Pts',(21.7708940305082,26.8489852807808,11.8794671923381));
#3709=CARTESIAN_POINT('Ctrl Pts',(22.1304089676466,26.8888268174199,10.840174008235));
#3710=CARTESIAN_POINT('Ctrl Pts',(22.4369446424254,26.9105516669777,10.3192368747137));
#3711=CARTESIAN_POINT('Ctrl Pts',(23.2210873034591,26.9507797831155,9.44430114733616));
#3712=CARTESIAN_POINT('Ctrl Pts',(23.6846927121862,26.9705167068125,9.09294031481938));
#3713=CARTESIAN_POINT('Ctrl Pts',(24.7387824243436,27.0130593289926,8.57466919607375));
#3714=CARTESIAN_POINT('Ctrl Pts',(25.3228870099138,27.0347875367639,8.42039144868267));
#3715=CARTESIAN_POINT('Ctrl Pts',(26.4953195914241,27.0750695738608,8.35058741684142));
#3716=CARTESIAN_POINT('Ctrl Pts',(27.0718569807624,27.094734344537,8.42715756144362));
#3717=CARTESIAN_POINT('Ctrl Pts',(28.1851250462659,27.137248263579,8.80049286962502));
#3718=CARTESIAN_POINT('Ctrl Pts',(28.7084711294219,27.1589795028156,9.10167288240661));
#3719=CARTESIAN_POINT('Ctrl Pts',(29.590505367388,27.1993179826155,9.87662440661508));
#3720=CARTESIAN_POINT('Ctrl Pts',(29.9463247975725,27.2189097446245,10.3365547538248));
#3721=CARTESIAN_POINT('Ctrl Pts',(30.4747348662561,27.2613928929543,11.3846710643909));
#3722=CARTESIAN_POINT('Ctrl Pts',(30.6347930651471,27.2831267541015,11.9665499113155));
#3723=CARTESIAN_POINT('Ctrl Pts',(30.7167425177932,27.3235241610457,13.1373924132066));
#3724=CARTESIAN_POINT('Ctrl Pts',(30.6462335267604,27.3430425213434,13.7145153342941));
#3725=CARTESIAN_POINT('Ctrl Pts',(30.2848984288893,27.3854927354725,14.8308541540656));
#3726=CARTESIAN_POINT('Ctrl Pts',(29.9896905350554,27.407228719294,15.3568154694344));
#3727=CARTESIAN_POINT('Ctrl Pts',(29.2249818957629,27.4476874775903,16.2466795601455));
#3728=CARTESIAN_POINT('Ctrl Pts',(28.7691220947801,27.4671325630185,16.6074429756121));
#3729=CARTESIAN_POINT('Ctrl Pts',(27.7276664976413,27.5095475887731,17.1470286036003));
#3730=CARTESIAN_POINT('Ctrl Pts',(27.1483146800858,27.5312850999813,17.3134503954665));
#3731=CARTESIAN_POINT('Ctrl Pts',(25.9793003066541,27.5718075488258,17.4088163574629));
#3732=CARTESIAN_POINT('Ctrl Pts',(25.4015272570859,27.5911800614455,17.3449961404545));
#3733=CARTESIAN_POINT('Ctrl Pts',(24.2818790081125,27.6335575615098,16.9968861240941));
#3734=CARTESIAN_POINT('Ctrl Pts',(23.7531123968956,27.6552959034839,16.7082810265394));
#3735=CARTESIAN_POINT('Ctrl Pts',(22.8546942592913,27.6958842715512,15.9548917797147));
#3736=CARTESIAN_POINT('Ctrl Pts',(22.4884962915841,27.7151855395141,15.5035007862539));
#3737=CARTESIAN_POINT('Ctrl Pts',(21.9367094920759,27.7575231028234,14.4694092714939));
#3738=CARTESIAN_POINT('Ctrl Pts',(21.7633510875069,27.7792614734131,13.8929050633342));
#3739=CARTESIAN_POINT('Ctrl Pts',(21.6941111616502,27.8048413739389,13.1587061756609));
#3740=CARTESIAN_POINT('Ctrl Pts',(21.6875000013333,27.8096606809244,13.017716601268));
#3741=CARTESIAN_POINT('Ctrl Pts',(21.6875000013333,27.8143829384525,12.8768829371193));
#3742=CARTESIAN_POINT('Origin',(26.1875000013333,33.3143829384525,12.8768829371192));
#3743=CARTESIAN_POINT('',(21.5290063540028,33.4728765857822,12.8768829371192));
#3744=CARTESIAN_POINT('',(21.187500001332,33.8143829384512,12.8768829371192));
#3745=CARTESIAN_POINT('',(21.6875000013333,33.3143829384525,12.8768829371192));
#3746=CARTESIAN_POINT('',(31.0366076321333,33.8143829384525,14.0959625839192));
#3747=CARTESIAN_POINT('Ctrl Pts',(31.0366076320867,33.8143829384348,14.0959625839092));
#3748=CARTESIAN_POINT('Ctrl Pts',(31.1402464382354,33.8049020835818,13.6448353737629));
#3749=CARTESIAN_POINT('Ctrl Pts',(31.1808964139306,33.7958271947932,13.1816293863872));
#3750=CARTESIAN_POINT('Ctrl Pts',(31.1345842050585,33.7780342442711,12.2691055597672));
#3751=CARTESIAN_POINT('Ctrl Pts',(31.0494168367461,33.7687732882724,11.8219294968823));
#3752=CARTESIAN_POINT('Ctrl Pts',(30.7044017451458,33.7462876630285,10.8003493320779));
#3753=CARTESIAN_POINT('Ctrl Pts',(30.393599354421,33.7330951474877,10.2513948533946));
#3754=CARTESIAN_POINT('Ctrl Pts',(29.7815047045304,33.7139992130834,9.5315054150775));
#3755=CARTESIAN_POINT('Ctrl Pts',(29.5499291880806,33.7078273814703,9.30711240113916));
#3756=CARTESIAN_POINT('Ctrl Pts',(29.0503803514872,33.6949225624198,8.91164698241841));
#3757=CARTESIAN_POINT('Ctrl Pts',(28.7844971148042,33.6883449334143,8.7403847615613));
#3758=CARTESIAN_POINT('Ctrl Pts',(27.9551985869982,33.6686189991845,8.31406573183654));
#3759=CARTESIAN_POINT('Ctrl Pts',(27.3577477188203,33.6553732115255,8.13914344823739));
#3760=CARTESIAN_POINT('Ctrl Pts',(26.1110879882914,33.6295495359206,8.02060207085101));
#3761=CARTESIAN_POINT('Ctrl Pts',(25.4727803174764,33.6170829520435,8.08516209331316));
#3762=CARTESIAN_POINT('Ctrl Pts',(24.2839849985619,33.5903448739499,8.45467684879098));
#3763=CARTESIAN_POINT('Ctrl Pts',(23.743173816961,33.5770672738109,8.74434015911751));
#3764=CARTESIAN_POINT('Ctrl Pts',(23.0331948208112,33.557847898611,9.32092976077683));
#3765=CARTESIAN_POINT('Ctrl Pts',(22.8127746737346,33.5517037084439,9.53797555981748));
#3766=CARTESIAN_POINT('Ctrl Pts',(22.2178618225094,33.5324094896573,10.2523865776215));
#3767=CARTESIAN_POINT('Ctrl Pts',(21.9188419048008,33.5187306755352,10.8042908355923));
#3768=CARTESIAN_POINT('Ctrl Pts',(21.6467045439837,33.4983727063978,11.6882367822547));
#3769=CARTESIAN_POINT('Ctrl Pts',(21.5857490640147,33.4917446319737,11.986069450225));
#3770=CARTESIAN_POINT('Ctrl Pts',(21.5332578720851,33.481045589187,12.483695340579));
#3771=CARTESIAN_POINT('Ctrl Pts',(21.5249734034679,33.4769095363171,12.6804832260691));
#3772=CARTESIAN_POINT('Ctrl Pts',(21.5290063540028,33.4728765857822,12.8768829371192));
#3773=CARTESIAN_POINT('Origin',(26.1875000013333,33.8143829384525,12.8768829371192));
#3774=CARTESIAN_POINT('Origin',(26.1875000013333,23.8143829384525,12.8768829371192));
#3775=CARTESIAN_POINT('',(31.2287658763333,26.7518829370525,12.8768829371192));
#3776=CARTESIAN_POINT('',(31.2287658763333,26.6268829370525,12.8768829371192));
#3777=CARTESIAN_POINT('',(31.2287658763333,23.8143829384525,12.8768829371192));
#3778=CARTESIAN_POINT('',(21.1462341263333,26.2518829370525,12.8768829371192));
#3779=CARTESIAN_POINT('Ctrl Pts',(31.2287658763333,26.7518829370525,12.8768829371192));
#3780=CARTESIAN_POINT('Ctrl Pts',(31.2287658763333,26.7505144171585,12.8311599058292));
#3781=CARTESIAN_POINT('Ctrl Pts',(31.2281438339316,26.7491374354206,12.7854118178977));
#3782=CARTESIAN_POINT('Ctrl Pts',(31.2085965824898,26.7274105698195,12.0676015654633));
#3783=CARTESIAN_POINT('Ctrl Pts',(31.0560442484434,26.7057163985314,11.4059761576666));
#3784=CARTESIAN_POINT('Ctrl Pts',(30.5110037135188,26.6630072340839,10.2048017613663));
#3785=CARTESIAN_POINT('Ctrl Pts',(30.1328877689837,26.642747004039,9.67273982563902));
#3786=CARTESIAN_POINT('Ctrl Pts',(29.1776795205833,26.6028762126968,8.76282837716166));
#3787=CARTESIAN_POINT('Ctrl Pts',(28.6028339771536,26.5811859980202,8.40109005979578));
#3788=CARTESIAN_POINT('Ctrl Pts',(27.3690761246502,26.5384621492157,7.93352850429449));
#3789=CARTESIAN_POINT('Ctrl Pts',(26.7256547980764,26.5181484501833,7.82285725044706));
#3790=CARTESIAN_POINT('Ctrl Pts',(25.4064143667717,26.4783104686966,7.85127081484171));
#3791=CARTESIAN_POINT('Ctrl Pts',(24.7435574048663,26.4566241081839,8.0002198951142));
#3792=CARTESIAN_POINT('Ctrl Pts',(23.5388292515384,26.413886703355,8.53895877796696));
#3793=CARTESIAN_POINT('Ctrl Pts',(23.0045208461288,26.3935222740242,8.91435935418738));
#3794=CARTESIAN_POINT('Ctrl Pts',(22.0891217481698,26.3537150192394,9.86517175108559));
#3795=CARTESIAN_POINT('Ctrl Pts',(21.7241979246266,26.3320323921592,10.4384443087239));
#3796=CARTESIAN_POINT('Ctrl Pts',(21.2602576015241,26.2901951647745,11.6440795967728));
#3797=CARTESIAN_POINT('Ctrl Pts',(21.1462341263333,26.2704113495004,12.2578380946951));
#3798=CARTESIAN_POINT('Ctrl Pts',(21.1462341263333,26.2518829370525,12.8768829371192));
#3799=CARTESIAN_POINT('',(31.2287658763333,26.2518829370525,12.8768829371192));
#3800=CARTESIAN_POINT('Origin',(26.1875000013333,26.2518829370525,12.8768829371192));
#3801=CARTESIAN_POINT('',(31.2287658763333,26.1268829370525,12.8768829371192));
#3802=CARTESIAN_POINT('',(31.2287658763333,23.8143829384525,12.8768829371192));
#3803=CARTESIAN_POINT('',(21.1462341263333,26.1268829370525,12.8768829371192));
#3804=CARTESIAN_POINT('Origin',(26.1875000013333,26.1268829370525,12.8768829371192));
#3805=CARTESIAN_POINT('Origin',(26.1875000013333,26.1268829370525,12.8768829371192));
#3806=CARTESIAN_POINT('',(22.6227867153333,26.2518829370525,9.3121696511192));
#3807=CARTESIAN_POINT('Origin',(26.1875000013333,26.2518829370525,12.8768829371192));
#3808=CARTESIAN_POINT('Ctrl Pts',(31.2287658763333,26.6268829370525,12.8768829371192));
#3809=CARTESIAN_POINT('Ctrl Pts',(31.2287658763333,26.5643829370525,10.7887222401192));
#3810=CARTESIAN_POINT('Ctrl Pts',(29.7522132873333,26.5018829370525,9.3121696511192));
#3811=CARTESIAN_POINT('Ctrl Pts',(28.2756606983333,26.4393829370525,7.8356170621192));
#3812=CARTESIAN_POINT('Ctrl Pts',(26.1875000013333,26.3768829370525,7.8356170621192));
#3813=CARTESIAN_POINT('Ctrl Pts',(24.0993393043333,26.3143829370525,7.8356170621192));
#3814=CARTESIAN_POINT('Ctrl Pts',(22.6227867153333,26.2518829370525,9.3121696511192));
#3815=CARTESIAN_POINT('Origin',(26.1875000013333,23.8143829384525,12.8768829371192));
#3816=CARTESIAN_POINT('',(31.2287658763333,27.7518829370525,12.8768829371192));
#3817=CARTESIAN_POINT('',(31.2287658763333,27.6268829370525,12.8768829371192));
#3818=CARTESIAN_POINT('',(31.2287658763333,23.8143829384525,12.8768829371192));
#3819=CARTESIAN_POINT('Ctrl Pts',(31.2287658763333,27.7518829370525,12.8768829371192));
#3820=CARTESIAN_POINT('Ctrl Pts',(31.2287658763333,27.7489166549935,12.7777777593319));
#3821=CARTESIAN_POINT('Ctrl Pts',(31.2258434893913,27.7459113140239,12.6785780933356));
#3822=CARTESIAN_POINT('Ctrl Pts',(31.180439123832,27.7223577555367,11.9104473555898));
#3823=CARTESIAN_POINT('Ctrl Pts',(31.0079044884516,27.7006322502372,11.256052000783));
#3824=CARTESIAN_POINT('Ctrl Pts',(30.427879200949,27.6580921613353,10.075017674022));
#3825=CARTESIAN_POINT('Ctrl Pts',(30.0345481957891,27.6383504045169,9.55552172273206));
#3826=CARTESIAN_POINT('Ctrl Pts',(29.0548918446202,27.5981327037572,8.6766514139436));
#3827=CARTESIAN_POINT('Ctrl Pts',(28.471503394385,27.5764106356707,8.33296819391923));
#3828=CARTESIAN_POINT('Ctrl Pts',(27.2278115508838,27.5338434718773,7.90202766696761));
#3829=CARTESIAN_POINT('Ctrl Pts',(26.5826341987028,27.5140295364209,7.80980761000788));
#3830=CARTESIAN_POINT('Ctrl Pts',(25.2677059008197,27.4738639601237,7.87505546608166));
#3831=CARTESIAN_POINT('Ctrl Pts',(24.6110997664146,27.452145587562,8.0416774789179));
#3832=CARTESIAN_POINT('Ctrl Pts',(23.4240285263681,27.409553252331,8.61134257066183));
#3833=CARTESIAN_POINT('Ctrl Pts',(22.9007941538416,27.3896687689609,9.0001421565762));
#3834=CARTESIAN_POINT('Ctrl Pts',(22.0126284030561,27.3495527368048,9.97255140350478));
#3835=CARTESIAN_POINT('Ctrl Pts',(21.6635328861767,27.3278382479089,10.5534447818932));
#3836=CARTESIAN_POINT('Ctrl Pts',(21.221652005922,27.2852225397969,11.7942268760857));
#3837=CARTESIAN_POINT('Ctrl Pts',(21.1239161959452,27.2652694413485,12.4388765722979));
#3838=CARTESIAN_POINT('Ctrl Pts',(21.1781368863891,27.2252003938808,13.7551473884027));
#3839=CARTESIAN_POINT('Ctrl Pts',(21.3394815872618,27.2034899144947,14.4136757414872));
#3840=CARTESIAN_POINT('Ctrl Pts',(21.8999063012587,27.1608525279563,15.6060796612298));
#3841=CARTESIAN_POINT('Ctrl Pts',(22.2846828537189,27.1408329946177,16.1326359664548));
#3842=CARTESIAN_POINT('Ctrl Pts',(23.2506332175226,27.1008084091277,17.0290187291995));
#3843=CARTESIAN_POINT('Ctrl Pts',(23.8292760748829,27.079102010305,17.3828949371026));
#3844=CARTESIAN_POINT('Ctrl Pts',(25.0674399653191,27.0364445372186,17.8344654938012));
#3845=CARTESIAN_POINT('Ctrl Pts',(25.7116245684219,27.0163609452416,17.9370837059864));
#3846=CARTESIAN_POINT('Ctrl Pts',(27.0290455917644,26.9763783495597,17.892613084472));
#3847=CARTESIAN_POINT('Ctrl Pts',(27.6892373324152,26.9546760549449,17.7359443421399));
#3848=CARTESIAN_POINT('Ctrl Pts',(28.8863231591258,26.9119999872923,17.183702722946));
#3849=CARTESIAN_POINT('Ctrl Pts',(29.415811819226,26.8918548619027,16.8024747324222));
#3850=CARTESIAN_POINT('Ctrl Pts',(30.3194141201011,26.8519118460125,15.8422400861334));
#3851=CARTESIAN_POINT('Ctrl Pts',(30.6774874079041,26.8302136386227,15.2656093966396));
#3852=CARTESIAN_POINT('Ctrl Pts',(31.1216121866757,26.7890025797331,14.0726868884321));
#3853=CARTESIAN_POINT('Ctrl Pts',(31.2287658763333,26.7698442996506,13.4769823201904));
#3854=CARTESIAN_POINT('Ctrl Pts',(31.2287658763333,26.7518829370525,12.8768829371192));
#3855=CARTESIAN_POINT('Ctrl Pts',(31.2287658763333,27.6268829370525,12.8768829371192));
#3856=CARTESIAN_POINT('Ctrl Pts',(31.2287658763333,27.5643829370525,10.7887222401192));
#3857=CARTESIAN_POINT('Ctrl Pts',(29.7522132873333,27.5018829370525,9.3121696511192));
#3858=CARTESIAN_POINT('Ctrl Pts',(28.2756606983333,27.4393829370525,7.8356170621192));
#3859=CARTESIAN_POINT('Ctrl Pts',(26.1875000013333,27.3768829370525,7.8356170621192));
#3860=CARTESIAN_POINT('Ctrl Pts',(24.0993393043333,27.3143829370525,7.8356170621192));
#3861=CARTESIAN_POINT('Ctrl Pts',(22.6227867153333,27.2518829370525,9.3121696511192));
#3862=CARTESIAN_POINT('Ctrl Pts',(21.1462341263333,27.1893829370525,10.7887222401192));
#3863=CARTESIAN_POINT('Ctrl Pts',(21.1462341263333,27.1268829370525,12.8768829371192));
#3864=CARTESIAN_POINT('Ctrl Pts',(21.1462341263333,27.0643829370525,14.9650436341192));
#3865=CARTESIAN_POINT('Ctrl Pts',(22.6227867153333,27.0018829370525,16.4415962231192));
#3866=CARTESIAN_POINT('Ctrl Pts',(24.0993393043333,26.9393829370525,17.9181488121192));
#3867=CARTESIAN_POINT('Ctrl Pts',(26.1875000013333,26.8768829370525,17.9181488121192));
#3868=CARTESIAN_POINT('Ctrl Pts',(28.2756606983333,26.8143829370525,17.9181488121192));
#3869=CARTESIAN_POINT('Ctrl Pts',(29.7522132873333,26.7518829370525,16.4415962231192));
#3870=CARTESIAN_POINT('Ctrl Pts',(31.2287658763333,26.6893829370525,14.9650436341192));
#3871=CARTESIAN_POINT('Ctrl Pts',(31.2287658763333,26.6268829370525,12.8768829371192));
#3872=CARTESIAN_POINT('Origin',(26.1875000013333,23.8143829384525,12.8768829371192));
#3873=CARTESIAN_POINT('',(31.2287658763333,28.7518829370525,12.8768829371192));
#3874=CARTESIAN_POINT('',(31.2287658763333,28.6268829370525,12.8768829371192));
#3875=CARTESIAN_POINT('',(31.2287658763333,23.8143829384525,12.8768829371192));
#3876=CARTESIAN_POINT('Ctrl Pts',(31.2287658763333,28.7518829370525,12.8768829371191));
#3877=CARTESIAN_POINT('Ctrl Pts',(31.2287658763333,28.7464578505399,12.6956276981843));
#3878=CARTESIAN_POINT('Ctrl Pts',(31.2189908678724,28.7409056636415,12.5141749038378));
#3879=CARTESIAN_POINT('Ctrl Pts',(31.1274734997428,28.7145150722262,11.6703579066231));
#3880=CARTESIAN_POINT('Ctrl Pts',(30.9247423725279,28.6927821454678,11.0282223930682));
#3881=CARTESIAN_POINT('Ctrl Pts',(30.2916276935495,28.6505387815514,9.87909216352827));
#3882=CARTESIAN_POINT('Ctrl Pts',(29.8747003941589,28.6313776471786,9.37900407534981));
#3883=CARTESIAN_POINT('Ctrl Pts',(28.8578365075432,28.5906544148993,8.54918440265104));
#3884=CARTESIAN_POINT('Ctrl Pts',(28.2621706799933,28.5689195057849,8.23410563286299));
#3885=CARTESIAN_POINT('Ctrl Pts',(27.0040148979302,28.52663049959,7.86052040502367));
#3886=CARTESIAN_POINT('Ctrl Pts',(26.3560222150864,28.5074019749883,7.79729867431113));
#3887=CARTESIAN_POINT('Ctrl Pts',(25.0489144129212,28.4667496958875,7.92068444906588));
#3888=CARTESIAN_POINT('Ctrl Pts',(24.403158968177,28.4450138546713,8.11491137020418));
#3889=CARTESIAN_POINT('Ctrl Pts',(23.2448564028614,28.4026817772574,8.73303772500022));
#3890=CARTESIAN_POINT('Ctrl Pts',(22.739244041905,28.3833830257302,9.14323618066595));
#3891=CARTESIAN_POINT('Ctrl Pts',(21.8953305795992,28.3427997548898,10.1495860368873));
#3892=CARTESIAN_POINT('Ctrl Pts',(21.5720284313594,28.3210639198482,10.7418765653055));
#3893=CARTESIAN_POINT('Ctrl Pts',(21.182028369417,28.2786912945131,11.9960268636857));
#3894=CARTESIAN_POINT('Ctrl Pts',(21.1104903410869,28.2593202107803,12.6432049346533));
#3895=CARTESIAN_POINT('Ctrl Pts',(21.2171807346202,28.2188038331136,13.9526876456048));
#3896=CARTESIAN_POINT('Ctrl Pts',(21.4035206083419,28.1970688312449,14.6016819692682));
#3897=CARTESIAN_POINT('Ctrl Pts',(22.0077745191514,28.1546581188106,15.7683579299791));
#3898=CARTESIAN_POINT('Ctrl Pts',(22.4117933152333,28.1352132917984,16.2790508231788));
#3899=CARTESIAN_POINT('Ctrl Pts',(23.4084176640291,28.0947615493616,17.1358346230184));
#3900=CARTESIAN_POINT('Ctrl Pts',(23.9975187973607,28.0730280988247,17.4666443173761));
#3901=CARTESIAN_POINT('Ctrl Pts',(25.2479063112143,28.0305816850885,17.871680335906));
#3902=CARTESIAN_POINT('Ctrl Pts',(25.894344579237,28.0110623519706,17.9508229551512));
#3903=CARTESIAN_POINT('Ctrl Pts',(27.2059055993634,27.9706728712763,17.8593855858679));
#3904=CARTESIAN_POINT('Ctrl Pts',(27.8577725596818,27.948941585652,17.6802806237417));
#3905=CARTESIAN_POINT('Ctrl Pts',(29.0320198404453,27.906461771519,17.0887317359225));
#3906=CARTESIAN_POINT('Ctrl Pts',(29.5473396833884,27.8868677653294,16.6903336126765));
#3907=CARTESIAN_POINT('Ctrl Pts',(30.4157666217053,27.8465380838599,15.7026101363626));
#3908=CARTESIAN_POINT('Ctrl Pts',(30.7533647548791,27.8248094775269,15.1164827140738));
#3909=CARTESIAN_POINT('Ctrl Pts',(31.1404185079486,27.7855092848638,13.9637637449925));
#3910=CARTESIAN_POINT('Ctrl Pts',(31.2287658763333,27.7681921816825,13.4217841152657));
#3911=CARTESIAN_POINT('Ctrl Pts',(31.2287658763333,27.7518829370525,12.8768829371192));
#3912=CARTESIAN_POINT('Ctrl Pts',(31.2287658763333,28.6268829370525,12.8768829371192));
#3913=CARTESIAN_POINT('Ctrl Pts',(31.2287658763333,28.5643829370525,10.7887222401192));
#3914=CARTESIAN_POINT('Ctrl Pts',(29.7522132873333,28.5018829370525,9.3121696511192));
#3915=CARTESIAN_POINT('Ctrl Pts',(28.2756606983333,28.4393829370525,7.8356170621192));
#3916=CARTESIAN_POINT('Ctrl Pts',(26.1875000013333,28.3768829370525,7.8356170621192));
#3917=CARTESIAN_POINT('Ctrl Pts',(24.0993393043333,28.3143829370525,7.8356170621192));
#3918=CARTESIAN_POINT('Ctrl Pts',(22.6227867153333,28.2518829370525,9.3121696511192));
#3919=CARTESIAN_POINT('Ctrl Pts',(21.1462341263333,28.1893829370525,10.7887222401192));
#3920=CARTESIAN_POINT('Ctrl Pts',(21.1462341263333,28.1268829370525,12.8768829371192));
#3921=CARTESIAN_POINT('Ctrl Pts',(21.1462341263333,28.0643829370525,14.9650436341192));
#3922=CARTESIAN_POINT('Ctrl Pts',(22.6227867153333,28.0018829370525,16.4415962231192));
#3923=CARTESIAN_POINT('Ctrl Pts',(24.0993393043333,27.9393829370525,17.9181488121192));
#3924=CARTESIAN_POINT('Ctrl Pts',(26.1875000013333,27.8768829370525,17.9181488121192));
#3925=CARTESIAN_POINT('Ctrl Pts',(28.2756606983333,27.8143829370525,17.9181488121192));
#3926=CARTESIAN_POINT('Ctrl Pts',(29.7522132873333,27.7518829370525,16.4415962231192));
#3927=CARTESIAN_POINT('Ctrl Pts',(31.2287658763333,27.6893829370525,14.9650436341192));
#3928=CARTESIAN_POINT('Ctrl Pts',(31.2287658763333,27.6268829370525,12.8768829371192));
#3929=CARTESIAN_POINT('Origin',(26.1875000013333,23.8143829384525,12.8768829371192));
#3930=CARTESIAN_POINT('',(31.2287658763333,29.7518829370525,12.8768829371192));
#3931=CARTESIAN_POINT('',(31.2287658763333,29.6268829370525,12.8768829371192));
#3932=CARTESIAN_POINT('',(31.2287658763333,23.8143829384525,12.8768829371192));
#3933=CARTESIAN_POINT('Ctrl Pts',(31.2287658763333,29.7518829370525,12.8768829371192));
#3934=CARTESIAN_POINT('Ctrl Pts',(31.2287658763333,29.7432162679278,12.5873245716789));
#3935=CARTESIAN_POINT('Ctrl Pts',(31.2038197664691,29.734237030414,12.2976561348593));
#3936=CARTESIAN_POINT('Ctrl Pts',(31.040075018407,29.7040933757598,11.3583647115575));
#3937=CARTESIAN_POINT('Ctrl Pts',(30.7987057000196,29.6824258281367,10.7344180150324));
#3938=CARTESIAN_POINT('Ctrl Pts',(30.0969521085116,29.6406391798784,9.62897808499243));
#3939=CARTESIAN_POINT('Ctrl Pts',(29.6484501190743,29.6218251780259,9.15471596982131));
#3940=CARTESIAN_POINT('Ctrl Pts',(28.5834168236608,29.5804927721988,8.39205144420563));
#3941=CARTESIAN_POINT('Ctrl Pts',(27.9733318620358,29.5588115457642,8.11611360201814));
#3942=CARTESIAN_POINT('Ctrl Pts',(26.6976797992456,29.5169594842973,7.82001220501677));
#3943=CARTESIAN_POINT('Ctrl Pts',(26.0457418004432,29.4981272278812,7.79631894659862));
#3944=CARTESIAN_POINT('Ctrl Pts',(24.7514003642151,29.4568723863001,7.99912829799095));
#3945=CARTESIAN_POINT('Ctrl Pts',(24.1223951791339,29.4351791517271,8.23035726056011));
#3946=CARTESIAN_POINT('Ctrl Pts',(23.0051527091786,29.3932638400281,8.91399502597289));
#3947=CARTESIAN_POINT('Ctrl Pts',(22.5239828468288,29.3744049403387,9.35403503497337));
#3948=CARTESIAN_POINT('Ctrl Pts',(21.7431647323004,29.3332278684714,10.4063590713534));
#3949=CARTESIAN_POINT('Ctrl Pts',(21.4566609427362,29.3115242694531,11.0128149550663));
#3950=CARTESIAN_POINT('Ctrl Pts',(21.1397334062809,29.269548011674,12.283990018155));
#3951=CARTESIAN_POINT('Ctrl Pts',(21.105363751151,29.2506545937075,12.9348516535159));
#3952=CARTESIAN_POINT('Ctrl Pts',(21.2867260472809,29.2095551806094,14.2328837965014));
#3953=CARTESIAN_POINT('Ctrl Pts',(21.508054097458,29.1878428147933,14.8666292595315));
#3954=CARTESIAN_POINT('Ctrl Pts',(22.1740795944609,29.1458080292867,15.9951586580839));
#3955=CARTESIAN_POINT('Ctrl Pts',(22.6059836854309,29.1268728167374,16.4829786346558));
#3956=CARTESIAN_POINT('Ctrl Pts',(23.6459462628901,29.0858506402879,17.2811460472577));
#3957=CARTESIAN_POINT('Ctrl Pts',(24.2487486954835,29.0641310420482,17.5777605493217));
#3958=CARTESIAN_POINT('Ctrl Pts',(25.5154723593696,29.0220402341148,17.9146743586082));
#3959=CARTESIAN_POINT('Ctrl Pts',(26.1653118520894,29.0030566181449,17.959251296393));
#3960=CARTESIAN_POINT('Ctrl Pts',(27.4667040879384,28.9621109552478,17.7984025123281));
#3961=CARTESIAN_POINT('Ctrl Pts',(28.1048337306186,28.940385581039,17.5866095478741));
#3962=CARTESIAN_POINT('Ctrl Pts',(29.2440208485691,28.89824131652,16.9374834566208));
#3963=CARTESIAN_POINT('Ctrl Pts',(29.7381650385489,28.8792034074008,16.5133054869254));
#3964=CARTESIAN_POINT('Ctrl Pts',(30.5527084567345,28.8383332483377,15.485205060764));
#3965=CARTESIAN_POINT('Ctrl Pts',(30.858874111518,28.8166034644516,14.8860185369));
#3966=CARTESIAN_POINT('Ctrl Pts',(31.1653674675536,28.7802611498984,13.798754755774));
#3967=CARTESIAN_POINT('Ctrl Pts',(31.2287658763333,28.765698928731,13.3384831101292));
#3968=CARTESIAN_POINT('Ctrl Pts',(31.2287658763333,28.7518829370525,12.8768829371191));
#3969=CARTESIAN_POINT('Ctrl Pts',(31.2287658763333,29.6268829370525,12.8768829371192));
#3970=CARTESIAN_POINT('Ctrl Pts',(31.2287658763333,29.5643829370525,10.7887222401192));
#3971=CARTESIAN_POINT('Ctrl Pts',(29.7522132873333,29.5018829370525,9.3121696511192));
#3972=CARTESIAN_POINT('Ctrl Pts',(28.2756606983333,29.4393829370525,7.8356170621192));
#3973=CARTESIAN_POINT('Ctrl Pts',(26.1875000013333,29.3768829370525,7.8356170621192));
#3974=CARTESIAN_POINT('Ctrl Pts',(24.0993393043333,29.3143829370525,7.8356170621192));
#3975=CARTESIAN_POINT('Ctrl Pts',(22.6227867153333,29.2518829370525,9.3121696511192));
#3976=CARTESIAN_POINT('Ctrl Pts',(21.1462341263333,29.1893829370525,10.7887222401192));
#3977=CARTESIAN_POINT('Ctrl Pts',(21.1462341263333,29.1268829370525,12.8768829371192));
#3978=CARTESIAN_POINT('Ctrl Pts',(21.1462341263333,29.0643829370525,14.9650436341192));
#3979=CARTESIAN_POINT('Ctrl Pts',(22.6227867153333,29.0018829370525,16.4415962231192));
#3980=CARTESIAN_POINT('Ctrl Pts',(24.0993393043333,28.9393829370525,17.9181488121192));
#3981=CARTESIAN_POINT('Ctrl Pts',(26.1875000013333,28.8768829370525,17.9181488121192));
#3982=CARTESIAN_POINT('Ctrl Pts',(28.2756606983333,28.8143829370525,17.9181488121192));
#3983=CARTESIAN_POINT('Ctrl Pts',(29.7522132873333,28.7518829370525,16.4415962231192));
#3984=CARTESIAN_POINT('Ctrl Pts',(31.2287658763333,28.6893829370525,14.9650436341192));
#3985=CARTESIAN_POINT('Ctrl Pts',(31.2287658763333,28.6268829370525,12.8768829371192));
#3986=CARTESIAN_POINT('Origin',(26.1875000013333,23.8143829384525,12.8768829371192));
#3987=CARTESIAN_POINT('',(31.2287658763333,30.7518829370525,12.8768829371192));
#3988=CARTESIAN_POINT('',(31.2287658763333,30.6268829370525,12.8768829371192));
#3989=CARTESIAN_POINT('',(31.2287658763333,23.8143829384525,12.8768829371192));
#3990=CARTESIAN_POINT('Ctrl Pts',(31.2287658763333,30.7518829370525,12.8768829371192));
#3991=CARTESIAN_POINT('Ctrl Pts',(31.2287658763333,30.7398034906317,12.4733017330009));
#3992=CARTESIAN_POINT('Ctrl Pts',(31.1803040084823,30.7271412377202,12.0703221940457));
#3993=CARTESIAN_POINT('Ctrl Pts',(30.9257324728777,30.6929010786187,11.0317859045978));
#3994=CARTESIAN_POINT('Ctrl Pts',(30.6417931471919,30.6712023817439,10.4244315681534));
#3995=CARTESIAN_POINT('Ctrl Pts',(29.8653786148257,30.6299869980622,9.36900348823999));
#3996=CARTESIAN_POINT('Ctrl Pts',(29.3858889760303,30.611142239991,8.92690614708473));
#3997=CARTESIAN_POINT('Ctrl Pts',(28.2715103185413,30.5692578028702,8.23884487957505));
#3998=CARTESIAN_POINT('Ctrl Pts',(27.6437232016651,30.5475702754308,8.00513557998115));
#3999=CARTESIAN_POINT('Ctrl Pts',(26.3503395540986,30.5062771835417,7.79692864338215));
#4000=CARTESIAN_POINT('Ctrl Pts',(25.6981295101918,30.4874549951522,7.81793364375514));
#4001=CARTESIAN_POINT('Ctrl Pts',(24.421378785378,30.4456348929881,8.10880479155197));
#4002=CARTESIAN_POINT('Ctrl Pts',(23.810410998423,30.4239601944954,8.38208476040774));
#4003=CARTESIAN_POINT('Ctrl Pts',(22.7422135482114,30.3825897562209,9.14017804869679));
#4004=CARTESIAN_POINT('Ctrl Pts',(22.2915886165128,30.3637815315141,9.61270834931285));
#4005=CARTESIAN_POINT('Ctrl Pts',(21.5853227359534,30.322027847871,10.7151778608148));
#4006=CARTESIAN_POINT('Ctrl Pts',(21.3414351375076,30.3003676546613,11.3378357360256));
#4007=CARTESIAN_POINT('Ctrl Pts',(21.1109686797364,30.2589205467956,12.627144949755));
#4008=CARTESIAN_POINT('Ctrl Pts',(21.1208791383246,30.2401173191952,13.2804813295754));
#4009=CARTESIAN_POINT('Ctrl Pts',(21.3902271395865,30.1984319574671,14.5616454786522));
#4010=CARTESIAN_POINT('Ctrl Pts',(21.652553478412,30.1767879414349,15.1761252891915));
#4011=CARTESIAN_POINT('Ctrl Pts',(22.3917837230202,30.1352651484471,16.2572263259296));
#4012=CARTESIAN_POINT('Ctrl Pts',(22.8571977654078,30.1164577073588,16.716579563527));
#4013=CARTESIAN_POINT('Ctrl Pts',(23.9474179577243,30.0748423664442,17.4412591570055));
#4014=CARTESIAN_POINT('Ctrl Pts',(24.5646970472928,30.053216172924,17.6953898770051));
#4015=CARTESIAN_POINT('Ctrl Pts',(25.8493927567731,30.0116277421029,17.9483934648598));
#4016=CARTESIAN_POINT('Ctrl Pts',(26.5035941964709,29.9928145966927,17.9498130682632));
#4017=CARTESIAN_POINT('Ctrl Pts',(27.7896526567998,29.9512538693807,17.7023340233048));
#4018=CARTESIAN_POINT('Ctrl Pts',(28.4082759856841,29.9296186941346,17.4507241227257));
#4019=CARTESIAN_POINT('Ctrl Pts',(29.5015360111648,29.8879686653492,16.7305854018582));
#4020=CARTESIAN_POINT('Ctrl Pts',(29.9687124505127,29.8691644612164,16.2733944259877));
#4021=CARTESIAN_POINT('Ctrl Pts',(30.7126257947711,29.8276788056018,15.1954739740304));
#4022=CARTESIAN_POINT('Ctrl Pts',(30.9776693153403,29.8060266135784,14.5818464928932));
#4023=CARTESIAN_POINT('Ctrl Pts',(31.1913256473162,29.7735761456269,13.586157175045));
#4024=CARTESIAN_POINT('Ctrl Pts',(31.2287658763333,29.7625003471349,13.2316166721266));
#4025=CARTESIAN_POINT('Ctrl Pts',(31.2287658763333,29.7518829370525,12.8768829371192));
#4026=CARTESIAN_POINT('Ctrl Pts',(31.2287658763333,30.6268829370525,12.8768829371192));
#4027=CARTESIAN_POINT('Ctrl Pts',(31.2287658763333,30.5643829370525,10.7887222401192));
#4028=CARTESIAN_POINT('Ctrl Pts',(29.7522132873333,30.5018829370525,9.3121696511192));
#4029=CARTESIAN_POINT('Ctrl Pts',(28.2756606983333,30.4393829370525,7.8356170621192));
#4030=CARTESIAN_POINT('Ctrl Pts',(26.1875000013333,30.3768829370525,7.8356170621192));
#4031=CARTESIAN_POINT('Ctrl Pts',(24.0993393043333,30.3143829370525,7.8356170621192));
#4032=CARTESIAN_POINT('Ctrl Pts',(22.6227867153333,30.2518829370525,9.3121696511192));
#4033=CARTESIAN_POINT('Ctrl Pts',(21.1462341263333,30.1893829370525,10.7887222401192));
#4034=CARTESIAN_POINT('Ctrl Pts',(21.1462341263333,30.1268829370525,12.8768829371192));
#4035=CARTESIAN_POINT('Ctrl Pts',(21.1462341263333,30.0643829370525,14.9650436341192));
#4036=CARTESIAN_POINT('Ctrl Pts',(22.6227867153333,30.0018829370525,16.4415962231192));
#4037=CARTESIAN_POINT('Ctrl Pts',(24.0993393043333,29.9393829370525,17.9181488121192));
#4038=CARTESIAN_POINT('Ctrl Pts',(26.1875000013333,29.8768829370525,17.9181488121192));
#4039=CARTESIAN_POINT('Ctrl Pts',(28.2756606983333,29.8143829370525,17.9181488121192));
#4040=CARTESIAN_POINT('Ctrl Pts',(29.7522132873333,29.7518829370525,16.4415962231192));
#4041=CARTESIAN_POINT('Ctrl Pts',(31.2287658763333,29.6893829370525,14.9650436341192));
#4042=CARTESIAN_POINT('Ctrl Pts',(31.2287658763333,29.6268829370525,12.8768829371192));
#4043=CARTESIAN_POINT('Origin',(26.1875000013333,23.8143829384525,12.8768829371192));
#4044=CARTESIAN_POINT('',(31.2287658763333,31.7518829370525,12.8768829371192));
#4045=CARTESIAN_POINT('',(31.2287658763333,31.6268829370525,12.8768829371192));
#4046=CARTESIAN_POINT('',(31.2287658763333,23.8143829384525,12.8768829371192));
#4047=CARTESIAN_POINT('Ctrl Pts',(31.2287658763333,31.7518829370525,12.8768829371193));
#4048=CARTESIAN_POINT('Ctrl Pts',(31.2287658763333,31.7368690615721,12.3752607821134));
#4049=CARTESIAN_POINT('Ctrl Pts',(31.153896200472,31.7209870231548,11.8756448426311));
#4050=CARTESIAN_POINT('Ctrl Pts',(30.8095586082692,31.6832135740304,10.7562416335091));
#4051=CARTESIAN_POINT('Ctrl Pts',(30.4882158610948,31.6614776257221,10.1631357098494));
#4052=CARTESIAN_POINT('Ctrl Pts',(29.6476607597213,31.6208606187143,9.15426763003602));
#4053=CARTESIAN_POINT('Ctrl Pts',(29.1433684042503,31.6015967658249,8.74246223000564));
#4054=CARTESIAN_POINT('Ctrl Pts',(27.9872512752123,31.5592855847773,8.12074527309161));
#4055=CARTESIAN_POINT('Ctrl Pts',(27.3423515996978,31.5375500784398,7.92447935447373));
#4056=CARTESIAN_POINT('Ctrl Pts',(26.0358766912525,31.4968630822183,7.7967653477825));
#4057=CARTESIAN_POINT('Ctrl Pts',(25.3876719783296,31.4776681523543,7.85783208581828));
#4058=CARTESIAN_POINT('Ctrl Pts',(24.1284968401989,31.4354013039984,8.22716911476439));
#4059=CARTESIAN_POINT('Ctrl Pts',(23.5319756500797,31.4136672331419,8.54011524358658));
#4060=CARTESIAN_POINT('Ctrl Pts',(22.5124082828738,31.3729083966026,9.36627998631575));
#4061=CARTESIAN_POINT('Ctrl Pts',(22.093742268541,31.353779182302,9.86494190867693));
#4062=CARTESIAN_POINT('Ctrl Pts',(21.4567747734553,31.3115592549027,11.011693221463));
#4063=CARTESIAN_POINT('Ctrl Pts',(21.2518608228298,31.2898277244201,11.6528779292461));
#4064=CARTESIAN_POINT('Ctrl Pts',(21.105731251486,31.2489954064329,12.9565801442282));
#4065=CARTESIAN_POINT('Ctrl Pts',(21.157632161152,31.2299279339658,13.6056909092943));
#4066=CARTESIAN_POINT('Ctrl Pts',(21.5089275845477,31.1877575368202,14.8691166350972));
#4067=CARTESIAN_POINT('Ctrl Pts',(21.8127976376461,31.1660297602721,15.4691869624374));
#4068=CARTESIAN_POINT('Ctrl Pts',(22.6234059286927,31.1251225547132,16.5001551166177));
#4069=CARTESIAN_POINT('Ctrl Pts',(23.1160260483433,31.1061120774531,16.9261939483626));
#4070=CARTESIAN_POINT('Ctrl Pts',(24.2526519216253,31.0639938199476,17.5794056973746));
#4071=CARTESIAN_POINT('Ctrl Pts',(24.889736347673,31.0422711141257,17.7935068043788));
#4072=CARTESIAN_POINT('Ctrl Pts',(26.1903322815364,31.0012878726301,17.9593091302168));
#4073=CARTESIAN_POINT('Ctrl Pts',(26.8404179101515,30.9823288799133,17.9171968670816));
#4074=CARTESIAN_POINT('Ctrl Pts',(28.1082318252865,30.9402653487648,17.5851153083839));
#4075=CARTESIAN_POINT('Ctrl Pts',(28.711932885249,30.9185491257416,17.2909425294824));
#4076=CARTESIAN_POINT('Ctrl Pts',(29.7548989460357,30.8774889777272,16.4969633699333));
#4077=CARTESIAN_POINT('Ctrl Pts',(30.1887716460777,30.8585752202586,16.0107533409185));
#4078=CARTESIAN_POINT('Ctrl Pts',(30.8590760622543,30.8165689547128,14.8849491975257));
#4079=CARTESIAN_POINT('Ctrl Pts',(31.0828131374428,30.7948607109837,14.2523393069747));
#4080=CARTESIAN_POINT('Ctrl Pts',(31.2116796044022,30.7664458464729,13.3563606929126));
#4081=CARTESIAN_POINT('Ctrl Pts',(31.2287658763333,30.7590554933415,13.1165221393543));
#4082=CARTESIAN_POINT('Ctrl Pts',(31.2287658763333,30.7518829370525,12.8768829371192));
#4083=CARTESIAN_POINT('Ctrl Pts',(31.2287658763333,31.6268829370525,12.8768829371192));
#4084=CARTESIAN_POINT('Ctrl Pts',(31.2287658763333,31.5643829370525,10.7887222401192));
#4085=CARTESIAN_POINT('Ctrl Pts',(29.7522132873333,31.5018829370525,9.3121696511192));
#4086=CARTESIAN_POINT('Ctrl Pts',(28.2756606983333,31.4393829370525,7.8356170621192));
#4087=CARTESIAN_POINT('Ctrl Pts',(26.1875000013333,31.3768829370525,7.8356170621192));
#4088=CARTESIAN_POINT('Ctrl Pts',(24.0993393043333,31.3143829370525,7.8356170621192));
#4089=CARTESIAN_POINT('Ctrl Pts',(22.6227867153333,31.2518829370525,9.3121696511192));
#4090=CARTESIAN_POINT('Ctrl Pts',(21.1462341263333,31.1893829370525,10.7887222401192));
#4091=CARTESIAN_POINT('Ctrl Pts',(21.1462341263333,31.1268829370525,12.8768829371192));
#4092=CARTESIAN_POINT('Ctrl Pts',(21.1462341263333,31.0643829370525,14.9650436341192));
#4093=CARTESIAN_POINT('Ctrl Pts',(22.6227867153333,31.0018829370525,16.4415962231192));
#4094=CARTESIAN_POINT('Ctrl Pts',(24.0993393043333,30.9393829370525,17.9181488121192));
#4095=CARTESIAN_POINT('Ctrl Pts',(26.1875000013333,30.8768829370525,17.9181488121192));
#4096=CARTESIAN_POINT('Ctrl Pts',(28.2756606983333,30.8143829370525,17.9181488121192));
#4097=CARTESIAN_POINT('Ctrl Pts',(29.7522132873333,30.7518829370525,16.4415962231192));
#4098=CARTESIAN_POINT('Ctrl Pts',(31.2287658763333,30.6893829370525,14.9650436341192));
#4099=CARTESIAN_POINT('Ctrl Pts',(31.2287658763333,30.6268829370525,12.8768829371192));
#4100=CARTESIAN_POINT('Origin',(26.1875000013333,23.8143829384525,12.8768829371192));
#4101=CARTESIAN_POINT('',(31.2287658763333,32.7518829370525,12.8768829371192));
#4102=CARTESIAN_POINT('',(31.2287658763333,32.6268829370525,12.8768829371192));
#4103=CARTESIAN_POINT('',(31.2287658763333,23.8143829384525,12.8768829371192));
#4104=CARTESIAN_POINT('Ctrl Pts',(31.2287658763333,32.7518829370525,12.8768829371192));
#4105=CARTESIAN_POINT('Ctrl Pts',(31.2287658763333,32.7347516859027,12.3045180516582));
#4106=CARTESIAN_POINT('Ctrl Pts',(31.1312879505982,32.7165199687846,11.7357626484574));
#4107=CARTESIAN_POINT('Ctrl Pts',(30.7161934987752,32.6762635944327,10.5627119402044));
#4108=CARTESIAN_POINT('Ctrl Pts',(30.3683705651253,32.6545471731945,9.98122687948997));
#4109=CARTESIAN_POINT('Ctrl Pts',(29.4823910758106,32.6144070592432,9.00710746669347));
#4110=CARTESIAN_POINT('Ctrl Pts',(28.9600378110099,32.5945571007047,8.61724025807425));
#4111=CARTESIAN_POINT('Ctrl Pts',(27.7743860459597,32.5519769325616,8.0451296525349));
#4112=CARTESIAN_POINT('Ctrl Pts',(27.1182964544791,32.5302567120455,7.87711153898042));
#4113=CARTESIAN_POINT('Ctrl Pts',(25.8037312795239,32.4900657845244,7.80894219068484));
#4114=CARTESIAN_POINT('Ctrl Pts',(25.1584138230761,32.4702872184212,7.89970194401556));
#4115=CARTESIAN_POINT('Ctrl Pts',(23.9139601458831,32.4277331462014,8.32774727349386));
#4116=CARTESIAN_POINT('Ctrl Pts',(23.3299195841833,32.406009348154,8.6699956973158));
#4117=CARTESIAN_POINT('Ctrl Pts',(22.3483534505755,32.365765023005,9.54640291396647));
#4118=CARTESIAN_POINT('Ctrl Pts',(21.9538251116464,32.3460593101579,10.0649116621728));
#4119=CARTESIAN_POINT('Ctrl Pts',(21.3710709608615,32.3035332887337,11.2443456536258));
#4120=CARTESIAN_POINT('Ctrl Pts',(21.196979793612,32.2818062088341,11.8981488798155));
#4121=CARTESIAN_POINT('Ctrl Pts',(21.1160801431557,32.2415059089094,13.2110951854263));
#4122=CARTESIAN_POINT('Ctrl Pts',(21.2004812125651,32.2218741211986,13.8570247356012));
#4123=CARTESIAN_POINT('Ctrl Pts',(21.6159269356489,32.1793782089026,15.1047541843646));
#4124=CARTESIAN_POINT('Ctrl Pts',(21.9519193899392,32.1576482245662,15.6915927409426));
#4125=CARTESIAN_POINT('Ctrl Pts',(22.8175917452505,32.1172894008401,16.6814308625814));
#4126=CARTESIAN_POINT('Ctrl Pts',(23.3318142112169,32.0977321611017,17.0811614202053));
#4127=CARTESIAN_POINT('Ctrl Pts',(24.5042706243573,32.0552685167066,17.6757295881714));
#4128=CARTESIAN_POINT('Ctrl Pts',(25.1554630098249,32.0335360944248,17.8565548003955));
#4129=CARTESIAN_POINT('Ctrl Pts',(26.4665384263108,31.9931162490442,17.9516137435522));
#4130=CARTESIAN_POINT('Ctrl Pts',(27.1131519731464,31.9736336711167,17.8742773906793));
#4131=CARTESIAN_POINT('Ctrl Pts',(28.3644419193599,31.9312045493086,17.4728148065558));
#4132=CARTESIAN_POINT('Ctrl Pts',(28.9543094787967,31.9094702515899,17.1437870935338));
#4133=CARTESIAN_POINT('Ctrl Pts',(29.9532533867239,31.8689869626384,16.2900586542331));
#4134=CARTESIAN_POINT('Ctrl Pts',(30.3587423220309,31.8495785929246,15.7805750425069));
#4135=CARTESIAN_POINT('Ctrl Pts',(30.9663056883737,31.8071863374929,14.6158865628213));
#4136=CARTESIAN_POINT('Ctrl Pts',(31.1545283964031,31.7854508287979,13.9676552016212));
#4137=CARTESIAN_POINT('Ctrl Pts',(31.2228048527403,31.7604344727182,13.1601254911139));
#4138=CARTESIAN_POINT('Ctrl Pts',(31.2287658763333,31.7561194291369,13.0184265573408));
#4139=CARTESIAN_POINT('Ctrl Pts',(31.2287658763333,31.7518829370525,12.8768829371193));
#4140=CARTESIAN_POINT('Ctrl Pts',(31.2287658763333,32.6268829370525,12.8768829371192));
#4141=CARTESIAN_POINT('Ctrl Pts',(31.2287658763333,32.5643829370525,10.7887222401192));
#4142=CARTESIAN_POINT('Ctrl Pts',(29.7522132873333,32.5018829370525,9.3121696511192));
#4143=CARTESIAN_POINT('Ctrl Pts',(28.2756606983333,32.4393829370525,7.8356170621192));
#4144=CARTESIAN_POINT('Ctrl Pts',(26.1875000013333,32.3768829370525,7.8356170621192));
#4145=CARTESIAN_POINT('Ctrl Pts',(24.0993393043333,32.3143829370525,7.8356170621192));
#4146=CARTESIAN_POINT('Ctrl Pts',(22.6227867153333,32.2518829370525,9.3121696511192));
#4147=CARTESIAN_POINT('Ctrl Pts',(21.1462341263333,32.1893829370525,10.7887222401192));
#4148=CARTESIAN_POINT('Ctrl Pts',(21.1462341263333,32.1268829370525,12.8768829371192));
#4149=CARTESIAN_POINT('Ctrl Pts',(21.1462341263333,32.0643829370525,14.9650436341192));
#4150=CARTESIAN_POINT('Ctrl Pts',(22.6227867153333,32.0018829370525,16.4415962231192));
#4151=CARTESIAN_POINT('Ctrl Pts',(24.0993393043333,31.9393829370525,17.9181488121192));
#4152=CARTESIAN_POINT('Ctrl Pts',(26.1875000013333,31.8768829370525,17.9181488121192));
#4153=CARTESIAN_POINT('Ctrl Pts',(28.2756606983333,31.8143829370525,17.9181488121192));
#4154=CARTESIAN_POINT('Ctrl Pts',(29.7522132873333,31.7518829370525,16.4415962231192));
#4155=CARTESIAN_POINT('Ctrl Pts',(31.2287658763333,31.6893829370525,14.9650436341192));
#4156=CARTESIAN_POINT('Ctrl Pts',(31.2287658763333,31.6268829370525,12.8768829371192));
#4157=CARTESIAN_POINT('Origin',(26.1875000013333,23.8143829384525,12.8768829371192));
#4158=CARTESIAN_POINT('',(31.2287658763333,33.7518829370525,12.8768829371192));
#4159=CARTESIAN_POINT('',(31.2287658763333,33.6268829370525,12.8768829371192));
#4160=CARTESIAN_POINT('',(31.2287658763333,23.8143829384525,12.8768829371192));
#4161=CARTESIAN_POINT('Ctrl Pts',(31.2287658763333,33.7518829370525,12.8768829371192));
#4162=CARTESIAN_POINT('Ctrl Pts',(31.2287658763333,33.7334239033129,12.2601560769661));
#4163=CARTESIAN_POINT('Ctrl Pts',(31.1155921430327,33.7137087834951,11.6483407586719));
#4164=CARTESIAN_POINT('Ctrl Pts',(30.6537276769085,33.67193096172,10.4438303972499));
#4165=CARTESIAN_POINT('Ctrl Pts',(30.2895466978803,33.6502465117737,9.87018923991398));
#4166=CARTESIAN_POINT('Ctrl Pts',(29.3754276390479,33.6104243768664,8.91834947997587));
#4167=CARTESIAN_POINT('Ctrl Pts',(28.8416439342872,33.5900845935947,8.54231480154338));
#4168=CARTESIAN_POINT('Ctrl Pts',(27.6377445097909,33.5473537300238,8.00210281141649));
#4169=CARTESIAN_POINT('Ctrl Pts',(26.9751735197983,33.5256654851669,7.85231134280764));
#4170=CARTESIAN_POINT('Ctrl Pts',(25.6561268653174,33.4858116089438,7.82214788640056));
#4171=CARTESIAN_POINT('Ctrl Pts',(25.0126225052756,33.4655239038996,7.93194072656721));
#4172=CARTESIAN_POINT('Ctrl Pts',(23.7783787427208,33.4228071418276,8.39775757526796));
#4173=CARTESIAN_POINT('Ctrl Pts',(23.2031138655133,33.4011149897921,8.75863980024426));
#4174=CARTESIAN_POINT('Ctrl Pts',(22.2467285616087,33.361227244344,9.66707710808879));
#4175=CARTESIAN_POINT('Ctrl Pts',(21.8678845528584,33.3409943571017,10.1985368915887));
#4176=CARTESIAN_POINT('Ctrl Pts',(21.3211572839029,33.298292865974,11.3987562491225));
#4177=CARTESIAN_POINT('Ctrl Pts',(21.1676406320962,33.2765967149715,12.0600483665464));
#4178=CARTESIAN_POINT('Ctrl Pts',(21.1297322055534,33.2366728844157,13.3782241635605));
#4179=CARTESIAN_POINT('Ctrl Pts',(21.2356395901924,33.2164975356941,14.0220964513365));
#4180=CARTESIAN_POINT('Ctrl Pts',(21.6937403296996,33.1738125719055,15.2584739321559));
#4181=CARTESIAN_POINT('Ctrl Pts',(22.0508313681293,33.1521123557382,15.8355785974972));
#4182=CARTESIAN_POINT('Ctrl Pts',(22.9527435623115,33.1121501413913,16.7971547404332));
#4183=CARTESIAN_POINT('Ctrl Pts',(23.4815445908882,33.0920350015601,17.1792146425102));
#4184=CARTESIAN_POINT('Ctrl Pts',(24.6775346842982,33.0493679125044,17.7333773784117));
#4185=CARTESIAN_POINT('Ctrl Pts',(25.3373391910736,33.0276635960792,17.8911440650692));
#4186=CARTESIAN_POINT('Ctrl Pts',(26.6544934296373,32.9876606232877,17.9379023846963));
#4187=CARTESIAN_POINT('Ctrl Pts',(27.298787042894,32.9676082765208,17.8364302350778));
#4188=CARTESIAN_POINT('Ctrl Pts',(28.5375691083228,32.9249605046295,17.3871345842314));
#4189=CARTESIAN_POINT('Ctrl Pts',(29.1167437607383,32.9032520901644,17.0343796598803));
#4190=CARTESIAN_POINT('Ctrl Pts',(30.0842139180711,32.8632059169738,16.1399247335057));
#4191=CARTESIAN_POINT('Ctrl Pts',(30.4699358277039,32.8432188207237,15.6141492790335));
#4192=CARTESIAN_POINT('Ctrl Pts',(31.0325354511168,32.8005919067854,14.4229961324761));
#4193=CARTESIAN_POINT('Ctrl Pts',(31.1951225605379,32.7788794403699,13.764916014352));
#4194=CARTESIAN_POINT('Ctrl Pts',(31.227204422741,32.7562404658142,13.0218236866029));
#4195=CARTESIAN_POINT('Ctrl Pts',(31.2287658763333,32.7540511741039,12.9493249753997));
#4196=CARTESIAN_POINT('Ctrl Pts',(31.2287658763333,32.7518829370525,12.8768829371192));
#4197=CARTESIAN_POINT('Ctrl Pts',(31.2287658763333,33.6268829370525,12.8768829371192));
#4198=CARTESIAN_POINT('Ctrl Pts',(31.2287658763333,33.5643829370525,10.7887222401192));
#4199=CARTESIAN_POINT('Ctrl Pts',(29.7522132873333,33.5018829370525,9.3121696511192));
#4200=CARTESIAN_POINT('Ctrl Pts',(28.2756606983333,33.4393829370525,7.8356170621192));
#4201=CARTESIAN_POINT('Ctrl Pts',(26.1875000013333,33.3768829370525,7.8356170621192));
#4202=CARTESIAN_POINT('Ctrl Pts',(24.0993393043333,33.3143829370525,7.8356170621192));
#4203=CARTESIAN_POINT('Ctrl Pts',(22.6227867153333,33.2518829370525,9.3121696511192));
#4204=CARTESIAN_POINT('Ctrl Pts',(21.1462341263333,33.1893829370525,10.7887222401192));
#4205=CARTESIAN_POINT('Ctrl Pts',(21.1462341263333,33.1268829370525,12.8768829371192));
#4206=CARTESIAN_POINT('Ctrl Pts',(21.1462341263333,33.0643829370525,14.9650436341192));
#4207=CARTESIAN_POINT('Ctrl Pts',(22.6227867153333,33.0018829370525,16.4415962231192));
#4208=CARTESIAN_POINT('Ctrl Pts',(24.0993393043333,32.9393829370525,17.9181488121192));
#4209=CARTESIAN_POINT('Ctrl Pts',(26.1875000013333,32.8768829370525,17.9181488121192));
#4210=CARTESIAN_POINT('Ctrl Pts',(28.2756606983333,32.8143829370525,17.9181488121192));
#4211=CARTESIAN_POINT('Ctrl Pts',(29.7522132873333,32.7518829370525,16.4415962231192));
#4212=CARTESIAN_POINT('Ctrl Pts',(31.2287658763333,32.6893829370525,14.9650436341192));
#4213=CARTESIAN_POINT('Ctrl Pts',(31.2287658763333,32.6268829370525,12.8768829371192));
#4214=CARTESIAN_POINT('Origin',(35.0968738403013,29.2145930427166,21.1268829371192));
#4215=CARTESIAN_POINT('',(34.3775000013333,26.8203287966885,21.1268829371192));
#4216=CARTESIAN_POINT('',(34.3775000013333,31.6088572887447,21.1268829371192));
#4217=CARTESIAN_POINT('Origin',(35.0968738403013,29.2145930427166,21.0486050438691));
#4218=CARTESIAN_POINT('',(37.5968738403013,29.2145930427166,21.1268829371192));
#4219=CARTESIAN_POINT('Origin',(35.0968738403013,29.2145930427166,21.1268829371192));
#4220=CARTESIAN_POINT('',(37.5968738403013,29.2145930427166,14.1268829371192));
#4221=CARTESIAN_POINT('',(37.5968738403013,29.2145930427166,21.1268829371192));
#4222=CARTESIAN_POINT('Origin',(35.0968738403013,29.2145930427166,14.1268829371192));
#4223=CARTESIAN_POINT('Origin',(35.0968738403013,29.2145930427166,21.1268829371192));
#4224=CARTESIAN_POINT('Origin',(35.0968738403013,29.2145930427166,14.1268829371192));
#4225=CARTESIAN_POINT('Origin',(47.1875000013333,29.8143829384525,21.1268829371192));
#4226=CARTESIAN_POINT('',(34.3775000013333,1.62827543290679,21.1268829371192));
#4227=CARTESIAN_POINT('',(34.3775000013333,20.964784355485,21.1268829371192));
#4228=CARTESIAN_POINT('',(41.1875000013333,5.99025256576523,21.1268829371192));
#4229=CARTESIAN_POINT('',(43.7485981260385,7.63070065019561,21.1268829371192));
#4230=CARTESIAN_POINT('',(41.1875000013333,33.8143829384525,21.1268829371192));
#4231=CARTESIAN_POINT('',(41.1875000013333,29.3143829384525,21.1268829371192));
#4232=CARTESIAN_POINT('',(19.1875000013333,33.8143829384525,21.1268829371192));
#4233=CARTESIAN_POINT('',(47.1875000013333,33.8143829384525,21.1268829371192));
#4234=CARTESIAN_POINT('',(19.1875000013333,33.8051857725175,21.1268829371192));
#4235=CARTESIAN_POINT('',(19.1875000013333,31.8143829384525,21.1268829371192));
#4236=CARTESIAN_POINT('',(34.3775000013333,33.8051857725175,21.1268829371192));
#4237=CARTESIAN_POINT('',(33.1875000013333,33.8051857725175,21.1268829371192));
#4238=CARTESIAN_POINT('',(34.3775000013333,20.964784355485,21.1268829371192));
#4239=CARTESIAN_POINT('',(37.8516591033544,11.0658489111863,21.1268829371192));
#4240=CARTESIAN_POINT('Origin',(36.7516591033544,11.0658489111863,21.1268829371192));
#4241=CARTESIAN_POINT('',(37.7875000013333,17.5536342618449,21.1268829371192));
#4242=CARTESIAN_POINT('Origin',(36.6875000013333,17.5536342618449,21.1268829371192));
#4243=CARTESIAN_POINT('Origin',(41.1875000013333,26.4913592066821,11.4905912556456));
#4244=CARTESIAN_POINT('',(41.1875000013333,24.0913592066821,11.4905912556456));
#4245=CARTESIAN_POINT('Origin',(41.1875000013333,26.4913592066821,11.4905912556456));
#4246=CARTESIAN_POINT('',(34.1875000013333,24.0913592066821,11.4905912556456));
#4247=CARTESIAN_POINT('',(41.1875000013333,24.0913592066821,11.4905912556456));
#4248=CARTESIAN_POINT('Origin',(34.1875000013333,26.4913592066821,11.4905912556456));
#4249=CARTESIAN_POINT('Origin',(34.1875000013333,26.4913592066821,11.4905912556456));
#4250=CARTESIAN_POINT('Origin',(24.4210940188727,2.35246955765754,19.1268829371192));
#4251=CARTESIAN_POINT('',(24.7362159446664,0.674805509768175,9.50000014156103));
#4252=CARTESIAN_POINT('',(24.9352482912386,-0.384814227482524,9.81210582941135));
#4253=CARTESIAN_POINT('Origin',(24.7362159446664,0.674805509768175,11.500000141561));
#4254=CARTESIAN_POINT('',(24.9352482912386,-0.384814227482524,19.8268829371192));
#4255=CARTESIAN_POINT('',(24.9352482912386,-0.384814227482524,19.1268829371192));
#4256=CARTESIAN_POINT('',(23.9069397465068,5.0897533427976,19.8268829371192));
#4257=CARTESIAN_POINT('',(22.3123252979974,13.5792525224303,19.8268829371192));
#4258=CARTESIAN_POINT('',(23.9069397465068,5.0897533427976,9.50000014156103));
#4259=CARTESIAN_POINT('',(23.9069397465068,5.0897533427976,19.1268829371192));
#4260=CARTESIAN_POINT('',(22.8385524735498,10.7776943280165,9.50000014156103));
#4261=CARTESIAN_POINT('Origin',(24.4352482912386,-0.384814227482524,19.1268829371192));
#4262=CARTESIAN_POINT('',(20.6575059567822,-0.384814227482524,19.8268829371191));
#4263=CARTESIAN_POINT('',(19.1875000013333,-0.384814227482523,19.8268829371192));
#4264=CARTESIAN_POINT('',(28.2346269028062,-0.384814227482524,11.500000141561));
#4265=CARTESIAN_POINT('Origin',(21.1173578249637,-0.384814227482524,11.500000141561));
#4266=CARTESIAN_POINT('',(28.2346269028062,-0.384814227482524,21.7953130892984));
#4267=CARTESIAN_POINT('',(28.2346269028062,-0.384814227482524,19.1268829371192));
#4268=CARTESIAN_POINT('',(25.1875000013333,-0.384814227482519,22.1268829371192));
#4269=CARTESIAN_POINT('',(27.2745864342917,-0.384814227482524,21.899778863892));
#4270=CARTESIAN_POINT('',(20.6575059567822,-0.384814227482524,22.1268829371191));
#4271=CARTESIAN_POINT('',(19.1875000013333,-0.384814227482523,22.1268829371192));
#4272=CARTESIAN_POINT('Ctrl Pts',(20.6575059567822,-0.384814227482524,19.8268829371191));
#4273=CARTESIAN_POINT('Ctrl Pts',(20.6575059567822,-0.384814227482524,20.5935496037857));
#4274=CARTESIAN_POINT('Ctrl Pts',(20.6575059567822,-0.384814227482524,21.3602162704524));
#4275=CARTESIAN_POINT('Ctrl Pts',(20.6575059567822,-0.384814227482524,22.1268829371191));
#4276=CARTESIAN_POINT('',(25.0625000013333,-0.384814227482524,12.8768829371192));
#4277=CARTESIAN_POINT('Origin',(26.1875000013333,-0.384814227482524,12.8768829371192));
#4278=CARTESIAN_POINT('Origin',(27.4766605478816,1.47722138084068,11.500000141561));
#4279=CARTESIAN_POINT('',(32.9235963496666,3.07211139647445,9.50000014156103));
#4280=CARTESIAN_POINT('',(27.4766605478816,1.47722138084068,9.50000014156103));
#4281=CARTESIAN_POINT('',(33.7608384506514,1.23328812265899,11.500000141561));
#4282=CARTESIAN_POINT('Origin',(32.9235963496666,3.07211139647445,11.500000141561));
#4283=CARTESIAN_POINT('',(28.0386738645416,-0.442190256067048,11.500000141561));
#4284=CARTESIAN_POINT('Origin',(26.1875000013333,20.587621501083,12.8768829371192));
#4285=CARTESIAN_POINT('',(28.2875000013333,20.587621501083,12.8768829371192));
#4286=CARTESIAN_POINT('',(24.0875000013333,20.587621501083,12.8768829371192));
#4287=CARTESIAN_POINT('Origin',(26.1875000013333,20.587621501083,12.8768829371192));
#4288=CARTESIAN_POINT('Origin',(26.1875000013333,20.587621501083,12.8768829371192));
#4289=CARTESIAN_POINT('',(27.3125000013333,18.8143829384525,12.8768829371192));
#4290=CARTESIAN_POINT('Origin',(26.1875000013333,20.587621501083,12.8768829371192));
#4291=CARTESIAN_POINT('',(25.0625000013333,18.8143829384525,12.8768829371192));
#4292=CARTESIAN_POINT('Origin',(26.1875000013333,18.8143829384525,12.8768829371192));
#4293=CARTESIAN_POINT('Origin',(26.1875000013333,18.8143829384525,12.8768829371192));
#4294=CARTESIAN_POINT('Origin',(26.1875000013333,18.8143829384525,12.8768829371192));
#4295=CARTESIAN_POINT('',(24.0875000013333,22.3723174528626,12.8768829371192));
#4296=CARTESIAN_POINT('',(24.0875000013333,18.8143829384525,12.8768829371192));
#4297=CARTESIAN_POINT('Origin',(26.1875000013333,22.3723174528626,12.8768829371192));
#4298=CARTESIAN_POINT('Origin',(30.2446848241211,1.3562008508973,11.500000141561));
#4299=CARTESIAN_POINT('',(41.1875000013333,8.3653505677983,9.50000014156103));
#4300=CARTESIAN_POINT('',(30.2446848241211,1.3562008508973,9.50000014156103));
#4301=CARTESIAN_POINT('',(41.1875000013333,5.99025256576523,11.500000141561));
#4302=CARTESIAN_POINT('Origin',(41.1875000013333,8.3653505677983,11.500000141561));
#4303=CARTESIAN_POINT('',(31.3234197242155,-0.327940180999504,11.500000141561));
#4304=CARTESIAN_POINT('Origin',(-6.379962935919,-0.595778725444477,19.1268829371192));
#4305=CARTESIAN_POINT('',(19.1875000013333,16.6067381818565,19.8268829371192));
#4306=CARTESIAN_POINT('Origin',(-6.379962935919,-0.595778725444477,19.8268829371192));
#4307=CARTESIAN_POINT('',(19.1875000013333,16.6067381818564,9.50000014156103));
#4308=CARTESIAN_POINT('',(19.1875000013333,16.6067381818564,19.1268829371192));
#4309=CARTESIAN_POINT('Origin',(-6.379962935919,-0.595778725444477,9.50000014156103));
#4310=CARTESIAN_POINT('Origin',(30.9977326767288,0.424236947588235,19.1268829371192));
#4311=CARTESIAN_POINT('',(33.7608384506514,1.23328812265899,21.1939843028082));
#4312=CARTESIAN_POINT('',(33.7608384506514,1.23328812265899,19.1268829371192));
#4313=CARTESIAN_POINT('',(33.2947957954155,1.09682850485855,21.2446962348252));
#4314=CARTESIAN_POINT('Origin',(34.2000005021691,18.8143829384525,4.00000005960465));
#4315=CARTESIAN_POINT('',(31.1500005021691,18.8143829384525,4.00000005960465));
#4316=CARTESIAN_POINT('Origin',(34.2000005021691,18.8143829384525,4.00000005960465));
#4317=CARTESIAN_POINT('',(31.1500005021691,22.0143829384525,4.00000005960465));
#4318=CARTESIAN_POINT('',(31.1500005021691,18.8143829384525,4.00000005960465));
#4319=CARTESIAN_POINT('Origin',(34.2000005021691,22.0143829384525,4.00000005960465));
#4320=CARTESIAN_POINT('Origin',(34.2000005021691,22.0143829384525,4.00000005960465));
#4321=CARTESIAN_POINT('Ctrl Pts',(19.1875000013333,26.0516152428559,3.62096826776351));
#4322=CARTESIAN_POINT('Ctrl Pts',(19.5875000013333,26.0516152428559,3.62096826776351));
#4323=CARTESIAN_POINT('Ctrl Pts',(19.1875000013333,26.1187591776603,3.61315480249242));
#4324=CARTESIAN_POINT('Ctrl Pts',(19.5875000013333,26.1187591776603,3.61315480249242));
#4325=CARTESIAN_POINT('Ctrl Pts',(19.1875000013333,26.2544712125189,3.59736214341865));
#4326=CARTESIAN_POINT('Ctrl Pts',(19.5875000013333,26.2544712125189,3.59736214341865));
#4327=CARTESIAN_POINT('Ctrl Pts',(19.1875000013333,26.3439440568835,3.49394012237412));
#4328=CARTESIAN_POINT('Ctrl Pts',(19.5875000013333,26.3439440568835,3.49394012237412));
#4329=CARTESIAN_POINT('Ctrl Pts',(19.1875000013333,26.3891499441205,3.44168645530485));
#4330=CARTESIAN_POINT('Ctrl Pts',(19.5875000013333,26.3891499441205,3.44168645530485));
#4331=CARTESIAN_POINT('',(19.1875000013333,26.0516152428559,3.62096826776351));
#4332=CARTESIAN_POINT('',(19.1875000013333,26.3891499441205,3.44168645530485));
#4333=CARTESIAN_POINT('Ctrl Pts',(19.1875000013333,26.0516152428559,3.62096826776351));
#4334=CARTESIAN_POINT('Ctrl Pts',(19.1875000013333,26.1187591776603,3.61315480249242));
#4335=CARTESIAN_POINT('Ctrl Pts',(19.1875000013333,26.2544712125189,3.59736214341865));
#4336=CARTESIAN_POINT('Ctrl Pts',(19.1875000013333,26.3439440568835,3.49394012237412));
#4337=CARTESIAN_POINT('Ctrl Pts',(19.1875000013333,26.3891499441205,3.44168645530485));
#4338=CARTESIAN_POINT('',(19.5875000013333,26.0516152428559,3.62096826776351));
#4339=CARTESIAN_POINT('',(19.1875000013333,26.0516152428559,3.62096826776351));
#4340=CARTESIAN_POINT('',(19.5875000013333,26.3891499441205,3.44168645530485));
#4341=CARTESIAN_POINT('Ctrl Pts',(19.5875000013333,26.0516152428559,3.62096826776351));
#4342=CARTESIAN_POINT('Ctrl Pts',(19.5875000013333,26.1187591776603,3.61315480249242));
#4343=CARTESIAN_POINT('Ctrl Pts',(19.5875000013333,26.2544712125189,3.59736214341865));
#4344=CARTESIAN_POINT('Ctrl Pts',(19.5875000013333,26.3439440568835,3.49394012237412));
#4345=CARTESIAN_POINT('Ctrl Pts',(19.5875000013333,26.3891499441205,3.44168645530485));
#4346=CARTESIAN_POINT('',(19.1875000013333,26.3891499441205,3.44168645530485));
#4347=CARTESIAN_POINT('Ctrl Pts',(19.1875000013333,25.6925109863499,3.41827254326102));
#4348=CARTESIAN_POINT('Ctrl Pts',(19.5875000013333,25.6925109863499,3.41827254326102));
#4349=CARTESIAN_POINT('Ctrl Pts',(19.1875000013333,25.741843319213,3.47739528531465));
#4350=CARTESIAN_POINT('Ctrl Pts',(19.5875000013333,25.741843319213,3.47739528531465));
#4351=CARTESIAN_POINT('Ctrl Pts',(19.1875000013333,25.8363926720117,3.59070873863072));
#4352=CARTESIAN_POINT('Ctrl Pts',(19.5875000013333,25.8363926720117,3.59070873863072));
#4353=CARTESIAN_POINT('Ctrl Pts',(19.1875000013333,25.9819867400475,3.61117874754293));
#4354=CARTESIAN_POINT('Ctrl Pts',(19.5875000013333,25.9819867400475,3.61117874754293));
#4355=CARTESIAN_POINT('Ctrl Pts',(19.1875000013333,26.0516152428559,3.62096826776351));
#4356=CARTESIAN_POINT('Ctrl Pts',(19.5875000013333,26.0516152428559,3.62096826776351));
#4357=CARTESIAN_POINT('',(19.1875000013333,25.6925109863499,3.41827254326102));
#4358=CARTESIAN_POINT('Ctrl Pts',(19.1875000013333,25.6925109863499,3.41827254326102));
#4359=CARTESIAN_POINT('Ctrl Pts',(19.1875000013333,25.741843319213,3.47739528531465));
#4360=CARTESIAN_POINT('Ctrl Pts',(19.1875000013333,25.8363926720117,3.59070873863072));
#4361=CARTESIAN_POINT('Ctrl Pts',(19.1875000013333,25.9819867400475,3.61117874754293));
#4362=CARTESIAN_POINT('Ctrl Pts',(19.1875000013333,26.0516152428559,3.62096826776351));
#4363=CARTESIAN_POINT('',(19.5875000013333,25.6925109863499,3.41827254326102));
#4364=CARTESIAN_POINT('',(19.1875000013333,25.6925109863499,3.41827254326102));
#4365=CARTESIAN_POINT('Ctrl Pts',(19.5875000013333,25.6925109863499,3.41827254326102));
#4366=CARTESIAN_POINT('Ctrl Pts',(19.5875000013333,25.741843319213,3.47739528531465));
#4367=CARTESIAN_POINT('Ctrl Pts',(19.5875000013333,25.8363926720117,3.59070873863072));
#4368=CARTESIAN_POINT('Ctrl Pts',(19.5875000013333,25.9819867400475,3.61117874754293));
#4369=CARTESIAN_POINT('Ctrl Pts',(19.5875000013333,26.0516152428559,3.62096826776351));
#4370=CARTESIAN_POINT('Ctrl Pts',(19.1875000013333,25.547869108266,2.59810869147688));
#4371=CARTESIAN_POINT('Ctrl Pts',(19.5875000013333,25.547869108266,2.59810869147688));
#4372=CARTESIAN_POINT('Ctrl Pts',(19.1875000013333,25.5461765395692,2.77221770618599));
#4373=CARTESIAN_POINT('Ctrl Pts',(19.5875000013333,25.5461765395692,2.77221770618599));
#4374=CARTESIAN_POINT('Ctrl Pts',(19.1875000013333,25.5434157387471,3.0562122712761));
#4375=CARTESIAN_POINT('Ctrl Pts',(19.5875000013333,25.5434157387471,3.0562122712761));
#4376=CARTESIAN_POINT('Ctrl Pts',(19.1875000013333,25.6509160626701,3.31726416356515));
#4377=CARTESIAN_POINT('Ctrl Pts',(19.5875000013333,25.6509160626701,3.31726416356515));
#4378=CARTESIAN_POINT('Ctrl Pts',(19.1875000013333,25.6925109863499,3.41827254326102));
#4379=CARTESIAN_POINT('Ctrl Pts',(19.5875000013333,25.6925109863499,3.41827254326102));
#4380=CARTESIAN_POINT('',(19.1875000013333,25.547869108266,2.59810869147688));
#4381=CARTESIAN_POINT('Ctrl Pts',(19.1875000013333,25.547869108266,2.59810869147688));
#4382=CARTESIAN_POINT('Ctrl Pts',(19.1875000013333,25.5461765395692,2.77221770618599));
#4383=CARTESIAN_POINT('Ctrl Pts',(19.1875000013333,25.5434157387471,3.0562122712761));
#4384=CARTESIAN_POINT('Ctrl Pts',(19.1875000013333,25.6509160626701,3.31726416356515));
#4385=CARTESIAN_POINT('Ctrl Pts',(19.1875000013333,25.6925109863499,3.41827254326102));
#4386=CARTESIAN_POINT('',(19.5875000013333,25.547869108266,2.59810869147688));
#4387=CARTESIAN_POINT('',(19.1875000013333,25.547869108266,2.59810869147688));
#4388=CARTESIAN_POINT('Ctrl Pts',(19.5875000013333,25.547869108266,2.59810869147688));
#4389=CARTESIAN_POINT('Ctrl Pts',(19.5875000013333,25.5461765395692,2.77221770618599));
#4390=CARTESIAN_POINT('Ctrl Pts',(19.5875000013333,25.5434157387471,3.0562122712761));
#4391=CARTESIAN_POINT('Ctrl Pts',(19.5875000013333,25.6509160626701,3.31726416356515));
#4392=CARTESIAN_POINT('Ctrl Pts',(19.5875000013333,25.6925109863499,3.41827254326102));
#4393=CARTESIAN_POINT('Ctrl Pts',(19.1875000013333,25.6914274810724,1.77945973363168));
#4394=CARTESIAN_POINT('Ctrl Pts',(19.5875000013333,25.6914274810724,1.77945973363168));
#4395=CARTESIAN_POINT('Ctrl Pts',(19.1875000013333,25.6499560345888,1.88066343812696));
#4396=CARTESIAN_POINT('Ctrl Pts',(19.5875000013333,25.6499560345888,1.88066343812696));
#4397=CARTESIAN_POINT('Ctrl Pts',(19.1875000013333,25.5431270188418,2.14136069028218));
#4398=CARTESIAN_POINT('Ctrl Pts',(19.5875000013333,25.5431270188418,2.14136069028218));
#4399=CARTESIAN_POINT('Ctrl Pts',(19.1875000013333,25.5460691339069,2.42473897674449));
#4400=CARTESIAN_POINT('Ctrl Pts',(19.5875000013333,25.5460691339069,2.42473897674449));
#4401=CARTESIAN_POINT('Ctrl Pts',(19.1875000013333,25.547869108266,2.59810869147688));
#4402=CARTESIAN_POINT('Ctrl Pts',(19.5875000013333,25.547869108266,2.59810869147688));
#4403=CARTESIAN_POINT('',(19.1875000013333,25.6914274810724,1.77945973363168));
#4404=CARTESIAN_POINT('Ctrl Pts',(19.1875000013333,25.6914274810724,1.77945973363168));
#4405=CARTESIAN_POINT('Ctrl Pts',(19.1875000013333,25.6499560345888,1.88066343812696));
#4406=CARTESIAN_POINT('Ctrl Pts',(19.1875000013333,25.5431270188418,2.14136069028218));
#4407=CARTESIAN_POINT('Ctrl Pts',(19.1875000013333,25.5460691339069,2.42473897674449));
#4408=CARTESIAN_POINT('Ctrl Pts',(19.1875000013333,25.547869108266,2.59810869147688));
#4409=CARTESIAN_POINT('',(19.5875000013333,25.6914274810724,1.77945973363168));
#4410=CARTESIAN_POINT('',(19.1875000013333,25.6914274810724,1.77945973363168));
#4411=CARTESIAN_POINT('Ctrl Pts',(19.5875000013333,25.6914274810724,1.77945973363168));
#4412=CARTESIAN_POINT('Ctrl Pts',(19.5875000013333,25.6499560345888,1.88066343812696));
#4413=CARTESIAN_POINT('Ctrl Pts',(19.5875000013333,25.5431270188418,2.14136069028218));
#4414=CARTESIAN_POINT('Ctrl Pts',(19.5875000013333,25.5460691339069,2.42473897674449));
#4415=CARTESIAN_POINT('Ctrl Pts',(19.5875000013333,25.547869108266,2.59810869147688));
#4416=CARTESIAN_POINT('Ctrl Pts',(19.1875000013333,26.0468516935748,1.57458615853435));
#4417=CARTESIAN_POINT('Ctrl Pts',(19.5875000013333,26.0468516935748,1.57458615853435));
#4418=CARTESIAN_POINT('Ctrl Pts',(19.1875000013333,25.9781063281396,1.58474012464013));
#4419=CARTESIAN_POINT('Ctrl Pts',(19.5875000013333,25.9781063281396,1.58474012464013));
#4420=CARTESIAN_POINT('Ctrl Pts',(19.1875000013333,25.833387388989,1.60611569219579));
#4421=CARTESIAN_POINT('Ctrl Pts',(19.5875000013333,25.833387388989,1.60611569219579));
#4422=CARTESIAN_POINT('Ctrl Pts',(19.1875000013333,25.740297292688,1.71978590900064));
#4423=CARTESIAN_POINT('Ctrl Pts',(19.5875000013333,25.740297292688,1.71978590900064));
#4424=CARTESIAN_POINT('Ctrl Pts',(19.1875000013333,25.6914274810724,1.77945973363168));
#4425=CARTESIAN_POINT('Ctrl Pts',(19.5875000013333,25.6914274810724,1.77945973363168));
#4426=CARTESIAN_POINT('',(19.1875000013333,26.0468516935748,1.57458615853435));
#4427=CARTESIAN_POINT('Ctrl Pts',(19.1875000013333,26.0468516935748,1.57458615853435));
#4428=CARTESIAN_POINT('Ctrl Pts',(19.1875000013333,25.9781063281396,1.58474012464013));
#4429=CARTESIAN_POINT('Ctrl Pts',(19.1875000013333,25.833387388989,1.60611569219579));
#4430=CARTESIAN_POINT('Ctrl Pts',(19.1875000013333,25.740297292688,1.71978590900064));
#4431=CARTESIAN_POINT('Ctrl Pts',(19.1875000013333,25.6914274810724,1.77945973363168));
#4432=CARTESIAN_POINT('',(19.5875000013333,26.0468516935748,1.57458615853435));
#4433=CARTESIAN_POINT('',(19.1875000013333,26.0468516935748,1.57458615853435));
#4434=CARTESIAN_POINT('Ctrl Pts',(19.5875000013333,26.0468516935748,1.57458615853435));
#4435=CARTESIAN_POINT('Ctrl Pts',(19.5875000013333,25.9781063281396,1.58474012464013));
#4436=CARTESIAN_POINT('Ctrl Pts',(19.5875000013333,25.833387388989,1.60611569219579));
#4437=CARTESIAN_POINT('Ctrl Pts',(19.5875000013333,25.740297292688,1.71978590900064));
#4438=CARTESIAN_POINT('Ctrl Pts',(19.5875000013333,25.6914274810724,1.77945973363168));
#4439=CARTESIAN_POINT('Ctrl Pts',(19.1875000013333,26.4025459368786,1.7781369312173));
#4440=CARTESIAN_POINT('Ctrl Pts',(19.5875000013333,26.4025459368786,1.7781369312173));
#4441=CARTESIAN_POINT('Ctrl Pts',(19.1875000013333,26.353561327886,1.71877478952568));
#4442=CARTESIAN_POINT('Ctrl Pts',(19.5875000013333,26.353561327886,1.71877478952568));
#4443=CARTESIAN_POINT('Ctrl Pts',(19.1875000013333,26.2601764425692,1.6056060430961));
#4444=CARTESIAN_POINT('Ctrl Pts',(19.5875000013333,26.2601764425692,1.6056060430961));
#4445=CARTESIAN_POINT('Ctrl Pts',(19.1875000013333,26.1155940580598,1.58458209299989));
#4446=CARTESIAN_POINT('Ctrl Pts',(19.5875000013333,26.1155940580598,1.58458209299989));
#4447=CARTESIAN_POINT('Ctrl Pts',(19.1875000013333,26.0468516935748,1.57458615853435));
#4448=CARTESIAN_POINT('Ctrl Pts',(19.5875000013333,26.0468516935748,1.57458615853435));
#4449=CARTESIAN_POINT('',(19.1875000013333,26.4025459368786,1.7781369312173));
#4450=CARTESIAN_POINT('Ctrl Pts',(19.1875000013333,26.4025459368786,1.7781369312173));
#4451=CARTESIAN_POINT('Ctrl Pts',(19.1875000013333,26.353561327886,1.71877478952568));
#4452=CARTESIAN_POINT('Ctrl Pts',(19.1875000013333,26.2601764425692,1.6056060430961));
#4453=CARTESIAN_POINT('Ctrl Pts',(19.1875000013333,26.1155940580598,1.58458209299989));
#4454=CARTESIAN_POINT('Ctrl Pts',(19.1875000013333,26.0468516935748,1.57458615853435));
#4455=CARTESIAN_POINT('',(19.5875000013333,26.4025459368786,1.7781369312173));
#4456=CARTESIAN_POINT('',(19.1875000013333,26.4025459368786,1.7781369312173));
#4457=CARTESIAN_POINT('Ctrl Pts',(19.5875000013333,26.4025459368786,1.7781369312173));
#4458=CARTESIAN_POINT('Ctrl Pts',(19.5875000013333,26.353561327886,1.71877478952568));
#4459=CARTESIAN_POINT('Ctrl Pts',(19.5875000013333,26.2601764425692,1.6056060430961));
#4460=CARTESIAN_POINT('Ctrl Pts',(19.5875000013333,26.1155940580598,1.58458209299989));
#4461=CARTESIAN_POINT('Ctrl Pts',(19.5875000013333,26.0468516935748,1.57458615853435));
#4462=CARTESIAN_POINT('Ctrl Pts',(19.1875000013333,26.5471866550897,2.59744799012677));
#4463=CARTESIAN_POINT('Ctrl Pts',(19.5875000013333,26.5471866550897,2.59744799012677));
#4464=CARTESIAN_POINT('Ctrl Pts',(19.1875000013333,26.5488181620038,2.42370755756036));
#4465=CARTESIAN_POINT('Ctrl Pts',(19.5875000013333,26.5488181620038,2.42370755756036));
#4466=CARTESIAN_POINT('Ctrl Pts',(19.1875000013333,26.5514821307811,2.14001946299084));
#4467=CARTESIAN_POINT('Ctrl Pts',(19.5875000013333,26.5514821307811,2.14001946299084));
#4468=CARTESIAN_POINT('Ctrl Pts',(19.1875000013333,26.4441457814908,1.87921549845595));
#4469=CARTESIAN_POINT('Ctrl Pts',(19.5875000013333,26.4441457814908,1.87921549845595));
#4470=CARTESIAN_POINT('Ctrl Pts',(19.1875000013333,26.4025459368786,1.7781369312173));
#4471=CARTESIAN_POINT('Ctrl Pts',(19.5875000013333,26.4025459368786,1.7781369312173));
#4472=CARTESIAN_POINT('',(19.1875000013333,26.5471866550897,2.59744799012677));
#4473=CARTESIAN_POINT('Ctrl Pts',(19.1875000013333,26.5471866550897,2.59744799012677));
#4474=CARTESIAN_POINT('Ctrl Pts',(19.1875000013333,26.5488181620038,2.42370755756036));
#4475=CARTESIAN_POINT('Ctrl Pts',(19.1875000013333,26.5514821307811,2.14001946299084));
#4476=CARTESIAN_POINT('Ctrl Pts',(19.1875000013333,26.4441457814908,1.87921549845595));
#4477=CARTESIAN_POINT('Ctrl Pts',(19.1875000013333,26.4025459368786,1.7781369312173));
#4478=CARTESIAN_POINT('',(19.5875000013333,26.5471866550897,2.59744799012677));
#4479=CARTESIAN_POINT('',(19.1875000013333,26.5471866550897,2.59744799012677));
#4480=CARTESIAN_POINT('Ctrl Pts',(19.5875000013333,26.5471866550897,2.59744799012677));
#4481=CARTESIAN_POINT('Ctrl Pts',(19.5875000013333,26.5488181620038,2.42370755756036));
#4482=CARTESIAN_POINT('Ctrl Pts',(19.5875000013333,26.5514821307811,2.14001946299084));
#4483=CARTESIAN_POINT('Ctrl Pts',(19.5875000013333,26.4441457814908,1.87921549845595));
#4484=CARTESIAN_POINT('Ctrl Pts',(19.5875000013333,26.4025459368786,1.7781369312173));
#4485=CARTESIAN_POINT('Ctrl Pts',(19.1875000013333,26.3891499441205,3.44168645530485));
#4486=CARTESIAN_POINT('Ctrl Pts',(19.5875000013333,26.3891499441205,3.44168645530485));
#4487=CARTESIAN_POINT('Ctrl Pts',(19.1875000013333,26.4348922082228,3.33456212755142));
#4488=CARTESIAN_POINT('Ctrl Pts',(19.5875000013333,26.4348922082228,3.33456212755142));
#4489=CARTESIAN_POINT('Ctrl Pts',(19.1875000013333,26.5493567341554,3.06649635440258));
#4490=CARTESIAN_POINT('Ctrl Pts',(19.5875000013333,26.5493567341554,3.06649635440258));
#4491=CARTESIAN_POINT('Ctrl Pts',(19.1875000013333,26.5480007571523,2.77341081416283));
#4492=CARTESIAN_POINT('Ctrl Pts',(19.5875000013333,26.5480007571523,2.77341081416283));
#4493=CARTESIAN_POINT('Ctrl Pts',(19.1875000013333,26.5471866550897,2.59744799012677));
#4494=CARTESIAN_POINT('Ctrl Pts',(19.5875000013333,26.5471866550897,2.59744799012677));
#4495=CARTESIAN_POINT('Ctrl Pts',(19.1875000013333,26.3891499441205,3.44168645530485));
#4496=CARTESIAN_POINT('Ctrl Pts',(19.1875000013333,26.4348922082228,3.33456212755142));
#4497=CARTESIAN_POINT('Ctrl Pts',(19.1875000013333,26.5493567341554,3.06649635440258));
#4498=CARTESIAN_POINT('Ctrl Pts',(19.1875000013333,26.5480007571523,2.77341081416283));
#4499=CARTESIAN_POINT('Ctrl Pts',(19.1875000013333,26.5471866550897,2.59744799012677));
#4500=CARTESIAN_POINT('Ctrl Pts',(19.5875000013333,26.3891499441205,3.44168645530485));
#4501=CARTESIAN_POINT('Ctrl Pts',(19.5875000013333,26.4348922082228,3.33456212755142));
#4502=CARTESIAN_POINT('Ctrl Pts',(19.5875000013333,26.5493567341554,3.06649635440258));
#4503=CARTESIAN_POINT('Ctrl Pts',(19.5875000013333,26.5480007571523,2.77341081416283));
#4504=CARTESIAN_POINT('Ctrl Pts',(19.5875000013333,26.5471866550897,2.59744799012677));
#4505=CARTESIAN_POINT('Ctrl Pts',(19.1875000013333,26.046684826955,1.32219869004536));
#4506=CARTESIAN_POINT('Ctrl Pts',(19.5875000013333,26.046684826955,1.32219869004536));
#4507=CARTESIAN_POINT('Ctrl Pts',(19.1875000013333,26.1598070498012,1.33178437560753));
#4508=CARTESIAN_POINT('Ctrl Pts',(19.5875000013333,26.1598070498012,1.33178437560753));
#4509=CARTESIAN_POINT('Ctrl Pts',(19.1875000013333,26.3804487438342,1.35048098399881));
#4510=CARTESIAN_POINT('Ctrl Pts',(19.5875000013333,26.3804487438342,1.35048098399881));
#4511=CARTESIAN_POINT('Ctrl Pts',(19.1875000013333,26.5379682162467,1.50549364798262));
#4512=CARTESIAN_POINT('Ctrl Pts',(19.5875000013333,26.5379682162467,1.50549364798262));
#4513=CARTESIAN_POINT('Ctrl Pts',(19.1875000013333,26.6147280074985,1.58103186269697));
#4514=CARTESIAN_POINT('Ctrl Pts',(19.5875000013333,26.6147280074985,1.58103186269697));
#4515=CARTESIAN_POINT('',(19.1875000013333,26.046684826955,1.32219869004536));
#4516=CARTESIAN_POINT('',(19.1875000013333,26.6147280074985,1.58103186269697));
#4517=CARTESIAN_POINT('Ctrl Pts',(19.1875000013333,26.046684826955,1.32219869004536));
#4518=CARTESIAN_POINT('Ctrl Pts',(19.1875000013333,26.1598070498012,1.33178437560753));
#4519=CARTESIAN_POINT('Ctrl Pts',(19.1875000013333,26.3804487438342,1.35048098399881));
#4520=CARTESIAN_POINT('Ctrl Pts',(19.1875000013333,26.5379682162467,1.50549364798262));
#4521=CARTESIAN_POINT('Ctrl Pts',(19.1875000013333,26.6147280074985,1.58103186269697));
#4522=CARTESIAN_POINT('',(19.5875000013333,26.046684826955,1.32219869004536));
#4523=CARTESIAN_POINT('',(19.1875000013333,26.046684826955,1.32219869004536));
#4524=CARTESIAN_POINT('',(19.5875000013333,26.6147280074985,1.58103186269697));
#4525=CARTESIAN_POINT('Ctrl Pts',(19.5875000013333,26.046684826955,1.32219869004536));
#4526=CARTESIAN_POINT('Ctrl Pts',(19.5875000013333,26.1598070498012,1.33178437560753));
#4527=CARTESIAN_POINT('Ctrl Pts',(19.5875000013333,26.3804487438342,1.35048098399881));
#4528=CARTESIAN_POINT('Ctrl Pts',(19.5875000013333,26.5379682162467,1.50549364798262));
#4529=CARTESIAN_POINT('Ctrl Pts',(19.5875000013333,26.6147280074985,1.58103186269697));
#4530=CARTESIAN_POINT('',(19.1875000013333,26.6147280074985,1.58103186269697));
#4531=CARTESIAN_POINT('Ctrl Pts',(19.1875000013333,25.592314322121,1.4700095994658));
#4532=CARTESIAN_POINT('Ctrl Pts',(19.5875000013333,25.592314322121,1.4700095994658));
#4533=CARTESIAN_POINT('Ctrl Pts',(19.1875000013333,25.658101970434,1.4269660474918));
#4534=CARTESIAN_POINT('Ctrl Pts',(19.5875000013333,25.658101970434,1.4269660474918));
#4535=CARTESIAN_POINT('Ctrl Pts',(19.1875000013333,25.795894948652,1.33681083794008));
#4536=CARTESIAN_POINT('Ctrl Pts',(19.5875000013333,25.795894948652,1.33681083794008));
#4537=CARTESIAN_POINT('Ctrl Pts',(19.1875000013333,25.9606106918221,1.32721375684544));
#4538=CARTESIAN_POINT('Ctrl Pts',(19.5875000013333,25.9606106918221,1.32721375684544));
#4539=CARTESIAN_POINT('Ctrl Pts',(19.1875000013333,26.046684826955,1.32219869004536));
#4540=CARTESIAN_POINT('Ctrl Pts',(19.5875000013333,26.046684826955,1.32219869004536));
#4541=CARTESIAN_POINT('',(19.1875000013333,25.592314322121,1.4700095994658));
#4542=CARTESIAN_POINT('Ctrl Pts',(19.1875000013333,25.592314322121,1.4700095994658));
#4543=CARTESIAN_POINT('Ctrl Pts',(19.1875000013333,25.658101970434,1.4269660474918));
#4544=CARTESIAN_POINT('Ctrl Pts',(19.1875000013333,25.795894948652,1.33681083794008));
#4545=CARTESIAN_POINT('Ctrl Pts',(19.1875000013333,25.9606106918221,1.32721375684544));
#4546=CARTESIAN_POINT('Ctrl Pts',(19.1875000013333,26.046684826955,1.32219869004536));
#4547=CARTESIAN_POINT('',(19.5875000013333,25.592314322121,1.4700095994658));
#4548=CARTESIAN_POINT('',(19.1875000013333,25.592314322121,1.4700095994658));
#4549=CARTESIAN_POINT('Ctrl Pts',(19.5875000013333,25.592314322121,1.4700095994658));
#4550=CARTESIAN_POINT('Ctrl Pts',(19.5875000013333,25.658101970434,1.4269660474918));
#4551=CARTESIAN_POINT('Ctrl Pts',(19.5875000013333,25.795894948652,1.33681083794008));
#4552=CARTESIAN_POINT('Ctrl Pts',(19.5875000013333,25.9606106918221,1.32721375684544));
#4553=CARTESIAN_POINT('Ctrl Pts',(19.5875000013333,26.046684826955,1.32219869004536));
#4554=CARTESIAN_POINT('Ctrl Pts',(19.1875000013333,25.3222972580172,1.88799173917821));
#4555=CARTESIAN_POINT('Ctrl Pts',(19.5875000013333,25.3222972580172,1.88799173917821));
#4556=CARTESIAN_POINT('Ctrl Pts',(19.1875000013333,25.3543320941879,1.80448769743162));
#4557=CARTESIAN_POINT('Ctrl Pts',(19.5875000013333,25.3543320941879,1.80448769743162));
#4558=CARTESIAN_POINT('Ctrl Pts',(19.1875000013333,25.4151407017669,1.64598011278922));
#4559=CARTESIAN_POINT('Ctrl Pts',(19.5875000013333,25.4151407017669,1.64598011278922));
#4560=CARTESIAN_POINT('Ctrl Pts',(19.1875000013333,25.535406330736,1.52653115406405));
#4561=CARTESIAN_POINT('Ctrl Pts',(19.5875000013333,25.535406330736,1.52653115406405));
#4562=CARTESIAN_POINT('Ctrl Pts',(19.1875000013333,25.592314322121,1.4700095994658));
#4563=CARTESIAN_POINT('Ctrl Pts',(19.5875000013333,25.592314322121,1.4700095994658));
#4564=CARTESIAN_POINT('',(19.1875000013333,25.3222972580172,1.88799173917821));
#4565=CARTESIAN_POINT('Ctrl Pts',(19.1875000013333,25.3222972580172,1.88799173917821));
#4566=CARTESIAN_POINT('Ctrl Pts',(19.1875000013333,25.3543320941879,1.80448769743162));
#4567=CARTESIAN_POINT('Ctrl Pts',(19.1875000013333,25.4151407017669,1.64598011278922));
#4568=CARTESIAN_POINT('Ctrl Pts',(19.1875000013333,25.535406330736,1.52653115406405));
#4569=CARTESIAN_POINT('Ctrl Pts',(19.1875000013333,25.592314322121,1.4700095994658));
#4570=CARTESIAN_POINT('',(19.5875000013333,25.3222972580172,1.88799173917821));
#4571=CARTESIAN_POINT('',(19.1875000013333,25.3222972580172,1.88799173917821));
#4572=CARTESIAN_POINT('Ctrl Pts',(19.5875000013333,25.3222972580172,1.88799173917821));
#4573=CARTESIAN_POINT('Ctrl Pts',(19.5875000013333,25.3543320941879,1.80448769743162));
#4574=CARTESIAN_POINT('Ctrl Pts',(19.5875000013333,25.4151407017669,1.64598011278922));
#4575=CARTESIAN_POINT('Ctrl Pts',(19.5875000013333,25.535406330736,1.52653115406405));
#4576=CARTESIAN_POINT('Ctrl Pts',(19.5875000013333,25.592314322121,1.4700095994658));
#4577=CARTESIAN_POINT('Ctrl Pts',(19.1875000013333,25.2323847726548,2.59831727475168));
#4578=CARTESIAN_POINT('Ctrl Pts',(19.5875000013333,25.2323847726548,2.59831727475168));
#4579=CARTESIAN_POINT('Ctrl Pts',(19.1875000013333,25.2341211281275,2.46502256967363));
#4580=CARTESIAN_POINT('Ctrl Pts',(19.5875000013333,25.2341211281275,2.46502256967363));
#4581=CARTESIAN_POINT('Ctrl Pts',(19.1875000013333,25.2372527608914,2.22461668951986));
#4582=CARTESIAN_POINT('Ctrl Pts',(19.5875000013333,25.2372527608914,2.22461668951986));
#4583=CARTESIAN_POINT('Ctrl Pts',(19.1875000013333,25.2960849732277,1.99174576634988));
#4584=CARTESIAN_POINT('Ctrl Pts',(19.5875000013333,25.2960849732277,1.99174576634988));
#4585=CARTESIAN_POINT('Ctrl Pts',(19.1875000013333,25.3222972580172,1.88799173917821));
#4586=CARTESIAN_POINT('Ctrl Pts',(19.5875000013333,25.3222972580172,1.88799173917821));
#4587=CARTESIAN_POINT('',(19.1875000013333,25.2323847726548,2.59831727475168));
#4588=CARTESIAN_POINT('Ctrl Pts',(19.1875000013333,25.2323847726548,2.59831727475168));
#4589=CARTESIAN_POINT('Ctrl Pts',(19.1875000013333,25.2341211281275,2.46502256967363));
#4590=CARTESIAN_POINT('Ctrl Pts',(19.1875000013333,25.2372527608914,2.22461668951986));
#4591=CARTESIAN_POINT('Ctrl Pts',(19.1875000013333,25.2960849732277,1.99174576634988));
#4592=CARTESIAN_POINT('Ctrl Pts',(19.1875000013333,25.3222972580172,1.88799173917821));
#4593=CARTESIAN_POINT('',(19.5875000013333,25.2323847726548,2.59831727475168));
#4594=CARTESIAN_POINT('',(19.1875000013333,25.2323847726548,2.59831727475168));
#4595=CARTESIAN_POINT('Ctrl Pts',(19.5875000013333,25.2323847726548,2.59831727475168));
#4596=CARTESIAN_POINT('Ctrl Pts',(19.5875000013333,25.2341211281275,2.46502256967363));
#4597=CARTESIAN_POINT('Ctrl Pts',(19.5875000013333,25.2372527608914,2.22461668951986));
#4598=CARTESIAN_POINT('Ctrl Pts',(19.5875000013333,25.2960849732277,1.99174576634988));
#4599=CARTESIAN_POINT('Ctrl Pts',(19.5875000013333,25.3222972580172,1.88799173917821));
#4600=CARTESIAN_POINT('Ctrl Pts',(19.1875000013333,25.2890511564656,3.18917356498677));
#4601=CARTESIAN_POINT('Ctrl Pts',(19.5875000013333,25.2890511564656,3.18917356498677));
#4602=CARTESIAN_POINT('Ctrl Pts',(19.1875000013333,25.2726441579308,3.10365534644749));
#4603=CARTESIAN_POINT('Ctrl Pts',(19.5875000013333,25.2726441579308,3.10365534644749));
#4604=CARTESIAN_POINT('Ctrl Pts',(19.1875000013333,25.235225722704,2.90861919072758));
#4605=CARTESIAN_POINT('Ctrl Pts',(19.5875000013333,25.235225722704,2.90861919072758));
#4606=CARTESIAN_POINT('Ctrl Pts',(19.1875000013333,25.2334063809545,2.70990213449604));
#4607=CARTESIAN_POINT('Ctrl Pts',(19.5875000013333,25.2334063809545,2.70990213449604));
#4608=CARTESIAN_POINT('Ctrl Pts',(19.1875000013333,25.2323847726548,2.59831727475168));
#4609=CARTESIAN_POINT('Ctrl Pts',(19.5875000013333,25.2323847726548,2.59831727475168));
#4610=CARTESIAN_POINT('',(19.1875000013333,25.2890511564656,3.18917356498677));
#4611=CARTESIAN_POINT('Ctrl Pts',(19.1875000013333,25.2890511564656,3.18917356498677));
#4612=CARTESIAN_POINT('Ctrl Pts',(19.1875000013333,25.2726441579308,3.10365534644749));
#4613=CARTESIAN_POINT('Ctrl Pts',(19.1875000013333,25.235225722704,2.90861919072758));
#4614=CARTESIAN_POINT('Ctrl Pts',(19.1875000013333,25.2334063809545,2.70990213449604));
#4615=CARTESIAN_POINT('Ctrl Pts',(19.1875000013333,25.2323847726548,2.59831727475168));
#4616=CARTESIAN_POINT('',(19.5875000013333,25.2890511564656,3.18917356498677));
#4617=CARTESIAN_POINT('',(19.1875000013333,25.2890511564656,3.18917356498677));
#4618=CARTESIAN_POINT('Ctrl Pts',(19.5875000013333,25.2890511564656,3.18917356498677));
#4619=CARTESIAN_POINT('Ctrl Pts',(19.5875000013333,25.2726441579308,3.10365534644749));
#4620=CARTESIAN_POINT('Ctrl Pts',(19.5875000013333,25.235225722704,2.90861919072758));
#4621=CARTESIAN_POINT('Ctrl Pts',(19.5875000013333,25.2334063809545,2.70990213449604));
#4622=CARTESIAN_POINT('Ctrl Pts',(19.5875000013333,25.2323847726548,2.59831727475168));
#4623=CARTESIAN_POINT('Ctrl Pts',(19.1875000013333,25.444481181409,3.56083071518622));
#4624=CARTESIAN_POINT('Ctrl Pts',(19.5875000013333,25.444481181409,3.56083071518622));
#4625=CARTESIAN_POINT('Ctrl Pts',(19.1875000013333,25.4127962740906,3.50537717590786));
#4626=CARTESIAN_POINT('Ctrl Pts',(19.5875000013333,25.4127962740906,3.50537717590786));
#4627=CARTESIAN_POINT('Ctrl Pts',(19.1875000013333,25.3457077093222,3.38796170348325));
#4628=CARTESIAN_POINT('Ctrl Pts',(19.5875000013333,25.3457077093222,3.38796170348325));
#4629=CARTESIAN_POINT('Ctrl Pts',(19.1875000013333,25.308621901896,3.25784050388349));
#4630=CARTESIAN_POINT('Ctrl Pts',(19.5875000013333,25.308621901896,3.25784050388349));
#4631=CARTESIAN_POINT('Ctrl Pts',(19.1875000013333,25.2890511564656,3.18917356498677));
#4632=CARTESIAN_POINT('Ctrl Pts',(19.5875000013333,25.2890511564656,3.18917356498677));
#4633=CARTESIAN_POINT('',(19.1875000013333,25.444481181409,3.56083071518622));
#4634=CARTESIAN_POINT('Ctrl Pts',(19.1875000013333,25.444481181409,3.56083071518622));
#4635=CARTESIAN_POINT('Ctrl Pts',(19.1875000013333,25.4127962740906,3.50537717590786));
#4636=CARTESIAN_POINT('Ctrl Pts',(19.1875000013333,25.3457077093222,3.38796170348325));
#4637=CARTESIAN_POINT('Ctrl Pts',(19.1875000013333,25.308621901896,3.25784050388349));
#4638=CARTESIAN_POINT('Ctrl Pts',(19.1875000013333,25.2890511564656,3.18917356498677));
#4639=CARTESIAN_POINT('',(19.5875000013333,25.444481181409,3.56083071518622));
#4640=CARTESIAN_POINT('',(19.1875000013333,25.444481181409,3.56083071518622));
#4641=CARTESIAN_POINT('Ctrl Pts',(19.5875000013333,25.444481181409,3.56083071518622));
#4642=CARTESIAN_POINT('Ctrl Pts',(19.5875000013333,25.4127962740906,3.50537717590786));
#4643=CARTESIAN_POINT('Ctrl Pts',(19.5875000013333,25.3457077093222,3.38796170348325));
#4644=CARTESIAN_POINT('Ctrl Pts',(19.5875000013333,25.308621901896,3.25784050388349));
#4645=CARTESIAN_POINT('Ctrl Pts',(19.5875000013333,25.2890511564656,3.18917356498677));
#4646=CARTESIAN_POINT('Ctrl Pts',(19.1875000013333,25.695317825792,3.79429397283061));
#4647=CARTESIAN_POINT('Ctrl Pts',(19.5875000013333,25.695317825792,3.79429397283061));
#4648=CARTESIAN_POINT('Ctrl Pts',(19.1875000013333,25.6466766874439,3.76397942730576));
#4649=CARTESIAN_POINT('Ctrl Pts',(19.5875000013333,25.6466766874439,3.76397942730576));
#4650=CARTESIAN_POINT('Ctrl Pts',(19.1875000013333,25.5479551884631,3.70245337185619));
#4651=CARTESIAN_POINT('Ctrl Pts',(19.5875000013333,25.5479551884631,3.70245337185619));
#4652=CARTESIAN_POINT('Ctrl Pts',(19.1875000013333,25.4793061197723,3.60849486224873));
#4653=CARTESIAN_POINT('Ctrl Pts',(19.5875000013333,25.4793061197723,3.60849486224873));
#4654=CARTESIAN_POINT('Ctrl Pts',(19.1875000013333,25.444481181409,3.56083071518622));
#4655=CARTESIAN_POINT('Ctrl Pts',(19.5875000013333,25.444481181409,3.56083071518622));
#4656=CARTESIAN_POINT('',(19.1875000013333,25.695317825792,3.79429397283061));
#4657=CARTESIAN_POINT('Ctrl Pts',(19.1875000013333,25.695317825792,3.79429397283061));
#4658=CARTESIAN_POINT('Ctrl Pts',(19.1875000013333,25.6466766874439,3.76397942730576));
#4659=CARTESIAN_POINT('Ctrl Pts',(19.1875000013333,25.5479551884631,3.70245337185619));
#4660=CARTESIAN_POINT('Ctrl Pts',(19.1875000013333,25.4793061197723,3.60849486224873));
#4661=CARTESIAN_POINT('Ctrl Pts',(19.1875000013333,25.444481181409,3.56083071518622));
#4662=CARTESIAN_POINT('',(19.5875000013333,25.695317825792,3.79429397283061));
#4663=CARTESIAN_POINT('',(19.1875000013333,25.695317825792,3.79429397283061));
#4664=CARTESIAN_POINT('Ctrl Pts',(19.5875000013333,25.695317825792,3.79429397283061));
#4665=CARTESIAN_POINT('Ctrl Pts',(19.5875000013333,25.6466766874439,3.76397942730576));
#4666=CARTESIAN_POINT('Ctrl Pts',(19.5875000013333,25.5479551884631,3.70245337185619));
#4667=CARTESIAN_POINT('Ctrl Pts',(19.5875000013333,25.4793061197723,3.60849486224873));
#4668=CARTESIAN_POINT('Ctrl Pts',(19.5875000013333,25.444481181409,3.56083071518622));
#4669=CARTESIAN_POINT('Ctrl Pts',(19.1875000013333,26.0483726597059,3.87506298165537));
#4670=CARTESIAN_POINT('Ctrl Pts',(19.5875000013333,26.0483726597059,3.87506298165537));
#4671=CARTESIAN_POINT('Ctrl Pts',(19.1875000013333,25.9844854520515,3.87231763843646));
#4672=CARTESIAN_POINT('Ctrl Pts',(19.5875000013333,25.9844854520515,3.87231763843646));
#4673=CARTESIAN_POINT('Ctrl Pts',(19.1875000013333,25.8617319163863,3.86704270783442));
#4674=CARTESIAN_POINT('Ctrl Pts',(19.5875000013333,25.8617319163863,3.86704270783442));
#4675=CARTESIAN_POINT('Ctrl Pts',(19.1875000013333,25.749255683933,3.81787317177078));
#4676=CARTESIAN_POINT('Ctrl Pts',(19.5875000013333,25.749255683933,3.81787317177078));
#4677=CARTESIAN_POINT('Ctrl Pts',(19.1875000013333,25.695317825792,3.79429397283061));
#4678=CARTESIAN_POINT('Ctrl Pts',(19.5875000013333,25.695317825792,3.79429397283061));
#4679=CARTESIAN_POINT('',(19.1875000013333,26.0483726597059,3.87506298165537));
#4680=CARTESIAN_POINT('Ctrl Pts',(19.1875000013333,26.0483726597059,3.87506298165537));
#4681=CARTESIAN_POINT('Ctrl Pts',(19.1875000013333,25.9844854520515,3.87231763843646));
#4682=CARTESIAN_POINT('Ctrl Pts',(19.1875000013333,25.8617319163863,3.86704270783442));
#4683=CARTESIAN_POINT('Ctrl Pts',(19.1875000013333,25.749255683933,3.81787317177078));
#4684=CARTESIAN_POINT('Ctrl Pts',(19.1875000013333,25.695317825792,3.79429397283061));
#4685=CARTESIAN_POINT('',(19.5875000013333,26.0483726597059,3.87506298165537));
#4686=CARTESIAN_POINT('',(19.1875000013333,26.0483726597059,3.87506298165537));
#4687=CARTESIAN_POINT('Ctrl Pts',(19.5875000013333,26.0483726597059,3.87506298165537));
#4688=CARTESIAN_POINT('Ctrl Pts',(19.5875000013333,25.9844854520515,3.87231763843646));
#4689=CARTESIAN_POINT('Ctrl Pts',(19.5875000013333,25.8617319163863,3.86704270783442));
#4690=CARTESIAN_POINT('Ctrl Pts',(19.5875000013333,25.749255683933,3.81787317177078));
#4691=CARTESIAN_POINT('Ctrl Pts',(19.5875000013333,25.695317825792,3.79429397283061));
#4692=CARTESIAN_POINT('Ctrl Pts',(19.1875000013333,26.5010384400491,3.72810629098269));
#4693=CARTESIAN_POINT('Ctrl Pts',(19.5875000013333,26.5010384400491,3.72810629098269));
#4694=CARTESIAN_POINT('Ctrl Pts',(19.1875000013333,26.4353756555813,3.77090210436894));
#4695=CARTESIAN_POINT('Ctrl Pts',(19.5875000013333,26.4353756555813,3.77090210436894));
#4696=CARTESIAN_POINT('Ctrl Pts',(19.1875000013333,26.2980012436865,3.86043607316344));
#4697=CARTESIAN_POINT('Ctrl Pts',(19.5875000013333,26.2980012436865,3.86043607316344));
#4698=CARTESIAN_POINT('Ctrl Pts',(19.1875000013333,26.1339894329138,3.87004629371396));
#4699=CARTESIAN_POINT('Ctrl Pts',(19.5875000013333,26.1339894329138,3.87004629371396));
#4700=CARTESIAN_POINT('Ctrl Pts',(19.1875000013333,26.0483726597059,3.87506298165537));
#4701=CARTESIAN_POINT('Ctrl Pts',(19.5875000013333,26.0483726597059,3.87506298165537));
#4702=CARTESIAN_POINT('',(19.1875000013333,26.5010384400491,3.72810629098269));
#4703=CARTESIAN_POINT('Ctrl Pts',(19.1875000013333,26.5010384400491,3.72810629098269));
#4704=CARTESIAN_POINT('Ctrl Pts',(19.1875000013333,26.4353756555813,3.77090210436894));
#4705=CARTESIAN_POINT('Ctrl Pts',(19.1875000013333,26.2980012436865,3.86043607316344));
#4706=CARTESIAN_POINT('Ctrl Pts',(19.1875000013333,26.1339894329138,3.87004629371396));
#4707=CARTESIAN_POINT('Ctrl Pts',(19.1875000013333,26.0483726597059,3.87506298165537));
#4708=CARTESIAN_POINT('',(19.5875000013333,26.5010384400491,3.72810629098269));
#4709=CARTESIAN_POINT('',(19.1875000013333,26.5010384400491,3.72810629098269));
#4710=CARTESIAN_POINT('Ctrl Pts',(19.5875000013333,26.5010384400491,3.72810629098269));
#4711=CARTESIAN_POINT('Ctrl Pts',(19.5875000013333,26.4353756555813,3.77090210436894));
#4712=CARTESIAN_POINT('Ctrl Pts',(19.5875000013333,26.2980012436865,3.86043607316344));
#4713=CARTESIAN_POINT('Ctrl Pts',(19.5875000013333,26.1339894329138,3.87004629371396));
#4714=CARTESIAN_POINT('Ctrl Pts',(19.5875000013333,26.0483726597059,3.87506298165537));
#4715=CARTESIAN_POINT('Ctrl Pts',(19.1875000013333,26.7719084141149,3.31097623199655));
#4716=CARTESIAN_POINT('Ctrl Pts',(19.5875000013333,26.7719084141149,3.31097623199655));
#4717=CARTESIAN_POINT('Ctrl Pts',(19.1875000013333,26.7396560627435,3.3944261529185));
#4718=CARTESIAN_POINT('Ctrl Pts',(19.5875000013333,26.7396560627435,3.3944261529185));
#4719=CARTESIAN_POINT('Ctrl Pts',(19.1875000013333,26.6784844285457,3.55270199388551));
#4720=CARTESIAN_POINT('Ctrl Pts',(19.5875000013333,26.6784844285457,3.55270199388551));
#4721=CARTESIAN_POINT('Ctrl Pts',(19.1875000013333,26.5579987962897,3.67180131991268));
#4722=CARTESIAN_POINT('Ctrl Pts',(19.5875000013333,26.5579987962897,3.67180131991268));
#4723=CARTESIAN_POINT('Ctrl Pts',(19.1875000013333,26.5010384400491,3.72810629098269));
#4724=CARTESIAN_POINT('Ctrl Pts',(19.5875000013333,26.5010384400491,3.72810629098269));
#4725=CARTESIAN_POINT('',(19.1875000013333,26.7719084141149,3.31097623199655));
#4726=CARTESIAN_POINT('Ctrl Pts',(19.1875000013333,26.7719084141149,3.31097623199655));
#4727=CARTESIAN_POINT('Ctrl Pts',(19.1875000013333,26.7396560627435,3.3944261529185));
#4728=CARTESIAN_POINT('Ctrl Pts',(19.1875000013333,26.6784844285457,3.55270199388551));
#4729=CARTESIAN_POINT('Ctrl Pts',(19.1875000013333,26.5579987962897,3.67180131991268));
#4730=CARTESIAN_POINT('Ctrl Pts',(19.1875000013333,26.5010384400491,3.72810629098269));
#4731=CARTESIAN_POINT('',(19.5875000013333,26.7719084141149,3.31097623199655));
#4732=CARTESIAN_POINT('',(19.1875000013333,26.7719084141149,3.31097623199655));
#4733=CARTESIAN_POINT('Ctrl Pts',(19.5875000013333,26.7719084141149,3.31097623199655));
#4734=CARTESIAN_POINT('Ctrl Pts',(19.5875000013333,26.7396560627435,3.3944261529185));
#4735=CARTESIAN_POINT('Ctrl Pts',(19.5875000013333,26.6784844285457,3.55270199388551));
#4736=CARTESIAN_POINT('Ctrl Pts',(19.5875000013333,26.5579987962897,3.67180131991268));
#4737=CARTESIAN_POINT('Ctrl Pts',(19.5875000013333,26.5010384400491,3.72810629098269));
#4738=CARTESIAN_POINT('Ctrl Pts',(19.1875000013333,26.8626712887241,2.59723940665494));
#4739=CARTESIAN_POINT('Ctrl Pts',(19.5875000013333,26.8626712887241,2.59723940665494));
#4740=CARTESIAN_POINT('Ctrl Pts',(19.1875000013333,26.8609538976655,2.73140353574344));
#4741=CARTESIAN_POINT('Ctrl Pts',(19.5875000013333,26.8609538976655,2.73140353574344));
#4742=CARTESIAN_POINT('Ctrl Pts',(19.1875000013333,26.8578611519636,2.97301160252349));
#4743=CARTESIAN_POINT('Ctrl Pts',(19.5875000013333,26.8578611519636,2.97301160252349));
#4744=CARTESIAN_POINT('Ctrl Pts',(19.1875000013333,26.7983660779917,3.20694517036142));
#4745=CARTESIAN_POINT('Ctrl Pts',(19.5875000013333,26.7983660779917,3.20694517036142));
#4746=CARTESIAN_POINT('Ctrl Pts',(19.1875000013333,26.7719084141149,3.31097623199655));
#4747=CARTESIAN_POINT('Ctrl Pts',(19.5875000013333,26.7719084141149,3.31097623199655));
#4748=CARTESIAN_POINT('',(19.1875000013333,26.8626712887241,2.59723940665494));
#4749=CARTESIAN_POINT('Ctrl Pts',(19.1875000013333,26.8626712887241,2.59723940665494));
#4750=CARTESIAN_POINT('Ctrl Pts',(19.1875000013333,26.8609538976655,2.73140353574344));
#4751=CARTESIAN_POINT('Ctrl Pts',(19.1875000013333,26.8578611519636,2.97301160252349));
#4752=CARTESIAN_POINT('Ctrl Pts',(19.1875000013333,26.7983660779917,3.20694517036142));
#4753=CARTESIAN_POINT('Ctrl Pts',(19.1875000013333,26.7719084141149,3.31097623199655));
#4754=CARTESIAN_POINT('',(19.5875000013333,26.8626712887241,2.59723940665494));
#4755=CARTESIAN_POINT('',(19.1875000013333,26.8626712887241,2.59723940665494));
#4756=CARTESIAN_POINT('Ctrl Pts',(19.5875000013333,26.8626712887241,2.59723940665494));
#4757=CARTESIAN_POINT('Ctrl Pts',(19.5875000013333,26.8609538976655,2.73140353574344));
#4758=CARTESIAN_POINT('Ctrl Pts',(19.5875000013333,26.8578611519636,2.97301160252349));
#4759=CARTESIAN_POINT('Ctrl Pts',(19.5875000013333,26.7983660779917,3.20694517036142));
#4760=CARTESIAN_POINT('Ctrl Pts',(19.5875000013333,26.7719084141149,3.31097623199655));
#4761=CARTESIAN_POINT('Ctrl Pts',(19.1875000013333,26.6147280074985,1.58103186269697));
#4762=CARTESIAN_POINT('Ctrl Pts',(19.5875000013333,26.6147280074985,1.58103186269697));
#4763=CARTESIAN_POINT('Ctrl Pts',(19.1875000013333,26.6865325024257,1.71502787826892));
#4764=CARTESIAN_POINT('Ctrl Pts',(19.5875000013333,26.6865325024257,1.71502787826892));
#4765=CARTESIAN_POINT('Ctrl Pts',(19.1875000013333,26.855550033825,2.03043537180042));
#4766=CARTESIAN_POINT('Ctrl Pts',(19.5875000013333,26.855550033825,2.03043537180042));
#4767=CARTESIAN_POINT('Ctrl Pts',(19.1875000013333,26.8600709907276,2.39027316024169));
#4768=CARTESIAN_POINT('Ctrl Pts',(19.5875000013333,26.8600709907276,2.39027316024169));
#4769=CARTESIAN_POINT('Ctrl Pts',(19.1875000013333,26.8626712887241,2.59723940665494));
#4770=CARTESIAN_POINT('Ctrl Pts',(19.5875000013333,26.8626712887241,2.59723940665494));
#4771=CARTESIAN_POINT('Ctrl Pts',(19.1875000013333,26.6147280074985,1.58103186269697));
#4772=CARTESIAN_POINT('Ctrl Pts',(19.1875000013333,26.6865325024257,1.71502787826892));
#4773=CARTESIAN_POINT('Ctrl Pts',(19.1875000013333,26.855550033825,2.03043537180042));
#4774=CARTESIAN_POINT('Ctrl Pts',(19.1875000013333,26.8600709907276,2.39027316024169));
#4775=CARTESIAN_POINT('Ctrl Pts',(19.1875000013333,26.8626712887241,2.59723940665494));
#4776=CARTESIAN_POINT('Ctrl Pts',(19.5875000013333,26.6147280074985,1.58103186269697));
#4777=CARTESIAN_POINT('Ctrl Pts',(19.5875000013333,26.6865325024257,1.71502787826892));
#4778=CARTESIAN_POINT('Ctrl Pts',(19.5875000013333,26.855550033825,2.03043537180042));
#4779=CARTESIAN_POINT('Ctrl Pts',(19.5875000013333,26.8600709907276,2.39027316024169));
#4780=CARTESIAN_POINT('Ctrl Pts',(19.5875000013333,26.8626712887241,2.59723940665494));
#4781=CARTESIAN_POINT('Origin',(19.5875000013333,26.2691151464714,2.59863083585037));
#4782=CARTESIAN_POINT('Origin',(19.1875000013333,24.3978991589787,1.71551276922475));
#4783=CARTESIAN_POINT('',(19.1875000013333,24.3978991589787,1.71551276922475));
#4784=CARTESIAN_POINT('',(19.1875000013333,24.3976680261926,1.36592206728093));
#4785=CARTESIAN_POINT('',(19.1875000013333,24.4008801609638,6.22430874843351));
#4786=CARTESIAN_POINT('',(19.5875000013333,24.3978991589787,1.71551276922475));
#4787=CARTESIAN_POINT('',(19.1875000013333,24.3978991589787,1.71551276922475));
#4788=CARTESIAN_POINT('',(19.5875000013333,24.3976680261926,1.36592206728093));
#4789=CARTESIAN_POINT('',(19.5875000013333,24.3978991589787,1.71551276922475));
#4790=CARTESIAN_POINT('',(19.1875000013333,24.3976680261926,1.36592206728093));
#4791=CARTESIAN_POINT('Origin',(19.1875000013333,24.7474898609225,1.71528163643868));
#4792=CARTESIAN_POINT('',(19.1875000013333,24.7474898609225,1.71528163643868));
#4793=CARTESIAN_POINT('',(19.1875000013333,29.2779553977024,1.71228630757019));
#4794=CARTESIAN_POINT('',(19.5875000013333,24.7474898609225,1.71528163643868));
#4795=CARTESIAN_POINT('',(19.1875000013333,24.7474898609225,1.71528163643868));
#4796=CARTESIAN_POINT('',(19.5875000013333,24.7474898609225,1.71528163643868));
#4797=CARTESIAN_POINT('Origin',(19.1875000013333,24.7472587281364,1.36569093449486));
#4798=CARTESIAN_POINT('',(19.1875000013333,24.7472587281364,1.36569093449486));
#4799=CARTESIAN_POINT('',(19.1875000013333,24.7503552965146,6.04928226467553));
#4800=CARTESIAN_POINT('',(19.5875000013333,24.7472587281364,1.36569093449486));
#4801=CARTESIAN_POINT('',(19.1875000013333,24.7472587281364,1.36569093449486));
#4802=CARTESIAN_POINT('',(19.5875000013333,24.7472587281364,1.36569093449486));
#4803=CARTESIAN_POINT('Origin',(19.1875000013333,24.3976680261926,1.36592206728093));
#4804=CARTESIAN_POINT('',(19.1875000013333,29.1029289139444,1.3628111720194));
#4805=CARTESIAN_POINT('',(19.5875000013333,24.3976680261926,1.36592206728093));
#4806=CARTESIAN_POINT('Origin',(19.5875000013333,26.2691151464714,2.59863083585037));
#4807=CARTESIAN_POINT('Ctrl Pts',(19.1875000013333,23.1461146828075,2.88533793297829));
#4808=CARTESIAN_POINT('Ctrl Pts',(19.5875000013333,23.1461146828075,2.88533793297829));
#4809=CARTESIAN_POINT('Ctrl Pts',(19.1875000013333,23.0783907331997,3.00689255642224));
#4810=CARTESIAN_POINT('Ctrl Pts',(19.5875000013333,23.0783907331997,3.00689255642224));
#4811=CARTESIAN_POINT('Ctrl Pts',(19.1875000013333,22.9499496473032,3.23742559416265));
#4812=CARTESIAN_POINT('Ctrl Pts',(19.5875000013333,22.9499496473032,3.23742559416265));
#4813=CARTESIAN_POINT('Ctrl Pts',(19.1875000013333,22.784115610357,3.44261956309251));
#4814=CARTESIAN_POINT('Ctrl Pts',(19.5875000013333,22.784115610357,3.44261956309251));
#4815=CARTESIAN_POINT('Ctrl Pts',(19.1875000013333,22.7057219425344,3.53961960081531));
#4816=CARTESIAN_POINT('Ctrl Pts',(19.5875000013333,22.7057219425344,3.53961960081531));
#4817=CARTESIAN_POINT('',(19.1875000013333,23.1461146828075,2.88533793297829));
#4818=CARTESIAN_POINT('',(19.1875000013333,22.7057219425344,3.53961960081531));
#4819=CARTESIAN_POINT('Ctrl Pts',(19.1875000013333,23.1461146828075,2.88533793297829));
#4820=CARTESIAN_POINT('Ctrl Pts',(19.1875000013333,23.0783907331997,3.00689255642224));
#4821=CARTESIAN_POINT('Ctrl Pts',(19.1875000013333,22.9499496473032,3.23742559416265));
#4822=CARTESIAN_POINT('Ctrl Pts',(19.1875000013333,22.784115610357,3.44261956309251));
#4823=CARTESIAN_POINT('Ctrl Pts',(19.1875000013333,22.7057219425344,3.53961960081531));
#4824=CARTESIAN_POINT('',(19.5875000013333,23.1461146828075,2.88533793297829));
#4825=CARTESIAN_POINT('',(19.1875000013333,23.1461146828075,2.88533793297829));
#4826=CARTESIAN_POINT('',(19.5875000013333,22.7057219425344,3.53961960081531));
#4827=CARTESIAN_POINT('Ctrl Pts',(19.5875000013333,23.1461146828075,2.88533793297829));
#4828=CARTESIAN_POINT('Ctrl Pts',(19.5875000013333,23.0783907331997,3.00689255642224));
#4829=CARTESIAN_POINT('Ctrl Pts',(19.5875000013333,22.9499496473032,3.23742559416265));
#4830=CARTESIAN_POINT('Ctrl Pts',(19.5875000013333,22.784115610357,3.44261956309251));
#4831=CARTESIAN_POINT('Ctrl Pts',(19.5875000013333,22.7057219425344,3.53961960081531));
#4832=CARTESIAN_POINT('',(19.1875000013333,22.7057219425344,3.53961960081531));
#4833=CARTESIAN_POINT('Ctrl Pts',(19.1875000013333,23.463623920323,2.07936378553396));
#4834=CARTESIAN_POINT('Ctrl Pts',(19.5875000013333,23.463623920323,2.07936378553396));
#4835=CARTESIAN_POINT('Ctrl Pts',(19.1875000013333,23.422602237267,2.21769605341124));
#4836=CARTESIAN_POINT('Ctrl Pts',(19.5875000013333,23.422602237267,2.21769605341124));
#4837=CARTESIAN_POINT('Ctrl Pts',(19.1875000013333,23.3401978169634,2.49557812685398));
#4838=CARTESIAN_POINT('Ctrl Pts',(19.5875000013333,23.3401978169634,2.49557812685398));
#4839=CARTESIAN_POINT('Ctrl Pts',(19.1875000013333,23.2109977571413,2.75503905573128));
#4840=CARTESIAN_POINT('Ctrl Pts',(19.5875000013333,23.2109977571413,2.75503905573128));
#4841=CARTESIAN_POINT('Ctrl Pts',(19.1875000013333,23.1461146828075,2.88533793297829));
#4842=CARTESIAN_POINT('Ctrl Pts',(19.5875000013333,23.1461146828075,2.88533793297829));
#4843=CARTESIAN_POINT('',(19.1875000013333,23.463623920323,2.07936378553396));
#4844=CARTESIAN_POINT('Ctrl Pts',(19.1875000013333,23.463623920323,2.07936378553396));
#4845=CARTESIAN_POINT('Ctrl Pts',(19.1875000013333,23.422602237267,2.21769605341124));
#4846=CARTESIAN_POINT('Ctrl Pts',(19.1875000013333,23.3401978169634,2.49557812685398));
#4847=CARTESIAN_POINT('Ctrl Pts',(19.1875000013333,23.2109977571413,2.75503905573128));
#4848=CARTESIAN_POINT('Ctrl Pts',(19.1875000013333,23.1461146828075,2.88533793297829));
#4849=CARTESIAN_POINT('',(19.5875000013333,23.463623920323,2.07936378553396));
#4850=CARTESIAN_POINT('',(19.1875000013333,23.463623920323,2.07936378553396));
#4851=CARTESIAN_POINT('Ctrl Pts',(19.5875000013333,23.463623920323,2.07936378553396));
#4852=CARTESIAN_POINT('Ctrl Pts',(19.5875000013333,23.422602237267,2.21769605341124));
#4853=CARTESIAN_POINT('Ctrl Pts',(19.5875000013333,23.3401978169634,2.49557812685398));
#4854=CARTESIAN_POINT('Ctrl Pts',(19.5875000013333,23.2109977571413,2.75503905573128));
#4855=CARTESIAN_POINT('Ctrl Pts',(19.5875000013333,23.1461146828075,2.88533793297829));
#4856=CARTESIAN_POINT('Ctrl Pts',(19.1875000013333,23.5791146381641,1.36646325594546));
#4857=CARTESIAN_POINT('Ctrl Pts',(19.5875000013333,23.5791146381641,1.36646325594546));
#4858=CARTESIAN_POINT('Ctrl Pts',(19.1875000013333,23.5715481935625,1.47549183719182));
#4859=CARTESIAN_POINT('Ctrl Pts',(19.5875000013333,23.5715481935625,1.47549183719182));
#4860=CARTESIAN_POINT('Ctrl Pts',(19.1875000013333,23.5548207169362,1.7165261856142));
#4861=CARTESIAN_POINT('Ctrl Pts',(19.5875000013333,23.5548207169362,1.7165261856142));
#4862=CARTESIAN_POINT('Ctrl Pts',(19.1875000013333,23.4958952568295,1.950968329563));
#4863=CARTESIAN_POINT('Ctrl Pts',(19.5875000013333,23.4958952568295,1.950968329563));
#4864=CARTESIAN_POINT('Ctrl Pts',(19.1875000013333,23.463623920323,2.07936378553396));
#4865=CARTESIAN_POINT('Ctrl Pts',(19.5875000013333,23.463623920323,2.07936378553396));
#4866=CARTESIAN_POINT('',(19.1875000013333,23.5791146381641,1.36646325594546));
#4867=CARTESIAN_POINT('Ctrl Pts',(19.1875000013333,23.5791146381641,1.36646325594546));
#4868=CARTESIAN_POINT('Ctrl Pts',(19.1875000013333,23.5715481935625,1.47549183719182));
#4869=CARTESIAN_POINT('Ctrl Pts',(19.1875000013333,23.5548207169362,1.7165261856142));
#4870=CARTESIAN_POINT('Ctrl Pts',(19.1875000013333,23.4958952568295,1.950968329563));
#4871=CARTESIAN_POINT('Ctrl Pts',(19.1875000013333,23.463623920323,2.07936378553396));
#4872=CARTESIAN_POINT('',(19.5875000013333,23.5791146381641,1.36646325594546));
#4873=CARTESIAN_POINT('',(19.1875000013333,23.5791146381641,1.36646325594546));
#4874=CARTESIAN_POINT('Ctrl Pts',(19.5875000013333,23.5791146381641,1.36646325594546));
#4875=CARTESIAN_POINT('Ctrl Pts',(19.5875000013333,23.5715481935625,1.47549183719182));
#4876=CARTESIAN_POINT('Ctrl Pts',(19.5875000013333,23.5548207169362,1.7165261856142));
#4877=CARTESIAN_POINT('Ctrl Pts',(19.5875000013333,23.4958952568295,1.950968329563));
#4878=CARTESIAN_POINT('Ctrl Pts',(19.5875000013333,23.463623920323,2.07936378553396));
#4879=CARTESIAN_POINT('Origin',(19.1875000013333,23.2636303025528,1.36667183922026));
#4880=CARTESIAN_POINT('',(19.1875000013333,23.2636303025528,1.36667183922026));
#4881=CARTESIAN_POINT('',(19.1875000013333,28.5359100521245,1.36318605798906));
#4882=CARTESIAN_POINT('',(19.5875000013333,23.2636303025528,1.36667183922026));
#4883=CARTESIAN_POINT('',(19.1875000013333,23.2636303025528,1.36667183922026));
#4884=CARTESIAN_POINT('',(19.5875000013333,23.2636303025528,1.36667183922026));
#4885=CARTESIAN_POINT('Ctrl Pts',(19.1875000013333,23.1464179801103,2.05399372112109));
#4886=CARTESIAN_POINT('Ctrl Pts',(19.5875000013333,23.1464179801103,2.05399372112109));
#4887=CARTESIAN_POINT('Ctrl Pts',(19.1875000013333,23.174399988451,1.94491049022046));
#4888=CARTESIAN_POINT('Ctrl Pts',(19.5875000013333,23.174399988451,1.94491049022046));
#4889=CARTESIAN_POINT('Ctrl Pts',(19.1875000013333,23.2323360650232,1.71905627914156));
#4890=CARTESIAN_POINT('Ctrl Pts',(19.5875000013333,23.2323360650232,1.71905627914156));
#4891=CARTESIAN_POINT('Ctrl Pts',(19.1875000013333,23.2529648322853,1.48676889425056));
#4892=CARTESIAN_POINT('Ctrl Pts',(19.5875000013333,23.2529648322853,1.48676889425056));
#4893=CARTESIAN_POINT('Ctrl Pts',(19.1875000013333,23.2636303025528,1.36667183922026));
#4894=CARTESIAN_POINT('Ctrl Pts',(19.5875000013333,23.2636303025528,1.36667183922026));
#4895=CARTESIAN_POINT('',(19.1875000013333,23.1464179801103,2.05399372112109));
#4896=CARTESIAN_POINT('Ctrl Pts',(19.1875000013333,23.1464179801103,2.05399372112109));
#4897=CARTESIAN_POINT('Ctrl Pts',(19.1875000013333,23.174399988451,1.94491049022046));
#4898=CARTESIAN_POINT('Ctrl Pts',(19.1875000013333,23.2323360650232,1.71905627914156));
#4899=CARTESIAN_POINT('Ctrl Pts',(19.1875000013333,23.2529648322853,1.48676889425056));
#4900=CARTESIAN_POINT('Ctrl Pts',(19.1875000013333,23.2636303025528,1.36667183922026));
#4901=CARTESIAN_POINT('',(19.5875000013333,23.1464179801103,2.05399372112109));
#4902=CARTESIAN_POINT('',(19.1875000013333,23.1464179801103,2.05399372112109));
#4903=CARTESIAN_POINT('Ctrl Pts',(19.5875000013333,23.1464179801103,2.05399372112109));
#4904=CARTESIAN_POINT('Ctrl Pts',(19.5875000013333,23.174399988451,1.94491049022046));
#4905=CARTESIAN_POINT('Ctrl Pts',(19.5875000013333,23.2323360650232,1.71905627914156));
#4906=CARTESIAN_POINT('Ctrl Pts',(19.5875000013333,23.2529648322853,1.48676889425056));
#4907=CARTESIAN_POINT('Ctrl Pts',(19.5875000013333,23.2636303025528,1.36667183922026));
#4908=CARTESIAN_POINT('Ctrl Pts',(19.1875000013333,22.7846100745027,2.92053596854513));
#4909=CARTESIAN_POINT('Ctrl Pts',(19.5875000013333,22.7846100745027,2.92053596854513));
#4910=CARTESIAN_POINT('Ctrl Pts',(19.1875000013333,22.8580152086555,2.77985530048233));
#4911=CARTESIAN_POINT('Ctrl Pts',(19.5875000013333,22.8580152086555,2.77985530048233));
#4912=CARTESIAN_POINT('Ctrl Pts',(19.1875000013333,23.0033518232094,2.50131821632069));
#4913=CARTESIAN_POINT('Ctrl Pts',(19.5875000013333,23.0033518232094,2.50131821632069));
#4914=CARTESIAN_POINT('Ctrl Pts',(19.1875000013333,23.0990527171005,2.20209053748077));
#4915=CARTESIAN_POINT('Ctrl Pts',(19.5875000013333,23.0990527171005,2.20209053748077));
#4916=CARTESIAN_POINT('Ctrl Pts',(19.1875000013333,23.1464179801103,2.05399372112109));
#4917=CARTESIAN_POINT('Ctrl Pts',(19.5875000013333,23.1464179801103,2.05399372112109));
#4918=CARTESIAN_POINT('',(19.1875000013333,22.7846100745027,2.92053596854513));
#4919=CARTESIAN_POINT('Ctrl Pts',(19.1875000013333,22.7846100745027,2.92053596854513));
#4920=CARTESIAN_POINT('Ctrl Pts',(19.1875000013333,22.8580152086555,2.77985530048233));
#4921=CARTESIAN_POINT('Ctrl Pts',(19.1875000013333,23.0033518232094,2.50131821632069));
#4922=CARTESIAN_POINT('Ctrl Pts',(19.1875000013333,23.0990527171005,2.20209053748077));
#4923=CARTESIAN_POINT('Ctrl Pts',(19.1875000013333,23.1464179801103,2.05399372112109));
#4924=CARTESIAN_POINT('',(19.5875000013333,22.7846100745027,2.92053596854513));
#4925=CARTESIAN_POINT('',(19.1875000013333,22.7846100745027,2.92053596854513));
#4926=CARTESIAN_POINT('Ctrl Pts',(19.5875000013333,22.7846100745027,2.92053596854513));
#4927=CARTESIAN_POINT('Ctrl Pts',(19.5875000013333,22.8580152086555,2.77985530048233));
#4928=CARTESIAN_POINT('Ctrl Pts',(19.5875000013333,23.0033518232094,2.50131821632069));
#4929=CARTESIAN_POINT('Ctrl Pts',(19.5875000013333,23.0990527171005,2.20209053748077));
#4930=CARTESIAN_POINT('Ctrl Pts',(19.5875000013333,23.1464179801103,2.05399372112109));
#4931=CARTESIAN_POINT('Ctrl Pts',(19.1875000013333,22.3118297538587,3.59615561229529));
#4932=CARTESIAN_POINT('Ctrl Pts',(19.5875000013333,22.3118297538587,3.59615561229529));
#4933=CARTESIAN_POINT('Ctrl Pts',(19.1875000013333,22.3938646955476,3.49951098084943));
#4934=CARTESIAN_POINT('Ctrl Pts',(19.5875000013333,22.3938646955476,3.49951098084943));
#4935=CARTESIAN_POINT('Ctrl Pts',(19.1875000013333,22.5724354956415,3.2891383176064));
#4936=CARTESIAN_POINT('Ctrl Pts',(19.5875000013333,22.5724354956415,3.2891383176064));
#4937=CARTESIAN_POINT('Ctrl Pts',(19.1875000013333,22.7101572960282,3.0498797814899));
#4938=CARTESIAN_POINT('Ctrl Pts',(19.5875000013333,22.7101572960282,3.0498797814899));
#4939=CARTESIAN_POINT('Ctrl Pts',(19.1875000013333,22.7846100745027,2.92053596854513));
#4940=CARTESIAN_POINT('Ctrl Pts',(19.5875000013333,22.7846100745027,2.92053596854513));
#4941=CARTESIAN_POINT('',(19.1875000013333,22.3118297538587,3.59615561229529));
#4942=CARTESIAN_POINT('Ctrl Pts',(19.1875000013333,22.3118297538587,3.59615561229529));
#4943=CARTESIAN_POINT('Ctrl Pts',(19.1875000013333,22.3938646955476,3.49951098084943));
#4944=CARTESIAN_POINT('Ctrl Pts',(19.1875000013333,22.5724354956415,3.2891383176064));
#4945=CARTESIAN_POINT('Ctrl Pts',(19.1875000013333,22.7101572960282,3.0498797814899));
#4946=CARTESIAN_POINT('Ctrl Pts',(19.1875000013333,22.7846100745027,2.92053596854513));
#4947=CARTESIAN_POINT('',(19.5875000013333,22.3118297538587,3.59615561229529));
#4948=CARTESIAN_POINT('',(19.1875000013333,22.3118297538587,3.59615561229529));
#4949=CARTESIAN_POINT('Ctrl Pts',(19.5875000013333,22.3118297538587,3.59615561229529));
#4950=CARTESIAN_POINT('Ctrl Pts',(19.5875000013333,22.3938646955476,3.49951098084943));
#4951=CARTESIAN_POINT('Ctrl Pts',(19.5875000013333,22.5724354956415,3.2891383176064));
#4952=CARTESIAN_POINT('Ctrl Pts',(19.5875000013333,22.7101572960282,3.0498797814899));
#4953=CARTESIAN_POINT('Ctrl Pts',(19.5875000013333,22.7846100745027,2.92053596854513));
#4954=CARTESIAN_POINT('Origin',(19.1875000013333,22.3119876006347,3.83490047464661));
#4955=CARTESIAN_POINT('',(19.1875000013333,22.3119876006347,3.83490047464661));
#4956=CARTESIAN_POINT('',(19.1875000013333,22.3142684395264,7.28469261693799));
#4957=CARTESIAN_POINT('',(19.5875000013333,22.3119876006347,3.83490047464661));
#4958=CARTESIAN_POINT('',(19.1875000013333,22.3119876006347,3.83490047464661));
#4959=CARTESIAN_POINT('',(19.5875000013333,22.3119876006347,3.83490047464661));
#4960=CARTESIAN_POINT('Origin',(19.1875000013333,23.9303367990807,3.83383049893792));
#4961=CARTESIAN_POINT('',(19.1875000013333,23.9303367990807,3.83383049893792));
#4962=CARTESIAN_POINT('',(19.1875000013333,28.8700790298748,3.83056457573715));
#4963=CARTESIAN_POINT('',(19.5875000013333,23.9303367990807,3.83383049893792));
#4964=CARTESIAN_POINT('',(19.1875000013333,23.9303367990807,3.83383049893792));
#4965=CARTESIAN_POINT('',(19.5875000013333,23.9303367990807,3.83383049893792));
#4966=CARTESIAN_POINT('Origin',(19.1875000013333,23.9301417455717,3.53881007253319));
#4967=CARTESIAN_POINT('',(19.1875000013333,23.9301417455717,3.53881007253319));
#4968=CARTESIAN_POINT('',(19.1875000013333,23.932520111218,7.13611242802694));
#4969=CARTESIAN_POINT('',(19.5875000013333,23.9301417455717,3.53881007253319));
#4970=CARTESIAN_POINT('',(19.1875000013333,23.9301417455717,3.53881007253319));
#4971=CARTESIAN_POINT('',(19.5875000013333,23.9301417455717,3.53881007253319));
#4972=CARTESIAN_POINT('Origin',(19.1875000013333,22.7057219425344,3.53961960081531));
#4973=CARTESIAN_POINT('',(19.1875000013333,28.2576740748472,3.53594891347349));
#4974=CARTESIAN_POINT('',(19.5875000013333,22.7057219425344,3.53961960081531));
#4975=CARTESIAN_POINT('Origin',(19.5875000013333,26.2691151464714,2.59863083585037));
#4976=CARTESIAN_POINT('Origin',(19.1875000013333,29.1041171838455,3.58654900632219));
#4977=CARTESIAN_POINT('',(19.1875000013333,29.1041171838455,3.58654900632219));
#4978=CARTESIAN_POINT('',(19.1875000013333,29.8953856576219,3.58602585714845));
#4979=CARTESIAN_POINT('',(19.1875000013333,31.4568886076855,3.58499346548216));
#4980=CARTESIAN_POINT('',(19.5875000013333,29.1041171838455,3.58654900632219));
#4981=CARTESIAN_POINT('',(19.1875000013333,29.1041171838455,3.58654900632219));
#4982=CARTESIAN_POINT('',(19.5875000013333,29.8953856576219,3.58602585714845));
#4983=CARTESIAN_POINT('',(19.5875000013333,29.1041171838455,3.58654900632219));
#4984=CARTESIAN_POINT('',(19.1875000013333,29.8953856576219,3.58602585714845));
#4985=CARTESIAN_POINT('Ctrl Pts',(19.1875000013333,28.6973225835592,3.47256134403499));
#4986=CARTESIAN_POINT('Ctrl Pts',(19.5875000013333,28.6973225835592,3.47256134403499));
#4987=CARTESIAN_POINT('Ctrl Pts',(19.1875000013333,28.7512812140408,3.50570957876534));
#4988=CARTESIAN_POINT('Ctrl Pts',(19.5875000013333,28.7512812140408,3.50570957876534));
#4989=CARTESIAN_POINT('Ctrl Pts',(19.1875000013333,28.8752216869868,3.58184953734345));
#4990=CARTESIAN_POINT('Ctrl Pts',(19.5875000013333,28.8752216869868,3.58184953734345));
#4991=CARTESIAN_POINT('Ctrl Pts',(19.1875000013333,29.0215143716417,3.58485308237945));
#4992=CARTESIAN_POINT('Ctrl Pts',(19.5875000013333,29.0215143716417,3.58485308237945));
#4993=CARTESIAN_POINT('Ctrl Pts',(19.1875000013333,29.1041171838455,3.58654900632219));
#4994=CARTESIAN_POINT('Ctrl Pts',(19.5875000013333,29.1041171838455,3.58654900632219));
#4995=CARTESIAN_POINT('',(19.1875000013333,28.6973225835592,3.47256134403499));
#4996=CARTESIAN_POINT('Ctrl Pts',(19.1875000013333,28.6973225835592,3.47256134403499));
#4997=CARTESIAN_POINT('Ctrl Pts',(19.1875000013333,28.7512812140408,3.50570957876534));
#4998=CARTESIAN_POINT('Ctrl Pts',(19.1875000013333,28.8752216869868,3.58184953734345));
#4999=CARTESIAN_POINT('Ctrl Pts',(19.1875000013333,29.0215143716417,3.58485308237945));
#5000=CARTESIAN_POINT('Ctrl Pts',(19.1875000013333,29.1041171838455,3.58654900632219));
#5001=CARTESIAN_POINT('',(19.5875000013333,28.6973225835592,3.47256134403499));
#5002=CARTESIAN_POINT('',(19.1875000013333,28.6973225835592,3.47256134403499));
#5003=CARTESIAN_POINT('Ctrl Pts',(19.5875000013333,28.6973225835592,3.47256134403499));
#5004=CARTESIAN_POINT('Ctrl Pts',(19.5875000013333,28.7512812140408,3.50570957876534));
#5005=CARTESIAN_POINT('Ctrl Pts',(19.5875000013333,28.8752216869868,3.58184953734345));
#5006=CARTESIAN_POINT('Ctrl Pts',(19.5875000013333,29.0215143716417,3.58485308237945));
#5007=CARTESIAN_POINT('Ctrl Pts',(19.5875000013333,29.1041171838455,3.58654900632219));
#5008=CARTESIAN_POINT('Ctrl Pts',(19.1875000013333,28.5683784160677,3.18103676796714));
#5009=CARTESIAN_POINT('Ctrl Pts',(19.5875000013333,28.5683784160677,3.18103676796714));
#5010=CARTESIAN_POINT('Ctrl Pts',(19.1875000013333,28.5735946510594,3.2373563054097));
#5011=CARTESIAN_POINT('Ctrl Pts',(19.5875000013333,28.5735946510594,3.2373563054097));
#5012=CARTESIAN_POINT('Ctrl Pts',(19.1875000013333,28.583938807939,3.34904186628269));
#5013=CARTESIAN_POINT('Ctrl Pts',(19.5875000013333,28.583938807939,3.34904186628269));
#5014=CARTESIAN_POINT('Ctrl Pts',(19.1875000013333,28.6597437194987,3.43162319712746));
#5015=CARTESIAN_POINT('Ctrl Pts',(19.5875000013333,28.6597437194987,3.43162319712746));
#5016=CARTESIAN_POINT('Ctrl Pts',(19.1875000013333,28.6973225835592,3.47256134403499));
#5017=CARTESIAN_POINT('Ctrl Pts',(19.5875000013333,28.6973225835592,3.47256134403499));
#5018=CARTESIAN_POINT('',(19.1875000013333,28.5683784160677,3.18103676796714));
#5019=CARTESIAN_POINT('Ctrl Pts',(19.1875000013333,28.5683784160677,3.18103676796714));
#5020=CARTESIAN_POINT('Ctrl Pts',(19.1875000013333,28.5735946510594,3.2373563054097));
#5021=CARTESIAN_POINT('Ctrl Pts',(19.1875000013333,28.583938807939,3.34904186628269));
#5022=CARTESIAN_POINT('Ctrl Pts',(19.1875000013333,28.6597437194987,3.43162319712746));
#5023=CARTESIAN_POINT('Ctrl Pts',(19.1875000013333,28.6973225835592,3.47256134403499));
#5024=CARTESIAN_POINT('',(19.5875000013333,28.5683784160677,3.18103676796714));
#5025=CARTESIAN_POINT('',(19.1875000013333,28.5683784160677,3.18103676796714));
#5026=CARTESIAN_POINT('Ctrl Pts',(19.5875000013333,28.5683784160677,3.18103676796714));
#5027=CARTESIAN_POINT('Ctrl Pts',(19.5875000013333,28.5735946510594,3.2373563054097));
#5028=CARTESIAN_POINT('Ctrl Pts',(19.5875000013333,28.583938807939,3.34904186628269));
#5029=CARTESIAN_POINT('Ctrl Pts',(19.5875000013333,28.6597437194987,3.43162319712746));
#5030=CARTESIAN_POINT('Ctrl Pts',(19.5875000013333,28.6973225835592,3.47256134403499));
#5031=CARTESIAN_POINT('Ctrl Pts',(19.1875000013333,28.6347375970145,2.95674318444398));
#5032=CARTESIAN_POINT('Ctrl Pts',(19.5875000013333,28.6347375970145,2.95674318444398));
#5033=CARTESIAN_POINT('Ctrl Pts',(19.1875000013333,28.6153627735391,2.99181856643409));
#5034=CARTESIAN_POINT('Ctrl Pts',(19.5875000013333,28.6153627735391,2.99181856643409));
#5035=CARTESIAN_POINT('Ctrl Pts',(19.1875000013333,28.5767540007505,3.06171429763655));
#5036=CARTESIAN_POINT('Ctrl Pts',(19.5875000013333,28.5767540007505,3.06171429763655));
#5037=CARTESIAN_POINT('Ctrl Pts',(19.1875000013333,28.5711634781361,3.14135947991995));
#5038=CARTESIAN_POINT('Ctrl Pts',(19.5875000013333,28.5711634781361,3.14135947991995));
#5039=CARTESIAN_POINT('Ctrl Pts',(19.1875000013333,28.5683784160677,3.18103676796714));
#5040=CARTESIAN_POINT('Ctrl Pts',(19.5875000013333,28.5683784160677,3.18103676796714));
#5041=CARTESIAN_POINT('',(19.1875000013333,28.6347375970145,2.95674318444398));
#5042=CARTESIAN_POINT('Ctrl Pts',(19.1875000013333,28.6347375970145,2.95674318444398));
#5043=CARTESIAN_POINT('Ctrl Pts',(19.1875000013333,28.6153627735391,2.99181856643409));
#5044=CARTESIAN_POINT('Ctrl Pts',(19.1875000013333,28.5767540007505,3.06171429763655));
#5045=CARTESIAN_POINT('Ctrl Pts',(19.1875000013333,28.5711634781361,3.14135947991995));
#5046=CARTESIAN_POINT('Ctrl Pts',(19.1875000013333,28.5683784160677,3.18103676796714));
#5047=CARTESIAN_POINT('',(19.5875000013333,28.6347375970145,2.95674318444398));
#5048=CARTESIAN_POINT('',(19.1875000013333,28.6347375970145,2.95674318444398));
#5049=CARTESIAN_POINT('Ctrl Pts',(19.5875000013333,28.6347375970145,2.95674318444398));
#5050=CARTESIAN_POINT('Ctrl Pts',(19.5875000013333,28.6153627735391,2.99181856643409));
#5051=CARTESIAN_POINT('Ctrl Pts',(19.5875000013333,28.5767540007505,3.06171429763655));
#5052=CARTESIAN_POINT('Ctrl Pts',(19.5875000013333,28.5711634781361,3.14135947991995));
#5053=CARTESIAN_POINT('Ctrl Pts',(19.5875000013333,28.5683784160677,3.18103676796714));
#5054=CARTESIAN_POINT('Ctrl Pts',(19.1875000013333,28.8290448459366,2.8065464316319));
#5055=CARTESIAN_POINT('Ctrl Pts',(19.5875000013333,28.8290448459366,2.8065464316319));
#5056=CARTESIAN_POINT('Ctrl Pts',(19.1875000013333,28.7893155682275,2.82404150447915));
#5057=CARTESIAN_POINT('Ctrl Pts',(19.5875000013333,28.7893155682275,2.82404150447915));
#5058=CARTESIAN_POINT('Ctrl Pts',(19.1875000013333,28.7120320535839,2.85807385534336));
#5059=CARTESIAN_POINT('Ctrl Pts',(19.5875000013333,28.7120320535839,2.85807385534336));
#5060=CARTESIAN_POINT('Ctrl Pts',(19.1875000013333,28.6600144271146,2.92447634438238));
#5061=CARTESIAN_POINT('Ctrl Pts',(19.5875000013333,28.6600144271146,2.92447634438238));
#5062=CARTESIAN_POINT('Ctrl Pts',(19.1875000013333,28.6347375970145,2.95674318444398));
#5063=CARTESIAN_POINT('Ctrl Pts',(19.5875000013333,28.6347375970145,2.95674318444398));
#5064=CARTESIAN_POINT('',(19.1875000013333,28.8290448459366,2.8065464316319));
#5065=CARTESIAN_POINT('Ctrl Pts',(19.1875000013333,28.8290448459366,2.8065464316319));
#5066=CARTESIAN_POINT('Ctrl Pts',(19.1875000013333,28.7893155682275,2.82404150447915));
#5067=CARTESIAN_POINT('Ctrl Pts',(19.1875000013333,28.7120320535839,2.85807385534336));
#5068=CARTESIAN_POINT('Ctrl Pts',(19.1875000013333,28.6600144271146,2.92447634438238));
#5069=CARTESIAN_POINT('Ctrl Pts',(19.1875000013333,28.6347375970145,2.95674318444398));
#5070=CARTESIAN_POINT('',(19.5875000013333,28.8290448459366,2.8065464316319));
#5071=CARTESIAN_POINT('',(19.1875000013333,28.8290448459366,2.8065464316319));
#5072=CARTESIAN_POINT('Ctrl Pts',(19.5875000013333,28.8290448459366,2.8065464316319));
#5073=CARTESIAN_POINT('Ctrl Pts',(19.5875000013333,28.7893155682275,2.82404150447915));
#5074=CARTESIAN_POINT('Ctrl Pts',(19.5875000013333,28.7120320535839,2.85807385534336));
#5075=CARTESIAN_POINT('Ctrl Pts',(19.5875000013333,28.6600144271146,2.92447634438238));
#5076=CARTESIAN_POINT('Ctrl Pts',(19.5875000013333,28.6347375970145,2.95674318444398));
#5077=CARTESIAN_POINT('Ctrl Pts',(19.1875000013333,29.1837204077962,2.75941558826515));
#5078=CARTESIAN_POINT('Ctrl Pts',(19.5875000013333,29.1837204077962,2.75941558826515));
#5079=CARTESIAN_POINT('Ctrl Pts',(19.1875000013333,29.1159068694659,2.76019894783827));
#5080=CARTESIAN_POINT('Ctrl Pts',(19.5875000013333,29.1159068694659,2.76019894783827));
#5081=CARTESIAN_POINT('Ctrl Pts',(19.1875000013333,28.9956214363249,2.76158844539108));
#5082=CARTESIAN_POINT('Ctrl Pts',(19.5875000013333,28.9956214363249,2.76158844539108));
#5083=CARTESIAN_POINT('Ctrl Pts',(19.1875000013333,28.8796394541794,2.79289126138298));
#5084=CARTESIAN_POINT('Ctrl Pts',(19.5875000013333,28.8796394541794,2.79289126138298));
#5085=CARTESIAN_POINT('Ctrl Pts',(19.1875000013333,28.8290448459366,2.8065464316319));
#5086=CARTESIAN_POINT('Ctrl Pts',(19.5875000013333,28.8290448459366,2.8065464316319));
#5087=CARTESIAN_POINT('',(19.1875000013333,29.1837204077962,2.75941558826515));
#5088=CARTESIAN_POINT('Ctrl Pts',(19.1875000013333,29.1837204077962,2.75941558826515));
#5089=CARTESIAN_POINT('Ctrl Pts',(19.1875000013333,29.1159068694659,2.76019894783827));
#5090=CARTESIAN_POINT('Ctrl Pts',(19.1875000013333,28.9956214363249,2.76158844539108));
#5091=CARTESIAN_POINT('Ctrl Pts',(19.1875000013333,28.8796394541794,2.79289126138298));
#5092=CARTESIAN_POINT('Ctrl Pts',(19.1875000013333,28.8290448459366,2.8065464316319));
#5093=CARTESIAN_POINT('',(19.5875000013333,29.1837204077962,2.75941558826515));
#5094=CARTESIAN_POINT('',(19.1875000013333,29.1837204077962,2.75941558826515));
#5095=CARTESIAN_POINT('Ctrl Pts',(19.5875000013333,29.1837204077962,2.75941558826515));
#5096=CARTESIAN_POINT('Ctrl Pts',(19.5875000013333,29.1159068694659,2.76019894783827));
#5097=CARTESIAN_POINT('Ctrl Pts',(19.5875000013333,28.9956214363249,2.76158844539108));
#5098=CARTESIAN_POINT('Ctrl Pts',(19.5875000013333,28.8796394541794,2.79289126138298));
#5099=CARTESIAN_POINT('Ctrl Pts',(19.5875000013333,28.8290448459366,2.8065464316319));
#5100=CARTESIAN_POINT('Origin',(19.1875000013333,29.894838831284,2.758945430502));
#5101=CARTESIAN_POINT('',(19.1875000013333,29.894838831284,2.758945430502));
#5102=CARTESIAN_POINT('',(19.1875000013333,31.8519760182358,2.75765146424884));
#5103=CARTESIAN_POINT('',(19.5875000013333,29.894838831284,2.758945430502));
#5104=CARTESIAN_POINT('',(19.1875000013333,29.894838831284,2.758945430502));
#5105=CARTESIAN_POINT('',(19.5875000013333,29.894838831284,2.758945430502));
#5106=CARTESIAN_POINT('Origin',(19.1875000013333,29.8953856576219,3.58602585714845));
#5107=CARTESIAN_POINT('',(19.1875000013333,29.8977471110854,7.15774836338699));
#5108=CARTESIAN_POINT('',(19.5875000013333,29.8953856576219,3.58602585714845));
#5109=CARTESIAN_POINT('Origin',(19.1875000013333,29.8946494151529,2.47245159568042));
#5110=CARTESIAN_POINT('',(19.1875000013333,29.8946494151529,2.47245159568042));
#5111=CARTESIAN_POINT('',(19.1875000013333,29.8939154277926,1.36228820926418));
#5112=CARTESIAN_POINT('',(19.1875000013333,29.8973789898509,6.60096123265297));
#5113=CARTESIAN_POINT('',(19.5875000013333,29.8946494151529,2.47245159568042));
#5114=CARTESIAN_POINT('',(19.1875000013333,29.8946494151529,2.47245159568042));
#5115=CARTESIAN_POINT('',(19.5875000013333,29.8939154277926,1.36228820926418));
#5116=CARTESIAN_POINT('',(19.5875000013333,29.8946494151529,2.47245159568042));
#5117=CARTESIAN_POINT('',(19.1875000013333,29.8939154277926,1.36228820926418));
#5118=CARTESIAN_POINT('Origin',(19.1875000013333,29.510952495888,2.47270527787924));
#5119=CARTESIAN_POINT('',(19.1875000013333,29.510952495888,2.47270527787924));
#5120=CARTESIAN_POINT('',(19.1875000013333,31.6599381424722,2.47128447052667));
#5121=CARTESIAN_POINT('',(19.5875000013333,29.510952495888,2.47270527787924));
#5122=CARTESIAN_POINT('',(19.1875000013333,29.510952495888,2.47270527787924));
#5123=CARTESIAN_POINT('',(19.5875000013333,29.510952495888,2.47270527787924));
#5124=CARTESIAN_POINT('Ctrl Pts',(19.1875000013333,29.3267700167863,2.46088987676624));
#5125=CARTESIAN_POINT('Ctrl Pts',(19.5875000013333,29.3267700167863,2.46088987676624));
#5126=CARTESIAN_POINT('Ctrl Pts',(19.1875000013333,29.3514649970943,2.46432473031961));
#5127=CARTESIAN_POINT('Ctrl Pts',(19.5875000013333,29.3514649970943,2.46432473031961));
#5128=CARTESIAN_POINT('Ctrl Pts',(19.1875000013333,29.412526281854,2.47281781548566));
#5129=CARTESIAN_POINT('Ctrl Pts',(19.5875000013333,29.412526281854,2.47281781548566));
#5130=CARTESIAN_POINT('Ctrl Pts',(19.1875000013333,29.4742134397895,2.47274728422354));
#5131=CARTESIAN_POINT('Ctrl Pts',(19.5875000013333,29.4742134397895,2.47274728422354));
#5132=CARTESIAN_POINT('Ctrl Pts',(19.1875000013333,29.510952495888,2.47270527787924));
#5133=CARTESIAN_POINT('Ctrl Pts',(19.5875000013333,29.510952495888,2.47270527787924));
#5134=CARTESIAN_POINT('',(19.1875000013333,29.3267700167863,2.46088987676624));
#5135=CARTESIAN_POINT('Ctrl Pts',(19.1875000013333,29.3267700167863,2.46088987676624));
#5136=CARTESIAN_POINT('Ctrl Pts',(19.1875000013333,29.3514649970943,2.46432473031961));
#5137=CARTESIAN_POINT('Ctrl Pts',(19.1875000013333,29.412526281854,2.47281781548566));
#5138=CARTESIAN_POINT('Ctrl Pts',(19.1875000013333,29.4742134397895,2.47274728422354));
#5139=CARTESIAN_POINT('Ctrl Pts',(19.1875000013333,29.510952495888,2.47270527787924));
#5140=CARTESIAN_POINT('',(19.5875000013333,29.3267700167863,2.46088987676624));
#5141=CARTESIAN_POINT('',(19.1875000013333,29.3267700167863,2.46088987676624));
#5142=CARTESIAN_POINT('Ctrl Pts',(19.5875000013333,29.3267700167863,2.46088987676624));
#5143=CARTESIAN_POINT('Ctrl Pts',(19.5875000013333,29.3514649970943,2.46432473031961));
#5144=CARTESIAN_POINT('Ctrl Pts',(19.5875000013333,29.412526281854,2.47281781548566));
#5145=CARTESIAN_POINT('Ctrl Pts',(19.5875000013333,29.4742134397895,2.47274728422354));
#5146=CARTESIAN_POINT('Ctrl Pts',(19.5875000013333,29.510952495888,2.47270527787924));
#5147=CARTESIAN_POINT('Ctrl Pts',(19.1875000013333,29.1758050314713,2.39448221442933));
#5148=CARTESIAN_POINT('Ctrl Pts',(19.5875000013333,29.1758050314713,2.39448221442933));
#5149=CARTESIAN_POINT('Ctrl Pts',(19.1875000013333,29.2002677719232,2.40907935698042));
#5150=CARTESIAN_POINT('Ctrl Pts',(19.5875000013333,29.2002677719232,2.40907935698042));
#5151=CARTESIAN_POINT('Ctrl Pts',(19.1875000013333,29.2478537072078,2.43747432287312));
#5152=CARTESIAN_POINT('Ctrl Pts',(19.5875000013333,29.2478537072078,2.43747432287312));
#5153=CARTESIAN_POINT('Ctrl Pts',(19.1875000013333,29.3009629223018,2.45323255706953));
#5154=CARTESIAN_POINT('Ctrl Pts',(19.5875000013333,29.3009629223018,2.45323255706953));
#5155=CARTESIAN_POINT('Ctrl Pts',(19.1875000013333,29.3267700167863,2.46088987676624));
#5156=CARTESIAN_POINT('Ctrl Pts',(19.5875000013333,29.3267700167863,2.46088987676624));
#5157=CARTESIAN_POINT('',(19.1875000013333,29.1758050314713,2.39448221442933));
#5158=CARTESIAN_POINT('Ctrl Pts',(19.1875000013333,29.1758050314713,2.39448221442933));
#5159=CARTESIAN_POINT('Ctrl Pts',(19.1875000013333,29.2002677719232,2.40907935698042));
#5160=CARTESIAN_POINT('Ctrl Pts',(19.1875000013333,29.2478537072078,2.43747432287312));
#5161=CARTESIAN_POINT('Ctrl Pts',(19.1875000013333,29.3009629223018,2.45323255706953));
#5162=CARTESIAN_POINT('Ctrl Pts',(19.1875000013333,29.3267700167863,2.46088987676624));
#5163=CARTESIAN_POINT('',(19.5875000013333,29.1758050314713,2.39448221442933));
#5164=CARTESIAN_POINT('',(19.1875000013333,29.1758050314713,2.39448221442933));
#5165=CARTESIAN_POINT('Ctrl Pts',(19.5875000013333,29.1758050314713,2.39448221442933));
#5166=CARTESIAN_POINT('Ctrl Pts',(19.5875000013333,29.2002677719232,2.40907935698042));
#5167=CARTESIAN_POINT('Ctrl Pts',(19.5875000013333,29.2478537072078,2.43747432287312));
#5168=CARTESIAN_POINT('Ctrl Pts',(19.5875000013333,29.3009629223018,2.45323255706953));
#5169=CARTESIAN_POINT('Ctrl Pts',(19.5875000013333,29.3267700167863,2.46088987676624));
#5170=CARTESIAN_POINT('Ctrl Pts',(19.1875000013333,29.0077206398366,2.22747186715596));
#5171=CARTESIAN_POINT('Ctrl Pts',(19.5875000013333,29.0077206398366,2.22747186715596));
#5172=CARTESIAN_POINT('Ctrl Pts',(19.1875000013333,29.0359643574697,2.26272278981074));
#5173=CARTESIAN_POINT('Ctrl Pts',(19.5875000013333,29.0359643574697,2.26272278981074));
#5174=CARTESIAN_POINT('Ctrl Pts',(19.1875000013333,29.0857287722668,2.32483364786981));
#5175=CARTESIAN_POINT('Ctrl Pts',(19.5875000013333,29.0857287722668,2.32483364786981));
#5176=CARTESIAN_POINT('Ctrl Pts',(19.1875000013333,29.148611360273,2.3734555839367));
#5177=CARTESIAN_POINT('Ctrl Pts',(19.5875000013333,29.148611360273,2.3734555839367));
#5178=CARTESIAN_POINT('Ctrl Pts',(19.1875000013333,29.1758050314713,2.39448221442933));
#5179=CARTESIAN_POINT('Ctrl Pts',(19.5875000013333,29.1758050314713,2.39448221442933));
#5180=CARTESIAN_POINT('',(19.1875000013333,29.0077206398366,2.22747186715596));
#5181=CARTESIAN_POINT('Ctrl Pts',(19.1875000013333,29.0077206398366,2.22747186715596));
#5182=CARTESIAN_POINT('Ctrl Pts',(19.1875000013333,29.0359643574697,2.26272278981074));
#5183=CARTESIAN_POINT('Ctrl Pts',(19.1875000013333,29.0857287722668,2.32483364786981));
#5184=CARTESIAN_POINT('Ctrl Pts',(19.1875000013333,29.148611360273,2.3734555839367));
#5185=CARTESIAN_POINT('Ctrl Pts',(19.1875000013333,29.1758050314713,2.39448221442933));
#5186=CARTESIAN_POINT('',(19.5875000013333,29.0077206398366,2.22747186715596));
#5187=CARTESIAN_POINT('',(19.1875000013333,29.0077206398366,2.22747186715596));
#5188=CARTESIAN_POINT('Ctrl Pts',(19.5875000013333,29.0077206398366,2.22747186715596));
#5189=CARTESIAN_POINT('Ctrl Pts',(19.5875000013333,29.0359643574697,2.26272278981074));
#5190=CARTESIAN_POINT('Ctrl Pts',(19.5875000013333,29.0857287722668,2.32483364786981));
#5191=CARTESIAN_POINT('Ctrl Pts',(19.5875000013333,29.148611360273,2.3734555839367));
#5192=CARTESIAN_POINT('Ctrl Pts',(19.5875000013333,29.1758050314713,2.39448221442933));
#5193=CARTESIAN_POINT('Ctrl Pts',(19.1875000013333,28.7687480272638,1.88315517555416));
#5194=CARTESIAN_POINT('Ctrl Pts',(19.5875000013333,28.7687480272638,1.88315517555416));
#5195=CARTESIAN_POINT('Ctrl Pts',(19.1875000013333,28.8120254928878,1.94992240271862));
#5196=CARTESIAN_POINT('Ctrl Pts',(19.5875000013333,28.8120254928878,1.94992240271862));
#5197=CARTESIAN_POINT('Ctrl Pts',(19.1875000013333,28.8880597334685,2.06722583858174));
#5198=CARTESIAN_POINT('Ctrl Pts',(19.5875000013333,28.8880597334685,2.06722583858174));
#5199=CARTESIAN_POINT('Ctrl Pts',(19.1875000013333,28.9716909607159,2.17922208228361));
#5200=CARTESIAN_POINT('Ctrl Pts',(19.5875000013333,28.9716909607159,2.17922208228361));
#5201=CARTESIAN_POINT('Ctrl Pts',(19.1875000013333,29.0077206398366,2.22747186715596));
#5202=CARTESIAN_POINT('Ctrl Pts',(19.5875000013333,29.0077206398366,2.22747186715596));
#5203=CARTESIAN_POINT('',(19.1875000013333,28.7687480272639,1.88315517555416));
#5204=CARTESIAN_POINT('Ctrl Pts',(19.1875000013333,28.7687480272638,1.88315517555416));
#5205=CARTESIAN_POINT('Ctrl Pts',(19.1875000013333,28.8120254928878,1.94992240271862));
#5206=CARTESIAN_POINT('Ctrl Pts',(19.1875000013333,28.8880597334685,2.06722583858174));
#5207=CARTESIAN_POINT('Ctrl Pts',(19.1875000013333,28.9716909607159,2.17922208228361));
#5208=CARTESIAN_POINT('Ctrl Pts',(19.1875000013333,29.0077206398366,2.22747186715596));
#5209=CARTESIAN_POINT('',(19.5875000013333,28.7687480272639,1.88315517555416));
#5210=CARTESIAN_POINT('',(19.1875000013333,28.7687480272639,1.88315517555416));
#5211=CARTESIAN_POINT('Ctrl Pts',(19.5875000013333,28.7687480272638,1.88315517555416));
#5212=CARTESIAN_POINT('Ctrl Pts',(19.5875000013333,28.8120254928878,1.94992240271862));
#5213=CARTESIAN_POINT('Ctrl Pts',(19.5875000013333,28.8880597334685,2.06722583858174));
#5214=CARTESIAN_POINT('Ctrl Pts',(19.5875000013333,28.9716909607159,2.17922208228361));
#5215=CARTESIAN_POINT('Ctrl Pts',(19.5875000013333,29.0077206398366,2.22747186715596));
#5216=CARTESIAN_POINT('Origin',(19.1875000013333,28.4375722144843,1.36325107430175));
#5217=CARTESIAN_POINT('',(19.1875000013333,28.4375722144843,1.36325107430175));
#5218=CARTESIAN_POINT('',(19.1875000013333,31.3350340151941,5.91189930065683));
#5219=CARTESIAN_POINT('',(19.5875000013333,28.4375722144843,1.36325107430175));
#5220=CARTESIAN_POINT('',(19.1875000013333,28.4375722144843,1.36325107430175));
#5221=CARTESIAN_POINT('',(19.5875000013333,28.4375722144843,1.36325107430175));
#5222=CARTESIAN_POINT('Origin',(19.1875000013333,28.0214740683897,1.36352617865449));
#5223=CARTESIAN_POINT('',(19.1875000013333,28.0214740683897,1.36352617865449));
#5224=CARTESIAN_POINT('',(19.1875000013333,30.9148319350429,1.36161322770618));
#5225=CARTESIAN_POINT('',(19.5875000013333,28.0214740683897,1.36352617865449));
#5226=CARTESIAN_POINT('',(19.1875000013333,28.0214740683897,1.36352617865449));
#5227=CARTESIAN_POINT('',(19.5875000013333,28.0214740683897,1.36352617865449));
#5228=CARTESIAN_POINT('Origin',(19.1875000013333,28.4567802514039,2.04366145548275));
#5229=CARTESIAN_POINT('',(19.1875000013333,28.4567802514039,2.04366145548275));
#5230=CARTESIAN_POINT('',(19.1875000013333,31.2064897015895,6.33988896401308));
#5231=CARTESIAN_POINT('',(19.5875000013333,28.4567802514039,2.04366145548275));
#5232=CARTESIAN_POINT('',(19.1875000013333,28.4567802514039,2.04366145548275));
#5233=CARTESIAN_POINT('',(19.5875000013333,28.4567802514039,2.04366145548275));
#5234=CARTESIAN_POINT('Ctrl Pts',(19.1875000013333,28.7315569245572,2.3760173013086));
#5235=CARTESIAN_POINT('Ctrl Pts',(19.5875000013333,28.7315569245572,2.3760173013086));
#5236=CARTESIAN_POINT('Ctrl Pts',(19.1875000013333,28.682908748599,2.32747940475259));
#5237=CARTESIAN_POINT('Ctrl Pts',(19.5875000013333,28.682908748599,2.32747940475259));
#5238=CARTESIAN_POINT('Ctrl Pts',(19.1875000013333,28.5807126374728,2.22551495957922));
#5239=CARTESIAN_POINT('Ctrl Pts',(19.5875000013333,28.5807126374728,2.22551495957922));
#5240=CARTESIAN_POINT('Ctrl Pts',(19.1875000013333,28.4993906980459,2.10618634731098));
#5241=CARTESIAN_POINT('Ctrl Pts',(19.5875000013333,28.4993906980459,2.10618634731098));
#5242=CARTESIAN_POINT('Ctrl Pts',(19.1875000013333,28.4567802514039,2.04366145548275));
#5243=CARTESIAN_POINT('Ctrl Pts',(19.5875000013333,28.4567802514039,2.04366145548275));
#5244=CARTESIAN_POINT('',(19.1875000013333,28.7315569245572,2.3760173013086));
#5245=CARTESIAN_POINT('Ctrl Pts',(19.1875000013333,28.7315569245572,2.3760173013086));
#5246=CARTESIAN_POINT('Ctrl Pts',(19.1875000013333,28.682908748599,2.32747940475259));
#5247=CARTESIAN_POINT('Ctrl Pts',(19.1875000013333,28.5807126374728,2.22551495957922));
#5248=CARTESIAN_POINT('Ctrl Pts',(19.1875000013333,28.4993906980459,2.10618634731098));
#5249=CARTESIAN_POINT('Ctrl Pts',(19.1875000013333,28.4567802514039,2.04366145548275));
#5250=CARTESIAN_POINT('',(19.5875000013333,28.7315569245572,2.3760173013086));
#5251=CARTESIAN_POINT('',(19.1875000013333,28.7315569245572,2.3760173013086));
#5252=CARTESIAN_POINT('Ctrl Pts',(19.5875000013333,28.7315569245572,2.3760173013086));
#5253=CARTESIAN_POINT('Ctrl Pts',(19.5875000013333,28.682908748599,2.32747940475259));
#5254=CARTESIAN_POINT('Ctrl Pts',(19.5875000013333,28.5807126374728,2.22551495957922));
#5255=CARTESIAN_POINT('Ctrl Pts',(19.5875000013333,28.4993906980459,2.10618634731098));
#5256=CARTESIAN_POINT('Ctrl Pts',(19.5875000013333,28.4567802514039,2.04366145548275));
#5257=CARTESIAN_POINT('Ctrl Pts',(19.1875000013333,28.9311615628639,2.50037383233875));
#5258=CARTESIAN_POINT('Ctrl Pts',(19.5875000013333,28.9311615628639,2.50037383233875));
#5259=CARTESIAN_POINT('Ctrl Pts',(19.1875000013333,28.8917373850427,2.48092632083342));
#5260=CARTESIAN_POINT('Ctrl Pts',(19.5875000013333,28.8917373850427,2.48092632083342));
#5261=CARTESIAN_POINT('Ctrl Pts',(19.1875000013333,28.8210335821333,2.4460489157347));
#5262=CARTESIAN_POINT('Ctrl Pts',(19.5875000013333,28.8210335821333,2.4460489157347));
#5263=CARTESIAN_POINT('Ctrl Pts',(19.1875000013333,28.7590005627844,2.39749689546017));
#5264=CARTESIAN_POINT('Ctrl Pts',(19.5875000013333,28.7590005627844,2.39749689546017));
#5265=CARTESIAN_POINT('Ctrl Pts',(19.1875000013333,28.7315569245572,2.3760173013086));
#5266=CARTESIAN_POINT('Ctrl Pts',(19.5875000013333,28.7315569245572,2.3760173013086));
#5267=CARTESIAN_POINT('',(19.1875000013333,28.9311615628639,2.50037383233875));
#5268=CARTESIAN_POINT('Ctrl Pts',(19.1875000013333,28.9311615628639,2.50037383233875));
#5269=CARTESIAN_POINT('Ctrl Pts',(19.1875000013333,28.8917373850427,2.48092632083342));
#5270=CARTESIAN_POINT('Ctrl Pts',(19.1875000013333,28.8210335821333,2.4460489157347));
#5271=CARTESIAN_POINT('Ctrl Pts',(19.1875000013333,28.7590005627844,2.39749689546017));
#5272=CARTESIAN_POINT('Ctrl Pts',(19.1875000013333,28.7315569245572,2.3760173013086));
#5273=CARTESIAN_POINT('',(19.5875000013333,28.9311615628639,2.50037383233875));
#5274=CARTESIAN_POINT('',(19.1875000013333,28.9311615628639,2.50037383233875));
#5275=CARTESIAN_POINT('Ctrl Pts',(19.5875000013333,28.9311615628639,2.50037383233875));
#5276=CARTESIAN_POINT('Ctrl Pts',(19.5875000013333,28.8917373850427,2.48092632083342));
#5277=CARTESIAN_POINT('Ctrl Pts',(19.5875000013333,28.8210335821333,2.4460489157347));
#5278=CARTESIAN_POINT('Ctrl Pts',(19.5875000013333,28.7590005627844,2.39749689546017));
#5279=CARTESIAN_POINT('Ctrl Pts',(19.5875000013333,28.7315569245572,2.3760173013086));
#5280=CARTESIAN_POINT('Ctrl Pts',(19.1875000013333,28.3992550484877,2.73264916435169));
#5281=CARTESIAN_POINT('Ctrl Pts',(19.5875000013333,28.3992550484877,2.73264916435169));
#5282=CARTESIAN_POINT('Ctrl Pts',(19.1875000013333,28.4694726907167,2.67675016818446));
#5283=CARTESIAN_POINT('Ctrl Pts',(19.5875000013333,28.4694726907167,2.67675016818446));
#5284=CARTESIAN_POINT('Ctrl Pts',(19.1875000013333,28.625417795931,2.55260508780369));
#5285=CARTESIAN_POINT('Ctrl Pts',(19.5875000013333,28.625417795931,2.55260508780369));
#5286=CARTESIAN_POINT('Ctrl Pts',(19.1875000013333,28.8227064011632,2.51890159927937));
#5287=CARTESIAN_POINT('Ctrl Pts',(19.5875000013333,28.8227064011632,2.51890159927937));
#5288=CARTESIAN_POINT('Ctrl Pts',(19.1875000013333,28.9311615628639,2.50037383233875));
#5289=CARTESIAN_POINT('Ctrl Pts',(19.5875000013333,28.9311615628639,2.50037383233875));
#5290=CARTESIAN_POINT('',(19.1875000013333,28.3992550484877,2.73264916435169));
#5291=CARTESIAN_POINT('Ctrl Pts',(19.1875000013333,28.3992550484877,2.73264916435169));
#5292=CARTESIAN_POINT('Ctrl Pts',(19.1875000013333,28.4694726907167,2.67675016818446));
#5293=CARTESIAN_POINT('Ctrl Pts',(19.1875000013333,28.625417795931,2.55260508780369));
#5294=CARTESIAN_POINT('Ctrl Pts',(19.1875000013333,28.8227064011632,2.51890159927937));
#5295=CARTESIAN_POINT('Ctrl Pts',(19.1875000013333,28.9311615628639,2.50037383233875));
#5296=CARTESIAN_POINT('',(19.5875000013333,28.3992550484877,2.73264916435169));
#5297=CARTESIAN_POINT('',(19.1875000013333,28.3992550484877,2.73264916435169));
#5298=CARTESIAN_POINT('Ctrl Pts',(19.5875000013333,28.3992550484877,2.73264916435169));
#5299=CARTESIAN_POINT('Ctrl Pts',(19.5875000013333,28.4694726907167,2.67675016818446));
#5300=CARTESIAN_POINT('Ctrl Pts',(19.5875000013333,28.625417795931,2.55260508780369));
#5301=CARTESIAN_POINT('Ctrl Pts',(19.5875000013333,28.8227064011632,2.51890159927937));
#5302=CARTESIAN_POINT('Ctrl Pts',(19.5875000013333,28.9311615628639,2.50037383233875));
#5303=CARTESIAN_POINT('Ctrl Pts',(19.1875000013333,28.2273141566954,3.18126226347391));
#5304=CARTESIAN_POINT('Ctrl Pts',(19.5875000013333,28.2273141566954,3.18126226347391));
#5305=CARTESIAN_POINT('Ctrl Pts',(19.1875000013333,28.233955778663,3.09657618291963));
#5306=CARTESIAN_POINT('Ctrl Pts',(19.5875000013333,28.233955778663,3.09657618291963));
#5307=CARTESIAN_POINT('Ctrl Pts',(19.1875000013333,28.2470262469987,2.92991708371836));
#5308=CARTESIAN_POINT('Ctrl Pts',(19.5875000013333,28.2470262469987,2.92991708371836));
#5309=CARTESIAN_POINT('Ctrl Pts',(19.1875000013333,28.3490658191514,2.79768761140609));
#5310=CARTESIAN_POINT('Ctrl Pts',(19.5875000013333,28.3490658191514,2.79768761140609));
#5311=CARTESIAN_POINT('Ctrl Pts',(19.1875000013333,28.3992550484877,2.73264916435169));
#5312=CARTESIAN_POINT('Ctrl Pts',(19.5875000013333,28.3992550484877,2.73264916435169));
#5313=CARTESIAN_POINT('',(19.1875000013333,28.2273141566954,3.18126226347391));
#5314=CARTESIAN_POINT('Ctrl Pts',(19.1875000013333,28.2273141566954,3.18126226347391));
#5315=CARTESIAN_POINT('Ctrl Pts',(19.1875000013333,28.233955778663,3.09657618291963));
#5316=CARTESIAN_POINT('Ctrl Pts',(19.1875000013333,28.2470262469987,2.92991708371836));
#5317=CARTESIAN_POINT('Ctrl Pts',(19.1875000013333,28.3490658191514,2.79768761140609));
#5318=CARTESIAN_POINT('Ctrl Pts',(19.1875000013333,28.3992550484877,2.73264916435169));
#5319=CARTESIAN_POINT('',(19.5875000013333,28.2273141566954,3.18126226347391));
#5320=CARTESIAN_POINT('',(19.1875000013333,28.2273141566954,3.18126226347391));
#5321=CARTESIAN_POINT('Ctrl Pts',(19.5875000013333,28.2273141566954,3.18126226347391));
#5322=CARTESIAN_POINT('Ctrl Pts',(19.5875000013333,28.233955778663,3.09657618291963));
#5323=CARTESIAN_POINT('Ctrl Pts',(19.5875000013333,28.2470262469987,2.92991708371836));
#5324=CARTESIAN_POINT('Ctrl Pts',(19.5875000013333,28.3490658191514,2.79768761140609));
#5325=CARTESIAN_POINT('Ctrl Pts',(19.5875000013333,28.3992550484877,2.73264916435169));
#5326=CARTESIAN_POINT('Ctrl Pts',(19.1875000013333,28.3315877165829,3.55806925269182));
#5327=CARTESIAN_POINT('Ctrl Pts',(19.5875000013333,28.3315877165829,3.55806925269182));
#5328=CARTESIAN_POINT('Ctrl Pts',(19.1875000013333,28.3012091422956,3.49946281959839));
#5329=CARTESIAN_POINT('Ctrl Pts',(19.5875000013333,28.3012091422956,3.49946281959839));
#5330=CARTESIAN_POINT('Ctrl Pts',(19.1875000013333,28.2399260192838,3.381235242011));
#5331=CARTESIAN_POINT('Ctrl Pts',(19.5875000013333,28.2399260192838,3.381235242011));
#5332=CARTESIAN_POINT('Ctrl Pts',(19.1875000013333,28.2315420964463,3.24830023658227));
#5333=CARTESIAN_POINT('Ctrl Pts',(19.5875000013333,28.2315420964463,3.24830023658227));
#5334=CARTESIAN_POINT('Ctrl Pts',(19.1875000013333,28.2273141566954,3.18126226347391));
#5335=CARTESIAN_POINT('Ctrl Pts',(19.5875000013333,28.2273141566954,3.18126226347391));
#5336=CARTESIAN_POINT('',(19.1875000013333,28.3315877165829,3.55806925269182));
#5337=CARTESIAN_POINT('Ctrl Pts',(19.1875000013333,28.3315877165829,3.55806925269182));
#5338=CARTESIAN_POINT('Ctrl Pts',(19.1875000013333,28.3012091422956,3.49946281959839));
#5339=CARTESIAN_POINT('Ctrl Pts',(19.1875000013333,28.2399260192838,3.381235242011));
#5340=CARTESIAN_POINT('Ctrl Pts',(19.1875000013333,28.2315420964463,3.24830023658227));
#5341=CARTESIAN_POINT('Ctrl Pts',(19.1875000013333,28.2273141566954,3.18126226347391));
#5342=CARTESIAN_POINT('',(19.5875000013333,28.3315877165829,3.55806925269182));
#5343=CARTESIAN_POINT('',(19.1875000013333,28.3315877165829,3.55806925269182));
#5344=CARTESIAN_POINT('Ctrl Pts',(19.5875000013333,28.3315877165829,3.55806925269182));
#5345=CARTESIAN_POINT('Ctrl Pts',(19.5875000013333,28.3012091422956,3.49946281959839));
#5346=CARTESIAN_POINT('Ctrl Pts',(19.5875000013333,28.2399260192838,3.381235242011));
#5347=CARTESIAN_POINT('Ctrl Pts',(19.5875000013333,28.2315420964463,3.24830023658227));
#5348=CARTESIAN_POINT('Ctrl Pts',(19.5875000013333,28.2273141566954,3.18126226347391));
#5349=CARTESIAN_POINT('Ctrl Pts',(19.1875000013333,28.6097123918809,3.79577769193417));
#5350=CARTESIAN_POINT('Ctrl Pts',(19.5875000013333,28.6097123918809,3.79577769193417));
#5351=CARTESIAN_POINT('Ctrl Pts',(19.1875000013333,28.5543187037182,3.76855112098299));
#5352=CARTESIAN_POINT('Ctrl Pts',(19.5875000013333,28.5543187037182,3.76855112098299));
#5353=CARTESIAN_POINT('Ctrl Pts',(19.1875000013333,28.4414372973434,3.71306874164206));
#5354=CARTESIAN_POINT('Ctrl Pts',(19.5875000013333,28.4414372973434,3.71306874164206));
#5355=CARTESIAN_POINT('Ctrl Pts',(19.1875000013333,28.3686543022086,3.61037078893204));
#5356=CARTESIAN_POINT('Ctrl Pts',(19.5875000013333,28.3686543022086,3.61037078893204));
#5357=CARTESIAN_POINT('Ctrl Pts',(19.1875000013333,28.3315877165829,3.55806925269182));
#5358=CARTESIAN_POINT('Ctrl Pts',(19.5875000013333,28.3315877165829,3.55806925269182));
#5359=CARTESIAN_POINT('',(19.1875000013333,28.6097123918809,3.79577769193417));
#5360=CARTESIAN_POINT('Ctrl Pts',(19.1875000013333,28.6097123918809,3.79577769193417));
#5361=CARTESIAN_POINT('Ctrl Pts',(19.1875000013333,28.5543187037182,3.76855112098299));
#5362=CARTESIAN_POINT('Ctrl Pts',(19.1875000013333,28.4414372973434,3.71306874164206));
#5363=CARTESIAN_POINT('Ctrl Pts',(19.1875000013333,28.3686543022086,3.61037078893204));
#5364=CARTESIAN_POINT('Ctrl Pts',(19.1875000013333,28.3315877165829,3.55806925269182));
#5365=CARTESIAN_POINT('',(19.5875000013333,28.6097123918809,3.79577769193417));
#5366=CARTESIAN_POINT('',(19.1875000013333,28.6097123918809,3.79577769193417));
#5367=CARTESIAN_POINT('Ctrl Pts',(19.5875000013333,28.6097123918809,3.79577769193417));
#5368=CARTESIAN_POINT('Ctrl Pts',(19.5875000013333,28.5543187037182,3.76855112098299));
#5369=CARTESIAN_POINT('Ctrl Pts',(19.5875000013333,28.4414372973434,3.71306874164206));
#5370=CARTESIAN_POINT('Ctrl Pts',(19.5875000013333,28.3686543022086,3.61037078893204));
#5371=CARTESIAN_POINT('Ctrl Pts',(19.5875000013333,28.3315877165829,3.55806925269182));
#5372=CARTESIAN_POINT('Ctrl Pts',(19.1875000013333,29.1179424411821,3.86280179219081));
#5373=CARTESIAN_POINT('Ctrl Pts',(19.5875000013333,29.1179424411821,3.86280179219081));
#5374=CARTESIAN_POINT('Ctrl Pts',(19.1875000013333,29.0191797325495,3.8621071507015));
#5375=CARTESIAN_POINT('Ctrl Pts',(19.5875000013333,29.0191797325495,3.8621071507015));
#5376=CARTESIAN_POINT('Ctrl Pts',(19.1875000013333,28.8467095533981,3.86089409221245));
#5377=CARTESIAN_POINT('Ctrl Pts',(19.5875000013333,28.8467095533981,3.86089409221245));
#5378=CARTESIAN_POINT('Ctrl Pts',(19.1875000013333,28.6806711540551,3.81527404003982));
#5379=CARTESIAN_POINT('Ctrl Pts',(19.5875000013333,28.6806711540551,3.81527404003982));
#5380=CARTESIAN_POINT('Ctrl Pts',(19.1875000013333,28.6097123918809,3.79577769193417));
#5381=CARTESIAN_POINT('Ctrl Pts',(19.5875000013333,28.6097123918809,3.79577769193417));
#5382=CARTESIAN_POINT('',(19.1875000013333,29.1179424411821,3.86280179219081));
#5383=CARTESIAN_POINT('Ctrl Pts',(19.1875000013333,29.1179424411821,3.86280179219081));
#5384=CARTESIAN_POINT('Ctrl Pts',(19.1875000013333,29.0191797325495,3.8621071507015));
#5385=CARTESIAN_POINT('Ctrl Pts',(19.1875000013333,28.8467095533981,3.86089409221245));
#5386=CARTESIAN_POINT('Ctrl Pts',(19.1875000013333,28.6806711540551,3.81527404003982));
#5387=CARTESIAN_POINT('Ctrl Pts',(19.1875000013333,28.6097123918809,3.79577769193417));
#5388=CARTESIAN_POINT('',(19.5875000013333,29.1179424411821,3.86280179219081));
#5389=CARTESIAN_POINT('',(19.1875000013333,29.1179424411821,3.86280179219081));
#5390=CARTESIAN_POINT('Ctrl Pts',(19.5875000013333,29.1179424411821,3.86280179219081));
#5391=CARTESIAN_POINT('Ctrl Pts',(19.5875000013333,29.0191797325495,3.8621071507015));
#5392=CARTESIAN_POINT('Ctrl Pts',(19.5875000013333,28.8467095533981,3.86089409221245));
#5393=CARTESIAN_POINT('Ctrl Pts',(19.5875000013333,28.6806711540551,3.81527404003982));
#5394=CARTESIAN_POINT('Ctrl Pts',(19.5875000013333,28.6097123918809,3.79577769193417));
#5395=CARTESIAN_POINT('Origin',(19.1875000013333,30.226400539084,3.86206893228641));
#5396=CARTESIAN_POINT('',(19.1875000013333,30.226400539084,3.86206893228641));
#5397=CARTESIAN_POINT('',(19.1875000013333,32.0181216109042,3.86088433132054));
#5398=CARTESIAN_POINT('',(19.5875000013333,30.226400539084,3.86206893228641));
#5399=CARTESIAN_POINT('',(19.1875000013333,30.226400539084,3.86206893228641));
#5400=CARTESIAN_POINT('',(19.5875000013333,30.226400539084,3.86206893228641));
#5401=CARTESIAN_POINT('Origin',(19.1875000013333,30.2247476580558,1.36206947868961));
#5402=CARTESIAN_POINT('',(19.1875000013333,30.2247476580558,1.36206947868961));
#5403=CARTESIAN_POINT('',(19.1875000013333,30.227844226434,6.04566080887028));
#5404=CARTESIAN_POINT('',(19.5875000013333,30.2247476580558,1.36206947868961));
#5405=CARTESIAN_POINT('',(19.1875000013333,30.2247476580558,1.36206947868961));
#5406=CARTESIAN_POINT('',(19.5875000013333,30.2247476580558,1.36206947868961));
#5407=CARTESIAN_POINT('Origin',(19.1875000013333,29.8939154277926,1.36228820926418));
#5408=CARTESIAN_POINT('',(19.1875000013333,31.8510526147444,1.36099424301102));
#5409=CARTESIAN_POINT('',(19.5875000013333,29.8939154277926,1.36228820926418));
#5410=CARTESIAN_POINT('Origin',(19.5875000013333,26.2691151464714,2.59863083585037));
#5411=CARTESIAN_POINT('Origin',(19.1875000013333,33.8143829384525,10.7268829371192));
#5412=CARTESIAN_POINT('Origin',(19.1875000013333,33.8143829384525,10.7268829371192));
#5413=CARTESIAN_POINT('Origin',(29.7825000013333,20.964784355485,21.6268829371192));
#5414=CARTESIAN_POINT('',(25.1875000013333,24.6151857725175,22.1268829371192));
#5415=CARTESIAN_POINT('',(25.1875000013333,24.6151857725175,22.1268829371192));
#5416=CARTESIAN_POINT('',(25.1875000013333,-0.384814227482518,22.1268829371192));
#5417=CARTESIAN_POINT('',(35.6155997362906,2.42130960795556,20.9921604414764));
#5418=CARTESIAN_POINT('Origin',(15.15,10.7231170628808,22.1268829371192));
#5419=CARTESIAN_POINT('',(16.85,10.7231170628808,22.1268829371192));
#5420=CARTESIAN_POINT('Origin',(15.15,10.7231170628808,22.1268829371192));
#5421=CARTESIAN_POINT('',(16.85,10.7231170628808,19.8268829371192));
#5422=CARTESIAN_POINT('',(16.85,10.7231170628808,22.1268829371192));
#5423=CARTESIAN_POINT('Origin',(15.15,10.7231170628808,19.8268829371192));
#5424=CARTESIAN_POINT('Origin',(33.1875000013333,29.2101857725175,21.6268829371192));
#5425=CARTESIAN_POINT('',(19.1875000013333,24.6151857725175,22.1268829371192));
#5426=CARTESIAN_POINT('',(19.1875000013333,32.0714416469719,21.3155384458837));
#5427=CARTESIAN_POINT('',(19.1875000013333,24.6151857725175,22.1268829371192));
#5428=CARTESIAN_POINT('Ctrl Pts',(11.7628787988745,17.1905645700587,19.8268829371192));
#5429=CARTESIAN_POINT('Ctrl Pts',(11.7628787988745,17.1905645700587,20.5935496037859));
#5430=CARTESIAN_POINT('Ctrl Pts',(11.7628787988745,17.1905645700587,21.3602162704525));
#5431=CARTESIAN_POINT('Ctrl Pts',(11.7628787988745,17.1905645700587,22.1268829371192));
#5432=CARTESIAN_POINT('Ctrl Pts',(11.1223258195069,16.5500115906911,19.8268829371192));
#5433=CARTESIAN_POINT('Ctrl Pts',(11.1223258195069,16.5500115906911,20.5935496037859));
#5434=CARTESIAN_POINT('Ctrl Pts',(11.1223258195069,16.5500115906911,21.3602162704525));
#5435=CARTESIAN_POINT('Ctrl Pts',(11.1223258195069,16.5500115906911,22.1268829371192));
#5436=CARTESIAN_POINT('Ctrl Pts',(9.91336623819718,14.9815231488241,19.8268829371192));
#5437=CARTESIAN_POINT('Ctrl Pts',(9.91336623819718,14.9815231488241,20.5935496037859));
#5438=CARTESIAN_POINT('Ctrl Pts',(9.91336623819718,14.9815231488241,21.3602162704525));
#5439=CARTESIAN_POINT('Ctrl Pts',(9.91336623819718,14.9815231488241,22.1268829371192));
#5440=CARTESIAN_POINT('Ctrl Pts',(8.83742042305557,11.706947117396,19.8268829371192));
#5441=CARTESIAN_POINT('Ctrl Pts',(8.83742042305557,11.706947117396,20.5935496037859));
#5442=CARTESIAN_POINT('Ctrl Pts',(8.83742042305557,11.706947117396,21.3602162704525));
#5443=CARTESIAN_POINT('Ctrl Pts',(8.83742042305557,11.706947117396,22.1268829371192));
#5444=CARTESIAN_POINT('Ctrl Pts',(9.11380200812386,7.815843044405,19.8268829371192));
#5445=CARTESIAN_POINT('Ctrl Pts',(9.11380200812386,7.815843044405,20.5935496037858));
#5446=CARTESIAN_POINT('Ctrl Pts',(9.11380200812386,7.815843044405,21.3602162704525));
#5447=CARTESIAN_POINT('Ctrl Pts',(9.11380200812386,7.815843044405,22.1268829371192));
#5448=CARTESIAN_POINT('Ctrl Pts',(11.0015492324876,4.07828493378767,19.8268829371192));
#5449=CARTESIAN_POINT('Ctrl Pts',(11.0015492324876,4.07828493378767,20.5935496037858));
#5450=CARTESIAN_POINT('Ctrl Pts',(11.0015492324876,4.07828493378767,21.3602162704525));
#5451=CARTESIAN_POINT('Ctrl Pts',(11.0015492324876,4.07828493378767,22.1268829371192));
#5452=CARTESIAN_POINT('Ctrl Pts',(14.0964270499759,1.31673146079715,19.8268829371191));
#5453=CARTESIAN_POINT('Ctrl Pts',(14.0964270499759,1.31673146079715,20.5935496037858));
#5454=CARTESIAN_POINT('Ctrl Pts',(14.0964270499759,1.31673146079715,21.3602162704525));
#5455=CARTESIAN_POINT('Ctrl Pts',(14.0964270499759,1.31673146079715,22.1268829371191));
#5456=CARTESIAN_POINT('Ctrl Pts',(17.56984409135,-0.147573833829394,19.8268829371191));
#5457=CARTESIAN_POINT('Ctrl Pts',(17.56984409135,-0.147573833829394,20.5935496037858));
#5458=CARTESIAN_POINT('Ctrl Pts',(17.56984409135,-0.147573833829394,21.3602162704524));
#5459=CARTESIAN_POINT('Ctrl Pts',(17.56984409135,-0.147573833829394,22.1268829371191));
#5460=CARTESIAN_POINT('Ctrl Pts',(19.6927790297579,-0.384814227482524,19.8268829371191));
#5461=CARTESIAN_POINT('Ctrl Pts',(19.6927790297579,-0.384814227482524,20.5935496037857));
#5462=CARTESIAN_POINT('Ctrl Pts',(19.6927790297579,-0.384814227482524,21.3602162704524));
#5463=CARTESIAN_POINT('Ctrl Pts',(19.6927790297579,-0.384814227482524,22.1268829371191));
#5464=CARTESIAN_POINT('Ctrl Pts',(20.6575059567822,-0.384814227482524,19.8268829371191));
#5465=CARTESIAN_POINT('Ctrl Pts',(20.6575059567822,-0.384814227482524,20.5935496037857));
#5466=CARTESIAN_POINT('Ctrl Pts',(20.6575059567822,-0.384814227482524,21.3602162704524));
#5467=CARTESIAN_POINT('Ctrl Pts',(20.6575059567822,-0.384814227482524,22.1268829371191));
#5468=CARTESIAN_POINT('',(11.7628787988745,17.1905645700587,22.1268829371192));
#5469=CARTESIAN_POINT('Ctrl Pts',(20.6575059567822,-0.384814227482524,22.1268829371191));
#5470=CARTESIAN_POINT('Ctrl Pts',(19.6927790297579,-0.384814227482524,22.1268829371191));
#5471=CARTESIAN_POINT('Ctrl Pts',(17.56984409135,-0.147573833829394,22.1268829371191));
#5472=CARTESIAN_POINT('Ctrl Pts',(14.0964270499759,1.31673146079715,22.1268829371191));
#5473=CARTESIAN_POINT('Ctrl Pts',(11.0015492324876,4.07828493378767,22.1268829371192));
#5474=CARTESIAN_POINT('Ctrl Pts',(9.11380200812386,7.815843044405,22.1268829371192));
#5475=CARTESIAN_POINT('Ctrl Pts',(8.83742042305557,11.706947117396,22.1268829371192));
#5476=CARTESIAN_POINT('Ctrl Pts',(9.91336623819718,14.9815231488241,22.1268829371192));
#5477=CARTESIAN_POINT('Ctrl Pts',(11.1223258195069,16.5500115906911,22.1268829371192));
#5478=CARTESIAN_POINT('Ctrl Pts',(11.7628787988745,17.1905645700587,22.1268829371192));
#5479=CARTESIAN_POINT('',(11.7628787988745,17.1905645700587,19.8268829371192));
#5480=CARTESIAN_POINT('Ctrl Pts',(11.7628787988745,17.1905645700587,22.1268829371192));
#5481=CARTESIAN_POINT('Ctrl Pts',(11.7628787988745,17.1905645700587,21.3602162704525));
#5482=CARTESIAN_POINT('Ctrl Pts',(11.7628787988745,17.1905645700587,20.5935496037859));
#5483=CARTESIAN_POINT('Ctrl Pts',(11.7628787988745,17.1905645700587,19.8268829371192));
#5484=CARTESIAN_POINT('Ctrl Pts',(11.7628787988745,17.1905645700587,19.8268829371192));
#5485=CARTESIAN_POINT('Ctrl Pts',(11.1223258195069,16.5500115906911,19.8268829371192));
#5486=CARTESIAN_POINT('Ctrl Pts',(10.5178460288521,15.7657673697576,19.8268829371192));
#5487=CARTESIAN_POINT('Ctrl Pts',(10.036281831001,14.8278825873862,19.8268829371192));
#5488=CARTESIAN_POINT('Ctrl Pts',(9.55471763314998,13.8899978050147,19.8268829371192));
#5489=CARTESIAN_POINT('Ctrl Pts',(9.19606902810277,12.7984724612054,19.8268829371192));
#5490=CARTESIAN_POINT('Ctrl Pts',(9.06280832309055,11.6041924438022,19.8268829371192));
#5491=CARTESIAN_POINT('Ctrl Pts',(8.92954761807833,10.409912426399,19.8268829371192));
#5492=CARTESIAN_POINT('Ctrl Pts',(9.02167481310109,9.112877735402,19.8268829371192));
#5493=CARTESIAN_POINT('Ctrl Pts',(9.38236294800643,7.84143403813395,19.8268829371192));
#5494=CARTESIAN_POINT('Ctrl Pts',(9.74305108291177,6.56999034086589,19.8268829371192));
#5495=CARTESIAN_POINT('Ctrl Pts',(10.3723001576997,5.32413763732678,19.8268829371192));
#5496=CARTESIAN_POINT('Ctrl Pts',(11.202737664675,4.24095237339214,19.8268829371192));
#5497=CARTESIAN_POINT('Ctrl Pts',(12.0331751716504,3.15776710945749,19.8268829371191));
#5498=CARTESIAN_POINT('Ctrl Pts',(13.0648011108132,2.23724928512732,19.8268829371191));
#5499=CARTESIAN_POINT('Ctrl Pts',(14.1595169206236,1.53293949052448,19.8268829371191));
#5500=CARTESIAN_POINT('Ctrl Pts',(15.254232730434,0.828629695921633,19.8268829371191));
#5501=CARTESIAN_POINT('Ctrl Pts',(16.412038410892,0.34052793104612,19.8268829371191));
#5502=CARTESIAN_POINT('Ctrl Pts',(17.521674985723,0.0371669501950811,19.8268829371191));
#5503=CARTESIAN_POINT('Ctrl Pts',(18.631311560554,-0.266194030655959,19.8268829371191));
#5504=CARTESIAN_POINT('Ctrl Pts',(19.6927790297579,-0.384814227482524,19.8268829371191));
#5505=CARTESIAN_POINT('Ctrl Pts',(20.6575059567822,-0.384814227482524,19.8268829371191));
#5506=CARTESIAN_POINT('Origin',(10.3486652365014,15.7763510076856,20.9768829371192));
#5507=CARTESIAN_POINT('',(1.50983047166958,6.93751624285378,22.1268829371192));
#5508=CARTESIAN_POINT('',(19.1875000013333,24.6151857725175,19.8268829371192));
#5509=CARTESIAN_POINT('',(19.1875000013333,24.6151857725175,22.1268829371192));
#5510=CARTESIAN_POINT('',(19.1875000013333,24.6151857725175,19.8268829371192));
#5511=CARTESIAN_POINT('Origin',(19.1875000013333,-0.384814227482523,22.1268829371192));
#5512=CARTESIAN_POINT('Origin',(19.1875000013333,24.6151857725175,19.8268829371192));
#5513=CARTESIAN_POINT('',(19.1875000013333,29.214784355485,19.8268829371192));
#5514=CARTESIAN_POINT('Origin',(37.000000551343,30.0000004470348,-0.873117062880799));
#5515=CARTESIAN_POINT('',(34.600000551343,30.0000004470348,-0.873117062880799));
#5516=CARTESIAN_POINT('Origin',(37.000000551343,30.0000004470348,-0.8731170628808));
#5517=CARTESIAN_POINT('',(34.600000551343,30.0000004470348,5.1268829371192));
#5518=CARTESIAN_POINT('',(34.600000551343,30.0000004470348,-0.873117062880799));
#5519=CARTESIAN_POINT('Origin',(37.000000551343,30.0000004470348,5.1268829371192));
#5520=CARTESIAN_POINT('Origin',(37.000000551343,30.0000004470348,5.1268829371192));
#5521=CARTESIAN_POINT('Origin',(27.6263146205527,22.8911729221569,-0.873117062880799));
#5522=CARTESIAN_POINT('',(25.2263146205527,22.8911729221569,-0.873117062880799));
#5523=CARTESIAN_POINT('Origin',(27.6263146205527,22.8911729221569,-0.8731170628808));
#5524=CARTESIAN_POINT('',(25.2263146205527,22.8911729221569,5.1268829371192));
#5525=CARTESIAN_POINT('',(25.2263146205527,22.8911729221569,-0.873117062880799));
#5526=CARTESIAN_POINT('Origin',(27.6263146205527,22.8911729221569,5.1268829371192));
#5527=CARTESIAN_POINT('Origin',(27.6263146205527,22.8911729221569,5.1268829371192));
#5528=CARTESIAN_POINT('Origin',(25.000000372529,30.0000004470348,-0.873117062880799));
#5529=CARTESIAN_POINT('',(22.600000372529,30.0000004470348,-0.873117062880799));
#5530=CARTESIAN_POINT('Origin',(25.000000372529,30.0000004470348,-0.8731170628808));
#5531=CARTESIAN_POINT('',(22.600000372529,30.0000004470348,5.1268829371192));
#5532=CARTESIAN_POINT('',(22.600000372529,30.0000004470348,-0.873117062880799));
#5533=CARTESIAN_POINT('Origin',(25.000000372529,30.0000004470348,5.1268829371192));
#5534=CARTESIAN_POINT('Origin',(25.000000372529,30.0000004470348,5.1268829371192));
#5535=CARTESIAN_POINT('Origin',(36.7516591033544,11.0658489111863,21.1268829371192));
#5536=CARTESIAN_POINT('',(37.6016591033544,11.0658489111863,10.878254032135));
#5537=CARTESIAN_POINT('Origin',(36.7516591033544,11.0658489111863,10.878254032135));
#5538=CARTESIAN_POINT('',(37.6016591033544,11.0658489111863,9.50000014156103));
#5539=CARTESIAN_POINT('',(37.6016591033544,11.0658489111863,21.1268829371192));
#5540=CARTESIAN_POINT('Origin',(36.7516591033544,11.0658489111863,9.50000014156103));
#5541=CARTESIAN_POINT('Origin',(36.6875000013333,17.5536342618449,21.1268829371192));
#5542=CARTESIAN_POINT('',(37.5375000013333,17.5536342618449,10.878254032135));
#5543=CARTESIAN_POINT('Origin',(36.6875000013333,17.5536342618449,10.878254032135));
#5544=CARTESIAN_POINT('',(37.5375000013333,17.5536342618449,9.50000014156103));
#5545=CARTESIAN_POINT('',(37.5375000013333,17.5536342618449,21.1268829371192));
#5546=CARTESIAN_POINT('Origin',(36.6875000013333,17.5536342618449,9.50000014156103));
#5547=CARTESIAN_POINT('Origin',(36.6875000013333,17.5536342618449,21.1268829371192));
#5548=CARTESIAN_POINT('',(37.7875000013333,17.5536342618449,16.9782532691956));
#5549=CARTESIAN_POINT('',(37.7875000013333,17.5536342618449,21.1268829371192));
#5550=CARTESIAN_POINT('Origin',(36.6875000013333,17.5536342618449,16.9782532691956));
#5551=CARTESIAN_POINT('Origin',(36.7516591033544,11.0658489111863,21.1268829371192));
#5552=CARTESIAN_POINT('',(37.8516591033544,11.0658489111863,16.9782532691956));
#5553=CARTESIAN_POINT('',(37.8516591033544,11.0658489111863,21.1268829371192));
#5554=CARTESIAN_POINT('Origin',(36.7516591033544,11.0658489111863,16.9782532691956));
#5555=CARTESIAN_POINT('Origin',(26.3875000013333,12.8612496977771,13.9218829371192));
#5556=CARTESIAN_POINT('',(26.3875000013333,10.9173994300773,11.769803445845));
#5557=CARTESIAN_POINT('',(26.3875000013333,14.805099965477,11.769803445845));
#5558=CARTESIAN_POINT('',(26.3875000013333,18.8143829384525,11.769803445845));
#5559=CARTESIAN_POINT('Origin',(26.3875000013333,12.8612496977771,13.9218829371192));
#5560=CARTESIAN_POINT('Origin',(32.3875000013333,12.8612496977771,13.9218829371192));
#5561=CARTESIAN_POINT('',(31.6375000013333,9.96124969777713,13.9218829371192));
#5562=CARTESIAN_POINT('Origin',(31.6375000013333,12.8612496977771,13.9218829371192));
#5563=CARTESIAN_POINT('',(26.6041533344673,9.96124969777713,13.9218829371164));
#5564=CARTESIAN_POINT('',(32.3875000013333,9.96124969777713,13.9218829371192));
#5565=CARTESIAN_POINT('',(26.3875000013333,9.96191423309508,13.9839624283934));
#5566=CARTESIAN_POINT('Ctrl Pts',(26.3875000013333,9.96191423309508,13.9839624283934));
#5567=CARTESIAN_POINT('Ctrl Pts',(26.4608040052591,9.96163068380229,13.9707196568484));
#5568=CARTESIAN_POINT('Ctrl Pts',(26.5339103907522,9.96124969777713,13.9498895941741));
#5569=CARTESIAN_POINT('Ctrl Pts',(26.6041533344673,9.96124969777713,13.9218829371136));
#5570=CARTESIAN_POINT('',(26.3875000013333,15.7605851624592,13.9839624283934));
#5571=CARTESIAN_POINT('Origin',(26.3875000013333,12.8612496977771,13.9218829371192));
#5572=CARTESIAN_POINT('Ctrl Pts',(26.3875000013333,14.805099965477,11.769803445845));
#5573=CARTESIAN_POINT('Ctrl Pts',(26.3938730131953,14.8063746168469,11.770954765495));
#5574=CARTESIAN_POINT('Ctrl Pts',(26.4002325657257,14.8077082661702,11.7721609906796));
#5575=CARTESIAN_POINT('Ctrl Pts',(26.4784890524789,14.8248329083187,11.787691443547));
#5576=CARTESIAN_POINT('Ctrl Pts',(26.5484763017813,14.847989136027,11.8089718142951));
#5577=CARTESIAN_POINT('Ctrl Pts',(26.7469332017103,14.9323022974593,11.8904182919927));
#5578=CARTESIAN_POINT('Ctrl Pts',(26.864062647413,15.0082410312205,11.9691082675502));
#5579=CARTESIAN_POINT('Ctrl Pts',(27.062008330332,15.1641657502439,12.1546367858756));
#5580=CARTESIAN_POINT('Ctrl Pts',(27.1535892079739,15.2573983764413,12.2799661789646));
#5581=CARTESIAN_POINT('Ctrl Pts',(27.2789928450901,15.4287194310639,12.5633843472691));
#5582=CARTESIAN_POINT('Ctrl Pts',(27.3125000013333,15.5065135807733,12.7217904000111));
#5583=CARTESIAN_POINT('Ctrl Pts',(27.3125000013333,15.6186836093606,13.0121632457808));
#5584=CARTESIAN_POINT('Ctrl Pts',(27.2863782920185,15.6632696487044,13.1609492450481));
#5585=CARTESIAN_POINT('Ctrl Pts',(27.1732274532006,15.7244068449609,13.4395272634197));
#5586=CARTESIAN_POINT('Ctrl Pts',(27.0860423676805,15.7415514631639,13.5691253237598));
#5587=CARTESIAN_POINT('Ctrl Pts',(26.88399377809,15.7590907645031,13.7715784154211));
#5588=CARTESIAN_POINT('Ctrl Pts',(26.7574472157155,15.7611260918043,13.8583861620677));
#5589=CARTESIAN_POINT('Ctrl Pts',(26.5440309121543,15.7613069305249,13.9469520158005));
#5590=CARTESIAN_POINT('Ctrl Pts',(26.4658815218398,15.7608883522376,13.9698023755473));
#5591=CARTESIAN_POINT('Ctrl Pts',(26.3875000013333,15.7605851624592,13.9839624283934));
#5592=CARTESIAN_POINT('Ctrl Pts',(26.6041533344673,9.96124969777713,13.9218829371136));
#5593=CARTESIAN_POINT('Ctrl Pts',(26.6090188219208,9.96124969777713,13.9199430121712));
#5594=CARTESIAN_POINT('Ctrl Pts',(26.613870751774,9.96125164395352,13.9179691081347));
#5595=CARTESIAN_POINT('Ctrl Pts',(26.7574472157155,9.96137330374993,13.8583861620677));
#5596=CARTESIAN_POINT('Ctrl Pts',(26.88399377809,9.96340863105112,13.7715784154211));
#5597=CARTESIAN_POINT('Ctrl Pts',(27.0860423676805,9.98094793239033,13.5691253237598));
#5598=CARTESIAN_POINT('Ctrl Pts',(27.1732274532006,9.99809255059334,13.4395272634197));
#5599=CARTESIAN_POINT('Ctrl Pts',(27.2863782920185,10.0592297468499,13.1609492450481));
#5600=CARTESIAN_POINT('Ctrl Pts',(27.3125000013333,10.1038157861936,13.0121632457808));
#5601=CARTESIAN_POINT('Ctrl Pts',(27.3125000013333,10.2159858147809,12.7217904000111));
#5602=CARTESIAN_POINT('Ctrl Pts',(27.2789928450901,10.2937799644904,12.5633843472691));
#5603=CARTESIAN_POINT('Ctrl Pts',(27.1535892079739,10.4651010191129,12.2799661789646));
#5604=CARTESIAN_POINT('Ctrl Pts',(27.062008330332,10.5583336453103,12.1546367858756));
#5605=CARTESIAN_POINT('Ctrl Pts',(26.864062647413,10.7142583643338,11.9691082675502));
#5606=CARTESIAN_POINT('Ctrl Pts',(26.7469332017103,10.790197098095,11.8904182919927));
#5607=CARTESIAN_POINT('Ctrl Pts',(26.5484763017813,10.8745102595273,11.8089718142951));
#5608=CARTESIAN_POINT('Ctrl Pts',(26.4784890524789,10.8976664872356,11.787691443547));
#5609=CARTESIAN_POINT('Ctrl Pts',(26.4002325657257,10.914791129384,11.7721609906796));
#5610=CARTESIAN_POINT('Ctrl Pts',(26.3938730131953,10.9161247787073,11.770954765495));
#5611=CARTESIAN_POINT('Ctrl Pts',(26.3875000013333,10.9173994300773,11.769803445845));
#5612=CARTESIAN_POINT('Origin',(26.3875000013333,12.8612496977771,13.9218829371192));
#5613=CARTESIAN_POINT('',(26.3875000013333,18.8143829384525,13.9839624283934));
#5614=CARTESIAN_POINT('Origin',(41.1875000013333,7.74955914020538,16.9782532691956));
#5615=CARTESIAN_POINT('',(41.1875000013333,7.74955914020538,16.9782532691956));
#5616=CARTESIAN_POINT('',(41.1875000013333,20.8495606422424,16.9782532691956));
#5617=CARTESIAN_POINT('',(41.1875000013333,18.2819710393289,16.9782532691956));
#5618=CARTESIAN_POINT('',(31.6375000013333,7.74955914020538,16.9782532691956));
#5619=CARTESIAN_POINT('',(41.1875000013333,7.74955914020538,16.9782532691956));
#5620=CARTESIAN_POINT('',(31.6375000013333,20.8495606422424,16.9782532691956));
#5621=CARTESIAN_POINT('',(31.6375000013333,7.74955914020538,16.9782532691956));
#5622=CARTESIAN_POINT('',(41.1875000013333,20.8495606422424,16.9782532691956));
#5623=CARTESIAN_POINT('Origin',(41.1875000013333,7.74955914020538,10.878254032135));
#5624=CARTESIAN_POINT('',(41.1875000013333,7.74955914020538,10.878254032135));
#5625=CARTESIAN_POINT('',(41.1875000013333,7.74955914020538,10.8025684846271));
#5626=CARTESIAN_POINT('',(31.6375000013333,7.74955914020538,10.878254032135));
#5627=CARTESIAN_POINT('',(41.1875000013333,7.74955914020538,10.878254032135));
#5628=CARTESIAN_POINT('',(31.6375000013333,7.74955914020538,10.878254032135));
#5629=CARTESIAN_POINT('Origin',(41.1875000013333,20.8495606422424,10.878254032135));
#5630=CARTESIAN_POINT('',(41.1875000013333,20.8495606422424,10.878254032135));
#5631=CARTESIAN_POINT('',(41.1875000013333,24.8319717903475,10.878254032135));
#5632=CARTESIAN_POINT('',(31.6375000013333,20.8495606422424,10.878254032135));
#5633=CARTESIAN_POINT('',(41.1875000013333,20.8495606422424,10.878254032135));
#5634=CARTESIAN_POINT('',(31.6375000013333,7.74955914020538,10.878254032135));
#5635=CARTESIAN_POINT('Origin',(41.1875000013333,20.8495606422424,16.9782532691956));
#5636=CARTESIAN_POINT('',(41.1875000013333,20.8495606422424,13.8525681031574));
#5637=CARTESIAN_POINT('',(31.6375000013333,20.8495606422424,10.878254032135));
#5638=CARTESIAN_POINT('Origin',(31.6375000013333,14.2995598912239,13.9282536506653));
#5639=CARTESIAN_POINT('Origin',(31.2346269028062,-0.384814227482525,19.1268829371192));
#5640=CARTESIAN_POINT('',(41.1875000013333,5.99025256576523,19.1268829371192));
#5641=CARTESIAN_POINT('Origin',(19.1875000013333,33.8143829384525,10.7268829371192));
#5642=CARTESIAN_POINT('',(19.1875000013333,33.8143829384525,-0.873117062880798));
#5643=CARTESIAN_POINT('',(19.1875000013333,33.8143829384525,4.9268829371192));
#5644=CARTESIAN_POINT('',(19.1875000013333,18.8143829384525,-0.873117062880799));
#5645=CARTESIAN_POINT('',(19.1875000013333,23.3143829384525,-0.873117062880798));
#5646=CARTESIAN_POINT('',(19.1875000013333,18.8143829384525,9.50000014156103));
#5647=CARTESIAN_POINT('',(19.1875000013333,18.8143829384525,10.7268829371192));
#5648=CARTESIAN_POINT('',(19.1875000013333,18.8143829384525,9.50000014156103));
#5649=CARTESIAN_POINT('Origin',(41.1875000013333,28.8143829384525,10.7268829371192));
#5650=CARTESIAN_POINT('',(41.1875000013333,18.8143829384525,9.50000014156103));
#5651=CARTESIAN_POINT('',(41.1875000013333,18.8143829384525,9.50000014156103));
#5652=CARTESIAN_POINT('',(41.1875000013333,18.8143829384525,-0.873117062880806));
#5653=CARTESIAN_POINT('',(41.1875000013333,18.8143829384525,10.7268829371192));
#5654=CARTESIAN_POINT('',(41.1875000013333,33.8143829384525,-0.873117062880802));
#5655=CARTESIAN_POINT('',(41.1875000013333,15.9118224381525,-0.873117062880804));
#5656=CARTESIAN_POINT('',(41.1875000013333,33.8143829384525,4.9268829371192));
#5657=CARTESIAN_POINT('Origin',(47.1875000013333,33.8143829384525,-0.873117062880804));
#5658=CARTESIAN_POINT('',(38.6875000013333,33.8143829384525,-0.873117062880802));
#5659=CARTESIAN_POINT('',(30.8450223450333,33.8143829384525,14.8060919046192));
#5660=CARTESIAN_POINT('Origin',(26.0941529348562,33.8143534583811,13.1434497173059));
#5661=CARTESIAN_POINT('',(28.1167088840595,33.8143829385279,17.5344053158259));
#5662=CARTESIAN_POINT('Origin',(26.1875000015081,33.8143829411037,12.876882937294));
#5663=CARTESIAN_POINT('',(27.4065795661333,33.8143829384525,17.7259905885192));
#5664=CARTESIAN_POINT('Origin',(26.4540488188354,33.8144522168721,12.7834692899015));
#5665=CARTESIAN_POINT('Origin',(26.1875000013333,33.8143829384525,12.8768829371192));
#5666=CARTESIAN_POINT('Origin',(26.1875000013333,18.8143829384525,12.8768829371192));
#5667=CARTESIAN_POINT('',(25.0625000013333,18.8143829384525,12.8768829371192));
#5668=CARTESIAN_POINT('Origin',(19.1875000013333,18.8143829384525,9.50000014156103));
#5669=CARTESIAN_POINT('',(14.1875000013333,18.8143829384525,9.50000014156104));
#5670=CARTESIAN_POINT('Origin',(30.1875000013333,12.8143829384525,-0.8731170628808));
#5671=CARTESIAN_POINT('',(33.1875000013333,18.8143829384525,-0.873117062880802));
#5672=CARTESIAN_POINT('Origin',(9.18750000133329,18.8143829384525,10.7268829371192));
#5673=CARTESIAN_POINT('Origin',(26.1875000013333,26.1268829370525,12.8768829371192));
#5674=CARTESIAN_POINT('',(21.6875000013195,25.8143829384285,12.8768829371192));
#5675=CARTESIAN_POINT('Origin',(26.1875000013333,25.8143829384525,12.8768829371192));
#5676=CARTESIAN_POINT('',(21.1462341263333,26.1268829370525,12.8768829371192));
#5677=CARTESIAN_POINT('Origin',(26.1875000013333,23.8143829384525,12.8768829371192));
#5678=CARTESIAN_POINT('Ctrl Pts',(28.116708882437,33.8143829387158,17.5344053166307));
#5679=CARTESIAN_POINT('Ctrl Pts',(29.0431477097353,33.7818964962918,17.1506618007172));
#5680=CARTESIAN_POINT('Ctrl Pts',(29.7522132873333,33.7518829370525,16.4415962231192));
#5681=CARTESIAN_POINT('Ctrl Pts',(31.2287658763333,33.6893829370525,14.9650436341192));
#5682=CARTESIAN_POINT('Ctrl Pts',(31.2287658763333,33.6268829370525,12.8768829371192));
#5683=CARTESIAN_POINT('Ctrl Pts',(30.8450223450414,33.8143829384271,14.8060919046235));
#5684=CARTESIAN_POINT('Ctrl Pts',(31.0868429259073,33.7939112178608,14.222285392461));
#5685=CARTESIAN_POINT('Ctrl Pts',(31.2167607459679,33.7736204476453,13.5981728936224));
#5686=CARTESIAN_POINT('Ctrl Pts',(31.2285015940043,33.7536705915199,12.9365000245717));
#5687=CARTESIAN_POINT('Ctrl Pts',(31.2287658763333,33.7527749573019,12.9066858431317));
#5688=CARTESIAN_POINT('Ctrl Pts',(31.2287658763333,33.7518829370525,12.8768829371192));
#5689=CARTESIAN_POINT('Origin',(26.1875000013333,33.3143829384525,12.8768829371192));
#5690=CARTESIAN_POINT('Ctrl Pts',(27.4065701094158,33.8143836985192,17.7259937496572));
#5691=CARTESIAN_POINT('Ctrl Pts',(27.7788208528429,33.7844616208656,17.6015556662124));
#5692=CARTESIAN_POINT('Ctrl Pts',(28.1348359982042,33.753861102899,17.4331309762506));
#5693=CARTESIAN_POINT('Ctrl Pts',(28.8004886384334,33.6924087814784,17.0147033360275));
#5694=CARTESIAN_POINT('Ctrl Pts',(29.107582823446,33.6617749041404,16.7659158898788));
#5695=CARTESIAN_POINT('Ctrl Pts',(29.5666836292495,33.6119231900349,16.2926671487181));
#5696=CARTESIAN_POINT('Ctrl Pts',(29.7380772172903,33.5921902477578,16.0852093475452));
#5697=CARTESIAN_POINT('Ctrl Pts',(30.1898131497884,33.5300892952089,15.425927672508));
#5698=CARTESIAN_POINT('Ctrl Pts',(30.4118920469897,33.4867372946705,14.9416295426517));
#5699=CARTESIAN_POINT('Ctrl Pts',(30.7167255807543,33.3878758586785,13.7915954552459));
#5700=CARTESIAN_POINT('Ctrl Pts',(30.7169018235954,33.3437847607145,13.2474882626456));
#5701=CARTESIAN_POINT('Ctrl Pts',(30.6875000013333,33.3143829384525,12.8768829371192));
#5702=CARTESIAN_POINT('Ctrl Pts',(21.5290063540028,33.4728765857822,12.8768829371192));
#5703=CARTESIAN_POINT('Ctrl Pts',(21.5375079759504,33.4643749638346,13.2909014279254));
#5704=CARTESIAN_POINT('Ctrl Pts',(21.6016568095788,33.4553930484987,13.7031566779377));
#5705=CARTESIAN_POINT('Ctrl Pts',(21.892260994338,33.4328578945327,14.6769599806855));
#5706=CARTESIAN_POINT('Ctrl Pts',(22.1738354146833,33.4193085252964,15.2124543411368));
#5707=CARTESIAN_POINT('Ctrl Pts',(22.9278945388464,33.3931495162789,16.1484279899532));
#5708=CARTESIAN_POINT('Ctrl Pts',(23.3947967988178,33.3807650024452,16.5399713386514));
#5709=CARTESIAN_POINT('Ctrl Pts',(24.2666537634614,33.3583929067699,17.0130903304509));
#5710=CARTESIAN_POINT('Ctrl Pts',(24.6291946555145,33.3495282776965,17.1534541394626));
#5711=CARTESIAN_POINT('Ctrl Pts',(25.5022539668044,33.329134184428,17.3685883402117));
#5712=CARTESIAN_POINT('Ctrl Pts',(25.9172902162585,33.3201269590753,17.3826269525666));
#5713=CARTESIAN_POINT('Ctrl Pts',(26.1874999151421,33.314382938573,17.3768829372397));
#5714=CARTESIAN_POINT('Origin',(26.1875000013333,23.8143829384525,12.8768829371192));
#5715=CARTESIAN_POINT('',(21.6875000013333,23.8143829384525,12.8768829371192));
#5716=CARTESIAN_POINT('',(21.6875000013333,23.8143829384525,12.8768829371192));
#5717=CARTESIAN_POINT('Origin',(26.1875000013333,23.8143829384525,12.8768829371192));
#5718=CARTESIAN_POINT('Origin',(26.1875000013333,33.8143829384525,12.8768829371192));
#5719=CARTESIAN_POINT('',(21.6875000013333,33.8143829384525,12.8768829371192));
#5720=CARTESIAN_POINT('Origin',(26.1875000013333,33.8143829384525,12.8768829371192));
#5721=CARTESIAN_POINT('',(26.1875000828333,26.5643829357525,17.3768829371192));
#5722=CARTESIAN_POINT('Ctrl Pts',(26.1875000828327,26.5643829357197,17.3768829371192));
#5723=CARTESIAN_POINT('Ctrl Pts',(25.6325406943207,26.5829911370023,17.3768829471701));
#5724=CARTESIAN_POINT('Ctrl Pts',(25.082290799574,26.6028672377905,17.2742244290383));
#5725=CARTESIAN_POINT('Ctrl Pts',(24.0446714602439,26.6432318567832,16.8730065437705));
#5726=CARTESIAN_POINT('Ctrl Pts',(23.5665956166796,26.6633718763915,16.5771023178362));
#5727=CARTESIAN_POINT('Ctrl Pts',(22.7287624468089,26.7020803415067,15.8128010328735));
#5728=CARTESIAN_POINT('Ctrl Pts',(22.3813906921606,26.7219574445063,15.345904305919));
#5729=CARTESIAN_POINT('Ctrl Pts',(21.872238482547,26.764551670611,14.2864984146618));
#5730=CARTESIAN_POINT('Ctrl Pts',(21.7231645589412,26.7862729105869,13.700446137892));
#5731=CARTESIAN_POINT('Ctrl Pts',(21.6893817035906,26.8093160102152,13.0272164189978));
#5732=CARTESIAN_POINT('Ctrl Pts',(21.6875000013333,26.8118636272014,12.9520173050603));
#5733=CARTESIAN_POINT('Ctrl Pts',(21.6875000013333,26.8143829384525,12.8768829371192));
#5734=CARTESIAN_POINT('Origin',(26.1875000013333,26.5643829357525,12.8768829371192));
#5735=CARTESIAN_POINT('Ctrl Pts',(21.6875046461263,33.81438025678,12.8768829371192));
#5736=CARTESIAN_POINT('Ctrl Pts',(21.6875046461263,33.75188025678,14.7408420438829));
#5737=CARTESIAN_POINT('Ctrl Pts',(23.005522770398,33.68938025678,16.0588601680545));
#5738=CARTESIAN_POINT('Ctrl Pts',(24.3235408945696,33.62688025678,17.3768782923261));
#5739=CARTESIAN_POINT('Ctrl Pts',(26.1875000013333,33.56438025678,17.3768782923261));
#5740=CARTESIAN_POINT('Ctrl Pts',(28.051459108097,33.50188025678,17.3768782923261));
#5741=CARTESIAN_POINT('Ctrl Pts',(29.3694772322686,33.43938025678,16.0588601680545));
#5742=CARTESIAN_POINT('Ctrl Pts',(30.6874953565402,33.37688025678,14.7408420438829));
#5743=CARTESIAN_POINT('Ctrl Pts',(30.6874953565402,33.31438025678,12.8768829371192));
#5744=CARTESIAN_POINT('Ctrl Pts',(30.6874953565402,33.25188025678,11.0129238303555));
#5745=CARTESIAN_POINT('Ctrl Pts',(29.3694772322686,33.18938025678,9.69490570618387));
#5746=CARTESIAN_POINT('Ctrl Pts',(28.051459108097,33.12688025678,8.37688758191226));
#5747=CARTESIAN_POINT('Ctrl Pts',(26.1875000013333,33.06438025678,8.37688758191227));
#5748=CARTESIAN_POINT('Ctrl Pts',(24.3235408945696,33.00188025678,8.37688758191227));
#5749=CARTESIAN_POINT('Ctrl Pts',(23.005522770398,32.93938025678,9.69490570618388));
#5750=CARTESIAN_POINT('Ctrl Pts',(21.6875046461263,32.87688025678,11.0129238303555));
#5751=CARTESIAN_POINT('Ctrl Pts',(21.6875046461263,32.8143802567799,12.8768829371192));
#5752=CARTESIAN_POINT('Ctrl Pts',(21.6875046461263,32.7518802567799,14.7408420438829));
#5753=CARTESIAN_POINT('Ctrl Pts',(23.005522770398,32.68938025678,16.0588601680545));
#5754=CARTESIAN_POINT('Ctrl Pts',(24.3235408945696,32.62688025678,17.3768782923261));
#5755=CARTESIAN_POINT('Ctrl Pts',(26.1875000013333,32.56438025678,17.3768782923261));
#5756=CARTESIAN_POINT('Ctrl Pts',(28.051459108097,32.50188025678,17.3768782923261));
#5757=CARTESIAN_POINT('Ctrl Pts',(29.3694772322686,32.43938025678,16.0588601680545));
#5758=CARTESIAN_POINT('Ctrl Pts',(30.6874953565402,32.37688025678,14.7408420438829));
#5759=CARTESIAN_POINT('Ctrl Pts',(30.6874953565402,32.31438025678,12.8768829371192));
#5760=CARTESIAN_POINT('Ctrl Pts',(30.6874953565402,32.25188025678,11.0129238303555));
#5761=CARTESIAN_POINT('Ctrl Pts',(29.3694772322686,32.18938025678,9.69490570618387));
#5762=CARTESIAN_POINT('Ctrl Pts',(28.051459108097,32.12688025678,8.37688758191226));
#5763=CARTESIAN_POINT('Ctrl Pts',(26.1875000013333,32.06438025678,8.37688758191227));
#5764=CARTESIAN_POINT('Ctrl Pts',(24.3235408945696,32.00188025678,8.37688758191227));
#5765=CARTESIAN_POINT('Ctrl Pts',(23.005522770398,31.93938025678,9.69490570618388));
#5766=CARTESIAN_POINT('Ctrl Pts',(21.6875046461263,31.87688025678,11.0129238303555));
#5767=CARTESIAN_POINT('Ctrl Pts',(21.6875046461263,31.8143802567799,12.8768829371192));
#5768=CARTESIAN_POINT('Ctrl Pts',(21.6875046461263,31.75188025678,14.7408420438829));
#5769=CARTESIAN_POINT('Ctrl Pts',(23.005522770398,31.68938025678,16.0588601680545));
#5770=CARTESIAN_POINT('Ctrl Pts',(24.3235408945696,31.62688025678,17.3768782923261));
#5771=CARTESIAN_POINT('Ctrl Pts',(26.1875000013333,31.56438025678,17.3768782923261));
#5772=CARTESIAN_POINT('Ctrl Pts',(28.051459108097,31.50188025678,17.3768782923261));
#5773=CARTESIAN_POINT('Ctrl Pts',(29.3694772322686,31.43938025678,16.0588601680545));
#5774=CARTESIAN_POINT('Ctrl Pts',(30.6874953565402,31.37688025678,14.7408420438829));
#5775=CARTESIAN_POINT('Ctrl Pts',(30.6874953565402,31.3143802567799,12.8768829371192));
#5776=CARTESIAN_POINT('Ctrl Pts',(30.6874953565402,31.25188025678,11.0129238303555));
#5777=CARTESIAN_POINT('Ctrl Pts',(29.3694772322686,31.18938025678,9.69490570618387));
#5778=CARTESIAN_POINT('Ctrl Pts',(28.051459108097,31.12688025678,8.37688758191226));
#5779=CARTESIAN_POINT('Ctrl Pts',(26.1875000013333,31.06438025678,8.37688758191227));
#5780=CARTESIAN_POINT('Ctrl Pts',(24.3235408945696,31.00188025678,8.37688758191227));
#5781=CARTESIAN_POINT('Ctrl Pts',(23.005522770398,30.93938025678,9.69490570618388));
#5782=CARTESIAN_POINT('Ctrl Pts',(21.6875046461263,30.8768802567799,11.0129238303555));
#5783=CARTESIAN_POINT('Ctrl Pts',(21.6875046461263,30.81438025678,12.8768829371192));
#5784=CARTESIAN_POINT('Ctrl Pts',(21.6875046461263,30.75188025678,14.7408420438829));
#5785=CARTESIAN_POINT('Ctrl Pts',(23.005522770398,30.68938025678,16.0588601680545));
#5786=CARTESIAN_POINT('Ctrl Pts',(24.3235408945696,30.62688025678,17.3768782923261));
#5787=CARTESIAN_POINT('Ctrl Pts',(26.1875000013333,30.56438025678,17.3768782923261));
#5788=CARTESIAN_POINT('Ctrl Pts',(28.051459108097,30.50188025678,17.3768782923261));
#5789=CARTESIAN_POINT('Ctrl Pts',(29.3694772322686,30.43938025678,16.0588601680545));
#5790=CARTESIAN_POINT('Ctrl Pts',(30.6874953565402,30.3768802567799,14.7408420438829));
#5791=CARTESIAN_POINT('Ctrl Pts',(30.6874953565402,30.31438025678,12.8768829371192));
#5792=CARTESIAN_POINT('Ctrl Pts',(30.6874953565402,30.25188025678,11.0129238303555));
#5793=CARTESIAN_POINT('Ctrl Pts',(29.3694772322686,30.18938025678,9.69490570618387));
#5794=CARTESIAN_POINT('Ctrl Pts',(28.051459108097,30.12688025678,8.37688758191226));
#5795=CARTESIAN_POINT('Ctrl Pts',(26.1875000013333,30.06438025678,8.37688758191227));
#5796=CARTESIAN_POINT('Ctrl Pts',(24.3235408945696,30.00188025678,8.37688758191227));
#5797=CARTESIAN_POINT('Ctrl Pts',(23.005522770398,29.93938025678,9.69490570618388));
#5798=CARTESIAN_POINT('Ctrl Pts',(21.6875046461263,29.87688025678,11.0129238303555));
#5799=CARTESIAN_POINT('Ctrl Pts',(21.6875046461263,29.81438025678,12.8768829371192));
#5800=CARTESIAN_POINT('Ctrl Pts',(21.6875046461263,29.7518802567799,14.7408420438829));
#5801=CARTESIAN_POINT('Ctrl Pts',(23.005522770398,29.68938025678,16.0588601680545));
#5802=CARTESIAN_POINT('Ctrl Pts',(24.3235408945696,29.62688025678,17.3768782923261));
#5803=CARTESIAN_POINT('Ctrl Pts',(26.1875000013333,29.56438025678,17.3768782923261));
#5804=CARTESIAN_POINT('Ctrl Pts',(28.051459108097,29.50188025678,17.3768782923261));
#5805=CARTESIAN_POINT('Ctrl Pts',(29.3694772322686,29.43938025678,16.0588601680545));
#5806=CARTESIAN_POINT('Ctrl Pts',(30.6874953565402,29.37688025678,14.7408420438829));
#5807=CARTESIAN_POINT('Ctrl Pts',(30.6874953565402,29.31438025678,12.8768829371192));
#5808=CARTESIAN_POINT('Ctrl Pts',(30.6874953565402,29.25188025678,11.0129238303555));
#5809=CARTESIAN_POINT('Ctrl Pts',(29.3694772322686,29.18938025678,9.69490570618387));
#5810=CARTESIAN_POINT('Ctrl Pts',(28.051459108097,29.12688025678,8.37688758191226));
#5811=CARTESIAN_POINT('Ctrl Pts',(26.1875000013333,29.06438025678,8.37688758191227));
#5812=CARTESIAN_POINT('Ctrl Pts',(24.3235408945696,29.00188025678,8.37688758191227));
#5813=CARTESIAN_POINT('Ctrl Pts',(23.005522770398,28.93938025678,9.69490570618388));
#5814=CARTESIAN_POINT('Ctrl Pts',(21.6875046461263,28.8768802567799,11.0129238303555));
#5815=CARTESIAN_POINT('Ctrl Pts',(21.6875046461263,28.8143802567799,12.8768829371192));
#5816=CARTESIAN_POINT('Ctrl Pts',(21.6875046461263,28.75188025678,14.7408420438829));
#5817=CARTESIAN_POINT('Ctrl Pts',(23.005522770398,28.68938025678,16.0588601680545));
#5818=CARTESIAN_POINT('Ctrl Pts',(24.3235408945696,28.62688025678,17.3768782923261));
#5819=CARTESIAN_POINT('Ctrl Pts',(26.1875000013333,28.56438025678,17.3768782923261));
#5820=CARTESIAN_POINT('Ctrl Pts',(28.051459108097,28.50188025678,17.3768782923261));
#5821=CARTESIAN_POINT('Ctrl Pts',(29.3694772322686,28.43938025678,16.0588601680545));
#5822=CARTESIAN_POINT('Ctrl Pts',(30.6874953565402,28.37688025678,14.7408420438829));
#5823=CARTESIAN_POINT('Ctrl Pts',(30.6874953565402,28.31438025678,12.8768829371192));
#5824=CARTESIAN_POINT('Ctrl Pts',(30.6874953565402,28.25188025678,11.0129238303555));
#5825=CARTESIAN_POINT('Ctrl Pts',(29.3694772322686,28.18938025678,9.69490570618387));
#5826=CARTESIAN_POINT('Ctrl Pts',(28.051459108097,28.12688025678,8.37688758191226));
#5827=CARTESIAN_POINT('Ctrl Pts',(26.1875000013333,28.06438025678,8.37688758191227));
#5828=CARTESIAN_POINT('Ctrl Pts',(24.3235408945696,28.00188025678,8.37688758191227));
#5829=CARTESIAN_POINT('Ctrl Pts',(23.005522770398,27.93938025678,9.69490570618388));
#5830=CARTESIAN_POINT('Ctrl Pts',(21.6875046461264,27.8768802567799,11.0129238303555));
#5831=CARTESIAN_POINT('Ctrl Pts',(21.6875046461264,27.81438025678,12.8768829371192));
#5832=CARTESIAN_POINT('Ctrl Pts',(21.6875046461264,27.75188025678,14.7408420438829));
#5833=CARTESIAN_POINT('Ctrl Pts',(23.005522770398,27.68938025678,16.0588601680545));
#5834=CARTESIAN_POINT('Ctrl Pts',(24.3235408945696,27.62688025678,17.3768782923261));
#5835=CARTESIAN_POINT('Ctrl Pts',(26.1875000013333,27.56438025678,17.3768782923261));
#5836=CARTESIAN_POINT('Ctrl Pts',(28.051459108097,27.50188025678,17.3768782923261));
#5837=CARTESIAN_POINT('Ctrl Pts',(29.3694772322686,27.43938025678,16.0588601680545));
#5838=CARTESIAN_POINT('Ctrl Pts',(30.6874953565402,27.37688025678,14.7408420438829));
#5839=CARTESIAN_POINT('Ctrl Pts',(30.6874953565402,27.31438025678,12.8768829371192));
#5840=CARTESIAN_POINT('Ctrl Pts',(30.6874953565402,27.25188025678,11.0129238303555));
#5841=CARTESIAN_POINT('Ctrl Pts',(29.3694772322686,27.18938025678,9.69490570618387));
#5842=CARTESIAN_POINT('Ctrl Pts',(28.051459108097,27.12688025678,8.37688758191226));
#5843=CARTESIAN_POINT('Ctrl Pts',(26.1875000013333,27.06438025678,8.37688758191227));
#5844=CARTESIAN_POINT('Ctrl Pts',(24.3235408945696,27.00188025678,8.37688758191227));
#5845=CARTESIAN_POINT('Ctrl Pts',(23.005522770398,26.93938025678,9.69490570618388));
#5846=CARTESIAN_POINT('Ctrl Pts',(21.6875046461264,26.87688025678,11.0129238303555));
#5847=CARTESIAN_POINT('Ctrl Pts',(21.6875046461264,26.81438025678,12.8768829371192));
#5848=CARTESIAN_POINT('Ctrl Pts',(21.6875046461264,26.75188025678,14.7408420438829));
#5849=CARTESIAN_POINT('Ctrl Pts',(23.005522770398,26.68938025678,16.0588601680545));
#5850=CARTESIAN_POINT('Ctrl Pts',(24.3235408945696,26.62688025678,17.3768782923261));
#5851=CARTESIAN_POINT('Ctrl Pts',(26.1875000013333,26.56438025678,17.3768782923261));
#5852=CARTESIAN_POINT('Ctrl Pts',(28.051459108097,26.50188025678,17.3768782923261));
#5853=CARTESIAN_POINT('Ctrl Pts',(29.3694772322686,26.43938025678,16.0588601680545));
#5854=CARTESIAN_POINT('Ctrl Pts',(30.6874953565402,26.37688025678,14.7408420438829));
#5855=CARTESIAN_POINT('Ctrl Pts',(30.6874953565402,26.31438025678,12.8768829371192));
#5856=CARTESIAN_POINT('Ctrl Pts',(30.6874953565402,26.25188025678,11.0129238303555));
#5857=CARTESIAN_POINT('Ctrl Pts',(29.3694772322686,26.18938025678,9.69490570618387));
#5858=CARTESIAN_POINT('Ctrl Pts',(28.051459108097,26.12688025678,8.37688758191226));
#5859=CARTESIAN_POINT('Ctrl Pts',(26.1875000013333,26.06438025678,8.37688758191227));
#5860=CARTESIAN_POINT('Ctrl Pts',(24.3235408945696,26.00188025678,8.37688758191227));
#5861=CARTESIAN_POINT('Ctrl Pts',(23.005522770398,25.93938025678,9.69490570618388));
#5862=CARTESIAN_POINT('Ctrl Pts',(21.6875046461264,25.87688025678,11.0129238303555));
#5863=CARTESIAN_POINT('Ctrl Pts',(21.6875046461264,25.81438025678,12.8768829371192));
#5864=CARTESIAN_POINT('Ctrl Pts',(21.1462341263333,34.1268829370525,12.8768829371192));
#5865=CARTESIAN_POINT('Ctrl Pts',(21.1462341263333,34.0643829370525,14.9650436341192));
#5866=CARTESIAN_POINT('Ctrl Pts',(22.6227867153333,34.0018829370525,16.4415962231192));
#5867=CARTESIAN_POINT('Ctrl Pts',(24.0993393043333,33.9393829370525,17.9181488121192));
#5868=CARTESIAN_POINT('Ctrl Pts',(26.1875000013333,33.8768829370525,17.9181488121192));
#5869=CARTESIAN_POINT('Ctrl Pts',(28.2756606983333,33.8143829370525,17.9181488121192));
#5870=CARTESIAN_POINT('Ctrl Pts',(29.7522132873333,33.7518829370525,16.4415962231192));
#5871=CARTESIAN_POINT('Ctrl Pts',(31.2287658763333,33.6893829370525,14.9650436341192));
#5872=CARTESIAN_POINT('Ctrl Pts',(31.2287658763333,33.6268829370525,12.8768829371192));
#5873=CARTESIAN_POINT('Ctrl Pts',(31.2287658763333,33.5643829370525,10.7887222401192));
#5874=CARTESIAN_POINT('Ctrl Pts',(29.7522132873333,33.5018829370525,9.3121696511192));
#5875=CARTESIAN_POINT('Ctrl Pts',(28.2756606983333,33.4393829370525,7.8356170621192));
#5876=CARTESIAN_POINT('Ctrl Pts',(26.1875000013333,33.3768829370525,7.8356170621192));
#5877=CARTESIAN_POINT('Ctrl Pts',(24.0993393043333,33.3143829370525,7.8356170621192));
#5878=CARTESIAN_POINT('Ctrl Pts',(22.6227867153333,33.2518829370525,9.3121696511192));
#5879=CARTESIAN_POINT('Ctrl Pts',(21.1462341263333,33.1893829370525,10.7887222401192));
#5880=CARTESIAN_POINT('Ctrl Pts',(21.1462341263333,33.1268829370525,12.8768829371192));
#5881=CARTESIAN_POINT('Ctrl Pts',(21.1462341263333,33.0643829370525,14.9650436341192));
#5882=CARTESIAN_POINT('Ctrl Pts',(22.6227867153333,33.0018829370525,16.4415962231192));
#5883=CARTESIAN_POINT('Ctrl Pts',(24.0993393043333,32.9393829370525,17.9181488121192));
#5884=CARTESIAN_POINT('Ctrl Pts',(26.1875000013333,32.8768829370525,17.9181488121192));
#5885=CARTESIAN_POINT('Ctrl Pts',(28.2756606983333,32.8143829370525,17.9181488121192));
#5886=CARTESIAN_POINT('Ctrl Pts',(29.7522132873333,32.7518829370525,16.4415962231192));
#5887=CARTESIAN_POINT('Ctrl Pts',(31.2287658763333,32.6893829370525,14.9650436341192));
#5888=CARTESIAN_POINT('Ctrl Pts',(31.2287658763333,32.6268829370525,12.8768829371192));
#5889=CARTESIAN_POINT('Ctrl Pts',(31.2287658763333,32.5643829370525,10.7887222401192));
#5890=CARTESIAN_POINT('Ctrl Pts',(29.7522132873333,32.5018829370525,9.3121696511192));
#5891=CARTESIAN_POINT('Ctrl Pts',(28.2756606983333,32.4393829370525,7.8356170621192));
#5892=CARTESIAN_POINT('Ctrl Pts',(26.1875000013333,32.3768829370525,7.8356170621192));
#5893=CARTESIAN_POINT('Ctrl Pts',(24.0993393043333,32.3143829370525,7.8356170621192));
#5894=CARTESIAN_POINT('Ctrl Pts',(22.6227867153333,32.2518829370525,9.3121696511192));
#5895=CARTESIAN_POINT('Ctrl Pts',(21.1462341263333,32.1893829370525,10.7887222401192));
#5896=CARTESIAN_POINT('Ctrl Pts',(21.1462341263333,32.1268829370525,12.8768829371192));
#5897=CARTESIAN_POINT('Ctrl Pts',(21.1462341263333,32.0643829370525,14.9650436341192));
#5898=CARTESIAN_POINT('Ctrl Pts',(22.6227867153333,32.0018829370525,16.4415962231192));
#5899=CARTESIAN_POINT('Ctrl Pts',(24.0993393043333,31.9393829370525,17.9181488121192));
#5900=CARTESIAN_POINT('Ctrl Pts',(26.1875000013333,31.8768829370525,17.9181488121192));
#5901=CARTESIAN_POINT('Ctrl Pts',(28.2756606983333,31.8143829370525,17.9181488121192));
#5902=CARTESIAN_POINT('Ctrl Pts',(29.7522132873333,31.7518829370525,16.4415962231192));
#5903=CARTESIAN_POINT('Ctrl Pts',(31.2287658763333,31.6893829370525,14.9650436341192));
#5904=CARTESIAN_POINT('Ctrl Pts',(31.2287658763333,31.6268829370525,12.8768829371192));
#5905=CARTESIAN_POINT('Ctrl Pts',(31.2287658763333,31.5643829370525,10.7887222401192));
#5906=CARTESIAN_POINT('Ctrl Pts',(29.7522132873333,31.5018829370525,9.3121696511192));
#5907=CARTESIAN_POINT('Ctrl Pts',(28.2756606983333,31.4393829370525,7.8356170621192));
#5908=CARTESIAN_POINT('Ctrl Pts',(26.1875000013333,31.3768829370525,7.8356170621192));
#5909=CARTESIAN_POINT('Ctrl Pts',(24.0993393043333,31.3143829370525,7.8356170621192));
#5910=CARTESIAN_POINT('Ctrl Pts',(22.6227867153333,31.2518829370525,9.3121696511192));
#5911=CARTESIAN_POINT('Ctrl Pts',(21.1462341263333,31.1893829370525,10.7887222401192));
#5912=CARTESIAN_POINT('Ctrl Pts',(21.1462341263333,31.1268829370525,12.8768829371192));
#5913=CARTESIAN_POINT('Ctrl Pts',(21.1462341263333,31.0643829370525,14.9650436341192));
#5914=CARTESIAN_POINT('Ctrl Pts',(22.6227867153333,31.0018829370525,16.4415962231192));
#5915=CARTESIAN_POINT('Ctrl Pts',(24.0993393043333,30.9393829370525,17.9181488121192));
#5916=CARTESIAN_POINT('Ctrl Pts',(26.1875000013333,30.8768829370525,17.9181488121192));
#5917=CARTESIAN_POINT('Ctrl Pts',(28.2756606983333,30.8143829370525,17.9181488121192));
#5918=CARTESIAN_POINT('Ctrl Pts',(29.7522132873333,30.7518829370525,16.4415962231192));
#5919=CARTESIAN_POINT('Ctrl Pts',(31.2287658763333,30.6893829370525,14.9650436341192));
#5920=CARTESIAN_POINT('Ctrl Pts',(31.2287658763333,30.6268829370525,12.8768829371192));
#5921=CARTESIAN_POINT('Ctrl Pts',(31.2287658763333,30.5643829370525,10.7887222401192));
#5922=CARTESIAN_POINT('Ctrl Pts',(29.7522132873333,30.5018829370525,9.3121696511192));
#5923=CARTESIAN_POINT('Ctrl Pts',(28.2756606983333,30.4393829370525,7.8356170621192));
#5924=CARTESIAN_POINT('Ctrl Pts',(26.1875000013333,30.3768829370525,7.8356170621192));
#5925=CARTESIAN_POINT('Ctrl Pts',(24.0993393043333,30.3143829370525,7.8356170621192));
#5926=CARTESIAN_POINT('Ctrl Pts',(22.6227867153333,30.2518829370525,9.3121696511192));
#5927=CARTESIAN_POINT('Ctrl Pts',(21.1462341263333,30.1893829370525,10.7887222401192));
#5928=CARTESIAN_POINT('Ctrl Pts',(21.1462341263333,30.1268829370525,12.8768829371192));
#5929=CARTESIAN_POINT('Ctrl Pts',(21.1462341263333,30.0643829370525,14.9650436341192));
#5930=CARTESIAN_POINT('Ctrl Pts',(22.6227867153333,30.0018829370525,16.4415962231192));
#5931=CARTESIAN_POINT('Ctrl Pts',(24.0993393043333,29.9393829370525,17.9181488121192));
#5932=CARTESIAN_POINT('Ctrl Pts',(26.1875000013333,29.8768829370525,17.9181488121192));
#5933=CARTESIAN_POINT('Ctrl Pts',(28.2756606983333,29.8143829370525,17.9181488121192));
#5934=CARTESIAN_POINT('Ctrl Pts',(29.7522132873333,29.7518829370525,16.4415962231192));
#5935=CARTESIAN_POINT('Ctrl Pts',(31.2287658763333,29.6893829370525,14.9650436341192));
#5936=CARTESIAN_POINT('Ctrl Pts',(31.2287658763333,29.6268829370525,12.8768829371192));
#5937=CARTESIAN_POINT('Ctrl Pts',(31.2287658763333,29.5643829370525,10.7887222401192));
#5938=CARTESIAN_POINT('Ctrl Pts',(29.7522132873333,29.5018829370525,9.3121696511192));
#5939=CARTESIAN_POINT('Ctrl Pts',(28.2756606983333,29.4393829370525,7.8356170621192));
#5940=CARTESIAN_POINT('Ctrl Pts',(26.1875000013333,29.3768829370525,7.8356170621192));
#5941=CARTESIAN_POINT('Ctrl Pts',(24.0993393043333,29.3143829370525,7.8356170621192));
#5942=CARTESIAN_POINT('Ctrl Pts',(22.6227867153333,29.2518829370525,9.3121696511192));
#5943=CARTESIAN_POINT('Ctrl Pts',(21.1462341263333,29.1893829370525,10.7887222401192));
#5944=CARTESIAN_POINT('Ctrl Pts',(21.1462341263333,29.1268829370525,12.8768829371192));
#5945=CARTESIAN_POINT('Ctrl Pts',(21.1462341263333,29.0643829370525,14.9650436341192));
#5946=CARTESIAN_POINT('Ctrl Pts',(22.6227867153333,29.0018829370525,16.4415962231192));
#5947=CARTESIAN_POINT('Ctrl Pts',(24.0993393043333,28.9393829370525,17.9181488121192));
#5948=CARTESIAN_POINT('Ctrl Pts',(26.1875000013333,28.8768829370525,17.9181488121192));
#5949=CARTESIAN_POINT('Ctrl Pts',(28.2756606983333,28.8143829370525,17.9181488121192));
#5950=CARTESIAN_POINT('Ctrl Pts',(29.7522132873333,28.7518829370525,16.4415962231192));
#5951=CARTESIAN_POINT('Ctrl Pts',(31.2287658763333,28.6893829370525,14.9650436341192));
#5952=CARTESIAN_POINT('Ctrl Pts',(31.2287658763333,28.6268829370525,12.8768829371192));
#5953=CARTESIAN_POINT('Ctrl Pts',(31.2287658763333,28.5643829370525,10.7887222401192));
#5954=CARTESIAN_POINT('Ctrl Pts',(29.7522132873333,28.5018829370525,9.3121696511192));
#5955=CARTESIAN_POINT('Ctrl Pts',(28.2756606983333,28.4393829370525,7.8356170621192));
#5956=CARTESIAN_POINT('Ctrl Pts',(26.1875000013333,28.3768829370525,7.8356170621192));
#5957=CARTESIAN_POINT('Ctrl Pts',(24.0993393043333,28.3143829370525,7.8356170621192));
#5958=CARTESIAN_POINT('Ctrl Pts',(22.6227867153333,28.2518829370525,9.3121696511192));
#5959=CARTESIAN_POINT('Ctrl Pts',(21.1462341263333,28.1893829370525,10.7887222401192));
#5960=CARTESIAN_POINT('Ctrl Pts',(21.1462341263333,28.1268829370525,12.8768829371192));
#5961=CARTESIAN_POINT('Ctrl Pts',(21.1462341263333,28.0643829370525,14.9650436341192));
#5962=CARTESIAN_POINT('Ctrl Pts',(22.6227867153333,28.0018829370525,16.4415962231192));
#5963=CARTESIAN_POINT('Ctrl Pts',(24.0993393043333,27.9393829370525,17.9181488121192));
#5964=CARTESIAN_POINT('Ctrl Pts',(26.1875000013333,27.8768829370525,17.9181488121192));
#5965=CARTESIAN_POINT('Ctrl Pts',(28.2756606983333,27.8143829370525,17.9181488121192));
#5966=CARTESIAN_POINT('Ctrl Pts',(29.7522132873333,27.7518829370525,16.4415962231192));
#5967=CARTESIAN_POINT('Ctrl Pts',(31.2287658763333,27.6893829370525,14.9650436341192));
#5968=CARTESIAN_POINT('Ctrl Pts',(31.2287658763333,27.6268829370525,12.8768829371192));
#5969=CARTESIAN_POINT('Ctrl Pts',(31.2287658763333,27.5643829370525,10.7887222401192));
#5970=CARTESIAN_POINT('Ctrl Pts',(29.7522132873333,27.5018829370525,9.3121696511192));
#5971=CARTESIAN_POINT('Ctrl Pts',(28.2756606983333,27.4393829370525,7.8356170621192));
#5972=CARTESIAN_POINT('Ctrl Pts',(26.1875000013333,27.3768829370525,7.8356170621192));
#5973=CARTESIAN_POINT('Ctrl Pts',(24.0993393043333,27.3143829370525,7.8356170621192));
#5974=CARTESIAN_POINT('Ctrl Pts',(22.6227867153333,27.2518829370525,9.3121696511192));
#5975=CARTESIAN_POINT('Ctrl Pts',(21.1462341263333,27.1893829370525,10.7887222401192));
#5976=CARTESIAN_POINT('Ctrl Pts',(21.1462341263333,27.1268829370525,12.8768829371192));
#5977=CARTESIAN_POINT('Ctrl Pts',(21.1462341263333,27.0643829370525,14.9650436341192));
#5978=CARTESIAN_POINT('Ctrl Pts',(22.6227867153333,27.0018829370525,16.4415962231192));
#5979=CARTESIAN_POINT('Ctrl Pts',(24.0993393043333,26.9393829370525,17.9181488121192));
#5980=CARTESIAN_POINT('Ctrl Pts',(26.1875000013333,26.8768829370525,17.9181488121192));
#5981=CARTESIAN_POINT('Ctrl Pts',(28.2756606983333,26.8143829370525,17.9181488121192));
#5982=CARTESIAN_POINT('Ctrl Pts',(29.7522132873333,26.7518829370525,16.4415962231192));
#5983=CARTESIAN_POINT('Ctrl Pts',(31.2287658763333,26.6893829370525,14.9650436341192));
#5984=CARTESIAN_POINT('Ctrl Pts',(31.2287658763333,26.6268829370525,12.8768829371192));
#5985=CARTESIAN_POINT('Ctrl Pts',(31.2287658763333,26.5643829370525,10.7887222401192));
#5986=CARTESIAN_POINT('Ctrl Pts',(29.7522132873333,26.5018829370525,9.3121696511192));
#5987=CARTESIAN_POINT('Ctrl Pts',(28.2756606983333,26.4393829370525,7.8356170621192));
#5988=CARTESIAN_POINT('Ctrl Pts',(26.1875000013333,26.3768829370525,7.8356170621192));
#5989=CARTESIAN_POINT('Ctrl Pts',(24.0993393043333,26.3143829370525,7.8356170621192));
#5990=CARTESIAN_POINT('Ctrl Pts',(22.6227867153333,26.2518829370525,9.3121696511192));
#5991=CARTESIAN_POINT('Ctrl Pts',(21.1462341263333,26.1893829370525,10.7887222401192));
#5992=CARTESIAN_POINT('Ctrl Pts',(21.1462341263333,26.1268829370525,12.8768829371192));
#5993=CARTESIAN_POINT('Ctrl Pts',(22.6227867153037,26.2518829370771,9.31216965108861));
#5994=CARTESIAN_POINT('Ctrl Pts',(22.7955022278887,26.255445960319,9.14818172738825));
#5995=CARTESIAN_POINT('Ctrl Pts',(22.9753851817737,26.2590283126979,9.00042156473731));
#5996=CARTESIAN_POINT('Ctrl Pts',(23.3505756128984,26.2662731238175,8.73362719215074));
#5997=CARTESIAN_POINT('Ctrl Pts',(23.543428246265,26.269893616806,8.61534386411518));
#5998=CARTESIAN_POINT('Ctrl Pts',(24.1363912083711,26.2807364427705,8.30498063461691));
#5999=CARTESIAN_POINT('Ctrl Pts',(24.5548119426955,26.2880265310897,8.15271341815665));
#6000=CARTESIAN_POINT('Ctrl Pts',(25.5765176980064,26.3050291200579,7.92871714105466));
#6001=CARTESIAN_POINT('Ctrl Pts',(26.231388313812,26.3147068833021,7.89648451319714));
#6002=CARTESIAN_POINT('Ctrl Pts',(27.5388413922782,26.3361121396986,8.12884476255763));
#6003=CARTESIAN_POINT('Ctrl Pts',(28.1380066794841,26.3468367641736,8.36202273897886));
#6004=CARTESIAN_POINT('Ctrl Pts',(29.173047568637,26.3672285144798,9.02020789709976));
#6005=CARTESIAN_POINT('Ctrl Pts',(29.6487855752603,26.3769045915416,9.44891477525841));
#6006=CARTESIAN_POINT('Ctrl Pts',(30.2140230990975,26.3930692054184,10.2518848226087));
#6007=CARTESIAN_POINT('Ctrl Pts',(30.3666005670411,26.398269740429,10.5205549630376));
#6008=CARTESIAN_POINT('Ctrl Pts',(30.7474446871543,26.4142124999652,11.3742997515476));
#6009=CARTESIAN_POINT('Ctrl Pts',(30.887434012697,26.4249795762699,11.9912663204169));
#6010=CARTESIAN_POINT('Ctrl Pts',(30.9123648425702,26.4402247200943,12.9260065627903));
#6011=CARTESIAN_POINT('Ctrl Pts',(30.890650001914,26.4451261224784,13.2343806918475));
#6012=CARTESIAN_POINT('Ctrl Pts',(30.7379929161195,26.4602543383976,14.1201566823463));
#6013=CARTESIAN_POINT('Ctrl Pts',(30.528667589405,26.4706197993186,14.6766648803654));
#6014=CARTESIAN_POINT('Ctrl Pts',(29.9187770479322,26.4909998984487,15.6739092211177));
#6015=CARTESIAN_POINT('Ctrl Pts',(29.5079638524007,26.5008592340663,16.1389178608771));
#6016=CARTESIAN_POINT('Ctrl Pts',(28.584860174388,26.5204141210297,16.8061244864484));
#6017=CARTESIAN_POINT('Ctrl Pts',(28.1388107284779,26.52927309632,17.0288024634075));
#6018=CARTESIAN_POINT('Ctrl Pts',(27.1874164571704,26.5471228698192,17.3232915796308));
#6019=CARTESIAN_POINT('Ctrl Pts',(26.6879722772039,26.5559923331826,17.3914158780125));
#6020=CARTESIAN_POINT('Ctrl Pts',(26.1875000828322,26.5643829357361,17.3768829371475));
#6021=CARTESIAN_POINT('Ctrl Pts',(21.1462341263333,34.2518829370525,12.8768829371192));
#6022=CARTESIAN_POINT('Ctrl Pts',(21.1462341263333,34.1893829370525,14.9650436341192));
#6023=CARTESIAN_POINT('Ctrl Pts',(22.6227867153333,34.1268829370525,16.4415962231192));
#6024=CARTESIAN_POINT('Ctrl Pts',(24.0993393043333,34.0643829370525,17.9181488121192));
#6025=CARTESIAN_POINT('Ctrl Pts',(26.1875000013333,34.0018829370525,17.9181488121192));
#6026=CARTESIAN_POINT('Ctrl Pts',(28.2756606983333,33.9393829370525,17.9181488121192));
#6027=CARTESIAN_POINT('Ctrl Pts',(29.7522132873333,33.8768829370525,16.4415962231192));
#6028=CARTESIAN_POINT('Ctrl Pts',(31.2287658763333,33.8143829370525,14.9650436341192));
#6029=CARTESIAN_POINT('Ctrl Pts',(31.2287658763333,33.7518829370525,12.8768829371192));
#6030=CARTESIAN_POINT('Ctrl Pts',(31.2287658763333,33.6893829370525,10.7887222401192));
#6031=CARTESIAN_POINT('Ctrl Pts',(29.7522132873333,33.6268829370525,9.3121696511192));
#6032=CARTESIAN_POINT('Ctrl Pts',(28.2756606983333,33.5643829370525,7.8356170621192));
#6033=CARTESIAN_POINT('Ctrl Pts',(26.1875000013333,33.5018829370525,7.8356170621192));
#6034=CARTESIAN_POINT('Ctrl Pts',(24.0993393043333,33.4393829370525,7.8356170621192));
#6035=CARTESIAN_POINT('Ctrl Pts',(22.6227867153333,33.3768829370525,9.3121696511192));
#6036=CARTESIAN_POINT('Ctrl Pts',(21.1462341263333,33.3143829370525,10.7887222401192));
#6037=CARTESIAN_POINT('Ctrl Pts',(21.1462341263333,33.2518829370525,12.8768829371192));
#6038=CARTESIAN_POINT('Ctrl Pts',(21.1462341263333,33.1893829370525,14.9650436341192));
#6039=CARTESIAN_POINT('Ctrl Pts',(22.6227867153333,33.1268829370525,16.4415962231192));
#6040=CARTESIAN_POINT('Ctrl Pts',(24.0993393043333,33.0643829370525,17.9181488121192));
#6041=CARTESIAN_POINT('Ctrl Pts',(26.1875000013333,33.0018829370525,17.9181488121192));
#6042=CARTESIAN_POINT('Ctrl Pts',(28.2756606983333,32.9393829370525,17.9181488121192));
#6043=CARTESIAN_POINT('Ctrl Pts',(29.7522132873333,32.8768829370525,16.4415962231192));
#6044=CARTESIAN_POINT('Ctrl Pts',(31.2287658763333,32.8143829370525,14.9650436341192));
#6045=CARTESIAN_POINT('Ctrl Pts',(31.2287658763333,32.7518829370525,12.8768829371192));
#6046=CARTESIAN_POINT('Ctrl Pts',(31.2287658763333,32.6893829370525,10.7887222401192));
#6047=CARTESIAN_POINT('Ctrl Pts',(29.7522132873333,32.6268829370525,9.3121696511192));
#6048=CARTESIAN_POINT('Ctrl Pts',(28.2756606983333,32.5643829370525,7.8356170621192));
#6049=CARTESIAN_POINT('Ctrl Pts',(26.1875000013333,32.5018829370525,7.8356170621192));
#6050=CARTESIAN_POINT('Ctrl Pts',(24.0993393043333,32.4393829370525,7.8356170621192));
#6051=CARTESIAN_POINT('Ctrl Pts',(22.6227867153333,32.3768829370525,9.3121696511192));
#6052=CARTESIAN_POINT('Ctrl Pts',(21.1462341263333,32.3143829370525,10.7887222401192));
#6053=CARTESIAN_POINT('Ctrl Pts',(21.1462341263333,32.2518829370525,12.8768829371192));
#6054=CARTESIAN_POINT('Ctrl Pts',(21.1462341263333,32.1893829370525,14.9650436341192));
#6055=CARTESIAN_POINT('Ctrl Pts',(22.6227867153333,32.1268829370525,16.4415962231192));
#6056=CARTESIAN_POINT('Ctrl Pts',(24.0993393043333,32.0643829370525,17.9181488121192));
#6057=CARTESIAN_POINT('Ctrl Pts',(26.1875000013333,32.0018829370525,17.9181488121192));
#6058=CARTESIAN_POINT('Ctrl Pts',(28.2756606983333,31.9393829370525,17.9181488121192));
#6059=CARTESIAN_POINT('Ctrl Pts',(29.7522132873333,31.8768829370525,16.4415962231192));
#6060=CARTESIAN_POINT('Ctrl Pts',(31.2287658763333,31.8143829370525,14.9650436341192));
#6061=CARTESIAN_POINT('Ctrl Pts',(31.2287658763333,31.7518829370525,12.8768829371192));
#6062=CARTESIAN_POINT('Ctrl Pts',(31.2287658763333,31.6893829370525,10.7887222401192));
#6063=CARTESIAN_POINT('Ctrl Pts',(29.7522132873333,31.6268829370525,9.3121696511192));
#6064=CARTESIAN_POINT('Ctrl Pts',(28.2756606983333,31.5643829370525,7.8356170621192));
#6065=CARTESIAN_POINT('Ctrl Pts',(26.1875000013333,31.5018829370525,7.8356170621192));
#6066=CARTESIAN_POINT('Ctrl Pts',(24.0993393043333,31.4393829370525,7.8356170621192));
#6067=CARTESIAN_POINT('Ctrl Pts',(22.6227867153333,31.3768829370525,9.3121696511192));
#6068=CARTESIAN_POINT('Ctrl Pts',(21.1462341263333,31.3143829370525,10.7887222401192));
#6069=CARTESIAN_POINT('Ctrl Pts',(21.1462341263333,31.2518829370525,12.8768829371192));
#6070=CARTESIAN_POINT('Ctrl Pts',(21.1462341263333,31.1893829370525,14.9650436341192));
#6071=CARTESIAN_POINT('Ctrl Pts',(22.6227867153333,31.1268829370525,16.4415962231192));
#6072=CARTESIAN_POINT('Ctrl Pts',(24.0993393043333,31.0643829370525,17.9181488121192));
#6073=CARTESIAN_POINT('Ctrl Pts',(26.1875000013333,31.0018829370525,17.9181488121192));
#6074=CARTESIAN_POINT('Ctrl Pts',(28.2756606983333,30.9393829370525,17.9181488121192));
#6075=CARTESIAN_POINT('Ctrl Pts',(29.7522132873333,30.8768829370525,16.4415962231192));
#6076=CARTESIAN_POINT('Ctrl Pts',(31.2287658763333,30.8143829370525,14.9650436341192));
#6077=CARTESIAN_POINT('Ctrl Pts',(31.2287658763333,30.7518829370525,12.8768829371192));
#6078=CARTESIAN_POINT('Ctrl Pts',(31.2287658763333,30.6893829370525,10.7887222401192));
#6079=CARTESIAN_POINT('Ctrl Pts',(29.7522132873333,30.6268829370525,9.3121696511192));
#6080=CARTESIAN_POINT('Ctrl Pts',(28.2756606983333,30.5643829370525,7.8356170621192));
#6081=CARTESIAN_POINT('Ctrl Pts',(26.1875000013333,30.5018829370525,7.8356170621192));
#6082=CARTESIAN_POINT('Ctrl Pts',(24.0993393043333,30.4393829370525,7.8356170621192));
#6083=CARTESIAN_POINT('Ctrl Pts',(22.6227867153333,30.3768829370525,9.3121696511192));
#6084=CARTESIAN_POINT('Ctrl Pts',(21.1462341263333,30.3143829370525,10.7887222401192));
#6085=CARTESIAN_POINT('Ctrl Pts',(21.1462341263333,30.2518829370525,12.8768829371192));
#6086=CARTESIAN_POINT('Ctrl Pts',(21.1462341263333,30.1893829370525,14.9650436341192));
#6087=CARTESIAN_POINT('Ctrl Pts',(22.6227867153333,30.1268829370525,16.4415962231192));
#6088=CARTESIAN_POINT('Ctrl Pts',(24.0993393043333,30.0643829370525,17.9181488121192));
#6089=CARTESIAN_POINT('Ctrl Pts',(26.1875000013333,30.0018829370525,17.9181488121192));
#6090=CARTESIAN_POINT('Ctrl Pts',(28.2756606983333,29.9393829370525,17.9181488121192));
#6091=CARTESIAN_POINT('Ctrl Pts',(29.7522132873333,29.8768829370525,16.4415962231192));
#6092=CARTESIAN_POINT('Ctrl Pts',(31.2287658763333,29.8143829370525,14.9650436341192));
#6093=CARTESIAN_POINT('Ctrl Pts',(31.2287658763333,29.7518829370525,12.8768829371192));
#6094=CARTESIAN_POINT('Ctrl Pts',(31.2287658763333,29.6893829370525,10.7887222401192));
#6095=CARTESIAN_POINT('Ctrl Pts',(29.7522132873333,29.6268829370525,9.3121696511192));
#6096=CARTESIAN_POINT('Ctrl Pts',(28.2756606983333,29.5643829370525,7.8356170621192));
#6097=CARTESIAN_POINT('Ctrl Pts',(26.1875000013333,29.5018829370525,7.8356170621192));
#6098=CARTESIAN_POINT('Ctrl Pts',(24.0993393043333,29.4393829370525,7.8356170621192));
#6099=CARTESIAN_POINT('Ctrl Pts',(22.6227867153333,29.3768829370525,9.3121696511192));
#6100=CARTESIAN_POINT('Ctrl Pts',(21.1462341263333,29.3143829370525,10.7887222401192));
#6101=CARTESIAN_POINT('Ctrl Pts',(21.1462341263333,29.2518829370525,12.8768829371192));
#6102=CARTESIAN_POINT('Ctrl Pts',(21.1462341263333,29.1893829370525,14.9650436341192));
#6103=CARTESIAN_POINT('Ctrl Pts',(22.6227867153333,29.1268829370525,16.4415962231192));
#6104=CARTESIAN_POINT('Ctrl Pts',(24.0993393043333,29.0643829370525,17.9181488121192));
#6105=CARTESIAN_POINT('Ctrl Pts',(26.1875000013333,29.0018829370525,17.9181488121192));
#6106=CARTESIAN_POINT('Ctrl Pts',(28.2756606983333,28.9393829370525,17.9181488121192));
#6107=CARTESIAN_POINT('Ctrl Pts',(29.7522132873333,28.8768829370525,16.4415962231192));
#6108=CARTESIAN_POINT('Ctrl Pts',(31.2287658763333,28.8143829370525,14.9650436341192));
#6109=CARTESIAN_POINT('Ctrl Pts',(31.2287658763333,28.7518829370525,12.8768829371192));
#6110=CARTESIAN_POINT('Ctrl Pts',(31.2287658763333,28.6893829370525,10.7887222401192));
#6111=CARTESIAN_POINT('Ctrl Pts',(29.7522132873333,28.6268829370525,9.3121696511192));
#6112=CARTESIAN_POINT('Ctrl Pts',(28.2756606983333,28.5643829370525,7.8356170621192));
#6113=CARTESIAN_POINT('Ctrl Pts',(26.1875000013333,28.5018829370525,7.8356170621192));
#6114=CARTESIAN_POINT('Ctrl Pts',(24.0993393043333,28.4393829370525,7.8356170621192));
#6115=CARTESIAN_POINT('Ctrl Pts',(22.6227867153333,28.3768829370525,9.3121696511192));
#6116=CARTESIAN_POINT('Ctrl Pts',(21.1462341263333,28.3143829370525,10.7887222401192));
#6117=CARTESIAN_POINT('Ctrl Pts',(21.1462341263333,28.2518829370525,12.8768829371192));
#6118=CARTESIAN_POINT('Ctrl Pts',(21.1462341263333,28.1893829370525,14.9650436341192));
#6119=CARTESIAN_POINT('Ctrl Pts',(22.6227867153333,28.1268829370525,16.4415962231192));
#6120=CARTESIAN_POINT('Ctrl Pts',(24.0993393043333,28.0643829370525,17.9181488121192));
#6121=CARTESIAN_POINT('Ctrl Pts',(26.1875000013333,28.0018829370525,17.9181488121192));
#6122=CARTESIAN_POINT('Ctrl Pts',(28.2756606983333,27.9393829370525,17.9181488121192));
#6123=CARTESIAN_POINT('Ctrl Pts',(29.7522132873333,27.8768829370525,16.4415962231192));
#6124=CARTESIAN_POINT('Ctrl Pts',(31.2287658763333,27.8143829370525,14.9650436341192));
#6125=CARTESIAN_POINT('Ctrl Pts',(31.2287658763333,27.7518829370525,12.8768829371192));
#6126=CARTESIAN_POINT('Ctrl Pts',(31.2287658763333,27.6893829370525,10.7887222401192));
#6127=CARTESIAN_POINT('Ctrl Pts',(29.7522132873333,27.6268829370525,9.3121696511192));
#6128=CARTESIAN_POINT('Ctrl Pts',(28.2756606983333,27.5643829370525,7.8356170621192));
#6129=CARTESIAN_POINT('Ctrl Pts',(26.1875000013333,27.5018829370525,7.8356170621192));
#6130=CARTESIAN_POINT('Ctrl Pts',(24.0993393043333,27.4393829370525,7.8356170621192));
#6131=CARTESIAN_POINT('Ctrl Pts',(22.6227867153333,27.3768829370525,9.3121696511192));
#6132=CARTESIAN_POINT('Ctrl Pts',(21.1462341263333,27.3143829370525,10.7887222401192));
#6133=CARTESIAN_POINT('Ctrl Pts',(21.1462341263333,27.2518829370525,12.8768829371192));
#6134=CARTESIAN_POINT('Ctrl Pts',(21.1462341263333,27.1893829370525,14.9650436341192));
#6135=CARTESIAN_POINT('Ctrl Pts',(22.6227867153333,27.1268829370525,16.4415962231192));
#6136=CARTESIAN_POINT('Ctrl Pts',(24.0993393043333,27.0643829370525,17.9181488121192));
#6137=CARTESIAN_POINT('Ctrl Pts',(26.1875000013333,27.0018829370525,17.9181488121192));
#6138=CARTESIAN_POINT('Ctrl Pts',(28.2756606983333,26.9393829370525,17.9181488121192));
#6139=CARTESIAN_POINT('Ctrl Pts',(29.7522132873333,26.8768829370525,16.4415962231192));
#6140=CARTESIAN_POINT('Ctrl Pts',(31.2287658763333,26.8143829370525,14.9650436341192));
#6141=CARTESIAN_POINT('Ctrl Pts',(31.2287658763333,26.7518829370525,12.8768829371192));
#6142=CARTESIAN_POINT('Ctrl Pts',(31.2287658763333,26.6893829370525,10.7887222401192));
#6143=CARTESIAN_POINT('Ctrl Pts',(29.7522132873333,26.6268829370525,9.3121696511192));
#6144=CARTESIAN_POINT('Ctrl Pts',(28.2756606983333,26.5643829370525,7.8356170621192));
#6145=CARTESIAN_POINT('Ctrl Pts',(26.1875000013333,26.5018829370525,7.8356170621192));
#6146=CARTESIAN_POINT('Ctrl Pts',(24.0993393043333,26.4393829370525,7.8356170621192));
#6147=CARTESIAN_POINT('Ctrl Pts',(22.6227867153333,26.3768829370525,9.3121696511192));
#6148=CARTESIAN_POINT('Ctrl Pts',(21.1462341263333,26.3143829370525,10.7887222401192));
#6149=CARTESIAN_POINT('Ctrl Pts',(21.1462341263333,26.2518829370525,12.8768829371192));
#6150=CARTESIAN_POINT('Ctrl Pts',(21.6875018754966,34.5643840178012,12.8768829371192));
#6151=CARTESIAN_POINT('Ctrl Pts',(21.6875018754966,34.5018840178011,14.7408431915154));
#6152=CARTESIAN_POINT('Ctrl Pts',(23.0055208112668,34.4393840178012,16.0588621271856));
#6153=CARTESIAN_POINT('Ctrl Pts',(24.3235397469371,34.3768840178012,17.3768810629559));
#6154=CARTESIAN_POINT('Ctrl Pts',(26.1875000013333,34.3143840178012,17.3768810629559));
#6155=CARTESIAN_POINT('Ctrl Pts',(28.0514602557294,34.2518840178012,17.3768810629559));
#6156=CARTESIAN_POINT('Ctrl Pts',(29.3694791913997,34.1893840178012,16.0588621271856));
#6157=CARTESIAN_POINT('Ctrl Pts',(30.68749812717,34.1268840178012,14.7408431915154));
#6158=CARTESIAN_POINT('Ctrl Pts',(30.68749812717,34.0643840178012,12.8768829371192));
#6159=CARTESIAN_POINT('Ctrl Pts',(30.68749812717,34.0018840178011,11.012922682723));
#6160=CARTESIAN_POINT('Ctrl Pts',(29.3694791913997,33.9393840178012,9.69490374705276));
#6161=CARTESIAN_POINT('Ctrl Pts',(28.0514602557294,33.8768840178012,8.37688481128247));
#6162=CARTESIAN_POINT('Ctrl Pts',(26.1875000013333,33.8143840178012,8.37688481128247));
#6163=CARTESIAN_POINT('Ctrl Pts',(24.3235397469371,33.7518840178012,8.37688481128247));
#6164=CARTESIAN_POINT('Ctrl Pts',(23.0055208112668,33.6893840178012,9.69490374705276));
#6165=CARTESIAN_POINT('Ctrl Pts',(21.6875018754966,33.6268840178011,11.012922682723));
#6166=CARTESIAN_POINT('Ctrl Pts',(21.6875018754966,33.5643840178011,12.8768829371192));
#6167=CARTESIAN_POINT('Ctrl Pts',(21.6875018754966,33.5018840178012,14.7408431915154));
#6168=CARTESIAN_POINT('Ctrl Pts',(23.0055208112668,33.4393840178012,16.0588621271856));
#6169=CARTESIAN_POINT('Ctrl Pts',(24.3235397469371,33.3768840178012,17.3768810629559));
#6170=CARTESIAN_POINT('Ctrl Pts',(26.1875000013333,33.3143840178012,17.3768810629559));
#6171=CARTESIAN_POINT('Ctrl Pts',(28.0514602557294,33.2518840178012,17.3768810629559));
#6172=CARTESIAN_POINT('Ctrl Pts',(29.3694791913997,33.1893840178012,16.0588621271856));
#6173=CARTESIAN_POINT('Ctrl Pts',(30.68749812717,33.1268840178012,14.7408431915154));
#6174=CARTESIAN_POINT('Ctrl Pts',(30.68749812717,33.0643840178012,12.8768829371192));
#6175=CARTESIAN_POINT('Ctrl Pts',(30.68749812717,33.0018840178012,11.012922682723));
#6176=CARTESIAN_POINT('Ctrl Pts',(29.3694791913997,32.9393840178012,9.69490374705276));
#6177=CARTESIAN_POINT('Ctrl Pts',(28.0514602557294,32.8768840178012,8.37688481128247));
#6178=CARTESIAN_POINT('Ctrl Pts',(26.1875000013333,32.8143840178012,8.37688481128247));
#6179=CARTESIAN_POINT('Ctrl Pts',(24.3235397469371,32.7518840178011,8.37688481128247));
#6180=CARTESIAN_POINT('Ctrl Pts',(23.0055208112668,32.6893840178012,9.69490374705276));
#6181=CARTESIAN_POINT('Ctrl Pts',(21.6875018754966,32.6268840178011,11.012922682723));
#6182=CARTESIAN_POINT('Ctrl Pts',(21.6875018754966,32.5643840178011,12.8768829371192));
#6183=CARTESIAN_POINT('Ctrl Pts',(21.6875018754966,32.5018840178011,14.7408431915154));
#6184=CARTESIAN_POINT('Ctrl Pts',(23.0055208112668,32.4393840178011,16.0588621271856));
#6185=CARTESIAN_POINT('Ctrl Pts',(24.3235397469371,32.3768840178012,17.3768810629559));
#6186=CARTESIAN_POINT('Ctrl Pts',(26.1875000013333,32.3143840178011,17.3768810629559));
#6187=CARTESIAN_POINT('Ctrl Pts',(28.0514602557294,32.2518840178012,17.3768810629559));
#6188=CARTESIAN_POINT('Ctrl Pts',(29.3694791913997,32.1893840178011,16.0588621271856));
#6189=CARTESIAN_POINT('Ctrl Pts',(30.68749812717,32.1268840178011,14.7408431915154));
#6190=CARTESIAN_POINT('Ctrl Pts',(30.68749812717,32.0643840178011,12.8768829371192));
#6191=CARTESIAN_POINT('Ctrl Pts',(30.68749812717,32.0018840178011,11.012922682723));
#6192=CARTESIAN_POINT('Ctrl Pts',(29.3694791913997,31.9393840178012,9.69490374705276));
#6193=CARTESIAN_POINT('Ctrl Pts',(28.0514602557294,31.8768840178011,8.37688481128247));
#6194=CARTESIAN_POINT('Ctrl Pts',(26.1875000013333,31.8143840178011,8.37688481128247));
#6195=CARTESIAN_POINT('Ctrl Pts',(24.3235397469371,31.7518840178012,8.37688481128247));
#6196=CARTESIAN_POINT('Ctrl Pts',(23.0055208112668,31.6893840178011,9.69490374705276));
#6197=CARTESIAN_POINT('Ctrl Pts',(21.6875018754966,31.6268840178011,11.012922682723));
#6198=CARTESIAN_POINT('Ctrl Pts',(21.6875018754966,31.5643840178011,12.8768829371192));
#6199=CARTESIAN_POINT('Ctrl Pts',(21.6875018754966,31.5018840178011,14.7408431915154));
#6200=CARTESIAN_POINT('Ctrl Pts',(23.0055208112668,31.4393840178012,16.0588621271856));
#6201=CARTESIAN_POINT('Ctrl Pts',(24.3235397469371,31.3768840178011,17.3768810629559));
#6202=CARTESIAN_POINT('Ctrl Pts',(26.1875000013333,31.3143840178012,17.3768810629559));
#6203=CARTESIAN_POINT('Ctrl Pts',(28.0514602557294,31.2518840178011,17.3768810629559));
#6204=CARTESIAN_POINT('Ctrl Pts',(29.3694791913997,31.1893840178011,16.0588621271856));
#6205=CARTESIAN_POINT('Ctrl Pts',(30.68749812717,31.1268840178012,14.7408431915154));
#6206=CARTESIAN_POINT('Ctrl Pts',(30.68749812717,31.0643840178011,12.8768829371192));
#6207=CARTESIAN_POINT('Ctrl Pts',(30.68749812717,31.0018840178012,11.012922682723));
#6208=CARTESIAN_POINT('Ctrl Pts',(29.3694791913997,30.9393840178011,9.69490374705276));
#6209=CARTESIAN_POINT('Ctrl Pts',(28.0514602557294,30.8768840178011,8.37688481128247));
#6210=CARTESIAN_POINT('Ctrl Pts',(26.1875000013333,30.8143840178012,8.37688481128247));
#6211=CARTESIAN_POINT('Ctrl Pts',(24.3235397469371,30.7518840178011,8.37688481128247));
#6212=CARTESIAN_POINT('Ctrl Pts',(23.0055208112668,30.6893840178012,9.69490374705276));
#6213=CARTESIAN_POINT('Ctrl Pts',(21.6875018754966,30.6268840178011,11.012922682723));
#6214=CARTESIAN_POINT('Ctrl Pts',(21.6875018754966,30.5643840178011,12.8768829371192));
#6215=CARTESIAN_POINT('Ctrl Pts',(21.6875018754966,30.5018840178011,14.7408431915154));
#6216=CARTESIAN_POINT('Ctrl Pts',(23.0055208112668,30.4393840178011,16.0588621271856));
#6217=CARTESIAN_POINT('Ctrl Pts',(24.3235397469371,30.3768840178012,17.3768810629559));
#6218=CARTESIAN_POINT('Ctrl Pts',(26.1875000013333,30.3143840178012,17.3768810629559));
#6219=CARTESIAN_POINT('Ctrl Pts',(28.0514602557294,30.2518840178012,17.3768810629559));
#6220=CARTESIAN_POINT('Ctrl Pts',(29.3694791913997,30.1893840178012,16.0588621271856));
#6221=CARTESIAN_POINT('Ctrl Pts',(30.68749812717,30.1268840178011,14.7408431915154));
#6222=CARTESIAN_POINT('Ctrl Pts',(30.68749812717,30.0643840178012,12.8768829371192));
#6223=CARTESIAN_POINT('Ctrl Pts',(30.68749812717,30.0018840178011,11.012922682723));
#6224=CARTESIAN_POINT('Ctrl Pts',(29.3694791913997,29.9393840178011,9.69490374705276));
#6225=CARTESIAN_POINT('Ctrl Pts',(28.0514602557294,29.8768840178012,8.37688481128247));
#6226=CARTESIAN_POINT('Ctrl Pts',(26.1875000013333,29.8143840178011,8.37688481128247));
#6227=CARTESIAN_POINT('Ctrl Pts',(24.3235397469371,29.7518840178012,8.37688481128247));
#6228=CARTESIAN_POINT('Ctrl Pts',(23.0055208112668,29.6893840178011,9.69490374705276));
#6229=CARTESIAN_POINT('Ctrl Pts',(21.6875018754966,29.6268840178011,11.012922682723));
#6230=CARTESIAN_POINT('Ctrl Pts',(21.6875018754966,29.5643840178011,12.8768829371192));
#6231=CARTESIAN_POINT('Ctrl Pts',(21.6875018754966,29.5018840178011,14.7408431915154));
#6232=CARTESIAN_POINT('Ctrl Pts',(23.0055208112668,29.4393840178012,16.0588621271856));
#6233=CARTESIAN_POINT('Ctrl Pts',(24.3235397469371,29.3768840178012,17.3768810629559));
#6234=CARTESIAN_POINT('Ctrl Pts',(26.1875000013333,29.3143840178011,17.3768810629559));
#6235=CARTESIAN_POINT('Ctrl Pts',(28.0514602557294,29.2518840178012,17.3768810629559));
#6236=CARTESIAN_POINT('Ctrl Pts',(29.3694791913997,29.1893840178011,16.0588621271856));
#6237=CARTESIAN_POINT('Ctrl Pts',(30.68749812717,29.1268840178012,14.7408431915154));
#6238=CARTESIAN_POINT('Ctrl Pts',(30.68749812717,29.0643840178011,12.8768829371192));
#6239=CARTESIAN_POINT('Ctrl Pts',(30.68749812717,29.0018840178011,11.012922682723));
#6240=CARTESIAN_POINT('Ctrl Pts',(29.3694791913997,28.9393840178012,9.69490374705276));
#6241=CARTESIAN_POINT('Ctrl Pts',(28.0514602557294,28.8768840178012,8.37688481128247));
#6242=CARTESIAN_POINT('Ctrl Pts',(26.1875000013333,28.8143840178012,8.37688481128247));
#6243=CARTESIAN_POINT('Ctrl Pts',(24.3235397469371,28.7518840178011,8.37688481128247));
#6244=CARTESIAN_POINT('Ctrl Pts',(23.0055208112668,28.6893840178011,9.69490374705276));
#6245=CARTESIAN_POINT('Ctrl Pts',(21.6875018754966,28.6268840178011,11.012922682723));
#6246=CARTESIAN_POINT('Ctrl Pts',(21.6875018754966,28.5643840178011,12.8768829371192));
#6247=CARTESIAN_POINT('Ctrl Pts',(21.6875018754966,28.5018840178011,14.7408431915154));
#6248=CARTESIAN_POINT('Ctrl Pts',(23.0055208112668,28.4393840178011,16.0588621271856));
#6249=CARTESIAN_POINT('Ctrl Pts',(24.3235397469371,28.3768840178011,17.3768810629559));
#6250=CARTESIAN_POINT('Ctrl Pts',(26.1875000013333,28.3143840178011,17.3768810629559));
#6251=CARTESIAN_POINT('Ctrl Pts',(28.0514602557294,28.2518840178011,17.3768810629559));
#6252=CARTESIAN_POINT('Ctrl Pts',(29.3694791913997,28.1893840178012,16.0588621271856));
#6253=CARTESIAN_POINT('Ctrl Pts',(30.68749812717,28.1268840178011,14.7408431915154));
#6254=CARTESIAN_POINT('Ctrl Pts',(30.68749812717,28.0643840178011,12.8768829371192));
#6255=CARTESIAN_POINT('Ctrl Pts',(30.68749812717,28.0018840178011,11.012922682723));
#6256=CARTESIAN_POINT('Ctrl Pts',(29.3694791913997,27.9393840178012,9.69490374705276));
#6257=CARTESIAN_POINT('Ctrl Pts',(28.0514602557295,27.8768840178012,8.37688481128247));
#6258=CARTESIAN_POINT('Ctrl Pts',(26.1875000013333,27.8143840178011,8.37688481128247));
#6259=CARTESIAN_POINT('Ctrl Pts',(24.3235397469371,27.7518840178011,8.37688481128247));
#6260=CARTESIAN_POINT('Ctrl Pts',(23.0055208112668,27.6893840178012,9.69490374705276));
#6261=CARTESIAN_POINT('Ctrl Pts',(21.6875018754966,27.6268840178011,11.012922682723));
#6262=CARTESIAN_POINT('Ctrl Pts',(21.6875018754966,27.5643840178012,12.8768829371192));
#6263=CARTESIAN_POINT('Ctrl Pts',(21.6875018754966,27.5018840178012,14.7408431915154));
#6264=CARTESIAN_POINT('Ctrl Pts',(23.0055208112668,27.4393840178011,16.0588621271856));
#6265=CARTESIAN_POINT('Ctrl Pts',(24.3235397469371,27.3768840178011,17.3768810629559));
#6266=CARTESIAN_POINT('Ctrl Pts',(26.1875000013333,27.3143840178011,17.3768810629559));
#6267=CARTESIAN_POINT('Ctrl Pts',(28.0514602557295,27.2518840178012,17.3768810629559));
#6268=CARTESIAN_POINT('Ctrl Pts',(29.3694791913997,27.1893840178011,16.0588621271856));
#6269=CARTESIAN_POINT('Ctrl Pts',(30.68749812717,27.1268840178011,14.7408431915154));
#6270=CARTESIAN_POINT('Ctrl Pts',(30.68749812717,27.0643840178011,12.8768829371192));
#6271=CARTESIAN_POINT('Ctrl Pts',(30.68749812717,27.0018840178011,11.012922682723));
#6272=CARTESIAN_POINT('Ctrl Pts',(29.3694791913997,26.9393840178012,9.69490374705276));
#6273=CARTESIAN_POINT('Ctrl Pts',(28.0514602557295,26.8768840178011,8.37688481128247));
#6274=CARTESIAN_POINT('Ctrl Pts',(26.1875000013333,26.8143840178011,8.37688481128247));
#6275=CARTESIAN_POINT('Ctrl Pts',(24.3235397469371,26.7518840178012,8.37688481128247));
#6276=CARTESIAN_POINT('Ctrl Pts',(23.0055208112668,26.6893840178011,9.69490374705276));
#6277=CARTESIAN_POINT('Ctrl Pts',(21.6875018754966,26.6268840178012,11.012922682723));
#6278=CARTESIAN_POINT('Ctrl Pts',(21.6875018754966,26.5643840178011,12.8768829371192));
#6279=CARTESIAN_POINT('',(21.4168670638333,26.4081329364525,12.8768829371192));
#6280=CARTESIAN_POINT('Origin',(26.1875000013333,26.5643829357525,12.8768829371192));
#6281=UNCERTAINTY_MEASURE_WITH_UNIT(LENGTH_MEASURE(0.01),#6285,
'DISTANCE_ACCURACY_VALUE',
'Maximum model space distance between geometric entities at asserted c
onnectivities');
#6282=UNCERTAINTY_MEASURE_WITH_UNIT(LENGTH_MEASURE(0.01),#6285,
'DISTANCE_ACCURACY_VALUE',
'Maximum model space distance between geometric entities at asserted c
onnectivities');
#6283=(
GEOMETRIC_REPRESENTATION_CONTEXT(3)
GLOBAL_UNCERTAINTY_ASSIGNED_CONTEXT((#6281))
GLOBAL_UNIT_ASSIGNED_CONTEXT((#6285,#6287,#6288))
REPRESENTATION_CONTEXT('','3D')
);
#6284=(
GEOMETRIC_REPRESENTATION_CONTEXT(3)
GLOBAL_UNCERTAINTY_ASSIGNED_CONTEXT((#6282))
GLOBAL_UNIT_ASSIGNED_CONTEXT((#6285,#6287,#6288))
REPRESENTATION_CONTEXT('','3D')
);
#6285=(
LENGTH_UNIT()
NAMED_UNIT(*)
SI_UNIT(.MILLI.,.METRE.)
);
#6286=(
LENGTH_UNIT()
NAMED_UNIT(*)
SI_UNIT($,.METRE.)
);
#6287=(
NAMED_UNIT(*)
PLANE_ANGLE_UNIT()
SI_UNIT($,.RADIAN.)
);
#6288=(
NAMED_UNIT(*)
SI_UNIT($,.STERADIAN.)
SOLID_ANGLE_UNIT()
);
#6289=SHAPE_DEFINITION_REPRESENTATION(#6290,#6291);
#6290=PRODUCT_DEFINITION_SHAPE('',$,#6293);
#6291=SHAPE_REPRESENTATION('',(#2586),#6283);
#6292=PRODUCT_DEFINITION_CONTEXT('part definition',#6297,'design');
#6293=PRODUCT_DEFINITION('Extruder','Extruder',#6294,#6292);
#6294=PRODUCT_DEFINITION_FORMATION('',$,#6299);
#6295=PRODUCT_RELATED_PRODUCT_CATEGORY('Extruder','Extruder',(#6299));
#6296=APPLICATION_PROTOCOL_DEFINITION('international standard',
'automotive_design',2009,#6297);
#6297=APPLICATION_CONTEXT(
'Core Data for Automotive Mechanical Design Process');
#6298=PRODUCT_CONTEXT('part definition',#6297,'mechanical');
#6299=PRODUCT('Extruder','Extruder',$,(#6298));
#6300=PRESENTATION_STYLE_ASSIGNMENT((#6305));
#6301=PRESENTATION_STYLE_ASSIGNMENT((#6306));
#6302=PRESENTATION_STYLE_ASSIGNMENT((#6307));
#6303=PRESENTATION_STYLE_ASSIGNMENT((#6308));
#6304=PRESENTATION_STYLE_ASSIGNMENT((#6309));
#6305=SURFACE_STYLE_USAGE(.BOTH.,#6310);
#6306=SURFACE_STYLE_USAGE(.BOTH.,#6311);
#6307=SURFACE_STYLE_USAGE(.BOTH.,#6312);
#6308=SURFACE_STYLE_USAGE(.BOTH.,#6313);
#6309=SURFACE_STYLE_USAGE(.BOTH.,#6314);
#6310=SURFACE_SIDE_STYLE('',(#6315));
#6311=SURFACE_SIDE_STYLE('',(#6316));
#6312=SURFACE_SIDE_STYLE('',(#6317));
#6313=SURFACE_SIDE_STYLE('',(#6318));
#6314=SURFACE_SIDE_STYLE('',(#6319));
#6315=SURFACE_STYLE_FILL_AREA(#6320);
#6316=SURFACE_STYLE_FILL_AREA(#6321);
#6317=SURFACE_STYLE_FILL_AREA(#6322);
#6318=SURFACE_STYLE_FILL_AREA(#6323);
#6319=SURFACE_STYLE_FILL_AREA(#6324);
#6320=FILL_AREA_STYLE('Steel - Satin',(#6325));
#6321=FILL_AREA_STYLE('Opaque(255,0,0) (1)',(#6326));
#6322=FILL_AREA_STYLE('Opaque(255,0,0)',(#6327));
#6323=FILL_AREA_STYLE('Opaque(198,193,188)',(#6328));
#6324=FILL_AREA_STYLE('Opaque(23,57,107)',(#6329));
#6325=FILL_AREA_STYLE_COLOUR('Steel - Satin',#6330);
#6326=FILL_AREA_STYLE_COLOUR('Opaque(255,0,0) (1)',#6331);
#6327=FILL_AREA_STYLE_COLOUR('Opaque(255,0,0)',#6332);
#6328=FILL_AREA_STYLE_COLOUR('Opaque(198,193,188)',#6333);
#6329=FILL_AREA_STYLE_COLOUR('Opaque(23,57,107)',#6334);
#6330=COLOUR_RGB('Steel - Satin',0.627450980392157,0.627450980392157,0.627450980392157);
#6331=COLOUR_RGB('Opaque(255,0,0) (1)',0.125490196078431,0.12156862745098,
0.12156862745098);
#6332=COLOUR_RGB('Opaque(255,0,0)',1.,0.,0.);
#6333=COLOUR_RGB('Opaque(198,193,188)',0.776470588235294,0.756862745098039,
0.737254901960784);
#6334=COLOUR_RGB('Opaque(23,57,107)',0.0901960784313725,0.223529411764706,
0.419607843137255);
ENDSEC;
END-ISO-10303-21;
