ISO-10303-21;
HEADER;
/* Generated by software containing ST-Developer
 * from STEP Tools, Inc. (www.steptools.com) 
 */

FILE_DESCRIPTION(
/* description */ (''),
/* implementation_level */ '2;1');

FILE_NAME(
/* name */ 'Main_Plate_0.6.step',
/* time_stamp */ '2026-10-03T11:20:09-05:00',
/* author */ (''),
/* organization */ (''),
/* preprocessor_version */ 'ST-DEVELOPER v20.1',
/* originating_system */ 'Autodesk Translation Framework v15.8.0.0',
/* authorisation */ '');

FILE_SCHEMA (('AUTOMOTIVE_DESIGN { 1 0 10303 214 3 1 1 }'));
ENDSEC;

DATA;
#10=MECHANICAL_DESIGN_GEOMETRIC_PRESENTATION_REPRESENTATION('',(#13),#9077);
#11=SHAPE_REPRESENTATION_RELATIONSHIP('SRR','None',#9084,#12);
#12=ADVANCED_BREP_SHAPE_REPRESENTATION('',(#14),#9076);
#13=STYLED_ITEM('',(#9095),#14);
#14=MANIFOLD_SOLID_BREP('Main Plate 0.6',#3888);
#15=(
BOUNDED_SURFACE()
B_SPLINE_SURFACE(1,2,((#8269,#8270,#8271,#8272,#8273,#8274,#8275,#8276,
#8277,#8278,#8279,#8280,#8281,#8282,#8283,#8284,#8285,#8286,#8287,#8288,
#8289,#8290,#8291,#8292,#8293,#8294,#8295,#8296,#8297,#8298,#8299,#8300,
#8301,#8302,#8303,#8304,#8305,#8306,#8307,#8308,#8309,#8310,#8311,#8312,
#8313,#8314,#8315,#8316,#8317,#8318,#8319,#8320,#8321,#8322,#8323,#8324,
#8325,#8326,#8327,#8328,#8329,#8330,#8331,#8332,#8333,#8334,#8335,#8336,
#8337,#8338,#8339,#8340,#8341,#8342,#8343,#8344,#8345,#8346,#8347,#8348,
#8349,#8350,#8351,#8352,#8353,#8354,#8355,#8356,#8357,#8358,#8359,#8360,
#8361,#8362,#8363,#8364,#8365,#8366,#8367,#8368,#8369,#8370,#8371,#8372,
#8373,#8374,#8375,#8376,#8377,#8378,#8379,#8380,#8381,#8382,#8383,#8384,
#8385,#8386,#8387,#8388,#8389,#8390,#8391,#8392,#8393,#8394,#8395,#8396,
#8397),(#8398,#8399,#8400,#8401,#8402,#8403,#8404,#8405,#8406,#8407,#8408,
#8409,#8410,#8411,#8412,#8413,#8414,#8415,#8416,#8417,#8418,#8419,#8420,
#8421,#8422,#8423,#8424,#8425,#8426,#8427,#8428,#8429,#8430,#8431,#8432,
#8433,#8434,#8435,#8436,#8437,#8438,#8439,#8440,#8441,#8442,#8443,#8444,
#8445,#8446,#8447,#8448,#8449,#8450,#8451,#8452,#8453,#8454,#8455,#8456,
#8457,#8458,#8459,#8460,#8461,#8462,#8463,#8464,#8465,#8466,#8467,#8468,
#8469,#8470,#8471,#8472,#8473,#8474,#8475,#8476,#8477,#8478,#8479,#8480,
#8481,#8482,#8483,#8484,#8485,#8486,#8487,#8488,#8489,#8490,#8491,#8492,
#8493,#8494,#8495,#8496,#8497,#8498,#8499,#8500,#8501,#8502,#8503,#8504,
#8505,#8506,#8507,#8508,#8509,#8510,#8511,#8512,#8513,#8514,#8515,#8516,
#8517,#8518,#8519,#8520,#8521,#8522,#8523,#8524,#8525,#8526)),
 .UNSPECIFIED.,.F.,.F.,.F.)
B_SPLINE_SURFACE_WITH_KNOTS((2,2),(3,2,2,2,2,2,2,2,2,2,2,2,2,2,2,2,2,2,
2,2,2,2,2,2,2,2,2,2,2,2,2,2,2,2,2,2,2,2,2,2,2,2,2,2,2,2,2,2,2,2,2,2,2,2,
2,2,2,2,2,2,2,2,2,2,3),(-8.58135211900797E-6,1.),(0.,0.015625,0.03125,0.046875,
0.0625,0.078125,0.09375,0.109375,0.125,0.140625,0.15625,0.171875,0.1875,
0.203125,0.21875,0.234375,0.25,0.265625,0.28125,0.296875,0.3125,0.328125,
0.34375,0.359375,0.375,0.390625,0.40625,0.421875,0.4375,0.453125,0.46875,
0.484375,0.5,0.515625,0.53125,0.546875,0.5625,0.578125,0.59375,0.609375,
0.625,0.640625,0.65625,0.671875,0.6875,0.703125,0.71875,0.734375,0.75,0.765625,
0.78125,0.796875,0.8125,0.828125,0.84375,0.859375,0.875,0.890625,0.90625,
0.921875,0.9375,0.953125,0.96875,0.984375,1.),.UNSPECIFIED.)
GEOMETRIC_REPRESENTATION_ITEM()
RATIONAL_B_SPLINE_SURFACE(((1.,0.9238795325,1.,0.9238795325,1.,0.9238795325,
1.,0.9238795325,1.,0.9238795325,1.,0.9238795325,1.,0.9238795325,1.,0.9238795325,
1.,0.9238795325,1.,0.9238795325,1.,0.9238795325,1.,0.9238795325,1.,0.9238795325,
1.,0.9238795325,1.,0.9238795325,1.,0.9238795325,1.,0.9238795325,1.,0.9238795325,
1.,0.9238795325,1.,0.9238795325,1.,0.9238795325,1.,0.9238795325,1.,0.9238795325,
1.,0.9238795325,1.,0.9238795325,1.,0.9238795325,1.,0.9238795325,1.,0.9238795325,
1.,0.9238795325,1.,0.9238795325,1.,0.9238795325,1.,0.9238795325,1.,0.9238795325,
1.,0.9238795325,1.,0.9238795325,1.,0.9238795325,1.,0.9238795325,1.,0.9238795325,
1.,0.9238795325,1.,0.9238795325,1.,0.9238795325,1.,0.9238795325,1.,0.9238795325,
1.,0.9238795325,1.,0.9238795325,1.,0.9238795325,1.,0.9238795325,1.,0.9238795325,
1.,0.9238795325,1.,0.9238795325,1.,0.9238795325,1.,0.9238795325,1.,0.9238795325,
1.,0.9238795325,1.,0.9238795325,1.,0.9238795325,1.,0.9238795325,1.,0.9238795325,
1.,0.9238795325,1.,0.9238795325,1.,0.9238795325,1.,0.9238795325,1.,0.9238795325,
1.,0.9238795325,1.),(1.,0.9238795325,1.,0.9238795325,1.,0.9238795325,1.,
0.9238795325,1.,0.9238795325,1.,0.9238795325,1.,0.9238795325,1.,0.9238795325,
1.,0.9238795325,1.,0.9238795325,1.,0.9238795325,1.,0.9238795325,1.,0.9238795325,
1.,0.9238795325,1.,0.9238795325,1.,0.9238795325,1.,0.9238795325,1.,0.9238795325,
1.,0.9238795325,1.,0.9238795325,1.,0.9238795325,1.,0.9238795325,1.,0.9238795325,
1.,0.9238795325,1.,0.9238795325,1.,0.9238795325,1.,0.9238795325,1.,0.9238795325,
1.,0.9238795325,1.,0.9238795325,1.,0.9238795325,1.,0.9238795325,1.,0.9238795325,
1.,0.9238795325,1.,0.9238795325,1.,0.9238795325,1.,0.9238795325,1.,0.9238795325,
1.,0.9238795325,1.,0.9238795325,1.,0.9238795325,1.,0.9238795325,1.,0.9238795325,
1.,0.9238795325,1.,0.9238795325,1.,0.9238795325,1.,0.9238795325,1.,0.9238795325,
1.,0.9238795325,1.,0.9238795325,1.,0.9238795325,1.,0.9238795325,1.,0.9238795325,
1.,0.9238795325,1.,0.9238795325,1.,0.9238795325,1.,0.9238795325,1.,0.9238795325,
1.,0.9238795325,1.,0.9238795325,1.,0.9238795325,1.,0.9238795325,1.,0.9238795325,
1.,0.9238795325,1.)))
REPRESENTATION_ITEM('')
SURFACE()
);
#16=(
BOUNDED_SURFACE()
B_SPLINE_SURFACE(3,2,((#8726,#8727,#8728),(#8729,#8730,#8731),(#8732,#8733,
#8734),(#8735,#8736,#8737),(#8738,#8739,#8740),(#8741,#8742,#8743),(#8744,
#8745,#8746),(#8747,#8748,#8749),(#8750,#8751,#8752),(#8753,#8754,#8755),
(#8756,#8757,#8758),(#8759,#8760,#8761)),.UNSPECIFIED.,.F.,.F.,.F.)
B_SPLINE_SURFACE_WITH_KNOTS((4,2,2,2,2,4),(3,3),(0.,0.25,0.375,0.5,0.75,
1.),(0.,1.),.UNSPECIFIED.)
GEOMETRIC_REPRESENTATION_ITEM()
RATIONAL_B_SPLINE_SURFACE(((1.,0.7249746388,1.),(1.,0.7248700526,1.),(1.,
0.7278258617,1.),(1.,0.7339084422,1.),(1.,0.7361611441,1.),(1.,0.7403643409,
1.),(1.,0.7423066018,1.),(1.,0.7461423912,1.),(1.,0.7459987102,1.),(1.,
0.7349305931,1.),(1.,0.7239262044,1.),(1.,0.7071067812,1.)))
REPRESENTATION_ITEM('')
SURFACE()
);
#17=(
BOUNDED_SURFACE()
B_SPLINE_SURFACE(1,2,((#8768,#8769,#8770,#8771,#8772,#8773,#8774,#8775,
#8776,#8777,#8778,#8779,#8780,#8781,#8782,#8783,#8784,#8785,#8786,#8787,
#8788,#8789,#8790,#8791,#8792,#8793,#8794,#8795,#8796,#8797,#8798,#8799,
#8800,#8801,#8802,#8803,#8804,#8805,#8806,#8807,#8808,#8809,#8810,#8811,
#8812,#8813,#8814,#8815,#8816,#8817,#8818,#8819,#8820,#8821,#8822,#8823,
#8824,#8825,#8826,#8827,#8828,#8829,#8830,#8831,#8832,#8833,#8834,#8835,
#8836,#8837,#8838,#8839,#8840,#8841,#8842,#8843,#8844,#8845,#8846,#8847,
#8848,#8849,#8850,#8851,#8852,#8853,#8854,#8855,#8856,#8857,#8858,#8859,
#8860,#8861,#8862,#8863,#8864,#8865,#8866,#8867,#8868,#8869,#8870,#8871,
#8872,#8873,#8874,#8875,#8876,#8877,#8878,#8879,#8880,#8881,#8882,#8883,
#8884,#8885,#8886,#8887,#8888,#8889,#8890,#8891,#8892,#8893,#8894,#8895,
#8896),(#8897,#8898,#8899,#8900,#8901,#8902,#8903,#8904,#8905,#8906,#8907,
#8908,#8909,#8910,#8911,#8912,#8913,#8914,#8915,#8916,#8917,#8918,#8919,
#8920,#8921,#8922,#8923,#8924,#8925,#8926,#8927,#8928,#8929,#8930,#8931,
#8932,#8933,#8934,#8935,#8936,#8937,#8938,#8939,#8940,#8941,#8942,#8943,
#8944,#8945,#8946,#8947,#8948,#8949,#8950,#8951,#8952,#8953,#8954,#8955,
#8956,#8957,#8958,#8959,#8960,#8961,#8962,#8963,#8964,#8965,#8966,#8967,
#8968,#8969,#8970,#8971,#8972,#8973,#8974,#8975,#8976,#8977,#8978,#8979,
#8980,#8981,#8982,#8983,#8984,#8985,#8986,#8987,#8988,#8989,#8990,#8991,
#8992,#8993,#8994,#8995,#8996,#8997,#8998,#8999,#9000,#9001,#9002,#9003,
#9004,#9005,#9006,#9007,#9008,#9009,#9010,#9011,#9012,#9013,#9014,#9015,
#9016,#9017,#9018,#9019,#9020,#9021,#9022,#9023,#9024,#9025)),
 .UNSPECIFIED.,.F.,.F.,.F.)
B_SPLINE_SURFACE_WITH_KNOTS((2,2),(3,2,2,2,2,2,2,2,2,2,2,2,2,2,2,2,2,2,
2,2,2,2,2,2,2,2,2,2,2,2,2,2,2,2,2,2,2,2,2,2,2,2,2,2,2,2,2,2,2,2,2,2,2,2,
2,2,2,2,2,2,2,2,2,2,3),(0.,1.00000346255575),(0.,0.015625,0.03125,0.046875,
0.0625,0.078125,0.09375,0.109375,0.125,0.140625,0.15625,0.171875,0.1875,
0.203125,0.21875,0.234375,0.25,0.265625,0.28125,0.296875,0.3125,0.328125,
0.34375,0.359375,0.375,0.390625,0.40625,0.421875,0.4375,0.453125,0.46875,
0.484375,0.5,0.515625,0.53125,0.546875,0.5625,0.578125,0.59375,0.609375,
0.625,0.640625,0.65625,0.671875,0.6875,0.703125,0.71875,0.734375,0.75,0.765625,
0.78125,0.796875,0.8125,0.828125,0.84375,0.859375,0.875,0.890625,0.90625,
0.921875,0.9375,0.953125,0.96875,0.984375,1.),.UNSPECIFIED.)
GEOMETRIC_REPRESENTATION_ITEM()
RATIONAL_B_SPLINE_SURFACE(((1.,0.9238795325,1.,0.9238795325,1.,0.9238795325,
1.,0.9238795325,1.,0.9238795325,1.,0.9238795325,1.,0.9238795325,1.,0.9238795325,
1.,0.9238795325,1.,0.9238795325,1.,0.9238795325,1.,0.9238795325,1.,0.9238795325,
1.,0.9238795325,1.,0.9238795325,1.,0.9238795325,1.,0.9238795325,1.,0.9238795325,
1.,0.9238795325,1.,0.9238795325,1.,0.9238795325,1.,0.9238795325,1.,0.9238795325,
1.,0.9238795325,1.,0.9238795325,1.,0.9238795325,1.,0.9238795325,1.,0.9238795325,
1.,0.9238795325,1.,0.9238795325,1.,0.9238795325,1.,0.9238795325,1.,0.9238795325,
1.,0.9238795325,1.,0.9238795325,1.,0.9238795325,1.,0.9238795325,1.,0.9238795325,
1.,0.9238795325,1.,0.9238795325,1.,0.9238795325,1.,0.9238795325,1.,0.9238795325,
1.,0.9238795325,1.,0.9238795325,1.,0.9238795325,1.,0.9238795325,1.,0.9238795325,
1.,0.9238795325,1.,0.9238795325,1.,0.9238795325,1.,0.9238795325,1.,0.9238795325,
1.,0.9238795325,1.,0.9238795325,1.,0.9238795325,1.,0.9238795325,1.,0.9238795325,
1.,0.9238795325,1.,0.9238795325,1.,0.9238795325,1.,0.9238795325,1.,0.9238795325,
1.,0.9238795325,1.),(1.,0.9238795325,1.,0.9238795325,1.,0.9238795325,1.,
0.9238795325,1.,0.9238795325,1.,0.9238795325,1.,0.9238795325,1.,0.9238795325,
1.,0.9238795325,1.,0.9238795325,1.,0.9238795325,1.,0.9238795325,1.,0.9238795325,
1.,0.9238795325,1.,0.9238795325,1.,0.9238795325,1.,0.9238795325,1.,0.9238795325,
1.,0.9238795325,1.,0.9238795325,1.,0.9238795325,1.,0.9238795325,1.,0.9238795325,
1.,0.9238795325,1.,0.9238795325,1.,0.9238795325,1.,0.9238795325,1.,0.9238795325,
1.,0.9238795325,1.,0.9238795325,1.,0.9238795325,1.,0.9238795325,1.,0.9238795325,
1.,0.9238795325,1.,0.9238795325,1.,0.9238795325,1.,0.9238795325,1.,0.9238795325,
1.,0.9238795325,1.,0.9238795325,1.,0.9238795325,1.,0.9238795325,1.,0.9238795325,
1.,0.9238795325,1.,0.9238795325,1.,0.9238795325,1.,0.9238795325,1.,0.9238795325,
1.,0.9238795325,1.,0.9238795325,1.,0.9238795325,1.,0.9238795325,1.,0.9238795325,
1.,0.9238795325,1.,0.9238795325,1.,0.9238795325,1.,0.9238795325,1.,0.9238795325,
1.,0.9238795325,1.,0.9238795325,1.,0.9238795325,1.,0.9238795325,1.,0.9238795325,
1.,0.9238795325,1.)))
REPRESENTATION_ITEM('')
SURFACE()
);
#18=SPHERICAL_SURFACE('',#4060,0.2);
#19=SPHERICAL_SURFACE('',#4133,0.2);
#20=TOROIDAL_SURFACE('',#4040,1.875,0.75);
#21=TOROIDAL_SURFACE('',#4055,2.9080472687,0.2);
#22=TOROIDAL_SURFACE('',#4118,1.3,0.2);
#23=TOROIDAL_SURFACE('',#4122,1.3,0.2);
#24=TOROIDAL_SURFACE('',#4129,3.9080472687,0.2);
#25=B_SPLINE_SURFACE_WITH_KNOTS('',3,3,((#6198,#6199,#6200,#6201),(#6202,
#6203,#6204,#6205),(#6206,#6207,#6208,#6209),(#6210,#6211,#6212,#6213)),
 .UNSPECIFIED.,.F.,.F.,.F.,(4,4),(4,4),(0.,1.),(0.,0.0038494909196169),
 .UNSPECIFIED.);
#26=B_SPLINE_SURFACE_WITH_KNOTS('',3,3,((#6228,#6229,#6230,#6231,#6232,
#6233,#6234,#6235),(#6236,#6237,#6238,#6239,#6240,#6241,#6242,#6243),(#6244,
#6245,#6246,#6247,#6248,#6249,#6250,#6251),(#6252,#6253,#6254,#6255,#6256,
#6257,#6258,#6259)),.UNSPECIFIED.,.F.,.F.,.F.,(4,4),(4,2,1,1,4),(0.,1.),
(-0.0872024635328976,-0.0868562950908774,-0.0347425180363528,-0.0173712590181779,
-2.97707209568241E-15),.UNSPECIFIED.);
#27=B_SPLINE_SURFACE_WITH_KNOTS('',3,3,((#6277,#6278,#6279,#6280),(#6281,
#6282,#6283,#6284),(#6285,#6286,#6287,#6288),(#6289,#6290,#6291,#6292)),
 .UNSPECIFIED.,.F.,.F.,.F.,(4,4),(4,4),(0.,1.),(0.,0.003849490919617),
 .UNSPECIFIED.);
#28=B_SPLINE_SURFACE_WITH_KNOTS('',3,3,((#6307,#6308,#6309,#6310,#6311,
#6312,#6313,#6314),(#6315,#6316,#6317,#6318,#6319,#6320,#6321,#6322),(#6323,
#6324,#6325,#6326,#6327,#6328,#6329,#6330),(#6331,#6332,#6333,#6334,#6335,
#6336,#6337,#6338)),.UNSPECIFIED.,.F.,.F.,.F.,(4,4),(4,2,1,1,4),(0.,1.),
(-0.000346168442009694,0.,0.0521137770545301,0.0694850360727068,0.0868562950908835),
 .UNSPECIFIED.);
#29=B_SPLINE_SURFACE_WITH_KNOTS('',3,3,((#6356,#6357,#6358,#6359,#6360,
#6361,#6362,#6363,#6364,#6365),(#6366,#6367,#6368,#6369,#6370,#6371,#6372,
#6373,#6374,#6375),(#6376,#6377,#6378,#6379,#6380,#6381,#6382,#6383,#6384,
#6385),(#6386,#6387,#6388,#6389,#6390,#6391,#6392,#6393,#6394,#6395),(#6396,
#6397,#6398,#6399,#6400,#6401,#6402,#6403,#6404,#6405),(#6406,#6407,#6408,
#6409,#6410,#6411,#6412,#6413,#6414,#6415)),.UNSPECIFIED.,.F.,.F.,.F.,(4,
1,1,4),(4,1,1,1,1,1,1,4),(0.,0.285714285714286,0.571428571428571,1.),(-1.52306218976398,
-1.08790156411713,-0.652740938470276,-0.217580312823426,0.217580312823424,
0.652740938470274,1.08790156411712,1.52306218976397),.UNSPECIFIED.);
#30=B_SPLINE_SURFACE_WITH_KNOTS('',3,3,((#6444,#6445,#6446,#6447,#6448,
#6449),(#6450,#6451,#6452,#6453,#6454,#6455),(#6456,#6457,#6458,#6459,#6460,
#6461),(#6462,#6463,#6464,#6465,#6466,#6467),(#6468,#6469,#6470,#6471,#6472,
#6473)),.UNSPECIFIED.,.F.,.F.,.F.,(4,1,4),(4,1,1,4),(0.,0.5,1.),(0.,0.0905456259557642,
0.15090937659294,0.211273127230116),.UNSPECIFIED.);
#31=B_SPLINE_SURFACE_WITH_KNOTS('',3,1,((#6814,#6815),(#6816,#6817),(#6818,
#6819),(#6820,#6821),(#6822,#6823)),.UNSPECIFIED.,.F.,.F.,.F.,(4,1,4),(2,
2),(0.,0.0195341607971637,0.0394826238535885),(0.,0.04),.UNSPECIFIED.);
#32=B_SPLINE_SURFACE_WITH_KNOTS('',3,1,((#6840,#6841),(#6842,#6843),(#6844,
#6845),(#6846,#6847),(#6848,#6849)),.UNSPECIFIED.,.F.,.F.,.F.,(4,1,4),(2,
2),(0.,0.0222129817351842,0.0425729810196191),(0.,0.04),.UNSPECIFIED.);
#33=B_SPLINE_SURFACE_WITH_KNOTS('',3,1,((#6863,#6864),(#6865,#6866),(#6867,
#6868),(#6869,#6870),(#6871,#6872)),.UNSPECIFIED.,.F.,.F.,.F.,(4,1,4),(2,
2),(0.,0.0514989389083258,0.084001482241549),(0.,0.04),.UNSPECIFIED.);
#34=B_SPLINE_SURFACE_WITH_KNOTS('',3,1,((#6886,#6887),(#6888,#6889),(#6890,
#6891),(#6892,#6893),(#6894,#6895)),.UNSPECIFIED.,.F.,.F.,.F.,(4,1,4),(2,
2),(0.,0.0325427528697574,0.0838290401536396),(0.,0.04),.UNSPECIFIED.);
#35=B_SPLINE_SURFACE_WITH_KNOTS('',3,1,((#6909,#6910),(#6911,#6912),(#6913,
#6914),(#6915,#6916),(#6917,#6918)),.UNSPECIFIED.,.F.,.F.,.F.,(4,1,4),(2,
2),(0.,0.0201232004917093,0.042362216263475),(0.,0.04),.UNSPECIFIED.);
#36=B_SPLINE_SURFACE_WITH_KNOTS('',3,1,((#6932,#6933),(#6934,#6935),(#6936,
#6937),(#6938,#6939),(#6940,#6941)),.UNSPECIFIED.,.F.,.F.,.F.,(4,1,4),(2,
2),(0.,0.0221949259774484,0.0423126620254376),(0.,0.04),.UNSPECIFIED.);
#37=B_SPLINE_SURFACE_WITH_KNOTS('',3,1,((#6955,#6956),(#6957,#6958),(#6959,
#6960),(#6961,#6962),(#6963,#6964)),.UNSPECIFIED.,.F.,.F.,.F.,(4,1,4),(2,
2),(0.,0.0513926125529843,0.0839152726628035),(0.,0.04),.UNSPECIFIED.);
#38=B_SPLINE_SURFACE_WITH_KNOTS('',3,1,((#6978,#6979),(#6980,#6981),(#6982,
#6983),(#6984,#6985),(#6986,#6987)),.UNSPECIFIED.,.F.,.F.,.F.,(4,1,4),(2,
2),(0.,0.0346355041912615,0.0866711569932208),(0.,0.04),.UNSPECIFIED.);
#39=B_SPLINE_SURFACE_WITH_KNOTS('',3,1,((#6998,#6999),(#7000,#7001),(#7002,
#7003),(#7004,#7005),(#7006,#7007)),.UNSPECIFIED.,.F.,.F.,.F.,(4,1,4),(2,
2),(0.,0.0329173639994259,0.064204335718359),(0.,0.04),.UNSPECIFIED.);
#40=B_SPLINE_SURFACE_WITH_KNOTS('',3,1,((#7017,#7018),(#7019,#7020),(#7021,
#7022),(#7023,#7024),(#7025,#7026)),.UNSPECIFIED.,.F.,.F.,.F.,(4,1,4),(2,
2),(0.,0.0231692565364751,0.0485283583448409),(0.,0.04),.UNSPECIFIED.);
#41=B_SPLINE_SURFACE_WITH_KNOTS('',3,1,((#7034,#7035),(#7036,#7037),(#7038,
#7039),(#7040,#7041),(#7042,#7043)),.UNSPECIFIED.,.F.,.F.,.F.,(4,1,4),(2,
2),(0.,0.0264807285322979,0.0502657635212006),(0.,0.04),.UNSPECIFIED.);
#42=B_SPLINE_SURFACE_WITH_KNOTS('',3,1,((#7051,#7052),(#7053,#7054),(#7055,
#7056),(#7057,#7058),(#7059,#7060)),.UNSPECIFIED.,.F.,.F.,.F.,(4,1,4),(2,
2),(0.,0.0398194455742193,0.071817022700939),(0.,0.04),.UNSPECIFIED.);
#43=B_SPLINE_SURFACE_WITH_KNOTS('',3,1,((#7068,#7069),(#7070,#7071),(#7072,
#7073),(#7074,#7075),(#7076,#7077)),.UNSPECIFIED.,.F.,.F.,.F.,(4,1,4),(2,
2),(0.,0.0260729268743387,0.059462912769661),(0.,0.04),.UNSPECIFIED.);
#44=B_SPLINE_SURFACE_WITH_KNOTS('',3,1,((#7085,#7086),(#7087,#7088),(#7089,
#7090),(#7091,#7092),(#7093,#7094)),.UNSPECIFIED.,.F.,.F.,.F.,(4,1,4),(2,
2),(0.,0.0190878941500721,0.0404160697114683),(0.,0.04),.UNSPECIFIED.);
#45=B_SPLINE_SURFACE_WITH_KNOTS('',3,1,((#7102,#7103),(#7104,#7105),(#7106,
#7107),(#7108,#7109),(#7110,#7111)),.UNSPECIFIED.,.F.,.F.,.F.,(4,1,4),(2,
2),(0.,0.0170237950740929,0.0345513500433591),(0.,0.04),.UNSPECIFIED.);
#46=B_SPLINE_SURFACE_WITH_KNOTS('',3,1,((#7119,#7120),(#7121,#7122),(#7123,
#7124),(#7125,#7126),(#7127,#7128)),.UNSPECIFIED.,.F.,.F.,.F.,(4,1,4),(2,
2),(0.,0.0189947327874494,0.0364966469802806),(0.,0.04),.UNSPECIFIED.);
#47=B_SPLINE_SURFACE_WITH_KNOTS('',3,1,((#7136,#7137),(#7138,#7139),(#7140,
#7141),(#7142,#7143),(#7144,#7145)),.UNSPECIFIED.,.F.,.F.,.F.,(4,1,4),(2,
2),(0.,0.0231012792630525,0.0483307306167026),(0.,0.04),.UNSPECIFIED.);
#48=B_SPLINE_SURFACE_WITH_KNOTS('',3,1,((#7153,#7154),(#7155,#7156),(#7157,
#7158),(#7159,#7160),(#7161,#7162)),.UNSPECIFIED.,.F.,.F.,.F.,(4,1,4),(2,
2),(0.,0.0264887288252541,0.0502400414088313),(0.,0.04),.UNSPECIFIED.);
#49=B_SPLINE_SURFACE_WITH_KNOTS('',3,1,((#7170,#7171),(#7172,#7173),(#7174,
#7175),(#7176,#7177),(#7178,#7179)),.UNSPECIFIED.,.F.,.F.,.F.,(4,1,4),(2,
2),(0.,0.0400760513552295,0.0721705373701478),(0.,0.04),.UNSPECIFIED.);
#50=B_SPLINE_SURFACE_WITH_KNOTS('',3,1,((#7187,#7188),(#7189,#7190),(#7191,
#7192),(#7193,#7194),(#7195,#7196)),.UNSPECIFIED.,.F.,.F.,.F.,(4,1,4),(2,
2),(0.,0.0450110461466577,0.10594955792589),(0.,0.04),.UNSPECIFIED.);
#51=B_SPLINE_SURFACE_WITH_KNOTS('',3,1,((#7220,#7221),(#7222,#7223),(#7224,
#7225),(#7226,#7227),(#7228,#7229)),.UNSPECIFIED.,.F.,.F.,.F.,(4,1,4),(2,
2),(0.,0.0195860366774826,0.0391710185292949),(0.,0.04),.UNSPECIFIED.);
#52=B_SPLINE_SURFACE_WITH_KNOTS('',3,1,((#7246,#7247),(#7248,#7249),(#7250,
#7251),(#7252,#7253),(#7254,#7255)),.UNSPECIFIED.,.F.,.F.,.F.,(4,1,4),(2,
2),(0.,0.019201995665755,0.0387461354855912),(0.,0.04),.UNSPECIFIED.);
#53=B_SPLINE_SURFACE_WITH_KNOTS('',3,1,((#7269,#7270),(#7271,#7272),(#7273,
#7274),(#7275,#7276),(#7277,#7278)),.UNSPECIFIED.,.F.,.F.,.F.,(4,1,4),(2,
2),(0.,0.0234269726186376,0.0439111980958861),(0.,0.04),.UNSPECIFIED.);
#54=B_SPLINE_SURFACE_WITH_KNOTS('',3,1,((#7292,#7293),(#7294,#7295),(#7296,
#7297),(#7298,#7299),(#7300,#7301)),.UNSPECIFIED.,.F.,.F.,.F.,(4,1,4),(2,
2),(0.,0.0212683521773062,0.0456505477850693),(0.,0.04),.UNSPECIFIED.);
#55=B_SPLINE_SURFACE_WITH_KNOTS('',3,1,((#7315,#7316),(#7317,#7318),(#7319,
#7320),(#7321,#7322),(#7323,#7324)),.UNSPECIFIED.,.F.,.F.,.F.,(4,1,4),(2,
2),(0.,0.018497048287218,0.0378364412307989),(0.,0.04),.UNSPECIFIED.);
#56=B_SPLINE_SURFACE_WITH_KNOTS('',3,1,((#7338,#7339),(#7340,#7341),(#7342,
#7343),(#7344,#7345),(#7346,#7347)),.UNSPECIFIED.,.F.,.F.,.F.,(4,1,4),(2,
2),(0.,0.0136494702007036,0.0267902500290557),(0.,0.04),.UNSPECIFIED.);
#57=B_SPLINE_SURFACE_WITH_KNOTS('',3,1,((#7361,#7362),(#7363,#7364),(#7365,
#7366),(#7367,#7368),(#7369,#7370)),.UNSPECIFIED.,.F.,.F.,.F.,(4,1,4),(2,
2),(0.,0.0151098050575091,0.0293455613528039),(0.,0.04),.UNSPECIFIED.);
#58=B_SPLINE_SURFACE_WITH_KNOTS('',3,1,((#7384,#7385),(#7386,#7387),(#7388,
#7389),(#7390,#7391),(#7392,#7393)),.UNSPECIFIED.,.F.,.F.,.F.,(4,1,4),(2,
2),(0.,0.0156095227776296,0.0312823545455265),(0.,0.04),.UNSPECIFIED.);
#59=B_SPLINE_SURFACE_WITH_KNOTS('',3,1,((#7407,#7408),(#7409,#7410),(#7411,
#7412),(#7413,#7414),(#7415,#7416)),.UNSPECIFIED.,.F.,.F.,.F.,(4,1,4),(2,
2),(0.,0.0203857660965441,0.0425757266567558),(0.,0.04),.UNSPECIFIED.);
#60=B_SPLINE_SURFACE_WITH_KNOTS('',3,1,((#7427,#7428),(#7429,#7430),(#7431,
#7432),(#7433,#7434),(#7435,#7436)),.UNSPECIFIED.,.F.,.F.,.F.,(4,1,4),(2,
2),(0.,0.0271542709249451,0.0519841826709461),(0.,0.04),.UNSPECIFIED.);
#61=B_SPLINE_SURFACE_WITH_KNOTS('',3,1,((#7446,#7447),(#7448,#7449),(#7450,
#7451),(#7452,#7453),(#7454,#7455)),.UNSPECIFIED.,.F.,.F.,.F.,(4,1,4),(2,
2),(0.,0.0348305207626607,0.0710588563558034),(0.,0.04),.UNSPECIFIED.);
#62=B_SPLINE_SURFACE_WITH_KNOTS('',3,1,((#7463,#7464),(#7465,#7466),(#7467,
#7468),(#7469,#7470),(#7471,#7472)),.UNSPECIFIED.,.F.,.F.,.F.,(4,1,4),(2,
2),(0.,0.0629421673948281,0.110221752497261),(0.,0.04),.UNSPECIFIED.);
#63=B_SPLINE_SURFACE_WITH_KNOTS('',3,1,((#7480,#7481),(#7482,#7483),(#7484,
#7485),(#7486,#7487),(#7488,#7489)),.UNSPECIFIED.,.F.,.F.,.F.,(4,1,4),(2,
2),(0.,0.0415476125950567,0.0975332713306553),(0.,0.04),.UNSPECIFIED.);
#64=B_SPLINE_SURFACE_WITH_KNOTS('',3,1,((#7497,#7498),(#7499,#7500),(#7501,
#7502),(#7503,#7504),(#7505,#7506)),.UNSPECIFIED.,.F.,.F.,.F.,(4,1,4),(2,
2),(0.,0.0355386252502821,0.0704433991818013),(0.,0.04),.UNSPECIFIED.);
#65=B_SPLINE_SURFACE_WITH_KNOTS('',3,1,((#7514,#7515),(#7516,#7517),(#7518,
#7519),(#7520,#7521),(#7522,#7523)),.UNSPECIFIED.,.F.,.F.,.F.,(4,1,4),(2,
2),(0.,0.0205727255600738,0.0420578009062115),(0.,0.04),.UNSPECIFIED.);
#66=B_SPLINE_SURFACE_WITH_KNOTS('',3,1,((#7531,#7532),(#7533,#7534),(#7535,
#7536),(#7537,#7538),(#7539,#7540)),.UNSPECIFIED.,.F.,.F.,.F.,(4,1,4),(2,
2),(0.,0.0215264376451747,0.0420863478661218),(0.,0.04),.UNSPECIFIED.);
#67=B_SPLINE_SURFACE_WITH_KNOTS('',3,1,((#7548,#7549),(#7550,#7551),(#7552,
#7553),(#7554,#7555),(#7556,#7557)),.UNSPECIFIED.,.F.,.F.,.F.,(4,1,4),(2,
2),(0.,0.0228433620132763,0.0452167334472166),(0.,0.04),.UNSPECIFIED.);
#68=B_SPLINE_SURFACE_WITH_KNOTS('',3,1,((#7565,#7566),(#7567,#7568),(#7569,
#7570),(#7571,#7572),(#7573,#7574)),.UNSPECIFIED.,.F.,.F.,.F.,(4,1,4),(2,
2),(0.,0.0305377756263253,0.0634897886645414),(0.,0.04),.UNSPECIFIED.);
#69=B_SPLINE_SURFACE_WITH_KNOTS('',3,1,((#7582,#7583),(#7584,#7585),(#7586,
#7587),(#7588,#7589),(#7590,#7591)),.UNSPECIFIED.,.F.,.F.,.F.,(4,1,4),(2,
2),(0.,0.0289709599536609,0.0582311668868252),(0.,0.04),.UNSPECIFIED.);
#70=B_SPLINE_SURFACE_WITH_KNOTS('',3,1,((#7599,#7600),(#7601,#7602),(#7603,
#7604),(#7605,#7606),(#7607,#7608)),.UNSPECIFIED.,.F.,.F.,.F.,(4,1,4),(2,
2),(0.,0.017524275301359,0.0348268144780935),(0.,0.04),.UNSPECIFIED.);
#71=B_SPLINE_SURFACE_WITH_KNOTS('',3,1,((#7616,#7617),(#7618,#7619),(#7620,
#7621),(#7622,#7623),(#7624,#7625)),.UNSPECIFIED.,.F.,.F.,.F.,(4,1,4),(2,
2),(0.,0.0191870011276849,0.0372473877893293),(0.,0.04),.UNSPECIFIED.);
#72=B_SPLINE_SURFACE_WITH_KNOTS('',3,1,((#7633,#7634),(#7635,#7636),(#7637,
#7638),(#7639,#7640),(#7641,#7642)),.UNSPECIFIED.,.F.,.F.,.F.,(4,1,4),(2,
2),(0.,0.025406157526475,0.0586999596178374),(0.,0.04),.UNSPECIFIED.);
#73=B_SPLINE_SURFACE_WITH_KNOTS('',3,1,((#7650,#7651),(#7652,#7653),(#7654,
#7655),(#7656,#7657),(#7658,#7659)),.UNSPECIFIED.,.F.,.F.,.F.,(4,1,4),(2,
2),(0.,0.0183589917633712,0.0387777492853456),(0.,0.04),.UNSPECIFIED.);
#74=B_SPLINE_SURFACE_WITH_KNOTS('',3,1,((#7667,#7668),(#7669,#7670),(#7671,
#7672),(#7673,#7674),(#7675,#7676)),.UNSPECIFIED.,.F.,.F.,.F.,(4,1,4),(2,
2),(0.,0.013921625048725,0.0273829273594687),(0.,0.04),.UNSPECIFIED.);
#75=B_SPLINE_SURFACE_WITH_KNOTS('',3,1,((#7684,#7685),(#7686,#7687),(#7688,
#7689),(#7690,#7691),(#7692,#7693)),.UNSPECIFIED.,.F.,.F.,.F.,(4,1,4),(2,
2),(0.,0.0170338557459003,0.0341490483597788),(0.,0.04),.UNSPECIFIED.);
#76=B_SPLINE_SURFACE_WITH_KNOTS('',3,1,((#7701,#7702),(#7703,#7704),(#7705,
#7706),(#7707,#7708),(#7709,#7710)),.UNSPECIFIED.,.F.,.F.,.F.,(4,1,4),(2,
2),(0.,0.0163686507744408,0.0289317195825255),(0.,0.04),.UNSPECIFIED.);
#77=B_SPLINE_SURFACE_WITH_KNOTS('',3,1,((#7722,#7723),(#7724,#7725),(#7726,
#7727),(#7728,#7729),(#7730,#7731)),.UNSPECIFIED.,.F.,.F.,.F.,(4,1,4),(2,
2),(0.,0.0248007521334657,0.0518736159308806),(0.,0.04),.UNSPECIFIED.);
#78=B_SPLINE_SURFACE_WITH_KNOTS('',3,1,((#7747,#7748),(#7749,#7750),(#7751,
#7752),(#7753,#7754),(#7755,#7756)),.UNSPECIFIED.,.F.,.F.,.F.,(4,1,4),(2,
2),(0.,0.0186862616483021,0.0429215259438671),(0.,0.04),.UNSPECIFIED.);
#79=B_SPLINE_SURFACE_WITH_KNOTS('',3,1,((#7770,#7771),(#7772,#7773),(#7774,
#7775),(#7776,#7777),(#7778,#7779)),.UNSPECIFIED.,.F.,.F.,.F.,(4,1,4),(2,
2),(0.,0.0164753978789932,0.0326718544560402),(0.,0.04),.UNSPECIFIED.);
#80=B_SPLINE_SURFACE_WITH_KNOTS('',3,1,((#7793,#7794),(#7795,#7796),(#7797,
#7798),(#7799,#7800),(#7801,#7802)),.UNSPECIFIED.,.F.,.F.,.F.,(4,1,4),(2,
2),(0.,0.0118643355454598,0.023642413939823),(0.,0.04),.UNSPECIFIED.);
#81=B_SPLINE_SURFACE_WITH_KNOTS('',3,1,((#7816,#7817),(#7818,#7819),(#7820,
#7821),(#7822,#7823),(#7824,#7825)),.UNSPECIFIED.,.F.,.F.,.F.,(4,1,4),(2,
2),(0.,0.0128002055052866,0.0248996540374718),(0.,0.04),.UNSPECIFIED.);
#82=B_SPLINE_SURFACE_WITH_KNOTS('',3,1,((#7839,#7840),(#7841,#7842),(#7843,
#7844),(#7845,#7846),(#7847,#7848)),.UNSPECIFIED.,.F.,.F.,.F.,(4,1,4),(2,
2),(0.,0.0202420419061385,0.0359046709298521),(0.,0.04),.UNSPECIFIED.);
#83=B_SPLINE_SURFACE_WITH_KNOTS('',3,1,((#7881,#7882),(#7883,#7884),(#7885,
#7886),(#7887,#7888),(#7889,#7890)),.UNSPECIFIED.,.F.,.F.,.F.,(4,1,4),(2,
2),(0.,0.00747197159111582,0.0184753411158626),(0.,0.04),.UNSPECIFIED.);
#84=B_SPLINE_SURFACE_WITH_KNOTS('',3,1,((#7898,#7899),(#7900,#7901),(#7902,
#7903),(#7904,#7905),(#7906,#7907)),.UNSPECIFIED.,.F.,.F.,.F.,(4,1,4),(2,
2),(0.,0.00850795905641853,0.0165500465033175),(0.,0.04),.UNSPECIFIED.);
#85=B_SPLINE_SURFACE_WITH_KNOTS('',3,1,((#7915,#7916),(#7917,#7918),(#7919,
#7920),(#7921,#7922),(#7923,#7924)),.UNSPECIFIED.,.F.,.F.,.F.,(4,1,4),(2,
2),(0.,0.0134895750309853,0.0237681386240772),(0.,0.04),.UNSPECIFIED.);
#86=B_SPLINE_SURFACE_WITH_KNOTS('',3,1,((#7932,#7933),(#7934,#7935),(#7936,
#7937),(#7938,#7939),(#7940,#7941)),.UNSPECIFIED.,.F.,.F.,.F.,(4,1,4),(2,
2),(0.,0.023861384711343,0.041922085516177),(0.,0.04),.UNSPECIFIED.);
#87=B_SPLINE_SURFACE_WITH_KNOTS('',3,1,((#7961,#7962),(#7963,#7964),(#7965,
#7966),(#7967,#7968),(#7969,#7970)),.UNSPECIFIED.,.F.,.F.,.F.,(4,1,4),(2,
2),(0.,0.020568471368229,0.0432085656741403),(0.,0.04),.UNSPECIFIED.);
#88=B_SPLINE_SURFACE_WITH_KNOTS('',3,1,((#7978,#7979),(#7980,#7981),(#7982,
#7983),(#7984,#7985),(#7986,#7987)),.UNSPECIFIED.,.F.,.F.,.F.,(4,1,4),(2,
2),(0.,0.0131438441562376,0.0235722861551416),(0.,0.04),.UNSPECIFIED.);
#89=B_SPLINE_SURFACE_WITH_KNOTS('',3,1,((#7995,#7996),(#7997,#7998),(#7999,
#8000),(#8001,#8002),(#8003,#8004)),.UNSPECIFIED.,.F.,.F.,.F.,(4,1,4),(2,
2),(0.,0.0265113028212041,0.0588784780658848),(0.,0.04),.UNSPECIFIED.);
#90=B_SPLINE_SURFACE_WITH_KNOTS('',3,1,((#8012,#8013),(#8014,#8015),(#8016,
#8017),(#8018,#8019),(#8020,#8021)),.UNSPECIFIED.,.F.,.F.,.F.,(4,1,4),(2,
2),(0.,0.024889289151294,0.0489812078037576),(0.,0.04),.UNSPECIFIED.);
#91=B_SPLINE_SURFACE_WITH_KNOTS('',3,1,((#8029,#8030),(#8031,#8032),(#8033,
#8034),(#8035,#8036),(#8037,#8038)),.UNSPECIFIED.,.F.,.F.,.F.,(4,1,4),(2,
2),(0.,0.0195708314160315,0.0394804999933174),(0.,0.04),.UNSPECIFIED.);
#92=B_SPLINE_SURFACE_WITH_KNOTS('',3,1,((#8046,#8047),(#8048,#8049),(#8050,
#8051),(#8052,#8053),(#8054,#8055)),.UNSPECIFIED.,.F.,.F.,.F.,(4,1,4),(2,
2),(0.,0.0182093972845248,0.0371071852228689),(0.,0.04),.UNSPECIFIED.);
#93=B_SPLINE_SURFACE_WITH_KNOTS('',3,1,((#8063,#8064),(#8065,#8066),(#8067,
#8068),(#8069,#8070),(#8071,#8072)),.UNSPECIFIED.,.F.,.F.,.F.,(4,1,4),(2,
2),(0.,0.0294649466906445,0.0514549043997552),(0.,0.04),.UNSPECIFIED.);
#94=ELLIPSE('',#3937,0.282842712474619,0.2);
#95=ELLIPSE('',#3938,0.282842712474619,0.2);
#96=ELLIPSE('',#3939,5.24397073731605,3.7080472687);
#97=ELLIPSE('',#3940,0.282842712474619,0.2);
#98=ELLIPSE('',#3941,0.282842712474619,0.2);
#99=ELLIPSE('',#3942,3.82975717494296,2.7080472687);
#100=ELLIPSE('',#3945,15.8038365595193,11.175);
#101=ELLIPSE('',#3946,15.8038365595193,11.175);
#102=ELLIPSE('',#4004,8.48528137423856,6.);
#103=ELLIPSE('',#4012,8.48528137423858,6.);
#104=ELLIPSE('',#4038,1.64559706918435,1.125);
#105=ELLIPSE('',#4039,2.22665437688657,1.875);
#106=FACE_BOUND('',#454,.T.);
#107=FACE_BOUND('',#462,.T.);
#108=FACE_BOUND('',#463,.T.);
#109=FACE_BOUND('',#465,.T.);
#110=FACE_BOUND('',#469,.T.);
#111=FACE_BOUND('',#472,.T.);
#112=FACE_BOUND('',#473,.T.);
#113=FACE_BOUND('',#474,.T.);
#114=FACE_BOUND('',#475,.T.);
#115=FACE_BOUND('',#476,.T.);
#116=FACE_BOUND('',#530,.T.);
#117=FACE_BOUND('',#531,.T.);
#118=FACE_BOUND('',#532,.T.);
#119=FACE_BOUND('',#533,.T.);
#120=FACE_BOUND('',#557,.T.);
#121=FACE_BOUND('',#592,.T.);
#122=FACE_BOUND('',#621,.T.);
#123=FACE_BOUND('',#627,.T.);
#124=FACE_BOUND('',#630,.T.);
#125=FACE_BOUND('',#654,.T.);
#126=FACE_BOUND('',#667,.T.);
#127=FACE_BOUND('',#668,.T.);
#128=FACE_BOUND('',#669,.T.);
#129=FACE_BOUND('',#670,.T.);
#130=FACE_BOUND('',#671,.T.);
#131=FACE_BOUND('',#672,.T.);
#132=FACE_BOUND('',#673,.T.);
#133=FACE_BOUND('',#674,.T.);
#134=FACE_BOUND('',#675,.T.);
#135=FACE_BOUND('',#676,.T.);
#136=FACE_BOUND('',#677,.T.);
#137=FACE_BOUND('',#678,.T.);
#138=FACE_BOUND('',#679,.T.);
#139=PLANE('',#3929);
#140=PLANE('',#3930);
#141=PLANE('',#3931);
#142=PLANE('',#3936);
#143=PLANE('',#3943);
#144=PLANE('',#3944);
#145=PLANE('',#3947);
#146=PLANE('',#3955);
#147=PLANE('',#3959);
#148=PLANE('',#3962);
#149=PLANE('',#3963);
#150=PLANE('',#3964);
#151=PLANE('',#3972);
#152=PLANE('',#3981);
#153=PLANE('',#3988);
#154=PLANE('',#3989);
#155=PLANE('',#3990);
#156=PLANE('',#3994);
#157=PLANE('',#3996);
#158=PLANE('',#3997);
#159=PLANE('',#4005);
#160=PLANE('',#4010);
#161=PLANE('',#4019);
#162=PLANE('',#4020);
#163=PLANE('',#4021);
#164=PLANE('',#4022);
#165=PLANE('',#4023);
#166=PLANE('',#4027);
#167=PLANE('',#4028);
#168=PLANE('',#4029);
#169=PLANE('',#4030);
#170=PLANE('',#4033);
#171=PLANE('',#4044);
#172=PLANE('',#4063);
#173=PLANE('',#4064);
#174=PLANE('',#4065);
#175=PLANE('',#4068);
#176=PLANE('',#4069);
#177=PLANE('',#4073);
#178=PLANE('',#4074);
#179=PLANE('',#4075);
#180=PLANE('',#4076);
#181=PLANE('',#4077);
#182=PLANE('',#4078);
#183=PLANE('',#4079);
#184=PLANE('',#4080);
#185=PLANE('',#4081);
#186=PLANE('',#4082);
#187=PLANE('',#4083);
#188=PLANE('',#4084);
#189=PLANE('',#4085);
#190=PLANE('',#4086);
#191=PLANE('',#4087);
#192=PLANE('',#4088);
#193=PLANE('',#4089);
#194=PLANE('',#4090);
#195=PLANE('',#4091);
#196=PLANE('',#4092);
#197=PLANE('',#4093);
#198=PLANE('',#4094);
#199=PLANE('',#4095);
#200=PLANE('',#4096);
#201=PLANE('',#4097);
#202=PLANE('',#4102);
#203=PLANE('',#4135);
#204=PLANE('',#4149);
#205=PLANE('',#4158);
#206=(
BOUNDED_CURVE()
B_SPLINE_CURVE(2,(#5446,#5447,#5448,#5449,#5450,#5451,#5452),
 .UNSPECIFIED.,.F.,.F.)
B_SPLINE_CURVE_WITH_KNOTS((3,2,2,3),(0.9375,0.953125,0.96875,0.984375),
 .UNSPECIFIED.)
CURVE()
GEOMETRIC_REPRESENTATION_ITEM()
RATIONAL_B_SPLINE_CURVE((1.,0.9238795325,1.,0.9238795325,1.,0.9238795325,
1.))
REPRESENTATION_ITEM('')
);
#207=(
BOUNDED_CURVE()
B_SPLINE_CURVE(2,(#5486,#5487,#5488,#5489,#5490,#5491,#5492,#5493,#5494,
#5495,#5496,#5497,#5498,#5499,#5500,#5501,#5502),.UNSPECIFIED.,.F.,.F.)
B_SPLINE_CURVE_WITH_KNOTS((3,2,2,2,2,2,2,2,3),(0.8125,0.828125,0.84375,
0.859375,0.875,0.890625,0.90625,0.921875,0.9375),.UNSPECIFIED.)
CURVE()
GEOMETRIC_REPRESENTATION_ITEM()
RATIONAL_B_SPLINE_CURVE((1.,0.9238795325,1.,0.9238795325,1.,0.9238795325,
1.,0.9238795325,1.,0.9238795325,1.,0.9238795325,1.,0.9238795325,1.,0.9238795325,
1.))
REPRESENTATION_ITEM('')
);
#208=(
BOUNDED_CURVE()
B_SPLINE_CURVE(2,(#5543,#5544,#5545,#5546,#5547,#5548,#5549,#5550,#5551,
#5552,#5553,#5554,#5555,#5556,#5557,#5558,#5559),.UNSPECIFIED.,.F.,.F.)
B_SPLINE_CURVE_WITH_KNOTS((3,2,2,2,2,2,2,2,3),(0.6875,0.703125,0.71875,
0.734375,0.75,0.765625,0.78125,0.796875,0.8125),.UNSPECIFIED.)
CURVE()
GEOMETRIC_REPRESENTATION_ITEM()
RATIONAL_B_SPLINE_CURVE((1.,0.9238795325,1.,0.9238795325,1.,0.9238795325,
1.,0.9238795325,1.,0.9238795325,1.,0.9238795325,1.,0.9238795325,1.,0.9238795325,
1.))
REPRESENTATION_ITEM('')
);
#209=(
BOUNDED_CURVE()
B_SPLINE_CURVE(2,(#5600,#5601,#5602,#5603,#5604,#5605,#5606,#5607,#5608,
#5609,#5610,#5611,#5612,#5613,#5614,#5615,#5616),.UNSPECIFIED.,.F.,.F.)
B_SPLINE_CURVE_WITH_KNOTS((3,2,2,2,2,2,2,2,3),(0.5625,0.578125,0.59375,
0.609375,0.625,0.640625,0.65625,0.671875,0.6875),.UNSPECIFIED.)
CURVE()
GEOMETRIC_REPRESENTATION_ITEM()
RATIONAL_B_SPLINE_CURVE((1.,0.9238795325,1.,0.9238795325,1.,0.9238795325,
1.,0.9238795325,1.,0.9238795325,1.,0.9238795325,1.,0.9238795325,1.,0.9238795325,
1.))
REPRESENTATION_ITEM('')
);
#210=(
BOUNDED_CURVE()
B_SPLINE_CURVE(2,(#5657,#5658,#5659,#5660,#5661,#5662,#5663,#5664,#5665,
#5666,#5667,#5668,#5669,#5670,#5671,#5672,#5673),.UNSPECIFIED.,.F.,.F.)
B_SPLINE_CURVE_WITH_KNOTS((3,2,2,2,2,2,2,2,3),(0.4375,0.453125,0.46875,
0.484375,0.5,0.515625,0.53125,0.546875,0.5625),.UNSPECIFIED.)
CURVE()
GEOMETRIC_REPRESENTATION_ITEM()
RATIONAL_B_SPLINE_CURVE((1.,0.9238795325,1.,0.9238795325,1.,0.9238795325,
1.,0.9238795325,1.,0.9238795325,1.,0.9238795325,1.,0.9238795325,1.,0.9238795325,
1.))
REPRESENTATION_ITEM('')
);
#211=(
BOUNDED_CURVE()
B_SPLINE_CURVE(2,(#5714,#5715,#5716,#5717,#5718,#5719,#5720,#5721,#5722,
#5723,#5724,#5725,#5726,#5727,#5728,#5729,#5730),.UNSPECIFIED.,.F.,.F.)
B_SPLINE_CURVE_WITH_KNOTS((3,2,2,2,2,2,2,2,3),(0.3125,0.328125,0.34375,
0.359375,0.375,0.390625,0.40625,0.421875,0.4375),.UNSPECIFIED.)
CURVE()
GEOMETRIC_REPRESENTATION_ITEM()
RATIONAL_B_SPLINE_CURVE((1.,0.9238795325,1.,0.9238795325,1.,0.9238795325,
1.,0.9238795325,1.,0.9238795325,1.,0.9238795325,1.,0.9238795325,1.,0.9238795325,
1.))
REPRESENTATION_ITEM('')
);
#212=(
BOUNDED_CURVE()
B_SPLINE_CURVE(2,(#5771,#5772,#5773,#5774,#5775,#5776,#5777,#5778,#5779,
#5780,#5781,#5782,#5783,#5784,#5785,#5786,#5787),.UNSPECIFIED.,.F.,.F.)
B_SPLINE_CURVE_WITH_KNOTS((3,2,2,2,2,2,2,2,3),(0.1875,0.203125,0.21875,
0.234375,0.25,0.265625,0.28125,0.296875,0.3125),.UNSPECIFIED.)
CURVE()
GEOMETRIC_REPRESENTATION_ITEM()
RATIONAL_B_SPLINE_CURVE((1.,0.9238795325,1.,0.9238795325,1.,0.9238795325,
1.,0.9238795325,1.,0.9238795325,1.,0.9238795325,1.,0.9238795325,1.,0.9238795325,
1.))
REPRESENTATION_ITEM('')
);
#213=(
BOUNDED_CURVE()
B_SPLINE_CURVE(2,(#5837,#5838,#5839,#5840,#5841),.UNSPECIFIED.,.F.,.F.)
B_SPLINE_CURVE_WITH_KNOTS((3,2,3),(0.0390624998,0.046875,0.0625),
 .UNSPECIFIED.)
CURVE()
GEOMETRIC_REPRESENTATION_ITEM()
RATIONAL_B_SPLINE_CURVE((0.96193976625,0.961939765275658,1.,0.9238795325,
1.))
REPRESENTATION_ITEM('')
);
#214=(
BOUNDED_CURVE()
B_SPLINE_CURVE(2,(#8110,#8111,#8112,#8113,#8114,#8115,#8116,#8117,#8118,
#8119,#8120,#8121,#8122,#8123,#8124,#8125,#8126),.UNSPECIFIED.,.F.,.F.)
B_SPLINE_CURVE_WITH_KNOTS((3,2,2,2,2,2,2,2,3),(0.0625,0.078125,0.09375,
0.109375,0.125,0.140625,0.15625,0.171875,0.1875),.UNSPECIFIED.)
CURVE()
GEOMETRIC_REPRESENTATION_ITEM()
RATIONAL_B_SPLINE_CURVE((1.,0.9238795325,1.,0.9238795325,1.,0.9238795325,
1.,0.9238795325,1.,0.9238795325,1.,0.9238795325,1.,0.9238795325,1.,0.9238795325,
1.))
REPRESENTATION_ITEM('')
);
#215=CONICAL_SURFACE('',#3911,4.5,0.7853981634);
#216=CONICAL_SURFACE('',#4103,5.041265875,1.0471975512);
#217=CONICAL_SURFACE('',#4106,4.5,0.7853981634);
#218=CONICAL_SURFACE('',#4107,4.5,1.0297442587);
#219=CONICAL_SURFACE('',#4134,4.5,1.0471975512);
#220=CONICAL_SURFACE('',#4139,3.475,0.7853981634);
#221=FACE_OUTER_BOUND('',#434,.T.);
#222=FACE_OUTER_BOUND('',#435,.T.);
#223=FACE_OUTER_BOUND('',#436,.T.);
#224=FACE_OUTER_BOUND('',#437,.T.);
#225=FACE_OUTER_BOUND('',#438,.T.);
#226=FACE_OUTER_BOUND('',#439,.T.);
#227=FACE_OUTER_BOUND('',#440,.T.);
#228=FACE_OUTER_BOUND('',#441,.T.);
#229=FACE_OUTER_BOUND('',#442,.T.);
#230=FACE_OUTER_BOUND('',#443,.T.);
#231=FACE_OUTER_BOUND('',#444,.T.);
#232=FACE_OUTER_BOUND('',#445,.T.);
#233=FACE_OUTER_BOUND('',#446,.T.);
#234=FACE_OUTER_BOUND('',#447,.T.);
#235=FACE_OUTER_BOUND('',#448,.T.);
#236=FACE_OUTER_BOUND('',#449,.T.);
#237=FACE_OUTER_BOUND('',#450,.T.);
#238=FACE_OUTER_BOUND('',#451,.T.);
#239=FACE_OUTER_BOUND('',#452,.T.);
#240=FACE_OUTER_BOUND('',#453,.T.);
#241=FACE_OUTER_BOUND('',#455,.T.);
#242=FACE_OUTER_BOUND('',#456,.T.);
#243=FACE_OUTER_BOUND('',#457,.T.);
#244=FACE_OUTER_BOUND('',#458,.T.);
#245=FACE_OUTER_BOUND('',#459,.T.);
#246=FACE_OUTER_BOUND('',#460,.T.);
#247=FACE_OUTER_BOUND('',#461,.T.);
#248=FACE_OUTER_BOUND('',#464,.T.);
#249=FACE_OUTER_BOUND('',#466,.T.);
#250=FACE_OUTER_BOUND('',#467,.T.);
#251=FACE_OUTER_BOUND('',#468,.T.);
#252=FACE_OUTER_BOUND('',#470,.T.);
#253=FACE_OUTER_BOUND('',#471,.T.);
#254=FACE_OUTER_BOUND('',#477,.T.);
#255=FACE_OUTER_BOUND('',#478,.T.);
#256=FACE_OUTER_BOUND('',#479,.T.);
#257=FACE_OUTER_BOUND('',#480,.T.);
#258=FACE_OUTER_BOUND('',#481,.T.);
#259=FACE_OUTER_BOUND('',#482,.T.);
#260=FACE_OUTER_BOUND('',#483,.T.);
#261=FACE_OUTER_BOUND('',#484,.T.);
#262=FACE_OUTER_BOUND('',#485,.T.);
#263=FACE_OUTER_BOUND('',#486,.T.);
#264=FACE_OUTER_BOUND('',#487,.T.);
#265=FACE_OUTER_BOUND('',#488,.T.);
#266=FACE_OUTER_BOUND('',#489,.T.);
#267=FACE_OUTER_BOUND('',#490,.T.);
#268=FACE_OUTER_BOUND('',#491,.T.);
#269=FACE_OUTER_BOUND('',#492,.T.);
#270=FACE_OUTER_BOUND('',#493,.T.);
#271=FACE_OUTER_BOUND('',#494,.T.);
#272=FACE_OUTER_BOUND('',#495,.T.);
#273=FACE_OUTER_BOUND('',#496,.T.);
#274=FACE_OUTER_BOUND('',#497,.T.);
#275=FACE_OUTER_BOUND('',#498,.T.);
#276=FACE_OUTER_BOUND('',#499,.T.);
#277=FACE_OUTER_BOUND('',#500,.T.);
#278=FACE_OUTER_BOUND('',#501,.T.);
#279=FACE_OUTER_BOUND('',#502,.T.);
#280=FACE_OUTER_BOUND('',#503,.T.);
#281=FACE_OUTER_BOUND('',#504,.T.);
#282=FACE_OUTER_BOUND('',#505,.T.);
#283=FACE_OUTER_BOUND('',#506,.T.);
#284=FACE_OUTER_BOUND('',#507,.T.);
#285=FACE_OUTER_BOUND('',#508,.T.);
#286=FACE_OUTER_BOUND('',#509,.T.);
#287=FACE_OUTER_BOUND('',#510,.T.);
#288=FACE_OUTER_BOUND('',#511,.T.);
#289=FACE_OUTER_BOUND('',#512,.T.);
#290=FACE_OUTER_BOUND('',#513,.T.);
#291=FACE_OUTER_BOUND('',#514,.T.);
#292=FACE_OUTER_BOUND('',#515,.T.);
#293=FACE_OUTER_BOUND('',#516,.T.);
#294=FACE_OUTER_BOUND('',#517,.T.);
#295=FACE_OUTER_BOUND('',#518,.T.);
#296=FACE_OUTER_BOUND('',#519,.T.);
#297=FACE_OUTER_BOUND('',#520,.T.);
#298=FACE_OUTER_BOUND('',#521,.T.);
#299=FACE_OUTER_BOUND('',#522,.T.);
#300=FACE_OUTER_BOUND('',#523,.T.);
#301=FACE_OUTER_BOUND('',#524,.T.);
#302=FACE_OUTER_BOUND('',#525,.T.);
#303=FACE_OUTER_BOUND('',#526,.T.);
#304=FACE_OUTER_BOUND('',#527,.T.);
#305=FACE_OUTER_BOUND('',#528,.T.);
#306=FACE_OUTER_BOUND('',#529,.T.);
#307=FACE_OUTER_BOUND('',#534,.T.);
#308=FACE_OUTER_BOUND('',#535,.T.);
#309=FACE_OUTER_BOUND('',#536,.T.);
#310=FACE_OUTER_BOUND('',#537,.T.);
#311=FACE_OUTER_BOUND('',#538,.T.);
#312=FACE_OUTER_BOUND('',#539,.T.);
#313=FACE_OUTER_BOUND('',#540,.T.);
#314=FACE_OUTER_BOUND('',#541,.T.);
#315=FACE_OUTER_BOUND('',#542,.T.);
#316=FACE_OUTER_BOUND('',#543,.T.);
#317=FACE_OUTER_BOUND('',#544,.T.);
#318=FACE_OUTER_BOUND('',#545,.T.);
#319=FACE_OUTER_BOUND('',#546,.T.);
#320=FACE_OUTER_BOUND('',#547,.T.);
#321=FACE_OUTER_BOUND('',#548,.T.);
#322=FACE_OUTER_BOUND('',#549,.T.);
#323=FACE_OUTER_BOUND('',#550,.T.);
#324=FACE_OUTER_BOUND('',#551,.T.);
#325=FACE_OUTER_BOUND('',#552,.T.);
#326=FACE_OUTER_BOUND('',#553,.T.);
#327=FACE_OUTER_BOUND('',#554,.T.);
#328=FACE_OUTER_BOUND('',#555,.T.);
#329=FACE_OUTER_BOUND('',#556,.T.);
#330=FACE_OUTER_BOUND('',#558,.T.);
#331=FACE_OUTER_BOUND('',#559,.T.);
#332=FACE_OUTER_BOUND('',#560,.T.);
#333=FACE_OUTER_BOUND('',#561,.T.);
#334=FACE_OUTER_BOUND('',#562,.T.);
#335=FACE_OUTER_BOUND('',#563,.T.);
#336=FACE_OUTER_BOUND('',#564,.T.);
#337=FACE_OUTER_BOUND('',#565,.T.);
#338=FACE_OUTER_BOUND('',#566,.T.);
#339=FACE_OUTER_BOUND('',#567,.T.);
#340=FACE_OUTER_BOUND('',#568,.T.);
#341=FACE_OUTER_BOUND('',#569,.T.);
#342=FACE_OUTER_BOUND('',#570,.T.);
#343=FACE_OUTER_BOUND('',#571,.T.);
#344=FACE_OUTER_BOUND('',#572,.T.);
#345=FACE_OUTER_BOUND('',#573,.T.);
#346=FACE_OUTER_BOUND('',#574,.T.);
#347=FACE_OUTER_BOUND('',#575,.T.);
#348=FACE_OUTER_BOUND('',#576,.T.);
#349=FACE_OUTER_BOUND('',#577,.T.);
#350=FACE_OUTER_BOUND('',#578,.T.);
#351=FACE_OUTER_BOUND('',#579,.T.);
#352=FACE_OUTER_BOUND('',#580,.T.);
#353=FACE_OUTER_BOUND('',#581,.T.);
#354=FACE_OUTER_BOUND('',#582,.T.);
#355=FACE_OUTER_BOUND('',#583,.T.);
#356=FACE_OUTER_BOUND('',#584,.T.);
#357=FACE_OUTER_BOUND('',#585,.T.);
#358=FACE_OUTER_BOUND('',#586,.T.);
#359=FACE_OUTER_BOUND('',#587,.T.);
#360=FACE_OUTER_BOUND('',#588,.T.);
#361=FACE_OUTER_BOUND('',#589,.T.);
#362=FACE_OUTER_BOUND('',#590,.T.);
#363=FACE_OUTER_BOUND('',#591,.T.);
#364=FACE_OUTER_BOUND('',#593,.T.);
#365=FACE_OUTER_BOUND('',#594,.T.);
#366=FACE_OUTER_BOUND('',#595,.T.);
#367=FACE_OUTER_BOUND('',#596,.T.);
#368=FACE_OUTER_BOUND('',#597,.T.);
#369=FACE_OUTER_BOUND('',#598,.T.);
#370=FACE_OUTER_BOUND('',#599,.T.);
#371=FACE_OUTER_BOUND('',#600,.T.);
#372=FACE_OUTER_BOUND('',#601,.T.);
#373=FACE_OUTER_BOUND('',#602,.T.);
#374=FACE_OUTER_BOUND('',#603,.T.);
#375=FACE_OUTER_BOUND('',#604,.T.);
#376=FACE_OUTER_BOUND('',#605,.T.);
#377=FACE_OUTER_BOUND('',#606,.T.);
#378=FACE_OUTER_BOUND('',#607,.T.);
#379=FACE_OUTER_BOUND('',#608,.T.);
#380=FACE_OUTER_BOUND('',#609,.T.);
#381=FACE_OUTER_BOUND('',#610,.T.);
#382=FACE_OUTER_BOUND('',#611,.T.);
#383=FACE_OUTER_BOUND('',#612,.T.);
#384=FACE_OUTER_BOUND('',#613,.T.);
#385=FACE_OUTER_BOUND('',#614,.T.);
#386=FACE_OUTER_BOUND('',#615,.T.);
#387=FACE_OUTER_BOUND('',#616,.T.);
#388=FACE_OUTER_BOUND('',#617,.T.);
#389=FACE_OUTER_BOUND('',#618,.T.);
#390=FACE_OUTER_BOUND('',#619,.T.);
#391=FACE_OUTER_BOUND('',#620,.T.);
#392=FACE_OUTER_BOUND('',#622,.T.);
#393=FACE_OUTER_BOUND('',#623,.T.);
#394=FACE_OUTER_BOUND('',#624,.T.);
#395=FACE_OUTER_BOUND('',#625,.T.);
#396=FACE_OUTER_BOUND('',#626,.T.);
#397=FACE_OUTER_BOUND('',#628,.T.);
#398=FACE_OUTER_BOUND('',#629,.T.);
#399=FACE_OUTER_BOUND('',#631,.T.);
#400=FACE_OUTER_BOUND('',#632,.T.);
#401=FACE_OUTER_BOUND('',#633,.T.);
#402=FACE_OUTER_BOUND('',#634,.T.);
#403=FACE_OUTER_BOUND('',#635,.T.);
#404=FACE_OUTER_BOUND('',#636,.T.);
#405=FACE_OUTER_BOUND('',#637,.T.);
#406=FACE_OUTER_BOUND('',#638,.T.);
#407=FACE_OUTER_BOUND('',#639,.T.);
#408=FACE_OUTER_BOUND('',#640,.T.);
#409=FACE_OUTER_BOUND('',#641,.T.);
#410=FACE_OUTER_BOUND('',#642,.T.);
#411=FACE_OUTER_BOUND('',#643,.T.);
#412=FACE_OUTER_BOUND('',#644,.T.);
#413=FACE_OUTER_BOUND('',#645,.T.);
#414=FACE_OUTER_BOUND('',#646,.T.);
#415=FACE_OUTER_BOUND('',#647,.T.);
#416=FACE_OUTER_BOUND('',#648,.T.);
#417=FACE_OUTER_BOUND('',#649,.T.);
#418=FACE_OUTER_BOUND('',#650,.T.);
#419=FACE_OUTER_BOUND('',#651,.T.);
#420=FACE_OUTER_BOUND('',#652,.T.);
#421=FACE_OUTER_BOUND('',#653,.T.);
#422=FACE_OUTER_BOUND('',#655,.T.);
#423=FACE_OUTER_BOUND('',#656,.T.);
#424=FACE_OUTER_BOUND('',#657,.T.);
#425=FACE_OUTER_BOUND('',#658,.T.);
#426=FACE_OUTER_BOUND('',#659,.T.);
#427=FACE_OUTER_BOUND('',#660,.T.);
#428=FACE_OUTER_BOUND('',#661,.T.);
#429=FACE_OUTER_BOUND('',#662,.T.);
#430=FACE_OUTER_BOUND('',#663,.T.);
#431=FACE_OUTER_BOUND('',#664,.T.);
#432=FACE_OUTER_BOUND('',#665,.T.);
#433=FACE_OUTER_BOUND('',#666,.T.);
#434=EDGE_LOOP('',(#2464,#2465,#2466,#2467));
#435=EDGE_LOOP('',(#2468,#2469,#2470,#2471));
#436=EDGE_LOOP('',(#2472,#2473,#2474,#2475));
#437=EDGE_LOOP('',(#2476,#2477,#2478,#2479));
#438=EDGE_LOOP('',(#2480,#2481,#2482,#2483));
#439=EDGE_LOOP('',(#2484,#2485,#2486,#2487));
#440=EDGE_LOOP('',(#2488,#2489,#2490));
#441=EDGE_LOOP('',(#2491,#2492,#2493,#2494,#2495));
#442=EDGE_LOOP('',(#2496,#2497,#2498,#2499,#2500,#2501,#2502,#2503,#2504));
#443=EDGE_LOOP('',(#2505,#2506,#2507,#2508));
#444=EDGE_LOOP('',(#2509,#2510,#2511,#2512));
#445=EDGE_LOOP('',(#2513,#2514,#2515,#2516));
#446=EDGE_LOOP('',(#2517,#2518,#2519,#2520));
#447=EDGE_LOOP('',(#2521,#2522,#2523,#2524));
#448=EDGE_LOOP('',(#2525,#2526,#2527,#2528));
#449=EDGE_LOOP('',(#2529,#2530,#2531,#2532));
#450=EDGE_LOOP('',(#2533,#2534,#2535,#2536));
#451=EDGE_LOOP('',(#2537));
#452=EDGE_LOOP('',(#2538,#2539,#2540,#2541));
#453=EDGE_LOOP('',(#2542,#2543,#2544,#2545,#2546,#2547,#2548));
#454=EDGE_LOOP('',(#2549));
#455=EDGE_LOOP('',(#2550,#2551,#2552,#2553,#2554,#2555,#2556,#2557,#2558,
#2559,#2560));
#456=EDGE_LOOP('',(#2561,#2562,#2563,#2564,#2565,#2566,#2567,#2568,#2569,
#2570,#2571,#2572,#2573,#2574,#2575,#2576));
#457=EDGE_LOOP('',(#2577,#2578,#2579,#2580));
#458=EDGE_LOOP('',(#2581,#2582));
#459=EDGE_LOOP('',(#2583,#2584,#2585,#2586));
#460=EDGE_LOOP('',(#2587,#2588,#2589,#2590));
#461=EDGE_LOOP('',(#2591,#2592,#2593,#2594,#2595,#2596));
#462=EDGE_LOOP('',(#2597));
#463=EDGE_LOOP('',(#2598));
#464=EDGE_LOOP('',(#2599,#2600,#2601,#2602,#2603,#2604));
#465=EDGE_LOOP('',(#2605));
#466=EDGE_LOOP('',(#2606,#2607,#2608,#2609));
#467=EDGE_LOOP('',(#2610,#2611,#2612,#2613));
#468=EDGE_LOOP('',(#2614,#2615,#2616,#2617,#2618,#2619,#2620,#2621,#2622,
#2623,#2624,#2625));
#469=EDGE_LOOP('',(#2626,#2627,#2628,#2629,#2630));
#470=EDGE_LOOP('',(#2631,#2632,#2633,#2634));
#471=EDGE_LOOP('',(#2635,#2636,#2637,#2638,#2639,#2640,#2641,#2642,#2643,
#2644,#2645));
#472=EDGE_LOOP('',(#2646));
#473=EDGE_LOOP('',(#2647));
#474=EDGE_LOOP('',(#2648));
#475=EDGE_LOOP('',(#2649));
#476=EDGE_LOOP('',(#2650));
#477=EDGE_LOOP('',(#2651,#2652,#2653,#2654,#2655,#2656,#2657,#2658));
#478=EDGE_LOOP('',(#2659,#2660,#2661,#2662));
#479=EDGE_LOOP('',(#2663,#2664,#2665,#2666));
#480=EDGE_LOOP('',(#2667,#2668,#2669,#2670));
#481=EDGE_LOOP('',(#2671,#2672,#2673,#2674));
#482=EDGE_LOOP('',(#2675,#2676,#2677,#2678));
#483=EDGE_LOOP('',(#2679,#2680,#2681,#2682,#2683,#2684,#2685));
#484=EDGE_LOOP('',(#2686,#2687,#2688,#2689,#2690));
#485=EDGE_LOOP('',(#2691,#2692,#2693,#2694,#2695,#2696,#2697));
#486=EDGE_LOOP('',(#2698,#2699,#2700,#2701));
#487=EDGE_LOOP('',(#2702,#2703,#2704,#2705,#2706,#2707));
#488=EDGE_LOOP('',(#2708,#2709,#2710,#2711));
#489=EDGE_LOOP('',(#2712,#2713,#2714,#2715,#2716,#2717));
#490=EDGE_LOOP('',(#2718,#2719,#2720,#2721,#2722));
#491=EDGE_LOOP('',(#2723,#2724,#2725,#2726));
#492=EDGE_LOOP('',(#2727,#2728,#2729,#2730));
#493=EDGE_LOOP('',(#2731,#2732,#2733,#2734,#2735));
#494=EDGE_LOOP('',(#2736,#2737,#2738,#2739,#2740,#2741));
#495=EDGE_LOOP('',(#2742,#2743,#2744,#2745));
#496=EDGE_LOOP('',(#2746,#2747,#2748,#2749));
#497=EDGE_LOOP('',(#2750));
#498=EDGE_LOOP('',(#2751,#2752,#2753,#2754));
#499=EDGE_LOOP('',(#2755,#2756,#2757,#2758,#2759,#2760,#2761));
#500=EDGE_LOOP('',(#2762,#2763,#2764,#2765));
#501=EDGE_LOOP('',(#2766,#2767,#2768,#2769));
#502=EDGE_LOOP('',(#2770,#2771,#2772,#2773));
#503=EDGE_LOOP('',(#2774));
#504=EDGE_LOOP('',(#2775,#2776,#2777,#2778));
#505=EDGE_LOOP('',(#2779,#2780,#2781,#2782));
#506=EDGE_LOOP('',(#2783,#2784,#2785,#2786));
#507=EDGE_LOOP('',(#2787,#2788,#2789,#2790,#2791,#2792,#2793,#2794,#2795,
#2796));
#508=EDGE_LOOP('',(#2797,#2798,#2799,#2800,#2801));
#509=EDGE_LOOP('',(#2802,#2803,#2804,#2805));
#510=EDGE_LOOP('',(#2806,#2807,#2808));
#511=EDGE_LOOP('',(#2809,#2810,#2811,#2812));
#512=EDGE_LOOP('',(#2813,#2814,#2815));
#513=EDGE_LOOP('',(#2816,#2817,#2818,#2819,#2820,#2821));
#514=EDGE_LOOP('',(#2822,#2823,#2824,#2825,#2826));
#515=EDGE_LOOP('',(#2827,#2828,#2829,#2830,#2831,#2832));
#516=EDGE_LOOP('',(#2833,#2834,#2835,#2836));
#517=EDGE_LOOP('',(#2837,#2838,#2839,#2840,#2841,#2842));
#518=EDGE_LOOP('',(#2843,#2844,#2845,#2846));
#519=EDGE_LOOP('',(#2847,#2848,#2849,#2850));
#520=EDGE_LOOP('',(#2851,#2852,#2853,#2854));
#521=EDGE_LOOP('',(#2855,#2856,#2857,#2858));
#522=EDGE_LOOP('',(#2859,#2860,#2861,#2862));
#523=EDGE_LOOP('',(#2863,#2864,#2865));
#524=EDGE_LOOP('',(#2866,#2867,#2868,#2869,#2870));
#525=EDGE_LOOP('',(#2871,#2872,#2873,#2874));
#526=EDGE_LOOP('',(#2875,#2876,#2877,#2878,#2879,#2880,#2881,#2882));
#527=EDGE_LOOP('',(#2883,#2884,#2885,#2886));
#528=EDGE_LOOP('',(#2887,#2888,#2889,#2890));
#529=EDGE_LOOP('',(#2891,#2892,#2893,#2894,#2895,#2896,#2897,#2898));
#530=EDGE_LOOP('',(#2899,#2900,#2901,#2902,#2903,#2904,#2905,#2906,#2907,
#2908,#2909,#2910,#2911,#2912,#2913,#2914,#2915,#2916,#2917));
#531=EDGE_LOOP('',(#2918,#2919,#2920,#2921,#2922,#2923,#2924,#2925,#2926,
#2927,#2928,#2929,#2930,#2931,#2932,#2933,#2934,#2935,#2936));
#532=EDGE_LOOP('',(#2937,#2938,#2939,#2940));
#533=EDGE_LOOP('',(#2941,#2942,#2943,#2944,#2945,#2946,#2947,#2948,#2949,
#2950,#2951,#2952));
#534=EDGE_LOOP('',(#2953,#2954,#2955,#2956,#2957,#2958,#2959,#2960));
#535=EDGE_LOOP('',(#2961,#2962,#2963,#2964));
#536=EDGE_LOOP('',(#2965,#2966,#2967,#2968));
#537=EDGE_LOOP('',(#2969,#2970,#2971,#2972));
#538=EDGE_LOOP('',(#2973,#2974,#2975,#2976));
#539=EDGE_LOOP('',(#2977,#2978,#2979,#2980));
#540=EDGE_LOOP('',(#2981,#2982,#2983,#2984));
#541=EDGE_LOOP('',(#2985,#2986,#2987,#2988));
#542=EDGE_LOOP('',(#2989,#2990,#2991,#2992));
#543=EDGE_LOOP('',(#2993,#2994,#2995,#2996));
#544=EDGE_LOOP('',(#2997,#2998,#2999,#3000));
#545=EDGE_LOOP('',(#3001,#3002,#3003,#3004));
#546=EDGE_LOOP('',(#3005,#3006,#3007,#3008));
#547=EDGE_LOOP('',(#3009,#3010,#3011,#3012));
#548=EDGE_LOOP('',(#3013,#3014,#3015,#3016));
#549=EDGE_LOOP('',(#3017,#3018,#3019,#3020));
#550=EDGE_LOOP('',(#3021,#3022,#3023,#3024));
#551=EDGE_LOOP('',(#3025,#3026,#3027,#3028));
#552=EDGE_LOOP('',(#3029,#3030,#3031,#3032));
#553=EDGE_LOOP('',(#3033,#3034,#3035,#3036));
#554=EDGE_LOOP('',(#3037,#3038,#3039,#3040));
#555=EDGE_LOOP('',(#3041,#3042,#3043,#3044));
#556=EDGE_LOOP('',(#3045,#3046,#3047,#3048,#3049,#3050,#3051,#3052,#3053,
#3054,#3055,#3056));
#557=EDGE_LOOP('',(#3057,#3058,#3059,#3060,#3061,#3062,#3063,#3064));
#558=EDGE_LOOP('',(#3065,#3066,#3067,#3068));
#559=EDGE_LOOP('',(#3069,#3070,#3071,#3072));
#560=EDGE_LOOP('',(#3073,#3074,#3075,#3076));
#561=EDGE_LOOP('',(#3077,#3078,#3079,#3080));
#562=EDGE_LOOP('',(#3081,#3082,#3083,#3084));
#563=EDGE_LOOP('',(#3085,#3086,#3087,#3088));
#564=EDGE_LOOP('',(#3089,#3090,#3091,#3092));
#565=EDGE_LOOP('',(#3093,#3094,#3095,#3096));
#566=EDGE_LOOP('',(#3097,#3098,#3099,#3100));
#567=EDGE_LOOP('',(#3101,#3102,#3103,#3104));
#568=EDGE_LOOP('',(#3105,#3106,#3107,#3108));
#569=EDGE_LOOP('',(#3109,#3110,#3111,#3112));
#570=EDGE_LOOP('',(#3113,#3114,#3115,#3116));
#571=EDGE_LOOP('',(#3117,#3118,#3119,#3120));
#572=EDGE_LOOP('',(#3121,#3122,#3123,#3124));
#573=EDGE_LOOP('',(#3125,#3126,#3127,#3128));
#574=EDGE_LOOP('',(#3129,#3130,#3131,#3132));
#575=EDGE_LOOP('',(#3133,#3134,#3135,#3136));
#576=EDGE_LOOP('',(#3137,#3138,#3139,#3140));
#577=EDGE_LOOP('',(#3141,#3142,#3143,#3144));
#578=EDGE_LOOP('',(#3145,#3146,#3147,#3148));
#579=EDGE_LOOP('',(#3149,#3150,#3151,#3152));
#580=EDGE_LOOP('',(#3153,#3154,#3155,#3156));
#581=EDGE_LOOP('',(#3157,#3158,#3159,#3160));
#582=EDGE_LOOP('',(#3161,#3162,#3163,#3164));
#583=EDGE_LOOP('',(#3165,#3166,#3167,#3168));
#584=EDGE_LOOP('',(#3169,#3170,#3171,#3172));
#585=EDGE_LOOP('',(#3173,#3174,#3175,#3176));
#586=EDGE_LOOP('',(#3177,#3178,#3179,#3180));
#587=EDGE_LOOP('',(#3181,#3182,#3183,#3184));
#588=EDGE_LOOP('',(#3185,#3186,#3187,#3188));
#589=EDGE_LOOP('',(#3189,#3190,#3191,#3192));
#590=EDGE_LOOP('',(#3193,#3194,#3195,#3196));
#591=EDGE_LOOP('',(#3197,#3198,#3199,#3200,#3201,#3202,#3203,#3204,#3205,
#3206,#3207,#3208,#3209,#3210,#3211,#3212,#3213,#3214,#3215));
#592=EDGE_LOOP('',(#3216,#3217,#3218,#3219,#3220,#3221,#3222,#3223,#3224));
#593=EDGE_LOOP('',(#3225,#3226,#3227,#3228));
#594=EDGE_LOOP('',(#3229,#3230,#3231,#3232));
#595=EDGE_LOOP('',(#3233,#3234,#3235,#3236));
#596=EDGE_LOOP('',(#3237,#3238,#3239,#3240));
#597=EDGE_LOOP('',(#3241,#3242,#3243,#3244));
#598=EDGE_LOOP('',(#3245,#3246,#3247,#3248));
#599=EDGE_LOOP('',(#3249,#3250,#3251,#3252));
#600=EDGE_LOOP('',(#3253,#3254,#3255,#3256));
#601=EDGE_LOOP('',(#3257,#3258,#3259,#3260));
#602=EDGE_LOOP('',(#3261,#3262,#3263,#3264));
#603=EDGE_LOOP('',(#3265,#3266,#3267,#3268));
#604=EDGE_LOOP('',(#3269,#3270,#3271,#3272));
#605=EDGE_LOOP('',(#3273,#3274,#3275,#3276));
#606=EDGE_LOOP('',(#3277,#3278,#3279,#3280));
#607=EDGE_LOOP('',(#3281,#3282,#3283,#3284));
#608=EDGE_LOOP('',(#3285,#3286,#3287,#3288));
#609=EDGE_LOOP('',(#3289,#3290,#3291,#3292));
#610=EDGE_LOOP('',(#3293,#3294,#3295,#3296));
#611=EDGE_LOOP('',(#3297,#3298,#3299,#3300));
#612=EDGE_LOOP('',(#3301,#3302,#3303,#3304));
#613=EDGE_LOOP('',(#3305,#3306,#3307,#3308));
#614=EDGE_LOOP('',(#3309,#3310,#3311,#3312));
#615=EDGE_LOOP('',(#3313,#3314,#3315,#3316));
#616=EDGE_LOOP('',(#3317,#3318,#3319,#3320));
#617=EDGE_LOOP('',(#3321,#3322,#3323,#3324));
#618=EDGE_LOOP('',(#3325,#3326,#3327,#3328));
#619=EDGE_LOOP('',(#3329,#3330,#3331,#3332));
#620=EDGE_LOOP('',(#3333,#3334,#3335,#3336,#3337,#3338,#3339,#3340,#3341,
#3342,#3343,#3344,#3345,#3346,#3347,#3348,#3349,#3350,#3351));
#621=EDGE_LOOP('',(#3352,#3353,#3354,#3355,#3356,#3357,#3358,#3359));
#622=EDGE_LOOP('',(#3360,#3361,#3362,#3363,#3364,#3365,#3366,#3367));
#623=EDGE_LOOP('',(#3368,#3369,#3370,#3371,#3372,#3373,#3374,#3375,#3376));
#624=EDGE_LOOP('',(#3377,#3378,#3379,#3380,#3381,#3382,#3383,#3384));
#625=EDGE_LOOP('',(#3385,#3386,#3387,#3388,#3389,#3390,#3391));
#626=EDGE_LOOP('',(#3392,#3393,#3394,#3395,#3396,#3397));
#627=EDGE_LOOP('',(#3398));
#628=EDGE_LOOP('',(#3399,#3400,#3401,#3402));
#629=EDGE_LOOP('',(#3403));
#630=EDGE_LOOP('',(#3404));
#631=EDGE_LOOP('',(#3405,#3406,#3407,#3408,#3409));
#632=EDGE_LOOP('',(#3410,#3411,#3412,#3413));
#633=EDGE_LOOP('',(#3414,#3415,#3416));
#634=EDGE_LOOP('',(#3417,#3418,#3419,#3420));
#635=EDGE_LOOP('',(#3421,#3422,#3423,#3424));
#636=EDGE_LOOP('',(#3425,#3426,#3427,#3428));
#637=EDGE_LOOP('',(#3429,#3430,#3431,#3432,#3433,#3434,#3435,#3436,#3437,
#3438,#3439,#3440,#3441,#3442,#3443,#3444,#3445,#3446,#3447,#3448));
#638=EDGE_LOOP('',(#3449,#3450,#3451,#3452));
#639=EDGE_LOOP('',(#3453,#3454,#3455,#3456,#3457,#3458));
#640=EDGE_LOOP('',(#3459,#3460,#3461,#3462));
#641=EDGE_LOOP('',(#3463,#3464,#3465,#3466,#3467));
#642=EDGE_LOOP('',(#3468,#3469,#3470,#3471));
#643=EDGE_LOOP('',(#3472,#3473,#3474,#3475));
#644=EDGE_LOOP('',(#3476,#3477,#3478,#3479));
#645=EDGE_LOOP('',(#3480,#3481,#3482,#3483));
#646=EDGE_LOOP('',(#3484,#3485,#3486,#3487,#3488,#3489,#3490));
#647=EDGE_LOOP('',(#3491,#3492,#3493,#3494));
#648=EDGE_LOOP('',(#3495,#3496,#3497,#3498));
#649=EDGE_LOOP('',(#3499,#3500,#3501,#3502));
#650=EDGE_LOOP('',(#3503,#3504,#3505));
#651=EDGE_LOOP('',(#3506,#3507,#3508,#3509,#3510,#3511,#3512,#3513,#3514,
#3515,#3516,#3517,#3518,#3519,#3520,#3521,#3522,#3523,#3524,#3525));
#652=EDGE_LOOP('',(#3526,#3527,#3528,#3529,#3530));
#653=EDGE_LOOP('',(#3531,#3532,#3533,#3534,#3535,#3536));
#654=EDGE_LOOP('',(#3537));
#655=EDGE_LOOP('',(#3538,#3539,#3540,#3541));
#656=EDGE_LOOP('',(#3542,#3543,#3544,#3545));
#657=EDGE_LOOP('',(#3546,#3547,#3548,#3549));
#658=EDGE_LOOP('',(#3550,#3551,#3552,#3553));
#659=EDGE_LOOP('',(#3554,#3555,#3556,#3557));
#660=EDGE_LOOP('',(#3558,#3559,#3560,#3561));
#661=EDGE_LOOP('',(#3562,#3563,#3564,#3565,#3566,#3567));
#662=EDGE_LOOP('',(#3568,#3569,#3570,#3571));
#663=EDGE_LOOP('',(#3572,#3573,#3574,#3575));
#664=EDGE_LOOP('',(#3576,#3577,#3578,#3579));
#665=EDGE_LOOP('',(#3580,#3581,#3582,#3583));
#666=EDGE_LOOP('',(#3584,#3585,#3586,#3587,#3588,#3589,#3590,#3591,#3592,
#3593,#3594,#3595,#3596,#3597,#3598,#3599,#3600));
#667=EDGE_LOOP('',(#3601));
#668=EDGE_LOOP('',(#3602));
#669=EDGE_LOOP('',(#3603));
#670=EDGE_LOOP('',(#3604));
#671=EDGE_LOOP('',(#3605));
#672=EDGE_LOOP('',(#3606));
#673=EDGE_LOOP('',(#3607));
#674=EDGE_LOOP('',(#3608));
#675=EDGE_LOOP('',(#3609));
#676=EDGE_LOOP('',(#3610));
#677=EDGE_LOOP('',(#3611));
#678=EDGE_LOOP('',(#3612));
#679=EDGE_LOOP('',(#3613));
#680=CIRCLE('',#3903,4.5);
#681=CIRCLE('',#3910,4.5);
#682=CIRCLE('',#3912,5.);
#683=CIRCLE('',#3914,5.041265875);
#684=CIRCLE('',#3915,5.041265875);
#685=CIRCLE('',#3916,5.041265875);
#686=CIRCLE('',#3917,5.041265875);
#687=CIRCLE('',#3925,5.04126587478554);
#688=CIRCLE('',#3927,2.4);
#689=CIRCLE('',#3928,2.4);
#690=CIRCLE('',#3932,0.2);
#691=CIRCLE('',#3933,4.);
#692=CIRCLE('',#3934,6.);
#693=CIRCLE('',#3935,1.7);
#694=CIRCLE('',#3948,11.175);
#695=CIRCLE('',#3950,4.2);
#696=CIRCLE('',#3951,4.2);
#697=CIRCLE('',#3953,4.2);
#698=CIRCLE('',#3954,4.2);
#699=CIRCLE('',#3956,4.);
#700=CIRCLE('',#3957,1.65);
#701=CIRCLE('',#3958,1.65);
#702=CIRCLE('',#3960,4.);
#703=CIRCLE('',#3961,1.65);
#704=CIRCLE('',#3965,1.3);
#705=CIRCLE('',#3966,1.3);
#706=CIRCLE('',#3967,5.);
#707=CIRCLE('',#3968,5.03347113001946);
#708=CIRCLE('',#3969,5.03340234795233);
#709=CIRCLE('',#3971,4.);
#710=CIRCLE('',#3973,11.175);
#711=CIRCLE('',#3974,11.175);
#712=CIRCLE('',#3975,4.);
#713=CIRCLE('',#3976,1.7);
#714=CIRCLE('',#3977,3.475);
#715=CIRCLE('',#3978,1.65);
#716=CIRCLE('',#3979,1.65);
#717=CIRCLE('',#3980,1.65);
#718=CIRCLE('',#3983,1.65);
#719=CIRCLE('',#3985,1.65);
#720=CIRCLE('',#3987,1.65);
#721=CIRCLE('',#3992,6.);
#722=CIRCLE('',#3993,6.);
#723=CIRCLE('',#3995,4.);
#724=CIRCLE('',#3998,4.);
#725=CIRCLE('',#4000,6.);
#726=CIRCLE('',#4002,6.);
#727=CIRCLE('',#4003,6.);
#728=CIRCLE('',#4008,4.);
#729=CIRCLE('',#4009,4.);
#730=CIRCLE('',#4013,6.);
#731=CIRCLE('',#4015,4.);
#732=CIRCLE('',#4017,0.899999999999999);
#733=CIRCLE('',#4018,0.899999999999999);
#734=CIRCLE('',#4025,0.899999999999999);
#735=CIRCLE('',#4026,0.899999999999999);
#736=CIRCLE('',#4032,11.175);
#737=CIRCLE('',#4034,0.199999999999999);
#738=CIRCLE('',#4035,0.199999999999999);
#739=CIRCLE('',#4036,0.2);
#740=CIRCLE('',#4037,0.2);
#741=CIRCLE('',#4041,1.875);
#742=CIRCLE('',#4042,1.125);
#743=CIRCLE('',#4043,1.125);
#744=CIRCLE('',#4046,0.2);
#745=CIRCLE('',#4048,1.125);
#746=CIRCLE('',#4050,0.200000000000002);
#747=CIRCLE('',#4051,0.199999999999998);
#748=CIRCLE('',#4053,0.200000000000002);
#749=CIRCLE('',#4054,0.2);
#750=CIRCLE('',#4056,2.7080472687);
#751=CIRCLE('',#4057,2.9080472687);
#752=CIRCLE('',#4059,0.199999999999999);
#753=CIRCLE('',#4061,0.2);
#754=CIRCLE('',#4067,1.5);
#755=CIRCLE('',#4070,3.9080472687);
#756=CIRCLE('',#4072,0.2);
#757=CIRCLE('',#4098,0.2);
#758=CIRCLE('',#4100,2.1);
#759=CIRCLE('',#4101,2.1);
#760=CIRCLE('',#4104,4.5);
#761=CIRCLE('',#4108,4.5);
#762=CIRCLE('',#4113,3.7080472687);
#763=CIRCLE('',#4115,1.5);
#764=CIRCLE('',#4117,0.2);
#765=CIRCLE('',#4119,0.2);
#766=CIRCLE('',#4121,0.2);
#767=CIRCLE('',#4123,0.2);
#768=CIRCLE('',#4125,0.2);
#769=CIRCLE('',#4127,0.2);
#770=CIRCLE('',#4128,0.2);
#771=CIRCLE('',#4130,0.2);
#772=CIRCLE('',#4132,0.2);
#773=CIRCLE('',#4136,1.7);
#774=CIRCLE('',#4138,1.7);
#775=CIRCLE('',#4140,1.7);
#776=CIRCLE('',#4142,1.65);
#777=CIRCLE('',#4144,1.65);
#778=CIRCLE('',#4146,1.65);
#779=CIRCLE('',#4148,4.);
#780=CIRCLE('',#4151,4.);
#781=CIRCLE('',#4153,1.7);
#782=CIRCLE('',#4155,1.7);
#783=CIRCLE('',#4157,1.7);
#784=B_SPLINE_CURVE_WITH_KNOTS('',3,(#4963,#4964,#4965,#4966,#4967,#4968,
#4969,#4970,#4971,#4972,#4973,#4974,#4975,#4976,#4977,#4978,#4979,#4980,
#4981,#4982),.UNSPECIFIED.,.F.,.F.,(4,2,2,2,2,2,2,2,2,4),(-1.41821450775331,
-1.40716377810219,-1.22712866421599,-1.05391886866111,-0.873796239972837,
-0.700515534005954,-0.520307287220508,-0.34695560743094,-0.166663529018369,
-9.99999999917733E-7),.UNSPECIFIED.);
#785=B_SPLINE_CURVE_WITH_KNOTS('',3,(#4985,#4986,#4987,#4988,#4989,#4990,
#4991,#4992,#4993,#4994,#4995,#4996,#4997,#4998,#4999,#5000,#5001,#5002,
#5003,#5004,#5005,#5006,#5007,#5008,#5009,#5010,#5011,#5012),
 .UNSPECIFIED.,.F.,.F.,(4,2,2,2,2,2,2,2,2,2,2,2,2,4),(-19.1208836867647,
-18.9824507514043,-18.8422111076953,-18.6695657152784,-18.4927453339308,
-18.3199888016854,-18.1433196614773,-17.970437865715,-17.7939198886404,
-17.6208989477461,-17.4445315719744,-17.2713578249441,-17.0951399898002,
-17.0012992040302),.UNSPECIFIED.);
#786=B_SPLINE_CURVE_WITH_KNOTS('',3,(#5017,#5018,#5019,#5020,#5021,#5022,
#5023,#5024,#5025,#5026,#5027,#5028,#5029,#5030,#5031,#5032,#5033,#5034,
#5035,#5036,#5037,#5038,#5039,#5040,#5041,#5042,#5043,#5044,#5045,#5046,
#5047,#5048,#5049,#5050,#5051,#5052),.UNSPECIFIED.,.F.,.F.,(4,2,2,2,2,2,
2,2,2,2,2,2,2,2,2,2,2,4),(-4.25137203225992,-4.22723823572726,-4.0479850242047,
-3.8753114899935,-3.69595152146669,-3.52321704511345,-3.34375310371032,
-3.17095511199219,-2.99138988234806,-2.81852627929267,-2.6388623400125,
-2.46593145459571,-2.28617127361293,-2.11317180965788,-1.93331774128828,
-1.76024873018862,-1.58030301364248,-1.41821450775331),.UNSPECIFIED.);
#787=B_SPLINE_CURVE_WITH_KNOTS('',3,(#5053,#5054,#5055,#5056,#5057,#5058,
#5059,#5060,#5061,#5062,#5063,#5064,#5065,#5066,#5067,#5068,#5069,#5070,
#5071,#5072,#5073,#5074,#5075,#5076,#5077,#5078,#5079,#5080,#5081,#5082,
#5083,#5084,#5085,#5086,#5087,#5088),.UNSPECIFIED.,.F.,.F.,(4,2,2,2,2,2,
2,2,2,2,2,2,2,2,2,2,2,4),(-17.0012992040302,-16.921800449031,-16.7457305117637,
-16.5722129520015,-16.3962889268961,-16.2225820120377,-16.0468013266442,
-15.8728946334505,-15.6972542232835,-15.5231383849361,-15.3476347123035,
-15.173301496471,-14.9979305758206,-14.8233729400833,-14.6481303691589,
-14.4733424933922,-14.2982234894256,-14.174547869765),.UNSPECIFIED.);
#788=B_SPLINE_CURVE_WITH_KNOTS('',3,(#5093,#5094,#5095,#5096,#5097,#5098,
#5099,#5100,#5101,#5102,#5103,#5104,#5105,#5106,#5107,#5108,#5109,#5110,
#5111,#5112,#5113,#5114,#5115,#5116,#5117,#5118,#5119,#5120,#5121,#5122,
#5123,#5124,#5125,#5126,#5127,#5128),.UNSPECIFIED.,.F.,.F.,(4,2,2,2,2,2,
2,2,2,2,2,2,2,2,2,2,2,4),(-7.08140898588107,-7.03676531521801,-6.85847429110327,
-6.68612116739068,-6.50769911277589,-6.33532896313047,-6.15677892582066,
-5.9843835850957,-5.80570865807201,-5.63328079096504,-5.4544840840842,-5.28201716327942,
-5.10310177798588,-4.9305900519354,-4.75155905903404,-4.57899751155465,
-4.39985393197685,-4.25137203225992),.UNSPECIFIED.);
#789=B_SPLINE_CURVE_WITH_KNOTS('',3,(#5129,#5130,#5131,#5132,#5133,#5134,
#5135,#5136,#5137,#5138,#5139,#5140,#5141,#5142,#5143,#5144,#5145,#5146,
#5147,#5148,#5149,#5150,#5151,#5152,#5153,#5154,#5155,#5156,#5157,#5158,
#5159,#5160,#5161,#5162,#5163,#5164),.UNSPECIFIED.,.F.,.F.,(4,2,2,2,2,2,
2,2,2,2,2,2,2,2,2,2,2,4),(-14.174547869765,-14.1232007855691,-13.9482002255287,
-13.7729393258956,-13.5980517898274,-13.4225505157432,-13.2477703321323,
-13.0720276451732,-12.8973489373429,-12.7213648757903,-12.5467816083389,
-12.3705572116627,-12.1960632360838,-12.019600460324,-11.8451895590018,
-11.6684911858606,-11.4941571138072,-11.3466683944799),.UNSPECIFIED.);
#790=B_SPLINE_CURVE_WITH_KNOTS('',3,(#5169,#5170,#5171,#5172,#5173,#5174,
#5175,#5176,#5177,#5178,#5179,#5180,#5181,#5182,#5183,#5184,#5185,#5186,
#5187,#5188,#5189,#5190,#5191,#5192,#5193,#5194,#5195,#5196,#5197,#5198,
#5199,#5200,#5201,#5202,#5203,#5204),.UNSPECIFIED.,.F.,.F.,(4,2,2,2,2,2,
2,2,2,2,2,2,2,2,2,2,2,4),(-9.90996758987861,-9.83751091474566,-9.66036108243113,
-9.48775497964307,-9.31045556328537,-9.13792532702361,-8.96047771988483,
-8.78800960640941,-8.61041554517614,-8.43799623754165,-8.26025776334902,
-8.08787448561692,-7.90999390402353,-7.73763451760974,-7.5596143584339,
-7.38726743954909,-7.20911041734501,-7.08140898588107),.UNSPECIFIED.);
#791=B_SPLINE_CURVE_WITH_KNOTS('',3,(#5205,#5206,#5207,#5208,#5209,#5210,
#5211,#5212,#5213,#5214,#5215,#5216,#5217,#5218,#5219,#5220,#5221,#5222,
#5223,#5224,#5225,#5226,#5227,#5228,#5229,#5230,#5231,#5232,#5233,#5234,
#5235,#5236,#5237,#5238,#5239,#5240),.UNSPECIFIED.,.F.,.F.,(4,2,2,2,2,2,
2,2,2,2,2,2,2,2,2,2,2,4),(-11.3466683944799,-11.3172266560991,-11.1429631798791,
-10.9658047857537,-10.7916057192154,-10.6142240772711,-10.4400833137889,
-10.2624835608841,-10.0883951019682,-9.91058273519134,-9.73654071539336,
-9.5585215093415,-9.3791082665747,-9.20637229209848,-9.02685884942726,-8.85405658547207,
-8.6744454767017,-8.51616298618809),.UNSPECIFIED.);
#792=B_SPLINE_CURVE_WITH_KNOTS('',3,(#5245,#5246,#5247,#5248,#5249,#5250,
#5251,#5252,#5253,#5254,#5255,#5256,#5257,#5258,#5259,#5260,#5261,#5262,
#5263,#5264,#5265,#5266,#5267,#5268,#5269,#5270,#5271,#5272,#5273,#5274,
#5275,#5276,#5277,#5278,#5279,#5280),.UNSPECIFIED.,.F.,.F.,(4,2,2,2,2,2,
2,2,2,2,2,2,2,2,2,2,2,4),(-12.7381756167563,-12.635044648825,-12.4579274622588,
-12.2852100967022,-12.1082436732001,-11.9354191217225,-11.7586039656238,
-11.5856580567327,-11.4092626182795,-11.2360657848872,-11.059520127483,
-10.8864694022733,-10.7097727113823,-10.5368543095289,-10.360006269406,
-10.1872061597868,-10.010206924359,-9.90996758987861),.UNSPECIFIED.);
#793=B_SPLINE_CURVE_WITH_KNOTS('',3,(#5281,#5282,#5283,#5284,#5285,#5286,
#5287,#5288,#5289,#5290,#5291,#5292,#5293,#5294,#5295,#5296,#5297,#5298,
#5299,#5300,#5301,#5302,#5303,#5304,#5305,#5306,#5307,#5308,#5309,#5310,
#5311,#5312,#5313,#5314,#5315,#5316),.UNSPECIFIED.,.F.,.F.,(4,2,2,2,2,2,
2,2,2,2,2,2,2,2,2,2,2,4),(-8.51616298618809,-8.50157540777716,-8.32186905474172,
-8.14893002088114,-7.96913073109684,-7.79612188183888,-7.61623184755315,
-7.44315259928445,-7.26317389770016,-7.09002389454031,-6.90995848905051,
-6.73673756737205,-6.55658730961398,-6.38329546615179,-6.20306209874744,
-6.02969946221118,-5.84938462203513,-5.6814110224043),.UNSPECIFIED.);
#794=B_SPLINE_CURVE_WITH_KNOTS('',3,(#5321,#5322,#5323,#5324,#5325,#5326,
#5327,#5328,#5329,#5330,#5331,#5332,#5333,#5334,#5335,#5336,#5337,#5338,
#5339,#5340,#5341,#5342,#5343,#5344,#5345,#5346,#5347,#5348,#5349,#5350,
#5351,#5352,#5353,#5354,#5355,#5356),.UNSPECIFIED.,.F.,.F.,(4,2,2,2,2,2,
2,2,2,2,2,2,2,2,2,2,2,4),(-15.5668179005798,-15.4367524478136,-15.2584902907961,
-15.0861456891205,-14.9080181655801,-14.7356695033683,-14.5576794457635,
-14.38531590048,-14.2074659865701,-14.0350759736728,-13.8573686879897,-13.6849399233202,
-13.5073775174528,-13.3348970988249,-13.1574815512042,-12.9849360587508,
-12.8076690347846,-12.7381756167563),.UNSPECIFIED.);
#795=B_SPLINE_CURVE_WITH_KNOTS('',3,(#5357,#5358,#5359,#5360,#5361,#5362,
#5363,#5364,#5365,#5366,#5367,#5368,#5369,#5370,#5371,#5372,#5373,#5374,
#5375,#5376,#5377,#5378,#5379,#5380,#5381,#5382,#5383,#5384,#5385,#5386,
#5387,#5388,#5389,#5390,#5391,#5392),.UNSPECIFIED.,.F.,.F.,(4,2,2,2,2,2,
2,2,2,2,2,2,2,2,2,2,2,4),(-5.6814110224043,-5.67595142804215,-5.49555664991626,
-5.3220532190597,-5.14157993974617,-4.96800665854879,-4.78745622097049,
-4.61381352549853,-4.4331871830854,-4.25947554495595,-4.07877446607331,
-3.90499438062486,-3.72421965300131,-3.55037162937536,-3.36952426451082,
-3.19560881743583,-3.01468975492584,-2.84108138749614),.UNSPECIFIED.);
#796=B_SPLINE_CURVE_WITH_KNOTS('',3,(#5399,#5400,#5401,#5402,#5403,#5404,
#5405,#5406,#5407,#5408,#5409,#5410),.UNSPECIFIED.,.F.,.F.,(4,2,2,2,2,4),
(-19.1049533477723,-18.9386739180127,-18.7716893998842,-18.5989686610388,
-18.4196319085986,-18.3970830057539),.UNSPECIFIED.);
#797=B_SPLINE_CURVE_WITH_KNOTS('',3,(#5415,#5416,#5417,#5418,#5419,#5420,
#5421,#5422,#5423,#5424,#5425,#5426),.UNSPECIFIED.,.F.,.F.,(4,2,2,2,2,4),
(-0.399783693996071,-0.333508055619893,-0.238225334751059,-0.142429987465807,
-0.081100329791429,-9.99993412797995E-7),.UNSPECIFIED.);
#798=B_SPLINE_CURVE_WITH_KNOTS('',3,(#5428,#5429,#5430,#5431,#5432,#5433,
#5434,#5435,#5436,#5437,#5438,#5439),.UNSPECIFIED.,.F.,.F.,(4,2,2,2,2,4),
(1.00000003034885E-6,0.11809218837606,0.236592331042538,0.316460439414898,
0.472912687400248,0.668416690551501),.UNSPECIFIED.);
#799=B_SPLINE_CURVE_WITH_KNOTS('',3,(#5462,#5463,#5464,#5465,#5466,#5467,
#5468,#5469,#5470,#5471,#5472,#5473,#5474,#5475,#5476,#5477,#5478,#5479,
#5480,#5481),.UNSPECIFIED.,.F.,.F.,(4,2,2,2,2,2,2,2,2,4),(-1.58912635274836,
-1.57539385590049,-1.37371581594608,-1.17967689216054,-0.977905170845237,
-0.783794003733351,-0.581931259914821,-0.38774787050074,-0.185796619210303,
0.),.UNSPECIFIED.);
#800=B_SPLINE_CURVE_WITH_KNOTS('',3,(#5503,#5504,#5505,#5506,#5507,#5508,
#5509,#5510,#5511,#5512,#5513,#5514,#5515,#5516,#5517,#5518,#5519,#5520,
#5521,#5522,#5523,#5524,#5525,#5526,#5527,#5528,#5529,#5530,#5531,#5532,
#5533,#5534,#5535,#5536,#5537,#5538),.UNSPECIFIED.,.F.,.F.,(4,2,2,2,2,2,
2,2,2,2,2,2,2,2,2,2,2,4),(-4.76465549840319,-4.73488688337036,-4.53407096910127,
-4.34057244598389,-4.13963658649379,-3.94607828112278,-3.74502619110539,
-3.55140479254474,-3.35024008281465,-3.156552904757,-2.95527906932059,-2.76152398536731,
-2.56014439119926,-2.36631977167158,-2.16483765109943,-1.97094230255035,
-1.7693607478427,-1.58912635274836),.UNSPECIFIED.);
#801=B_SPLINE_CURVE_WITH_KNOTS('',3,(#5560,#5561,#5562,#5563,#5564,#5565,
#5566,#5567,#5568,#5569,#5570,#5571,#5572,#5573,#5574,#5575,#5576,#5577,
#5578,#5579,#5580,#5581,#5582,#5583,#5584,#5585,#5586,#5587,#5588,#5589,
#5590,#5591,#5592,#5593,#5594,#5595),.UNSPECIFIED.,.F.,.F.,(4,2,2,2,2,2,
2,2,2,2,2,2,2,2,2,2,2,4),(-7.93760515036562,-7.88311998999298,-7.6834030212635,
-7.49016870668594,-7.29030095417653,-7.09706283189524,-6.89704798464422,
-6.70379578438659,-6.50363764939469,-6.31036208682261,-6.11006454978769,
-5.91675731805564,-5.71632430705809,-5.52297805273283,-5.32241350529329,
-5.12902179136537,-4.92832962487509,-4.76465549840319),.UNSPECIFIED.);
#802=B_SPLINE_CURVE_WITH_KNOTS('',3,(#5617,#5618,#5619,#5620,#5621,#5622,
#5623,#5624,#5625,#5626,#5627,#5628,#5629,#5630,#5631,#5632,#5633,#5634,
#5635,#5636,#5637,#5638,#5639,#5640,#5641,#5642,#5643,#5644,#5645,#5646,
#5647,#5648,#5649,#5650,#5651,#5652),.UNSPECIFIED.,.F.,.F.,(4,2,2,2,2,2,
2,2,2,2,2,2,2,2,2,2,2,4),(-11.1094257244644,-11.0223264813205,-10.8239199544392,
-10.6302410397309,-10.431663751375,-10.2380930441732,-10.0393461491822,
-9.84586764465178,-9.64695276592865,-9.45355076333798,-9.25446995274178,
-9.06112921462398,-8.86188491042802,-8.66859080325802,-8.46918578542045,
-8.27592439941989,-8.07636174356698,-7.93760515036562),.UNSPECIFIED.);
#803=B_SPLINE_CURVE_WITH_KNOTS('',3,(#5674,#5675,#5676,#5677,#5678,#5679,
#5680,#5681,#5682,#5683,#5684,#5685,#5686,#5687,#5688,#5689,#5690,#5691,
#5692,#5693,#5694,#5695,#5696,#5697,#5698,#5699,#5700,#5701,#5702,#5703,
#5704,#5705,#5706,#5707,#5708,#5709),.UNSPECIFIED.,.F.,.F.,(4,2,2,2,2,2,
2,2,2,2,2,2,2,2,2,2,2,4),(-14.2810546430612,-14.1596843665025,-13.9608520000425,
-13.7673300666002,-13.5686665393802,-13.375044547441,-13.1765512564472,
-12.9828131146262,-12.7844909710626,-12.5906205480996,-12.3924699451943,
-12.1984512586055,-12.0004720451723,-11.8063721105822,-11.6083085306643,
-11.4143648517046,-11.216129738316,-11.1094257244644),.UNSPECIFIED.);
#804=B_SPLINE_CURVE_WITH_KNOTS('',3,(#5731,#5732,#5733,#5734,#5735,#5736,
#5737,#5738,#5739,#5740,#5741,#5742,#5743,#5744,#5745,#5746,#5747,#5748,
#5749,#5750,#5751,#5752,#5753,#5754,#5755,#5756,#5757,#5758,#5759,#5760,
#5761,#5762,#5763,#5764,#5765,#5766),.UNSPECIFIED.,.F.,.F.,(4,2,2,2,2,2,
2,2,2,2,2,2,2,2,2,2,2,4),(-17.453219809002,-17.3024888715518,-17.1024008337454,
-16.9091567905385,-16.7092139278542,-16.5159790269892,-16.3161850934012,
-16.1229485812666,-15.9233071924292,-15.7300573509693,-15.5305719411215,
-15.3372961280882,-15.1379699052293,-14.9446546167491,-14.7454905166439,
-14.5521214728742,-14.3531221128859,-14.2810546430612),.UNSPECIFIED.);
#805=B_SPLINE_CURVE_WITH_KNOTS('',3,(#5788,#5789,#5790,#5791,#5792,#5793,
#5794,#5795,#5796,#5797,#5798,#5799,#5800,#5801,#5802,#5803,#5804,#5805,
#5806,#5807,#5808,#5809,#5810,#5811,#5812,#5813,#5814,#5815,#5816,#5817,
#5818,#5819,#5820,#5821,#5822,#5823),.UNSPECIFIED.,.F.,.F.,(4,2,2,2,2,2,
2,2,2,2,2,2,2,2,2,2,2,4),(-20.6271048839337,-20.4552068803845,-20.2540971994811,
-20.0605072522366,-19.8595119557229,-19.6659835529542,-19.4651063046046,
-19.2716358037517,-19.0708803637394,-18.8774634008746,-18.6768336081978,
-18.4834650356626,-18.2829647873524,-18.0896386155797,-17.8892718424035,
-17.6959811883366,-17.4957518270821,-17.453219809002),.UNSPECIFIED.);
#806=B_SPLINE_CURVE_WITH_KNOTS('',3,(#5829,#5830,#5831,#5832,#5833,#5834),
 .UNSPECIFIED.,.F.,.F.,(4,2,4),(-24.0028958626631,-23.8132080085701,-23.8042551489381),
 .UNSPECIFIED.);
#807=B_SPLINE_CURVE_WITH_KNOTS('',3,(#6071,#6072,#6073,#6074,#6075,#6076,
#6077,#6078),.UNSPECIFIED.,.F.,.F.,(4,2,2,4),(5.40267390980966,5.44455913747337,
5.61563728684215,5.66379266553449),.UNSPECIFIED.);
#808=B_SPLINE_CURVE_WITH_KNOTS('',3,(#6106,#6107,#6108,#6109,#6110,#6111,
#6112,#6113,#6114,#6115),.UNSPECIFIED.,.F.,.F.,(4,2,2,2,4),(3.50226333923409,
3.60037718974572,3.71946790693941,3.95764934132679,3.9995191803492),
 .UNSPECIFIED.);
#809=B_SPLINE_CURVE_WITH_KNOTS('',3,(#6218,#6219,#6220,#6221),
 .UNSPECIFIED.,.F.,.F.,(4,4),(-0.0038494909196169,0.),.UNSPECIFIED.);
#810=B_SPLINE_CURVE_WITH_KNOTS('',3,(#6224,#6225,#6226,#6227),
 .UNSPECIFIED.,.F.,.F.,(4,4),(0.,0.0038494909196169),.UNSPECIFIED.);
#811=B_SPLINE_CURVE_WITH_KNOTS('',3,(#6261,#6262,#6263,#6264,#6265,#6266,
#6267,#6268),.UNSPECIFIED.,.F.,.F.,(4,1,1,2,4),(2.97707209568241E-15,0.0173712590181779,
0.0347425180363528,0.0868562950908774,0.0872024635328976),.UNSPECIFIED.);
#812=B_SPLINE_CURVE_WITH_KNOTS('',3,(#6269,#6270,#6271,#6272,#6273,#6274,
#6275,#6276),.UNSPECIFIED.,.F.,.F.,(4,2,1,1,4),(-0.0872024635328976,-0.0868562950908774,
-0.0347425180363528,-0.0173712590181779,-2.97707209568241E-15),
 .UNSPECIFIED.);
#813=B_SPLINE_CURVE_WITH_KNOTS('',3,(#6297,#6298,#6299,#6300),
 .UNSPECIFIED.,.F.,.F.,(4,4),(-0.003849490919617,0.),.UNSPECIFIED.);
#814=B_SPLINE_CURVE_WITH_KNOTS('',3,(#6303,#6304,#6305,#6306),
 .UNSPECIFIED.,.F.,.F.,(4,4),(0.,0.003849490919617),.UNSPECIFIED.);
#815=B_SPLINE_CURVE_WITH_KNOTS('',3,(#6340,#6341,#6342,#6343,#6344,#6345,
#6346,#6347),.UNSPECIFIED.,.F.,.F.,(4,1,1,2,4),(-0.0868562950908835,-0.0694850360727068,
-0.0521137770545301,0.,0.000346168442009694),.UNSPECIFIED.);
#816=B_SPLINE_CURVE_WITH_KNOTS('',3,(#6348,#6349,#6350,#6351,#6352,#6353,
#6354,#6355),.UNSPECIFIED.,.F.,.F.,(4,2,1,1,4),(-0.000346168442009694,0.,
0.0521137770545301,0.0694850360727068,0.0868562950908835),.UNSPECIFIED.);
#817=B_SPLINE_CURVE_WITH_KNOTS('',3,(#6477,#6478,#6479,#6480,#6481,#6482),
 .UNSPECIFIED.,.F.,.F.,(4,1,1,4),(-0.211273127230116,-0.15090937659294,
-0.0905456259557642,0.),.UNSPECIFIED.);
#818=B_SPLINE_CURVE_WITH_KNOTS('',3,(#6483,#6484,#6485,#6486,#6487,#6488),
 .UNSPECIFIED.,.F.,.F.,(4,1,1,4),(0.,0.0905456259557642,0.15090937659294,
0.211273127230116),.UNSPECIFIED.);
#819=B_SPLINE_CURVE_WITH_KNOTS('',3,(#6540,#6541,#6542,#6543,#6544),
 .UNSPECIFIED.,.F.,.F.,(4,1,4),(0.,0.0294649466906445,0.0514549043997552),
 .UNSPECIFIED.);
#820=B_SPLINE_CURVE_WITH_KNOTS('',3,(#6546,#6547,#6548,#6549,#6550),
 .UNSPECIFIED.,.F.,.F.,(4,1,4),(0.,0.0182093972845248,0.0371071852228689),
 .UNSPECIFIED.);
#821=B_SPLINE_CURVE_WITH_KNOTS('',3,(#6552,#6553,#6554,#6555,#6556),
 .UNSPECIFIED.,.F.,.F.,(4,1,4),(0.,0.0195708314160315,0.0394804999933174),
 .UNSPECIFIED.);
#822=B_SPLINE_CURVE_WITH_KNOTS('',3,(#6558,#6559,#6560,#6561,#6562),
 .UNSPECIFIED.,.F.,.F.,(4,1,4),(0.,0.024889289151294,0.0489812078037576),
 .UNSPECIFIED.);
#823=B_SPLINE_CURVE_WITH_KNOTS('',3,(#6564,#6565,#6566,#6567,#6568),
 .UNSPECIFIED.,.F.,.F.,(4,1,4),(0.,0.0265113028212041,0.0588784780658848),
 .UNSPECIFIED.);
#824=B_SPLINE_CURVE_WITH_KNOTS('',3,(#6570,#6571,#6572,#6573,#6574),
 .UNSPECIFIED.,.F.,.F.,(4,1,4),(0.,0.0131438441562376,0.0235722861551416),
 .UNSPECIFIED.);
#825=B_SPLINE_CURVE_WITH_KNOTS('',3,(#6576,#6577,#6578,#6579,#6580),
 .UNSPECIFIED.,.F.,.F.,(4,1,4),(0.,0.020568471368229,0.0432085656741403),
 .UNSPECIFIED.);
#826=B_SPLINE_CURVE_WITH_KNOTS('',3,(#6588,#6589,#6590,#6591,#6592),
 .UNSPECIFIED.,.F.,.F.,(4,1,4),(0.,0.023861384711343,0.041922085516177),
 .UNSPECIFIED.);
#827=B_SPLINE_CURVE_WITH_KNOTS('',3,(#6594,#6595,#6596,#6597,#6598),
 .UNSPECIFIED.,.F.,.F.,(4,1,4),(0.,0.0134895750309853,0.0237681386240772),
 .UNSPECIFIED.);
#828=B_SPLINE_CURVE_WITH_KNOTS('',3,(#6600,#6601,#6602,#6603,#6604),
 .UNSPECIFIED.,.F.,.F.,(4,1,4),(0.,0.00850795905641853,0.0165500465033175),
 .UNSPECIFIED.);
#829=B_SPLINE_CURVE_WITH_KNOTS('',3,(#6606,#6607,#6608,#6609,#6610),
 .UNSPECIFIED.,.F.,.F.,(4,1,4),(0.,0.00747197159111582,0.0184753411158626),
 .UNSPECIFIED.);
#830=B_SPLINE_CURVE_WITH_KNOTS('',3,(#6614,#6615,#6616,#6617,#6618),
 .UNSPECIFIED.,.F.,.F.,(4,1,4),(0.,0.0271542709249451,0.0519841826709461),
 .UNSPECIFIED.);
#831=B_SPLINE_CURVE_WITH_KNOTS('',3,(#6620,#6621,#6622,#6623,#6624),
 .UNSPECIFIED.,.F.,.F.,(4,1,4),(0.,0.0248007521334657,0.0518736159308806),
 .UNSPECIFIED.);
#832=B_SPLINE_CURVE_WITH_KNOTS('',3,(#6628,#6629,#6630,#6631,#6632),
 .UNSPECIFIED.,.F.,.F.,(4,1,4),(0.,0.0163686507744408,0.0289317195825255),
 .UNSPECIFIED.);
#833=B_SPLINE_CURVE_WITH_KNOTS('',3,(#6634,#6635,#6636,#6637,#6638),
 .UNSPECIFIED.,.F.,.F.,(4,1,4),(0.,0.0170338557459003,0.0341490483597788),
 .UNSPECIFIED.);
#834=B_SPLINE_CURVE_WITH_KNOTS('',3,(#6640,#6641,#6642,#6643,#6644),
 .UNSPECIFIED.,.F.,.F.,(4,1,4),(0.,0.013921625048725,0.0273829273594687),
 .UNSPECIFIED.);
#835=B_SPLINE_CURVE_WITH_KNOTS('',3,(#6646,#6647,#6648,#6649,#6650),
 .UNSPECIFIED.,.F.,.F.,(4,1,4),(0.,0.0183589917633712,0.0387777492853456),
 .UNSPECIFIED.);
#836=B_SPLINE_CURVE_WITH_KNOTS('',3,(#6652,#6653,#6654,#6655,#6656),
 .UNSPECIFIED.,.F.,.F.,(4,1,4),(0.,0.025406157526475,0.0586999596178374),
 .UNSPECIFIED.);
#837=B_SPLINE_CURVE_WITH_KNOTS('',3,(#6658,#6659,#6660,#6661,#6662),
 .UNSPECIFIED.,.F.,.F.,(4,1,4),(0.,0.0191870011276849,0.0372473877893293),
 .UNSPECIFIED.);
#838=B_SPLINE_CURVE_WITH_KNOTS('',3,(#6664,#6665,#6666,#6667,#6668),
 .UNSPECIFIED.,.F.,.F.,(4,1,4),(0.,0.017524275301359,0.0348268144780935),
 .UNSPECIFIED.);
#839=B_SPLINE_CURVE_WITH_KNOTS('',3,(#6670,#6671,#6672,#6673,#6674),
 .UNSPECIFIED.,.F.,.F.,(4,1,4),(0.,0.0289709599536609,0.0582311668868252),
 .UNSPECIFIED.);
#840=B_SPLINE_CURVE_WITH_KNOTS('',3,(#6676,#6677,#6678,#6679,#6680),
 .UNSPECIFIED.,.F.,.F.,(4,1,4),(0.,0.0305377756263253,0.0634897886645414),
 .UNSPECIFIED.);
#841=B_SPLINE_CURVE_WITH_KNOTS('',3,(#6682,#6683,#6684,#6685,#6686),
 .UNSPECIFIED.,.F.,.F.,(4,1,4),(0.,0.0228433620132763,0.0452167334472166),
 .UNSPECIFIED.);
#842=B_SPLINE_CURVE_WITH_KNOTS('',3,(#6688,#6689,#6690,#6691,#6692),
 .UNSPECIFIED.,.F.,.F.,(4,1,4),(0.,0.0215264376451747,0.0420863478661218),
 .UNSPECIFIED.);
#843=B_SPLINE_CURVE_WITH_KNOTS('',3,(#6694,#6695,#6696,#6697,#6698),
 .UNSPECIFIED.,.F.,.F.,(4,1,4),(0.,0.0205727255600738,0.0420578009062115),
 .UNSPECIFIED.);
#844=B_SPLINE_CURVE_WITH_KNOTS('',3,(#6700,#6701,#6702,#6703,#6704),
 .UNSPECIFIED.,.F.,.F.,(4,1,4),(0.,0.0355386252502821,0.0704433991818013),
 .UNSPECIFIED.);
#845=B_SPLINE_CURVE_WITH_KNOTS('',3,(#6706,#6707,#6708,#6709,#6710),
 .UNSPECIFIED.,.F.,.F.,(4,1,4),(0.,0.0415476125950567,0.0975332713306553),
 .UNSPECIFIED.);
#846=B_SPLINE_CURVE_WITH_KNOTS('',3,(#6712,#6713,#6714,#6715,#6716),
 .UNSPECIFIED.,.F.,.F.,(4,1,4),(0.,0.0629421673948281,0.110221752497261),
 .UNSPECIFIED.);
#847=B_SPLINE_CURVE_WITH_KNOTS('',3,(#6717,#6718,#6719,#6720,#6721),
 .UNSPECIFIED.,.F.,.F.,(4,1,4),(0.,0.0348305207626607,0.0710588563558034),
 .UNSPECIFIED.);
#848=B_SPLINE_CURVE_WITH_KNOTS('',3,(#6732,#6733,#6734,#6735,#6736),
 .UNSPECIFIED.,.F.,.F.,(4,1,4),(0.,0.0329173639994259,0.064204335718359),
 .UNSPECIFIED.);
#849=B_SPLINE_CURVE_WITH_KNOTS('',3,(#6738,#6739,#6740,#6741,#6742),
 .UNSPECIFIED.,.F.,.F.,(4,1,4),(0.,0.0450110461466577,0.10594955792589),
 .UNSPECIFIED.);
#850=B_SPLINE_CURVE_WITH_KNOTS('',3,(#6744,#6745,#6746,#6747,#6748),
 .UNSPECIFIED.,.F.,.F.,(4,1,4),(0.,0.0400760513552295,0.0721705373701478),
 .UNSPECIFIED.);
#851=B_SPLINE_CURVE_WITH_KNOTS('',3,(#6750,#6751,#6752,#6753,#6754),
 .UNSPECIFIED.,.F.,.F.,(4,1,4),(0.,0.0264887288252541,0.0502400414088313),
 .UNSPECIFIED.);
#852=B_SPLINE_CURVE_WITH_KNOTS('',3,(#6756,#6757,#6758,#6759,#6760),
 .UNSPECIFIED.,.F.,.F.,(4,1,4),(0.,0.0231012792630525,0.0483307306167026),
 .UNSPECIFIED.);
#853=B_SPLINE_CURVE_WITH_KNOTS('',3,(#6762,#6763,#6764,#6765,#6766),
 .UNSPECIFIED.,.F.,.F.,(4,1,4),(0.,0.0189947327874494,0.0364966469802806),
 .UNSPECIFIED.);
#854=B_SPLINE_CURVE_WITH_KNOTS('',3,(#6768,#6769,#6770,#6771,#6772),
 .UNSPECIFIED.,.F.,.F.,(4,1,4),(0.,0.0170237950740929,0.0345513500433591),
 .UNSPECIFIED.);
#855=B_SPLINE_CURVE_WITH_KNOTS('',3,(#6774,#6775,#6776,#6777,#6778),
 .UNSPECIFIED.,.F.,.F.,(4,1,4),(0.,0.0190878941500721,0.0404160697114683),
 .UNSPECIFIED.);
#856=B_SPLINE_CURVE_WITH_KNOTS('',3,(#6780,#6781,#6782,#6783,#6784),
 .UNSPECIFIED.,.F.,.F.,(4,1,4),(0.,0.0260729268743387,0.059462912769661),
 .UNSPECIFIED.);
#857=B_SPLINE_CURVE_WITH_KNOTS('',3,(#6786,#6787,#6788,#6789,#6790),
 .UNSPECIFIED.,.F.,.F.,(4,1,4),(0.,0.0398194455742193,0.071817022700939),
 .UNSPECIFIED.);
#858=B_SPLINE_CURVE_WITH_KNOTS('',3,(#6792,#6793,#6794,#6795,#6796),
 .UNSPECIFIED.,.F.,.F.,(4,1,4),(0.,0.0264807285322979,0.0502657635212006),
 .UNSPECIFIED.);
#859=B_SPLINE_CURVE_WITH_KNOTS('',3,(#6797,#6798,#6799,#6800,#6801),
 .UNSPECIFIED.,.F.,.F.,(4,1,4),(0.,0.0231692565364751,0.0485283583448409),
 .UNSPECIFIED.);
#860=B_SPLINE_CURVE_WITH_KNOTS('',3,(#6826,#6827,#6828,#6829,#6830),
 .UNSPECIFIED.,.F.,.F.,(4,1,4),(0.,0.0195341607971637,0.0394826238535885),
 .UNSPECIFIED.);
#861=B_SPLINE_CURVE_WITH_KNOTS('',3,(#6834,#6835,#6836,#6837,#6838),
 .UNSPECIFIED.,.F.,.F.,(4,1,4),(0.,0.0195341607971637,0.0394826238535885),
 .UNSPECIFIED.);
#862=B_SPLINE_CURVE_WITH_KNOTS('',3,(#6851,#6852,#6853,#6854,#6855),
 .UNSPECIFIED.,.F.,.F.,(4,1,4),(0.,0.0222129817351842,0.0425729810196191),
 .UNSPECIFIED.);
#863=B_SPLINE_CURVE_WITH_KNOTS('',3,(#6858,#6859,#6860,#6861,#6862),
 .UNSPECIFIED.,.F.,.F.,(4,1,4),(0.,0.0222129817351842,0.0425729810196191),
 .UNSPECIFIED.);
#864=B_SPLINE_CURVE_WITH_KNOTS('',3,(#6874,#6875,#6876,#6877,#6878),
 .UNSPECIFIED.,.F.,.F.,(4,1,4),(0.,0.0514989389083258,0.084001482241549),
 .UNSPECIFIED.);
#865=B_SPLINE_CURVE_WITH_KNOTS('',3,(#6881,#6882,#6883,#6884,#6885),
 .UNSPECIFIED.,.F.,.F.,(4,1,4),(0.,0.0514989389083258,0.084001482241549),
 .UNSPECIFIED.);
#866=B_SPLINE_CURVE_WITH_KNOTS('',3,(#6897,#6898,#6899,#6900,#6901),
 .UNSPECIFIED.,.F.,.F.,(4,1,4),(0.,0.0325427528697574,0.0838290401536396),
 .UNSPECIFIED.);
#867=B_SPLINE_CURVE_WITH_KNOTS('',3,(#6904,#6905,#6906,#6907,#6908),
 .UNSPECIFIED.,.F.,.F.,(4,1,4),(0.,0.0325427528697574,0.0838290401536396),
 .UNSPECIFIED.);
#868=B_SPLINE_CURVE_WITH_KNOTS('',3,(#6920,#6921,#6922,#6923,#6924),
 .UNSPECIFIED.,.F.,.F.,(4,1,4),(0.,0.0201232004917093,0.042362216263475),
 .UNSPECIFIED.);
#869=B_SPLINE_CURVE_WITH_KNOTS('',3,(#6927,#6928,#6929,#6930,#6931),
 .UNSPECIFIED.,.F.,.F.,(4,1,4),(0.,0.0201232004917093,0.042362216263475),
 .UNSPECIFIED.);
#870=B_SPLINE_CURVE_WITH_KNOTS('',3,(#6943,#6944,#6945,#6946,#6947),
 .UNSPECIFIED.,.F.,.F.,(4,1,4),(0.,0.0221949259774484,0.0423126620254376),
 .UNSPECIFIED.);
#871=B_SPLINE_CURVE_WITH_KNOTS('',3,(#6950,#6951,#6952,#6953,#6954),
 .UNSPECIFIED.,.F.,.F.,(4,1,4),(0.,0.0221949259774484,0.0423126620254376),
 .UNSPECIFIED.);
#872=B_SPLINE_CURVE_WITH_KNOTS('',3,(#6966,#6967,#6968,#6969,#6970),
 .UNSPECIFIED.,.F.,.F.,(4,1,4),(0.,0.0513926125529843,0.0839152726628035),
 .UNSPECIFIED.);
#873=B_SPLINE_CURVE_WITH_KNOTS('',3,(#6973,#6974,#6975,#6976,#6977),
 .UNSPECIFIED.,.F.,.F.,(4,1,4),(0.,0.0513926125529843,0.0839152726628035),
 .UNSPECIFIED.);
#874=B_SPLINE_CURVE_WITH_KNOTS('',3,(#6988,#6989,#6990,#6991,#6992),
 .UNSPECIFIED.,.F.,.F.,(4,1,4),(0.,0.0346355041912615,0.0866711569932208),
 .UNSPECIFIED.);
#875=B_SPLINE_CURVE_WITH_KNOTS('',3,(#6993,#6994,#6995,#6996,#6997),
 .UNSPECIFIED.,.F.,.F.,(4,1,4),(0.,0.0346355041912615,0.0866711569932208),
 .UNSPECIFIED.);
#876=B_SPLINE_CURVE_WITH_KNOTS('',3,(#7011,#7012,#7013,#7014,#7015),
 .UNSPECIFIED.,.F.,.F.,(4,1,4),(0.,0.0329173639994259,0.064204335718359),
 .UNSPECIFIED.);
#877=B_SPLINE_CURVE_WITH_KNOTS('',3,(#7029,#7030,#7031,#7032,#7033),
 .UNSPECIFIED.,.F.,.F.,(4,1,4),(0.,0.0231692565364751,0.0485283583448409),
 .UNSPECIFIED.);
#878=B_SPLINE_CURVE_WITH_KNOTS('',3,(#7046,#7047,#7048,#7049,#7050),
 .UNSPECIFIED.,.F.,.F.,(4,1,4),(0.,0.0264807285322979,0.0502657635212006),
 .UNSPECIFIED.);
#879=B_SPLINE_CURVE_WITH_KNOTS('',3,(#7063,#7064,#7065,#7066,#7067),
 .UNSPECIFIED.,.F.,.F.,(4,1,4),(0.,0.0398194455742193,0.071817022700939),
 .UNSPECIFIED.);
#880=B_SPLINE_CURVE_WITH_KNOTS('',3,(#7080,#7081,#7082,#7083,#7084),
 .UNSPECIFIED.,.F.,.F.,(4,1,4),(0.,0.0260729268743387,0.059462912769661),
 .UNSPECIFIED.);
#881=B_SPLINE_CURVE_WITH_KNOTS('',3,(#7097,#7098,#7099,#7100,#7101),
 .UNSPECIFIED.,.F.,.F.,(4,1,4),(0.,0.0190878941500721,0.0404160697114683),
 .UNSPECIFIED.);
#882=B_SPLINE_CURVE_WITH_KNOTS('',3,(#7114,#7115,#7116,#7117,#7118),
 .UNSPECIFIED.,.F.,.F.,(4,1,4),(0.,0.0170237950740929,0.0345513500433591),
 .UNSPECIFIED.);
#883=B_SPLINE_CURVE_WITH_KNOTS('',3,(#7131,#7132,#7133,#7134,#7135),
 .UNSPECIFIED.,.F.,.F.,(4,1,4),(0.,0.0189947327874494,0.0364966469802806),
 .UNSPECIFIED.);
#884=B_SPLINE_CURVE_WITH_KNOTS('',3,(#7148,#7149,#7150,#7151,#7152),
 .UNSPECIFIED.,.F.,.F.,(4,1,4),(0.,0.0231012792630525,0.0483307306167026),
 .UNSPECIFIED.);
#885=B_SPLINE_CURVE_WITH_KNOTS('',3,(#7165,#7166,#7167,#7168,#7169),
 .UNSPECIFIED.,.F.,.F.,(4,1,4),(0.,0.0264887288252541,0.0502400414088313),
 .UNSPECIFIED.);
#886=B_SPLINE_CURVE_WITH_KNOTS('',3,(#7182,#7183,#7184,#7185,#7186),
 .UNSPECIFIED.,.F.,.F.,(4,1,4),(0.,0.0400760513552295,0.0721705373701478),
 .UNSPECIFIED.);
#887=B_SPLINE_CURVE_WITH_KNOTS('',3,(#7197,#7198,#7199,#7200,#7201),
 .UNSPECIFIED.,.F.,.F.,(4,1,4),(0.,0.0450110461466577,0.10594955792589),
 .UNSPECIFIED.);
#888=B_SPLINE_CURVE_WITH_KNOTS('',3,(#7232,#7233,#7234,#7235,#7236),
 .UNSPECIFIED.,.F.,.F.,(4,1,4),(0.,0.0195860366774826,0.0391710185292949),
 .UNSPECIFIED.);
#889=B_SPLINE_CURVE_WITH_KNOTS('',3,(#7240,#7241,#7242,#7243,#7244),
 .UNSPECIFIED.,.F.,.F.,(4,1,4),(0.,0.0195860366774826,0.0391710185292949),
 .UNSPECIFIED.);
#890=B_SPLINE_CURVE_WITH_KNOTS('',3,(#7257,#7258,#7259,#7260,#7261),
 .UNSPECIFIED.,.F.,.F.,(4,1,4),(0.,0.019201995665755,0.0387461354855912),
 .UNSPECIFIED.);
#891=B_SPLINE_CURVE_WITH_KNOTS('',3,(#7264,#7265,#7266,#7267,#7268),
 .UNSPECIFIED.,.F.,.F.,(4,1,4),(0.,0.019201995665755,0.0387461354855912),
 .UNSPECIFIED.);
#892=B_SPLINE_CURVE_WITH_KNOTS('',3,(#7280,#7281,#7282,#7283,#7284),
 .UNSPECIFIED.,.F.,.F.,(4,1,4),(0.,0.0234269726186376,0.0439111980958861),
 .UNSPECIFIED.);
#893=B_SPLINE_CURVE_WITH_KNOTS('',3,(#7287,#7288,#7289,#7290,#7291),
 .UNSPECIFIED.,.F.,.F.,(4,1,4),(0.,0.0234269726186376,0.0439111980958861),
 .UNSPECIFIED.);
#894=B_SPLINE_CURVE_WITH_KNOTS('',3,(#7303,#7304,#7305,#7306,#7307),
 .UNSPECIFIED.,.F.,.F.,(4,1,4),(0.,0.0212683521773062,0.0456505477850693),
 .UNSPECIFIED.);
#895=B_SPLINE_CURVE_WITH_KNOTS('',3,(#7310,#7311,#7312,#7313,#7314),
 .UNSPECIFIED.,.F.,.F.,(4,1,4),(0.,0.0212683521773062,0.0456505477850693),
 .UNSPECIFIED.);
#896=B_SPLINE_CURVE_WITH_KNOTS('',3,(#7326,#7327,#7328,#7329,#7330),
 .UNSPECIFIED.,.F.,.F.,(4,1,4),(0.,0.018497048287218,0.0378364412307989),
 .UNSPECIFIED.);
#897=B_SPLINE_CURVE_WITH_KNOTS('',3,(#7333,#7334,#7335,#7336,#7337),
 .UNSPECIFIED.,.F.,.F.,(4,1,4),(0.,0.018497048287218,0.0378364412307989),
 .UNSPECIFIED.);
#898=B_SPLINE_CURVE_WITH_KNOTS('',3,(#7349,#7350,#7351,#7352,#7353),
 .UNSPECIFIED.,.F.,.F.,(4,1,4),(0.,0.0136494702007036,0.0267902500290557),
 .UNSPECIFIED.);
#899=B_SPLINE_CURVE_WITH_KNOTS('',3,(#7356,#7357,#7358,#7359,#7360),
 .UNSPECIFIED.,.F.,.F.,(4,1,4),(0.,0.0136494702007036,0.0267902500290557),
 .UNSPECIFIED.);
#900=B_SPLINE_CURVE_WITH_KNOTS('',3,(#7372,#7373,#7374,#7375,#7376),
 .UNSPECIFIED.,.F.,.F.,(4,1,4),(0.,0.0151098050575091,0.0293455613528039),
 .UNSPECIFIED.);
#901=B_SPLINE_CURVE_WITH_KNOTS('',3,(#7379,#7380,#7381,#7382,#7383),
 .UNSPECIFIED.,.F.,.F.,(4,1,4),(0.,0.0151098050575091,0.0293455613528039),
 .UNSPECIFIED.);
#902=B_SPLINE_CURVE_WITH_KNOTS('',3,(#7395,#7396,#7397,#7398,#7399),
 .UNSPECIFIED.,.F.,.F.,(4,1,4),(0.,0.0156095227776296,0.0312823545455265),
 .UNSPECIFIED.);
#903=B_SPLINE_CURVE_WITH_KNOTS('',3,(#7402,#7403,#7404,#7405,#7406),
 .UNSPECIFIED.,.F.,.F.,(4,1,4),(0.,0.0156095227776296,0.0312823545455265),
 .UNSPECIFIED.);
#904=B_SPLINE_CURVE_WITH_KNOTS('',3,(#7417,#7418,#7419,#7420,#7421),
 .UNSPECIFIED.,.F.,.F.,(4,1,4),(0.,0.0203857660965441,0.0425757266567558),
 .UNSPECIFIED.);
#905=B_SPLINE_CURVE_WITH_KNOTS('',3,(#7422,#7423,#7424,#7425,#7426),
 .UNSPECIFIED.,.F.,.F.,(4,1,4),(0.,0.0203857660965441,0.0425757266567558),
 .UNSPECIFIED.);
#906=B_SPLINE_CURVE_WITH_KNOTS('',3,(#7440,#7441,#7442,#7443,#7444),
 .UNSPECIFIED.,.F.,.F.,(4,1,4),(0.,0.0271542709249451,0.0519841826709461),
 .UNSPECIFIED.);
#907=B_SPLINE_CURVE_WITH_KNOTS('',3,(#7458,#7459,#7460,#7461,#7462),
 .UNSPECIFIED.,.F.,.F.,(4,1,4),(0.,0.0348305207626607,0.0710588563558034),
 .UNSPECIFIED.);
#908=B_SPLINE_CURVE_WITH_KNOTS('',3,(#7475,#7476,#7477,#7478,#7479),
 .UNSPECIFIED.,.F.,.F.,(4,1,4),(0.,0.0629421673948281,0.110221752497261),
 .UNSPECIFIED.);
#909=B_SPLINE_CURVE_WITH_KNOTS('',3,(#7492,#7493,#7494,#7495,#7496),
 .UNSPECIFIED.,.F.,.F.,(4,1,4),(0.,0.0415476125950567,0.0975332713306553),
 .UNSPECIFIED.);
#910=B_SPLINE_CURVE_WITH_KNOTS('',3,(#7509,#7510,#7511,#7512,#7513),
 .UNSPECIFIED.,.F.,.F.,(4,1,4),(0.,0.0355386252502821,0.0704433991818013),
 .UNSPECIFIED.);
#911=B_SPLINE_CURVE_WITH_KNOTS('',3,(#7526,#7527,#7528,#7529,#7530),
 .UNSPECIFIED.,.F.,.F.,(4,1,4),(0.,0.0205727255600738,0.0420578009062115),
 .UNSPECIFIED.);
#912=B_SPLINE_CURVE_WITH_KNOTS('',3,(#7543,#7544,#7545,#7546,#7547),
 .UNSPECIFIED.,.F.,.F.,(4,1,4),(0.,0.0215264376451747,0.0420863478661218),
 .UNSPECIFIED.);
#913=B_SPLINE_CURVE_WITH_KNOTS('',3,(#7560,#7561,#7562,#7563,#7564),
 .UNSPECIFIED.,.F.,.F.,(4,1,4),(0.,0.0228433620132763,0.0452167334472166),
 .UNSPECIFIED.);
#914=B_SPLINE_CURVE_WITH_KNOTS('',3,(#7577,#7578,#7579,#7580,#7581),
 .UNSPECIFIED.,.F.,.F.,(4,1,4),(0.,0.0305377756263253,0.0634897886645414),
 .UNSPECIFIED.);
#915=B_SPLINE_CURVE_WITH_KNOTS('',3,(#7594,#7595,#7596,#7597,#7598),
 .UNSPECIFIED.,.F.,.F.,(4,1,4),(0.,0.0289709599536609,0.0582311668868252),
 .UNSPECIFIED.);
#916=B_SPLINE_CURVE_WITH_KNOTS('',3,(#7611,#7612,#7613,#7614,#7615),
 .UNSPECIFIED.,.F.,.F.,(4,1,4),(0.,0.017524275301359,0.0348268144780935),
 .UNSPECIFIED.);
#917=B_SPLINE_CURVE_WITH_KNOTS('',3,(#7628,#7629,#7630,#7631,#7632),
 .UNSPECIFIED.,.F.,.F.,(4,1,4),(0.,0.0191870011276849,0.0372473877893293),
 .UNSPECIFIED.);
#918=B_SPLINE_CURVE_WITH_KNOTS('',3,(#7645,#7646,#7647,#7648,#7649),
 .UNSPECIFIED.,.F.,.F.,(4,1,4),(0.,0.025406157526475,0.0586999596178374),
 .UNSPECIFIED.);
#919=B_SPLINE_CURVE_WITH_KNOTS('',3,(#7662,#7663,#7664,#7665,#7666),
 .UNSPECIFIED.,.F.,.F.,(4,1,4),(0.,0.0183589917633712,0.0387777492853456),
 .UNSPECIFIED.);
#920=B_SPLINE_CURVE_WITH_KNOTS('',3,(#7679,#7680,#7681,#7682,#7683),
 .UNSPECIFIED.,.F.,.F.,(4,1,4),(0.,0.013921625048725,0.0273829273594687),
 .UNSPECIFIED.);
#921=B_SPLINE_CURVE_WITH_KNOTS('',3,(#7696,#7697,#7698,#7699,#7700),
 .UNSPECIFIED.,.F.,.F.,(4,1,4),(0.,0.0170338557459003,0.0341490483597788),
 .UNSPECIFIED.);
#922=B_SPLINE_CURVE_WITH_KNOTS('',3,(#7713,#7714,#7715,#7716,#7717),
 .UNSPECIFIED.,.F.,.F.,(4,1,4),(0.,0.0163686507744408,0.0289317195825255),
 .UNSPECIFIED.);
#923=B_SPLINE_CURVE_WITH_KNOTS('',3,(#7732,#7733,#7734,#7735,#7736),
 .UNSPECIFIED.,.F.,.F.,(4,1,4),(0.,0.0248007521334657,0.0518736159308806),
 .UNSPECIFIED.);
#924=B_SPLINE_CURVE_WITH_KNOTS('',3,(#7758,#7759,#7760,#7761,#7762),
 .UNSPECIFIED.,.F.,.F.,(4,1,4),(0.,0.0186862616483021,0.0429215259438671),
 .UNSPECIFIED.);
#925=B_SPLINE_CURVE_WITH_KNOTS('',3,(#7765,#7766,#7767,#7768,#7769),
 .UNSPECIFIED.,.F.,.F.,(4,1,4),(0.,0.0186862616483021,0.0429215259438671),
 .UNSPECIFIED.);
#926=B_SPLINE_CURVE_WITH_KNOTS('',3,(#7781,#7782,#7783,#7784,#7785),
 .UNSPECIFIED.,.F.,.F.,(4,1,4),(0.,0.0164753978789932,0.0326718544560402),
 .UNSPECIFIED.);
#927=B_SPLINE_CURVE_WITH_KNOTS('',3,(#7788,#7789,#7790,#7791,#7792),
 .UNSPECIFIED.,.F.,.F.,(4,1,4),(0.,0.0164753978789932,0.0326718544560402),
 .UNSPECIFIED.);
#928=B_SPLINE_CURVE_WITH_KNOTS('',3,(#7804,#7805,#7806,#7807,#7808),
 .UNSPECIFIED.,.F.,.F.,(4,1,4),(0.,0.0118643355454598,0.023642413939823),
 .UNSPECIFIED.);
#929=B_SPLINE_CURVE_WITH_KNOTS('',3,(#7811,#7812,#7813,#7814,#7815),
 .UNSPECIFIED.,.F.,.F.,(4,1,4),(0.,0.0118643355454598,0.023642413939823),
 .UNSPECIFIED.);
#930=B_SPLINE_CURVE_WITH_KNOTS('',3,(#7827,#7828,#7829,#7830,#7831),
 .UNSPECIFIED.,.F.,.F.,(4,1,4),(0.,0.0128002055052866,0.0248996540374718),
 .UNSPECIFIED.);
#931=B_SPLINE_CURVE_WITH_KNOTS('',3,(#7834,#7835,#7836,#7837,#7838),
 .UNSPECIFIED.,.F.,.F.,(4,1,4),(0.,0.0128002055052866,0.0248996540374718),
 .UNSPECIFIED.);
#932=B_SPLINE_CURVE_WITH_KNOTS('',3,(#7850,#7851,#7852,#7853,#7854),
 .UNSPECIFIED.,.F.,.F.,(4,1,4),(0.,0.0202420419061385,0.0359046709298521),
 .UNSPECIFIED.);
#933=B_SPLINE_CURVE_WITH_KNOTS('',3,(#7857,#7858,#7859,#7860,#7861),
 .UNSPECIFIED.,.F.,.F.,(4,1,4),(0.,0.0202420419061385,0.0359046709298521),
 .UNSPECIFIED.);
#934=B_SPLINE_CURVE_WITH_KNOTS('',3,(#7893,#7894,#7895,#7896,#7897),
 .UNSPECIFIED.,.F.,.F.,(4,1,4),(0.,0.00747197159111582,0.0184753411158626),
 .UNSPECIFIED.);
#935=B_SPLINE_CURVE_WITH_KNOTS('',3,(#7910,#7911,#7912,#7913,#7914),
 .UNSPECIFIED.,.F.,.F.,(4,1,4),(0.,0.00850795905641853,0.0165500465033175),
 .UNSPECIFIED.);
#936=B_SPLINE_CURVE_WITH_KNOTS('',3,(#7927,#7928,#7929,#7930,#7931),
 .UNSPECIFIED.,.F.,.F.,(4,1,4),(0.,0.0134895750309853,0.0237681386240772),
 .UNSPECIFIED.);
#937=B_SPLINE_CURVE_WITH_KNOTS('',3,(#7944,#7945,#7946,#7947,#7948),
 .UNSPECIFIED.,.F.,.F.,(4,1,4),(0.,0.023861384711343,0.041922085516177),
 .UNSPECIFIED.);
#938=B_SPLINE_CURVE_WITH_KNOTS('',3,(#7973,#7974,#7975,#7976,#7977),
 .UNSPECIFIED.,.F.,.F.,(4,1,4),(0.,0.020568471368229,0.0432085656741403),
 .UNSPECIFIED.);
#939=B_SPLINE_CURVE_WITH_KNOTS('',3,(#7990,#7991,#7992,#7993,#7994),
 .UNSPECIFIED.,.F.,.F.,(4,1,4),(0.,0.0131438441562376,0.0235722861551416),
 .UNSPECIFIED.);
#940=B_SPLINE_CURVE_WITH_KNOTS('',3,(#8007,#8008,#8009,#8010,#8011),
 .UNSPECIFIED.,.F.,.F.,(4,1,4),(0.,0.0265113028212041,0.0588784780658848),
 .UNSPECIFIED.);
#941=B_SPLINE_CURVE_WITH_KNOTS('',3,(#8024,#8025,#8026,#8027,#8028),
 .UNSPECIFIED.,.F.,.F.,(4,1,4),(0.,0.024889289151294,0.0489812078037576),
 .UNSPECIFIED.);
#942=B_SPLINE_CURVE_WITH_KNOTS('',3,(#8041,#8042,#8043,#8044,#8045),
 .UNSPECIFIED.,.F.,.F.,(4,1,4),(0.,0.0195708314160315,0.0394804999933174),
 .UNSPECIFIED.);
#943=B_SPLINE_CURVE_WITH_KNOTS('',3,(#8058,#8059,#8060,#8061,#8062),
 .UNSPECIFIED.,.F.,.F.,(4,1,4),(0.,0.0182093972845248,0.0371071852228689),
 .UNSPECIFIED.);
#944=B_SPLINE_CURVE_WITH_KNOTS('',3,(#8075,#8076,#8077,#8078,#8079),
 .UNSPECIFIED.,.F.,.F.,(4,1,4),(0.,0.0294649466906445,0.0514549043997552),
 .UNSPECIFIED.);
#945=B_SPLINE_CURVE_WITH_KNOTS('',3,(#8127,#8128,#8129,#8130,#8131,#8132,
#8133,#8134,#8135,#8136,#8137,#8138,#8139,#8140,#8141,#8142,#8143,#8144,
#8145,#8146,#8147,#8148,#8149,#8150,#8151,#8152,#8153,#8154,#8155,#8156,
#8157,#8158,#8159,#8160,#8161,#8162),.UNSPECIFIED.,.F.,.F.,(4,2,2,2,2,2,
2,2,2,2,2,2,2,2,2,2,2,4),(-23.8042551489381,-23.6189880878443,-23.41708012754,
-23.222932297441,-23.0211140655617,-22.8270384945524,-22.6253125767355,
-22.431309176605,-22.2296783030727,-22.0357467317457,-21.8342137778945,
-21.6403533927777,-21.4389213784302,-21.2451311853294,-21.0438032722718,
-20.8500818702438,-20.6488613579414,-20.6271048839337),.UNSPECIFIED.);
#946=B_SPLINE_CURVE_WITH_KNOTS('',3,(#8164,#8165,#8166,#8167,#8168,#8169,
#8170,#8171,#8172,#8173,#8174,#8175,#8176,#8177,#8178,#8179,#8180,#8181,
#8182,#8183,#8184,#8185,#8186,#8187,#8188,#8189),.UNSPECIFIED.,.F.,.F.,
(4,2,2,2,2,2,2,2,2,2,2,2,4),(-1.2776189195172,-1.20317633801542,-1.12995292524484,
-1.02890883893677,-0.977236556128213,-0.926543124428158,-0.827419437017198,
-0.725342984452717,-0.62790601104367,-0.578763527919514,-0.479605408797781,
-0.431223209687178,-0.399783693996071),.UNSPECIFIED.);
#947=B_SPLINE_CURVE_WITH_KNOTS('',3,(#8197,#8198,#8199,#8200,#8201,#8202,
#8203,#8204,#8205,#8206,#8207,#8208,#8209,#8210,#8211,#8212,#8213,#8214,
#8215,#8216,#8217,#8218,#8219,#8220,#8221,#8222,#8223,#8224,#8225,#8226,
#8227,#8228,#8229,#8230,#8231,#8232),.UNSPECIFIED.,.F.,.F.,(4,2,2,2,2,2,
2,2,2,2,2,2,2,2,2,2,2,4),(-18.3970830057539,-18.2469712733445,-18.0677416416272,
-17.8951380633585,-17.716018698535,-17.543468385802,-17.3644622582162,-17.1919607383601,
-17.0130708812556,-16.8406129822553,-16.6618424748205,-16.4894222799357,
-16.3107742274367,-16.1383850363925,-15.9598625472738,-15.7874968461136,
-15.6091030060606,-15.5668179005798),.UNSPECIFIED.);
#948=B_SPLINE_CURVE_WITH_KNOTS('',3,(#8233,#8234,#8235,#8236,#8237,#8238,
#8239,#8240,#8241,#8242,#8243,#8244,#8245,#8246,#8247,#8248,#8249,#8250,
#8251,#8252,#8253,#8254,#8255,#8256,#8257,#8258,#8259,#8260,#8261,#8262,
#8263,#8264,#8265,#8266,#8267,#8268),.UNSPECIFIED.,.F.,.F.,(4,2,2,2,2,2,
2,2,2,2,2,2,2,2,2,2,2,4),(-2.84108138749614,-2.84070739797499,-2.65971750974412,
-2.48569335906737,-2.30472276590115,-2.13073226576001,-1.94986371999314,
-1.77590502467813,-1.59514165201444,-1.42121278435178,-1.24055791037004,
-1.06665675407839,-0.886113911276063,-0.712238203170771,-0.531811137231555,
-0.357958459363501,-0.177651134394397,0.),.UNSPECIFIED.);
#949=B_SPLINE_CURVE_WITH_KNOTS('',3,(#8527,#8528,#8529,#8530,#8531,#8532,
#8533,#8534,#8535,#8536,#8537,#8538,#8539,#8540,#8541,#8542,#8543,#8544,
#8545,#8546,#8547,#8548,#8549,#8550,#8551,#8552,#8553,#8554),
 .UNSPECIFIED.,.F.,.F.,(4,2,2,2,2,2,2,2,2,2,2,2,2,4),(-2.23227839626964,
-2.12961622121433,-2.03064311053718,-1.83648551197336,-1.57252615105334,
-1.3292743288948,-1.10402281014074,-1.00096121294691,-0.791462916130048,
-0.688327284962906,-0.491971975521312,-0.298827169073358,-0.150226037557473,
-9.7633900963956E-11),.UNSPECIFIED.);
#950=B_SPLINE_CURVE_WITH_KNOTS('',3,(#8559,#8560,#8561,#8562,#8563,#8564,
#8565,#8566,#8567,#8568,#8569,#8570,#8571,#8572,#8573,#8574,#8575,#8576,
#8577,#8578,#8579,#8580,#8581,#8582,#8583,#8584,#8585,#8586,#8587,#8588,
#8589,#8590,#8591,#8592,#8593,#8594,#8595,#8596,#8597,#8598,#8599,#8600,
#8601,#8602,#8603,#8604,#8605,#8606,#8607),.UNSPECIFIED.,.F.,.F.,(4,3,3,
3,3,3,3,3,3,3,3,3,3,3,3,3,4),(0.,0.116198268613242,0.125,0.25,0.308766102537808,
0.3125,0.375,0.4375,0.5,0.601966550771637,0.625,0.711861660236267,0.75,
0.82399672141653,0.875,0.956376880386756,1.),.UNSPECIFIED.);
#951=B_SPLINE_CURVE_WITH_KNOTS('',3,(#8614,#8615,#8616,#8617,#8618,#8619,
#8620,#8621,#8622,#8623,#8624,#8625,#8626,#8627,#8628,#8629,#8630,#8631,
#8632,#8633,#8634,#8635,#8636,#8637,#8638,#8639,#8640,#8641,#8642,#8643,
#8644,#8645,#8646,#8647,#8648,#8649,#8650,#8651,#8652,#8653,#8654,#8655,
#8656,#8657,#8658,#8659,#8660,#8661,#8662,#8663,#8664,#8665,#8666,#8667,
#8668,#8669,#8670,#8671,#8672,#8673,#8674,#8675,#8676,#8677,#8678,#8679,
#8680,#8681,#8682,#8683,#8684,#8685,#8686,#8687,#8688,#8689,#8690,#8691,
#8692,#8693,#8694,#8695,#8696,#8697,#8698,#8699,#8700,#8701,#8702,#8703,
#8704,#8705,#8706,#8707,#8708,#8709,#8710,#8711,#8712,#8713),
 .UNSPECIFIED.,.F.,.F.,(4,3,3,3,3,3,3,3,3,3,3,3,3,3,3,3,3,3,3,3,3,3,3,3,
3,3,3,3,3,3,3,3,3,4),(0.,0.0458169643483916,0.0934488653978159,0.125,0.175572831146186,
0.228411347234439,0.25,0.251182674538837,0.256204145931361,0.2578125,0.265625,
0.28125,0.3125,0.367889871367064,0.375,0.415810769922961,0.459819634815272,
0.5,0.502214220667057,0.510160643533141,0.515625,0.53125,0.586331743933298,
0.625,0.6875,0.75,0.752223225658462,0.775945619869035,0.79969215968214,
0.8125,0.877545977312604,0.938772988656302,0.996856000016625,1.),
 .UNSPECIFIED.);
#952=LINE('',#4961,#1234);
#953=LINE('',#5016,#1235);
#954=LINE('',#5092,#1236);
#955=LINE('',#5168,#1237);
#956=LINE('',#5244,#1238);
#957=LINE('',#5320,#1239);
#958=LINE('',#5396,#1240);
#959=LINE('',#5414,#1241);
#960=LINE('',#5444,#1242);
#961=LINE('',#5456,#1243);
#962=LINE('',#5485,#1244);
#963=LINE('',#5542,#1245);
#964=LINE('',#5599,#1246);
#965=LINE('',#5656,#1247);
#966=LINE('',#5713,#1248);
#967=LINE('',#5770,#1249);
#968=LINE('',#5827,#1250);
#969=LINE('',#5846,#1251);
#970=LINE('',#5852,#1252);
#971=LINE('',#5854,#1253);
#972=LINE('',#5856,#1254);
#973=LINE('',#5857,#1255);
#974=LINE('',#5862,#1256);
#975=LINE('',#5868,#1257);
#976=LINE('',#5869,#1258);
#977=LINE('',#5877,#1259);
#978=LINE('',#5881,#1260);
#979=LINE('',#5887,#1261);
#980=LINE('',#5889,#1262);
#981=LINE('',#5894,#1263);
#982=LINE('',#5897,#1264);
#983=LINE('',#5899,#1265);
#984=LINE('',#5901,#1266);
#985=LINE('',#5903,#1267);
#986=LINE('',#5905,#1268);
#987=LINE('',#5907,#1269);
#988=LINE('',#5909,#1270);
#989=LINE('',#5911,#1271);
#990=LINE('',#5913,#1272);
#991=LINE('',#5915,#1273);
#992=LINE('',#5917,#1274);
#993=LINE('',#5919,#1275);
#994=LINE('',#5921,#1276);
#995=LINE('',#5923,#1277);
#996=LINE('',#5924,#1278);
#997=LINE('',#5930,#1279);
#998=LINE('',#5936,#1280);
#999=LINE('',#5940,#1281);
#1000=LINE('',#5945,#1282);
#1001=LINE('',#5949,#1283);
#1002=LINE('',#5953,#1284);
#1003=LINE('',#5956,#1285);
#1004=LINE('',#5957,#1286);
#1005=LINE('',#5964,#1287);
#1006=LINE('',#5966,#1288);
#1007=LINE('',#5968,#1289);
#1008=LINE('',#5970,#1290);
#1009=LINE('',#5976,#1291);
#1010=LINE('',#5977,#1292);
#1011=LINE('',#5979,#1293);
#1012=LINE('',#5982,#1294);
#1013=LINE('',#5984,#1295);
#1014=LINE('',#5985,#1296);
#1015=LINE('',#5987,#1297);
#1016=LINE('',#5991,#1298);
#1017=LINE('',#5995,#1299);
#1018=LINE('',#5996,#1300);
#1019=LINE('',#6003,#1301);
#1020=LINE('',#6010,#1302);
#1021=LINE('',#6012,#1303);
#1022=LINE('',#6014,#1304);
#1023=LINE('',#6017,#1305);
#1024=LINE('',#6030,#1306);
#1025=LINE('',#6031,#1307);
#1026=LINE('',#6033,#1308);
#1027=LINE('',#6034,#1309);
#1028=LINE('',#6038,#1310);
#1029=LINE('',#6042,#1311);
#1030=LINE('',#6046,#1312);
#1031=LINE('',#6049,#1313);
#1032=LINE('',#6050,#1314);
#1033=LINE('',#6054,#1315);
#1034=LINE('',#6055,#1316);
#1035=LINE('',#6056,#1317);
#1036=LINE('',#6058,#1318);
#1037=LINE('',#6060,#1319);
#1038=LINE('',#6062,#1320);
#1039=LINE('',#6063,#1321);
#1040=LINE('',#6069,#1322);
#1041=LINE('',#6081,#1323);
#1042=LINE('',#6084,#1324);
#1043=LINE('',#6088,#1325);
#1044=LINE('',#6089,#1326);
#1045=LINE('',#6090,#1327);
#1046=LINE('',#6093,#1328);
#1047=LINE('',#6094,#1329);
#1048=LINE('',#6097,#1330);
#1049=LINE('',#6099,#1331);
#1050=LINE('',#6101,#1332);
#1051=LINE('',#6117,#1333);
#1052=LINE('',#6120,#1334);
#1053=LINE('',#6125,#1335);
#1054=LINE('',#6128,#1336);
#1055=LINE('',#6132,#1337);
#1056=LINE('',#6134,#1338);
#1057=LINE('',#6135,#1339);
#1058=LINE('',#6137,#1340);
#1059=LINE('',#6142,#1341);
#1060=LINE('',#6146,#1342);
#1061=LINE('',#6147,#1343);
#1062=LINE('',#6151,#1344);
#1063=LINE('',#6159,#1345);
#1064=LINE('',#6163,#1346);
#1065=LINE('',#6166,#1347);
#1066=LINE('',#6167,#1348);
#1067=LINE('',#6169,#1349);
#1068=LINE('',#6172,#1350);
#1069=LINE('',#6173,#1351);
#1070=LINE('',#6178,#1352);
#1071=LINE('',#6183,#1353);
#1072=LINE('',#6186,#1354);
#1073=LINE('',#6188,#1355);
#1074=LINE('',#6190,#1356);
#1075=LINE('',#6191,#1357);
#1076=LINE('',#6194,#1358);
#1077=LINE('',#6197,#1359);
#1078=LINE('',#6425,#1360);
#1079=LINE('',#6427,#1361);
#1080=LINE('',#6428,#1362);
#1081=LINE('',#6429,#1363);
#1082=LINE('',#6432,#1364);
#1083=LINE('',#6437,#1365);
#1084=LINE('',#6440,#1366);
#1085=LINE('',#6443,#1367);
#1086=LINE('',#6494,#1368);
#1087=LINE('',#6497,#1369);
#1088=LINE('',#6502,#1370);
#1089=LINE('',#6505,#1371);
#1090=LINE('',#6509,#1372);
#1091=LINE('',#6512,#1373);
#1092=LINE('',#6513,#1374);
#1093=LINE('',#6516,#1375);
#1094=LINE('',#6517,#1376);
#1095=LINE('',#6520,#1377);
#1096=LINE('',#6523,#1378);
#1097=LINE('',#6526,#1379);
#1098=LINE('',#6528,#1380);
#1099=LINE('',#6529,#1381);
#1100=LINE('',#6532,#1382);
#1101=LINE('',#6534,#1383);
#1102=LINE('',#6536,#1384);
#1103=LINE('',#6538,#1385);
#1104=LINE('',#6582,#1386);
#1105=LINE('',#6584,#1387);
#1106=LINE('',#6586,#1388);
#1107=LINE('',#6611,#1389);
#1108=LINE('',#6626,#1390);
#1109=LINE('',#6724,#1391);
#1110=LINE('',#6726,#1392);
#1111=LINE('',#6728,#1393);
#1112=LINE('',#6729,#1394);
#1113=LINE('',#6804,#1395);
#1114=LINE('',#6806,#1396);
#1115=LINE('',#6810,#1397);
#1116=LINE('',#6811,#1398);
#1117=LINE('',#6832,#1399);
#1118=LINE('',#6839,#1400);
#1119=LINE('',#6857,#1401);
#1120=LINE('',#6880,#1402);
#1121=LINE('',#6903,#1403);
#1122=LINE('',#6926,#1404);
#1123=LINE('',#6949,#1405);
#1124=LINE('',#6972,#1406);
#1125=LINE('',#7009,#1407);
#1126=LINE('',#7016,#1408);
#1127=LINE('',#7028,#1409);
#1128=LINE('',#7045,#1410);
#1129=LINE('',#7062,#1411);
#1130=LINE('',#7079,#1412);
#1131=LINE('',#7096,#1413);
#1132=LINE('',#7113,#1414);
#1133=LINE('',#7130,#1415);
#1134=LINE('',#7147,#1416);
#1135=LINE('',#7164,#1417);
#1136=LINE('',#7181,#1418);
#1137=LINE('',#7205,#1419);
#1138=LINE('',#7207,#1420);
#1139=LINE('',#7208,#1421);
#1140=LINE('',#7211,#1422);
#1141=LINE('',#7212,#1423);
#1142=LINE('',#7215,#1424);
#1143=LINE('',#7216,#1425);
#1144=LINE('',#7218,#1426);
#1145=LINE('',#7238,#1427);
#1146=LINE('',#7245,#1428);
#1147=LINE('',#7263,#1429);
#1148=LINE('',#7286,#1430);
#1149=LINE('',#7309,#1431);
#1150=LINE('',#7332,#1432);
#1151=LINE('',#7355,#1433);
#1152=LINE('',#7378,#1434);
#1153=LINE('',#7401,#1435);
#1154=LINE('',#7438,#1436);
#1155=LINE('',#7445,#1437);
#1156=LINE('',#7457,#1438);
#1157=LINE('',#7474,#1439);
#1158=LINE('',#7491,#1440);
#1159=LINE('',#7508,#1441);
#1160=LINE('',#7525,#1442);
#1161=LINE('',#7542,#1443);
#1162=LINE('',#7559,#1444);
#1163=LINE('',#7576,#1445);
#1164=LINE('',#7593,#1446);
#1165=LINE('',#7610,#1447);
#1166=LINE('',#7627,#1448);
#1167=LINE('',#7644,#1449);
#1168=LINE('',#7661,#1450);
#1169=LINE('',#7678,#1451);
#1170=LINE('',#7695,#1452);
#1171=LINE('',#7712,#1453);
#1172=LINE('',#7720,#1454);
#1173=LINE('',#7721,#1455);
#1174=LINE('',#7741,#1456);
#1175=LINE('',#7743,#1457);
#1176=LINE('',#7745,#1458);
#1177=LINE('',#7746,#1459);
#1178=LINE('',#7764,#1460);
#1179=LINE('',#7787,#1461);
#1180=LINE('',#7810,#1462);
#1181=LINE('',#7833,#1463);
#1182=LINE('',#7856,#1464);
#1183=LINE('',#7864,#1465);
#1184=LINE('',#7866,#1466);
#1185=LINE('',#7867,#1467);
#1186=LINE('',#7869,#1468);
#1187=LINE('',#7870,#1469);
#1188=LINE('',#7873,#1470);
#1189=LINE('',#7875,#1471);
#1190=LINE('',#7876,#1472);
#1191=LINE('',#7879,#1473);
#1192=LINE('',#7880,#1474);
#1193=LINE('',#7892,#1475);
#1194=LINE('',#7909,#1476);
#1195=LINE('',#7926,#1477);
#1196=LINE('',#7943,#1478);
#1197=LINE('',#7951,#1479);
#1198=LINE('',#7952,#1480);
#1199=LINE('',#7955,#1481);
#1200=LINE('',#7956,#1482);
#1201=LINE('',#7959,#1483);
#1202=LINE('',#7960,#1484);
#1203=LINE('',#7972,#1485);
#1204=LINE('',#7989,#1486);
#1205=LINE('',#8006,#1487);
#1206=LINE('',#8023,#1488);
#1207=LINE('',#8040,#1489);
#1208=LINE('',#8057,#1490);
#1209=LINE('',#8074,#1491);
#1210=LINE('',#8082,#1492);
#1211=LINE('',#8083,#1493);
#1212=LINE('',#8086,#1494);
#1213=LINE('',#8087,#1495);
#1214=LINE('',#8089,#1496);
#1215=LINE('',#8095,#1497);
#1216=LINE('',#8102,#1498);
#1217=LINE('',#8108,#1499);
#1218=LINE('',#8192,#1500);
#1219=LINE('',#8195,#1501);
#1220=LINE('',#8609,#1502);
#1221=LINE('',#8610,#1503);
#1222=LINE('',#9026,#1504);
#1223=LINE('',#9034,#1505);
#1224=LINE('',#9038,#1506);
#1225=LINE('',#9042,#1507);
#1226=LINE('',#9046,#1508);
#1227=LINE('',#9050,#1509);
#1228=LINE('',#9053,#1510);
#1229=LINE('',#9057,#1511);
#1230=LINE('',#9058,#1512);
#1231=LINE('',#9064,#1513);
#1232=LINE('',#9068,#1514);
#1233=LINE('',#9072,#1515);
#1234=VECTOR('',#4163,4.5);
#1235=VECTOR('',#4168,4.5);
#1236=VECTOR('',#4171,4.5);
#1237=VECTOR('',#4174,4.5);
#1238=VECTOR('',#4177,4.5);
#1239=VECTOR('',#4180,4.5);
#1240=VECTOR('',#4183,4.5);
#1241=VECTOR('',#4188,4.5);
#1242=VECTOR('',#4193,5.041265875);
#1243=VECTOR('',#4196,5.041265875);
#1244=VECTOR('',#4205,5.041265875);
#1245=VECTOR('',#4208,5.041265875);
#1246=VECTOR('',#4211,5.041265875);
#1247=VECTOR('',#4214,5.041265875);
#1248=VECTOR('',#4217,5.041265875);
#1249=VECTOR('',#4220,5.041265875);
#1250=VECTOR('',#4223,5.041265875);
#1251=VECTOR('',#4230,2.4);
#1252=VECTOR('',#4237,10.);
#1253=VECTOR('',#4238,10.);
#1254=VECTOR('',#4239,10.);
#1255=VECTOR('',#4240,1.);
#1256=VECTOR('',#4245,10.);
#1257=VECTOR('',#4250,10.);
#1258=VECTOR('',#4251,10.);
#1259=VECTOR('',#4258,1.);
#1260=VECTOR('',#4261,10.);
#1261=VECTOR('',#4266,10.);
#1262=VECTOR('',#4267,10.);
#1263=VECTOR('',#4272,10.);
#1264=VECTOR('',#4275,10.);
#1265=VECTOR('',#4276,10.);
#1266=VECTOR('',#4277,1.);
#1267=VECTOR('',#4278,10.);
#1268=VECTOR('',#4279,1.);
#1269=VECTOR('',#4280,10.);
#1270=VECTOR('',#4281,10.);
#1271=VECTOR('',#4282,10.);
#1272=VECTOR('',#4283,10.);
#1273=VECTOR('',#4284,10.);
#1274=VECTOR('',#4285,10.);
#1275=VECTOR('',#4286,10.);
#1276=VECTOR('',#4287,10.);
#1277=VECTOR('',#4288,10.);
#1278=VECTOR('',#4289,1.);
#1279=VECTOR('',#4296,10.);
#1280=VECTOR('',#4303,10.);
#1281=VECTOR('',#4306,10.);
#1282=VECTOR('',#4311,10.);
#1283=VECTOR('',#4314,10.);
#1284=VECTOR('',#4319,10.);
#1285=VECTOR('',#4322,10.);
#1286=VECTOR('',#4323,10.);
#1287=VECTOR('',#4330,10.);
#1288=VECTOR('',#4331,10.);
#1289=VECTOR('',#4332,10.);
#1290=VECTOR('',#4333,10.);
#1291=VECTOR('',#4340,10.);
#1292=VECTOR('',#4341,10.);
#1293=VECTOR('',#4344,10.);
#1294=VECTOR('',#4347,10.);
#1295=VECTOR('',#4348,1.);
#1296=VECTOR('',#4349,10.);
#1297=VECTOR('',#4350,1.);
#1298=VECTOR('',#4353,1.);
#1299=VECTOR('',#4356,1.);
#1300=VECTOR('',#4357,10.);
#1301=VECTOR('',#4366,10.);
#1302=VECTOR('',#4375,10.);
#1303=VECTOR('',#4376,10.);
#1304=VECTOR('',#4377,10.);
#1305=VECTOR('',#4380,10.);
#1306=VECTOR('',#4393,10.);
#1307=VECTOR('',#4394,10.);
#1308=VECTOR('',#4395,10.);
#1309=VECTOR('',#4396,10.);
#1310=VECTOR('',#4401,1.65);
#1311=VECTOR('',#4406,1.65);
#1312=VECTOR('',#4411,1.65);
#1313=VECTOR('',#4414,10.);
#1314=VECTOR('',#4415,10.);
#1315=VECTOR('',#4418,10.);
#1316=VECTOR('',#4419,10.);
#1317=VECTOR('',#4420,10.);
#1318=VECTOR('',#4423,1.);
#1319=VECTOR('',#4424,10.);
#1320=VECTOR('',#4425,1.);
#1321=VECTOR('',#4426,10.);
#1322=VECTOR('',#4431,10.);
#1323=VECTOR('',#4434,10.);
#1324=VECTOR('',#4437,10.);
#1325=VECTOR('',#4440,10.);
#1326=VECTOR('',#4441,10.);
#1327=VECTOR('',#4442,10.);
#1328=VECTOR('',#4445,10.);
#1329=VECTOR('',#4446,10.);
#1330=VECTOR('',#4449,10.);
#1331=VECTOR('',#4450,10.);
#1332=VECTOR('',#4451,10.);
#1333=VECTOR('',#4456,10.);
#1334=VECTOR('',#4459,10.);
#1335=VECTOR('',#4464,10.);
#1336=VECTOR('',#4467,10.);
#1337=VECTOR('',#4472,10.);
#1338=VECTOR('',#4473,10.);
#1339=VECTOR('',#4474,10.);
#1340=VECTOR('',#4477,10.);
#1341=VECTOR('',#4482,10.);
#1342=VECTOR('',#4487,10.);
#1343=VECTOR('',#4488,10.);
#1344=VECTOR('',#4493,10.);
#1345=VECTOR('',#4504,0.899999999999999);
#1346=VECTOR('',#4511,10.);
#1347=VECTOR('',#4514,10.);
#1348=VECTOR('',#4515,10.);
#1349=VECTOR('',#4518,10.);
#1350=VECTOR('',#4521,1.);
#1351=VECTOR('',#4522,10.);
#1352=VECTOR('',#4527,0.899999999999999);
#1353=VECTOR('',#4536,10.);
#1354=VECTOR('',#4539,1.);
#1355=VECTOR('',#4540,1.);
#1356=VECTOR('',#4541,1.);
#1357=VECTOR('',#4542,1.);
#1358=VECTOR('',#4545,11.175);
#1359=VECTOR('',#4550,1.);
#1360=VECTOR('',#4573,0.2);
#1361=VECTOR('',#4574,0.999999999933798);
#1362=VECTOR('',#4575,10.);
#1363=VECTOR('',#4576,10.);
#1364=VECTOR('',#4579,0.2);
#1365=VECTOR('',#4586,1.125);
#1366=VECTOR('',#4589,10.);
#1367=VECTOR('',#4592,10.);
#1368=VECTOR('',#4599,10.);
#1369=VECTOR('',#4602,10.);
#1370=VECTOR('',#4611,10.);
#1371=VECTOR('',#4614,10.);
#1372=VECTOR('',#4621,10.);
#1373=VECTOR('',#4626,1.);
#1374=VECTOR('',#4627,1.);
#1375=VECTOR('',#4630,10.);
#1376=VECTOR('',#4631,10.);
#1377=VECTOR('',#4634,1.);
#1378=VECTOR('',#4637,1.);
#1379=VECTOR('',#4640,10.);
#1380=VECTOR('',#4641,10.);
#1381=VECTOR('',#4642,1.);
#1382=VECTOR('',#4643,10.);
#1383=VECTOR('',#4644,10.);
#1384=VECTOR('',#4645,10.);
#1385=VECTOR('',#4646,10.);
#1386=VECTOR('',#4647,10.);
#1387=VECTOR('',#4648,10.);
#1388=VECTOR('',#4649,10.);
#1389=VECTOR('',#4650,10.);
#1390=VECTOR('',#4651,10.);
#1391=VECTOR('',#4652,10.);
#1392=VECTOR('',#4653,10.);
#1393=VECTOR('',#4654,10.);
#1394=VECTOR('',#4655,10.);
#1395=VECTOR('',#4658,1.);
#1396=VECTOR('',#4659,1.);
#1397=VECTOR('',#4662,0.999999999933798);
#1398=VECTOR('',#4663,1.);
#1399=VECTOR('',#4668,10.);
#1400=VECTOR('',#4669,10.);
#1401=VECTOR('',#4670,10.);
#1402=VECTOR('',#4671,10.);
#1403=VECTOR('',#4672,10.);
#1404=VECTOR('',#4673,10.);
#1405=VECTOR('',#4674,10.);
#1406=VECTOR('',#4675,10.);
#1407=VECTOR('',#4676,10.);
#1408=VECTOR('',#4677,10.);
#1409=VECTOR('',#4678,10.);
#1410=VECTOR('',#4679,10.);
#1411=VECTOR('',#4680,10.);
#1412=VECTOR('',#4681,10.);
#1413=VECTOR('',#4682,10.);
#1414=VECTOR('',#4683,10.);
#1415=VECTOR('',#4684,10.);
#1416=VECTOR('',#4685,10.);
#1417=VECTOR('',#4686,10.);
#1418=VECTOR('',#4687,10.);
#1419=VECTOR('',#4692,10.);
#1420=VECTOR('',#4693,10.);
#1421=VECTOR('',#4694,10.);
#1422=VECTOR('',#4697,10.);
#1423=VECTOR('',#4698,10.);
#1424=VECTOR('',#4701,10.);
#1425=VECTOR('',#4702,10.);
#1426=VECTOR('',#4705,10.);
#1427=VECTOR('',#4708,10.);
#1428=VECTOR('',#4709,10.);
#1429=VECTOR('',#4710,10.);
#1430=VECTOR('',#4711,10.);
#1431=VECTOR('',#4712,10.);
#1432=VECTOR('',#4713,10.);
#1433=VECTOR('',#4714,10.);
#1434=VECTOR('',#4715,10.);
#1435=VECTOR('',#4716,10.);
#1436=VECTOR('',#4717,10.);
#1437=VECTOR('',#4718,10.);
#1438=VECTOR('',#4719,10.);
#1439=VECTOR('',#4720,10.);
#1440=VECTOR('',#4721,10.);
#1441=VECTOR('',#4722,10.);
#1442=VECTOR('',#4723,10.);
#1443=VECTOR('',#4724,10.);
#1444=VECTOR('',#4725,10.);
#1445=VECTOR('',#4726,10.);
#1446=VECTOR('',#4727,10.);
#1447=VECTOR('',#4728,10.);
#1448=VECTOR('',#4729,10.);
#1449=VECTOR('',#4730,10.);
#1450=VECTOR('',#4731,10.);
#1451=VECTOR('',#4732,10.);
#1452=VECTOR('',#4733,10.);
#1453=VECTOR('',#4734,10.);
#1454=VECTOR('',#4737,10.);
#1455=VECTOR('',#4738,10.);
#1456=VECTOR('',#4743,10.);
#1457=VECTOR('',#4744,10.);
#1458=VECTOR('',#4745,10.);
#1459=VECTOR('',#4746,10.);
#1460=VECTOR('',#4747,10.);
#1461=VECTOR('',#4748,10.);
#1462=VECTOR('',#4749,10.);
#1463=VECTOR('',#4750,10.);
#1464=VECTOR('',#4751,10.);
#1465=VECTOR('',#4754,10.);
#1466=VECTOR('',#4755,10.);
#1467=VECTOR('',#4756,10.);
#1468=VECTOR('',#4759,10.);
#1469=VECTOR('',#4760,10.);
#1470=VECTOR('',#4763,10.);
#1471=VECTOR('',#4764,10.);
#1472=VECTOR('',#4765,10.);
#1473=VECTOR('',#4768,10.);
#1474=VECTOR('',#4769,10.);
#1475=VECTOR('',#4770,10.);
#1476=VECTOR('',#4771,10.);
#1477=VECTOR('',#4772,10.);
#1478=VECTOR('',#4773,10.);
#1479=VECTOR('',#4776,10.);
#1480=VECTOR('',#4777,10.);
#1481=VECTOR('',#4780,10.);
#1482=VECTOR('',#4781,10.);
#1483=VECTOR('',#4784,10.);
#1484=VECTOR('',#4785,10.);
#1485=VECTOR('',#4786,10.);
#1486=VECTOR('',#4787,10.);
#1487=VECTOR('',#4788,10.);
#1488=VECTOR('',#4789,10.);
#1489=VECTOR('',#4790,10.);
#1490=VECTOR('',#4791,10.);
#1491=VECTOR('',#4792,10.);
#1492=VECTOR('',#4795,10.);
#1493=VECTOR('',#4796,10.);
#1494=VECTOR('',#4799,10.);
#1495=VECTOR('',#4800,10.);
#1496=VECTOR('',#4803,10.);
#1497=VECTOR('',#4814,10.);
#1498=VECTOR('',#4823,2.1);
#1499=VECTOR('',#4832,5.041265875);
#1500=VECTOR('',#4839,4.5);
#1501=VECTOR('',#4844,4.5);
#1502=VECTOR('',#4851,1.);
#1503=VECTOR('',#4852,10.);
#1504=VECTOR('',#4895,1.00000000001348);
#1505=VECTOR('',#4906,1.7);
#1506=VECTOR('',#4911,3.475);
#1507=VECTOR('',#4916,1.65);
#1508=VECTOR('',#4921,1.65);
#1509=VECTOR('',#4926,1.65);
#1510=VECTOR('',#4929,10.);
#1511=VECTOR('',#4934,10.);
#1512=VECTOR('',#4935,1.);
#1513=VECTOR('',#4944,1.7);
#1514=VECTOR('',#4949,1.7);
#1515=VECTOR('',#4954,1.7);
#1516=VERTEX_POINT('',#4959);
#1517=VERTEX_POINT('',#4960);
#1518=VERTEX_POINT('',#4962);
#1519=VERTEX_POINT('',#4983);
#1520=VERTEX_POINT('',#5014);
#1521=VERTEX_POINT('',#5015);
#1522=VERTEX_POINT('',#5090);
#1523=VERTEX_POINT('',#5091);
#1524=VERTEX_POINT('',#5166);
#1525=VERTEX_POINT('',#5167);
#1526=VERTEX_POINT('',#5242);
#1527=VERTEX_POINT('',#5243);
#1528=VERTEX_POINT('',#5318);
#1529=VERTEX_POINT('',#5319);
#1530=VERTEX_POINT('',#5394);
#1531=VERTEX_POINT('',#5395);
#1532=VERTEX_POINT('',#5397);
#1533=VERTEX_POINT('',#5412);
#1534=VERTEX_POINT('',#5413);
#1535=VERTEX_POINT('',#5427);
#1536=VERTEX_POINT('',#5442);
#1537=VERTEX_POINT('',#5443);
#1538=VERTEX_POINT('',#5445);
#1539=VERTEX_POINT('',#5453);
#1540=VERTEX_POINT('',#5455);
#1541=VERTEX_POINT('',#5457);
#1542=VERTEX_POINT('',#5460);
#1543=VERTEX_POINT('',#5483);
#1544=VERTEX_POINT('',#5484);
#1545=VERTEX_POINT('',#5540);
#1546=VERTEX_POINT('',#5541);
#1547=VERTEX_POINT('',#5597);
#1548=VERTEX_POINT('',#5598);
#1549=VERTEX_POINT('',#5654);
#1550=VERTEX_POINT('',#5655);
#1551=VERTEX_POINT('',#5711);
#1552=VERTEX_POINT('',#5712);
#1553=VERTEX_POINT('',#5768);
#1554=VERTEX_POINT('',#5769);
#1555=VERTEX_POINT('',#5825);
#1556=VERTEX_POINT('',#5826);
#1557=VERTEX_POINT('',#5828);
#1558=VERTEX_POINT('',#5835);
#1559=VERTEX_POINT('',#5843);
#1560=VERTEX_POINT('',#5845);
#1561=VERTEX_POINT('',#5850);
#1562=VERTEX_POINT('',#5851);
#1563=VERTEX_POINT('',#5853);
#1564=VERTEX_POINT('',#5855);
#1565=VERTEX_POINT('',#5859);
#1566=VERTEX_POINT('',#5861);
#1567=VERTEX_POINT('',#5863);
#1568=VERTEX_POINT('',#5865);
#1569=VERTEX_POINT('',#5867);
#1570=VERTEX_POINT('',#5870);
#1571=VERTEX_POINT('',#5873);
#1572=VERTEX_POINT('',#5874);
#1573=VERTEX_POINT('',#5876);
#1574=VERTEX_POINT('',#5878);
#1575=VERTEX_POINT('',#5880);
#1576=VERTEX_POINT('',#5882);
#1577=VERTEX_POINT('',#5884);
#1578=VERTEX_POINT('',#5886);
#1579=VERTEX_POINT('',#5888);
#1580=VERTEX_POINT('',#5890);
#1581=VERTEX_POINT('',#5892);
#1582=VERTEX_POINT('',#5896);
#1583=VERTEX_POINT('',#5898);
#1584=VERTEX_POINT('',#5900);
#1585=VERTEX_POINT('',#5902);
#1586=VERTEX_POINT('',#5904);
#1587=VERTEX_POINT('',#5906);
#1588=VERTEX_POINT('',#5908);
#1589=VERTEX_POINT('',#5910);
#1590=VERTEX_POINT('',#5912);
#1591=VERTEX_POINT('',#5914);
#1592=VERTEX_POINT('',#5916);
#1593=VERTEX_POINT('',#5918);
#1594=VERTEX_POINT('',#5920);
#1595=VERTEX_POINT('',#5922);
#1596=VERTEX_POINT('',#5926);
#1597=VERTEX_POINT('',#5928);
#1598=VERTEX_POINT('',#5934);
#1599=VERTEX_POINT('',#5935);
#1600=VERTEX_POINT('',#5937);
#1601=VERTEX_POINT('',#5939);
#1602=VERTEX_POINT('',#5943);
#1603=VERTEX_POINT('',#5944);
#1604=VERTEX_POINT('',#5946);
#1605=VERTEX_POINT('',#5948);
#1606=VERTEX_POINT('',#5952);
#1607=VERTEX_POINT('',#5954);
#1608=VERTEX_POINT('',#5958);
#1609=VERTEX_POINT('',#5960);
#1610=VERTEX_POINT('',#5963);
#1611=VERTEX_POINT('',#5965);
#1612=VERTEX_POINT('',#5967);
#1613=VERTEX_POINT('',#5969);
#1614=VERTEX_POINT('',#5972);
#1615=VERTEX_POINT('',#5975);
#1616=VERTEX_POINT('',#5981);
#1617=VERTEX_POINT('',#5983);
#1618=VERTEX_POINT('',#5986);
#1619=VERTEX_POINT('',#5988);
#1620=VERTEX_POINT('',#5990);
#1621=VERTEX_POINT('',#5992);
#1622=VERTEX_POINT('',#5994);
#1623=VERTEX_POINT('',#5997);
#1624=VERTEX_POINT('',#6002);
#1625=VERTEX_POINT('',#6006);
#1626=VERTEX_POINT('',#6009);
#1627=VERTEX_POINT('',#6011);
#1628=VERTEX_POINT('',#6013);
#1629=VERTEX_POINT('',#6015);
#1630=VERTEX_POINT('',#6018);
#1631=VERTEX_POINT('',#6020);
#1632=VERTEX_POINT('',#6022);
#1633=VERTEX_POINT('',#6024);
#1634=VERTEX_POINT('',#6026);
#1635=VERTEX_POINT('',#6029);
#1636=VERTEX_POINT('',#6032);
#1637=VERTEX_POINT('',#6036);
#1638=VERTEX_POINT('',#6040);
#1639=VERTEX_POINT('',#6044);
#1640=VERTEX_POINT('',#6048);
#1641=VERTEX_POINT('',#6052);
#1642=VERTEX_POINT('',#6053);
#1643=VERTEX_POINT('',#6059);
#1644=VERTEX_POINT('',#6061);
#1645=VERTEX_POINT('',#6065);
#1646=VERTEX_POINT('',#6066);
#1647=VERTEX_POINT('',#6068);
#1648=VERTEX_POINT('',#6070);
#1649=VERTEX_POINT('',#6079);
#1650=VERTEX_POINT('',#6083);
#1651=VERTEX_POINT('',#6085);
#1652=VERTEX_POINT('',#6087);
#1653=VERTEX_POINT('',#6092);
#1654=VERTEX_POINT('',#6096);
#1655=VERTEX_POINT('',#6098);
#1656=VERTEX_POINT('',#6100);
#1657=VERTEX_POINT('',#6104);
#1658=VERTEX_POINT('',#6105);
#1659=VERTEX_POINT('',#6116);
#1660=VERTEX_POINT('',#6118);
#1661=VERTEX_POINT('',#6122);
#1662=VERTEX_POINT('',#6124);
#1663=VERTEX_POINT('',#6126);
#1664=VERTEX_POINT('',#6131);
#1665=VERTEX_POINT('',#6133);
#1666=VERTEX_POINT('',#6139);
#1667=VERTEX_POINT('',#6141);
#1668=VERTEX_POINT('',#6145);
#1669=VERTEX_POINT('',#6150);
#1670=VERTEX_POINT('',#6156);
#1671=VERTEX_POINT('',#6158);
#1672=VERTEX_POINT('',#6165);
#1673=VERTEX_POINT('',#6171);
#1674=VERTEX_POINT('',#6175);
#1675=VERTEX_POINT('',#6177);
#1676=VERTEX_POINT('',#6185);
#1677=VERTEX_POINT('',#6187);
#1678=VERTEX_POINT('',#6189);
#1679=VERTEX_POINT('',#6193);
#1680=VERTEX_POINT('',#6214);
#1681=VERTEX_POINT('',#6215);
#1682=VERTEX_POINT('',#6217);
#1683=VERTEX_POINT('',#6222);
#1684=VERTEX_POINT('',#6260);
#1685=VERTEX_POINT('',#6293);
#1686=VERTEX_POINT('',#6294);
#1687=VERTEX_POINT('',#6296);
#1688=VERTEX_POINT('',#6301);
#1689=VERTEX_POINT('',#6339);
#1690=VERTEX_POINT('',#6420);
#1691=VERTEX_POINT('',#6424);
#1692=VERTEX_POINT('',#6426);
#1693=VERTEX_POINT('',#6431);
#1694=VERTEX_POINT('',#6435);
#1695=VERTEX_POINT('',#6439);
#1696=VERTEX_POINT('',#6441);
#1697=VERTEX_POINT('',#6474);
#1698=VERTEX_POINT('',#6475);
#1699=VERTEX_POINT('',#6490);
#1700=VERTEX_POINT('',#6491);
#1701=VERTEX_POINT('',#6493);
#1702=VERTEX_POINT('',#6495);
#1703=VERTEX_POINT('',#6503);
#1704=VERTEX_POINT('',#6515);
#1705=VERTEX_POINT('',#6519);
#1706=VERTEX_POINT('',#6521);
#1707=VERTEX_POINT('',#6525);
#1708=VERTEX_POINT('',#6527);
#1709=VERTEX_POINT('',#6530);
#1710=VERTEX_POINT('',#6531);
#1711=VERTEX_POINT('',#6533);
#1712=VERTEX_POINT('',#6535);
#1713=VERTEX_POINT('',#6537);
#1714=VERTEX_POINT('',#6539);
#1715=VERTEX_POINT('',#6545);
#1716=VERTEX_POINT('',#6551);
#1717=VERTEX_POINT('',#6557);
#1718=VERTEX_POINT('',#6563);
#1719=VERTEX_POINT('',#6569);
#1720=VERTEX_POINT('',#6575);
#1721=VERTEX_POINT('',#6581);
#1722=VERTEX_POINT('',#6583);
#1723=VERTEX_POINT('',#6585);
#1724=VERTEX_POINT('',#6587);
#1725=VERTEX_POINT('',#6593);
#1726=VERTEX_POINT('',#6599);
#1727=VERTEX_POINT('',#6605);
#1728=VERTEX_POINT('',#6612);
#1729=VERTEX_POINT('',#6613);
#1730=VERTEX_POINT('',#6619);
#1731=VERTEX_POINT('',#6625);
#1732=VERTEX_POINT('',#6627);
#1733=VERTEX_POINT('',#6633);
#1734=VERTEX_POINT('',#6639);
#1735=VERTEX_POINT('',#6645);
#1736=VERTEX_POINT('',#6651);
#1737=VERTEX_POINT('',#6657);
#1738=VERTEX_POINT('',#6663);
#1739=VERTEX_POINT('',#6669);
#1740=VERTEX_POINT('',#6675);
#1741=VERTEX_POINT('',#6681);
#1742=VERTEX_POINT('',#6687);
#1743=VERTEX_POINT('',#6693);
#1744=VERTEX_POINT('',#6699);
#1745=VERTEX_POINT('',#6705);
#1746=VERTEX_POINT('',#6711);
#1747=VERTEX_POINT('',#6722);
#1748=VERTEX_POINT('',#6723);
#1749=VERTEX_POINT('',#6725);
#1750=VERTEX_POINT('',#6727);
#1751=VERTEX_POINT('',#6730);
#1752=VERTEX_POINT('',#6731);
#1753=VERTEX_POINT('',#6737);
#1754=VERTEX_POINT('',#6743);
#1755=VERTEX_POINT('',#6749);
#1756=VERTEX_POINT('',#6755);
#1757=VERTEX_POINT('',#6761);
#1758=VERTEX_POINT('',#6767);
#1759=VERTEX_POINT('',#6773);
#1760=VERTEX_POINT('',#6779);
#1761=VERTEX_POINT('',#6785);
#1762=VERTEX_POINT('',#6791);
#1763=VERTEX_POINT('',#6803);
#1764=VERTEX_POINT('',#6805);
#1765=VERTEX_POINT('',#6807);
#1766=VERTEX_POINT('',#6809);
#1767=VERTEX_POINT('',#6824);
#1768=VERTEX_POINT('',#6825);
#1769=VERTEX_POINT('',#6831);
#1770=VERTEX_POINT('',#6833);
#1771=VERTEX_POINT('',#6850);
#1772=VERTEX_POINT('',#6856);
#1773=VERTEX_POINT('',#6873);
#1774=VERTEX_POINT('',#6879);
#1775=VERTEX_POINT('',#6896);
#1776=VERTEX_POINT('',#6902);
#1777=VERTEX_POINT('',#6919);
#1778=VERTEX_POINT('',#6925);
#1779=VERTEX_POINT('',#6942);
#1780=VERTEX_POINT('',#6948);
#1781=VERTEX_POINT('',#6965);
#1782=VERTEX_POINT('',#6971);
#1783=VERTEX_POINT('',#7008);
#1784=VERTEX_POINT('',#7010);
#1785=VERTEX_POINT('',#7027);
#1786=VERTEX_POINT('',#7044);
#1787=VERTEX_POINT('',#7061);
#1788=VERTEX_POINT('',#7078);
#1789=VERTEX_POINT('',#7095);
#1790=VERTEX_POINT('',#7112);
#1791=VERTEX_POINT('',#7129);
#1792=VERTEX_POINT('',#7146);
#1793=VERTEX_POINT('',#7163);
#1794=VERTEX_POINT('',#7180);
#1795=VERTEX_POINT('',#7204);
#1796=VERTEX_POINT('',#7206);
#1797=VERTEX_POINT('',#7210);
#1798=VERTEX_POINT('',#7214);
#1799=VERTEX_POINT('',#7230);
#1800=VERTEX_POINT('',#7231);
#1801=VERTEX_POINT('',#7237);
#1802=VERTEX_POINT('',#7239);
#1803=VERTEX_POINT('',#7256);
#1804=VERTEX_POINT('',#7262);
#1805=VERTEX_POINT('',#7279);
#1806=VERTEX_POINT('',#7285);
#1807=VERTEX_POINT('',#7302);
#1808=VERTEX_POINT('',#7308);
#1809=VERTEX_POINT('',#7325);
#1810=VERTEX_POINT('',#7331);
#1811=VERTEX_POINT('',#7348);
#1812=VERTEX_POINT('',#7354);
#1813=VERTEX_POINT('',#7371);
#1814=VERTEX_POINT('',#7377);
#1815=VERTEX_POINT('',#7394);
#1816=VERTEX_POINT('',#7400);
#1817=VERTEX_POINT('',#7437);
#1818=VERTEX_POINT('',#7439);
#1819=VERTEX_POINT('',#7456);
#1820=VERTEX_POINT('',#7473);
#1821=VERTEX_POINT('',#7490);
#1822=VERTEX_POINT('',#7507);
#1823=VERTEX_POINT('',#7524);
#1824=VERTEX_POINT('',#7541);
#1825=VERTEX_POINT('',#7558);
#1826=VERTEX_POINT('',#7575);
#1827=VERTEX_POINT('',#7592);
#1828=VERTEX_POINT('',#7609);
#1829=VERTEX_POINT('',#7626);
#1830=VERTEX_POINT('',#7643);
#1831=VERTEX_POINT('',#7660);
#1832=VERTEX_POINT('',#7677);
#1833=VERTEX_POINT('',#7694);
#1834=VERTEX_POINT('',#7711);
#1835=VERTEX_POINT('',#7719);
#1836=VERTEX_POINT('',#7739);
#1837=VERTEX_POINT('',#7740);
#1838=VERTEX_POINT('',#7742);
#1839=VERTEX_POINT('',#7744);
#1840=VERTEX_POINT('',#7757);
#1841=VERTEX_POINT('',#7763);
#1842=VERTEX_POINT('',#7780);
#1843=VERTEX_POINT('',#7786);
#1844=VERTEX_POINT('',#7803);
#1845=VERTEX_POINT('',#7809);
#1846=VERTEX_POINT('',#7826);
#1847=VERTEX_POINT('',#7832);
#1848=VERTEX_POINT('',#7849);
#1849=VERTEX_POINT('',#7855);
#1850=VERTEX_POINT('',#7863);
#1851=VERTEX_POINT('',#7865);
#1852=VERTEX_POINT('',#7872);
#1853=VERTEX_POINT('',#7874);
#1854=VERTEX_POINT('',#7878);
#1855=VERTEX_POINT('',#7891);
#1856=VERTEX_POINT('',#7908);
#1857=VERTEX_POINT('',#7925);
#1858=VERTEX_POINT('',#7942);
#1859=VERTEX_POINT('',#7950);
#1860=VERTEX_POINT('',#7954);
#1861=VERTEX_POINT('',#7958);
#1862=VERTEX_POINT('',#7971);
#1863=VERTEX_POINT('',#7988);
#1864=VERTEX_POINT('',#8005);
#1865=VERTEX_POINT('',#8022);
#1866=VERTEX_POINT('',#8039);
#1867=VERTEX_POINT('',#8056);
#1868=VERTEX_POINT('',#8073);
#1869=VERTEX_POINT('',#8081);
#1870=VERTEX_POINT('',#8085);
#1871=VERTEX_POINT('',#8099);
#1872=VERTEX_POINT('',#8101);
#1873=VERTEX_POINT('',#8106);
#1874=VERTEX_POINT('',#8191);
#1875=VERTEX_POINT('',#8557);
#1876=VERTEX_POINT('',#8558);
#1877=VERTEX_POINT('',#8608);
#1878=VERTEX_POINT('',#9029);
#1879=VERTEX_POINT('',#9032);
#1880=VERTEX_POINT('',#9036);
#1881=VERTEX_POINT('',#9040);
#1882=VERTEX_POINT('',#9044);
#1883=VERTEX_POINT('',#9048);
#1884=VERTEX_POINT('',#9052);
#1885=VERTEX_POINT('',#9056);
#1886=VERTEX_POINT('',#9062);
#1887=VERTEX_POINT('',#9066);
#1888=VERTEX_POINT('',#9070);
#1889=EDGE_CURVE('',#1516,#1517,#952,.T.);
#1890=EDGE_CURVE('',#1518,#1517,#784,.F.);
#1891=EDGE_CURVE('',#1518,#1519,#680,.T.);
#1892=EDGE_CURVE('',#1519,#1516,#785,.T.);
#1893=EDGE_CURVE('',#1520,#1521,#953,.T.);
#1894=EDGE_CURVE('',#1517,#1521,#786,.F.);
#1895=EDGE_CURVE('',#1516,#1520,#787,.T.);
#1896=EDGE_CURVE('',#1522,#1523,#954,.T.);
#1897=EDGE_CURVE('',#1521,#1523,#788,.F.);
#1898=EDGE_CURVE('',#1520,#1522,#789,.T.);
#1899=EDGE_CURVE('',#1524,#1525,#955,.T.);
#1900=EDGE_CURVE('',#1523,#1525,#790,.F.);
#1901=EDGE_CURVE('',#1522,#1524,#791,.T.);
#1902=EDGE_CURVE('',#1526,#1527,#956,.T.);
#1903=EDGE_CURVE('',#1525,#1527,#792,.F.);
#1904=EDGE_CURVE('',#1524,#1526,#793,.T.);
#1905=EDGE_CURVE('',#1528,#1529,#957,.T.);
#1906=EDGE_CURVE('',#1527,#1529,#794,.F.);
#1907=EDGE_CURVE('',#1526,#1528,#795,.T.);
#1908=EDGE_CURVE('',#1530,#1531,#958,.T.);
#1909=EDGE_CURVE('',#1530,#1532,#681,.T.);
#1910=EDGE_CURVE('',#1531,#1532,#796,.F.);
#1911=EDGE_CURVE('',#1533,#1534,#959,.T.);
#1912=EDGE_CURVE('',#1519,#1533,#797,.F.);
#1913=EDGE_CURVE('',#1535,#1518,#798,.T.);
#1914=EDGE_CURVE('',#1534,#1535,#682,.T.);
#1915=EDGE_CURVE('',#1536,#1537,#960,.T.);
#1916=EDGE_CURVE('',#1537,#1538,#206,.T.);
#1917=EDGE_CURVE('',#1539,#1538,#683,.T.);
#1918=EDGE_CURVE('',#1539,#1540,#961,.T.);
#1919=EDGE_CURVE('',#1540,#1541,#684,.T.);
#1920=EDGE_CURVE('',#1541,#1540,#685,.T.);
#1921=EDGE_CURVE('',#1542,#1539,#686,.T.);
#1922=EDGE_CURVE('',#1536,#1542,#799,.T.);
#1923=EDGE_CURVE('',#1543,#1544,#962,.T.);
#1924=EDGE_CURVE('',#1544,#1537,#207,.T.);
#1925=EDGE_CURVE('',#1543,#1536,#800,.T.);
#1926=EDGE_CURVE('',#1545,#1546,#963,.T.);
#1927=EDGE_CURVE('',#1546,#1544,#208,.T.);
#1928=EDGE_CURVE('',#1545,#1543,#801,.T.);
#1929=EDGE_CURVE('',#1547,#1548,#964,.T.);
#1930=EDGE_CURVE('',#1548,#1546,#209,.T.);
#1931=EDGE_CURVE('',#1547,#1545,#802,.T.);
#1932=EDGE_CURVE('',#1549,#1550,#965,.T.);
#1933=EDGE_CURVE('',#1550,#1548,#210,.T.);
#1934=EDGE_CURVE('',#1549,#1547,#803,.T.);
#1935=EDGE_CURVE('',#1551,#1552,#966,.T.);
#1936=EDGE_CURVE('',#1552,#1550,#211,.T.);
#1937=EDGE_CURVE('',#1551,#1549,#804,.T.);
#1938=EDGE_CURVE('',#1553,#1554,#967,.T.);
#1939=EDGE_CURVE('',#1554,#1552,#212,.T.);
#1940=EDGE_CURVE('',#1553,#1551,#805,.T.);
#1941=EDGE_CURVE('',#1555,#1556,#968,.T.);
#1942=EDGE_CURVE('',#1557,#1555,#806,.T.);
#1943=EDGE_CURVE('',#1558,#1557,#687,.T.);
#1944=EDGE_CURVE('',#1558,#1556,#213,.T.);
#1945=EDGE_CURVE('',#1559,#1559,#688,.T.);
#1946=EDGE_CURVE('',#1559,#1560,#969,.T.);
#1947=EDGE_CURVE('',#1560,#1560,#689,.T.);
#1948=EDGE_CURVE('',#1561,#1562,#970,.T.);
#1949=EDGE_CURVE('',#1561,#1563,#971,.T.);
#1950=EDGE_CURVE('',#1563,#1564,#972,.T.);
#1951=EDGE_CURVE('',#1564,#1562,#973,.T.);
#1952=EDGE_CURVE('',#1562,#1565,#690,.T.);
#1953=EDGE_CURVE('',#1565,#1566,#974,.T.);
#1954=EDGE_CURVE('',#1566,#1567,#691,.T.);
#1955=EDGE_CURVE('',#1568,#1567,#692,.T.);
#1956=EDGE_CURVE('',#1568,#1569,#975,.T.);
#1957=EDGE_CURVE('',#1561,#1569,#976,.T.);
#1958=EDGE_CURVE('',#1570,#1570,#693,.T.);
#1959=EDGE_CURVE('',#1571,#1572,#94,.F.);
#1960=EDGE_CURVE('',#1573,#1571,#977,.T.);
#1961=EDGE_CURVE('',#1573,#1574,#95,.T.);
#1962=EDGE_CURVE('',#1575,#1574,#978,.F.);
#1963=EDGE_CURVE('',#1575,#1576,#96,.T.);
#1964=EDGE_CURVE('',#1577,#1576,#97,.F.);
#1965=EDGE_CURVE('',#1577,#1578,#979,.T.);
#1966=EDGE_CURVE('',#1578,#1579,#980,.T.);
#1967=EDGE_CURVE('',#1580,#1579,#98,.F.);
#1968=EDGE_CURVE('',#1581,#1580,#99,.F.);
#1969=EDGE_CURVE('',#1572,#1581,#981,.F.);
#1970=EDGE_CURVE('',#1582,#1578,#982,.T.);
#1971=EDGE_CURVE('',#1577,#1583,#983,.T.);
#1972=EDGE_CURVE('',#1584,#1583,#984,.T.);
#1973=EDGE_CURVE('',#1585,#1584,#985,.T.);
#1974=EDGE_CURVE('',#1586,#1585,#986,.T.);
#1975=EDGE_CURVE('',#1587,#1586,#987,.T.);
#1976=EDGE_CURVE('',#1588,#1587,#988,.T.);
#1977=EDGE_CURVE('',#1589,#1588,#989,.T.);
#1978=EDGE_CURVE('',#1590,#1589,#990,.T.);
#1979=EDGE_CURVE('',#1591,#1590,#991,.T.);
#1980=EDGE_CURVE('',#1591,#1592,#992,.T.);
#1981=EDGE_CURVE('',#1592,#1593,#993,.T.);
#1982=EDGE_CURVE('',#1594,#1593,#994,.T.);
#1983=EDGE_CURVE('',#1595,#1594,#995,.T.);
#1984=EDGE_CURVE('',#1582,#1595,#996,.T.);
#1985=EDGE_CURVE('',#1589,#1596,#100,.T.);
#1986=EDGE_CURVE('',#1588,#1597,#101,.F.);
#1987=EDGE_CURVE('',#1597,#1596,#997,.T.);
#1988=EDGE_CURVE('',#1596,#1597,#694,.T.);
#1989=EDGE_CURVE('',#1598,#1599,#998,.T.);
#1990=EDGE_CURVE('',#1600,#1598,#695,.T.);
#1991=EDGE_CURVE('',#1600,#1601,#999,.T.);
#1992=EDGE_CURVE('',#1601,#1599,#696,.T.);
#1993=EDGE_CURVE('',#1602,#1603,#1000,.T.);
#1994=EDGE_CURVE('',#1602,#1604,#697,.T.);
#1995=EDGE_CURVE('',#1605,#1604,#1001,.T.);
#1996=EDGE_CURVE('',#1603,#1605,#698,.T.);
#1997=EDGE_CURVE('',#1606,#1602,#1002,.T.);
#1998=EDGE_CURVE('',#1607,#1606,#699,.T.);
#1999=EDGE_CURVE('',#1593,#1607,#1003,.T.);
#2000=EDGE_CURVE('',#1604,#1592,#1004,.T.);
#2001=EDGE_CURVE('',#1608,#1608,#700,.T.);
#2002=EDGE_CURVE('',#1609,#1609,#701,.T.);
#2003=EDGE_CURVE('',#1599,#1610,#1005,.T.);
#2004=EDGE_CURVE('',#1611,#1601,#1006,.T.);
#2005=EDGE_CURVE('',#1612,#1611,#1007,.T.);
#2006=EDGE_CURVE('',#1613,#1612,#1008,.T.);
#2007=EDGE_CURVE('',#1610,#1613,#702,.T.);
#2008=EDGE_CURVE('',#1614,#1614,#703,.T.);
#2009=EDGE_CURVE('',#1615,#1600,#1009,.T.);
#2010=EDGE_CURVE('',#1615,#1611,#1010,.T.);
#2011=EDGE_CURVE('',#1605,#1591,#1011,.T.);
#2012=EDGE_CURVE('',#1610,#1616,#1012,.T.);
#2013=EDGE_CURVE('',#1617,#1616,#1013,.T.);
#2014=EDGE_CURVE('',#1566,#1617,#1014,.T.);
#2015=EDGE_CURVE('',#1565,#1618,#1015,.T.);
#2016=EDGE_CURVE('',#1618,#1619,#704,.T.);
#2017=EDGE_CURVE('',#1619,#1620,#1016,.T.);
#2018=EDGE_CURVE('',#1620,#1621,#705,.T.);
#2019=EDGE_CURVE('',#1621,#1622,#1017,.T.);
#2020=EDGE_CURVE('',#1598,#1622,#1018,.T.);
#2021=EDGE_CURVE('',#1623,#1534,#706,.T.);
#2022=EDGE_CURVE('',#1535,#1558,#707,.T.);
#2023=EDGE_CURVE('',#1557,#1623,#708,.T.);
#2024=EDGE_CURVE('',#1613,#1624,#1019,.T.);
#2025=EDGE_CURVE('',#1616,#1624,#709,.T.);
#2026=EDGE_CURVE('',#1625,#1590,#710,.T.);
#2027=EDGE_CURVE('',#1587,#1625,#711,.T.);
#2028=EDGE_CURVE('',#1586,#1626,#1020,.T.);
#2029=EDGE_CURVE('',#1626,#1627,#1021,.T.);
#2030=EDGE_CURVE('',#1627,#1628,#1022,.T.);
#2031=EDGE_CURVE('',#1629,#1628,#712,.T.);
#2032=EDGE_CURVE('',#1629,#1603,#1023,.T.);
#2033=EDGE_CURVE('',#1630,#1630,#713,.T.);
#2034=EDGE_CURVE('',#1631,#1631,#714,.T.);
#2035=EDGE_CURVE('',#1632,#1632,#715,.T.);
#2036=EDGE_CURVE('',#1633,#1633,#716,.T.);
#2037=EDGE_CURVE('',#1634,#1634,#717,.T.);
#2038=EDGE_CURVE('',#1635,#1612,#1024,.T.);
#2039=EDGE_CURVE('',#1594,#1635,#1025,.T.);
#2040=EDGE_CURVE('',#1607,#1636,#1026,.T.);
#2041=EDGE_CURVE('',#1624,#1636,#1027,.T.);
#2042=EDGE_CURVE('',#1637,#1637,#718,.T.);
#2043=EDGE_CURVE('',#1637,#1608,#1028,.T.);
#2044=EDGE_CURVE('',#1638,#1638,#719,.T.);
#2045=EDGE_CURVE('',#1638,#1609,#1029,.T.);
#2046=EDGE_CURVE('',#1639,#1639,#720,.T.);
#2047=EDGE_CURVE('',#1639,#1614,#1030,.T.);
#2048=EDGE_CURVE('',#1635,#1640,#1031,.T.);
#2049=EDGE_CURVE('',#1640,#1595,#1032,.T.);
#2050=EDGE_CURVE('',#1641,#1642,#1033,.T.);
#2051=EDGE_CURVE('',#1642,#1585,#1034,.T.);
#2052=EDGE_CURVE('',#1584,#1641,#1035,.T.);
#2053=EDGE_CURVE('',#1642,#1569,#1036,.T.);
#2054=EDGE_CURVE('',#1569,#1643,#1037,.T.);
#2055=EDGE_CURVE('',#1644,#1643,#1038,.T.);
#2056=EDGE_CURVE('',#1644,#1626,#1039,.T.);
#2057=EDGE_CURVE('',#1645,#1646,#721,.T.);
#2058=EDGE_CURVE('',#1646,#1647,#1040,.T.);
#2059=EDGE_CURVE('',#1647,#1648,#807,.T.);
#2060=EDGE_CURVE('',#1648,#1649,#722,.T.);
#2061=EDGE_CURVE('',#1649,#1645,#1041,.T.);
#2062=EDGE_CURVE('',#1645,#1650,#1042,.T.);
#2063=EDGE_CURVE('',#1651,#1650,#723,.T.);
#2064=EDGE_CURVE('',#1652,#1651,#1043,.T.);
#2065=EDGE_CURVE('',#1643,#1652,#1044,.T.);
#2066=EDGE_CURVE('',#1646,#1569,#1045,.T.);
#2067=EDGE_CURVE('',#1649,#1653,#1046,.T.);
#2068=EDGE_CURVE('',#1650,#1653,#1047,.T.);
#2069=EDGE_CURVE('',#1654,#1648,#1048,.T.);
#2070=EDGE_CURVE('',#1654,#1655,#1049,.T.);
#2071=EDGE_CURVE('',#1656,#1655,#1050,.T.);
#2072=EDGE_CURVE('',#1653,#1656,#724,.T.);
#2073=EDGE_CURVE('',#1657,#1658,#808,.T.);
#2074=EDGE_CURVE('',#1658,#1659,#1051,.T.);
#2075=EDGE_CURVE('',#1659,#1660,#725,.T.);
#2076=EDGE_CURVE('',#1660,#1657,#1052,.T.);
#2077=EDGE_CURVE('',#1661,#1657,#726,.F.);
#2078=EDGE_CURVE('',#1661,#1662,#1053,.T.);
#2079=EDGE_CURVE('',#1662,#1663,#727,.T.);
#2080=EDGE_CURVE('',#1663,#1627,#1054,.T.);
#2081=EDGE_CURVE('',#1627,#1658,#102,.T.);
#2082=EDGE_CURVE('',#1660,#1664,#1055,.T.);
#2083=EDGE_CURVE('',#1665,#1664,#1056,.T.);
#2084=EDGE_CURVE('',#1661,#1665,#1057,.T.);
#2085=EDGE_CURVE('',#1656,#1651,#1058,.T.);
#2086=EDGE_CURVE('',#1664,#1666,#728,.T.);
#2087=EDGE_CURVE('',#1666,#1667,#1059,.T.);
#2088=EDGE_CURVE('',#1667,#1665,#729,.T.);
#2089=EDGE_CURVE('',#1668,#1667,#1060,.T.);
#2090=EDGE_CURVE('',#1662,#1668,#1061,.T.);
#2091=EDGE_CURVE('',#1568,#1647,#103,.F.);
#2092=EDGE_CURVE('',#1567,#1669,#1062,.T.);
#2093=EDGE_CURVE('',#1669,#1654,#730,.T.);
#2094=EDGE_CURVE('',#1669,#1617,#731,.T.);
#2095=EDGE_CURVE('',#1670,#1670,#732,.T.);
#2096=EDGE_CURVE('',#1670,#1671,#1063,.T.);
#2097=EDGE_CURVE('',#1671,#1671,#733,.T.);
#2098=EDGE_CURVE('',#1626,#1659,#1064,.T.);
#2099=EDGE_CURVE('',#1644,#1672,#1065,.T.);
#2100=EDGE_CURVE('',#1666,#1672,#1066,.T.);
#2101=EDGE_CURVE('',#1672,#1668,#1067,.T.);
#2102=EDGE_CURVE('',#1673,#1663,#1068,.T.);
#2103=EDGE_CURVE('',#1628,#1673,#1069,.T.);
#2104=EDGE_CURVE('',#1674,#1674,#734,.T.);
#2105=EDGE_CURVE('',#1674,#1675,#1070,.T.);
#2106=EDGE_CURVE('',#1675,#1675,#735,.T.);
#2107=EDGE_CURVE('',#1655,#1652,#1071,.T.);
#2108=EDGE_CURVE('',#1564,#1676,#1072,.T.);
#2109=EDGE_CURVE('',#1676,#1677,#1073,.T.);
#2110=EDGE_CURVE('',#1677,#1678,#1074,.T.);
#2111=EDGE_CURVE('',#1678,#1564,#1075,.T.);
#2112=EDGE_CURVE('',#1625,#1679,#1076,.T.);
#2113=EDGE_CURVE('',#1679,#1679,#736,.T.);
#2114=EDGE_CURVE('',#1563,#1641,#1077,.T.);
#2115=EDGE_CURVE('',#1680,#1681,#737,.T.);
#2116=EDGE_CURVE('',#1681,#1682,#809,.T.);
#2117=EDGE_CURVE('',#1683,#1682,#738,.T.);
#2118=EDGE_CURVE('',#1683,#1680,#810,.T.);
#2119=EDGE_CURVE('',#1682,#1684,#811,.T.);
#2120=EDGE_CURVE('',#1684,#1683,#812,.T.);
#2121=EDGE_CURVE('',#1685,#1686,#739,.T.);
#2122=EDGE_CURVE('',#1686,#1687,#813,.T.);
#2123=EDGE_CURVE('',#1688,#1687,#740,.T.);
#2124=EDGE_CURVE('',#1688,#1685,#814,.T.);
#2125=EDGE_CURVE('',#1687,#1689,#815,.T.);
#2126=EDGE_CURVE('',#1689,#1688,#816,.T.);
#2127=EDGE_CURVE('',#1684,#1689,#104,.T.);
#2128=EDGE_CURVE('',#1686,#1680,#105,.T.);
#2129=EDGE_CURVE('',#1682,#1688,#741,.T.);
#2130=EDGE_CURVE('',#1689,#1690,#742,.T.);
#2131=EDGE_CURVE('',#1690,#1684,#743,.T.);
#2132=EDGE_CURVE('',#1691,#1686,#1078,.T.);
#2133=EDGE_CURVE('',#1691,#1692,#1079,.T.);
#2134=EDGE_CURVE('',#1692,#1575,#1080,.F.);
#2135=EDGE_CURVE('',#1574,#1680,#1081,.F.);
#2136=EDGE_CURVE('',#1693,#1685,#1082,.T.);
#2137=EDGE_CURVE('',#1693,#1691,#744,.T.);
#2138=EDGE_CURVE('',#1694,#1694,#745,.T.);
#2139=EDGE_CURVE('',#1694,#1690,#1083,.T.);
#2140=EDGE_CURVE('',#1579,#1695,#1084,.T.);
#2141=EDGE_CURVE('',#1695,#1696,#746,.T.);
#2142=EDGE_CURVE('',#1696,#1580,#1085,.T.);
#2143=EDGE_CURVE('',#1697,#1698,#747,.T.);
#2144=EDGE_CURVE('',#1698,#1696,#817,.T.);
#2145=EDGE_CURVE('',#1695,#1697,#818,.T.);
#2146=EDGE_CURVE('',#1699,#1700,#748,.T.);
#2147=EDGE_CURVE('',#1700,#1701,#1086,.T.);
#2148=EDGE_CURVE('',#1701,#1702,#749,.T.);
#2149=EDGE_CURVE('',#1702,#1699,#1087,.T.);
#2150=EDGE_CURVE('',#1699,#1698,#750,.T.);
#2151=EDGE_CURVE('',#1697,#1700,#751,.T.);
#2152=EDGE_CURVE('',#1702,#1572,#1088,.T.);
#2153=EDGE_CURVE('',#1702,#1703,#752,.T.);
#2154=EDGE_CURVE('',#1703,#1571,#1089,.T.);
#2155=EDGE_CURVE('',#1701,#1703,#753,.T.);
#2156=EDGE_CURVE('',#1699,#1581,#1090,.F.);
#2157=EDGE_CURVE('',#1681,#1573,#1091,.T.);
#2158=EDGE_CURVE('',#1703,#1693,#1092,.T.);
#2159=EDGE_CURVE('',#1640,#1704,#1093,.T.);
#2160=EDGE_CURVE('',#1704,#1582,#1094,.T.);
#2161=EDGE_CURVE('',#1705,#1695,#1095,.T.);
#2162=EDGE_CURVE('',#1705,#1706,#754,.T.);
#2163=EDGE_CURVE('',#1697,#1706,#1096,.T.);
#2164=EDGE_CURVE('',#1704,#1707,#1097,.T.);
#2165=EDGE_CURVE('',#1708,#1707,#1098,.T.);
#2166=EDGE_CURVE('',#1708,#1705,#1099,.T.);
#2167=EDGE_CURVE('',#1709,#1710,#1100,.T.);
#2168=EDGE_CURVE('',#1710,#1711,#1101,.T.);
#2169=EDGE_CURVE('',#1711,#1712,#1102,.T.);
#2170=EDGE_CURVE('',#1712,#1713,#1103,.T.);
#2171=EDGE_CURVE('',#1713,#1714,#819,.T.);
#2172=EDGE_CURVE('',#1714,#1715,#820,.T.);
#2173=EDGE_CURVE('',#1715,#1716,#821,.T.);
#2174=EDGE_CURVE('',#1716,#1717,#822,.T.);
#2175=EDGE_CURVE('',#1717,#1718,#823,.T.);
#2176=EDGE_CURVE('',#1718,#1719,#824,.T.);
#2177=EDGE_CURVE('',#1719,#1720,#825,.T.);
#2178=EDGE_CURVE('',#1720,#1721,#1104,.T.);
#2179=EDGE_CURVE('',#1721,#1722,#1105,.T.);
#2180=EDGE_CURVE('',#1722,#1723,#1106,.T.);
#2181=EDGE_CURVE('',#1723,#1724,#826,.T.);
#2182=EDGE_CURVE('',#1724,#1725,#827,.T.);
#2183=EDGE_CURVE('',#1725,#1726,#828,.T.);
#2184=EDGE_CURVE('',#1726,#1727,#829,.T.);
#2185=EDGE_CURVE('',#1727,#1709,#1107,.T.);
#2186=EDGE_CURVE('',#1728,#1729,#830,.T.);
#2187=EDGE_CURVE('',#1729,#1730,#831,.T.);
#2188=EDGE_CURVE('',#1730,#1731,#1108,.T.);
#2189=EDGE_CURVE('',#1731,#1732,#832,.T.);
#2190=EDGE_CURVE('',#1732,#1733,#833,.T.);
#2191=EDGE_CURVE('',#1733,#1734,#834,.T.);
#2192=EDGE_CURVE('',#1734,#1735,#835,.T.);
#2193=EDGE_CURVE('',#1735,#1736,#836,.T.);
#2194=EDGE_CURVE('',#1736,#1737,#837,.T.);
#2195=EDGE_CURVE('',#1737,#1738,#838,.T.);
#2196=EDGE_CURVE('',#1738,#1739,#839,.T.);
#2197=EDGE_CURVE('',#1739,#1740,#840,.T.);
#2198=EDGE_CURVE('',#1740,#1741,#841,.T.);
#2199=EDGE_CURVE('',#1741,#1742,#842,.T.);
#2200=EDGE_CURVE('',#1742,#1743,#843,.T.);
#2201=EDGE_CURVE('',#1743,#1744,#844,.T.);
#2202=EDGE_CURVE('',#1744,#1745,#845,.T.);
#2203=EDGE_CURVE('',#1745,#1746,#846,.T.);
#2204=EDGE_CURVE('',#1746,#1728,#847,.T.);
#2205=EDGE_CURVE('',#1747,#1748,#1109,.T.);
#2206=EDGE_CURVE('',#1748,#1749,#1110,.T.);
#2207=EDGE_CURVE('',#1749,#1750,#1111,.T.);
#2208=EDGE_CURVE('',#1750,#1747,#1112,.T.);
#2209=EDGE_CURVE('',#1751,#1752,#848,.T.);
#2210=EDGE_CURVE('',#1752,#1753,#849,.T.);
#2211=EDGE_CURVE('',#1753,#1754,#850,.T.);
#2212=EDGE_CURVE('',#1754,#1755,#851,.T.);
#2213=EDGE_CURVE('',#1755,#1756,#852,.T.);
#2214=EDGE_CURVE('',#1756,#1757,#853,.T.);
#2215=EDGE_CURVE('',#1757,#1758,#854,.T.);
#2216=EDGE_CURVE('',#1758,#1759,#855,.T.);
#2217=EDGE_CURVE('',#1759,#1760,#856,.T.);
#2218=EDGE_CURVE('',#1760,#1761,#857,.T.);
#2219=EDGE_CURVE('',#1761,#1762,#858,.T.);
#2220=EDGE_CURVE('',#1762,#1751,#859,.T.);
#2221=EDGE_CURVE('',#1706,#1763,#1113,.T.);
#2222=EDGE_CURVE('',#1763,#1764,#1114,.T.);
#2223=EDGE_CURVE('',#1764,#1765,#755,.T.);
#2224=EDGE_CURVE('',#1765,#1766,#1115,.T.);
#2225=EDGE_CURVE('',#1766,#1701,#1116,.T.);
#2226=EDGE_CURVE('',#1766,#1693,#756,.T.);
#2227=EDGE_CURVE('',#1767,#1768,#860,.T.);
#2228=EDGE_CURVE('',#1767,#1769,#1117,.T.);
#2229=EDGE_CURVE('',#1769,#1770,#861,.T.);
#2230=EDGE_CURVE('',#1768,#1770,#1118,.T.);
#2231=EDGE_CURVE('',#1771,#1767,#862,.T.);
#2232=EDGE_CURVE('',#1771,#1772,#1119,.T.);
#2233=EDGE_CURVE('',#1772,#1769,#863,.T.);
#2234=EDGE_CURVE('',#1773,#1771,#864,.T.);
#2235=EDGE_CURVE('',#1773,#1774,#1120,.T.);
#2236=EDGE_CURVE('',#1774,#1772,#865,.T.);
#2237=EDGE_CURVE('',#1775,#1773,#866,.T.);
#2238=EDGE_CURVE('',#1775,#1776,#1121,.T.);
#2239=EDGE_CURVE('',#1776,#1774,#867,.T.);
#2240=EDGE_CURVE('',#1777,#1775,#868,.T.);
#2241=EDGE_CURVE('',#1777,#1778,#1122,.T.);
#2242=EDGE_CURVE('',#1778,#1776,#869,.T.);
#2243=EDGE_CURVE('',#1779,#1777,#870,.T.);
#2244=EDGE_CURVE('',#1779,#1780,#1123,.T.);
#2245=EDGE_CURVE('',#1780,#1778,#871,.T.);
#2246=EDGE_CURVE('',#1781,#1779,#872,.T.);
#2247=EDGE_CURVE('',#1781,#1782,#1124,.T.);
#2248=EDGE_CURVE('',#1782,#1780,#873,.T.);
#2249=EDGE_CURVE('',#1768,#1781,#874,.T.);
#2250=EDGE_CURVE('',#1770,#1782,#875,.T.);
#2251=EDGE_CURVE('',#1751,#1783,#1125,.T.);
#2252=EDGE_CURVE('',#1783,#1784,#876,.T.);
#2253=EDGE_CURVE('',#1752,#1784,#1126,.T.);
#2254=EDGE_CURVE('',#1762,#1785,#1127,.T.);
#2255=EDGE_CURVE('',#1785,#1783,#877,.T.);
#2256=EDGE_CURVE('',#1761,#1786,#1128,.T.);
#2257=EDGE_CURVE('',#1786,#1785,#878,.T.);
#2258=EDGE_CURVE('',#1760,#1787,#1129,.T.);
#2259=EDGE_CURVE('',#1787,#1786,#879,.T.);
#2260=EDGE_CURVE('',#1759,#1788,#1130,.T.);
#2261=EDGE_CURVE('',#1788,#1787,#880,.T.);
#2262=EDGE_CURVE('',#1758,#1789,#1131,.T.);
#2263=EDGE_CURVE('',#1789,#1788,#881,.T.);
#2264=EDGE_CURVE('',#1757,#1790,#1132,.T.);
#2265=EDGE_CURVE('',#1790,#1789,#882,.T.);
#2266=EDGE_CURVE('',#1756,#1791,#1133,.T.);
#2267=EDGE_CURVE('',#1791,#1790,#883,.T.);
#2268=EDGE_CURVE('',#1755,#1792,#1134,.T.);
#2269=EDGE_CURVE('',#1792,#1791,#884,.T.);
#2270=EDGE_CURVE('',#1754,#1793,#1135,.T.);
#2271=EDGE_CURVE('',#1793,#1792,#885,.T.);
#2272=EDGE_CURVE('',#1753,#1794,#1136,.T.);
#2273=EDGE_CURVE('',#1794,#1793,#886,.T.);
#2274=EDGE_CURVE('',#1784,#1794,#887,.T.);
#2275=EDGE_CURVE('',#1747,#1795,#1137,.T.);
#2276=EDGE_CURVE('',#1795,#1796,#1138,.T.);
#2277=EDGE_CURVE('',#1748,#1796,#1139,.T.);
#2278=EDGE_CURVE('',#1750,#1797,#1140,.T.);
#2279=EDGE_CURVE('',#1797,#1795,#1141,.T.);
#2280=EDGE_CURVE('',#1749,#1798,#1142,.T.);
#2281=EDGE_CURVE('',#1798,#1797,#1143,.T.);
#2282=EDGE_CURVE('',#1796,#1798,#1144,.T.);
#2283=EDGE_CURVE('',#1799,#1800,#888,.T.);
#2284=EDGE_CURVE('',#1799,#1801,#1145,.T.);
#2285=EDGE_CURVE('',#1801,#1802,#889,.T.);
#2286=EDGE_CURVE('',#1800,#1802,#1146,.T.);
#2287=EDGE_CURVE('',#1803,#1799,#890,.T.);
#2288=EDGE_CURVE('',#1803,#1804,#1147,.T.);
#2289=EDGE_CURVE('',#1804,#1801,#891,.T.);
#2290=EDGE_CURVE('',#1805,#1803,#892,.T.);
#2291=EDGE_CURVE('',#1805,#1806,#1148,.T.);
#2292=EDGE_CURVE('',#1806,#1804,#893,.T.);
#2293=EDGE_CURVE('',#1807,#1805,#894,.T.);
#2294=EDGE_CURVE('',#1807,#1808,#1149,.T.);
#2295=EDGE_CURVE('',#1808,#1806,#895,.T.);
#2296=EDGE_CURVE('',#1809,#1807,#896,.T.);
#2297=EDGE_CURVE('',#1809,#1810,#1150,.T.);
#2298=EDGE_CURVE('',#1810,#1808,#897,.T.);
#2299=EDGE_CURVE('',#1811,#1809,#898,.T.);
#2300=EDGE_CURVE('',#1811,#1812,#1151,.T.);
#2301=EDGE_CURVE('',#1812,#1810,#899,.T.);
#2302=EDGE_CURVE('',#1813,#1811,#900,.T.);
#2303=EDGE_CURVE('',#1813,#1814,#1152,.T.);
#2304=EDGE_CURVE('',#1814,#1812,#901,.T.);
#2305=EDGE_CURVE('',#1815,#1813,#902,.T.);
#2306=EDGE_CURVE('',#1815,#1816,#1153,.T.);
#2307=EDGE_CURVE('',#1816,#1814,#903,.T.);
#2308=EDGE_CURVE('',#1800,#1815,#904,.T.);
#2309=EDGE_CURVE('',#1802,#1816,#905,.T.);
#2310=EDGE_CURVE('',#1728,#1817,#1154,.T.);
#2311=EDGE_CURVE('',#1817,#1818,#906,.T.);
#2312=EDGE_CURVE('',#1729,#1818,#1155,.T.);
#2313=EDGE_CURVE('',#1746,#1819,#1156,.T.);
#2314=EDGE_CURVE('',#1819,#1817,#907,.T.);
#2315=EDGE_CURVE('',#1745,#1820,#1157,.T.);
#2316=EDGE_CURVE('',#1820,#1819,#908,.T.);
#2317=EDGE_CURVE('',#1744,#1821,#1158,.T.);
#2318=EDGE_CURVE('',#1821,#1820,#909,.T.);
#2319=EDGE_CURVE('',#1743,#1822,#1159,.T.);
#2320=EDGE_CURVE('',#1822,#1821,#910,.T.);
#2321=EDGE_CURVE('',#1742,#1823,#1160,.T.);
#2322=EDGE_CURVE('',#1823,#1822,#911,.T.);
#2323=EDGE_CURVE('',#1741,#1824,#1161,.T.);
#2324=EDGE_CURVE('',#1824,#1823,#912,.T.);
#2325=EDGE_CURVE('',#1740,#1825,#1162,.T.);
#2326=EDGE_CURVE('',#1825,#1824,#913,.T.);
#2327=EDGE_CURVE('',#1739,#1826,#1163,.T.);
#2328=EDGE_CURVE('',#1826,#1825,#914,.T.);
#2329=EDGE_CURVE('',#1738,#1827,#1164,.T.);
#2330=EDGE_CURVE('',#1827,#1826,#915,.T.);
#2331=EDGE_CURVE('',#1737,#1828,#1165,.T.);
#2332=EDGE_CURVE('',#1828,#1827,#916,.T.);
#2333=EDGE_CURVE('',#1736,#1829,#1166,.T.);
#2334=EDGE_CURVE('',#1829,#1828,#917,.T.);
#2335=EDGE_CURVE('',#1735,#1830,#1167,.T.);
#2336=EDGE_CURVE('',#1830,#1829,#918,.T.);
#2337=EDGE_CURVE('',#1734,#1831,#1168,.T.);
#2338=EDGE_CURVE('',#1831,#1830,#919,.T.);
#2339=EDGE_CURVE('',#1733,#1832,#1169,.T.);
#2340=EDGE_CURVE('',#1832,#1831,#920,.T.);
#2341=EDGE_CURVE('',#1732,#1833,#1170,.T.);
#2342=EDGE_CURVE('',#1833,#1832,#921,.T.);
#2343=EDGE_CURVE('',#1731,#1834,#1171,.T.);
#2344=EDGE_CURVE('',#1834,#1833,#922,.T.);
#2345=EDGE_CURVE('',#1730,#1835,#1172,.T.);
#2346=EDGE_CURVE('',#1835,#1834,#1173,.T.);
#2347=EDGE_CURVE('',#1818,#1835,#923,.T.);
#2348=EDGE_CURVE('',#1836,#1837,#1174,.T.);
#2349=EDGE_CURVE('',#1836,#1838,#1175,.T.);
#2350=EDGE_CURVE('',#1838,#1839,#1176,.T.);
#2351=EDGE_CURVE('',#1837,#1839,#1177,.T.);
#2352=EDGE_CURVE('',#1840,#1836,#924,.T.);
#2353=EDGE_CURVE('',#1840,#1841,#1178,.T.);
#2354=EDGE_CURVE('',#1841,#1838,#925,.T.);
#2355=EDGE_CURVE('',#1842,#1840,#926,.T.);
#2356=EDGE_CURVE('',#1842,#1843,#1179,.T.);
#2357=EDGE_CURVE('',#1843,#1841,#927,.T.);
#2358=EDGE_CURVE('',#1844,#1842,#928,.T.);
#2359=EDGE_CURVE('',#1844,#1845,#1180,.T.);
#2360=EDGE_CURVE('',#1845,#1843,#929,.T.);
#2361=EDGE_CURVE('',#1846,#1844,#930,.T.);
#2362=EDGE_CURVE('',#1846,#1847,#1181,.T.);
#2363=EDGE_CURVE('',#1847,#1845,#931,.T.);
#2364=EDGE_CURVE('',#1848,#1846,#932,.T.);
#2365=EDGE_CURVE('',#1848,#1849,#1182,.T.);
#2366=EDGE_CURVE('',#1849,#1847,#933,.T.);
#2367=EDGE_CURVE('',#1850,#1848,#1183,.T.);
#2368=EDGE_CURVE('',#1850,#1851,#1184,.T.);
#2369=EDGE_CURVE('',#1851,#1849,#1185,.T.);
#2370=EDGE_CURVE('',#1837,#1850,#1186,.T.);
#2371=EDGE_CURVE('',#1839,#1851,#1187,.T.);
#2372=EDGE_CURVE('',#1709,#1852,#1188,.T.);
#2373=EDGE_CURVE('',#1852,#1853,#1189,.T.);
#2374=EDGE_CURVE('',#1710,#1853,#1190,.T.);
#2375=EDGE_CURVE('',#1727,#1854,#1191,.T.);
#2376=EDGE_CURVE('',#1854,#1852,#1192,.T.);
#2377=EDGE_CURVE('',#1726,#1855,#1193,.T.);
#2378=EDGE_CURVE('',#1855,#1854,#934,.T.);
#2379=EDGE_CURVE('',#1725,#1856,#1194,.T.);
#2380=EDGE_CURVE('',#1856,#1855,#935,.T.);
#2381=EDGE_CURVE('',#1724,#1857,#1195,.T.);
#2382=EDGE_CURVE('',#1857,#1856,#936,.T.);
#2383=EDGE_CURVE('',#1723,#1858,#1196,.T.);
#2384=EDGE_CURVE('',#1858,#1857,#937,.T.);
#2385=EDGE_CURVE('',#1722,#1859,#1197,.T.);
#2386=EDGE_CURVE('',#1859,#1858,#1198,.T.);
#2387=EDGE_CURVE('',#1721,#1860,#1199,.T.);
#2388=EDGE_CURVE('',#1860,#1859,#1200,.T.);
#2389=EDGE_CURVE('',#1720,#1861,#1201,.T.);
#2390=EDGE_CURVE('',#1861,#1860,#1202,.T.);
#2391=EDGE_CURVE('',#1719,#1862,#1203,.T.);
#2392=EDGE_CURVE('',#1862,#1861,#938,.T.);
#2393=EDGE_CURVE('',#1718,#1863,#1204,.T.);
#2394=EDGE_CURVE('',#1863,#1862,#939,.T.);
#2395=EDGE_CURVE('',#1717,#1864,#1205,.T.);
#2396=EDGE_CURVE('',#1864,#1863,#940,.T.);
#2397=EDGE_CURVE('',#1716,#1865,#1206,.T.);
#2398=EDGE_CURVE('',#1865,#1864,#941,.T.);
#2399=EDGE_CURVE('',#1715,#1866,#1207,.T.);
#2400=EDGE_CURVE('',#1866,#1865,#942,.T.);
#2401=EDGE_CURVE('',#1714,#1867,#1208,.T.);
#2402=EDGE_CURVE('',#1867,#1866,#943,.T.);
#2403=EDGE_CURVE('',#1713,#1868,#1209,.T.);
#2404=EDGE_CURVE('',#1868,#1867,#944,.T.);
#2405=EDGE_CURVE('',#1712,#1869,#1210,.T.);
#2406=EDGE_CURVE('',#1869,#1868,#1211,.T.);
#2407=EDGE_CURVE('',#1711,#1870,#1212,.T.);
#2408=EDGE_CURVE('',#1870,#1869,#1213,.T.);
#2409=EDGE_CURVE('',#1853,#1870,#1214,.T.);
#2410=EDGE_CURVE('',#1707,#1615,#1215,.T.);
#2411=EDGE_CURVE('',#1583,#1676,#757,.T.);
#2412=EDGE_CURVE('',#1871,#1871,#758,.T.);
#2413=EDGE_CURVE('',#1871,#1872,#1216,.T.);
#2414=EDGE_CURVE('',#1872,#1872,#759,.T.);
#2415=EDGE_CURVE('',#1873,#1873,#760,.T.);
#2416=EDGE_CURVE('',#1873,#1541,#1217,.T.);
#2417=EDGE_CURVE('',#1556,#1554,#214,.T.);
#2418=EDGE_CURVE('',#1555,#1553,#945,.T.);
#2419=EDGE_CURVE('',#1533,#1623,#946,.F.);
#2420=EDGE_CURVE('',#1872,#1874,#1218,.T.);
#2421=EDGE_CURVE('',#1874,#1874,#761,.T.);
#2422=EDGE_CURVE('',#1874,#1873,#1219,.T.);
#2423=EDGE_CURVE('',#1529,#1531,#947,.F.);
#2424=EDGE_CURVE('',#1528,#1530,#948,.T.);
#2425=EDGE_CURVE('',#1538,#1532,#949,.T.);
#2426=EDGE_CURVE('',#1875,#1876,#950,.T.);
#2427=EDGE_CURVE('',#1876,#1877,#1220,.T.);
#2428=EDGE_CURVE('',#1576,#1877,#1221,.F.);
#2429=EDGE_CURVE('',#1692,#1875,#762,.T.);
#2430=EDGE_CURVE('',#1763,#1678,#763,.T.);
#2431=EDGE_CURVE('',#1677,#1764,#951,.T.);
#2432=EDGE_CURVE('',#1618,#1678,#764,.T.);
#2433=EDGE_CURVE('',#1619,#1763,#765,.T.);
#2434=EDGE_CURVE('',#1620,#1706,#766,.T.);
#2435=EDGE_CURVE('',#1621,#1705,#767,.T.);
#2436=EDGE_CURVE('',#1622,#1708,#768,.T.);
#2437=EDGE_CURVE('',#1677,#1876,#769,.T.);
#2438=EDGE_CURVE('',#1764,#1875,#770,.T.);
#2439=EDGE_CURVE('',#1765,#1692,#771,.T.);
#2440=EDGE_CURVE('',#1766,#1691,#772,.T.);
#2441=EDGE_CURVE('',#1530,#1542,#1222,.T.);
#2442=EDGE_CURVE('',#1878,#1878,#773,.T.);
#2443=EDGE_CURVE('',#1879,#1879,#774,.T.);
#2444=EDGE_CURVE('',#1879,#1570,#1223,.T.);
#2445=EDGE_CURVE('',#1880,#1880,#775,.T.);
#2446=EDGE_CURVE('',#1880,#1631,#1224,.T.);
#2447=EDGE_CURVE('',#1881,#1881,#776,.T.);
#2448=EDGE_CURVE('',#1881,#1632,#1225,.T.);
#2449=EDGE_CURVE('',#1882,#1882,#777,.T.);
#2450=EDGE_CURVE('',#1882,#1633,#1226,.T.);
#2451=EDGE_CURVE('',#1883,#1883,#778,.T.);
#2452=EDGE_CURVE('',#1883,#1634,#1227,.T.);
#2453=EDGE_CURVE('',#1606,#1884,#1228,.T.);
#2454=EDGE_CURVE('',#1636,#1884,#779,.T.);
#2455=EDGE_CURVE('',#1629,#1885,#1229,.T.);
#2456=EDGE_CURVE('',#1884,#1885,#1230,.T.);
#2457=EDGE_CURVE('',#1885,#1673,#780,.T.);
#2458=EDGE_CURVE('',#1886,#1886,#781,.T.);
#2459=EDGE_CURVE('',#1886,#1880,#1231,.T.);
#2460=EDGE_CURVE('',#1887,#1887,#782,.T.);
#2461=EDGE_CURVE('',#1887,#1630,#1232,.T.);
#2462=EDGE_CURVE('',#1888,#1888,#783,.T.);
#2463=EDGE_CURVE('',#1888,#1878,#1233,.T.);
#2464=ORIENTED_EDGE('',*,*,#1889,.T.);
#2465=ORIENTED_EDGE('',*,*,#1890,.F.);
#2466=ORIENTED_EDGE('',*,*,#1891,.T.);
#2467=ORIENTED_EDGE('',*,*,#1892,.T.);
#2468=ORIENTED_EDGE('',*,*,#1893,.T.);
#2469=ORIENTED_EDGE('',*,*,#1894,.F.);
#2470=ORIENTED_EDGE('',*,*,#1889,.F.);
#2471=ORIENTED_EDGE('',*,*,#1895,.T.);
#2472=ORIENTED_EDGE('',*,*,#1896,.T.);
#2473=ORIENTED_EDGE('',*,*,#1897,.F.);
#2474=ORIENTED_EDGE('',*,*,#1893,.F.);
#2475=ORIENTED_EDGE('',*,*,#1898,.T.);
#2476=ORIENTED_EDGE('',*,*,#1899,.T.);
#2477=ORIENTED_EDGE('',*,*,#1900,.F.);
#2478=ORIENTED_EDGE('',*,*,#1896,.F.);
#2479=ORIENTED_EDGE('',*,*,#1901,.T.);
#2480=ORIENTED_EDGE('',*,*,#1902,.T.);
#2481=ORIENTED_EDGE('',*,*,#1903,.F.);
#2482=ORIENTED_EDGE('',*,*,#1899,.F.);
#2483=ORIENTED_EDGE('',*,*,#1904,.T.);
#2484=ORIENTED_EDGE('',*,*,#1905,.T.);
#2485=ORIENTED_EDGE('',*,*,#1906,.F.);
#2486=ORIENTED_EDGE('',*,*,#1902,.F.);
#2487=ORIENTED_EDGE('',*,*,#1907,.T.);
#2488=ORIENTED_EDGE('',*,*,#1908,.F.);
#2489=ORIENTED_EDGE('',*,*,#1909,.T.);
#2490=ORIENTED_EDGE('',*,*,#1910,.F.);
#2491=ORIENTED_EDGE('',*,*,#1911,.F.);
#2492=ORIENTED_EDGE('',*,*,#1912,.F.);
#2493=ORIENTED_EDGE('',*,*,#1891,.F.);
#2494=ORIENTED_EDGE('',*,*,#1913,.F.);
#2495=ORIENTED_EDGE('',*,*,#1914,.F.);
#2496=ORIENTED_EDGE('',*,*,#1915,.T.);
#2497=ORIENTED_EDGE('',*,*,#1916,.T.);
#2498=ORIENTED_EDGE('',*,*,#1917,.F.);
#2499=ORIENTED_EDGE('',*,*,#1918,.T.);
#2500=ORIENTED_EDGE('',*,*,#1919,.T.);
#2501=ORIENTED_EDGE('',*,*,#1920,.T.);
#2502=ORIENTED_EDGE('',*,*,#1918,.F.);
#2503=ORIENTED_EDGE('',*,*,#1921,.F.);
#2504=ORIENTED_EDGE('',*,*,#1922,.F.);
#2505=ORIENTED_EDGE('',*,*,#1923,.T.);
#2506=ORIENTED_EDGE('',*,*,#1924,.T.);
#2507=ORIENTED_EDGE('',*,*,#1915,.F.);
#2508=ORIENTED_EDGE('',*,*,#1925,.F.);
#2509=ORIENTED_EDGE('',*,*,#1926,.T.);
#2510=ORIENTED_EDGE('',*,*,#1927,.T.);
#2511=ORIENTED_EDGE('',*,*,#1923,.F.);
#2512=ORIENTED_EDGE('',*,*,#1928,.F.);
#2513=ORIENTED_EDGE('',*,*,#1929,.T.);
#2514=ORIENTED_EDGE('',*,*,#1930,.T.);
#2515=ORIENTED_EDGE('',*,*,#1926,.F.);
#2516=ORIENTED_EDGE('',*,*,#1931,.F.);
#2517=ORIENTED_EDGE('',*,*,#1932,.T.);
#2518=ORIENTED_EDGE('',*,*,#1933,.T.);
#2519=ORIENTED_EDGE('',*,*,#1929,.F.);
#2520=ORIENTED_EDGE('',*,*,#1934,.F.);
#2521=ORIENTED_EDGE('',*,*,#1935,.T.);
#2522=ORIENTED_EDGE('',*,*,#1936,.T.);
#2523=ORIENTED_EDGE('',*,*,#1932,.F.);
#2524=ORIENTED_EDGE('',*,*,#1937,.F.);
#2525=ORIENTED_EDGE('',*,*,#1938,.T.);
#2526=ORIENTED_EDGE('',*,*,#1939,.T.);
#2527=ORIENTED_EDGE('',*,*,#1935,.F.);
#2528=ORIENTED_EDGE('',*,*,#1940,.F.);
#2529=ORIENTED_EDGE('',*,*,#1941,.F.);
#2530=ORIENTED_EDGE('',*,*,#1942,.F.);
#2531=ORIENTED_EDGE('',*,*,#1943,.F.);
#2532=ORIENTED_EDGE('',*,*,#1944,.T.);
#2533=ORIENTED_EDGE('',*,*,#1945,.F.);
#2534=ORIENTED_EDGE('',*,*,#1946,.T.);
#2535=ORIENTED_EDGE('',*,*,#1947,.T.);
#2536=ORIENTED_EDGE('',*,*,#1946,.F.);
#2537=ORIENTED_EDGE('',*,*,#1947,.F.);
#2538=ORIENTED_EDGE('',*,*,#1948,.F.);
#2539=ORIENTED_EDGE('',*,*,#1949,.T.);
#2540=ORIENTED_EDGE('',*,*,#1950,.T.);
#2541=ORIENTED_EDGE('',*,*,#1951,.T.);
#2542=ORIENTED_EDGE('',*,*,#1948,.T.);
#2543=ORIENTED_EDGE('',*,*,#1952,.T.);
#2544=ORIENTED_EDGE('',*,*,#1953,.T.);
#2545=ORIENTED_EDGE('',*,*,#1954,.T.);
#2546=ORIENTED_EDGE('',*,*,#1955,.F.);
#2547=ORIENTED_EDGE('',*,*,#1956,.T.);
#2548=ORIENTED_EDGE('',*,*,#1957,.F.);
#2549=ORIENTED_EDGE('',*,*,#1958,.F.);
#2550=ORIENTED_EDGE('',*,*,#1959,.F.);
#2551=ORIENTED_EDGE('',*,*,#1960,.F.);
#2552=ORIENTED_EDGE('',*,*,#1961,.T.);
#2553=ORIENTED_EDGE('',*,*,#1962,.F.);
#2554=ORIENTED_EDGE('',*,*,#1963,.T.);
#2555=ORIENTED_EDGE('',*,*,#1964,.F.);
#2556=ORIENTED_EDGE('',*,*,#1965,.T.);
#2557=ORIENTED_EDGE('',*,*,#1966,.T.);
#2558=ORIENTED_EDGE('',*,*,#1967,.F.);
#2559=ORIENTED_EDGE('',*,*,#1968,.F.);
#2560=ORIENTED_EDGE('',*,*,#1969,.F.);
#2561=ORIENTED_EDGE('',*,*,#1970,.T.);
#2562=ORIENTED_EDGE('',*,*,#1965,.F.);
#2563=ORIENTED_EDGE('',*,*,#1971,.T.);
#2564=ORIENTED_EDGE('',*,*,#1972,.F.);
#2565=ORIENTED_EDGE('',*,*,#1973,.F.);
#2566=ORIENTED_EDGE('',*,*,#1974,.F.);
#2567=ORIENTED_EDGE('',*,*,#1975,.F.);
#2568=ORIENTED_EDGE('',*,*,#1976,.F.);
#2569=ORIENTED_EDGE('',*,*,#1977,.F.);
#2570=ORIENTED_EDGE('',*,*,#1978,.F.);
#2571=ORIENTED_EDGE('',*,*,#1979,.F.);
#2572=ORIENTED_EDGE('',*,*,#1980,.T.);
#2573=ORIENTED_EDGE('',*,*,#1981,.T.);
#2574=ORIENTED_EDGE('',*,*,#1982,.F.);
#2575=ORIENTED_EDGE('',*,*,#1983,.F.);
#2576=ORIENTED_EDGE('',*,*,#1984,.F.);
#2577=ORIENTED_EDGE('',*,*,#1985,.F.);
#2578=ORIENTED_EDGE('',*,*,#1977,.T.);
#2579=ORIENTED_EDGE('',*,*,#1986,.T.);
#2580=ORIENTED_EDGE('',*,*,#1987,.T.);
#2581=ORIENTED_EDGE('',*,*,#1987,.F.);
#2582=ORIENTED_EDGE('',*,*,#1988,.F.);
#2583=ORIENTED_EDGE('',*,*,#1989,.F.);
#2584=ORIENTED_EDGE('',*,*,#1990,.F.);
#2585=ORIENTED_EDGE('',*,*,#1991,.T.);
#2586=ORIENTED_EDGE('',*,*,#1992,.T.);
#2587=ORIENTED_EDGE('',*,*,#1993,.F.);
#2588=ORIENTED_EDGE('',*,*,#1994,.T.);
#2589=ORIENTED_EDGE('',*,*,#1995,.F.);
#2590=ORIENTED_EDGE('',*,*,#1996,.F.);
#2591=ORIENTED_EDGE('',*,*,#1997,.F.);
#2592=ORIENTED_EDGE('',*,*,#1998,.F.);
#2593=ORIENTED_EDGE('',*,*,#1999,.F.);
#2594=ORIENTED_EDGE('',*,*,#1981,.F.);
#2595=ORIENTED_EDGE('',*,*,#2000,.F.);
#2596=ORIENTED_EDGE('',*,*,#1994,.F.);
#2597=ORIENTED_EDGE('',*,*,#2001,.F.);
#2598=ORIENTED_EDGE('',*,*,#2002,.F.);
#2599=ORIENTED_EDGE('',*,*,#2003,.F.);
#2600=ORIENTED_EDGE('',*,*,#1992,.F.);
#2601=ORIENTED_EDGE('',*,*,#2004,.F.);
#2602=ORIENTED_EDGE('',*,*,#2005,.F.);
#2603=ORIENTED_EDGE('',*,*,#2006,.F.);
#2604=ORIENTED_EDGE('',*,*,#2007,.F.);
#2605=ORIENTED_EDGE('',*,*,#2008,.F.);
#2606=ORIENTED_EDGE('',*,*,#2009,.F.);
#2607=ORIENTED_EDGE('',*,*,#2010,.T.);
#2608=ORIENTED_EDGE('',*,*,#2004,.T.);
#2609=ORIENTED_EDGE('',*,*,#1991,.F.);
#2610=ORIENTED_EDGE('',*,*,#2011,.F.);
#2611=ORIENTED_EDGE('',*,*,#1995,.T.);
#2612=ORIENTED_EDGE('',*,*,#2000,.T.);
#2613=ORIENTED_EDGE('',*,*,#1980,.F.);
#2614=ORIENTED_EDGE('',*,*,#1989,.T.);
#2615=ORIENTED_EDGE('',*,*,#2003,.T.);
#2616=ORIENTED_EDGE('',*,*,#2012,.T.);
#2617=ORIENTED_EDGE('',*,*,#2013,.F.);
#2618=ORIENTED_EDGE('',*,*,#2014,.F.);
#2619=ORIENTED_EDGE('',*,*,#1953,.F.);
#2620=ORIENTED_EDGE('',*,*,#2015,.T.);
#2621=ORIENTED_EDGE('',*,*,#2016,.T.);
#2622=ORIENTED_EDGE('',*,*,#2017,.T.);
#2623=ORIENTED_EDGE('',*,*,#2018,.T.);
#2624=ORIENTED_EDGE('',*,*,#2019,.T.);
#2625=ORIENTED_EDGE('',*,*,#2020,.F.);
#2626=ORIENTED_EDGE('',*,*,#2021,.T.);
#2627=ORIENTED_EDGE('',*,*,#1914,.T.);
#2628=ORIENTED_EDGE('',*,*,#2022,.T.);
#2629=ORIENTED_EDGE('',*,*,#1943,.T.);
#2630=ORIENTED_EDGE('',*,*,#2023,.T.);
#2631=ORIENTED_EDGE('',*,*,#2007,.T.);
#2632=ORIENTED_EDGE('',*,*,#2024,.T.);
#2633=ORIENTED_EDGE('',*,*,#2025,.F.);
#2634=ORIENTED_EDGE('',*,*,#2012,.F.);
#2635=ORIENTED_EDGE('',*,*,#1996,.T.);
#2636=ORIENTED_EDGE('',*,*,#2011,.T.);
#2637=ORIENTED_EDGE('',*,*,#1979,.T.);
#2638=ORIENTED_EDGE('',*,*,#2026,.F.);
#2639=ORIENTED_EDGE('',*,*,#2027,.F.);
#2640=ORIENTED_EDGE('',*,*,#1975,.T.);
#2641=ORIENTED_EDGE('',*,*,#2028,.T.);
#2642=ORIENTED_EDGE('',*,*,#2029,.T.);
#2643=ORIENTED_EDGE('',*,*,#2030,.T.);
#2644=ORIENTED_EDGE('',*,*,#2031,.F.);
#2645=ORIENTED_EDGE('',*,*,#2032,.T.);
#2646=ORIENTED_EDGE('',*,*,#2033,.F.);
#2647=ORIENTED_EDGE('',*,*,#2034,.F.);
#2648=ORIENTED_EDGE('',*,*,#2035,.T.);
#2649=ORIENTED_EDGE('',*,*,#2036,.T.);
#2650=ORIENTED_EDGE('',*,*,#2037,.T.);
#2651=ORIENTED_EDGE('',*,*,#2038,.F.);
#2652=ORIENTED_EDGE('',*,*,#2039,.F.);
#2653=ORIENTED_EDGE('',*,*,#1982,.T.);
#2654=ORIENTED_EDGE('',*,*,#1999,.T.);
#2655=ORIENTED_EDGE('',*,*,#2040,.T.);
#2656=ORIENTED_EDGE('',*,*,#2041,.F.);
#2657=ORIENTED_EDGE('',*,*,#2024,.F.);
#2658=ORIENTED_EDGE('',*,*,#2006,.T.);
#2659=ORIENTED_EDGE('',*,*,#2042,.F.);
#2660=ORIENTED_EDGE('',*,*,#2043,.T.);
#2661=ORIENTED_EDGE('',*,*,#2001,.T.);
#2662=ORIENTED_EDGE('',*,*,#2043,.F.);
#2663=ORIENTED_EDGE('',*,*,#2044,.F.);
#2664=ORIENTED_EDGE('',*,*,#2045,.T.);
#2665=ORIENTED_EDGE('',*,*,#2002,.T.);
#2666=ORIENTED_EDGE('',*,*,#2045,.F.);
#2667=ORIENTED_EDGE('',*,*,#2046,.F.);
#2668=ORIENTED_EDGE('',*,*,#2047,.T.);
#2669=ORIENTED_EDGE('',*,*,#2008,.T.);
#2670=ORIENTED_EDGE('',*,*,#2047,.F.);
#2671=ORIENTED_EDGE('',*,*,#1983,.T.);
#2672=ORIENTED_EDGE('',*,*,#2039,.T.);
#2673=ORIENTED_EDGE('',*,*,#2048,.T.);
#2674=ORIENTED_EDGE('',*,*,#2049,.T.);
#2675=ORIENTED_EDGE('',*,*,#2050,.T.);
#2676=ORIENTED_EDGE('',*,*,#2051,.T.);
#2677=ORIENTED_EDGE('',*,*,#1973,.T.);
#2678=ORIENTED_EDGE('',*,*,#2052,.T.);
#2679=ORIENTED_EDGE('',*,*,#2051,.F.);
#2680=ORIENTED_EDGE('',*,*,#2053,.T.);
#2681=ORIENTED_EDGE('',*,*,#2054,.T.);
#2682=ORIENTED_EDGE('',*,*,#2055,.F.);
#2683=ORIENTED_EDGE('',*,*,#2056,.T.);
#2684=ORIENTED_EDGE('',*,*,#2028,.F.);
#2685=ORIENTED_EDGE('',*,*,#1974,.T.);
#2686=ORIENTED_EDGE('',*,*,#2057,.T.);
#2687=ORIENTED_EDGE('',*,*,#2058,.T.);
#2688=ORIENTED_EDGE('',*,*,#2059,.T.);
#2689=ORIENTED_EDGE('',*,*,#2060,.T.);
#2690=ORIENTED_EDGE('',*,*,#2061,.T.);
#2691=ORIENTED_EDGE('',*,*,#2057,.F.);
#2692=ORIENTED_EDGE('',*,*,#2062,.T.);
#2693=ORIENTED_EDGE('',*,*,#2063,.F.);
#2694=ORIENTED_EDGE('',*,*,#2064,.F.);
#2695=ORIENTED_EDGE('',*,*,#2065,.F.);
#2696=ORIENTED_EDGE('',*,*,#2054,.F.);
#2697=ORIENTED_EDGE('',*,*,#2066,.F.);
#2698=ORIENTED_EDGE('',*,*,#2061,.F.);
#2699=ORIENTED_EDGE('',*,*,#2067,.T.);
#2700=ORIENTED_EDGE('',*,*,#2068,.F.);
#2701=ORIENTED_EDGE('',*,*,#2062,.F.);
#2702=ORIENTED_EDGE('',*,*,#2060,.F.);
#2703=ORIENTED_EDGE('',*,*,#2069,.F.);
#2704=ORIENTED_EDGE('',*,*,#2070,.T.);
#2705=ORIENTED_EDGE('',*,*,#2071,.F.);
#2706=ORIENTED_EDGE('',*,*,#2072,.F.);
#2707=ORIENTED_EDGE('',*,*,#2067,.F.);
#2708=ORIENTED_EDGE('',*,*,#2073,.T.);
#2709=ORIENTED_EDGE('',*,*,#2074,.T.);
#2710=ORIENTED_EDGE('',*,*,#2075,.T.);
#2711=ORIENTED_EDGE('',*,*,#2076,.T.);
#2712=ORIENTED_EDGE('',*,*,#2073,.F.);
#2713=ORIENTED_EDGE('',*,*,#2077,.F.);
#2714=ORIENTED_EDGE('',*,*,#2078,.T.);
#2715=ORIENTED_EDGE('',*,*,#2079,.T.);
#2716=ORIENTED_EDGE('',*,*,#2080,.T.);
#2717=ORIENTED_EDGE('',*,*,#2081,.T.);
#2718=ORIENTED_EDGE('',*,*,#2076,.F.);
#2719=ORIENTED_EDGE('',*,*,#2082,.T.);
#2720=ORIENTED_EDGE('',*,*,#2083,.F.);
#2721=ORIENTED_EDGE('',*,*,#2084,.F.);
#2722=ORIENTED_EDGE('',*,*,#2077,.T.);
#2723=ORIENTED_EDGE('',*,*,#2072,.T.);
#2724=ORIENTED_EDGE('',*,*,#2085,.T.);
#2725=ORIENTED_EDGE('',*,*,#2063,.T.);
#2726=ORIENTED_EDGE('',*,*,#2068,.T.);
#2727=ORIENTED_EDGE('',*,*,#2086,.T.);
#2728=ORIENTED_EDGE('',*,*,#2087,.T.);
#2729=ORIENTED_EDGE('',*,*,#2088,.T.);
#2730=ORIENTED_EDGE('',*,*,#2083,.T.);
#2731=ORIENTED_EDGE('',*,*,#2088,.F.);
#2732=ORIENTED_EDGE('',*,*,#2089,.F.);
#2733=ORIENTED_EDGE('',*,*,#2090,.F.);
#2734=ORIENTED_EDGE('',*,*,#2078,.F.);
#2735=ORIENTED_EDGE('',*,*,#2084,.T.);
#2736=ORIENTED_EDGE('',*,*,#2059,.F.);
#2737=ORIENTED_EDGE('',*,*,#2091,.F.);
#2738=ORIENTED_EDGE('',*,*,#1955,.T.);
#2739=ORIENTED_EDGE('',*,*,#2092,.T.);
#2740=ORIENTED_EDGE('',*,*,#2093,.T.);
#2741=ORIENTED_EDGE('',*,*,#2069,.T.);
#2742=ORIENTED_EDGE('',*,*,#2092,.F.);
#2743=ORIENTED_EDGE('',*,*,#1954,.F.);
#2744=ORIENTED_EDGE('',*,*,#2014,.T.);
#2745=ORIENTED_EDGE('',*,*,#2094,.F.);
#2746=ORIENTED_EDGE('',*,*,#2095,.F.);
#2747=ORIENTED_EDGE('',*,*,#2096,.T.);
#2748=ORIENTED_EDGE('',*,*,#2097,.T.);
#2749=ORIENTED_EDGE('',*,*,#2096,.F.);
#2750=ORIENTED_EDGE('',*,*,#2097,.F.);
#2751=ORIENTED_EDGE('',*,*,#2074,.F.);
#2752=ORIENTED_EDGE('',*,*,#2081,.F.);
#2753=ORIENTED_EDGE('',*,*,#2029,.F.);
#2754=ORIENTED_EDGE('',*,*,#2098,.T.);
#2755=ORIENTED_EDGE('',*,*,#2075,.F.);
#2756=ORIENTED_EDGE('',*,*,#2098,.F.);
#2757=ORIENTED_EDGE('',*,*,#2056,.F.);
#2758=ORIENTED_EDGE('',*,*,#2099,.T.);
#2759=ORIENTED_EDGE('',*,*,#2100,.F.);
#2760=ORIENTED_EDGE('',*,*,#2086,.F.);
#2761=ORIENTED_EDGE('',*,*,#2082,.F.);
#2762=ORIENTED_EDGE('',*,*,#2087,.F.);
#2763=ORIENTED_EDGE('',*,*,#2100,.T.);
#2764=ORIENTED_EDGE('',*,*,#2101,.T.);
#2765=ORIENTED_EDGE('',*,*,#2089,.T.);
#2766=ORIENTED_EDGE('',*,*,#2080,.F.);
#2767=ORIENTED_EDGE('',*,*,#2102,.F.);
#2768=ORIENTED_EDGE('',*,*,#2103,.F.);
#2769=ORIENTED_EDGE('',*,*,#2030,.F.);
#2770=ORIENTED_EDGE('',*,*,#2104,.F.);
#2771=ORIENTED_EDGE('',*,*,#2105,.T.);
#2772=ORIENTED_EDGE('',*,*,#2106,.T.);
#2773=ORIENTED_EDGE('',*,*,#2105,.F.);
#2774=ORIENTED_EDGE('',*,*,#2106,.F.);
#2775=ORIENTED_EDGE('',*,*,#2058,.F.);
#2776=ORIENTED_EDGE('',*,*,#2066,.T.);
#2777=ORIENTED_EDGE('',*,*,#1956,.F.);
#2778=ORIENTED_EDGE('',*,*,#2091,.T.);
#2779=ORIENTED_EDGE('',*,*,#2085,.F.);
#2780=ORIENTED_EDGE('',*,*,#2071,.T.);
#2781=ORIENTED_EDGE('',*,*,#2107,.T.);
#2782=ORIENTED_EDGE('',*,*,#2064,.T.);
#2783=ORIENTED_EDGE('',*,*,#2108,.T.);
#2784=ORIENTED_EDGE('',*,*,#2109,.T.);
#2785=ORIENTED_EDGE('',*,*,#2110,.T.);
#2786=ORIENTED_EDGE('',*,*,#2111,.T.);
#2787=ORIENTED_EDGE('',*,*,#1988,.T.);
#2788=ORIENTED_EDGE('',*,*,#1986,.F.);
#2789=ORIENTED_EDGE('',*,*,#1976,.T.);
#2790=ORIENTED_EDGE('',*,*,#2027,.T.);
#2791=ORIENTED_EDGE('',*,*,#2112,.T.);
#2792=ORIENTED_EDGE('',*,*,#2113,.F.);
#2793=ORIENTED_EDGE('',*,*,#2112,.F.);
#2794=ORIENTED_EDGE('',*,*,#2026,.T.);
#2795=ORIENTED_EDGE('',*,*,#1978,.T.);
#2796=ORIENTED_EDGE('',*,*,#1985,.T.);
#2797=ORIENTED_EDGE('',*,*,#1949,.F.);
#2798=ORIENTED_EDGE('',*,*,#1957,.T.);
#2799=ORIENTED_EDGE('',*,*,#2053,.F.);
#2800=ORIENTED_EDGE('',*,*,#2050,.F.);
#2801=ORIENTED_EDGE('',*,*,#2114,.F.);
#2802=ORIENTED_EDGE('',*,*,#2115,.T.);
#2803=ORIENTED_EDGE('',*,*,#2116,.T.);
#2804=ORIENTED_EDGE('',*,*,#2117,.F.);
#2805=ORIENTED_EDGE('',*,*,#2118,.T.);
#2806=ORIENTED_EDGE('',*,*,#2117,.T.);
#2807=ORIENTED_EDGE('',*,*,#2119,.T.);
#2808=ORIENTED_EDGE('',*,*,#2120,.T.);
#2809=ORIENTED_EDGE('',*,*,#2121,.T.);
#2810=ORIENTED_EDGE('',*,*,#2122,.T.);
#2811=ORIENTED_EDGE('',*,*,#2123,.F.);
#2812=ORIENTED_EDGE('',*,*,#2124,.T.);
#2813=ORIENTED_EDGE('',*,*,#2123,.T.);
#2814=ORIENTED_EDGE('',*,*,#2125,.T.);
#2815=ORIENTED_EDGE('',*,*,#2126,.T.);
#2816=ORIENTED_EDGE('',*,*,#2118,.F.);
#2817=ORIENTED_EDGE('',*,*,#2120,.F.);
#2818=ORIENTED_EDGE('',*,*,#2127,.T.);
#2819=ORIENTED_EDGE('',*,*,#2125,.F.);
#2820=ORIENTED_EDGE('',*,*,#2122,.F.);
#2821=ORIENTED_EDGE('',*,*,#2128,.T.);
#2822=ORIENTED_EDGE('',*,*,#2119,.F.);
#2823=ORIENTED_EDGE('',*,*,#2129,.T.);
#2824=ORIENTED_EDGE('',*,*,#2126,.F.);
#2825=ORIENTED_EDGE('',*,*,#2130,.T.);
#2826=ORIENTED_EDGE('',*,*,#2131,.T.);
#2827=ORIENTED_EDGE('',*,*,#2128,.F.);
#2828=ORIENTED_EDGE('',*,*,#2132,.F.);
#2829=ORIENTED_EDGE('',*,*,#2133,.T.);
#2830=ORIENTED_EDGE('',*,*,#2134,.T.);
#2831=ORIENTED_EDGE('',*,*,#1962,.T.);
#2832=ORIENTED_EDGE('',*,*,#2135,.T.);
#2833=ORIENTED_EDGE('',*,*,#2121,.F.);
#2834=ORIENTED_EDGE('',*,*,#2136,.F.);
#2835=ORIENTED_EDGE('',*,*,#2137,.T.);
#2836=ORIENTED_EDGE('',*,*,#2132,.T.);
#2837=ORIENTED_EDGE('',*,*,#2138,.F.);
#2838=ORIENTED_EDGE('',*,*,#2139,.T.);
#2839=ORIENTED_EDGE('',*,*,#2130,.F.);
#2840=ORIENTED_EDGE('',*,*,#2127,.F.);
#2841=ORIENTED_EDGE('',*,*,#2131,.F.);
#2842=ORIENTED_EDGE('',*,*,#2139,.F.);
#2843=ORIENTED_EDGE('',*,*,#2140,.T.);
#2844=ORIENTED_EDGE('',*,*,#2141,.T.);
#2845=ORIENTED_EDGE('',*,*,#2142,.T.);
#2846=ORIENTED_EDGE('',*,*,#1967,.T.);
#2847=ORIENTED_EDGE('',*,*,#2143,.T.);
#2848=ORIENTED_EDGE('',*,*,#2144,.T.);
#2849=ORIENTED_EDGE('',*,*,#2141,.F.);
#2850=ORIENTED_EDGE('',*,*,#2145,.T.);
#2851=ORIENTED_EDGE('',*,*,#2146,.T.);
#2852=ORIENTED_EDGE('',*,*,#2147,.T.);
#2853=ORIENTED_EDGE('',*,*,#2148,.T.);
#2854=ORIENTED_EDGE('',*,*,#2149,.T.);
#2855=ORIENTED_EDGE('',*,*,#2146,.F.);
#2856=ORIENTED_EDGE('',*,*,#2150,.T.);
#2857=ORIENTED_EDGE('',*,*,#2143,.F.);
#2858=ORIENTED_EDGE('',*,*,#2151,.T.);
#2859=ORIENTED_EDGE('',*,*,#2152,.F.);
#2860=ORIENTED_EDGE('',*,*,#2153,.T.);
#2861=ORIENTED_EDGE('',*,*,#2154,.T.);
#2862=ORIENTED_EDGE('',*,*,#1959,.T.);
#2863=ORIENTED_EDGE('',*,*,#2153,.F.);
#2864=ORIENTED_EDGE('',*,*,#2148,.F.);
#2865=ORIENTED_EDGE('',*,*,#2155,.T.);
#2866=ORIENTED_EDGE('',*,*,#2142,.F.);
#2867=ORIENTED_EDGE('',*,*,#2144,.F.);
#2868=ORIENTED_EDGE('',*,*,#2150,.F.);
#2869=ORIENTED_EDGE('',*,*,#2156,.T.);
#2870=ORIENTED_EDGE('',*,*,#1968,.T.);
#2871=ORIENTED_EDGE('',*,*,#2149,.F.);
#2872=ORIENTED_EDGE('',*,*,#2152,.T.);
#2873=ORIENTED_EDGE('',*,*,#1969,.T.);
#2874=ORIENTED_EDGE('',*,*,#2156,.F.);
#2875=ORIENTED_EDGE('',*,*,#2116,.F.);
#2876=ORIENTED_EDGE('',*,*,#2157,.T.);
#2877=ORIENTED_EDGE('',*,*,#1960,.T.);
#2878=ORIENTED_EDGE('',*,*,#2154,.F.);
#2879=ORIENTED_EDGE('',*,*,#2158,.T.);
#2880=ORIENTED_EDGE('',*,*,#2136,.T.);
#2881=ORIENTED_EDGE('',*,*,#2124,.F.);
#2882=ORIENTED_EDGE('',*,*,#2129,.F.);
#2883=ORIENTED_EDGE('',*,*,#2049,.F.);
#2884=ORIENTED_EDGE('',*,*,#2159,.T.);
#2885=ORIENTED_EDGE('',*,*,#2160,.T.);
#2886=ORIENTED_EDGE('',*,*,#1984,.T.);
#2887=ORIENTED_EDGE('',*,*,#2145,.F.);
#2888=ORIENTED_EDGE('',*,*,#2161,.F.);
#2889=ORIENTED_EDGE('',*,*,#2162,.T.);
#2890=ORIENTED_EDGE('',*,*,#2163,.F.);
#2891=ORIENTED_EDGE('',*,*,#2140,.F.);
#2892=ORIENTED_EDGE('',*,*,#1966,.F.);
#2893=ORIENTED_EDGE('',*,*,#1970,.F.);
#2894=ORIENTED_EDGE('',*,*,#2160,.F.);
#2895=ORIENTED_EDGE('',*,*,#2164,.T.);
#2896=ORIENTED_EDGE('',*,*,#2165,.F.);
#2897=ORIENTED_EDGE('',*,*,#2166,.T.);
#2898=ORIENTED_EDGE('',*,*,#2161,.T.);
#2899=ORIENTED_EDGE('',*,*,#2167,.T.);
#2900=ORIENTED_EDGE('',*,*,#2168,.T.);
#2901=ORIENTED_EDGE('',*,*,#2169,.T.);
#2902=ORIENTED_EDGE('',*,*,#2170,.T.);
#2903=ORIENTED_EDGE('',*,*,#2171,.T.);
#2904=ORIENTED_EDGE('',*,*,#2172,.T.);
#2905=ORIENTED_EDGE('',*,*,#2173,.T.);
#2906=ORIENTED_EDGE('',*,*,#2174,.T.);
#2907=ORIENTED_EDGE('',*,*,#2175,.T.);
#2908=ORIENTED_EDGE('',*,*,#2176,.T.);
#2909=ORIENTED_EDGE('',*,*,#2177,.T.);
#2910=ORIENTED_EDGE('',*,*,#2178,.T.);
#2911=ORIENTED_EDGE('',*,*,#2179,.T.);
#2912=ORIENTED_EDGE('',*,*,#2180,.T.);
#2913=ORIENTED_EDGE('',*,*,#2181,.T.);
#2914=ORIENTED_EDGE('',*,*,#2182,.T.);
#2915=ORIENTED_EDGE('',*,*,#2183,.T.);
#2916=ORIENTED_EDGE('',*,*,#2184,.T.);
#2917=ORIENTED_EDGE('',*,*,#2185,.T.);
#2918=ORIENTED_EDGE('',*,*,#2186,.T.);
#2919=ORIENTED_EDGE('',*,*,#2187,.T.);
#2920=ORIENTED_EDGE('',*,*,#2188,.T.);
#2921=ORIENTED_EDGE('',*,*,#2189,.T.);
#2922=ORIENTED_EDGE('',*,*,#2190,.T.);
#2923=ORIENTED_EDGE('',*,*,#2191,.T.);
#2924=ORIENTED_EDGE('',*,*,#2192,.T.);
#2925=ORIENTED_EDGE('',*,*,#2193,.T.);
#2926=ORIENTED_EDGE('',*,*,#2194,.T.);
#2927=ORIENTED_EDGE('',*,*,#2195,.T.);
#2928=ORIENTED_EDGE('',*,*,#2196,.T.);
#2929=ORIENTED_EDGE('',*,*,#2197,.T.);
#2930=ORIENTED_EDGE('',*,*,#2198,.T.);
#2931=ORIENTED_EDGE('',*,*,#2199,.T.);
#2932=ORIENTED_EDGE('',*,*,#2200,.T.);
#2933=ORIENTED_EDGE('',*,*,#2201,.T.);
#2934=ORIENTED_EDGE('',*,*,#2202,.T.);
#2935=ORIENTED_EDGE('',*,*,#2203,.T.);
#2936=ORIENTED_EDGE('',*,*,#2204,.T.);
#2937=ORIENTED_EDGE('',*,*,#2205,.T.);
#2938=ORIENTED_EDGE('',*,*,#2206,.T.);
#2939=ORIENTED_EDGE('',*,*,#2207,.T.);
#2940=ORIENTED_EDGE('',*,*,#2208,.T.);
#2941=ORIENTED_EDGE('',*,*,#2209,.T.);
#2942=ORIENTED_EDGE('',*,*,#2210,.T.);
#2943=ORIENTED_EDGE('',*,*,#2211,.T.);
#2944=ORIENTED_EDGE('',*,*,#2212,.T.);
#2945=ORIENTED_EDGE('',*,*,#2213,.T.);
#2946=ORIENTED_EDGE('',*,*,#2214,.T.);
#2947=ORIENTED_EDGE('',*,*,#2215,.T.);
#2948=ORIENTED_EDGE('',*,*,#2216,.T.);
#2949=ORIENTED_EDGE('',*,*,#2217,.T.);
#2950=ORIENTED_EDGE('',*,*,#2218,.T.);
#2951=ORIENTED_EDGE('',*,*,#2219,.T.);
#2952=ORIENTED_EDGE('',*,*,#2220,.T.);
#2953=ORIENTED_EDGE('',*,*,#2151,.F.);
#2954=ORIENTED_EDGE('',*,*,#2163,.T.);
#2955=ORIENTED_EDGE('',*,*,#2221,.T.);
#2956=ORIENTED_EDGE('',*,*,#2222,.T.);
#2957=ORIENTED_EDGE('',*,*,#2223,.T.);
#2958=ORIENTED_EDGE('',*,*,#2224,.T.);
#2959=ORIENTED_EDGE('',*,*,#2225,.T.);
#2960=ORIENTED_EDGE('',*,*,#2147,.F.);
#2961=ORIENTED_EDGE('',*,*,#2155,.F.);
#2962=ORIENTED_EDGE('',*,*,#2225,.F.);
#2963=ORIENTED_EDGE('',*,*,#2226,.T.);
#2964=ORIENTED_EDGE('',*,*,#2158,.F.);
#2965=ORIENTED_EDGE('',*,*,#2227,.F.);
#2966=ORIENTED_EDGE('',*,*,#2228,.T.);
#2967=ORIENTED_EDGE('',*,*,#2229,.T.);
#2968=ORIENTED_EDGE('',*,*,#2230,.F.);
#2969=ORIENTED_EDGE('',*,*,#2231,.F.);
#2970=ORIENTED_EDGE('',*,*,#2232,.T.);
#2971=ORIENTED_EDGE('',*,*,#2233,.T.);
#2972=ORIENTED_EDGE('',*,*,#2228,.F.);
#2973=ORIENTED_EDGE('',*,*,#2234,.F.);
#2974=ORIENTED_EDGE('',*,*,#2235,.T.);
#2975=ORIENTED_EDGE('',*,*,#2236,.T.);
#2976=ORIENTED_EDGE('',*,*,#2232,.F.);
#2977=ORIENTED_EDGE('',*,*,#2237,.F.);
#2978=ORIENTED_EDGE('',*,*,#2238,.T.);
#2979=ORIENTED_EDGE('',*,*,#2239,.T.);
#2980=ORIENTED_EDGE('',*,*,#2235,.F.);
#2981=ORIENTED_EDGE('',*,*,#2240,.F.);
#2982=ORIENTED_EDGE('',*,*,#2241,.T.);
#2983=ORIENTED_EDGE('',*,*,#2242,.T.);
#2984=ORIENTED_EDGE('',*,*,#2238,.F.);
#2985=ORIENTED_EDGE('',*,*,#2243,.F.);
#2986=ORIENTED_EDGE('',*,*,#2244,.T.);
#2987=ORIENTED_EDGE('',*,*,#2245,.T.);
#2988=ORIENTED_EDGE('',*,*,#2241,.F.);
#2989=ORIENTED_EDGE('',*,*,#2246,.F.);
#2990=ORIENTED_EDGE('',*,*,#2247,.T.);
#2991=ORIENTED_EDGE('',*,*,#2248,.T.);
#2992=ORIENTED_EDGE('',*,*,#2244,.F.);
#2993=ORIENTED_EDGE('',*,*,#2249,.F.);
#2994=ORIENTED_EDGE('',*,*,#2230,.T.);
#2995=ORIENTED_EDGE('',*,*,#2250,.T.);
#2996=ORIENTED_EDGE('',*,*,#2247,.F.);
#2997=ORIENTED_EDGE('',*,*,#2209,.F.);
#2998=ORIENTED_EDGE('',*,*,#2251,.T.);
#2999=ORIENTED_EDGE('',*,*,#2252,.T.);
#3000=ORIENTED_EDGE('',*,*,#2253,.F.);
#3001=ORIENTED_EDGE('',*,*,#2220,.F.);
#3002=ORIENTED_EDGE('',*,*,#2254,.T.);
#3003=ORIENTED_EDGE('',*,*,#2255,.T.);
#3004=ORIENTED_EDGE('',*,*,#2251,.F.);
#3005=ORIENTED_EDGE('',*,*,#2219,.F.);
#3006=ORIENTED_EDGE('',*,*,#2256,.T.);
#3007=ORIENTED_EDGE('',*,*,#2257,.T.);
#3008=ORIENTED_EDGE('',*,*,#2254,.F.);
#3009=ORIENTED_EDGE('',*,*,#2218,.F.);
#3010=ORIENTED_EDGE('',*,*,#2258,.T.);
#3011=ORIENTED_EDGE('',*,*,#2259,.T.);
#3012=ORIENTED_EDGE('',*,*,#2256,.F.);
#3013=ORIENTED_EDGE('',*,*,#2217,.F.);
#3014=ORIENTED_EDGE('',*,*,#2260,.T.);
#3015=ORIENTED_EDGE('',*,*,#2261,.T.);
#3016=ORIENTED_EDGE('',*,*,#2258,.F.);
#3017=ORIENTED_EDGE('',*,*,#2216,.F.);
#3018=ORIENTED_EDGE('',*,*,#2262,.T.);
#3019=ORIENTED_EDGE('',*,*,#2263,.T.);
#3020=ORIENTED_EDGE('',*,*,#2260,.F.);
#3021=ORIENTED_EDGE('',*,*,#2215,.F.);
#3022=ORIENTED_EDGE('',*,*,#2264,.T.);
#3023=ORIENTED_EDGE('',*,*,#2265,.T.);
#3024=ORIENTED_EDGE('',*,*,#2262,.F.);
#3025=ORIENTED_EDGE('',*,*,#2214,.F.);
#3026=ORIENTED_EDGE('',*,*,#2266,.T.);
#3027=ORIENTED_EDGE('',*,*,#2267,.T.);
#3028=ORIENTED_EDGE('',*,*,#2264,.F.);
#3029=ORIENTED_EDGE('',*,*,#2213,.F.);
#3030=ORIENTED_EDGE('',*,*,#2268,.T.);
#3031=ORIENTED_EDGE('',*,*,#2269,.T.);
#3032=ORIENTED_EDGE('',*,*,#2266,.F.);
#3033=ORIENTED_EDGE('',*,*,#2212,.F.);
#3034=ORIENTED_EDGE('',*,*,#2270,.T.);
#3035=ORIENTED_EDGE('',*,*,#2271,.T.);
#3036=ORIENTED_EDGE('',*,*,#2268,.F.);
#3037=ORIENTED_EDGE('',*,*,#2211,.F.);
#3038=ORIENTED_EDGE('',*,*,#2272,.T.);
#3039=ORIENTED_EDGE('',*,*,#2273,.T.);
#3040=ORIENTED_EDGE('',*,*,#2270,.F.);
#3041=ORIENTED_EDGE('',*,*,#2210,.F.);
#3042=ORIENTED_EDGE('',*,*,#2253,.T.);
#3043=ORIENTED_EDGE('',*,*,#2274,.T.);
#3044=ORIENTED_EDGE('',*,*,#2272,.F.);
#3045=ORIENTED_EDGE('',*,*,#2274,.F.);
#3046=ORIENTED_EDGE('',*,*,#2252,.F.);
#3047=ORIENTED_EDGE('',*,*,#2255,.F.);
#3048=ORIENTED_EDGE('',*,*,#2257,.F.);
#3049=ORIENTED_EDGE('',*,*,#2259,.F.);
#3050=ORIENTED_EDGE('',*,*,#2261,.F.);
#3051=ORIENTED_EDGE('',*,*,#2263,.F.);
#3052=ORIENTED_EDGE('',*,*,#2265,.F.);
#3053=ORIENTED_EDGE('',*,*,#2267,.F.);
#3054=ORIENTED_EDGE('',*,*,#2269,.F.);
#3055=ORIENTED_EDGE('',*,*,#2271,.F.);
#3056=ORIENTED_EDGE('',*,*,#2273,.F.);
#3057=ORIENTED_EDGE('',*,*,#2250,.F.);
#3058=ORIENTED_EDGE('',*,*,#2229,.F.);
#3059=ORIENTED_EDGE('',*,*,#2233,.F.);
#3060=ORIENTED_EDGE('',*,*,#2236,.F.);
#3061=ORIENTED_EDGE('',*,*,#2239,.F.);
#3062=ORIENTED_EDGE('',*,*,#2242,.F.);
#3063=ORIENTED_EDGE('',*,*,#2245,.F.);
#3064=ORIENTED_EDGE('',*,*,#2248,.F.);
#3065=ORIENTED_EDGE('',*,*,#2205,.F.);
#3066=ORIENTED_EDGE('',*,*,#2275,.T.);
#3067=ORIENTED_EDGE('',*,*,#2276,.T.);
#3068=ORIENTED_EDGE('',*,*,#2277,.F.);
#3069=ORIENTED_EDGE('',*,*,#2208,.F.);
#3070=ORIENTED_EDGE('',*,*,#2278,.T.);
#3071=ORIENTED_EDGE('',*,*,#2279,.T.);
#3072=ORIENTED_EDGE('',*,*,#2275,.F.);
#3073=ORIENTED_EDGE('',*,*,#2207,.F.);
#3074=ORIENTED_EDGE('',*,*,#2280,.T.);
#3075=ORIENTED_EDGE('',*,*,#2281,.T.);
#3076=ORIENTED_EDGE('',*,*,#2278,.F.);
#3077=ORIENTED_EDGE('',*,*,#2206,.F.);
#3078=ORIENTED_EDGE('',*,*,#2277,.T.);
#3079=ORIENTED_EDGE('',*,*,#2282,.T.);
#3080=ORIENTED_EDGE('',*,*,#2280,.F.);
#3081=ORIENTED_EDGE('',*,*,#2282,.F.);
#3082=ORIENTED_EDGE('',*,*,#2276,.F.);
#3083=ORIENTED_EDGE('',*,*,#2279,.F.);
#3084=ORIENTED_EDGE('',*,*,#2281,.F.);
#3085=ORIENTED_EDGE('',*,*,#2283,.F.);
#3086=ORIENTED_EDGE('',*,*,#2284,.T.);
#3087=ORIENTED_EDGE('',*,*,#2285,.T.);
#3088=ORIENTED_EDGE('',*,*,#2286,.F.);
#3089=ORIENTED_EDGE('',*,*,#2287,.F.);
#3090=ORIENTED_EDGE('',*,*,#2288,.T.);
#3091=ORIENTED_EDGE('',*,*,#2289,.T.);
#3092=ORIENTED_EDGE('',*,*,#2284,.F.);
#3093=ORIENTED_EDGE('',*,*,#2290,.F.);
#3094=ORIENTED_EDGE('',*,*,#2291,.T.);
#3095=ORIENTED_EDGE('',*,*,#2292,.T.);
#3096=ORIENTED_EDGE('',*,*,#2288,.F.);
#3097=ORIENTED_EDGE('',*,*,#2293,.F.);
#3098=ORIENTED_EDGE('',*,*,#2294,.T.);
#3099=ORIENTED_EDGE('',*,*,#2295,.T.);
#3100=ORIENTED_EDGE('',*,*,#2291,.F.);
#3101=ORIENTED_EDGE('',*,*,#2296,.F.);
#3102=ORIENTED_EDGE('',*,*,#2297,.T.);
#3103=ORIENTED_EDGE('',*,*,#2298,.T.);
#3104=ORIENTED_EDGE('',*,*,#2294,.F.);
#3105=ORIENTED_EDGE('',*,*,#2299,.F.);
#3106=ORIENTED_EDGE('',*,*,#2300,.T.);
#3107=ORIENTED_EDGE('',*,*,#2301,.T.);
#3108=ORIENTED_EDGE('',*,*,#2297,.F.);
#3109=ORIENTED_EDGE('',*,*,#2302,.F.);
#3110=ORIENTED_EDGE('',*,*,#2303,.T.);
#3111=ORIENTED_EDGE('',*,*,#2304,.T.);
#3112=ORIENTED_EDGE('',*,*,#2300,.F.);
#3113=ORIENTED_EDGE('',*,*,#2305,.F.);
#3114=ORIENTED_EDGE('',*,*,#2306,.T.);
#3115=ORIENTED_EDGE('',*,*,#2307,.T.);
#3116=ORIENTED_EDGE('',*,*,#2303,.F.);
#3117=ORIENTED_EDGE('',*,*,#2308,.F.);
#3118=ORIENTED_EDGE('',*,*,#2286,.T.);
#3119=ORIENTED_EDGE('',*,*,#2309,.T.);
#3120=ORIENTED_EDGE('',*,*,#2306,.F.);
#3121=ORIENTED_EDGE('',*,*,#2186,.F.);
#3122=ORIENTED_EDGE('',*,*,#2310,.T.);
#3123=ORIENTED_EDGE('',*,*,#2311,.T.);
#3124=ORIENTED_EDGE('',*,*,#2312,.F.);
#3125=ORIENTED_EDGE('',*,*,#2204,.F.);
#3126=ORIENTED_EDGE('',*,*,#2313,.T.);
#3127=ORIENTED_EDGE('',*,*,#2314,.T.);
#3128=ORIENTED_EDGE('',*,*,#2310,.F.);
#3129=ORIENTED_EDGE('',*,*,#2203,.F.);
#3130=ORIENTED_EDGE('',*,*,#2315,.T.);
#3131=ORIENTED_EDGE('',*,*,#2316,.T.);
#3132=ORIENTED_EDGE('',*,*,#2313,.F.);
#3133=ORIENTED_EDGE('',*,*,#2202,.F.);
#3134=ORIENTED_EDGE('',*,*,#2317,.T.);
#3135=ORIENTED_EDGE('',*,*,#2318,.T.);
#3136=ORIENTED_EDGE('',*,*,#2315,.F.);
#3137=ORIENTED_EDGE('',*,*,#2201,.F.);
#3138=ORIENTED_EDGE('',*,*,#2319,.T.);
#3139=ORIENTED_EDGE('',*,*,#2320,.T.);
#3140=ORIENTED_EDGE('',*,*,#2317,.F.);
#3141=ORIENTED_EDGE('',*,*,#2200,.F.);
#3142=ORIENTED_EDGE('',*,*,#2321,.T.);
#3143=ORIENTED_EDGE('',*,*,#2322,.T.);
#3144=ORIENTED_EDGE('',*,*,#2319,.F.);
#3145=ORIENTED_EDGE('',*,*,#2199,.F.);
#3146=ORIENTED_EDGE('',*,*,#2323,.T.);
#3147=ORIENTED_EDGE('',*,*,#2324,.T.);
#3148=ORIENTED_EDGE('',*,*,#2321,.F.);
#3149=ORIENTED_EDGE('',*,*,#2198,.F.);
#3150=ORIENTED_EDGE('',*,*,#2325,.T.);
#3151=ORIENTED_EDGE('',*,*,#2326,.T.);
#3152=ORIENTED_EDGE('',*,*,#2323,.F.);
#3153=ORIENTED_EDGE('',*,*,#2197,.F.);
#3154=ORIENTED_EDGE('',*,*,#2327,.T.);
#3155=ORIENTED_EDGE('',*,*,#2328,.T.);
#3156=ORIENTED_EDGE('',*,*,#2325,.F.);
#3157=ORIENTED_EDGE('',*,*,#2196,.F.);
#3158=ORIENTED_EDGE('',*,*,#2329,.T.);
#3159=ORIENTED_EDGE('',*,*,#2330,.T.);
#3160=ORIENTED_EDGE('',*,*,#2327,.F.);
#3161=ORIENTED_EDGE('',*,*,#2195,.F.);
#3162=ORIENTED_EDGE('',*,*,#2331,.T.);
#3163=ORIENTED_EDGE('',*,*,#2332,.T.);
#3164=ORIENTED_EDGE('',*,*,#2329,.F.);
#3165=ORIENTED_EDGE('',*,*,#2194,.F.);
#3166=ORIENTED_EDGE('',*,*,#2333,.T.);
#3167=ORIENTED_EDGE('',*,*,#2334,.T.);
#3168=ORIENTED_EDGE('',*,*,#2331,.F.);
#3169=ORIENTED_EDGE('',*,*,#2193,.F.);
#3170=ORIENTED_EDGE('',*,*,#2335,.T.);
#3171=ORIENTED_EDGE('',*,*,#2336,.T.);
#3172=ORIENTED_EDGE('',*,*,#2333,.F.);
#3173=ORIENTED_EDGE('',*,*,#2192,.F.);
#3174=ORIENTED_EDGE('',*,*,#2337,.T.);
#3175=ORIENTED_EDGE('',*,*,#2338,.T.);
#3176=ORIENTED_EDGE('',*,*,#2335,.F.);
#3177=ORIENTED_EDGE('',*,*,#2191,.F.);
#3178=ORIENTED_EDGE('',*,*,#2339,.T.);
#3179=ORIENTED_EDGE('',*,*,#2340,.T.);
#3180=ORIENTED_EDGE('',*,*,#2337,.F.);
#3181=ORIENTED_EDGE('',*,*,#2190,.F.);
#3182=ORIENTED_EDGE('',*,*,#2341,.T.);
#3183=ORIENTED_EDGE('',*,*,#2342,.T.);
#3184=ORIENTED_EDGE('',*,*,#2339,.F.);
#3185=ORIENTED_EDGE('',*,*,#2189,.F.);
#3186=ORIENTED_EDGE('',*,*,#2343,.T.);
#3187=ORIENTED_EDGE('',*,*,#2344,.T.);
#3188=ORIENTED_EDGE('',*,*,#2341,.F.);
#3189=ORIENTED_EDGE('',*,*,#2188,.F.);
#3190=ORIENTED_EDGE('',*,*,#2345,.T.);
#3191=ORIENTED_EDGE('',*,*,#2346,.T.);
#3192=ORIENTED_EDGE('',*,*,#2343,.F.);
#3193=ORIENTED_EDGE('',*,*,#2187,.F.);
#3194=ORIENTED_EDGE('',*,*,#2312,.T.);
#3195=ORIENTED_EDGE('',*,*,#2347,.T.);
#3196=ORIENTED_EDGE('',*,*,#2345,.F.);
#3197=ORIENTED_EDGE('',*,*,#2347,.F.);
#3198=ORIENTED_EDGE('',*,*,#2311,.F.);
#3199=ORIENTED_EDGE('',*,*,#2314,.F.);
#3200=ORIENTED_EDGE('',*,*,#2316,.F.);
#3201=ORIENTED_EDGE('',*,*,#2318,.F.);
#3202=ORIENTED_EDGE('',*,*,#2320,.F.);
#3203=ORIENTED_EDGE('',*,*,#2322,.F.);
#3204=ORIENTED_EDGE('',*,*,#2324,.F.);
#3205=ORIENTED_EDGE('',*,*,#2326,.F.);
#3206=ORIENTED_EDGE('',*,*,#2328,.F.);
#3207=ORIENTED_EDGE('',*,*,#2330,.F.);
#3208=ORIENTED_EDGE('',*,*,#2332,.F.);
#3209=ORIENTED_EDGE('',*,*,#2334,.F.);
#3210=ORIENTED_EDGE('',*,*,#2336,.F.);
#3211=ORIENTED_EDGE('',*,*,#2338,.F.);
#3212=ORIENTED_EDGE('',*,*,#2340,.F.);
#3213=ORIENTED_EDGE('',*,*,#2342,.F.);
#3214=ORIENTED_EDGE('',*,*,#2344,.F.);
#3215=ORIENTED_EDGE('',*,*,#2346,.F.);
#3216=ORIENTED_EDGE('',*,*,#2309,.F.);
#3217=ORIENTED_EDGE('',*,*,#2285,.F.);
#3218=ORIENTED_EDGE('',*,*,#2289,.F.);
#3219=ORIENTED_EDGE('',*,*,#2292,.F.);
#3220=ORIENTED_EDGE('',*,*,#2295,.F.);
#3221=ORIENTED_EDGE('',*,*,#2298,.F.);
#3222=ORIENTED_EDGE('',*,*,#2301,.F.);
#3223=ORIENTED_EDGE('',*,*,#2304,.F.);
#3224=ORIENTED_EDGE('',*,*,#2307,.F.);
#3225=ORIENTED_EDGE('',*,*,#2348,.F.);
#3226=ORIENTED_EDGE('',*,*,#2349,.T.);
#3227=ORIENTED_EDGE('',*,*,#2350,.T.);
#3228=ORIENTED_EDGE('',*,*,#2351,.F.);
#3229=ORIENTED_EDGE('',*,*,#2352,.F.);
#3230=ORIENTED_EDGE('',*,*,#2353,.T.);
#3231=ORIENTED_EDGE('',*,*,#2354,.T.);
#3232=ORIENTED_EDGE('',*,*,#2349,.F.);
#3233=ORIENTED_EDGE('',*,*,#2355,.F.);
#3234=ORIENTED_EDGE('',*,*,#2356,.T.);
#3235=ORIENTED_EDGE('',*,*,#2357,.T.);
#3236=ORIENTED_EDGE('',*,*,#2353,.F.);
#3237=ORIENTED_EDGE('',*,*,#2358,.F.);
#3238=ORIENTED_EDGE('',*,*,#2359,.T.);
#3239=ORIENTED_EDGE('',*,*,#2360,.T.);
#3240=ORIENTED_EDGE('',*,*,#2356,.F.);
#3241=ORIENTED_EDGE('',*,*,#2361,.F.);
#3242=ORIENTED_EDGE('',*,*,#2362,.T.);
#3243=ORIENTED_EDGE('',*,*,#2363,.T.);
#3244=ORIENTED_EDGE('',*,*,#2359,.F.);
#3245=ORIENTED_EDGE('',*,*,#2364,.F.);
#3246=ORIENTED_EDGE('',*,*,#2365,.T.);
#3247=ORIENTED_EDGE('',*,*,#2366,.T.);
#3248=ORIENTED_EDGE('',*,*,#2362,.F.);
#3249=ORIENTED_EDGE('',*,*,#2367,.F.);
#3250=ORIENTED_EDGE('',*,*,#2368,.T.);
#3251=ORIENTED_EDGE('',*,*,#2369,.T.);
#3252=ORIENTED_EDGE('',*,*,#2365,.F.);
#3253=ORIENTED_EDGE('',*,*,#2370,.F.);
#3254=ORIENTED_EDGE('',*,*,#2351,.T.);
#3255=ORIENTED_EDGE('',*,*,#2371,.T.);
#3256=ORIENTED_EDGE('',*,*,#2368,.F.);
#3257=ORIENTED_EDGE('',*,*,#2167,.F.);
#3258=ORIENTED_EDGE('',*,*,#2372,.T.);
#3259=ORIENTED_EDGE('',*,*,#2373,.T.);
#3260=ORIENTED_EDGE('',*,*,#2374,.F.);
#3261=ORIENTED_EDGE('',*,*,#2185,.F.);
#3262=ORIENTED_EDGE('',*,*,#2375,.T.);
#3263=ORIENTED_EDGE('',*,*,#2376,.T.);
#3264=ORIENTED_EDGE('',*,*,#2372,.F.);
#3265=ORIENTED_EDGE('',*,*,#2184,.F.);
#3266=ORIENTED_EDGE('',*,*,#2377,.T.);
#3267=ORIENTED_EDGE('',*,*,#2378,.T.);
#3268=ORIENTED_EDGE('',*,*,#2375,.F.);
#3269=ORIENTED_EDGE('',*,*,#2183,.F.);
#3270=ORIENTED_EDGE('',*,*,#2379,.T.);
#3271=ORIENTED_EDGE('',*,*,#2380,.T.);
#3272=ORIENTED_EDGE('',*,*,#2377,.F.);
#3273=ORIENTED_EDGE('',*,*,#2182,.F.);
#3274=ORIENTED_EDGE('',*,*,#2381,.T.);
#3275=ORIENTED_EDGE('',*,*,#2382,.T.);
#3276=ORIENTED_EDGE('',*,*,#2379,.F.);
#3277=ORIENTED_EDGE('',*,*,#2181,.F.);
#3278=ORIENTED_EDGE('',*,*,#2383,.T.);
#3279=ORIENTED_EDGE('',*,*,#2384,.T.);
#3280=ORIENTED_EDGE('',*,*,#2381,.F.);
#3281=ORIENTED_EDGE('',*,*,#2180,.F.);
#3282=ORIENTED_EDGE('',*,*,#2385,.T.);
#3283=ORIENTED_EDGE('',*,*,#2386,.T.);
#3284=ORIENTED_EDGE('',*,*,#2383,.F.);
#3285=ORIENTED_EDGE('',*,*,#2179,.F.);
#3286=ORIENTED_EDGE('',*,*,#2387,.T.);
#3287=ORIENTED_EDGE('',*,*,#2388,.T.);
#3288=ORIENTED_EDGE('',*,*,#2385,.F.);
#3289=ORIENTED_EDGE('',*,*,#2178,.F.);
#3290=ORIENTED_EDGE('',*,*,#2389,.T.);
#3291=ORIENTED_EDGE('',*,*,#2390,.T.);
#3292=ORIENTED_EDGE('',*,*,#2387,.F.);
#3293=ORIENTED_EDGE('',*,*,#2177,.F.);
#3294=ORIENTED_EDGE('',*,*,#2391,.T.);
#3295=ORIENTED_EDGE('',*,*,#2392,.T.);
#3296=ORIENTED_EDGE('',*,*,#2389,.F.);
#3297=ORIENTED_EDGE('',*,*,#2176,.F.);
#3298=ORIENTED_EDGE('',*,*,#2393,.T.);
#3299=ORIENTED_EDGE('',*,*,#2394,.T.);
#3300=ORIENTED_EDGE('',*,*,#2391,.F.);
#3301=ORIENTED_EDGE('',*,*,#2175,.F.);
#3302=ORIENTED_EDGE('',*,*,#2395,.T.);
#3303=ORIENTED_EDGE('',*,*,#2396,.T.);
#3304=ORIENTED_EDGE('',*,*,#2393,.F.);
#3305=ORIENTED_EDGE('',*,*,#2174,.F.);
#3306=ORIENTED_EDGE('',*,*,#2397,.T.);
#3307=ORIENTED_EDGE('',*,*,#2398,.T.);
#3308=ORIENTED_EDGE('',*,*,#2395,.F.);
#3309=ORIENTED_EDGE('',*,*,#2173,.F.);
#3310=ORIENTED_EDGE('',*,*,#2399,.T.);
#3311=ORIENTED_EDGE('',*,*,#2400,.T.);
#3312=ORIENTED_EDGE('',*,*,#2397,.F.);
#3313=ORIENTED_EDGE('',*,*,#2172,.F.);
#3314=ORIENTED_EDGE('',*,*,#2401,.T.);
#3315=ORIENTED_EDGE('',*,*,#2402,.T.);
#3316=ORIENTED_EDGE('',*,*,#2399,.F.);
#3317=ORIENTED_EDGE('',*,*,#2171,.F.);
#3318=ORIENTED_EDGE('',*,*,#2403,.T.);
#3319=ORIENTED_EDGE('',*,*,#2404,.T.);
#3320=ORIENTED_EDGE('',*,*,#2401,.F.);
#3321=ORIENTED_EDGE('',*,*,#2170,.F.);
#3322=ORIENTED_EDGE('',*,*,#2405,.T.);
#3323=ORIENTED_EDGE('',*,*,#2406,.T.);
#3324=ORIENTED_EDGE('',*,*,#2403,.F.);
#3325=ORIENTED_EDGE('',*,*,#2169,.F.);
#3326=ORIENTED_EDGE('',*,*,#2407,.T.);
#3327=ORIENTED_EDGE('',*,*,#2408,.T.);
#3328=ORIENTED_EDGE('',*,*,#2405,.F.);
#3329=ORIENTED_EDGE('',*,*,#2168,.F.);
#3330=ORIENTED_EDGE('',*,*,#2374,.T.);
#3331=ORIENTED_EDGE('',*,*,#2409,.T.);
#3332=ORIENTED_EDGE('',*,*,#2407,.F.);
#3333=ORIENTED_EDGE('',*,*,#2409,.F.);
#3334=ORIENTED_EDGE('',*,*,#2373,.F.);
#3335=ORIENTED_EDGE('',*,*,#2376,.F.);
#3336=ORIENTED_EDGE('',*,*,#2378,.F.);
#3337=ORIENTED_EDGE('',*,*,#2380,.F.);
#3338=ORIENTED_EDGE('',*,*,#2382,.F.);
#3339=ORIENTED_EDGE('',*,*,#2384,.F.);
#3340=ORIENTED_EDGE('',*,*,#2386,.F.);
#3341=ORIENTED_EDGE('',*,*,#2388,.F.);
#3342=ORIENTED_EDGE('',*,*,#2390,.F.);
#3343=ORIENTED_EDGE('',*,*,#2392,.F.);
#3344=ORIENTED_EDGE('',*,*,#2394,.F.);
#3345=ORIENTED_EDGE('',*,*,#2396,.F.);
#3346=ORIENTED_EDGE('',*,*,#2398,.F.);
#3347=ORIENTED_EDGE('',*,*,#2400,.F.);
#3348=ORIENTED_EDGE('',*,*,#2402,.F.);
#3349=ORIENTED_EDGE('',*,*,#2404,.F.);
#3350=ORIENTED_EDGE('',*,*,#2406,.F.);
#3351=ORIENTED_EDGE('',*,*,#2408,.F.);
#3352=ORIENTED_EDGE('',*,*,#2371,.F.);
#3353=ORIENTED_EDGE('',*,*,#2350,.F.);
#3354=ORIENTED_EDGE('',*,*,#2354,.F.);
#3355=ORIENTED_EDGE('',*,*,#2357,.F.);
#3356=ORIENTED_EDGE('',*,*,#2360,.F.);
#3357=ORIENTED_EDGE('',*,*,#2363,.F.);
#3358=ORIENTED_EDGE('',*,*,#2366,.F.);
#3359=ORIENTED_EDGE('',*,*,#2369,.F.);
#3360=ORIENTED_EDGE('',*,*,#2348,.T.);
#3361=ORIENTED_EDGE('',*,*,#2370,.T.);
#3362=ORIENTED_EDGE('',*,*,#2367,.T.);
#3363=ORIENTED_EDGE('',*,*,#2364,.T.);
#3364=ORIENTED_EDGE('',*,*,#2361,.T.);
#3365=ORIENTED_EDGE('',*,*,#2358,.T.);
#3366=ORIENTED_EDGE('',*,*,#2355,.T.);
#3367=ORIENTED_EDGE('',*,*,#2352,.T.);
#3368=ORIENTED_EDGE('',*,*,#2283,.T.);
#3369=ORIENTED_EDGE('',*,*,#2308,.T.);
#3370=ORIENTED_EDGE('',*,*,#2305,.T.);
#3371=ORIENTED_EDGE('',*,*,#2302,.T.);
#3372=ORIENTED_EDGE('',*,*,#2299,.T.);
#3373=ORIENTED_EDGE('',*,*,#2296,.T.);
#3374=ORIENTED_EDGE('',*,*,#2293,.T.);
#3375=ORIENTED_EDGE('',*,*,#2290,.T.);
#3376=ORIENTED_EDGE('',*,*,#2287,.T.);
#3377=ORIENTED_EDGE('',*,*,#2227,.T.);
#3378=ORIENTED_EDGE('',*,*,#2249,.T.);
#3379=ORIENTED_EDGE('',*,*,#2246,.T.);
#3380=ORIENTED_EDGE('',*,*,#2243,.T.);
#3381=ORIENTED_EDGE('',*,*,#2240,.T.);
#3382=ORIENTED_EDGE('',*,*,#2237,.T.);
#3383=ORIENTED_EDGE('',*,*,#2234,.T.);
#3384=ORIENTED_EDGE('',*,*,#2231,.T.);
#3385=ORIENTED_EDGE('',*,*,#2048,.F.);
#3386=ORIENTED_EDGE('',*,*,#2038,.T.);
#3387=ORIENTED_EDGE('',*,*,#2005,.T.);
#3388=ORIENTED_EDGE('',*,*,#2010,.F.);
#3389=ORIENTED_EDGE('',*,*,#2410,.F.);
#3390=ORIENTED_EDGE('',*,*,#2164,.F.);
#3391=ORIENTED_EDGE('',*,*,#2159,.F.);
#3392=ORIENTED_EDGE('',*,*,#2052,.F.);
#3393=ORIENTED_EDGE('',*,*,#1972,.T.);
#3394=ORIENTED_EDGE('',*,*,#2411,.T.);
#3395=ORIENTED_EDGE('',*,*,#2108,.F.);
#3396=ORIENTED_EDGE('',*,*,#1950,.F.);
#3397=ORIENTED_EDGE('',*,*,#2114,.T.);
#3398=ORIENTED_EDGE('',*,*,#1945,.T.);
#3399=ORIENTED_EDGE('',*,*,#2412,.T.);
#3400=ORIENTED_EDGE('',*,*,#2413,.T.);
#3401=ORIENTED_EDGE('',*,*,#2414,.F.);
#3402=ORIENTED_EDGE('',*,*,#2413,.F.);
#3403=ORIENTED_EDGE('',*,*,#2412,.F.);
#3404=ORIENTED_EDGE('',*,*,#2138,.T.);
#3405=ORIENTED_EDGE('',*,*,#2415,.T.);
#3406=ORIENTED_EDGE('',*,*,#2416,.T.);
#3407=ORIENTED_EDGE('',*,*,#1919,.F.);
#3408=ORIENTED_EDGE('',*,*,#1920,.F.);
#3409=ORIENTED_EDGE('',*,*,#2416,.F.);
#3410=ORIENTED_EDGE('',*,*,#1941,.T.);
#3411=ORIENTED_EDGE('',*,*,#2417,.T.);
#3412=ORIENTED_EDGE('',*,*,#1938,.F.);
#3413=ORIENTED_EDGE('',*,*,#2418,.F.);
#3414=ORIENTED_EDGE('',*,*,#1911,.T.);
#3415=ORIENTED_EDGE('',*,*,#2021,.F.);
#3416=ORIENTED_EDGE('',*,*,#2419,.F.);
#3417=ORIENTED_EDGE('',*,*,#2414,.T.);
#3418=ORIENTED_EDGE('',*,*,#2420,.T.);
#3419=ORIENTED_EDGE('',*,*,#2421,.T.);
#3420=ORIENTED_EDGE('',*,*,#2420,.F.);
#3421=ORIENTED_EDGE('',*,*,#2421,.F.);
#3422=ORIENTED_EDGE('',*,*,#2422,.T.);
#3423=ORIENTED_EDGE('',*,*,#2415,.F.);
#3424=ORIENTED_EDGE('',*,*,#2422,.F.);
#3425=ORIENTED_EDGE('',*,*,#1908,.T.);
#3426=ORIENTED_EDGE('',*,*,#2423,.F.);
#3427=ORIENTED_EDGE('',*,*,#1905,.F.);
#3428=ORIENTED_EDGE('',*,*,#2424,.T.);
#3429=ORIENTED_EDGE('',*,*,#2425,.F.);
#3430=ORIENTED_EDGE('',*,*,#1916,.F.);
#3431=ORIENTED_EDGE('',*,*,#1924,.F.);
#3432=ORIENTED_EDGE('',*,*,#1927,.F.);
#3433=ORIENTED_EDGE('',*,*,#1930,.F.);
#3434=ORIENTED_EDGE('',*,*,#1933,.F.);
#3435=ORIENTED_EDGE('',*,*,#1936,.F.);
#3436=ORIENTED_EDGE('',*,*,#1939,.F.);
#3437=ORIENTED_EDGE('',*,*,#2417,.F.);
#3438=ORIENTED_EDGE('',*,*,#1944,.F.);
#3439=ORIENTED_EDGE('',*,*,#2022,.F.);
#3440=ORIENTED_EDGE('',*,*,#1913,.T.);
#3441=ORIENTED_EDGE('',*,*,#1890,.T.);
#3442=ORIENTED_EDGE('',*,*,#1894,.T.);
#3443=ORIENTED_EDGE('',*,*,#1897,.T.);
#3444=ORIENTED_EDGE('',*,*,#1900,.T.);
#3445=ORIENTED_EDGE('',*,*,#1903,.T.);
#3446=ORIENTED_EDGE('',*,*,#1906,.T.);
#3447=ORIENTED_EDGE('',*,*,#2423,.T.);
#3448=ORIENTED_EDGE('',*,*,#1910,.T.);
#3449=ORIENTED_EDGE('',*,*,#2115,.F.);
#3450=ORIENTED_EDGE('',*,*,#2135,.F.);
#3451=ORIENTED_EDGE('',*,*,#1961,.F.);
#3452=ORIENTED_EDGE('',*,*,#2157,.F.);
#3453=ORIENTED_EDGE('',*,*,#2426,.T.);
#3454=ORIENTED_EDGE('',*,*,#2427,.T.);
#3455=ORIENTED_EDGE('',*,*,#2428,.F.);
#3456=ORIENTED_EDGE('',*,*,#1963,.F.);
#3457=ORIENTED_EDGE('',*,*,#2134,.F.);
#3458=ORIENTED_EDGE('',*,*,#2429,.T.);
#3459=ORIENTED_EDGE('',*,*,#2222,.F.);
#3460=ORIENTED_EDGE('',*,*,#2430,.T.);
#3461=ORIENTED_EDGE('',*,*,#2110,.F.);
#3462=ORIENTED_EDGE('',*,*,#2431,.T.);
#3463=ORIENTED_EDGE('',*,*,#1952,.F.);
#3464=ORIENTED_EDGE('',*,*,#1951,.F.);
#3465=ORIENTED_EDGE('',*,*,#2111,.F.);
#3466=ORIENTED_EDGE('',*,*,#2432,.F.);
#3467=ORIENTED_EDGE('',*,*,#2015,.F.);
#3468=ORIENTED_EDGE('',*,*,#2432,.T.);
#3469=ORIENTED_EDGE('',*,*,#2430,.F.);
#3470=ORIENTED_EDGE('',*,*,#2433,.F.);
#3471=ORIENTED_EDGE('',*,*,#2016,.F.);
#3472=ORIENTED_EDGE('',*,*,#2433,.T.);
#3473=ORIENTED_EDGE('',*,*,#2221,.F.);
#3474=ORIENTED_EDGE('',*,*,#2434,.F.);
#3475=ORIENTED_EDGE('',*,*,#2017,.F.);
#3476=ORIENTED_EDGE('',*,*,#2434,.T.);
#3477=ORIENTED_EDGE('',*,*,#2162,.F.);
#3478=ORIENTED_EDGE('',*,*,#2435,.F.);
#3479=ORIENTED_EDGE('',*,*,#2018,.F.);
#3480=ORIENTED_EDGE('',*,*,#2435,.T.);
#3481=ORIENTED_EDGE('',*,*,#2166,.F.);
#3482=ORIENTED_EDGE('',*,*,#2436,.F.);
#3483=ORIENTED_EDGE('',*,*,#2019,.F.);
#3484=ORIENTED_EDGE('',*,*,#2427,.F.);
#3485=ORIENTED_EDGE('',*,*,#2437,.F.);
#3486=ORIENTED_EDGE('',*,*,#2109,.F.);
#3487=ORIENTED_EDGE('',*,*,#2411,.F.);
#3488=ORIENTED_EDGE('',*,*,#1971,.F.);
#3489=ORIENTED_EDGE('',*,*,#1964,.T.);
#3490=ORIENTED_EDGE('',*,*,#2428,.T.);
#3491=ORIENTED_EDGE('',*,*,#2437,.T.);
#3492=ORIENTED_EDGE('',*,*,#2426,.F.);
#3493=ORIENTED_EDGE('',*,*,#2438,.F.);
#3494=ORIENTED_EDGE('',*,*,#2431,.F.);
#3495=ORIENTED_EDGE('',*,*,#2438,.T.);
#3496=ORIENTED_EDGE('',*,*,#2429,.F.);
#3497=ORIENTED_EDGE('',*,*,#2439,.F.);
#3498=ORIENTED_EDGE('',*,*,#2223,.F.);
#3499=ORIENTED_EDGE('',*,*,#2439,.T.);
#3500=ORIENTED_EDGE('',*,*,#2133,.F.);
#3501=ORIENTED_EDGE('',*,*,#2440,.F.);
#3502=ORIENTED_EDGE('',*,*,#2224,.F.);
#3503=ORIENTED_EDGE('',*,*,#2440,.T.);
#3504=ORIENTED_EDGE('',*,*,#2137,.F.);
#3505=ORIENTED_EDGE('',*,*,#2226,.F.);
#3506=ORIENTED_EDGE('',*,*,#1942,.T.);
#3507=ORIENTED_EDGE('',*,*,#2418,.T.);
#3508=ORIENTED_EDGE('',*,*,#1940,.T.);
#3509=ORIENTED_EDGE('',*,*,#1937,.T.);
#3510=ORIENTED_EDGE('',*,*,#1934,.T.);
#3511=ORIENTED_EDGE('',*,*,#1931,.T.);
#3512=ORIENTED_EDGE('',*,*,#1928,.T.);
#3513=ORIENTED_EDGE('',*,*,#1925,.T.);
#3514=ORIENTED_EDGE('',*,*,#1922,.T.);
#3515=ORIENTED_EDGE('',*,*,#2441,.F.);
#3516=ORIENTED_EDGE('',*,*,#2424,.F.);
#3517=ORIENTED_EDGE('',*,*,#1907,.F.);
#3518=ORIENTED_EDGE('',*,*,#1904,.F.);
#3519=ORIENTED_EDGE('',*,*,#1901,.F.);
#3520=ORIENTED_EDGE('',*,*,#1898,.F.);
#3521=ORIENTED_EDGE('',*,*,#1895,.F.);
#3522=ORIENTED_EDGE('',*,*,#1892,.F.);
#3523=ORIENTED_EDGE('',*,*,#1912,.T.);
#3524=ORIENTED_EDGE('',*,*,#2419,.T.);
#3525=ORIENTED_EDGE('',*,*,#2023,.F.);
#3526=ORIENTED_EDGE('',*,*,#2425,.T.);
#3527=ORIENTED_EDGE('',*,*,#1909,.F.);
#3528=ORIENTED_EDGE('',*,*,#2441,.T.);
#3529=ORIENTED_EDGE('',*,*,#1921,.T.);
#3530=ORIENTED_EDGE('',*,*,#1917,.T.);
#3531=ORIENTED_EDGE('',*,*,#1990,.T.);
#3532=ORIENTED_EDGE('',*,*,#2020,.T.);
#3533=ORIENTED_EDGE('',*,*,#2436,.T.);
#3534=ORIENTED_EDGE('',*,*,#2165,.T.);
#3535=ORIENTED_EDGE('',*,*,#2410,.T.);
#3536=ORIENTED_EDGE('',*,*,#2009,.T.);
#3537=ORIENTED_EDGE('',*,*,#2442,.F.);
#3538=ORIENTED_EDGE('',*,*,#2443,.F.);
#3539=ORIENTED_EDGE('',*,*,#2444,.T.);
#3540=ORIENTED_EDGE('',*,*,#1958,.T.);
#3541=ORIENTED_EDGE('',*,*,#2444,.F.);
#3542=ORIENTED_EDGE('',*,*,#2445,.F.);
#3543=ORIENTED_EDGE('',*,*,#2446,.T.);
#3544=ORIENTED_EDGE('',*,*,#2034,.T.);
#3545=ORIENTED_EDGE('',*,*,#2446,.F.);
#3546=ORIENTED_EDGE('',*,*,#2447,.F.);
#3547=ORIENTED_EDGE('',*,*,#2448,.T.);
#3548=ORIENTED_EDGE('',*,*,#2035,.F.);
#3549=ORIENTED_EDGE('',*,*,#2448,.F.);
#3550=ORIENTED_EDGE('',*,*,#2449,.F.);
#3551=ORIENTED_EDGE('',*,*,#2450,.T.);
#3552=ORIENTED_EDGE('',*,*,#2036,.F.);
#3553=ORIENTED_EDGE('',*,*,#2450,.F.);
#3554=ORIENTED_EDGE('',*,*,#2451,.F.);
#3555=ORIENTED_EDGE('',*,*,#2452,.T.);
#3556=ORIENTED_EDGE('',*,*,#2037,.F.);
#3557=ORIENTED_EDGE('',*,*,#2452,.F.);
#3558=ORIENTED_EDGE('',*,*,#1998,.T.);
#3559=ORIENTED_EDGE('',*,*,#2453,.T.);
#3560=ORIENTED_EDGE('',*,*,#2454,.F.);
#3561=ORIENTED_EDGE('',*,*,#2040,.F.);
#3562=ORIENTED_EDGE('',*,*,#1993,.T.);
#3563=ORIENTED_EDGE('',*,*,#2032,.F.);
#3564=ORIENTED_EDGE('',*,*,#2455,.T.);
#3565=ORIENTED_EDGE('',*,*,#2456,.F.);
#3566=ORIENTED_EDGE('',*,*,#2453,.F.);
#3567=ORIENTED_EDGE('',*,*,#1997,.T.);
#3568=ORIENTED_EDGE('',*,*,#2455,.F.);
#3569=ORIENTED_EDGE('',*,*,#2031,.T.);
#3570=ORIENTED_EDGE('',*,*,#2103,.T.);
#3571=ORIENTED_EDGE('',*,*,#2457,.F.);
#3572=ORIENTED_EDGE('',*,*,#2458,.F.);
#3573=ORIENTED_EDGE('',*,*,#2459,.T.);
#3574=ORIENTED_EDGE('',*,*,#2445,.T.);
#3575=ORIENTED_EDGE('',*,*,#2459,.F.);
#3576=ORIENTED_EDGE('',*,*,#2460,.F.);
#3577=ORIENTED_EDGE('',*,*,#2461,.T.);
#3578=ORIENTED_EDGE('',*,*,#2033,.T.);
#3579=ORIENTED_EDGE('',*,*,#2461,.F.);
#3580=ORIENTED_EDGE('',*,*,#2462,.F.);
#3581=ORIENTED_EDGE('',*,*,#2463,.T.);
#3582=ORIENTED_EDGE('',*,*,#2442,.T.);
#3583=ORIENTED_EDGE('',*,*,#2463,.F.);
#3584=ORIENTED_EDGE('',*,*,#2457,.T.);
#3585=ORIENTED_EDGE('',*,*,#2102,.T.);
#3586=ORIENTED_EDGE('',*,*,#2079,.F.);
#3587=ORIENTED_EDGE('',*,*,#2090,.T.);
#3588=ORIENTED_EDGE('',*,*,#2101,.F.);
#3589=ORIENTED_EDGE('',*,*,#2099,.F.);
#3590=ORIENTED_EDGE('',*,*,#2055,.T.);
#3591=ORIENTED_EDGE('',*,*,#2065,.T.);
#3592=ORIENTED_EDGE('',*,*,#2107,.F.);
#3593=ORIENTED_EDGE('',*,*,#2070,.F.);
#3594=ORIENTED_EDGE('',*,*,#2093,.F.);
#3595=ORIENTED_EDGE('',*,*,#2094,.T.);
#3596=ORIENTED_EDGE('',*,*,#2013,.T.);
#3597=ORIENTED_EDGE('',*,*,#2025,.T.);
#3598=ORIENTED_EDGE('',*,*,#2041,.T.);
#3599=ORIENTED_EDGE('',*,*,#2454,.T.);
#3600=ORIENTED_EDGE('',*,*,#2456,.T.);
#3601=ORIENTED_EDGE('',*,*,#2443,.T.);
#3602=ORIENTED_EDGE('',*,*,#2113,.T.);
#3603=ORIENTED_EDGE('',*,*,#2447,.T.);
#3604=ORIENTED_EDGE('',*,*,#2449,.T.);
#3605=ORIENTED_EDGE('',*,*,#2451,.T.);
#3606=ORIENTED_EDGE('',*,*,#2458,.T.);
#3607=ORIENTED_EDGE('',*,*,#2460,.T.);
#3608=ORIENTED_EDGE('',*,*,#2462,.T.);
#3609=ORIENTED_EDGE('',*,*,#2104,.T.);
#3610=ORIENTED_EDGE('',*,*,#2095,.T.);
#3611=ORIENTED_EDGE('',*,*,#2046,.T.);
#3612=ORIENTED_EDGE('',*,*,#2044,.T.);
#3613=ORIENTED_EDGE('',*,*,#2042,.T.);
#3614=CYLINDRICAL_SURFACE('',#3902,4.5);
#3615=CYLINDRICAL_SURFACE('',#3904,4.5);
#3616=CYLINDRICAL_SURFACE('',#3905,4.5);
#3617=CYLINDRICAL_SURFACE('',#3906,4.5);
#3618=CYLINDRICAL_SURFACE('',#3907,4.5);
#3619=CYLINDRICAL_SURFACE('',#3908,4.5);
#3620=CYLINDRICAL_SURFACE('',#3909,4.5);
#3621=CYLINDRICAL_SURFACE('',#3913,5.041265875);
#3622=CYLINDRICAL_SURFACE('',#3918,5.041265875);
#3623=CYLINDRICAL_SURFACE('',#3919,5.041265875);
#3624=CYLINDRICAL_SURFACE('',#3920,5.041265875);
#3625=CYLINDRICAL_SURFACE('',#3921,5.041265875);
#3626=CYLINDRICAL_SURFACE('',#3922,5.041265875);
#3627=CYLINDRICAL_SURFACE('',#3923,5.041265875);
#3628=CYLINDRICAL_SURFACE('',#3924,5.041265875);
#3629=CYLINDRICAL_SURFACE('',#3926,2.4);
#3630=CYLINDRICAL_SURFACE('',#3949,4.2);
#3631=CYLINDRICAL_SURFACE('',#3952,4.2);
#3632=CYLINDRICAL_SURFACE('',#3970,4.);
#3633=CYLINDRICAL_SURFACE('',#3982,1.65);
#3634=CYLINDRICAL_SURFACE('',#3984,1.65);
#3635=CYLINDRICAL_SURFACE('',#3986,1.65);
#3636=CYLINDRICAL_SURFACE('',#3991,6.);
#3637=CYLINDRICAL_SURFACE('',#3999,6.);
#3638=CYLINDRICAL_SURFACE('',#4001,6.);
#3639=CYLINDRICAL_SURFACE('',#4006,4.);
#3640=CYLINDRICAL_SURFACE('',#4007,4.);
#3641=CYLINDRICAL_SURFACE('',#4011,6.);
#3642=CYLINDRICAL_SURFACE('',#4014,4.);
#3643=CYLINDRICAL_SURFACE('',#4016,0.899999999999999);
#3644=CYLINDRICAL_SURFACE('',#4024,0.899999999999999);
#3645=CYLINDRICAL_SURFACE('',#4031,11.175);
#3646=CYLINDRICAL_SURFACE('',#4045,0.2);
#3647=CYLINDRICAL_SURFACE('',#4047,1.125);
#3648=CYLINDRICAL_SURFACE('',#4049,0.2);
#3649=CYLINDRICAL_SURFACE('',#4052,0.2);
#3650=CYLINDRICAL_SURFACE('',#4058,0.2);
#3651=CYLINDRICAL_SURFACE('',#4062,2.7080472687);
#3652=CYLINDRICAL_SURFACE('',#4066,1.5);
#3653=CYLINDRICAL_SURFACE('',#4071,0.2);
#3654=CYLINDRICAL_SURFACE('',#4099,2.1);
#3655=CYLINDRICAL_SURFACE('',#4105,5.041265875);
#3656=CYLINDRICAL_SURFACE('',#4109,4.5);
#3657=CYLINDRICAL_SURFACE('',#4110,4.5);
#3658=CYLINDRICAL_SURFACE('',#4111,0.2);
#3659=CYLINDRICAL_SURFACE('',#4112,3.7080472687);
#3660=CYLINDRICAL_SURFACE('',#4114,1.5);
#3661=CYLINDRICAL_SURFACE('',#4116,0.2);
#3662=CYLINDRICAL_SURFACE('',#4120,0.2);
#3663=CYLINDRICAL_SURFACE('',#4124,0.2);
#3664=CYLINDRICAL_SURFACE('',#4126,0.2);
#3665=CYLINDRICAL_SURFACE('',#4131,0.2);
#3666=CYLINDRICAL_SURFACE('',#4137,1.7);
#3667=CYLINDRICAL_SURFACE('',#4141,1.65);
#3668=CYLINDRICAL_SURFACE('',#4143,1.65);
#3669=CYLINDRICAL_SURFACE('',#4145,1.65);
#3670=CYLINDRICAL_SURFACE('',#4147,4.);
#3671=CYLINDRICAL_SURFACE('',#4150,4.);
#3672=CYLINDRICAL_SURFACE('',#4152,1.7);
#3673=CYLINDRICAL_SURFACE('',#4154,1.7);
#3674=CYLINDRICAL_SURFACE('',#4156,1.7);
#3675=ADVANCED_FACE('',(#221),#3614,.F.);
#3676=ADVANCED_FACE('',(#222),#3615,.F.);
#3677=ADVANCED_FACE('',(#223),#3616,.F.);
#3678=ADVANCED_FACE('',(#224),#3617,.F.);
#3679=ADVANCED_FACE('',(#225),#3618,.F.);
#3680=ADVANCED_FACE('',(#226),#3619,.F.);
#3681=ADVANCED_FACE('',(#227),#3620,.F.);
#3682=ADVANCED_FACE('',(#228),#215,.F.);
#3683=ADVANCED_FACE('',(#229),#3621,.F.);
#3684=ADVANCED_FACE('',(#230),#3622,.F.);
#3685=ADVANCED_FACE('',(#231),#3623,.F.);
#3686=ADVANCED_FACE('',(#232),#3624,.F.);
#3687=ADVANCED_FACE('',(#233),#3625,.F.);
#3688=ADVANCED_FACE('',(#234),#3626,.F.);
#3689=ADVANCED_FACE('',(#235),#3627,.F.);
#3690=ADVANCED_FACE('',(#236),#3628,.F.);
#3691=ADVANCED_FACE('',(#237),#3629,.F.);
#3692=ADVANCED_FACE('',(#238),#139,.T.);
#3693=ADVANCED_FACE('',(#239),#140,.T.);
#3694=ADVANCED_FACE('',(#240,#106),#141,.F.);
#3695=ADVANCED_FACE('',(#241),#142,.T.);
#3696=ADVANCED_FACE('',(#242),#143,.F.);
#3697=ADVANCED_FACE('',(#243),#144,.T.);
#3698=ADVANCED_FACE('',(#244),#145,.T.);
#3699=ADVANCED_FACE('',(#245),#3630,.F.);
#3700=ADVANCED_FACE('',(#246),#3631,.F.);
#3701=ADVANCED_FACE('',(#247,#107,#108),#146,.T.);
#3702=ADVANCED_FACE('',(#248,#109),#147,.T.);
#3703=ADVANCED_FACE('',(#249),#148,.F.);
#3704=ADVANCED_FACE('',(#250),#149,.F.);
#3705=ADVANCED_FACE('',(#251,#110),#150,.F.);
#3706=ADVANCED_FACE('',(#252),#3632,.T.);
#3707=ADVANCED_FACE('',(#253,#111,#112,#113,#114,#115),#151,.F.);
#3708=ADVANCED_FACE('',(#254),#152,.T.);
#3709=ADVANCED_FACE('',(#255),#3633,.F.);
#3710=ADVANCED_FACE('',(#256),#3634,.F.);
#3711=ADVANCED_FACE('',(#257),#3635,.F.);
#3712=ADVANCED_FACE('',(#258),#153,.T.);
#3713=ADVANCED_FACE('',(#259),#154,.T.);
#3714=ADVANCED_FACE('',(#260),#155,.F.);
#3715=ADVANCED_FACE('',(#261),#3636,.T.);
#3716=ADVANCED_FACE('',(#262),#156,.T.);
#3717=ADVANCED_FACE('',(#263),#157,.T.);
#3718=ADVANCED_FACE('',(#264),#158,.T.);
#3719=ADVANCED_FACE('',(#265),#3637,.T.);
#3720=ADVANCED_FACE('',(#266),#3638,.F.);
#3721=ADVANCED_FACE('',(#267),#159,.T.);
#3722=ADVANCED_FACE('',(#268),#3639,.T.);
#3723=ADVANCED_FACE('',(#269),#3640,.T.);
#3724=ADVANCED_FACE('',(#270),#160,.T.);
#3725=ADVANCED_FACE('',(#271),#3641,.F.);
#3726=ADVANCED_FACE('',(#272),#3642,.T.);
#3727=ADVANCED_FACE('',(#273),#3643,.F.);
#3728=ADVANCED_FACE('',(#274),#161,.T.);
#3729=ADVANCED_FACE('',(#275),#162,.T.);
#3730=ADVANCED_FACE('',(#276),#163,.T.);
#3731=ADVANCED_FACE('',(#277),#164,.T.);
#3732=ADVANCED_FACE('',(#278),#165,.F.);
#3733=ADVANCED_FACE('',(#279),#3644,.F.);
#3734=ADVANCED_FACE('',(#280),#166,.T.);
#3735=ADVANCED_FACE('',(#281),#167,.T.);
#3736=ADVANCED_FACE('',(#282),#168,.T.);
#3737=ADVANCED_FACE('',(#283),#169,.F.);
#3738=ADVANCED_FACE('',(#284),#3645,.F.);
#3739=ADVANCED_FACE('',(#285),#170,.F.);
#3740=ADVANCED_FACE('',(#286),#25,.F.);
#3741=ADVANCED_FACE('',(#287),#26,.F.);
#3742=ADVANCED_FACE('',(#288),#27,.F.);
#3743=ADVANCED_FACE('',(#289),#28,.F.);
#3744=ADVANCED_FACE('',(#290),#29,.F.);
#3745=ADVANCED_FACE('',(#291),#20,.T.);
#3746=ADVANCED_FACE('',(#292),#171,.F.);
#3747=ADVANCED_FACE('',(#293),#3646,.T.);
#3748=ADVANCED_FACE('',(#294),#3647,.F.);
#3749=ADVANCED_FACE('',(#295),#3648,.T.);
#3750=ADVANCED_FACE('',(#296),#30,.F.);
#3751=ADVANCED_FACE('',(#297),#3649,.T.);
#3752=ADVANCED_FACE('',(#298),#21,.T.);
#3753=ADVANCED_FACE('',(#299),#3650,.T.);
#3754=ADVANCED_FACE('',(#300),#18,.T.);
#3755=ADVANCED_FACE('',(#301),#3651,.F.);
#3756=ADVANCED_FACE('',(#302),#172,.F.);
#3757=ADVANCED_FACE('',(#303),#173,.F.);
#3758=ADVANCED_FACE('',(#304),#174,.F.);
#3759=ADVANCED_FACE('',(#305),#3652,.T.);
#3760=ADVANCED_FACE('',(#306,#116,#117,#118,#119),#175,.F.);
#3761=ADVANCED_FACE('',(#307),#176,.F.);
#3762=ADVANCED_FACE('',(#308),#3653,.T.);
#3763=ADVANCED_FACE('',(#309),#31,.F.);
#3764=ADVANCED_FACE('',(#310),#32,.F.);
#3765=ADVANCED_FACE('',(#311),#33,.F.);
#3766=ADVANCED_FACE('',(#312),#34,.F.);
#3767=ADVANCED_FACE('',(#313),#35,.F.);
#3768=ADVANCED_FACE('',(#314),#36,.F.);
#3769=ADVANCED_FACE('',(#315),#37,.F.);
#3770=ADVANCED_FACE('',(#316),#38,.F.);
#3771=ADVANCED_FACE('',(#317),#39,.F.);
#3772=ADVANCED_FACE('',(#318),#40,.F.);
#3773=ADVANCED_FACE('',(#319),#41,.F.);
#3774=ADVANCED_FACE('',(#320),#42,.F.);
#3775=ADVANCED_FACE('',(#321),#43,.F.);
#3776=ADVANCED_FACE('',(#322),#44,.F.);
#3777=ADVANCED_FACE('',(#323),#45,.F.);
#3778=ADVANCED_FACE('',(#324),#46,.F.);
#3779=ADVANCED_FACE('',(#325),#47,.F.);
#3780=ADVANCED_FACE('',(#326),#48,.F.);
#3781=ADVANCED_FACE('',(#327),#49,.F.);
#3782=ADVANCED_FACE('',(#328),#50,.F.);
#3783=ADVANCED_FACE('',(#329,#120),#177,.T.);
#3784=ADVANCED_FACE('',(#330),#178,.F.);
#3785=ADVANCED_FACE('',(#331),#179,.F.);
#3786=ADVANCED_FACE('',(#332),#180,.F.);
#3787=ADVANCED_FACE('',(#333),#181,.F.);
#3788=ADVANCED_FACE('',(#334),#182,.F.);
#3789=ADVANCED_FACE('',(#335),#51,.F.);
#3790=ADVANCED_FACE('',(#336),#52,.F.);
#3791=ADVANCED_FACE('',(#337),#53,.F.);
#3792=ADVANCED_FACE('',(#338),#54,.F.);
#3793=ADVANCED_FACE('',(#339),#55,.F.);
#3794=ADVANCED_FACE('',(#340),#56,.F.);
#3795=ADVANCED_FACE('',(#341),#57,.F.);
#3796=ADVANCED_FACE('',(#342),#58,.F.);
#3797=ADVANCED_FACE('',(#343),#59,.F.);
#3798=ADVANCED_FACE('',(#344),#60,.F.);
#3799=ADVANCED_FACE('',(#345),#61,.F.);
#3800=ADVANCED_FACE('',(#346),#62,.F.);
#3801=ADVANCED_FACE('',(#347),#63,.F.);
#3802=ADVANCED_FACE('',(#348),#64,.F.);
#3803=ADVANCED_FACE('',(#349),#65,.F.);
#3804=ADVANCED_FACE('',(#350),#66,.F.);
#3805=ADVANCED_FACE('',(#351),#67,.F.);
#3806=ADVANCED_FACE('',(#352),#68,.F.);
#3807=ADVANCED_FACE('',(#353),#69,.F.);
#3808=ADVANCED_FACE('',(#354),#70,.F.);
#3809=ADVANCED_FACE('',(#355),#71,.F.);
#3810=ADVANCED_FACE('',(#356),#72,.F.);
#3811=ADVANCED_FACE('',(#357),#73,.F.);
#3812=ADVANCED_FACE('',(#358),#74,.F.);
#3813=ADVANCED_FACE('',(#359),#75,.F.);
#3814=ADVANCED_FACE('',(#360),#76,.F.);
#3815=ADVANCED_FACE('',(#361),#183,.F.);
#3816=ADVANCED_FACE('',(#362),#77,.F.);
#3817=ADVANCED_FACE('',(#363,#121),#184,.T.);
#3818=ADVANCED_FACE('',(#364),#185,.F.);
#3819=ADVANCED_FACE('',(#365),#78,.F.);
#3820=ADVANCED_FACE('',(#366),#79,.F.);
#3821=ADVANCED_FACE('',(#367),#80,.F.);
#3822=ADVANCED_FACE('',(#368),#81,.F.);
#3823=ADVANCED_FACE('',(#369),#82,.F.);
#3824=ADVANCED_FACE('',(#370),#186,.F.);
#3825=ADVANCED_FACE('',(#371),#187,.F.);
#3826=ADVANCED_FACE('',(#372),#188,.F.);
#3827=ADVANCED_FACE('',(#373),#189,.F.);
#3828=ADVANCED_FACE('',(#374),#83,.F.);
#3829=ADVANCED_FACE('',(#375),#84,.F.);
#3830=ADVANCED_FACE('',(#376),#85,.F.);
#3831=ADVANCED_FACE('',(#377),#86,.F.);
#3832=ADVANCED_FACE('',(#378),#190,.F.);
#3833=ADVANCED_FACE('',(#379),#191,.F.);
#3834=ADVANCED_FACE('',(#380),#192,.F.);
#3835=ADVANCED_FACE('',(#381),#87,.F.);
#3836=ADVANCED_FACE('',(#382),#88,.F.);
#3837=ADVANCED_FACE('',(#383),#89,.F.);
#3838=ADVANCED_FACE('',(#384),#90,.F.);
#3839=ADVANCED_FACE('',(#385),#91,.F.);
#3840=ADVANCED_FACE('',(#386),#92,.F.);
#3841=ADVANCED_FACE('',(#387),#93,.F.);
#3842=ADVANCED_FACE('',(#388),#193,.F.);
#3843=ADVANCED_FACE('',(#389),#194,.F.);
#3844=ADVANCED_FACE('',(#390),#195,.F.);
#3845=ADVANCED_FACE('',(#391,#122),#196,.T.);
#3846=ADVANCED_FACE('',(#392),#197,.F.);
#3847=ADVANCED_FACE('',(#393),#198,.F.);
#3848=ADVANCED_FACE('',(#394),#199,.F.);
#3849=ADVANCED_FACE('',(#395),#200,.F.);
#3850=ADVANCED_FACE('',(#396,#123),#201,.F.);
#3851=ADVANCED_FACE('',(#397),#3654,.F.);
#3852=ADVANCED_FACE('',(#398,#124),#202,.T.);
#3853=ADVANCED_FACE('',(#399),#216,.F.);
#3854=ADVANCED_FACE('',(#400),#3655,.F.);
#3855=ADVANCED_FACE('',(#401),#217,.F.);
#3856=ADVANCED_FACE('',(#402),#218,.F.);
#3857=ADVANCED_FACE('',(#403),#3656,.F.);
#3858=ADVANCED_FACE('',(#404),#3657,.F.);
#3859=ADVANCED_FACE('',(#405),#15,.F.);
#3860=ADVANCED_FACE('',(#406),#3658,.T.);
#3861=ADVANCED_FACE('',(#407),#3659,.F.);
#3862=ADVANCED_FACE('',(#408),#3660,.T.);
#3863=ADVANCED_FACE('',(#409),#3661,.T.);
#3864=ADVANCED_FACE('',(#410),#22,.T.);
#3865=ADVANCED_FACE('',(#411),#3662,.T.);
#3866=ADVANCED_FACE('',(#412),#23,.T.);
#3867=ADVANCED_FACE('',(#413),#3663,.T.);
#3868=ADVANCED_FACE('',(#414),#3664,.T.);
#3869=ADVANCED_FACE('',(#415),#16,.T.);
#3870=ADVANCED_FACE('',(#416),#24,.T.);
#3871=ADVANCED_FACE('',(#417),#3665,.T.);
#3872=ADVANCED_FACE('',(#418),#19,.T.);
#3873=ADVANCED_FACE('',(#419),#17,.F.);
#3874=ADVANCED_FACE('',(#420),#219,.F.);
#3875=ADVANCED_FACE('',(#421,#125),#203,.F.);
#3876=ADVANCED_FACE('',(#422),#3666,.F.);
#3877=ADVANCED_FACE('',(#423),#220,.F.);
#3878=ADVANCED_FACE('',(#424),#3667,.F.);
#3879=ADVANCED_FACE('',(#425),#3668,.F.);
#3880=ADVANCED_FACE('',(#426),#3669,.F.);
#3881=ADVANCED_FACE('',(#427),#3670,.T.);
#3882=ADVANCED_FACE('',(#428),#204,.T.);
#3883=ADVANCED_FACE('',(#429),#3671,.T.);
#3884=ADVANCED_FACE('',(#430),#3672,.F.);
#3885=ADVANCED_FACE('',(#431),#3673,.F.);
#3886=ADVANCED_FACE('',(#432),#3674,.F.);
#3887=ADVANCED_FACE('',(#433,#126,#127,#128,#129,#130,#131,#132,#133,#134,
#135,#136,#137,#138),#205,.T.);
#3888=CLOSED_SHELL('',(#3675,#3676,#3677,#3678,#3679,#3680,#3681,#3682,
#3683,#3684,#3685,#3686,#3687,#3688,#3689,#3690,#3691,#3692,#3693,#3694,
#3695,#3696,#3697,#3698,#3699,#3700,#3701,#3702,#3703,#3704,#3705,#3706,
#3707,#3708,#3709,#3710,#3711,#3712,#3713,#3714,#3715,#3716,#3717,#3718,
#3719,#3720,#3721,#3722,#3723,#3724,#3725,#3726,#3727,#3728,#3729,#3730,
#3731,#3732,#3733,#3734,#3735,#3736,#3737,#3738,#3739,#3740,#3741,#3742,
#3743,#3744,#3745,#3746,#3747,#3748,#3749,#3750,#3751,#3752,#3753,#3754,
#3755,#3756,#3757,#3758,#3759,#3760,#3761,#3762,#3763,#3764,#3765,#3766,
#3767,#3768,#3769,#3770,#3771,#3772,#3773,#3774,#3775,#3776,#3777,#3778,
#3779,#3780,#3781,#3782,#3783,#3784,#3785,#3786,#3787,#3788,#3789,#3790,
#3791,#3792,#3793,#3794,#3795,#3796,#3797,#3798,#3799,#3800,#3801,#3802,
#3803,#3804,#3805,#3806,#3807,#3808,#3809,#3810,#3811,#3812,#3813,#3814,
#3815,#3816,#3817,#3818,#3819,#3820,#3821,#3822,#3823,#3824,#3825,#3826,
#3827,#3828,#3829,#3830,#3831,#3832,#3833,#3834,#3835,#3836,#3837,#3838,
#3839,#3840,#3841,#3842,#3843,#3844,#3845,#3846,#3847,#3848,#3849,#3850,
#3851,#3852,#3853,#3854,#3855,#3856,#3857,#3858,#3859,#3860,#3861,#3862,
#3863,#3864,#3865,#3866,#3867,#3868,#3869,#3870,#3871,#3872,#3873,#3874,
#3875,#3876,#3877,#3878,#3879,#3880,#3881,#3882,#3883,#3884,#3885,#3886,
#3887));
#3889=DERIVED_UNIT_ELEMENT(#3891,1.);
#3890=DERIVED_UNIT_ELEMENT(#9079,-3.);
#3891=(
MASS_UNIT()
NAMED_UNIT(*)
SI_UNIT(.KILO.,.GRAM.)
);
#3892=DERIVED_UNIT((#3889,#3890));
#3893=MEASURE_REPRESENTATION_ITEM('density measure',
POSITIVE_RATIO_MEASURE(7850.),#3892);
#3894=PROPERTY_DEFINITION_REPRESENTATION(#3899,#3896);
#3895=PROPERTY_DEFINITION_REPRESENTATION(#3900,#3897);
#3896=REPRESENTATION('material name',(#3898),#9076);
#3897=REPRESENTATION('density',(#3893),#9076);
#3898=DESCRIPTIVE_REPRESENTATION_ITEM('Steel','Steel');
#3899=PROPERTY_DEFINITION('material property','material name',#9086);
#3900=PROPERTY_DEFINITION('material property','density of part',#9086);
#3901=AXIS2_PLACEMENT_3D('',#4957,#4159,#4160);
#3902=AXIS2_PLACEMENT_3D('',#4958,#4161,#4162);
#3903=AXIS2_PLACEMENT_3D('',#4984,#4164,#4165);
#3904=AXIS2_PLACEMENT_3D('',#5013,#4166,#4167);
#3905=AXIS2_PLACEMENT_3D('',#5089,#4169,#4170);
#3906=AXIS2_PLACEMENT_3D('',#5165,#4172,#4173);
#3907=AXIS2_PLACEMENT_3D('',#5241,#4175,#4176);
#3908=AXIS2_PLACEMENT_3D('',#5317,#4178,#4179);
#3909=AXIS2_PLACEMENT_3D('',#5393,#4181,#4182);
#3910=AXIS2_PLACEMENT_3D('',#5398,#4184,#4185);
#3911=AXIS2_PLACEMENT_3D('',#5411,#4186,#4187);
#3912=AXIS2_PLACEMENT_3D('',#5440,#4189,#4190);
#3913=AXIS2_PLACEMENT_3D('',#5441,#4191,#4192);
#3914=AXIS2_PLACEMENT_3D('',#5454,#4194,#4195);
#3915=AXIS2_PLACEMENT_3D('',#5458,#4197,#4198);
#3916=AXIS2_PLACEMENT_3D('',#5459,#4199,#4200);
#3917=AXIS2_PLACEMENT_3D('',#5461,#4201,#4202);
#3918=AXIS2_PLACEMENT_3D('',#5482,#4203,#4204);
#3919=AXIS2_PLACEMENT_3D('',#5539,#4206,#4207);
#3920=AXIS2_PLACEMENT_3D('',#5596,#4209,#4210);
#3921=AXIS2_PLACEMENT_3D('',#5653,#4212,#4213);
#3922=AXIS2_PLACEMENT_3D('',#5710,#4215,#4216);
#3923=AXIS2_PLACEMENT_3D('',#5767,#4218,#4219);
#3924=AXIS2_PLACEMENT_3D('',#5824,#4221,#4222);
#3925=AXIS2_PLACEMENT_3D('',#5836,#4224,#4225);
#3926=AXIS2_PLACEMENT_3D('',#5842,#4226,#4227);
#3927=AXIS2_PLACEMENT_3D('',#5844,#4228,#4229);
#3928=AXIS2_PLACEMENT_3D('',#5847,#4231,#4232);
#3929=AXIS2_PLACEMENT_3D('',#5848,#4233,#4234);
#3930=AXIS2_PLACEMENT_3D('',#5849,#4235,#4236);
#3931=AXIS2_PLACEMENT_3D('',#5858,#4241,#4242);
#3932=AXIS2_PLACEMENT_3D('',#5860,#4243,#4244);
#3933=AXIS2_PLACEMENT_3D('',#5864,#4246,#4247);
#3934=AXIS2_PLACEMENT_3D('',#5866,#4248,#4249);
#3935=AXIS2_PLACEMENT_3D('',#5871,#4252,#4253);
#3936=AXIS2_PLACEMENT_3D('',#5872,#4254,#4255);
#3937=AXIS2_PLACEMENT_3D('',#5875,#4256,#4257);
#3938=AXIS2_PLACEMENT_3D('',#5879,#4259,#4260);
#3939=AXIS2_PLACEMENT_3D('',#5883,#4262,#4263);
#3940=AXIS2_PLACEMENT_3D('',#5885,#4264,#4265);
#3941=AXIS2_PLACEMENT_3D('',#5891,#4268,#4269);
#3942=AXIS2_PLACEMENT_3D('',#5893,#4270,#4271);
#3943=AXIS2_PLACEMENT_3D('',#5895,#4273,#4274);
#3944=AXIS2_PLACEMENT_3D('',#5925,#4290,#4291);
#3945=AXIS2_PLACEMENT_3D('',#5927,#4292,#4293);
#3946=AXIS2_PLACEMENT_3D('',#5929,#4294,#4295);
#3947=AXIS2_PLACEMENT_3D('',#5931,#4297,#4298);
#3948=AXIS2_PLACEMENT_3D('',#5932,#4299,#4300);
#3949=AXIS2_PLACEMENT_3D('',#5933,#4301,#4302);
#3950=AXIS2_PLACEMENT_3D('',#5938,#4304,#4305);
#3951=AXIS2_PLACEMENT_3D('',#5941,#4307,#4308);
#3952=AXIS2_PLACEMENT_3D('',#5942,#4309,#4310);
#3953=AXIS2_PLACEMENT_3D('',#5947,#4312,#4313);
#3954=AXIS2_PLACEMENT_3D('',#5950,#4315,#4316);
#3955=AXIS2_PLACEMENT_3D('',#5951,#4317,#4318);
#3956=AXIS2_PLACEMENT_3D('',#5955,#4320,#4321);
#3957=AXIS2_PLACEMENT_3D('',#5959,#4324,#4325);
#3958=AXIS2_PLACEMENT_3D('',#5961,#4326,#4327);
#3959=AXIS2_PLACEMENT_3D('',#5962,#4328,#4329);
#3960=AXIS2_PLACEMENT_3D('',#5971,#4334,#4335);
#3961=AXIS2_PLACEMENT_3D('',#5973,#4336,#4337);
#3962=AXIS2_PLACEMENT_3D('',#5974,#4338,#4339);
#3963=AXIS2_PLACEMENT_3D('',#5978,#4342,#4343);
#3964=AXIS2_PLACEMENT_3D('',#5980,#4345,#4346);
#3965=AXIS2_PLACEMENT_3D('',#5989,#4351,#4352);
#3966=AXIS2_PLACEMENT_3D('',#5993,#4354,#4355);
#3967=AXIS2_PLACEMENT_3D('',#5998,#4358,#4359);
#3968=AXIS2_PLACEMENT_3D('',#5999,#4360,#4361);
#3969=AXIS2_PLACEMENT_3D('',#6000,#4362,#4363);
#3970=AXIS2_PLACEMENT_3D('',#6001,#4364,#4365);
#3971=AXIS2_PLACEMENT_3D('',#6004,#4367,#4368);
#3972=AXIS2_PLACEMENT_3D('',#6005,#4369,#4370);
#3973=AXIS2_PLACEMENT_3D('',#6007,#4371,#4372);
#3974=AXIS2_PLACEMENT_3D('',#6008,#4373,#4374);
#3975=AXIS2_PLACEMENT_3D('',#6016,#4378,#4379);
#3976=AXIS2_PLACEMENT_3D('',#6019,#4381,#4382);
#3977=AXIS2_PLACEMENT_3D('',#6021,#4383,#4384);
#3978=AXIS2_PLACEMENT_3D('',#6023,#4385,#4386);
#3979=AXIS2_PLACEMENT_3D('',#6025,#4387,#4388);
#3980=AXIS2_PLACEMENT_3D('',#6027,#4389,#4390);
#3981=AXIS2_PLACEMENT_3D('',#6028,#4391,#4392);
#3982=AXIS2_PLACEMENT_3D('',#6035,#4397,#4398);
#3983=AXIS2_PLACEMENT_3D('',#6037,#4399,#4400);
#3984=AXIS2_PLACEMENT_3D('',#6039,#4402,#4403);
#3985=AXIS2_PLACEMENT_3D('',#6041,#4404,#4405);
#3986=AXIS2_PLACEMENT_3D('',#6043,#4407,#4408);
#3987=AXIS2_PLACEMENT_3D('',#6045,#4409,#4410);
#3988=AXIS2_PLACEMENT_3D('',#6047,#4412,#4413);
#3989=AXIS2_PLACEMENT_3D('',#6051,#4416,#4417);
#3990=AXIS2_PLACEMENT_3D('',#6057,#4421,#4422);
#3991=AXIS2_PLACEMENT_3D('',#6064,#4427,#4428);
#3992=AXIS2_PLACEMENT_3D('',#6067,#4429,#4430);
#3993=AXIS2_PLACEMENT_3D('',#6080,#4432,#4433);
#3994=AXIS2_PLACEMENT_3D('',#6082,#4435,#4436);
#3995=AXIS2_PLACEMENT_3D('',#6086,#4438,#4439);
#3996=AXIS2_PLACEMENT_3D('',#6091,#4443,#4444);
#3997=AXIS2_PLACEMENT_3D('',#6095,#4447,#4448);
#3998=AXIS2_PLACEMENT_3D('',#6102,#4452,#4453);
#3999=AXIS2_PLACEMENT_3D('',#6103,#4454,#4455);
#4000=AXIS2_PLACEMENT_3D('',#6119,#4457,#4458);
#4001=AXIS2_PLACEMENT_3D('',#6121,#4460,#4461);
#4002=AXIS2_PLACEMENT_3D('',#6123,#4462,#4463);
#4003=AXIS2_PLACEMENT_3D('',#6127,#4465,#4466);
#4004=AXIS2_PLACEMENT_3D('',#6129,#4468,#4469);
#4005=AXIS2_PLACEMENT_3D('',#6130,#4470,#4471);
#4006=AXIS2_PLACEMENT_3D('',#6136,#4475,#4476);
#4007=AXIS2_PLACEMENT_3D('',#6138,#4478,#4479);
#4008=AXIS2_PLACEMENT_3D('',#6140,#4480,#4481);
#4009=AXIS2_PLACEMENT_3D('',#6143,#4483,#4484);
#4010=AXIS2_PLACEMENT_3D('',#6144,#4485,#4486);
#4011=AXIS2_PLACEMENT_3D('',#6148,#4489,#4490);
#4012=AXIS2_PLACEMENT_3D('',#6149,#4491,#4492);
#4013=AXIS2_PLACEMENT_3D('',#6152,#4494,#4495);
#4014=AXIS2_PLACEMENT_3D('',#6153,#4496,#4497);
#4015=AXIS2_PLACEMENT_3D('',#6154,#4498,#4499);
#4016=AXIS2_PLACEMENT_3D('',#6155,#4500,#4501);
#4017=AXIS2_PLACEMENT_3D('',#6157,#4502,#4503);
#4018=AXIS2_PLACEMENT_3D('',#6160,#4505,#4506);
#4019=AXIS2_PLACEMENT_3D('',#6161,#4507,#4508);
#4020=AXIS2_PLACEMENT_3D('',#6162,#4509,#4510);
#4021=AXIS2_PLACEMENT_3D('',#6164,#4512,#4513);
#4022=AXIS2_PLACEMENT_3D('',#6168,#4516,#4517);
#4023=AXIS2_PLACEMENT_3D('',#6170,#4519,#4520);
#4024=AXIS2_PLACEMENT_3D('',#6174,#4523,#4524);
#4025=AXIS2_PLACEMENT_3D('',#6176,#4525,#4526);
#4026=AXIS2_PLACEMENT_3D('',#6179,#4528,#4529);
#4027=AXIS2_PLACEMENT_3D('',#6180,#4530,#4531);
#4028=AXIS2_PLACEMENT_3D('',#6181,#4532,#4533);
#4029=AXIS2_PLACEMENT_3D('',#6182,#4534,#4535);
#4030=AXIS2_PLACEMENT_3D('',#6184,#4537,#4538);
#4031=AXIS2_PLACEMENT_3D('',#6192,#4543,#4544);
#4032=AXIS2_PLACEMENT_3D('',#6195,#4546,#4547);
#4033=AXIS2_PLACEMENT_3D('',#6196,#4548,#4549);
#4034=AXIS2_PLACEMENT_3D('',#6216,#4551,#4552);
#4035=AXIS2_PLACEMENT_3D('',#6223,#4553,#4554);
#4036=AXIS2_PLACEMENT_3D('',#6295,#4555,#4556);
#4037=AXIS2_PLACEMENT_3D('',#6302,#4557,#4558);
#4038=AXIS2_PLACEMENT_3D('',#6416,#4559,#4560);
#4039=AXIS2_PLACEMENT_3D('',#6417,#4561,#4562);
#4040=AXIS2_PLACEMENT_3D('',#6418,#4563,#4564);
#4041=AXIS2_PLACEMENT_3D('',#6419,#4565,#4566);
#4042=AXIS2_PLACEMENT_3D('',#6421,#4567,#4568);
#4043=AXIS2_PLACEMENT_3D('',#6422,#4569,#4570);
#4044=AXIS2_PLACEMENT_3D('',#6423,#4571,#4572);
#4045=AXIS2_PLACEMENT_3D('',#6430,#4577,#4578);
#4046=AXIS2_PLACEMENT_3D('',#6433,#4580,#4581);
#4047=AXIS2_PLACEMENT_3D('',#6434,#4582,#4583);
#4048=AXIS2_PLACEMENT_3D('',#6436,#4584,#4585);
#4049=AXIS2_PLACEMENT_3D('',#6438,#4587,#4588);
#4050=AXIS2_PLACEMENT_3D('',#6442,#4590,#4591);
#4051=AXIS2_PLACEMENT_3D('',#6476,#4593,#4594);
#4052=AXIS2_PLACEMENT_3D('',#6489,#4595,#4596);
#4053=AXIS2_PLACEMENT_3D('',#6492,#4597,#4598);
#4054=AXIS2_PLACEMENT_3D('',#6496,#4600,#4601);
#4055=AXIS2_PLACEMENT_3D('',#6498,#4603,#4604);
#4056=AXIS2_PLACEMENT_3D('',#6499,#4605,#4606);
#4057=AXIS2_PLACEMENT_3D('',#6500,#4607,#4608);
#4058=AXIS2_PLACEMENT_3D('',#6501,#4609,#4610);
#4059=AXIS2_PLACEMENT_3D('',#6504,#4612,#4613);
#4060=AXIS2_PLACEMENT_3D('',#6506,#4615,#4616);
#4061=AXIS2_PLACEMENT_3D('',#6507,#4617,#4618);
#4062=AXIS2_PLACEMENT_3D('',#6508,#4619,#4620);
#4063=AXIS2_PLACEMENT_3D('',#6510,#4622,#4623);
#4064=AXIS2_PLACEMENT_3D('',#6511,#4624,#4625);
#4065=AXIS2_PLACEMENT_3D('',#6514,#4628,#4629);
#4066=AXIS2_PLACEMENT_3D('',#6518,#4632,#4633);
#4067=AXIS2_PLACEMENT_3D('',#6522,#4635,#4636);
#4068=AXIS2_PLACEMENT_3D('',#6524,#4638,#4639);
#4069=AXIS2_PLACEMENT_3D('',#6802,#4656,#4657);
#4070=AXIS2_PLACEMENT_3D('',#6808,#4660,#4661);
#4071=AXIS2_PLACEMENT_3D('',#6812,#4664,#4665);
#4072=AXIS2_PLACEMENT_3D('',#6813,#4666,#4667);
#4073=AXIS2_PLACEMENT_3D('',#7202,#4688,#4689);
#4074=AXIS2_PLACEMENT_3D('',#7203,#4690,#4691);
#4075=AXIS2_PLACEMENT_3D('',#7209,#4695,#4696);
#4076=AXIS2_PLACEMENT_3D('',#7213,#4699,#4700);
#4077=AXIS2_PLACEMENT_3D('',#7217,#4703,#4704);
#4078=AXIS2_PLACEMENT_3D('',#7219,#4706,#4707);
#4079=AXIS2_PLACEMENT_3D('',#7718,#4735,#4736);
#4080=AXIS2_PLACEMENT_3D('',#7737,#4739,#4740);
#4081=AXIS2_PLACEMENT_3D('',#7738,#4741,#4742);
#4082=AXIS2_PLACEMENT_3D('',#7862,#4752,#4753);
#4083=AXIS2_PLACEMENT_3D('',#7868,#4757,#4758);
#4084=AXIS2_PLACEMENT_3D('',#7871,#4761,#4762);
#4085=AXIS2_PLACEMENT_3D('',#7877,#4766,#4767);
#4086=AXIS2_PLACEMENT_3D('',#7949,#4774,#4775);
#4087=AXIS2_PLACEMENT_3D('',#7953,#4778,#4779);
#4088=AXIS2_PLACEMENT_3D('',#7957,#4782,#4783);
#4089=AXIS2_PLACEMENT_3D('',#8080,#4793,#4794);
#4090=AXIS2_PLACEMENT_3D('',#8084,#4797,#4798);
#4091=AXIS2_PLACEMENT_3D('',#8088,#4801,#4802);
#4092=AXIS2_PLACEMENT_3D('',#8090,#4804,#4805);
#4093=AXIS2_PLACEMENT_3D('',#8091,#4806,#4807);
#4094=AXIS2_PLACEMENT_3D('',#8092,#4808,#4809);
#4095=AXIS2_PLACEMENT_3D('',#8093,#4810,#4811);
#4096=AXIS2_PLACEMENT_3D('',#8094,#4812,#4813);
#4097=AXIS2_PLACEMENT_3D('',#8096,#4815,#4816);
#4098=AXIS2_PLACEMENT_3D('',#8097,#4817,#4818);
#4099=AXIS2_PLACEMENT_3D('',#8098,#4819,#4820);
#4100=AXIS2_PLACEMENT_3D('',#8100,#4821,#4822);
#4101=AXIS2_PLACEMENT_3D('',#8103,#4824,#4825);
#4102=AXIS2_PLACEMENT_3D('',#8104,#4826,#4827);
#4103=AXIS2_PLACEMENT_3D('',#8105,#4828,#4829);
#4104=AXIS2_PLACEMENT_3D('',#8107,#4830,#4831);
#4105=AXIS2_PLACEMENT_3D('',#8109,#4833,#4834);
#4106=AXIS2_PLACEMENT_3D('',#8163,#4835,#4836);
#4107=AXIS2_PLACEMENT_3D('',#8190,#4837,#4838);
#4108=AXIS2_PLACEMENT_3D('',#8193,#4840,#4841);
#4109=AXIS2_PLACEMENT_3D('',#8194,#4842,#4843);
#4110=AXIS2_PLACEMENT_3D('',#8196,#4845,#4846);
#4111=AXIS2_PLACEMENT_3D('',#8555,#4847,#4848);
#4112=AXIS2_PLACEMENT_3D('',#8556,#4849,#4850);
#4113=AXIS2_PLACEMENT_3D('',#8611,#4853,#4854);
#4114=AXIS2_PLACEMENT_3D('',#8612,#4855,#4856);
#4115=AXIS2_PLACEMENT_3D('',#8613,#4857,#4858);
#4116=AXIS2_PLACEMENT_3D('',#8714,#4859,#4860);
#4117=AXIS2_PLACEMENT_3D('',#8715,#4861,#4862);
#4118=AXIS2_PLACEMENT_3D('',#8716,#4863,#4864);
#4119=AXIS2_PLACEMENT_3D('',#8717,#4865,#4866);
#4120=AXIS2_PLACEMENT_3D('',#8718,#4867,#4868);
#4121=AXIS2_PLACEMENT_3D('',#8719,#4869,#4870);
#4122=AXIS2_PLACEMENT_3D('',#8720,#4871,#4872);
#4123=AXIS2_PLACEMENT_3D('',#8721,#4873,#4874);
#4124=AXIS2_PLACEMENT_3D('',#8722,#4875,#4876);
#4125=AXIS2_PLACEMENT_3D('',#8723,#4877,#4878);
#4126=AXIS2_PLACEMENT_3D('',#8724,#4879,#4880);
#4127=AXIS2_PLACEMENT_3D('',#8725,#4881,#4882);
#4128=AXIS2_PLACEMENT_3D('',#8762,#4883,#4884);
#4129=AXIS2_PLACEMENT_3D('',#8763,#4885,#4886);
#4130=AXIS2_PLACEMENT_3D('',#8764,#4887,#4888);
#4131=AXIS2_PLACEMENT_3D('',#8765,#4889,#4890);
#4132=AXIS2_PLACEMENT_3D('',#8766,#4891,#4892);
#4133=AXIS2_PLACEMENT_3D('',#8767,#4893,#4894);
#4134=AXIS2_PLACEMENT_3D('',#9027,#4896,#4897);
#4135=AXIS2_PLACEMENT_3D('',#9028,#4898,#4899);
#4136=AXIS2_PLACEMENT_3D('',#9030,#4900,#4901);
#4137=AXIS2_PLACEMENT_3D('',#9031,#4902,#4903);
#4138=AXIS2_PLACEMENT_3D('',#9033,#4904,#4905);
#4139=AXIS2_PLACEMENT_3D('',#9035,#4907,#4908);
#4140=AXIS2_PLACEMENT_3D('',#9037,#4909,#4910);
#4141=AXIS2_PLACEMENT_3D('',#9039,#4912,#4913);
#4142=AXIS2_PLACEMENT_3D('',#9041,#4914,#4915);
#4143=AXIS2_PLACEMENT_3D('',#9043,#4917,#4918);
#4144=AXIS2_PLACEMENT_3D('',#9045,#4919,#4920);
#4145=AXIS2_PLACEMENT_3D('',#9047,#4922,#4923);
#4146=AXIS2_PLACEMENT_3D('',#9049,#4924,#4925);
#4147=AXIS2_PLACEMENT_3D('',#9051,#4927,#4928);
#4148=AXIS2_PLACEMENT_3D('',#9054,#4930,#4931);
#4149=AXIS2_PLACEMENT_3D('',#9055,#4932,#4933);
#4150=AXIS2_PLACEMENT_3D('',#9059,#4936,#4937);
#4151=AXIS2_PLACEMENT_3D('',#9060,#4938,#4939);
#4152=AXIS2_PLACEMENT_3D('',#9061,#4940,#4941);
#4153=AXIS2_PLACEMENT_3D('',#9063,#4942,#4943);
#4154=AXIS2_PLACEMENT_3D('',#9065,#4945,#4946);
#4155=AXIS2_PLACEMENT_3D('',#9067,#4947,#4948);
#4156=AXIS2_PLACEMENT_3D('',#9069,#4950,#4951);
#4157=AXIS2_PLACEMENT_3D('',#9071,#4952,#4953);
#4158=AXIS2_PLACEMENT_3D('',#9073,#4955,#4956);
#4159=DIRECTION('axis',(0.,0.,1.));
#4160=DIRECTION('refdir',(1.,0.,0.));
#4161=DIRECTION('center_axis',(2.22044604925031E-16,-1.,0.));
#4162=DIRECTION('ref_axis',(1.,2.22044604925031E-16,-2.22044604925031E-16));
#4163=DIRECTION('',(2.22044604925031E-16,-1.,0.));
#4164=DIRECTION('center_axis',(2.22044604925031E-16,-1.,0.));
#4165=DIRECTION('ref_axis',(-1.,-2.22044604925031E-16,2.22044604925031E-16));
#4166=DIRECTION('center_axis',(2.22044604925031E-16,-1.,0.));
#4167=DIRECTION('ref_axis',(1.,2.22044604925031E-16,-2.22044604925031E-16));
#4168=DIRECTION('',(2.22044604925031E-16,-1.,0.));
#4169=DIRECTION('center_axis',(2.22044604925031E-16,-1.,0.));
#4170=DIRECTION('ref_axis',(1.,2.22044604925031E-16,-2.22044604925031E-16));
#4171=DIRECTION('',(2.22044604925031E-16,-1.,0.));
#4172=DIRECTION('center_axis',(2.22044604925031E-16,-1.,0.));
#4173=DIRECTION('ref_axis',(1.,2.22044604925031E-16,-2.22044604925031E-16));
#4174=DIRECTION('',(2.22044604925031E-16,-1.,0.));
#4175=DIRECTION('center_axis',(2.22044604925031E-16,-1.,0.));
#4176=DIRECTION('ref_axis',(1.,2.22044604925031E-16,-2.22044604925031E-16));
#4177=DIRECTION('',(2.22044604925031E-16,-1.,0.));
#4178=DIRECTION('center_axis',(2.22044604925031E-16,-1.,0.));
#4179=DIRECTION('ref_axis',(1.,2.22044604925031E-16,-2.22044604925031E-16));
#4180=DIRECTION('',(2.22044604925031E-16,-1.,0.));
#4181=DIRECTION('center_axis',(2.22044604925031E-16,-1.,0.));
#4182=DIRECTION('ref_axis',(1.,2.22044604925031E-16,-2.22044604925031E-16));
#4183=DIRECTION('',(2.22044604925031E-16,-1.,0.));
#4184=DIRECTION('center_axis',(-2.22044604925031E-16,1.,0.));
#4185=DIRECTION('ref_axis',(-1.,-2.22044604925031E-16,2.22044604925031E-16));
#4186=DIRECTION('center_axis',(2.22044604925031E-16,-1.,0.));
#4187=DIRECTION('ref_axis',(1.,2.22044604925031E-16,-2.22044604925031E-16));
#4188=DIRECTION('',(-0.707106781188352,-0.707106781184743,7.04136402450078E-17));
#4189=DIRECTION('center_axis',(-2.22044604925031E-16,1.,0.));
#4190=DIRECTION('ref_axis',(-1.,-2.22044604925031E-16,2.22044604925031E-16));
#4191=DIRECTION('center_axis',(-2.22044604925031E-16,1.,0.));
#4192=DIRECTION('ref_axis',(-1.,-2.22044604925031E-16,2.22044604925031E-16));
#4193=DIRECTION('',(-2.22044604925031E-16,1.,0.));
#4194=DIRECTION('center_axis',(-2.22044604925031E-16,1.,0.));
#4195=DIRECTION('ref_axis',(-1.,-2.22044604925031E-16,2.22044604925031E-16));
#4196=DIRECTION('',(-2.22044604925031E-16,1.,0.));
#4197=DIRECTION('center_axis',(-2.22044604925031E-16,1.,0.));
#4198=DIRECTION('ref_axis',(-1.,-2.22044604925031E-16,2.22044604925031E-16));
#4199=DIRECTION('center_axis',(-2.22044604925031E-16,1.,0.));
#4200=DIRECTION('ref_axis',(-1.,-2.22044604925031E-16,2.22044604925031E-16));
#4201=DIRECTION('center_axis',(-2.22044604925031E-16,1.,0.));
#4202=DIRECTION('ref_axis',(-1.,-2.22044604925031E-16,2.22044604925031E-16));
#4203=DIRECTION('center_axis',(-2.22044604925031E-16,1.,0.));
#4204=DIRECTION('ref_axis',(-1.,-2.22044604925031E-16,2.22044604925031E-16));
#4205=DIRECTION('',(-2.22044604925031E-16,1.,0.));
#4206=DIRECTION('center_axis',(-2.22044604925031E-16,1.,0.));
#4207=DIRECTION('ref_axis',(-1.,-2.22044604925031E-16,2.22044604925031E-16));
#4208=DIRECTION('',(-2.22044604925031E-16,1.,0.));
#4209=DIRECTION('center_axis',(-2.22044604925031E-16,1.,0.));
#4210=DIRECTION('ref_axis',(-1.,-2.22044604925031E-16,2.22044604925031E-16));
#4211=DIRECTION('',(-2.22044604925031E-16,1.,0.));
#4212=DIRECTION('center_axis',(-2.22044604925031E-16,1.,0.));
#4213=DIRECTION('ref_axis',(-1.,-2.22044604925031E-16,2.22044604925031E-16));
#4214=DIRECTION('',(-2.22044604925031E-16,1.,0.));
#4215=DIRECTION('center_axis',(-2.22044604925031E-16,1.,0.));
#4216=DIRECTION('ref_axis',(-1.,-2.22044604925031E-16,2.22044604925031E-16));
#4217=DIRECTION('',(-2.22044604925031E-16,1.,0.));
#4218=DIRECTION('center_axis',(-2.22044604925031E-16,1.,0.));
#4219=DIRECTION('ref_axis',(-1.,-2.22044604925031E-16,2.22044604925031E-16));
#4220=DIRECTION('',(-2.22044604925031E-16,1.,0.));
#4221=DIRECTION('center_axis',(-2.22044604925031E-16,1.,0.));
#4222=DIRECTION('ref_axis',(-1.,-2.22044604925031E-16,2.22044604925031E-16));
#4223=DIRECTION('',(-2.22044604925031E-16,1.,0.));
#4224=DIRECTION('center_axis',(-4.11170313634599E-10,1.,-3.98916727725366E-10));
#4225=DIRECTION('ref_axis',(0.923879529314583,5.32530311991511E-10,0.382683440082616));
#4226=DIRECTION('center_axis',(0.,0.,-1.));
#4227=DIRECTION('ref_axis',(-1.,0.,0.));
#4228=DIRECTION('center_axis',(-2.22044604925031E-16,-4.93038065763132E-32,
-1.));
#4229=DIRECTION('ref_axis',(-1.,0.,0.));
#4230=DIRECTION('',(0.,0.,-1.));
#4231=DIRECTION('center_axis',(0.,0.,-1.));
#4232=DIRECTION('ref_axis',(-1.,0.,0.));
#4233=DIRECTION('center_axis',(0.,0.,1.));
#4234=DIRECTION('ref_axis',(-1.,0.,0.));
#4235=DIRECTION('center_axis',(0.707106781186547,-0.707106781186548,-1.57009245868377E-16));
#4236=DIRECTION('ref_axis',(-2.22044604925031E-16,0.,-1.));
#4237=DIRECTION('',(-0.707106781186548,-0.707106781186547,1.57009245868378E-16));
#4238=DIRECTION('',(2.22044604925031E-16,4.93038065763132E-32,1.));
#4239=DIRECTION('',(-0.707106781186548,-0.707106781186547,1.57009245868378E-16));
#4240=DIRECTION('',(-2.22044604925031E-16,-4.93038065763132E-32,-1.));
#4241=DIRECTION('center_axis',(-2.22044604925031E-16,-4.93038065763132E-32,
-1.));
#4242=DIRECTION('ref_axis',(-1.,-2.22044604925031E-16,2.22044604925031E-16));
#4243=DIRECTION('center_axis',(-2.22044604925031E-16,-4.93038065763132E-32,
-1.));
#4244=DIRECTION('ref_axis',(-1.,-2.22044604925031E-16,2.22044604925031E-16));
#4245=DIRECTION('',(1.,2.22044604925031E-16,-2.22044604925031E-16));
#4246=DIRECTION('center_axis',(2.22044604925031E-16,4.93038065763132E-32,
1.));
#4247=DIRECTION('ref_axis',(-1.,-2.22044604925031E-16,2.22044604925031E-16));
#4248=DIRECTION('center_axis',(2.22044604925031E-16,4.93038065763132E-32,
1.));
#4249=DIRECTION('ref_axis',(-0.447213595499958,0.894427190999916,1.0343892305197E-16));
#4250=DIRECTION('',(-2.22044604925031E-16,1.,0.));
#4251=DIRECTION('',(1.,2.22044604925031E-16,-2.22044604925031E-16));
#4252=DIRECTION('center_axis',(2.22044604925031E-16,4.93038065763132E-32,
1.));
#4253=DIRECTION('ref_axis',(1.,2.22044604925031E-16,-2.22044604925031E-16));
#4254=DIRECTION('center_axis',(-3.14018491736755E-16,0.707106781186548,
-0.707106781186547));
#4255=DIRECTION('ref_axis',(-1.,0.,4.44089209850063E-16));
#4256=DIRECTION('center_axis',(-3.14018491736755E-16,0.707106781186548,
-0.707106781186547));
#4257=DIRECTION('ref_axis',(0.,0.707106781186547,0.707106781186548));
#4258=DIRECTION('',(-1.,-2.22044604925031E-16,2.22044604925031E-16));
#4259=DIRECTION('center_axis',(-3.14018491736755E-16,0.707106781186548,
-0.707106781186547));
#4260=DIRECTION('ref_axis',(8.17102874259867E-32,0.707106781186547,0.707106781186548));
#4261=DIRECTION('',(0.741138304985497,-0.474717817699749,-0.474717817699749));
#4262=DIRECTION('center_axis',(3.14018491736755E-16,-0.707106781186548,
0.707106781186547));
#4263=DIRECTION('ref_axis',(9.40199879939599E-32,0.707106781186547,0.707106781186548));
#4264=DIRECTION('center_axis',(-3.14018491736755E-16,0.707106781186548,
-0.707106781186547));
#4265=DIRECTION('ref_axis',(8.17102874259867E-32,0.707106781186547,0.707106781186548));
#4266=DIRECTION('',(-1.,-2.22044604925031E-16,2.22044604925031E-16));
#4267=DIRECTION('',(9.86076131526265E-32,0.707106781186547,0.707106781186548));
#4268=DIRECTION('center_axis',(-3.14018491736755E-16,0.707106781186548,
-0.707106781186547));
#4269=DIRECTION('ref_axis',(1.2266347333467E-16,0.707106781186547,0.707106781186548));
#4270=DIRECTION('center_axis',(3.14018491736755E-16,-0.707106781186548,
0.707106781186547));
#4271=DIRECTION('ref_axis',(6.43693638057452E-32,0.707106781186547,0.707106781186548));
#4272=DIRECTION('',(0.741138304985497,0.474717817699749,0.474717817699749));
#4273=DIRECTION('center_axis',(2.22044604925031E-16,-1.,0.));
#4274=DIRECTION('ref_axis',(2.22044604925031E-16,4.93038065763132E-32,1.));
#4275=DIRECTION('',(-2.22044604925031E-16,-4.93038065763132E-32,-1.));
#4276=DIRECTION('',(2.22044604925031E-16,4.93038065763132E-32,1.));
#4277=DIRECTION('',(-1.,-2.22044604925031E-16,2.22044604925031E-16));
#4278=DIRECTION('',(-0.707106781186547,-1.57009245868377E-16,0.707106781186548));
#4279=DIRECTION('',(2.22044604925031E-16,4.93038065763132E-32,1.));
#4280=DIRECTION('',(1.,2.22044604925031E-16,-2.22044604925031E-16));
#4281=DIRECTION('',(-2.22044604925031E-16,-4.93038065763132E-32,-1.));
#4282=DIRECTION('',(1.,2.22044604925031E-16,-2.22044604925031E-16));
#4283=DIRECTION('',(2.22044604925031E-16,4.93038065763132E-32,1.));
#4284=DIRECTION('',(1.,2.22044604925031E-16,-2.22044604925031E-16));
#4285=DIRECTION('',(0.,0.,-1.));
#4286=DIRECTION('',(-1.,-3.1720657846433E-16,2.22044604925031E-16));
#4287=DIRECTION('',(0.,0.,-1.));
#4288=DIRECTION('',(-0.707106781186548,-1.57009245868377E-16,-0.707106781186547));
#4289=DIRECTION('',(-1.,-2.22044604925031E-16,2.22044604925031E-16));
#4290=DIRECTION('center_axis',(-3.14018491736755E-16,0.707106781186547,
-0.707106781186548));
#4291=DIRECTION('ref_axis',(-1.,0.,4.44089209850062E-16));
#4292=DIRECTION('center_axis',(3.14018491736755E-16,-0.707106781186547,
0.707106781186548));
#4293=DIRECTION('ref_axis',(-3.11973655198398E-32,0.707106781186548,0.707106781186547));
#4294=DIRECTION('center_axis',(3.14018491736755E-16,-0.707106781186547,
0.707106781186548));
#4295=DIRECTION('ref_axis',(-3.11973655198398E-32,0.707106781186548,0.707106781186547));
#4296=DIRECTION('',(-1.,-2.22044604925031E-16,2.22044604925031E-16));
#4297=DIRECTION('center_axis',(-2.22044604925031E-16,-4.93038065763132E-32,
-1.));
#4298=DIRECTION('ref_axis',(-1.,-2.22044604925031E-16,2.22044604925031E-16));
#4299=DIRECTION('center_axis',(2.22044604925031E-16,4.93038065763132E-32,
1.));
#4300=DIRECTION('ref_axis',(1.,2.22044604925031E-16,-2.22044604925031E-16));
#4301=DIRECTION('center_axis',(0.,0.,-1.));
#4302=DIRECTION('ref_axis',(-2.51121874617595E-15,-1.,0.));
#4303=DIRECTION('',(0.,0.,-1.));
#4304=DIRECTION('center_axis',(-2.22044604925031E-16,-4.93038065763132E-32,
-1.));
#4305=DIRECTION('ref_axis',(-2.51121874617595E-15,-1.,0.));
#4306=DIRECTION('',(0.,0.,-1.));
#4307=DIRECTION('center_axis',(-2.22044604925031E-16,-4.93038065763132E-32,
-1.));
#4308=DIRECTION('ref_axis',(-2.51121874617595E-15,-1.,0.));
#4309=DIRECTION('center_axis',(0.,0.,-1.));
#4310=DIRECTION('ref_axis',(1.,0.,0.));
#4311=DIRECTION('',(0.,0.,1.));
#4312=DIRECTION('center_axis',(-2.22044604925031E-16,-4.93038065763132E-32,
-1.));
#4313=DIRECTION('ref_axis',(1.,0.,0.));
#4314=DIRECTION('',(0.,0.,-1.));
#4315=DIRECTION('center_axis',(-2.22044604925031E-16,-4.93038065763132E-32,
-1.));
#4316=DIRECTION('ref_axis',(1.,0.,0.));
#4317=DIRECTION('center_axis',(2.22044604925031E-16,4.93038065763132E-32,
1.));
#4318=DIRECTION('ref_axis',(1.,0.,-2.22044604925031E-16));
#4319=DIRECTION('',(1.,0.,-2.22044604925031E-16));
#4320=DIRECTION('center_axis',(-2.22044604925031E-16,-4.93038065763132E-32,
-1.));
#4321=DIRECTION('ref_axis',(-0.707106781186548,0.707106781186547,0.));
#4322=DIRECTION('',(0.,1.,-4.93038065763132E-32));
#4323=DIRECTION('',(1.22228553622684E-15,-1.,-2.22098102420756E-31));
#4324=DIRECTION('center_axis',(2.22044604925031E-16,4.93038065763132E-32,
1.));
#4325=DIRECTION('ref_axis',(1.,0.,0.));
#4326=DIRECTION('center_axis',(2.22044604925031E-16,4.93038065763132E-32,
1.));
#4327=DIRECTION('ref_axis',(1.,0.,0.));
#4328=DIRECTION('center_axis',(2.22044604925031E-16,4.93038065763132E-32,
1.));
#4329=DIRECTION('ref_axis',(1.,0.,-2.22044604925031E-16));
#4330=DIRECTION('',(-1.,-2.22044604925031E-16,2.22044604925031E-16));
#4331=DIRECTION('',(1.22228553622684E-15,-1.,-2.22098102420756E-31));
#4332=DIRECTION('',(1.,1.97372982155583E-16,-2.22044604925031E-16));
#4333=DIRECTION('',(0.,1.,-4.93038065763132E-32));
#4334=DIRECTION('center_axis',(-2.22044604925031E-16,-4.93038065763132E-32,
-1.));
#4335=DIRECTION('ref_axis',(-0.707106781186547,-0.707106781186548,0.));
#4336=DIRECTION('center_axis',(2.22044604925031E-16,4.93038065763132E-32,
1.));
#4337=DIRECTION('ref_axis',(1.,0.,0.));
#4338=DIRECTION('center_axis',(1.,1.22228553622684E-15,0.));
#4339=DIRECTION('ref_axis',(1.22228553622684E-15,-1.,-2.22098102420756E-31));
#4340=DIRECTION('',(1.22228553622684E-15,-1.,-2.22098102420756E-31));
#4341=DIRECTION('',(0.,0.,-1.));
#4342=DIRECTION('center_axis',(1.,1.22228553622684E-15,0.));
#4343=DIRECTION('ref_axis',(1.22228553622684E-15,-1.,-2.22098102420756E-31));
#4344=DIRECTION('',(1.22228553622684E-15,-1.,-2.22098102420756E-31));
#4345=DIRECTION('center_axis',(-2.22044604925031E-16,1.,0.));
#4346=DIRECTION('ref_axis',(2.22044604925031E-16,4.93038065763132E-32,1.));
#4347=DIRECTION('',(0.,0.,-1.));
#4348=DIRECTION('',(-1.,-2.22044604925031E-16,2.22044604925031E-16));
#4349=DIRECTION('',(0.,0.,-1.));
#4350=DIRECTION('',(2.22044604925031E-16,4.93038065763132E-32,1.));
#4351=DIRECTION('center_axis',(2.22044604925031E-16,-1.,0.));
#4352=DIRECTION('ref_axis',(-1.,-2.22044604925031E-16,2.22044604925031E-16));
#4353=DIRECTION('',(-1.,-2.22044604925031E-16,2.22044604925031E-16));
#4354=DIRECTION('center_axis',(2.22044604925031E-16,-1.,0.));
#4355=DIRECTION('ref_axis',(-1.,-2.22044604925031E-16,2.22044604925031E-16));
#4356=DIRECTION('',(-2.22044604925031E-16,-4.93038065763132E-32,-1.));
#4357=DIRECTION('',(1.,2.22044604925031E-16,-2.22044604925031E-16));
#4358=DIRECTION('center_axis',(-2.22044604925031E-16,1.,0.));
#4359=DIRECTION('ref_axis',(-1.,-2.22044604925031E-16,2.22044604925031E-16));
#4360=DIRECTION('center_axis',(-3.59471132933125E-6,0.999999999904774,-1.33240425543516E-5));
#4361=DIRECTION('ref_axis',(0.330320772496125,1.37635550020906E-5,0.943868734024032));
#4362=DIRECTION('center_axis',(5.66985192384692E-6,0.999999999982756,1.52969191147194E-6));
#4363=DIRECTION('ref_axis',(0.981931178076497,-5.85688078668411E-6,0.189238372131551));
#4364=DIRECTION('center_axis',(0.,0.,1.));
#4365=DIRECTION('ref_axis',(-0.707106781186547,-0.707106781186548,0.));
#4366=DIRECTION('',(0.,0.,-1.));
#4367=DIRECTION('center_axis',(-2.22044604925031E-16,-4.93038065763132E-32,
-1.));
#4368=DIRECTION('ref_axis',(-0.707106781186547,-0.707106781186548,0.));
#4369=DIRECTION('center_axis',(-2.22044604925031E-16,-4.93038065763132E-32,
-1.));
#4370=DIRECTION('ref_axis',(-1.,-2.22044604925031E-16,2.22044604925031E-16));
#4371=DIRECTION('center_axis',(2.22044604925031E-16,4.93038065763132E-32,
1.));
#4372=DIRECTION('ref_axis',(1.,2.22044604925031E-16,-2.22044604925031E-16));
#4373=DIRECTION('center_axis',(2.22044604925031E-16,4.93038065763132E-32,
1.));
#4374=DIRECTION('ref_axis',(1.,2.22044604925031E-16,-2.22044604925031E-16));
#4375=DIRECTION('',(-2.22044604925031E-16,1.,0.));
#4376=DIRECTION('',(-2.22044604925031E-16,1.,0.));
#4377=DIRECTION('',(-2.22044604925031E-16,1.,0.));
#4378=DIRECTION('center_axis',(-2.22044604925031E-16,-4.93038065763132E-32,
-1.));
#4379=DIRECTION('ref_axis',(0.707106781186548,0.707106781186547,-1.47196168001604E-16));
#4380=DIRECTION('',(-1.,0.,0.));
#4381=DIRECTION('center_axis',(2.22044604925031E-16,4.93038065763132E-32,
1.));
#4382=DIRECTION('ref_axis',(1.,2.22044604925031E-16,-2.22044604925031E-16));
#4383=DIRECTION('center_axis',(2.22044604925031E-16,4.93038065763132E-32,
1.));
#4384=DIRECTION('ref_axis',(1.,2.22044604925031E-16,-2.22044604925031E-16));
#4385=DIRECTION('center_axis',(-2.22044604925031E-16,-4.93038065763132E-32,
-1.));
#4386=DIRECTION('ref_axis',(1.,0.,0.));
#4387=DIRECTION('center_axis',(-2.22044604925031E-16,-4.93038065763132E-32,
-1.));
#4388=DIRECTION('ref_axis',(1.,0.,0.));
#4389=DIRECTION('center_axis',(-2.22044604925031E-16,-4.93038065763132E-32,
-1.));
#4390=DIRECTION('ref_axis',(1.,0.,0.));
#4391=DIRECTION('center_axis',(-1.,0.,0.));
#4392=DIRECTION('ref_axis',(0.,0.,1.));
#4393=DIRECTION('',(0.,0.,-1.));
#4394=DIRECTION('',(0.,-1.,4.93038065763132E-32));
#4395=DIRECTION('',(0.,0.,-1.));
#4396=DIRECTION('',(-4.13421376983626E-33,1.,0.));
#4397=DIRECTION('center_axis',(0.,0.,1.));
#4398=DIRECTION('ref_axis',(1.,0.,0.));
#4399=DIRECTION('center_axis',(2.22044604925031E-16,4.93038065763132E-32,
1.));
#4400=DIRECTION('ref_axis',(1.,0.,0.));
#4401=DIRECTION('',(0.,0.,1.));
#4402=DIRECTION('center_axis',(0.,0.,1.));
#4403=DIRECTION('ref_axis',(1.,0.,0.));
#4404=DIRECTION('center_axis',(2.22044604925031E-16,4.93038065763132E-32,
1.));
#4405=DIRECTION('ref_axis',(1.,0.,0.));
#4406=DIRECTION('',(0.,0.,1.));
#4407=DIRECTION('center_axis',(0.,0.,1.));
#4408=DIRECTION('ref_axis',(1.,0.,0.));
#4409=DIRECTION('center_axis',(2.22044604925031E-16,4.93038065763132E-32,
1.));
#4410=DIRECTION('ref_axis',(1.,0.,0.));
#4411=DIRECTION('',(0.,0.,1.));
#4412=DIRECTION('center_axis',(-0.707106781186547,3.4863055968421E-32,0.707106781186548));
#4413=DIRECTION('ref_axis',(0.707106781186548,0.,0.707106781186547));
#4414=DIRECTION('',(0.707106781186548,1.57009245868377E-16,0.707106781186547));
#4415=DIRECTION('',(0.,1.,-4.93038065763132E-32));
#4416=DIRECTION('center_axis',(0.707106781186548,1.57009245868378E-16,0.707106781186547));
#4417=DIRECTION('ref_axis',(0.707106781186547,0.,-0.707106781186548));
#4418=DIRECTION('',(0.707106781186547,1.57009245868377E-16,-0.707106781186548));
#4419=DIRECTION('',(-2.22044604925031E-16,1.,0.));
#4420=DIRECTION('',(2.22044604925031E-16,-1.,0.));
#4421=DIRECTION('center_axis',(-1.,-2.22044604925031E-16,2.22044604925031E-16));
#4422=DIRECTION('ref_axis',(-2.22044604925031E-16,-4.93038065763132E-32,
-1.));
#4423=DIRECTION('',(-2.22044604925031E-16,-4.93038065763132E-32,-1.));
#4424=DIRECTION('',(-2.22044604925031E-16,0.,-1.));
#4425=DIRECTION('',(2.22044604925031E-16,-1.,0.));
#4426=DIRECTION('',(2.22044604925031E-16,4.19606864479262E-32,1.));
#4427=DIRECTION('center_axis',(-1.72030916674761E-16,1.,0.));
#4428=DIRECTION('ref_axis',(-0.382683432365091,0.,0.923879532511287));
#4429=DIRECTION('center_axis',(0.,-1.,0.));
#4430=DIRECTION('ref_axis',(-0.382683432365091,0.,0.923879532511287));
#4431=DIRECTION('',(1.72030916674761E-16,-1.,0.));
#4432=DIRECTION('center_axis',(0.,1.,0.));
#4433=DIRECTION('ref_axis',(-0.382683432365091,0.,0.923879532511287));
#4434=DIRECTION('',(-1.72030916674761E-16,1.,0.));
#4435=DIRECTION('center_axis',(0.,1.,0.));
#4436=DIRECTION('ref_axis',(3.34869118312916E-47,0.,1.));
#4437=DIRECTION('',(1.,0.,0.));
#4438=DIRECTION('center_axis',(0.,-1.,0.));
#4439=DIRECTION('ref_axis',(0.707106781186548,0.,0.707106781186547));
#4440=DIRECTION('',(3.34869118312916E-47,0.,1.));
#4441=DIRECTION('',(1.,0.,0.));
#4442=DIRECTION('',(-0.707106781186547,0.,-0.707106781186548));
#4443=DIRECTION('center_axis',(0.,0.,1.));
#4444=DIRECTION('ref_axis',(0.,-1.,0.));
#4445=DIRECTION('',(1.,0.,0.));
#4446=DIRECTION('',(0.,-1.,0.));
#4447=DIRECTION('center_axis',(0.,-1.,0.));
#4448=DIRECTION('ref_axis',(0.,0.,-1.));
#4449=DIRECTION('',(2.22044604925031E-16,0.,1.));
#4450=DIRECTION('',(1.,0.,0.));
#4451=DIRECTION('',(0.,0.,-1.));
#4452=DIRECTION('center_axis',(0.,1.,0.));
#4453=DIRECTION('ref_axis',(0.707106781186548,0.,0.707106781186547));
#4454=DIRECTION('center_axis',(-3.8188334796247E-15,1.,0.));
#4455=DIRECTION('ref_axis',(-0.382683432365089,-1.6022623232524E-15,0.923879532511287));
#4456=DIRECTION('',(3.8188334796247E-15,-1.,0.));
#4457=DIRECTION('center_axis',(-1.88974131851091E-16,1.,-4.38453837398253E-47));
#4458=DIRECTION('ref_axis',(-0.382683432365089,-1.6022623232524E-15,0.923879532511287));
#4459=DIRECTION('',(-3.8188334796247E-15,1.,0.));
#4460=DIRECTION('center_axis',(-2.22044604925031E-16,4.67446895784515E-31,
-1.));
#4461=DIRECTION('ref_axis',(-0.707106781186546,-0.707106781186549,1.30841038223648E-16));
#4462=DIRECTION('center_axis',(0.,0.,1.));
#4463=DIRECTION('ref_axis',(-0.707106781186546,-0.707106781186549,1.30841038223648E-16));
#4464=DIRECTION('',(-2.22044604925031E-16,4.67446895784515E-31,-1.));
#4465=DIRECTION('center_axis',(-2.22044604925031E-16,-4.93038065763132E-32,
-1.));
#4466=DIRECTION('ref_axis',(-0.707106781186546,-0.707106781186549,1.30841038223648E-16));
#4467=DIRECTION('',(2.22044604925031E-16,-4.67446895784515E-31,1.));
#4468=DIRECTION('center_axis',(-0.707106781186546,-2.70032304966484E-15,
0.707106781186549));
#4469=DIRECTION('ref_axis',(-0.707106781186549,-2.68224128358479E-15,-0.707106781186546));
#4470=DIRECTION('center_axis',(0.,0.,1.));
#4471=DIRECTION('ref_axis',(-3.28692043842088E-31,-1.,0.));
#4472=DIRECTION('',(1.,1.88974131851091E-16,0.));
#4473=DIRECTION('',(1.88974131851091E-16,-1.,0.));
#4474=DIRECTION('',(1.,1.88974131851091E-16,0.));
#4475=DIRECTION('center_axis',(0.,-1.,0.));
#4476=DIRECTION('ref_axis',(0.707106781186548,0.,0.707106781186547));
#4477=DIRECTION('',(0.,1.,0.));
#4478=DIRECTION('center_axis',(1.88974131851091E-16,-1.,0.));
#4479=DIRECTION('ref_axis',(0.707106781186548,0.,0.707106781186547));
#4480=DIRECTION('center_axis',(-1.88974131851091E-16,1.,-4.38453837398253E-47));
#4481=DIRECTION('ref_axis',(0.707106781186548,0.,0.707106781186547));
#4482=DIRECTION('',(-1.88974131851091E-16,1.,0.));
#4483=DIRECTION('center_axis',(1.88974131851091E-16,-1.,-5.09407582232441E-31));
#4484=DIRECTION('ref_axis',(0.707106781186548,0.,0.707106781186547));
#4485=DIRECTION('center_axis',(-1.88974131851091E-16,1.,5.09407582232441E-31));
#4486=DIRECTION('ref_axis',(2.69564716208803E-15,0.,1.));
#4487=DIRECTION('',(2.69564716208803E-15,0.,1.));
#4488=DIRECTION('',(1.,1.88974131851091E-16,0.));
#4489=DIRECTION('center_axis',(-2.22044604925031E-16,-4.93038065763132E-32,
-1.));
#4490=DIRECTION('ref_axis',(-0.447213595499958,0.894427190999916,1.0343892305197E-16));
#4491=DIRECTION('center_axis',(-0.707106781186548,-1.21644227754462E-16,
0.707106781186547));
#4492=DIRECTION('ref_axis',(-0.707106781186547,-2.28971816891384E-16,-0.707106781186548));
#4493=DIRECTION('',(-2.22044604925031E-16,-4.93038065763132E-32,-1.));
#4494=DIRECTION('center_axis',(-2.22044604925031E-16,-4.93038065763132E-32,
-1.));
#4495=DIRECTION('ref_axis',(-0.447213595499958,0.894427190999916,1.0343892305197E-16));
#4496=DIRECTION('center_axis',(-2.22044604925031E-16,-4.93038065763132E-32,
-1.));
#4497=DIRECTION('ref_axis',(-1.,-2.22044604925031E-16,2.22044604925031E-16));
#4498=DIRECTION('center_axis',(-2.22044604925031E-16,-4.93038065763132E-32,
-1.));
#4499=DIRECTION('ref_axis',(-1.,-2.22044604925031E-16,2.22044604925031E-16));
#4500=DIRECTION('center_axis',(0.,0.,1.));
#4501=DIRECTION('ref_axis',(1.,0.,0.));
#4502=DIRECTION('center_axis',(0.,0.,1.));
#4503=DIRECTION('ref_axis',(1.,0.,0.));
#4504=DIRECTION('',(0.,0.,1.));
#4505=DIRECTION('center_axis',(0.,0.,1.));
#4506=DIRECTION('ref_axis',(1.,0.,0.));
#4507=DIRECTION('center_axis',(0.,0.,-1.));
#4508=DIRECTION('ref_axis',(1.,0.,0.));
#4509=DIRECTION('center_axis',(-0.707106781186546,-2.70032304966484E-15,
0.707106781186549));
#4510=DIRECTION('ref_axis',(0.707106781186549,0.,0.707106781186546));
#4511=DIRECTION('',(0.707106781186549,1.33624890100747E-16,0.707106781186546));
#4512=DIRECTION('center_axis',(1.88974131851091E-16,-1.,4.38453837398253E-47));
#4513=DIRECTION('ref_axis',(2.32017913300298E-31,0.,-1.));
#4514=DIRECTION('',(1.,1.88974131851091E-16,0.));
#4515=DIRECTION('',(2.32017913300298E-31,0.,-1.));
#4516=DIRECTION('center_axis',(1.,1.88974131851091E-16,0.));
#4517=DIRECTION('ref_axis',(0.,0.,-1.));
#4518=DIRECTION('',(-3.8188334796247E-15,1.,0.));
#4519=DIRECTION('center_axis',(-1.,-2.22044604925031E-16,2.22044604925031E-16));
#4520=DIRECTION('ref_axis',(-2.22044604925031E-16,-4.93038065763132E-32,
-1.));
#4521=DIRECTION('',(2.22044604925031E-16,-1.,0.));
#4522=DIRECTION('',(0.,0.,-1.));
#4523=DIRECTION('center_axis',(0.,0.,1.));
#4524=DIRECTION('ref_axis',(1.,0.,0.));
#4525=DIRECTION('center_axis',(0.,0.,1.));
#4526=DIRECTION('ref_axis',(1.,0.,0.));
#4527=DIRECTION('',(0.,0.,1.));
#4528=DIRECTION('center_axis',(0.,0.,1.));
#4529=DIRECTION('ref_axis',(1.,0.,0.));
#4530=DIRECTION('center_axis',(0.,0.,-1.));
#4531=DIRECTION('ref_axis',(1.,0.,0.));
#4532=DIRECTION('center_axis',(-0.707106781186548,-1.21644227754462E-16,
0.707106781186547));
#4533=DIRECTION('ref_axis',(0.707106781186547,0.,0.707106781186548));
#4534=DIRECTION('center_axis',(1.,0.,0.));
#4535=DIRECTION('ref_axis',(0.,0.,-1.));
#4536=DIRECTION('',(-4.74397917609964E-47,1.,0.));
#4537=DIRECTION('center_axis',(-1.,-2.22044604925031E-16,2.22044604925031E-16));
#4538=DIRECTION('ref_axis',(2.22044604925031E-16,-1.,0.));
#4539=DIRECTION('',(-2.22044604925031E-16,1.,0.));
#4540=DIRECTION('',(2.22044604925031E-16,4.93038065763132E-32,1.));
#4541=DIRECTION('',(2.22044604925031E-16,-1.,0.));
#4542=DIRECTION('',(-2.22044604925031E-16,-4.93038065763132E-32,-1.));
#4543=DIRECTION('center_axis',(-2.22044604925031E-16,-4.93038065763132E-32,
-1.));
#4544=DIRECTION('ref_axis',(-1.,-2.22044604925031E-16,2.22044604925031E-16));
#4545=DIRECTION('',(-2.22044604925031E-16,-4.93038065763132E-32,-1.));
#4546=DIRECTION('center_axis',(2.22044604925031E-16,4.93038065763132E-32,
1.));
#4547=DIRECTION('ref_axis',(1.,2.22044604925031E-16,-2.22044604925031E-16));
#4548=DIRECTION('center_axis',(-2.22044604925031E-16,1.,0.));
#4549=DIRECTION('ref_axis',(-1.,-2.22044604925031E-16,2.22044604925031E-16));
#4550=DIRECTION('',(1.,2.22044604925031E-16,-2.22044604925031E-16));
#4551=DIRECTION('center_axis',(-7.83935264081511E-12,-2.73114863590727E-12,
1.));
#4552=DIRECTION('ref_axis',(0.539367450035469,0.8420705159559,6.52811138479596E-12));
#4553=DIRECTION('center_axis',(-0.129296035988789,2.03904591348308E-13,
0.991606038241794));
#4554=DIRECTION('ref_axis',(0.535552492782788,0.841609863712669,0.0698309728965898));
#4555=DIRECTION('center_axis',(-7.71152000221065E-12,-2.78665978721486E-12,
-1.));
#4556=DIRECTION('ref_axis',(5.95767879474351E-10,1.,-2.78665979180914E-12));
#4557=DIRECTION('center_axis',(-0.1292960359888,1.84757462970991E-13,-0.991606038241792));
#4558=DIRECTION('ref_axis',(6.66133814775093E-14,1.,1.77635683940025E-13));
#4559=DIRECTION('center_axis',(-0.729817107639497,-0.683642442653116,0.));
#4560=DIRECTION('ref_axis',(0.683642442653116,-0.729817107639497,0.));
#4561=DIRECTION('center_axis',(0.539367450035707,0.842070515955747,-1.197636323526E-16));
#4562=DIRECTION('ref_axis',(0.842070515955747,-0.539367450035707,0.));
#4563=DIRECTION('center_axis',(2.22044604925031E-16,-1.,0.));
#4564=DIRECTION('ref_axis',(-1.,0.,6.76707367390572E-16));
#4565=DIRECTION('center_axis',(-2.22044604925031E-16,1.,0.));
#4566=DIRECTION('ref_axis',(-1.,-2.22044604925031E-16,0.));
#4567=DIRECTION('center_axis',(2.22044604925031E-16,-1.,0.));
#4568=DIRECTION('ref_axis',(-1.,-2.4671622769448E-16,0.));
#4569=DIRECTION('center_axis',(2.22044604925031E-16,-1.,0.));
#4570=DIRECTION('ref_axis',(-1.,-2.4671622769448E-16,0.));
#4571=DIRECTION('center_axis',(-0.539367450035707,-0.842070515955747,1.197636323526E-16));
#4572=DIRECTION('ref_axis',(0.842070515955747,-0.539367450035707,-1.86977215034411E-16));
#4573=DIRECTION('',(-2.22044604925031E-16,-4.93038065763132E-32,-1.));
#4574=DIRECTION('',(0.842070515955747,-0.539367450035707,-1.86977215034411E-16));
#4575=DIRECTION('',(2.22044604925031E-16,4.93038065763132E-32,1.));
#4576=DIRECTION('',(-2.22044604925031E-16,-4.93038065763132E-32,-1.));
#4577=DIRECTION('center_axis',(-2.22044604925031E-16,-4.93038065763132E-32,
-1.));
#4578=DIRECTION('ref_axis',(-1.,-2.22044604925031E-16,2.22044604925031E-16));
#4579=DIRECTION('',(-2.22044604925031E-16,-4.93038065763132E-32,-1.));
#4580=DIRECTION('center_axis',(-2.22044604925031E-16,-4.93038065763132E-32,
-1.));
#4581=DIRECTION('ref_axis',(-1.,-2.22044604925031E-16,2.22044604925031E-16));
#4582=DIRECTION('center_axis',(0.,-1.,0.));
#4583=DIRECTION('ref_axis',(1.,0.,0.));
#4584=DIRECTION('center_axis',(0.,1.,0.));
#4585=DIRECTION('ref_axis',(1.,0.,0.));
#4586=DIRECTION('',(0.,1.,0.));
#4587=DIRECTION('center_axis',(2.22044604925031E-16,4.93038065763132E-32,
1.));
#4588=DIRECTION('ref_axis',(-0.731018013803068,0.682358163646789,0.));
#4589=DIRECTION('',(2.22044604925031E-16,4.93038065763132E-32,1.));
#4590=DIRECTION('center_axis',(0.,0.,-1.));
#4591=DIRECTION('ref_axis',(-1.,0.,0.));
#4592=DIRECTION('',(-2.22044604925031E-16,-4.93038065763132E-32,-1.));
#4593=DIRECTION('center_axis',(-0.856702979350161,-0.515810047568441,-4.75708352125047E-13));
#4594=DIRECTION('ref_axis',(1.3322676295502E-13,-1.14352971536392E-12,1.));
#4595=DIRECTION('center_axis',(0.842070515955747,0.539367450035708,-1.86977215034411E-16));
#4596=DIRECTION('ref_axis',(-0.381390381471546,0.595433772069565,0.707106781186546));
#4597=DIRECTION('center_axis',(0.842070515955749,0.539367450035706,0.));
#4598=DIRECTION('ref_axis',(-0.539367450035706,0.842070515955749,-1.11022302462515E-14));
#4599=DIRECTION('',(0.842070515955747,0.539367450035708,-1.86977215034411E-16));
#4600=DIRECTION('center_axis',(-0.842070515955747,-0.539367450035708,0.));
#4601=DIRECTION('ref_axis',(0.,0.,1.));
#4602=DIRECTION('',(-0.842070515955747,-0.539367450035708,1.86977215034411E-16));
#4603=DIRECTION('center_axis',(2.22044604925031E-16,4.93038065763132E-32,
1.));
#4604=DIRECTION('ref_axis',(1.,0.,0.));
#4605=DIRECTION('center_axis',(-2.22044604925031E-16,-4.93038065763132E-32,
-1.));
#4606=DIRECTION('ref_axis',(0.539367450061014,-0.842070515939538,-1.1530456993305E-16));
#4607=DIRECTION('center_axis',(2.22044604925031E-16,4.93038065763132E-32,
1.));
#4608=DIRECTION('ref_axis',(0.539367450061014,-0.842070515939538,-1.19763632358219E-16));
#4609=DIRECTION('center_axis',(-2.22044604925031E-16,-4.93038065763132E-32,
-1.));
#4610=DIRECTION('ref_axis',(-0.281006658323477,0.959705818455777,0.));
#4611=DIRECTION('',(-2.22044604925031E-16,-4.93038065763132E-32,-1.));
#4612=DIRECTION('center_axis',(0.,0.,-1.));
#4613=DIRECTION('ref_axis',(-0.539367450035713,0.842070515955744,0.));
#4614=DIRECTION('',(-2.22044604925031E-16,-4.93038065763132E-32,-1.));
#4615=DIRECTION('center_axis',(-0.968448836870012,-0.219020285558308,-0.118898969209482));
#4616=DIRECTION('ref_axis',(-0.249212460292654,0.851120929309856,0.462045791373117));
#4617=DIRECTION('center_axis',(-1.,-2.22044604925031E-16,2.22044604925031E-16));
#4618=DIRECTION('ref_axis',(0.,1.,0.));
#4619=DIRECTION('center_axis',(-2.22044604925031E-16,-4.93038065763132E-32,
-1.));
#4620=DIRECTION('ref_axis',(-1.,-2.22044604925031E-16,2.22044604925031E-16));
#4621=DIRECTION('',(2.22044604925031E-16,4.93038065763132E-32,1.));
#4622=DIRECTION('center_axis',(0.539367450035708,-0.842070515955747,-1.197636323526E-16));
#4623=DIRECTION('ref_axis',(2.22044604925031E-16,4.93038065763132E-32,1.));
#4624=DIRECTION('center_axis',(2.22044604925031E-16,-1.,0.));
#4625=DIRECTION('ref_axis',(1.,2.22044604925031E-16,-2.22044604925031E-16));
#4626=DIRECTION('',(-2.22044604925031E-16,-4.93038065763132E-32,-1.));
#4627=DIRECTION('',(1.,2.22044604925031E-16,-2.22044604925031E-16));
#4628=DIRECTION('center_axis',(-2.22044604925031E-16,-4.93038065763132E-32,
-1.));
#4629=DIRECTION('ref_axis',(-1.,-2.22044604925031E-16,2.22044604925031E-16));
#4630=DIRECTION('',(1.,2.22044604925031E-16,-2.22044604925031E-16));
#4631=DIRECTION('',(-2.22044604925031E-16,1.,0.));
#4632=DIRECTION('center_axis',(-2.22044604925031E-16,1.,0.));
#4633=DIRECTION('ref_axis',(-1.,-2.22044604925031E-16,2.22044604925031E-16));
#4634=DIRECTION('',(-2.22044604925031E-16,1.,0.));
#4635=DIRECTION('center_axis',(-2.22044604925031E-16,1.,0.));
#4636=DIRECTION('ref_axis',(-1.,-2.22044604925031E-16,2.22044604925031E-16));
#4637=DIRECTION('',(2.22044604925031E-16,-1.,0.));
#4638=DIRECTION('center_axis',(1.,2.22044604925031E-16,-2.22044604925031E-16));
#4639=DIRECTION('ref_axis',(-2.22044604925031E-16,1.,0.));
#4640=DIRECTION('',(-2.22044604925031E-16,-4.93038065763132E-32,-1.));
#4641=DIRECTION('',(-2.22044604925031E-16,1.,0.));
#4642=DIRECTION('',(2.22044604925031E-16,4.93038065763132E-32,1.));
#4643=DIRECTION('',(-2.22075792607749E-16,0.00014046670171426,-0.999999990134553));
#4644=DIRECTION('',(-2.22013412861173E-16,0.999999990134553,0.000140466701724045));
#4645=DIRECTION('',(2.22075792607749E-16,-0.000140466701713748,0.999999990134553));
#4646=DIRECTION('',(2.22013412861172E-16,-0.999999990134553,-0.00014046670172433));
#4647=DIRECTION('',(-6.75672410253372E-17,-0.538396099509116,-0.842691901013277));
#4648=DIRECTION('',(-2.22013412861173E-16,0.999999990134553,0.000140466701723242));
#4649=DIRECTION('',(6.82282700229656E-17,0.536577948540822,0.843850759992383));
#4650=DIRECTION('',(-2.22013412861173E-16,0.999999990134553,0.000140466701723656));
#4651=DIRECTION('',(-2.38653658876323E-16,0.996966316010391,-0.0778342131756223));
#4652=DIRECTION('',(-2.22075792607749E-16,0.00014046670171325,-0.999999990134553));
#4653=DIRECTION('',(-2.22013412861172E-16,0.999999990134553,0.000140466701724365));
#4654=DIRECTION('',(2.22075792607749E-16,-0.00014046670171325,0.999999990134553));
#4655=DIRECTION('',(2.22013412861172E-16,-0.999999990134553,-0.000140466701724365));
#4656=DIRECTION('center_axis',(-2.22044604925031E-16,-4.93038065763132E-32,
-1.));
#4657=DIRECTION('ref_axis',(-1.,-2.22044604925031E-16,2.22044604925031E-16));
#4658=DIRECTION('',(1.,2.22044604925031E-16,-2.22044604925031E-16));
#4659=DIRECTION('',(-2.22044604925031E-16,1.,0.));
#4660=DIRECTION('center_axis',(-2.22044604925031E-16,-4.93038065763132E-32,
-1.));
#4661=DIRECTION('ref_axis',(-1.,-2.22044604925031E-16,2.22044604925031E-16));
#4662=DIRECTION('',(-0.842070515955747,0.539367450035707,1.86977215034411E-16));
#4663=DIRECTION('',(-1.,-2.22044604925031E-16,2.22044604925031E-16));
#4664=DIRECTION('center_axis',(1.,2.22044604925031E-16,-2.22044604925031E-16));
#4665=DIRECTION('ref_axis',(-2.22044604925031E-16,1.,0.));
#4666=DIRECTION('center_axis',(-1.,-2.22044604925031E-16,2.22044604925031E-16));
#4667=DIRECTION('ref_axis',(2.22044604925031E-16,-1.,0.));
#4668=DIRECTION('',(1.,0.,0.));
#4669=DIRECTION('',(1.,0.,0.));
#4670=DIRECTION('',(1.,0.,0.));
#4671=DIRECTION('',(1.,0.,0.));
#4672=DIRECTION('',(1.,0.,0.));
#4673=DIRECTION('',(1.,0.,0.));
#4674=DIRECTION('',(1.,0.,0.));
#4675=DIRECTION('',(1.,0.,0.));
#4676=DIRECTION('',(1.,0.,0.));
#4677=DIRECTION('',(1.,0.,0.));
#4678=DIRECTION('',(1.,0.,0.));
#4679=DIRECTION('',(1.,0.,0.));
#4680=DIRECTION('',(1.,0.,0.));
#4681=DIRECTION('',(1.,0.,0.));
#4682=DIRECTION('',(1.,0.,0.));
#4683=DIRECTION('',(1.,0.,0.));
#4684=DIRECTION('',(1.,0.,0.));
#4685=DIRECTION('',(1.,0.,0.));
#4686=DIRECTION('',(1.,0.,0.));
#4687=DIRECTION('',(1.,0.,0.));
#4688=DIRECTION('center_axis',(-1.,0.,0.));
#4689=DIRECTION('ref_axis',(0.,-1.,0.));
#4690=DIRECTION('center_axis',(0.,-0.999999990134553,-0.00014046670171325));
#4691=DIRECTION('ref_axis',(0.,0.00014046670171325,-0.999999990134553));
#4692=DIRECTION('',(1.,0.,0.));
#4693=DIRECTION('',(0.,0.00014046670171325,-0.999999990134553));
#4694=DIRECTION('',(1.,0.,0.));
#4695=DIRECTION('center_axis',(0.,-0.000140466701724365,0.999999990134553));
#4696=DIRECTION('ref_axis',(0.,-0.999999990134553,-0.000140466701724365));
#4697=DIRECTION('',(1.,0.,0.));
#4698=DIRECTION('',(0.,-0.999999990134553,-0.000140466701724365));
#4699=DIRECTION('center_axis',(0.,0.999999990134553,0.00014046670171325));
#4700=DIRECTION('ref_axis',(0.,-0.00014046670171325,0.999999990134553));
#4701=DIRECTION('',(1.,0.,0.));
#4702=DIRECTION('',(0.,-0.00014046670171325,0.999999990134553));
#4703=DIRECTION('center_axis',(0.,0.000140466701724365,-0.999999990134553));
#4704=DIRECTION('ref_axis',(0.,0.999999990134553,0.000140466701724365));
#4705=DIRECTION('',(0.,0.999999990134553,0.000140466701724365));
#4706=DIRECTION('center_axis',(1.,0.,0.));
#4707=DIRECTION('ref_axis',(0.,0.,-1.));
#4708=DIRECTION('',(1.,0.,0.));
#4709=DIRECTION('',(1.,0.,0.));
#4710=DIRECTION('',(1.,0.,0.));
#4711=DIRECTION('',(1.,0.,0.));
#4712=DIRECTION('',(1.,0.,0.));
#4713=DIRECTION('',(1.,0.,0.));
#4714=DIRECTION('',(1.,0.,0.));
#4715=DIRECTION('',(1.,0.,0.));
#4716=DIRECTION('',(1.,0.,0.));
#4717=DIRECTION('',(1.,0.,0.));
#4718=DIRECTION('',(1.,0.,0.));
#4719=DIRECTION('',(1.,0.,0.));
#4720=DIRECTION('',(1.,0.,0.));
#4721=DIRECTION('',(1.,0.,0.));
#4722=DIRECTION('',(1.,0.,0.));
#4723=DIRECTION('',(1.,0.,0.));
#4724=DIRECTION('',(1.,0.,0.));
#4725=DIRECTION('',(1.,0.,0.));
#4726=DIRECTION('',(1.,0.,0.));
#4727=DIRECTION('',(1.,0.,0.));
#4728=DIRECTION('',(1.,0.,0.));
#4729=DIRECTION('',(1.,0.,0.));
#4730=DIRECTION('',(1.,0.,0.));
#4731=DIRECTION('',(1.,0.,0.));
#4732=DIRECTION('',(1.,0.,0.));
#4733=DIRECTION('',(1.,0.,0.));
#4734=DIRECTION('',(1.,0.,0.));
#4735=DIRECTION('center_axis',(0.,-0.0778342131756223,-0.996966316010392));
#4736=DIRECTION('ref_axis',(0.,0.996966316010391,-0.0778342131756223));
#4737=DIRECTION('',(1.,0.,0.));
#4738=DIRECTION('',(0.,0.996966316010391,-0.0778342131756223));
#4739=DIRECTION('center_axis',(-1.,0.,0.));
#4740=DIRECTION('ref_axis',(0.,-1.,0.));
#4741=DIRECTION('center_axis',(0.,0.00014046670172424,-0.999999990134553));
#4742=DIRECTION('ref_axis',(0.,0.999999990134553,0.00014046670172424));
#4743=DIRECTION('',(-2.22013412861172E-16,0.999999990134553,0.00014046670172424));
#4744=DIRECTION('',(1.,0.,0.));
#4745=DIRECTION('',(0.,0.999999990134553,0.00014046670172424));
#4746=DIRECTION('',(1.,0.,0.));
#4747=DIRECTION('',(1.,0.,0.));
#4748=DIRECTION('',(1.,0.,0.));
#4749=DIRECTION('',(1.,0.,0.));
#4750=DIRECTION('',(1.,0.,0.));
#4751=DIRECTION('',(1.,0.,0.));
#4752=DIRECTION('center_axis',(0.,-0.000140466701724525,0.999999990134553));
#4753=DIRECTION('ref_axis',(0.,-0.999999990134553,-0.000140466701724525));
#4754=DIRECTION('',(2.22013412861172E-16,-0.999999990134553,-0.000140466701724525));
#4755=DIRECTION('',(1.,0.,0.));
#4756=DIRECTION('',(0.,-0.999999990134553,-0.000140466701724525));
#4757=DIRECTION('center_axis',(0.,-0.999999990134553,-0.000140466701713266));
#4758=DIRECTION('ref_axis',(0.,0.000140466701713266,-0.999999990134553));
#4759=DIRECTION('',(-2.22075792607749E-16,0.000140466701713266,-0.999999990134553));
#4760=DIRECTION('',(0.,0.000140466701713266,-0.999999990134553));
#4761=DIRECTION('center_axis',(0.,-0.999999990134553,-0.00014046670171426));
#4762=DIRECTION('ref_axis',(0.,0.00014046670171426,-0.999999990134553));
#4763=DIRECTION('',(1.,0.,0.));
#4764=DIRECTION('',(0.,0.00014046670171426,-0.999999990134553));
#4765=DIRECTION('',(1.,0.,0.));
#4766=DIRECTION('center_axis',(0.,0.000140466701723656,-0.999999990134553));
#4767=DIRECTION('ref_axis',(0.,0.999999990134553,0.000140466701723656));
#4768=DIRECTION('',(1.,0.,0.));
#4769=DIRECTION('',(0.,0.999999990134553,0.000140466701723656));
#4770=DIRECTION('',(1.,0.,0.));
#4771=DIRECTION('',(1.,0.,0.));
#4772=DIRECTION('',(1.,0.,0.));
#4773=DIRECTION('',(1.,0.,0.));
#4774=DIRECTION('center_axis',(0.,0.843850759992383,-0.536577948540822));
#4775=DIRECTION('ref_axis',(0.,0.536577948540822,0.843850759992383));
#4776=DIRECTION('',(1.,0.,0.));
#4777=DIRECTION('',(0.,0.536577948540822,0.843850759992383));
#4778=DIRECTION('center_axis',(0.,0.000140466701723242,-0.999999990134553));
#4779=DIRECTION('ref_axis',(0.,0.999999990134553,0.000140466701723242));
#4780=DIRECTION('',(1.,0.,0.));
#4781=DIRECTION('',(0.,0.999999990134553,0.000140466701723242));
#4782=DIRECTION('center_axis',(0.,-0.842691901013277,0.538396099509116));
#4783=DIRECTION('ref_axis',(0.,-0.538396099509116,-0.842691901013277));
#4784=DIRECTION('',(1.,0.,0.));
#4785=DIRECTION('',(0.,-0.538396099509116,-0.842691901013277));
#4786=DIRECTION('',(1.,0.,0.));
#4787=DIRECTION('',(1.,0.,0.));
#4788=DIRECTION('',(1.,0.,0.));
#4789=DIRECTION('',(1.,0.,0.));
#4790=DIRECTION('',(1.,0.,0.));
#4791=DIRECTION('',(1.,0.,0.));
#4792=DIRECTION('',(1.,0.,0.));
#4793=DIRECTION('center_axis',(0.,-0.00014046670172433,0.999999990134553));
#4794=DIRECTION('ref_axis',(0.,-0.999999990134553,-0.00014046670172433));
#4795=DIRECTION('',(1.,0.,0.));
#4796=DIRECTION('',(0.,-0.999999990134553,-0.00014046670172433));
#4797=DIRECTION('center_axis',(0.,0.999999990134553,0.000140466701713748));
#4798=DIRECTION('ref_axis',(0.,-0.000140466701713748,0.999999990134553));
#4799=DIRECTION('',(1.,0.,0.));
#4800=DIRECTION('',(0.,-0.000140466701713748,0.999999990134553));
#4801=DIRECTION('center_axis',(0.,0.000140466701724045,-0.999999990134553));
#4802=DIRECTION('ref_axis',(0.,0.999999990134553,0.000140466701724045));
#4803=DIRECTION('',(0.,0.999999990134553,0.000140466701724045));
#4804=DIRECTION('center_axis',(-1.,0.,0.));
#4805=DIRECTION('ref_axis',(0.,-1.,0.));
#4806=DIRECTION('center_axis',(1.,2.22044604925031E-16,-2.22044604925031E-16));
#4807=DIRECTION('ref_axis',(-2.22044604925031E-16,1.,0.));
#4808=DIRECTION('center_axis',(1.,2.22044604925031E-16,-2.22044604925031E-16));
#4809=DIRECTION('ref_axis',(-2.22044604925031E-16,1.,0.));
#4810=DIRECTION('center_axis',(1.,2.22044604925031E-16,-2.22044604925031E-16));
#4811=DIRECTION('ref_axis',(-2.22044604925031E-16,1.,0.));
#4812=DIRECTION('center_axis',(-2.22044604925031E-16,1.,0.));
#4813=DIRECTION('ref_axis',(-1.,-2.22044604925031E-16,2.22044604925031E-16));
#4814=DIRECTION('',(-1.,-2.22044604925031E-16,2.22044604925031E-16));
#4815=DIRECTION('center_axis',(-2.22044604925031E-16,-4.93038065763132E-32,
-1.));
#4816=DIRECTION('ref_axis',(-1.,-2.22044604925031E-16,2.22044604925031E-16));
#4817=DIRECTION('center_axis',(-2.22044604925031E-16,-4.93038065763132E-32,
-1.));
#4818=DIRECTION('ref_axis',(-1.,-2.22044604925031E-16,2.22044604925031E-16));
#4819=DIRECTION('center_axis',(0.,-1.,0.));
#4820=DIRECTION('ref_axis',(1.,0.,0.));
#4821=DIRECTION('center_axis',(2.46519032881566E-32,1.,-2.18952885050753E-47));
#4822=DIRECTION('ref_axis',(1.,0.,0.));
#4823=DIRECTION('',(0.,-1.,0.));
#4824=DIRECTION('center_axis',(0.,1.,0.));
#4825=DIRECTION('ref_axis',(1.,0.,0.));
#4826=DIRECTION('center_axis',(-2.46519032881566E-32,-1.,2.18952885050753E-47));
#4827=DIRECTION('ref_axis',(1.,-2.46519032881566E-32,0.));
#4828=DIRECTION('center_axis',(2.22044604925031E-16,-1.,0.));
#4829=DIRECTION('ref_axis',(1.,2.22044604925031E-16,-2.22044604925031E-16));
#4830=DIRECTION('center_axis',(-2.22044604925031E-16,1.,0.));
#4831=DIRECTION('ref_axis',(-1.,-2.22044604925031E-16,2.22044604925031E-16));
#4832=DIRECTION('',(-0.86602540378614,-0.499999999997054,8.62387447660351E-17));
#4833=DIRECTION('center_axis',(-2.22044604925031E-16,1.,0.));
#4834=DIRECTION('ref_axis',(-1.,-2.22044604925031E-16,2.22044604925031E-16));
#4835=DIRECTION('center_axis',(2.22044604925031E-16,-1.,0.));
#4836=DIRECTION('ref_axis',(1.,2.22044604925031E-16,-2.22044604925031E-16));
#4837=DIRECTION('center_axis',(2.22044604925031E-16,-1.,0.));
#4838=DIRECTION('ref_axis',(1.,2.22044604925031E-16,-2.22044604925031E-16));
#4839=DIRECTION('',(-0.857167300714136,-0.515038074890043,8.53566555263915E-17));
#4840=DIRECTION('center_axis',(2.22044604925031E-16,-1.,0.));
#4841=DIRECTION('ref_axis',(1.,2.22044604925031E-16,-2.22044604925031E-16));
#4842=DIRECTION('center_axis',(2.22044604925031E-16,-1.,0.));
#4843=DIRECTION('ref_axis',(1.,2.22044604925031E-16,-2.22044604925031E-16));
#4844=DIRECTION('',(2.22044604925031E-16,-1.,0.));
#4845=DIRECTION('center_axis',(2.22044604925031E-16,-1.,0.));
#4846=DIRECTION('ref_axis',(1.,2.22044604925031E-16,-2.22044604925031E-16));
#4847=DIRECTION('center_axis',(-2.22044604925031E-16,-4.93038065763132E-32,
-1.));
#4848=DIRECTION('ref_axis',(-1.,-2.22044604925031E-16,2.22044604925031E-16));
#4849=DIRECTION('center_axis',(-2.22044604925031E-16,-4.93038065763132E-32,
-1.));
#4850=DIRECTION('ref_axis',(-1.,-2.22044604925031E-16,2.22044604925031E-16));
#4851=DIRECTION('',(-2.22044604925031E-16,-4.93038065763132E-32,-1.));
#4852=DIRECTION('',(-2.22044604925031E-16,-4.93038065763132E-32,-1.));
#4853=DIRECTION('center_axis',(2.22044604925031E-16,4.93038065763132E-32,
1.));
#4854=DIRECTION('ref_axis',(-1.,-2.22044604925031E-16,2.22044604925031E-16));
#4855=DIRECTION('center_axis',(2.22044604925031E-16,-1.,0.));
#4856=DIRECTION('ref_axis',(1.,2.22044604925031E-16,-2.22044604925031E-16));
#4857=DIRECTION('center_axis',(-2.22044604925031E-16,1.,0.));
#4858=DIRECTION('ref_axis',(-1.,-2.22044604925031E-16,2.22044604925031E-16));
#4859=DIRECTION('center_axis',(-2.22044604925031E-16,-4.93038065763132E-32,
-1.));
#4860=DIRECTION('ref_axis',(-1.,-2.22044604925031E-16,2.22044604925031E-16));
#4861=DIRECTION('center_axis',(2.22044604925031E-16,4.93038065763132E-32,
1.));
#4862=DIRECTION('ref_axis',(1.,2.22044604925031E-16,-2.22044604925031E-16));
#4863=DIRECTION('center_axis',(-2.22044604925031E-16,1.,0.));
#4864=DIRECTION('ref_axis',(-1.,0.,0.));
#4865=DIRECTION('center_axis',(-1.,-2.22044604925031E-16,2.22044604925031E-16));
#4866=DIRECTION('ref_axis',(2.22044604925031E-16,-1.,0.));
#4867=DIRECTION('center_axis',(-1.,-2.22044604925031E-16,2.22044604925031E-16));
#4868=DIRECTION('ref_axis',(2.22044604925031E-16,-1.,0.));
#4869=DIRECTION('center_axis',(-1.,-2.22044604925031E-16,2.22044604925031E-16));
#4870=DIRECTION('ref_axis',(2.22044604925031E-16,-1.,0.));
#4871=DIRECTION('center_axis',(-2.22044604925031E-16,1.,0.));
#4872=DIRECTION('ref_axis',(-1.,0.,0.));
#4873=DIRECTION('center_axis',(-2.22044604925031E-16,-4.93038065763132E-32,
-1.));
#4874=DIRECTION('ref_axis',(-1.,-2.22044604925031E-16,2.22044604925031E-16));
#4875=DIRECTION('center_axis',(-2.22044604925031E-16,-4.93038065763132E-32,
-1.));
#4876=DIRECTION('ref_axis',(-1.,-2.22044604925031E-16,2.22044604925031E-16));
#4877=DIRECTION('center_axis',(-2.22044604925031E-16,-4.93038065763132E-32,
-1.));
#4878=DIRECTION('ref_axis',(-1.,-2.22044604925031E-16,2.22044604925031E-16));
#4879=DIRECTION('center_axis',(-2.22044604925031E-16,-4.93038065763132E-32,
-1.));
#4880=DIRECTION('ref_axis',(-1.,-2.22044604925031E-16,2.22044604925031E-16));
#4881=DIRECTION('center_axis',(2.22044604925031E-16,4.93038065763132E-32,
1.));
#4882=DIRECTION('ref_axis',(1.,2.22044604925031E-16,-2.22044604925031E-16));
#4883=DIRECTION('center_axis',(-0.92340651702551,0.383823402510603,2.05037435258128E-16));
#4884=DIRECTION('ref_axis',(-0.383823402510603,-0.92340651702551,8.52259157714482E-17));
#4885=DIRECTION('center_axis',(-2.22044604925031E-16,-4.93038065763132E-32,
-1.));
#4886=DIRECTION('ref_axis',(-1.,-2.16204527749066E-16,0.));
#4887=DIRECTION('center_axis',(-0.842070515955747,0.539367450035707,1.86977215034411E-16));
#4888=DIRECTION('ref_axis',(-0.539367450035707,-0.842070515955747,1.197636323526E-16));
#4889=DIRECTION('center_axis',(0.842070515955747,-0.539367450035707,-1.86977215034411E-16));
#4890=DIRECTION('ref_axis',(0.539367450035707,0.842070515955747,-1.197636323526E-16));
#4891=DIRECTION('center_axis',(-0.842070515955747,0.539367450035707,1.86977215034411E-16));
#4892=DIRECTION('ref_axis',(-0.539367450035707,-0.842070515955747,1.197636323526E-16));
#4893=DIRECTION('center_axis',(0.,1.,0.));
#4894=DIRECTION('ref_axis',(-1.,0.,0.));
#4895=DIRECTION('',(-0.866025403788329,0.499999999993262,1.9229626863922E-16));
#4896=DIRECTION('center_axis',(-2.22044604925031E-16,1.,0.));
#4897=DIRECTION('ref_axis',(0.923879532511287,2.05142465794791E-16,0.38268343236509));
#4898=DIRECTION('center_axis',(-2.22044604925031E-16,-4.93038065763132E-32,
-1.));
#4899=DIRECTION('ref_axis',(-1.,-2.22044604925031E-16,2.22044604925031E-16));
#4900=DIRECTION('center_axis',(2.22044604925031E-16,4.93038065763132E-32,
1.));
#4901=DIRECTION('ref_axis',(1.,2.22044604925031E-16,-2.22044604925031E-16));
#4902=DIRECTION('center_axis',(2.22044604925031E-16,4.93038065763132E-32,
1.));
#4903=DIRECTION('ref_axis',(1.,2.22044604925031E-16,-2.22044604925031E-16));
#4904=DIRECTION('center_axis',(2.22044604925031E-16,4.93038065763132E-32,
1.));
#4905=DIRECTION('ref_axis',(1.,2.22044604925031E-16,-2.22044604925031E-16));
#4906=DIRECTION('',(2.22044604925031E-16,4.93038065763132E-32,1.));
#4907=DIRECTION('center_axis',(2.22044604925031E-16,4.93038065763132E-32,
1.));
#4908=DIRECTION('ref_axis',(1.,2.22044604925031E-16,-2.22044604925031E-16));
#4909=DIRECTION('center_axis',(2.22044604925031E-16,4.93038065763132E-32,
1.));
#4910=DIRECTION('ref_axis',(1.,2.22044604925031E-16,-2.22044604925031E-16));
#4911=DIRECTION('',(-0.707106781188352,-2.43604851492548E-16,0.707106781184743));
#4912=DIRECTION('center_axis',(0.,0.,1.));
#4913=DIRECTION('ref_axis',(1.,0.,0.));
#4914=DIRECTION('center_axis',(2.22044604925031E-16,4.93038065763132E-32,
1.));
#4915=DIRECTION('ref_axis',(1.,0.,0.));
#4916=DIRECTION('',(0.,0.,1.));
#4917=DIRECTION('center_axis',(0.,0.,1.));
#4918=DIRECTION('ref_axis',(1.,0.,0.));
#4919=DIRECTION('center_axis',(2.22044604925031E-16,4.93038065763132E-32,
1.));
#4920=DIRECTION('ref_axis',(1.,0.,0.));
#4921=DIRECTION('',(0.,0.,1.));
#4922=DIRECTION('center_axis',(0.,0.,1.));
#4923=DIRECTION('ref_axis',(1.,0.,0.));
#4924=DIRECTION('center_axis',(2.22044604925031E-16,4.93038065763132E-32,
1.));
#4925=DIRECTION('ref_axis',(1.,0.,0.));
#4926=DIRECTION('',(0.,0.,1.));
#4927=DIRECTION('center_axis',(0.,0.,-1.));
#4928=DIRECTION('ref_axis',(-0.707106781186548,0.707106781186547,0.));
#4929=DIRECTION('',(0.,0.,-1.));
#4930=DIRECTION('center_axis',(-2.22044604925031E-16,-4.93038065763132E-32,
-1.));
#4931=DIRECTION('ref_axis',(-0.707106781186548,0.707106781186547,0.));
#4932=DIRECTION('center_axis',(0.,1.,0.));
#4933=DIRECTION('ref_axis',(0.,0.,1.));
#4934=DIRECTION('',(0.,0.,-1.));
#4935=DIRECTION('',(1.,2.22044604925031E-16,-2.22044604925031E-16));
#4936=DIRECTION('center_axis',(-2.22044604925031E-16,0.,-1.));
#4937=DIRECTION('ref_axis',(0.707106781186548,0.707106781186547,-1.47196168001604E-16));
#4938=DIRECTION('center_axis',(-2.22044604925031E-16,-4.93038065763132E-32,
-1.));
#4939=DIRECTION('ref_axis',(0.707106781186548,0.707106781186547,-1.47196168001604E-16));
#4940=DIRECTION('center_axis',(2.22044604925031E-16,4.93038065763132E-32,
1.));
#4941=DIRECTION('ref_axis',(1.,2.22044604925031E-16,-2.22044604925031E-16));
#4942=DIRECTION('center_axis',(2.22044604925031E-16,4.93038065763132E-32,
1.));
#4943=DIRECTION('ref_axis',(1.,2.22044604925031E-16,-2.22044604925031E-16));
#4944=DIRECTION('',(2.22044604925031E-16,4.93038065763132E-32,1.));
#4945=DIRECTION('center_axis',(2.22044604925031E-16,4.93038065763132E-32,
1.));
#4946=DIRECTION('ref_axis',(1.,2.22044604925031E-16,-2.22044604925031E-16));
#4947=DIRECTION('center_axis',(2.22044604925031E-16,4.93038065763132E-32,
1.));
#4948=DIRECTION('ref_axis',(1.,2.22044604925031E-16,-2.22044604925031E-16));
#4949=DIRECTION('',(2.22044604925031E-16,4.93038065763132E-32,1.));
#4950=DIRECTION('center_axis',(2.22044604925031E-16,4.93038065763132E-32,
1.));
#4951=DIRECTION('ref_axis',(1.,2.22044604925031E-16,-2.22044604925031E-16));
#4952=DIRECTION('center_axis',(2.22044604925031E-16,4.93038065763132E-32,
1.));
#4953=DIRECTION('ref_axis',(1.,2.22044604925031E-16,-2.22044604925031E-16));
#4954=DIRECTION('',(2.22044604925031E-16,4.93038065763132E-32,1.));
#4955=DIRECTION('center_axis',(-2.22044604925031E-16,-4.93038065763132E-32,
-1.));
#4956=DIRECTION('ref_axis',(-1.,-2.22044604925031E-16,2.22044604925031E-16));
#4957=CARTESIAN_POINT('',(0.,0.,0.));
#4958=CARTESIAN_POINT('Origin',(26.1875000013333,-25.8143829384525,12.8768829371192));
#4959=CARTESIAN_POINT('',(21.6875000013333,-24.5643829357525,12.8768829371192));
#4960=CARTESIAN_POINT('',(21.6875000013333,-24.8143829384525,12.8768829371192));
#4961=CARTESIAN_POINT('',(21.6875000013333,-25.8143829384525,12.8768829371192));
#4962=CARTESIAN_POINT('',(30.6875000013333,-25.3143829384525,12.8768829371192));
#4963=CARTESIAN_POINT('Ctrl Pts',(21.6875000013333,-24.8143829384525,12.8768829371192));
#4964=CARTESIAN_POINT('Ctrl Pts',(21.6875000013333,-24.8156172057543,12.840072918687));
#4965=CARTESIAN_POINT('Ctrl Pts',(21.6879516590468,-24.8168583631338,12.8032444976241));
#4966=CARTESIAN_POINT('Ctrl Pts',(21.7035950841232,-24.8384348051574,12.1662418626524));
#4967=CARTESIAN_POINT('Ctrl Pts',(21.8382864825663,-24.8601277015423,11.5750774506258));
#4968=CARTESIAN_POINT('Ctrl Pts',(22.3222672343024,-24.9028551455754,10.5012721923513));
#4969=CARTESIAN_POINT('Ctrl Pts',(22.6587248761956,-24.9231650305563,10.0253555430157));
#4970=CARTESIAN_POINT('Ctrl Pts',(23.5096973480383,-24.963011699974,9.21082462588224));
#4971=CARTESIAN_POINT('Ctrl Pts',(24.0222489314759,-24.9847008490384,8.88661487688647));
#4972=CARTESIAN_POINT('Ctrl Pts',(25.1229524271185,-25.0274415181733,8.46662000588274));
#4973=CARTESIAN_POINT('Ctrl Pts',(25.697248741179,-25.0478007226516,8.36653464069316));
#4974=CARTESIAN_POINT('Ctrl Pts',(26.8752596359895,-25.0876174490762,8.38936906438882));
#4975=CARTESIAN_POINT('Ctrl Pts',(27.467416265408,-25.1093029706184,8.52113404947074));
#4976=CARTESIAN_POINT('Ctrl Pts',(28.5440998325007,-25.1520558486578,8.99999719748685));
#4977=CARTESIAN_POINT('Ctrl Pts',(29.0218391118524,-25.1724617229017,9.33425242316659));
#4978=CARTESIAN_POINT('Ctrl Pts',(29.8408153646113,-25.212250441846,10.1816552979259));
#4979=CARTESIAN_POINT('Ctrl Pts',(30.1676049933664,-25.233932468552,10.692925847405));
#4980=CARTESIAN_POINT('Ctrl Pts',(30.5847412857769,-25.2758793220879,11.7711391435971));
#4981=CARTESIAN_POINT('Ctrl Pts',(30.6875000013333,-25.2957656595755,12.3216528199287));
#4982=CARTESIAN_POINT('Ctrl Pts',(30.6875000013333,-25.3143829384525,12.8768829371197));
#4983=CARTESIAN_POINT('',(26.1874999151402,-25.3143829385711,17.3768829371524));
#4984=CARTESIAN_POINT('Origin',(26.1875000013333,-25.3143829384525,12.8768829371192));
#4985=CARTESIAN_POINT('Ctrl Pts',(26.1874999151426,-25.3143829386425,17.3768829371192));
#4986=CARTESIAN_POINT('Ctrl Pts',(26.650435434484,-25.2988603661682,17.376882945986));
#4987=CARTESIAN_POINT('Ctrl Pts',(27.1106495292742,-25.2824368944414,17.3054480732472));
#4988=CARTESIAN_POINT('Ctrl Pts',(27.9988715820576,-25.248729036015,17.022839993192));
#4989=CARTESIAN_POINT('Ctrl Pts',(28.4208949563386,-25.2316443680429,16.8115984533511));
#4990=CARTESIAN_POINT('Ctrl Pts',(29.2725880383956,-25.1946392542665,16.2033992522897));
#4991=CARTESIAN_POINT('Ctrl Pts',(29.6735617230853,-25.1758250417627,15.780475836016));
#4992=CARTESIAN_POINT('Ctrl Pts',(30.3012539568782,-25.1340428740738,14.794389154199));
#4993=CARTESIAN_POINT('Ctrl Pts',(30.5173945650486,-25.1123747102264,14.2376997170793));
#4994=CARTESIAN_POINT('Ctrl Pts',(30.7196271230409,-25.0709492614761,13.0860204308515));
#4995=CARTESIAN_POINT('Ctrl Pts',(30.7090130394042,-25.0521431217425,12.5029393635661));
#4996=CARTESIAN_POINT('Ctrl Pts',(30.4651056619965,-25.0104278645631,11.3598792871137));
#4997=CARTESIAN_POINT('Ctrl Pts',(30.2291445564239,-24.9887750961108,10.8118589117535));
#4998=CARTESIAN_POINT('Ctrl Pts',(29.5661265621578,-24.9472744359521,9.84880014505544));
#4999=CARTESIAN_POINT('Ctrl Pts',(29.1494666702993,-24.9284674341763,9.44014672185234));
#5000=CARTESIAN_POINT('Ctrl Pts',(28.1741491432786,-24.8868208303201,8.7962160444033));
#5001=CARTESIAN_POINT('Ctrl Pts',(27.622171536818,-24.8651850798723,8.5710338355031));
#5002=CARTESIAN_POINT('Ctrl Pts',(26.4742867572079,-24.8236103551681,8.34889265947441));
#5003=CARTESIAN_POINT('Ctrl Pts',(25.890194597424,-24.8047933947915,8.34957114807316));
#5004=CARTESIAN_POINT('Ctrl Pts',(24.7433234433407,-24.7632169733542,8.5742815967783));
#5005=CARTESIAN_POINT('Ctrl Pts',(24.1923120182199,-24.7415998247059,8.80045704358473));
#5006=CARTESIAN_POINT('Ctrl Pts',(23.2178833273034,-24.6999524380815,9.44658991818482));
#5007=CARTESIAN_POINT('Ctrl Pts',(22.80145450755,-24.6811164271822,9.85691113670012));
#5008=CARTESIAN_POINT('Ctrl Pts',(22.1412781834994,-24.6396114626567,10.8212753335043));
#5009=CARTESIAN_POINT('Ctrl Pts',(21.9071000594214,-24.6180144392106,11.3683717399457));
#5010=CARTESIAN_POINT('Ctrl Pts',(21.7200413604991,-24.5857839463891,12.2521116119014));
#5011=CARTESIAN_POINT('Ctrl Pts',(21.6875000013333,-24.5748598632558,12.5644255837157));
#5012=CARTESIAN_POINT('Ctrl Pts',(21.6875000013333,-24.5643829357525,12.8768829371192));
#5013=CARTESIAN_POINT('Origin',(26.1875000013333,-25.8143829384525,12.8768829371192));
#5014=CARTESIAN_POINT('',(21.6875000013333,-23.5643829357525,12.8768829371192));
#5015=CARTESIAN_POINT('',(21.6875000013333,-23.8143829384525,12.8768829371192));
#5016=CARTESIAN_POINT('',(21.6875000013333,-25.8143829384525,12.8768829371192));
#5017=CARTESIAN_POINT('Ctrl Pts',(21.6875000013333,-23.8143829384525,12.8768829371192));
#5018=CARTESIAN_POINT('Ctrl Pts',(21.6875000013333,-23.8170792911989,12.796468594009));
#5019=CARTESIAN_POINT('Ctrl Pts',(21.689655461635,-23.8198080047213,12.715981964186));
#5020=CARTESIAN_POINT('Ctrl Pts',(21.7260849426699,-23.8430540597044,12.0377956996278));
#5021=CARTESIAN_POINT('Ctrl Pts',(21.8771283656988,-23.8647781447064,11.4524743680962));
#5022=CARTESIAN_POINT('Ctrl Pts',(22.3897309498583,-23.9073530548876,10.3950737355107));
#5023=CARTESIAN_POINT('Ctrl Pts',(22.7386097881823,-23.9271760575993,9.92942083363281));
#5024=CARTESIAN_POINT('Ctrl Pts',(23.6095792001909,-23.9673419726548,9.14018111484297));
#5025=CARTESIAN_POINT('Ctrl Pts',(24.1291549821305,-23.9890624027476,8.8306770471277));
#5026=CARTESIAN_POINT('Ctrl Pts',(25.2380167885336,-24.0316617900266,8.44055037428241));
#5027=CARTESIAN_POINT('Ctrl Pts',(25.8137415036305,-24.0515536898131,8.35550986930719));
#5028=CARTESIAN_POINT('Ctrl Pts',(26.9882910487052,-24.0916713030066,8.40836457780261));
#5029=CARTESIAN_POINT('Ctrl Pts',(27.5754031966757,-24.1133879084915,8.55454606226429));
#5030=CARTESIAN_POINT('Ctrl Pts',(28.6377392494811,-24.1560100306553,9.05863275076287));
#5031=CARTESIAN_POINT('Ctrl Pts',(29.1064587280269,-24.1759688732218,9.40379689499623));
#5032=CARTESIAN_POINT('Ctrl Pts',(29.9033004631795,-24.2160406905734,10.2688111374888));
#5033=CARTESIAN_POINT('Ctrl Pts',(30.2172291515674,-24.2377533604892,10.7863227468632));
#5034=CARTESIAN_POINT('Ctrl Pts',(30.6163140679817,-24.2803965764234,11.8927810457758));
#5035=CARTESIAN_POINT('Ctrl Pts',(30.705869359723,-24.3004201798749,12.468075168594));
#5036=CARTESIAN_POINT('Ctrl Pts',(30.662035732735,-24.3404486679933,13.6437033573092));
#5037=CARTESIAN_POINT('Ctrl Pts',(30.5201765664354,-24.3621573429158,14.2323693519389));
#5038=CARTESIAN_POINT('Ctrl Pts',(30.0236560778926,-24.4048201109405,15.2990516241984));
#5039=CARTESIAN_POINT('Ctrl Pts',(29.6817786325526,-24.4249061145322,15.7704864741195));
#5040=CARTESIAN_POINT('Ctrl Pts',(28.8220516981783,-24.4648936875951,16.5740273114836));
#5041=CARTESIAN_POINT('Ctrl Pts',(28.3063926667896,-24.4865983526148,16.8918521662587));
#5042=CARTESIAN_POINT('Ctrl Pts',(27.2020869277453,-24.529279227742,17.2988452838093));
#5043=CARTESIAN_POINT('Ctrl Pts',(26.627171323115,-24.549425136177,17.3923842329087));
#5044=CARTESIAN_POINT('Ctrl Pts',(25.4506199009994,-24.5893741453132,17.3565019752239));
#5045=CARTESIAN_POINT('Ctrl Pts',(24.8606113616441,-24.6110748235747,17.218459758195));
#5046=CARTESIAN_POINT('Ctrl Pts',(23.7901229911052,-24.6537724544711,16.7286178769605));
#5047=CARTESIAN_POINT('Ctrl Pts',(23.3162983310831,-24.673975678387,16.3896311587909));
#5048=CARTESIAN_POINT('Ctrl Pts',(22.5068868737265,-24.7138884025821,15.534568160789));
#5049=CARTESIAN_POINT('Ctrl Pts',(22.1856502346298,-24.73558514915,15.0205584917027));
#5050=CARTESIAN_POINT('Ctrl Pts',(21.7846714119824,-24.7769614529322,13.952668272527));
#5051=CARTESIAN_POINT('Ctrl Pts',(21.6875000013333,-24.7962791201467,13.4167999263815));
#5052=CARTESIAN_POINT('Ctrl Pts',(21.6875000013333,-24.8143829384525,12.8768829371192));
#5053=CARTESIAN_POINT('Ctrl Pts',(21.6875000013333,-24.5643829357525,12.8768829371192));
#5054=CARTESIAN_POINT('Ctrl Pts',(21.6875000013333,-24.5555072395994,13.1415861651151));
#5055=CARTESIAN_POINT('Ctrl Pts',(21.7108545705679,-24.5463044597568,13.4063703537922));
#5056=CARTESIAN_POINT('Ctrl Pts',(21.8611681906919,-24.5159995028644,14.2479045525841));
#5057=CARTESIAN_POINT('Ctrl Pts',(22.0775379767893,-24.4944240448825,14.8017342589305));
#5058=CARTESIAN_POINT('Ctrl Pts',(22.7067044043173,-24.4526366116566,15.7873673448693));
#5059=CARTESIAN_POINT('Ctrl Pts',(23.1106915419126,-24.4337355758476,16.211565559889));
#5060=CARTESIAN_POINT('Ctrl Pts',(24.064064917246,-24.3923763986758,16.8877793847819));
#5061=CARTESIAN_POINT('Ctrl Pts',(24.6061787116752,-24.3708238458801,17.1307847115422));
#5062=CARTESIAN_POINT('Ctrl Pts',(25.7459286323487,-24.3289694773127,17.3926995325536));
#5063=CARTESIAN_POINT('Ctrl Pts',(26.3320469343181,-24.3100229958764,17.4119344319946));
#5064=CARTESIAN_POINT('Ctrl Pts',(27.4860451909412,-24.2687376188793,17.2253855305415));
#5065=CARTESIAN_POINT('Ctrl Pts',(28.0424865116432,-24.2472091933111,17.0187070730159));
#5066=CARTESIAN_POINT('Ctrl Pts',(29.0390114510543,-24.2052901993095,16.4063635299602));
#5067=CARTESIAN_POINT('Ctrl Pts',(29.4708731648111,-24.1862901933022,16.0086256408093));
#5068=CARTESIAN_POINT('Ctrl Pts',(30.1627123630726,-24.1450788543866,15.0661335429928));
#5069=CARTESIAN_POINT('Ctrl Pts',(30.414262803937,-24.1235756458235,14.5290308623461));
#5070=CARTESIAN_POINT('Ctrl Pts',(30.6955201977204,-24.0815944881039,13.3935116170129));
#5071=CARTESIAN_POINT('Ctrl Pts',(30.7244796930699,-24.0625334096139,12.8064063328856));
#5072=CARTESIAN_POINT('Ctrl Pts',(30.556402107667,-24.0213960699372,11.6491719793687));
#5073=CARTESIAN_POINT('Ctrl Pts',(30.359173285664,-23.9999190239395,11.0903488037429));
#5074=CARTESIAN_POINT('Ctrl Pts',(29.7632921957473,-23.9578782853975,10.0833740596874));
#5075=CARTESIAN_POINT('Ctrl Pts',(29.3716440765185,-23.9387492001897,9.64405016789335));
#5076=CARTESIAN_POINT('Ctrl Pts',(28.4397827296786,-23.8976855478282,8.9371794982915));
#5077=CARTESIAN_POINT('Ctrl Pts',(27.9076461857197,-23.8762354569257,8.67746421442785));
#5078=CARTESIAN_POINT('Ctrl Pts',(26.7763833914298,-23.8341378113435,8.37754371267435));
#5079=CARTESIAN_POINT('Ctrl Pts',(26.1883274709588,-23.8149344661279,8.33917043853401));
#5080=CARTESIAN_POINT('Ctrl Pts',(25.0281101131396,-23.7739439233138,8.48947704041436));
#5081=CARTESIAN_POINT('Ctrl Pts',(24.4671467643551,-23.7525214211762,8.67761186944581));
#5082=CARTESIAN_POINT('Ctrl Pts',(23.4502714160138,-23.7103696033275,9.25758849633729));
#5083=CARTESIAN_POINT('Ctrl Pts',(23.0037719580368,-23.6910864763745,9.64337323772314));
#5084=CARTESIAN_POINT('Ctrl Pts',(22.2826162204534,-23.650168210699,10.5649815938125));
#5085=CARTESIAN_POINT('Ctrl Pts',(22.0151954578428,-23.6287737695623,11.0922667600644));
#5086=CARTESIAN_POINT('Ctrl Pts',(21.7440792622245,-23.5927595052651,12.0540337181943));
#5087=CARTESIAN_POINT('Ctrl Pts',(21.6875000013333,-23.5781975595526,12.4648842104452));
#5088=CARTESIAN_POINT('Ctrl Pts',(21.6875000013333,-23.5643829357525,12.8768829371193));
#5089=CARTESIAN_POINT('Origin',(26.1875000013333,-25.8143829384525,12.8768829371192));
#5090=CARTESIAN_POINT('',(21.6875000013333,-22.5643829357525,12.8768829371192));
#5091=CARTESIAN_POINT('',(21.6875000013333,-22.8143829384525,12.8768829371192));
#5092=CARTESIAN_POINT('',(21.6875000013333,-25.8143829384525,12.8768829371192));
#5093=CARTESIAN_POINT('Ctrl Pts',(21.6875000013333,-22.8143829384525,12.8768829371191));
#5094=CARTESIAN_POINT('Ctrl Pts',(21.6875000013333,-22.8193682315788,12.7282046632931));
#5095=CARTESIAN_POINT('Ctrl Pts',(21.6948681547925,-22.824461367946,12.5793621289899));
#5096=CARTESIAN_POINT('Ctrl Pts',(21.7687063801564,-22.8503454394677,11.8379965132873));
#5097=CARTESIAN_POINT('Ctrl Pts',(21.9449306462233,-22.8720832026681,11.2626974984094));
#5098=CARTESIAN_POINT('Ctrl Pts',(22.501764988131,-22.9143877741054,10.2316806739544));
#5099=CARTESIAN_POINT('Ctrl Pts',(22.8702228223813,-22.9336346212196,9.78214622477334));
#5100=CARTESIAN_POINT('Ctrl Pts',(23.7721811366804,-22.9742760685573,9.0334820100202));
#5101=CARTESIAN_POINT('Ctrl Pts',(24.3020924990785,-22.9960145065205,8.74763367420933));
#5102=CARTESIAN_POINT('Ctrl Pts',(25.4230964042679,-23.0383609462289,8.40503284609829));
#5103=CARTESIAN_POINT('Ctrl Pts',(26.0011418177733,-23.0576775316271,8.34400209994128));
#5104=CARTESIAN_POINT('Ctrl Pts',(27.1693709207004,-23.0982514091606,8.44496673799797));
#5105=CARTESIAN_POINT('Ctrl Pts',(27.7476470400957,-23.1199896352859,8.61403696856137));
#5106=CARTESIAN_POINT('Ctrl Pts',(28.7863038899459,-23.1623754827416,9.15827853089602));
#5107=CARTESIAN_POINT('Ctrl Pts',(29.2404615116089,-23.1817636566659,9.52111113310718));
#5108=CARTESIAN_POINT('Ctrl Pts',(30.0008676490381,-23.2222720879718,10.4142387966101));
#5109=CARTESIAN_POINT('Ctrl Pts',(30.2935661115313,-23.2440093232838,10.9412768765203));
#5110=CARTESIAN_POINT('Ctrl Pts',(30.6498698502766,-23.286432182487,12.0588839376557));
#5111=CARTESIAN_POINT('Ctrl Pts',(30.7178353433463,-23.3058931331183,12.6362535863993));
#5112=CARTESIAN_POINT('Ctrl Pts',(30.6307855919913,-23.3463383731049,13.8064100181331));
#5113=CARTESIAN_POINT('Ctrl Pts',(30.4683055026379,-23.3680739433819,14.3873366570339));
#5114=CARTESIAN_POINT('Ctrl Pts',(29.9356440060478,-23.4105314943447,15.4329285678698));
#5115=CARTESIAN_POINT('Ctrl Pts',(29.5779474911005,-23.4300657944047,15.891312875335));
#5116=CARTESIAN_POINT('Ctrl Pts',(28.692935250226,-23.4704502028515,16.662381730323));
#5117=CARTESIAN_POINT('Ctrl Pts',(28.1685892414467,-23.4921835341381,16.9612983376417));
#5118=CARTESIAN_POINT('Ctrl Pts',(27.0541486008744,-23.5346735417972,17.3300811806961));
#5119=CARTESIAN_POINT('Ctrl Pts',(26.4773895606219,-23.5542812004742,17.4043527658989));
#5120=CARTESIAN_POINT('Ctrl Pts',(25.3055525649523,-23.5946072167259,17.3299443636899));
#5121=CARTESIAN_POINT('Ctrl Pts',(24.7222848351453,-23.6163378298202,17.1734730848916));
#5122=CARTESIAN_POINT('Ctrl Pts',(23.6704533550136,-23.6588581511298,16.6513557761263));
#5123=CARTESIAN_POINT('Ctrl Pts',(23.2082401113928,-23.6785386700636,16.2983065201063));
#5124=CARTESIAN_POINT('Ctrl Pts',(22.427572806584,-23.7188087885466,15.42067859993));
#5125=CARTESIAN_POINT('Ctrl Pts',(22.123061797505,-23.7405362924677,14.898823659945));
#5126=CARTESIAN_POINT('Ctrl Pts',(21.7690910332844,-23.7801656718217,13.863561250383));
#5127=CARTESIAN_POINT('Ctrl Pts',(21.6875000013333,-23.7977937715737,13.3716279066197));
#5128=CARTESIAN_POINT('Ctrl Pts',(21.6875000013333,-23.8143829384525,12.8768829371192));
#5129=CARTESIAN_POINT('Ctrl Pts',(21.6875000013333,-23.5643829357525,12.8768829371193));
#5130=CARTESIAN_POINT('Ctrl Pts',(21.6875000013333,-23.5586474427479,13.0479347043569));
#5131=CARTESIAN_POINT('Ctrl Pts',(21.6972524887882,-23.5527701681565,13.2191752646624));
#5132=CARTESIAN_POINT('Ctrl Pts',(21.7835276577061,-23.5263558205966,13.9712039515957));
#5133=CARTESIAN_POINT('Ctrl Pts',(21.9630197164652,-23.5049897515636,14.5340642273228));
#5134=CARTESIAN_POINT('Ctrl Pts',(22.5278194183729,-23.4627378978643,15.5602094706792));
#5135=CARTESIAN_POINT('Ctrl Pts',(22.9080238093798,-23.4432817216981,16.013526246762));
#5136=CARTESIAN_POINT('Ctrl Pts',(23.819864945146,-23.4025045680124,16.7481020768978));
#5137=CARTESIAN_POINT('Ctrl Pts',(24.3424758399658,-23.3811670242973,17.0227109146625));
#5138=CARTESIAN_POINT('Ctrl Pts',(25.4653991489697,-23.3388692950994,17.3571707352766));
#5139=CARTESIAN_POINT('Ctrl Pts',(26.0552024503238,-23.3193214189244,17.4130591835343));
#5140=CARTESIAN_POINT('Ctrl Pts',(27.2205861847764,-23.2786126724372,17.2955146536776));
#5141=CARTESIAN_POINT('Ctrl Pts',(27.7851073213169,-23.2573036549959,17.1241399822082));
#5142=CARTESIAN_POINT('Ctrl Pts',(28.8198368368864,-23.2149627661173,16.5736540137546));
#5143=CARTESIAN_POINT('Ctrl Pts',(29.2795569233959,-23.1953207731069,16.198702240532));
#5144=CARTESIAN_POINT('Ctrl Pts',(30.026604917152,-23.1546787500691,15.296057296255));
#5145=CARTESIAN_POINT('Ctrl Pts',(30.3078475608451,-23.1333981155549,14.777891438337));
#5146=CARTESIAN_POINT('Ctrl Pts',(30.6579143813906,-23.0910167242942,13.6589376751652));
#5147=CARTESIAN_POINT('Ctrl Pts',(30.7217624200716,-23.0712789443185,13.0683532383276));
#5148=CARTESIAN_POINT('Ctrl Pts',(30.6189711698197,-23.0307017998247,11.9007833111618));
#5149=CARTESIAN_POINT('Ctrl Pts',(30.4551368409233,-23.0094492702115,11.3348235202228));
#5150=CARTESIAN_POINT('Ctrl Pts',(29.9180024575365,-22.9670299591685,10.2922247832915));
#5151=CARTESIAN_POINT('Ctrl Pts',(29.5479435039604,-22.9471954325086,9.82655442649692));
#5152=CARTESIAN_POINT('Ctrl Pts',(28.6538626921364,-22.906681183475,9.06803051628641));
#5153=CARTESIAN_POINT('Ctrl Pts',(28.1398723660081,-22.8854563572369,8.78072544297214));
#5154=CARTESIAN_POINT('Ctrl Pts',(27.0246924232943,-22.8430016212872,8.41626699625191));
#5155=CARTESIAN_POINT('Ctrl Pts',(26.4333942054563,-22.8230700538588,8.34505155600819));
#5156=CARTESIAN_POINT('Ctrl Pts',(25.2638889458819,-22.7826166017861,8.43426464621198));
#5157=CARTESIAN_POINT('Ctrl Pts',(24.6966943426636,-22.7614189659554,8.59116552223044));
#5158=CARTESIAN_POINT('Ctrl Pts',(23.6469480595717,-22.7189312016553,9.11597283727785));
#5159=CARTESIAN_POINT('Ctrl Pts',(23.1758031834623,-22.6989029131626,9.48151836713534));
#5160=CARTESIAN_POINT('Ctrl Pts',(22.4068163766885,-22.6585080669759,10.3677043092618));
#5161=CARTESIAN_POINT('Ctrl Pts',(22.1140201041595,-22.637337009989,10.8778165255883));
#5162=CARTESIAN_POINT('Ctrl Pts',(21.7680642520531,-22.5983822568789,11.8962791879813));
#5163=CARTESIAN_POINT('Ctrl Pts',(21.6875000013333,-22.580867370694,12.3852614276144));
#5164=CARTESIAN_POINT('Ctrl Pts',(21.6875000013333,-22.5643829357525,12.8768829371193));
#5165=CARTESIAN_POINT('Origin',(26.1875000013333,-25.8143829384525,12.8768829371192));
#5166=CARTESIAN_POINT('',(21.6875000013333,-21.5643829357525,12.8768829371192));
#5167=CARTESIAN_POINT('',(21.6875000013333,-21.8143829384525,12.8768829371192));
#5168=CARTESIAN_POINT('',(21.6875000013333,-25.8143829384525,12.8768829371192));
#5169=CARTESIAN_POINT('Ctrl Pts',(21.6875000013333,-21.8143829384525,12.8768829371192));
#5170=CARTESIAN_POINT('Ctrl Pts',(21.6875000013333,-21.8224685685147,12.6357421476066));
#5171=CARTESIAN_POINT('Ctrl Pts',(21.7068818641436,-21.8308280400497,12.3944627112002));
#5172=CARTESIAN_POINT('Ctrl Pts',(21.8406657016445,-21.8603025294454,11.5708489970685));
#5173=CARTESIAN_POINT('Ctrl Pts',(22.0500714722657,-21.8819907090007,11.0107729631373));
#5174=CARTESIAN_POINT('Ctrl Pts',(22.6657204731738,-21.9238695572278,10.0168144717504));
#5175=CARTESIAN_POINT('Ctrl Pts',(23.0610564542645,-21.9427119879382,9.58928896286585));
#5176=CARTESIAN_POINT('Ctrl Pts',(24.0042884614149,-21.9839463452099,8.89757874211817));
#5177=CARTESIAN_POINT('Ctrl Pts',(24.5467938789611,-22.0056458305918,8.64493973096699));
#5178=CARTESIAN_POINT('Ctrl Pts',(25.6829819847598,-22.04758644965,8.36821589282098));
#5179=CARTESIAN_POINT('Ctrl Pts',(26.2643565679648,-22.0664578312426,8.34072705254487));
#5180=CARTESIAN_POINT('Ctrl Pts',(27.4220763516156,-22.1076153258827,8.50908386329523));
#5181=CARTESIAN_POINT('Ctrl Pts',(27.9864327394215,-22.1293245215402,8.70966910491466));
#5182=CARTESIAN_POINT('Ctrl Pts',(28.9905152494908,-22.17132460807,9.30960572045459));
#5183=CARTESIAN_POINT('Ctrl Pts',(29.423993105355,-22.1902324452613,9.6976577287265));
#5184=CARTESIAN_POINT('Ctrl Pts',(30.1312693263435,-22.2313132973591,10.6298640448928));
#5185=CARTESIAN_POINT('Ctrl Pts',(30.3929758578001,-22.2530306584968,11.1691466879518));
#5186=CARTESIAN_POINT('Ctrl Pts',(30.6876071499525,-22.2950878068674,12.3013925810006));
#5187=CARTESIAN_POINT('Ctrl Pts',(30.724252902693,-22.3140389972354,12.8818489989322));
#5188=CARTESIAN_POINT('Ctrl Pts',(30.5742966273218,-22.3550437274757,14.0426345836979));
#5189=CARTESIAN_POINT('Ctrl Pts',(30.3822449824716,-22.376767775918,14.6109686632196));
#5190=CARTESIAN_POINT('Ctrl Pts',(29.7974515039954,-22.4188795045194,15.6246532095863));
#5191=CARTESIAN_POINT('Ctrl Pts',(29.4163461903412,-22.4378802778239,16.0638156299205));
#5192=CARTESIAN_POINT('Ctrl Pts',(28.4947685311443,-22.478809696006,16.785848456838));
#5193=CARTESIAN_POINT('Ctrl Pts',(27.9586927134332,-22.5005390335501,17.0561592508154));
#5194=CARTESIAN_POINT('Ctrl Pts',(26.8303266409651,-22.5427028100163,17.3678344813506));
#5195=CARTESIAN_POINT('Ctrl Pts',(26.2507350354499,-22.5617586839956,17.413166380985));
#5196=CARTESIAN_POINT('Ctrl Pts',(25.0871783151678,-22.6026138738806,17.2806671241165));
#5197=CARTESIAN_POINT('Ctrl Pts',(24.5151930837583,-22.6243471932369,17.0967626338567));
#5198=CARTESIAN_POINT('Ctrl Pts',(23.4925112605564,-22.6665604587513,16.5263798453625));
#5199=CARTESIAN_POINT('Ctrl Pts',(23.0479837146618,-22.685676211796,16.1518212986342));
#5200=CARTESIAN_POINT('Ctrl Pts',(22.3121265693147,-22.7264585121248,15.2403574107263));
#5201=CARTESIAN_POINT('Ctrl Pts',(22.0337508624277,-22.7481946050952,14.7074207196935));
#5202=CARTESIAN_POINT('Ctrl Pts',(21.7477884527526,-22.7850720901924,13.7260591058516));
#5203=CARTESIAN_POINT('Ctrl Pts',(21.6875000013333,-22.8001227071801,13.3021711832059));
#5204=CARTESIAN_POINT('Ctrl Pts',(21.6875000013333,-22.8143829384525,12.8768829371191));
#5205=CARTESIAN_POINT('Ctrl Pts',(21.6875000013333,-22.5643829357525,12.8768829371193));
#5206=CARTESIAN_POINT('Ctrl Pts',(21.6875000013333,-22.5610923083532,12.9750205569402));
#5207=CARTESIAN_POINT('Ctrl Pts',(21.6907102698393,-22.5577536671478,13.0732603738229));
#5208=CARTESIAN_POINT('Ctrl Pts',(21.7352745963899,-22.5343558733737,13.7526024381278));
#5209=CARTESIAN_POINT('Ctrl Pts',(21.8858589839703,-22.5132106980673,14.3208488665609));
#5210=CARTESIAN_POINT('Ctrl Pts',(22.3993920438209,-22.4706636370584,15.3770335271422));
#5211=CARTESIAN_POINT('Ctrl Pts',(22.7608115806536,-22.4504450360576,15.8531693716459));
#5212=CARTESIAN_POINT('Ctrl Pts',(23.6397872011725,-22.4101605663958,16.6316163248743));
#5213=CARTESIAN_POINT('Ctrl Pts',(24.1463347807312,-22.3890405031323,16.9293468437685));
#5214=CARTESIAN_POINT('Ctrl Pts',(25.2546803415109,-22.3464669473125,17.3188599787297));
#5215=CARTESIAN_POINT('Ctrl Pts',(25.8472023439499,-22.3261556904109,17.4029700527961));
#5216=CARTESIAN_POINT('Ctrl Pts',(27.0198943767677,-22.2859229115875,17.337338987695));
#5217=CARTESIAN_POINT('Ctrl Pts',(27.5890313089817,-22.2648271309485,17.1924608824628));
#5218=CARTESIAN_POINT('Ctrl Pts',(28.6509727093974,-22.2222290279945,16.689150801922));
#5219=CARTESIAN_POINT('Ctrl Pts',(29.1316209860701,-22.2018273049724,16.3314719185469));
#5220=CARTESIAN_POINT('Ctrl Pts',(29.9185574208836,-22.1616438635581,15.4590257598822));
#5221=CARTESIAN_POINT('Ctrl Pts',(30.2206903290057,-22.1405714886775,14.9557239382425));
#5222=CARTESIAN_POINT('Ctrl Pts',(30.6209059772699,-22.0979506701838,13.8504019710968));
#5223=CARTESIAN_POINT('Ctrl Pts',(30.7105525831202,-22.077460989163,13.2573659557158));
#5224=CARTESIAN_POINT('Ctrl Pts',(30.65497439784,-22.0373245363585,12.083382650855));
#5225=CARTESIAN_POINT('Ctrl Pts',(30.5152125930362,-22.0162746544228,11.5134953319228));
#5226=CARTESIAN_POINT('Ctrl Pts',(30.0211003544049,-21.9736328372804,10.4464403559353));
#5227=CARTESIAN_POINT('Ctrl Pts',(29.66678724852,-21.953057968114,9.96174281047617));
#5228=CARTESIAN_POINT('Ctrl Pts',(28.7868861022449,-21.9123498049831,9.15502434421725));
#5229=CARTESIAN_POINT('Ctrl Pts',(28.2687749543078,-21.8906347527011,8.84237153959454));
#5230=CARTESIAN_POINT('Ctrl Pts',(27.1616191376326,-21.8480040599313,8.44587224787075));
#5231=CARTESIAN_POINT('Ctrl Pts',(26.5862009353481,-21.8280192181651,8.35761980565646));
#5232=CARTESIAN_POINT('Ctrl Pts',(25.4108804825113,-21.7879649064657,8.40405567060721));
#5233=CARTESIAN_POINT('Ctrl Pts',(24.8226593668402,-21.7662538191185,8.54716256430014));
#5234=CARTESIAN_POINT('Ctrl Pts',(23.7572277536493,-21.7236026567709,9.04586680217458));
#5235=CARTESIAN_POINT('Ctrl Pts',(23.2865757354215,-21.7035539730685,9.38869154973066));
#5236=CARTESIAN_POINT('Ctrl Pts',(22.4849630983539,-21.6635420246603,10.2499441259155));
#5237=CARTESIAN_POINT('Ctrl Pts',(22.168259372832,-21.6418349431999,10.7661396106654));
#5238=CARTESIAN_POINT('Ctrl Pts',(21.7802931255391,-21.6009307350664,11.8253403287547));
#5239=CARTESIAN_POINT('Ctrl Pts',(21.6875000013333,-21.5820742150718,12.3492692533688));
#5240=CARTESIAN_POINT('Ctrl Pts',(21.6875000013333,-21.5643829357525,12.8768829371192));
#5241=CARTESIAN_POINT('Origin',(26.1875000013333,-25.8143829384525,12.8768829371192));
#5242=CARTESIAN_POINT('',(21.6875000013333,-20.5643829357525,12.8768829371192));
#5243=CARTESIAN_POINT('',(21.6875000013333,-20.8143829384525,12.8768829371192));
#5244=CARTESIAN_POINT('',(21.6875000013333,-25.8143829384525,12.8768829371192));
#5245=CARTESIAN_POINT('Ctrl Pts',(21.6875000013333,-20.8143829384525,12.8768829371192));
#5246=CARTESIAN_POINT('Ctrl Pts',(21.6875000013333,-20.825892138141,12.5336397416944));
#5247=CARTESIAN_POINT('Ctrl Pts',(21.7267699148475,-20.8379339822031,12.1907774233776));
#5248=CARTESIAN_POINT('Ctrl Pts',(21.9395030119445,-20.87148055373,11.2784223248595));
#5249=CARTESIAN_POINT('Ctrl Pts',(22.186438292081,-20.8931660650548,10.7339710984321));
#5250=CARTESIAN_POINT('Ctrl Pts',(22.8683463022886,-20.9344938200372,9.7838934487258));
#5251=CARTESIAN_POINT('Ctrl Pts',(23.2921450542622,-20.9533119012246,9.38399243804752));
#5252=CARTESIAN_POINT('Ctrl Pts',(24.2797317812968,-20.995112651692,8.75858367371924));
#5253=CARTESIAN_POINT('Ctrl Pts',(24.8370703968185,-21.0167848727734,8.54371820000191));
#5254=CARTESIAN_POINT('Ctrl Pts',(25.9892676452897,-21.0581888797451,8.3442799215495));
#5255=CARTESIAN_POINT('Ctrl Pts',(26.5722072392546,-21.076996406681,8.35628721828217));
#5256=CARTESIAN_POINT('Ctrl Pts',(27.7147190700472,-21.1187307752723,8.60289419944851));
#5257=CARTESIAN_POINT('Ctrl Pts',(28.2623048944386,-21.1403880641388,8.8402298736876));
#5258=CARTESIAN_POINT('Ctrl Pts',(29.2237512208078,-21.1818675543333,9.50561640583103));
#5259=CARTESIAN_POINT('Ctrl Pts',(29.6313103566082,-21.2006733941199,9.92316847151818));
#5260=CARTESIAN_POINT('Ctrl Pts',(30.2724464381205,-21.2423075941305,10.8992736329363));
#5261=CARTESIAN_POINT('Ctrl Pts',(30.496166568767,-21.2639148642165,11.4510074610006));
#5262=CARTESIAN_POINT('Ctrl Pts',(30.7160657204501,-21.3054556954937,12.5988101010686));
#5263=CARTESIAN_POINT('Ctrl Pts',(30.7142458901727,-21.3242810469416,13.1831564630527));
#5264=CARTESIAN_POINT('Ctrl Pts',(30.487104465582,-21.3658923024951,14.3300595449154));
#5265=CARTESIAN_POINT('Ctrl Pts',(30.2596636393212,-21.3875189452438,14.8808299788343));
#5266=CARTESIAN_POINT('Ctrl Pts',(29.6116629741752,-21.4291306279383,15.8534201938258));
#5267=CARTESIAN_POINT('Ctrl Pts',(29.2010702446206,-21.4479414675677,16.2684991840982));
#5268=CARTESIAN_POINT('Ctrl Pts',(28.2351614189748,-21.4894793283129,16.9273149720635));
#5269=CARTESIAN_POINT('Ctrl Pts',(27.686379176366,-21.5111237869514,17.1608384614571));
#5270=CARTESIAN_POINT('Ctrl Pts',(26.5423547303078,-21.5528049158089,17.399960406163));
#5271=CARTESIAN_POINT('Ctrl Pts',(25.9590224337118,-21.5716103568513,17.4081024547996));
#5272=CARTESIAN_POINT('Ctrl Pts',(24.8082707324119,-21.6130735439514,17.2009133480681));
#5273=CARTESIAN_POINT('Ctrl Pts',(24.252740195775,-21.6347342130703,16.9825145276709));
#5274=CARTESIAN_POINT('Ctrl Pts',(23.2693212574242,-21.6764831493543,16.3507744548293));
#5275=CARTESIAN_POINT('Ctrl Pts',(22.8479527639372,-21.6952922226293,15.9478949197181));
#5276=CARTESIAN_POINT('Ctrl Pts',(22.1724591662978,-21.7366797341184,14.9933781914757));
#5277=CARTESIAN_POINT('Ctrl Pts',(21.9292531523243,-21.758354979352,14.4476884216435));
#5278=CARTESIAN_POINT('Ctrl Pts',(21.7245950745136,-21.7915058555099,13.5437895123442));
#5279=CARTESIAN_POINT('Ctrl Pts',(21.6875000013333,-21.8031969687016,13.2104863244187));
#5280=CARTESIAN_POINT('Ctrl Pts',(21.6875000013333,-21.8143829384525,12.8768829371192));
#5281=CARTESIAN_POINT('Ctrl Pts',(21.6875000013333,-21.5643829357525,12.8768829371192));
#5282=CARTESIAN_POINT('Ctrl Pts',(21.6875000013333,-21.5627524779335,12.9255086945066));
#5283=CARTESIAN_POINT('Ctrl Pts',(21.6882881518628,-21.5611100484872,12.9741650236054));
#5284=CARTESIAN_POINT('Ctrl Pts',(21.7093230399492,-21.539082732472,13.622381026277));
#5285=CARTESIAN_POINT('Ctrl Pts',(21.8484646375979,-21.5173796559113,14.2120057126487));
#5286=CARTESIAN_POINT('Ctrl Pts',(22.3402298786507,-21.4746919676683,15.2814008779694));
#5287=CARTESIAN_POINT('Ctrl Pts',(22.6800481083549,-21.4545229759891,15.7545379665076));
#5288=CARTESIAN_POINT('Ctrl Pts',(23.5364539555009,-21.4145886500409,16.5622628254534));
#5289=CARTESIAN_POINT('Ctrl Pts',(24.050939955611,-21.3928895418795,16.8825195344638));
#5290=CARTESIAN_POINT('Ctrl Pts',(25.153884728385,-21.3501856095784,17.2944584317679));
#5291=CARTESIAN_POINT('Ctrl Pts',(25.7285643316485,-21.3299603491857,17.3904879862949));
#5292=CARTESIAN_POINT('Ctrl Pts',(26.9056794453033,-21.2900614243848,17.359572672505));
#5293=CARTESIAN_POINT('Ctrl Pts',(27.4965137566277,-21.2683662183947,17.2239180488967));
#5294=CARTESIAN_POINT('Ctrl Pts',(28.5693678652099,-21.2256472688,16.7382526182394));
#5295=CARTESIAN_POINT('Ctrl Pts',(29.0446837104244,-21.2053684014955,16.4010687747839));
#5296=CARTESIAN_POINT('Ctrl Pts',(29.8577462305106,-21.1655027110491,15.548920801673));
#5297=CARTESIAN_POINT('Ctrl Pts',(30.1811034252337,-21.1438113166885,15.0359491163805));
#5298=CARTESIAN_POINT('Ctrl Pts',(30.599359105612,-21.1010784923244,13.9347591819483));
#5299=CARTESIAN_POINT('Ctrl Pts',(30.6985689636918,-21.0807486953903,13.3603802340265));
#5300=CARTESIAN_POINT('Ctrl Pts',(30.6739909694326,-21.0409141587495,12.1825603890074));
#5301=CARTESIAN_POINT('Ctrl Pts',(30.541386206355,-21.0192264658973,11.5906868512267));
#5302=CARTESIAN_POINT('Ctrl Pts',(30.0610545838717,-20.9764808291368,10.5148275055623));
#5303=CARTESIAN_POINT('Ctrl Pts',(29.7261679326321,-20.9561027693505,10.0376108467702));
#5304=CARTESIAN_POINT('Ctrl Pts',(28.8777409736532,-20.91629739581,9.21990782111028));
#5305=CARTESIAN_POINT('Ctrl Pts',(28.3661020917555,-20.894613279123,8.89385694683983));
#5306=CARTESIAN_POINT('Ctrl Pts',(27.2664548739154,-20.8518558166698,8.47010287671769));
#5307=CARTESIAN_POINT('Ctrl Pts',(26.6923369642108,-20.8314321287122,8.36812528658778));
#5308=CARTESIAN_POINT('Ctrl Pts',(25.5139175034041,-20.7916540193324,8.3871929174891));
#5309=CARTESIAN_POINT('Ctrl Pts',(24.921153452764,-20.7699733419445,8.51714267891582));
#5310=CARTESIAN_POINT('Ctrl Pts',(23.8426930847605,-20.727204969022,8.99283188166741));
#5311=CARTESIAN_POINT('Ctrl Pts',(23.3638252418453,-20.7067382370131,9.32572384043396));
#5312=CARTESIAN_POINT('Ctrl Pts',(22.5421034646971,-20.6669855858185,10.1709138196805));
#5313=CARTESIAN_POINT('Ctrl Pts',(22.2137213051591,-20.6453082027058,10.681386233682));
#5314=CARTESIAN_POINT('Ctrl Pts',(21.7918141747831,-20.6031899913996,11.7627338513852));
#5315=CARTESIAN_POINT('Ctrl Pts',(21.6875000013333,-20.5831403285767,12.3174741489279));
#5316=CARTESIAN_POINT('Ctrl Pts',(21.6875000013333,-20.5643829357525,12.8768829371192));
#5317=CARTESIAN_POINT('Origin',(26.1875000013333,-25.8143829384525,12.8768829371192));
#5318=CARTESIAN_POINT('',(21.6875000013333,-19.5643829358003,12.876882936406));
#5319=CARTESIAN_POINT('',(21.6875000013333,-19.8143829384525,12.8768829371192));
#5320=CARTESIAN_POINT('',(21.6875000013333,-25.8143829384525,12.8768829371192));
#5321=CARTESIAN_POINT('Ctrl Pts',(21.6875000013333,-19.8143829384525,12.8768829371193));
#5322=CARTESIAN_POINT('Ctrl Pts',(21.6875000013333,-19.8289082082014,12.4436903487613));
#5323=CARTESIAN_POINT('Ctrl Pts',(21.75005050662,-19.8442508166852,12.0120312272503));
#5324=CARTESIAN_POINT('Ctrl Pts',(22.0434819013277,-19.8814450286701,11.0243175034338));
#5325=CARTESIAN_POINT('Ctrl Pts',(22.3248556683395,-19.9031825176867,10.4925810150961));
#5326=CARTESIAN_POINT('Ctrl Pts',(23.0658510817084,-19.9439088354766,9.584915057053));
#5327=CARTESIAN_POINT('Ctrl Pts',(23.5123830798564,-19.9630743200174,9.21279991298092));
#5328=CARTESIAN_POINT('Ctrl Pts',(24.5384090808182,-20.0053245436336,8.64782969854856));
#5329=CARTESIAN_POINT('Ctrl Pts',(25.1117319597807,-20.0270601320279,8.4669912039458));
#5330=CARTESIAN_POINT('Ctrl Pts',(26.2762932599928,-20.0678581270378,8.34103524823294));
#5331=CARTESIAN_POINT('Ctrl Pts',(26.855562334684,-20.08696051527,8.38962332229755));
#5332=CARTESIAN_POINT('Ctrl Pts',(27.9824385517843,-20.1291632572184,8.70770089569036));
#5333=CARTESIAN_POINT('Ctrl Pts',(28.5172747136618,-20.1508958185123,8.98123659278344));
#5334=CARTESIAN_POINT('Ctrl Pts',(29.4348260146602,-20.1917670142769,9.70879789134535));
#5335=CARTESIAN_POINT('Ctrl Pts',(29.8133178686748,-20.210810496944,10.1501011146982));
#5336=CARTESIAN_POINT('Ctrl Pts',(30.3923747094547,-20.2529631933584,11.1673836535369));
#5337=CARTESIAN_POINT('Ctrl Pts',(30.5811860091193,-20.2746914972694,11.7371868406298));
#5338=CARTESIAN_POINT('Ctrl Pts',(30.7241867111094,-20.3156371789186,12.8990924900221));
#5339=CARTESIAN_POINT('Ctrl Pts',(30.6840801048926,-20.3346266963995,13.4792035844834));
#5340=CARTESIAN_POINT('Ctrl Pts',(30.3826642546138,-20.3767267922473,14.6099200599774));
#5341=CARTESIAN_POINT('Ctrl Pts',(30.1175294727959,-20.39844951097,15.1479424561983));
#5342=CARTESIAN_POINT('Ctrl Pts',(29.4043723671426,-20.4394707043092,16.0759336034168));
#5343=CARTESIAN_POINT('Ctrl Pts',(28.9686341178694,-20.4584119317768,16.4612221579385));
#5344=CARTESIAN_POINT('Ctrl Pts',(27.9607253431851,-20.5004569035901,17.0551530960352));
#5345=CARTESIAN_POINT('Ctrl Pts',(27.394774113878,-20.522172620542,17.2523575833874));
#5346=CARTESIAN_POINT('Ctrl Pts',(26.2358193683188,-20.5632700737702,17.4134099511367));
#5347=CARTESIAN_POINT('Ctrl Pts',(25.6548100575227,-20.5821693902681,17.3822856932578));
#5348=CARTESIAN_POINT('Ctrl Pts',(24.5201689788327,-20.6241567707549,17.0984601792014));
#5349=CARTESIAN_POINT('Ctrl Pts',(23.9789236454076,-20.6458639920831,16.8422220684747));
#5350=CARTESIAN_POINT('Ctrl Pts',(23.0400467880113,-20.687038161474,16.1443311162023));
#5351=CARTESIAN_POINT('Ctrl Pts',(22.6475978252165,-20.7059026020798,15.7144473113934));
#5352=CARTESIAN_POINT('Ctrl Pts',(22.0381559939106,-20.7478300055537,14.7164696438744));
#5353=CARTESIAN_POINT('Ctrl Pts',(21.8322303876641,-20.7695271740192,14.1546839987804));
#5354=CARTESIAN_POINT('Ctrl Pts',(21.7053306746718,-20.7986194135384,13.3396187687468));
#5355=CARTESIAN_POINT('Ctrl Pts',(21.6875000013333,-20.8066276187733,13.108172755721));
#5356=CARTESIAN_POINT('Ctrl Pts',(21.6875000013333,-20.8143829384525,12.8768829371192));
#5357=CARTESIAN_POINT('Ctrl Pts',(21.6875000013333,-20.5643829357525,12.8768829371192));
#5358=CARTESIAN_POINT('Ctrl Pts',(21.6875000013333,-20.5637732699697,12.895065229294));
#5359=CARTESIAN_POINT('Ctrl Pts',(21.687610199826,-20.5631619116945,12.9132523515953));
#5360=CARTESIAN_POINT('Ctrl Pts',(21.6951189053988,-20.5422936041768,13.5325055357407));
#5361=CARTESIAN_POINT('Ctrl Pts',(21.8227668563272,-20.5206193649194,14.1260310207205));
#5362=CARTESIAN_POINT('Ctrl Pts',(22.2944317130677,-20.4778316526668,15.2067350915449));
#5363=CARTESIAN_POINT('Ctrl Pts',(22.6255980339112,-20.4572863119847,15.6870318828464));
#5364=CARTESIAN_POINT('Ctrl Pts',(23.4679833114816,-20.4175795297931,16.512222240621));
#5365=CARTESIAN_POINT('Ctrl Pts',(23.9774398096253,-20.3959082810698,16.8426153619744));
#5366=CARTESIAN_POINT('Ctrl Pts',(25.0745641210158,-20.3531120182429,17.2752538939869));
#5367=CARTESIAN_POINT('Ctrl Pts',(25.6482614524814,-20.3325309493101,17.3817028952816));
#5368=CARTESIAN_POINT('Ctrl Pts',(26.8276228280625,-20.2928447606178,17.371527537289));
#5369=CARTESIAN_POINT('Ctrl Pts',(27.4217982141771,-20.2711763481696,17.2458681167522));
#5370=CARTESIAN_POINT('Ctrl Pts',(28.5044322169879,-20.2283722062871,16.7776795946252));
#5371=CARTESIAN_POINT('Ctrl Pts',(28.9859615964153,-20.2077576710076,16.4480013630051));
#5372=CARTESIAN_POINT('Ctrl Pts',(29.8141369626326,-20.1680906339373,15.6080378501285));
#5373=CARTESIAN_POINT('Ctrl Pts',(30.1462597819328,-20.1464249043386,15.0994624152661));
#5374=CARTESIAN_POINT('Ctrl Pts',(30.5824447588383,-20.1036135038714,14.0033556338992));
#5375=CARTESIAN_POINT('Ctrl Pts',(30.6906784477179,-20.082967666247,13.429825796043));
#5376=CARTESIAN_POINT('Ctrl Pts',(30.6840486956274,-20.0433184248174,12.2500976745342));
#5377=CARTESIAN_POINT('Ctrl Pts',(30.5601019051506,-20.0216552267908,11.655368405478));
#5378=CARTESIAN_POINT('Ctrl Pts',(30.0949072261443,-19.9788371405865,10.5710784454819));
#5379=CARTESIAN_POINT('Ctrl Pts',(29.7665086739842,-19.9581620634507,10.088488857226));
#5380=CARTESIAN_POINT('Ctrl Pts',(28.9286300369808,-19.9185293448921,9.25775108822448));
#5381=CARTESIAN_POINT('Ctrl Pts',(28.4208159333537,-19.8968685305029,8.92414414780414));
#5382=CARTESIAN_POINT('Ctrl Pts',(27.3255879831135,-19.8540442873289,8.48491280998245));
#5383=CARTESIAN_POINT('Ctrl Pts',(26.7522018546946,-19.8333419311342,8.37514614270129));
#5384=CARTESIAN_POINT('Ctrl Pts',(25.5721628890732,-19.793724542524,8.3787320477351));
#5385=CARTESIAN_POINT('Ctrl Pts',(24.9769621490836,-19.7720659679884,8.50120771533494));
#5386=CARTESIAN_POINT('Ctrl Pts',(23.8912543097679,-19.729236055576,8.9638308178469));
#5387=CARTESIAN_POINT('Ctrl Pts',(23.4077550050852,-19.7085082779125,9.29113154796759));
#5388=CARTESIAN_POINT('Ctrl Pts',(22.574822356822,-19.6689051030238,10.1272199442242));
#5389=CARTESIAN_POINT('Ctrl Pts',(22.2399446864153,-19.6472486294626,10.6343782361117));
#5390=CARTESIAN_POINT('Ctrl Pts',(21.7985680609617,-19.6044586366538,11.7276961175877));
#5391=CARTESIAN_POINT('Ctrl Pts',(21.6875000015163,-19.5837380624707,12.2996477060423));
#5392=CARTESIAN_POINT('Ctrl Pts',(21.6875000013333,-19.5643829358003,12.8768829356928));
#5393=CARTESIAN_POINT('Origin',(26.1875000013333,-25.8143829384525,12.8768829371192));
#5394=CARTESIAN_POINT('',(21.6875000013333,-18.5643829357525,12.8768829371192));
#5395=CARTESIAN_POINT('',(21.6875000013333,-18.8143829384525,12.8768829371192));
#5396=CARTESIAN_POINT('',(21.6875000013333,-25.8143829384525,12.8768829371192));
#5397=CARTESIAN_POINT('',(26.1875000828333,-18.5643829357525,17.3768829371192));
#5398=CARTESIAN_POINT('Origin',(26.1875000013333,-18.5643829357525,12.8768829371192));
#5399=CARTESIAN_POINT('Ctrl Pts',(26.1875000828327,-18.5643829357197,17.3768829371192));
#5400=CARTESIAN_POINT('Ctrl Pts',(25.6325406943207,-18.5829911370023,17.3768829471701));
#5401=CARTESIAN_POINT('Ctrl Pts',(25.082290799574,-18.6028672377905,17.2742244290383));
#5402=CARTESIAN_POINT('Ctrl Pts',(24.0446714602439,-18.6432318567832,16.8730065437705));
#5403=CARTESIAN_POINT('Ctrl Pts',(23.5665956166796,-18.6633718763915,16.5771023178362));
#5404=CARTESIAN_POINT('Ctrl Pts',(22.7287624468089,-18.7020803415067,15.8128010328735));
#5405=CARTESIAN_POINT('Ctrl Pts',(22.3813906921606,-18.7219574445063,15.345904305919));
#5406=CARTESIAN_POINT('Ctrl Pts',(21.872238482547,-18.764551670611,14.2864984146618));
#5407=CARTESIAN_POINT('Ctrl Pts',(21.7231645589412,-18.7862729105869,13.700446137892));
#5408=CARTESIAN_POINT('Ctrl Pts',(21.6893817035906,-18.8093160102152,13.0272164189978));
#5409=CARTESIAN_POINT('Ctrl Pts',(21.6875000013333,-18.8118636272014,12.9520173050603));
#5410=CARTESIAN_POINT('Ctrl Pts',(21.6875000013333,-18.8143829384525,12.8768829371192));
#5411=CARTESIAN_POINT('Origin',(26.1875000013333,-25.3143829384525,12.8768829371192));
#5412=CARTESIAN_POINT('',(21.5290063540028,-25.4728765857822,12.8768829371192));
#5413=CARTESIAN_POINT('',(21.187500001332,-25.8143829384512,12.8768829371192));
#5414=CARTESIAN_POINT('',(21.6875000013333,-25.3143829384525,12.8768829371192));
#5415=CARTESIAN_POINT('Ctrl Pts',(21.5290063540028,-25.4728765857822,12.8768829371191));
#5416=CARTESIAN_POINT('Ctrl Pts',(21.5375079759504,-25.4643749638346,13.2909014279253));
#5417=CARTESIAN_POINT('Ctrl Pts',(21.6016568095788,-25.4553930484987,13.7031566779377));
#5418=CARTESIAN_POINT('Ctrl Pts',(21.892260994338,-25.4328578945327,14.6769599806855));
#5419=CARTESIAN_POINT('Ctrl Pts',(22.1738354146833,-25.4193085252964,15.2124543411368));
#5420=CARTESIAN_POINT('Ctrl Pts',(22.9278945388464,-25.3931495162789,16.1484279899532));
#5421=CARTESIAN_POINT('Ctrl Pts',(23.3947967988178,-25.3807650024452,16.5399713386514));
#5422=CARTESIAN_POINT('Ctrl Pts',(24.2666537634614,-25.3583929067699,17.0130903304509));
#5423=CARTESIAN_POINT('Ctrl Pts',(24.6291946555145,-25.3495282776965,17.1534541394626));
#5424=CARTESIAN_POINT('Ctrl Pts',(25.5022539668044,-25.329134184428,17.3685883402117));
#5425=CARTESIAN_POINT('Ctrl Pts',(25.9172902162585,-25.3201269590753,17.3826269525666));
#5426=CARTESIAN_POINT('Ctrl Pts',(26.1874999151421,-25.314382938573,17.3768829372397));
#5427=CARTESIAN_POINT('',(27.4065795661333,-25.8143829384525,17.7259905885192));
#5428=CARTESIAN_POINT('Ctrl Pts',(27.4065795660989,-25.8143829383772,17.7259905884343));
#5429=CARTESIAN_POINT('Ctrl Pts',(27.778830309526,-25.7844608607236,17.6015525049895));
#5430=CARTESIAN_POINT('Ctrl Pts',(28.1348359982042,-25.753861102899,17.4331309762506));
#5431=CARTESIAN_POINT('Ctrl Pts',(28.8004886384334,-25.6924087814784,17.0147033360275));
#5432=CARTESIAN_POINT('Ctrl Pts',(29.107582823446,-25.6617749041404,16.7659158898788));
#5433=CARTESIAN_POINT('Ctrl Pts',(29.5666836292495,-25.6119231900349,16.2926671487181));
#5434=CARTESIAN_POINT('Ctrl Pts',(29.7380772172903,-25.5921902477578,16.0852093475452));
#5435=CARTESIAN_POINT('Ctrl Pts',(30.1898131497884,-25.5300892952089,15.425927672508));
#5436=CARTESIAN_POINT('Ctrl Pts',(30.4118920469897,-25.4867372946705,14.9416295426517));
#5437=CARTESIAN_POINT('Ctrl Pts',(30.7167255807543,-25.3878758586785,13.7915954552459));
#5438=CARTESIAN_POINT('Ctrl Pts',(30.7169018235954,-25.3437847607145,13.2474882626456));
#5439=CARTESIAN_POINT('Ctrl Pts',(30.6875000013333,-25.3143829384525,12.8768829371192));
#5440=CARTESIAN_POINT('Origin',(26.1875000013333,-25.8143829384525,12.8768829371192));
#5441=CARTESIAN_POINT('Origin',(26.1875000013333,-15.8143829384525,12.8768829371192));
#5442=CARTESIAN_POINT('',(31.2287658763333,-18.7518829370525,12.8768829371192));
#5443=CARTESIAN_POINT('',(31.2287658763333,-18.6268829370525,12.8768829371192));
#5444=CARTESIAN_POINT('',(31.2287658763333,-15.8143829384525,12.8768829371192));
#5445=CARTESIAN_POINT('',(22.6227867153333,-18.2518829370525,9.3121696511192));
#5446=CARTESIAN_POINT('Ctrl Pts',(31.2287658763333,-18.6268829370525,12.8768829371192));
#5447=CARTESIAN_POINT('Ctrl Pts',(31.2287658763333,-18.5643829370525,10.7887222401192));
#5448=CARTESIAN_POINT('Ctrl Pts',(29.7522132873333,-18.5018829370525,9.3121696511192));
#5449=CARTESIAN_POINT('Ctrl Pts',(28.2756606983333,-18.4393829370525,7.8356170621192));
#5450=CARTESIAN_POINT('Ctrl Pts',(26.1875000013333,-18.3768829370525,7.8356170621192));
#5451=CARTESIAN_POINT('Ctrl Pts',(24.0993393043333,-18.3143829370525,7.8356170621192));
#5452=CARTESIAN_POINT('Ctrl Pts',(22.6227867153333,-18.2518829370525,9.3121696511192));
#5453=CARTESIAN_POINT('',(31.2287658763333,-18.2518829370525,12.8768829371192));
#5454=CARTESIAN_POINT('Origin',(26.1875000013333,-18.2518829370525,12.8768829371192));
#5455=CARTESIAN_POINT('',(31.2287658763333,-18.1268829370525,12.8768829371192));
#5456=CARTESIAN_POINT('',(31.2287658763333,-15.8143829384525,12.8768829371192));
#5457=CARTESIAN_POINT('',(21.1462341263333,-18.1268829370525,12.8768829371192));
#5458=CARTESIAN_POINT('Origin',(26.1875000013333,-18.1268829370525,12.8768829371192));
#5459=CARTESIAN_POINT('Origin',(26.1875000013333,-18.1268829370525,12.8768829371192));
#5460=CARTESIAN_POINT('',(21.1462341263333,-18.2518829370525,12.8768829371192));
#5461=CARTESIAN_POINT('Origin',(26.1875000013333,-18.2518829370525,12.8768829371192));
#5462=CARTESIAN_POINT('Ctrl Pts',(31.2287658763333,-18.7518829370525,12.8768829371192));
#5463=CARTESIAN_POINT('Ctrl Pts',(31.2287658763333,-18.7505144171585,12.8311599058292));
#5464=CARTESIAN_POINT('Ctrl Pts',(31.2281438339316,-18.7491374354206,12.7854118178977));
#5465=CARTESIAN_POINT('Ctrl Pts',(31.2085965824898,-18.7274105698195,12.0676015654633));
#5466=CARTESIAN_POINT('Ctrl Pts',(31.0560442484434,-18.7057163985314,11.4059761576666));
#5467=CARTESIAN_POINT('Ctrl Pts',(30.5110037135188,-18.6630072340839,10.2048017613663));
#5468=CARTESIAN_POINT('Ctrl Pts',(30.1328877689837,-18.642747004039,9.67273982563902));
#5469=CARTESIAN_POINT('Ctrl Pts',(29.1776795205833,-18.6028762126968,8.76282837716166));
#5470=CARTESIAN_POINT('Ctrl Pts',(28.6028339771536,-18.5811859980202,8.40109005979578));
#5471=CARTESIAN_POINT('Ctrl Pts',(27.3690761246502,-18.5384621492157,7.93352850429449));
#5472=CARTESIAN_POINT('Ctrl Pts',(26.7256547980764,-18.5181484501833,7.82285725044706));
#5473=CARTESIAN_POINT('Ctrl Pts',(25.4064143667717,-18.4783104686966,7.85127081484171));
#5474=CARTESIAN_POINT('Ctrl Pts',(24.7435574048663,-18.4566241081839,8.0002198951142));
#5475=CARTESIAN_POINT('Ctrl Pts',(23.5388292515384,-18.413886703355,8.53895877796696));
#5476=CARTESIAN_POINT('Ctrl Pts',(23.0045208461288,-18.3935222740242,8.91435935418738));
#5477=CARTESIAN_POINT('Ctrl Pts',(22.0891217481698,-18.3537150192394,9.86517175108559));
#5478=CARTESIAN_POINT('Ctrl Pts',(21.7241979246266,-18.3320323921592,10.4384443087239));
#5479=CARTESIAN_POINT('Ctrl Pts',(21.2602576015241,-18.2901951647744,11.6440795967728));
#5480=CARTESIAN_POINT('Ctrl Pts',(21.1462341263333,-18.2704113495004,12.2578380946951));
#5481=CARTESIAN_POINT('Ctrl Pts',(21.1462341263333,-18.2518829370525,12.8768829371192));
#5482=CARTESIAN_POINT('Origin',(26.1875000013333,-15.8143829384525,12.8768829371192));
#5483=CARTESIAN_POINT('',(31.2287658763333,-19.7518829370525,12.8768829371192));
#5484=CARTESIAN_POINT('',(31.2287658763333,-19.6268829370525,12.8768829371192));
#5485=CARTESIAN_POINT('',(31.2287658763333,-15.8143829384525,12.8768829371192));
#5486=CARTESIAN_POINT('Ctrl Pts',(31.2287658763333,-19.6268829370525,12.8768829371192));
#5487=CARTESIAN_POINT('Ctrl Pts',(31.2287658763333,-19.5643829370525,10.7887222401192));
#5488=CARTESIAN_POINT('Ctrl Pts',(29.7522132873333,-19.5018829370525,9.3121696511192));
#5489=CARTESIAN_POINT('Ctrl Pts',(28.2756606983333,-19.4393829370525,7.8356170621192));
#5490=CARTESIAN_POINT('Ctrl Pts',(26.1875000013333,-19.3768829370525,7.8356170621192));
#5491=CARTESIAN_POINT('Ctrl Pts',(24.0993393043333,-19.3143829370525,7.8356170621192));
#5492=CARTESIAN_POINT('Ctrl Pts',(22.6227867153333,-19.2518829370525,9.3121696511192));
#5493=CARTESIAN_POINT('Ctrl Pts',(21.1462341263333,-19.1893829370525,10.7887222401192));
#5494=CARTESIAN_POINT('Ctrl Pts',(21.1462341263333,-19.1268829370525,12.8768829371192));
#5495=CARTESIAN_POINT('Ctrl Pts',(21.1462341263333,-19.0643829370525,14.9650436341192));
#5496=CARTESIAN_POINT('Ctrl Pts',(22.6227867153333,-19.0018829370525,16.4415962231192));
#5497=CARTESIAN_POINT('Ctrl Pts',(24.0993393043333,-18.9393829370525,17.9181488121192));
#5498=CARTESIAN_POINT('Ctrl Pts',(26.1875000013333,-18.8768829370525,17.9181488121192));
#5499=CARTESIAN_POINT('Ctrl Pts',(28.2756606983333,-18.8143829370525,17.9181488121192));
#5500=CARTESIAN_POINT('Ctrl Pts',(29.7522132873333,-18.7518829370525,16.4415962231192));
#5501=CARTESIAN_POINT('Ctrl Pts',(31.2287658763333,-18.6893829370525,14.9650436341192));
#5502=CARTESIAN_POINT('Ctrl Pts',(31.2287658763333,-18.6268829370525,12.8768829371192));
#5503=CARTESIAN_POINT('Ctrl Pts',(31.2287658763333,-19.7518829370525,12.8768829371192));
#5504=CARTESIAN_POINT('Ctrl Pts',(31.2287658763333,-19.7489166549935,12.7777777593319));
#5505=CARTESIAN_POINT('Ctrl Pts',(31.2258434893913,-19.7459113140239,12.6785780933356));
#5506=CARTESIAN_POINT('Ctrl Pts',(31.180439123832,-19.7223577555367,11.9104473555898));
#5507=CARTESIAN_POINT('Ctrl Pts',(31.0079044884516,-19.7006322502372,11.256052000783));
#5508=CARTESIAN_POINT('Ctrl Pts',(30.427879200949,-19.6580921613353,10.075017674022));
#5509=CARTESIAN_POINT('Ctrl Pts',(30.0345481957891,-19.6383504045169,9.55552172273206));
#5510=CARTESIAN_POINT('Ctrl Pts',(29.0548918446202,-19.5981327037572,8.6766514139436));
#5511=CARTESIAN_POINT('Ctrl Pts',(28.471503394385,-19.5764106356707,8.33296819391923));
#5512=CARTESIAN_POINT('Ctrl Pts',(27.2278115508838,-19.5338434718773,7.90202766696761));
#5513=CARTESIAN_POINT('Ctrl Pts',(26.5826341987028,-19.5140295364209,7.80980761000788));
#5514=CARTESIAN_POINT('Ctrl Pts',(25.2677059008197,-19.4738639601237,7.87505546608166));
#5515=CARTESIAN_POINT('Ctrl Pts',(24.6110997664146,-19.452145587562,8.0416774789179));
#5516=CARTESIAN_POINT('Ctrl Pts',(23.4240285263681,-19.409553252331,8.61134257066183));
#5517=CARTESIAN_POINT('Ctrl Pts',(22.9007941538416,-19.3896687689609,9.0001421565762));
#5518=CARTESIAN_POINT('Ctrl Pts',(22.0126284030561,-19.3495527368048,9.97255140350478));
#5519=CARTESIAN_POINT('Ctrl Pts',(21.6635328861767,-19.3278382479089,10.5534447818932));
#5520=CARTESIAN_POINT('Ctrl Pts',(21.221652005922,-19.2852225397968,11.7942268760857));
#5521=CARTESIAN_POINT('Ctrl Pts',(21.1239161959452,-19.2652694413485,12.4388765722979));
#5522=CARTESIAN_POINT('Ctrl Pts',(21.1781368863891,-19.2252003938808,13.7551473884027));
#5523=CARTESIAN_POINT('Ctrl Pts',(21.3394815872618,-19.2034899144947,14.4136757414872));
#5524=CARTESIAN_POINT('Ctrl Pts',(21.8999063012587,-19.1608525279563,15.6060796612298));
#5525=CARTESIAN_POINT('Ctrl Pts',(22.2846828537189,-19.1408329946177,16.1326359664548));
#5526=CARTESIAN_POINT('Ctrl Pts',(23.2506332175226,-19.1008084091277,17.0290187291995));
#5527=CARTESIAN_POINT('Ctrl Pts',(23.8292760748829,-19.079102010305,17.3828949371026));
#5528=CARTESIAN_POINT('Ctrl Pts',(25.0674399653191,-19.0364445372186,17.8344654938012));
#5529=CARTESIAN_POINT('Ctrl Pts',(25.7116245684219,-19.0163609452416,17.9370837059864));
#5530=CARTESIAN_POINT('Ctrl Pts',(27.0290455917644,-18.9763783495597,17.892613084472));
#5531=CARTESIAN_POINT('Ctrl Pts',(27.6892373324152,-18.9546760549449,17.7359443421399));
#5532=CARTESIAN_POINT('Ctrl Pts',(28.8863231591258,-18.9119999872923,17.183702722946));
#5533=CARTESIAN_POINT('Ctrl Pts',(29.415811819226,-18.8918548619027,16.8024747324222));
#5534=CARTESIAN_POINT('Ctrl Pts',(30.3194141201011,-18.8519118460125,15.8422400861334));
#5535=CARTESIAN_POINT('Ctrl Pts',(30.6774874079041,-18.8302136386227,15.2656093966396));
#5536=CARTESIAN_POINT('Ctrl Pts',(31.1216121866757,-18.7890025797331,14.0726868884321));
#5537=CARTESIAN_POINT('Ctrl Pts',(31.2287658763333,-18.7698442996506,13.4769823201904));
#5538=CARTESIAN_POINT('Ctrl Pts',(31.2287658763333,-18.7518829370525,12.8768829371192));
#5539=CARTESIAN_POINT('Origin',(26.1875000013333,-15.8143829384525,12.8768829371192));
#5540=CARTESIAN_POINT('',(31.2287658763333,-20.7518829370525,12.8768829371192));
#5541=CARTESIAN_POINT('',(31.2287658763333,-20.6268829370525,12.8768829371192));
#5542=CARTESIAN_POINT('',(31.2287658763333,-15.8143829384525,12.8768829371192));
#5543=CARTESIAN_POINT('Ctrl Pts',(31.2287658763333,-20.6268829370525,12.8768829371192));
#5544=CARTESIAN_POINT('Ctrl Pts',(31.2287658763333,-20.5643829370525,10.7887222401192));
#5545=CARTESIAN_POINT('Ctrl Pts',(29.7522132873333,-20.5018829370525,9.3121696511192));
#5546=CARTESIAN_POINT('Ctrl Pts',(28.2756606983333,-20.4393829370525,7.8356170621192));
#5547=CARTESIAN_POINT('Ctrl Pts',(26.1875000013333,-20.3768829370525,7.8356170621192));
#5548=CARTESIAN_POINT('Ctrl Pts',(24.0993393043333,-20.3143829370525,7.8356170621192));
#5549=CARTESIAN_POINT('Ctrl Pts',(22.6227867153333,-20.2518829370525,9.3121696511192));
#5550=CARTESIAN_POINT('Ctrl Pts',(21.1462341263333,-20.1893829370525,10.7887222401192));
#5551=CARTESIAN_POINT('Ctrl Pts',(21.1462341263333,-20.1268829370525,12.8768829371192));
#5552=CARTESIAN_POINT('Ctrl Pts',(21.1462341263333,-20.0643829370525,14.9650436341192));
#5553=CARTESIAN_POINT('Ctrl Pts',(22.6227867153333,-20.0018829370525,16.4415962231192));
#5554=CARTESIAN_POINT('Ctrl Pts',(24.0993393043333,-19.9393829370525,17.9181488121192));
#5555=CARTESIAN_POINT('Ctrl Pts',(26.1875000013333,-19.8768829370525,17.9181488121192));
#5556=CARTESIAN_POINT('Ctrl Pts',(28.2756606983333,-19.8143829370525,17.9181488121192));
#5557=CARTESIAN_POINT('Ctrl Pts',(29.7522132873333,-19.7518829370525,16.4415962231192));
#5558=CARTESIAN_POINT('Ctrl Pts',(31.2287658763333,-19.6893829370525,14.9650436341192));
#5559=CARTESIAN_POINT('Ctrl Pts',(31.2287658763333,-19.6268829370525,12.8768829371192));
#5560=CARTESIAN_POINT('Ctrl Pts',(31.2287658763333,-20.7518829370525,12.8768829371191));
#5561=CARTESIAN_POINT('Ctrl Pts',(31.2287658763333,-20.7464578505399,12.6956276981843));
#5562=CARTESIAN_POINT('Ctrl Pts',(31.2189908678724,-20.7409056636415,12.5141749038378));
#5563=CARTESIAN_POINT('Ctrl Pts',(31.1274734997428,-20.7145150722262,11.6703579066231));
#5564=CARTESIAN_POINT('Ctrl Pts',(30.9247423725279,-20.6927821454678,11.0282223930682));
#5565=CARTESIAN_POINT('Ctrl Pts',(30.2916276935495,-20.6505387815514,9.87909216352827));
#5566=CARTESIAN_POINT('Ctrl Pts',(29.8747003941589,-20.6313776471786,9.37900407534981));
#5567=CARTESIAN_POINT('Ctrl Pts',(28.8578365075432,-20.5906544148993,8.54918440265104));
#5568=CARTESIAN_POINT('Ctrl Pts',(28.2621706799933,-20.5689195057849,8.23410563286299));
#5569=CARTESIAN_POINT('Ctrl Pts',(27.0040148979302,-20.52663049959,7.86052040502367));
#5570=CARTESIAN_POINT('Ctrl Pts',(26.3560222150864,-20.5074019749883,7.79729867431113));
#5571=CARTESIAN_POINT('Ctrl Pts',(25.0489144129212,-20.4667496958875,7.92068444906588));
#5572=CARTESIAN_POINT('Ctrl Pts',(24.403158968177,-20.4450138546713,8.11491137020418));
#5573=CARTESIAN_POINT('Ctrl Pts',(23.2448564028614,-20.4026817772574,8.73303772500022));
#5574=CARTESIAN_POINT('Ctrl Pts',(22.739244041905,-20.3833830257302,9.14323618066595));
#5575=CARTESIAN_POINT('Ctrl Pts',(21.8953305795992,-20.3427997548898,10.1495860368873));
#5576=CARTESIAN_POINT('Ctrl Pts',(21.5720284313594,-20.3210639198482,10.7418765653055));
#5577=CARTESIAN_POINT('Ctrl Pts',(21.182028369417,-20.2786912945131,11.9960268636857));
#5578=CARTESIAN_POINT('Ctrl Pts',(21.1104903410869,-20.2593202107803,12.6432049346533));
#5579=CARTESIAN_POINT('Ctrl Pts',(21.2171807346202,-20.2188038331136,13.9526876456048));
#5580=CARTESIAN_POINT('Ctrl Pts',(21.4035206083419,-20.1970688312449,14.6016819692682));
#5581=CARTESIAN_POINT('Ctrl Pts',(22.0077745191514,-20.1546581188106,15.7683579299791));
#5582=CARTESIAN_POINT('Ctrl Pts',(22.4117933152333,-20.1352132917984,16.2790508231788));
#5583=CARTESIAN_POINT('Ctrl Pts',(23.4084176640291,-20.0947615493616,17.1358346230184));
#5584=CARTESIAN_POINT('Ctrl Pts',(23.9975187973607,-20.0730280988247,17.4666443173761));
#5585=CARTESIAN_POINT('Ctrl Pts',(25.2479063112143,-20.0305816850885,17.871680335906));
#5586=CARTESIAN_POINT('Ctrl Pts',(25.894344579237,-20.0110623519706,17.9508229551512));
#5587=CARTESIAN_POINT('Ctrl Pts',(27.2059055993634,-19.9706728712763,17.8593855858679));
#5588=CARTESIAN_POINT('Ctrl Pts',(27.8577725596818,-19.948941585652,17.6802806237417));
#5589=CARTESIAN_POINT('Ctrl Pts',(29.0320198404453,-19.906461771519,17.0887317359225));
#5590=CARTESIAN_POINT('Ctrl Pts',(29.5473396833884,-19.8868677653294,16.6903336126765));
#5591=CARTESIAN_POINT('Ctrl Pts',(30.4157666217053,-19.8465380838599,15.7026101363626));
#5592=CARTESIAN_POINT('Ctrl Pts',(30.7533647548791,-19.8248094775269,15.1164827140738));
#5593=CARTESIAN_POINT('Ctrl Pts',(31.1404185079486,-19.7855092848638,13.9637637449925));
#5594=CARTESIAN_POINT('Ctrl Pts',(31.2287658763333,-19.7681921816825,13.4217841152657));
#5595=CARTESIAN_POINT('Ctrl Pts',(31.2287658763333,-19.7518829370525,12.8768829371192));
#5596=CARTESIAN_POINT('Origin',(26.1875000013333,-15.8143829384525,12.8768829371192));
#5597=CARTESIAN_POINT('',(31.2287658763333,-21.7518829370525,12.8768829371192));
#5598=CARTESIAN_POINT('',(31.2287658763333,-21.6268829370525,12.8768829371192));
#5599=CARTESIAN_POINT('',(31.2287658763333,-15.8143829384525,12.8768829371192));
#5600=CARTESIAN_POINT('Ctrl Pts',(31.2287658763333,-21.6268829370525,12.8768829371192));
#5601=CARTESIAN_POINT('Ctrl Pts',(31.2287658763333,-21.5643829370525,10.7887222401192));
#5602=CARTESIAN_POINT('Ctrl Pts',(29.7522132873333,-21.5018829370525,9.3121696511192));
#5603=CARTESIAN_POINT('Ctrl Pts',(28.2756606983333,-21.4393829370525,7.8356170621192));
#5604=CARTESIAN_POINT('Ctrl Pts',(26.1875000013333,-21.3768829370525,7.8356170621192));
#5605=CARTESIAN_POINT('Ctrl Pts',(24.0993393043333,-21.3143829370525,7.8356170621192));
#5606=CARTESIAN_POINT('Ctrl Pts',(22.6227867153333,-21.2518829370525,9.3121696511192));
#5607=CARTESIAN_POINT('Ctrl Pts',(21.1462341263333,-21.1893829370525,10.7887222401192));
#5608=CARTESIAN_POINT('Ctrl Pts',(21.1462341263333,-21.1268829370525,12.8768829371192));
#5609=CARTESIAN_POINT('Ctrl Pts',(21.1462341263333,-21.0643829370525,14.9650436341192));
#5610=CARTESIAN_POINT('Ctrl Pts',(22.6227867153333,-21.0018829370525,16.4415962231192));
#5611=CARTESIAN_POINT('Ctrl Pts',(24.0993393043333,-20.9393829370525,17.9181488121192));
#5612=CARTESIAN_POINT('Ctrl Pts',(26.1875000013333,-20.8768829370525,17.9181488121192));
#5613=CARTESIAN_POINT('Ctrl Pts',(28.2756606983333,-20.8143829370525,17.9181488121192));
#5614=CARTESIAN_POINT('Ctrl Pts',(29.7522132873333,-20.7518829370525,16.4415962231192));
#5615=CARTESIAN_POINT('Ctrl Pts',(31.2287658763333,-20.6893829370525,14.9650436341192));
#5616=CARTESIAN_POINT('Ctrl Pts',(31.2287658763333,-20.6268829370525,12.8768829371192));
#5617=CARTESIAN_POINT('Ctrl Pts',(31.2287658763333,-21.7518829370525,12.8768829371192));
#5618=CARTESIAN_POINT('Ctrl Pts',(31.2287658763333,-21.7432162679278,12.5873245716789));
#5619=CARTESIAN_POINT('Ctrl Pts',(31.2038197664691,-21.734237030414,12.2976561348593));
#5620=CARTESIAN_POINT('Ctrl Pts',(31.040075018407,-21.7040933757598,11.3583647115575));
#5621=CARTESIAN_POINT('Ctrl Pts',(30.7987057000196,-21.6824258281367,10.7344180150324));
#5622=CARTESIAN_POINT('Ctrl Pts',(30.0969521085116,-21.6406391798784,9.62897808499243));
#5623=CARTESIAN_POINT('Ctrl Pts',(29.6484501190743,-21.6218251780259,9.15471596982131));
#5624=CARTESIAN_POINT('Ctrl Pts',(28.5834168236608,-21.5804927721988,8.39205144420563));
#5625=CARTESIAN_POINT('Ctrl Pts',(27.9733318620358,-21.5588115457642,8.11611360201814));
#5626=CARTESIAN_POINT('Ctrl Pts',(26.6976797992456,-21.5169594842973,7.82001220501677));
#5627=CARTESIAN_POINT('Ctrl Pts',(26.0457418004432,-21.4981272278812,7.79631894659862));
#5628=CARTESIAN_POINT('Ctrl Pts',(24.7514003642151,-21.4568723863001,7.99912829799095));
#5629=CARTESIAN_POINT('Ctrl Pts',(24.1223951791339,-21.4351791517271,8.23035726056011));
#5630=CARTESIAN_POINT('Ctrl Pts',(23.0051527091786,-21.3932638400281,8.91399502597289));
#5631=CARTESIAN_POINT('Ctrl Pts',(22.5239828468288,-21.3744049403387,9.35403503497337));
#5632=CARTESIAN_POINT('Ctrl Pts',(21.7431647323004,-21.3332278684714,10.4063590713534));
#5633=CARTESIAN_POINT('Ctrl Pts',(21.4566609427362,-21.3115242694531,11.0128149550663));
#5634=CARTESIAN_POINT('Ctrl Pts',(21.1397334062809,-21.269548011674,12.283990018155));
#5635=CARTESIAN_POINT('Ctrl Pts',(21.105363751151,-21.2506545937075,12.9348516535159));
#5636=CARTESIAN_POINT('Ctrl Pts',(21.2867260472809,-21.2095551806094,14.2328837965014));
#5637=CARTESIAN_POINT('Ctrl Pts',(21.508054097458,-21.1878428147933,14.8666292595315));
#5638=CARTESIAN_POINT('Ctrl Pts',(22.1740795944609,-21.1458080292867,15.9951586580839));
#5639=CARTESIAN_POINT('Ctrl Pts',(22.6059836854309,-21.1268728167374,16.4829786346558));
#5640=CARTESIAN_POINT('Ctrl Pts',(23.6459462628901,-21.0858506402879,17.2811460472577));
#5641=CARTESIAN_POINT('Ctrl Pts',(24.2487486954835,-21.0641310420482,17.5777605493217));
#5642=CARTESIAN_POINT('Ctrl Pts',(25.5154723593696,-21.0220402341148,17.9146743586082));
#5643=CARTESIAN_POINT('Ctrl Pts',(26.1653118520894,-21.0030566181449,17.959251296393));
#5644=CARTESIAN_POINT('Ctrl Pts',(27.4667040879384,-20.9621109552478,17.7984025123281));
#5645=CARTESIAN_POINT('Ctrl Pts',(28.1048337306186,-20.940385581039,17.5866095478741));
#5646=CARTESIAN_POINT('Ctrl Pts',(29.2440208485691,-20.89824131652,16.9374834566208));
#5647=CARTESIAN_POINT('Ctrl Pts',(29.7381650385489,-20.8792034074008,16.5133054869254));
#5648=CARTESIAN_POINT('Ctrl Pts',(30.5527084567345,-20.8383332483377,15.485205060764));
#5649=CARTESIAN_POINT('Ctrl Pts',(30.858874111518,-20.8166034644516,14.8860185369));
#5650=CARTESIAN_POINT('Ctrl Pts',(31.1653674675536,-20.7802611498984,13.798754755774));
#5651=CARTESIAN_POINT('Ctrl Pts',(31.2287658763333,-20.765698928731,13.3384831101292));
#5652=CARTESIAN_POINT('Ctrl Pts',(31.2287658763333,-20.7518829370525,12.8768829371191));
#5653=CARTESIAN_POINT('Origin',(26.1875000013333,-15.8143829384525,12.8768829371192));
#5654=CARTESIAN_POINT('',(31.2287658763333,-22.7518829370525,12.8768829371192));
#5655=CARTESIAN_POINT('',(31.2287658763333,-22.6268829370525,12.8768829371192));
#5656=CARTESIAN_POINT('',(31.2287658763333,-15.8143829384525,12.8768829371192));
#5657=CARTESIAN_POINT('Ctrl Pts',(31.2287658763333,-22.6268829370525,12.8768829371192));
#5658=CARTESIAN_POINT('Ctrl Pts',(31.2287658763333,-22.5643829370525,10.7887222401192));
#5659=CARTESIAN_POINT('Ctrl Pts',(29.7522132873333,-22.5018829370525,9.3121696511192));
#5660=CARTESIAN_POINT('Ctrl Pts',(28.2756606983333,-22.4393829370525,7.8356170621192));
#5661=CARTESIAN_POINT('Ctrl Pts',(26.1875000013333,-22.3768829370525,7.8356170621192));
#5662=CARTESIAN_POINT('Ctrl Pts',(24.0993393043333,-22.3143829370525,7.8356170621192));
#5663=CARTESIAN_POINT('Ctrl Pts',(22.6227867153333,-22.2518829370525,9.3121696511192));
#5664=CARTESIAN_POINT('Ctrl Pts',(21.1462341263333,-22.1893829370525,10.7887222401192));
#5665=CARTESIAN_POINT('Ctrl Pts',(21.1462341263333,-22.1268829370525,12.8768829371192));
#5666=CARTESIAN_POINT('Ctrl Pts',(21.1462341263333,-22.0643829370525,14.9650436341192));
#5667=CARTESIAN_POINT('Ctrl Pts',(22.6227867153333,-22.0018829370525,16.4415962231192));
#5668=CARTESIAN_POINT('Ctrl Pts',(24.0993393043333,-21.9393829370525,17.9181488121192));
#5669=CARTESIAN_POINT('Ctrl Pts',(26.1875000013333,-21.8768829370525,17.9181488121192));
#5670=CARTESIAN_POINT('Ctrl Pts',(28.2756606983333,-21.8143829370525,17.9181488121192));
#5671=CARTESIAN_POINT('Ctrl Pts',(29.7522132873333,-21.7518829370525,16.4415962231192));
#5672=CARTESIAN_POINT('Ctrl Pts',(31.2287658763333,-21.6893829370525,14.9650436341192));
#5673=CARTESIAN_POINT('Ctrl Pts',(31.2287658763333,-21.6268829370525,12.8768829371192));
#5674=CARTESIAN_POINT('Ctrl Pts',(31.2287658763333,-22.7518829370525,12.8768829371192));
#5675=CARTESIAN_POINT('Ctrl Pts',(31.2287658763333,-22.7398034906317,12.4733017330009));
#5676=CARTESIAN_POINT('Ctrl Pts',(31.1803040084823,-22.7271412377202,12.0703221940457));
#5677=CARTESIAN_POINT('Ctrl Pts',(30.9257324728777,-22.6929010786187,11.0317859045978));
#5678=CARTESIAN_POINT('Ctrl Pts',(30.6417931471919,-22.6712023817439,10.4244315681534));
#5679=CARTESIAN_POINT('Ctrl Pts',(29.8653786148257,-22.6299869980622,9.36900348823999));
#5680=CARTESIAN_POINT('Ctrl Pts',(29.3858889760303,-22.611142239991,8.92690614708473));
#5681=CARTESIAN_POINT('Ctrl Pts',(28.2715103185413,-22.5692578028702,8.23884487957505));
#5682=CARTESIAN_POINT('Ctrl Pts',(27.6437232016651,-22.5475702754309,8.00513557998115));
#5683=CARTESIAN_POINT('Ctrl Pts',(26.3503395540986,-22.5062771835417,7.79692864338215));
#5684=CARTESIAN_POINT('Ctrl Pts',(25.6981295101918,-22.4874549951522,7.81793364375514));
#5685=CARTESIAN_POINT('Ctrl Pts',(24.421378785378,-22.4456348929881,8.10880479155197));
#5686=CARTESIAN_POINT('Ctrl Pts',(23.810410998423,-22.4239601944954,8.38208476040774));
#5687=CARTESIAN_POINT('Ctrl Pts',(22.7422135482114,-22.3825897562209,9.14017804869679));
#5688=CARTESIAN_POINT('Ctrl Pts',(22.2915886165128,-22.3637815315141,9.61270834931285));
#5689=CARTESIAN_POINT('Ctrl Pts',(21.5853227359534,-22.322027847871,10.7151778608148));
#5690=CARTESIAN_POINT('Ctrl Pts',(21.3414351375076,-22.3003676546613,11.3378357360256));
#5691=CARTESIAN_POINT('Ctrl Pts',(21.1109686797364,-22.2589205467956,12.627144949755));
#5692=CARTESIAN_POINT('Ctrl Pts',(21.1208791383246,-22.2401173191952,13.2804813295754));
#5693=CARTESIAN_POINT('Ctrl Pts',(21.3902271395865,-22.1984319574672,14.5616454786522));
#5694=CARTESIAN_POINT('Ctrl Pts',(21.652553478412,-22.1767879414349,15.1761252891915));
#5695=CARTESIAN_POINT('Ctrl Pts',(22.3917837230202,-22.1352651484471,16.2572263259296));
#5696=CARTESIAN_POINT('Ctrl Pts',(22.8571977654078,-22.1164577073588,16.716579563527));
#5697=CARTESIAN_POINT('Ctrl Pts',(23.9474179577243,-22.0748423664442,17.4412591570055));
#5698=CARTESIAN_POINT('Ctrl Pts',(24.5646970472928,-22.053216172924,17.6953898770051));
#5699=CARTESIAN_POINT('Ctrl Pts',(25.8493927567731,-22.0116277421029,17.9483934648598));
#5700=CARTESIAN_POINT('Ctrl Pts',(26.5035941964709,-21.9928145966927,17.9498130682632));
#5701=CARTESIAN_POINT('Ctrl Pts',(27.7896526567998,-21.9512538693807,17.7023340233048));
#5702=CARTESIAN_POINT('Ctrl Pts',(28.4082759856841,-21.9296186941346,17.4507241227257));
#5703=CARTESIAN_POINT('Ctrl Pts',(29.5015360111648,-21.8879686653492,16.7305854018582));
#5704=CARTESIAN_POINT('Ctrl Pts',(29.9687124505127,-21.8691644612164,16.2733944259877));
#5705=CARTESIAN_POINT('Ctrl Pts',(30.7126257947711,-21.8276788056018,15.1954739740304));
#5706=CARTESIAN_POINT('Ctrl Pts',(30.9776693153403,-21.8060266135784,14.5818464928932));
#5707=CARTESIAN_POINT('Ctrl Pts',(31.1913256473162,-21.7735761456269,13.586157175045));
#5708=CARTESIAN_POINT('Ctrl Pts',(31.2287658763333,-21.7625003471349,13.2316166721266));
#5709=CARTESIAN_POINT('Ctrl Pts',(31.2287658763333,-21.7518829370525,12.8768829371192));
#5710=CARTESIAN_POINT('Origin',(26.1875000013333,-15.8143829384525,12.8768829371192));
#5711=CARTESIAN_POINT('',(31.2287658763333,-23.7518829370525,12.8768829371192));
#5712=CARTESIAN_POINT('',(31.2287658763333,-23.6268829370525,12.8768829371192));
#5713=CARTESIAN_POINT('',(31.2287658763333,-15.8143829384525,12.8768829371192));
#5714=CARTESIAN_POINT('Ctrl Pts',(31.2287658763333,-23.6268829370525,12.8768829371192));
#5715=CARTESIAN_POINT('Ctrl Pts',(31.2287658763333,-23.5643829370525,10.7887222401192));
#5716=CARTESIAN_POINT('Ctrl Pts',(29.7522132873333,-23.5018829370525,9.3121696511192));
#5717=CARTESIAN_POINT('Ctrl Pts',(28.2756606983333,-23.4393829370525,7.8356170621192));
#5718=CARTESIAN_POINT('Ctrl Pts',(26.1875000013333,-23.3768829370525,7.8356170621192));
#5719=CARTESIAN_POINT('Ctrl Pts',(24.0993393043333,-23.3143829370525,7.8356170621192));
#5720=CARTESIAN_POINT('Ctrl Pts',(22.6227867153333,-23.2518829370525,9.3121696511192));
#5721=CARTESIAN_POINT('Ctrl Pts',(21.1462341263333,-23.1893829370525,10.7887222401192));
#5722=CARTESIAN_POINT('Ctrl Pts',(21.1462341263333,-23.1268829370525,12.8768829371192));
#5723=CARTESIAN_POINT('Ctrl Pts',(21.1462341263333,-23.0643829370525,14.9650436341192));
#5724=CARTESIAN_POINT('Ctrl Pts',(22.6227867153333,-23.0018829370525,16.4415962231192));
#5725=CARTESIAN_POINT('Ctrl Pts',(24.0993393043333,-22.9393829370525,17.9181488121192));
#5726=CARTESIAN_POINT('Ctrl Pts',(26.1875000013333,-22.8768829370525,17.9181488121192));
#5727=CARTESIAN_POINT('Ctrl Pts',(28.2756606983333,-22.8143829370525,17.9181488121192));
#5728=CARTESIAN_POINT('Ctrl Pts',(29.7522132873333,-22.7518829370525,16.4415962231192));
#5729=CARTESIAN_POINT('Ctrl Pts',(31.2287658763333,-22.6893829370525,14.9650436341192));
#5730=CARTESIAN_POINT('Ctrl Pts',(31.2287658763333,-22.6268829370525,12.8768829371192));
#5731=CARTESIAN_POINT('Ctrl Pts',(31.2287658763333,-23.7518829370525,12.8768829371193));
#5732=CARTESIAN_POINT('Ctrl Pts',(31.2287658763333,-23.7368690615721,12.3752607821134));
#5733=CARTESIAN_POINT('Ctrl Pts',(31.153896200472,-23.7209870231548,11.8756448426311));
#5734=CARTESIAN_POINT('Ctrl Pts',(30.8095586082692,-23.6832135740304,10.7562416335091));
#5735=CARTESIAN_POINT('Ctrl Pts',(30.4882158610948,-23.6614776257221,10.1631357098494));
#5736=CARTESIAN_POINT('Ctrl Pts',(29.6476607597213,-23.6208606187143,9.15426763003602));
#5737=CARTESIAN_POINT('Ctrl Pts',(29.1433684042503,-23.6015967658249,8.74246223000564));
#5738=CARTESIAN_POINT('Ctrl Pts',(27.9872512752123,-23.5592855847773,8.12074527309161));
#5739=CARTESIAN_POINT('Ctrl Pts',(27.3423515996978,-23.5375500784398,7.92447935447373));
#5740=CARTESIAN_POINT('Ctrl Pts',(26.0358766912525,-23.4968630822183,7.7967653477825));
#5741=CARTESIAN_POINT('Ctrl Pts',(25.3876719783296,-23.4776681523543,7.85783208581828));
#5742=CARTESIAN_POINT('Ctrl Pts',(24.1284968401989,-23.4354013039984,8.22716911476439));
#5743=CARTESIAN_POINT('Ctrl Pts',(23.5319756500797,-23.4136672331419,8.54011524358658));
#5744=CARTESIAN_POINT('Ctrl Pts',(22.5124082828738,-23.3729083966026,9.36627998631575));
#5745=CARTESIAN_POINT('Ctrl Pts',(22.093742268541,-23.353779182302,9.86494190867693));
#5746=CARTESIAN_POINT('Ctrl Pts',(21.4567747734553,-23.3115592549027,11.011693221463));
#5747=CARTESIAN_POINT('Ctrl Pts',(21.2518608228298,-23.2898277244201,11.6528779292461));
#5748=CARTESIAN_POINT('Ctrl Pts',(21.105731251486,-23.2489954064329,12.9565801442282));
#5749=CARTESIAN_POINT('Ctrl Pts',(21.157632161152,-23.2299279339658,13.6056909092943));
#5750=CARTESIAN_POINT('Ctrl Pts',(21.5089275845477,-23.1877575368202,14.8691166350972));
#5751=CARTESIAN_POINT('Ctrl Pts',(21.8127976376461,-23.1660297602721,15.4691869624374));
#5752=CARTESIAN_POINT('Ctrl Pts',(22.6234059286927,-23.1251225547132,16.5001551166177));
#5753=CARTESIAN_POINT('Ctrl Pts',(23.1160260483433,-23.1061120774531,16.9261939483626));
#5754=CARTESIAN_POINT('Ctrl Pts',(24.2526519216253,-23.0639938199476,17.5794056973746));
#5755=CARTESIAN_POINT('Ctrl Pts',(24.889736347673,-23.0422711141257,17.7935068043788));
#5756=CARTESIAN_POINT('Ctrl Pts',(26.1903322815364,-23.0012878726301,17.9593091302168));
#5757=CARTESIAN_POINT('Ctrl Pts',(26.8404179101515,-22.9823288799133,17.9171968670816));
#5758=CARTESIAN_POINT('Ctrl Pts',(28.1082318252865,-22.9402653487648,17.5851153083839));
#5759=CARTESIAN_POINT('Ctrl Pts',(28.711932885249,-22.9185491257416,17.2909425294824));
#5760=CARTESIAN_POINT('Ctrl Pts',(29.7548989460357,-22.8774889777273,16.4969633699333));
#5761=CARTESIAN_POINT('Ctrl Pts',(30.1887716460777,-22.8585752202586,16.0107533409185));
#5762=CARTESIAN_POINT('Ctrl Pts',(30.8590760622543,-22.8165689547128,14.8849491975257));
#5763=CARTESIAN_POINT('Ctrl Pts',(31.0828131374428,-22.7948607109837,14.2523393069747));
#5764=CARTESIAN_POINT('Ctrl Pts',(31.2116796044022,-22.7664458464729,13.3563606929126));
#5765=CARTESIAN_POINT('Ctrl Pts',(31.2287658763333,-22.7590554933415,13.1165221393543));
#5766=CARTESIAN_POINT('Ctrl Pts',(31.2287658763333,-22.7518829370525,12.8768829371192));
#5767=CARTESIAN_POINT('Origin',(26.1875000013333,-15.8143829384525,12.8768829371192));
#5768=CARTESIAN_POINT('',(31.2287658763333,-24.7518829370525,12.8768829371192));
#5769=CARTESIAN_POINT('',(31.2287658763333,-24.6268829370525,12.8768829371192));
#5770=CARTESIAN_POINT('',(31.2287658763333,-15.8143829384525,12.8768829371192));
#5771=CARTESIAN_POINT('Ctrl Pts',(31.2287658763333,-24.6268829370525,12.8768829371192));
#5772=CARTESIAN_POINT('Ctrl Pts',(31.2287658763333,-24.5643829370525,10.7887222401192));
#5773=CARTESIAN_POINT('Ctrl Pts',(29.7522132873333,-24.5018829370525,9.3121696511192));
#5774=CARTESIAN_POINT('Ctrl Pts',(28.2756606983333,-24.4393829370525,7.8356170621192));
#5775=CARTESIAN_POINT('Ctrl Pts',(26.1875000013333,-24.3768829370525,7.8356170621192));
#5776=CARTESIAN_POINT('Ctrl Pts',(24.0993393043333,-24.3143829370525,7.8356170621192));
#5777=CARTESIAN_POINT('Ctrl Pts',(22.6227867153333,-24.2518829370525,9.3121696511192));
#5778=CARTESIAN_POINT('Ctrl Pts',(21.1462341263333,-24.1893829370525,10.7887222401192));
#5779=CARTESIAN_POINT('Ctrl Pts',(21.1462341263333,-24.1268829370525,12.8768829371192));
#5780=CARTESIAN_POINT('Ctrl Pts',(21.1462341263333,-24.0643829370525,14.9650436341192));
#5781=CARTESIAN_POINT('Ctrl Pts',(22.6227867153333,-24.0018829370525,16.4415962231192));
#5782=CARTESIAN_POINT('Ctrl Pts',(24.0993393043333,-23.9393829370525,17.9181488121192));
#5783=CARTESIAN_POINT('Ctrl Pts',(26.1875000013333,-23.8768829370525,17.9181488121192));
#5784=CARTESIAN_POINT('Ctrl Pts',(28.2756606983333,-23.8143829370525,17.9181488121192));
#5785=CARTESIAN_POINT('Ctrl Pts',(29.7522132873333,-23.7518829370525,16.4415962231192));
#5786=CARTESIAN_POINT('Ctrl Pts',(31.2287658763333,-23.6893829370525,14.9650436341192));
#5787=CARTESIAN_POINT('Ctrl Pts',(31.2287658763333,-23.6268829370525,12.8768829371192));
#5788=CARTESIAN_POINT('Ctrl Pts',(31.2287658763333,-24.7518829370525,12.8768829371192));
#5789=CARTESIAN_POINT('Ctrl Pts',(31.2287658763333,-24.7347516859027,12.3045180516582));
#5790=CARTESIAN_POINT('Ctrl Pts',(31.1312879505982,-24.7165199687846,11.7357626484574));
#5791=CARTESIAN_POINT('Ctrl Pts',(30.7161934987752,-24.6762635944327,10.5627119402044));
#5792=CARTESIAN_POINT('Ctrl Pts',(30.3683705651253,-24.6545471731945,9.98122687948997));
#5793=CARTESIAN_POINT('Ctrl Pts',(29.4823910758106,-24.6144070592432,9.00710746669347));
#5794=CARTESIAN_POINT('Ctrl Pts',(28.9600378110099,-24.5945571007047,8.61724025807425));
#5795=CARTESIAN_POINT('Ctrl Pts',(27.7743860459597,-24.5519769325616,8.0451296525349));
#5796=CARTESIAN_POINT('Ctrl Pts',(27.1182964544791,-24.5302567120455,7.87711153898042));
#5797=CARTESIAN_POINT('Ctrl Pts',(25.8037312795239,-24.4900657845244,7.80894219068484));
#5798=CARTESIAN_POINT('Ctrl Pts',(25.1584138230761,-24.4702872184212,7.89970194401556));
#5799=CARTESIAN_POINT('Ctrl Pts',(23.9139601458831,-24.4277331462014,8.32774727349386));
#5800=CARTESIAN_POINT('Ctrl Pts',(23.3299195841833,-24.406009348154,8.6699956973158));
#5801=CARTESIAN_POINT('Ctrl Pts',(22.3483534505755,-24.365765023005,9.54640291396647));
#5802=CARTESIAN_POINT('Ctrl Pts',(21.9538251116464,-24.3460593101579,10.0649116621728));
#5803=CARTESIAN_POINT('Ctrl Pts',(21.3710709608615,-24.3035332887337,11.2443456536258));
#5804=CARTESIAN_POINT('Ctrl Pts',(21.196979793612,-24.2818062088341,11.8981488798155));
#5805=CARTESIAN_POINT('Ctrl Pts',(21.1160801431557,-24.2415059089094,13.2110951854263));
#5806=CARTESIAN_POINT('Ctrl Pts',(21.2004812125651,-24.2218741211986,13.8570247356012));
#5807=CARTESIAN_POINT('Ctrl Pts',(21.6159269356489,-24.1793782089026,15.1047541843646));
#5808=CARTESIAN_POINT('Ctrl Pts',(21.9519193899392,-24.1576482245662,15.6915927409426));
#5809=CARTESIAN_POINT('Ctrl Pts',(22.8175917452505,-24.1172894008401,16.6814308625814));
#5810=CARTESIAN_POINT('Ctrl Pts',(23.3318142112169,-24.0977321611017,17.0811614202053));
#5811=CARTESIAN_POINT('Ctrl Pts',(24.5042706243573,-24.0552685167066,17.6757295881714));
#5812=CARTESIAN_POINT('Ctrl Pts',(25.1554630098249,-24.0335360944248,17.8565548003955));
#5813=CARTESIAN_POINT('Ctrl Pts',(26.4665384263108,-23.9931162490442,17.9516137435522));
#5814=CARTESIAN_POINT('Ctrl Pts',(27.1131519731464,-23.9736336711167,17.8742773906793));
#5815=CARTESIAN_POINT('Ctrl Pts',(28.3644419193599,-23.9312045493086,17.4728148065558));
#5816=CARTESIAN_POINT('Ctrl Pts',(28.9543094787967,-23.9094702515899,17.1437870935338));
#5817=CARTESIAN_POINT('Ctrl Pts',(29.9532533867239,-23.8689869626384,16.2900586542331));
#5818=CARTESIAN_POINT('Ctrl Pts',(30.3587423220309,-23.8495785929246,15.7805750425069));
#5819=CARTESIAN_POINT('Ctrl Pts',(30.9663056883737,-23.8071863374929,14.6158865628213));
#5820=CARTESIAN_POINT('Ctrl Pts',(31.1545283964031,-23.7854508287979,13.9676552016212));
#5821=CARTESIAN_POINT('Ctrl Pts',(31.2228048527403,-23.7604344727182,13.1601254911139));
#5822=CARTESIAN_POINT('Ctrl Pts',(31.2287658763333,-23.7561194291369,13.0184265573408));
#5823=CARTESIAN_POINT('Ctrl Pts',(31.2287658763333,-23.7518829370525,12.8768829371193));
#5824=CARTESIAN_POINT('Origin',(26.1875000013333,-15.8143829384525,12.8768829371192));
#5825=CARTESIAN_POINT('',(31.2287658763333,-25.7518829370525,12.8768829371192));
#5826=CARTESIAN_POINT('',(31.2287658763333,-25.6268829370525,12.8768829371192));
#5827=CARTESIAN_POINT('',(31.2287658763333,-15.8143829384525,12.8768829371192));
#5828=CARTESIAN_POINT('',(30.8450223450333,-25.8143829384525,14.8060919046192));
#5829=CARTESIAN_POINT('Ctrl Pts',(30.8450223450414,-25.8143829384271,14.8060919046235));
#5830=CARTESIAN_POINT('Ctrl Pts',(31.0868429259073,-25.7939112178608,14.222285392461));
#5831=CARTESIAN_POINT('Ctrl Pts',(31.2167607459679,-25.7736204476453,13.5981728936224));
#5832=CARTESIAN_POINT('Ctrl Pts',(31.2285015940043,-25.7536705915199,12.9365000245717));
#5833=CARTESIAN_POINT('Ctrl Pts',(31.2287658763333,-25.7527749573019,12.9066858431317));
#5834=CARTESIAN_POINT('Ctrl Pts',(31.2287658763333,-25.7518829370525,12.8768829371192));
#5835=CARTESIAN_POINT('',(28.1167088840595,-25.8143829385279,17.5344053158259));
#5836=CARTESIAN_POINT('Origin',(26.1875000015081,-25.8143829411037,12.876882937294));
#5837=CARTESIAN_POINT('Ctrl Pts',(28.116708882437,-25.8143829387158,17.5344053166307));
#5838=CARTESIAN_POINT('Ctrl Pts',(29.0431477097353,-25.7818964962918,17.1506618007172));
#5839=CARTESIAN_POINT('Ctrl Pts',(29.7522132873333,-25.7518829370525,16.4415962231192));
#5840=CARTESIAN_POINT('Ctrl Pts',(31.2287658763333,-25.6893829370525,14.9650436341192));
#5841=CARTESIAN_POINT('Ctrl Pts',(31.2287658763333,-25.6268829370525,12.8768829371192));
#5842=CARTESIAN_POINT('Origin',(37.000000551343,-15.0000002235174,10.7268829371192));
#5843=CARTESIAN_POINT('',(39.400000551343,-15.0000002235174,10.7268829371192));
#5844=CARTESIAN_POINT('Origin',(37.000000551343,-15.0000002235174,10.7268829371192));
#5845=CARTESIAN_POINT('',(39.400000551343,-15.0000002235174,2.7268829371192));
#5846=CARTESIAN_POINT('',(39.400000551343,-15.0000002235174,10.7268829371192));
#5847=CARTESIAN_POINT('Origin',(37.000000551343,-15.0000002235174,2.7268829371192));
#5848=CARTESIAN_POINT('Origin',(37.000000551343,-15.0000002235174,2.7268829371192));
#5849=CARTESIAN_POINT('Origin',(38.0875000013333,-20.7143829384525,10.7268829371192));
#5850=CARTESIAN_POINT('',(42.9875000013333,-15.8143829384525,-0.873117062880804));
#5851=CARTESIAN_POINT('',(33.1875000013333,-25.6143829384525,-0.873117062880801));
#5852=CARTESIAN_POINT('',(40.2125000013333,-18.5893829384525,-0.873117062880803));
#5853=CARTESIAN_POINT('',(42.9875000013333,-15.8143829384525,10.7268829371192));
#5854=CARTESIAN_POINT('',(42.9875000013333,-15.8143829384525,10.7268829371192));
#5855=CARTESIAN_POINT('',(33.1875000013333,-25.6143829384525,10.7268829371192));
#5856=CARTESIAN_POINT('',(40.0875000013333,-18.7143829384525,10.7268829371192));
#5857=CARTESIAN_POINT('',(33.1875000013333,-25.6143829384525,10.7268829371192));
#5858=CARTESIAN_POINT('Origin',(47.6875000013333,-21.8143829384525,-0.873117062880804));
#5859=CARTESIAN_POINT('',(32.9875000013333,-25.8143829384525,-0.873117062880801));
#5860=CARTESIAN_POINT('Origin',(32.9875000013333,-25.6143829384525,-0.873117062880802));
#5861=CARTESIAN_POINT('',(47.6875000013333,-25.8143829384525,-0.873117062880804));
#5862=CARTESIAN_POINT('',(34.1875000013333,-25.8143829384525,-0.873117062880801));
#5863=CARTESIAN_POINT('',(50.8875000013333,-24.2143829384525,-0.873117062880805));
#5864=CARTESIAN_POINT('Origin',(47.6875000013333,-21.8143829384525,-0.873117062880804));
#5865=CARTESIAN_POINT('',(51.6875000013333,-23.3422469834529,-0.873117062880805));
#5866=CARTESIAN_POINT('Origin',(55.6875000013333,-27.8143829384525,-0.873117062880806));
#5867=CARTESIAN_POINT('',(51.6875000013333,-15.8143829384525,-0.873117062880806));
#5868=CARTESIAN_POINT('',(51.6875000013333,-8.98525793811915,-0.873117062880805));
#5869=CARTESIAN_POINT('',(19.6875000013333,-15.8143829384525,-0.873117062880799));
#5870=CARTESIAN_POINT('',(44.4875000013333,-20.3143829384525,-0.873117062880803));
#5871=CARTESIAN_POINT('Origin',(46.1875000013333,-20.3143829384525,-0.873117062880804));
#5872=CARTESIAN_POINT('Origin',(21.1875000013333,-9.06438293845248,8.9768829371192));
#5873=CARTESIAN_POINT('',(23.9420373662472,-7.31438293845248,10.7268829371192));
#5874=CARTESIAN_POINT('',(23.83416387624,-7.34596883526133,10.6952970403104));
#5875=CARTESIAN_POINT('Origin',(23.9420373662472,-7.51438293845248,10.5268829371192));
#5876=CARTESIAN_POINT('',(26.5789390021333,-7.31438293845248,10.7268829371192));
#5877=CARTESIAN_POINT('',(26.1875000013333,-7.31438293845248,10.7268829371192));
#5878=CARTESIAN_POINT('',(26.6868124921031,-7.34596883531958,10.6952970402521));
#5879=CARTESIAN_POINT('Origin',(26.5789390021333,-7.51438293845248,10.5268829371192));
#5880=CARTESIAN_POINT('',(31.1875000014018,-10.2287729464964,7.81249292907532));
#5881=CARTESIAN_POINT('',(17.7377584784366,-1.61387353911428,16.4273923364574));
#5882=CARTESIAN_POINT('',(32.9977352920669,-10.8095240125229,7.2317418630488));
#5883=CARTESIAN_POINT('Origin',(33.1875000013333,-7.10633566975248,10.9349302058192));
#5884=CARTESIAN_POINT('',(33.0324686080813,-10.8143829384525,7.2268829371192));
#5885=CARTESIAN_POINT('Origin',(32.9875000013333,-11.0092619378525,7.03200393771921));
#5886=CARTESIAN_POINT('',(19.1875000013333,-10.8143829384525,7.2268829371192));
#5887=CARTESIAN_POINT('',(21.1875000013333,-10.8143829384525,7.2268829371192));
#5888=CARTESIAN_POINT('',(19.1875000013333,-10.0074973193324,8.03376855623924));
#5889=CARTESIAN_POINT('',(19.1875000013333,-12.8143829384525,5.2268829371192));
#5890=CARTESIAN_POINT('',(19.3737450667314,-9.80797087553589,8.2332950000358));
#5891=CARTESIAN_POINT('Origin',(19.3875000013333,-10.0074973193324,8.03376855623924));
#5892=CARTESIAN_POINT('',(20.6481325512291,-9.38670243054063,8.65456344503106));
#5893=CARTESIAN_POINT('Origin',(19.1875000013333,-7.10633566975248,10.9349302058192));
#5894=CARTESIAN_POINT('',(31.0551771563988,-2.72072730762909,15.3205385679426));
#5895=CARTESIAN_POINT('Origin',(9.18750000133329,-10.8143829384525,10.7268829371192));
#5896=CARTESIAN_POINT('',(19.1875000013333,-10.8143829384525,10.7268829371192));
#5897=CARTESIAN_POINT('',(19.1875000013333,-10.8143829384525,10.7268829371192));
#5898=CARTESIAN_POINT('',(33.0324686080333,-10.8143829384525,10.7268829371192));
#5899=CARTESIAN_POINT('',(33.0324686080813,-10.8143829384525,66.3270984533192));
#5900=CARTESIAN_POINT('',(44.6875000013333,-10.8143829384525,10.7268829371192));
#5901=CARTESIAN_POINT('',(9.18750000133329,-10.8143829384525,10.7268829371192));
#5902=CARTESIAN_POINT('',(51.6875000013333,-10.8143829384525,3.72688293711919));
#5903=CARTESIAN_POINT('',(37.5625000013333,-10.8143829384525,17.8518829371192));
#5904=CARTESIAN_POINT('',(51.6875000013333,-10.8143829384525,-0.873117062880806));
#5905=CARTESIAN_POINT('',(51.6875000013333,-10.8143829384525,10.7268829371192));
#5906=CARTESIAN_POINT('',(40.1151521480769,-10.8143829384525,-0.873117062880803));
#5907=CARTESIAN_POINT('',(28.4375000013333,-10.8143829384525,-0.8731170628808));
#5908=CARTESIAN_POINT('',(40.1151521480769,-10.8143829384525,4.1268829371192));
#5909=CARTESIAN_POINT('',(40.1151521480769,-10.8143829384525,-0.873117062880803));
#5910=CARTESIAN_POINT('',(21.2598478545896,-10.8143829384525,4.1268829371192));
#5911=CARTESIAN_POINT('',(19.6875000013333,-10.8143829384525,4.1268829371192));
#5912=CARTESIAN_POINT('',(21.2598478545896,-10.8143829384525,-0.873117062880799));
#5913=CARTESIAN_POINT('',(21.2598478545896,-10.8143829384525,-0.873117062880799));
#5914=CARTESIAN_POINT('',(0.319203871358403,-10.8143829384525,-0.873117062880794));
#5915=CARTESIAN_POINT('',(28.4375000013333,-10.8143829384525,-0.8731170628808));
#5916=CARTESIAN_POINT('',(0.319203871358402,-10.8143829384525,-2.17311706288079));
#5917=CARTESIAN_POINT('',(0.319203871358403,-10.8143829384525,-0.873117062880794));
#5918=CARTESIAN_POINT('',(-10.3124999986667,-10.8143829384525,-2.17311706288079));
#5919=CARTESIAN_POINT('',(-3.93729612864159,-10.8143829384525,-2.17311706288079));
#5920=CARTESIAN_POINT('',(-10.3124999986667,-10.8143829384525,3.72688293711921));
#5921=CARTESIAN_POINT('',(-10.3124999986667,-10.8143829384525,-0.473117062880794));
#5922=CARTESIAN_POINT('',(-3.31249999866672,-10.8143829384525,10.7268829371192));
#5923=CARTESIAN_POINT('',(-1.93749999866672,-10.8143829384525,12.1018829371192));
#5924=CARTESIAN_POINT('',(9.18750000133329,-10.8143829384525,10.7268829371192));
#5925=CARTESIAN_POINT('Origin',(19.6875000013333,-13.3143829384525,1.6268829371192));
#5926=CARTESIAN_POINT('',(28.7175697995241,-15.8143829384525,-0.8731170628808));
#5927=CARTESIAN_POINT('Origin',(30.6875000013333,-4.81438293845248,10.1268829371192));
#5928=CARTESIAN_POINT('',(32.6574302031425,-15.8143829384525,-0.873117062880801));
#5929=CARTESIAN_POINT('Origin',(30.6875000013333,-4.81438293845248,10.1268829371192));
#5930=CARTESIAN_POINT('',(19.6875000013333,-15.8143829384525,-0.873117062880798));
#5931=CARTESIAN_POINT('Origin',(30.1875000013333,-4.81438293845248,-0.8731170628808));
#5932=CARTESIAN_POINT('Origin',(30.6875000013333,-4.81438293845248,-0.8731170628808));
#5933=CARTESIAN_POINT('Origin',(-3.88079612864158,-21.8028064096449,-0.873117062880792));
#5934=CARTESIAN_POINT('',(-2.63690957693344,-25.8143829384525,-0.873117062880793));
#5935=CARTESIAN_POINT('',(-2.63690957693344,-25.8143829384525,-2.17311706288079));
#5936=CARTESIAN_POINT('',(-2.63690957693344,-25.8143829384525,-0.873117062880792));
#5937=CARTESIAN_POINT('',(0.319203871358417,-21.8028064096449,-0.873117062880794));
#5938=CARTESIAN_POINT('Origin',(-3.88079612864158,-21.8028064096449,-0.873117062880804));
#5939=CARTESIAN_POINT('',(0.319203871358416,-21.8028064096449,-2.17311706288079));
#5940=CARTESIAN_POINT('',(0.319203871358417,-21.8028064096449,-0.873117062880794));
#5941=CARTESIAN_POINT('Origin',(-3.88079612864158,-21.8028064096449,-2.17311706288079));
#5942=CARTESIAN_POINT('Origin',(-3.88079612864165,29.8009667817044,-0.873117062880792));
#5943=CARTESIAN_POINT('',(-2.64361730926467,33.8146170615475,-2.17311706288079));
#5944=CARTESIAN_POINT('',(-2.64361730926467,33.8146170615475,-0.873117062880794));
#5945=CARTESIAN_POINT('',(-2.64361730926467,33.8146170615475,-0.873117062880792));
#5946=CARTESIAN_POINT('',(0.319203871358353,29.8009667817044,-2.17311706288079));
#5947=CARTESIAN_POINT('Origin',(-3.88079612864165,29.8009667817044,-2.17311706288079));
#5948=CARTESIAN_POINT('',(0.319203871358353,29.8009667817044,-0.873117062880794));
#5949=CARTESIAN_POINT('',(0.319203871358353,29.8009667817044,-0.873117062880794));
#5950=CARTESIAN_POINT('Origin',(-3.88079612864165,29.8009667817044,-0.873117062880804));
#5951=CARTESIAN_POINT('Origin',(-8.19379612864159,3.99908018602972,-2.17311706288079));
#5952=CARTESIAN_POINT('',(-6.31249999866673,33.8146170615475,-2.17311706288079));
#5953=CARTESIAN_POINT('',(20.4968519363458,33.8146170615475,-2.1731170628808));
#5954=CARTESIAN_POINT('',(-10.3124999986667,29.8146170615475,-2.17311706288079));
#5955=CARTESIAN_POINT('Origin',(-6.31249999866673,29.8146170615475,-2.17311706288079));
#5956=CARTESIAN_POINT('',(-10.3124999986667,3.99959862378862,-2.17311706288079));
#5957=CARTESIAN_POINT('',(0.319203871358369,16.9000234838671,-2.17311706288079));
#5958=CARTESIAN_POINT('',(-9.96249999866672,27.8146170615475,-2.17311706288079));
#5959=CARTESIAN_POINT('Origin',(-8.31249999866672,27.8146170615475,-2.17311706288079));
#5960=CARTESIAN_POINT('',(-9.96249999866673,3.18561706154751,-2.17311706288079));
#5961=CARTESIAN_POINT('Origin',(-8.31249999866673,3.18561706154751,-2.17311706288079));
#5962=CARTESIAN_POINT('Origin',(-8.19379612864159,3.99908018602972,-2.17311706288079));
#5963=CARTESIAN_POINT('',(-6.31249999866673,-25.8143829384525,-2.17311706288079));
#5964=CARTESIAN_POINT('',(19.7468519363459,-25.8143829384525,-2.1731170628808));
#5965=CARTESIAN_POINT('',(0.319203871358409,-15.8143829384525,-2.17311706288079));
#5966=CARTESIAN_POINT('',(0.319203871358397,-5.90765137621138,-2.17311706288079));
#5967=CARTESIAN_POINT('',(-10.3124999986667,-15.8143829384525,-2.17311706288079));
#5968=CARTESIAN_POINT('',(-9.25314806365416,-15.8143829384525,-2.17311706288079));
#5969=CARTESIAN_POINT('',(-10.3124999986667,-21.8143829384525,-2.17311706288079));
#5970=CARTESIAN_POINT('',(-10.3124999986667,3.99959862378862,-2.17311706288079));
#5971=CARTESIAN_POINT('Origin',(-6.31249999866673,-21.8143829384525,-2.17311706288079));
#5972=CARTESIAN_POINT('',(-9.96249999866672,-19.8143829384525,-2.17311706288079));
#5973=CARTESIAN_POINT('Origin',(-8.31249999866672,-19.8143829384525,-2.17311706288079));
#5974=CARTESIAN_POINT('Origin',(0.319203871358409,-15.8143829384525,-0.873117062880794));
#5975=CARTESIAN_POINT('',(0.319203871358409,-15.8143829384525,-0.873117062880794));
#5976=CARTESIAN_POINT('',(0.319203871358416,-18.8143829384525,-0.873117062880794));
#5977=CARTESIAN_POINT('',(0.319203871358409,-15.8143829384525,-0.873117062880794));
#5978=CARTESIAN_POINT('Origin',(0.319203871358353,29.8009667817044,-0.873117062880794));
#5979=CARTESIAN_POINT('',(0.31920387135838,3.99329192162592,-0.873117062880794));
#5980=CARTESIAN_POINT('Origin',(47.6875000013333,-25.8143829384525,-0.873117062880804));
#5981=CARTESIAN_POINT('',(-6.31249999866673,-25.8143829384525,-5.87311706288079));
#5982=CARTESIAN_POINT('',(-6.31249999866673,-25.8143829384525,-4.87311706288079));
#5983=CARTESIAN_POINT('',(47.6875000013333,-25.8143829384525,-5.87311706288081));
#5984=CARTESIAN_POINT('',(47.6875000013333,-25.8143829384525,-5.87311706288081));
#5985=CARTESIAN_POINT('',(47.6875000013333,-25.8143829384525,-4.8731170628808));
#5986=CARTESIAN_POINT('',(32.9875000013333,-25.8143829384525,17.6268829371192));
#5987=CARTESIAN_POINT('',(32.9875000013333,-25.8143829384525,-0.873117062880801));
#5988=CARTESIAN_POINT('',(31.6875000013333,-25.8143829384525,18.9268829371192));
#5989=CARTESIAN_POINT('Origin',(31.6875000013333,-25.8143829384525,17.6268829371192));
#5990=CARTESIAN_POINT('',(20.6875000013333,-25.8143829384525,18.9268829371192));
#5991=CARTESIAN_POINT('',(47.1875000013333,-25.8143829384525,18.9268829371192));
#5992=CARTESIAN_POINT('',(19.3875000013333,-25.8143829384525,17.6268829371192));
#5993=CARTESIAN_POINT('Origin',(20.6875000013333,-25.8143829384525,17.6268829371192));
#5994=CARTESIAN_POINT('',(19.3875000013333,-25.8143829384525,-0.873117062880798));
#5995=CARTESIAN_POINT('',(19.3875000013333,-25.8143829384525,-0.873117062880798));
#5996=CARTESIAN_POINT('',(34.1875000013333,-25.8143829384525,-0.873117062880801));
#5997=CARTESIAN_POINT('',(31.0366076321333,-25.8143829384525,14.0959625839192));
#5998=CARTESIAN_POINT('Origin',(26.1875000013333,-25.8143829384525,12.8768829371192));
#5999=CARTESIAN_POINT('Origin',(26.4540488188354,-25.8144522168721,12.7834692899015));
#6000=CARTESIAN_POINT('Origin',(26.0941529348562,-25.8143534583811,13.1434497173059));
#6001=CARTESIAN_POINT('Origin',(-6.31249999866673,-21.8143829384525,-0.473117062880799));
#6002=CARTESIAN_POINT('',(-10.3124999986667,-21.8143829384525,-5.87311706288079));
#6003=CARTESIAN_POINT('',(-10.3124999986667,-21.8143829384525,-4.87311706288079));
#6004=CARTESIAN_POINT('Origin',(-6.31249999866673,-21.8143829384525,-5.8731170628808));
#6005=CARTESIAN_POINT('Origin',(47.6875000013333,-21.8143829384525,-0.873117062880804));
#6006=CARTESIAN_POINT('',(41.8625000013333,-4.81438293845248,-0.873117062880803));
#6007=CARTESIAN_POINT('Origin',(30.6875000013333,-4.81438293845248,-0.8731170628808));
#6008=CARTESIAN_POINT('Origin',(30.6875000013333,-4.81438293845248,-0.8731170628808));
#6009=CARTESIAN_POINT('',(51.6875000013333,6.83561706154752,-0.873117062880795));
#6010=CARTESIAN_POINT('',(51.6875000013333,-8.98525793811915,-0.873117062880805));
#6011=CARTESIAN_POINT('',(51.6875000013333,18.8356170615475,-0.873117062880805));
#6012=CARTESIAN_POINT('',(51.6875000013333,-8.98525793811915,-0.873117062880805));
#6013=CARTESIAN_POINT('',(51.6875000013333,29.8146170615475,-0.873117062880805));
#6014=CARTESIAN_POINT('',(51.6875000013333,-8.98525793811915,-0.873117062880805));
#6015=CARTESIAN_POINT('',(47.6875000013333,33.8146170615475,-0.873117062880794));
#6016=CARTESIAN_POINT('Origin',(47.6875000013333,29.8146170615475,-0.873117062880804));
#6017=CARTESIAN_POINT('',(9.68750000133327,33.8146170615475,-0.873117062880794));
#6018=CARTESIAN_POINT('',(13.4875000013333,10.6856170615475,-0.873117062880797));
#6019=CARTESIAN_POINT('Origin',(15.1875000013333,10.6856170615475,-0.873117062880797));
#6020=CARTESIAN_POINT('',(42.7125000013333,10.6856170615475,-0.873117062880803));
#6021=CARTESIAN_POINT('Origin',(46.1875000013333,10.6856170615475,-0.873117062880804));
#6022=CARTESIAN_POINT('',(23.350000372529,30.0000004470348,-0.873117062880799));
#6023=CARTESIAN_POINT('Origin',(25.000000372529,30.0000004470348,-0.873117062880804));
#6024=CARTESIAN_POINT('',(25.9763146205527,22.8911729221569,-0.873117062880799));
#6025=CARTESIAN_POINT('Origin',(27.6263146205527,22.8911729221569,-0.873117062880804));
#6026=CARTESIAN_POINT('',(35.350000551343,30.0000004470348,-0.873117062880799));
#6027=CARTESIAN_POINT('Origin',(37.000000551343,30.0000004470348,-0.873117062880804));
#6028=CARTESIAN_POINT('Origin',(-10.3124999986667,4.00011706154752,-0.0731170628807942));
#6029=CARTESIAN_POINT('',(-10.3124999986667,-15.8143829384525,3.72688293711921));
#6030=CARTESIAN_POINT('',(-10.3124999986667,-15.8143829384525,5.3268829371192));
#6031=CARTESIAN_POINT('',(-10.3124999986667,-0.407132938452481,3.72688293711921));
#6032=CARTESIAN_POINT('',(-10.3124999986667,29.8146170615475,-5.87311706288079));
#6033=CARTESIAN_POINT('',(-10.3124999986667,29.8146170615475,-4.87311706288079));
#6034=CARTESIAN_POINT('',(-10.3124999986667,33.8146170615475,-5.87311706288079));
#6035=CARTESIAN_POINT('Origin',(-8.31249999866672,27.8146170615475,-5.87311706288079));
#6036=CARTESIAN_POINT('',(-9.96249999866672,27.8146170615475,-5.87311706288079));
#6037=CARTESIAN_POINT('Origin',(-8.31249999866672,27.8146170615475,-5.87311706288081));
#6038=CARTESIAN_POINT('',(-9.96249999866672,27.8146170615475,-5.87311706288079));
#6039=CARTESIAN_POINT('Origin',(-8.31249999866673,3.18561706154751,-5.87311706288079));
#6040=CARTESIAN_POINT('',(-9.96249999866673,3.18561706154751,-5.87311706288079));
#6041=CARTESIAN_POINT('Origin',(-8.31249999866673,3.18561706154751,-5.87311706288081));
#6042=CARTESIAN_POINT('',(-9.96249999866673,3.18561706154751,-5.87311706288079));
#6043=CARTESIAN_POINT('Origin',(-8.31249999866672,-19.8143829384525,-5.87311706288079));
#6044=CARTESIAN_POINT('',(-9.96249999866672,-19.8143829384525,-5.87311706288079));
#6045=CARTESIAN_POINT('Origin',(-8.31249999866672,-19.8143829384525,-5.87311706288081));
#6046=CARTESIAN_POINT('',(-9.96249999866672,-19.8143829384525,-5.87311706288079));
#6047=CARTESIAN_POINT('Origin',(-6.81249999866673,-0.407132938452481,7.22688293711921));
#6048=CARTESIAN_POINT('',(-3.31249999866672,-15.8143829384525,10.7268829371192));
#6049=CARTESIAN_POINT('',(-1.93749999866672,-15.8143829384525,12.1018829371192));
#6050=CARTESIAN_POINT('',(-3.31249999866673,-0.407132938452481,10.7268829371192));
#6051=CARTESIAN_POINT('Origin',(48.1875000013333,-13.3143829384525,7.22688293711919));
#6052=CARTESIAN_POINT('',(44.6875000013333,-15.8143829384525,10.7268829371192));
#6053=CARTESIAN_POINT('',(51.6875000013333,-15.8143829384525,3.72688293711919));
#6054=CARTESIAN_POINT('',(37.5625000013333,-15.8143829384525,17.8518829371192));
#6055=CARTESIAN_POINT('',(51.6875000013333,-13.3143829384525,3.72688293711919));
#6056=CARTESIAN_POINT('',(44.6875000013333,-13.3143829384525,10.7268829371192));
#6057=CARTESIAN_POINT('Origin',(51.6875000013333,-21.8143829384525,-0.873117062880805));
#6058=CARTESIAN_POINT('',(51.6875000013333,-15.8143829384525,10.7268829371192));
#6059=CARTESIAN_POINT('',(51.6875000013333,-15.8143829384525,-5.87311706288079));
#6060=CARTESIAN_POINT('',(51.6875000013333,-15.8143829384525,-3.3731170628808));
#6061=CARTESIAN_POINT('',(51.6875000013333,6.83561706154752,-5.87311706288079));
#6062=CARTESIAN_POINT('',(51.6875000013333,-21.8143829384525,-5.87311706288081));
#6063=CARTESIAN_POINT('',(51.6875000013333,6.83561706154752,0.876882937119201));
#6064=CARTESIAN_POINT('Origin',(57.6727813755719,-16.5643829384525,-3.37311706288079));
#6065=CARTESIAN_POINT('',(57.6727813755719,-15.8143829384525,2.62688293711921));
#6066=CARTESIAN_POINT('',(53.4301406884526,-15.8143829384525,0.869523624238493));
#6067=CARTESIAN_POINT('Origin',(57.6727813755719,-15.8143829384525,-3.37311706288079));
#6068=CARTESIAN_POINT('',(53.4301406884526,-22.2552167300584,0.869523624238492));
#6069=CARTESIAN_POINT('',(53.4301406884526,-16.5643829384525,0.869523624238489));
#6070=CARTESIAN_POINT('',(55.6875000013333,-21.8143829384525,2.28891948460823));
#6071=CARTESIAN_POINT('Ctrl Pts',(53.4301406884526,-22.2552167300584,0.869523624238491));
#6072=CARTESIAN_POINT('Ctrl Pts',(53.531959274746,-22.2138721964759,0.971342210531946));
#6073=CARTESIAN_POINT('Ctrl Pts',(53.6381079953943,-22.1740385817138,1.07013948688054));
#6074=CARTESIAN_POINT('Ctrl Pts',(54.1969864780538,-21.9831350531644,1.55346014501779));
#6075=CARTESIAN_POINT('Ctrl Pts',(54.7126181576158,-21.8712137127251,1.87674649036727));
#6076=CARTESIAN_POINT('Ctrl Pts',(55.3786085857513,-21.8205436128048,2.17327035076504));
#6077=CARTESIAN_POINT('Ctrl Pts',(55.5309088659688,-21.8143829384525,2.23401389334216));
#6078=CARTESIAN_POINT('Ctrl Pts',(55.6875000013333,-21.8143829384525,2.28891948460823));
#6079=CARTESIAN_POINT('',(57.6727813755719,-21.8143829384525,2.62688293711921));
#6080=CARTESIAN_POINT('Origin',(57.6727813755719,-21.8143829384525,-3.37311706288079));
#6081=CARTESIAN_POINT('',(57.6727813755719,-16.5643829384525,2.62688293711921));
#6082=CARTESIAN_POINT('Origin',(51.6875000013333,-15.8143829384525,-5.87311706288079));
#6083=CARTESIAN_POINT('',(59.4375000013333,-15.8143829384525,2.62688293711921));
#6084=CARTESIAN_POINT('',(51.6875000013333,-15.8143829384525,2.62688293711921));
#6085=CARTESIAN_POINT('',(63.4375000013333,-15.8143829384525,-1.37311706288079));
#6086=CARTESIAN_POINT('Origin',(59.4375000013333,-15.8143829384525,-1.37311706288079));
#6087=CARTESIAN_POINT('',(63.4375000013333,-15.8143829384525,-5.87311706288079));
#6088=CARTESIAN_POINT('',(63.4375000013333,-15.8143829384525,2.62688293711921));
#6089=CARTESIAN_POINT('',(51.6875000013333,-15.8143829384525,-5.87311706288079));
#6090=CARTESIAN_POINT('',(51.3125000013333,-15.8143829384525,-1.2481170628808));
#6091=CARTESIAN_POINT('Origin',(51.6875000013333,-15.8143829384525,2.62688293711921));
#6092=CARTESIAN_POINT('',(59.4375000013333,-21.8143829384525,2.62688293711921));
#6093=CARTESIAN_POINT('',(51.6875000013333,-21.8143829384525,2.62688293711921));
#6094=CARTESIAN_POINT('',(59.4375000013333,-17.3143829384525,2.62688293711921));
#6095=CARTESIAN_POINT('Origin',(51.6875000013333,-21.8143829384525,2.62688293711921));
#6096=CARTESIAN_POINT('',(55.6875000013333,-21.8143829384525,-5.87311706288079));
#6097=CARTESIAN_POINT('',(55.6875000013333,-21.8143829384525,-0.873117062880806));
#6098=CARTESIAN_POINT('',(63.4375000013333,-21.8143829384525,-5.87311706288079));
#6099=CARTESIAN_POINT('',(51.6875000013333,-21.8143829384525,-5.87311706288079));
#6100=CARTESIAN_POINT('',(63.4375000013333,-21.8143829384525,-1.37311706288079));
#6101=CARTESIAN_POINT('',(63.4375000013333,-21.8143829384525,-5.87311706288079));
#6102=CARTESIAN_POINT('Origin',(59.4375000013333,-21.8143829384525,-1.37311706288079));
#6103=CARTESIAN_POINT('Origin',(57.6727813755719,12.0856170615475,-3.37311706288079));
#6104=CARTESIAN_POINT('',(57.6727813755719,12.8356351147367,2.62688293711921));
#6105=CARTESIAN_POINT('',(53.4301406884526,14.6077462403152,0.869523624238504));
#6106=CARTESIAN_POINT('Ctrl Pts',(57.6727813755719,12.8356351147367,2.62688293711921));
#6107=CARTESIAN_POINT('Ctrl Pts',(57.3443625643808,12.8364407627566,2.62688293711921));
#6108=CARTESIAN_POINT('Ctrl Pts',(57.0128226914133,12.8645283713287,2.59960870689228));
#6109=CARTESIAN_POINT('Ctrl Pts',(56.2918664994244,12.986435038446,2.47954585201023));
#6110=CARTESIAN_POINT('Ctrl Pts',(55.9052090265145,13.0931717279771,2.37384932926863));
#6111=CARTESIAN_POINT('Ctrl Pts',(54.8121560780627,13.511957679637,1.95835137130821));
#6112=CARTESIAN_POINT('Ctrl Pts',(54.1734225245098,13.9275642018856,1.54517967762496));
#6113=CARTESIAN_POINT('Ctrl Pts',(53.5943644852721,14.4470218215084,1.02915085722665));
#6114=CARTESIAN_POINT('Ctrl Pts',(53.5107510259866,14.5265736629764,0.950133961772517));
#6115=CARTESIAN_POINT('Ctrl Pts',(53.4301406884526,14.6077462403152,0.8695236242385));
#6116=CARTESIAN_POINT('',(53.4301406884526,6.83561706154752,0.869523624238501));
#6117=CARTESIAN_POINT('',(53.4301406884526,12.0856170615475,0.869523624238502));
#6118=CARTESIAN_POINT('',(57.6727813755719,6.83561706154752,2.62688293711921));
#6119=CARTESIAN_POINT('Origin',(57.6727813755719,6.83561706154754,-3.37311706288079));
#6120=CARTESIAN_POINT('',(57.6727813755719,12.0856170615475,2.62688293711921));
#6121=CARTESIAN_POINT('Origin',(57.6875000013333,18.8356170615475,-3.3731170628808));
#6122=CARTESIAN_POINT('',(57.6875000013333,12.8356170615475,2.62688293711921));
#6123=CARTESIAN_POINT('Origin',(57.6875000013333,18.8356170615475,2.62688293711921));
#6124=CARTESIAN_POINT('',(57.6875000013333,12.8356170615475,-5.87311706288079));
#6125=CARTESIAN_POINT('',(57.6875000013333,12.8356170615475,-3.3731170628808));
#6126=CARTESIAN_POINT('',(51.6875000013333,18.8356170615475,-5.87311706288081));
#6127=CARTESIAN_POINT('Origin',(57.6875000013333,18.8356170615475,-5.87311706288081));
#6128=CARTESIAN_POINT('',(51.6875000013333,18.8356170615475,-3.3731170628808));
#6129=CARTESIAN_POINT('Origin',(57.6875000013333,18.8356170615475,5.12688293711921));
#6130=CARTESIAN_POINT('Origin',(51.6875000013333,12.8356170615475,2.62688293711921));
#6131=CARTESIAN_POINT('',(59.4375000013333,6.83561706154752,2.62688293711921));
#6132=CARTESIAN_POINT('',(51.6875000013333,6.83561706154752,2.62688293711921));
#6133=CARTESIAN_POINT('',(59.4375000013333,12.8356170615475,2.62688293711921));
#6134=CARTESIAN_POINT('',(59.4375000013333,11.3356170615475,2.62688293711921));
#6135=CARTESIAN_POINT('',(51.6875000013333,12.8356170615475,2.62688293711921));
#6136=CARTESIAN_POINT('Origin',(59.4375000013333,-17.3143829384525,-1.37311706288079));
#6137=CARTESIAN_POINT('',(63.4375000013333,-17.3143829384525,-1.37311706288079));
#6138=CARTESIAN_POINT('Origin',(59.4375000013333,11.3356170615475,-1.37311706288079));
#6139=CARTESIAN_POINT('',(63.4375000013333,6.83561706154752,-1.37311706288079));
#6140=CARTESIAN_POINT('Origin',(59.4375000013333,6.83561706154752,-1.37311706288079));
#6141=CARTESIAN_POINT('',(63.4375000013333,12.8356170615475,-1.37311706288079));
#6142=CARTESIAN_POINT('',(63.4375000013333,11.3356170615475,-1.37311706288079));
#6143=CARTESIAN_POINT('Origin',(59.4375000013333,12.8356170615475,-1.37311706288079));
#6144=CARTESIAN_POINT('Origin',(51.6875000013333,12.8356170615475,-5.87311706288079));
#6145=CARTESIAN_POINT('',(63.4375000013333,12.8356170615475,-5.87311706288079));
#6146=CARTESIAN_POINT('',(63.4375000013333,12.8356170615475,2.62688293711921));
#6147=CARTESIAN_POINT('',(51.6875000013333,12.8356170615475,-5.87311706288079));
#6148=CARTESIAN_POINT('Origin',(55.6875000013333,-27.8143829384525,-0.873117062880806));
#6149=CARTESIAN_POINT('Origin',(55.6875000013333,-27.8143829384525,3.1268829371192));
#6150=CARTESIAN_POINT('',(50.8875000013333,-24.2143829384525,-5.87311706288081));
#6151=CARTESIAN_POINT('',(50.8875000013333,-24.2143829384525,-0.873117062880805));
#6152=CARTESIAN_POINT('Origin',(55.6875000013333,-27.8143829384525,-5.87311706288081));
#6153=CARTESIAN_POINT('Origin',(47.6875000013333,-21.8143829384525,-0.873117062880804));
#6154=CARTESIAN_POINT('Origin',(47.6875000013333,-21.8143829384525,-5.87311706288081));
#6155=CARTESIAN_POINT('Origin',(57.5625000013333,9.83561706154752,-5.87311706288079));
#6156=CARTESIAN_POINT('',(56.6625000013333,9.83561706154752,-5.87311706288079));
#6157=CARTESIAN_POINT('Origin',(57.5625000013333,9.83561706154752,-5.87311706288079));
#6158=CARTESIAN_POINT('',(56.6625000013333,9.83561706154752,1.92688293711921));
#6159=CARTESIAN_POINT('',(56.6625000013333,9.83561706154752,-5.87311706288079));
#6160=CARTESIAN_POINT('Origin',(57.5625000013333,9.83561706154752,1.92688293711921));
#6161=CARTESIAN_POINT('Origin',(57.5625000013333,9.83561706154752,1.92688293711921));
#6162=CARTESIAN_POINT('Origin',(53.4375000013333,11.3356170615475,0.876882937119206));
#6163=CARTESIAN_POINT('',(53.4375000013333,6.83561706154752,0.876882937119201));
#6164=CARTESIAN_POINT('Origin',(51.6875000013333,6.83561706154752,2.62688293711921));
#6165=CARTESIAN_POINT('',(63.4375000013333,6.83561706154752,-5.87311706288079));
#6166=CARTESIAN_POINT('',(51.6875000013333,6.83561706154752,-5.87311706288079));
#6167=CARTESIAN_POINT('',(63.4375000013333,6.83561706154752,-5.87311706288079));
#6168=CARTESIAN_POINT('Origin',(63.4375000013333,9.83561706154752,-1.62311706288079));
#6169=CARTESIAN_POINT('',(63.4375000013333,12.8356170615475,-5.87311706288079));
#6170=CARTESIAN_POINT('Origin',(51.6875000013333,-21.8143829384525,-0.873117062880805));
#6171=CARTESIAN_POINT('',(51.6875000013333,29.8146170615475,-5.87311706288081));
#6172=CARTESIAN_POINT('',(51.6875000013333,-21.8143829384525,-5.87311706288081));
#6173=CARTESIAN_POINT('',(51.6875000013333,29.8146170615475,-4.87311706288081));
#6174=CARTESIAN_POINT('Origin',(57.5625000013333,-18.8143829384525,-5.87311706288079));
#6175=CARTESIAN_POINT('',(56.6625000013333,-18.8143829384525,-5.87311706288079));
#6176=CARTESIAN_POINT('Origin',(57.5625000013333,-18.8143829384525,-5.87311706288079));
#6177=CARTESIAN_POINT('',(56.6625000013333,-18.8143829384525,1.92688293711921));
#6178=CARTESIAN_POINT('',(56.6625000013333,-18.8143829384525,-5.87311706288079));
#6179=CARTESIAN_POINT('Origin',(57.5625000013333,-18.8143829384525,1.92688293711921));
#6180=CARTESIAN_POINT('Origin',(57.5625000013333,-18.8143829384525,1.92688293711921));
#6181=CARTESIAN_POINT('Origin',(53.4375000013333,-17.3143829384525,0.876882937119206));
#6182=CARTESIAN_POINT('Origin',(63.4375000013333,-18.8143829384525,-1.62311706288079));
#6183=CARTESIAN_POINT('',(63.4375000013333,-15.8143829384525,-5.87311706288079));
#6184=CARTESIAN_POINT('Origin',(33.1875000013333,-20.8143829384525,10.7268829371192));
#6185=CARTESIAN_POINT('',(33.1875000013333,-11.0092619378525,10.7268829371192));
#6186=CARTESIAN_POINT('',(33.1875000013333,-25.8143829384525,10.7268829371192));
#6187=CARTESIAN_POINT('',(33.1875000013333,-11.0092619378525,17.6268829371192));
#6188=CARTESIAN_POINT('',(33.1875000013333,-11.0092619378525,10.7268829371192));
#6189=CARTESIAN_POINT('',(33.1875000013333,-25.6143829384525,17.6268829371192));
#6190=CARTESIAN_POINT('',(33.1875000013333,-20.8143829384525,17.6268829371192));
#6191=CARTESIAN_POINT('',(33.1875000013333,-25.6143829384525,10.7268829371192));
#6192=CARTESIAN_POINT('Origin',(30.6875000013333,-4.81438293845248,-0.8731170628808));
#6193=CARTESIAN_POINT('',(41.8625000013333,-4.81438293845248,-5.8731170628808));
#6194=CARTESIAN_POINT('',(41.8625000013333,-4.81438293845248,-0.873117062880803));
#6195=CARTESIAN_POINT('Origin',(30.6875000013333,-4.81438293845248,-5.8731170628808));
#6196=CARTESIAN_POINT('Origin',(9.18750000133329,-15.8143829384525,10.7268829371192));
#6197=CARTESIAN_POINT('',(9.18750000133329,-15.8143829384525,10.7268829371192));
#6198=CARTESIAN_POINT('Ctrl Pts',(26.6835557256953,-7.34606096570995,11.0566336014721));
#6199=CARTESIAN_POINT('Ctrl Pts',(26.685552293671,-7.3458907054682,11.0392693917958));
#6200=CARTESIAN_POINT('Ctrl Pts',(26.6866453211092,-7.34586175807264,11.0217695758713));
#6201=CARTESIAN_POINT('Ctrl Pts',(26.6868124920121,-7.3459688352613,11.0042803516856));
#6202=CARTESIAN_POINT('Ctrl Pts',(26.6518129985,-7.32551828388402,11.0524946504779));
#6203=CARTESIAN_POINT('Ctrl Pts',(26.6536870071109,-7.32545587146554,11.0365017876813));
#6204=CARTESIAN_POINT('Ctrl Pts',(26.6546994986816,-7.32544493169916,11.0203896239159));
#6205=CARTESIAN_POINT('Ctrl Pts',(26.6548314540949,-7.32548417210772,11.0042803516853));
#6206=CARTESIAN_POINT('Ctrl Pts',(26.6141619039077,-7.31438293845248,11.0475853043327));
#6207=CARTESIAN_POINT('Ctrl Pts',(26.6159281429476,-7.31438360164598,11.0332252285363));
#6208=CARTESIAN_POINT('Ctrl Pts',(26.6168517485094,-7.3143833542854,11.0187524272506));
#6209=CARTESIAN_POINT('Ctrl Pts',(26.6169180516348,-7.31438293845248,11.0042803516848));
#6210=CARTESIAN_POINT('Ctrl Pts',(26.5764452271387,-7.31438293845248,11.0426674068928));
#6211=CARTESIAN_POINT('Ctrl Pts',(26.5781043068603,-7.31438293845248,11.0299434787593));
#6212=CARTESIAN_POINT('Ctrl Pts',(26.5789390020049,-7.31438293845248,11.017111988083));
#6213=CARTESIAN_POINT('Ctrl Pts',(26.5789390020051,-7.31438293845248,11.0042803516843));
#6214=CARTESIAN_POINT('',(26.6868124920121,-7.3459688352613,11.0042803516856));
#6215=CARTESIAN_POINT('',(26.5789390021242,-7.31438293845248,11.0042803516849));
#6216=CARTESIAN_POINT('Origin',(26.5789390020051,-7.51438293845248,11.0042803516843));
#6217=CARTESIAN_POINT('',(26.5764452271387,-7.31438293845248,11.0426674068928));
#6218=CARTESIAN_POINT('Ctrl Pts',(26.5789390020051,-7.31438293845248,11.0042803516843));
#6219=CARTESIAN_POINT('Ctrl Pts',(26.5789390020049,-7.31438293845248,11.017111988083));
#6220=CARTESIAN_POINT('Ctrl Pts',(26.5781043068603,-7.31438293845248,11.0299434787593));
#6221=CARTESIAN_POINT('Ctrl Pts',(26.5764452271387,-7.31438293845248,11.0426674068928));
#6222=CARTESIAN_POINT('',(26.6835557256952,-7.34606096570995,11.0566336014722));
#6223=CARTESIAN_POINT('Origin',(26.5764452271387,-7.51438293845248,11.0426674068928));
#6224=CARTESIAN_POINT('Ctrl Pts',(26.6835557256953,-7.34606096570995,11.0566336014721));
#6225=CARTESIAN_POINT('Ctrl Pts',(26.685552293671,-7.3458907054682,11.0392693917958));
#6226=CARTESIAN_POINT('Ctrl Pts',(26.6866453211092,-7.34586175807264,11.0217695758713));
#6227=CARTESIAN_POINT('Ctrl Pts',(26.6868124920121,-7.3459688352613,11.0042803516856));
#6228=CARTESIAN_POINT('Ctrl Pts',(26.32573775306,-8.06438293845248,11.76040843047));
#6229=CARTESIAN_POINT('Ctrl Pts',(26.3262892513506,-8.06295026523402,11.7604767149524));
#6230=CARTESIAN_POINT('Ctrl Pts',(26.3268411817745,-8.06151794341839,11.7605373455894));
#6231=CARTESIAN_POINT('Ctrl Pts',(26.4106185380865,-7.84433557907932,11.7702431290753));
#6232=CARTESIAN_POINT('Ctrl Pts',(26.5407048889332,-7.55252028379218,11.6370144430171));
#6233=CARTESIAN_POINT('Ctrl Pts',(26.6473300679477,-7.37289361894194,11.2914053098478));
#6234=CARTESIAN_POINT('Ctrl Pts',(26.674545989037,-7.34682928412441,11.1349915428808));
#6235=CARTESIAN_POINT('Ctrl Pts',(26.6835557256952,-7.34606096570995,11.0566336014722));
#6236=CARTESIAN_POINT('Ctrl Pts',(26.32573775306,-8.06438293845248,11.76040843047));
#6237=CARTESIAN_POINT('Ctrl Pts',(26.3261806936712,-8.06293647988142,11.7604687318852));
#6238=CARTESIAN_POINT('Ctrl Pts',(26.326663149524,-8.06144898424675,11.7605105307763));
#6239=CARTESIAN_POINT('Ctrl Pts',(26.3948908539705,-7.84119157890506,11.7683510660661));
#6240=CARTESIAN_POINT('Ctrl Pts',(26.508555479908,-7.5388030034757,11.6414399345887));
#6241=CARTESIAN_POINT('Ctrl Pts',(26.6138325752177,-7.35101930207756,11.290872406931));
#6242=CARTESIAN_POINT('Ctrl Pts',(26.6418004686824,-7.32564287402424,11.1319682391531));
#6243=CARTESIAN_POINT('Ctrl Pts',(26.6518129985,-7.32551828388402,11.052494650478));
#6244=CARTESIAN_POINT('Ctrl Pts',(26.32573775306,-8.06438293845248,11.76040843047));
#6245=CARTESIAN_POINT('Ctrl Pts',(26.3261001876787,-8.06291317133652,11.7604589948675));
#6246=CARTESIAN_POINT('Ctrl Pts',(26.3264562060151,-8.06139057200834,11.7604846970101));
#6247=CARTESIAN_POINT('Ctrl Pts',(26.3811726527504,-7.83726884054502,11.7666488495519));
#6248=CARTESIAN_POINT('Ctrl Pts',(26.4745061667027,-7.52899163551957,11.6369683651255));
#6249=CARTESIAN_POINT('Ctrl Pts',(26.5742101468901,-7.33937571083523,11.2856655980206));
#6250=CARTESIAN_POINT('Ctrl Pts',(26.6032166138305,-7.3142495852291,11.1269267533567));
#6251=CARTESIAN_POINT('Ctrl Pts',(26.6141619039077,-7.31438293845248,11.0475853043327));
#6252=CARTESIAN_POINT('Ctrl Pts',(26.32573775306,-8.06438293845248,11.76040843047));
#6253=CARTESIAN_POINT('Ctrl Pts',(26.3260016946083,-8.06286853922554,11.7604411107381));
#6254=CARTESIAN_POINT('Ctrl Pts',(26.3262676476092,-8.06135487058613,11.7604663211877));
#6255=CARTESIAN_POINT('Ctrl Pts',(26.3661195847241,-7.83170093159214,11.7647250343045));
#6256=CARTESIAN_POINT('Ctrl Pts',(26.4421172995931,-7.52410590795779,11.6240510605153));
#6257=CARTESIAN_POINT('Ctrl Pts',(26.5352329490524,-7.33996198117433,11.2766846824295));
#6258=CARTESIAN_POINT('Ctrl Pts',(26.5646043509681,-7.31438293845247,11.120618899447));
#6259=CARTESIAN_POINT('Ctrl Pts',(26.5764452271387,-7.31438293845248,11.0426674068928));
#6260=CARTESIAN_POINT('',(26.32573775306,-8.06438293845248,11.76040843047));
#6261=CARTESIAN_POINT('Ctrl Pts',(26.5764452271387,-7.31438293845248,11.0426674068928));
#6262=CARTESIAN_POINT('Ctrl Pts',(26.5646043509681,-7.31438293845247,11.120618899447));
#6263=CARTESIAN_POINT('Ctrl Pts',(26.5352329490524,-7.33996198117433,11.2766846824295));
#6264=CARTESIAN_POINT('Ctrl Pts',(26.4421172995931,-7.52410590795779,11.6240510605153));
#6265=CARTESIAN_POINT('Ctrl Pts',(26.3661195847241,-7.83170093159214,11.7647250343045));
#6266=CARTESIAN_POINT('Ctrl Pts',(26.3262676476092,-8.06135487058613,11.7604663211877));
#6267=CARTESIAN_POINT('Ctrl Pts',(26.3260016946083,-8.06286853922554,11.7604411107381));
#6268=CARTESIAN_POINT('Ctrl Pts',(26.32573775306,-8.06438293845248,11.76040843047));
#6269=CARTESIAN_POINT('Ctrl Pts',(26.32573775306,-8.06438293845248,11.76040843047));
#6270=CARTESIAN_POINT('Ctrl Pts',(26.3262892513506,-8.06295026523402,11.7604767149524));
#6271=CARTESIAN_POINT('Ctrl Pts',(26.3268411817745,-8.06151794341839,11.7605373455894));
#6272=CARTESIAN_POINT('Ctrl Pts',(26.4106185380865,-7.84433557907932,11.7702431290753));
#6273=CARTESIAN_POINT('Ctrl Pts',(26.5407048889332,-7.55252028379218,11.6370144430171));
#6274=CARTESIAN_POINT('Ctrl Pts',(26.6473300679477,-7.37289361894194,11.2914053098478));
#6275=CARTESIAN_POINT('Ctrl Pts',(26.674545989037,-7.34682928412441,11.1349915428808));
#6276=CARTESIAN_POINT('Ctrl Pts',(26.6835557256952,-7.34606096570995,11.0566336014722));
#6277=CARTESIAN_POINT('Ctrl Pts',(26.5764452271387,-7.31438293845248,14.7110984673456));
#6278=CARTESIAN_POINT('Ctrl Pts',(26.5781043068603,-7.31438293845248,14.7238223954791));
#6279=CARTESIAN_POINT('Ctrl Pts',(26.5789390020049,-7.31438293845248,14.7366538861553));
#6280=CARTESIAN_POINT('Ctrl Pts',(26.5789390020051,-7.31438293845248,14.7494855225541));
#6281=CARTESIAN_POINT('Ctrl Pts',(26.6141619039077,-7.31438293845248,14.7061805699057));
#6282=CARTESIAN_POINT('Ctrl Pts',(26.6159281429476,-7.31438360164598,14.7205406457021));
#6283=CARTESIAN_POINT('Ctrl Pts',(26.6168517485094,-7.3143833542854,14.7350134469878));
#6284=CARTESIAN_POINT('Ctrl Pts',(26.6169180516348,-7.31438293845248,14.7494855225536));
#6285=CARTESIAN_POINT('Ctrl Pts',(26.6518129985,-7.32551828388402,14.7012712237605));
#6286=CARTESIAN_POINT('Ctrl Pts',(26.6536870071109,-7.32545587146554,14.7172640865571));
#6287=CARTESIAN_POINT('Ctrl Pts',(26.6546994986816,-7.32544493169916,14.7333762503224));
#6288=CARTESIAN_POINT('Ctrl Pts',(26.6548314540949,-7.32548417210772,14.7494855225532));
#6289=CARTESIAN_POINT('Ctrl Pts',(26.6835557256953,-7.34606096570995,14.6971322727663));
#6290=CARTESIAN_POINT('Ctrl Pts',(26.685552293671,-7.3458907054682,14.7144964824426));
#6291=CARTESIAN_POINT('Ctrl Pts',(26.6866453211092,-7.34586175807264,14.7319962983671));
#6292=CARTESIAN_POINT('Ctrl Pts',(26.6868124920121,-7.3459688352613,14.7494855225528));
#6293=CARTESIAN_POINT('',(26.5789390021242,-7.31438293845248,14.7494855225535));
#6294=CARTESIAN_POINT('',(26.6868124920121,-7.3459688352613,14.7494855225528));
#6295=CARTESIAN_POINT('Origin',(26.5789390020051,-7.51438293845248,14.7494855225541));
#6296=CARTESIAN_POINT('',(26.6835557256952,-7.34606096570995,14.6971322727662));
#6297=CARTESIAN_POINT('Ctrl Pts',(26.6868124920121,-7.3459688352613,14.7494855225528));
#6298=CARTESIAN_POINT('Ctrl Pts',(26.6866453211092,-7.34586175807264,14.7319962983671));
#6299=CARTESIAN_POINT('Ctrl Pts',(26.685552293671,-7.3458907054682,14.7144964824426));
#6300=CARTESIAN_POINT('Ctrl Pts',(26.6835557256953,-7.34606096570995,14.6971322727663));
#6301=CARTESIAN_POINT('',(26.5764452271387,-7.31438293845248,14.7110984673456));
#6302=CARTESIAN_POINT('Origin',(26.5764452271387,-7.51438293845248,14.7110984673456));
#6303=CARTESIAN_POINT('Ctrl Pts',(26.5764452271387,-7.31438293845248,14.7110984673456));
#6304=CARTESIAN_POINT('Ctrl Pts',(26.5781043068603,-7.31438293845248,14.7238223954791));
#6305=CARTESIAN_POINT('Ctrl Pts',(26.5789390020049,-7.31438293845248,14.7366538861553));
#6306=CARTESIAN_POINT('Ctrl Pts',(26.5789390020051,-7.31438293845248,14.7494855225541));
#6307=CARTESIAN_POINT('Ctrl Pts',(26.32573775306,-8.06438293845248,13.9933574437684));
#6308=CARTESIAN_POINT('Ctrl Pts',(26.3260016946084,-8.06286853922529,13.9933247635003));
#6309=CARTESIAN_POINT('Ctrl Pts',(26.3262676474727,-8.0613548703773,13.9932995527114));
#6310=CARTESIAN_POINT('Ctrl Pts',(26.3661196150023,-7.8317009779638,13.9890409151873));
#6311=CARTESIAN_POINT('Ctrl Pts',(26.4421173979372,-7.52410601577414,14.129715058346));
#6312=CARTESIAN_POINT('Ctrl Pts',(26.5352329810938,-7.33996200981158,14.4770812781062));
#6313=CARTESIAN_POINT('Ctrl Pts',(26.5646043509681,-7.31438293845247,14.6331469747914));
#6314=CARTESIAN_POINT('Ctrl Pts',(26.5764452271387,-7.31438293845248,14.7110984673456));
#6315=CARTESIAN_POINT('Ctrl Pts',(26.32573775306,-8.06438293845248,13.9933574437684));
#6316=CARTESIAN_POINT('Ctrl Pts',(26.3261001876788,-8.06291317133627,13.9933068793708));
#6317=CARTESIAN_POINT('Ctrl Pts',(26.3264562058786,-8.0613905717995,13.993281176889));
#6318=CARTESIAN_POINT('Ctrl Pts',(26.3811726830285,-7.83726888691669,13.9871170999398));
#6319=CARTESIAN_POINT('Ctrl Pts',(26.4745062650469,-7.52899174333591,14.1167977537358));
#6320=CARTESIAN_POINT('Ctrl Pts',(26.5742101789314,-7.33937573947247,14.4681003625151));
#6321=CARTESIAN_POINT('Ctrl Pts',(26.6032166138305,-7.3142495852291,14.6268391208816));
#6322=CARTESIAN_POINT('Ctrl Pts',(26.6141619039077,-7.31438293845248,14.7061805699057));
#6323=CARTESIAN_POINT('Ctrl Pts',(26.32573775306,-8.06438293845248,13.9933574437684));
#6324=CARTESIAN_POINT('Ctrl Pts',(26.3261806936713,-8.06293647988119,13.9932971423532));
#6325=CARTESIAN_POINT('Ctrl Pts',(26.3266631495844,-8.06144898408654,13.9932553430986));
#6326=CARTESIAN_POINT('Ctrl Pts',(26.3948908405566,-7.84119161448825,13.9854148888021));
#6327=CARTESIAN_POINT('Ctrl Pts',(26.5085554533429,-7.53880308054433,14.1123261999436));
#6328=CARTESIAN_POINT('Ctrl Pts',(26.6138325701372,-7.35101932160294,14.4628935582486));
#6329=CARTESIAN_POINT('Ctrl Pts',(26.6418004686824,-7.32564287402424,14.6217976350853));
#6330=CARTESIAN_POINT('Ctrl Pts',(26.6518129985,-7.32551828388402,14.7012712237604));
#6331=CARTESIAN_POINT('Ctrl Pts',(26.32573775306,-8.06438293845248,13.9933574437684));
#6332=CARTESIAN_POINT('Ctrl Pts',(26.3262892513508,-8.06295026523381,13.993289159286));
#6333=CARTESIAN_POINT('Ctrl Pts',(26.3268411818349,-8.06151794325818,13.9932285282855));
#6334=CARTESIAN_POINT('Ctrl Pts',(26.4106185246726,-7.84433561466251,13.983522825793));
#6335=CARTESIAN_POINT('Ctrl Pts',(26.5407048623681,-7.5525203608608,14.1167516915153));
#6336=CARTESIAN_POINT('Ctrl Pts',(26.6473300628672,-7.37289363846732,14.4623606553319));
#6337=CARTESIAN_POINT('Ctrl Pts',(26.674545989037,-7.34682928412441,14.6187743313576));
#6338=CARTESIAN_POINT('Ctrl Pts',(26.6835557256952,-7.34606096570995,14.6971322727662));
#6339=CARTESIAN_POINT('',(26.32573775306,-8.06438293845248,13.9933574437684));
#6340=CARTESIAN_POINT('Ctrl Pts',(26.6835557256952,-7.34606096570995,14.6971322727662));
#6341=CARTESIAN_POINT('Ctrl Pts',(26.674545989037,-7.34682928412441,14.6187743313576));
#6342=CARTESIAN_POINT('Ctrl Pts',(26.6473300628672,-7.37289363846732,14.4623606553319));
#6343=CARTESIAN_POINT('Ctrl Pts',(26.5407048623681,-7.5525203608608,14.1167516915153));
#6344=CARTESIAN_POINT('Ctrl Pts',(26.4106185246726,-7.84433561466251,13.983522825793));
#6345=CARTESIAN_POINT('Ctrl Pts',(26.3268411818349,-8.06151794325818,13.9932285282855));
#6346=CARTESIAN_POINT('Ctrl Pts',(26.3262892513508,-8.06295026523381,13.993289159286));
#6347=CARTESIAN_POINT('Ctrl Pts',(26.32573775306,-8.06438293845248,13.9933574437684));
#6348=CARTESIAN_POINT('Ctrl Pts',(26.32573775306,-8.06438293845248,13.9933574437684));
#6349=CARTESIAN_POINT('Ctrl Pts',(26.3260016946084,-8.06286853922529,13.9933247635003));
#6350=CARTESIAN_POINT('Ctrl Pts',(26.3262676474727,-8.0613548703773,13.9932995527114));
#6351=CARTESIAN_POINT('Ctrl Pts',(26.3661196150023,-7.8317009779638,13.9890409151873));
#6352=CARTESIAN_POINT('Ctrl Pts',(26.4421173979372,-7.52410601577414,14.129715058346));
#6353=CARTESIAN_POINT('Ctrl Pts',(26.5352329810938,-7.33996200981158,14.4770812781062));
#6354=CARTESIAN_POINT('Ctrl Pts',(26.5646043509681,-7.31438293845247,14.6331469747914));
#6355=CARTESIAN_POINT('Ctrl Pts',(26.5764452271387,-7.31438293845248,14.7110984673456));
#6356=CARTESIAN_POINT('Ctrl Pts',(26.2411805144698,-7.97411452407727,11.7531643769319));
#6357=CARTESIAN_POINT('Ctrl Pts',(26.4041798717038,-8.14812320467055,11.7609509254924));
#6358=CARTESIAN_POINT('Ctrl Pts',(26.7266711055796,-8.49239618256369,11.8485129041655));
#6359=CARTESIAN_POINT('Ctrl Pts',(27.109887707186,-8.90149604871364,12.1716797721891));
#6360=CARTESIAN_POINT('Ctrl Pts',(27.3213107073055,-9.1271990080514,12.626238840484));
#6361=CARTESIAN_POINT('Ctrl Pts',(27.321167094084,-9.12704569488733,13.1275057102209));
#6362=CARTESIAN_POINT('Ctrl Pts',(27.1100323678232,-8.90165048003806,13.5821895602691));
#6363=CARTESIAN_POINT('Ctrl Pts',(26.7266052656418,-8.49232589565638,13.9051876177676));
#6364=CARTESIAN_POINT('Ctrl Pts',(26.4041798717038,-8.14812320467055,13.992814948746));
#6365=CARTESIAN_POINT('Ctrl Pts',(26.2411805144698,-7.97411452407727,14.0006014973065));
#6366=CARTESIAN_POINT('Ctrl Pts',(26.3025693302606,-7.87805444938871,11.756096946749));
#6367=CARTESIAN_POINT('Ctrl Pts',(26.4678325724546,-8.04715836427228,11.7729413061401));
#6368=CARTESIAN_POINT('Ctrl Pts',(26.7877490351971,-8.3798433849887,11.8808350468007));
#6369=CARTESIAN_POINT('Ctrl Pts',(27.1424999631698,-8.76699712629846,12.2196846874311));
#6370=CARTESIAN_POINT('Ctrl Pts',(27.3199224858152,-8.97354997208565,12.6511217106921));
#6371=CARTESIAN_POINT('Ctrl Pts',(27.3198951609027,-8.97342953724354,13.1027898272573));
#6372=CARTESIAN_POINT('Ctrl Pts',(27.1427983274409,-8.76722321798964,13.5339567996438));
#6373=CARTESIAN_POINT('Ctrl Pts',(26.7876324970061,-8.37975769547019,13.872896129305));
#6374=CARTESIAN_POINT('Ctrl Pts',(26.4678325724546,-8.04715836427228,13.9808245680983));
#6375=CARTESIAN_POINT('Ctrl Pts',(26.3025693302606,-7.87805444938871,13.9976689274894));
#6376=CARTESIAN_POINT('Ctrl Pts',(26.4276820735118,-7.68624045080177,11.7089751390806));
#6377=CARTESIAN_POINT('Ctrl Pts',(26.6054228061208,-7.84559190112669,11.7389479331411));
#6378=CARTESIAN_POINT('Ctrl Pts',(26.9405475130276,-8.15531015921911,11.8803506261224));
#6379=CARTESIAN_POINT('Ctrl Pts',(27.2767643003273,-8.49891544488756,12.2595363260809));
#6380=CARTESIAN_POINT('Ctrl Pts',(27.414952911085,-8.66746500664232,12.6780946907868));
#6381=CARTESIAN_POINT('Ctrl Pts',(27.4149660473235,-8.66744251923333,13.0761107208599));
#6382=CARTESIAN_POINT('Ctrl Pts',(27.2773676554013,-8.49928300602369,13.4938428639689));
#6383=CARTESIAN_POINT('Ctrl Pts',(26.9403389779493,-8.15519387573861,13.8733586008265));
#6384=CARTESIAN_POINT('Ctrl Pts',(26.6054228061208,-7.84559190112669,14.0148179410973));
#6385=CARTESIAN_POINT('Ctrl Pts',(26.4276820735118,-7.68624045080177,14.0447907351579));
#6386=CARTESIAN_POINT('Ctrl Pts',(26.611213175143,-7.41837555863031,11.4586766011862));
#6387=CARTESIAN_POINT('Ctrl Pts',(26.8297330561307,-7.57066394762669,11.491477661098));
#6388=CARTESIAN_POINT('Ctrl Pts',(27.2461241560897,-7.8639186110002,11.6557308189178));
#6389=CARTESIAN_POINT('Ctrl Pts',(27.6767731304587,-8.17882028072441,12.1127430559693));
#6390=CARTESIAN_POINT('Ctrl Pts',(27.8624553242111,-8.32398831497719,12.6289143351614));
#6391=CARTESIAN_POINT('Ctrl Pts',(27.8624569182143,-8.32391232141238,13.1253666985537));
#6392=CARTESIAN_POINT('Ctrl Pts',(27.6774913754127,-8.17926887324182,13.64061664182));
#6393=CARTESIAN_POINT('Ctrl Pts',(27.2458940786385,-7.86377751421741,14.0979386248819));
#6394=CARTESIAN_POINT('Ctrl Pts',(26.8297330561307,-7.57066394762669,14.2622882131404));
#6395=CARTESIAN_POINT('Ctrl Pts',(26.611213175143,-7.41837555863031,14.2950892730522));
#6396=CARTESIAN_POINT('Ctrl Pts',(26.6757035345242,-7.33885326719507,11.1749378299576));
#6397=CARTESIAN_POINT('Ctrl Pts',(26.9295651659455,-7.50124927535172,11.1954962822304));
#6398=CARTESIAN_POINT('Ctrl Pts',(27.4259593054262,-7.81957680079845,11.3485639618094));
#6399=CARTESIAN_POINT('Ctrl Pts',(27.9927619863696,-8.18227639187567,11.856905948119));
#6400=CARTESIAN_POINT('Ctrl Pts',(28.2863043157234,-8.36991726439435,12.5234960543696));
#6401=CARTESIAN_POINT('Ctrl Pts',(28.2861098681028,-8.37012174564592,13.230461439457));
#6402=CARTESIAN_POINT('Ctrl Pts',(27.9932182939605,-8.18251231342238,13.8966877674856));
#6403=CARTESIAN_POINT('Ctrl Pts',(27.4257774329683,-7.8195030284666,14.4051547128894));
#6404=CARTESIAN_POINT('Ctrl Pts',(26.9295651659455,-7.50124927535172,14.558269592008));
#6405=CARTESIAN_POINT('Ctrl Pts',(26.6757035345242,-7.33885326719507,14.5788280442808));
#6406=CARTESIAN_POINT('Ctrl Pts',(26.6814931107542,-7.34256163711046,11.0040186701404));
#6407=CARTESIAN_POINT('Ctrl Pts',(26.9531587061443,-7.51657031770373,11.0169962510746));
#6408=CARTESIAN_POINT('Ctrl Pts',(27.4906440959373,-7.86084329559688,11.1629328821963));
#6409=CARTESIAN_POINT('Ctrl Pts',(28.1293384319479,-8.26994316174683,11.7015443289023));
#6410=CARTESIAN_POINT('Ctrl Pts',(28.4817100988138,-8.49564612108458,12.4591427760606));
#6411=CARTESIAN_POINT('Ctrl Pts',(28.4814707434446,-8.49549280792051,13.2945875589553));
#6412=CARTESIAN_POINT('Ctrl Pts',(28.12957953301,-8.27009759307125,14.0523939757023));
#6413=CARTESIAN_POINT('Ctrl Pts',(27.4905343627076,-7.86077300868957,14.5907240715332));
#6414=CARTESIAN_POINT('Ctrl Pts',(26.9531587061443,-7.51657031770374,14.7367696231638));
#6415=CARTESIAN_POINT('Ctrl Pts',(26.6814931107542,-7.34256163711046,14.749747204098));
#6416=CARTESIAN_POINT('Origin',(26.1875000013333,-7.91680831488135,12.8768829371192));
#6417=CARTESIAN_POINT('Origin',(26.5920255888601,-7.28525542791454,12.8768829371192));
#6418=CARTESIAN_POINT('Origin',(26.1875000013333,-8.06438293845248,12.8768829371192));
#6419=CARTESIAN_POINT('Origin',(26.1875000013333,-7.31438293845248,12.8768829371192));
#6420=CARTESIAN_POINT('',(25.0625000013333,-8.06438293845248,12.8768829371192));
#6421=CARTESIAN_POINT('Origin',(26.1875000013333,-8.06438293845248,12.8768829371192));
#6422=CARTESIAN_POINT('Origin',(26.1875000013333,-8.06438293845248,12.8768829371192));
#6423=CARTESIAN_POINT('Origin',(31.1875000013333,-10.2287729464525,66.3270984533192));
#6424=CARTESIAN_POINT('',(26.6868124921333,-7.34596883525248,18.9268829371192));
#6425=CARTESIAN_POINT('',(26.6868124921314,-7.34596883525551,66.3270984533192));
#6426=CARTESIAN_POINT('',(31.1875000013333,-10.2287729464525,18.9268829371192));
#6427=CARTESIAN_POINT('',(31.1875000013333,-10.2287729464525,18.9268829371192));
#6428=CARTESIAN_POINT('',(31.1875000014018,-10.2287729464964,66.3270984533192));
#6429=CARTESIAN_POINT('',(26.6868124921031,-7.34596883531958,66.3270984533192));
#6430=CARTESIAN_POINT('Origin',(26.5789390021333,-7.51438293845248,66.3270984533192));
#6431=CARTESIAN_POINT('',(26.5789390021333,-7.31438293845248,18.9268829371192));
#6432=CARTESIAN_POINT('',(26.5789390021333,-7.31438293845248,66.3270984533192));
#6433=CARTESIAN_POINT('Origin',(26.5789390021333,-7.51438293845248,18.9268829371192));
#6434=CARTESIAN_POINT('Origin',(26.1875000013333,-1.18561706154752,12.8768829371192));
#6435=CARTESIAN_POINT('',(25.0625000013333,-11.6856170615475,12.8768829371192));
#6436=CARTESIAN_POINT('Origin',(26.1875000013333,-11.6856170615475,12.8768829371192));
#6437=CARTESIAN_POINT('',(25.0625000013333,-1.18561706154752,12.8768829371192));
#6438=CARTESIAN_POINT('Origin',(19.3875000013333,-10.0074973193324,66.3270984533192));
#6439=CARTESIAN_POINT('',(19.1875000013333,-10.0074973193324,17.6268829371192));
#6440=CARTESIAN_POINT('',(19.1875000013333,-10.0074973193324,66.3270984533192));
#6441=CARTESIAN_POINT('',(19.3737450667315,-9.80797087553589,17.6268829371192));
#6442=CARTESIAN_POINT('Origin',(19.3875000013333,-10.0074973193324,17.6268829371192));
#6443=CARTESIAN_POINT('',(19.3737450667315,-9.80797087553589,66.3270984533192));
#6444=CARTESIAN_POINT('Ctrl Pts',(19.1875000013333,-10.0074973193324,17.6268829371192));
#6445=CARTESIAN_POINT('Ctrl Pts',(19.1875000013333,-10.0074973193324,17.9751353446414));
#6446=CARTESIAN_POINT('Ctrl Pts',(19.3997635103247,-10.0046925120551,18.5546569604358));
#6447=CARTESIAN_POINT('Ctrl Pts',(20.0625203390433,-9.87324648568099,19.0457145925142));
#6448=CARTESIAN_POINT('Ctrl Pts',(20.4886164641183,-9.70144766012553,19.1268829371191));
#6449=CARTESIAN_POINT('Ctrl Pts',(20.6875000013326,-9.59766842893888,19.1268829371192));
#6450=CARTESIAN_POINT('Ctrl Pts',(19.1875000013333,-9.95743174195906,17.6268829371192));
#6451=CARTESIAN_POINT('Ctrl Pts',(19.1875000013333,-9.95743174195906,17.9744137066172));
#6452=CARTESIAN_POINT('Ctrl Pts',(19.3994674202317,-9.95670271092596,18.5510455947256));
#6453=CARTESIAN_POINT('Ctrl Pts',(20.0500402414257,-9.82809198227423,19.0379657188824));
#6454=CARTESIAN_POINT('Ctrl Pts',(20.4658482052268,-9.65668956252977,19.1232217212184));
#6455=CARTESIAN_POINT('Ctrl Pts',(20.6604922503978,-9.55281156583497,19.1268829371192));
#6456=CARTESIAN_POINT('Ctrl Pts',(19.227036466896,-9.85771496017927,17.6268829371192));
#6457=CARTESIAN_POINT('Ctrl Pts',(19.227036466896,-9.85771496017927,17.9635401162952));
#6458=CARTESIAN_POINT('Ctrl Pts',(19.4291016791142,-9.86097426436692,18.5211780317849));
#6459=CARTESIAN_POINT('Ctrl Pts',(20.0395788084858,-9.73796566142102,18.9904246291662));
#6460=CARTESIAN_POINT('Ctrl Pts',(20.4263661577084,-9.56748226352421,19.0767387522921));
#6461=CARTESIAN_POINT('Ctrl Pts',(20.6067465855276,-9.46354600879804,19.0834394372992));
#6462=CARTESIAN_POINT('Ctrl Pts',(19.3237980336818,-9.81141411924876,17.6268829371192));
#6463=CARTESIAN_POINT('Ctrl Pts',(19.3237980336818,-9.81141411924876,17.9403685146883));
#6464=CARTESIAN_POINT('Ctrl Pts',(19.5047142533653,-9.81211303006444,18.4610861389372));
#6465=CARTESIAN_POINT('Ctrl Pts',(20.062779651975,-9.69051722164849,18.9012467824418));
#6466=CARTESIAN_POINT('Ctrl Pts',(20.4187862285987,-9.52609134777449,18.9769428588516));
#6467=CARTESIAN_POINT('Ctrl Pts',(20.584337991819,-9.42632783306886,18.979242814679));
#6468=CARTESIAN_POINT('Ctrl Pts',(19.3737450667315,-9.80797087553589,17.6268829371192));
#6469=CARTESIAN_POINT('Ctrl Pts',(19.3737450667315,-9.80797087553589,17.9287016903051));
#6470=CARTESIAN_POINT('Ctrl Pts',(19.5450548682244,-9.80535896796193,18.430953757327));
#6471=CARTESIAN_POINT('Ctrl Pts',(20.0799406868248,-9.68295309907002,18.8565370384616));
#6472=CARTESIAN_POINT('Ctrl Pts',(20.4238266564403,-9.52296968156549,18.9268829371191));
#6473=CARTESIAN_POINT('Ctrl Pts',(20.584337991819,-9.42632783306885,18.9268829371192));
#6474=CARTESIAN_POINT('',(20.6875000013327,-9.59766842893911,19.1268829371192));
#6475=CARTESIAN_POINT('',(20.584337991819,-9.42632783306884,18.9268829371192));
#6476=CARTESIAN_POINT('Origin',(20.6875000013327,-9.59766842893888,18.9268829371192));
#6477=CARTESIAN_POINT('Ctrl Pts',(20.584337991819,-9.42632783306885,18.9268829371192));
#6478=CARTESIAN_POINT('Ctrl Pts',(20.4238266564403,-9.52296968156549,18.9268829371191));
#6479=CARTESIAN_POINT('Ctrl Pts',(20.0799406868248,-9.68295309907002,18.8565370384616));
#6480=CARTESIAN_POINT('Ctrl Pts',(19.5450548682244,-9.80535896796193,18.430953757327));
#6481=CARTESIAN_POINT('Ctrl Pts',(19.3737450667315,-9.80797087553589,17.9287016903051));
#6482=CARTESIAN_POINT('Ctrl Pts',(19.3737450667315,-9.80797087553589,17.6268829371192));
#6483=CARTESIAN_POINT('Ctrl Pts',(19.1875000013333,-10.0074973193324,17.6268829371192));
#6484=CARTESIAN_POINT('Ctrl Pts',(19.1875000013333,-10.0074973193324,17.9751353446414));
#6485=CARTESIAN_POINT('Ctrl Pts',(19.3997635103247,-10.0046925120551,18.5546569604358));
#6486=CARTESIAN_POINT('Ctrl Pts',(20.0625203390433,-9.87324648568099,19.0457145925142));
#6487=CARTESIAN_POINT('Ctrl Pts',(20.4886164641183,-9.70144766012553,19.1268829371191));
#6488=CARTESIAN_POINT('Ctrl Pts',(20.6875000013326,-9.59766842893888,19.1268829371192));
#6489=CARTESIAN_POINT('Origin',(27.3430742309545,-5.33593286041768,18.9268829371192));
#6490=CARTESIAN_POINT('',(20.6481325512976,-9.38670243049673,18.9268829371192));
#6491=CARTESIAN_POINT('',(20.7560060413047,-9.55511653368788,19.1268829371192));
#6492=CARTESIAN_POINT('Origin',(20.7560060413047,-9.55511653368788,18.9268829371192));
#6493=CARTESIAN_POINT('',(23.9420373662472,-7.51438293845248,19.1268829371192));
#6494=CARTESIAN_POINT('',(27.3430742309545,-5.33593286041768,19.1268829371192));
#6495=CARTESIAN_POINT('',(23.83416387624,-7.34596883526133,18.9268829371192));
#6496=CARTESIAN_POINT('Origin',(23.9420373662472,-7.51438293845248,18.9268829371192));
#6497=CARTESIAN_POINT('',(27.2352007409473,-5.16751875722653,18.9268829371192));
#6498=CARTESIAN_POINT('Origin',(19.1875000013333,-7.10633566975248,18.9268829371192));
#6499=CARTESIAN_POINT('Origin',(19.1875000013333,-7.10633566975248,18.9268829371192));
#6500=CARTESIAN_POINT('Origin',(19.1875000013333,-7.10633566975248,19.1268829371192));
#6501=CARTESIAN_POINT('Origin',(23.9420373662472,-7.51438293845248,66.3270984533192));
#6502=CARTESIAN_POINT('',(23.83416387624,-7.34596883526133,66.3270984533192));
#6503=CARTESIAN_POINT('',(23.9420373662472,-7.31438293845248,18.9268829371192));
#6504=CARTESIAN_POINT('Origin',(23.9420373662472,-7.51438293845248,18.9268829371192));
#6505=CARTESIAN_POINT('',(23.9420373662472,-7.31438293845248,66.3270984533192));
#6506=CARTESIAN_POINT('Origin',(23.9420373662472,-7.51438293845248,18.9268829371192));
#6507=CARTESIAN_POINT('Origin',(23.9420373662472,-7.51438293845248,18.9268829371192));
#6508=CARTESIAN_POINT('Origin',(19.1875000013333,-7.10633566975248,66.3270984533192));
#6509=CARTESIAN_POINT('',(20.6481325512291,-9.38670243054063,66.3270984533192));
#6510=CARTESIAN_POINT('Origin',(20.6481325512976,-9.38670243049673,66.3270984533192));
#6511=CARTESIAN_POINT('Origin',(26.1875000013333,-7.31438293845248,66.3270984533192));
#6512=CARTESIAN_POINT('',(26.5789390021333,-7.31438293845248,66.3270984533192));
#6513=CARTESIAN_POINT('',(26.1875000013333,-7.31438293845248,18.9268829371192));
#6514=CARTESIAN_POINT('Origin',(30.1875000013333,-4.81438293845248,10.7268829371192));
#6515=CARTESIAN_POINT('',(19.1875000013333,-15.8143829384525,10.7268829371192));
#6516=CARTESIAN_POINT('',(19.6875000013333,-15.8143829384525,10.7268829371192));
#6517=CARTESIAN_POINT('',(19.1875000013333,-16.4603593041025,10.7268829371192));
#6518=CARTESIAN_POINT('Origin',(20.6875000013333,-25.8143829384525,17.6268829371192));
#6519=CARTESIAN_POINT('',(19.1875000013333,-25.6143829384525,17.6268829371192));
#6520=CARTESIAN_POINT('',(19.1875000013333,-25.8143829384525,17.6268829371192));
#6521=CARTESIAN_POINT('',(20.6875000013333,-25.6143829384525,19.1268829371192));
#6522=CARTESIAN_POINT('Origin',(20.6875000013333,-25.6143829384525,17.6268829371192));
#6523=CARTESIAN_POINT('',(20.6875000013333,-21.8143829384525,19.1268829371192));
#6524=CARTESIAN_POINT('Origin',(19.1875000013333,-25.8143829384525,10.7268829371192));
#6525=CARTESIAN_POINT('',(19.1875000013333,-15.8143829384525,-0.873117062880798));
#6526=CARTESIAN_POINT('',(19.1875000013333,-15.8143829384525,10.7268829371192));
#6527=CARTESIAN_POINT('',(19.1875000013333,-25.6143829384525,-0.873117062880798));
#6528=CARTESIAN_POINT('',(19.1875000013333,-23.8143829384525,-0.873117062880798));
#6529=CARTESIAN_POINT('',(19.1875000013333,-25.6143829384525,10.7268829371192));
#6530=CARTESIAN_POINT('',(19.1875000013333,-16.9430083085384,4.92665983533905));
#6531=CARTESIAN_POINT('',(19.1875000013333,-16.942852367515,3.81649621723629));
#6532=CARTESIAN_POINT('',(19.1875000013333,-16.9434157651586,7.82739439536815));
#6533=CARTESIAN_POINT('',(19.1875000013333,-16.6120201427143,3.81654268814819));
#6534=CARTESIAN_POINT('',(19.1875000013333,-21.3781322258518,3.81587320809722));
#6535=CARTESIAN_POINT('',(19.1875000013333,-16.6123713094686,6.31654266348457));
#6536=CARTESIAN_POINT('',(19.1875000013333,-16.6125055698462,7.27235905722867));
#6537=CARTESIAN_POINT('',(19.1875000013333,-17.7208297877128,6.3163869619766));
#6538=CARTESIAN_POINT('',(19.1875000013333,-21.2130672802058,6.31589641888955));
#6539=CARTESIAN_POINT('',(19.1875000013333,-18.2290057969125,6.24895547637311));
#6540=CARTESIAN_POINT('Ctrl Pts',(19.1875000013333,-17.7208297877128,6.3163869619766));
#6541=CARTESIAN_POINT('Ctrl Pts',(19.1875000013333,-17.8195918575488,6.31561314633712));
#6542=CARTESIAN_POINT('Ctrl Pts',(19.1875000013333,-17.9920609583788,6.31426182504778));
#6543=CARTESIAN_POINT('Ctrl Pts',(19.1875000013333,-18.1580626862695,6.26850870044158));
#6544=CARTESIAN_POINT('Ctrl Pts',(19.1875000013333,-18.2290057969125,6.24895547637311));
#6545=CARTESIAN_POINT('',(19.1875000013333,-18.5069395332074,6.01102416350238));
#6546=CARTESIAN_POINT('Ctrl Pts',(19.1875000013333,-18.2290057969125,6.24895547637311));
#6547=CARTESIAN_POINT('Ctrl Pts',(19.1875000013333,-18.2843775293793,6.22168449079476));
#6548=CARTESIAN_POINT('Ctrl Pts',(19.1875000013333,-18.3972142751898,6.1661115634071));
#6549=CARTESIAN_POINT('Ctrl Pts',(19.1875000013333,-18.4699148809229,6.06335538749694));
#6550=CARTESIAN_POINT('Ctrl Pts',(19.1875000013333,-18.5069395332074,6.01102416350238));
#6551=CARTESIAN_POINT('',(19.1875000013333,-18.6109113019449,5.63413370763471));
#6552=CARTESIAN_POINT('Ctrl Pts',(19.1875000013333,-18.5069395332074,6.01102416350238));
#6553=CARTESIAN_POINT('Ctrl Pts',(19.1875000013333,-18.5372712417086,5.95239340727628));
#6554=CARTESIAN_POINT('Ctrl Pts',(19.1875000013333,-18.5984598029824,5.83411679850141));
#6555=CARTESIAN_POINT('Ctrl Pts',(19.1875000013333,-18.6067371225546,5.70117505734032));
#6556=CARTESIAN_POINT('Ctrl Pts',(19.1875000013333,-18.6109113019449,5.63413370763471));
#6557=CARTESIAN_POINT('',(19.1875000013333,-18.4386108485787,5.18565858374913));
#6558=CARTESIAN_POINT('Ctrl Pts',(19.1875000013333,-18.6109113019449,5.63413370763471));
#6559=CARTESIAN_POINT('Ctrl Pts',(19.1875000013333,-18.6042017961336,5.54945297834065));
#6560=CARTESIAN_POINT('Ctrl Pts',(19.1875000013333,-18.5909977348843,5.38280441022312));
#6561=CARTESIAN_POINT('Ctrl Pts',(19.1875000013333,-18.4888521978492,5.25065677726326));
#6562=CARTESIAN_POINT('Ctrl Pts',(19.1875000013333,-18.4386108485787,5.18565858374913));
#6563=CARTESIAN_POINT('',(19.1875000013333,-17.9065183087653,4.95380971277392));
#6564=CARTESIAN_POINT('Ctrl Pts',(19.1875000013333,-18.4386108485787,5.18565858374913));
#6565=CARTESIAN_POINT('Ctrl Pts',(19.1875000013333,-18.3683484192087,5.12981589334352));
#6566=CARTESIAN_POINT('Ctrl Pts',(19.1875000013333,-18.2123038470345,5.00579586142126));
#6567=CARTESIAN_POINT('Ctrl Pts',(19.1875000013333,-18.0149882878312,4.97225053403515));
#6568=CARTESIAN_POINT('Ctrl Pts',(19.1875000013333,-17.9065183087653,4.95380971277392));
#6569=CARTESIAN_POINT('',(19.1875000013333,-18.1060231963722,4.82929321481343));
#6570=CARTESIAN_POINT('Ctrl Pts',(19.1875000013333,-17.9065183087653,4.95380971277392));
#6571=CARTESIAN_POINT('Ctrl Pts',(19.1875000013333,-17.945927005834,4.93433063811493));
#6572=CARTESIAN_POINT('Ctrl Pts',(19.1875000013333,-18.0166029110915,4.89939669364321));
#6573=CARTESIAN_POINT('Ctrl Pts',(19.1875000013333,-18.0785968937839,4.85079481500227));
#6574=CARTESIAN_POINT('Ctrl Pts',(19.1875000013333,-18.1060231963722,4.82929321481343));
#6575=CARTESIAN_POINT('',(19.1875000013333,-18.3805330604315,4.49671720959147));
#6576=CARTESIAN_POINT('Ctrl Pts',(19.1875000013333,-18.1060231963722,4.82929321481343));
#6577=CARTESIAN_POINT('Ctrl Pts',(19.1875000013333,-18.1546323980029,4.78071633504034));
#6578=CARTESIAN_POINT('Ctrl Pts',(19.1875000013333,-18.2567466408858,4.6786699912774));
#6579=CARTESIAN_POINT('Ctrl Pts',(19.1875000013333,-18.3379727985651,4.55927623718353));
#6580=CARTESIAN_POINT('Ctrl Pts',(19.1875000013333,-18.3805330604315,4.49671720959147));
#6581=CARTESIAN_POINT('',(19.1875000013333,-18.8152944902178,3.81623320146455));
#6582=CARTESIAN_POINT('',(19.1875000013333,-18.0446400034847,5.02245348248381));
#6583=CARTESIAN_POINT('',(19.1875000013333,-18.3991962572852,3.8162916494115));
#6584=CARTESIAN_POINT('',(19.1875000013333,-22.3143532872032,3.81574170021135));
#6585=CARTESIAN_POINT('',(19.1875000013333,-18.0684370179332,4.33646106051131));
#6586=CARTESIAN_POINT('',(19.1875000013333,-17.9021420897168,4.59798522850945));
#6587=CARTESIAN_POINT('',(19.1875000013333,-17.8297404929697,4.68096920649014));
#6588=CARTESIAN_POINT('Ctrl Pts',(19.1875000013333,-18.0684370179332,4.33646106051131));
#6589=CARTESIAN_POINT('Ctrl Pts',(19.1875000013333,-18.0252130170318,4.40326294326273));
#6590=CARTESIAN_POINT('Ctrl Pts',(19.1875000013333,-17.9492727359431,4.52062722346796));
#6591=CARTESIAN_POINT('Ctrl Pts',(19.1875000013333,-17.8657314198553,4.63269054590376));
#6592=CARTESIAN_POINT('Ctrl Pts',(19.1875000013333,-17.8297404929697,4.68096920649014));
#6593=CARTESIAN_POINT('',(19.1875000013333,-17.6617898850086,4.84811423977925));
#6594=CARTESIAN_POINT('Ctrl Pts',(19.1875000013333,-17.8297404929697,4.68096920649014));
#6595=CARTESIAN_POINT('Ctrl Pts',(19.1875000013333,-17.8015249860467,4.71624275305245));
#6596=CARTESIAN_POINT('Ctrl Pts',(19.1875000013333,-17.7518102931557,4.77839345405897));
#6597=CARTESIAN_POINT('Ctrl Pts',(19.1875000013333,-17.6889666871527,4.82706581267418));
#6598=CARTESIAN_POINT('Ctrl Pts',(19.1875000013333,-17.6617898850086,4.84811423977925));
#6599=CARTESIAN_POINT('',(19.1875000013333,-17.5108783308586,4.91464289717068));
#6600=CARTESIAN_POINT('Ctrl Pts',(19.1875000013333,-17.6617898850086,4.84811423977925));
#6601=CARTESIAN_POINT('Ctrl Pts',(19.1875000013333,-17.6373389052132,4.86273099023035));
#6602=CARTESIAN_POINT('Ctrl Pts',(19.1875000013333,-17.5897758116462,4.89116411950248));
#6603=CARTESIAN_POINT('Ctrl Pts',(19.1875000013333,-17.5366792817284,4.90696489803745));
#6604=CARTESIAN_POINT('Ctrl Pts',(19.1875000013333,-17.5108783308586,4.91464289717068));
#6605=CARTESIAN_POINT('',(19.1875000013333,-17.326705382385,4.9266059386761));
#6606=CARTESIAN_POINT('Ctrl Pts',(19.1875000013333,-17.5108783308586,4.91464289717068));
#6607=CARTESIAN_POINT('Ctrl Pts',(19.1875000013333,-17.4861861119291,4.91809754558773));
#6608=CARTESIAN_POINT('Ctrl Pts',(19.1875000013333,-17.4251316550073,4.92663957591563));
#6609=CARTESIAN_POINT('Ctrl Pts',(19.1875000013333,-17.3634444603525,4.92661849427871));
#6610=CARTESIAN_POINT('Ctrl Pts',(19.1875000013333,-17.326705382385,4.9266059386761));
#6611=CARTESIAN_POINT('',(19.1875000013333,-21.5701367037985,4.9260098778685));
#6612=CARTESIAN_POINT('',(19.1875000013333,-23.7713083421446,6.32576880462491));
#6613=CARTESIAN_POINT('',(19.1875000013333,-24.2547443361934,6.16028504307081));
#6614=CARTESIAN_POINT('Ctrl Pts',(19.1875000013333,-23.7713083421446,6.32576880462491));
#6615=CARTESIAN_POINT('Ctrl Pts',(19.1875000013333,-23.8636526164524,6.32018273431888));
#6616=CARTESIAN_POINT('Ctrl Pts',(19.1875000013333,-24.0404366530226,6.30948875177728));
#6617=CARTESIAN_POINT('Ctrl Pts',(19.1875000013333,-24.1854700591221,6.20851466743178));
#6618=CARTESIAN_POINT('Ctrl Pts',(19.1875000013333,-24.2547443361934,6.16028504307081));
#6619=CARTESIAN_POINT('',(19.1875000013333,-24.4806341928275,5.70322739317432));
#6620=CARTESIAN_POINT('Ctrl Pts',(19.1875000013333,-24.2547443361934,6.16028504307081));
#6621=CARTESIAN_POINT('Ctrl Pts',(19.1875000013333,-24.3114875262714,6.09791084222637));
#6622=CARTESIAN_POINT('Ctrl Pts',(19.1875000013333,-24.4301724126393,5.96744805137278));
#6623=CARTESIAN_POINT('Ctrl Pts',(19.1875000013333,-24.4633294959403,5.7938357384291));
#6624=CARTESIAN_POINT('Ctrl Pts',(19.1875000013333,-24.4806341928275,5.70322739317432));
#6625=CARTESIAN_POINT('',(19.1875000013333,-24.1753787670726,5.67939577970888));
#6626=CARTESIAN_POINT('',(19.1875000013333,-25.3383815652508,5.77019263639657));
#6627=CARTESIAN_POINT('',(19.1875000013333,-24.0594536289949,5.94203147190657));
#6628=CARTESIAN_POINT('Ctrl Pts',(19.1875000013333,-24.1753787670726,5.67939577970888));
#6629=CARTESIAN_POINT('Ctrl Pts',(19.1875000013333,-24.1624091329213,5.73302881920078));
#6630=CARTESIAN_POINT('Ctrl Pts',(19.1875000013333,-24.1394852020779,5.82782564029008));
#6631=CARTESIAN_POINT('Ctrl Pts',(19.1875000013333,-24.083684193807,5.90745422072562));
#6632=CARTESIAN_POINT('Ctrl Pts',(19.1875000013333,-24.0594536289949,5.94203147190657));
#6633=CARTESIAN_POINT('',(19.1875000013333,-23.7525141165248,6.07338421647));
#6634=CARTESIAN_POINT('Ctrl Pts',(19.1875000013333,-24.0594536289949,5.94203147190657));
#6635=CARTESIAN_POINT('Ctrl Pts',(19.1875000013333,-24.0154748578561,5.98033622954951));
#6636=CARTESIAN_POINT('Ctrl Pts',(19.1875000013333,-23.9273073164125,6.05712865051814));
#6637=CARTESIAN_POINT('Ctrl Pts',(19.1875000013333,-23.8108709599473,6.06795709735092));
#6638=CARTESIAN_POINT('Ctrl Pts',(19.1875000013333,-23.7525141165248,6.07338421647));
#6639=CARTESIAN_POINT('',(19.1875000013333,-23.4949998268475,5.99156503115247));
#6640=CARTESIAN_POINT('Ctrl Pts',(19.1875000013333,-23.7525141165248,6.07338421647));
#6641=CARTESIAN_POINT('Ctrl Pts',(19.1875000013333,-23.7054422721674,6.07021540972861));
#6642=CARTESIAN_POINT('Ctrl Pts',(19.1875000013333,-23.6128550282067,6.06398257379802));
#6643=CARTESIAN_POINT('Ctrl Pts',(19.1875000013333,-23.5338421433069,6.0154321585784));
#6644=CARTESIAN_POINT('Ctrl Pts',(19.1875000013333,-23.4949998268475,5.99156503115247));
#6645=CARTESIAN_POINT('',(19.1875000013333,-23.2664429929815,5.6829340327281));
#6646=CARTESIAN_POINT('Ctrl Pts',(19.1875000013333,-23.4949998268475,5.99156503115247));
#6647=CARTESIAN_POINT('Ctrl Pts',(19.1875000013333,-23.4485832689483,5.95064112938088));
#6648=CARTESIAN_POINT('Ctrl Pts',(19.1875000013333,-23.3505425013451,5.86420191620779));
#6649=CARTESIAN_POINT('Ctrl Pts',(19.1875000013333,-23.2954515876032,5.74545908967683));
#6650=CARTESIAN_POINT('Ctrl Pts',(19.1875000013333,-23.2664429929815,5.6829340327281));
#6651=CARTESIAN_POINT('',(19.1875000013333,-23.1793914602402,5.10484259332948));
#6652=CARTESIAN_POINT('Ctrl Pts',(19.1875000013333,-23.2664429929815,5.6829340327281));
#6653=CARTESIAN_POINT('Ctrl Pts',(19.1875000013333,-23.2419661496469,5.60147657239443));
#6654=CARTESIAN_POINT('Ctrl Pts',(19.1875000013333,-23.1854133350856,5.41327221181077));
#6655=CARTESIAN_POINT('Ctrl Pts',(19.1875000013333,-23.1815708592081,5.21646749577984));
#6656=CARTESIAN_POINT('Ctrl Pts',(19.1875000013333,-23.1793914602402,5.10484259332948));
#6657=CARTESIAN_POINT('',(19.1875000013333,-23.4505717754339,5.35548673876185));
#6658=CARTESIAN_POINT('Ctrl Pts',(19.1875000013333,-23.1793914602402,5.10484259332948));
#6659=CARTESIAN_POINT('Ctrl Pts',(19.1875000013333,-23.2175531325741,5.15704382386522));
#6660=CARTESIAN_POINT('Ctrl Pts',(19.1875000013333,-23.291635715811,5.25838115448324));
#6661=CARTESIAN_POINT('Ctrl Pts',(19.1875000013333,-23.3986722600446,5.32377755471882));
#6662=CARTESIAN_POINT('Ctrl Pts',(19.1875000013333,-23.4505717754339,5.35548673876185));
#6663=CARTESIAN_POINT('',(19.1875000013333,-23.7865317373262,5.43729490507444));
#6664=CARTESIAN_POINT('Ctrl Pts',(19.1875000013333,-23.4505717754339,5.35548673876185));
#6665=CARTESIAN_POINT('Ctrl Pts',(19.1875000013333,-23.5044594414268,5.37935333291606));
#6666=CARTESIAN_POINT('Ctrl Pts',(19.1875000013333,-23.6115529282569,5.42678453520767));
#6667=CARTESIAN_POINT('Ctrl Pts',(19.1875000013333,-23.7284535628093,5.4338063506683));
#6668=CARTESIAN_POINT('Ctrl Pts',(19.1875000013333,-23.7865317373262,5.43729490507444));
#6669=CARTESIAN_POINT('',(19.1875000013333,-24.309180275616,5.21126653827243));
#6670=CARTESIAN_POINT('Ctrl Pts',(19.1875000013333,-23.7865317373262,5.43729490507444));
#6671=CARTESIAN_POINT('Ctrl Pts',(19.1875000013333,-23.8852248608833,5.4276806150075));
#6672=CARTESIAN_POINT('Ctrl Pts',(19.1875000013333,-24.0835964632613,5.40835604549785));
#6673=CARTESIAN_POINT('Ctrl Pts',(19.1875000013333,-24.2337370777088,5.27718023369155));
#6674=CARTESIAN_POINT('Ctrl Pts',(19.1875000013333,-24.309180275616,5.21126653827243));
#6675=CARTESIAN_POINT('',(19.1875000013333,-24.5248217453111,4.62716377139901));
#6676=CARTESIAN_POINT('Ctrl Pts',(19.1875000013333,-24.309180275616,5.21126653827243));
#6677=CARTESIAN_POINT('Ctrl Pts',(19.1875000013333,-24.3720629410709,5.1283139500273));
#6678=CARTESIAN_POINT('Ctrl Pts',(19.1875000013333,-24.5027996125707,4.95585075685617));
#6679=CARTESIAN_POINT('Ctrl Pts',(19.1875000013333,-24.5172972736362,4.73946878477545));
#6680=CARTESIAN_POINT('Ctrl Pts',(19.1875000013333,-24.5248217453111,4.62716377139901));
#6681=CARTESIAN_POINT('',(19.1875000013333,-24.4232941252046,4.1897632331735));
#6682=CARTESIAN_POINT('Ctrl Pts',(19.1875000013333,-24.5248217453111,4.62716377139901));
#6683=CARTESIAN_POINT('Ctrl Pts',(19.1875000013333,-24.5207617594355,4.55046289208884));
#6684=CARTESIAN_POINT('Ctrl Pts',(19.1875000013333,-24.5127253198331,4.39863921513098));
#6685=CARTESIAN_POINT('Ctrl Pts',(19.1875000013333,-24.4528972355818,4.25890441791024));
#6686=CARTESIAN_POINT('Ctrl Pts',(19.1875000013333,-24.4232941252046,4.1897632331735));
#6687=CARTESIAN_POINT('',(19.1875000013333,-24.1444308518972,3.88028680568851));
#6688=CARTESIAN_POINT('Ctrl Pts',(19.1875000013333,-24.4232941252046,4.1897632331735));
#6689=CARTESIAN_POINT('Ctrl Pts',(19.1875000013333,-24.3870084204952,4.12678657250025));
#6690=CARTESIAN_POINT('Ctrl Pts',(19.1875000013333,-24.316066222992,4.00366087505652));
#6691=CARTESIAN_POINT('Ctrl Pts',(19.1875000013333,-24.2007599596237,3.92077701000803));
#6692=CARTESIAN_POINT('Ctrl Pts',(19.1875000013333,-24.1444308518972,3.88028680568851));
#6693=CARTESIAN_POINT('',(19.1875000013333,-23.7419592427994,3.77290805244356));
#6694=CARTESIAN_POINT('Ctrl Pts',(19.1875000013333,-24.1444308518972,3.88028680568851));
#6695=CARTESIAN_POINT('Ctrl Pts',(19.1875000013333,-24.0825377541331,3.848964441298));
#6696=CARTESIAN_POINT('Ctrl Pts',(19.1875000013333,-23.9560067519268,3.78493064268435));
#6697=CARTESIAN_POINT('Ctrl Pts',(19.1875000013333,-23.8143328451997,3.77697312271443));
#6698=CARTESIAN_POINT('Ctrl Pts',(19.1875000013333,-23.7419592427994,3.77290805244356));
#6699=CARTESIAN_POINT('',(19.1875000013333,-23.1161465465655,4.05522663629459));
#6700=CARTESIAN_POINT('Ctrl Pts',(19.1875000013333,-23.7419592427994,3.77290805244356));
#6701=CARTESIAN_POINT('Ctrl Pts',(19.1875000013333,-23.6203300777435,3.78425569384949));
#6702=CARTESIAN_POINT('Ctrl Pts',(19.1875000013333,-23.3792410720251,3.80674858511076));
#6703=CARTESIAN_POINT('Ctrl Pts',(19.1875000013333,-23.2033170656395,3.97289896086175));
#6704=CARTESIAN_POINT('Ctrl Pts',(19.1875000013333,-23.1161465465655,4.05522663629459));
#6705=CARTESIAN_POINT('',(19.1875000013333,-22.8741214281081,4.98551301516094));
#6706=CARTESIAN_POINT('Ctrl Pts',(19.1875000013333,-23.1161465465655,4.05522663629459));
#6707=CARTESIAN_POINT('Ctrl Pts',(19.1875000013333,-23.0459199291426,4.17700144400831));
#6708=CARTESIAN_POINT('Ctrl Pts',(19.1875000013333,-22.8810625208843,4.46286854009733));
#6709=CARTESIAN_POINT('Ctrl Pts',(19.1875000013333,-22.8766527227911,4.7949137502473));
#6710=CARTESIAN_POINT('Ctrl Pts',(19.1875000013333,-22.8741214281081,4.98551301516094));
#6711=CARTESIAN_POINT('',(19.1875000013333,-23.1420051813473,6.03936359852395));
#6712=CARTESIAN_POINT('Ctrl Pts',(19.1875000013333,-22.8741214281081,4.98551301516094));
#6713=CARTESIAN_POINT('Ctrl Pts',(19.1875000013333,-22.8773906263755,5.19946174289332));
#6714=CARTESIAN_POINT('Ctrl Pts',(19.1875000013333,-22.8831155128419,5.57412001557872));
#6715=CARTESIAN_POINT('Ctrl Pts',(19.1875000013333,-23.064290310472,5.89970431747628));
#6716=CARTESIAN_POINT('Ctrl Pts',(19.1875000013333,-23.1420051813473,6.03936359852395));
#6717=CARTESIAN_POINT('Ctrl Pts',(19.1875000013333,-23.1420051813473,6.03936359852395));
#6718=CARTESIAN_POINT('Ctrl Pts',(19.1875000013333,-23.227895570872,6.12290310760045));
#6719=CARTESIAN_POINT('Ctrl Pts',(19.1875000013333,-23.4031232940856,6.29333472462829));
#6720=CARTESIAN_POINT('Ctrl Pts',(19.1875000013333,-23.6469809994381,6.31481658643906));
#6721=CARTESIAN_POINT('Ctrl Pts',(19.1875000013333,-23.7713083421446,6.32576880462491));
#6722=CARTESIAN_POINT('',(19.1875000013333,-22.4391497985054,4.16531495225655));
#6723=CARTESIAN_POINT('',(19.1875000013333,-22.4391006926418,3.81572417735459));
#6724=CARTESIAN_POINT('',(19.1875000013333,-22.4396106727055,7.44633593388607));
#6725=CARTESIAN_POINT('',(19.1875000013333,-22.0895099177398,3.81577328321818));
#6726=CARTESIAN_POINT('',(19.1875000013333,-24.1262563884152,3.81548718815637));
#6727=CARTESIAN_POINT('',(19.1875000013333,-22.0895590236034,4.16536405812014));
#6728=CARTESIAN_POINT('',(19.1875000013333,-22.0899953448717,7.27158965229868));
#6729=CARTESIAN_POINT('',(19.1875000013333,-23.9515101068278,4.16510251599012));
#6730=CARTESIAN_POINT('',(19.1875000013333,-20.7900496702329,3.7733226974491));
#6731=CARTESIAN_POINT('',(19.1875000013333,-20.2222141578085,4.03261114118787));
#6732=CARTESIAN_POINT('Ctrl Pts',(19.1875000013333,-20.7900496702329,3.7733226974491));
#6733=CARTESIAN_POINT('Ctrl Pts',(19.1875000013333,-20.6769350477965,3.78299902281436));
#6734=CARTESIAN_POINT('Ctrl Pts',(19.1875000013333,-20.4563083538214,3.80187240654831));
#6735=CARTESIAN_POINT('Ctrl Pts',(19.1875000013333,-20.298913269872,3.95701141950775));
#6736=CARTESIAN_POINT('Ctrl Pts',(19.1875000013333,-20.2222141578085,4.03261114118787));
#6737=CARTESIAN_POINT('',(19.1875000013333,-19.9750855675983,5.04901711470572));
#6738=CARTESIAN_POINT('Ctrl Pts',(19.1875000013333,-20.2222141578085,4.03261114118787));
#6739=CARTESIAN_POINT('Ctrl Pts',(19.1875000013333,-20.15051696289,4.16666466286254));
#6740=CARTESIAN_POINT('Ctrl Pts',(19.1875000013333,-19.981752031691,4.48220745903668));
#6741=CARTESIAN_POINT('Ctrl Pts',(19.1875000013333,-19.977519800323,4.84204883387174));
#6742=CARTESIAN_POINT('Ctrl Pts',(19.1875000013333,-19.9750855675983,5.04901711470572));
#6743=CARTESIAN_POINT('',(19.1875000013333,-20.0664205581,5.76268095347444));
#6744=CARTESIAN_POINT('Ctrl Pts',(19.1875000013333,-19.9750855675983,5.04901711470572));
#6745=CARTESIAN_POINT('Ctrl Pts',(19.1875000013333,-19.9769105066303,5.18317982399431));
#6746=CARTESIAN_POINT('Ctrl Pts',(19.1875000013333,-19.9801969289737,5.42478533394256));
#6747=CARTESIAN_POINT('Ctrl Pts',(19.1875000013333,-20.0398795094405,5.65867113423221));
#6748=CARTESIAN_POINT('Ctrl Pts',(19.1875000013333,-20.0664205581,5.76268095347444));
#6749=CARTESIAN_POINT('',(19.1875000013333,-20.3376251225718,6.17959374385798));
#6750=CARTESIAN_POINT('Ctrl Pts',(19.1875000013333,-20.0664205581,5.76268095347444));
#6751=CARTESIAN_POINT('Ctrl Pts',(19.1875000013333,-20.0987397799994,5.84610500655616));
#6752=CARTESIAN_POINT('Ctrl Pts',(19.1875000013333,-20.160038268773,6.00433184745018));
#6753=CARTESIAN_POINT('Ctrl Pts',(19.1875000013333,-20.2806195314085,6.12333446678083));
#6754=CARTESIAN_POINT('Ctrl Pts',(19.1875000013333,-20.3376251225718,6.17959374385798));
#6755=CARTESIAN_POINT('',(19.1875000013333,-20.7904082627383,6.32618752183136));
#6756=CARTESIAN_POINT('Ctrl Pts',(19.1875000013333,-20.3376251225718,6.17959374385798));
#6757=CARTESIAN_POINT('Ctrl Pts',(19.1875000013333,-20.4033219902032,6.22233690525061));
#6758=CARTESIAN_POINT('Ctrl Pts',(19.1875000013333,-20.5407679548055,6.31176088023702));
#6759=CARTESIAN_POINT('Ctrl Pts',(19.1875000013333,-20.7047873760548,6.32123951541605));
#6760=CARTESIAN_POINT('Ctrl Pts',(19.1875000013333,-20.7904082627383,6.32618752183136));
#6761=CARTESIAN_POINT('',(19.1875000013333,-21.1433985352619,6.24513552342589));
#6762=CARTESIAN_POINT('Ctrl Pts',(19.1875000013333,-20.7904082627383,6.32618752183136));
#6763=CARTESIAN_POINT('Ctrl Pts',(19.1875000013333,-20.8542933509309,6.32339097816253));
#6764=CARTESIAN_POINT('Ctrl Pts',(19.1875000013333,-20.9770427224099,6.31801767451103));
#6765=CARTESIAN_POINT('Ctrl Pts',(19.1875000013333,-21.0894795955946,6.2687579520012));
#6766=CARTESIAN_POINT('Ctrl Pts',(19.1875000013333,-21.1433985352619,6.24513552342589));
#6767=CARTESIAN_POINT('',(19.1875000013333,-21.3940473544047,6.01147126543714));
#6768=CARTESIAN_POINT('Ctrl Pts',(19.1875000013333,-21.1433985352619,6.24513552342589));
#6769=CARTESIAN_POINT('Ctrl Pts',(19.1875000013333,-21.1920151315944,6.21478196159674));
#6770=CARTESIAN_POINT('Ctrl Pts',(19.1875000013333,-21.2906869630214,6.15317663004423));
#6771=CARTESIAN_POINT('Ctrl Pts',(19.1875000013333,-21.359260621827,6.05916329289026));
#6772=CARTESIAN_POINT('Ctrl Pts',(19.1875000013333,-21.3940473544047,6.01147126543714));
#6773=CARTESIAN_POINT('',(19.1875000013333,-21.5491794019477,5.63968963897693));
#6774=CARTESIAN_POINT('Ctrl Pts',(19.1875000013333,-21.3940473544047,6.01147126543714));
#6775=CARTESIAN_POINT('Ctrl Pts',(19.1875000013333,-21.4256877989279,5.9559923447497));
#6776=CARTESIAN_POINT('Ctrl Pts',(19.1875000013333,-21.4926822196585,5.838523130577));
#6777=CARTESIAN_POINT('Ctrl Pts',(19.1875000013333,-21.5296637075334,5.70837224409406));
#6778=CARTESIAN_POINT('Ctrl Pts',(19.1875000013333,-21.5491794019477,5.63968963897693));
#6779=CARTESIAN_POINT('',(19.1875000013333,-21.6053727219249,5.04878811364403));
#6780=CARTESIAN_POINT('Ctrl Pts',(19.1875000013333,-21.5491794019477,5.63968963897693));
#6781=CARTESIAN_POINT('Ctrl Pts',(19.1875000013333,-21.5655180845943,5.55415830281101));
#6782=CARTESIAN_POINT('Ctrl Pts',(19.1875000013333,-21.6027807082217,5.3590922710602));
#6783=CARTESIAN_POINT('Ctrl Pts',(19.1875000013333,-21.6044406314653,5.16037376781697));
#6784=CARTESIAN_POINT('Ctrl Pts',(19.1875000013333,-21.6053727219249,5.04878811364403));
#6785=CARTESIAN_POINT('',(19.1875000013333,-21.5148908549518,4.33853488185917));
#6786=CARTESIAN_POINT('Ctrl Pts',(19.1875000013333,-21.6053727219249,5.04878811364403));
#6787=CARTESIAN_POINT('Ctrl Pts',(19.1875000013333,-21.6035295154318,4.91549484328879));
#6788=CARTESIAN_POINT('Ctrl Pts',(19.1875000013333,-21.6002051697347,4.67509155075318));
#6789=CARTESIAN_POINT('Ctrl Pts',(19.1875000013333,-21.5411863025267,4.44226786342752));
#6790=CARTESIAN_POINT('Ctrl Pts',(19.1875000013333,-21.5148908549518,4.33853488185917));
#6791=CARTESIAN_POINT('',(19.1875000013333,-21.2445382191006,3.9207693273561));
#6792=CARTESIAN_POINT('Ctrl Pts',(19.1875000013333,-21.5148908549518,4.33853488185917));
#6793=CARTESIAN_POINT('Ctrl Pts',(19.1875000013333,-21.4827888568803,4.25505656176762));
#6794=CARTESIAN_POINT('Ctrl Pts',(19.1875000013333,-21.4218527900478,4.0965978739052));
#6795=CARTESIAN_POINT('Ctrl Pts',(19.1875000013333,-21.301491464155,3.97724526300922));
#6796=CARTESIAN_POINT('Ctrl Pts',(19.1875000013333,-21.2445382191006,3.9207693273561));
#6797=CARTESIAN_POINT('Ctrl Pts',(19.1875000013333,-21.2445382191006,3.9207693273561));
#6798=CARTESIAN_POINT('Ctrl Pts',(19.1875000013333,-21.1787162890805,3.8777785275914));
#6799=CARTESIAN_POINT('Ctrl Pts',(19.1875000013333,-21.0408512608292,3.78773364707361));
#6800=CARTESIAN_POINT('Ctrl Pts',(19.1875000013333,-20.8761279175627,3.77826871586583));
#6801=CARTESIAN_POINT('Ctrl Pts',(19.1875000013333,-20.7900496702329,3.7733226974491));
#6802=CARTESIAN_POINT('Origin',(47.1875000013333,-21.8143829384525,19.1268829371192));
#6803=CARTESIAN_POINT('',(31.6875000013333,-25.6143829384525,19.1268829371192));
#6804=CARTESIAN_POINT('',(47.1875000013333,-25.6143829384525,19.1268829371192));
#6805=CARTESIAN_POINT('',(31.6875000013333,-10.7150519864525,19.1268829371192));
#6806=CARTESIAN_POINT('',(31.6875000013333,-21.8143829384525,19.1268829371192));
#6807=CARTESIAN_POINT('',(31.0796265113333,-10.3971870496525,19.1268829371192));
#6808=CARTESIAN_POINT('Origin',(33.1875000013333,-7.10633566975248,19.1268829371192));
#6809=CARTESIAN_POINT('',(26.5789390021333,-7.51438293845248,19.1268829371192));
#6810=CARTESIAN_POINT('',(47.6869657932333,-21.0346076348525,19.1268829371192));
#6811=CARTESIAN_POINT('',(47.1875000013333,-7.51438293845248,19.1268829371192));
#6812=CARTESIAN_POINT('Origin',(26.1875000013333,-7.51438293845248,18.9268829371192));
#6813=CARTESIAN_POINT('Origin',(26.5789390021333,-7.51438293845248,18.9268829371192));
#6814=CARTESIAN_POINT('Ctrl Pts',(19.1875000013333,-20.7869619934604,6.07209548889578));
#6815=CARTESIAN_POINT('Ctrl Pts',(19.5875000013333,-20.7869619934604,6.07209548889578));
#6816=CARTESIAN_POINT('Ctrl Pts',(19.1875000013333,-20.7198117077547,6.06433587147957));
#6817=CARTESIAN_POINT('Ctrl Pts',(19.5875000013333,-20.7198117077547,6.06433587147957));
#6818=CARTESIAN_POINT('Ctrl Pts',(19.1875000013333,-20.5840869382235,6.04865206203042));
#6819=CARTESIAN_POINT('Ctrl Pts',(19.5875000013333,-20.5840869382235,6.04865206203042));
#6820=CARTESIAN_POINT('Ctrl Pts',(19.1875000013333,-20.4945311486908,5.94530172095169));
#6821=CARTESIAN_POINT('Ctrl Pts',(19.5875000013333,-20.4945311486908,5.94530172095169));
#6822=CARTESIAN_POINT('Ctrl Pts',(19.1875000013333,-20.4492833869005,5.89308430833689));
#6823=CARTESIAN_POINT('Ctrl Pts',(19.5875000013333,-20.4492833869005,5.89308430833689));
#6824=CARTESIAN_POINT('',(19.1875000013333,-20.7869619934604,6.07209548889578));
#6825=CARTESIAN_POINT('',(19.1875000013333,-20.4492833869005,5.89308430833689));
#6826=CARTESIAN_POINT('Ctrl Pts',(19.1875000013333,-20.7869619934604,6.07209548889578));
#6827=CARTESIAN_POINT('Ctrl Pts',(19.1875000013333,-20.7198117077547,6.06433587147957));
#6828=CARTESIAN_POINT('Ctrl Pts',(19.1875000013333,-20.5840869382235,6.04865206203042));
#6829=CARTESIAN_POINT('Ctrl Pts',(19.1875000013333,-20.4945311486908,5.94530172095169));
#6830=CARTESIAN_POINT('Ctrl Pts',(19.1875000013333,-20.4492833869005,5.89308430833689));
#6831=CARTESIAN_POINT('',(19.5875000013333,-20.7869619934604,6.07209548889578));
#6832=CARTESIAN_POINT('',(19.1875000013333,-20.7869619934604,6.07209548889578));
#6833=CARTESIAN_POINT('',(19.5875000013333,-20.4492833869005,5.89308430833689));
#6834=CARTESIAN_POINT('Ctrl Pts',(19.5875000013333,-20.7869619934604,6.07209548889578));
#6835=CARTESIAN_POINT('Ctrl Pts',(19.5875000013333,-20.7198117077547,6.06433587147957));
#6836=CARTESIAN_POINT('Ctrl Pts',(19.5875000013333,-20.5840869382235,6.04865206203042));
#6837=CARTESIAN_POINT('Ctrl Pts',(19.5875000013333,-20.4945311486908,5.94530172095169));
#6838=CARTESIAN_POINT('Ctrl Pts',(19.5875000013333,-20.4492833869005,5.89308430833689));
#6839=CARTESIAN_POINT('',(19.1875000013333,-20.4492833869005,5.89308430833689));
#6840=CARTESIAN_POINT('Ctrl Pts',(19.1875000013333,-21.1459039478513,5.86911196465467));
#6841=CARTESIAN_POINT('Ctrl Pts',(19.5875000013333,-21.1459039478513,5.86911196465467));
#6842=CARTESIAN_POINT('Ctrl Pts',(19.1875000013333,-21.0966190233681,5.92827423456525));
#6843=CARTESIAN_POINT('Ctrl Pts',(19.5875000013333,-21.0966190233681,5.92827423456525));
#6844=CARTESIAN_POINT('Ctrl Pts',(19.1875000013333,-21.0021604684747,6.04166352304564));
#6845=CARTESIAN_POINT('Ctrl Pts',(19.5875000013333,-21.0021604684747,6.04166352304564));
#6846=CARTESIAN_POINT('Ctrl Pts',(19.1875000013333,-20.8565827356553,6.06225017726523));
#6847=CARTESIAN_POINT('Ctrl Pts',(19.5875000013333,-20.8565827356553,6.06225017726523));
#6848=CARTESIAN_POINT('Ctrl Pts',(19.1875000013333,-20.7869619934604,6.07209548889578));
#6849=CARTESIAN_POINT('Ctrl Pts',(19.5875000013333,-20.7869619934604,6.07209548889578));
#6850=CARTESIAN_POINT('',(19.1875000013333,-21.1459039478513,5.86911196465467));
#6851=CARTESIAN_POINT('Ctrl Pts',(19.1875000013333,-21.1459039478513,5.86911196465467));
#6852=CARTESIAN_POINT('Ctrl Pts',(19.1875000013333,-21.0966190233681,5.92827423456525));
#6853=CARTESIAN_POINT('Ctrl Pts',(19.1875000013333,-21.0021604684747,6.04166352304564));
#6854=CARTESIAN_POINT('Ctrl Pts',(19.1875000013333,-20.8565827356553,6.06225017726523));
#6855=CARTESIAN_POINT('Ctrl Pts',(19.1875000013333,-20.7869619934604,6.07209548889578));
#6856=CARTESIAN_POINT('',(19.5875000013333,-21.1459039478513,5.86911196465467));
#6857=CARTESIAN_POINT('',(19.1875000013333,-21.1459039478513,5.86911196465467));
#6858=CARTESIAN_POINT('Ctrl Pts',(19.5875000013333,-21.1459039478513,5.86911196465467));
#6859=CARTESIAN_POINT('Ctrl Pts',(19.5875000013333,-21.0966190233681,5.92827423456525));
#6860=CARTESIAN_POINT('Ctrl Pts',(19.5875000013333,-21.0021604684747,6.04166352304564));
#6861=CARTESIAN_POINT('Ctrl Pts',(19.5875000013333,-20.8565827356553,6.06225017726523));
#6862=CARTESIAN_POINT('Ctrl Pts',(19.5875000013333,-20.7869619934604,6.07209548889578));
#6863=CARTESIAN_POINT('Ctrl Pts',(19.1875000013333,-21.289887724427,5.04883242878151));
#6864=CARTESIAN_POINT('Ctrl Pts',(19.5875000013333,-21.289887724427,5.04883242878151));
#6865=CARTESIAN_POINT('Ctrl Pts',(19.1875000013333,-21.2917197791136,5.22294000118124));
#6866=CARTESIAN_POINT('Ctrl Pts',(19.5875000013333,-21.2917197791136,5.22294000118124));
#6867=CARTESIAN_POINT('Ctrl Pts',(19.1875000013333,-21.2947080991157,5.50693214667166));
#6868=CARTESIAN_POINT('Ctrl Pts',(19.5875000013333,-21.2947080991157,5.50693214667166));
#6869=CARTESIAN_POINT('Ctrl Pts',(19.1875000013333,-21.1874176496378,5.76807026098533));
#6870=CARTESIAN_POINT('Ctrl Pts',(19.5875000013333,-21.1874176496378,5.76807026098533));
#6871=CARTESIAN_POINT('Ctrl Pts',(19.1875000013333,-21.1459039478513,5.86911196465467));
#6872=CARTESIAN_POINT('Ctrl Pts',(19.5875000013333,-21.1459039478513,5.86911196465467));
#6873=CARTESIAN_POINT('',(19.1875000013333,-21.289887724427,5.04883242878151));
#6874=CARTESIAN_POINT('Ctrl Pts',(19.1875000013333,-21.289887724427,5.04883242878151));
#6875=CARTESIAN_POINT('Ctrl Pts',(19.1875000013333,-21.2917197791136,5.22294000118124));
#6876=CARTESIAN_POINT('Ctrl Pts',(19.1875000013333,-21.2947080991157,5.50693214667166));
#6877=CARTESIAN_POINT('Ctrl Pts',(19.1875000013333,-21.1874176496378,5.76807026098533));
#6878=CARTESIAN_POINT('Ctrl Pts',(19.1875000013333,-21.1459039478513,5.86911196465467));
#6879=CARTESIAN_POINT('',(19.5875000013333,-21.289887724427,5.04883242878151));
#6880=CARTESIAN_POINT('',(19.1875000013333,-21.289887724427,5.04883242878151));
#6881=CARTESIAN_POINT('Ctrl Pts',(19.5875000013333,-21.289887724427,5.04883242878151));
#6882=CARTESIAN_POINT('Ctrl Pts',(19.5875000013333,-21.2917197791136,5.22294000118124));
#6883=CARTESIAN_POINT('Ctrl Pts',(19.5875000013333,-21.2947080991157,5.50693214667166));
#6884=CARTESIAN_POINT('Ctrl Pts',(19.5875000013333,-21.1874176496378,5.76807026098533));
#6885=CARTESIAN_POINT('Ctrl Pts',(19.5875000013333,-21.1459039478513,5.86911196465467));
#6886=CARTESIAN_POINT('Ctrl Pts',(19.1875000013333,-21.1456737491709,4.23029881301186));
#6887=CARTESIAN_POINT('Ctrl Pts',(19.5875000013333,-21.1456737491709,4.23029881301186));
#6888=CARTESIAN_POINT('Ctrl Pts',(19.1875000013333,-21.1872260707529,4.3314692539226));
#6889=CARTESIAN_POINT('Ctrl Pts',(19.5875000013333,-21.1872260707529,4.3314692539226));
#6890=CARTESIAN_POINT('Ctrl Pts',(19.1875000013333,-21.2942634577963,4.59208091721398));
#6891=CARTESIAN_POINT('Ctrl Pts',(19.5875000013333,-21.2942634577963,4.59208091721398));
#6892=CARTESIAN_POINT('Ctrl Pts',(19.1875000013333,-21.291548639757,4.8754613562033));
#6893=CARTESIAN_POINT('Ctrl Pts',(19.5875000013333,-21.291548639757,4.8754613562033));
#6894=CARTESIAN_POINT('Ctrl Pts',(19.1875000013333,-21.289887724427,5.04883242878151));
#6895=CARTESIAN_POINT('Ctrl Pts',(19.5875000013333,-21.289887724427,5.04883242878151));
#6896=CARTESIAN_POINT('',(19.1875000013333,-21.1456737491709,4.23029881301186));
#6897=CARTESIAN_POINT('Ctrl Pts',(19.1875000013333,-21.1456737491709,4.23029881301186));
#6898=CARTESIAN_POINT('Ctrl Pts',(19.1875000013333,-21.1872260707529,4.3314692539226));
#6899=CARTESIAN_POINT('Ctrl Pts',(19.1875000013333,-21.2942634577963,4.59208091721398));
#6900=CARTESIAN_POINT('Ctrl Pts',(19.1875000013333,-21.291548639757,4.8754613562033));
#6901=CARTESIAN_POINT('Ctrl Pts',(19.1875000013333,-21.289887724427,5.04883242878151));
#6902=CARTESIAN_POINT('',(19.5875000013333,-21.1456737491709,4.23029881301186));
#6903=CARTESIAN_POINT('',(19.1875000013333,-21.1456737491709,4.23029881301186));
#6904=CARTESIAN_POINT('Ctrl Pts',(19.5875000013333,-21.1456737491709,4.23029881301186));
#6905=CARTESIAN_POINT('Ctrl Pts',(19.5875000013333,-21.1872260707529,4.3314692539226));
#6906=CARTESIAN_POINT('Ctrl Pts',(19.5875000013333,-21.2942634577963,4.59208091721398));
#6907=CARTESIAN_POINT('Ctrl Pts',(19.5875000013333,-21.291548639757,4.8754613562033));
#6908=CARTESIAN_POINT('Ctrl Pts',(19.5875000013333,-21.289887724427,5.04883242878151));
#6909=CARTESIAN_POINT('Ctrl Pts',(19.1875000013333,-20.790085122276,4.02571021861031));
#6910=CARTESIAN_POINT('Ctrl Pts',(19.5875000013333,-20.790085122276,4.02571021861031));
#6911=CARTESIAN_POINT('Ctrl Pts',(19.1875000013333,-20.8588387145719,4.03580905287146));
#6912=CARTESIAN_POINT('Ctrl Pts',(19.5875000013333,-20.8588387145719,4.03580905287146));
#6913=CARTESIAN_POINT('Ctrl Pts',(19.1875000013333,-21.0035748636219,4.05706854393283));
#6914=CARTESIAN_POINT('Ctrl Pts',(19.5875000013333,-21.0035748636219,4.05706854393283));
#6915=CARTESIAN_POINT('Ctrl Pts',(19.1875000013333,-21.09675611622,4.17066418121267));
#6916=CARTESIAN_POINT('Ctrl Pts',(19.5875000013333,-21.09675611622,4.17066418121267));
#6917=CARTESIAN_POINT('Ctrl Pts',(19.1875000013333,-21.1456737491709,4.23029881301186));
#6918=CARTESIAN_POINT('Ctrl Pts',(19.5875000013333,-21.1456737491709,4.23029881301186));
#6919=CARTESIAN_POINT('',(19.1875000013333,-20.790085122276,4.02571021861031));
#6920=CARTESIAN_POINT('Ctrl Pts',(19.1875000013333,-20.790085122276,4.02571021861031));
#6921=CARTESIAN_POINT('Ctrl Pts',(19.1875000013333,-20.8588387145719,4.03580905287146));
#6922=CARTESIAN_POINT('Ctrl Pts',(19.1875000013333,-21.0035748636219,4.05706854393283));
#6923=CARTESIAN_POINT('Ctrl Pts',(19.1875000013333,-21.09675611622,4.17066418121267));
#6924=CARTESIAN_POINT('Ctrl Pts',(19.1875000013333,-21.1456737491709,4.23029881301186));
#6925=CARTESIAN_POINT('',(19.5875000013333,-20.790085122276,4.02571021861031));
#6926=CARTESIAN_POINT('',(19.1875000013333,-20.790085122276,4.02571021861031));
#6927=CARTESIAN_POINT('Ctrl Pts',(19.5875000013333,-20.790085122276,4.02571021861031));
#6928=CARTESIAN_POINT('Ctrl Pts',(19.5875000013333,-20.8588387145719,4.03580905287146));
#6929=CARTESIAN_POINT('Ctrl Pts',(19.5875000013333,-21.0035748636219,4.05706854393283));
#6930=CARTESIAN_POINT('Ctrl Pts',(19.5875000013333,-21.09675611622,4.17066418121267));
#6931=CARTESIAN_POINT('Ctrl Pts',(19.5875000013333,-21.1456737491709,4.23029881301186));
#6932=CARTESIAN_POINT('Ctrl Pts',(19.1875000013333,-20.434554461461,4.22954605714179));
#6933=CARTESIAN_POINT('Ctrl Pts',(19.5875000013333,-20.434554461461,4.22954605714179));
#6934=CARTESIAN_POINT('Ctrl Pts',(19.1875000013333,-20.4834914675301,4.17014466881198));
#6935=CARTESIAN_POINT('Ctrl Pts',(19.5875000013333,-20.4834914675301,4.17014466881198));
#6936=CARTESIAN_POINT('Ctrl Pts',(19.1875000013333,-20.5767855384563,4.05690117925067));
#6937=CARTESIAN_POINT('Ctrl Pts',(19.5875000013333,-20.5767855384563,4.05690117925067));
#6938=CARTESIAN_POINT('Ctrl Pts',(19.1875000013333,-20.7213509021067,4.03576127598957));
#6939=CARTESIAN_POINT('Ctrl Pts',(19.5875000013333,-20.7213509021067,4.03576127598957));
#6940=CARTESIAN_POINT('Ctrl Pts',(19.1875000013333,-20.790085122276,4.02571021861031));
#6941=CARTESIAN_POINT('Ctrl Pts',(19.5875000013333,-20.790085122276,4.02571021861031));
#6942=CARTESIAN_POINT('',(19.1875000013333,-20.434554461461,4.22954605714179));
#6943=CARTESIAN_POINT('Ctrl Pts',(19.1875000013333,-20.434554461461,4.22954605714179));
#6944=CARTESIAN_POINT('Ctrl Pts',(19.1875000013333,-20.4834914675301,4.17014466881198));
#6945=CARTESIAN_POINT('Ctrl Pts',(19.1875000013333,-20.5767855384563,4.05690117925067));
#6946=CARTESIAN_POINT('Ctrl Pts',(19.1875000013333,-20.7213509021067,4.03576127598957));
#6947=CARTESIAN_POINT('Ctrl Pts',(19.1875000013333,-20.790085122276,4.02571021861031));
#6948=CARTESIAN_POINT('',(19.5875000013333,-20.434554461461,4.22954605714179));
#6949=CARTESIAN_POINT('',(19.1875000013333,-20.434554461461,4.22954605714179));
#6950=CARTESIAN_POINT('Ctrl Pts',(19.5875000013333,-20.434554461461,4.22954605714179));
#6951=CARTESIAN_POINT('Ctrl Pts',(19.5875000013333,-20.4834914675301,4.17014466881198));
#6952=CARTESIAN_POINT('Ctrl Pts',(19.5875000013333,-20.5767855384563,4.05690117925067));
#6953=CARTESIAN_POINT('Ctrl Pts',(19.5875000013333,-20.7213509021067,4.03576127598957));
#6954=CARTESIAN_POINT('Ctrl Pts',(19.5875000013333,-20.790085122276,4.02571021861031));
#6955=CARTESIAN_POINT('Ctrl Pts',(19.1875000013333,-20.2905699690498,5.04897279965197));
#6956=CARTESIAN_POINT('Ctrl Pts',(19.5875000013333,-20.2905699690498,5.04897279965197));
#6957=CARTESIAN_POINT('Ctrl Pts',(19.1875000013333,-20.288799106734,4.87523370130738));
#6958=CARTESIAN_POINT('Ctrl Pts',(19.5875000013333,-20.288799106734,4.87523370130738));
#6959=CARTESIAN_POINT('Ctrl Pts',(19.1875000013333,-20.2859075939913,4.59154771833182));
#6960=CARTESIAN_POINT('Ctrl Pts',(19.5875000013333,-20.2859075939913,4.59154771833182));
#6961=CARTESIAN_POINT('Ctrl Pts',(19.1875000013333,-20.3930354183795,4.33065792597807));
#6962=CARTESIAN_POINT('Ctrl Pts',(19.5875000013333,-20.3930354183795,4.33065792597807));
#6963=CARTESIAN_POINT('Ctrl Pts',(19.1875000013333,-20.434554461461,4.22954605714179));
#6964=CARTESIAN_POINT('Ctrl Pts',(19.5875000013333,-20.434554461461,4.22954605714179));
#6965=CARTESIAN_POINT('',(19.1875000013333,-20.2905699690498,5.04897279965197));
#6966=CARTESIAN_POINT('Ctrl Pts',(19.1875000013333,-20.2905699690498,5.04897279965197));
#6967=CARTESIAN_POINT('Ctrl Pts',(19.1875000013333,-20.288799106734,4.87523370130738));
#6968=CARTESIAN_POINT('Ctrl Pts',(19.1875000013333,-20.2859075939913,4.59154771833182));
#6969=CARTESIAN_POINT('Ctrl Pts',(19.1875000013333,-20.3930354183795,4.33065792597807));
#6970=CARTESIAN_POINT('Ctrl Pts',(19.1875000013333,-20.434554461461,4.22954605714179));
#6971=CARTESIAN_POINT('',(19.5875000013333,-20.2905699690498,5.04897279965197));
#6972=CARTESIAN_POINT('',(19.1875000013333,-20.2905699690498,5.04897279965197));
#6973=CARTESIAN_POINT('Ctrl Pts',(19.5875000013333,-20.2905699690498,5.04897279965197));
#6974=CARTESIAN_POINT('Ctrl Pts',(19.5875000013333,-20.288799106734,4.87523370130738));
#6975=CARTESIAN_POINT('Ctrl Pts',(19.5875000013333,-20.2859075939913,4.59154771833182));
#6976=CARTESIAN_POINT('Ctrl Pts',(19.5875000013333,-20.3930354183795,4.33065792597807));
#6977=CARTESIAN_POINT('Ctrl Pts',(19.5875000013333,-20.434554461461,4.22954605714179));
#6978=CARTESIAN_POINT('Ctrl Pts',(19.1875000013333,-20.4492833869005,5.89308430833689));
#6979=CARTESIAN_POINT('Ctrl Pts',(19.5875000013333,-20.4492833869005,5.89308430833689));
#6980=CARTESIAN_POINT('Ctrl Pts',(19.1875000013333,-20.40345499847,5.78599669905633));
#6981=CARTESIAN_POINT('Ctrl Pts',(19.5875000013333,-20.40345499847,5.78599669905633));
#6982=CARTESIAN_POINT('Ctrl Pts',(19.1875000013333,-20.2887750034431,5.51802291860459));
#6983=CARTESIAN_POINT('Ctrl Pts',(19.5875000013333,-20.2887750034431,5.51802291860459));
#6984=CARTESIAN_POINT('Ctrl Pts',(19.1875000013333,-20.2898965903798,5.22493625214992));
#6985=CARTESIAN_POINT('Ctrl Pts',(19.5875000013333,-20.2898965903798,5.22493625214992));
#6986=CARTESIAN_POINT('Ctrl Pts',(19.1875000013333,-20.2905699690498,5.04897279965197));
#6987=CARTESIAN_POINT('Ctrl Pts',(19.5875000013333,-20.2905699690498,5.04897279965197));
#6988=CARTESIAN_POINT('Ctrl Pts',(19.1875000013333,-20.4492833869005,5.89308430833689));
#6989=CARTESIAN_POINT('Ctrl Pts',(19.1875000013333,-20.40345499847,5.78599669905633));
#6990=CARTESIAN_POINT('Ctrl Pts',(19.1875000013333,-20.2887750034431,5.51802291860459));
#6991=CARTESIAN_POINT('Ctrl Pts',(19.1875000013333,-20.2898965903798,5.22493625214992));
#6992=CARTESIAN_POINT('Ctrl Pts',(19.1875000013333,-20.2905699690498,5.04897279965197));
#6993=CARTESIAN_POINT('Ctrl Pts',(19.5875000013333,-20.4492833869005,5.89308430833689));
#6994=CARTESIAN_POINT('Ctrl Pts',(19.5875000013333,-20.40345499847,5.78599669905633));
#6995=CARTESIAN_POINT('Ctrl Pts',(19.5875000013333,-20.2887750034431,5.51802291860459));
#6996=CARTESIAN_POINT('Ctrl Pts',(19.5875000013333,-20.2898965903798,5.22493625214992));
#6997=CARTESIAN_POINT('Ctrl Pts',(19.5875000013333,-20.2905699690498,5.04897279965197));
#6998=CARTESIAN_POINT('Ctrl Pts',(19.1875000013333,-20.7900496702329,3.7733226974491));
#6999=CARTESIAN_POINT('Ctrl Pts',(19.5875000013333,-20.7900496702329,3.7733226974491));
#7000=CARTESIAN_POINT('Ctrl Pts',(19.1875000013333,-20.6769350477965,3.78299902281436));
#7001=CARTESIAN_POINT('Ctrl Pts',(19.5875000013333,-20.6769350477965,3.78299902281436));
#7002=CARTESIAN_POINT('Ctrl Pts',(19.1875000013333,-20.4563083538214,3.80187240654831));
#7003=CARTESIAN_POINT('Ctrl Pts',(19.5875000013333,-20.4563083538214,3.80187240654831));
#7004=CARTESIAN_POINT('Ctrl Pts',(19.1875000013333,-20.298913269872,3.95701141950775));
#7005=CARTESIAN_POINT('Ctrl Pts',(19.5875000013333,-20.298913269872,3.95701141950775));
#7006=CARTESIAN_POINT('Ctrl Pts',(19.1875000013333,-20.2222141578085,4.03261114118787));
#7007=CARTESIAN_POINT('Ctrl Pts',(19.5875000013333,-20.2222141578085,4.03261114118787));
#7008=CARTESIAN_POINT('',(19.5875000013333,-20.7900496702329,3.7733226974491));
#7009=CARTESIAN_POINT('',(19.1875000013333,-20.7900496702329,3.7733226974491));
#7010=CARTESIAN_POINT('',(19.5875000013333,-20.2222141578085,4.03261114118787));
#7011=CARTESIAN_POINT('Ctrl Pts',(19.5875000013333,-20.7900496702329,3.7733226974491));
#7012=CARTESIAN_POINT('Ctrl Pts',(19.5875000013333,-20.6769350477965,3.78299902281436));
#7013=CARTESIAN_POINT('Ctrl Pts',(19.5875000013333,-20.4563083538214,3.80187240654831));
#7014=CARTESIAN_POINT('Ctrl Pts',(19.5875000013333,-20.298913269872,3.95701141950775));
#7015=CARTESIAN_POINT('Ctrl Pts',(19.5875000013333,-20.2222141578085,4.03261114118787));
#7016=CARTESIAN_POINT('',(19.1875000013333,-20.2222141578085,4.03261114118787));
#7017=CARTESIAN_POINT('Ctrl Pts',(19.1875000013333,-21.2445382191006,3.9207693273561));
#7018=CARTESIAN_POINT('Ctrl Pts',(19.5875000013333,-21.2445382191006,3.9207693273561));
#7019=CARTESIAN_POINT('Ctrl Pts',(19.1875000013333,-21.1787162890805,3.8777785275914));
#7020=CARTESIAN_POINT('Ctrl Pts',(19.5875000013333,-21.1787162890805,3.8777785275914));
#7021=CARTESIAN_POINT('Ctrl Pts',(19.1875000013333,-21.0408512608292,3.78773364707361));
#7022=CARTESIAN_POINT('Ctrl Pts',(19.5875000013333,-21.0408512608292,3.78773364707361));
#7023=CARTESIAN_POINT('Ctrl Pts',(19.1875000013333,-20.8761279175627,3.77826871586583));
#7024=CARTESIAN_POINT('Ctrl Pts',(19.5875000013333,-20.8761279175627,3.77826871586583));
#7025=CARTESIAN_POINT('Ctrl Pts',(19.1875000013333,-20.7900496702329,3.7733226974491));
#7026=CARTESIAN_POINT('Ctrl Pts',(19.5875000013333,-20.7900496702329,3.7733226974491));
#7027=CARTESIAN_POINT('',(19.5875000013333,-21.2445382191006,3.9207693273561));
#7028=CARTESIAN_POINT('',(19.1875000013333,-21.2445382191006,3.9207693273561));
#7029=CARTESIAN_POINT('Ctrl Pts',(19.5875000013333,-21.2445382191006,3.9207693273561));
#7030=CARTESIAN_POINT('Ctrl Pts',(19.5875000013333,-21.1787162890805,3.8777785275914));
#7031=CARTESIAN_POINT('Ctrl Pts',(19.5875000013333,-21.0408512608292,3.78773364707361));
#7032=CARTESIAN_POINT('Ctrl Pts',(19.5875000013333,-20.8761279175627,3.77826871586583));
#7033=CARTESIAN_POINT('Ctrl Pts',(19.5875000013333,-20.7900496702329,3.7733226974491));
#7034=CARTESIAN_POINT('Ctrl Pts',(19.1875000013333,-21.5148908549518,4.33853488185917));
#7035=CARTESIAN_POINT('Ctrl Pts',(19.5875000013333,-21.5148908549518,4.33853488185917));
#7036=CARTESIAN_POINT('Ctrl Pts',(19.1875000013333,-21.4827888568803,4.25505656176762));
#7037=CARTESIAN_POINT('Ctrl Pts',(19.5875000013333,-21.4827888568803,4.25505656176762));
#7038=CARTESIAN_POINT('Ctrl Pts',(19.1875000013333,-21.4218527900478,4.0965978739052));
#7039=CARTESIAN_POINT('Ctrl Pts',(19.5875000013333,-21.4218527900478,4.0965978739052));
#7040=CARTESIAN_POINT('Ctrl Pts',(19.1875000013333,-21.301491464155,3.97724526300922));
#7041=CARTESIAN_POINT('Ctrl Pts',(19.5875000013333,-21.301491464155,3.97724526300922));
#7042=CARTESIAN_POINT('Ctrl Pts',(19.1875000013333,-21.2445382191006,3.9207693273561));
#7043=CARTESIAN_POINT('Ctrl Pts',(19.5875000013333,-21.2445382191006,3.9207693273561));
#7044=CARTESIAN_POINT('',(19.5875000013333,-21.5148908549518,4.33853488185917));
#7045=CARTESIAN_POINT('',(19.1875000013333,-21.5148908549518,4.33853488185917));
#7046=CARTESIAN_POINT('Ctrl Pts',(19.5875000013333,-21.5148908549518,4.33853488185917));
#7047=CARTESIAN_POINT('Ctrl Pts',(19.5875000013333,-21.4827888568803,4.25505656176762));
#7048=CARTESIAN_POINT('Ctrl Pts',(19.5875000013333,-21.4218527900478,4.0965978739052));
#7049=CARTESIAN_POINT('Ctrl Pts',(19.5875000013333,-21.301491464155,3.97724526300922));
#7050=CARTESIAN_POINT('Ctrl Pts',(19.5875000013333,-21.2445382191006,3.9207693273561));
#7051=CARTESIAN_POINT('Ctrl Pts',(19.1875000013333,-21.6053727219249,5.04878811364403));
#7052=CARTESIAN_POINT('Ctrl Pts',(19.5875000013333,-21.6053727219249,5.04878811364403));
#7053=CARTESIAN_POINT('Ctrl Pts',(19.1875000013333,-21.6035295154318,4.91549484328879));
#7054=CARTESIAN_POINT('Ctrl Pts',(19.5875000013333,-21.6035295154318,4.91549484328879));
#7055=CARTESIAN_POINT('Ctrl Pts',(19.1875000013333,-21.6002051697347,4.67509155075318));
#7056=CARTESIAN_POINT('Ctrl Pts',(19.5875000013333,-21.6002051697347,4.67509155075318));
#7057=CARTESIAN_POINT('Ctrl Pts',(19.1875000013333,-21.5411863025267,4.44226786342752));
#7058=CARTESIAN_POINT('Ctrl Pts',(19.5875000013333,-21.5411863025267,4.44226786342752));
#7059=CARTESIAN_POINT('Ctrl Pts',(19.1875000013333,-21.5148908549518,4.33853488185917));
#7060=CARTESIAN_POINT('Ctrl Pts',(19.5875000013333,-21.5148908549518,4.33853488185917));
#7061=CARTESIAN_POINT('',(19.5875000013333,-21.6053727219249,5.04878811364403));
#7062=CARTESIAN_POINT('',(19.1875000013333,-21.6053727219249,5.04878811364403));
#7063=CARTESIAN_POINT('Ctrl Pts',(19.5875000013333,-21.6053727219249,5.04878811364403));
#7064=CARTESIAN_POINT('Ctrl Pts',(19.5875000013333,-21.6035295154318,4.91549484328879));
#7065=CARTESIAN_POINT('Ctrl Pts',(19.5875000013333,-21.6002051697347,4.67509155075318));
#7066=CARTESIAN_POINT('Ctrl Pts',(19.5875000013333,-21.5411863025267,4.44226786342752));
#7067=CARTESIAN_POINT('Ctrl Pts',(19.5875000013333,-21.5148908549518,4.33853488185917));
#7068=CARTESIAN_POINT('Ctrl Pts',(19.1875000013333,-21.5491794019477,5.63968963897693));
#7069=CARTESIAN_POINT('Ctrl Pts',(19.5875000013333,-21.5491794019477,5.63968963897693));
#7070=CARTESIAN_POINT('Ctrl Pts',(19.1875000013333,-21.5655180845943,5.55415830281101));
#7071=CARTESIAN_POINT('Ctrl Pts',(19.5875000013333,-21.5655180845943,5.55415830281101));
#7072=CARTESIAN_POINT('Ctrl Pts',(19.1875000013333,-21.6027807082217,5.3590922710602));
#7073=CARTESIAN_POINT('Ctrl Pts',(19.5875000013333,-21.6027807082217,5.3590922710602));
#7074=CARTESIAN_POINT('Ctrl Pts',(19.1875000013333,-21.6044406314653,5.16037376781697));
#7075=CARTESIAN_POINT('Ctrl Pts',(19.5875000013333,-21.6044406314653,5.16037376781697));
#7076=CARTESIAN_POINT('Ctrl Pts',(19.1875000013333,-21.6053727219249,5.04878811364403));
#7077=CARTESIAN_POINT('Ctrl Pts',(19.5875000013333,-21.6053727219249,5.04878811364403));
#7078=CARTESIAN_POINT('',(19.5875000013333,-21.5491794019477,5.63968963897693));
#7079=CARTESIAN_POINT('',(19.1875000013333,-21.5491794019477,5.63968963897693));
#7080=CARTESIAN_POINT('Ctrl Pts',(19.5875000013333,-21.5491794019477,5.63968963897693));
#7081=CARTESIAN_POINT('Ctrl Pts',(19.5875000013333,-21.5655180845943,5.55415830281101));
#7082=CARTESIAN_POINT('Ctrl Pts',(19.5875000013333,-21.6027807082217,5.3590922710602));
#7083=CARTESIAN_POINT('Ctrl Pts',(19.5875000013333,-21.6044406314653,5.16037376781697));
#7084=CARTESIAN_POINT('Ctrl Pts',(19.5875000013333,-21.6053727219249,5.04878811364403));
#7085=CARTESIAN_POINT('Ctrl Pts',(19.1875000013333,-21.3940473544047,6.01147126543714));
#7086=CARTESIAN_POINT('Ctrl Pts',(19.5875000013333,-21.3940473544047,6.01147126543714));
#7087=CARTESIAN_POINT('Ctrl Pts',(19.1875000013333,-21.4256877989279,5.9559923447497));
#7088=CARTESIAN_POINT('Ctrl Pts',(19.5875000013333,-21.4256877989279,5.9559923447497));
#7089=CARTESIAN_POINT('Ctrl Pts',(19.1875000013333,-21.4926822196585,5.838523130577));
#7090=CARTESIAN_POINT('Ctrl Pts',(19.5875000013333,-21.4926822196585,5.838523130577));
#7091=CARTESIAN_POINT('Ctrl Pts',(19.1875000013333,-21.5296637075334,5.70837224409406));
#7092=CARTESIAN_POINT('Ctrl Pts',(19.5875000013333,-21.5296637075334,5.70837224409406));
#7093=CARTESIAN_POINT('Ctrl Pts',(19.1875000013333,-21.5491794019477,5.63968963897693));
#7094=CARTESIAN_POINT('Ctrl Pts',(19.5875000013333,-21.5491794019477,5.63968963897693));
#7095=CARTESIAN_POINT('',(19.5875000013333,-21.3940473544047,6.01147126543714));
#7096=CARTESIAN_POINT('',(19.1875000013333,-21.3940473544047,6.01147126543714));
#7097=CARTESIAN_POINT('Ctrl Pts',(19.5875000013333,-21.3940473544047,6.01147126543714));
#7098=CARTESIAN_POINT('Ctrl Pts',(19.5875000013333,-21.4256877989279,5.9559923447497));
#7099=CARTESIAN_POINT('Ctrl Pts',(19.5875000013333,-21.4926822196585,5.838523130577));
#7100=CARTESIAN_POINT('Ctrl Pts',(19.5875000013333,-21.5296637075334,5.70837224409406));
#7101=CARTESIAN_POINT('Ctrl Pts',(19.5875000013333,-21.5491794019477,5.63968963897693));
#7102=CARTESIAN_POINT('Ctrl Pts',(19.1875000013333,-21.1433985352619,6.24513552342589));
#7103=CARTESIAN_POINT('Ctrl Pts',(19.5875000013333,-21.1433985352619,6.24513552342589));
#7104=CARTESIAN_POINT('Ctrl Pts',(19.1875000013333,-21.1920151315944,6.21478196159674));
#7105=CARTESIAN_POINT('Ctrl Pts',(19.5875000013333,-21.1920151315944,6.21478196159674));
#7106=CARTESIAN_POINT('Ctrl Pts',(19.1875000013333,-21.2906869630214,6.15317663004423));
#7107=CARTESIAN_POINT('Ctrl Pts',(19.5875000013333,-21.2906869630214,6.15317663004423));
#7108=CARTESIAN_POINT('Ctrl Pts',(19.1875000013333,-21.359260621827,6.05916329289026));
#7109=CARTESIAN_POINT('Ctrl Pts',(19.5875000013333,-21.359260621827,6.05916329289026));
#7110=CARTESIAN_POINT('Ctrl Pts',(19.1875000013333,-21.3940473544047,6.01147126543714));
#7111=CARTESIAN_POINT('Ctrl Pts',(19.5875000013333,-21.3940473544047,6.01147126543714));
#7112=CARTESIAN_POINT('',(19.5875000013333,-21.1433985352619,6.24513552342589));
#7113=CARTESIAN_POINT('',(19.1875000013333,-21.1433985352619,6.24513552342589));
#7114=CARTESIAN_POINT('Ctrl Pts',(19.5875000013333,-21.1433985352619,6.24513552342589));
#7115=CARTESIAN_POINT('Ctrl Pts',(19.5875000013333,-21.1920151315944,6.21478196159674));
#7116=CARTESIAN_POINT('Ctrl Pts',(19.5875000013333,-21.2906869630214,6.15317663004423));
#7117=CARTESIAN_POINT('Ctrl Pts',(19.5875000013333,-21.359260621827,6.05916329289026));
#7118=CARTESIAN_POINT('Ctrl Pts',(19.5875000013333,-21.3940473544047,6.01147126543714));
#7119=CARTESIAN_POINT('Ctrl Pts',(19.1875000013333,-20.7904082627383,6.32618752183136));
#7120=CARTESIAN_POINT('Ctrl Pts',(19.5875000013333,-20.7904082627383,6.32618752183136));
#7121=CARTESIAN_POINT('Ctrl Pts',(19.1875000013333,-20.8542933509309,6.32339097816253));
#7122=CARTESIAN_POINT('Ctrl Pts',(19.5875000013333,-20.8542933509309,6.32339097816253));
#7123=CARTESIAN_POINT('Ctrl Pts',(19.1875000013333,-20.9770427224099,6.31801767451103));
#7124=CARTESIAN_POINT('Ctrl Pts',(19.5875000013333,-20.9770427224099,6.31801767451103));
#7125=CARTESIAN_POINT('Ctrl Pts',(19.1875000013333,-21.0894795955946,6.2687579520012));
#7126=CARTESIAN_POINT('Ctrl Pts',(19.5875000013333,-21.0894795955946,6.2687579520012));
#7127=CARTESIAN_POINT('Ctrl Pts',(19.1875000013333,-21.1433985352619,6.24513552342589));
#7128=CARTESIAN_POINT('Ctrl Pts',(19.5875000013333,-21.1433985352619,6.24513552342589));
#7129=CARTESIAN_POINT('',(19.5875000013333,-20.7904082627383,6.32618752183136));
#7130=CARTESIAN_POINT('',(19.1875000013333,-20.7904082627383,6.32618752183136));
#7131=CARTESIAN_POINT('Ctrl Pts',(19.5875000013333,-20.7904082627383,6.32618752183136));
#7132=CARTESIAN_POINT('Ctrl Pts',(19.5875000013333,-20.8542933509309,6.32339097816253));
#7133=CARTESIAN_POINT('Ctrl Pts',(19.5875000013333,-20.9770427224099,6.31801767451103));
#7134=CARTESIAN_POINT('Ctrl Pts',(19.5875000013333,-21.0894795955946,6.2687579520012));
#7135=CARTESIAN_POINT('Ctrl Pts',(19.5875000013333,-21.1433985352619,6.24513552342589));
#7136=CARTESIAN_POINT('Ctrl Pts',(19.1875000013333,-20.3376251225718,6.17959374385798));
#7137=CARTESIAN_POINT('Ctrl Pts',(19.5875000013333,-20.3376251225718,6.17959374385798));
#7138=CARTESIAN_POINT('Ctrl Pts',(19.1875000013333,-20.4033219902032,6.22233690525061));
#7139=CARTESIAN_POINT('Ctrl Pts',(19.5875000013333,-20.4033219902032,6.22233690525061));
#7140=CARTESIAN_POINT('Ctrl Pts',(19.1875000013333,-20.5407679548055,6.31176088023702));
#7141=CARTESIAN_POINT('Ctrl Pts',(19.5875000013333,-20.5407679548055,6.31176088023702));
#7142=CARTESIAN_POINT('Ctrl Pts',(19.1875000013333,-20.7047873760548,6.32123951541605));
#7143=CARTESIAN_POINT('Ctrl Pts',(19.5875000013333,-20.7047873760548,6.32123951541605));
#7144=CARTESIAN_POINT('Ctrl Pts',(19.1875000013333,-20.7904082627383,6.32618752183136));
#7145=CARTESIAN_POINT('Ctrl Pts',(19.5875000013333,-20.7904082627383,6.32618752183136));
#7146=CARTESIAN_POINT('',(19.5875000013333,-20.3376251225718,6.17959374385798));
#7147=CARTESIAN_POINT('',(19.1875000013333,-20.3376251225718,6.17959374385798));
#7148=CARTESIAN_POINT('Ctrl Pts',(19.5875000013333,-20.3376251225718,6.17959374385798));
#7149=CARTESIAN_POINT('Ctrl Pts',(19.5875000013333,-20.4033219902032,6.22233690525061));
#7150=CARTESIAN_POINT('Ctrl Pts',(19.5875000013333,-20.5407679548055,6.31176088023702));
#7151=CARTESIAN_POINT('Ctrl Pts',(19.5875000013333,-20.7047873760548,6.32123951541605));
#7152=CARTESIAN_POINT('Ctrl Pts',(19.5875000013333,-20.7904082627383,6.32618752183136));
#7153=CARTESIAN_POINT('Ctrl Pts',(19.1875000013333,-20.0664205581,5.76268095347444));
#7154=CARTESIAN_POINT('Ctrl Pts',(19.5875000013333,-20.0664205581,5.76268095347444));
#7155=CARTESIAN_POINT('Ctrl Pts',(19.1875000013333,-20.0987397799994,5.84610500655616));
#7156=CARTESIAN_POINT('Ctrl Pts',(19.5875000013333,-20.0987397799994,5.84610500655616));
#7157=CARTESIAN_POINT('Ctrl Pts',(19.1875000013333,-20.160038268773,6.00433184745018));
#7158=CARTESIAN_POINT('Ctrl Pts',(19.5875000013333,-20.160038268773,6.00433184745018));
#7159=CARTESIAN_POINT('Ctrl Pts',(19.1875000013333,-20.2806195314085,6.12333446678083));
#7160=CARTESIAN_POINT('Ctrl Pts',(19.5875000013333,-20.2806195314085,6.12333446678083));
#7161=CARTESIAN_POINT('Ctrl Pts',(19.1875000013333,-20.3376251225718,6.17959374385798));
#7162=CARTESIAN_POINT('Ctrl Pts',(19.5875000013333,-20.3376251225718,6.17959374385798));
#7163=CARTESIAN_POINT('',(19.5875000013333,-20.0664205581,5.76268095347444));
#7164=CARTESIAN_POINT('',(19.1875000013333,-20.0664205581,5.76268095347444));
#7165=CARTESIAN_POINT('Ctrl Pts',(19.5875000013333,-20.0664205581,5.76268095347444));
#7166=CARTESIAN_POINT('Ctrl Pts',(19.5875000013333,-20.0987397799994,5.84610500655616));
#7167=CARTESIAN_POINT('Ctrl Pts',(19.5875000013333,-20.160038268773,6.00433184745018));
#7168=CARTESIAN_POINT('Ctrl Pts',(19.5875000013333,-20.2806195314085,6.12333446678083));
#7169=CARTESIAN_POINT('Ctrl Pts',(19.5875000013333,-20.3376251225718,6.17959374385798));
#7170=CARTESIAN_POINT('Ctrl Pts',(19.1875000013333,-19.9750855675983,5.04901711470572));
#7171=CARTESIAN_POINT('Ctrl Pts',(19.5875000013333,-19.9750855675983,5.04901711470572));
#7172=CARTESIAN_POINT('Ctrl Pts',(19.1875000013333,-19.9769105066303,5.18317982399431));
#7173=CARTESIAN_POINT('Ctrl Pts',(19.5875000013333,-19.9769105066303,5.18317982399431));
#7174=CARTESIAN_POINT('Ctrl Pts',(19.1875000013333,-19.9801969289737,5.42478533394256));
#7175=CARTESIAN_POINT('Ctrl Pts',(19.5875000013333,-19.9801969289737,5.42478533394256));
#7176=CARTESIAN_POINT('Ctrl Pts',(19.1875000013333,-20.0398795094405,5.65867113423221));
#7177=CARTESIAN_POINT('Ctrl Pts',(19.5875000013333,-20.0398795094405,5.65867113423221));
#7178=CARTESIAN_POINT('Ctrl Pts',(19.1875000013333,-20.0664205581,5.76268095347444));
#7179=CARTESIAN_POINT('Ctrl Pts',(19.5875000013333,-20.0664205581,5.76268095347444));
#7180=CARTESIAN_POINT('',(19.5875000013333,-19.9750855675983,5.04901711470572));
#7181=CARTESIAN_POINT('',(19.1875000013333,-19.9750855675983,5.04901711470572));
#7182=CARTESIAN_POINT('Ctrl Pts',(19.5875000013333,-19.9750855675983,5.04901711470572));
#7183=CARTESIAN_POINT('Ctrl Pts',(19.5875000013333,-19.9769105066303,5.18317982399431));
#7184=CARTESIAN_POINT('Ctrl Pts',(19.5875000013333,-19.9801969289737,5.42478533394256));
#7185=CARTESIAN_POINT('Ctrl Pts',(19.5875000013333,-20.0398795094405,5.65867113423221));
#7186=CARTESIAN_POINT('Ctrl Pts',(19.5875000013333,-20.0664205581,5.76268095347444));
#7187=CARTESIAN_POINT('Ctrl Pts',(19.1875000013333,-20.2222141578085,4.03261114118787));
#7188=CARTESIAN_POINT('Ctrl Pts',(19.5875000013333,-20.2222141578085,4.03261114118787));
#7189=CARTESIAN_POINT('Ctrl Pts',(19.1875000013333,-20.15051696289,4.16666466286254));
#7190=CARTESIAN_POINT('Ctrl Pts',(19.5875000013333,-20.15051696289,4.16666466286254));
#7191=CARTESIAN_POINT('Ctrl Pts',(19.1875000013333,-19.981752031691,4.48220745903668));
#7192=CARTESIAN_POINT('Ctrl Pts',(19.5875000013333,-19.981752031691,4.48220745903668));
#7193=CARTESIAN_POINT('Ctrl Pts',(19.1875000013333,-19.977519800323,4.84204883387174));
#7194=CARTESIAN_POINT('Ctrl Pts',(19.5875000013333,-19.977519800323,4.84204883387174));
#7195=CARTESIAN_POINT('Ctrl Pts',(19.1875000013333,-19.9750855675983,5.04901711470572));
#7196=CARTESIAN_POINT('Ctrl Pts',(19.5875000013333,-19.9750855675983,5.04901711470572));
#7197=CARTESIAN_POINT('Ctrl Pts',(19.5875000013333,-20.2222141578085,4.03261114118787));
#7198=CARTESIAN_POINT('Ctrl Pts',(19.5875000013333,-20.15051696289,4.16666466286254));
#7199=CARTESIAN_POINT('Ctrl Pts',(19.5875000013333,-19.981752031691,4.48220745903668));
#7200=CARTESIAN_POINT('Ctrl Pts',(19.5875000013333,-19.977519800323,4.84204883387174));
#7201=CARTESIAN_POINT('Ctrl Pts',(19.5875000013333,-19.9750855675983,5.04901711470572));
#7202=CARTESIAN_POINT('Origin',(19.5875000013333,-20.5684209440127,5.04954778713746));
#7203=CARTESIAN_POINT('Origin',(19.1875000013333,-22.4391497985054,4.16531495225655));
#7204=CARTESIAN_POINT('',(19.5875000013333,-22.4391497985054,4.16531495225655));
#7205=CARTESIAN_POINT('',(19.1875000013333,-22.4391497985054,4.16531495225655));
#7206=CARTESIAN_POINT('',(19.5875000013333,-22.4391006926418,3.81572417735459));
#7207=CARTESIAN_POINT('',(19.5875000013333,-22.4391497985054,4.16531495225655));
#7208=CARTESIAN_POINT('',(19.1875000013333,-22.4391006926418,3.81572417735459));
#7209=CARTESIAN_POINT('Origin',(19.1875000013333,-22.0895590236034,4.16536405812014));
#7210=CARTESIAN_POINT('',(19.5875000013333,-22.0895590236034,4.16536405812014));
#7211=CARTESIAN_POINT('',(19.1875000013333,-22.0895590236034,4.16536405812014));
#7212=CARTESIAN_POINT('',(19.5875000013333,-22.0895590236034,4.16536405812014));
#7213=CARTESIAN_POINT('Origin',(19.1875000013333,-22.0895099177398,3.81577328321818));
#7214=CARTESIAN_POINT('',(19.5875000013333,-22.0895099177398,3.81577328321818));
#7215=CARTESIAN_POINT('',(19.1875000013333,-22.0895099177398,3.81577328321818));
#7216=CARTESIAN_POINT('',(19.5875000013333,-22.0895099177398,3.81577328321818));
#7217=CARTESIAN_POINT('Origin',(19.1875000013333,-22.4391006926418,3.81572417735459));
#7218=CARTESIAN_POINT('',(19.5875000013333,-22.4391006926418,3.81572417735459));
#7219=CARTESIAN_POINT('Origin',(19.5875000013333,-20.5684209440127,5.04954778713746));
#7220=CARTESIAN_POINT('Ctrl Pts',(19.1875000013333,-23.7251020589219,5.16615753179225));
#7221=CARTESIAN_POINT('Ctrl Pts',(19.5875000013333,-23.7251020589219,5.16615753179225));
#7222=CARTESIAN_POINT('Ctrl Pts',(19.1875000013333,-23.658381092967,5.15995020061466));
#7223=CARTESIAN_POINT('Ctrl Pts',(19.5875000013333,-23.658381092967,5.15995020061466));
#7224=CARTESIAN_POINT('Ctrl Pts',(19.1875000013333,-23.5249427543818,5.14753587256155));
#7225=CARTESIAN_POINT('Ctrl Pts',(19.5875000013333,-23.5249427543818,5.14753587256155));
#7226=CARTESIAN_POINT('Ctrl Pts',(19.1875000013333,-23.4230331676655,5.06050551589181));
#7227=CARTESIAN_POINT('Ctrl Pts',(19.5875000013333,-23.4230331676655,5.06050551589181));
#7228=CARTESIAN_POINT('Ctrl Pts',(19.1875000013333,-23.3720797464551,5.01699150936531));
#7229=CARTESIAN_POINT('Ctrl Pts',(19.5875000013333,-23.3720797464551,5.01699150936531));
#7230=CARTESIAN_POINT('',(19.1875000013333,-23.7251020589219,5.16615753179225));
#7231=CARTESIAN_POINT('',(19.1875000013333,-23.3720797464551,5.01699150936531));
#7232=CARTESIAN_POINT('Ctrl Pts',(19.1875000013333,-23.7251020589219,5.16615753179225));
#7233=CARTESIAN_POINT('Ctrl Pts',(19.1875000013333,-23.658381092967,5.15995020061466));
#7234=CARTESIAN_POINT('Ctrl Pts',(19.1875000013333,-23.5249427543818,5.14753587256155));
#7235=CARTESIAN_POINT('Ctrl Pts',(19.1875000013333,-23.4230331676655,5.06050551589181));
#7236=CARTESIAN_POINT('Ctrl Pts',(19.1875000013333,-23.3720797464551,5.01699150936531));
#7237=CARTESIAN_POINT('',(19.5875000013333,-23.7251020589219,5.16615753179225));
#7238=CARTESIAN_POINT('',(19.1875000013333,-23.7251020589219,5.16615753179225));
#7239=CARTESIAN_POINT('',(19.5875000013333,-23.3720797464551,5.01699150936531));
#7240=CARTESIAN_POINT('Ctrl Pts',(19.5875000013333,-23.7251020589219,5.16615753179225));
#7241=CARTESIAN_POINT('Ctrl Pts',(19.5875000013333,-23.658381092967,5.15995020061466));
#7242=CARTESIAN_POINT('Ctrl Pts',(19.5875000013333,-23.5249427543818,5.14753587256155));
#7243=CARTESIAN_POINT('Ctrl Pts',(19.5875000013333,-23.4230331676655,5.06050551589181));
#7244=CARTESIAN_POINT('Ctrl Pts',(19.5875000013333,-23.3720797464551,5.01699150936531));
#7245=CARTESIAN_POINT('',(19.1875000013333,-23.3720797464551,5.01699150936531));
#7246=CARTESIAN_POINT('Ctrl Pts',(19.1875000013333,-24.0729659890828,5.01689305818555));
#7247=CARTESIAN_POINT('Ctrl Pts',(19.5875000013333,-24.0729659890828,5.01689305818555));
#7248=CARTESIAN_POINT('Ctrl Pts',(19.1875000013333,-24.0236404433302,5.06042026385594));
#7249=CARTESIAN_POINT('Ctrl Pts',(19.5875000013333,-24.0236404433302,5.06042026385594));
#7250=CARTESIAN_POINT('Ctrl Pts',(19.1875000013333,-23.9241104615566,5.14825024973715));
#7251=CARTESIAN_POINT('Ctrl Pts',(19.5875000013333,-23.9241104615566,5.14825024973715));
#7252=CARTESIAN_POINT('Ctrl Pts',(19.1875000013333,-23.7918275637516,5.16015340121568));
#7253=CARTESIAN_POINT('Ctrl Pts',(19.5875000013333,-23.7918275637516,5.16015340121568));
#7254=CARTESIAN_POINT('Ctrl Pts',(19.1875000013333,-23.7251020589219,5.16615753179225));
#7255=CARTESIAN_POINT('Ctrl Pts',(19.5875000013333,-23.7251020589219,5.16615753179225));
#7256=CARTESIAN_POINT('',(19.1875000013333,-24.0729659890828,5.01689305818555));
#7257=CARTESIAN_POINT('Ctrl Pts',(19.1875000013333,-24.0729659890828,5.01689305818555));
#7258=CARTESIAN_POINT('Ctrl Pts',(19.1875000013333,-24.0236404433302,5.06042026385594));
#7259=CARTESIAN_POINT('Ctrl Pts',(19.1875000013333,-23.9241104615566,5.14825024973715));
#7260=CARTESIAN_POINT('Ctrl Pts',(19.1875000013333,-23.7918275637516,5.16015340121568));
#7261=CARTESIAN_POINT('Ctrl Pts',(19.1875000013333,-23.7251020589219,5.16615753179225));
#7262=CARTESIAN_POINT('',(19.5875000013333,-24.0729659890828,5.01689305818555));
#7263=CARTESIAN_POINT('',(19.1875000013333,-24.0729659890828,5.01689305818555));
#7264=CARTESIAN_POINT('Ctrl Pts',(19.5875000013333,-24.0729659890828,5.01689305818555));
#7265=CARTESIAN_POINT('Ctrl Pts',(19.5875000013333,-24.0236404433302,5.06042026385594));
#7266=CARTESIAN_POINT('Ctrl Pts',(19.5875000013333,-23.9241104615566,5.14825024973715));
#7267=CARTESIAN_POINT('Ctrl Pts',(19.5875000013333,-23.7918275637516,5.16015340121568));
#7268=CARTESIAN_POINT('Ctrl Pts',(19.5875000013333,-23.7251020589219,5.16615753179225));
#7269=CARTESIAN_POINT('Ctrl Pts',(19.1875000013333,-24.2110399977886,4.60844937132103));
#7270=CARTESIAN_POINT('Ctrl Pts',(19.5875000013333,-24.2110399977886,4.60844937132103));
#7271=CARTESIAN_POINT('Ctrl Pts',(19.1875000013333,-24.2070046505195,4.68831965979535));
#7272=CARTESIAN_POINT('Ctrl Pts',(19.5875000013333,-24.2070046505195,4.68831965979535));
#7273=CARTESIAN_POINT('Ctrl Pts',(19.1875000013333,-24.1994408506121,4.83802743963802));
#7274=CARTESIAN_POINT('Ctrl Pts',(19.5875000013333,-24.1994408506121,4.83802743963802));
#7275=CARTESIAN_POINT('Ctrl Pts',(19.1875000013333,-24.1131977235294,4.95999579038058));
#7276=CARTESIAN_POINT('Ctrl Pts',(19.5875000013333,-24.1131977235294,4.95999579038058));
#7277=CARTESIAN_POINT('Ctrl Pts',(19.1875000013333,-24.0729659890828,5.01689305818555));
#7278=CARTESIAN_POINT('Ctrl Pts',(19.5875000013333,-24.0729659890828,5.01689305818555));
#7279=CARTESIAN_POINT('',(19.1875000013333,-24.2110399977886,4.60844937132103));
#7280=CARTESIAN_POINT('Ctrl Pts',(19.1875000013333,-24.2110399977886,4.60844937132103));
#7281=CARTESIAN_POINT('Ctrl Pts',(19.1875000013333,-24.2070046505195,4.68831965979535));
#7282=CARTESIAN_POINT('Ctrl Pts',(19.1875000013333,-24.1994408506121,4.83802743963802));
#7283=CARTESIAN_POINT('Ctrl Pts',(19.1875000013333,-24.1131977235294,4.95999579038058));
#7284=CARTESIAN_POINT('Ctrl Pts',(19.1875000013333,-24.0729659890828,5.01689305818555));
#7285=CARTESIAN_POINT('',(19.5875000013333,-24.2110399977886,4.60844937132103));
#7286=CARTESIAN_POINT('',(19.1875000013333,-24.2110399977886,4.60844937132103));
#7287=CARTESIAN_POINT('Ctrl Pts',(19.5875000013333,-24.2110399977886,4.60844937132103));
#7288=CARTESIAN_POINT('Ctrl Pts',(19.5875000013333,-24.2070046505195,4.68831965979535));
#7289=CARTESIAN_POINT('Ctrl Pts',(19.5875000013333,-24.1994408506121,4.83802743963802));
#7290=CARTESIAN_POINT('Ctrl Pts',(19.5875000013333,-24.1131977235294,4.95999579038058));
#7291=CARTESIAN_POINT('Ctrl Pts',(19.5875000013333,-24.0729659890828,5.01689305818555));
#7292=CARTESIAN_POINT('Ctrl Pts',(19.1875000013333,-24.0711440410607,4.1821388984675));
#7293=CARTESIAN_POINT('Ctrl Pts',(19.5875000013333,-24.0711440410607,4.1821388984675));
#7294=CARTESIAN_POINT('Ctrl Pts',(19.1875000013333,-24.111887049523,4.24183214642966));
#7295=CARTESIAN_POINT('Ctrl Pts',(19.5875000013333,-24.111887049523,4.24183214642966));
#7296=CARTESIAN_POINT('Ctrl Pts',(19.1875000013333,-24.1993381430168,4.36995817358139));
#7297=CARTESIAN_POINT('Ctrl Pts',(19.5875000013333,-24.1993381430168,4.36995817358139));
#7298=CARTESIAN_POINT('Ctrl Pts',(19.1875000013333,-24.2069659475916,4.52541765283758));
#7299=CARTESIAN_POINT('Ctrl Pts',(19.5875000013333,-24.2069659475916,4.52541765283758));
#7300=CARTESIAN_POINT('Ctrl Pts',(19.1875000013333,-24.2110399977886,4.60844937132103));
#7301=CARTESIAN_POINT('Ctrl Pts',(19.5875000013333,-24.2110399977886,4.60844937132103));
#7302=CARTESIAN_POINT('',(19.1875000013333,-24.0711440410607,4.1821388984675));
#7303=CARTESIAN_POINT('Ctrl Pts',(19.1875000013333,-24.0711440410607,4.1821388984675));
#7304=CARTESIAN_POINT('Ctrl Pts',(19.1875000013333,-24.111887049523,4.24183214642966));
#7305=CARTESIAN_POINT('Ctrl Pts',(19.1875000013333,-24.1993381430168,4.36995817358139));
#7306=CARTESIAN_POINT('Ctrl Pts',(19.1875000013333,-24.2069659475916,4.52541765283758));
#7307=CARTESIAN_POINT('Ctrl Pts',(19.1875000013333,-24.2110399977886,4.60844937132103));
#7308=CARTESIAN_POINT('',(19.5875000013333,-24.0711440410607,4.1821388984675));
#7309=CARTESIAN_POINT('',(19.1875000013333,-24.0711440410607,4.1821388984675));
#7310=CARTESIAN_POINT('Ctrl Pts',(19.5875000013333,-24.0711440410607,4.1821388984675));
#7311=CARTESIAN_POINT('Ctrl Pts',(19.5875000013333,-24.111887049523,4.24183214642966));
#7312=CARTESIAN_POINT('Ctrl Pts',(19.5875000013333,-24.1993381430168,4.36995817358139));
#7313=CARTESIAN_POINT('Ctrl Pts',(19.5875000013333,-24.2069659475916,4.52541765283758));
#7314=CARTESIAN_POINT('Ctrl Pts',(19.5875000013333,-24.2110399977886,4.60844937132103));
#7315=CARTESIAN_POINT('Ctrl Pts',(19.1875000013333,-23.7368794242783,4.02529629212996));
#7316=CARTESIAN_POINT('Ctrl Pts',(19.5875000013333,-23.7368794242783,4.02529629212996));
#7317=CARTESIAN_POINT('Ctrl Pts',(19.1875000013333,-23.7999030221536,4.03238754762069));
#7318=CARTESIAN_POINT('Ctrl Pts',(19.5875000013333,-23.7999030221536,4.03238754762069));
#7319=CARTESIAN_POINT('Ctrl Pts',(19.1875000013333,-23.9288202753357,4.04689299018974));
#7320=CARTESIAN_POINT('Ctrl Pts',(19.5875000013333,-23.9288202753357,4.04689299018974));
#7321=CARTESIAN_POINT('Ctrl Pts',(19.1875000013333,-24.0230038561327,4.13639275760285));
#7322=CARTESIAN_POINT('Ctrl Pts',(19.5875000013333,-24.0230038561327,4.13639275760285));
#7323=CARTESIAN_POINT('Ctrl Pts',(19.1875000013333,-24.0711440410607,4.1821388984675));
#7324=CARTESIAN_POINT('Ctrl Pts',(19.5875000013333,-24.0711440410607,4.1821388984675));
#7325=CARTESIAN_POINT('',(19.1875000013333,-23.7368794242783,4.02529629212996));
#7326=CARTESIAN_POINT('Ctrl Pts',(19.1875000013333,-23.7368794242783,4.02529629212996));
#7327=CARTESIAN_POINT('Ctrl Pts',(19.1875000013333,-23.7999030221536,4.03238754762069));
#7328=CARTESIAN_POINT('Ctrl Pts',(19.1875000013333,-23.9288202753357,4.04689299018974));
#7329=CARTESIAN_POINT('Ctrl Pts',(19.1875000013333,-24.0230038561327,4.13639275760285));
#7330=CARTESIAN_POINT('Ctrl Pts',(19.1875000013333,-24.0711440410607,4.1821388984675));
#7331=CARTESIAN_POINT('',(19.5875000013333,-23.7368794242783,4.02529629212996));
#7332=CARTESIAN_POINT('',(19.1875000013333,-23.7368794242783,4.02529629212996));
#7333=CARTESIAN_POINT('Ctrl Pts',(19.5875000013333,-23.7368794242783,4.02529629212996));
#7334=CARTESIAN_POINT('Ctrl Pts',(19.5875000013333,-23.7999030221536,4.03238754762069));
#7335=CARTESIAN_POINT('Ctrl Pts',(19.5875000013333,-23.9288202753357,4.04689299018974));
#7336=CARTESIAN_POINT('Ctrl Pts',(19.5875000013333,-24.0230038561327,4.13639275760285));
#7337=CARTESIAN_POINT('Ctrl Pts',(19.5875000013333,-24.0711440410607,4.1821388984675));
#7338=CARTESIAN_POINT('Ctrl Pts',(19.1875000013333,-23.4827966777753,4.10121882863302));
#7339=CARTESIAN_POINT('Ctrl Pts',(19.5875000013333,-23.4827966777753,4.10121882863302));
#7340=CARTESIAN_POINT('Ctrl Pts',(19.1875000013333,-23.5232133908228,4.07908173659962));
#7341=CARTESIAN_POINT('Ctrl Pts',(19.5875000013333,-23.5232133908228,4.07908173659962));
#7342=CARTESIAN_POINT('Ctrl Pts',(19.1875000013333,-23.6025405611798,4.03563256078761));
#7343=CARTESIAN_POINT('Ctrl Pts',(19.5875000013333,-23.6025405611798,4.03563256078761));
#7344=CARTESIAN_POINT('Ctrl Pts',(19.1875000013333,-23.6926702609115,4.02869782299861));
#7345=CARTESIAN_POINT('Ctrl Pts',(19.5875000013333,-23.6926702609115,4.02869782299861));
#7346=CARTESIAN_POINT('Ctrl Pts',(19.1875000013333,-23.7368794242783,4.02529629212996));
#7347=CARTESIAN_POINT('Ctrl Pts',(19.5875000013333,-23.7368794242783,4.02529629212996));
#7348=CARTESIAN_POINT('',(19.1875000013333,-23.4827966777753,4.10121882863302));
#7349=CARTESIAN_POINT('Ctrl Pts',(19.1875000013333,-23.4827966777753,4.10121882863302));
#7350=CARTESIAN_POINT('Ctrl Pts',(19.1875000013333,-23.5232133908228,4.07908173659962));
#7351=CARTESIAN_POINT('Ctrl Pts',(19.1875000013333,-23.6025405611798,4.03563256078761));
#7352=CARTESIAN_POINT('Ctrl Pts',(19.1875000013333,-23.6926702609115,4.02869782299861));
#7353=CARTESIAN_POINT('Ctrl Pts',(19.1875000013333,-23.7368794242783,4.02529629212996));
#7354=CARTESIAN_POINT('',(19.5875000013333,-23.4827966777753,4.10121882863302));
#7355=CARTESIAN_POINT('',(19.1875000013333,-23.4827966777753,4.10121882863302));
#7356=CARTESIAN_POINT('Ctrl Pts',(19.5875000013333,-23.4827966777753,4.10121882863302));
#7357=CARTESIAN_POINT('Ctrl Pts',(19.5875000013333,-23.5232133908228,4.07908173659962));
#7358=CARTESIAN_POINT('Ctrl Pts',(19.5875000013333,-23.6025405611798,4.03563256078761));
#7359=CARTESIAN_POINT('Ctrl Pts',(19.5875000013333,-23.6926702609115,4.02869782299861));
#7360=CARTESIAN_POINT('Ctrl Pts',(19.5875000013333,-23.7368794242783,4.02529629212996));
#7361=CARTESIAN_POINT('Ctrl Pts',(19.1875000013333,-23.2943899999004,4.32208437887132));
#7362=CARTESIAN_POINT('Ctrl Pts',(19.5875000013333,-23.2943899999004,4.32208437887132));
#7363=CARTESIAN_POINT('Ctrl Pts',(19.1875000013333,-23.3184413412327,4.27704637722125));
#7364=CARTESIAN_POINT('Ctrl Pts',(19.5875000013333,-23.3184413412327,4.27704637722125));
#7365=CARTESIAN_POINT('Ctrl Pts',(19.1875000013333,-23.3651527388979,4.18957566296656));
#7366=CARTESIAN_POINT('Ctrl Pts',(19.5875000013333,-23.3651527388979,4.18957566296656));
#7367=CARTESIAN_POINT('Ctrl Pts',(19.1875000013333,-23.4443685041024,4.13008042411649));
#7368=CARTESIAN_POINT('Ctrl Pts',(19.5875000013333,-23.4443685041024,4.13008042411649));
#7369=CARTESIAN_POINT('Ctrl Pts',(19.1875000013333,-23.4827966777753,4.10121882863302));
#7370=CARTESIAN_POINT('Ctrl Pts',(19.5875000013333,-23.4827966777753,4.10121882863302));
#7371=CARTESIAN_POINT('',(19.1875000013333,-23.2943899999004,4.32208437887132));
#7372=CARTESIAN_POINT('Ctrl Pts',(19.1875000013333,-23.2943899999004,4.32208437887132));
#7373=CARTESIAN_POINT('Ctrl Pts',(19.1875000013333,-23.3184413412327,4.27704637722125));
#7374=CARTESIAN_POINT('Ctrl Pts',(19.1875000013333,-23.3651527388979,4.18957566296656));
#7375=CARTESIAN_POINT('Ctrl Pts',(19.1875000013333,-23.4443685041024,4.13008042411649));
#7376=CARTESIAN_POINT('Ctrl Pts',(19.1875000013333,-23.4827966777753,4.10121882863302));
#7377=CARTESIAN_POINT('',(19.5875000013333,-23.2943899999004,4.32208437887132));
#7378=CARTESIAN_POINT('',(19.1875000013333,-23.2943899999004,4.32208437887132));
#7379=CARTESIAN_POINT('Ctrl Pts',(19.5875000013333,-23.2943899999004,4.32208437887132));
#7380=CARTESIAN_POINT('Ctrl Pts',(19.5875000013333,-23.3184413412327,4.27704637722125));
#7381=CARTESIAN_POINT('Ctrl Pts',(19.5875000013333,-23.3651527388979,4.18957566296656));
#7382=CARTESIAN_POINT('Ctrl Pts',(19.5875000013333,-23.4443685041024,4.13008042411649));
#7383=CARTESIAN_POINT('Ctrl Pts',(19.5875000013333,-23.4827966777753,4.10121882863302));
#7384=CARTESIAN_POINT('Ctrl Pts',(19.1875000013333,-23.2270722376482,4.62564077308997));
#7385=CARTESIAN_POINT('Ctrl Pts',(19.5875000013333,-23.2270722376482,4.62564077308997));
#7386=CARTESIAN_POINT('Ctrl Pts',(19.1875000013333,-23.2298945176142,4.573295204073));
#7387=CARTESIAN_POINT('Ctrl Pts',(19.5875000013333,-23.2298945176142,4.573295204073));
#7388=CARTESIAN_POINT('Ctrl Pts',(19.1875000013333,-23.2355505241291,4.46839176325654));
#7389=CARTESIAN_POINT('Ctrl Pts',(19.5875000013333,-23.2355505241291,4.46839176325654));
#7390=CARTESIAN_POINT('Ctrl Pts',(19.1875000013333,-23.2747503971754,4.37091926170118));
#7391=CARTESIAN_POINT('Ctrl Pts',(19.5875000013333,-23.2747503971754,4.37091926170118));
#7392=CARTESIAN_POINT('Ctrl Pts',(19.1875000013333,-23.2943899999004,4.32208437887132));
#7393=CARTESIAN_POINT('Ctrl Pts',(19.5875000013333,-23.2943899999004,4.32208437887132));
#7394=CARTESIAN_POINT('',(19.1875000013333,-23.2270722376482,4.62564077308997));
#7395=CARTESIAN_POINT('Ctrl Pts',(19.1875000013333,-23.2270722376482,4.62564077308997));
#7396=CARTESIAN_POINT('Ctrl Pts',(19.1875000013333,-23.2298945176142,4.573295204073));
#7397=CARTESIAN_POINT('Ctrl Pts',(19.1875000013333,-23.2355505241291,4.46839176325654));
#7398=CARTESIAN_POINT('Ctrl Pts',(19.1875000013333,-23.2747503971754,4.37091926170118));
#7399=CARTESIAN_POINT('Ctrl Pts',(19.1875000013333,-23.2943899999004,4.32208437887132));
#7400=CARTESIAN_POINT('',(19.5875000013333,-23.2270722376482,4.62564077308997));
#7401=CARTESIAN_POINT('',(19.1875000013333,-23.2270722376482,4.62564077308997));
#7402=CARTESIAN_POINT('Ctrl Pts',(19.5875000013333,-23.2270722376482,4.62564077308997));
#7403=CARTESIAN_POINT('Ctrl Pts',(19.5875000013333,-23.2298945176142,4.573295204073));
#7404=CARTESIAN_POINT('Ctrl Pts',(19.5875000013333,-23.2355505241291,4.46839176325654));
#7405=CARTESIAN_POINT('Ctrl Pts',(19.5875000013333,-23.2747503971754,4.37091926170118));
#7406=CARTESIAN_POINT('Ctrl Pts',(19.5875000013333,-23.2943899999004,4.32208437887132));
#7407=CARTESIAN_POINT('Ctrl Pts',(19.1875000013333,-23.3720797464551,5.01699150936531));
#7408=CARTESIAN_POINT('Ctrl Pts',(19.5875000013333,-23.3720797464551,5.01699150936531));
#7409=CARTESIAN_POINT('Ctrl Pts',(19.1875000013333,-23.3298151253628,4.96180187748636));
#7410=CARTESIAN_POINT('Ctrl Pts',(19.5875000013333,-23.3298151253628,4.96180187748636));
#7411=CARTESIAN_POINT('Ctrl Pts',(19.1875000013333,-23.2415453519161,4.84653818467066));
#7412=CARTESIAN_POINT('Ctrl Pts',(19.5875000013333,-23.2415453519161,4.84653818467066));
#7413=CARTESIAN_POINT('Ctrl Pts',(19.1875000013333,-23.2320310028306,4.70132444235156));
#7414=CARTESIAN_POINT('Ctrl Pts',(19.5875000013333,-23.2320310028306,4.70132444235156));
#7415=CARTESIAN_POINT('Ctrl Pts',(19.1875000013333,-23.2270722376482,4.62564077308997));
#7416=CARTESIAN_POINT('Ctrl Pts',(19.5875000013333,-23.2270722376482,4.62564077308997));
#7417=CARTESIAN_POINT('Ctrl Pts',(19.1875000013333,-23.3720797464551,5.01699150936531));
#7418=CARTESIAN_POINT('Ctrl Pts',(19.1875000013333,-23.3298151253628,4.96180187748636));
#7419=CARTESIAN_POINT('Ctrl Pts',(19.1875000013333,-23.2415453519161,4.84653818467066));
#7420=CARTESIAN_POINT('Ctrl Pts',(19.1875000013333,-23.2320310028306,4.70132444235156));
#7421=CARTESIAN_POINT('Ctrl Pts',(19.1875000013333,-23.2270722376482,4.62564077308997));
#7422=CARTESIAN_POINT('Ctrl Pts',(19.5875000013333,-23.3720797464551,5.01699150936531));
#7423=CARTESIAN_POINT('Ctrl Pts',(19.5875000013333,-23.3298151253628,4.96180187748636));
#7424=CARTESIAN_POINT('Ctrl Pts',(19.5875000013333,-23.2415453519161,4.84653818467066));
#7425=CARTESIAN_POINT('Ctrl Pts',(19.5875000013333,-23.2320310028306,4.70132444235156));
#7426=CARTESIAN_POINT('Ctrl Pts',(19.5875000013333,-23.2270722376482,4.62564077308997));
#7427=CARTESIAN_POINT('Ctrl Pts',(19.1875000013333,-23.7713083421446,6.32576880462491));
#7428=CARTESIAN_POINT('Ctrl Pts',(19.5875000013333,-23.7713083421446,6.32576880462491));
#7429=CARTESIAN_POINT('Ctrl Pts',(19.1875000013333,-23.8636526164524,6.32018273431888));
#7430=CARTESIAN_POINT('Ctrl Pts',(19.5875000013333,-23.8636526164524,6.32018273431888));
#7431=CARTESIAN_POINT('Ctrl Pts',(19.1875000013333,-24.0404366530226,6.30948875177728));
#7432=CARTESIAN_POINT('Ctrl Pts',(19.5875000013333,-24.0404366530226,6.30948875177728));
#7433=CARTESIAN_POINT('Ctrl Pts',(19.1875000013333,-24.1854700591221,6.20851466743178));
#7434=CARTESIAN_POINT('Ctrl Pts',(19.5875000013333,-24.1854700591221,6.20851466743178));
#7435=CARTESIAN_POINT('Ctrl Pts',(19.1875000013333,-24.2547443361934,6.16028504307081));
#7436=CARTESIAN_POINT('Ctrl Pts',(19.5875000013333,-24.2547443361934,6.16028504307081));
#7437=CARTESIAN_POINT('',(19.5875000013333,-23.7713083421446,6.32576880462491));
#7438=CARTESIAN_POINT('',(19.1875000013333,-23.7713083421446,6.32576880462491));
#7439=CARTESIAN_POINT('',(19.5875000013333,-24.2547443361934,6.16028504307081));
#7440=CARTESIAN_POINT('Ctrl Pts',(19.5875000013333,-23.7713083421446,6.32576880462491));
#7441=CARTESIAN_POINT('Ctrl Pts',(19.5875000013333,-23.8636526164524,6.32018273431888));
#7442=CARTESIAN_POINT('Ctrl Pts',(19.5875000013333,-24.0404366530226,6.30948875177728));
#7443=CARTESIAN_POINT('Ctrl Pts',(19.5875000013333,-24.1854700591221,6.20851466743178));
#7444=CARTESIAN_POINT('Ctrl Pts',(19.5875000013333,-24.2547443361934,6.16028504307081));
#7445=CARTESIAN_POINT('',(19.1875000013333,-24.2547443361934,6.16028504307081));
#7446=CARTESIAN_POINT('Ctrl Pts',(19.1875000013333,-23.1420051813473,6.03936359852395));
#7447=CARTESIAN_POINT('Ctrl Pts',(19.5875000013333,-23.1420051813473,6.03936359852395));
#7448=CARTESIAN_POINT('Ctrl Pts',(19.1875000013333,-23.227895570872,6.12290310760045));
#7449=CARTESIAN_POINT('Ctrl Pts',(19.5875000013333,-23.227895570872,6.12290310760045));
#7450=CARTESIAN_POINT('Ctrl Pts',(19.1875000013333,-23.4031232940856,6.29333472462829));
#7451=CARTESIAN_POINT('Ctrl Pts',(19.5875000013333,-23.4031232940856,6.29333472462829));
#7452=CARTESIAN_POINT('Ctrl Pts',(19.1875000013333,-23.6469809994381,6.31481658643906));
#7453=CARTESIAN_POINT('Ctrl Pts',(19.5875000013333,-23.6469809994381,6.31481658643906));
#7454=CARTESIAN_POINT('Ctrl Pts',(19.1875000013333,-23.7713083421446,6.32576880462491));
#7455=CARTESIAN_POINT('Ctrl Pts',(19.5875000013333,-23.7713083421446,6.32576880462491));
#7456=CARTESIAN_POINT('',(19.5875000013333,-23.1420051813473,6.03936359852395));
#7457=CARTESIAN_POINT('',(19.1875000013333,-23.1420051813473,6.03936359852395));
#7458=CARTESIAN_POINT('Ctrl Pts',(19.5875000013333,-23.1420051813473,6.03936359852395));
#7459=CARTESIAN_POINT('Ctrl Pts',(19.5875000013333,-23.227895570872,6.12290310760045));
#7460=CARTESIAN_POINT('Ctrl Pts',(19.5875000013333,-23.4031232940856,6.29333472462829));
#7461=CARTESIAN_POINT('Ctrl Pts',(19.5875000013333,-23.6469809994381,6.31481658643906));
#7462=CARTESIAN_POINT('Ctrl Pts',(19.5875000013333,-23.7713083421446,6.32576880462491));
#7463=CARTESIAN_POINT('Ctrl Pts',(19.1875000013333,-22.8741214281081,4.98551301516094));
#7464=CARTESIAN_POINT('Ctrl Pts',(19.5875000013333,-22.8741214281081,4.98551301516094));
#7465=CARTESIAN_POINT('Ctrl Pts',(19.1875000013333,-22.8773906263755,5.19946174289332));
#7466=CARTESIAN_POINT('Ctrl Pts',(19.5875000013333,-22.8773906263755,5.19946174289332));
#7467=CARTESIAN_POINT('Ctrl Pts',(19.1875000013333,-22.8831155128419,5.57412001557872));
#7468=CARTESIAN_POINT('Ctrl Pts',(19.5875000013333,-22.8831155128419,5.57412001557872));
#7469=CARTESIAN_POINT('Ctrl Pts',(19.1875000013333,-23.064290310472,5.89970431747628));
#7470=CARTESIAN_POINT('Ctrl Pts',(19.5875000013333,-23.064290310472,5.89970431747628));
#7471=CARTESIAN_POINT('Ctrl Pts',(19.1875000013333,-23.1420051813473,6.03936359852395));
#7472=CARTESIAN_POINT('Ctrl Pts',(19.5875000013333,-23.1420051813473,6.03936359852395));
#7473=CARTESIAN_POINT('',(19.5875000013333,-22.8741214281081,4.98551301516094));
#7474=CARTESIAN_POINT('',(19.1875000013333,-22.8741214281081,4.98551301516094));
#7475=CARTESIAN_POINT('Ctrl Pts',(19.5875000013333,-22.8741214281081,4.98551301516094));
#7476=CARTESIAN_POINT('Ctrl Pts',(19.5875000013333,-22.8773906263755,5.19946174289332));
#7477=CARTESIAN_POINT('Ctrl Pts',(19.5875000013333,-22.8831155128419,5.57412001557872));
#7478=CARTESIAN_POINT('Ctrl Pts',(19.5875000013333,-23.064290310472,5.89970431747628));
#7479=CARTESIAN_POINT('Ctrl Pts',(19.5875000013333,-23.1420051813473,6.03936359852395));
#7480=CARTESIAN_POINT('Ctrl Pts',(19.1875000013333,-23.1161465465655,4.05522663629459));
#7481=CARTESIAN_POINT('Ctrl Pts',(19.5875000013333,-23.1161465465655,4.05522663629459));
#7482=CARTESIAN_POINT('Ctrl Pts',(19.1875000013333,-23.0459199291426,4.17700144400831));
#7483=CARTESIAN_POINT('Ctrl Pts',(19.5875000013333,-23.0459199291426,4.17700144400831));
#7484=CARTESIAN_POINT('Ctrl Pts',(19.1875000013333,-22.8810625208843,4.46286854009733));
#7485=CARTESIAN_POINT('Ctrl Pts',(19.5875000013333,-22.8810625208843,4.46286854009733));
#7486=CARTESIAN_POINT('Ctrl Pts',(19.1875000013333,-22.8766527227911,4.7949137502473));
#7487=CARTESIAN_POINT('Ctrl Pts',(19.5875000013333,-22.8766527227911,4.7949137502473));
#7488=CARTESIAN_POINT('Ctrl Pts',(19.1875000013333,-22.8741214281081,4.98551301516094));
#7489=CARTESIAN_POINT('Ctrl Pts',(19.5875000013333,-22.8741214281081,4.98551301516094));
#7490=CARTESIAN_POINT('',(19.5875000013333,-23.1161465465655,4.05522663629459));
#7491=CARTESIAN_POINT('',(19.1875000013333,-23.1161465465655,4.05522663629459));
#7492=CARTESIAN_POINT('Ctrl Pts',(19.5875000013333,-23.1161465465655,4.05522663629459));
#7493=CARTESIAN_POINT('Ctrl Pts',(19.5875000013333,-23.0459199291426,4.17700144400831));
#7494=CARTESIAN_POINT('Ctrl Pts',(19.5875000013333,-22.8810625208843,4.46286854009733));
#7495=CARTESIAN_POINT('Ctrl Pts',(19.5875000013333,-22.8766527227911,4.7949137502473));
#7496=CARTESIAN_POINT('Ctrl Pts',(19.5875000013333,-22.8741214281081,4.98551301516094));
#7497=CARTESIAN_POINT('Ctrl Pts',(19.1875000013333,-23.7419592427994,3.77290805244356));
#7498=CARTESIAN_POINT('Ctrl Pts',(19.5875000013333,-23.7419592427994,3.77290805244356));
#7499=CARTESIAN_POINT('Ctrl Pts',(19.1875000013333,-23.6203300777435,3.78425569384949));
#7500=CARTESIAN_POINT('Ctrl Pts',(19.5875000013333,-23.6203300777435,3.78425569384949));
#7501=CARTESIAN_POINT('Ctrl Pts',(19.1875000013333,-23.3792410720251,3.80674858511076));
#7502=CARTESIAN_POINT('Ctrl Pts',(19.5875000013333,-23.3792410720251,3.80674858511076));
#7503=CARTESIAN_POINT('Ctrl Pts',(19.1875000013333,-23.2033170656395,3.97289896086175));
#7504=CARTESIAN_POINT('Ctrl Pts',(19.5875000013333,-23.2033170656395,3.97289896086175));
#7505=CARTESIAN_POINT('Ctrl Pts',(19.1875000013333,-23.1161465465655,4.05522663629459));
#7506=CARTESIAN_POINT('Ctrl Pts',(19.5875000013333,-23.1161465465655,4.05522663629459));
#7507=CARTESIAN_POINT('',(19.5875000013333,-23.7419592427994,3.77290805244356));
#7508=CARTESIAN_POINT('',(19.1875000013333,-23.7419592427994,3.77290805244356));
#7509=CARTESIAN_POINT('Ctrl Pts',(19.5875000013333,-23.7419592427994,3.77290805244356));
#7510=CARTESIAN_POINT('Ctrl Pts',(19.5875000013333,-23.6203300777435,3.78425569384949));
#7511=CARTESIAN_POINT('Ctrl Pts',(19.5875000013333,-23.3792410720251,3.80674858511076));
#7512=CARTESIAN_POINT('Ctrl Pts',(19.5875000013333,-23.2033170656395,3.97289896086175));
#7513=CARTESIAN_POINT('Ctrl Pts',(19.5875000013333,-23.1161465465655,4.05522663629459));
#7514=CARTESIAN_POINT('Ctrl Pts',(19.1875000013333,-24.1444308518972,3.88028680568851));
#7515=CARTESIAN_POINT('Ctrl Pts',(19.5875000013333,-24.1444308518972,3.88028680568851));
#7516=CARTESIAN_POINT('Ctrl Pts',(19.1875000013333,-24.0825377541331,3.848964441298));
#7517=CARTESIAN_POINT('Ctrl Pts',(19.5875000013333,-24.0825377541331,3.848964441298));
#7518=CARTESIAN_POINT('Ctrl Pts',(19.1875000013333,-23.9560067519268,3.78493064268435));
#7519=CARTESIAN_POINT('Ctrl Pts',(19.5875000013333,-23.9560067519268,3.78493064268435));
#7520=CARTESIAN_POINT('Ctrl Pts',(19.1875000013333,-23.8143328451997,3.77697312271443));
#7521=CARTESIAN_POINT('Ctrl Pts',(19.5875000013333,-23.8143328451997,3.77697312271443));
#7522=CARTESIAN_POINT('Ctrl Pts',(19.1875000013333,-23.7419592427994,3.77290805244356));
#7523=CARTESIAN_POINT('Ctrl Pts',(19.5875000013333,-23.7419592427994,3.77290805244356));
#7524=CARTESIAN_POINT('',(19.5875000013333,-24.1444308518972,3.88028680568851));
#7525=CARTESIAN_POINT('',(19.1875000013333,-24.1444308518972,3.88028680568851));
#7526=CARTESIAN_POINT('Ctrl Pts',(19.5875000013333,-24.1444308518972,3.88028680568851));
#7527=CARTESIAN_POINT('Ctrl Pts',(19.5875000013333,-24.0825377541331,3.848964441298));
#7528=CARTESIAN_POINT('Ctrl Pts',(19.5875000013333,-23.9560067519268,3.78493064268435));
#7529=CARTESIAN_POINT('Ctrl Pts',(19.5875000013333,-23.8143328451997,3.77697312271443));
#7530=CARTESIAN_POINT('Ctrl Pts',(19.5875000013333,-23.7419592427994,3.77290805244356));
#7531=CARTESIAN_POINT('Ctrl Pts',(19.1875000013333,-24.4232941252046,4.1897632331735));
#7532=CARTESIAN_POINT('Ctrl Pts',(19.5875000013333,-24.4232941252046,4.1897632331735));
#7533=CARTESIAN_POINT('Ctrl Pts',(19.1875000013333,-24.3870084204952,4.12678657250025));
#7534=CARTESIAN_POINT('Ctrl Pts',(19.5875000013333,-24.3870084204952,4.12678657250025));
#7535=CARTESIAN_POINT('Ctrl Pts',(19.1875000013333,-24.316066222992,4.00366087505652));
#7536=CARTESIAN_POINT('Ctrl Pts',(19.5875000013333,-24.316066222992,4.00366087505652));
#7537=CARTESIAN_POINT('Ctrl Pts',(19.1875000013333,-24.2007599596237,3.92077701000803));
#7538=CARTESIAN_POINT('Ctrl Pts',(19.5875000013333,-24.2007599596237,3.92077701000803));
#7539=CARTESIAN_POINT('Ctrl Pts',(19.1875000013333,-24.1444308518972,3.88028680568851));
#7540=CARTESIAN_POINT('Ctrl Pts',(19.5875000013333,-24.1444308518972,3.88028680568851));
#7541=CARTESIAN_POINT('',(19.5875000013333,-24.4232941252046,4.1897632331735));
#7542=CARTESIAN_POINT('',(19.1875000013333,-24.4232941252046,4.1897632331735));
#7543=CARTESIAN_POINT('Ctrl Pts',(19.5875000013333,-24.4232941252046,4.1897632331735));
#7544=CARTESIAN_POINT('Ctrl Pts',(19.5875000013333,-24.3870084204952,4.12678657250025));
#7545=CARTESIAN_POINT('Ctrl Pts',(19.5875000013333,-24.316066222992,4.00366087505652));
#7546=CARTESIAN_POINT('Ctrl Pts',(19.5875000013333,-24.2007599596237,3.92077701000803));
#7547=CARTESIAN_POINT('Ctrl Pts',(19.5875000013333,-24.1444308518972,3.88028680568851));
#7548=CARTESIAN_POINT('Ctrl Pts',(19.1875000013333,-24.5248217453111,4.62716377139901));
#7549=CARTESIAN_POINT('Ctrl Pts',(19.5875000013333,-24.5248217453111,4.62716377139901));
#7550=CARTESIAN_POINT('Ctrl Pts',(19.1875000013333,-24.5207617594355,4.55046289208884));
#7551=CARTESIAN_POINT('Ctrl Pts',(19.5875000013333,-24.5207617594355,4.55046289208884));
#7552=CARTESIAN_POINT('Ctrl Pts',(19.1875000013333,-24.5127253198331,4.39863921513098));
#7553=CARTESIAN_POINT('Ctrl Pts',(19.5875000013333,-24.5127253198331,4.39863921513098));
#7554=CARTESIAN_POINT('Ctrl Pts',(19.1875000013333,-24.4528972355818,4.25890441791024));
#7555=CARTESIAN_POINT('Ctrl Pts',(19.5875000013333,-24.4528972355818,4.25890441791024));
#7556=CARTESIAN_POINT('Ctrl Pts',(19.1875000013333,-24.4232941252046,4.1897632331735));
#7557=CARTESIAN_POINT('Ctrl Pts',(19.5875000013333,-24.4232941252046,4.1897632331735));
#7558=CARTESIAN_POINT('',(19.5875000013333,-24.5248217453111,4.62716377139901));
#7559=CARTESIAN_POINT('',(19.1875000013333,-24.5248217453111,4.62716377139901));
#7560=CARTESIAN_POINT('Ctrl Pts',(19.5875000013333,-24.5248217453111,4.62716377139901));
#7561=CARTESIAN_POINT('Ctrl Pts',(19.5875000013333,-24.5207617594355,4.55046289208884));
#7562=CARTESIAN_POINT('Ctrl Pts',(19.5875000013333,-24.5127253198331,4.39863921513098));
#7563=CARTESIAN_POINT('Ctrl Pts',(19.5875000013333,-24.4528972355818,4.25890441791024));
#7564=CARTESIAN_POINT('Ctrl Pts',(19.5875000013333,-24.4232941252046,4.1897632331735));
#7565=CARTESIAN_POINT('Ctrl Pts',(19.1875000013333,-24.309180275616,5.21126653827243));
#7566=CARTESIAN_POINT('Ctrl Pts',(19.5875000013333,-24.309180275616,5.21126653827243));
#7567=CARTESIAN_POINT('Ctrl Pts',(19.1875000013333,-24.3720629410709,5.1283139500273));
#7568=CARTESIAN_POINT('Ctrl Pts',(19.5875000013333,-24.3720629410709,5.1283139500273));
#7569=CARTESIAN_POINT('Ctrl Pts',(19.1875000013333,-24.5027996125707,4.95585075685617));
#7570=CARTESIAN_POINT('Ctrl Pts',(19.5875000013333,-24.5027996125707,4.95585075685617));
#7571=CARTESIAN_POINT('Ctrl Pts',(19.1875000013333,-24.5172972736362,4.73946878477545));
#7572=CARTESIAN_POINT('Ctrl Pts',(19.5875000013333,-24.5172972736362,4.73946878477545));
#7573=CARTESIAN_POINT('Ctrl Pts',(19.1875000013333,-24.5248217453111,4.62716377139901));
#7574=CARTESIAN_POINT('Ctrl Pts',(19.5875000013333,-24.5248217453111,4.62716377139901));
#7575=CARTESIAN_POINT('',(19.5875000013333,-24.309180275616,5.21126653827243));
#7576=CARTESIAN_POINT('',(19.1875000013333,-24.309180275616,5.21126653827243));
#7577=CARTESIAN_POINT('Ctrl Pts',(19.5875000013333,-24.309180275616,5.21126653827243));
#7578=CARTESIAN_POINT('Ctrl Pts',(19.5875000013333,-24.3720629410709,5.1283139500273));
#7579=CARTESIAN_POINT('Ctrl Pts',(19.5875000013333,-24.5027996125707,4.95585075685617));
#7580=CARTESIAN_POINT('Ctrl Pts',(19.5875000013333,-24.5172972736362,4.73946878477545));
#7581=CARTESIAN_POINT('Ctrl Pts',(19.5875000013333,-24.5248217453111,4.62716377139901));
#7582=CARTESIAN_POINT('Ctrl Pts',(19.1875000013333,-23.7865317373262,5.43729490507444));
#7583=CARTESIAN_POINT('Ctrl Pts',(19.5875000013333,-23.7865317373262,5.43729490507444));
#7584=CARTESIAN_POINT('Ctrl Pts',(19.1875000013333,-23.8852248608833,5.4276806150075));
#7585=CARTESIAN_POINT('Ctrl Pts',(19.5875000013333,-23.8852248608833,5.4276806150075));
#7586=CARTESIAN_POINT('Ctrl Pts',(19.1875000013333,-24.0835964632613,5.40835604549785));
#7587=CARTESIAN_POINT('Ctrl Pts',(19.5875000013333,-24.0835964632613,5.40835604549785));
#7588=CARTESIAN_POINT('Ctrl Pts',(19.1875000013333,-24.2337370777088,5.27718023369155));
#7589=CARTESIAN_POINT('Ctrl Pts',(19.5875000013333,-24.2337370777088,5.27718023369155));
#7590=CARTESIAN_POINT('Ctrl Pts',(19.1875000013333,-24.309180275616,5.21126653827243));
#7591=CARTESIAN_POINT('Ctrl Pts',(19.5875000013333,-24.309180275616,5.21126653827243));
#7592=CARTESIAN_POINT('',(19.5875000013333,-23.7865317373262,5.43729490507444));
#7593=CARTESIAN_POINT('',(19.1875000013333,-23.7865317373262,5.43729490507444));
#7594=CARTESIAN_POINT('Ctrl Pts',(19.5875000013333,-23.7865317373262,5.43729490507444));
#7595=CARTESIAN_POINT('Ctrl Pts',(19.5875000013333,-23.8852248608833,5.4276806150075));
#7596=CARTESIAN_POINT('Ctrl Pts',(19.5875000013333,-24.0835964632613,5.40835604549785));
#7597=CARTESIAN_POINT('Ctrl Pts',(19.5875000013333,-24.2337370777088,5.27718023369155));
#7598=CARTESIAN_POINT('Ctrl Pts',(19.5875000013333,-24.309180275616,5.21126653827243));
#7599=CARTESIAN_POINT('Ctrl Pts',(19.1875000013333,-23.4505717754339,5.35548673876185));
#7600=CARTESIAN_POINT('Ctrl Pts',(19.5875000013333,-23.4505717754339,5.35548673876185));
#7601=CARTESIAN_POINT('Ctrl Pts',(19.1875000013333,-23.5044594414268,5.37935333291606));
#7602=CARTESIAN_POINT('Ctrl Pts',(19.5875000013333,-23.5044594414268,5.37935333291606));
#7603=CARTESIAN_POINT('Ctrl Pts',(19.1875000013333,-23.6115529282569,5.42678453520767));
#7604=CARTESIAN_POINT('Ctrl Pts',(19.5875000013333,-23.6115529282569,5.42678453520767));
#7605=CARTESIAN_POINT('Ctrl Pts',(19.1875000013333,-23.7284535628093,5.4338063506683));
#7606=CARTESIAN_POINT('Ctrl Pts',(19.5875000013333,-23.7284535628093,5.4338063506683));
#7607=CARTESIAN_POINT('Ctrl Pts',(19.1875000013333,-23.7865317373262,5.43729490507444));
#7608=CARTESIAN_POINT('Ctrl Pts',(19.5875000013333,-23.7865317373262,5.43729490507444));
#7609=CARTESIAN_POINT('',(19.5875000013333,-23.4505717754339,5.35548673876185));
#7610=CARTESIAN_POINT('',(19.1875000013333,-23.4505717754339,5.35548673876185));
#7611=CARTESIAN_POINT('Ctrl Pts',(19.5875000013333,-23.4505717754339,5.35548673876185));
#7612=CARTESIAN_POINT('Ctrl Pts',(19.5875000013333,-23.5044594414268,5.37935333291606));
#7613=CARTESIAN_POINT('Ctrl Pts',(19.5875000013333,-23.6115529282569,5.42678453520767));
#7614=CARTESIAN_POINT('Ctrl Pts',(19.5875000013333,-23.7284535628093,5.4338063506683));
#7615=CARTESIAN_POINT('Ctrl Pts',(19.5875000013333,-23.7865317373262,5.43729490507444));
#7616=CARTESIAN_POINT('Ctrl Pts',(19.1875000013333,-23.1793914602402,5.10484259332948));
#7617=CARTESIAN_POINT('Ctrl Pts',(19.5875000013333,-23.1793914602402,5.10484259332948));
#7618=CARTESIAN_POINT('Ctrl Pts',(19.1875000013333,-23.2175531325741,5.15704382386522));
#7619=CARTESIAN_POINT('Ctrl Pts',(19.5875000013333,-23.2175531325741,5.15704382386522));
#7620=CARTESIAN_POINT('Ctrl Pts',(19.1875000013333,-23.291635715811,5.25838115448324));
#7621=CARTESIAN_POINT('Ctrl Pts',(19.5875000013333,-23.291635715811,5.25838115448324));
#7622=CARTESIAN_POINT('Ctrl Pts',(19.1875000013333,-23.3986722600446,5.32377755471882));
#7623=CARTESIAN_POINT('Ctrl Pts',(19.5875000013333,-23.3986722600446,5.32377755471882));
#7624=CARTESIAN_POINT('Ctrl Pts',(19.1875000013333,-23.4505717754339,5.35548673876185));
#7625=CARTESIAN_POINT('Ctrl Pts',(19.5875000013333,-23.4505717754339,5.35548673876185));
#7626=CARTESIAN_POINT('',(19.5875000013333,-23.1793914602402,5.10484259332948));
#7627=CARTESIAN_POINT('',(19.1875000013333,-23.1793914602402,5.10484259332948));
#7628=CARTESIAN_POINT('Ctrl Pts',(19.5875000013333,-23.1793914602402,5.10484259332948));
#7629=CARTESIAN_POINT('Ctrl Pts',(19.5875000013333,-23.2175531325741,5.15704382386522));
#7630=CARTESIAN_POINT('Ctrl Pts',(19.5875000013333,-23.291635715811,5.25838115448324));
#7631=CARTESIAN_POINT('Ctrl Pts',(19.5875000013333,-23.3986722600446,5.32377755471882));
#7632=CARTESIAN_POINT('Ctrl Pts',(19.5875000013333,-23.4505717754339,5.35548673876185));
#7633=CARTESIAN_POINT('Ctrl Pts',(19.1875000013333,-23.2664429929815,5.6829340327281));
#7634=CARTESIAN_POINT('Ctrl Pts',(19.5875000013333,-23.2664429929815,5.6829340327281));
#7635=CARTESIAN_POINT('Ctrl Pts',(19.1875000013333,-23.2419661496469,5.60147657239443));
#7636=CARTESIAN_POINT('Ctrl Pts',(19.5875000013333,-23.2419661496469,5.60147657239443));
#7637=CARTESIAN_POINT('Ctrl Pts',(19.1875000013333,-23.1854133350856,5.41327221181077));
#7638=CARTESIAN_POINT('Ctrl Pts',(19.5875000013333,-23.1854133350856,5.41327221181077));
#7639=CARTESIAN_POINT('Ctrl Pts',(19.1875000013333,-23.1815708592081,5.21646749577984));
#7640=CARTESIAN_POINT('Ctrl Pts',(19.5875000013333,-23.1815708592081,5.21646749577984));
#7641=CARTESIAN_POINT('Ctrl Pts',(19.1875000013333,-23.1793914602402,5.10484259332948));
#7642=CARTESIAN_POINT('Ctrl Pts',(19.5875000013333,-23.1793914602402,5.10484259332948));
#7643=CARTESIAN_POINT('',(19.5875000013333,-23.2664429929815,5.6829340327281));
#7644=CARTESIAN_POINT('',(19.1875000013333,-23.2664429929815,5.6829340327281));
#7645=CARTESIAN_POINT('Ctrl Pts',(19.5875000013333,-23.2664429929815,5.6829340327281));
#7646=CARTESIAN_POINT('Ctrl Pts',(19.5875000013333,-23.2419661496469,5.60147657239443));
#7647=CARTESIAN_POINT('Ctrl Pts',(19.5875000013333,-23.1854133350856,5.41327221181077));
#7648=CARTESIAN_POINT('Ctrl Pts',(19.5875000013333,-23.1815708592081,5.21646749577984));
#7649=CARTESIAN_POINT('Ctrl Pts',(19.5875000013333,-23.1793914602402,5.10484259332948));
#7650=CARTESIAN_POINT('Ctrl Pts',(19.1875000013333,-23.4949998268475,5.99156503115247));
#7651=CARTESIAN_POINT('Ctrl Pts',(19.5875000013333,-23.4949998268475,5.99156503115247));
#7652=CARTESIAN_POINT('Ctrl Pts',(19.1875000013333,-23.4485832689483,5.95064112938088));
#7653=CARTESIAN_POINT('Ctrl Pts',(19.5875000013333,-23.4485832689483,5.95064112938088));
#7654=CARTESIAN_POINT('Ctrl Pts',(19.1875000013333,-23.3505425013451,5.86420191620779));
#7655=CARTESIAN_POINT('Ctrl Pts',(19.5875000013333,-23.3505425013451,5.86420191620779));
#7656=CARTESIAN_POINT('Ctrl Pts',(19.1875000013333,-23.2954515876032,5.74545908967683));
#7657=CARTESIAN_POINT('Ctrl Pts',(19.5875000013333,-23.2954515876032,5.74545908967683));
#7658=CARTESIAN_POINT('Ctrl Pts',(19.1875000013333,-23.2664429929815,5.6829340327281));
#7659=CARTESIAN_POINT('Ctrl Pts',(19.5875000013333,-23.2664429929815,5.6829340327281));
#7660=CARTESIAN_POINT('',(19.5875000013333,-23.4949998268475,5.99156503115247));
#7661=CARTESIAN_POINT('',(19.1875000013333,-23.4949998268475,5.99156503115247));
#7662=CARTESIAN_POINT('Ctrl Pts',(19.5875000013333,-23.4949998268475,5.99156503115247));
#7663=CARTESIAN_POINT('Ctrl Pts',(19.5875000013333,-23.4485832689483,5.95064112938088));
#7664=CARTESIAN_POINT('Ctrl Pts',(19.5875000013333,-23.3505425013451,5.86420191620779));
#7665=CARTESIAN_POINT('Ctrl Pts',(19.5875000013333,-23.2954515876032,5.74545908967683));
#7666=CARTESIAN_POINT('Ctrl Pts',(19.5875000013333,-23.2664429929815,5.6829340327281));
#7667=CARTESIAN_POINT('Ctrl Pts',(19.1875000013333,-23.7525141165248,6.07338421647));
#7668=CARTESIAN_POINT('Ctrl Pts',(19.5875000013333,-23.7525141165248,6.07338421647));
#7669=CARTESIAN_POINT('Ctrl Pts',(19.1875000013333,-23.7054422721674,6.07021540972861));
#7670=CARTESIAN_POINT('Ctrl Pts',(19.5875000013333,-23.7054422721674,6.07021540972861));
#7671=CARTESIAN_POINT('Ctrl Pts',(19.1875000013333,-23.6128550282067,6.06398257379802));
#7672=CARTESIAN_POINT('Ctrl Pts',(19.5875000013333,-23.6128550282067,6.06398257379802));
#7673=CARTESIAN_POINT('Ctrl Pts',(19.1875000013333,-23.5338421433069,6.0154321585784));
#7674=CARTESIAN_POINT('Ctrl Pts',(19.5875000013333,-23.5338421433069,6.0154321585784));
#7675=CARTESIAN_POINT('Ctrl Pts',(19.1875000013333,-23.4949998268475,5.99156503115247));
#7676=CARTESIAN_POINT('Ctrl Pts',(19.5875000013333,-23.4949998268475,5.99156503115247));
#7677=CARTESIAN_POINT('',(19.5875000013333,-23.7525141165248,6.07338421647));
#7678=CARTESIAN_POINT('',(19.1875000013333,-23.7525141165248,6.07338421647));
#7679=CARTESIAN_POINT('Ctrl Pts',(19.5875000013333,-23.7525141165248,6.07338421647));
#7680=CARTESIAN_POINT('Ctrl Pts',(19.5875000013333,-23.7054422721674,6.07021540972861));
#7681=CARTESIAN_POINT('Ctrl Pts',(19.5875000013333,-23.6128550282067,6.06398257379802));
#7682=CARTESIAN_POINT('Ctrl Pts',(19.5875000013333,-23.5338421433069,6.0154321585784));
#7683=CARTESIAN_POINT('Ctrl Pts',(19.5875000013333,-23.4949998268475,5.99156503115247));
#7684=CARTESIAN_POINT('Ctrl Pts',(19.1875000013333,-24.0594536289949,5.94203147190657));
#7685=CARTESIAN_POINT('Ctrl Pts',(19.5875000013333,-24.0594536289949,5.94203147190657));
#7686=CARTESIAN_POINT('Ctrl Pts',(19.1875000013333,-24.0154748578561,5.98033622954951));
#7687=CARTESIAN_POINT('Ctrl Pts',(19.5875000013333,-24.0154748578561,5.98033622954951));
#7688=CARTESIAN_POINT('Ctrl Pts',(19.1875000013333,-23.9273073164125,6.05712865051814));
#7689=CARTESIAN_POINT('Ctrl Pts',(19.5875000013333,-23.9273073164125,6.05712865051814));
#7690=CARTESIAN_POINT('Ctrl Pts',(19.1875000013333,-23.8108709599473,6.06795709735092));
#7691=CARTESIAN_POINT('Ctrl Pts',(19.5875000013333,-23.8108709599473,6.06795709735092));
#7692=CARTESIAN_POINT('Ctrl Pts',(19.1875000013333,-23.7525141165248,6.07338421647));
#7693=CARTESIAN_POINT('Ctrl Pts',(19.5875000013333,-23.7525141165248,6.07338421647));
#7694=CARTESIAN_POINT('',(19.5875000013333,-24.0594536289949,5.94203147190657));
#7695=CARTESIAN_POINT('',(19.1875000013333,-24.0594536289949,5.94203147190657));
#7696=CARTESIAN_POINT('Ctrl Pts',(19.5875000013333,-24.0594536289949,5.94203147190657));
#7697=CARTESIAN_POINT('Ctrl Pts',(19.5875000013333,-24.0154748578561,5.98033622954951));
#7698=CARTESIAN_POINT('Ctrl Pts',(19.5875000013333,-23.9273073164125,6.05712865051814));
#7699=CARTESIAN_POINT('Ctrl Pts',(19.5875000013333,-23.8108709599473,6.06795709735092));
#7700=CARTESIAN_POINT('Ctrl Pts',(19.5875000013333,-23.7525141165248,6.07338421647));
#7701=CARTESIAN_POINT('Ctrl Pts',(19.1875000013333,-24.1753787670726,5.67939577970888));
#7702=CARTESIAN_POINT('Ctrl Pts',(19.5875000013333,-24.1753787670726,5.67939577970888));
#7703=CARTESIAN_POINT('Ctrl Pts',(19.1875000013333,-24.1624091329213,5.73302881920078));
#7704=CARTESIAN_POINT('Ctrl Pts',(19.5875000013333,-24.1624091329213,5.73302881920078));
#7705=CARTESIAN_POINT('Ctrl Pts',(19.1875000013333,-24.1394852020779,5.82782564029008));
#7706=CARTESIAN_POINT('Ctrl Pts',(19.5875000013333,-24.1394852020779,5.82782564029008));
#7707=CARTESIAN_POINT('Ctrl Pts',(19.1875000013333,-24.083684193807,5.90745422072562));
#7708=CARTESIAN_POINT('Ctrl Pts',(19.5875000013333,-24.083684193807,5.90745422072562));
#7709=CARTESIAN_POINT('Ctrl Pts',(19.1875000013333,-24.0594536289949,5.94203147190657));
#7710=CARTESIAN_POINT('Ctrl Pts',(19.5875000013333,-24.0594536289949,5.94203147190657));
#7711=CARTESIAN_POINT('',(19.5875000013333,-24.1753787670726,5.67939577970888));
#7712=CARTESIAN_POINT('',(19.1875000013333,-24.1753787670726,5.67939577970888));
#7713=CARTESIAN_POINT('Ctrl Pts',(19.5875000013333,-24.1753787670726,5.67939577970888));
#7714=CARTESIAN_POINT('Ctrl Pts',(19.5875000013333,-24.1624091329213,5.73302881920078));
#7715=CARTESIAN_POINT('Ctrl Pts',(19.5875000013333,-24.1394852020779,5.82782564029008));
#7716=CARTESIAN_POINT('Ctrl Pts',(19.5875000013333,-24.083684193807,5.90745422072562));
#7717=CARTESIAN_POINT('Ctrl Pts',(19.5875000013333,-24.0594536289949,5.94203147190657));
#7718=CARTESIAN_POINT('Origin',(19.1875000013333,-24.4806341928275,5.70322739317432));
#7719=CARTESIAN_POINT('',(19.5875000013333,-24.4806341928275,5.70322739317432));
#7720=CARTESIAN_POINT('',(19.1875000013333,-24.4806341928275,5.70322739317432));
#7721=CARTESIAN_POINT('',(19.5875000013333,-24.4806341928275,5.70322739317432));
#7722=CARTESIAN_POINT('Ctrl Pts',(19.1875000013333,-24.2547443361934,6.16028504307081));
#7723=CARTESIAN_POINT('Ctrl Pts',(19.5875000013333,-24.2547443361934,6.16028504307081));
#7724=CARTESIAN_POINT('Ctrl Pts',(19.1875000013333,-24.3114875262714,6.09791084222637));
#7725=CARTESIAN_POINT('Ctrl Pts',(19.5875000013333,-24.3114875262714,6.09791084222637));
#7726=CARTESIAN_POINT('Ctrl Pts',(19.1875000013333,-24.4301724126393,5.96744805137278));
#7727=CARTESIAN_POINT('Ctrl Pts',(19.5875000013333,-24.4301724126393,5.96744805137278));
#7728=CARTESIAN_POINT('Ctrl Pts',(19.1875000013333,-24.4633294959403,5.7938357384291));
#7729=CARTESIAN_POINT('Ctrl Pts',(19.5875000013333,-24.4633294959403,5.7938357384291));
#7730=CARTESIAN_POINT('Ctrl Pts',(19.1875000013333,-24.4806341928275,5.70322739317432));
#7731=CARTESIAN_POINT('Ctrl Pts',(19.5875000013333,-24.4806341928275,5.70322739317432));
#7732=CARTESIAN_POINT('Ctrl Pts',(19.5875000013333,-24.2547443361934,6.16028504307081));
#7733=CARTESIAN_POINT('Ctrl Pts',(19.5875000013333,-24.3114875262714,6.09791084222637));
#7734=CARTESIAN_POINT('Ctrl Pts',(19.5875000013333,-24.4301724126393,5.96744805137278));
#7735=CARTESIAN_POINT('Ctrl Pts',(19.5875000013333,-24.4633294959403,5.7938357384291));
#7736=CARTESIAN_POINT('Ctrl Pts',(19.5875000013333,-24.4806341928275,5.70322739317432));
#7737=CARTESIAN_POINT('Origin',(19.5875000013333,-20.5684209440127,5.04954778713746));
#7738=CARTESIAN_POINT('Origin',(19.1875000013333,-17.7344334420928,6.04012318229799));
#7739=CARTESIAN_POINT('',(19.1875000013333,-17.7344334420928,6.04012318229799));
#7740=CARTESIAN_POINT('',(19.1875000013333,-16.9431647286762,6.04023432920544));
#7741=CARTESIAN_POINT('',(19.1875000013333,-21.7740789437213,6.03955574661264));
#7742=CARTESIAN_POINT('',(19.5875000013333,-17.7344334420928,6.04012318229799));
#7743=CARTESIAN_POINT('',(19.1875000013333,-17.7344334420928,6.04012318229799));
#7744=CARTESIAN_POINT('',(19.5875000013333,-16.9431647286762,6.04023432920544));
#7745=CARTESIAN_POINT('',(19.5875000013333,-17.7344334420928,6.04012318229799));
#7746=CARTESIAN_POINT('',(19.1875000013333,-16.9431647286762,6.04023432920544));
#7747=CARTESIAN_POINT('Ctrl Pts',(19.1875000013333,-18.1411363879814,5.92580946234406));
#7748=CARTESIAN_POINT('Ctrl Pts',(19.5875000013333,-18.1411363879814,5.92580946234406));
#7749=CARTESIAN_POINT('Ctrl Pts',(19.1875000013333,-18.0872044474716,5.95900093862835));
#7750=CARTESIAN_POINT('Ctrl Pts',(19.5875000013333,-18.0872044474716,5.95900093862835));
#7751=CARTESIAN_POINT('Ctrl Pts',(19.1875000013333,-17.9633251383108,6.0352403083463));
#7752=CARTESIAN_POINT('Ctrl Pts',(19.5875000013333,-17.9633251383108,6.0352403083463));
#7753=CARTESIAN_POINT('Ctrl Pts',(19.1875000013333,-17.8170349293456,6.03836107097136));
#7754=CARTESIAN_POINT('Ctrl Pts',(19.5875000013333,-17.8170349293456,6.03836107097136));
#7755=CARTESIAN_POINT('Ctrl Pts',(19.1875000013333,-17.7344334420928,6.04012318229799));
#7756=CARTESIAN_POINT('Ctrl Pts',(19.5875000013333,-17.7344334420928,6.04012318229799));
#7757=CARTESIAN_POINT('',(19.1875000013333,-18.1411363879814,5.92580946234406));
#7758=CARTESIAN_POINT('Ctrl Pts',(19.1875000013333,-18.1411363879814,5.92580946234406));
#7759=CARTESIAN_POINT('Ctrl Pts',(19.1875000013333,-18.0872044474716,5.95900093862835));
#7760=CARTESIAN_POINT('Ctrl Pts',(19.1875000013333,-17.9633251383108,6.0352403083463));
#7761=CARTESIAN_POINT('Ctrl Pts',(19.1875000013333,-17.8170349293456,6.03836107097136));
#7762=CARTESIAN_POINT('Ctrl Pts',(19.1875000013333,-17.7344334420928,6.04012318229799));
#7763=CARTESIAN_POINT('',(19.5875000013333,-18.1411363879814,5.92580946234406));
#7764=CARTESIAN_POINT('',(19.1875000013333,-18.1411363879814,5.92580946234406));
#7765=CARTESIAN_POINT('Ctrl Pts',(19.5875000013333,-18.1411363879814,5.92580946234406));
#7766=CARTESIAN_POINT('Ctrl Pts',(19.5875000013333,-18.0872044474716,5.95900093862835));
#7767=CARTESIAN_POINT('Ctrl Pts',(19.5875000013333,-17.9633251383108,6.0352403083463));
#7768=CARTESIAN_POINT('Ctrl Pts',(19.5875000013333,-17.8170349293456,6.03836107097136));
#7769=CARTESIAN_POINT('Ctrl Pts',(19.5875000013333,-17.7344334420928,6.04012318229799));
#7770=CARTESIAN_POINT('Ctrl Pts',(19.1875000013333,-18.2698471204055,5.63418161579584));
#7771=CARTESIAN_POINT('Ctrl Pts',(19.5875000013333,-18.2698471204055,5.63418161579584));
#7772=CARTESIAN_POINT('Ctrl Pts',(19.1875000013333,-18.2646759134063,5.69050531309642));
#7773=CARTESIAN_POINT('Ctrl Pts',(19.5875000013333,-18.2646759134063,5.69050531309642));
#7774=CARTESIAN_POINT('Ctrl Pts',(19.1875000013333,-18.254421051965,5.80219910368931));
#7775=CARTESIAN_POINT('Ctrl Pts',(19.5875000013333,-18.254421051965,5.80219910368931));
#7776=CARTESIAN_POINT('Ctrl Pts',(19.1875000013333,-18.1786823989293,5.88484119959667));
#7777=CARTESIAN_POINT('Ctrl Pts',(19.5875000013333,-18.1786823989293,5.88484119959667));
#7778=CARTESIAN_POINT('Ctrl Pts',(19.1875000013333,-18.1411363879814,5.92580946234406));
#7779=CARTESIAN_POINT('Ctrl Pts',(19.5875000013333,-18.1411363879814,5.92580946234406));
#7780=CARTESIAN_POINT('',(19.1875000013333,-18.2698471204055,5.63418161579584));
#7781=CARTESIAN_POINT('Ctrl Pts',(19.1875000013333,-18.2698471204055,5.63418161579584));
#7782=CARTESIAN_POINT('Ctrl Pts',(19.1875000013333,-18.2646759134063,5.69050531309642));
#7783=CARTESIAN_POINT('Ctrl Pts',(19.1875000013333,-18.254421051965,5.80219910368931));
#7784=CARTESIAN_POINT('Ctrl Pts',(19.1875000013333,-18.1786823989293,5.88484119959667));
#7785=CARTESIAN_POINT('Ctrl Pts',(19.1875000013333,-18.1411363879814,5.92580946234406));
#7786=CARTESIAN_POINT('',(19.5875000013333,-18.2698471204055,5.63418161579584));
#7787=CARTESIAN_POINT('',(19.1875000013333,-18.2698471204055,5.63418161579584));
#7788=CARTESIAN_POINT('Ctrl Pts',(19.5875000013333,-18.2698471204055,5.63418161579584));
#7789=CARTESIAN_POINT('Ctrl Pts',(19.5875000013333,-18.2646759134063,5.69050531309642));
#7790=CARTESIAN_POINT('Ctrl Pts',(19.5875000013333,-18.254421051965,5.80219910368931));
#7791=CARTESIAN_POINT('Ctrl Pts',(19.5875000013333,-18.1786823989293,5.88484119959667));
#7792=CARTESIAN_POINT('Ctrl Pts',(19.5875000013333,-18.1411363879814,5.92580946234406));
#7793=CARTESIAN_POINT('Ctrl Pts',(19.1875000013333,-18.2033081627646,5.40994129912274));
#7794=CARTESIAN_POINT('Ctrl Pts',(19.5875000013333,-18.2033081627646,5.40994129912274));
#7795=CARTESIAN_POINT('Ctrl Pts',(19.1875000013333,-18.2227110224378,5.44500114585616));
#7796=CARTESIAN_POINT('Ctrl Pts',(19.5875000013333,-18.2227110224378,5.44500114585616));
#7797=CARTESIAN_POINT('Ctrl Pts',(19.1875000013333,-18.2613756773824,5.5148659440964));
#7798=CARTESIAN_POINT('Ctrl Pts',(19.5875000013333,-18.2613756773824,5.5148659440964));
#7799=CARTESIAN_POINT('Ctrl Pts',(19.1875000013333,-18.2670301827103,5.59450657904894));
#7800=CARTESIAN_POINT('Ctrl Pts',(19.5875000013333,-18.2670301827103,5.59450657904894));
#7801=CARTESIAN_POINT('Ctrl Pts',(19.1875000013333,-18.2698471204055,5.63418161579584));
#7802=CARTESIAN_POINT('Ctrl Pts',(19.5875000013333,-18.2698471204055,5.63418161579584));
#7803=CARTESIAN_POINT('',(19.1875000013333,-18.2033081627646,5.40994129912274));
#7804=CARTESIAN_POINT('Ctrl Pts',(19.1875000013333,-18.2033081627646,5.40994129912274));
#7805=CARTESIAN_POINT('Ctrl Pts',(19.1875000013333,-18.2227110224378,5.44500114585616));
#7806=CARTESIAN_POINT('Ctrl Pts',(19.1875000013333,-18.2613756773824,5.5148659440964));
#7807=CARTESIAN_POINT('Ctrl Pts',(19.1875000013333,-18.2670301827103,5.59450657904894));
#7808=CARTESIAN_POINT('Ctrl Pts',(19.1875000013333,-18.2698471204055,5.63418161579584));
#7809=CARTESIAN_POINT('',(19.5875000013333,-18.2033081627646,5.40994129912274));
#7810=CARTESIAN_POINT('',(19.1875000013333,-18.2033081627646,5.40994129912274));
#7811=CARTESIAN_POINT('Ctrl Pts',(19.5875000013333,-18.2033081627646,5.40994129912274));
#7812=CARTESIAN_POINT('Ctrl Pts',(19.5875000013333,-18.2227110224378,5.44500114585616));
#7813=CARTESIAN_POINT('Ctrl Pts',(19.5875000013333,-18.2613756773824,5.5148659440964));
#7814=CARTESIAN_POINT('Ctrl Pts',(19.5875000013333,-18.2670301827103,5.59450657904894));
#7815=CARTESIAN_POINT('Ctrl Pts',(19.5875000013333,-18.2698471204055,5.63418161579584));
#7816=CARTESIAN_POINT('Ctrl Pts',(19.1875000013333,-18.0088804266789,5.2599003549866));
#7817=CARTESIAN_POINT('Ctrl Pts',(19.5875000013333,-18.0088804266789,5.2599003549866));
#7818=CARTESIAN_POINT('Ctrl Pts',(19.1875000013333,-18.0486237077833,5.27736358235113));
#7819=CARTESIAN_POINT('Ctrl Pts',(19.5875000013333,-18.0486237077833,5.27736358235113));
#7820=CARTESIAN_POINT('Ctrl Pts',(19.1875000013333,-18.12593449388,5.31133399943347));
#7821=CARTESIAN_POINT('Ctrl Pts',(19.5875000013333,-18.12593449388,5.31133399943347));
#7822=CARTESIAN_POINT('Ctrl Pts',(19.1875000013333,-18.1780054213629,5.37769473462184));
#7823=CARTESIAN_POINT('Ctrl Pts',(19.5875000013333,-18.1780054213629,5.37769473462184));
#7824=CARTESIAN_POINT('Ctrl Pts',(19.1875000013333,-18.2033081627646,5.40994129912274));
#7825=CARTESIAN_POINT('Ctrl Pts',(19.5875000013333,-18.2033081627646,5.40994129912274));
#7826=CARTESIAN_POINT('',(19.1875000013333,-18.0088804266789,5.2599003549866));
#7827=CARTESIAN_POINT('Ctrl Pts',(19.1875000013333,-18.0088804266789,5.2599003549866));
#7828=CARTESIAN_POINT('Ctrl Pts',(19.1875000013333,-18.0486237077833,5.27736358235113));
#7829=CARTESIAN_POINT('Ctrl Pts',(19.1875000013333,-18.12593449388,5.31133399943347));
#7830=CARTESIAN_POINT('Ctrl Pts',(19.1875000013333,-18.1780054213629,5.37769473462184));
#7831=CARTESIAN_POINT('Ctrl Pts',(19.1875000013333,-18.2033081627646,5.40994129912274));
#7832=CARTESIAN_POINT('',(19.5875000013333,-18.0088804266789,5.2599003549866));
#7833=CARTESIAN_POINT('',(19.1875000013333,-18.0088804266789,5.2599003549866));
#7834=CARTESIAN_POINT('Ctrl Pts',(19.5875000013333,-18.0088804266789,5.2599003549866));
#7835=CARTESIAN_POINT('Ctrl Pts',(19.5875000013333,-18.0486237077833,5.27736358235113));
#7836=CARTESIAN_POINT('Ctrl Pts',(19.5875000013333,-18.12593449388,5.31133399943347));
#7837=CARTESIAN_POINT('Ctrl Pts',(19.5875000013333,-18.1780054213629,5.37769473462184));
#7838=CARTESIAN_POINT('Ctrl Pts',(19.5875000013333,-18.2033081627646,5.40994129912274));
#7839=CARTESIAN_POINT('Ctrl Pts',(19.1875000013333,-17.6541671977923,5.21305384145893));
#7840=CARTESIAN_POINT('Ctrl Pts',(19.5875000013333,-17.6541671977923,5.21305384145893));
#7841=CARTESIAN_POINT('Ctrl Pts',(19.1875000013333,-17.7219813422903,5.21378284015444));
#7842=CARTESIAN_POINT('Ctrl Pts',(19.5875000013333,-17.7219813422903,5.21378284015444));
#7843=CARTESIAN_POINT('Ctrl Pts',(19.1875000013333,-17.8422678506318,5.21507591416307));
#7844=CARTESIAN_POINT('Ctrl Pts',(19.5875000013333,-17.8422678506318,5.21507591416307));
#7845=CARTESIAN_POINT('Ctrl Pts',(19.1875000013333,-17.9582748884471,5.24628574672814));
#7846=CARTESIAN_POINT('Ctrl Pts',(19.5875000013333,-17.9582748884471,5.24628574672814));
#7847=CARTESIAN_POINT('Ctrl Pts',(19.1875000013333,-18.0088804266789,5.2599003549866));
#7848=CARTESIAN_POINT('Ctrl Pts',(19.5875000013333,-18.0088804266789,5.2599003549866));
#7849=CARTESIAN_POINT('',(19.1875000013333,-17.6541671977923,5.21305384145893));
#7850=CARTESIAN_POINT('Ctrl Pts',(19.1875000013333,-17.6541671977923,5.21305384145893));
#7851=CARTESIAN_POINT('Ctrl Pts',(19.1875000013333,-17.7219813422903,5.21378284015444));
#7852=CARTESIAN_POINT('Ctrl Pts',(19.1875000013333,-17.8422678506318,5.21507591416307));
#7853=CARTESIAN_POINT('Ctrl Pts',(19.1875000013333,-17.9582748884471,5.24628574672814));
#7854=CARTESIAN_POINT('Ctrl Pts',(19.1875000013333,-18.0088804266789,5.2599003549866));
#7855=CARTESIAN_POINT('',(19.5875000013333,-17.6541671977923,5.21305384145893));
#7856=CARTESIAN_POINT('',(19.1875000013333,-17.6541671977923,5.21305384145893));
#7857=CARTESIAN_POINT('Ctrl Pts',(19.5875000013333,-17.6541671977923,5.21305384145893));
#7858=CARTESIAN_POINT('Ctrl Pts',(19.5875000013333,-17.7219813422903,5.21378284015444));
#7859=CARTESIAN_POINT('Ctrl Pts',(19.5875000013333,-17.8422678506318,5.21507591416307));
#7860=CARTESIAN_POINT('Ctrl Pts',(19.5875000013333,-17.9582748884471,5.24628574672814));
#7861=CARTESIAN_POINT('Ctrl Pts',(19.5875000013333,-18.0088804266789,5.2599003549866));
#7862=CARTESIAN_POINT('Origin',(19.1875000013333,-16.9430485513912,5.21315372995071));
#7863=CARTESIAN_POINT('',(19.1875000013333,-16.9430485513912,5.21315372995071));
#7864=CARTESIAN_POINT('',(19.1875000013333,-21.378328409728,5.21253072081164));
#7865=CARTESIAN_POINT('',(19.5875000013333,-16.9430485513912,5.21315372995071));
#7866=CARTESIAN_POINT('',(19.1875000013333,-16.9430485513912,5.21315372995071));
#7867=CARTESIAN_POINT('',(19.5875000013333,-16.9430485513912,5.21315372995071));
#7868=CARTESIAN_POINT('Origin',(19.1875000013333,-16.9431647286762,6.04023432920544));
#7869=CARTESIAN_POINT('',(19.1875000013333,-16.9434939752275,8.38418164230134));
#7870=CARTESIAN_POINT('',(19.5875000013333,-16.9431647286762,6.04023432920544));
#7871=CARTESIAN_POINT('Origin',(19.1875000013333,-16.9430083085384,4.92665983533905));
#7872=CARTESIAN_POINT('',(19.5875000013333,-16.9430083085384,4.92665983533905));
#7873=CARTESIAN_POINT('',(19.1875000013333,-16.9430083085384,4.92665983533905));
#7874=CARTESIAN_POINT('',(19.5875000013333,-16.942852367515,3.81649621723629));
#7875=CARTESIAN_POINT('',(19.5875000013333,-16.9430083085384,4.92665983533905));
#7876=CARTESIAN_POINT('',(19.1875000013333,-16.942852367515,3.81649621723629));
#7877=CARTESIAN_POINT('Origin',(19.1875000013333,-17.326705382385,4.9266059386761));
#7878=CARTESIAN_POINT('',(19.5875000013333,-17.326705382385,4.9266059386761));
#7879=CARTESIAN_POINT('',(19.1875000013333,-17.326705382385,4.9266059386761));
#7880=CARTESIAN_POINT('',(19.5875000013333,-17.326705382385,4.9266059386761));
#7881=CARTESIAN_POINT('Ctrl Pts',(19.1875000013333,-17.5108783308586,4.91464289717068));
#7882=CARTESIAN_POINT('Ctrl Pts',(19.5875000013333,-17.5108783308586,4.91464289717068));
#7883=CARTESIAN_POINT('Ctrl Pts',(19.1875000013333,-17.4861861119291,4.91809754558773));
#7884=CARTESIAN_POINT('Ctrl Pts',(19.5875000013333,-17.4861861119291,4.91809754558773));
#7885=CARTESIAN_POINT('Ctrl Pts',(19.1875000013333,-17.4251316550073,4.92663957591563));
#7886=CARTESIAN_POINT('Ctrl Pts',(19.5875000013333,-17.4251316550073,4.92663957591563));
#7887=CARTESIAN_POINT('Ctrl Pts',(19.1875000013333,-17.3634444603525,4.92661849427871));
#7888=CARTESIAN_POINT('Ctrl Pts',(19.5875000013333,-17.3634444603525,4.92661849427871));
#7889=CARTESIAN_POINT('Ctrl Pts',(19.1875000013333,-17.326705382385,4.9266059386761));
#7890=CARTESIAN_POINT('Ctrl Pts',(19.5875000013333,-17.326705382385,4.9266059386761));
#7891=CARTESIAN_POINT('',(19.5875000013333,-17.5108783308586,4.91464289717068));
#7892=CARTESIAN_POINT('',(19.1875000013333,-17.5108783308586,4.91464289717068));
#7893=CARTESIAN_POINT('Ctrl Pts',(19.5875000013333,-17.5108783308586,4.91464289717068));
#7894=CARTESIAN_POINT('Ctrl Pts',(19.5875000013333,-17.4861861119291,4.91809754558773));
#7895=CARTESIAN_POINT('Ctrl Pts',(19.5875000013333,-17.4251316550073,4.92663957591563));
#7896=CARTESIAN_POINT('Ctrl Pts',(19.5875000013333,-17.3634444603525,4.92661849427871));
#7897=CARTESIAN_POINT('Ctrl Pts',(19.5875000013333,-17.326705382385,4.9266059386761));
#7898=CARTESIAN_POINT('Ctrl Pts',(19.1875000013333,-17.6617898850086,4.84811423977925));
#7899=CARTESIAN_POINT('Ctrl Pts',(19.5875000013333,-17.6617898850086,4.84811423977925));
#7900=CARTESIAN_POINT('Ctrl Pts',(19.1875000013333,-17.6373389052132,4.86273099023035));
#7901=CARTESIAN_POINT('Ctrl Pts',(19.5875000013333,-17.6373389052132,4.86273099023035));
#7902=CARTESIAN_POINT('Ctrl Pts',(19.1875000013333,-17.5897758116462,4.89116411950248));
#7903=CARTESIAN_POINT('Ctrl Pts',(19.5875000013333,-17.5897758116462,4.89116411950248));
#7904=CARTESIAN_POINT('Ctrl Pts',(19.1875000013333,-17.5366792817284,4.90696489803745));
#7905=CARTESIAN_POINT('Ctrl Pts',(19.5875000013333,-17.5366792817284,4.90696489803745));
#7906=CARTESIAN_POINT('Ctrl Pts',(19.1875000013333,-17.5108783308586,4.91464289717068));
#7907=CARTESIAN_POINT('Ctrl Pts',(19.5875000013333,-17.5108783308586,4.91464289717068));
#7908=CARTESIAN_POINT('',(19.5875000013333,-17.6617898850086,4.84811423977925));
#7909=CARTESIAN_POINT('',(19.1875000013333,-17.6617898850086,4.84811423977925));
#7910=CARTESIAN_POINT('Ctrl Pts',(19.5875000013333,-17.6617898850086,4.84811423977925));
#7911=CARTESIAN_POINT('Ctrl Pts',(19.5875000013333,-17.6373389052132,4.86273099023035));
#7912=CARTESIAN_POINT('Ctrl Pts',(19.5875000013333,-17.5897758116462,4.89116411950248));
#7913=CARTESIAN_POINT('Ctrl Pts',(19.5875000013333,-17.5366792817284,4.90696489803745));
#7914=CARTESIAN_POINT('Ctrl Pts',(19.5875000013333,-17.5108783308586,4.91464289717068));
#7915=CARTESIAN_POINT('Ctrl Pts',(19.1875000013333,-17.8297404929697,4.68096920649014));
#7916=CARTESIAN_POINT('Ctrl Pts',(19.5875000013333,-17.8297404929697,4.68096920649014));
#7917=CARTESIAN_POINT('Ctrl Pts',(19.1875000013333,-17.8015249860467,4.71624275305245));
#7918=CARTESIAN_POINT('Ctrl Pts',(19.5875000013333,-17.8015249860467,4.71624275305245));
#7919=CARTESIAN_POINT('Ctrl Pts',(19.1875000013333,-17.7518102931557,4.77839345405897));
#7920=CARTESIAN_POINT('Ctrl Pts',(19.5875000013333,-17.7518102931557,4.77839345405897));
#7921=CARTESIAN_POINT('Ctrl Pts',(19.1875000013333,-17.6889666871527,4.82706581267418));
#7922=CARTESIAN_POINT('Ctrl Pts',(19.5875000013333,-17.6889666871527,4.82706581267418));
#7923=CARTESIAN_POINT('Ctrl Pts',(19.1875000013333,-17.6617898850086,4.84811423977925));
#7924=CARTESIAN_POINT('Ctrl Pts',(19.5875000013333,-17.6617898850086,4.84811423977925));
#7925=CARTESIAN_POINT('',(19.5875000013333,-17.8297404929697,4.68096920649014));
#7926=CARTESIAN_POINT('',(19.1875000013333,-17.8297404929697,4.68096920649014));
#7927=CARTESIAN_POINT('Ctrl Pts',(19.5875000013333,-17.8297404929697,4.68096920649014));
#7928=CARTESIAN_POINT('Ctrl Pts',(19.5875000013333,-17.8015249860467,4.71624275305245));
#7929=CARTESIAN_POINT('Ctrl Pts',(19.5875000013333,-17.7518102931557,4.77839345405897));
#7930=CARTESIAN_POINT('Ctrl Pts',(19.5875000013333,-17.6889666871527,4.82706581267418));
#7931=CARTESIAN_POINT('Ctrl Pts',(19.5875000013333,-17.6617898850086,4.84811423977925));
#7932=CARTESIAN_POINT('Ctrl Pts',(19.1875000013333,-18.0684370179332,4.33646106051131));
#7933=CARTESIAN_POINT('Ctrl Pts',(19.5875000013333,-18.0684370179332,4.33646106051131));
#7934=CARTESIAN_POINT('Ctrl Pts',(19.1875000013333,-18.0252130170318,4.40326294326273));
#7935=CARTESIAN_POINT('Ctrl Pts',(19.5875000013333,-18.0252130170318,4.40326294326273));
#7936=CARTESIAN_POINT('Ctrl Pts',(19.1875000013333,-17.9492727359431,4.52062722346796));
#7937=CARTESIAN_POINT('Ctrl Pts',(19.5875000013333,-17.9492727359431,4.52062722346796));
#7938=CARTESIAN_POINT('Ctrl Pts',(19.1875000013333,-17.8657314198553,4.63269054590376));
#7939=CARTESIAN_POINT('Ctrl Pts',(19.5875000013333,-17.8657314198553,4.63269054590376));
#7940=CARTESIAN_POINT('Ctrl Pts',(19.1875000013333,-17.8297404929697,4.68096920649014));
#7941=CARTESIAN_POINT('Ctrl Pts',(19.5875000013333,-17.8297404929697,4.68096920649014));
#7942=CARTESIAN_POINT('',(19.5875000013333,-18.0684370179332,4.33646106051131));
#7943=CARTESIAN_POINT('',(19.1875000013333,-18.0684370179332,4.33646106051131));
#7944=CARTESIAN_POINT('Ctrl Pts',(19.5875000013333,-18.0684370179332,4.33646106051131));
#7945=CARTESIAN_POINT('Ctrl Pts',(19.5875000013333,-18.0252130170318,4.40326294326273));
#7946=CARTESIAN_POINT('Ctrl Pts',(19.5875000013333,-17.9492727359431,4.52062722346796));
#7947=CARTESIAN_POINT('Ctrl Pts',(19.5875000013333,-17.8657314198553,4.63269054590376));
#7948=CARTESIAN_POINT('Ctrl Pts',(19.5875000013333,-17.8297404929697,4.68096920649014));
#7949=CARTESIAN_POINT('Origin',(19.1875000013333,-18.3991962572852,3.8162916494115));
#7950=CARTESIAN_POINT('',(19.5875000013333,-18.3991962572852,3.8162916494115));
#7951=CARTESIAN_POINT('',(19.1875000013333,-18.3991962572852,3.8162916494115));
#7952=CARTESIAN_POINT('',(19.5875000013333,-18.3991962572852,3.8162916494115));
#7953=CARTESIAN_POINT('Origin',(19.1875000013333,-18.8152944902178,3.81623320146455));
#7954=CARTESIAN_POINT('',(19.5875000013333,-18.8152944902178,3.81623320146455));
#7955=CARTESIAN_POINT('',(19.1875000013333,-18.8152944902178,3.81623320146455));
#7956=CARTESIAN_POINT('',(19.5875000013333,-18.8152944902178,3.81623320146455));
#7957=CARTESIAN_POINT('Origin',(19.1875000013333,-18.3805330604315,4.49671720959147));
#7958=CARTESIAN_POINT('',(19.5875000013333,-18.3805330604315,4.49671720959147));
#7959=CARTESIAN_POINT('',(19.1875000013333,-18.3805330604315,4.49671720959147));
#7960=CARTESIAN_POINT('',(19.5875000013333,-18.3805330604315,4.49671720959147));
#7961=CARTESIAN_POINT('Ctrl Pts',(19.1875000013333,-18.1060231963722,4.82929321481343));
#7962=CARTESIAN_POINT('Ctrl Pts',(19.5875000013333,-18.1060231963722,4.82929321481343));
#7963=CARTESIAN_POINT('Ctrl Pts',(19.1875000013333,-18.1546323980029,4.78071633504034));
#7964=CARTESIAN_POINT('Ctrl Pts',(19.5875000013333,-18.1546323980029,4.78071633504034));
#7965=CARTESIAN_POINT('Ctrl Pts',(19.1875000013333,-18.2567466408858,4.6786699912774));
#7966=CARTESIAN_POINT('Ctrl Pts',(19.5875000013333,-18.2567466408858,4.6786699912774));
#7967=CARTESIAN_POINT('Ctrl Pts',(19.1875000013333,-18.3379727985651,4.55927623718353));
#7968=CARTESIAN_POINT('Ctrl Pts',(19.5875000013333,-18.3379727985651,4.55927623718353));
#7969=CARTESIAN_POINT('Ctrl Pts',(19.1875000013333,-18.3805330604315,4.49671720959147));
#7970=CARTESIAN_POINT('Ctrl Pts',(19.5875000013333,-18.3805330604315,4.49671720959147));
#7971=CARTESIAN_POINT('',(19.5875000013333,-18.1060231963722,4.82929321481343));
#7972=CARTESIAN_POINT('',(19.1875000013333,-18.1060231963722,4.82929321481343));
#7973=CARTESIAN_POINT('Ctrl Pts',(19.5875000013333,-18.1060231963722,4.82929321481343));
#7974=CARTESIAN_POINT('Ctrl Pts',(19.5875000013333,-18.1546323980029,4.78071633504034));
#7975=CARTESIAN_POINT('Ctrl Pts',(19.5875000013333,-18.2567466408858,4.6786699912774));
#7976=CARTESIAN_POINT('Ctrl Pts',(19.5875000013333,-18.3379727985651,4.55927623718353));
#7977=CARTESIAN_POINT('Ctrl Pts',(19.5875000013333,-18.3805330604315,4.49671720959147));
#7978=CARTESIAN_POINT('Ctrl Pts',(19.1875000013333,-17.9065183087653,4.95380971277392));
#7979=CARTESIAN_POINT('Ctrl Pts',(19.5875000013333,-17.9065183087653,4.95380971277392));
#7980=CARTESIAN_POINT('Ctrl Pts',(19.1875000013333,-17.945927005834,4.93433063811493));
#7981=CARTESIAN_POINT('Ctrl Pts',(19.5875000013333,-17.945927005834,4.93433063811493));
#7982=CARTESIAN_POINT('Ctrl Pts',(19.1875000013333,-18.0166029110915,4.89939669364321));
#7983=CARTESIAN_POINT('Ctrl Pts',(19.5875000013333,-18.0166029110915,4.89939669364321));
#7984=CARTESIAN_POINT('Ctrl Pts',(19.1875000013333,-18.0785968937839,4.85079481500227));
#7985=CARTESIAN_POINT('Ctrl Pts',(19.5875000013333,-18.0785968937839,4.85079481500227));
#7986=CARTESIAN_POINT('Ctrl Pts',(19.1875000013333,-18.1060231963722,4.82929321481343));
#7987=CARTESIAN_POINT('Ctrl Pts',(19.5875000013333,-18.1060231963722,4.82929321481343));
#7988=CARTESIAN_POINT('',(19.5875000013333,-17.9065183087653,4.95380971277392));
#7989=CARTESIAN_POINT('',(19.1875000013333,-17.9065183087653,4.95380971277392));
#7990=CARTESIAN_POINT('Ctrl Pts',(19.5875000013333,-17.9065183087653,4.95380971277392));
#7991=CARTESIAN_POINT('Ctrl Pts',(19.5875000013333,-17.945927005834,4.93433063811493));
#7992=CARTESIAN_POINT('Ctrl Pts',(19.5875000013333,-18.0166029110915,4.89939669364321));
#7993=CARTESIAN_POINT('Ctrl Pts',(19.5875000013333,-18.0785968937839,4.85079481500227));
#7994=CARTESIAN_POINT('Ctrl Pts',(19.5875000013333,-18.1060231963722,4.82929321481343));
#7995=CARTESIAN_POINT('Ctrl Pts',(19.1875000013333,-18.4386108485787,5.18565858374913));
#7996=CARTESIAN_POINT('Ctrl Pts',(19.5875000013333,-18.4386108485787,5.18565858374913));
#7997=CARTESIAN_POINT('Ctrl Pts',(19.1875000013333,-18.3683484192087,5.12981589334352));
#7998=CARTESIAN_POINT('Ctrl Pts',(19.5875000013333,-18.3683484192087,5.12981589334352));
#7999=CARTESIAN_POINT('Ctrl Pts',(19.1875000013333,-18.2123038470345,5.00579586142126));
#8000=CARTESIAN_POINT('Ctrl Pts',(19.5875000013333,-18.2123038470345,5.00579586142126));
#8001=CARTESIAN_POINT('Ctrl Pts',(19.1875000013333,-18.0149882878312,4.97225053403515));
#8002=CARTESIAN_POINT('Ctrl Pts',(19.5875000013333,-18.0149882878312,4.97225053403515));
#8003=CARTESIAN_POINT('Ctrl Pts',(19.1875000013333,-17.9065183087653,4.95380971277392));
#8004=CARTESIAN_POINT('Ctrl Pts',(19.5875000013333,-17.9065183087653,4.95380971277392));
#8005=CARTESIAN_POINT('',(19.5875000013333,-18.4386108485787,5.18565858374913));
#8006=CARTESIAN_POINT('',(19.1875000013333,-18.4386108485787,5.18565858374913));
#8007=CARTESIAN_POINT('Ctrl Pts',(19.5875000013333,-18.4386108485787,5.18565858374913));
#8008=CARTESIAN_POINT('Ctrl Pts',(19.5875000013333,-18.3683484192087,5.12981589334352));
#8009=CARTESIAN_POINT('Ctrl Pts',(19.5875000013333,-18.2123038470345,5.00579586142126));
#8010=CARTESIAN_POINT('Ctrl Pts',(19.5875000013333,-18.0149882878312,4.97225053403515));
#8011=CARTESIAN_POINT('Ctrl Pts',(19.5875000013333,-17.9065183087653,4.95380971277392));
#8012=CARTESIAN_POINT('Ctrl Pts',(19.1875000013333,-18.6109113019449,5.63413370763471));
#8013=CARTESIAN_POINT('Ctrl Pts',(19.5875000013333,-18.6109113019449,5.63413370763471));
#8014=CARTESIAN_POINT('Ctrl Pts',(19.1875000013333,-18.6042017961336,5.54945297834065));
#8015=CARTESIAN_POINT('Ctrl Pts',(19.5875000013333,-18.6042017961336,5.54945297834065));
#8016=CARTESIAN_POINT('Ctrl Pts',(19.1875000013333,-18.5909977348843,5.38280441022312));
#8017=CARTESIAN_POINT('Ctrl Pts',(19.5875000013333,-18.5909977348843,5.38280441022312));
#8018=CARTESIAN_POINT('Ctrl Pts',(19.1875000013333,-18.4888521978492,5.25065677726326));
#8019=CARTESIAN_POINT('Ctrl Pts',(19.5875000013333,-18.4888521978492,5.25065677726326));
#8020=CARTESIAN_POINT('Ctrl Pts',(19.1875000013333,-18.4386108485787,5.18565858374913));
#8021=CARTESIAN_POINT('Ctrl Pts',(19.5875000013333,-18.4386108485787,5.18565858374913));
#8022=CARTESIAN_POINT('',(19.5875000013333,-18.6109113019449,5.63413370763471));
#8023=CARTESIAN_POINT('',(19.1875000013333,-18.6109113019449,5.63413370763471));
#8024=CARTESIAN_POINT('Ctrl Pts',(19.5875000013333,-18.6109113019449,5.63413370763471));
#8025=CARTESIAN_POINT('Ctrl Pts',(19.5875000013333,-18.6042017961336,5.54945297834065));
#8026=CARTESIAN_POINT('Ctrl Pts',(19.5875000013333,-18.5909977348843,5.38280441022312));
#8027=CARTESIAN_POINT('Ctrl Pts',(19.5875000013333,-18.4888521978492,5.25065677726326));
#8028=CARTESIAN_POINT('Ctrl Pts',(19.5875000013333,-18.4386108485787,5.18565858374913));
#8029=CARTESIAN_POINT('Ctrl Pts',(19.1875000013333,-18.5069395332074,6.01102416350238));
#8030=CARTESIAN_POINT('Ctrl Pts',(19.5875000013333,-18.5069395332074,6.01102416350238));
#8031=CARTESIAN_POINT('Ctrl Pts',(19.1875000013333,-18.5372712417086,5.95239340727628));
#8032=CARTESIAN_POINT('Ctrl Pts',(19.5875000013333,-18.5372712417086,5.95239340727628));
#8033=CARTESIAN_POINT('Ctrl Pts',(19.1875000013333,-18.5984598029824,5.83411679850141));
#8034=CARTESIAN_POINT('Ctrl Pts',(19.5875000013333,-18.5984598029824,5.83411679850141));
#8035=CARTESIAN_POINT('Ctrl Pts',(19.1875000013333,-18.6067371225546,5.70117505734032));
#8036=CARTESIAN_POINT('Ctrl Pts',(19.5875000013333,-18.6067371225546,5.70117505734032));
#8037=CARTESIAN_POINT('Ctrl Pts',(19.1875000013333,-18.6109113019449,5.63413370763471));
#8038=CARTESIAN_POINT('Ctrl Pts',(19.5875000013333,-18.6109113019449,5.63413370763471));
#8039=CARTESIAN_POINT('',(19.5875000013333,-18.5069395332074,6.01102416350238));
#8040=CARTESIAN_POINT('',(19.1875000013333,-18.5069395332074,6.01102416350238));
#8041=CARTESIAN_POINT('Ctrl Pts',(19.5875000013333,-18.5069395332074,6.01102416350238));
#8042=CARTESIAN_POINT('Ctrl Pts',(19.5875000013333,-18.5372712417086,5.95239340727628));
#8043=CARTESIAN_POINT('Ctrl Pts',(19.5875000013333,-18.5984598029824,5.83411679850141));
#8044=CARTESIAN_POINT('Ctrl Pts',(19.5875000013333,-18.6067371225546,5.70117505734032));
#8045=CARTESIAN_POINT('Ctrl Pts',(19.5875000013333,-18.6109113019449,5.63413370763471));
#8046=CARTESIAN_POINT('Ctrl Pts',(19.1875000013333,-18.2290057969125,6.24895547637311));
#8047=CARTESIAN_POINT('Ctrl Pts',(19.5875000013333,-18.2290057969125,6.24895547637311));
#8048=CARTESIAN_POINT('Ctrl Pts',(19.1875000013333,-18.2843775293793,6.22168449079476));
#8049=CARTESIAN_POINT('Ctrl Pts',(19.5875000013333,-18.2843775293793,6.22168449079476));
#8050=CARTESIAN_POINT('Ctrl Pts',(19.1875000013333,-18.3972142751898,6.1661115634071));
#8051=CARTESIAN_POINT('Ctrl Pts',(19.5875000013333,-18.3972142751898,6.1661115634071));
#8052=CARTESIAN_POINT('Ctrl Pts',(19.1875000013333,-18.4699148809229,6.06335538749694));
#8053=CARTESIAN_POINT('Ctrl Pts',(19.5875000013333,-18.4699148809229,6.06335538749694));
#8054=CARTESIAN_POINT('Ctrl Pts',(19.1875000013333,-18.5069395332074,6.01102416350238));
#8055=CARTESIAN_POINT('Ctrl Pts',(19.5875000013333,-18.5069395332074,6.01102416350238));
#8056=CARTESIAN_POINT('',(19.5875000013333,-18.2290057969125,6.24895547637311));
#8057=CARTESIAN_POINT('',(19.1875000013333,-18.2290057969125,6.24895547637311));
#8058=CARTESIAN_POINT('Ctrl Pts',(19.5875000013333,-18.2290057969125,6.24895547637311));
#8059=CARTESIAN_POINT('Ctrl Pts',(19.5875000013333,-18.2843775293793,6.22168449079476));
#8060=CARTESIAN_POINT('Ctrl Pts',(19.5875000013333,-18.3972142751898,6.1661115634071));
#8061=CARTESIAN_POINT('Ctrl Pts',(19.5875000013333,-18.4699148809229,6.06335538749694));
#8062=CARTESIAN_POINT('Ctrl Pts',(19.5875000013333,-18.5069395332074,6.01102416350238));
#8063=CARTESIAN_POINT('Ctrl Pts',(19.1875000013333,-17.7208297877128,6.3163869619766));
#8064=CARTESIAN_POINT('Ctrl Pts',(19.5875000013333,-17.7208297877128,6.3163869619766));
#8065=CARTESIAN_POINT('Ctrl Pts',(19.1875000013333,-17.8195918575488,6.31561314633712));
#8066=CARTESIAN_POINT('Ctrl Pts',(19.5875000013333,-17.8195918575488,6.31561314633712));
#8067=CARTESIAN_POINT('Ctrl Pts',(19.1875000013333,-17.9920609583788,6.31426182504778));
#8068=CARTESIAN_POINT('Ctrl Pts',(19.5875000013333,-17.9920609583788,6.31426182504778));
#8069=CARTESIAN_POINT('Ctrl Pts',(19.1875000013333,-18.1580626862695,6.26850870044158));
#8070=CARTESIAN_POINT('Ctrl Pts',(19.5875000013333,-18.1580626862695,6.26850870044158));
#8071=CARTESIAN_POINT('Ctrl Pts',(19.1875000013333,-18.2290057969125,6.24895547637311));
#8072=CARTESIAN_POINT('Ctrl Pts',(19.5875000013333,-18.2290057969125,6.24895547637311));
#8073=CARTESIAN_POINT('',(19.5875000013333,-17.7208297877128,6.3163869619766));
#8074=CARTESIAN_POINT('',(19.1875000013333,-17.7208297877128,6.3163869619766));
#8075=CARTESIAN_POINT('Ctrl Pts',(19.5875000013333,-17.7208297877128,6.3163869619766));
#8076=CARTESIAN_POINT('Ctrl Pts',(19.5875000013333,-17.8195918575488,6.31561314633712));
#8077=CARTESIAN_POINT('Ctrl Pts',(19.5875000013333,-17.9920609583788,6.31426182504778));
#8078=CARTESIAN_POINT('Ctrl Pts',(19.5875000013333,-18.1580626862695,6.26850870044158));
#8079=CARTESIAN_POINT('Ctrl Pts',(19.5875000013333,-18.2290057969125,6.24895547637311));
#8080=CARTESIAN_POINT('Origin',(19.1875000013333,-16.6123713094686,6.31654266348457));
#8081=CARTESIAN_POINT('',(19.5875000013333,-16.6123713094686,6.31654266348457));
#8082=CARTESIAN_POINT('',(19.1875000013333,-16.6123713094686,6.31654266348457));
#8083=CARTESIAN_POINT('',(19.5875000013333,-16.6123713094686,6.31654266348457));
#8084=CARTESIAN_POINT('Origin',(19.1875000013333,-16.6120201427143,3.81654268814819));
#8085=CARTESIAN_POINT('',(19.5875000013333,-16.6120201427143,3.81654268814819));
#8086=CARTESIAN_POINT('',(19.1875000013333,-16.6120201427143,3.81654268814819));
#8087=CARTESIAN_POINT('',(19.5875000013333,-16.6120201427143,3.81654268814819));
#8088=CARTESIAN_POINT('Origin',(19.1875000013333,-16.942852367515,3.81649621723629));
#8089=CARTESIAN_POINT('',(19.5875000013333,-16.942852367515,3.81649621723629));
#8090=CARTESIAN_POINT('Origin',(19.5875000013333,-20.5684209440127,5.04954778713746));
#8091=CARTESIAN_POINT('Origin',(19.1875000013333,-25.8143829384525,10.7268829371192));
#8092=CARTESIAN_POINT('Origin',(19.1875000013333,-25.8143829384525,10.7268829371192));
#8093=CARTESIAN_POINT('Origin',(19.1875000013333,-25.8143829384525,10.7268829371192));
#8094=CARTESIAN_POINT('Origin',(9.18750000133329,-15.8143829384525,10.7268829371192));
#8095=CARTESIAN_POINT('',(28.4375000013333,-15.8143829384525,-0.8731170628808));
#8096=CARTESIAN_POINT('Origin',(30.1875000013333,-4.81438293845248,10.7268829371192));
#8097=CARTESIAN_POINT('Origin',(32.9875000013333,-11.0092619378525,10.7268829371192));
#8098=CARTESIAN_POINT('Origin',(26.1875000013333,-11.6856170615475,12.8768829371192));
#8099=CARTESIAN_POINT('',(24.0875000013333,-11.6856170615475,12.8768829371192));
#8100=CARTESIAN_POINT('Origin',(26.1875000013333,-11.6856170615475,12.8768829371192));
#8101=CARTESIAN_POINT('',(24.0875000013333,-14.3723174528626,12.8768829371192));
#8102=CARTESIAN_POINT('',(24.0875000013333,-11.6856170615475,12.8768829371192));
#8103=CARTESIAN_POINT('Origin',(26.1875000013333,-14.3723174528626,12.8768829371192));
#8104=CARTESIAN_POINT('Origin',(26.1875000013333,-11.6856170615475,12.8768829371192));
#8105=CARTESIAN_POINT('Origin',(26.1875000013333,-18.1268829370525,12.8768829371192));
#8106=CARTESIAN_POINT('',(21.6875000013195,-17.8143829384285,12.8768829371192));
#8107=CARTESIAN_POINT('Origin',(26.1875000013333,-17.8143829384525,12.8768829371192));
#8108=CARTESIAN_POINT('',(21.1462341263333,-18.1268829370525,12.8768829371192));
#8109=CARTESIAN_POINT('Origin',(26.1875000013333,-15.8143829384525,12.8768829371192));
#8110=CARTESIAN_POINT('Ctrl Pts',(31.2287658763333,-25.6268829370525,12.8768829371192));
#8111=CARTESIAN_POINT('Ctrl Pts',(31.2287658763333,-25.5643829370525,10.7887222401192));
#8112=CARTESIAN_POINT('Ctrl Pts',(29.7522132873333,-25.5018829370525,9.3121696511192));
#8113=CARTESIAN_POINT('Ctrl Pts',(28.2756606983333,-25.4393829370525,7.8356170621192));
#8114=CARTESIAN_POINT('Ctrl Pts',(26.1875000013333,-25.3768829370525,7.8356170621192));
#8115=CARTESIAN_POINT('Ctrl Pts',(24.0993393043333,-25.3143829370525,7.8356170621192));
#8116=CARTESIAN_POINT('Ctrl Pts',(22.6227867153333,-25.2518829370525,9.3121696511192));
#8117=CARTESIAN_POINT('Ctrl Pts',(21.1462341263333,-25.1893829370525,10.7887222401192));
#8118=CARTESIAN_POINT('Ctrl Pts',(21.1462341263333,-25.1268829370525,12.8768829371192));
#8119=CARTESIAN_POINT('Ctrl Pts',(21.1462341263333,-25.0643829370525,14.9650436341192));
#8120=CARTESIAN_POINT('Ctrl Pts',(22.6227867153333,-25.0018829370525,16.4415962231192));
#8121=CARTESIAN_POINT('Ctrl Pts',(24.0993393043333,-24.9393829370525,17.9181488121192));
#8122=CARTESIAN_POINT('Ctrl Pts',(26.1875000013333,-24.8768829370525,17.9181488121192));
#8123=CARTESIAN_POINT('Ctrl Pts',(28.2756606983333,-24.8143829370525,17.9181488121192));
#8124=CARTESIAN_POINT('Ctrl Pts',(29.7522132873333,-24.7518829370525,16.4415962231192));
#8125=CARTESIAN_POINT('Ctrl Pts',(31.2287658763333,-24.6893829370525,14.9650436341192));
#8126=CARTESIAN_POINT('Ctrl Pts',(31.2287658763333,-24.6268829370525,12.8768829371192));
#8127=CARTESIAN_POINT('Ctrl Pts',(31.2287658763333,-25.7518829370525,12.8768829371192));
#8128=CARTESIAN_POINT('Ctrl Pts',(31.2287658763333,-25.7334239033129,12.2601560769661));
#8129=CARTESIAN_POINT('Ctrl Pts',(31.1155921430327,-25.7137087834951,11.6483407586719));
#8130=CARTESIAN_POINT('Ctrl Pts',(30.6537276769085,-25.6719309617199,10.4438303972499));
#8131=CARTESIAN_POINT('Ctrl Pts',(30.2895466978803,-25.6502465117737,9.87018923991398));
#8132=CARTESIAN_POINT('Ctrl Pts',(29.3754276390479,-25.6104243768664,8.91834947997587));
#8133=CARTESIAN_POINT('Ctrl Pts',(28.8416439342872,-25.5900845935947,8.54231480154338));
#8134=CARTESIAN_POINT('Ctrl Pts',(27.6377445097909,-25.5473537300238,8.00210281141649));
#8135=CARTESIAN_POINT('Ctrl Pts',(26.9751735197983,-25.5256654851669,7.85231134280764));
#8136=CARTESIAN_POINT('Ctrl Pts',(25.6561268653174,-25.4858116089438,7.82214788640056));
#8137=CARTESIAN_POINT('Ctrl Pts',(25.0126225052756,-25.4655239038996,7.93194072656721));
#8138=CARTESIAN_POINT('Ctrl Pts',(23.7783787427208,-25.4228071418276,8.39775757526796));
#8139=CARTESIAN_POINT('Ctrl Pts',(23.2031138655133,-25.4011149897921,8.75863980024426));
#8140=CARTESIAN_POINT('Ctrl Pts',(22.2467285616087,-25.361227244344,9.66707710808879));
#8141=CARTESIAN_POINT('Ctrl Pts',(21.8678845528584,-25.3409943571017,10.1985368915887));
#8142=CARTESIAN_POINT('Ctrl Pts',(21.3211572839029,-25.298292865974,11.3987562491225));
#8143=CARTESIAN_POINT('Ctrl Pts',(21.1676406320962,-25.2765967149715,12.0600483665464));
#8144=CARTESIAN_POINT('Ctrl Pts',(21.1297322055534,-25.2366728844157,13.3782241635605));
#8145=CARTESIAN_POINT('Ctrl Pts',(21.2356395901924,-25.2164975356941,14.0220964513365));
#8146=CARTESIAN_POINT('Ctrl Pts',(21.6937403296996,-25.1738125719055,15.2584739321559));
#8147=CARTESIAN_POINT('Ctrl Pts',(22.0508313681293,-25.1521123557382,15.8355785974972));
#8148=CARTESIAN_POINT('Ctrl Pts',(22.9527435623115,-25.1121501413913,16.7971547404332));
#8149=CARTESIAN_POINT('Ctrl Pts',(23.4815445908882,-25.0920350015601,17.1792146425102));
#8150=CARTESIAN_POINT('Ctrl Pts',(24.6775346842982,-25.0493679125044,17.7333773784117));
#8151=CARTESIAN_POINT('Ctrl Pts',(25.3373391910736,-25.0276635960792,17.8911440650692));
#8152=CARTESIAN_POINT('Ctrl Pts',(26.6544934296373,-24.9876606232877,17.9379023846963));
#8153=CARTESIAN_POINT('Ctrl Pts',(27.298787042894,-24.9676082765208,17.8364302350778));
#8154=CARTESIAN_POINT('Ctrl Pts',(28.5375691083228,-24.9249605046295,17.3871345842314));
#8155=CARTESIAN_POINT('Ctrl Pts',(29.1167437607383,-24.9032520901644,17.0343796598803));
#8156=CARTESIAN_POINT('Ctrl Pts',(30.0842139180711,-24.8632059169738,16.1399247335057));
#8157=CARTESIAN_POINT('Ctrl Pts',(30.4699358277039,-24.8432188207237,15.6141492790335));
#8158=CARTESIAN_POINT('Ctrl Pts',(31.0325354511168,-24.8005919067854,14.4229961324761));
#8159=CARTESIAN_POINT('Ctrl Pts',(31.1951225605379,-24.77887944037,13.764916014352));
#8160=CARTESIAN_POINT('Ctrl Pts',(31.227204422741,-24.7562404658142,13.0218236866029));
#8161=CARTESIAN_POINT('Ctrl Pts',(31.2287658763333,-24.7540511741039,12.9493249753997));
#8162=CARTESIAN_POINT('Ctrl Pts',(31.2287658763333,-24.7518829370525,12.8768829371192));
#8163=CARTESIAN_POINT('Origin',(26.1875000013333,-25.3143829384525,12.8768829371192));
#8164=CARTESIAN_POINT('Ctrl Pts',(31.0366076320867,-25.8143829384348,14.0959625839092));
#8165=CARTESIAN_POINT('Ctrl Pts',(31.1402464382354,-25.8049020835818,13.6448353737629));
#8166=CARTESIAN_POINT('Ctrl Pts',(31.1808964139306,-25.7958271947932,13.1816293863872));
#8167=CARTESIAN_POINT('Ctrl Pts',(31.1345842050585,-25.7780342442711,12.2691055597672));
#8168=CARTESIAN_POINT('Ctrl Pts',(31.0494168367461,-25.7687732882724,11.8219294968823));
#8169=CARTESIAN_POINT('Ctrl Pts',(30.7044017451458,-25.7462876630285,10.8003493320779));
#8170=CARTESIAN_POINT('Ctrl Pts',(30.393599354421,-25.7330951474877,10.2513948533946));
#8171=CARTESIAN_POINT('Ctrl Pts',(29.7815047045304,-25.7139992130834,9.5315054150775));
#8172=CARTESIAN_POINT('Ctrl Pts',(29.5499291880806,-25.7078273814703,9.30711240113916));
#8173=CARTESIAN_POINT('Ctrl Pts',(29.0503803514872,-25.6949225624198,8.91164698241841));
#8174=CARTESIAN_POINT('Ctrl Pts',(28.7844971148042,-25.6883449334143,8.7403847615613));
#8175=CARTESIAN_POINT('Ctrl Pts',(27.9551985869982,-25.6686189991845,8.31406573183654));
#8176=CARTESIAN_POINT('Ctrl Pts',(27.3577477188203,-25.6553732115255,8.13914344823739));
#8177=CARTESIAN_POINT('Ctrl Pts',(26.1110879882914,-25.6295495359206,8.02060207085101));
#8178=CARTESIAN_POINT('Ctrl Pts',(25.4727803174764,-25.6170829520435,8.08516209331316));
#8179=CARTESIAN_POINT('Ctrl Pts',(24.2839849985619,-25.5903448739499,8.45467684879098));
#8180=CARTESIAN_POINT('Ctrl Pts',(23.743173816961,-25.5770672738109,8.74434015911751));
#8181=CARTESIAN_POINT('Ctrl Pts',(23.0331948208112,-25.557847898611,9.32092976077683));
#8182=CARTESIAN_POINT('Ctrl Pts',(22.8127746737346,-25.5517037084439,9.53797555981748));
#8183=CARTESIAN_POINT('Ctrl Pts',(22.2178618225094,-25.5324094896573,10.2523865776215));
#8184=CARTESIAN_POINT('Ctrl Pts',(21.9188419048008,-25.5187306755351,10.8042908355923));
#8185=CARTESIAN_POINT('Ctrl Pts',(21.6467045439837,-25.4983727063978,11.6882367822547));
#8186=CARTESIAN_POINT('Ctrl Pts',(21.5857490640147,-25.4917446319737,11.986069450225));
#8187=CARTESIAN_POINT('Ctrl Pts',(21.5332578720851,-25.481045589187,12.483695340579));
#8188=CARTESIAN_POINT('Ctrl Pts',(21.5249734034679,-25.4769095363171,12.6804832260691));
#8189=CARTESIAN_POINT('Ctrl Pts',(21.5290063540028,-25.4728765857822,12.8768829371191));
#8190=CARTESIAN_POINT('Origin',(26.1875000013333,-15.8143829384525,12.8768829371192));
#8191=CARTESIAN_POINT('',(21.6875000013333,-15.8143829384525,12.8768829371192));
#8192=CARTESIAN_POINT('',(21.6875000013333,-15.8143829384525,12.8768829371192));
#8193=CARTESIAN_POINT('Origin',(26.1875000013333,-15.8143829384525,12.8768829371192));
#8194=CARTESIAN_POINT('Origin',(26.1875000013333,-25.8143829384525,12.8768829371192));
#8195=CARTESIAN_POINT('',(21.6875000013333,-25.8143829384525,12.8768829371192));
#8196=CARTESIAN_POINT('Origin',(26.1875000013333,-25.8143829384525,12.8768829371192));
#8197=CARTESIAN_POINT('Ctrl Pts',(21.6875000013333,-18.8143829384525,12.8768829371192));
#8198=CARTESIAN_POINT('Ctrl Pts',(21.6875000013333,-18.8311543816447,12.3767018724968));
#8199=CARTESIAN_POINT('Ctrl Pts',(21.7708940305082,-18.8489852807808,11.8794671923381));
#8200=CARTESIAN_POINT('Ctrl Pts',(22.1304089676466,-18.8888268174199,10.840174008235));
#8201=CARTESIAN_POINT('Ctrl Pts',(22.4369446424254,-18.9105516669777,10.3192368747137));
#8202=CARTESIAN_POINT('Ctrl Pts',(23.2210873034591,-18.9507797831155,9.44430114733616));
#8203=CARTESIAN_POINT('Ctrl Pts',(23.6846927121862,-18.9705167068125,9.09294031481938));
#8204=CARTESIAN_POINT('Ctrl Pts',(24.7387824243436,-19.0130593289926,8.57466919607375));
#8205=CARTESIAN_POINT('Ctrl Pts',(25.3228870099138,-19.0347875367639,8.42039144868267));
#8206=CARTESIAN_POINT('Ctrl Pts',(26.4953195914241,-19.0750695738608,8.35058741684142));
#8207=CARTESIAN_POINT('Ctrl Pts',(27.0718569807624,-19.0947343445369,8.42715756144362));
#8208=CARTESIAN_POINT('Ctrl Pts',(28.1851250462659,-19.137248263579,8.80049286962502));
#8209=CARTESIAN_POINT('Ctrl Pts',(28.7084711294219,-19.1589795028156,9.10167288240661));
#8210=CARTESIAN_POINT('Ctrl Pts',(29.590505367388,-19.1993179826155,9.87662440661508));
#8211=CARTESIAN_POINT('Ctrl Pts',(29.9463247975725,-19.2189097446244,10.3365547538248));
#8212=CARTESIAN_POINT('Ctrl Pts',(30.4747348662561,-19.2613928929543,11.3846710643909));
#8213=CARTESIAN_POINT('Ctrl Pts',(30.6347930651471,-19.2831267541015,11.9665499113155));
#8214=CARTESIAN_POINT('Ctrl Pts',(30.7167425177932,-19.3235241610457,13.1373924132066));
#8215=CARTESIAN_POINT('Ctrl Pts',(30.6462335267604,-19.3430425213434,13.7145153342941));
#8216=CARTESIAN_POINT('Ctrl Pts',(30.2848984288893,-19.3854927354725,14.8308541540656));
#8217=CARTESIAN_POINT('Ctrl Pts',(29.9896905350554,-19.407228719294,15.3568154694344));
#8218=CARTESIAN_POINT('Ctrl Pts',(29.2249818957629,-19.4476874775903,16.2466795601455));
#8219=CARTESIAN_POINT('Ctrl Pts',(28.7691220947801,-19.4671325630185,16.6074429756121));
#8220=CARTESIAN_POINT('Ctrl Pts',(27.7276664976413,-19.5095475887731,17.1470286036003));
#8221=CARTESIAN_POINT('Ctrl Pts',(27.1483146800858,-19.5312850999813,17.3134503954665));
#8222=CARTESIAN_POINT('Ctrl Pts',(25.9793003066541,-19.5718075488258,17.4088163574629));
#8223=CARTESIAN_POINT('Ctrl Pts',(25.4015272570859,-19.5911800614455,17.3449961404545));
#8224=CARTESIAN_POINT('Ctrl Pts',(24.2818790081125,-19.6335575615098,16.9968861240941));
#8225=CARTESIAN_POINT('Ctrl Pts',(23.7531123968956,-19.6552959034839,16.7082810265394));
#8226=CARTESIAN_POINT('Ctrl Pts',(22.8546942592913,-19.6958842715512,15.9548917797147));
#8227=CARTESIAN_POINT('Ctrl Pts',(22.4884962915841,-19.7151855395141,15.5035007862539));
#8228=CARTESIAN_POINT('Ctrl Pts',(21.9367094920759,-19.7575231028234,14.4694092714939));
#8229=CARTESIAN_POINT('Ctrl Pts',(21.7633510875069,-19.7792614734131,13.8929050633342));
#8230=CARTESIAN_POINT('Ctrl Pts',(21.6941111616502,-19.8048413739389,13.1587061756609));
#8231=CARTESIAN_POINT('Ctrl Pts',(21.6875000013333,-19.8096606809244,13.017716601268));
#8232=CARTESIAN_POINT('Ctrl Pts',(21.6875000013333,-19.8143829384525,12.8768829371193));
#8233=CARTESIAN_POINT('Ctrl Pts',(21.6875000013333,-19.5643829358003,12.8768829356928));
#8234=CARTESIAN_POINT('Ctrl Pts',(21.6875000013329,-19.5643412407215,12.8781264237247));
#8235=CARTESIAN_POINT('Ctrl Pts',(21.6875005167533,-19.5642995376781,12.8793699357968));
#8236=CARTESIAN_POINT('Ctrl Pts',(21.68800044577,-19.5440720499991,13.4824148389392));
#8237=CARTESIAN_POINT('Ctrl Pts',(21.8092153008866,-19.5224175438634,14.0780164911354));
#8238=CARTESIAN_POINT('Ctrl Pts',(22.2696025882216,-19.4795805767397,15.1648608307352));
#8239=CARTESIAN_POINT('Ctrl Pts',(22.5959358796898,-19.4588094288551,15.6491549188331));
#8240=CARTESIAN_POINT('Ctrl Pts',(23.4304619856996,-19.4192279673593,16.4839357150537));
#8241=CARTESIAN_POINT('Ctrl Pts',(23.9370041937913,-19.3975794082925,16.8199144140507));
#8242=CARTESIAN_POINT('Ctrl Pts',(25.0307832614893,-19.3547362713957,17.264004011811));
#8243=CARTESIAN_POINT('Ctrl Pts',(25.6039310758222,-19.3339591807207,17.3762533139373));
#8244=CARTESIAN_POINT('Ctrl Pts',(26.7841943554113,-19.2943663145251,17.3775320632992));
#8245=CARTESIAN_POINT('Ctrl Pts',(27.3798950767523,-19.2727436000549,17.2575471298017));
#8246=CARTESIAN_POINT('Ctrl Pts',(28.4677077380542,-19.229904223138,16.7993240727421));
#8247=CARTESIAN_POINT('Ctrl Pts',(28.9527390157544,-19.2091207424527,16.4738825527528));
#8248=CARTESIAN_POINT('Ctrl Pts',(29.7889651028468,-19.1695155959667,15.641140368273));
#8249=CARTESIAN_POINT('Ctrl Pts',(30.1257813725293,-19.1479206226276,15.1355873500258));
#8250=CARTESIAN_POINT('Ctrl Pts',(30.5721511641599,-19.1050853305981,14.0429867299832));
#8251=CARTESIAN_POINT('Ctrl Pts',(30.6856425870239,-19.0842949833975,13.4699580645509));
#8252=CARTESIAN_POINT('Ctrl Pts',(30.6893831508886,-19.0446766206436,12.2899541084591));
#8253=CARTESIAN_POINT('Ctrl Pts',(30.5707900887296,-19.0231114007666,11.6943692395955));
#8254=CARTESIAN_POINT('Ctrl Pts',(30.1152034857235,-18.9802805470278,10.6057187132133));
#8255=CARTESIAN_POINT('Ctrl Pts',(29.7908006078203,-18.9594828262522,10.1198325282993));
#8256=CARTESIAN_POINT('Ctrl Pts',(28.9601330162799,-18.919850247595,9.28192899670249));
#8257=CARTESIAN_POINT('Ctrl Pts',(28.4557285356723,-18.8983169127232,8.94414118968377));
#8258=CARTESIAN_POINT('Ctrl Pts',(27.3644999930333,-18.8554908818574,8.49512571395386));
#8259=CARTESIAN_POINT('Ctrl Pts',(26.7916130388728,-18.8346852488573,8.38019159225119));
#8260=CARTESIAN_POINT('Ctrl Pts',(25.6119131671251,-18.7950373881877,8.37359305390404));
#8261=CARTESIAN_POINT('Ctrl Pts',(25.0164634709433,-18.773538191259,8.4905722668284));
#8262=CARTESIAN_POINT('Ctrl Pts',(23.9268455909727,-18.7307174016153,8.94309885683722));
#8263=CARTESIAN_POINT('Ctrl Pts',(23.4399700473407,-18.7099032850772,9.26629370640752));
#8264=CARTESIAN_POINT('Ctrl Pts',(22.6001233934097,-18.6702390066578,10.0945525685493));
#8265=CARTESIAN_POINT('Ctrl Pts',(22.2612109253585,-18.6487763239166,10.5976259938226));
#8266=CARTESIAN_POINT('Ctrl Pts',(21.8042567249455,-18.6054995290584,11.6990095132878));
#8267=CARTESIAN_POINT('Ctrl Pts',(21.6875000013333,-18.584227698695,12.2850451005067));
#8268=CARTESIAN_POINT('Ctrl Pts',(21.6875000013333,-18.5643829357525,12.8768829371192));
#8269=CARTESIAN_POINT('Ctrl Pts',(21.6875046461263,-25.81438025678,12.8768829371192));
#8270=CARTESIAN_POINT('Ctrl Pts',(21.6875046461263,-25.75188025678,14.7408420438829));
#8271=CARTESIAN_POINT('Ctrl Pts',(23.005522770398,-25.68938025678,16.0588601680545));
#8272=CARTESIAN_POINT('Ctrl Pts',(24.3235408945696,-25.62688025678,17.3768782923261));
#8273=CARTESIAN_POINT('Ctrl Pts',(26.1875000013333,-25.56438025678,17.3768782923261));
#8274=CARTESIAN_POINT('Ctrl Pts',(28.051459108097,-25.50188025678,17.3768782923261));
#8275=CARTESIAN_POINT('Ctrl Pts',(29.3694772322686,-25.43938025678,16.0588601680545));
#8276=CARTESIAN_POINT('Ctrl Pts',(30.6874953565402,-25.37688025678,14.7408420438829));
#8277=CARTESIAN_POINT('Ctrl Pts',(30.6874953565402,-25.31438025678,12.8768829371192));
#8278=CARTESIAN_POINT('Ctrl Pts',(30.6874953565402,-25.25188025678,11.0129238303555));
#8279=CARTESIAN_POINT('Ctrl Pts',(29.3694772322686,-25.18938025678,9.69490570618387));
#8280=CARTESIAN_POINT('Ctrl Pts',(28.051459108097,-25.12688025678,8.37688758191226));
#8281=CARTESIAN_POINT('Ctrl Pts',(26.1875000013333,-25.06438025678,8.37688758191227));
#8282=CARTESIAN_POINT('Ctrl Pts',(24.3235408945696,-25.00188025678,8.37688758191227));
#8283=CARTESIAN_POINT('Ctrl Pts',(23.005522770398,-24.93938025678,9.69490570618388));
#8284=CARTESIAN_POINT('Ctrl Pts',(21.6875046461263,-24.87688025678,11.0129238303555));
#8285=CARTESIAN_POINT('Ctrl Pts',(21.6875046461263,-24.8143802567799,12.8768829371192));
#8286=CARTESIAN_POINT('Ctrl Pts',(21.6875046461263,-24.7518802567799,14.7408420438829));
#8287=CARTESIAN_POINT('Ctrl Pts',(23.005522770398,-24.68938025678,16.0588601680545));
#8288=CARTESIAN_POINT('Ctrl Pts',(24.3235408945696,-24.62688025678,17.3768782923261));
#8289=CARTESIAN_POINT('Ctrl Pts',(26.1875000013333,-24.56438025678,17.3768782923261));
#8290=CARTESIAN_POINT('Ctrl Pts',(28.051459108097,-24.50188025678,17.3768782923261));
#8291=CARTESIAN_POINT('Ctrl Pts',(29.3694772322686,-24.43938025678,16.0588601680545));
#8292=CARTESIAN_POINT('Ctrl Pts',(30.6874953565402,-24.37688025678,14.7408420438829));
#8293=CARTESIAN_POINT('Ctrl Pts',(30.6874953565402,-24.31438025678,12.8768829371192));
#8294=CARTESIAN_POINT('Ctrl Pts',(30.6874953565402,-24.25188025678,11.0129238303555));
#8295=CARTESIAN_POINT('Ctrl Pts',(29.3694772322686,-24.18938025678,9.69490570618387));
#8296=CARTESIAN_POINT('Ctrl Pts',(28.051459108097,-24.12688025678,8.37688758191226));
#8297=CARTESIAN_POINT('Ctrl Pts',(26.1875000013333,-24.06438025678,8.37688758191227));
#8298=CARTESIAN_POINT('Ctrl Pts',(24.3235408945696,-24.00188025678,8.37688758191227));
#8299=CARTESIAN_POINT('Ctrl Pts',(23.005522770398,-23.93938025678,9.69490570618388));
#8300=CARTESIAN_POINT('Ctrl Pts',(21.6875046461263,-23.87688025678,11.0129238303555));
#8301=CARTESIAN_POINT('Ctrl Pts',(21.6875046461263,-23.8143802567799,12.8768829371192));
#8302=CARTESIAN_POINT('Ctrl Pts',(21.6875046461263,-23.75188025678,14.7408420438829));
#8303=CARTESIAN_POINT('Ctrl Pts',(23.005522770398,-23.68938025678,16.0588601680545));
#8304=CARTESIAN_POINT('Ctrl Pts',(24.3235408945696,-23.62688025678,17.3768782923261));
#8305=CARTESIAN_POINT('Ctrl Pts',(26.1875000013333,-23.56438025678,17.3768782923261));
#8306=CARTESIAN_POINT('Ctrl Pts',(28.051459108097,-23.50188025678,17.3768782923261));
#8307=CARTESIAN_POINT('Ctrl Pts',(29.3694772322686,-23.43938025678,16.0588601680545));
#8308=CARTESIAN_POINT('Ctrl Pts',(30.6874953565402,-23.37688025678,14.7408420438829));
#8309=CARTESIAN_POINT('Ctrl Pts',(30.6874953565402,-23.31438025678,12.8768829371192));
#8310=CARTESIAN_POINT('Ctrl Pts',(30.6874953565402,-23.25188025678,11.0129238303555));
#8311=CARTESIAN_POINT('Ctrl Pts',(29.3694772322686,-23.18938025678,9.69490570618387));
#8312=CARTESIAN_POINT('Ctrl Pts',(28.051459108097,-23.12688025678,8.37688758191226));
#8313=CARTESIAN_POINT('Ctrl Pts',(26.1875000013333,-23.06438025678,8.37688758191227));
#8314=CARTESIAN_POINT('Ctrl Pts',(24.3235408945696,-23.00188025678,8.37688758191227));
#8315=CARTESIAN_POINT('Ctrl Pts',(23.005522770398,-22.93938025678,9.69490570618388));
#8316=CARTESIAN_POINT('Ctrl Pts',(21.6875046461263,-22.8768802567799,11.0129238303555));
#8317=CARTESIAN_POINT('Ctrl Pts',(21.6875046461263,-22.81438025678,12.8768829371192));
#8318=CARTESIAN_POINT('Ctrl Pts',(21.6875046461263,-22.75188025678,14.7408420438829));
#8319=CARTESIAN_POINT('Ctrl Pts',(23.005522770398,-22.68938025678,16.0588601680545));
#8320=CARTESIAN_POINT('Ctrl Pts',(24.3235408945696,-22.62688025678,17.3768782923261));
#8321=CARTESIAN_POINT('Ctrl Pts',(26.1875000013333,-22.56438025678,17.3768782923261));
#8322=CARTESIAN_POINT('Ctrl Pts',(28.051459108097,-22.50188025678,17.3768782923261));
#8323=CARTESIAN_POINT('Ctrl Pts',(29.3694772322686,-22.43938025678,16.0588601680545));
#8324=CARTESIAN_POINT('Ctrl Pts',(30.6874953565402,-22.37688025678,14.7408420438829));
#8325=CARTESIAN_POINT('Ctrl Pts',(30.6874953565402,-22.31438025678,12.8768829371192));
#8326=CARTESIAN_POINT('Ctrl Pts',(30.6874953565402,-22.25188025678,11.0129238303555));
#8327=CARTESIAN_POINT('Ctrl Pts',(29.3694772322686,-22.18938025678,9.69490570618387));
#8328=CARTESIAN_POINT('Ctrl Pts',(28.051459108097,-22.12688025678,8.37688758191226));
#8329=CARTESIAN_POINT('Ctrl Pts',(26.1875000013333,-22.06438025678,8.37688758191227));
#8330=CARTESIAN_POINT('Ctrl Pts',(24.3235408945696,-22.00188025678,8.37688758191227));
#8331=CARTESIAN_POINT('Ctrl Pts',(23.005522770398,-21.93938025678,9.69490570618388));
#8332=CARTESIAN_POINT('Ctrl Pts',(21.6875046461263,-21.87688025678,11.0129238303555));
#8333=CARTESIAN_POINT('Ctrl Pts',(21.6875046461263,-21.81438025678,12.8768829371192));
#8334=CARTESIAN_POINT('Ctrl Pts',(21.6875046461263,-21.75188025678,14.7408420438829));
#8335=CARTESIAN_POINT('Ctrl Pts',(23.005522770398,-21.68938025678,16.0588601680545));
#8336=CARTESIAN_POINT('Ctrl Pts',(24.3235408945696,-21.62688025678,17.3768782923261));
#8337=CARTESIAN_POINT('Ctrl Pts',(26.1875000013333,-21.56438025678,17.3768782923261));
#8338=CARTESIAN_POINT('Ctrl Pts',(28.051459108097,-21.50188025678,17.3768782923261));
#8339=CARTESIAN_POINT('Ctrl Pts',(29.3694772322686,-21.43938025678,16.0588601680545));
#8340=CARTESIAN_POINT('Ctrl Pts',(30.6874953565402,-21.37688025678,14.7408420438829));
#8341=CARTESIAN_POINT('Ctrl Pts',(30.6874953565402,-21.31438025678,12.8768829371192));
#8342=CARTESIAN_POINT('Ctrl Pts',(30.6874953565402,-21.2518802567799,11.0129238303555));
#8343=CARTESIAN_POINT('Ctrl Pts',(29.3694772322686,-21.18938025678,9.69490570618387));
#8344=CARTESIAN_POINT('Ctrl Pts',(28.051459108097,-21.12688025678,8.37688758191226));
#8345=CARTESIAN_POINT('Ctrl Pts',(26.1875000013333,-21.06438025678,8.37688758191227));
#8346=CARTESIAN_POINT('Ctrl Pts',(24.3235408945696,-21.00188025678,8.37688758191227));
#8347=CARTESIAN_POINT('Ctrl Pts',(23.005522770398,-20.93938025678,9.69490570618388));
#8348=CARTESIAN_POINT('Ctrl Pts',(21.6875046461263,-20.8768802567799,11.0129238303555));
#8349=CARTESIAN_POINT('Ctrl Pts',(21.6875046461263,-20.81438025678,12.8768829371192));
#8350=CARTESIAN_POINT('Ctrl Pts',(21.6875046461263,-20.75188025678,14.7408420438829));
#8351=CARTESIAN_POINT('Ctrl Pts',(23.005522770398,-20.68938025678,16.0588601680545));
#8352=CARTESIAN_POINT('Ctrl Pts',(24.3235408945696,-20.62688025678,17.3768782923261));
#8353=CARTESIAN_POINT('Ctrl Pts',(26.1875000013333,-20.56438025678,17.3768782923261));
#8354=CARTESIAN_POINT('Ctrl Pts',(28.051459108097,-20.50188025678,17.3768782923261));
#8355=CARTESIAN_POINT('Ctrl Pts',(29.3694772322686,-20.43938025678,16.0588601680545));
#8356=CARTESIAN_POINT('Ctrl Pts',(30.6874953565402,-20.37688025678,14.7408420438829));
#8357=CARTESIAN_POINT('Ctrl Pts',(30.6874953565402,-20.31438025678,12.8768829371192));
#8358=CARTESIAN_POINT('Ctrl Pts',(30.6874953565402,-20.25188025678,11.0129238303555));
#8359=CARTESIAN_POINT('Ctrl Pts',(29.3694772322686,-20.18938025678,9.69490570618387));
#8360=CARTESIAN_POINT('Ctrl Pts',(28.051459108097,-20.12688025678,8.37688758191226));
#8361=CARTESIAN_POINT('Ctrl Pts',(26.1875000013333,-20.06438025678,8.37688758191227));
#8362=CARTESIAN_POINT('Ctrl Pts',(24.3235408945696,-20.00188025678,8.37688758191227));
#8363=CARTESIAN_POINT('Ctrl Pts',(23.005522770398,-19.93938025678,9.69490570618388));
#8364=CARTESIAN_POINT('Ctrl Pts',(21.6875046461264,-19.87688025678,11.0129238303555));
#8365=CARTESIAN_POINT('Ctrl Pts',(21.6875046461264,-19.81438025678,12.8768829371192));
#8366=CARTESIAN_POINT('Ctrl Pts',(21.6875046461264,-19.75188025678,14.7408420438829));
#8367=CARTESIAN_POINT('Ctrl Pts',(23.005522770398,-19.68938025678,16.0588601680545));
#8368=CARTESIAN_POINT('Ctrl Pts',(24.3235408945696,-19.62688025678,17.3768782923261));
#8369=CARTESIAN_POINT('Ctrl Pts',(26.1875000013333,-19.56438025678,17.3768782923261));
#8370=CARTESIAN_POINT('Ctrl Pts',(28.051459108097,-19.50188025678,17.3768782923261));
#8371=CARTESIAN_POINT('Ctrl Pts',(29.3694772322686,-19.43938025678,16.0588601680545));
#8372=CARTESIAN_POINT('Ctrl Pts',(30.6874953565402,-19.37688025678,14.7408420438829));
#8373=CARTESIAN_POINT('Ctrl Pts',(30.6874953565402,-19.31438025678,12.8768829371192));
#8374=CARTESIAN_POINT('Ctrl Pts',(30.6874953565402,-19.25188025678,11.0129238303555));
#8375=CARTESIAN_POINT('Ctrl Pts',(29.3694772322686,-19.18938025678,9.69490570618387));
#8376=CARTESIAN_POINT('Ctrl Pts',(28.051459108097,-19.12688025678,8.37688758191226));
#8377=CARTESIAN_POINT('Ctrl Pts',(26.1875000013333,-19.06438025678,8.37688758191227));
#8378=CARTESIAN_POINT('Ctrl Pts',(24.3235408945696,-19.00188025678,8.37688758191227));
#8379=CARTESIAN_POINT('Ctrl Pts',(23.005522770398,-18.93938025678,9.69490570618388));
#8380=CARTESIAN_POINT('Ctrl Pts',(21.6875046461264,-18.87688025678,11.0129238303555));
#8381=CARTESIAN_POINT('Ctrl Pts',(21.6875046461264,-18.81438025678,12.8768829371192));
#8382=CARTESIAN_POINT('Ctrl Pts',(21.6875046461264,-18.75188025678,14.7408420438829));
#8383=CARTESIAN_POINT('Ctrl Pts',(23.005522770398,-18.68938025678,16.0588601680545));
#8384=CARTESIAN_POINT('Ctrl Pts',(24.3235408945696,-18.62688025678,17.3768782923261));
#8385=CARTESIAN_POINT('Ctrl Pts',(26.1875000013333,-18.56438025678,17.3768782923261));
#8386=CARTESIAN_POINT('Ctrl Pts',(28.051459108097,-18.50188025678,17.3768782923261));
#8387=CARTESIAN_POINT('Ctrl Pts',(29.3694772322686,-18.43938025678,16.0588601680545));
#8388=CARTESIAN_POINT('Ctrl Pts',(30.6874953565402,-18.37688025678,14.7408420438829));
#8389=CARTESIAN_POINT('Ctrl Pts',(30.6874953565402,-18.31438025678,12.8768829371192));
#8390=CARTESIAN_POINT('Ctrl Pts',(30.6874953565402,-18.25188025678,11.0129238303555));
#8391=CARTESIAN_POINT('Ctrl Pts',(29.3694772322686,-18.18938025678,9.69490570618387));
#8392=CARTESIAN_POINT('Ctrl Pts',(28.051459108097,-18.12688025678,8.37688758191226));
#8393=CARTESIAN_POINT('Ctrl Pts',(26.1875000013333,-18.06438025678,8.37688758191227));
#8394=CARTESIAN_POINT('Ctrl Pts',(24.3235408945696,-18.00188025678,8.37688758191227));
#8395=CARTESIAN_POINT('Ctrl Pts',(23.005522770398,-17.93938025678,9.69490570618388));
#8396=CARTESIAN_POINT('Ctrl Pts',(21.6875046461264,-17.87688025678,11.0129238303555));
#8397=CARTESIAN_POINT('Ctrl Pts',(21.6875046461264,-17.81438025678,12.8768829371192));
#8398=CARTESIAN_POINT('Ctrl Pts',(21.1462341263333,-26.1268829370525,12.8768829371192));
#8399=CARTESIAN_POINT('Ctrl Pts',(21.1462341263333,-26.0643829370525,14.9650436341192));
#8400=CARTESIAN_POINT('Ctrl Pts',(22.6227867153333,-26.0018829370525,16.4415962231192));
#8401=CARTESIAN_POINT('Ctrl Pts',(24.0993393043333,-25.9393829370525,17.9181488121192));
#8402=CARTESIAN_POINT('Ctrl Pts',(26.1875000013333,-25.8768829370525,17.9181488121192));
#8403=CARTESIAN_POINT('Ctrl Pts',(28.2756606983333,-25.8143829370525,17.9181488121192));
#8404=CARTESIAN_POINT('Ctrl Pts',(29.7522132873333,-25.7518829370525,16.4415962231192));
#8405=CARTESIAN_POINT('Ctrl Pts',(31.2287658763333,-25.6893829370525,14.9650436341192));
#8406=CARTESIAN_POINT('Ctrl Pts',(31.2287658763333,-25.6268829370525,12.8768829371192));
#8407=CARTESIAN_POINT('Ctrl Pts',(31.2287658763333,-25.5643829370525,10.7887222401192));
#8408=CARTESIAN_POINT('Ctrl Pts',(29.7522132873333,-25.5018829370525,9.3121696511192));
#8409=CARTESIAN_POINT('Ctrl Pts',(28.2756606983333,-25.4393829370525,7.8356170621192));
#8410=CARTESIAN_POINT('Ctrl Pts',(26.1875000013333,-25.3768829370525,7.8356170621192));
#8411=CARTESIAN_POINT('Ctrl Pts',(24.0993393043333,-25.3143829370525,7.8356170621192));
#8412=CARTESIAN_POINT('Ctrl Pts',(22.6227867153333,-25.2518829370525,9.3121696511192));
#8413=CARTESIAN_POINT('Ctrl Pts',(21.1462341263333,-25.1893829370525,10.7887222401192));
#8414=CARTESIAN_POINT('Ctrl Pts',(21.1462341263333,-25.1268829370525,12.8768829371192));
#8415=CARTESIAN_POINT('Ctrl Pts',(21.1462341263333,-25.0643829370525,14.9650436341192));
#8416=CARTESIAN_POINT('Ctrl Pts',(22.6227867153333,-25.0018829370525,16.4415962231192));
#8417=CARTESIAN_POINT('Ctrl Pts',(24.0993393043333,-24.9393829370525,17.9181488121192));
#8418=CARTESIAN_POINT('Ctrl Pts',(26.1875000013333,-24.8768829370525,17.9181488121192));
#8419=CARTESIAN_POINT('Ctrl Pts',(28.2756606983333,-24.8143829370525,17.9181488121192));
#8420=CARTESIAN_POINT('Ctrl Pts',(29.7522132873333,-24.7518829370525,16.4415962231192));
#8421=CARTESIAN_POINT('Ctrl Pts',(31.2287658763333,-24.6893829370525,14.9650436341192));
#8422=CARTESIAN_POINT('Ctrl Pts',(31.2287658763333,-24.6268829370525,12.8768829371192));
#8423=CARTESIAN_POINT('Ctrl Pts',(31.2287658763333,-24.5643829370525,10.7887222401192));
#8424=CARTESIAN_POINT('Ctrl Pts',(29.7522132873333,-24.5018829370525,9.3121696511192));
#8425=CARTESIAN_POINT('Ctrl Pts',(28.2756606983333,-24.4393829370525,7.8356170621192));
#8426=CARTESIAN_POINT('Ctrl Pts',(26.1875000013333,-24.3768829370525,7.8356170621192));
#8427=CARTESIAN_POINT('Ctrl Pts',(24.0993393043333,-24.3143829370525,7.8356170621192));
#8428=CARTESIAN_POINT('Ctrl Pts',(22.6227867153333,-24.2518829370525,9.3121696511192));
#8429=CARTESIAN_POINT('Ctrl Pts',(21.1462341263333,-24.1893829370525,10.7887222401192));
#8430=CARTESIAN_POINT('Ctrl Pts',(21.1462341263333,-24.1268829370525,12.8768829371192));
#8431=CARTESIAN_POINT('Ctrl Pts',(21.1462341263333,-24.0643829370525,14.9650436341192));
#8432=CARTESIAN_POINT('Ctrl Pts',(22.6227867153333,-24.0018829370525,16.4415962231192));
#8433=CARTESIAN_POINT('Ctrl Pts',(24.0993393043333,-23.9393829370525,17.9181488121192));
#8434=CARTESIAN_POINT('Ctrl Pts',(26.1875000013333,-23.8768829370525,17.9181488121192));
#8435=CARTESIAN_POINT('Ctrl Pts',(28.2756606983333,-23.8143829370525,17.9181488121192));
#8436=CARTESIAN_POINT('Ctrl Pts',(29.7522132873333,-23.7518829370525,16.4415962231192));
#8437=CARTESIAN_POINT('Ctrl Pts',(31.2287658763333,-23.6893829370525,14.9650436341192));
#8438=CARTESIAN_POINT('Ctrl Pts',(31.2287658763333,-23.6268829370525,12.8768829371192));
#8439=CARTESIAN_POINT('Ctrl Pts',(31.2287658763333,-23.5643829370525,10.7887222401192));
#8440=CARTESIAN_POINT('Ctrl Pts',(29.7522132873333,-23.5018829370525,9.3121696511192));
#8441=CARTESIAN_POINT('Ctrl Pts',(28.2756606983333,-23.4393829370525,7.8356170621192));
#8442=CARTESIAN_POINT('Ctrl Pts',(26.1875000013333,-23.3768829370525,7.8356170621192));
#8443=CARTESIAN_POINT('Ctrl Pts',(24.0993393043333,-23.3143829370525,7.8356170621192));
#8444=CARTESIAN_POINT('Ctrl Pts',(22.6227867153333,-23.2518829370525,9.3121696511192));
#8445=CARTESIAN_POINT('Ctrl Pts',(21.1462341263333,-23.1893829370525,10.7887222401192));
#8446=CARTESIAN_POINT('Ctrl Pts',(21.1462341263333,-23.1268829370525,12.8768829371192));
#8447=CARTESIAN_POINT('Ctrl Pts',(21.1462341263333,-23.0643829370525,14.9650436341192));
#8448=CARTESIAN_POINT('Ctrl Pts',(22.6227867153333,-23.0018829370525,16.4415962231192));
#8449=CARTESIAN_POINT('Ctrl Pts',(24.0993393043333,-22.9393829370525,17.9181488121192));
#8450=CARTESIAN_POINT('Ctrl Pts',(26.1875000013333,-22.8768829370525,17.9181488121192));
#8451=CARTESIAN_POINT('Ctrl Pts',(28.2756606983333,-22.8143829370525,17.9181488121192));
#8452=CARTESIAN_POINT('Ctrl Pts',(29.7522132873333,-22.7518829370525,16.4415962231192));
#8453=CARTESIAN_POINT('Ctrl Pts',(31.2287658763333,-22.6893829370525,14.9650436341192));
#8454=CARTESIAN_POINT('Ctrl Pts',(31.2287658763333,-22.6268829370525,12.8768829371192));
#8455=CARTESIAN_POINT('Ctrl Pts',(31.2287658763333,-22.5643829370525,10.7887222401192));
#8456=CARTESIAN_POINT('Ctrl Pts',(29.7522132873333,-22.5018829370525,9.3121696511192));
#8457=CARTESIAN_POINT('Ctrl Pts',(28.2756606983333,-22.4393829370525,7.8356170621192));
#8458=CARTESIAN_POINT('Ctrl Pts',(26.1875000013333,-22.3768829370525,7.8356170621192));
#8459=CARTESIAN_POINT('Ctrl Pts',(24.0993393043333,-22.3143829370525,7.8356170621192));
#8460=CARTESIAN_POINT('Ctrl Pts',(22.6227867153333,-22.2518829370525,9.3121696511192));
#8461=CARTESIAN_POINT('Ctrl Pts',(21.1462341263333,-22.1893829370525,10.7887222401192));
#8462=CARTESIAN_POINT('Ctrl Pts',(21.1462341263333,-22.1268829370525,12.8768829371192));
#8463=CARTESIAN_POINT('Ctrl Pts',(21.1462341263333,-22.0643829370525,14.9650436341192));
#8464=CARTESIAN_POINT('Ctrl Pts',(22.6227867153333,-22.0018829370525,16.4415962231192));
#8465=CARTESIAN_POINT('Ctrl Pts',(24.0993393043333,-21.9393829370525,17.9181488121192));
#8466=CARTESIAN_POINT('Ctrl Pts',(26.1875000013333,-21.8768829370525,17.9181488121192));
#8467=CARTESIAN_POINT('Ctrl Pts',(28.2756606983333,-21.8143829370525,17.9181488121192));
#8468=CARTESIAN_POINT('Ctrl Pts',(29.7522132873333,-21.7518829370525,16.4415962231192));
#8469=CARTESIAN_POINT('Ctrl Pts',(31.2287658763333,-21.6893829370525,14.9650436341192));
#8470=CARTESIAN_POINT('Ctrl Pts',(31.2287658763333,-21.6268829370525,12.8768829371192));
#8471=CARTESIAN_POINT('Ctrl Pts',(31.2287658763333,-21.5643829370525,10.7887222401192));
#8472=CARTESIAN_POINT('Ctrl Pts',(29.7522132873333,-21.5018829370525,9.3121696511192));
#8473=CARTESIAN_POINT('Ctrl Pts',(28.2756606983333,-21.4393829370525,7.8356170621192));
#8474=CARTESIAN_POINT('Ctrl Pts',(26.1875000013333,-21.3768829370525,7.8356170621192));
#8475=CARTESIAN_POINT('Ctrl Pts',(24.0993393043333,-21.3143829370525,7.8356170621192));
#8476=CARTESIAN_POINT('Ctrl Pts',(22.6227867153333,-21.2518829370525,9.3121696511192));
#8477=CARTESIAN_POINT('Ctrl Pts',(21.1462341263333,-21.1893829370525,10.7887222401192));
#8478=CARTESIAN_POINT('Ctrl Pts',(21.1462341263333,-21.1268829370525,12.8768829371192));
#8479=CARTESIAN_POINT('Ctrl Pts',(21.1462341263333,-21.0643829370525,14.9650436341192));
#8480=CARTESIAN_POINT('Ctrl Pts',(22.6227867153333,-21.0018829370525,16.4415962231192));
#8481=CARTESIAN_POINT('Ctrl Pts',(24.0993393043333,-20.9393829370525,17.9181488121192));
#8482=CARTESIAN_POINT('Ctrl Pts',(26.1875000013333,-20.8768829370525,17.9181488121192));
#8483=CARTESIAN_POINT('Ctrl Pts',(28.2756606983333,-20.8143829370525,17.9181488121192));
#8484=CARTESIAN_POINT('Ctrl Pts',(29.7522132873333,-20.7518829370525,16.4415962231192));
#8485=CARTESIAN_POINT('Ctrl Pts',(31.2287658763333,-20.6893829370525,14.9650436341192));
#8486=CARTESIAN_POINT('Ctrl Pts',(31.2287658763333,-20.6268829370525,12.8768829371192));
#8487=CARTESIAN_POINT('Ctrl Pts',(31.2287658763333,-20.5643829370525,10.7887222401192));
#8488=CARTESIAN_POINT('Ctrl Pts',(29.7522132873333,-20.5018829370525,9.3121696511192));
#8489=CARTESIAN_POINT('Ctrl Pts',(28.2756606983333,-20.4393829370525,7.8356170621192));
#8490=CARTESIAN_POINT('Ctrl Pts',(26.1875000013333,-20.3768829370525,7.8356170621192));
#8491=CARTESIAN_POINT('Ctrl Pts',(24.0993393043333,-20.3143829370525,7.8356170621192));
#8492=CARTESIAN_POINT('Ctrl Pts',(22.6227867153333,-20.2518829370525,9.3121696511192));
#8493=CARTESIAN_POINT('Ctrl Pts',(21.1462341263333,-20.1893829370525,10.7887222401192));
#8494=CARTESIAN_POINT('Ctrl Pts',(21.1462341263333,-20.1268829370525,12.8768829371192));
#8495=CARTESIAN_POINT('Ctrl Pts',(21.1462341263333,-20.0643829370525,14.9650436341192));
#8496=CARTESIAN_POINT('Ctrl Pts',(22.6227867153333,-20.0018829370525,16.4415962231192));
#8497=CARTESIAN_POINT('Ctrl Pts',(24.0993393043333,-19.9393829370525,17.9181488121192));
#8498=CARTESIAN_POINT('Ctrl Pts',(26.1875000013333,-19.8768829370525,17.9181488121192));
#8499=CARTESIAN_POINT('Ctrl Pts',(28.2756606983333,-19.8143829370525,17.9181488121192));
#8500=CARTESIAN_POINT('Ctrl Pts',(29.7522132873333,-19.7518829370525,16.4415962231192));
#8501=CARTESIAN_POINT('Ctrl Pts',(31.2287658763333,-19.6893829370525,14.9650436341192));
#8502=CARTESIAN_POINT('Ctrl Pts',(31.2287658763333,-19.6268829370525,12.8768829371192));
#8503=CARTESIAN_POINT('Ctrl Pts',(31.2287658763333,-19.5643829370525,10.7887222401192));
#8504=CARTESIAN_POINT('Ctrl Pts',(29.7522132873333,-19.5018829370525,9.3121696511192));
#8505=CARTESIAN_POINT('Ctrl Pts',(28.2756606983333,-19.4393829370525,7.8356170621192));
#8506=CARTESIAN_POINT('Ctrl Pts',(26.1875000013333,-19.3768829370525,7.8356170621192));
#8507=CARTESIAN_POINT('Ctrl Pts',(24.0993393043333,-19.3143829370525,7.8356170621192));
#8508=CARTESIAN_POINT('Ctrl Pts',(22.6227867153333,-19.2518829370525,9.3121696511192));
#8509=CARTESIAN_POINT('Ctrl Pts',(21.1462341263333,-19.1893829370525,10.7887222401192));
#8510=CARTESIAN_POINT('Ctrl Pts',(21.1462341263333,-19.1268829370525,12.8768829371192));
#8511=CARTESIAN_POINT('Ctrl Pts',(21.1462341263333,-19.0643829370525,14.9650436341192));
#8512=CARTESIAN_POINT('Ctrl Pts',(22.6227867153333,-19.0018829370525,16.4415962231192));
#8513=CARTESIAN_POINT('Ctrl Pts',(24.0993393043333,-18.9393829370525,17.9181488121192));
#8514=CARTESIAN_POINT('Ctrl Pts',(26.1875000013333,-18.8768829370525,17.9181488121192));
#8515=CARTESIAN_POINT('Ctrl Pts',(28.2756606983333,-18.8143829370525,17.9181488121192));
#8516=CARTESIAN_POINT('Ctrl Pts',(29.7522132873333,-18.7518829370525,16.4415962231192));
#8517=CARTESIAN_POINT('Ctrl Pts',(31.2287658763333,-18.6893829370525,14.9650436341192));
#8518=CARTESIAN_POINT('Ctrl Pts',(31.2287658763333,-18.6268829370525,12.8768829371192));
#8519=CARTESIAN_POINT('Ctrl Pts',(31.2287658763333,-18.5643829370525,10.7887222401192));
#8520=CARTESIAN_POINT('Ctrl Pts',(29.7522132873333,-18.5018829370525,9.3121696511192));
#8521=CARTESIAN_POINT('Ctrl Pts',(28.2756606983333,-18.4393829370525,7.8356170621192));
#8522=CARTESIAN_POINT('Ctrl Pts',(26.1875000013333,-18.3768829370525,7.8356170621192));
#8523=CARTESIAN_POINT('Ctrl Pts',(24.0993393043333,-18.3143829370525,7.8356170621192));
#8524=CARTESIAN_POINT('Ctrl Pts',(22.6227867153333,-18.2518829370525,9.3121696511192));
#8525=CARTESIAN_POINT('Ctrl Pts',(21.1462341263333,-18.1893829370525,10.7887222401192));
#8526=CARTESIAN_POINT('Ctrl Pts',(21.1462341263333,-18.1268829370525,12.8768829371192));
#8527=CARTESIAN_POINT('Ctrl Pts',(22.6227867153037,-18.2518829370771,9.31216965108861));
#8528=CARTESIAN_POINT('Ctrl Pts',(22.7955022278887,-18.255445960319,9.14818172738825));
#8529=CARTESIAN_POINT('Ctrl Pts',(22.9753851817737,-18.2590283126979,9.00042156473731));
#8530=CARTESIAN_POINT('Ctrl Pts',(23.3505756128984,-18.2662731238175,8.73362719215074));
#8531=CARTESIAN_POINT('Ctrl Pts',(23.543428246265,-18.269893616806,8.61534386411518));
#8532=CARTESIAN_POINT('Ctrl Pts',(24.1363912083711,-18.2807364427705,8.30498063461691));
#8533=CARTESIAN_POINT('Ctrl Pts',(24.5548119426955,-18.2880265310897,8.15271341815665));
#8534=CARTESIAN_POINT('Ctrl Pts',(25.5765176980064,-18.3050291200579,7.92871714105466));
#8535=CARTESIAN_POINT('Ctrl Pts',(26.231388313812,-18.3147068833021,7.89648451319714));
#8536=CARTESIAN_POINT('Ctrl Pts',(27.5388413922782,-18.3361121396986,8.12884476255763));
#8537=CARTESIAN_POINT('Ctrl Pts',(28.1380066794841,-18.3468367641736,8.36202273897886));
#8538=CARTESIAN_POINT('Ctrl Pts',(29.173047568637,-18.3672285144798,9.02020789709976));
#8539=CARTESIAN_POINT('Ctrl Pts',(29.6487855752603,-18.3769045915416,9.44891477525841));
#8540=CARTESIAN_POINT('Ctrl Pts',(30.2140230990975,-18.3930692054184,10.2518848226087));
#8541=CARTESIAN_POINT('Ctrl Pts',(30.3666005670411,-18.398269740429,10.5205549630376));
#8542=CARTESIAN_POINT('Ctrl Pts',(30.7474446871543,-18.4142124999652,11.3742997515476));
#8543=CARTESIAN_POINT('Ctrl Pts',(30.887434012697,-18.4249795762699,11.9912663204169));
#8544=CARTESIAN_POINT('Ctrl Pts',(30.9123648425702,-18.4402247200943,12.9260065627903));
#8545=CARTESIAN_POINT('Ctrl Pts',(30.890650001914,-18.4451261224784,13.2343806918475));
#8546=CARTESIAN_POINT('Ctrl Pts',(30.7379929161195,-18.4602543383976,14.1201566823463));
#8547=CARTESIAN_POINT('Ctrl Pts',(30.528667589405,-18.4706197993186,14.6766648803654));
#8548=CARTESIAN_POINT('Ctrl Pts',(29.9187770479322,-18.4909998984487,15.6739092211177));
#8549=CARTESIAN_POINT('Ctrl Pts',(29.5079638524007,-18.5008592340663,16.1389178608771));
#8550=CARTESIAN_POINT('Ctrl Pts',(28.584860174388,-18.5204141210297,16.8061244864484));
#8551=CARTESIAN_POINT('Ctrl Pts',(28.1388107284779,-18.52927309632,17.0288024634075));
#8552=CARTESIAN_POINT('Ctrl Pts',(27.1874164571704,-18.5471228698192,17.3232915796308));
#8553=CARTESIAN_POINT('Ctrl Pts',(26.6879722772039,-18.5559923331826,17.3914158780125));
#8554=CARTESIAN_POINT('Ctrl Pts',(26.1875000828322,-18.5643829357361,17.3768829371475));
#8555=CARTESIAN_POINT('Origin',(26.5789390021333,-7.51438293845248,66.3270984533192));
#8556=CARTESIAN_POINT('Origin',(33.1875000013333,-7.10633566975248,66.3270984533192));
#8557=CARTESIAN_POINT('',(31.7642646818333,-10.5303706830525,18.9268829371192));
#8558=CARTESIAN_POINT('',(32.9977352920333,-10.8095240125525,17.6268829371192));
#8559=CARTESIAN_POINT('Ctrl Pts',(31.7642646818366,-10.5303706830446,18.9268829371192));
#8560=CARTESIAN_POINT('Ctrl Pts',(31.8391567929719,-10.5615003582103,18.9268829371192));
#8561=CARTESIAN_POINT('Ctrl Pts',(31.9131381980487,-10.5893709280441,18.9198859564597));
#8562=CARTESIAN_POINT('Ctrl Pts',(31.9859161579002,-10.614299582639,18.9058919950603));
#8563=CARTESIAN_POINT('Ctrl Pts',(31.9914289083149,-10.616187866554,18.9048319871037));
#8564=CARTESIAN_POINT('Ctrl Pts',(31.9969347781388,-10.6180592741454,18.9037318326567));
#8565=CARTESIAN_POINT('Ctrl Pts',(32.0024336520282,-10.6199139447676,18.9025915317192));
#8566=CARTESIAN_POINT('Ctrl Pts',(32.0805272913336,-10.6462535156528,18.8863972614192));
#8567=CARTESIAN_POINT('Ctrl Pts',(32.1572046339369,-10.6692172742391,18.8621058560192));
#8568=CARTESIAN_POINT('Ctrl Pts',(32.2321698332005,-10.6892058623172,18.8297173154192));
#8569=CARTESIAN_POINT('Ctrl Pts',(32.267413133894,-10.6986030736499,18.8144905290356));
#8570=CARTESIAN_POINT('Ctrl Pts',(32.3017588868744,-10.7072085326071,18.7976149883123));
#8571=CARTESIAN_POINT('Ctrl Pts',(32.3355875557899,-10.7151941779295,18.7789130053261));
#8572=CARTESIAN_POINT('Ctrl Pts',(32.3377369714489,-10.7157015721503,18.7777247133721));
#8573=CARTESIAN_POINT('Ctrl Pts',(32.3398843050498,-10.7162064476695,18.7765290478628));
#8574=CARTESIAN_POINT('Ctrl Pts',(32.3420296563303,-10.7167088419653,18.7753259632192));
#8575=CARTESIAN_POINT('Ctrl Pts',(32.3779397091333,-10.7251181900532,18.7551880802192));
#8576=CARTESIAN_POINT('Ctrl Pts',(32.4131277585322,-10.732793598758,18.7330427650192));
#8577=CARTESIAN_POINT('Ctrl Pts',(32.4475626169837,-10.7398060789006,18.7088900174692));
#8578=CARTESIAN_POINT('Ctrl Pts',(32.4819974754352,-10.7468185590433,18.6847372699192));
#8579=CARTESIAN_POINT('Ctrl Pts',(32.5148361711333,-10.753000698353,18.6591818206192));
#8580=CARTESIAN_POINT('Ctrl Pts',(32.5464144383842,-10.7585437481472,18.6319639674692));
#8581=CARTESIAN_POINT('Ctrl Pts',(32.5779927056352,-10.7640867979415,18.6047461143192));
#8582=CARTESIAN_POINT('Ctrl Pts',(32.6081872110411,-10.7689656571028,18.5759524247192));
#8583=CARTESIAN_POINT('Ctrl Pts',(32.636971092539,-10.7732870557808,18.5455828986525));
#8584=CARTESIAN_POINT('Ctrl Pts',(32.6839309823658,-10.7803372656642,18.4960360855071));
#8585=CARTESIAN_POINT('Ctrl Pts',(32.7268902859975,-10.7858675461672,18.4429439732717));
#8586=CARTESIAN_POINT('Ctrl Pts',(32.7653887759797,-10.7902787556788,18.3867003141371));
#8587=CARTESIAN_POINT('Ctrl Pts',(32.7740852848609,-10.7912752135323,18.3739953098265));
#8588=CARTESIAN_POINT('Ctrl Pts',(32.7825543166831,-10.7922144204339,18.3611294906204));
#8589=CARTESIAN_POINT('Ctrl Pts',(32.7907908112335,-10.7931006969008,18.3481073951692));
#8590=CARTESIAN_POINT('Ctrl Pts',(32.8218515344485,-10.7964429425443,18.298999646719));
#8591=CARTESIAN_POINT('Ctrl Pts',(32.8497153540356,-10.799048426032,18.2475526918232));
#8592=CARTESIAN_POINT('Ctrl Pts',(32.8743539588808,-10.8011366255564,18.1937665304818));
#8593=CARTESIAN_POINT('Ctrl Pts',(32.885172028445,-10.8020534910958,18.1701506464399));
#8594=CARTESIAN_POINT('Ctrl Pts',(32.8953685284093,-10.8028699835864,18.1460838046357));
#8595=CARTESIAN_POINT('Ctrl Pts',(32.9049418575857,-10.8036016112714,18.1215660050692));
#8596=CARTESIAN_POINT('Ctrl Pts',(32.9235162102314,-10.8050211290144,18.0739961109546));
#8597=CARTESIAN_POINT('Ctrl Pts',(32.9390446056992,-10.8060719667017,18.0267409100234));
#8598=CARTESIAN_POINT('Ctrl Pts',(32.9518328972025,-10.8068863805176,17.9789944511683));
#8599=CARTESIAN_POINT('Ctrl Pts',(32.9606474065707,-10.8074477266683,17.9460845344079));
#8600=CARTESIAN_POINT('Ctrl Pts',(32.9681603083097,-10.8078954262488,17.9129412284228));
#8601=CARTESIAN_POINT('Ctrl Pts',(32.9744732288336,-10.808258702598,17.8793006173192));
#8602=CARTESIAN_POINT('Ctrl Pts',(32.984545635797,-10.8088383181998,17.8256262641805));
#8603=CARTESIAN_POINT('Ctrl Pts',(32.9913485620603,-10.8091928985801,17.7712347859697));
#8604=CARTESIAN_POINT('Ctrl Pts',(32.9948789406624,-10.8093765382685,17.7161261826592));
#8605=CARTESIAN_POINT('Ctrl Pts',(32.9967714453555,-10.8094749806768,17.6865845096127));
#8606=CARTESIAN_POINT('Ctrl Pts',(32.9977236000269,-10.8095234133806,17.6568367611007));
#8607=CARTESIAN_POINT('Ctrl Pts',(32.9977352920349,-10.8095240125212,17.6268829371192));
#8608=CARTESIAN_POINT('',(32.9977352920333,-10.8095240125525,10.7268829371192));
#8609=CARTESIAN_POINT('',(32.9977352920333,-10.8095240125525,66.3270984533192));
#8610=CARTESIAN_POINT('',(32.9977352920669,-10.8095240125229,66.3270984533192));
#8611=CARTESIAN_POINT('Origin',(33.1875000013333,-7.10633566975248,18.9268829371192));
#8612=CARTESIAN_POINT('Origin',(31.6875000013333,-20.8143829384525,17.6268829371192));
#8613=CARTESIAN_POINT('Origin',(31.6875000013333,-25.6143829384525,17.6268829371192));
#8614=CARTESIAN_POINT('Ctrl Pts',(33.1875000013333,-11.0092619378525,17.6268829371192));
#8615=CARTESIAN_POINT('Ctrl Pts',(33.1875000013333,-11.0092619376832,17.6691116648269));
#8616=CARTESIAN_POINT('Ctrl Pts',(33.1856885308275,-11.0091917029279,17.7102795708289));
#8617=CARTESIAN_POINT('Ctrl Pts',(33.1823623690142,-11.0090464514439,17.7502580741675));
#8618=CARTESIAN_POINT('Ctrl Pts',(33.1789044487303,-11.0088954461468,17.7918202366156));
#8619=CARTESIAN_POINT('Ctrl Pts',(33.1738095152789,-11.0086633992158,17.8320970886537));
#8620=CARTESIAN_POINT('Ctrl Pts',(33.1673814890851,-11.0083513925218,17.8709927505377));
#8621=CARTESIAN_POINT('Ctrl Pts',(33.1631235964713,-11.0081447208379,17.8967570437217));
#8622=CARTESIAN_POINT('Ctrl Pts',(33.1582801725751,-11.0079030978728,17.9219163164381));
#8623=CARTESIAN_POINT('Ctrl Pts',(33.1529327023849,-11.0076281770174,17.9464530409175));
#8624=CARTESIAN_POINT('Ctrl Pts',(33.1443613241954,-11.0071875105828,17.9857825813483));
#8625=CARTESIAN_POINT('Ctrl Pts',(33.1344956908545,-11.0066598637752,18.023513394812));
#8626=CARTESIAN_POINT('Ctrl Pts',(33.1236469034979,-11.0060414416282,18.0596012507038));
#8627=CARTESIAN_POINT('Ctrl Pts',(33.1123120857253,-11.0053953138987,18.0973058583144));
#8628=CARTESIAN_POINT('Ctrl Pts',(33.0999041437196,-11.0046501404485,18.1332172963805));
#8629=CARTESIAN_POINT('Ctrl Pts',(33.0867442023864,-11.0038076364531,18.1673309509203));
#8630=CARTESIAN_POINT('Ctrl Pts',(33.0813673404893,-11.0034634078949,18.1812690380761));
#8631=CARTESIAN_POINT('Ctrl Pts',(33.0758645567008,-11.0031029951808,18.1949074988143));
#8632=CARTESIAN_POINT('Ctrl Pts',(33.0702561886243,-11.002726758037,18.2082478932253));
#8633=CARTESIAN_POINT('Ctrl Pts',(33.069948949715,-11.0027061469273,18.2089787097788));
#8634=CARTESIAN_POINT('Ctrl Pts',(33.069609191647,-11.0026833172756,18.2097852164525));
#8635=CARTESIAN_POINT('Ctrl Pts',(33.0692438680706,-11.0026587235605,18.2106499169727));
#8636=CARTESIAN_POINT('Ctrl Pts',(33.0676927550404,-11.0025543020715,18.2143213149631));
#8637=CARTESIAN_POINT('Ctrl Pts',(33.065678372062,-11.0024176303552,18.2190385824742));
#8638=CARTESIAN_POINT('Ctrl Pts',(33.0637567917836,-11.0022858421147,18.2234723655998));
#8639=CARTESIAN_POINT('Ctrl Pts',(33.0631413185055,-11.0022436309507,18.2248924858339));
#8640=CARTESIAN_POINT('Ctrl Pts',(33.0625357218432,-11.0022019620687,18.2262837225729));
#8641=CARTESIAN_POINT('Ctrl Pts',(33.0619592890039,-11.0021621759474,18.2276029621974));
#8642=CARTESIAN_POINT('Ctrl Pts',(33.0591592951192,-11.0019689168394,18.2340111031455));
#8643=CARTESIAN_POINT('Ctrl Pts',(33.0563253276044,-11.0017706175176,18.2403756169615));
#8644=CARTESIAN_POINT('Ctrl Pts',(33.0534585161289,-11.0015672778516,18.246696276498));
#8645=CARTESIAN_POINT('Ctrl Pts',(33.0477248931778,-11.0011605985196,18.2593375955711));
#8646=CARTESIAN_POINT('Ctrl Pts',(33.0418598762607,-11.0007337579826,18.2718034624705));
#8647=CARTESIAN_POINT('Ctrl Pts',(33.035872748294,-11.0002867562893,18.2840924720061));
#8648=CARTESIAN_POINT('Ctrl Pts',(33.0238984923606,-10.9993927529028,18.3086704910773));
#8649=CARTESIAN_POINT('Ctrl Pts',(33.0114356431521,-10.998418104475,18.332540500034));
#8650=CARTESIAN_POINT('Ctrl Pts',(32.9985611982979,-10.9973628136126,18.3556981070179));
#8651=CARTESIAN_POINT('Ctrl Pts',(32.9757415552774,-10.9954923360087,18.3967444069222));
#8652=CARTESIAN_POINT('Ctrl Pts',(32.9516293496532,-10.9933665539708,18.435548661031));
#8653=CARTESIAN_POINT('Ctrl Pts',(32.9266603600483,-10.9909910473877,18.4721530325094));
#8654=CARTESIAN_POINT('Ctrl Pts',(32.9234552121838,-10.9906861151509,18.4768517578055));
#8655=CARTESIAN_POINT('Ctrl Pts',(32.920234724748,-10.9903768498328,18.481514246871));
#8656=CARTESIAN_POINT('Ctrl Pts',(32.9170004768986,-10.9900633527803,18.4861399575007));
#8657=CARTESIAN_POINT('Ctrl Pts',(32.898436516713,-10.9882639400354,18.5126906462415));
#8658=CARTESIAN_POINT('Ctrl Pts',(32.8794067668244,-10.9863260960449,18.5380522793956));
#8659=CARTESIAN_POINT('Ctrl Pts',(32.8600912940008,-10.9842510323498,18.5622530013341));
#8660=CARTESIAN_POINT('Ctrl Pts',(32.8392621835617,-10.9820133583737,18.588350188525));
#8661=CARTESIAN_POINT('Ctrl Pts',(32.8181006870496,-10.9796161941078,18.6130978124214));
#8662=CARTESIAN_POINT('Ctrl Pts',(32.7967713466278,-10.9770597685575,18.6365494065284));
#8663=CARTESIAN_POINT('Ctrl Pts',(32.777297527219,-10.9747257362567,18.6579608566462));
#8664=CARTESIAN_POINT('Ctrl Pts',(32.7576826166405,-10.9722589621854,18.6782924989888));
#8665=CARTESIAN_POINT('Ctrl Pts',(32.7380148197641,-10.9696579913802,18.6975920918465));
#8666=CARTESIAN_POINT('Ctrl Pts',(32.7369309858537,-10.969514659599,18.6986556351263));
#8667=CARTESIAN_POINT('Ctrl Pts',(32.7357790518488,-10.9693619581524,18.6997826852022));
#8668=CARTESIAN_POINT('Ctrl Pts',(32.7345729263671,-10.9692016048921,18.7009584882776));
#8669=CARTESIAN_POINT('Ctrl Pts',(32.7302443681302,-10.9686261271026,18.7051782250831));
#8670=CARTESIAN_POINT('Ctrl Pts',(32.7252096023207,-10.9679501407911,18.7100282782907));
#8671=CARTESIAN_POINT('Ctrl Pts',(32.720124577386,-10.967258573665,18.7148507437736));
#8672=CARTESIAN_POINT('Ctrl Pts',(32.7166278607684,-10.9667830176367,18.7181669114244));
#8673=CARTESIAN_POINT('Ctrl Pts',(32.7131081106567,-10.9663003409953,18.7214707228636));
#8674=CARTESIAN_POINT('Ctrl Pts',(32.7097885094089,-10.9658417725098,18.7245583867864));
#8675=CARTESIAN_POINT('Ctrl Pts',(32.7002963084863,-10.9645305233937,18.7333873768216));
#8676=CARTESIAN_POINT('Ctrl Pts',(32.6907232260492,-10.963179761584,18.742056893006));
#8677=CARTESIAN_POINT('Ctrl Pts',(32.6810763923492,-10.9617897977482,18.7505681061033));
#8678=CARTESIAN_POINT('Ctrl Pts',(32.6470690692369,-10.9568898532949,18.7805721035683));
#8679=CARTESIAN_POINT('Ctrl Pts',(32.6121498200168,-10.9515030216665,18.8086086743979));
#8680=CARTESIAN_POINT('Ctrl Pts',(32.5765903336073,-10.9456334635391,18.8347325077482));
#8681=CARTESIAN_POINT('Ctrl Pts',(32.5516270113176,-10.9415129408313,18.8530718522443));
#8682=CARTESIAN_POINT('Ctrl Pts',(32.526346718424,-10.9371544337756,18.8704687009696));
#8683=CARTESIAN_POINT('Ctrl Pts',(32.5008284205341,-10.9325583235904,18.8869407278382));
#8684=CARTESIAN_POINT('Ctrl Pts',(32.4595828671952,-10.9251295715392,18.913564676886));
#8685=CARTESIAN_POINT('Ctrl Pts',(32.4177132520812,-10.9170794262063,18.9377762228706));
#8686=CARTESIAN_POINT('Ctrl Pts',(32.3755132929089,-10.9084069687309,18.9596302431662));
#8687=CARTESIAN_POINT('Ctrl Pts',(32.3333133337365,-10.8997345112555,18.9814842634619));
#8688=CARTESIAN_POINT('Ctrl Pts',(32.2907821946369,-10.8904398132242,19.0009810268547));
#8689=CARTESIAN_POINT('Ctrl Pts',(32.2481618767275,-10.8805163049198,19.0181619908695));
#8690=CARTESIAN_POINT('Ctrl Pts',(32.246645803378,-10.8801633097472,19.01877314543));
#8691=CARTESIAN_POINT('Ctrl Pts',(32.245124210583,-10.8798082637143,19.019383545359));
#8692=CARTESIAN_POINT('Ctrl Pts',(32.2435973513497,-10.8794512067657,19.0199930322735));
#8693=CARTESIAN_POINT('Ctrl Pts',(32.2273053674485,-10.8756413165462,19.0264964156783));
#8694=CARTESIAN_POINT('Ctrl Pts',(32.2103790698294,-10.8715911399653,19.0329064538706));
#8695=CARTESIAN_POINT('Ctrl Pts',(32.1931312067544,-10.8673615139139,19.0390648625467));
#8696=CARTESIAN_POINT('Ctrl Pts',(32.1758657881138,-10.8631275827798,19.0452295394977));
#8697=CARTESIAN_POINT('Ctrl Pts',(32.1582784994626,-10.8587138291323,19.0511418827728));
#8698=CARTESIAN_POINT('Ctrl Pts',(32.1407000306849,-10.8541994151663,19.0566896608126));
#8699=CARTESIAN_POINT('Ctrl Pts',(32.1312189769015,-10.851764538605,19.0596818885566));
#8700=CARTESIAN_POINT('Ctrl Pts',(32.1217407507999,-10.8493006942637,19.0625688859338));
#8701=CARTESIAN_POINT('Ctrl Pts',(32.1123186616702,-10.8468224297277,19.0653387740471));
#8702=CARTESIAN_POINT('Ctrl Pts',(32.064467581351,-10.8342363000776,19.0794059450065));
#8703=CARTESIAN_POINT('Ctrl Pts',(32.0159467878531,-10.8207271686255,19.0910879185395));
#8704=CARTESIAN_POINT('Ctrl Pts',(31.9669952940615,-10.8063051249549,19.1003725418007));
#8705=CARTESIAN_POINT('Ctrl Pts',(31.9209178302506,-10.7927298253299,19.109112048181));
#8706=CARTESIAN_POINT('Ctrl Pts',(31.874458294139,-10.7783457753103,19.1157277325203));
#8707=CARTESIAN_POINT('Ctrl Pts',(31.8278074251566,-10.7631423357002,19.1201704381354));
#8708=CARTESIAN_POINT('Ctrl Pts',(31.7835520729254,-10.7487195909637,19.1243850113286));
#8709=CARTESIAN_POINT('Ctrl Pts',(31.7391237472536,-10.7335592212619,19.1266437372697));
#8710=CARTESIAN_POINT('Ctrl Pts',(31.694711781558,-10.7176432108761,19.1268649664871));
#8711=CARTESIAN_POINT('Ctrl Pts',(31.69230778741,-10.7167816863922,19.1268769414974));
#8712=CARTESIAN_POINT('Ctrl Pts',(31.6899038496429,-10.7159179460709,19.1268829371192));
#8713=CARTESIAN_POINT('Ctrl Pts',(31.6875000013333,-10.7150519864525,19.1268829371192));
#8714=CARTESIAN_POINT('Origin',(32.9875000013333,-25.6143829384525,10.7268829371192));
#8715=CARTESIAN_POINT('Origin',(32.9875000013333,-25.6143829384525,17.6268829371192));
#8716=CARTESIAN_POINT('Origin',(31.6875000013333,-25.6143829384525,17.6268829371192));
#8717=CARTESIAN_POINT('Origin',(31.6875000013333,-25.6143829384525,18.9268829371192));
#8718=CARTESIAN_POINT('Origin',(47.1875000013333,-25.6143829384525,18.9268829371192));
#8719=CARTESIAN_POINT('Origin',(20.6875000013333,-25.6143829384525,18.9268829371192));
#8720=CARTESIAN_POINT('Origin',(20.6875000013333,-25.6143829384525,17.6268829371192));
#8721=CARTESIAN_POINT('Origin',(19.3875000013333,-25.6143829384525,17.6268829371192));
#8722=CARTESIAN_POINT('Origin',(19.3875000013333,-25.6143829384525,-0.873117062880798));
#8723=CARTESIAN_POINT('Origin',(19.3875000013333,-25.6143829384525,-0.873117062880798));
#8724=CARTESIAN_POINT('Origin',(32.9875000013333,-11.0092619378525,66.3270984533192));
#8725=CARTESIAN_POINT('Origin',(32.9875000013333,-11.0092619378525,17.6268829371192));
#8726=CARTESIAN_POINT('Ctrl Pts',(32.9977352920333,-10.8095240125525,17.6268829371192));
#8727=CARTESIAN_POINT('Ctrl Pts',(33.1875000013333,-10.8192482397525,17.6268829371192));
#8728=CARTESIAN_POINT('Ctrl Pts',(33.1875000013333,-11.0092619378525,17.6268829371192));
#8729=CARTESIAN_POINT('Ctrl Pts',(32.9977352756333,-10.8095240116525,17.7998340863192));
#8730=CARTESIAN_POINT('Ctrl Pts',(33.1874999815333,-10.8192482395525,17.8252426229192));
#8731=CARTESIAN_POINT('Ctrl Pts',(33.1875000013333,-11.0092619370525,17.8264419535192));
#8732=CARTESIAN_POINT('Ctrl Pts',(32.9644285983333,-10.8082225221525,17.9733165876192));
#8733=CARTESIAN_POINT('Ctrl Pts',(33.1477646504333,-10.8194649629525,18.0228602500192));
#8734=CARTESIAN_POINT('Ctrl Pts',(33.1469963740333,-11.0078902552525,18.0266140749192));
#8735=CARTESIAN_POINT('Ctrl Pts',(32.8685231727333,-10.8007769634525,18.2125631891192));
#8736=CARTESIAN_POINT('Ctrl Pts',(33.0335826822333,-10.8150742338525,18.2960176121192));
#8737=CARTESIAN_POINT('Ctrl Pts',(33.0303676134333,-11.0000430985525,18.3026678419192));
#8738=CARTESIAN_POINT('Ctrl Pts',(32.8294169413333,-10.7973448787525,18.2881097195192));
#8739=CARTESIAN_POINT('Ctrl Pts',(32.9873914155333,-10.8127666397525,18.3817898685192));
#8740=CARTESIAN_POINT('Ctrl Pts',(32.9828112740333,-10.9964259055525,18.3898369153192));
#8741=CARTESIAN_POINT('Ctrl Pts',(32.7370640628333,-10.7872159889525,18.4307996163192));
#8742=CARTESIAN_POINT('Ctrl Pts',(32.8789351985333,-10.8046692698525,18.5434423248192));
#8743=CARTESIAN_POINT('Ctrl Pts',(32.8705027113333,-10.9857506878525,18.5544791069192));
#8744=CARTESIAN_POINT('Ctrl Pts',(32.6834980495333,-10.7804430198525,18.4979401671192));
#8745=CARTESIAN_POINT('Ctrl Pts',(32.8163242777333,-10.7988091030525,18.6194519938192));
#8746=CARTESIAN_POINT('Ctrl Pts',(32.8053621060333,-10.9786124151525,18.6319489732192));
#8747=CARTESIAN_POINT('Ctrl Pts',(32.5088652971333,-10.7536555690525,18.6773649194192));
#8748=CARTESIAN_POINT('Ctrl Pts',(32.6139457925333,-10.7737706104525,18.8221552010192));
#8749=CARTESIAN_POINT('Ctrl Pts',(32.5929945560333,-10.9503801242525,18.8389775291192));
#8750=CARTESIAN_POINT('Ctrl Pts',(32.3689355178333,-10.7261243844525,18.7722393974192));
#8751=CARTESIAN_POINT('Ctrl Pts',(32.4514878988333,-10.7456353721525,18.9309406694192));
#8752=CARTESIAN_POINT('Ctrl Pts',(32.4228286309333,-10.9213640110525,18.9484480870192));
#8753=CARTESIAN_POINT('Ctrl Pts',(32.0741664009333,-10.6465908083525,18.8962508220192));
#8754=CARTESIAN_POINT('Ctrl Pts',(32.1151557794333,-10.6604550388525,19.0774225918192));
#8755=CARTESIAN_POINT('Ctrl Pts',(32.0643655507333,-10.8375406412525,19.0915381855192));
#8756=CARTESIAN_POINT('Ctrl Pts',(31.9160585520333,-10.5934653641525,18.9268829392192));
#8757=CARTESIAN_POINT('Ctrl Pts',(31.9329841612333,-10.6005006610525,19.1176581294192));
#8758=CARTESIAN_POINT('Ctrl Pts',(31.8720658664333,-10.7815397866525,19.1268829371192));
#8759=CARTESIAN_POINT('Ctrl Pts',(31.7642646818333,-10.5303706830525,18.9268829371192));
#8760=CARTESIAN_POINT('Ctrl Pts',(31.7642646818333,-10.5303706830525,19.1268829371192));
#8761=CARTESIAN_POINT('Ctrl Pts',(31.6875000013333,-10.7150519864525,19.1268829371192));
#8762=CARTESIAN_POINT('Origin',(31.6875000013333,-10.7150519864525,18.9268829371192));
#8763=CARTESIAN_POINT('Origin',(33.1875000013333,-7.10633566975248,18.9268829371192));
#8764=CARTESIAN_POINT('Origin',(31.0796265113333,-10.3971870496525,18.9268829371192));
#8765=CARTESIAN_POINT('Origin',(31.0796265113333,-10.3971870496525,18.9268829371192));
#8766=CARTESIAN_POINT('Origin',(26.5789390021333,-7.51438293845248,18.9268829371192));
#8767=CARTESIAN_POINT('Origin',(26.5789390021333,-7.51438293845248,18.9268829371192));
#8768=CARTESIAN_POINT('Ctrl Pts',(21.1462341263333,-26.2518829370525,12.8768829371192));
#8769=CARTESIAN_POINT('Ctrl Pts',(21.1462341263333,-26.1893829370525,14.9650436341192));
#8770=CARTESIAN_POINT('Ctrl Pts',(22.6227867153333,-26.1268829370525,16.4415962231192));
#8771=CARTESIAN_POINT('Ctrl Pts',(24.0993393043333,-26.0643829370525,17.9181488121192));
#8772=CARTESIAN_POINT('Ctrl Pts',(26.1875000013333,-26.0018829370525,17.9181488121192));
#8773=CARTESIAN_POINT('Ctrl Pts',(28.2756606983333,-25.9393829370525,17.9181488121192));
#8774=CARTESIAN_POINT('Ctrl Pts',(29.7522132873333,-25.8768829370525,16.4415962231192));
#8775=CARTESIAN_POINT('Ctrl Pts',(31.2287658763333,-25.8143829370525,14.9650436341192));
#8776=CARTESIAN_POINT('Ctrl Pts',(31.2287658763333,-25.7518829370525,12.8768829371192));
#8777=CARTESIAN_POINT('Ctrl Pts',(31.2287658763333,-25.6893829370525,10.7887222401192));
#8778=CARTESIAN_POINT('Ctrl Pts',(29.7522132873333,-25.6268829370525,9.3121696511192));
#8779=CARTESIAN_POINT('Ctrl Pts',(28.2756606983333,-25.5643829370525,7.8356170621192));
#8780=CARTESIAN_POINT('Ctrl Pts',(26.1875000013333,-25.5018829370525,7.8356170621192));
#8781=CARTESIAN_POINT('Ctrl Pts',(24.0993393043333,-25.4393829370525,7.8356170621192));
#8782=CARTESIAN_POINT('Ctrl Pts',(22.6227867153333,-25.3768829370525,9.3121696511192));
#8783=CARTESIAN_POINT('Ctrl Pts',(21.1462341263333,-25.3143829370525,10.7887222401192));
#8784=CARTESIAN_POINT('Ctrl Pts',(21.1462341263333,-25.2518829370525,12.8768829371192));
#8785=CARTESIAN_POINT('Ctrl Pts',(21.1462341263333,-25.1893829370525,14.9650436341192));
#8786=CARTESIAN_POINT('Ctrl Pts',(22.6227867153333,-25.1268829370525,16.4415962231192));
#8787=CARTESIAN_POINT('Ctrl Pts',(24.0993393043333,-25.0643829370525,17.9181488121192));
#8788=CARTESIAN_POINT('Ctrl Pts',(26.1875000013333,-25.0018829370525,17.9181488121192));
#8789=CARTESIAN_POINT('Ctrl Pts',(28.2756606983333,-24.9393829370525,17.9181488121192));
#8790=CARTESIAN_POINT('Ctrl Pts',(29.7522132873333,-24.8768829370525,16.4415962231192));
#8791=CARTESIAN_POINT('Ctrl Pts',(31.2287658763333,-24.8143829370525,14.9650436341192));
#8792=CARTESIAN_POINT('Ctrl Pts',(31.2287658763333,-24.7518829370525,12.8768829371192));
#8793=CARTESIAN_POINT('Ctrl Pts',(31.2287658763333,-24.6893829370525,10.7887222401192));
#8794=CARTESIAN_POINT('Ctrl Pts',(29.7522132873333,-24.6268829370525,9.3121696511192));
#8795=CARTESIAN_POINT('Ctrl Pts',(28.2756606983333,-24.5643829370525,7.8356170621192));
#8796=CARTESIAN_POINT('Ctrl Pts',(26.1875000013333,-24.5018829370525,7.8356170621192));
#8797=CARTESIAN_POINT('Ctrl Pts',(24.0993393043333,-24.4393829370525,7.8356170621192));
#8798=CARTESIAN_POINT('Ctrl Pts',(22.6227867153333,-24.3768829370525,9.3121696511192));
#8799=CARTESIAN_POINT('Ctrl Pts',(21.1462341263333,-24.3143829370525,10.7887222401192));
#8800=CARTESIAN_POINT('Ctrl Pts',(21.1462341263333,-24.2518829370525,12.8768829371192));
#8801=CARTESIAN_POINT('Ctrl Pts',(21.1462341263333,-24.1893829370525,14.9650436341192));
#8802=CARTESIAN_POINT('Ctrl Pts',(22.6227867153333,-24.1268829370525,16.4415962231192));
#8803=CARTESIAN_POINT('Ctrl Pts',(24.0993393043333,-24.0643829370525,17.9181488121192));
#8804=CARTESIAN_POINT('Ctrl Pts',(26.1875000013333,-24.0018829370525,17.9181488121192));
#8805=CARTESIAN_POINT('Ctrl Pts',(28.2756606983333,-23.9393829370525,17.9181488121192));
#8806=CARTESIAN_POINT('Ctrl Pts',(29.7522132873333,-23.8768829370525,16.4415962231192));
#8807=CARTESIAN_POINT('Ctrl Pts',(31.2287658763333,-23.8143829370525,14.9650436341192));
#8808=CARTESIAN_POINT('Ctrl Pts',(31.2287658763333,-23.7518829370525,12.8768829371192));
#8809=CARTESIAN_POINT('Ctrl Pts',(31.2287658763333,-23.6893829370525,10.7887222401192));
#8810=CARTESIAN_POINT('Ctrl Pts',(29.7522132873333,-23.6268829370525,9.3121696511192));
#8811=CARTESIAN_POINT('Ctrl Pts',(28.2756606983333,-23.5643829370525,7.8356170621192));
#8812=CARTESIAN_POINT('Ctrl Pts',(26.1875000013333,-23.5018829370525,7.8356170621192));
#8813=CARTESIAN_POINT('Ctrl Pts',(24.0993393043333,-23.4393829370525,7.8356170621192));
#8814=CARTESIAN_POINT('Ctrl Pts',(22.6227867153333,-23.3768829370525,9.3121696511192));
#8815=CARTESIAN_POINT('Ctrl Pts',(21.1462341263333,-23.3143829370525,10.7887222401192));
#8816=CARTESIAN_POINT('Ctrl Pts',(21.1462341263333,-23.2518829370525,12.8768829371192));
#8817=CARTESIAN_POINT('Ctrl Pts',(21.1462341263333,-23.1893829370525,14.9650436341192));
#8818=CARTESIAN_POINT('Ctrl Pts',(22.6227867153333,-23.1268829370525,16.4415962231192));
#8819=CARTESIAN_POINT('Ctrl Pts',(24.0993393043333,-23.0643829370525,17.9181488121192));
#8820=CARTESIAN_POINT('Ctrl Pts',(26.1875000013333,-23.0018829370525,17.9181488121192));
#8821=CARTESIAN_POINT('Ctrl Pts',(28.2756606983333,-22.9393829370525,17.9181488121192));
#8822=CARTESIAN_POINT('Ctrl Pts',(29.7522132873333,-22.8768829370525,16.4415962231192));
#8823=CARTESIAN_POINT('Ctrl Pts',(31.2287658763333,-22.8143829370525,14.9650436341192));
#8824=CARTESIAN_POINT('Ctrl Pts',(31.2287658763333,-22.7518829370525,12.8768829371192));
#8825=CARTESIAN_POINT('Ctrl Pts',(31.2287658763333,-22.6893829370525,10.7887222401192));
#8826=CARTESIAN_POINT('Ctrl Pts',(29.7522132873333,-22.6268829370525,9.3121696511192));
#8827=CARTESIAN_POINT('Ctrl Pts',(28.2756606983333,-22.5643829370525,7.8356170621192));
#8828=CARTESIAN_POINT('Ctrl Pts',(26.1875000013333,-22.5018829370525,7.8356170621192));
#8829=CARTESIAN_POINT('Ctrl Pts',(24.0993393043333,-22.4393829370525,7.8356170621192));
#8830=CARTESIAN_POINT('Ctrl Pts',(22.6227867153333,-22.3768829370525,9.3121696511192));
#8831=CARTESIAN_POINT('Ctrl Pts',(21.1462341263333,-22.3143829370525,10.7887222401192));
#8832=CARTESIAN_POINT('Ctrl Pts',(21.1462341263333,-22.2518829370525,12.8768829371192));
#8833=CARTESIAN_POINT('Ctrl Pts',(21.1462341263333,-22.1893829370525,14.9650436341192));
#8834=CARTESIAN_POINT('Ctrl Pts',(22.6227867153333,-22.1268829370525,16.4415962231192));
#8835=CARTESIAN_POINT('Ctrl Pts',(24.0993393043333,-22.0643829370525,17.9181488121192));
#8836=CARTESIAN_POINT('Ctrl Pts',(26.1875000013333,-22.0018829370525,17.9181488121192));
#8837=CARTESIAN_POINT('Ctrl Pts',(28.2756606983333,-21.9393829370525,17.9181488121192));
#8838=CARTESIAN_POINT('Ctrl Pts',(29.7522132873333,-21.8768829370525,16.4415962231192));
#8839=CARTESIAN_POINT('Ctrl Pts',(31.2287658763333,-21.8143829370525,14.9650436341192));
#8840=CARTESIAN_POINT('Ctrl Pts',(31.2287658763333,-21.7518829370525,12.8768829371192));
#8841=CARTESIAN_POINT('Ctrl Pts',(31.2287658763333,-21.6893829370525,10.7887222401192));
#8842=CARTESIAN_POINT('Ctrl Pts',(29.7522132873333,-21.6268829370525,9.3121696511192));
#8843=CARTESIAN_POINT('Ctrl Pts',(28.2756606983333,-21.5643829370525,7.8356170621192));
#8844=CARTESIAN_POINT('Ctrl Pts',(26.1875000013333,-21.5018829370525,7.8356170621192));
#8845=CARTESIAN_POINT('Ctrl Pts',(24.0993393043333,-21.4393829370525,7.8356170621192));
#8846=CARTESIAN_POINT('Ctrl Pts',(22.6227867153333,-21.3768829370525,9.3121696511192));
#8847=CARTESIAN_POINT('Ctrl Pts',(21.1462341263333,-21.3143829370525,10.7887222401192));
#8848=CARTESIAN_POINT('Ctrl Pts',(21.1462341263333,-21.2518829370525,12.8768829371192));
#8849=CARTESIAN_POINT('Ctrl Pts',(21.1462341263333,-21.1893829370525,14.9650436341192));
#8850=CARTESIAN_POINT('Ctrl Pts',(22.6227867153333,-21.1268829370525,16.4415962231192));
#8851=CARTESIAN_POINT('Ctrl Pts',(24.0993393043333,-21.0643829370525,17.9181488121192));
#8852=CARTESIAN_POINT('Ctrl Pts',(26.1875000013333,-21.0018829370525,17.9181488121192));
#8853=CARTESIAN_POINT('Ctrl Pts',(28.2756606983333,-20.9393829370525,17.9181488121192));
#8854=CARTESIAN_POINT('Ctrl Pts',(29.7522132873333,-20.8768829370525,16.4415962231192));
#8855=CARTESIAN_POINT('Ctrl Pts',(31.2287658763333,-20.8143829370525,14.9650436341192));
#8856=CARTESIAN_POINT('Ctrl Pts',(31.2287658763333,-20.7518829370525,12.8768829371192));
#8857=CARTESIAN_POINT('Ctrl Pts',(31.2287658763333,-20.6893829370525,10.7887222401192));
#8858=CARTESIAN_POINT('Ctrl Pts',(29.7522132873333,-20.6268829370525,9.3121696511192));
#8859=CARTESIAN_POINT('Ctrl Pts',(28.2756606983333,-20.5643829370525,7.8356170621192));
#8860=CARTESIAN_POINT('Ctrl Pts',(26.1875000013333,-20.5018829370525,7.8356170621192));
#8861=CARTESIAN_POINT('Ctrl Pts',(24.0993393043333,-20.4393829370525,7.8356170621192));
#8862=CARTESIAN_POINT('Ctrl Pts',(22.6227867153333,-20.3768829370525,9.3121696511192));
#8863=CARTESIAN_POINT('Ctrl Pts',(21.1462341263333,-20.3143829370525,10.7887222401192));
#8864=CARTESIAN_POINT('Ctrl Pts',(21.1462341263333,-20.2518829370525,12.8768829371192));
#8865=CARTESIAN_POINT('Ctrl Pts',(21.1462341263333,-20.1893829370525,14.9650436341192));
#8866=CARTESIAN_POINT('Ctrl Pts',(22.6227867153333,-20.1268829370525,16.4415962231192));
#8867=CARTESIAN_POINT('Ctrl Pts',(24.0993393043333,-20.0643829370525,17.9181488121192));
#8868=CARTESIAN_POINT('Ctrl Pts',(26.1875000013333,-20.0018829370525,17.9181488121192));
#8869=CARTESIAN_POINT('Ctrl Pts',(28.2756606983333,-19.9393829370525,17.9181488121192));
#8870=CARTESIAN_POINT('Ctrl Pts',(29.7522132873333,-19.8768829370525,16.4415962231192));
#8871=CARTESIAN_POINT('Ctrl Pts',(31.2287658763333,-19.8143829370525,14.9650436341192));
#8872=CARTESIAN_POINT('Ctrl Pts',(31.2287658763333,-19.7518829370525,12.8768829371192));
#8873=CARTESIAN_POINT('Ctrl Pts',(31.2287658763333,-19.6893829370525,10.7887222401192));
#8874=CARTESIAN_POINT('Ctrl Pts',(29.7522132873333,-19.6268829370525,9.3121696511192));
#8875=CARTESIAN_POINT('Ctrl Pts',(28.2756606983333,-19.5643829370525,7.8356170621192));
#8876=CARTESIAN_POINT('Ctrl Pts',(26.1875000013333,-19.5018829370525,7.8356170621192));
#8877=CARTESIAN_POINT('Ctrl Pts',(24.0993393043333,-19.4393829370525,7.8356170621192));
#8878=CARTESIAN_POINT('Ctrl Pts',(22.6227867153333,-19.3768829370525,9.3121696511192));
#8879=CARTESIAN_POINT('Ctrl Pts',(21.1462341263333,-19.3143829370525,10.7887222401192));
#8880=CARTESIAN_POINT('Ctrl Pts',(21.1462341263333,-19.2518829370525,12.8768829371192));
#8881=CARTESIAN_POINT('Ctrl Pts',(21.1462341263333,-19.1893829370525,14.9650436341192));
#8882=CARTESIAN_POINT('Ctrl Pts',(22.6227867153333,-19.1268829370525,16.4415962231192));
#8883=CARTESIAN_POINT('Ctrl Pts',(24.0993393043333,-19.0643829370525,17.9181488121192));
#8884=CARTESIAN_POINT('Ctrl Pts',(26.1875000013333,-19.0018829370525,17.9181488121192));
#8885=CARTESIAN_POINT('Ctrl Pts',(28.2756606983333,-18.9393829370525,17.9181488121192));
#8886=CARTESIAN_POINT('Ctrl Pts',(29.7522132873333,-18.8768829370525,16.4415962231192));
#8887=CARTESIAN_POINT('Ctrl Pts',(31.2287658763333,-18.8143829370525,14.9650436341192));
#8888=CARTESIAN_POINT('Ctrl Pts',(31.2287658763333,-18.7518829370525,12.8768829371192));
#8889=CARTESIAN_POINT('Ctrl Pts',(31.2287658763333,-18.6893829370525,10.7887222401192));
#8890=CARTESIAN_POINT('Ctrl Pts',(29.7522132873333,-18.6268829370525,9.3121696511192));
#8891=CARTESIAN_POINT('Ctrl Pts',(28.2756606983333,-18.5643829370525,7.8356170621192));
#8892=CARTESIAN_POINT('Ctrl Pts',(26.1875000013333,-18.5018829370525,7.8356170621192));
#8893=CARTESIAN_POINT('Ctrl Pts',(24.0993393043333,-18.4393829370525,7.8356170621192));
#8894=CARTESIAN_POINT('Ctrl Pts',(22.6227867153333,-18.3768829370525,9.3121696511192));
#8895=CARTESIAN_POINT('Ctrl Pts',(21.1462341263333,-18.3143829370525,10.7887222401192));
#8896=CARTESIAN_POINT('Ctrl Pts',(21.1462341263333,-18.2518829370525,12.8768829371192));
#8897=CARTESIAN_POINT('Ctrl Pts',(21.6875018754966,-26.5643840178011,12.8768829371192));
#8898=CARTESIAN_POINT('Ctrl Pts',(21.6875018754966,-26.5018840178011,14.7408431915154));
#8899=CARTESIAN_POINT('Ctrl Pts',(23.0055208112668,-26.4393840178012,16.0588621271856));
#8900=CARTESIAN_POINT('Ctrl Pts',(24.3235397469371,-26.3768840178012,17.3768810629559));
#8901=CARTESIAN_POINT('Ctrl Pts',(26.1875000013333,-26.3143840178012,17.3768810629559));
#8902=CARTESIAN_POINT('Ctrl Pts',(28.0514602557294,-26.2518840178012,17.3768810629559));
#8903=CARTESIAN_POINT('Ctrl Pts',(29.3694791913997,-26.1893840178012,16.0588621271856));
#8904=CARTESIAN_POINT('Ctrl Pts',(30.68749812717,-26.1268840178012,14.7408431915154));
#8905=CARTESIAN_POINT('Ctrl Pts',(30.68749812717,-26.0643840178012,12.8768829371192));
#8906=CARTESIAN_POINT('Ctrl Pts',(30.68749812717,-26.0018840178012,11.012922682723));
#8907=CARTESIAN_POINT('Ctrl Pts',(29.3694791913997,-25.9393840178011,9.69490374705276));
#8908=CARTESIAN_POINT('Ctrl Pts',(28.0514602557294,-25.8768840178012,8.37688481128247));
#8909=CARTESIAN_POINT('Ctrl Pts',(26.1875000013333,-25.8143840178011,8.37688481128247));
#8910=CARTESIAN_POINT('Ctrl Pts',(24.3235397469371,-25.7518840178012,8.37688481128247));
#8911=CARTESIAN_POINT('Ctrl Pts',(23.0055208112668,-25.6893840178012,9.69490374705276));
#8912=CARTESIAN_POINT('Ctrl Pts',(21.6875018754966,-25.6268840178011,11.012922682723));
#8913=CARTESIAN_POINT('Ctrl Pts',(21.6875018754966,-25.5643840178011,12.8768829371192));
#8914=CARTESIAN_POINT('Ctrl Pts',(21.6875018754966,-25.5018840178011,14.7408431915154));
#8915=CARTESIAN_POINT('Ctrl Pts',(23.0055208112668,-25.4393840178012,16.0588621271856));
#8916=CARTESIAN_POINT('Ctrl Pts',(24.3235397469371,-25.3768840178012,17.3768810629559));
#8917=CARTESIAN_POINT('Ctrl Pts',(26.1875000013333,-25.3143840178012,17.3768810629559));
#8918=CARTESIAN_POINT('Ctrl Pts',(28.0514602557294,-25.2518840178012,17.3768810629559));
#8919=CARTESIAN_POINT('Ctrl Pts',(29.3694791913997,-25.1893840178012,16.0588621271856));
#8920=CARTESIAN_POINT('Ctrl Pts',(30.68749812717,-25.1268840178012,14.7408431915154));
#8921=CARTESIAN_POINT('Ctrl Pts',(30.68749812717,-25.0643840178012,12.8768829371192));
#8922=CARTESIAN_POINT('Ctrl Pts',(30.68749812717,-25.0018840178012,11.012922682723));
#8923=CARTESIAN_POINT('Ctrl Pts',(29.3694791913997,-24.9393840178012,9.69490374705276));
#8924=CARTESIAN_POINT('Ctrl Pts',(28.0514602557294,-24.8768840178012,8.37688481128247));
#8925=CARTESIAN_POINT('Ctrl Pts',(26.1875000013333,-24.8143840178012,8.37688481128247));
#8926=CARTESIAN_POINT('Ctrl Pts',(24.3235397469371,-24.7518840178012,8.37688481128247));
#8927=CARTESIAN_POINT('Ctrl Pts',(23.0055208112668,-24.6893840178012,9.69490374705276));
#8928=CARTESIAN_POINT('Ctrl Pts',(21.6875018754966,-24.6268840178011,11.012922682723));
#8929=CARTESIAN_POINT('Ctrl Pts',(21.6875018754966,-24.5643840178011,12.8768829371192));
#8930=CARTESIAN_POINT('Ctrl Pts',(21.6875018754966,-24.5018840178011,14.7408431915154));
#8931=CARTESIAN_POINT('Ctrl Pts',(23.0055208112668,-24.4393840178012,16.0588621271856));
#8932=CARTESIAN_POINT('Ctrl Pts',(24.3235397469371,-24.3768840178012,17.3768810629559));
#8933=CARTESIAN_POINT('Ctrl Pts',(26.1875000013333,-24.3143840178011,17.3768810629559));
#8934=CARTESIAN_POINT('Ctrl Pts',(28.0514602557294,-24.2518840178012,17.3768810629559));
#8935=CARTESIAN_POINT('Ctrl Pts',(29.3694791913997,-24.1893840178011,16.0588621271856));
#8936=CARTESIAN_POINT('Ctrl Pts',(30.68749812717,-24.1268840178011,14.7408431915154));
#8937=CARTESIAN_POINT('Ctrl Pts',(30.68749812717,-24.0643840178011,12.8768829371192));
#8938=CARTESIAN_POINT('Ctrl Pts',(30.68749812717,-24.0018840178011,11.012922682723));
#8939=CARTESIAN_POINT('Ctrl Pts',(29.3694791913997,-23.9393840178012,9.69490374705276));
#8940=CARTESIAN_POINT('Ctrl Pts',(28.0514602557294,-23.8768840178011,8.37688481128247));
#8941=CARTESIAN_POINT('Ctrl Pts',(26.1875000013333,-23.8143840178012,8.37688481128247));
#8942=CARTESIAN_POINT('Ctrl Pts',(24.3235397469371,-23.7518840178012,8.37688481128247));
#8943=CARTESIAN_POINT('Ctrl Pts',(23.0055208112668,-23.6893840178011,9.69490374705276));
#8944=CARTESIAN_POINT('Ctrl Pts',(21.6875018754966,-23.6268840178011,11.012922682723));
#8945=CARTESIAN_POINT('Ctrl Pts',(21.6875018754966,-23.5643840178011,12.8768829371192));
#8946=CARTESIAN_POINT('Ctrl Pts',(21.6875018754966,-23.5018840178011,14.7408431915154));
#8947=CARTESIAN_POINT('Ctrl Pts',(23.0055208112668,-23.4393840178012,16.0588621271856));
#8948=CARTESIAN_POINT('Ctrl Pts',(24.3235397469371,-23.3768840178011,17.3768810629559));
#8949=CARTESIAN_POINT('Ctrl Pts',(26.1875000013333,-23.3143840178012,17.3768810629559));
#8950=CARTESIAN_POINT('Ctrl Pts',(28.0514602557294,-23.2518840178011,17.3768810629559));
#8951=CARTESIAN_POINT('Ctrl Pts',(29.3694791913997,-23.1893840178012,16.0588621271856));
#8952=CARTESIAN_POINT('Ctrl Pts',(30.68749812717,-23.1268840178011,14.7408431915154));
#8953=CARTESIAN_POINT('Ctrl Pts',(30.68749812717,-23.0643840178011,12.8768829371192));
#8954=CARTESIAN_POINT('Ctrl Pts',(30.68749812717,-23.0018840178011,11.012922682723));
#8955=CARTESIAN_POINT('Ctrl Pts',(29.3694791913997,-22.9393840178011,9.69490374705276));
#8956=CARTESIAN_POINT('Ctrl Pts',(28.0514602557294,-22.8768840178012,8.37688481128247));
#8957=CARTESIAN_POINT('Ctrl Pts',(26.1875000013333,-22.8143840178012,8.37688481128247));
#8958=CARTESIAN_POINT('Ctrl Pts',(24.3235397469371,-22.7518840178011,8.37688481128247));
#8959=CARTESIAN_POINT('Ctrl Pts',(23.0055208112668,-22.6893840178012,9.69490374705276));
#8960=CARTESIAN_POINT('Ctrl Pts',(21.6875018754966,-22.6268840178011,11.012922682723));
#8961=CARTESIAN_POINT('Ctrl Pts',(21.6875018754966,-22.5643840178012,12.8768829371192));
#8962=CARTESIAN_POINT('Ctrl Pts',(21.6875018754966,-22.5018840178011,14.7408431915154));
#8963=CARTESIAN_POINT('Ctrl Pts',(23.0055208112668,-22.4393840178011,16.0588621271856));
#8964=CARTESIAN_POINT('Ctrl Pts',(24.3235397469371,-22.3768840178012,17.3768810629559));
#8965=CARTESIAN_POINT('Ctrl Pts',(26.1875000013333,-22.3143840178012,17.3768810629559));
#8966=CARTESIAN_POINT('Ctrl Pts',(28.0514602557294,-22.2518840178012,17.3768810629559));
#8967=CARTESIAN_POINT('Ctrl Pts',(29.3694791913997,-22.1893840178012,16.0588621271856));
#8968=CARTESIAN_POINT('Ctrl Pts',(30.68749812717,-22.1268840178011,14.7408431915154));
#8969=CARTESIAN_POINT('Ctrl Pts',(30.68749812717,-22.0643840178011,12.8768829371192));
#8970=CARTESIAN_POINT('Ctrl Pts',(30.68749812717,-22.0018840178011,11.012922682723));
#8971=CARTESIAN_POINT('Ctrl Pts',(29.3694791913997,-21.9393840178012,9.69490374705276));
#8972=CARTESIAN_POINT('Ctrl Pts',(28.0514602557294,-21.8768840178012,8.37688481128247));
#8973=CARTESIAN_POINT('Ctrl Pts',(26.1875000013333,-21.8143840178011,8.37688481128247));
#8974=CARTESIAN_POINT('Ctrl Pts',(24.3235397469371,-21.7518840178012,8.37688481128247));
#8975=CARTESIAN_POINT('Ctrl Pts',(23.0055208112668,-21.6893840178011,9.69490374705276));
#8976=CARTESIAN_POINT('Ctrl Pts',(21.6875018754966,-21.6268840178012,11.012922682723));
#8977=CARTESIAN_POINT('Ctrl Pts',(21.6875018754966,-21.5643840178011,12.8768829371192));
#8978=CARTESIAN_POINT('Ctrl Pts',(21.6875018754966,-21.5018840178011,14.7408431915154));
#8979=CARTESIAN_POINT('Ctrl Pts',(23.0055208112668,-21.4393840178012,16.0588621271856));
#8980=CARTESIAN_POINT('Ctrl Pts',(24.3235397469371,-21.3768840178012,17.3768810629559));
#8981=CARTESIAN_POINT('Ctrl Pts',(26.1875000013333,-21.3143840178012,17.3768810629559));
#8982=CARTESIAN_POINT('Ctrl Pts',(28.0514602557294,-21.2518840178012,17.3768810629559));
#8983=CARTESIAN_POINT('Ctrl Pts',(29.3694791913997,-21.1893840178011,16.0588621271856));
#8984=CARTESIAN_POINT('Ctrl Pts',(30.68749812717,-21.1268840178011,14.7408431915154));
#8985=CARTESIAN_POINT('Ctrl Pts',(30.68749812717,-21.0643840178011,12.8768829371192));
#8986=CARTESIAN_POINT('Ctrl Pts',(30.68749812717,-21.0018840178011,11.012922682723));
#8987=CARTESIAN_POINT('Ctrl Pts',(29.3694791913997,-20.9393840178012,9.69490374705276));
#8988=CARTESIAN_POINT('Ctrl Pts',(28.0514602557294,-20.8768840178012,8.37688481128247));
#8989=CARTESIAN_POINT('Ctrl Pts',(26.1875000013333,-20.8143840178012,8.37688481128247));
#8990=CARTESIAN_POINT('Ctrl Pts',(24.3235397469371,-20.7518840178011,8.37688481128247));
#8991=CARTESIAN_POINT('Ctrl Pts',(23.0055208112668,-20.6893840178012,9.69490374705276));
#8992=CARTESIAN_POINT('Ctrl Pts',(21.6875018754966,-20.6268840178011,11.012922682723));
#8993=CARTESIAN_POINT('Ctrl Pts',(21.6875018754966,-20.5643840178011,12.8768829371192));
#8994=CARTESIAN_POINT('Ctrl Pts',(21.6875018754966,-20.5018840178011,14.7408431915154));
#8995=CARTESIAN_POINT('Ctrl Pts',(23.0055208112668,-20.4393840178011,16.0588621271856));
#8996=CARTESIAN_POINT('Ctrl Pts',(24.3235397469371,-20.3768840178012,17.3768810629559));
#8997=CARTESIAN_POINT('Ctrl Pts',(26.1875000013333,-20.3143840178011,17.3768810629559));
#8998=CARTESIAN_POINT('Ctrl Pts',(28.0514602557294,-20.2518840178011,17.3768810629559));
#8999=CARTESIAN_POINT('Ctrl Pts',(29.3694791913997,-20.1893840178012,16.0588621271856));
#9000=CARTESIAN_POINT('Ctrl Pts',(30.68749812717,-20.1268840178011,14.7408431915154));
#9001=CARTESIAN_POINT('Ctrl Pts',(30.68749812717,-20.0643840178011,12.8768829371192));
#9002=CARTESIAN_POINT('Ctrl Pts',(30.68749812717,-20.0018840178011,11.012922682723));
#9003=CARTESIAN_POINT('Ctrl Pts',(29.3694791913997,-19.9393840178012,9.69490374705276));
#9004=CARTESIAN_POINT('Ctrl Pts',(28.0514602557295,-19.8768840178012,8.37688481128247));
#9005=CARTESIAN_POINT('Ctrl Pts',(26.1875000013333,-19.8143840178011,8.37688481128247));
#9006=CARTESIAN_POINT('Ctrl Pts',(24.3235397469371,-19.7518840178011,8.37688481128247));
#9007=CARTESIAN_POINT('Ctrl Pts',(23.0055208112668,-19.6893840178011,9.69490374705276));
#9008=CARTESIAN_POINT('Ctrl Pts',(21.6875018754966,-19.6268840178011,11.012922682723));
#9009=CARTESIAN_POINT('Ctrl Pts',(21.6875018754966,-19.5643840178011,12.8768829371192));
#9010=CARTESIAN_POINT('Ctrl Pts',(21.6875018754966,-19.5018840178011,14.7408431915154));
#9011=CARTESIAN_POINT('Ctrl Pts',(23.0055208112668,-19.4393840178011,16.0588621271856));
#9012=CARTESIAN_POINT('Ctrl Pts',(24.3235397469371,-19.3768840178011,17.3768810629559));
#9013=CARTESIAN_POINT('Ctrl Pts',(26.1875000013333,-19.3143840178011,17.3768810629559));
#9014=CARTESIAN_POINT('Ctrl Pts',(28.0514602557295,-19.2518840178011,17.3768810629559));
#9015=CARTESIAN_POINT('Ctrl Pts',(29.3694791913997,-19.1893840178011,16.0588621271856));
#9016=CARTESIAN_POINT('Ctrl Pts',(30.68749812717,-19.1268840178011,14.7408431915154));
#9017=CARTESIAN_POINT('Ctrl Pts',(30.68749812717,-19.0643840178011,12.8768829371192));
#9018=CARTESIAN_POINT('Ctrl Pts',(30.68749812717,-19.0018840178011,11.012922682723));
#9019=CARTESIAN_POINT('Ctrl Pts',(29.3694791913997,-18.9393840178011,9.69490374705276));
#9020=CARTESIAN_POINT('Ctrl Pts',(28.0514602557295,-18.8768840178011,8.37688481128247));
#9021=CARTESIAN_POINT('Ctrl Pts',(26.1875000013333,-18.8143840178011,8.37688481128247));
#9022=CARTESIAN_POINT('Ctrl Pts',(24.3235397469371,-18.7518840178011,8.37688481128247));
#9023=CARTESIAN_POINT('Ctrl Pts',(23.0055208112668,-18.6893840178011,9.69490374705276));
#9024=CARTESIAN_POINT('Ctrl Pts',(21.6875018754966,-18.6268840178011,11.012922682723));
#9025=CARTESIAN_POINT('Ctrl Pts',(21.6875018754966,-18.5643840178011,12.8768829371192));
#9026=CARTESIAN_POINT('',(21.4168670638333,-18.4081329364525,12.8768829371192));
#9027=CARTESIAN_POINT('Origin',(26.1875000013333,-18.5643829357525,12.8768829371192));
#9028=CARTESIAN_POINT('Origin',(47.6875000013333,-21.8143829384525,-0.873117062880804));
#9029=CARTESIAN_POINT('',(13.4875000013333,-20.3143829384525,-0.873117062880797));
#9030=CARTESIAN_POINT('Origin',(15.1875000013333,-20.3143829384525,-0.873117062880797));
#9031=CARTESIAN_POINT('Origin',(46.1875000013333,-20.3143829384525,-0.873117062880804));
#9032=CARTESIAN_POINT('',(44.4875000013333,-20.3143829384525,-5.8731170628808));
#9033=CARTESIAN_POINT('Origin',(46.1875000013333,-20.3143829384525,-5.8731170628808));
#9034=CARTESIAN_POINT('',(44.4875000013333,-20.3143829384525,-0.873117062880803));
#9035=CARTESIAN_POINT('Origin',(46.1875000013333,10.6856170615475,-0.873117062880804));
#9036=CARTESIAN_POINT('',(44.4875000013378,10.6856170615475,-2.64811706287627));
#9037=CARTESIAN_POINT('Origin',(46.1875000013333,10.6856170615475,-2.6481170628808));
#9038=CARTESIAN_POINT('',(42.7125000013333,10.6856170615475,-0.873117062880803));
#9039=CARTESIAN_POINT('Origin',(25.000000372529,30.0000004470348,-4.8731170628808));
#9040=CARTESIAN_POINT('',(23.350000372529,30.0000004470348,-5.8731170628808));
#9041=CARTESIAN_POINT('Origin',(25.000000372529,30.0000004470348,-5.87311706288081));
#9042=CARTESIAN_POINT('',(23.350000372529,30.0000004470348,-4.8731170628808));
#9043=CARTESIAN_POINT('Origin',(27.6263146205527,22.8911729221569,-4.8731170628808));
#9044=CARTESIAN_POINT('',(25.9763146205527,22.8911729221569,-5.8731170628808));
#9045=CARTESIAN_POINT('Origin',(27.6263146205527,22.8911729221569,-5.87311706288081));
#9046=CARTESIAN_POINT('',(25.9763146205527,22.8911729221569,-4.8731170628808));
#9047=CARTESIAN_POINT('Origin',(37.000000551343,30.0000004470348,-4.8731170628808));
#9048=CARTESIAN_POINT('',(35.350000551343,30.0000004470348,-5.8731170628808));
#9049=CARTESIAN_POINT('Origin',(37.000000551343,30.0000004470348,-5.87311706288081));
#9050=CARTESIAN_POINT('',(35.350000551343,30.0000004470348,-4.8731170628808));
#9051=CARTESIAN_POINT('Origin',(-6.31249999866673,29.8146170615475,-0.473117062880799));
#9052=CARTESIAN_POINT('',(-6.31249999866673,33.8146170615475,-5.87311706288079));
#9053=CARTESIAN_POINT('',(-6.31249999866673,33.8146170615475,-0.473117062880799));
#9054=CARTESIAN_POINT('Origin',(-6.31249999866673,29.8146170615475,-5.8731170628808));
#9055=CARTESIAN_POINT('Origin',(49.1875000013333,33.8146170615475,-0.873117062880804));
#9056=CARTESIAN_POINT('',(47.6875000013333,33.8146170615475,-5.8731170628808));
#9057=CARTESIAN_POINT('',(47.6875000013333,33.8146170615475,-4.8731170628808));
#9058=CARTESIAN_POINT('',(49.1875000013333,33.8146170615475,-5.87311706288081));
#9059=CARTESIAN_POINT('Origin',(47.6875000013333,29.8146170615475,-0.873117062880804));
#9060=CARTESIAN_POINT('Origin',(47.6875000013333,29.8146170615475,-5.8731170628808));
#9061=CARTESIAN_POINT('Origin',(46.1875000013333,10.6856170615475,-0.873117062880804));
#9062=CARTESIAN_POINT('',(44.4875000013333,10.6856170615475,-5.8731170628808));
#9063=CARTESIAN_POINT('Origin',(46.1875000013333,10.6856170615475,-5.8731170628808));
#9064=CARTESIAN_POINT('',(44.4875000013333,10.6856170615475,-0.873117062880803));
#9065=CARTESIAN_POINT('Origin',(15.1875000013333,10.6856170615475,-0.873117062880797));
#9066=CARTESIAN_POINT('',(13.4875000013333,10.6856170615475,-5.8731170628808));
#9067=CARTESIAN_POINT('Origin',(15.1875000013333,10.6856170615475,-5.8731170628808));
#9068=CARTESIAN_POINT('',(13.4875000013333,10.6856170615475,-0.873117062880797));
#9069=CARTESIAN_POINT('Origin',(15.1875000013333,-20.3143829384525,-0.873117062880797));
#9070=CARTESIAN_POINT('',(13.4875000013333,-20.3143829384525,-5.8731170628808));
#9071=CARTESIAN_POINT('Origin',(15.1875000013333,-20.3143829384525,-5.8731170628808));
#9072=CARTESIAN_POINT('',(13.4875000013333,-20.3143829384525,-0.873117062880797));
#9073=CARTESIAN_POINT('Origin',(47.6875000013333,-21.8143829384525,-5.87311706288081));
#9074=UNCERTAINTY_MEASURE_WITH_UNIT(LENGTH_MEASURE(0.01),#9078,
'DISTANCE_ACCURACY_VALUE',
'Maximum model space distance between geometric entities at asserted c
onnectivities');
#9075=UNCERTAINTY_MEASURE_WITH_UNIT(LENGTH_MEASURE(0.01),#9078,
'DISTANCE_ACCURACY_VALUE',
'Maximum model space distance between geometric entities at asserted c
onnectivities');
#9076=(
GEOMETRIC_REPRESENTATION_CONTEXT(3)
GLOBAL_UNCERTAINTY_ASSIGNED_CONTEXT((#9074))
GLOBAL_UNIT_ASSIGNED_CONTEXT((#9078,#9080,#9081))
REPRESENTATION_CONTEXT('','3D')
);
#9077=(
GEOMETRIC_REPRESENTATION_CONTEXT(3)
GLOBAL_UNCERTAINTY_ASSIGNED_CONTEXT((#9075))
GLOBAL_UNIT_ASSIGNED_CONTEXT((#9078,#9080,#9081))
REPRESENTATION_CONTEXT('','3D')
);
#9078=(
LENGTH_UNIT()
NAMED_UNIT(*)
SI_UNIT(.MILLI.,.METRE.)
);
#9079=(
LENGTH_UNIT()
NAMED_UNIT(*)
SI_UNIT($,.METRE.)
);
#9080=(
NAMED_UNIT(*)
PLANE_ANGLE_UNIT()
SI_UNIT($,.RADIAN.)
);
#9081=(
NAMED_UNIT(*)
SI_UNIT($,.STERADIAN.)
SOLID_ANGLE_UNIT()
);
#9082=SHAPE_DEFINITION_REPRESENTATION(#9083,#9084);
#9083=PRODUCT_DEFINITION_SHAPE('',$,#9086);
#9084=SHAPE_REPRESENTATION('',(#3901),#9076);
#9085=PRODUCT_DEFINITION_CONTEXT('part definition',#9090,'design');
#9086=PRODUCT_DEFINITION('Extruder','Extruder',#9087,#9085);
#9087=PRODUCT_DEFINITION_FORMATION('',$,#9092);
#9088=PRODUCT_RELATED_PRODUCT_CATEGORY('Extruder','Extruder',(#9092));
#9089=APPLICATION_PROTOCOL_DEFINITION('international standard',
'automotive_design',2009,#9090);
#9090=APPLICATION_CONTEXT(
'Core Data for Automotive Mechanical Design Process');
#9091=PRODUCT_CONTEXT('part definition',#9090,'mechanical');
#9092=PRODUCT('Extruder','Extruder',$,(#9091));
#9093=PRESENTATION_STYLE_ASSIGNMENT((#9098));
#9094=PRESENTATION_STYLE_ASSIGNMENT((#9099));
#9095=PRESENTATION_STYLE_ASSIGNMENT((#9100));
#9096=PRESENTATION_STYLE_ASSIGNMENT((#9101));
#9097=PRESENTATION_STYLE_ASSIGNMENT((#9102));
#9098=SURFACE_STYLE_USAGE(.BOTH.,#9103);
#9099=SURFACE_STYLE_USAGE(.BOTH.,#9104);
#9100=SURFACE_STYLE_USAGE(.BOTH.,#9105);
#9101=SURFACE_STYLE_USAGE(.BOTH.,#9106);
#9102=SURFACE_STYLE_USAGE(.BOTH.,#9107);
#9103=SURFACE_SIDE_STYLE('',(#9108));
#9104=SURFACE_SIDE_STYLE('',(#9109));
#9105=SURFACE_SIDE_STYLE('',(#9110));
#9106=SURFACE_SIDE_STYLE('',(#9111));
#9107=SURFACE_SIDE_STYLE('',(#9112));
#9108=SURFACE_STYLE_FILL_AREA(#9113);
#9109=SURFACE_STYLE_FILL_AREA(#9114);
#9110=SURFACE_STYLE_FILL_AREA(#9115);
#9111=SURFACE_STYLE_FILL_AREA(#9116);
#9112=SURFACE_STYLE_FILL_AREA(#9117);
#9113=FILL_AREA_STYLE('Steel - Satin',(#9118));
#9114=FILL_AREA_STYLE('Opaque(255,0,0) (1)',(#9119));
#9115=FILL_AREA_STYLE('Opaque(255,0,0)',(#9120));
#9116=FILL_AREA_STYLE('Opaque(198,193,188)',(#9121));
#9117=FILL_AREA_STYLE('Opaque(23,57,107)',(#9122));
#9118=FILL_AREA_STYLE_COLOUR('Steel - Satin',#9123);
#9119=FILL_AREA_STYLE_COLOUR('Opaque(255,0,0) (1)',#9124);
#9120=FILL_AREA_STYLE_COLOUR('Opaque(255,0,0)',#9125);
#9121=FILL_AREA_STYLE_COLOUR('Opaque(198,193,188)',#9126);
#9122=FILL_AREA_STYLE_COLOUR('Opaque(23,57,107)',#9127);
#9123=COLOUR_RGB('Steel - Satin',0.627450980392157,0.627450980392157,0.627450980392157);
#9124=COLOUR_RGB('Opaque(255,0,0) (1)',0.125490196078431,0.12156862745098,
0.12156862745098);
#9125=COLOUR_RGB('Opaque(255,0,0)',1.,0.,0.);
#9126=COLOUR_RGB('Opaque(198,193,188)',0.776470588235294,0.756862745098039,
0.737254901960784);
#9127=COLOUR_RGB('Opaque(23,57,107)',0.0901960784313725,0.223529411764706,
0.419607843137255);
ENDSEC;
END-ISO-10303-21;
