solid ASCII
  facet normal -8.129212e-01 5.823737e-01 8.710478e-06
    outer loop
      vertex   3.823272e+01 -1.609677e+01 1.072691e+01
      vertex   3.823282e+01 -1.609665e+01 1.267543e+01
      vertex   3.843502e+01 -1.581438e+01 1.072688e+01
    endloop
  endfacet
  facet normal -8.129817e-01 5.822892e-01 -9.798680e-06
    outer loop
      vertex   3.843502e+01 -1.581438e+01 1.072688e+01
      vertex   3.823282e+01 -1.609665e+01 1.267543e+01
      vertex   3.843511e+01 -1.581422e+01 1.275353e+01
    endloop
  endfacet
  facet normal -9.004628e-01 4.349330e-01 6.157042e-06
    outer loop
      vertex   3.843502e+01 -1.581438e+01 1.072688e+01
      vertex   3.843511e+01 -1.581422e+01 1.275353e+01
      vertex   3.852993e+01 -1.561791e+01 1.279015e+01
    endloop
  endfacet
  facet normal -6.730429e-01 7.396035e-01 -8.711367e-06
    outer loop
      vertex   3.823282e+01 -1.609665e+01 1.267543e+01
      vertex   3.823272e+01 -1.609677e+01 1.072691e+01
      vertex   3.797588e+01 -1.633047e+01 1.257621e+01
    endloop
  endfacet
  facet normal -6.729785e-01 7.396620e-01 7.618149e-06
    outer loop
      vertex   3.797588e+01 -1.633047e+01 1.257621e+01
      vertex   3.823272e+01 -1.609677e+01 1.072691e+01
      vertex   3.797577e+01 -1.633055e+01 1.072692e+01
    endloop
  endfacet
  facet normal -5.032678e-01 8.641305e-01 -7.618931e-06
    outer loop
      vertex   3.797588e+01 -1.633047e+01 1.257621e+01
      vertex   3.797577e+01 -1.633055e+01 1.072692e+01
      vertex   3.767568e+01 -1.650531e+01 1.246029e+01
    endloop
  endfacet
  facet normal -5.032071e-01 8.641659e-01 6.463394e-06
    outer loop
      vertex   3.767568e+01 -1.650531e+01 1.246029e+01
      vertex   3.797577e+01 -1.633055e+01 1.072692e+01
      vertex   3.767558e+01 -1.650535e+01 1.072694e+01
    endloop
  endfacet
  facet normal -3.111828e-01 9.503501e-01 -6.464046e-06
    outer loop
      vertex   3.767568e+01 -1.650531e+01 1.246029e+01
      vertex   3.767558e+01 -1.650535e+01 1.072694e+01
      vertex   3.734553e+01 -1.661342e+01 1.233279e+01
    endloop
  endfacet
  facet normal -3.111317e-01 9.503668e-01 5.179855e-06
    outer loop
      vertex   3.734553e+01 -1.661342e+01 1.233279e+01
      vertex   3.767558e+01 -1.650535e+01 1.072694e+01
      vertex   3.734545e+01 -1.661343e+01 1.072695e+01
    endloop
  endfacet
  facet normal -1.053032e-01 9.944402e-01 -5.180359e-06
    outer loop
      vertex   3.734553e+01 -1.661342e+01 1.233279e+01
      vertex   3.734545e+01 -1.661343e+01 1.072695e+01
      vertex   3.700005e+01 -1.665000e+01 1.219937e+01
    endloop
  endfacet
  facet normal -1.052658e-01 9.944441e-01 3.689361e-06
    outer loop
      vertex   3.700005e+01 -1.665000e+01 1.219937e+01
      vertex   3.734545e+01 -1.661343e+01 1.072695e+01
      vertex   3.700000e+01 -1.665000e+01 1.072695e+01
    endloop
  endfacet
  facet normal 1.052444e-01 9.944464e-01 -3.689700e-06
    outer loop
      vertex   3.700005e+01 -1.665000e+01 1.219937e+01
      vertex   3.700000e+01 -1.665000e+01 1.072695e+01
      vertex   3.665458e+01 -1.661344e+01 1.206594e+01
    endloop
  endfacet
  facet normal 1.052658e-01 9.944441e-01 1.901493e-06
    outer loop
      vertex   3.665458e+01 -1.661344e+01 1.206594e+01
      vertex   3.700000e+01 -1.665000e+01 1.072695e+01
      vertex   3.665455e+01 -1.661343e+01 1.072695e+01
    endloop
  endfacet
  facet normal 3.111263e-01 9.503686e-01 -1.901655e-06
    outer loop
      vertex   3.665458e+01 -1.661344e+01 1.206594e+01
      vertex   3.665455e+01 -1.661343e+01 1.072695e+01
      vertex   3.632441e+01 -1.650535e+01 1.193843e+01
    endloop
  endfacet
  facet normal 3.111317e-01 9.503668e-01 -2.811073e-07
    outer loop
      vertex   3.632441e+01 -1.650535e+01 1.193843e+01
      vertex   3.665455e+01 -1.661343e+01 1.072695e+01
      vertex   3.632442e+01 -1.650535e+01 1.072694e+01
    endloop
  endfacet
  facet normal 5.032159e-01 8.641607e-01 2.811291e-07
    outer loop
      vertex   3.632441e+01 -1.650535e+01 1.193843e+01
      vertex   3.632442e+01 -1.650535e+01 1.072694e+01
      vertex   3.602420e+01 -1.633053e+01 1.182247e+01
    endloop
  endfacet
  facet normal 5.032071e-01 8.641659e-01 -2.946174e-06
    outer loop
      vertex   3.602420e+01 -1.633053e+01 1.182247e+01
      vertex   3.632442e+01 -1.650535e+01 1.072694e+01
      vertex   3.602423e+01 -1.633055e+01 1.072692e+01
    endloop
  endfacet
  facet normal 6.729785e-01 7.396620e-01 2.945657e-06
    outer loop
      vertex   3.602420e+01 -1.633053e+01 1.182247e+01
      vertex   3.602423e+01 -1.633055e+01 1.072692e+01
      vertex   3.576728e+01 -1.609677e+01 1.072691e+01
    endloop
  endfacet
  facet normal 6.729997e-01 7.396427e-01 -6.136229e-06
    outer loop
      vertex   3.602420e+01 -1.633053e+01 1.182247e+01
      vertex   3.576728e+01 -1.609677e+01 1.072691e+01
      vertex   3.576725e+01 -1.609673e+01 1.172321e+01
    endloop
  endfacet
  facet normal 8.129212e-01 5.823737e-01 6.135849e-06
    outer loop
      vertex   3.576725e+01 -1.609673e+01 1.172321e+01
      vertex   3.576728e+01 -1.609677e+01 1.072691e+01
      vertex   3.556498e+01 -1.581438e+01 1.072688e+01
    endloop
  endfacet
  facet normal 8.129478e-01 5.823365e-01 -9.801338e-06
    outer loop
      vertex   3.576725e+01 -1.609673e+01 1.172321e+01
      vertex   3.556498e+01 -1.581438e+01 1.072688e+01
      vertex   3.556494e+01 -1.581431e+01 1.164506e+01
    endloop
  endfacet
  facet normal 9.004443e-01 4.349714e-01 6.156094e-06
    outer loop
      vertex   3.556494e+01 -1.581431e+01 1.164506e+01
      vertex   3.556498e+01 -1.581438e+01 1.072688e+01
      vertex   3.547008e+01 -1.561794e+01 1.160842e+01
    endloop
  endfacet
  facet normal 9.185186e-01 3.952300e-01 1.080768e-02
    outer loop
      vertex   3.547008e+01 -1.561794e+01 1.160842e+01
      vertex   3.556498e+01 -1.581438e+01 1.072688e+01
      vertex   3.542200e+01 -1.548209e+01 1.072688e+01
    endloop
  endfacet
  facet normal 9.501864e-01 3.116589e-01 -3.798592e-03
    outer loop
      vertex   3.547008e+01 -1.561794e+01 1.160842e+01
      vertex   3.542200e+01 -1.548209e+01 1.072688e+01
      vertex   3.540167e+01 -1.540970e+01 1.158200e+01
    endloop
  endfacet
  facet normal 9.826006e-01 1.855736e-01 7.645396e-03
    outer loop
      vertex   3.540167e+01 -1.540970e+01 1.158200e+01
      vertex   3.542200e+01 -1.548209e+01 1.072688e+01
      vertex   3.535487e+01 -1.512663e+01 1.072688e+01
    endloop
  endfacet
  facet normal 9.830067e-01 1.834391e-01 6.916571e-03
    outer loop
      vertex   3.540167e+01 -1.540970e+01 1.158200e+01
      vertex   3.535487e+01 -1.512663e+01 1.072688e+01
      vertex   3.536130e+01 -1.519273e+01 1.156641e+01
    endloop
  endfacet
  facet normal 9.987390e-01 5.006752e-02 -3.705824e-03
    outer loop
      vertex   3.536130e+01 -1.519273e+01 1.156641e+01
      vertex   3.535487e+01 -1.512663e+01 1.072688e+01
      vertex   3.535023e+01 -1.497235e+01 1.156214e+01
    endloop
  endfacet
  facet normal 9.993871e-01 -3.301281e-02 1.164296e-02
    outer loop
      vertex   3.535023e+01 -1.497235e+01 1.156214e+01
      vertex   3.535487e+01 -1.512663e+01 1.072688e+01
      vertex   3.536681e+01 -1.476508e+01 1.072688e+01
    endloop
  endfacet
  facet normal 9.964931e-01 -8.366914e-02 -9.853190e-04
    outer loop
      vertex   3.535023e+01 -1.497235e+01 1.156214e+01
      vertex   3.536681e+01 -1.476508e+01 1.072688e+01
      vertex   3.536874e+01 -1.475204e+01 1.156928e+01
    endloop
  endfacet
  facet normal 9.764197e-01 -2.158783e-01 1.106380e-03
    outer loop
      vertex   3.536874e+01 -1.475204e+01 1.156928e+01
      vertex   3.536681e+01 -1.476508e+01 1.072688e+01
      vertex   3.541617e+01 -1.453742e+01 1.158760e+01
    endloop
  endfacet
  facet normal 9.681856e-01 -2.500082e-01 1.060570e-02
    outer loop
      vertex   3.541617e+01 -1.453742e+01 1.158760e+01
      vertex   3.536681e+01 -1.476508e+01 1.072688e+01
      vertex   3.545725e+01 -1.441482e+01 1.072688e+01
    endloop
  endfacet
  facet normal 9.393725e-01 -3.428750e-01 -3.997956e-03
    outer loop
      vertex   3.541617e+01 -1.453742e+01 1.158760e+01
      vertex   3.545725e+01 -1.441482e+01 1.072688e+01
      vertex   3.549129e+01 -1.433195e+01 1.161661e+01
    endloop
  endfacet
  facet normal 8.904546e-01 -4.549960e-01 8.316374e-03
    outer loop
      vertex   3.549129e+01 -1.433195e+01 1.161661e+01
      vertex   3.545725e+01 -1.441482e+01 1.072688e+01
      vertex   3.562185e+01 -1.409269e+01 1.072688e+01
    endloop
  endfacet
  facet normal 8.852360e-01 -4.651170e-01 4.828900e-03
    outer loop
      vertex   3.549129e+01 -1.433195e+01 1.161661e+01
      vertex   3.562185e+01 -1.409269e+01 1.072688e+01
      vertex   3.559246e+01 -1.413898e+01 1.165569e+01
    endloop
  endfacet
  facet normal 8.174886e-01 -5.759377e-01 -2.838502e-03
    outer loop
      vertex   3.559246e+01 -1.413898e+01 1.165569e+01
      vertex   3.562185e+01 -1.409269e+01 1.072688e+01
      vertex   3.571677e+01 -1.396278e+01 1.170369e+01
    endloop
  endfacet
  facet normal 7.698894e-01 -6.380982e-01 1.005320e-02
    outer loop
      vertex   3.571677e+01 -1.396278e+01 1.170369e+01
      vertex   3.562185e+01 -1.409269e+01 1.072688e+01
      vertex   3.585270e+01 -1.381417e+01 1.072688e+01
    endloop
  endfacet
  facet normal 7.354027e-01 -6.776299e-01 -7.602559e-04
    outer loop
      vertex   3.571677e+01 -1.396278e+01 1.170369e+01
      vertex   3.585270e+01 -1.381417e+01 1.072688e+01
      vertex   3.586195e+01 -1.380529e+01 1.175976e+01
    endloop
  endfacet
  facet normal 6.415323e-01 -7.670956e-01 8.501042e-04
    outer loop
      vertex   3.586195e+01 -1.380529e+01 1.175976e+01
      vertex   3.585270e+01 -1.381417e+01 1.072688e+01
      vertex   3.602481e+01 -1.366902e+01 1.182266e+01
    endloop
  endfacet
  facet normal 6.123410e-01 -7.905476e-01 8.541725e-03
    outer loop
      vertex   3.602481e+01 -1.366902e+01 1.182266e+01
      vertex   3.585270e+01 -1.381417e+01 1.072688e+01
      vertex   3.613868e+01 -1.359265e+01 1.072688e+01
    endloop
  endfacet
  facet normal 5.391171e-01 -8.422266e-01 -2.669593e-03
    outer loop
      vertex   3.602481e+01 -1.366902e+01 1.182266e+01
      vertex   3.613868e+01 -1.359265e+01 1.072688e+01
      vertex   3.620209e+01 -1.355575e+01 1.189113e+01
    endloop
  endfacet
  facet normal 4.253578e-01 -9.050085e-01 5.515417e-03
    outer loop
      vertex   3.620209e+01 -1.355575e+01 1.189113e+01
      vertex   3.613868e+01 -1.359265e+01 1.072688e+01
      vertex   3.646607e+01 -1.343878e+01 1.072688e+01
    endloop
  endfacet
  facet normal 4.253379e-01 -9.050178e-01 5.509970e-03
    outer loop
      vertex   3.620209e+01 -1.355575e+01 1.189113e+01
      vertex   3.646607e+01 -1.343878e+01 1.072688e+01
      vertex   3.639133e+01 -1.346637e+01 1.196421e+01
    endloop
  endfacet
  facet normal 3.102975e-01 -9.506363e-01 -2.456878e-03
    outer loop
      vertex   3.639133e+01 -1.346637e+01 1.196421e+01
      vertex   3.646607e+01 -1.343878e+01 1.072688e+01
      vertex   3.658956e+01 -1.340186e+01 1.204077e+01
    endloop
  endfacet
  facet normal 2.179142e-01 -9.759433e-01 6.936733e-03
    outer loop
      vertex   3.658956e+01 -1.340186e+01 1.204077e+01
      vertex   3.646607e+01 -1.343878e+01 1.072688e+01
      vertex   3.681913e+01 -1.335994e+01 1.072688e+01
    endloop
  endfacet
  facet normal 1.868207e-01 -9.823932e-01 1.298159e-03
    outer loop
      vertex   3.658956e+01 -1.340186e+01 1.204077e+01
      vertex   3.681913e+01 -1.335994e+01 1.072688e+01
      vertex   3.679356e+01 -1.336297e+01 1.211955e+01
    endloop
  endfacet
  facet normal 6.293568e-02 -9.980171e-01 -1.010023e-03
    outer loop
      vertex   3.679356e+01 -1.336297e+01 1.211955e+01
      vertex   3.681913e+01 -1.335994e+01 1.072688e+01
      vertex   3.700044e+01 -1.335000e+01 1.219945e+01
    endloop
  endfacet
  facet normal -3.427446e-12 -9.999772e-01 6.752402e-03
    outer loop
      vertex   3.700044e+01 -1.335000e+01 1.219945e+01
      vertex   3.681913e+01 -1.335994e+01 1.072688e+01
      vertex   3.718087e+01 -1.335994e+01 1.072688e+01
    endloop
  endfacet
  facet normal -6.271947e-02 -9.980307e-01 -9.456444e-04
    outer loop
      vertex   3.700044e+01 -1.335000e+01 1.219945e+01
      vertex   3.718087e+01 -1.335994e+01 1.072688e+01
      vertex   3.720732e+01 -1.336308e+01 1.227935e+01
    endloop
  endfacet
  facet normal -1.882876e-01 -9.821132e-01 1.225663e-03
    outer loop
      vertex   3.720732e+01 -1.336308e+01 1.227935e+01
      vertex   3.718087e+01 -1.335994e+01 1.072688e+01
      vertex   3.741129e+01 -1.340208e+01 1.235813e+01
    endloop
  endfacet
  facet normal -2.179161e-01 -9.759516e-01 5.569970e-03
    outer loop
      vertex   3.741129e+01 -1.340208e+01 1.235813e+01
      vertex   3.718087e+01 -1.335994e+01 1.072688e+01
      vertex   3.753393e+01 -1.343878e+01 1.072688e+01
    endloop
  endfacet
  facet normal -3.092877e-01 -9.509667e-01 -1.861157e-03
    outer loop
      vertex   3.741129e+01 -1.340208e+01 1.235813e+01
      vertex   3.753393e+01 -1.343878e+01 1.072688e+01
      vertex   3.760947e+01 -1.346669e+01 1.243466e+01
    endloop
  endfacet
  facet normal -4.253608e-01 -9.050149e-01 4.023993e-03
    outer loop
      vertex   3.760947e+01 -1.346669e+01 1.243466e+01
      vertex   3.753393e+01 -1.343878e+01 1.072688e+01
      vertex   3.786132e+01 -1.359265e+01 1.072688e+01
    endloop
  endfacet
  facet normal -4.286519e-01 -9.034632e-01 3.424206e-03
    outer loop
      vertex   3.760947e+01 -1.346669e+01 1.243466e+01
      vertex   3.786132e+01 -1.359265e+01 1.072688e+01
      vertex   3.779870e+01 -1.355619e+01 1.250774e+01
    endloop
  endfacet
  facet normal -5.385605e-01 -8.425852e-01 -1.686446e-03
    outer loop
      vertex   3.779870e+01 -1.355619e+01 1.250774e+01
      vertex   3.786132e+01 -1.359265e+01 1.072688e+01
      vertex   3.797642e+01 -1.366992e+01 1.257638e+01
    endloop
  endfacet
  facet normal -6.123555e-01 -7.905663e-01 5.079617e-03
    outer loop
      vertex   3.797642e+01 -1.366992e+01 1.257638e+01
      vertex   3.786132e+01 -1.359265e+01 1.072688e+01
      vertex   3.814731e+01 -1.381417e+01 1.072688e+01
    endloop
  endfacet
  facet normal -6.424719e-01 -7.663091e-01 4.051274e-04
    outer loop
      vertex   3.797642e+01 -1.366992e+01 1.257638e+01
      vertex   3.814731e+01 -1.381417e+01 1.072688e+01
      vertex   3.813909e+01 -1.380627e+01 1.263920e+01
    endloop
  endfacet
  facet normal -7.356992e-01 -6.773083e-01 -3.630348e-04
    outer loop
      vertex   3.813909e+01 -1.380627e+01 1.263920e+01
      vertex   3.814731e+01 -1.381417e+01 1.072688e+01
      vertex   3.828385e+01 -1.396354e+01 1.269511e+01
    endloop
  endfacet
  facet normal -7.699187e-01 -6.381225e-01 4.984759e-03
    outer loop
      vertex   3.828385e+01 -1.396354e+01 1.269511e+01
      vertex   3.814731e+01 -1.381417e+01 1.072688e+01
      vertex   3.837815e+01 -1.409269e+01 1.072688e+01
    endloop
  endfacet
  facet normal -8.173955e-01 -5.760753e-01 -1.361200e-03
    outer loop
      vertex   3.828385e+01 -1.396354e+01 1.269511e+01
      vertex   3.837815e+01 -1.409269e+01 1.072688e+01
      vertex   3.840831e+01 -1.414025e+01 1.274317e+01
    endloop
  endfacet
  facet normal -8.861721e-01 -4.633504e-01 2.326216e-03
    outer loop
      vertex   3.840831e+01 -1.414025e+01 1.274317e+01
      vertex   3.837815e+01 -1.409269e+01 1.072688e+01
      vertex   3.850910e+01 -1.433283e+01 1.278210e+01
    endloop
  endfacet
  facet normal -8.904797e-01 -4.550088e-01 3.575344e-03
    outer loop
      vertex   3.850910e+01 -1.433283e+01 1.278210e+01
      vertex   3.837815e+01 -1.409269e+01 1.072688e+01
      vertex   3.854275e+01 -1.441482e+01 1.072688e+01
    endloop
  endfacet
  facet normal -9.392953e-01 -3.431056e-01 -1.688037e-03
    outer loop
      vertex   3.850910e+01 -1.433283e+01 1.278210e+01
      vertex   3.854275e+01 -1.441482e+01 1.072688e+01
      vertex   3.858403e+01 -1.453810e+01 1.281104e+01
    endloop
  endfacet
  facet normal -9.682308e-01 -2.500198e-01 4.391103e-03
    outer loop
      vertex   3.858403e+01 -1.453810e+01 1.281104e+01
      vertex   3.854275e+01 -1.441482e+01 1.072688e+01
      vertex   3.863319e+01 -1.476508e+01 1.072688e+01
    endloop
  endfacet
  facet normal -9.765800e-01 -2.151541e-01 3.970047e-04
    outer loop
      vertex   3.858403e+01 -1.453810e+01 1.281104e+01
      vertex   3.863319e+01 -1.476508e+01 1.072688e+01
      vertex   3.863146e+01 -1.475334e+01 1.282936e+01
    endloop
  endfacet
  facet normal -9.965368e-01 -8.315259e-02 -3.565945e-04
    outer loop
      vertex   3.863146e+01 -1.475334e+01 1.282936e+01
      vertex   3.863319e+01 -1.476508e+01 1.072688e+01
      vertex   3.864978e+01 -1.497291e+01 1.283643e+01
    endloop
  endfacet
  facet normal -9.994443e-01 -3.301470e-02 4.605704e-03
    outer loop
      vertex   3.864978e+01 -1.497291e+01 1.283643e+01
      vertex   3.863319e+01 -1.476508e+01 1.072688e+01
      vertex   3.864513e+01 -1.512663e+01 1.072688e+01
    endloop
  endfacet
  facet normal -9.987267e-01 5.042639e-02 -1.476247e-03
    outer loop
      vertex   3.864978e+01 -1.497291e+01 1.283643e+01
      vertex   3.864513e+01 -1.512663e+01 1.072688e+01
      vertex   3.863867e+01 -1.519304e+01 1.283214e+01
    endloop
  endfacet
  facet normal -9.831227e-01 1.829266e-01 2.751516e-03
    outer loop
      vertex   3.863867e+01 -1.519304e+01 1.283214e+01
      vertex   3.864513e+01 -1.512663e+01 1.072688e+01
      vertex   3.859827e+01 -1.540992e+01 1.281654e+01
    endloop
  endfacet
  facet normal -9.826245e-01 1.855782e-01 3.122157e-03
    outer loop
      vertex   3.859827e+01 -1.540992e+01 1.281654e+01
      vertex   3.864513e+01 -1.512663e+01 1.072688e+01
      vertex   3.857800e+01 -1.548209e+01 1.072688e+01
    endloop
  endfacet
  facet normal -9.499706e-01 3.123353e-01 -1.572178e-03
    outer loop
      vertex   3.859827e+01 -1.540992e+01 1.281654e+01
      vertex   3.857800e+01 -1.548209e+01 1.072688e+01
      vertex   3.852993e+01 -1.561791e+01 1.279015e+01
    endloop
  endfacet
  facet normal -9.185625e-01 3.952488e-01 4.617606e-03
    outer loop
      vertex   3.852993e+01 -1.561791e+01 1.279015e+01
      vertex   3.857800e+01 -1.548209e+01 1.072688e+01
      vertex   3.843502e+01 -1.581438e+01 1.072688e+01
    endloop
  endfacet
  facet normal -2.841044e-16 5.468036e-15 -1.000000e+00
    outer loop
      vertex   3.843502e+01 -1.581438e+01 1.072688e+01
      vertex   3.857800e+01 -1.548209e+01 1.072688e+01
      vertex   4.468750e+01 -1.581438e+01 1.072688e+01
    endloop
  endfacet
  facet normal -5.755941e-16 1.087065e-16 -1.000000e+00
    outer loop
      vertex   4.468750e+01 -1.581438e+01 1.072688e+01
      vertex   3.857800e+01 -1.548209e+01 1.072688e+01
      vertex   3.864513e+01 -1.512663e+01 1.072688e+01
    endloop
  endfacet
  facet normal -5.901864e-16 -1.949566e-17 -1.000000e+00
    outer loop
      vertex   4.468750e+01 -1.581438e+01 1.072688e+01
      vertex   3.864513e+01 -1.512663e+01 1.072688e+01
      vertex   3.863319e+01 -1.476508e+01 1.072688e+01
    endloop
  endfacet
  facet normal -6.142999e-16 -1.586266e-16 -1.000000e+00
    outer loop
      vertex   3.863319e+01 -1.476508e+01 1.072688e+01
      vertex   3.854275e+01 -1.441482e+01 1.072688e+01
      vertex   4.468750e+01 -1.581438e+01 1.072688e+01
    endloop
  endfacet
  facet normal -6.543210e-16 -3.343387e-16 -1.000000e+00
    outer loop
      vertex   4.468750e+01 -1.581438e+01 1.072688e+01
      vertex   3.854275e+01 -1.441482e+01 1.072688e+01
      vertex   3.837815e+01 -1.409269e+01 1.072688e+01
    endloop
  endfacet
  facet normal -5.630869e-16 -8.335360e-31 -1.000000e+00
    outer loop
      vertex   4.468750e+01 -1.581438e+01 1.072688e+01
      vertex   3.837815e+01 -1.409269e+01 1.072688e+01
      vertex   4.468750e+01 -1.101438e+01 1.072688e+01
    endloop
  endfacet
  facet normal -4.009514e-16 -3.323157e-16 -1.000000e+00
    outer loop
      vertex   4.468750e+01 -1.101438e+01 1.072688e+01
      vertex   3.837815e+01 -1.409269e+01 1.072688e+01
      vertex   3.814731e+01 -1.381417e+01 1.072688e+01
    endloop
  endfacet
  facet normal -3.498559e-16 -4.516728e-16 -1.000000e+00
    outer loop
      vertex   4.468750e+01 -1.101438e+01 1.072688e+01
      vertex   3.814731e+01 -1.381417e+01 1.072688e+01
      vertex   3.786132e+01 -1.359265e+01 1.072688e+01
    endloop
  endfacet
  facet normal -2.885615e-16 -6.139551e-16 -1.000000e+00
    outer loop
      vertex   3.786132e+01 -1.359265e+01 1.072688e+01
      vertex   3.753393e+01 -1.343878e+01 1.072688e+01
      vertex   4.468750e+01 -1.101438e+01 1.072688e+01
    endloop
  endfacet
  facet normal -1.972483e-16 -8.833897e-16 -1.000000e+00
    outer loop
      vertex   4.468750e+01 -1.101438e+01 1.072688e+01
      vertex   3.753393e+01 -1.343878e+01 1.072688e+01
      vertex   3.718087e+01 -1.335994e+01 1.072688e+01
    endloop
  endfacet
  facet normal -4.633974e-16 -3.161823e-17 -1.000000e+00
    outer loop
      vertex   4.468750e+01 -1.101438e+01 1.072688e+01
      vertex   3.718087e+01 -1.335994e+01 1.072688e+01
      vertex   3.318750e+01 -1.101438e+01 1.072688e+01
    endloop
  endfacet
  facet normal 2.595757e-27 7.573271e-16 -1.000000e+00
    outer loop
      vertex   3.318750e+01 -1.101438e+01 1.072688e+01
      vertex   3.718087e+01 -1.335994e+01 1.072688e+01
      vertex   3.681913e+01 -1.335994e+01 1.072688e+01
    endloop
  endfacet
  facet normal -1.256586e-16 5.627702e-16 -1.000000e+00
    outer loop
      vertex   3.318750e+01 -1.101438e+01 1.072688e+01
      vertex   3.681913e+01 -1.335994e+01 1.072688e+01
      vertex   3.646607e+01 -1.343878e+01 1.072688e+01
    endloop
  endfacet
  facet normal -2.105484e-16 4.479713e-16 -1.000000e+00
    outer loop
      vertex   3.646607e+01 -1.343878e+01 1.072688e+01
      vertex   3.613868e+01 -1.359265e+01 1.072688e+01
      vertex   3.318750e+01 -1.101438e+01 1.072688e+01
    endloop
  endfacet
  facet normal -2.828687e-16 3.651906e-16 -1.000000e+00
    outer loop
      vertex   3.318750e+01 -1.101438e+01 1.072688e+01
      vertex   3.613868e+01 -1.359265e+01 1.072688e+01
      vertex   3.585270e+01 -1.381417e+01 1.072688e+01
    endloop
  endfacet
  facet normal -3.562896e-16 2.952993e-16 -1.000000e+00
    outer loop
      vertex   3.318750e+01 -1.101438e+01 1.072688e+01
      vertex   3.585270e+01 -1.381417e+01 1.072688e+01
      vertex   3.562185e+01 -1.409269e+01 1.072688e+01
    endloop
  endfacet
  facet normal -1.197673e-15 -3.700743e-16 -1.000000e+00
    outer loop
      vertex   3.318750e+01 -1.101438e+01 1.072688e+01
      vertex   3.562185e+01 -1.409269e+01 1.072688e+01
      vertex   3.318750e+01 -1.581438e+01 1.072688e+01
    endloop
  endfacet
  facet normal -2.285262e-15 1.167702e-15 -1.000000e+00
    outer loop
      vertex   3.318750e+01 -1.581438e+01 1.072688e+01
      vertex   3.562185e+01 -1.409269e+01 1.072688e+01
      vertex   3.545725e+01 -1.441482e+01 1.072688e+01
    endloop
  endfacet
  facet normal -1.861663e-15 4.807249e-16 -1.000000e+00
    outer loop
      vertex   3.318750e+01 -1.581438e+01 1.072688e+01
      vertex   3.545725e+01 -1.441482e+01 1.072688e+01
      vertex   3.536681e+01 -1.476508e+01 1.072688e+01
    endloop
  endfacet
  facet normal -1.656549e-15 5.472086e-17 -1.000000e+00
    outer loop
      vertex   3.536681e+01 -1.476508e+01 1.072688e+01
      vertex   3.535487e+01 -1.512663e+01 1.072688e+01
      vertex   3.318750e+01 -1.581438e+01 1.072688e+01
    endloop
  endfacet
  facet normal -1.546503e-15 -2.920721e-16 -1.000000e+00
    outer loop
      vertex   3.318750e+01 -1.581438e+01 1.072688e+01
      vertex   3.535487e+01 -1.512663e+01 1.072688e+01
      vertex   3.542200e+01 -1.548209e+01 1.072688e+01
    endloop
  endfacet
  facet normal -2.241478e-15 4.381301e-15 -1.000000e+00
    outer loop
      vertex   3.318750e+01 -1.581438e+01 1.072688e+01
      vertex   3.542200e+01 -1.548209e+01 1.072688e+01
      vertex   3.556498e+01 -1.581438e+01 1.072688e+01
    endloop
  endfacet
  facet normal -3.602691e-01 1.150804e-14 9.328484e-01
    outer loop
      vertex   3.556494e+01 -1.581431e+01 1.164506e+01
      vertex   3.547008e+01 -1.561794e+01 1.160842e+01
      vertex   3.318750e+01 -1.581438e+01 1.072688e+01
    endloop
  endfacet
  facet normal -3.602691e-01 3.814106e-15 9.328484e-01
    outer loop
      vertex   3.318750e+01 -1.581438e+01 1.072688e+01
      vertex   3.547008e+01 -1.561794e+01 1.160842e+01
      vertex   3.540167e+01 -1.540970e+01 1.158200e+01
    endloop
  endfacet
  facet normal -3.602691e-01 -4.169810e-15 9.328484e-01
    outer loop
      vertex   3.318750e+01 -1.581438e+01 1.072688e+01
      vertex   3.540167e+01 -1.540970e+01 1.158200e+01
      vertex   3.536130e+01 -1.519273e+01 1.156641e+01
    endloop
  endfacet
  facet normal -3.602691e-01 6.973277e-15 9.328484e-01
    outer loop
      vertex   3.536130e+01 -1.519273e+01 1.156641e+01
      vertex   3.535023e+01 -1.497235e+01 1.156214e+01
      vertex   3.318750e+01 -1.581438e+01 1.072688e+01
    endloop
  endfacet
  facet normal -3.602691e-01 -1.033665e-14 9.328484e-01
    outer loop
      vertex   3.318750e+01 -1.581438e+01 1.072688e+01
      vertex   3.535023e+01 -1.497235e+01 1.156214e+01
      vertex   3.536874e+01 -1.475204e+01 1.156928e+01
    endloop
  endfacet
  facet normal -3.602691e-01 -6.445823e-15 9.328484e-01
    outer loop
      vertex   3.318750e+01 -1.581438e+01 1.072688e+01
      vertex   3.536874e+01 -1.475204e+01 1.156928e+01
      vertex   3.541617e+01 -1.453742e+01 1.158760e+01
    endloop
  endfacet
  facet normal -3.602691e-01 2.002650e-15 9.328484e-01
    outer loop
      vertex   3.541617e+01 -1.453742e+01 1.158760e+01
      vertex   3.549129e+01 -1.433195e+01 1.161661e+01
      vertex   3.318750e+01 -1.581438e+01 1.072688e+01
    endloop
  endfacet
  facet normal -3.602691e-01 2.031173e-15 9.328484e-01
    outer loop
      vertex   3.318750e+01 -1.581438e+01 1.072688e+01
      vertex   3.549129e+01 -1.433195e+01 1.161661e+01
      vertex   3.502026e+01 -1.290870e+01 1.143470e+01
    endloop
  endfacet
  facet normal -3.602691e-01 3.452233e-16 9.328484e-01
    outer loop
      vertex   3.318750e+01 -1.581438e+01 1.072688e+01
      vertex   3.502026e+01 -1.290870e+01 1.143470e+01
      vertex   3.318750e+01 -1.101438e+01 1.072688e+01
    endloop
  endfacet
  facet normal -3.602691e-01 -8.517271e-15 9.328484e-01
    outer loop
      vertex   3.318750e+01 -1.101438e+01 1.072688e+01
      vertex   3.502026e+01 -1.290870e+01 1.143470e+01
      vertex   3.502026e+01 -1.261678e+01 1.143470e+01
    endloop
  endfacet
  facet normal -3.602695e-01 -5.626348e-07 9.328483e-01
    outer loop
      vertex   3.318750e+01 -1.101438e+01 1.072688e+01
      vertex   3.502026e+01 -1.261678e+01 1.143470e+01
      vertex   3.375249e+01 -1.101438e+01 1.094508e+01
    endloop
  endfacet
  facet normal -3.602724e-01 -3.203949e-06 9.328472e-01
    outer loop
      vertex   3.375249e+01 -1.101438e+01 1.094508e+01
      vertex   3.502026e+01 -1.261678e+01 1.143470e+01
      vertex   3.426039e+01 -1.101438e+01 1.114124e+01
    endloop
  endfacet
  facet normal -3.602665e-01 -5.950672e-16 9.328494e-01
    outer loop
      vertex   3.426039e+01 -1.101438e+01 1.114124e+01
      vertex   3.502026e+01 -1.261678e+01 1.143470e+01
      vertex   3.502026e+01 -1.112801e+01 1.143470e+01
    endloop
  endfacet
  facet normal -3.602888e-01 -1.715988e-04 9.328408e-01
    outer loop
      vertex   3.426039e+01 -1.101438e+01 1.114124e+01
      vertex   3.502026e+01 -1.112801e+01 1.143470e+01
      vertex   3.563546e+01 -1.101438e+01 1.167233e+01
    endloop
  endfacet
  facet normal -3.602702e-01 -2.874287e-04 9.328480e-01
    outer loop
      vertex   3.563546e+01 -1.101438e+01 1.167233e+01
      vertex   3.502026e+01 -1.112801e+01 1.143470e+01
      vertex   3.685303e+01 -1.113655e+01 1.214252e+01
    endloop
  endfacet
  facet normal -3.603103e-01 -7.480203e-04 9.328322e-01
    outer loop
      vertex   3.563546e+01 -1.101438e+01 1.167233e+01
      vertex   3.685303e+01 -1.113655e+01 1.214252e+01
      vertex   3.599874e+01 -1.101438e+01 1.181265e+01
    endloop
  endfacet
  facet normal -3.602173e-01 0.000000e+00 9.328684e-01
    outer loop
      vertex   3.599874e+01 -1.101438e+01 1.181265e+01
      vertex   3.685303e+01 -1.113655e+01 1.214252e+01
      vertex   3.685303e+01 -1.102676e+01 1.214252e+01
    endloop
  endfacet
  facet normal -3.603074e-01 -8.075804e-03 9.327987e-01
    outer loop
      vertex   3.599874e+01 -1.101438e+01 1.181265e+01
      vertex   3.685303e+01 -1.102676e+01 1.214252e+01
      vertex   3.638754e+01 -1.101438e+01 1.196283e+01
    endloop
  endfacet
  facet normal -3.603142e-01 -8.412623e-03 9.327931e-01
    outer loop
      vertex   3.638754e+01 -1.101438e+01 1.196283e+01
      vertex   3.685303e+01 -1.102676e+01 1.214252e+01
      vertex   3.681071e+01 -1.101438e+01 1.212629e+01
    endloop
  endfacet
  facet normal -3.603207e-01 -8.438360e-03 9.327903e-01
    outer loop
      vertex   3.681071e+01 -1.101438e+01 1.212629e+01
      vertex   3.685303e+01 -1.102676e+01 1.214252e+01
      vertex   3.725742e+01 -1.101438e+01 1.229884e+01
    endloop
  endfacet
  facet normal -3.602922e-01 -9.393279e-03 9.327922e-01
    outer loop
      vertex   3.725742e+01 -1.101438e+01 1.229884e+01
      vertex   3.685303e+01 -1.102676e+01 1.214252e+01
      vertex   3.868579e+01 -1.103551e+01 1.285034e+01
    endloop
  endfacet
  facet normal -3.602922e-01 -9.393279e-03 9.327922e-01
    outer loop
      vertex   3.725742e+01 -1.101438e+01 1.229884e+01
      vertex   3.868579e+01 -1.103551e+01 1.285034e+01
      vertex   4.051856e+01 -1.104425e+01 1.355816e+01
    endloop
  endfacet
  facet normal -3.602691e-01 0.000000e+00 9.328484e-01
    outer loop
      vertex   4.051856e+01 -1.104425e+01 1.355816e+01
      vertex   3.868579e+01 -1.103551e+01 1.285034e+01
      vertex   3.868579e+01 -1.114510e+01 1.285034e+01
    endloop
  endfacet
  facet normal -3.602691e-01 -4.680262e-14 9.328484e-01
    outer loop
      vertex   4.051856e+01 -1.104425e+01 1.355816e+01
      vertex   3.868579e+01 -1.114510e+01 1.285034e+01
      vertex   4.051856e+01 -1.115364e+01 1.355816e+01
    endloop
  endfacet
  facet normal -3.602691e-01 -6.095406e-16 9.328484e-01
    outer loop
      vertex   4.051856e+01 -1.115364e+01 1.355816e+01
      vertex   3.868579e+01 -1.114510e+01 1.285034e+01
      vertex   3.868579e+01 -1.262841e+01 1.285034e+01
    endloop
  endfacet
  facet normal -3.602691e-01 5.094486e-16 9.328484e-01
    outer loop
      vertex   4.051856e+01 -1.115364e+01 1.355816e+01
      vertex   3.868579e+01 -1.262841e+01 1.285034e+01
      vertex   4.051856e+01 -1.263422e+01 1.355816e+01
    endloop
  endfacet
  facet normal -3.602691e-01 0.000000e+00 9.328484e-01
    outer loop
      vertex   4.051856e+01 -1.263422e+01 1.355816e+01
      vertex   3.868579e+01 -1.262841e+01 1.285034e+01
      vertex   3.868579e+01 -1.291926e+01 1.285034e+01
    endloop
  endfacet
  facet normal -3.602691e-01 0.000000e+00 9.328484e-01
    outer loop
      vertex   4.051856e+01 -1.263422e+01 1.355816e+01
      vertex   3.868579e+01 -1.291926e+01 1.285034e+01
      vertex   4.051856e+01 -1.292453e+01 1.355816e+01
    endloop
  endfacet
  facet normal -3.602691e-01 -2.270201e-15 9.328484e-01
    outer loop
      vertex   4.051856e+01 -1.292453e+01 1.355816e+01
      vertex   3.868579e+01 -1.291926e+01 1.285034e+01
      vertex   3.828385e+01 -1.396354e+01 1.269511e+01
    endloop
  endfacet
  facet normal -3.602691e-01 -3.951472e-15 9.328484e-01
    outer loop
      vertex   4.051856e+01 -1.292453e+01 1.355816e+01
      vertex   3.828385e+01 -1.396354e+01 1.269511e+01
      vertex   3.840831e+01 -1.414025e+01 1.274317e+01
    endloop
  endfacet
  facet normal -3.602691e-01 9.342047e-15 9.328484e-01
    outer loop
      vertex   3.549129e+01 -1.433195e+01 1.161661e+01
      vertex   3.559246e+01 -1.413898e+01 1.165569e+01
      vertex   3.502026e+01 -1.290870e+01 1.143470e+01
    endloop
  endfacet
  facet normal -3.602691e-01 -1.061182e-14 9.328484e-01
    outer loop
      vertex   3.502026e+01 -1.290870e+01 1.143470e+01
      vertex   3.559246e+01 -1.413898e+01 1.165569e+01
      vertex   3.571677e+01 -1.396278e+01 1.170369e+01
    endloop
  endfacet
  facet normal -3.602691e-01 1.064325e-14 9.328484e-01
    outer loop
      vertex   3.502026e+01 -1.290870e+01 1.143470e+01
      vertex   3.571677e+01 -1.396278e+01 1.170369e+01
      vertex   3.586195e+01 -1.380529e+01 1.175976e+01
    endloop
  endfacet
  facet normal -3.602691e-01 -7.051096e-15 9.328484e-01
    outer loop
      vertex   3.586195e+01 -1.380529e+01 1.175976e+01
      vertex   3.602481e+01 -1.366902e+01 1.182266e+01
      vertex   3.502026e+01 -1.290870e+01 1.143470e+01
    endloop
  endfacet
  facet normal -3.602691e-01 2.708256e-14 9.328484e-01
    outer loop
      vertex   3.502026e+01 -1.290870e+01 1.143470e+01
      vertex   3.602481e+01 -1.366902e+01 1.182266e+01
      vertex   3.620209e+01 -1.355575e+01 1.189113e+01
    endloop
  endfacet
  facet normal -3.602691e-01 -4.994866e-15 9.328484e-01
    outer loop
      vertex   3.502026e+01 -1.290870e+01 1.143470e+01
      vertex   3.620209e+01 -1.355575e+01 1.189113e+01
      vertex   3.639133e+01 -1.346637e+01 1.196421e+01
    endloop
  endfacet
  facet normal -3.602691e-01 -6.837531e-15 9.328484e-01
    outer loop
      vertex   3.502026e+01 -1.290870e+01 1.143470e+01
      vertex   3.639133e+01 -1.346637e+01 1.196421e+01
      vertex   3.685303e+01 -1.291398e+01 1.214252e+01
    endloop
  endfacet
  facet normal -3.602691e-01 7.957382e-15 9.328484e-01
    outer loop
      vertex   3.685303e+01 -1.291398e+01 1.214252e+01
      vertex   3.639133e+01 -1.346637e+01 1.196421e+01
      vertex   3.658956e+01 -1.340186e+01 1.204077e+01
    endloop
  endfacet
  facet normal -3.602691e-01 -7.105155e-15 9.328484e-01
    outer loop
      vertex   3.685303e+01 -1.291398e+01 1.214252e+01
      vertex   3.658956e+01 -1.340186e+01 1.204077e+01
      vertex   3.679356e+01 -1.336297e+01 1.211955e+01
    endloop
  endfacet
  facet normal -3.602691e-01 -4.137108e-15 9.328484e-01
    outer loop
      vertex   3.679356e+01 -1.336297e+01 1.211955e+01
      vertex   3.700044e+01 -1.335000e+01 1.219945e+01
      vertex   3.685303e+01 -1.291398e+01 1.214252e+01
    endloop
  endfacet
  facet normal -3.602691e-01 4.729547e-15 9.328484e-01
    outer loop
      vertex   3.685303e+01 -1.291398e+01 1.214252e+01
      vertex   3.700044e+01 -1.335000e+01 1.219945e+01
      vertex   3.720732e+01 -1.336308e+01 1.227935e+01
    endloop
  endfacet
  facet normal -3.602691e-01 -2.995834e-14 9.328484e-01
    outer loop
      vertex   3.685303e+01 -1.291398e+01 1.214252e+01
      vertex   3.720732e+01 -1.336308e+01 1.227935e+01
      vertex   3.741129e+01 -1.340208e+01 1.235813e+01
    endloop
  endfacet
  facet normal -3.602691e-01 7.085420e-15 9.328484e-01
    outer loop
      vertex   3.685303e+01 -1.291398e+01 1.214252e+01
      vertex   3.741129e+01 -1.340208e+01 1.235813e+01
      vertex   3.868579e+01 -1.291926e+01 1.285034e+01
    endloop
  endfacet
  facet normal -3.602691e-01 -5.817771e-16 9.328484e-01
    outer loop
      vertex   3.868579e+01 -1.291926e+01 1.285034e+01
      vertex   3.741129e+01 -1.340208e+01 1.235813e+01
      vertex   3.760947e+01 -1.346669e+01 1.243466e+01
    endloop
  endfacet
  facet normal -3.602691e-01 5.439123e-15 9.328484e-01
    outer loop
      vertex   3.868579e+01 -1.291926e+01 1.285034e+01
      vertex   3.760947e+01 -1.346669e+01 1.243466e+01
      vertex   3.779870e+01 -1.355619e+01 1.250774e+01
    endloop
  endfacet
  facet normal -3.602691e-01 -1.935058e-15 9.328484e-01
    outer loop
      vertex   3.779870e+01 -1.355619e+01 1.250774e+01
      vertex   3.797642e+01 -1.366992e+01 1.257638e+01
      vertex   3.868579e+01 -1.291926e+01 1.285034e+01
    endloop
  endfacet
  facet normal -3.602691e-01 -2.366363e-16 9.328484e-01
    outer loop
      vertex   3.868579e+01 -1.291926e+01 1.285034e+01
      vertex   3.797642e+01 -1.366992e+01 1.257638e+01
      vertex   3.813909e+01 -1.380627e+01 1.263920e+01
    endloop
  endfacet
  facet normal -3.602691e-01 -7.608677e-15 9.328484e-01
    outer loop
      vertex   3.868579e+01 -1.291926e+01 1.285034e+01
      vertex   3.813909e+01 -1.380627e+01 1.263920e+01
      vertex   3.828385e+01 -1.396354e+01 1.269511e+01
    endloop
  endfacet
  facet normal -3.602691e-01 2.888059e-15 9.328484e-01
    outer loop
      vertex   3.840831e+01 -1.414025e+01 1.274317e+01
      vertex   3.850910e+01 -1.433283e+01 1.278210e+01
      vertex   4.051856e+01 -1.292453e+01 1.355816e+01
    endloop
  endfacet
  facet normal -3.602691e-01 -3.998743e-16 9.328484e-01
    outer loop
      vertex   4.051856e+01 -1.292453e+01 1.355816e+01
      vertex   3.850910e+01 -1.433283e+01 1.278210e+01
      vertex   3.858403e+01 -1.453810e+01 1.281104e+01
    endloop
  endfacet
  facet normal -3.602691e-01 2.512839e-15 9.328484e-01
    outer loop
      vertex   4.051856e+01 -1.292453e+01 1.355816e+01
      vertex   3.858403e+01 -1.453810e+01 1.281104e+01
      vertex   4.235132e+01 -1.292981e+01 1.426598e+01
    endloop
  endfacet
  facet normal -3.602691e-01 1.494286e-14 9.328484e-01
    outer loop
      vertex   4.235132e+01 -1.292981e+01 1.426598e+01
      vertex   3.858403e+01 -1.453810e+01 1.281104e+01
      vertex   3.863146e+01 -1.475334e+01 1.282936e+01
    endloop
  endfacet
  facet normal -3.602691e-01 1.949113e-15 9.328484e-01
    outer loop
      vertex   4.235132e+01 -1.292981e+01 1.426598e+01
      vertex   3.863146e+01 -1.475334e+01 1.282936e+01
      vertex   3.864978e+01 -1.497291e+01 1.283643e+01
    endloop
  endfacet
  facet normal -3.602691e-01 -1.519877e-15 9.328484e-01
    outer loop
      vertex   3.864978e+01 -1.497291e+01 1.283643e+01
      vertex   3.863867e+01 -1.519304e+01 1.283214e+01
      vertex   4.235132e+01 -1.292981e+01 1.426598e+01
    endloop
  endfacet
  facet normal -3.602691e-01 7.873224e-16 9.328484e-01
    outer loop
      vertex   4.235132e+01 -1.292981e+01 1.426598e+01
      vertex   3.863867e+01 -1.519304e+01 1.283214e+01
      vertex   4.784962e+01 -1.581392e+01 1.638944e+01
    endloop
  endfacet
  facet normal -3.602691e-01 -3.152192e-16 9.328484e-01
    outer loop
      vertex   4.235132e+01 -1.292981e+01 1.426598e+01
      vertex   4.784962e+01 -1.581392e+01 1.638944e+01
      vertex   4.418409e+01 -1.293509e+01 1.497380e+01
    endloop
  endfacet
  facet normal -3.602691e-01 8.668528e-16 9.328484e-01
    outer loop
      vertex   4.418409e+01 -1.293509e+01 1.497380e+01
      vertex   4.784962e+01 -1.581392e+01 1.638944e+01
      vertex   4.601685e+01 -1.294037e+01 1.568162e+01
    endloop
  endfacet
  facet normal -3.602691e-01 0.000000e+00 9.328484e-01
    outer loop
      vertex   4.418409e+01 -1.293509e+01 1.497380e+01
      vertex   4.601685e+01 -1.294037e+01 1.568162e+01
      vertex   4.601685e+01 -1.265166e+01 1.568162e+01
    endloop
  endfacet
  facet normal -3.602691e-01 0.000000e+00 9.328484e-01
    outer loop
      vertex   4.601685e+01 -1.265166e+01 1.568162e+01
      vertex   4.601685e+01 -1.294037e+01 1.568162e+01
      vertex   4.784962e+01 -1.101438e+01 1.638944e+01
    endloop
  endfacet
  facet normal -3.602691e-01 0.000000e+00 9.328484e-01
    outer loop
      vertex   4.601685e+01 -1.265166e+01 1.568162e+01
      vertex   4.784962e+01 -1.101438e+01 1.638944e+01
      vertex   4.601685e+01 -1.117928e+01 1.568162e+01
    endloop
  endfacet
  facet normal -3.602691e-01 0.000000e+00 9.328484e-01
    outer loop
      vertex   4.601685e+01 -1.117928e+01 1.568162e+01
      vertex   4.784962e+01 -1.101438e+01 1.638944e+01
      vertex   4.601685e+01 -1.107050e+01 1.568162e+01
    endloop
  endfacet
  facet normal -3.602691e-01 0.000000e+00 9.328484e-01
    outer loop
      vertex   4.601685e+01 -1.117928e+01 1.568162e+01
      vertex   4.601685e+01 -1.107050e+01 1.568162e+01
      vertex   4.418409e+01 -1.117074e+01 1.497380e+01
    endloop
  endfacet
  facet normal -3.602691e-01 0.000000e+00 9.328484e-01
    outer loop
      vertex   4.418409e+01 -1.117074e+01 1.497380e+01
      vertex   4.601685e+01 -1.107050e+01 1.568162e+01
      vertex   4.418409e+01 -1.106175e+01 1.497380e+01
    endloop
  endfacet
  facet normal -3.602691e-01 0.000000e+00 9.328484e-01
    outer loop
      vertex   4.418409e+01 -1.117074e+01 1.497380e+01
      vertex   4.418409e+01 -1.106175e+01 1.497380e+01
      vertex   4.235132e+01 -1.116219e+01 1.426598e+01
    endloop
  endfacet
  facet normal -3.602691e-01 -2.344459e-14 9.328484e-01
    outer loop
      vertex   4.235132e+01 -1.116219e+01 1.426598e+01
      vertex   4.418409e+01 -1.106175e+01 1.497380e+01
      vertex   4.235132e+01 -1.105300e+01 1.426598e+01
    endloop
  endfacet
  facet normal -3.602691e-01 -2.344459e-14 9.328484e-01
    outer loop
      vertex   4.235132e+01 -1.116219e+01 1.426598e+01
      vertex   4.235132e+01 -1.105300e+01 1.426598e+01
      vertex   4.051856e+01 -1.115364e+01 1.355816e+01
    endloop
  endfacet
  facet normal -3.602691e-01 -4.680262e-14 9.328484e-01
    outer loop
      vertex   4.051856e+01 -1.115364e+01 1.355816e+01
      vertex   4.235132e+01 -1.105300e+01 1.426598e+01
      vertex   4.051856e+01 -1.104425e+01 1.355816e+01
    endloop
  endfacet
  facet normal -3.602691e-01 1.061121e-14 9.328484e-01
    outer loop
      vertex   3.863867e+01 -1.519304e+01 1.283214e+01
      vertex   3.859827e+01 -1.540992e+01 1.281654e+01
      vertex   4.784962e+01 -1.581392e+01 1.638944e+01
    endloop
  endfacet
  facet normal -3.602691e-01 -6.792063e-15 9.328484e-01
    outer loop
      vertex   4.784962e+01 -1.581392e+01 1.638944e+01
      vertex   3.859827e+01 -1.540992e+01 1.281654e+01
      vertex   3.852993e+01 -1.561791e+01 1.279015e+01
    endloop
  endfacet
  facet normal -3.602691e-01 -1.793272e-14 9.328484e-01
    outer loop
      vertex   4.784962e+01 -1.581392e+01 1.638944e+01
      vertex   3.852993e+01 -1.561791e+01 1.279015e+01
      vertex   3.843511e+01 -1.581422e+01 1.275353e+01
    endloop
  endfacet
  facet normal -3.602691e-01 1.066713e-15 9.328484e-01
    outer loop
      vertex   4.784962e+01 -1.581392e+01 1.638944e+01
      vertex   4.784962e+01 -1.101438e+01 1.638944e+01
      vertex   4.601685e+01 -1.294037e+01 1.568162e+01
    endloop
  endfacet
  facet normal -3.602152e-01 -1.994253e-03 9.328671e-01
    outer loop
      vertex   4.784962e+01 -1.101438e+01 1.638944e+01
      vertex   4.080126e+01 -1.101438e+01 1.366780e+01
      vertex   4.601685e+01 -1.107050e+01 1.568162e+01
    endloop
  endfacet
  facet normal -3.602921e-01 -1.378296e-02 9.327377e-01
    outer loop
      vertex   4.601685e+01 -1.107050e+01 1.568162e+01
      vertex   4.080126e+01 -1.101438e+01 1.366780e+01
      vertex   4.418409e+01 -1.106175e+01 1.497380e+01
    endloop
  endfacet
  facet normal -3.603083e-01 -1.361518e-02 9.327339e-01
    outer loop
      vertex   3.725742e+01 -1.101438e+01 1.229884e+01
      vertex   4.051856e+01 -1.104425e+01 1.355816e+01
      vertex   4.080126e+01 -1.101438e+01 1.366780e+01
    endloop
  endfacet
  facet normal -3.602921e-01 -1.378296e-02 9.327377e-01
    outer loop
      vertex   4.080126e+01 -1.101438e+01 1.366780e+01
      vertex   4.051856e+01 -1.104425e+01 1.355816e+01
      vertex   4.235132e+01 -1.105300e+01 1.426598e+01
    endloop
  endfacet
  facet normal -3.602921e-01 -1.378296e-02 9.327377e-01
    outer loop
      vertex   4.080126e+01 -1.101438e+01 1.366780e+01
      vertex   4.235132e+01 -1.105300e+01 1.426598e+01
      vertex   4.418409e+01 -1.106175e+01 1.497380e+01
    endloop
  endfacet
  facet normal -3.602691e-01 -6.063999e-16 9.328484e-01
    outer loop
      vertex   3.502026e+01 -1.112801e+01 1.143470e+01
      vertex   3.502026e+01 -1.261678e+01 1.143470e+01
      vertex   3.685303e+01 -1.113655e+01 1.214252e+01
    endloop
  endfacet
  facet normal -3.602691e-01 5.075747e-16 9.328484e-01
    outer loop
      vertex   3.685303e+01 -1.113655e+01 1.214252e+01
      vertex   3.502026e+01 -1.261678e+01 1.143470e+01
      vertex   3.685303e+01 -1.262259e+01 1.214252e+01
    endloop
  endfacet
  facet normal -3.602691e-01 5.075747e-16 9.328484e-01
    outer loop
      vertex   3.685303e+01 -1.113655e+01 1.214252e+01
      vertex   3.685303e+01 -1.262259e+01 1.214252e+01
      vertex   3.868579e+01 -1.114510e+01 1.285034e+01
    endloop
  endfacet
  facet normal -3.602691e-01 -6.086347e-16 9.328484e-01
    outer loop
      vertex   3.868579e+01 -1.114510e+01 1.285034e+01
      vertex   3.685303e+01 -1.262259e+01 1.214252e+01
      vertex   3.868579e+01 -1.262841e+01 1.285034e+01
    endloop
  endfacet
  facet normal -3.602691e-01 -8.769007e-15 9.328484e-01
    outer loop
      vertex   3.502026e+01 -1.261678e+01 1.143470e+01
      vertex   3.502026e+01 -1.290870e+01 1.143470e+01
      vertex   3.685303e+01 -1.262259e+01 1.214252e+01
    endloop
  endfacet
  facet normal -3.602691e-01 0.000000e+00 9.328484e-01
    outer loop
      vertex   3.685303e+01 -1.262259e+01 1.214252e+01
      vertex   3.502026e+01 -1.290870e+01 1.143470e+01
      vertex   3.685303e+01 -1.291398e+01 1.214252e+01
    endloop
  endfacet
  facet normal -3.602691e-01 0.000000e+00 9.328484e-01
    outer loop
      vertex   3.685303e+01 -1.262259e+01 1.214252e+01
      vertex   3.685303e+01 -1.291398e+01 1.214252e+01
      vertex   3.868579e+01 -1.262841e+01 1.285034e+01
    endloop
  endfacet
  facet normal -3.602691e-01 0.000000e+00 9.328484e-01
    outer loop
      vertex   3.868579e+01 -1.262841e+01 1.285034e+01
      vertex   3.685303e+01 -1.291398e+01 1.214252e+01
      vertex   3.868579e+01 -1.291926e+01 1.285034e+01
    endloop
  endfacet
  facet normal -3.602691e-01 0.000000e+00 9.328484e-01
    outer loop
      vertex   3.868579e+01 -1.103551e+01 1.285034e+01
      vertex   3.685303e+01 -1.102676e+01 1.214252e+01
      vertex   3.685303e+01 -1.113655e+01 1.214252e+01
    endloop
  endfacet
  facet normal -3.602691e-01 0.000000e+00 9.328484e-01
    outer loop
      vertex   3.868579e+01 -1.103551e+01 1.285034e+01
      vertex   3.685303e+01 -1.113655e+01 1.214252e+01
      vertex   3.868579e+01 -1.114510e+01 1.285034e+01
    endloop
  endfacet
  facet normal -3.602691e-01 0.000000e+00 9.328484e-01
    outer loop
      vertex   4.601685e+01 -1.265166e+01 1.568162e+01
      vertex   4.601685e+01 -1.117928e+01 1.568162e+01
      vertex   4.418409e+01 -1.264585e+01 1.497380e+01
    endloop
  endfacet
  facet normal -3.602691e-01 0.000000e+00 9.328484e-01
    outer loop
      vertex   4.418409e+01 -1.264585e+01 1.497380e+01
      vertex   4.601685e+01 -1.117928e+01 1.568162e+01
      vertex   4.418409e+01 -1.117074e+01 1.497380e+01
    endloop
  endfacet
  facet normal -3.602691e-01 0.000000e+00 9.328484e-01
    outer loop
      vertex   4.418409e+01 -1.264585e+01 1.497380e+01
      vertex   4.418409e+01 -1.117074e+01 1.497380e+01
      vertex   4.235132e+01 -1.264003e+01 1.426598e+01
    endloop
  endfacet
  facet normal -3.602691e-01 0.000000e+00 9.328484e-01
    outer loop
      vertex   4.235132e+01 -1.264003e+01 1.426598e+01
      vertex   4.418409e+01 -1.117074e+01 1.497380e+01
      vertex   4.235132e+01 -1.116219e+01 1.426598e+01
    endloop
  endfacet
  facet normal -3.602691e-01 0.000000e+00 9.328484e-01
    outer loop
      vertex   4.235132e+01 -1.264003e+01 1.426598e+01
      vertex   4.235132e+01 -1.116219e+01 1.426598e+01
      vertex   4.051856e+01 -1.263422e+01 1.355816e+01
    endloop
  endfacet
  facet normal -3.602691e-01 5.094486e-16 9.328484e-01
    outer loop
      vertex   4.051856e+01 -1.263422e+01 1.355816e+01
      vertex   4.235132e+01 -1.116219e+01 1.426598e+01
      vertex   4.051856e+01 -1.115364e+01 1.355816e+01
    endloop
  endfacet
  facet normal -3.602691e-01 0.000000e+00 9.328484e-01
    outer loop
      vertex   4.051856e+01 -1.263422e+01 1.355816e+01
      vertex   4.051856e+01 -1.292453e+01 1.355816e+01
      vertex   4.235132e+01 -1.264003e+01 1.426598e+01
    endloop
  endfacet
  facet normal -3.602691e-01 0.000000e+00 9.328484e-01
    outer loop
      vertex   4.235132e+01 -1.264003e+01 1.426598e+01
      vertex   4.051856e+01 -1.292453e+01 1.355816e+01
      vertex   4.235132e+01 -1.292981e+01 1.426598e+01
    endloop
  endfacet
  facet normal -3.602691e-01 0.000000e+00 9.328484e-01
    outer loop
      vertex   4.235132e+01 -1.264003e+01 1.426598e+01
      vertex   4.235132e+01 -1.292981e+01 1.426598e+01
      vertex   4.418409e+01 -1.264585e+01 1.497380e+01
    endloop
  endfacet
  facet normal -3.602691e-01 0.000000e+00 9.328484e-01
    outer loop
      vertex   4.418409e+01 -1.264585e+01 1.497380e+01
      vertex   4.235132e+01 -1.292981e+01 1.426598e+01
      vertex   4.418409e+01 -1.293509e+01 1.497380e+01
    endloop
  endfacet
  facet normal -3.602691e-01 0.000000e+00 9.328484e-01
    outer loop
      vertex   4.418409e+01 -1.264585e+01 1.497380e+01
      vertex   4.418409e+01 -1.293509e+01 1.497380e+01
      vertex   4.601685e+01 -1.265166e+01 1.568162e+01
    endloop
  endfacet
  facet normal -4.633974e-16 1.000000e+00 -1.779010e-13
    outer loop
      vertex   3.318750e+01 -1.101438e+01 1.072688e+01
      vertex   3.375249e+01 -1.101438e+01 1.094508e+01
      vertex   4.468750e+01 -1.101438e+01 1.072688e+01
    endloop
  endfacet
  facet normal -4.797216e-15 1.000000e+00 -3.950885e-13
    outer loop
      vertex   4.468750e+01 -1.101438e+01 1.072688e+01
      vertex   3.375249e+01 -1.101438e+01 1.094508e+01
      vertex   3.426039e+01 -1.101438e+01 1.114124e+01
    endloop
  endfacet
  facet normal -1.361472e-14 1.000000e+00 -6.169767e-13
    outer loop
      vertex   4.468750e+01 -1.101438e+01 1.072688e+01
      vertex   3.426039e+01 -1.101438e+01 1.114124e+01
      vertex   3.563546e+01 -1.101438e+01 1.167233e+01
    endloop
  endfacet
  facet normal -1.624027e-15 1.000000e+00 -5.021733e-13
    outer loop
      vertex   3.563546e+01 -1.101438e+01 1.167233e+01
      vertex   3.599874e+01 -1.101438e+01 1.181265e+01
      vertex   4.468750e+01 -1.101438e+01 1.072688e+01
    endloop
  endfacet
  facet normal 1.491648e-14 1.000000e+00 -3.698088e-13
    outer loop
      vertex   4.468750e+01 -1.101438e+01 1.072688e+01
      vertex   3.599874e+01 -1.101438e+01 1.181265e+01
      vertex   3.638754e+01 -1.101438e+01 1.196283e+01
    endloop
  endfacet
  facet normal 3.649631e-14 1.000000e+00 -2.248896e-13
    outer loop
      vertex   4.468750e+01 -1.101438e+01 1.072688e+01
      vertex   3.638754e+01 -1.101438e+01 1.196283e+01
      vertex   3.681071e+01 -1.101438e+01 1.212629e+01
    endloop
  endfacet
  facet normal 5.487148e-14 1.000000e+00 -1.214616e-13
    outer loop
      vertex   3.681071e+01 -1.101438e+01 1.212629e+01
      vertex   3.725742e+01 -1.101438e+01 1.229884e+01
      vertex   4.468750e+01 -1.101438e+01 1.072688e+01
    endloop
  endfacet
  facet normal 6.944080e-14 1.000000e+00 -5.259774e-14
    outer loop
      vertex   4.468750e+01 -1.101438e+01 1.072688e+01
      vertex   3.725742e+01 -1.101438e+01 1.229884e+01
      vertex   4.080126e+01 -1.101438e+01 1.366780e+01
    endloop
  endfacet
  facet normal 7.679251e-14 1.000000e+00 -4.288293e-14
    outer loop
      vertex   4.468750e+01 -1.101438e+01 1.072688e+01
      vertex   4.080126e+01 -1.101438e+01 1.366780e+01
      vertex   4.784962e+01 -1.101438e+01 1.638944e+01
    endloop
  endfacet
  facet normal 0.000000e+00 1.000000e+00 0.000000e+00
    outer loop
      vertex   4.784962e+01 -1.101438e+01 1.638944e+01
      vertex   5.457034e+01 -1.101438e+01 1.168354e+01
      vertex   4.468750e+01 -1.101438e+01 1.072688e+01
    endloop
  endfacet
  facet normal -0.000000e+00 1.000000e+00 0.000000e+00
    outer loop
      vertex   4.468750e+01 -1.101438e+01 1.072688e+01
      vertex   5.457034e+01 -1.101438e+01 1.168354e+01
      vertex   5.168750e+01 -1.101438e+01 3.726883e+00
    endloop
  endfacet
  facet normal 9.401909e-01 -3.288099e-15 -3.406479e-01
    outer loop
      vertex   5.457034e+01 -1.101438e+01 1.168354e+01
      vertex   5.457034e+01 -1.581392e+01 1.168354e+01
      vertex   5.168750e+01 -1.101438e+01 3.726883e+00
    endloop
  endfacet
  facet normal 9.401909e-01 3.151626e-16 -3.406479e-01
    outer loop
      vertex   5.168750e+01 -1.101438e+01 3.726883e+00
      vertex   5.457034e+01 -1.581392e+01 1.168354e+01
      vertex   5.168750e+01 -1.581438e+01 3.726883e+00
    endloop
  endfacet
  facet normal 6.173841e-01 -7.071142e-01 -3.447120e-01
    outer loop
      vertex   4.926892e+01 -1.581417e+01 1.072688e+01
      vertex   5.020606e+01 -1.581405e+01 1.240507e+01
      vertex   4.468750e+01 -1.981438e+01 1.072721e+01
    endloop
  endfacet
  facet normal 6.173843e-01 -7.071169e-01 -3.447062e-01
    outer loop
      vertex   4.468750e+01 -1.981438e+01 1.072721e+01
      vertex   5.020606e+01 -1.581405e+01 1.240507e+01
      vertex   4.784962e+01 -1.981392e+01 1.638976e+01
    endloop
  endfacet
  facet normal 6.173802e-01 -7.071185e-01 -3.447102e-01
    outer loop
      vertex   4.784962e+01 -1.981392e+01 1.638976e+01
      vertex   5.020606e+01 -1.581405e+01 1.240507e+01
      vertex   5.114320e+01 -1.581392e+01 1.408325e+01
    endloop
  endfacet
  facet normal 6.173829e-01 -7.071182e-01 -3.447059e-01
    outer loop
      vertex   4.784962e+01 -1.981392e+01 1.638976e+01
      vertex   5.114320e+01 -1.581392e+01 1.408325e+01
      vertex   4.784993e+01 -1.981371e+01 1.638988e+01
    endloop
  endfacet
  facet normal 6.173827e-01 -7.071182e-01 -3.447063e-01
    outer loop
      vertex   4.784993e+01 -1.981371e+01 1.638988e+01
      vertex   5.114320e+01 -1.581392e+01 1.408325e+01
      vertex   5.071750e+01 -1.930643e+01 2.048520e+01
    endloop
  endfacet
  facet normal 6.173763e-01 -7.071225e-01 -3.447090e-01
    outer loop
      vertex   5.071750e+01 -1.930643e+01 2.048520e+01
      vertex   5.114320e+01 -1.581392e+01 1.408325e+01
      vertex   5.359336e+01 -1.581392e+01 1.847150e+01
    endloop
  endfacet
  facet normal 3.597856e-05 -1.000000e+00 5.138271e-05
    outer loop
      vertex   5.457034e+01 -1.581392e+01 1.168354e+01
      vertex   5.114320e+01 -1.581392e+01 1.408325e+01
      vertex   4.969874e+01 -1.581415e+01 1.063169e+01
    endloop
  endfacet
  facet normal 3.967677e-05 -1.000000e+00 4.983502e-05
    outer loop
      vertex   4.969874e+01 -1.581415e+01 1.063169e+01
      vertex   5.114320e+01 -1.581392e+01 1.408325e+01
      vertex   5.020606e+01 -1.581405e+01 1.240507e+01
    endloop
  endfacet
  facet normal 4.208355e-05 -1.000000e+00 4.914649e-05
    outer loop
      vertex   4.969874e+01 -1.581415e+01 1.063169e+01
      vertex   5.020606e+01 -1.581405e+01 1.240507e+01
      vertex   4.926892e+01 -1.581417e+01 1.072688e+01
    endloop
  endfacet
  facet normal 4.358336e-05 -1.000000e+00 5.591825e-05
    outer loop
      vertex   4.926892e+01 -1.581417e+01 1.072688e+01
      vertex   4.812361e+01 -1.581422e+01 1.072688e+01
      vertex   4.969874e+01 -1.581415e+01 1.063169e+01
    endloop
  endfacet
  facet normal 4.590297e-05 -1.000000e+00 9.429886e-05
    outer loop
      vertex   4.969874e+01 -1.581415e+01 1.063169e+01
      vertex   4.812361e+01 -1.581422e+01 1.072688e+01
      vertex   4.697800e+01 -1.581427e+01 1.072688e+01
    endloop
  endfacet
  facet normal 4.421114e-05 -1.000000e+00 4.594564e-05
    outer loop
      vertex   4.969874e+01 -1.581415e+01 1.063169e+01
      vertex   4.697800e+01 -1.581427e+01 1.072688e+01
      vertex   5.168750e+01 -1.581438e+01 3.726883e+00
    endloop
  endfacet
  facet normal 4.828978e-05 -1.000000e+00 4.868970e-05
    outer loop
      vertex   5.168750e+01 -1.581438e+01 3.726883e+00
      vertex   4.697800e+01 -1.581427e+01 1.072688e+01
      vertex   4.583288e+01 -1.581432e+01 1.072688e+01
    endloop
  endfacet
  facet normal 5.073386e-05 -1.000000e+00 5.073386e-05
    outer loop
      vertex   5.168750e+01 -1.581438e+01 3.726883e+00
      vertex   4.583288e+01 -1.581432e+01 1.072688e+01
      vertex   4.468750e+01 -1.581438e+01 1.072688e+01
    endloop
  endfacet
  facet normal 3.756578e-05 -1.000000e+00 4.403160e-05
    outer loop
      vertex   5.168750e+01 -1.581438e+01 3.726883e+00
      vertex   5.457034e+01 -1.581392e+01 1.168354e+01
      vertex   4.969874e+01 -1.581415e+01 1.063169e+01
    endloop
  endfacet
  facet normal -6.512281e-16 -8.099530e-05 -1.000000e+00
    outer loop
      vertex   3.556498e+01 -1.581438e+01 1.072688e+01
      vertex   3.576728e+01 -1.609677e+01 1.072691e+01
      vertex   3.318750e+01 -1.581438e+01 1.072688e+01
    endloop
  endfacet
  facet normal -8.136052e-16 -8.099530e-05 -1.000000e+00
    outer loop
      vertex   3.318750e+01 -1.581438e+01 1.072688e+01
      vertex   3.576728e+01 -1.609677e+01 1.072691e+01
      vertex   3.602423e+01 -1.633055e+01 1.072692e+01
    endloop
  endfacet
  facet normal 4.075480e-16 -8.099530e-05 -1.000000e+00
    outer loop
      vertex   3.318750e+01 -1.581438e+01 1.072688e+01
      vertex   3.602423e+01 -1.633055e+01 1.072692e+01
      vertex   3.632442e+01 -1.650535e+01 1.072694e+01
    endloop
  endfacet
  facet normal -5.084038e-16 -8.099530e-05 -1.000000e+00
    outer loop
      vertex   3.318750e+01 -1.581438e+01 1.072688e+01
      vertex   3.632442e+01 -1.650535e+01 1.072694e+01
      vertex   3.318750e+01 -1.981438e+01 1.072721e+01
    endloop
  endfacet
  facet normal 1.981981e-15 -8.099530e-05 -1.000000e+00
    outer loop
      vertex   3.318750e+01 -1.981438e+01 1.072721e+01
      vertex   3.632442e+01 -1.650535e+01 1.072694e+01
      vertex   3.665455e+01 -1.661343e+01 1.072695e+01
    endloop
  endfacet
  facet normal 3.025731e-15 -8.099530e-05 -1.000000e+00
    outer loop
      vertex   3.318750e+01 -1.981438e+01 1.072721e+01
      vertex   3.665455e+01 -1.661343e+01 1.072695e+01
      vertex   3.700000e+01 -1.665000e+01 1.072695e+01
    endloop
  endfacet
  facet normal -7.723291e-16 -8.099530e-05 -1.000000e+00
    outer loop
      vertex   3.318750e+01 -1.981438e+01 1.072721e+01
      vertex   3.700000e+01 -1.665000e+01 1.072695e+01
      vertex   4.468750e+01 -1.981438e+01 1.072721e+01
    endloop
  endfacet
  facet normal -3.391378e-15 -8.099530e-05 -1.000000e+00
    outer loop
      vertex   4.468750e+01 -1.981438e+01 1.072721e+01
      vertex   3.700000e+01 -1.665000e+01 1.072695e+01
      vertex   3.734545e+01 -1.661343e+01 1.072695e+01
    endloop
  endfacet
  facet normal -8.966533e-16 -8.099530e-05 -1.000000e+00
    outer loop
      vertex   4.468750e+01 -1.981438e+01 1.072721e+01
      vertex   3.734545e+01 -1.661343e+01 1.072695e+01
      vertex   4.468750e+01 -1.581438e+01 1.072688e+01
    endloop
  endfacet
  facet normal 3.775633e-16 -8.099530e-05 -1.000000e+00
    outer loop
      vertex   4.468750e+01 -1.581438e+01 1.072688e+01
      vertex   3.734545e+01 -1.661343e+01 1.072695e+01
      vertex   3.767558e+01 -1.650535e+01 1.072694e+01
    endloop
  endfacet
  facet normal -2.384157e-15 -8.099530e-05 -1.000000e+00
    outer loop
      vertex   4.468750e+01 -1.581438e+01 1.072688e+01
      vertex   3.767558e+01 -1.650535e+01 1.072694e+01
      vertex   3.797577e+01 -1.633055e+01 1.072692e+01
    endloop
  endfacet
  facet normal -1.005683e-15 -8.099530e-05 -1.000000e+00
    outer loop
      vertex   3.797577e+01 -1.633055e+01 1.072692e+01
      vertex   3.823272e+01 -1.609677e+01 1.072691e+01
      vertex   4.468750e+01 -1.581438e+01 1.072688e+01
    endloop
  endfacet
  facet normal -7.613549e-16 -8.099530e-05 -1.000000e+00
    outer loop
      vertex   4.468750e+01 -1.581438e+01 1.072688e+01
      vertex   3.823272e+01 -1.609677e+01 1.072691e+01
      vertex   3.843502e+01 -1.581438e+01 1.072688e+01
    endloop
  endfacet
  facet normal -4.357132e-15 -8.099530e-05 -1.000000e+00
    outer loop
      vertex   4.468750e+01 -1.581438e+01 1.072688e+01
      vertex   4.583288e+01 -1.581432e+01 1.072688e+01
      vertex   4.468750e+01 -1.981438e+01 1.072721e+01
    endloop
  endfacet
  facet normal 5.058239e-15 -8.099530e-05 -1.000000e+00
    outer loop
      vertex   4.468750e+01 -1.981438e+01 1.072721e+01
      vertex   4.583288e+01 -1.581432e+01 1.072688e+01
      vertex   4.697800e+01 -1.581427e+01 1.072688e+01
    endloop
  endfacet
  facet normal 8.456029e-16 -8.099530e-05 -1.000000e+00
    outer loop
      vertex   4.468750e+01 -1.981438e+01 1.072721e+01
      vertex   4.697800e+01 -1.581427e+01 1.072688e+01
      vertex   4.812361e+01 -1.581422e+01 1.072688e+01
    endloop
  endfacet
  facet normal 4.741061e-15 -8.099530e-05 -1.000000e+00
    outer loop
      vertex   4.812361e+01 -1.581422e+01 1.072688e+01
      vertex   4.926892e+01 -1.581417e+01 1.072688e+01
      vertex   4.468750e+01 -1.981438e+01 1.072721e+01
    endloop
  endfacet
  facet normal -3.602691e-01 7.555634e-05 9.328484e-01
    outer loop
      vertex   3.843511e+01 -1.581422e+01 1.275353e+01
      vertex   3.823282e+01 -1.609665e+01 1.267543e+01
      vertex   4.784962e+01 -1.581392e+01 1.638944e+01
    endloop
  endfacet
  facet normal -3.602691e-01 7.555634e-05 9.328484e-01
    outer loop
      vertex   4.784962e+01 -1.581392e+01 1.638944e+01
      vertex   3.823282e+01 -1.609665e+01 1.267543e+01
      vertex   3.797588e+01 -1.633047e+01 1.257621e+01
    endloop
  endfacet
  facet normal -3.602691e-01 7.555634e-05 9.328484e-01
    outer loop
      vertex   4.784962e+01 -1.581392e+01 1.638944e+01
      vertex   3.797588e+01 -1.633047e+01 1.257621e+01
      vertex   3.767568e+01 -1.650531e+01 1.246029e+01
    endloop
  endfacet
  facet normal -3.602691e-01 7.555634e-05 9.328484e-01
    outer loop
      vertex   4.784962e+01 -1.581392e+01 1.638944e+01
      vertex   3.767568e+01 -1.650531e+01 1.246029e+01
      vertex   4.784993e+01 -1.981371e+01 1.638988e+01
    endloop
  endfacet
  facet normal -3.602691e-01 7.555634e-05 9.328484e-01
    outer loop
      vertex   4.784993e+01 -1.981371e+01 1.638988e+01
      vertex   3.767568e+01 -1.650531e+01 1.246029e+01
      vertex   3.734553e+01 -1.661342e+01 1.233279e+01
    endloop
  endfacet
  facet normal -3.602691e-01 7.555634e-05 9.328484e-01
    outer loop
      vertex   4.784993e+01 -1.981371e+01 1.638988e+01
      vertex   3.734553e+01 -1.661342e+01 1.233279e+01
      vertex   3.318750e+01 -1.981438e+01 1.072721e+01
    endloop
  endfacet
  facet normal -3.602691e-01 7.555634e-05 9.328484e-01
    outer loop
      vertex   3.318750e+01 -1.981438e+01 1.072721e+01
      vertex   3.734553e+01 -1.661342e+01 1.233279e+01
      vertex   3.700005e+01 -1.665000e+01 1.219937e+01
    endloop
  endfacet
  facet normal -3.602691e-01 7.555634e-05 9.328484e-01
    outer loop
      vertex   3.318750e+01 -1.981438e+01 1.072721e+01
      vertex   3.700005e+01 -1.665000e+01 1.219937e+01
      vertex   3.665458e+01 -1.661344e+01 1.206594e+01
    endloop
  endfacet
  facet normal -3.602691e-01 7.555634e-05 9.328484e-01
    outer loop
      vertex   3.665458e+01 -1.661344e+01 1.206594e+01
      vertex   3.632441e+01 -1.650535e+01 1.193843e+01
      vertex   3.318750e+01 -1.981438e+01 1.072721e+01
    endloop
  endfacet
  facet normal -3.602691e-01 7.555634e-05 9.328484e-01
    outer loop
      vertex   3.318750e+01 -1.981438e+01 1.072721e+01
      vertex   3.632441e+01 -1.650535e+01 1.193843e+01
      vertex   3.318750e+01 -1.581438e+01 1.072688e+01
    endloop
  endfacet
  facet normal -3.602691e-01 7.555634e-05 9.328484e-01
    outer loop
      vertex   3.318750e+01 -1.581438e+01 1.072688e+01
      vertex   3.632441e+01 -1.650535e+01 1.193843e+01
      vertex   3.602420e+01 -1.633053e+01 1.182247e+01
    endloop
  endfacet
  facet normal -3.602691e-01 7.555634e-05 9.328484e-01
    outer loop
      vertex   3.318750e+01 -1.581438e+01 1.072688e+01
      vertex   3.602420e+01 -1.633053e+01 1.182247e+01
      vertex   3.576725e+01 -1.609673e+01 1.172321e+01
    endloop
  endfacet
  facet normal -3.602691e-01 7.555634e-05 9.328484e-01
    outer loop
      vertex   3.576725e+01 -1.609673e+01 1.172321e+01
      vertex   3.556494e+01 -1.581431e+01 1.164506e+01
      vertex   3.318750e+01 -1.581438e+01 1.072688e+01
    endloop
  endfacet
  facet normal -3.602691e-01 7.555636e-05 9.328484e-01
    outer loop
      vertex   3.318750e+01 -1.981438e+01 1.072721e+01
      vertex   4.784962e+01 -1.981392e+01 1.638976e+01
      vertex   4.784993e+01 -1.981371e+01 1.638988e+01
    endloop
  endfacet
  facet normal 6.255502e-20 -1.000000e+00 8.099530e-05
    outer loop
      vertex   4.468750e+01 -1.981438e+01 1.072721e+01
      vertex   4.784962e+01 -1.981392e+01 1.638976e+01
      vertex   3.318750e+01 -1.981438e+01 1.072721e+01
    endloop
  endfacet
  facet normal -8.749084e-04 -9.992400e-01 3.896987e-02
    outer loop
      vertex   4.411487e+01 3.096575e+01 1.900454e+01
      vertex   4.115340e+01 3.096822e+01 1.900120e+01
      vertex   4.188054e+01 3.095269e+01 1.861940e+01
    endloop
  endfacet
  facet normal 4.804836e-03 -9.987493e-01 4.976723e-02
    outer loop
      vertex   4.188054e+01 3.095269e+01 1.861940e+01
      vertex   4.115340e+01 3.096822e+01 1.900120e+01
      vertex   4.115340e+01 3.094424e+01 1.852012e+01
    endloop
  endfacet
  facet normal -4.361488e-03 -9.931894e-01 1.164296e-01
    outer loop
      vertex   4.188054e+01 3.095269e+01 1.861940e+01
      vertex   4.115340e+01 3.094424e+01 1.852012e+01
      vertex   4.188051e+01 3.090815e+01 1.823945e+01
    endloop
  endfacet
  facet normal 7.061546e-03 -9.893293e-01 1.455255e-01
    outer loop
      vertex   4.188051e+01 3.090815e+01 1.823945e+01
      vertex   4.115340e+01 3.094424e+01 1.852012e+01
      vertex   4.115340e+01 3.087431e+01 1.804470e+01
    endloop
  endfacet
  facet normal -5.659288e-03 -9.814472e-01 1.916492e-01
    outer loop
      vertex   4.188051e+01 3.090815e+01 1.823945e+01
      vertex   4.115340e+01 3.087431e+01 1.804470e+01
      vertex   4.188047e+01 3.083483e+01 1.786398e+01
    endloop
  endfacet
  facet normal 6.892293e-03 -9.707929e-01 2.398199e-01
    outer loop
      vertex   4.188047e+01 3.083483e+01 1.786398e+01
      vertex   4.115340e+01 3.087431e+01 1.804470e+01
      vertex   4.115340e+01 3.075907e+01 1.757820e+01
    endloop
  endfacet
  facet normal -4.005585e-03 -9.640327e-01 2.657535e-01
    outer loop
      vertex   4.188047e+01 3.083483e+01 1.786398e+01
      vertex   4.115340e+01 3.075907e+01 1.757820e+01
      vertex   4.188041e+01 3.073317e+01 1.749520e+01
    endloop
  endfacet
  facet normal 4.298166e-03 -9.432667e-01 3.320084e-01
    outer loop
      vertex   4.188041e+01 3.073317e+01 1.749520e+01
      vertex   4.115340e+01 3.075907e+01 1.757820e+01
      vertex   4.115340e+01 3.059918e+01 1.712392e+01
    endloop
  endfacet
  facet normal 4.199496e-04 -9.408796e-01 3.387409e-01
    outer loop
      vertex   4.188041e+01 3.073317e+01 1.749520e+01
      vertex   4.115340e+01 3.059918e+01 1.712392e+01
      vertex   4.188033e+01 3.060360e+01 1.713532e+01
    endloop
  endfacet
  facet normal -8.767232e-04 -9.119757e-01 4.102432e-01
    outer loop
      vertex   4.188033e+01 3.060360e+01 1.713532e+01
      vertex   4.115340e+01 3.059918e+01 1.712392e+01
      vertex   4.188024e+01 3.044668e+01 1.678648e+01
    endloop
  endfacet
  facet normal -9.018774e-04 -9.119757e-01 4.102432e-01
    outer loop
      vertex   4.188033e+01 3.060360e+01 1.713532e+01
      vertex   4.188024e+01 3.044668e+01 1.678648e+01
      vertex   4.424603e+01 3.060076e+01 1.713420e+01
    endloop
  endfacet
  facet normal -1.869267e-03 -9.094892e-01 4.157232e-01
    outer loop
      vertex   4.424603e+01 3.060076e+01 1.713420e+01
      vertex   4.188024e+01 3.044668e+01 1.678648e+01
      vertex   4.406684e+01 3.041782e+01 1.673317e+01
    endloop
  endfacet
  facet normal 8.688219e-05 -8.778952e-01 4.788529e-01
    outer loop
      vertex   4.406684e+01 3.041782e+01 1.673317e+01
      vertex   4.188024e+01 3.044668e+01 1.678648e+01
      vertex   4.188014e+01 3.026350e+01 1.645065e+01
    endloop
  endfacet
  facet normal -2.376730e-03 -8.697565e-01 4.934754e-01
    outer loop
      vertex   4.406684e+01 3.041782e+01 1.673317e+01
      vertex   4.188014e+01 3.026350e+01 1.645065e+01
      vertex   4.392073e+01 3.020604e+01 1.635921e+01
    endloop
  endfacet
  facet normal 7.667495e-04 -8.389234e-01 5.442490e-01
    outer loop
      vertex   4.392073e+01 3.020604e+01 1.635921e+01
      vertex   4.188014e+01 3.026350e+01 1.645065e+01
      vertex   4.188003e+01 3.005529e+01 1.612970e+01
    endloop
  endfacet
  facet normal -2.630196e-03 -8.249142e-01 5.652518e-01
    outer loop
      vertex   4.392073e+01 3.020604e+01 1.635921e+01
      vertex   4.188003e+01 3.005529e+01 1.612970e+01
      vertex   4.381211e+01 2.997057e+01 1.601507e+01
    endloop
  endfacet
  facet normal 1.212206e-03 -7.943666e-01 6.074375e-01
    outer loop
      vertex   4.381211e+01 2.997057e+01 1.601507e+01
      vertex   4.188003e+01 3.005529e+01 1.612970e+01
      vertex   4.187990e+01 2.981555e+01 1.581619e+01
    endloop
  endfacet
  facet normal -2.605177e-03 -7.762581e-01 6.304098e-01
    outer loop
      vertex   4.381211e+01 2.997057e+01 1.601507e+01
      vertex   4.187990e+01 2.981555e+01 1.581619e+01
      vertex   4.374554e+01 2.972011e+01 1.570638e+01
    endloop
  endfacet
  facet normal 1.275360e-03 -7.439363e-01 6.682493e-01
    outer loop
      vertex   4.374554e+01 2.972011e+01 1.570638e+01
      vertex   4.187990e+01 2.981555e+01 1.581619e+01
      vertex   4.187975e+01 2.955183e+01 1.552260e+01
    endloop
  endfacet
  facet normal -2.397476e-03 -7.252775e-01 6.884525e-01
    outer loop
      vertex   4.374554e+01 2.972011e+01 1.570638e+01
      vertex   4.187975e+01 2.955183e+01 1.552260e+01
      vertex   4.372295e+01 2.946040e+01 1.543270e+01
    endloop
  endfacet
  facet normal 8.738684e-04 -6.921116e-01 7.217900e-01
    outer loop
      vertex   4.372295e+01 2.946040e+01 1.543270e+01
      vertex   4.187975e+01 2.955183e+01 1.552260e+01
      vertex   4.187962e+01 2.930331e+01 1.528430e+01
    endloop
  endfacet
  facet normal -3.486376e-03 -6.647855e-01 7.470261e-01
    outer loop
      vertex   4.372295e+01 2.946040e+01 1.543270e+01
      vertex   4.187962e+01 2.930331e+01 1.528430e+01
      vertex   4.372295e+01 2.911283e+01 1.512339e+01
    endloop
  endfacet
  facet normal 8.173598e-04 -6.406874e-01 7.678014e-01
    outer loop
      vertex   4.372295e+01 2.911283e+01 1.512339e+01
      vertex   4.187962e+01 2.930331e+01 1.528430e+01
      vertex   4.187947e+01 2.903893e+01 1.506369e+01
    endloop
  endfacet
  facet normal -2.335513e-03 -5.925301e-01 8.055449e-01
    outer loop
      vertex   4.372295e+01 2.911283e+01 1.512339e+01
      vertex   4.187947e+01 2.903893e+01 1.506369e+01
      vertex   4.372295e+01 2.873861e+01 1.484813e+01
    endloop
  endfacet
  facet normal -8.547629e-04 -5.865668e-01 8.099004e-01
    outer loop
      vertex   4.372295e+01 2.873861e+01 1.484813e+01
      vertex   4.187947e+01 2.903893e+01 1.506369e+01
      vertex   4.187932e+01 2.876003e+01 1.486170e+01
    endloop
  endfacet
  facet normal 8.644629e-05 -5.297767e-01 8.481372e-01
    outer loop
      vertex   4.372295e+01 2.873861e+01 1.484813e+01
      vertex   4.187932e+01 2.876003e+01 1.486170e+01
      vertex   4.187917e+01 2.846798e+01 1.467927e+01
    endloop
  endfacet
  facet normal 3.324138e-03 -5.297750e-01 8.481317e-01
    outer loop
      vertex   4.187917e+01 2.846798e+01 1.467927e+01
      vertex   4.187932e+01 2.876003e+01 1.486170e+01
      vertex   4.115340e+01 2.841119e+01 1.464665e+01
    endloop
  endfacet
  facet normal -2.875663e-03 -4.702916e-01 8.825064e-01
    outer loop
      vertex   4.187917e+01 2.846798e+01 1.467927e+01
      vertex   4.115340e+01 2.841119e+01 1.464665e+01
      vertex   4.187900e+01 2.816412e+01 1.451734e+01
    endloop
  endfacet
  facet normal 7.618466e-03 -4.460089e-01 8.949961e-01
    outer loop
      vertex   4.187900e+01 2.816412e+01 1.451734e+01
      vertex   4.115340e+01 2.841119e+01 1.464665e+01
      vertex   4.115340e+01 2.798028e+01 1.443191e+01
    endloop
  endfacet
  facet normal -4.100671e-03 -4.080889e-01 9.129330e-01
    outer loop
      vertex   4.187900e+01 2.816412e+01 1.451734e+01
      vertex   4.115340e+01 2.798028e+01 1.443191e+01
      vertex   4.187883e+01 2.784980e+01 1.437684e+01
    endloop
  endfacet
  facet normal 6.522776e-03 -3.578189e-01 9.337682e-01
    outer loop
      vertex   4.187883e+01 2.784980e+01 1.437684e+01
      vertex   4.115340e+01 2.798028e+01 1.443191e+01
      vertex   4.115340e+01 2.753028e+01 1.425947e+01
    endloop
  endfacet
  facet normal -4.833348e-04 -3.438439e-01 9.390267e-01
    outer loop
      vertex   4.187883e+01 2.784980e+01 1.437684e+01
      vertex   4.115340e+01 2.753028e+01 1.425947e+01
      vertex   4.187866e+01 2.752649e+01 1.425845e+01
    endloop
  endfacet
  facet normal -1.118519e-04 -2.784772e-01 9.604428e-01
    outer loop
      vertex   4.187866e+01 2.752649e+01 1.425845e+01
      vertex   4.115340e+01 2.753028e+01 1.425947e+01
      vertex   4.187848e+01 2.719578e+01 1.416257e+01
    endloop
  endfacet
  facet normal 5.598536e-04 -2.784775e-01 9.604426e-01
    outer loop
      vertex   4.187866e+01 2.752649e+01 1.425845e+01
      vertex   4.187848e+01 2.719578e+01 1.416257e+01
      vertex   4.372295e+01 2.748372e+01 1.424498e+01
    endloop
  endfacet
  facet normal -2.741394e-03 -2.588931e-01 9.659021e-01
    outer loop
      vertex   4.372295e+01 2.748372e+01 1.424498e+01
      vertex   4.187848e+01 2.719578e+01 1.416257e+01
      vertex   4.372295e+01 2.703495e+01 1.412469e+01
    endloop
  endfacet
  facet normal -3.576006e-04 -2.330968e-01 9.724535e-01
    outer loop
      vertex   4.372295e+01 2.703495e+01 1.412469e+01
      vertex   4.187848e+01 2.719578e+01 1.416257e+01
      vertex   4.115340e+01 2.706688e+01 1.413140e+01
    endloop
  endfacet
  facet normal 3.580766e-04 -1.779367e-01 9.840419e-01
    outer loop
      vertex   4.372295e+01 2.703495e+01 1.412469e+01
      vertex   4.115340e+01 2.706688e+01 1.413140e+01
      vertex   4.187820e+01 2.665854e+01 1.405730e+01
    endloop
  endfacet
  facet normal 3.470248e-03 -1.725845e-01 9.849886e-01
    outer loop
      vertex   4.187820e+01 2.665854e+01 1.405730e+01
      vertex   4.115340e+01 2.706688e+01 1.413140e+01
      vertex   4.115340e+01 2.659340e+01 1.404844e+01
    endloop
  endfacet
  facet normal -5.258270e-03 -7.709737e-02 9.970097e-01
    outer loop
      vertex   4.187820e+01 2.665854e+01 1.405730e+01
      vertex   4.115340e+01 2.659340e+01 1.404844e+01
      vertex   4.115340e+01 2.611312e+01 1.401130e+01
    endloop
  endfacet
  facet normal 5.281929e-03 -9.069375e-01 4.212321e-01
    outer loop
      vertex   4.115340e+01 3.059918e+01 1.712392e+01
      vertex   4.115340e+01 3.039625e+01 1.668701e+01
      vertex   4.188024e+01 3.044668e+01 1.678648e+01
    endloop
  endfacet
  facet normal -4.619620e-03 -8.778852e-01 4.788489e-01
    outer loop
      vertex   4.188024e+01 3.044668e+01 1.678648e+01
      vertex   4.115340e+01 3.039625e+01 1.668701e+01
      vertex   4.188014e+01 3.026350e+01 1.645065e+01
    endloop
  endfacet
  facet normal 7.215534e-03 -8.622383e-01 5.064514e-01
    outer loop
      vertex   4.115340e+01 3.039625e+01 1.668701e+01
      vertex   4.115340e+01 3.015285e+01 1.627263e+01
      vertex   4.188014e+01 3.026350e+01 1.645065e+01
    endloop
  endfacet
  facet normal -5.593422e-03 -8.389095e-01 5.442423e-01
    outer loop
      vertex   4.188014e+01 3.026350e+01 1.645065e+01
      vertex   4.115340e+01 3.015285e+01 1.627263e+01
      vertex   4.188003e+01 3.005529e+01 1.612970e+01
    endloop
  endfacet
  facet normal 6.723150e-03 -8.096447e-01 5.868818e-01
    outer loop
      vertex   4.115340e+01 3.015285e+01 1.627263e+01
      vertex   4.115340e+01 2.987085e+01 1.588359e+01
      vertex   4.188003e+01 3.005529e+01 1.612970e+01
    endloop
  endfacet
  facet normal -4.117890e-03 -7.943594e-01 6.074342e-01
    outer loop
      vertex   4.188003e+01 3.005529e+01 1.612970e+01
      vertex   4.115340e+01 2.987085e+01 1.588359e+01
      vertex   4.187990e+01 2.981555e+01 1.581619e+01
    endloop
  endfacet
  facet normal 4.355935e-03 -7.495143e-01 6.619739e-01
    outer loop
      vertex   4.115340e+01 2.987085e+01 1.588359e+01
      vertex   4.115340e+01 2.955210e+01 1.552268e+01
      vertex   4.187990e+01 2.981555e+01 1.581619e+01
    endloop
  endfacet
  facet normal -2.024155e-04 -7.439365e-01 6.682502e-01
    outer loop
      vertex   4.187990e+01 2.981555e+01 1.581619e+01
      vertex   4.115340e+01 2.955210e+01 1.552268e+01
      vertex   4.187975e+01 2.955183e+01 1.552260e+01
    endloop
  endfacet
  facet normal -1.781411e-04 -6.921115e-01 7.217905e-01
    outer loop
      vertex   4.187975e+01 2.955183e+01 1.552260e+01
      vertex   4.115340e+01 2.955210e+01 1.552268e+01
      vertex   4.187962e+01 2.930331e+01 1.528430e+01
    endloop
  endfacet
  facet normal 6.200806e-03 -6.823312e-01 7.310169e-01
    outer loop
      vertex   4.187962e+01 2.930331e+01 1.528430e+01
      vertex   4.115340e+01 2.955210e+01 1.552268e+01
      vertex   4.115340e+01 2.919988e+01 1.519392e+01
    endloop
  endfacet
  facet normal -4.309174e-03 -6.406800e-01 7.677959e-01
    outer loop
      vertex   4.187962e+01 2.930331e+01 1.528430e+01
      vertex   4.115340e+01 2.919988e+01 1.519392e+01
      vertex   4.187947e+01 2.903893e+01 1.506369e+01
    endloop
  endfacet
  facet normal 7.296757e-03 -6.088932e-01 7.932187e-01
    outer loop
      vertex   4.187947e+01 2.903893e+01 1.506369e+01
      vertex   4.115340e+01 2.919988e+01 1.519392e+01
      vertex   4.115340e+01 2.881865e+01 1.490128e+01
    endloop
  endfacet
  facet normal -3.208779e-03 -5.865631e-01 8.098972e-01
    outer loop
      vertex   4.187947e+01 2.903893e+01 1.506369e+01
      vertex   4.115340e+01 2.881865e+01 1.490128e+01
      vertex   4.187932e+01 2.876003e+01 1.486170e+01
    endloop
  endfacet
  facet normal 3.440661e-03 -5.299499e-01 8.480220e-01
    outer loop
      vertex   4.187932e+01 2.876003e+01 1.486170e+01
      vertex   4.115340e+01 2.881865e+01 1.490128e+01
      vertex   4.115340e+01 2.841119e+01 1.464665e+01
    endloop
  endfacet
  facet normal 5.927581e-03 -2.663733e-01 9.638517e-01
    outer loop
      vertex   4.115340e+01 2.753028e+01 1.425947e+01
      vertex   4.115340e+01 2.706688e+01 1.413140e+01
      vertex   4.187848e+01 2.719578e+01 1.416257e+01
    endloop
  endfacet
  facet normal -1.255661e-05 -7.576293e-02 9.971259e-01
    outer loop
      vertex   4.372295e+01 2.611243e+01 1.401128e+01
      vertex   4.372295e+01 2.657687e+01 1.404657e+01
      vertex   4.115340e+01 2.611312e+01 1.401130e+01
    endloop
  endfacet
  facet normal 1.959894e-03 -8.662437e-02 9.962391e-01
    outer loop
      vertex   4.115340e+01 2.611312e+01 1.401130e+01
      vertex   4.372295e+01 2.657687e+01 1.404657e+01
      vertex   4.187820e+01 2.665854e+01 1.405730e+01
    endloop
  endfacet
  facet normal -1.708800e-03 -1.681158e-01 9.857658e-01
    outer loop
      vertex   4.372295e+01 2.657687e+01 1.404657e+01
      vertex   4.372295e+01 2.703495e+01 1.412469e+01
      vertex   4.187820e+01 2.665854e+01 1.405730e+01
    endloop
  endfacet
  facet normal -1.112563e-03 -3.438434e-01 9.390263e-01
    outer loop
      vertex   4.187866e+01 2.752649e+01 1.425845e+01
      vertex   4.372295e+01 2.748372e+01 1.424498e+01
      vertex   4.187883e+01 2.784980e+01 1.437684e+01
    endloop
  endfacet
  facet normal -1.938505e-03 -3.475162e-01 9.376720e-01
    outer loop
      vertex   4.187883e+01 2.784980e+01 1.437684e+01
      vertex   4.372295e+01 2.748372e+01 1.424498e+01
      vertex   4.372295e+01 2.792022e+01 1.440675e+01
    endloop
  endfacet
  facet normal 7.756861e-04 -4.080944e-01 9.129394e-01
    outer loop
      vertex   4.187883e+01 2.784980e+01 1.437684e+01
      vertex   4.372295e+01 2.792022e+01 1.440675e+01
      vertex   4.187900e+01 2.816412e+01 1.451734e+01
    endloop
  endfacet
  facet normal -3.253644e-03 -4.332622e-01 9.012620e-01
    outer loop
      vertex   4.187900e+01 2.816412e+01 1.451734e+01
      vertex   4.372295e+01 2.792022e+01 1.440675e+01
      vertex   4.372295e+01 2.834023e+01 1.460866e+01
    endloop
  endfacet
  facet normal 1.212000e-03 -4.702949e-01 8.825085e-01
    outer loop
      vertex   4.187900e+01 2.816412e+01 1.451734e+01
      vertex   4.372295e+01 2.834023e+01 1.460866e+01
      vertex   4.187917e+01 2.846798e+01 1.467927e+01
    endloop
  endfacet
  facet normal -2.872833e-03 -5.151900e-01 8.570712e-01
    outer loop
      vertex   4.187917e+01 2.846798e+01 1.467927e+01
      vertex   4.372295e+01 2.834023e+01 1.460866e+01
      vertex   4.372295e+01 2.873861e+01 1.484813e+01
    endloop
  endfacet
  facet normal -9.702361e-04 -9.408792e-01 3.387410e-01
    outer loop
      vertex   4.188033e+01 3.060360e+01 1.713532e+01
      vertex   4.424603e+01 3.060076e+01 1.713420e+01
      vertex   4.188041e+01 3.073317e+01 1.749520e+01
    endloop
  endfacet
  facet normal -1.973831e-03 -9.429514e-01 3.329245e-01
    outer loop
      vertex   4.188041e+01 3.073317e+01 1.749520e+01
      vertex   4.424603e+01 3.060076e+01 1.713420e+01
      vertex   4.445422e+01 3.075097e+01 1.756088e+01
    endloop
  endfacet
  facet normal -1.138724e-04 -9.640406e-01 2.657551e-01
    outer loop
      vertex   4.188041e+01 3.073317e+01 1.749520e+01
      vertex   4.445422e+01 3.075097e+01 1.756088e+01
      vertex   4.188047e+01 3.083483e+01 1.786398e+01
    endloop
  endfacet
  facet normal -2.528752e-03 -9.691015e-01 2.466494e-01
    outer loop
      vertex   4.188047e+01 3.083483e+01 1.786398e+01
      vertex   4.445422e+01 3.075097e+01 1.756088e+01
      vertex   4.468078e+01 3.086198e+01 1.799935e+01
    endloop
  endfacet
  facet normal 2.496959e-04 -9.814630e-01 1.916516e-01
    outer loop
      vertex   4.188047e+01 3.083483e+01 1.786398e+01
      vertex   4.468078e+01 3.086198e+01 1.799935e+01
      vertex   4.188051e+01 3.090815e+01 1.823945e+01
    endloop
  endfacet
  facet normal -2.690364e-03 -9.873561e-01 1.584954e-01
    outer loop
      vertex   4.188051e+01 3.090815e+01 1.823945e+01
      vertex   4.468078e+01 3.086198e+01 1.799935e+01
      vertex   4.491789e+01 3.093243e+01 1.844226e+01
    endloop
  endfacet
  facet normal 1.650814e-04 -9.931988e-01 1.164304e-01
    outer loop
      vertex   4.188051e+01 3.090815e+01 1.823945e+01
      vertex   4.491789e+01 3.093243e+01 1.844226e+01
      vertex   4.188054e+01 3.095269e+01 1.861940e+01
    endloop
  endfacet
  facet normal -3.500994e-03 -9.985250e-01 5.418067e-02
    outer loop
      vertex   4.188054e+01 3.095269e+01 1.861940e+01
      vertex   4.491789e+01 3.093243e+01 1.844226e+01
      vertex   4.411487e+01 3.096575e+01 1.900454e+01
    endloop
  endfacet
  facet normal -5.735764e-01 -3.095205e-16 -8.191520e-01
    outer loop
      vertex   5.159194e+01 6.923836e+00 1.376904e+01
      vertex   5.123070e+01 6.964700e+00 1.402198e+01
      vertex   5.129373e+01 3.095172e+01 1.397785e+01
    endloop
  endfacet
  facet normal -5.735764e-01 -3.579318e-16 -8.191520e-01
    outer loop
      vertex   5.129373e+01 3.095172e+01 1.397785e+01
      vertex   5.123070e+01 6.964700e+00 1.402198e+01
      vertex   5.086945e+01 6.923836e+00 1.427493e+01
    endloop
  endfacet
  facet normal -5.735764e-01 -5.675177e-16 -8.191520e-01
    outer loop
      vertex   5.129373e+01 3.095172e+01 1.397785e+01
      vertex   5.086945e+01 6.923836e+00 1.427493e+01
      vertex   5.052051e+01 6.802634e+00 1.451926e+01
    endloop
  endfacet
  facet normal -5.735764e-01 1.123500e-16 -8.191520e-01
    outer loop
      vertex   5.052051e+01 6.802634e+00 1.451926e+01
      vertex   5.019575e+01 6.605221e+00 1.474666e+01
      vertex   5.129373e+01 3.095172e+01 1.397785e+01
    endloop
  endfacet
  facet normal -5.735764e-01 -2.423159e-16 -8.191520e-01
    outer loop
      vertex   5.129373e+01 3.095172e+01 1.397785e+01
      vertex   5.019575e+01 6.605221e+00 1.474666e+01
      vertex   4.990624e+01 6.338322e+00 1.494938e+01
    endloop
  endfacet
  facet normal -5.735764e-01 -2.142863e-16 -8.191520e-01
    outer loop
      vertex   5.129373e+01 3.095172e+01 1.397785e+01
      vertex   4.990624e+01 6.338322e+00 1.494938e+01
      vertex   4.522492e+01 3.096358e+01 1.822727e+01
    endloop
  endfacet
  facet normal -5.735764e-01 1.927065e-16 -8.191520e-01
    outer loop
      vertex   4.522492e+01 3.096358e+01 1.822727e+01
      vertex   4.990624e+01 6.338322e+00 1.494938e+01
      vertex   4.966182e+01 6.011023e+00 1.512052e+01
    endloop
  endfacet
  facet normal -5.735764e-01 6.782338e-16 -8.191520e-01
    outer loop
      vertex   4.522492e+01 3.096358e+01 1.822727e+01
      vertex   4.966182e+01 6.011023e+00 1.512052e+01
      vertex   4.947084e+01 5.634472e+00 1.525425e+01
    endloop
  endfacet
  facet normal -5.735764e-01 -6.202477e-15 -8.191520e-01
    outer loop
      vertex   4.933978e+01 5.221491e+00 1.534602e+01
      vertex   4.272147e+01 1.636373e+01 1.998021e+01
      vertex   4.947084e+01 5.634472e+00 1.525425e+01
    endloop
  endfacet
  facet normal -5.735764e-01 0.000000e+00 -8.191520e-01
    outer loop
      vertex   4.947084e+01 5.634472e+00 1.525425e+01
      vertex   4.272147e+01 1.636373e+01 1.998021e+01
      vertex   4.272147e+01 1.681346e+01 1.998021e+01
    endloop
  endfacet
  facet normal -5.735764e-01 -2.592294e-16 -8.191520e-01
    outer loop
      vertex   4.947084e+01 5.634472e+00 1.525425e+01
      vertex   4.272147e+01 1.681346e+01 1.998021e+01
      vertex   4.522492e+01 3.096358e+01 1.822727e+01
    endloop
  endfacet
  facet normal -5.735764e-01 3.500191e-16 -8.191520e-01
    outer loop
      vertex   4.522492e+01 3.096358e+01 1.822727e+01
      vertex   4.272147e+01 1.681346e+01 1.998021e+01
      vertex   4.265275e+01 1.725529e+01 2.002833e+01
    endloop
  endfacet
  facet normal -5.735764e-01 -5.506744e-16 -8.191520e-01
    outer loop
      vertex   4.522492e+01 3.096358e+01 1.822727e+01
      vertex   4.265275e+01 1.725529e+01 2.002833e+01
      vertex   4.491789e+01 3.093243e+01 1.844226e+01
    endloop
  endfacet
  facet normal -5.735764e-01 -2.155055e-11 -8.191520e-01
    outer loop
      vertex   4.491789e+01 3.093243e+01 1.844226e+01
      vertex   4.265275e+01 1.725529e+01 2.002833e+01
      vertex   4.411487e+01 3.096575e+01 1.900454e+01
    endloop
  endfacet
  facet normal -5.735764e-01 -5.769321e-12 -8.191520e-01
    outer loop
      vertex   4.411487e+01 3.096575e+01 1.900454e+01
      vertex   4.265275e+01 1.725529e+01 2.002833e+01
      vertex   4.251770e+01 1.767371e+01 2.012289e+01
    endloop
  endfacet
  facet normal -5.735764e-01 -6.423460e-12 -8.191520e-01
    outer loop
      vertex   4.411487e+01 3.096575e+01 1.900454e+01
      vertex   4.251770e+01 1.767371e+01 2.012289e+01
      vertex   4.232109e+01 1.805402e+01 2.026056e+01
    endloop
  endfacet
  facet normal -5.735764e-01 1.707027e-15 -8.191520e-01
    outer loop
      vertex   4.272147e+01 1.636373e+01 1.998021e+01
      vertex   4.933978e+01 5.221491e+00 1.534602e+01
      vertex   4.784962e+01 2.600002e-01 1.638944e+01
    endloop
  endfacet
  facet normal -5.735764e-01 2.859962e-15 -8.191520e-01
    outer loop
      vertex   4.784962e+01 2.600002e-01 1.638944e+01
      vertex   4.933978e+01 5.221491e+00 1.534602e+01
      vertex   4.927312e+01 4.786144e+00 1.539269e+01
    endloop
  endfacet
  facet normal -5.735764e-01 0.000000e+00 -8.191520e-01
    outer loop
      vertex   4.784962e+01 2.600002e-01 1.638944e+01
      vertex   4.927312e+01 4.786144e+00 1.539269e+01
      vertex   4.927312e+01 4.343256e+00 1.539269e+01
    endloop
  endfacet
  facet normal -5.735764e-01 -1.096119e-15 -8.191520e-01
    outer loop
      vertex   4.927312e+01 4.343256e+00 1.539269e+01
      vertex   4.933978e+01 3.907909e+00 1.534602e+01
      vertex   4.784962e+01 2.600002e-01 1.638944e+01
    endloop
  endfacet
  facet normal -5.735764e-01 6.819840e-15 -8.191520e-01
    outer loop
      vertex   4.784962e+01 2.600002e-01 1.638944e+01
      vertex   4.933978e+01 3.907909e+00 1.534602e+01
      vertex   4.947084e+01 3.494928e+00 1.525425e+01
    endloop
  endfacet
  facet normal -5.735764e-01 -5.034776e-15 -8.191520e-01
    outer loop
      vertex   4.784962e+01 2.600002e-01 1.638944e+01
      vertex   4.947084e+01 3.494928e+00 1.525425e+01
      vertex   4.966182e+01 3.118377e+00 1.512052e+01
    endloop
  endfacet
  facet normal -5.735764e-01 7.920412e-15 -8.191520e-01
    outer loop
      vertex   4.966182e+01 3.118377e+00 1.512052e+01
      vertex   4.990624e+01 2.791079e+00 1.494938e+01
      vertex   4.784962e+01 2.600002e-01 1.638944e+01
    endloop
  endfacet
  facet normal -5.735764e-01 4.825017e-15 -8.191520e-01
    outer loop
      vertex   4.784962e+01 2.600002e-01 1.638944e+01
      vertex   4.990624e+01 2.791079e+00 1.494938e+01
      vertex   5.019575e+01 2.524179e+00 1.474666e+01
    endloop
  endfacet
  facet normal -5.735764e-01 -1.084451e-15 -8.191520e-01
    outer loop
      vertex   4.784962e+01 2.600002e-01 1.638944e+01
      vertex   5.019575e+01 2.524179e+00 1.474666e+01
      vertex   4.784962e+01 -1.101438e+01 1.638944e+01
    endloop
  endfacet
  facet normal -5.735764e-01 2.994094e-16 -8.191520e-01
    outer loop
      vertex   4.784962e+01 -1.101438e+01 1.638944e+01
      vertex   5.019575e+01 2.524179e+00 1.474666e+01
      vertex   5.052051e+01 2.326767e+00 1.451926e+01
    endloop
  endfacet
  facet normal -5.735764e-01 -2.045732e-15 -8.191520e-01
    outer loop
      vertex   4.784962e+01 -1.101438e+01 1.638944e+01
      vertex   5.052051e+01 2.326767e+00 1.451926e+01
      vertex   5.086945e+01 2.205565e+00 1.427493e+01
    endloop
  endfacet
  facet normal -5.735764e-01 1.188073e-15 -8.191520e-01
    outer loop
      vertex   5.086945e+01 2.205565e+00 1.427493e+01
      vertex   5.123070e+01 2.164700e+00 1.402198e+01
      vertex   4.784962e+01 -1.101438e+01 1.638944e+01
    endloop
  endfacet
  facet normal -5.735764e-01 2.135685e-16 -8.191520e-01
    outer loop
      vertex   4.784962e+01 -1.101438e+01 1.638944e+01
      vertex   5.123070e+01 2.164700e+00 1.402198e+01
      vertex   5.457034e+01 -1.101438e+01 1.168354e+01
    endloop
  endfacet
  facet normal -5.735764e-01 -7.428026e-16 -8.191520e-01
    outer loop
      vertex   5.457034e+01 -1.101438e+01 1.168354e+01
      vertex   5.123070e+01 2.164700e+00 1.402198e+01
      vertex   5.159194e+01 2.205565e+00 1.376904e+01
    endloop
  endfacet
  facet normal -5.735764e-01 1.462712e-15 -8.191520e-01
    outer loop
      vertex   5.457034e+01 -1.101438e+01 1.168354e+01
      vertex   5.159194e+01 2.205565e+00 1.376904e+01
      vertex   5.194089e+01 2.326767e+00 1.352470e+01
    endloop
  endfacet
  facet normal -5.735764e-01 8.060196e-16 -8.191520e-01
    outer loop
      vertex   5.194089e+01 2.326767e+00 1.352470e+01
      vertex   5.226565e+01 2.524179e+00 1.329731e+01
      vertex   5.457034e+01 -1.101438e+01 1.168354e+01
    endloop
  endfacet
  facet normal -5.735764e-01 -2.246160e-15 -8.191520e-01
    outer loop
      vertex   5.457034e+01 -1.101438e+01 1.168354e+01
      vertex   5.226565e+01 2.524179e+00 1.329731e+01
      vertex   5.255516e+01 2.791079e+00 1.309458e+01
    endloop
  endfacet
  facet normal -5.735764e-01 3.607299e-16 -8.191520e-01
    outer loop
      vertex   5.457034e+01 -1.101438e+01 1.168354e+01
      vertex   5.255516e+01 2.791079e+00 1.309458e+01
      vertex   5.279957e+01 3.118377e+00 1.292345e+01
    endloop
  endfacet
  facet normal -5.735764e-01 6.822284e-16 -8.191520e-01
    outer loop
      vertex   5.279957e+01 3.118377e+00 1.292345e+01
      vertex   5.299056e+01 3.494928e+00 1.278972e+01
      vertex   5.457034e+01 -1.101438e+01 1.168354e+01
    endloop
  endfacet
  facet normal -5.735764e-01 3.560922e-16 -8.191520e-01
    outer loop
      vertex   5.457034e+01 -1.101438e+01 1.168354e+01
      vertex   5.299056e+01 3.494928e+00 1.278972e+01
      vertex   5.312161e+01 3.907909e+00 1.269795e+01
    endloop
  endfacet
  facet normal -5.735764e-01 -3.580781e-15 -8.191520e-01
    outer loop
      vertex   5.457034e+01 -1.101438e+01 1.168354e+01
      vertex   5.312161e+01 3.907909e+00 1.269795e+01
      vertex   5.318828e+01 4.343256e+00 1.265127e+01
    endloop
  endfacet
  facet normal -5.735764e-01 0.000000e+00 -8.191520e-01
    outer loop
      vertex   5.318828e+01 4.343256e+00 1.265127e+01
      vertex   5.318828e+01 4.786144e+00 1.265127e+01
      vertex   5.457034e+01 -1.101438e+01 1.168354e+01
    endloop
  endfacet
  facet normal -5.735764e-01 -5.198907e-17 -8.191520e-01
    outer loop
      vertex   5.457034e+01 -1.101438e+01 1.168354e+01
      vertex   5.318828e+01 4.786144e+00 1.265127e+01
      vertex   5.457034e+01 3.381400e+01 1.168354e+01
    endloop
  endfacet
  facet normal -5.735764e-01 2.294433e-15 -8.191520e-01
    outer loop
      vertex   5.457034e+01 3.381400e+01 1.168354e+01
      vertex   5.318828e+01 4.786144e+00 1.265127e+01
      vertex   5.312161e+01 5.221491e+00 1.269795e+01
    endloop
  endfacet
  facet normal -5.735764e-01 -2.511396e-16 -8.191520e-01
    outer loop
      vertex   5.457034e+01 3.381400e+01 1.168354e+01
      vertex   5.312161e+01 5.221491e+00 1.269795e+01
      vertex   5.299056e+01 5.634472e+00 1.278972e+01
    endloop
  endfacet
  facet normal -5.735764e-01 6.162603e-16 -8.191520e-01
    outer loop
      vertex   5.299056e+01 5.634472e+00 1.278972e+01
      vertex   5.279957e+01 6.011023e+00 1.292345e+01
      vertex   5.457034e+01 3.381400e+01 1.168354e+01
    endloop
  endfacet
  facet normal -5.735764e-01 -1.035846e-15 -8.191520e-01
    outer loop
      vertex   5.457034e+01 3.381400e+01 1.168354e+01
      vertex   5.279957e+01 6.011023e+00 1.292345e+01
      vertex   5.255516e+01 6.338322e+00 1.309458e+01
    endloop
  endfacet
  facet normal -5.735764e-01 -1.208861e-16 -8.191520e-01
    outer loop
      vertex   5.457034e+01 3.381400e+01 1.168354e+01
      vertex   5.255516e+01 6.338322e+00 1.309458e+01
      vertex   5.129373e+01 3.095172e+01 1.397785e+01
    endloop
  endfacet
  facet normal -5.735764e-01 -5.090205e-16 -8.191520e-01
    outer loop
      vertex   5.129373e+01 3.095172e+01 1.397785e+01
      vertex   5.255516e+01 6.338322e+00 1.309458e+01
      vertex   5.226565e+01 6.605221e+00 1.329731e+01
    endloop
  endfacet
  facet normal -5.735764e-01 -2.534455e-16 -8.191520e-01
    outer loop
      vertex   5.129373e+01 3.095172e+01 1.397785e+01
      vertex   5.226565e+01 6.605221e+00 1.329731e+01
      vertex   5.194089e+01 6.802634e+00 1.352470e+01
    endloop
  endfacet
  facet normal -5.735764e-01 -3.812839e-17 -8.191520e-01
    outer loop
      vertex   5.194089e+01 6.802634e+00 1.352470e+01
      vertex   5.159194e+01 6.923836e+00 1.376904e+01
      vertex   5.129373e+01 3.095172e+01 1.397785e+01
    endloop
  endfacet
  facet normal -5.735764e-01 -8.618107e-17 -8.191520e-01
    outer loop
      vertex   4.108385e+01 8.519479e+00 2.112688e+01
      vertex   4.251770e+01 1.550348e+01 2.012289e+01
      vertex   4.784962e+01 2.600002e-01 1.638944e+01
    endloop
  endfacet
  facet normal -5.735764e-01 2.713798e-15 -8.191520e-01
    outer loop
      vertex   4.784962e+01 2.600002e-01 1.638944e+01
      vertex   4.251770e+01 1.550348e+01 2.012289e+01
      vertex   4.265275e+01 1.592190e+01 2.002833e+01
    endloop
  endfacet
  facet normal -5.735764e-01 0.000000e+00 -8.191520e-01
    outer loop
      vertex   4.784962e+01 2.600002e-01 1.638944e+01
      vertex   4.265275e+01 1.592190e+01 2.002833e+01
      vertex   4.272147e+01 1.636373e+01 1.998021e+01
    endloop
  endfacet
  facet normal -5.735764e-01 7.148683e-16 -8.191520e-01
    outer loop
      vertex   4.108385e+01 1.422054e+01 2.112688e+01
      vertex   4.144013e+01 1.433492e+01 2.087741e+01
      vertex   4.108385e+01 8.519479e+00 2.112688e+01
    endloop
  endfacet
  facet normal -5.735764e-01 -5.486087e-16 -8.191520e-01
    outer loop
      vertex   4.108385e+01 8.519479e+00 2.112688e+01
      vertex   4.144013e+01 1.433492e+01 2.087741e+01
      vertex   4.177267e+01 1.452844e+01 2.064456e+01
    endloop
  endfacet
  facet normal -5.735764e-01 -8.797466e-16 -8.191520e-01
    outer loop
      vertex   4.108385e+01 8.519479e+00 2.112688e+01
      vertex   4.177267e+01 1.452844e+01 2.064456e+01
      vertex   4.206980e+01 1.479430e+01 2.043651e+01
    endloop
  endfacet
  facet normal -5.735764e-01 3.303690e-15 -8.191520e-01
    outer loop
      vertex   4.206980e+01 1.479430e+01 2.043651e+01
      vertex   4.232109e+01 1.512316e+01 2.026056e+01
      vertex   4.108385e+01 8.519479e+00 2.112688e+01
    endloop
  endfacet
  facet normal -5.735764e-01 -3.735120e-15 -8.191520e-01
    outer loop
      vertex   4.108385e+01 8.519479e+00 2.112688e+01
      vertex   4.232109e+01 1.512316e+01 2.026056e+01
      vertex   4.251770e+01 1.550348e+01 2.012289e+01
    endloop
  endfacet
  facet normal -5.735764e-01 -6.892761e-12 -8.191520e-01
    outer loop
      vertex   4.232109e+01 1.805402e+01 2.026056e+01
      vertex   4.206980e+01 1.838289e+01 2.043651e+01
      vertex   4.411487e+01 3.096575e+01 1.900454e+01
    endloop
  endfacet
  facet normal -5.735764e-01 -2.586513e-12 -8.191520e-01
    outer loop
      vertex   4.411487e+01 3.096575e+01 1.900454e+01
      vertex   4.206980e+01 1.838289e+01 2.043651e+01
      vertex   4.115340e+01 3.097154e+01 2.107818e+01
    endloop
  endfacet
  facet normal -5.735764e-01 5.201499e-16 -8.191520e-01
    outer loop
      vertex   4.115340e+01 3.097154e+01 2.107818e+01
      vertex   4.206980e+01 1.838289e+01 2.043651e+01
      vertex   4.177267e+01 1.864874e+01 2.064456e+01
    endloop
  endfacet
  facet normal -5.735764e-01 3.800750e-16 -8.191520e-01
    outer loop
      vertex   4.115340e+01 3.097154e+01 2.107818e+01
      vertex   4.177267e+01 1.864874e+01 2.064456e+01
      vertex   4.144013e+01 1.884226e+01 2.087741e+01
    endloop
  endfacet
  facet normal -5.735764e-01 -1.007284e-16 -8.191520e-01
    outer loop
      vertex   4.144013e+01 1.884226e+01 2.087741e+01
      vertex   4.108385e+01 1.895665e+01 2.112688e+01
      vertex   4.115340e+01 3.097154e+01 2.107818e+01
    endloop
  endfacet
  facet normal -5.735764e-01 0.000000e+00 -8.191520e-01
    outer loop
      vertex   4.115340e+01 3.097154e+01 2.107818e+01
      vertex   4.108385e+01 1.895665e+01 2.112688e+01
      vertex   4.108385e+01 3.381400e+01 2.112688e+01
    endloop
  endfacet
  facet normal -5.735764e-01 0.000000e+00 -8.191520e-01
    outer loop
      vertex   4.115340e+01 3.097154e+01 2.107818e+01
      vertex   4.108385e+01 3.381400e+01 2.112688e+01
      vertex   4.115340e+01 3.381172e+01 2.107818e+01
    endloop
  endfacet
  facet normal -5.735764e-01 1.038148e-12 -8.191520e-01
    outer loop
      vertex   4.115340e+01 3.381172e+01 2.107818e+01
      vertex   4.108385e+01 3.381400e+01 2.112688e+01
      vertex   5.129373e+01 3.381172e+01 1.397785e+01
    endloop
  endfacet
  facet normal -5.735764e-01 3.602179e-12 -8.191520e-01
    outer loop
      vertex   5.129373e+01 3.381172e+01 1.397785e+01
      vertex   4.108385e+01 3.381400e+01 2.112688e+01
      vertex   5.457034e+01 3.381400e+01 1.168354e+01
    endloop
  endfacet
  facet normal -5.735764e-01 -3.460116e-15 -8.191520e-01
    outer loop
      vertex   5.129373e+01 3.381172e+01 1.397785e+01
      vertex   5.457034e+01 3.381400e+01 1.168354e+01
      vertex   5.129373e+01 3.095172e+01 1.397785e+01
    endloop
  endfacet
  facet normal -9.913666e-04 -9.999988e-01 1.209575e-03
    outer loop
      vertex   4.522415e+01 3.095849e+01 1.401244e+01
      vertex   4.936793e+01 3.095172e+01 1.181737e+01
      vertex   4.522492e+01 3.096358e+01 1.822727e+01
    endloop
  endfacet
  facet normal -1.095705e-03 -9.999987e-01 1.142136e-03
    outer loop
      vertex   4.522492e+01 3.096358e+01 1.822727e+01
      vertex   4.936793e+01 3.095172e+01 1.181737e+01
      vertex   5.006552e+01 3.095172e+01 1.248660e+01
    endloop
  endfacet
  facet normal -1.191086e-03 -9.999987e-01 1.061710e-03
    outer loop
      vertex   4.522492e+01 3.096358e+01 1.822727e+01
      vertex   5.006552e+01 3.095172e+01 1.248660e+01
      vertex   5.070876e+01 3.095172e+01 1.320823e+01
    endloop
  endfacet
  facet normal -5.740938e-04 -9.999988e-01 1.462344e-03
    outer loop
      vertex   4.522374e+01 3.095172e+01 9.387445e+00
      vertex   4.612358e+01 3.095172e+01 9.740707e+00
      vertex   4.522415e+01 3.095849e+01 1.401244e+01
    endloop
  endfacet
  facet normal -6.977341e-04 -9.999987e-01 1.436311e-03
    outer loop
      vertex   4.522415e+01 3.095849e+01 1.401244e+01
      vertex   4.612358e+01 3.095172e+01 9.740707e+00
      vertex   4.699311e+01 3.095172e+01 1.016311e+01
    endloop
  endfacet
  facet normal -8.115168e-04 -9.999987e-01 1.384022e-03
    outer loop
      vertex   4.522415e+01 3.095849e+01 1.401244e+01
      vertex   4.699311e+01 3.095172e+01 1.016311e+01
      vertex   4.782703e+01 3.095172e+01 1.065207e+01
    endloop
  endfacet
  facet normal -9.106187e-04 -9.999987e-01 1.307260e-03
    outer loop
      vertex   4.782703e+01 3.095172e+01 1.065207e+01
      vertex   4.862024e+01 3.095172e+01 1.120462e+01
      vertex   4.522415e+01 3.095849e+01 1.401244e+01
    endloop
  endfacet
  facet normal -9.913381e-04 -9.999988e-01 1.209628e-03
    outer loop
      vertex   4.522415e+01 3.095849e+01 1.401244e+01
      vertex   4.862024e+01 3.095172e+01 1.120462e+01
      vertex   4.936793e+01 3.095172e+01 1.181737e+01
    endloop
  endfacet
  facet normal -1.275498e-03 -9.999987e-01 9.694801e-04
    outer loop
      vertex   5.070876e+01 3.095172e+01 1.320823e+01
      vertex   5.129373e+01 3.095172e+01 1.397785e+01
      vertex   4.522492e+01 3.096358e+01 1.822727e+01
    endloop
  endfacet
  facet normal 9.949674e-01 -1.001987e-01 1.469671e-04
    outer loop
      vertex   4.372295e+01 2.945109e+01 8.968746e+00
      vertex   4.375282e+01 2.975218e+01 1.204822e+01
      vertex   4.372295e+01 2.945849e+01 1.401244e+01
    endloop
  endfacet
  facet normal 9.949631e-01 -1.002416e-01 1.404812e-04
    outer loop
      vertex   4.372295e+01 2.945849e+01 1.401244e+01
      vertex   4.375282e+01 2.975218e+01 1.204822e+01
      vertex   4.375283e+01 2.975579e+01 1.456649e+01
    endloop
  endfacet
  facet normal 9.944028e-01 -1.056115e-01 3.052054e-03
    outer loop
      vertex   4.372295e+01 2.945849e+01 1.401244e+01
      vertex   4.375283e+01 2.975579e+01 1.456649e+01
      vertex   4.374554e+01 2.972011e+01 1.570638e+01
    endloop
  endfacet
  facet normal 9.669929e-01 -2.547968e-01 -1.792137e-03
    outer loop
      vertex   4.374554e+01 2.972011e+01 1.570638e+01
      vertex   4.375283e+01 2.975579e+01 1.456649e+01
      vertex   4.381211e+01 2.997057e+01 1.601507e+01
    endloop
  endfacet
  facet normal 9.558624e-01 -2.937811e-01 4.443812e-03
    outer loop
      vertex   4.381211e+01 2.997057e+01 1.601507e+01
      vertex   4.375283e+01 2.975579e+01 1.456649e+01
      vertex   4.384039e+01 3.004068e+01 1.456611e+01
    endloop
  endfacet
  facet normal 9.093516e-01 -4.160217e-01 -2.378526e-03
    outer loop
      vertex   4.381211e+01 2.997057e+01 1.601507e+01
      vertex   4.384039e+01 3.004068e+01 1.456611e+01
      vertex   4.392073e+01 3.020604e+01 1.635921e+01
    endloop
  endfacet
  facet normal 8.959745e-01 -4.441047e-01 8.106840e-04
    outer loop
      vertex   4.392073e+01 3.020604e+01 1.635921e+01
      vertex   4.384039e+01 3.004068e+01 1.456611e+01
      vertex   4.392413e+01 3.020962e+01 1.456588e+01
    endloop
  endfacet
  facet normal 8.227735e-01 -5.683693e-01 4.244205e-04
    outer loop
      vertex   4.392073e+01 3.020604e+01 1.635921e+01
      vertex   4.392413e+01 3.020962e+01 1.456588e+01
      vertex   4.406684e+01 3.041782e+01 1.673317e+01
    endloop
  endfacet
  facet normal 8.113272e-01 -5.845859e-01 2.735996e-03
    outer loop
      vertex   4.406684e+01 3.041782e+01 1.673317e+01
      vertex   4.392413e+01 3.020962e+01 1.456588e+01
      vertex   4.409832e+01 3.045137e+01 1.456555e+01
    endloop
  endfacet
  facet normal 7.148717e-01 -6.992555e-01 -4.397271e-04
    outer loop
      vertex   4.406684e+01 3.041782e+01 1.673317e+01
      vertex   4.409832e+01 3.045137e+01 1.456555e+01
      vertex   4.424603e+01 3.060076e+01 1.713420e+01
    endloop
  endfacet
  facet normal 6.807344e-01 -7.325222e-01 3.458067e-03
    outer loop
      vertex   4.424603e+01 3.060076e+01 1.713420e+01
      vertex   4.409832e+01 3.045137e+01 1.456555e+01
      vertex   4.431668e+01 3.065429e+01 1.456527e+01
    endloop
  endfacet
  facet normal 5.861408e-01 -8.102088e-01 -7.620049e-04
    outer loop
      vertex   4.424603e+01 3.060076e+01 1.713420e+01
      vertex   4.431668e+01 3.065429e+01 1.456527e+01
      vertex   4.445422e+01 3.075097e+01 1.756088e+01
    endloop
  endfacet
  facet normal 5.224746e-01 -8.526475e-01 3.530853e-03
    outer loop
      vertex   4.445422e+01 3.075097e+01 1.756088e+01
      vertex   4.431668e+01 3.065429e+01 1.456527e+01
      vertex   4.457069e+01 3.080994e+01 1.456506e+01
    endloop
  endfacet
  facet normal 4.408087e-01 -8.976009e-01 -5.289728e-04
    outer loop
      vertex   4.445422e+01 3.075097e+01 1.756088e+01
      vertex   4.457069e+01 3.080994e+01 1.456506e+01
      vertex   4.468078e+01 3.086198e+01 1.799935e+01
    endloop
  endfacet
  facet normal 3.425127e-01 -9.395076e-01 3.256946e-03
    outer loop
      vertex   4.468078e+01 3.086198e+01 1.799935e+01
      vertex   4.457069e+01 3.080994e+01 1.456506e+01
      vertex   4.485067e+01 3.091201e+01 1.456492e+01
    endloop
  endfacet
  facet normal 2.846217e-01 -9.586399e-01 1.144308e-04
    outer loop
      vertex   4.468078e+01 3.086198e+01 1.799935e+01
      vertex   4.485067e+01 3.091201e+01 1.456492e+01
      vertex   4.491789e+01 3.093243e+01 1.844226e+01
    endloop
  endfacet
  facet normal 1.875396e-01 -9.822552e-01 1.921792e-03
    outer loop
      vertex   4.491789e+01 3.093243e+01 1.844226e+01
      vertex   4.485067e+01 3.091201e+01 1.456492e+01
      vertex   4.503598e+01 3.094739e+01 1.456487e+01
    endloop
  endfacet
  facet normal 1.004142e-01 -9.949454e-01 -7.806094e-04
    outer loop
      vertex   4.491789e+01 3.093243e+01 1.844226e+01
      vertex   4.503598e+01 3.094739e+01 1.456487e+01
      vertex   4.522492e+01 3.096358e+01 1.822727e+01
    endloop
  endfacet
  facet normal 6.237361e-02 -9.980522e-01 1.195670e-03
    outer loop
      vertex   4.522492e+01 3.096358e+01 1.822727e+01
      vertex   4.503598e+01 3.094739e+01 1.456487e+01
      vertex   4.522415e+01 3.095849e+01 1.401244e+01
    endloop
  endfacet
  facet normal 6.302885e-02 -9.980107e-01 1.419700e-03
    outer loop
      vertex   4.522415e+01 3.095849e+01 1.401244e+01
      vertex   4.503598e+01 3.094739e+01 1.456487e+01
      vertex   4.503572e+01 3.094379e+01 1.204648e+01
    endloop
  endfacet
  facet normal 6.267406e-02 -9.980330e-01 1.453873e-03
    outer loop
      vertex   4.522415e+01 3.095849e+01 1.401244e+01
      vertex   4.503572e+01 3.094379e+01 1.204648e+01
      vertex   4.522374e+01 3.095172e+01 9.387445e+00
    endloop
  endfacet
  facet normal 9.401714e-02 -9.955638e-01 3.677616e-03
    outer loop
      vertex   4.522374e+01 3.095172e+01 9.387445e+00
      vertex   4.503572e+01 3.094379e+01 1.204648e+01
      vertex   4.493924e+01 3.092451e+01 9.292240e+00
    endloop
  endfacet
  facet normal 1.877041e-01 -9.822256e-01 3.026725e-04
    outer loop
      vertex   4.493924e+01 3.092451e+01 9.292240e+00
      vertex   4.503572e+01 3.094379e+01 1.204648e+01
      vertex   4.485044e+01 3.090838e+01 1.204653e+01
    endloop
  endfacet
  facet normal 2.821941e-01 -9.593510e-01 3.483099e-03
    outer loop
      vertex   4.493924e+01 3.092451e+01 9.292240e+00
      vertex   4.485044e+01 3.090838e+01 1.204653e+01
      vertex   4.466229e+01 3.084273e+01 9.206841e+00
    endloop
  endfacet
  facet normal 3.426518e-01 -9.394620e-01 -9.825475e-04
    outer loop
      vertex   4.466229e+01 3.084273e+01 9.206841e+00
      vertex   4.485044e+01 3.090838e+01 1.204653e+01
      vertex   4.457050e+01 3.080628e+01 1.204668e+01
    endloop
  endfacet
  facet normal 4.616026e-01 -8.870798e-01 3.534196e-03
    outer loop
      vertex   4.466229e+01 3.084273e+01 9.206841e+00
      vertex   4.457050e+01 3.080628e+01 1.204668e+01
      vertex   4.440385e+01 3.070796e+01 9.133504e+00
    endloop
  endfacet
  facet normal 5.225802e-01 -8.525894e-01 -1.118249e-03
    outer loop
      vertex   4.440385e+01 3.070796e+01 9.133504e+00
      vertex   4.457050e+01 3.080628e+01 1.204668e+01
      vertex   4.431654e+01 3.065062e+01 1.204691e+01
    endloop
  endfacet
  facet normal 6.251087e-01 -7.805305e-01 3.372427e-03
    outer loop
      vertex   4.440385e+01 3.070796e+01 9.133504e+00
      vertex   4.431654e+01 3.065062e+01 1.204691e+01
      vertex   4.417471e+01 3.052419e+01 9.073488e+00
    endloop
  endfacet
  facet normal 6.808075e-01 -7.324612e-01 -1.328322e-03
    outer loop
      vertex   4.417471e+01 3.052419e+01 9.073488e+00
      vertex   4.431654e+01 3.065062e+01 1.204691e+01
      vertex   4.409823e+01 3.044771e+01 1.204720e+01
    endloop
  endfacet
  facet normal 7.658899e-01 -6.429640e-01 3.161639e-03
    outer loop
      vertex   4.417471e+01 3.052419e+01 9.073488e+00
      vertex   4.409823e+01 3.044771e+01 1.204720e+01
      vertex   4.398413e+01 3.029693e+01 9.027111e+00
    endloop
  endfacet
  facet normal 8.113710e-01 -5.845297e-01 -1.474032e-03
    outer loop
      vertex   4.398413e+01 3.029693e+01 9.027111e+00
      vertex   4.409823e+01 3.044771e+01 1.204720e+01
      vertex   4.392408e+01 3.020597e+01 1.204756e+01
    endloop
  endfacet
  facet normal 8.776658e-01 -4.792636e-01 3.014069e-03
    outer loop
      vertex   4.398413e+01 3.029693e+01 9.027111e+00
      vertex   4.392408e+01 3.020597e+01 1.204756e+01
      vertex   4.384142e+01 3.003540e+01 8.994491e+00
    endloop
  endfacet
  facet normal 8.959993e-01 -4.440552e-01 5.506816e-04
    outer loop
      vertex   4.384142e+01 3.003540e+01 8.994491e+00
      vertex   4.392408e+01 3.020597e+01 1.204756e+01
      vertex   4.384036e+01 3.003705e+01 1.204780e+01
    endloop
  endfacet
  facet normal 9.552980e-01 -2.956441e-01 4.911011e-04
    outer loop
      vertex   4.384142e+01 3.003540e+01 8.994491e+00
      vertex   4.384036e+01 3.003705e+01 1.204780e+01
      vertex   4.375292e+01 2.974938e+01 8.975114e+00
    endloop
  endfacet
  facet normal 9.558808e-01 -2.937546e-01 2.976269e-04
    outer loop
      vertex   4.375292e+01 2.974938e+01 8.975114e+00
      vertex   4.384036e+01 3.003705e+01 1.204780e+01
      vertex   4.375282e+01 2.975218e+01 1.204822e+01
    endloop
  endfacet
  facet normal 9.949926e-01 -9.994808e-02 1.222168e-04
    outer loop
      vertex   4.375292e+01 2.974938e+01 8.975114e+00
      vertex   4.375282e+01 2.975218e+01 1.204822e+01
      vertex   4.372295e+01 2.945109e+01 8.968746e+00
    endloop
  endfacet
  facet normal 9.962289e-01 -8.676434e-02 1.168248e-04
    outer loop
      vertex   4.374554e+01 2.972011e+01 1.570638e+01
      vertex   4.372295e+01 2.946040e+01 1.543270e+01
      vertex   4.372295e+01 2.945849e+01 1.401244e+01
    endloop
  endfacet
  facet normal 9.558702e-01 -2.937890e-01 4.131269e-04
    outer loop
      vertex   4.384039e+01 3.004068e+01 1.456611e+01
      vertex   4.375283e+01 2.975579e+01 1.456649e+01
      vertex   4.384036e+01 3.003705e+01 1.204780e+01
    endloop
  endfacet
  facet normal 9.558808e-01 -2.937545e-01 4.173501e-04
    outer loop
      vertex   4.384036e+01 3.003705e+01 1.204780e+01
      vertex   4.375283e+01 2.975579e+01 1.456649e+01
      vertex   4.375282e+01 2.975218e+01 1.204822e+01
    endloop
  endfacet
  facet normal 8.959746e-01 -4.441049e-01 6.264751e-04
    outer loop
      vertex   4.392413e+01 3.020962e+01 1.456588e+01
      vertex   4.384039e+01 3.004068e+01 1.456611e+01
      vertex   4.392408e+01 3.020597e+01 1.204756e+01
    endloop
  endfacet
  facet normal 8.959993e-01 -4.440550e-01 6.305700e-04
    outer loop
      vertex   4.392408e+01 3.020597e+01 1.204756e+01
      vertex   4.384039e+01 3.004068e+01 1.456611e+01
      vertex   4.384036e+01 3.003705e+01 1.204780e+01
    endloop
  endfacet
  facet normal 8.113287e-01 -5.845896e-01 8.226260e-04
    outer loop
      vertex   4.409832e+01 3.045137e+01 1.456555e+01
      vertex   4.392413e+01 3.020962e+01 1.456588e+01
      vertex   4.409823e+01 3.044771e+01 1.204720e+01
    endloop
  endfacet
  facet normal 8.113732e-01 -5.845279e-01 8.315312e-04
    outer loop
      vertex   4.409823e+01 3.044771e+01 1.204720e+01
      vertex   4.392413e+01 3.020962e+01 1.456588e+01
      vertex   4.392408e+01 3.020597e+01 1.204756e+01
    endloop
  endfacet
  facet normal 6.807364e-01 -7.325277e-01 1.030630e-03
    outer loop
      vertex   4.431668e+01 3.065429e+01 1.456527e+01
      vertex   4.409832e+01 3.045137e+01 1.456555e+01
      vertex   4.431654e+01 3.065062e+01 1.204691e+01
    endloop
  endfacet
  facet normal 6.808094e-01 -7.324599e-01 1.042323e-03
    outer loop
      vertex   4.431654e+01 3.065062e+01 1.204691e+01
      vertex   4.409832e+01 3.045137e+01 1.456555e+01
      vertex   4.409823e+01 3.044771e+01 1.204720e+01
    endloop
  endfacet
  facet normal 5.224761e-01 -8.526531e-01 1.199336e-03
    outer loop
      vertex   4.457069e+01 3.080994e+01 1.456506e+01
      vertex   4.431668e+01 3.065429e+01 1.456527e+01
      vertex   4.457050e+01 3.080628e+01 1.204668e+01
    endloop
  endfacet
  facet normal 5.225816e-01 -8.525884e-01 1.213878e-03
    outer loop
      vertex   4.457050e+01 3.080628e+01 1.204668e+01
      vertex   4.431668e+01 3.065429e+01 1.456527e+01
      vertex   4.431654e+01 3.065062e+01 1.204691e+01
    endloop
  endfacet
  facet normal 3.425133e-01 -9.395120e-01 1.320966e-03
    outer loop
      vertex   4.485067e+01 3.091201e+01 1.456492e+01
      vertex   4.457069e+01 3.080994e+01 1.456506e+01
      vertex   4.485044e+01 3.090838e+01 1.204653e+01
    endloop
  endfacet
  facet normal 3.426527e-01 -9.394612e-01 1.338438e-03
    outer loop
      vertex   4.485044e+01 3.090838e+01 1.204653e+01
      vertex   4.457069e+01 3.080994e+01 1.456506e+01
      vertex   4.457050e+01 3.080628e+01 1.204668e+01
    endloop
  endfacet
  facet normal 1.875396e-01 -9.822561e-01 1.384276e-03
    outer loop
      vertex   4.503598e+01 3.094739e+01 1.456487e+01
      vertex   4.485067e+01 3.091201e+01 1.456492e+01
      vertex   4.503572e+01 3.094379e+01 1.204648e+01
    endloop
  endfacet
  facet normal 1.877042e-01 -9.822246e-01 1.396764e-03
    outer loop
      vertex   4.503572e+01 3.094379e+01 1.204648e+01
      vertex   4.485067e+01 3.091201e+01 1.456492e+01
      vertex   4.485044e+01 3.090838e+01 1.204653e+01
    endloop
  endfacet
  facet normal 1.000000e+00 0.000000e+00 0.000000e+00
    outer loop
      vertex   4.372295e+01 2.945849e+01 1.401244e+01
      vertex   4.372295e+01 2.814136e+01 1.149059e+01
      vertex   4.372295e+01 2.945109e+01 8.968746e+00
    endloop
  endfacet
  facet normal 1.000000e+00 0.000000e+00 0.000000e+00
    outer loop
      vertex   4.372295e+01 2.945109e+01 8.968746e+00
      vertex   4.372295e+01 2.814136e+01 1.149059e+01
      vertex   4.372295e+01 2.809999e+01 1.112343e+01
    endloop
  endfacet
  facet normal 1.000000e+00 0.000000e+00 0.000000e+00
    outer loop
      vertex   4.372295e+01 2.945109e+01 8.968746e+00
      vertex   4.372295e+01 2.809999e+01 1.112343e+01
      vertex   4.372295e+01 2.797796e+01 1.077468e+01
    endloop
  endfacet
  facet normal 1.000000e+00 -4.093560e-14 5.511817e-17
    outer loop
      vertex   4.372295e+01 2.946040e+01 1.543270e+01
      vertex   4.372295e+01 2.911283e+01 1.512339e+01
      vertex   4.372295e+01 2.945849e+01 1.401244e+01
    endloop
  endfacet
  facet normal 1.000000e+00 7.794619e-15 1.521669e-14
    outer loop
      vertex   4.372295e+01 2.945849e+01 1.401244e+01
      vertex   4.372295e+01 2.911283e+01 1.512339e+01
      vertex   4.372295e+01 2.873861e+01 1.484813e+01
    endloop
  endfacet
  facet normal 1.000000e+00 -1.511822e-14 -4.520481e-15
    outer loop
      vertex   4.372295e+01 2.945849e+01 1.401244e+01
      vertex   4.372295e+01 2.873861e+01 1.484813e+01
      vertex   4.372295e+01 2.834023e+01 1.460866e+01
    endloop
  endfacet
  facet normal 1.000000e+00 -6.025344e-15 1.253378e-14
    outer loop
      vertex   4.372295e+01 2.834023e+01 1.460866e+01
      vertex   4.372295e+01 2.792022e+01 1.440675e+01
      vertex   4.372295e+01 2.945849e+01 1.401244e+01
    endloop
  endfacet
  facet normal 1.000000e+00 -7.172915e-15 8.056954e-15
    outer loop
      vertex   4.372295e+01 2.945849e+01 1.401244e+01
      vertex   4.372295e+01 2.792022e+01 1.440675e+01
      vertex   4.372295e+01 2.778138e+01 1.251935e+01
    endloop
  endfacet
  facet normal 1.000000e+00 0.000000e+00 0.000000e+00
    outer loop
      vertex   4.372295e+01 2.945849e+01 1.401244e+01
      vertex   4.372295e+01 2.778138e+01 1.251935e+01
      vertex   4.372295e+01 2.797796e+01 1.220650e+01
    endloop
  endfacet
  facet normal 1.000000e+00 -1.831950e-14 8.876878e-15
    outer loop
      vertex   4.372295e+01 2.778138e+01 1.251935e+01
      vertex   4.372295e+01 2.792022e+01 1.440675e+01
      vertex   4.372295e+01 2.752012e+01 1.278061e+01
    endloop
  endfacet
  facet normal 1.000000e+00 -1.781898e-15 4.807935e-15
    outer loop
      vertex   4.372295e+01 2.752012e+01 1.278061e+01
      vertex   4.372295e+01 2.792022e+01 1.440675e+01
      vertex   4.372295e+01 2.748372e+01 1.424498e+01
    endloop
  endfacet
  facet normal 1.000000e+00 3.097224e-15 4.929204e-15
    outer loop
      vertex   4.372295e+01 2.752012e+01 1.278061e+01
      vertex   4.372295e+01 2.748372e+01 1.424498e+01
      vertex   4.372295e+01 2.720727e+01 1.297719e+01
    endloop
  endfacet
  facet normal 1.000000e+00 -1.595461e-15 5.952490e-15
    outer loop
      vertex   4.372295e+01 2.720727e+01 1.297719e+01
      vertex   4.372295e+01 2.748372e+01 1.424498e+01
      vertex   4.372295e+01 2.703495e+01 1.412469e+01
    endloop
  endfacet
  facet normal 1.000000e+00 2.286860e-15 6.535471e-15
    outer loop
      vertex   4.372295e+01 2.720727e+01 1.297719e+01
      vertex   4.372295e+01 2.703495e+01 1.412469e+01
      vertex   4.372295e+01 2.685852e+01 1.309922e+01
    endloop
  endfacet
  facet normal 1.000000e+00 -1.217406e-15 7.138392e-15
    outer loop
      vertex   4.372295e+01 2.685852e+01 1.309922e+01
      vertex   4.372295e+01 2.703495e+01 1.412469e+01
      vertex   4.372295e+01 2.657687e+01 1.404657e+01
    endloop
  endfacet
  facet normal 1.000000e+00 8.743734e-16 7.760279e-15
    outer loop
      vertex   4.372295e+01 2.685852e+01 1.309922e+01
      vertex   4.372295e+01 2.657687e+01 1.404657e+01
      vertex   4.372295e+01 2.649136e+01 1.314059e+01
    endloop
  endfacet
  facet normal 1.000000e+00 -3.468400e-08 3.273707e-09
    outer loop
      vertex   4.372295e+01 2.649136e+01 1.314059e+01
      vertex   4.372295e+01 2.657687e+01 1.404657e+01
      vertex   4.372295e+01 2.611243e+01 1.401128e+01
    endloop
  endfacet
  facet normal 1.000000e+00 -1.972891e-09 1.750990e-08
    outer loop
      vertex   4.372295e+01 2.649136e+01 1.314059e+01
      vertex   4.372295e+01 2.611243e+01 1.401128e+01
      vertex   4.372295e+01 2.612420e+01 1.309922e+01
    endloop
  endfacet
  facet normal 1.000000e+00 3.278240e-08 1.795854e-08
    outer loop
      vertex   4.372295e+01 2.612420e+01 1.309922e+01
      vertex   4.372295e+01 2.611243e+01 1.401128e+01
      vertex   4.372295e+01 2.565357e+01 1.395834e+01
    endloop
  endfacet
  facet normal 1.000000e+00 0.000000e+00 0.000000e+00
    outer loop
      vertex   4.372295e+01 2.612420e+01 1.309922e+01
      vertex   4.372295e+01 2.565357e+01 1.395834e+01
      vertex   4.372295e+01 2.577545e+01 1.297719e+01
    endloop
  endfacet
  facet normal 1.000000e+00 0.000000e+00 0.000000e+00
    outer loop
      vertex   4.372295e+01 2.577545e+01 1.297719e+01
      vertex   4.372295e+01 2.565357e+01 1.395834e+01
      vertex   4.372295e+01 2.521045e+01 1.382795e+01
    endloop
  endfacet
  facet normal 1.000000e+00 0.000000e+00 0.000000e+00
    outer loop
      vertex   4.372295e+01 2.577545e+01 1.297719e+01
      vertex   4.372295e+01 2.521045e+01 1.382795e+01
      vertex   4.372295e+01 2.546260e+01 1.278061e+01
    endloop
  endfacet
  facet normal 1.000000e+00 0.000000e+00 0.000000e+00
    outer loop
      vertex   4.372295e+01 2.546260e+01 1.278061e+01
      vertex   4.372295e+01 2.521045e+01 1.382795e+01
      vertex   4.372295e+01 2.479604e+01 1.362395e+01
    endloop
  endfacet
  facet normal 1.000000e+00 -1.519022e-14 -1.200616e-14
    outer loop
      vertex   4.372295e+01 2.546260e+01 1.278061e+01
      vertex   4.372295e+01 2.479604e+01 1.362395e+01
      vertex   4.372295e+01 2.520134e+01 1.251935e+01
    endloop
  endfacet
  facet normal 1.000000e+00 3.692434e-15 -5.077769e-15
    outer loop
      vertex   4.372295e+01 2.520134e+01 1.251935e+01
      vertex   4.372295e+01 2.479604e+01 1.362395e+01
      vertex   4.372295e+01 2.442247e+01 1.335229e+01
    endloop
  endfacet
  facet normal 1.000000e+00 4.474985e-15 -4.346019e-15
    outer loop
      vertex   4.372295e+01 2.520134e+01 1.251935e+01
      vertex   4.372295e+01 2.442247e+01 1.335229e+01
      vertex   4.372295e+01 2.410066e+01 1.302094e+01
    endloop
  endfacet
  facet normal 1.000000e+00 5.018504e-15 -3.153335e-15
    outer loop
      vertex   4.372295e+01 2.520134e+01 1.251935e+01
      vertex   4.372295e+01 2.410066e+01 1.302094e+01
      vertex   4.372295e+01 2.500476e+01 1.220650e+01
    endloop
  endfacet
  facet normal 1.000000e+00 4.864454e-15 -3.324345e-15
    outer loop
      vertex   4.372295e+01 2.500476e+01 1.220650e+01
      vertex   4.372295e+01 2.410066e+01 1.302094e+01
      vertex   4.372295e+01 2.384004e+01 1.263958e+01
    endloop
  endfacet
  facet normal 1.000000e+00 5.398200e-15 -1.888912e-15
    outer loop
      vertex   4.372295e+01 2.500476e+01 1.220650e+01
      vertex   4.372295e+01 2.384004e+01 1.263958e+01
      vertex   4.372295e+01 2.488273e+01 1.185775e+01
    endloop
  endfacet
  facet normal 1.000000e+00 5.076914e-15 -2.317392e-15
    outer loop
      vertex   4.372295e+01 2.488273e+01 1.185775e+01
      vertex   4.372295e+01 2.384004e+01 1.263958e+01
      vertex   4.372295e+01 2.364824e+01 1.221939e+01
    endloop
  endfacet
  facet normal 1.000000e+00 5.344440e-15 -1.404161e-15
    outer loop
      vertex   4.372295e+01 2.488273e+01 1.185775e+01
      vertex   4.372295e+01 2.364824e+01 1.221939e+01
      vertex   4.372295e+01 2.353087e+01 1.177265e+01
    endloop
  endfacet
  facet normal 1.000000e+00 4.066569e-15 1.889423e-14
    outer loop
      vertex   4.372295e+01 2.488273e+01 1.185775e+01
      vertex   4.372295e+01 2.353087e+01 1.177265e+01
      vertex   4.372295e+01 2.484136e+01 1.149059e+01
    endloop
  endfacet
  facet normal 1.000000e+00 -3.262737e-15 -1.515944e-14
    outer loop
      vertex   4.372295e+01 2.484136e+01 1.149059e+01
      vertex   4.372295e+01 2.353087e+01 1.177265e+01
      vertex   4.372295e+01 2.349136e+01 1.131244e+01
    endloop
  endfacet
  facet normal 1.000000e+00 -1.281444e-14 5.722021e-14
    outer loop
      vertex   4.372295e+01 2.484136e+01 1.149059e+01
      vertex   4.372295e+01 2.349136e+01 1.131244e+01
      vertex   4.372295e+01 2.360885e+01 1.084204e+01
    endloop
  endfacet
  facet normal 1.000000e+00 2.594043e-14 -1.642964e-14
    outer loop
      vertex   4.372295e+01 2.484136e+01 1.149059e+01
      vertex   4.372295e+01 2.360885e+01 1.084204e+01
      vertex   4.372295e+01 2.488273e+01 1.112343e+01
    endloop
  endfacet
  facet normal 1.000000e+00 1.067347e-14 5.268500e-14
    outer loop
      vertex   4.372295e+01 2.488273e+01 1.112343e+01
      vertex   4.372295e+01 2.360885e+01 1.084204e+01
      vertex   4.372295e+01 2.380363e+01 1.039798e+01
    endloop
  endfacet
  facet normal 1.000000e+00 3.731434e-14 1.305685e-14
    outer loop
      vertex   4.372295e+01 2.488273e+01 1.112343e+01
      vertex   4.372295e+01 2.380363e+01 1.039798e+01
      vertex   4.372295e+01 2.500476e+01 1.077468e+01
    endloop
  endfacet
  facet normal 1.000000e+00 2.856791e-13 -7.788715e-13
    outer loop
      vertex   4.372295e+01 2.500476e+01 1.077468e+01
      vertex   4.372295e+01 2.380363e+01 1.039798e+01
      vertex   4.372295e+01 2.407092e+01 9.994273e+00
    endloop
  endfacet
  facet normal 1.000000e+00 2.397672e-13 -7.239333e-13
    outer loop
      vertex   4.372295e+01 2.500476e+01 1.077468e+01
      vertex   4.372295e+01 2.407092e+01 9.994273e+00
      vertex   4.372295e+01 2.422983e+01 9.811344e+00
    endloop
  endfacet
  facet normal 1.000000e+00 -3.706553e-13 -2.328982e-13
    outer loop
      vertex   4.372295e+01 2.500476e+01 1.077468e+01
      vertex   4.372295e+01 2.422983e+01 9.811344e+00
      vertex   4.372295e+01 2.520134e+01 1.046183e+01
    endloop
  endfacet
  facet normal 1.000000e+00 -2.275538e-13 -4.466201e-13
    outer loop
      vertex   4.372295e+01 2.520134e+01 1.046183e+01
      vertex   4.372295e+01 2.422983e+01 9.811344e+00
      vertex   4.372295e+01 2.440449e+01 9.642811e+00
    endloop
  endfacet
  facet normal 1.000000e+00 -2.385834e-13 -4.358891e-13
    outer loop
      vertex   4.372295e+01 2.520134e+01 1.046183e+01
      vertex   4.372295e+01 2.440449e+01 9.642811e+00
      vertex   4.372295e+01 2.459287e+01 9.490798e+00
    endloop
  endfacet
  facet normal 1.000000e+00 -1.265324e-13 -5.061022e-13
    outer loop
      vertex   4.372295e+01 2.459287e+01 9.490798e+00
      vertex   4.372295e+01 2.479372e+01 9.356346e+00
      vertex   4.372295e+01 2.520134e+01 1.046183e+01
    endloop
  endfacet
  facet normal 1.000000e+00 -4.237183e-13 -3.965220e-13
    outer loop
      vertex   4.372295e+01 2.520134e+01 1.046183e+01
      vertex   4.372295e+01 2.479372e+01 9.356346e+00
      vertex   4.372295e+01 2.546260e+01 1.020057e+01
    endloop
  endfacet
  facet normal 1.000000e+00 -1.157839e-13 -6.405013e-13
    outer loop
      vertex   4.372295e+01 2.546260e+01 1.020057e+01
      vertex   4.372295e+01 2.479372e+01 9.356346e+00
      vertex   4.372295e+01 2.500592e+01 9.240331e+00
    endloop
  endfacet
  facet normal 1.000000e+00 -2.505712e-13 -5.763979e-13
    outer loop
      vertex   4.372295e+01 2.546260e+01 1.020057e+01
      vertex   4.372295e+01 2.500592e+01 9.240331e+00
      vertex   4.372295e+01 2.522832e+01 9.143651e+00
    endloop
  endfacet
  facet normal 1.000000e+00 -3.485308e-13 -5.546836e-13
    outer loop
      vertex   4.372295e+01 2.546260e+01 1.020057e+01
      vertex   4.372295e+01 2.522832e+01 9.143651e+00
      vertex   4.372295e+01 2.577545e+01 1.000399e+01
    endloop
  endfacet
  facet normal 1.000000e+00 -6.973558e-13 -3.328489e-13
    outer loop
      vertex   4.372295e+01 2.577545e+01 1.000399e+01
      vertex   4.372295e+01 2.522832e+01 9.143651e+00
      vertex   4.372295e+01 2.545819e+01 9.067637e+00
    endloop
  endfacet
  facet normal 1.000000e+00 -1.018272e-12 -2.241151e-13
    outer loop
      vertex   4.372295e+01 2.577545e+01 1.000399e+01
      vertex   4.372295e+01 2.545819e+01 9.067637e+00
      vertex   4.372295e+01 2.569353e+01 9.012923e+00
    endloop
  endfacet
  facet normal 1.000000e+00 -1.048416e-13 -2.996201e-13
    outer loop
      vertex   4.372295e+01 2.577545e+01 1.000399e+01
      vertex   4.372295e+01 2.569353e+01 9.012923e+00
      vertex   4.372295e+01 2.612420e+01 9.881960e+00
    endloop
  endfacet
  facet normal 1.000000e+00 -9.344340e-13 1.115033e-13
    outer loop
      vertex   4.372295e+01 2.612420e+01 9.881960e+00
      vertex   4.372295e+01 2.569353e+01 9.012923e+00
      vertex   4.372295e+01 2.593291e+01 8.979847e+00
    endloop
  endfacet
  facet normal 1.000000e+00 -6.575404e-12 1.307655e-12
    outer loop
      vertex   4.372295e+01 2.612420e+01 9.881960e+00
      vertex   4.372295e+01 2.593291e+01 8.979847e+00
      vertex   4.372295e+01 2.617492e+01 8.968746e+00
    endloop
  endfacet
  facet normal 1.000000e+00 4.641278e-13 1.012827e-12
    outer loop
      vertex   4.372295e+01 2.945109e+01 8.968746e+00
      vertex   4.372295e+01 2.720727e+01 1.000399e+01
      vertex   4.372295e+01 2.617492e+01 8.968746e+00
    endloop
  endfacet
  facet normal 1.000000e+00 -7.930925e-13 2.266528e-12
    outer loop
      vertex   4.372295e+01 2.617492e+01 8.968746e+00
      vertex   4.372295e+01 2.720727e+01 1.000399e+01
      vertex   4.372295e+01 2.685852e+01 9.881960e+00
    endloop
  endfacet
  facet normal 1.000000e+00 -2.058463e-13 1.826936e-12
    outer loop
      vertex   4.372295e+01 2.617492e+01 8.968746e+00
      vertex   4.372295e+01 2.685852e+01 9.881960e+00
      vertex   4.372295e+01 2.649136e+01 9.840591e+00
    endloop
  endfacet
  facet normal 1.000000e+00 -0.000000e+00 0.000000e+00
    outer loop
      vertex   4.372295e+01 2.797796e+01 1.220650e+01
      vertex   4.372295e+01 2.809999e+01 1.185775e+01
      vertex   4.372295e+01 2.945849e+01 1.401244e+01
    endloop
  endfacet
  facet normal 1.000000e+00 0.000000e+00 0.000000e+00
    outer loop
      vertex   4.372295e+01 2.945849e+01 1.401244e+01
      vertex   4.372295e+01 2.809999e+01 1.185775e+01
      vertex   4.372295e+01 2.814136e+01 1.149059e+01
    endloop
  endfacet
  facet normal 1.000000e+00 0.000000e+00 0.000000e+00
    outer loop
      vertex   4.372295e+01 2.797796e+01 1.077468e+01
      vertex   4.372295e+01 2.778138e+01 1.046183e+01
      vertex   4.372295e+01 2.945109e+01 8.968746e+00
    endloop
  endfacet
  facet normal 1.000000e+00 -1.283882e-14 -1.435755e-14
    outer loop
      vertex   4.372295e+01 2.945109e+01 8.968746e+00
      vertex   4.372295e+01 2.778138e+01 1.046183e+01
      vertex   4.372295e+01 2.752012e+01 1.020057e+01
    endloop
  endfacet
  facet normal 1.000000e+00 -1.825928e-15 2.905948e-15
    outer loop
      vertex   4.372295e+01 2.945109e+01 8.968746e+00
      vertex   4.372295e+01 2.752012e+01 1.020057e+01
      vertex   4.372295e+01 2.720727e+01 1.000399e+01
    endloop
  endfacet
  facet normal 1.000000e+00 1.896715e-13 1.683381e-12
    outer loop
      vertex   4.372295e+01 2.649136e+01 9.840591e+00
      vertex   4.372295e+01 2.612420e+01 9.881960e+00
      vertex   4.372295e+01 2.617492e+01 8.968746e+00
    endloop
  endfacet
  facet normal -5.535538e-01 -7.371176e-01 3.876026e-01
    outer loop
      vertex   5.327932e+01 1.516072e+01 1.869140e+01
      vertex   5.321804e+01 1.522930e+01 1.873431e+01
      vertex   5.304989e+01 1.516072e+01 1.836373e+01
    endloop
  endfacet
  facet normal -5.535538e-01 -7.371176e-01 3.876026e-01
    outer loop
      vertex   5.304989e+01 1.516072e+01 1.836373e+01
      vertex   5.321804e+01 1.522930e+01 1.873431e+01
      vertex   5.298861e+01 1.522930e+01 1.840664e+01
    endloop
  endfacet
  facet normal -6.166906e-01 -6.582033e-01 4.318114e-01
    outer loop
      vertex   5.298861e+01 1.522930e+01 1.840664e+01
      vertex   5.321804e+01 1.522930e+01 1.873431e+01
      vertex   5.319156e+01 1.526627e+01 1.875285e+01
    endloop
  endfacet
  facet normal -6.166906e-01 -6.582033e-01 4.318114e-01
    outer loop
      vertex   5.298861e+01 1.522930e+01 1.840664e+01
      vertex   5.319156e+01 1.526627e+01 1.875285e+01
      vertex   5.296213e+01 1.526627e+01 1.842518e+01
    endloop
  endfacet
  facet normal -6.860014e-01 -5.465092e-01 4.803434e-01
    outer loop
      vertex   5.296213e+01 1.526627e+01 1.842518e+01
      vertex   5.319156e+01 1.526627e+01 1.875285e+01
      vertex   5.317008e+01 1.530645e+01 1.876789e+01
    endloop
  endfacet
  facet normal -6.860014e-01 -5.465092e-01 4.803434e-01
    outer loop
      vertex   5.296213e+01 1.526627e+01 1.842518e+01
      vertex   5.317008e+01 1.530645e+01 1.876789e+01
      vertex   5.294065e+01 1.530645e+01 1.844023e+01
    endloop
  endfacet
  facet normal -7.543298e-01 -3.898776e-01 5.281874e-01
    outer loop
      vertex   5.294065e+01 1.530645e+01 1.844023e+01
      vertex   5.317008e+01 1.530645e+01 1.876789e+01
      vertex   5.315477e+01 1.535060e+01 1.877861e+01
    endloop
  endfacet
  facet normal -7.543298e-01 -3.898776e-01 5.281874e-01
    outer loop
      vertex   5.294065e+01 1.530645e+01 1.844023e+01
      vertex   5.315477e+01 1.535060e+01 1.877861e+01
      vertex   5.292534e+01 1.535060e+01 1.845095e+01
    endloop
  endfacet
  facet normal -7.922571e-01 -2.541404e-01 5.547444e-01
    outer loop
      vertex   5.292534e+01 1.535060e+01 1.845095e+01
      vertex   5.315477e+01 1.535060e+01 1.877861e+01
      vertex   5.314456e+01 1.539804e+01 1.878576e+01
    endloop
  endfacet
  facet normal -7.922571e-01 -2.541404e-01 5.547444e-01
    outer loop
      vertex   5.292534e+01 1.535060e+01 1.845095e+01
      vertex   5.314456e+01 1.539804e+01 1.878576e+01
      vertex   5.291513e+01 1.539804e+01 1.845810e+01
    endloop
  endfacet
  facet normal -8.106772e-01 -1.434735e-01 5.676423e-01
    outer loop
      vertex   5.291513e+01 1.539804e+01 1.845810e+01
      vertex   5.314456e+01 1.539804e+01 1.878576e+01
      vertex   5.313264e+01 1.549837e+01 1.879410e+01
    endloop
  endfacet
  facet normal -8.106772e-01 -1.434735e-01 5.676423e-01
    outer loop
      vertex   5.291513e+01 1.539804e+01 1.845810e+01
      vertex   5.313264e+01 1.549837e+01 1.879410e+01
      vertex   5.290321e+01 1.549837e+01 1.846644e+01
    endloop
  endfacet
  facet normal -8.073425e-01 1.691915e-01 5.653073e-01
    outer loop
      vertex   5.313264e+01 1.549837e+01 1.879410e+01
      vertex   5.314776e+01 1.560588e+01 1.878351e+01
      vertex   5.290321e+01 1.549837e+01 1.846644e+01
    endloop
  endfacet
  facet normal -8.073425e-01 1.691915e-01 5.653073e-01
    outer loop
      vertex   5.290321e+01 1.549837e+01 1.846644e+01
      vertex   5.314776e+01 1.560588e+01 1.878351e+01
      vertex   5.291833e+01 1.560588e+01 1.845585e+01
    endloop
  endfacet
  facet normal -7.857668e-01 2.825787e-01 5.501998e-01
    outer loop
      vertex   5.291833e+01 1.560588e+01 1.845585e+01
      vertex   5.314776e+01 1.560588e+01 1.878351e+01
      vertex   5.315998e+01 1.565651e+01 1.877496e+01
    endloop
  endfacet
  facet normal -7.857668e-01 2.825787e-01 5.501998e-01
    outer loop
      vertex   5.291833e+01 1.560588e+01 1.845585e+01
      vertex   5.315998e+01 1.565651e+01 1.877496e+01
      vertex   5.293055e+01 1.565651e+01 1.844730e+01
    endloop
  endfacet
  facet normal -7.431558e-01 4.206442e-01 5.203633e-01
    outer loop
      vertex   5.293055e+01 1.565651e+01 1.844730e+01
      vertex   5.315998e+01 1.565651e+01 1.877496e+01
      vertex   5.317778e+01 1.570338e+01 1.876249e+01
    endloop
  endfacet
  facet normal -7.431558e-01 4.206442e-01 5.203633e-01
    outer loop
      vertex   5.293055e+01 1.565651e+01 1.844730e+01
      vertex   5.317778e+01 1.570338e+01 1.876249e+01
      vertex   5.294835e+01 1.570338e+01 1.843483e+01
    endloop
  endfacet
  facet normal -6.717637e-01 5.722603e-01 4.703740e-01
    outer loop
      vertex   5.294835e+01 1.570338e+01 1.843483e+01
      vertex   5.317778e+01 1.570338e+01 1.876249e+01
      vertex   5.320208e+01 1.574589e+01 1.874548e+01
    endloop
  endfacet
  facet normal -6.717637e-01 5.722603e-01 4.703740e-01
    outer loop
      vertex   5.294835e+01 1.570338e+01 1.843483e+01
      vertex   5.320208e+01 1.574589e+01 1.874548e+01
      vertex   5.297265e+01 1.574589e+01 1.841782e+01
    endloop
  endfacet
  facet normal -6.030129e-01 6.768263e-01 4.222342e-01
    outer loop
      vertex   5.297265e+01 1.574589e+01 1.841782e+01
      vertex   5.320208e+01 1.574589e+01 1.874548e+01
      vertex   5.323150e+01 1.578495e+01 1.872488e+01
    endloop
  endfacet
  facet normal -6.030129e-01 6.768263e-01 4.222342e-01
    outer loop
      vertex   5.297265e+01 1.574589e+01 1.841782e+01
      vertex   5.323150e+01 1.578495e+01 1.872488e+01
      vertex   5.300207e+01 1.578495e+01 1.839722e+01
    endloop
  endfacet
  facet normal -5.411702e-01 7.506969e-01 3.789314e-01
    outer loop
      vertex   5.300207e+01 1.578495e+01 1.839722e+01
      vertex   5.323150e+01 1.578495e+01 1.872488e+01
      vertex   5.329888e+01 1.585734e+01 1.867770e+01
    endloop
  endfacet
  facet normal -5.411702e-01 7.506969e-01 3.789314e-01
    outer loop
      vertex   5.300207e+01 1.578495e+01 1.839722e+01
      vertex   5.329888e+01 1.585734e+01 1.867770e+01
      vertex   5.306945e+01 1.585734e+01 1.835004e+01
    endloop
  endfacet
  facet normal -2.952876e-01 9.327671e-01 2.067626e-01
    outer loop
      vertex   5.329888e+01 1.585734e+01 1.867770e+01
      vertex   5.346006e+01 1.593338e+01 1.856484e+01
      vertex   5.306945e+01 1.585734e+01 1.835004e+01
    endloop
  endfacet
  facet normal -2.952876e-01 9.327671e-01 2.067626e-01
    outer loop
      vertex   5.306945e+01 1.585734e+01 1.835004e+01
      vertex   5.346006e+01 1.593338e+01 1.856484e+01
      vertex   5.323063e+01 1.593338e+01 1.823718e+01
    endloop
  endfacet
  facet normal -1.966501e-01 9.707567e-01 1.376959e-01
    outer loop
      vertex   5.323063e+01 1.593338e+01 1.823718e+01
      vertex   5.346006e+01 1.593338e+01 1.856484e+01
      vertex   5.362566e+01 1.598338e+01 1.844888e+01
    endloop
  endfacet
  facet normal -1.966501e-01 9.707567e-01 1.376959e-01
    outer loop
      vertex   5.323063e+01 1.593338e+01 1.823718e+01
      vertex   5.362566e+01 1.598338e+01 1.844888e+01
      vertex   5.339623e+01 1.598338e+01 1.812122e+01
    endloop
  endfacet
  facet normal -6.823203e-02 9.965249e-01 4.777658e-02
    outer loop
      vertex   5.339623e+01 1.598338e+01 1.812122e+01
      vertex   5.362566e+01 1.598338e+01 1.844888e+01
      vertex   5.379680e+01 1.600084e+01 1.832905e+01
    endloop
  endfacet
  facet normal -6.823203e-02 9.965249e-01 4.777658e-02
    outer loop
      vertex   5.339623e+01 1.598338e+01 1.812122e+01
      vertex   5.379680e+01 1.600084e+01 1.832905e+01
      vertex   5.356737e+01 1.600084e+01 1.800139e+01
    endloop
  endfacet
  facet normal -2.310475e-03 9.999960e-01 1.617812e-03
    outer loop
      vertex   5.356737e+01 1.600084e+01 1.800139e+01
      vertex   5.379680e+01 1.600084e+01 1.832905e+01
      vertex   5.397079e+01 1.600144e+01 1.820722e+01
    endloop
  endfacet
  facet normal -2.310475e-03 9.999960e-01 1.617812e-03
    outer loop
      vertex   5.356737e+01 1.600084e+01 1.800139e+01
      vertex   5.397079e+01 1.600144e+01 1.820722e+01
      vertex   5.374136e+01 1.600144e+01 1.787956e+01
    endloop
  endfacet
  facet normal 2.848521e-03 9.999940e-01 -1.994556e-03
    outer loop
      vertex   5.397079e+01 1.600144e+01 1.820722e+01
      vertex   5.414442e+01 1.600070e+01 1.808565e+01
      vertex   5.374136e+01 1.600144e+01 1.787956e+01
    endloop
  endfacet
  facet normal 2.848521e-03 9.999940e-01 -1.994556e-03
    outer loop
      vertex   5.374136e+01 1.600144e+01 1.787956e+01
      vertex   5.414442e+01 1.600070e+01 1.808565e+01
      vertex   5.391499e+01 1.600070e+01 1.775799e+01
    endloop
  endfacet
  facet normal 6.874045e-02 9.964728e-01 -4.813258e-02
    outer loop
      vertex   5.391499e+01 1.600070e+01 1.775799e+01
      vertex   5.414442e+01 1.600070e+01 1.808565e+01
      vertex   5.431518e+01 1.598315e+01 1.796608e+01
    endloop
  endfacet
  facet normal 6.874045e-02 9.964728e-01 -4.813258e-02
    outer loop
      vertex   5.391499e+01 1.600070e+01 1.775799e+01
      vertex   5.431518e+01 1.598315e+01 1.796608e+01
      vertex   5.408575e+01 1.598315e+01 1.763842e+01
    endloop
  endfacet
  facet normal 1.969544e-01 9.706648e-01 -1.379090e-01
    outer loop
      vertex   5.408575e+01 1.598315e+01 1.763842e+01
      vertex   5.431518e+01 1.598315e+01 1.796608e+01
      vertex   5.448044e+01 1.593317e+01 1.785036e+01
    endloop
  endfacet
  facet normal 1.969544e-01 9.706648e-01 -1.379090e-01
    outer loop
      vertex   5.408575e+01 1.598315e+01 1.763842e+01
      vertex   5.448044e+01 1.593317e+01 1.785036e+01
      vertex   5.425101e+01 1.593317e+01 1.752270e+01
    endloop
  endfacet
  facet normal 2.950765e-01 9.328667e-01 -2.066148e-01
    outer loop
      vertex   5.425101e+01 1.593317e+01 1.752270e+01
      vertex   5.448044e+01 1.593317e+01 1.785036e+01
      vertex   5.464131e+01 1.585734e+01 1.773772e+01
    endloop
  endfacet
  facet normal 2.950765e-01 9.328667e-01 -2.066148e-01
    outer loop
      vertex   5.425101e+01 1.593317e+01 1.752270e+01
      vertex   5.464131e+01 1.585734e+01 1.773772e+01
      vertex   5.441188e+01 1.585734e+01 1.741006e+01
    endloop
  endfacet
  facet normal 5.362507e-01 7.559397e-01 -3.754868e-01
    outer loop
      vertex   5.464131e+01 1.585734e+01 1.773772e+01
      vertex   5.470886e+01 1.578593e+01 1.769042e+01
      vertex   5.441188e+01 1.585734e+01 1.741006e+01
    endloop
  endfacet
  facet normal 5.362507e-01 7.559397e-01 -3.754868e-01
    outer loop
      vertex   5.441188e+01 1.585734e+01 1.741006e+01
      vertex   5.470886e+01 1.578593e+01 1.769042e+01
      vertex   5.447943e+01 1.578593e+01 1.736276e+01
    endloop
  endfacet
  facet normal 5.983296e-01 6.829923e-01 -4.189549e-01
    outer loop
      vertex   5.447943e+01 1.578593e+01 1.736276e+01
      vertex   5.470886e+01 1.578593e+01 1.769042e+01
      vertex   5.473841e+01 1.574735e+01 1.766973e+01
    endloop
  endfacet
  facet normal 5.983296e-01 6.829923e-01 -4.189549e-01
    outer loop
      vertex   5.447943e+01 1.578593e+01 1.736276e+01
      vertex   5.473841e+01 1.574735e+01 1.766973e+01
      vertex   5.450898e+01 1.574735e+01 1.734207e+01
    endloop
  endfacet
  facet normal 6.675597e-01 5.795455e-01 -4.674303e-01
    outer loop
      vertex   5.450898e+01 1.574735e+01 1.734207e+01
      vertex   5.473841e+01 1.574735e+01 1.766973e+01
      vertex   5.476290e+01 1.570531e+01 1.765258e+01
    endloop
  endfacet
  facet normal 6.675597e-01 5.795455e-01 -4.674303e-01
    outer loop
      vertex   5.450898e+01 1.574735e+01 1.734207e+01
      vertex   5.476290e+01 1.570531e+01 1.765258e+01
      vertex   5.453347e+01 1.570531e+01 1.732492e+01
    endloop
  endfacet
  facet normal 7.401414e-01 4.284914e-01 -5.182526e-01
    outer loop
      vertex   5.453347e+01 1.570531e+01 1.732492e+01
      vertex   5.476290e+01 1.570531e+01 1.765258e+01
      vertex   5.478094e+01 1.565888e+01 1.763995e+01
    endloop
  endfacet
  facet normal 7.401414e-01 4.284914e-01 -5.182526e-01
    outer loop
      vertex   5.453347e+01 1.570531e+01 1.732492e+01
      vertex   5.478094e+01 1.565888e+01 1.763995e+01
      vertex   5.455151e+01 1.565888e+01 1.731229e+01
    endloop
  endfacet
  facet normal 7.840932e-01 2.894238e-01 -5.490280e-01
    outer loop
      vertex   5.455151e+01 1.565888e+01 1.731229e+01
      vertex   5.478094e+01 1.565888e+01 1.763995e+01
      vertex   5.479338e+01 1.560863e+01 1.763124e+01
    endloop
  endfacet
  facet normal 7.840932e-01 2.894238e-01 -5.490280e-01
    outer loop
      vertex   5.455151e+01 1.565888e+01 1.731229e+01
      vertex   5.479338e+01 1.560863e+01 1.763124e+01
      vertex   5.456395e+01 1.560863e+01 1.730358e+01
    endloop
  endfacet
  facet normal 8.065055e-01 1.750394e-01 -5.647212e-01
    outer loop
      vertex   5.456395e+01 1.560863e+01 1.730358e+01
      vertex   5.479338e+01 1.560863e+01 1.763124e+01
      vertex   5.480894e+01 1.550178e+01 1.762034e+01
    endloop
  endfacet
  facet normal 8.065055e-01 1.750394e-01 -5.647212e-01
    outer loop
      vertex   5.456395e+01 1.560863e+01 1.730358e+01
      vertex   5.480894e+01 1.550178e+01 1.762034e+01
      vertex   5.457951e+01 1.550178e+01 1.729268e+01
    endloop
  endfacet
  facet normal 8.066488e-01 -1.740527e-01 -5.648216e-01
    outer loop
      vertex   5.480894e+01 1.550178e+01 1.762034e+01
      vertex   5.479349e+01 1.539504e+01 1.763116e+01
      vertex   5.457951e+01 1.550178e+01 1.729268e+01
    endloop
  endfacet
  facet normal 8.066488e-01 -1.740527e-01 -5.648216e-01
    outer loop
      vertex   5.457951e+01 1.550178e+01 1.729268e+01
      vertex   5.479349e+01 1.539504e+01 1.763116e+01
      vertex   5.456406e+01 1.539504e+01 1.730350e+01
    endloop
  endfacet
  facet normal 7.844100e-01 -2.881416e-01 -5.492498e-01
    outer loop
      vertex   5.456406e+01 1.539504e+01 1.730350e+01
      vertex   5.479349e+01 1.539504e+01 1.763116e+01
      vertex   5.478111e+01 1.534483e+01 1.763983e+01
    endloop
  endfacet
  facet normal 7.844100e-01 -2.881416e-01 -5.492498e-01
    outer loop
      vertex   5.456406e+01 1.539504e+01 1.730350e+01
      vertex   5.478111e+01 1.534483e+01 1.763983e+01
      vertex   5.455168e+01 1.534483e+01 1.731217e+01
    endloop
  endfacet
  facet normal 7.407695e-01 -4.268710e-01 -5.186924e-01
    outer loop
      vertex   5.455168e+01 1.534483e+01 1.731217e+01
      vertex   5.478111e+01 1.534483e+01 1.763983e+01
      vertex   5.476316e+01 1.529840e+01 1.765240e+01
    endloop
  endfacet
  facet normal 7.407695e-01 -4.268710e-01 -5.186924e-01
    outer loop
      vertex   5.455168e+01 1.534483e+01 1.731217e+01
      vertex   5.476316e+01 1.529840e+01 1.765240e+01
      vertex   5.453373e+01 1.529840e+01 1.732474e+01
    endloop
  endfacet
  facet normal 6.685683e-01 -5.778101e-01 -4.681366e-01
    outer loop
      vertex   5.453373e+01 1.529840e+01 1.732474e+01
      vertex   5.476316e+01 1.529840e+01 1.765240e+01
      vertex   5.473877e+01 1.525635e+01 1.766947e+01
    endloop
  endfacet
  facet normal 6.685683e-01 -5.778101e-01 -4.681366e-01
    outer loop
      vertex   5.453373e+01 1.529840e+01 1.732474e+01
      vertex   5.473877e+01 1.525635e+01 1.766947e+01
      vertex   5.450934e+01 1.525635e+01 1.734181e+01
    endloop
  endfacet
  facet normal 5.996039e-01 -6.813249e-01 -4.198471e-01
    outer loop
      vertex   5.450934e+01 1.525635e+01 1.734181e+01
      vertex   5.473877e+01 1.525635e+01 1.766947e+01
      vertex   5.470933e+01 1.521773e+01 1.769009e+01
    endloop
  endfacet
  facet normal 5.996039e-01 -6.813249e-01 -4.198471e-01
    outer loop
      vertex   5.450934e+01 1.525635e+01 1.734181e+01
      vertex   5.470933e+01 1.521773e+01 1.769009e+01
      vertex   5.447990e+01 1.521773e+01 1.736243e+01
    endloop
  endfacet
  facet normal 5.377201e-01 -7.543825e-01 -3.765157e-01
    outer loop
      vertex   5.447990e+01 1.521773e+01 1.736243e+01
      vertex   5.470933e+01 1.521773e+01 1.769009e+01
      vertex   5.464201e+01 1.514622e+01 1.773723e+01
    endloop
  endfacet
  facet normal 5.377201e-01 -7.543825e-01 -3.765157e-01
    outer loop
      vertex   5.447990e+01 1.521773e+01 1.736243e+01
      vertex   5.464201e+01 1.514622e+01 1.773723e+01
      vertex   5.441258e+01 1.514622e+01 1.740957e+01
    endloop
  endfacet
  facet normal 2.951836e-01 -9.328162e-01 -2.066898e-01
    outer loop
      vertex   5.464201e+01 1.514622e+01 1.773723e+01
      vertex   5.448099e+01 1.507028e+01 1.784998e+01
      vertex   5.441258e+01 1.514622e+01 1.740957e+01
    endloop
  endfacet
  facet normal 2.951836e-01 -9.328162e-01 -2.066898e-01
    outer loop
      vertex   5.441258e+01 1.514622e+01 1.740957e+01
      vertex   5.448099e+01 1.507028e+01 1.784998e+01
      vertex   5.425156e+01 1.507028e+01 1.752232e+01
    endloop
  endfacet
  facet normal 1.968032e-01 -9.707105e-01 -1.378031e-01
    outer loop
      vertex   5.425156e+01 1.507028e+01 1.752232e+01
      vertex   5.448099e+01 1.507028e+01 1.784998e+01
      vertex   5.431555e+01 1.502030e+01 1.796582e+01
    endloop
  endfacet
  facet normal 1.968032e-01 -9.707105e-01 -1.378031e-01
    outer loop
      vertex   5.425156e+01 1.507028e+01 1.752232e+01
      vertex   5.431555e+01 1.502030e+01 1.796582e+01
      vertex   5.408612e+01 1.502030e+01 1.763816e+01
    endloop
  endfacet
  facet normal 6.848606e-02 -9.964989e-01 -4.795445e-02
    outer loop
      vertex   5.408612e+01 1.502030e+01 1.763816e+01
      vertex   5.431555e+01 1.502030e+01 1.796582e+01
      vertex   5.414460e+01 1.500279e+01 1.808552e+01
    endloop
  endfacet
  facet normal 6.848606e-02 -9.964989e-01 -4.795445e-02
    outer loop
      vertex   5.408612e+01 1.502030e+01 1.763816e+01
      vertex   5.414460e+01 1.500279e+01 1.808552e+01
      vertex   5.391517e+01 1.500279e+01 1.775786e+01
    endloop
  endfacet
  facet normal 2.578877e-03 -9.999950e-01 -1.805749e-03
    outer loop
      vertex   5.391517e+01 1.500279e+01 1.775786e+01
      vertex   5.414460e+01 1.500279e+01 1.808552e+01
      vertex   5.397079e+01 1.500212e+01 1.820722e+01
    endloop
  endfacet
  facet normal 2.578877e-03 -9.999950e-01 -1.805749e-03
    outer loop
      vertex   5.391517e+01 1.500279e+01 1.775786e+01
      vertex   5.397079e+01 1.500212e+01 1.820722e+01
      vertex   5.374136e+01 1.500212e+01 1.787956e+01
    endloop
  endfacet
  facet normal -8.006304e-03 -9.999522e-01 5.606074e-03
    outer loop
      vertex   5.397079e+01 1.500212e+01 1.820722e+01
      vertex   5.379127e+01 1.500426e+01 1.833293e+01
      vertex   5.374136e+01 1.500212e+01 1.787956e+01
    endloop
  endfacet
  facet normal -8.006304e-03 -9.999522e-01 5.606074e-03
    outer loop
      vertex   5.374136e+01 1.500212e+01 1.787956e+01
      vertex   5.379127e+01 1.500426e+01 1.833293e+01
      vertex   5.356184e+01 1.500426e+01 1.800527e+01
    endloop
  endfacet
  facet normal -7.663319e-02 -9.956144e-01 5.365914e-02
    outer loop
      vertex   5.356184e+01 1.500426e+01 1.800527e+01
      vertex   5.379127e+01 1.500426e+01 1.833293e+01
      vertex   5.361495e+01 1.502449e+01 1.845638e+01
    endloop
  endfacet
  facet normal -7.663319e-02 -9.956144e-01 5.365914e-02
    outer loop
      vertex   5.356184e+01 1.500426e+01 1.800527e+01
      vertex   5.361495e+01 1.502449e+01 1.845638e+01
      vertex   5.338552e+01 1.502449e+01 1.812872e+01
    endloop
  endfacet
  facet normal -2.088313e-01 -9.669579e-01 1.462253e-01
    outer loop
      vertex   5.338552e+01 1.502449e+01 1.812872e+01
      vertex   5.361495e+01 1.502449e+01 1.845638e+01
      vertex   5.344477e+01 1.507926e+01 1.857555e+01
    endloop
  endfacet
  facet normal -2.088313e-01 -9.669579e-01 1.462253e-01
    outer loop
      vertex   5.338552e+01 1.502449e+01 1.812872e+01
      vertex   5.344477e+01 1.507926e+01 1.857555e+01
      vertex   5.321534e+01 1.507926e+01 1.824789e+01
    endloop
  endfacet
  facet normal -3.063769e-01 -9.274218e-01 2.145274e-01
    outer loop
      vertex   5.321534e+01 1.507926e+01 1.824789e+01
      vertex   5.344477e+01 1.507926e+01 1.857555e+01
      vertex   5.327932e+01 1.516072e+01 1.869140e+01
    endloop
  endfacet
  facet normal -3.063769e-01 -9.274218e-01 2.145274e-01
    outer loop
      vertex   5.321534e+01 1.507926e+01 1.824789e+01
      vertex   5.327932e+01 1.516072e+01 1.869140e+01
      vertex   5.304989e+01 1.516072e+01 1.836373e+01
    endloop
  endfacet
  facet normal -5.991322e-01 6.819429e-01 4.195169e-01
    outer loop
      vertex   5.480336e+01 1.493391e+01 1.762425e+01
      vertex   5.489508e+01 1.505400e+01 1.756003e+01
      vertex   5.457393e+01 1.493391e+01 1.729659e+01
    endloop
  endfacet
  facet normal -5.991322e-01 6.819429e-01 4.195169e-01
    outer loop
      vertex   5.457393e+01 1.493391e+01 1.729659e+01
      vertex   5.489508e+01 1.505400e+01 1.756003e+01
      vertex   5.466565e+01 1.505400e+01 1.723237e+01
    endloop
  endfacet
  facet normal -6.557780e-01 5.992565e-01 4.591807e-01
    outer loop
      vertex   5.466565e+01 1.505400e+01 1.723237e+01
      vertex   5.489508e+01 1.505400e+01 1.756003e+01
      vertex   5.493422e+01 1.511784e+01 1.753262e+01
    endloop
  endfacet
  facet normal -6.557780e-01 5.992565e-01 4.591807e-01
    outer loop
      vertex   5.466565e+01 1.505400e+01 1.723237e+01
      vertex   5.493422e+01 1.511784e+01 1.753262e+01
      vertex   5.470479e+01 1.511784e+01 1.720496e+01
    endloop
  endfacet
  facet normal -7.162541e-01 4.852331e-01 5.015265e-01
    outer loop
      vertex   5.470479e+01 1.511784e+01 1.720496e+01
      vertex   5.493422e+01 1.511784e+01 1.753262e+01
      vertex   5.496532e+01 1.518625e+01 1.751085e+01
    endloop
  endfacet
  facet normal -7.162541e-01 4.852331e-01 5.015265e-01
    outer loop
      vertex   5.470479e+01 1.511784e+01 1.720496e+01
      vertex   5.496532e+01 1.518625e+01 1.751085e+01
      vertex   5.473589e+01 1.518625e+01 1.718319e+01
    endloop
  endfacet
  facet normal -7.879365e-01 2.734264e-01 5.517191e-01
    outer loop
      vertex   5.473589e+01 1.518625e+01 1.718319e+01
      vertex   5.496532e+01 1.518625e+01 1.751085e+01
      vertex   5.500071e+01 1.533823e+01 1.748607e+01
    endloop
  endfacet
  facet normal -7.879365e-01 2.734264e-01 5.517191e-01
    outer loop
      vertex   5.473589e+01 1.518625e+01 1.718319e+01
      vertex   5.500071e+01 1.533823e+01 1.748607e+01
      vertex   5.477128e+01 1.533823e+01 1.715840e+01
    endloop
  endfacet
  facet normal -8.140799e-01 1.111105e-01 5.700249e-01
    outer loop
      vertex   5.477128e+01 1.533823e+01 1.715840e+01
      vertex   5.500071e+01 1.533823e+01 1.748607e+01
      vertex   5.501569e+01 1.550178e+01 1.747558e+01
    endloop
  endfacet
  facet normal -8.140799e-01 1.111105e-01 5.700249e-01
    outer loop
      vertex   5.477128e+01 1.533823e+01 1.715840e+01
      vertex   5.501569e+01 1.550178e+01 1.747558e+01
      vertex   5.478626e+01 1.550178e+01 1.714792e+01
    endloop
  endfacet
  facet normal -8.166963e-01 -7.737497e-02 5.718569e-01
    outer loop
      vertex   5.501569e+01 1.550178e+01 1.747558e+01
      vertex   5.500789e+01 1.562452e+01 1.748104e+01
      vertex   5.478626e+01 1.550178e+01 1.714792e+01
    endloop
  endfacet
  facet normal -8.166963e-01 -7.737497e-02 5.718569e-01
    outer loop
      vertex   5.478626e+01 1.550178e+01 1.714792e+01
      vertex   5.500789e+01 1.562452e+01 1.748104e+01
      vertex   5.477845e+01 1.562452e+01 1.715338e+01
    endloop
  endfacet
  facet normal -8.027200e-01 -1.992921e-01 5.620706e-01
    outer loop
      vertex   5.477845e+01 1.562452e+01 1.715338e+01
      vertex   5.500789e+01 1.562452e+01 1.748104e+01
      vertex   5.498824e+01 1.574244e+01 1.749480e+01
    endloop
  endfacet
  facet normal -8.027200e-01 -1.992921e-01 5.620706e-01
    outer loop
      vertex   5.477845e+01 1.562452e+01 1.715338e+01
      vertex   5.498824e+01 1.574244e+01 1.749480e+01
      vertex   5.475881e+01 1.574244e+01 1.716714e+01
    endloop
  endfacet
  facet normal -7.475167e-01 -4.089664e-01 5.234169e-01
    outer loop
      vertex   5.475881e+01 1.574244e+01 1.716714e+01
      vertex   5.498824e+01 1.574244e+01 1.749480e+01
      vertex   5.494803e+01 1.585198e+01 1.752295e+01
    endloop
  endfacet
  facet normal -7.475167e-01 -4.089664e-01 5.234169e-01
    outer loop
      vertex   5.475881e+01 1.574244e+01 1.716714e+01
      vertex   5.494803e+01 1.585198e+01 1.752295e+01
      vertex   5.471860e+01 1.585198e+01 1.719529e+01
    endloop
  endfacet
  facet normal -6.954085e-01 -5.284940e-01 4.869303e-01
    outer loop
      vertex   5.471860e+01 1.585198e+01 1.719529e+01
      vertex   5.494803e+01 1.585198e+01 1.752295e+01
      vertex   5.489485e+01 1.595625e+01 1.756019e+01
    endloop
  endfacet
  facet normal -6.954085e-01 -5.284940e-01 4.869303e-01
    outer loop
      vertex   5.471860e+01 1.585198e+01 1.719529e+01
      vertex   5.489485e+01 1.595625e+01 1.756019e+01
      vertex   5.466542e+01 1.595625e+01 1.723253e+01
    endloop
  endfacet
  facet normal -5.710151e-01 -7.169926e-01 3.998291e-01
    outer loop
      vertex   5.489485e+01 1.595625e+01 1.756019e+01
      vertex   5.482046e+01 1.604454e+01 1.761228e+01
      vertex   5.466542e+01 1.595625e+01 1.723253e+01
    endloop
  endfacet
  facet normal -5.710151e-01 -7.169926e-01 3.998291e-01
    outer loop
      vertex   5.466542e+01 1.595625e+01 1.723253e+01
      vertex   5.482046e+01 1.604454e+01 1.761228e+01
      vertex   5.459103e+01 1.604454e+01 1.728462e+01
    endloop
  endfacet
  facet normal -5.023661e-01 -7.898688e-01 3.517606e-01
    outer loop
      vertex   5.459103e+01 1.604454e+01 1.728462e+01
      vertex   5.482046e+01 1.604454e+01 1.761228e+01
      vertex   5.473972e+01 1.612107e+01 1.766881e+01
    endloop
  endfacet
  facet normal -5.023661e-01 -7.898688e-01 3.517606e-01
    outer loop
      vertex   5.459103e+01 1.604454e+01 1.728462e+01
      vertex   5.473972e+01 1.612107e+01 1.766881e+01
      vertex   5.451029e+01 1.612107e+01 1.734115e+01
    endloop
  endfacet
  facet normal -3.801993e-01 -8.857631e-01 2.662184e-01
    outer loop
      vertex   5.451029e+01 1.612107e+01 1.734115e+01
      vertex   5.473972e+01 1.612107e+01 1.766881e+01
      vertex   5.464902e+01 1.617909e+01 1.773232e+01
    endloop
  endfacet
  facet normal -3.801993e-01 -8.857631e-01 2.662184e-01
    outer loop
      vertex   5.451029e+01 1.612107e+01 1.734115e+01
      vertex   5.464902e+01 1.617909e+01 1.773232e+01
      vertex   5.441959e+01 1.617909e+01 1.740466e+01
    endloop
  endfacet
  facet normal -3.062910e-01 -9.274641e-01 2.144673e-01
    outer loop
      vertex   5.441959e+01 1.617909e+01 1.740466e+01
      vertex   5.464902e+01 1.617909e+01 1.773232e+01
      vertex   5.455261e+01 1.622654e+01 1.779983e+01
    endloop
  endfacet
  facet normal -3.062910e-01 -9.274641e-01 2.144673e-01
    outer loop
      vertex   5.441959e+01 1.617909e+01 1.740466e+01
      vertex   5.455261e+01 1.622654e+01 1.779983e+01
      vertex   5.432318e+01 1.622654e+01 1.747217e+01
    endloop
  endfacet
  facet normal -1.925147e-01 -9.719913e-01 1.348002e-01
    outer loop
      vertex   5.455261e+01 1.622654e+01 1.779983e+01
      vertex   5.440935e+01 1.626883e+01 1.790014e+01
      vertex   5.432318e+01 1.622654e+01 1.747217e+01
    endloop
  endfacet
  facet normal -1.925147e-01 -9.719913e-01 1.348002e-01
    outer loop
      vertex   5.432318e+01 1.622654e+01 1.747217e+01
      vertex   5.440935e+01 1.626883e+01 1.790014e+01
      vertex   5.417992e+01 1.626883e+01 1.757248e+01
    endloop
  endfacet
  facet normal -1.399625e-01 -9.852949e-01 9.800279e-02
    outer loop
      vertex   5.417992e+01 1.626883e+01 1.757248e+01
      vertex   5.440935e+01 1.626883e+01 1.790014e+01
      vertex   5.426479e+01 1.629943e+01 1.800136e+01
    endloop
  endfacet
  facet normal -1.399625e-01 -9.852949e-01 9.800279e-02
    outer loop
      vertex   5.417992e+01 1.626883e+01 1.757248e+01
      vertex   5.426479e+01 1.629943e+01 1.800136e+01
      vertex   5.403536e+01 1.629943e+01 1.767370e+01
    endloop
  endfacet
  facet normal -6.146440e-02 -9.971810e-01 4.303783e-02
    outer loop
      vertex   5.403536e+01 1.629943e+01 1.767370e+01
      vertex   5.426479e+01 1.629943e+01 1.800136e+01
      vertex   5.411831e+01 1.631289e+01 1.810393e+01
    endloop
  endfacet
  facet normal -6.146440e-02 -9.971810e-01 4.303783e-02
    outer loop
      vertex   5.403536e+01 1.629943e+01 1.767370e+01
      vertex   5.411831e+01 1.631289e+01 1.810393e+01
      vertex   5.388888e+01 1.631289e+01 1.777626e+01
    endloop
  endfacet
  facet normal -1.836018e-02 -9.997488e-01 1.285594e-02
    outer loop
      vertex   5.388888e+01 1.631289e+01 1.777626e+01
      vertex   5.411831e+01 1.631289e+01 1.810393e+01
      vertex   5.397079e+01 1.631692e+01 1.820722e+01
    endloop
  endfacet
  facet normal -1.836018e-02 -9.997488e-01 1.285594e-02
    outer loop
      vertex   5.388888e+01 1.631289e+01 1.777626e+01
      vertex   5.397079e+01 1.631692e+01 1.820722e+01
      vertex   5.374136e+01 1.631692e+01 1.787956e+01
    endloop
  endfacet
  facet normal 1.240995e-02 -9.998852e-01 -8.689538e-03
    outer loop
      vertex   5.397079e+01 1.631692e+01 1.820722e+01
      vertex   5.384879e+01 1.631467e+01 1.829265e+01
      vertex   5.374136e+01 1.631692e+01 1.787956e+01
    endloop
  endfacet
  facet normal 1.240995e-02 -9.998852e-01 -8.689538e-03
    outer loop
      vertex   5.374136e+01 1.631692e+01 1.787956e+01
      vertex   5.384879e+01 1.631467e+01 1.829265e+01
      vertex   5.361936e+01 1.631467e+01 1.796499e+01
    endloop
  endfacet
  facet normal 4.521927e-02 -9.984752e-01 -3.166287e-02
    outer loop
      vertex   5.361936e+01 1.631467e+01 1.796499e+01
      vertex   5.384879e+01 1.631467e+01 1.829265e+01
      vertex   5.372729e+01 1.630647e+01 1.837772e+01
    endloop
  endfacet
  facet normal 4.521927e-02 -9.984752e-01 -3.166287e-02
    outer loop
      vertex   5.361936e+01 1.631467e+01 1.796499e+01
      vertex   5.372729e+01 1.630647e+01 1.837772e+01
      vertex   5.349786e+01 1.630647e+01 1.805006e+01
    endloop
  endfacet
  facet normal 1.055121e-01 -9.916697e-01 -7.388037e-02
    outer loop
      vertex   5.349786e+01 1.630647e+01 1.805006e+01
      vertex   5.372729e+01 1.630647e+01 1.837772e+01
      vertex   5.360671e+01 1.628735e+01 1.846216e+01
    endloop
  endfacet
  facet normal 1.055121e-01 -9.916697e-01 -7.388037e-02
    outer loop
      vertex   5.349786e+01 1.630647e+01 1.805006e+01
      vertex   5.360671e+01 1.628735e+01 1.846216e+01
      vertex   5.337728e+01 1.628735e+01 1.813450e+01
    endloop
  endfacet
  facet normal 1.469368e-01 -9.837805e-01 -1.028863e-01
    outer loop
      vertex   5.337728e+01 1.628735e+01 1.813450e+01
      vertex   5.360671e+01 1.628735e+01 1.846216e+01
      vertex   5.348676e+01 1.626065e+01 1.854614e+01
    endloop
  endfacet
  facet normal 1.469368e-01 -9.837805e-01 -1.028863e-01
    outer loop
      vertex   5.337728e+01 1.628735e+01 1.813450e+01
      vertex   5.348676e+01 1.626065e+01 1.854614e+01
      vertex   5.325733e+01 1.626065e+01 1.821848e+01
    endloop
  endfacet
  facet normal 2.314368e-01 -9.592578e-01 -1.620538e-01
    outer loop
      vertex   5.348676e+01 1.626065e+01 1.854614e+01
      vertex   5.340711e+01 1.623201e+01 1.860191e+01
      vertex   5.325733e+01 1.626065e+01 1.821848e+01
    endloop
  endfacet
  facet normal 2.314368e-01 -9.592578e-01 -1.620538e-01
    outer loop
      vertex   5.325733e+01 1.626065e+01 1.821848e+01
      vertex   5.340711e+01 1.623201e+01 1.860191e+01
      vertex   5.317768e+01 1.623201e+01 1.827425e+01
    endloop
  endfacet
  facet normal 2.758604e-01 -9.415893e-01 -1.931595e-01
    outer loop
      vertex   5.317768e+01 1.623201e+01 1.827425e+01
      vertex   5.340711e+01 1.623201e+01 1.860191e+01
      vertex   5.332931e+01 1.619804e+01 1.865639e+01
    endloop
  endfacet
  facet normal 2.758604e-01 -9.415893e-01 -1.931595e-01
    outer loop
      vertex   5.317768e+01 1.623201e+01 1.827425e+01
      vertex   5.332931e+01 1.619804e+01 1.865639e+01
      vertex   5.309988e+01 1.619804e+01 1.832873e+01
    endloop
  endfacet
  facet normal 3.519303e-01 -9.030062e-01 -2.464242e-01
    outer loop
      vertex   5.309988e+01 1.619804e+01 1.832873e+01
      vertex   5.332931e+01 1.619804e+01 1.865639e+01
      vertex   5.325474e+01 1.615473e+01 1.870861e+01
    endloop
  endfacet
  facet normal 3.519303e-01 -9.030062e-01 -2.464242e-01
    outer loop
      vertex   5.309988e+01 1.619804e+01 1.832873e+01
      vertex   5.325474e+01 1.615473e+01 1.870861e+01
      vertex   5.302531e+01 1.615473e+01 1.838095e+01
    endloop
  endfacet
  facet normal 3.983748e-01 -8.737775e-01 -2.789451e-01
    outer loop
      vertex   5.302531e+01 1.615473e+01 1.838095e+01
      vertex   5.325474e+01 1.615473e+01 1.870861e+01
      vertex   5.318223e+01 1.610546e+01 1.875938e+01
    endloop
  endfacet
  facet normal 3.983748e-01 -8.737775e-01 -2.789451e-01
    outer loop
      vertex   5.302531e+01 1.615473e+01 1.838095e+01
      vertex   5.318223e+01 1.610546e+01 1.875938e+01
      vertex   5.295280e+01 1.610546e+01 1.843171e+01
    endloop
  endfacet
  facet normal 4.929280e-01 -7.986815e-01 -3.451519e-01
    outer loop
      vertex   5.318223e+01 1.610546e+01 1.875938e+01
      vertex   5.312530e+01 1.605310e+01 1.879924e+01
      vertex   5.295280e+01 1.610546e+01 1.843171e+01
    endloop
  endfacet
  facet normal 4.929280e-01 -7.986815e-01 -3.451519e-01
    outer loop
      vertex   5.295280e+01 1.610546e+01 1.843171e+01
      vertex   5.312530e+01 1.605310e+01 1.879924e+01
      vertex   5.289587e+01 1.605310e+01 1.847158e+01
    endloop
  endfacet
  facet normal 5.520022e-01 -7.388497e-01 -3.865161e-01
    outer loop
      vertex   5.289587e+01 1.605310e+01 1.847158e+01
      vertex   5.312530e+01 1.605310e+01 1.879924e+01
      vertex   5.307327e+01 1.599517e+01 1.883567e+01
    endloop
  endfacet
  facet normal 5.520022e-01 -7.388497e-01 -3.865161e-01
    outer loop
      vertex   5.289587e+01 1.605310e+01 1.847158e+01
      vertex   5.307327e+01 1.599517e+01 1.883567e+01
      vertex   5.284384e+01 1.599517e+01 1.850801e+01
    endloop
  endfacet
  facet normal 6.418560e-01 -6.213143e-01 -4.494324e-01
    outer loop
      vertex   5.284384e+01 1.599517e+01 1.850801e+01
      vertex   5.307327e+01 1.599517e+01 1.883567e+01
      vertex   5.302954e+01 1.592784e+01 1.886629e+01
    endloop
  endfacet
  facet normal 6.418560e-01 -6.213143e-01 -4.494324e-01
    outer loop
      vertex   5.284384e+01 1.599517e+01 1.850801e+01
      vertex   5.302954e+01 1.592784e+01 1.886629e+01
      vertex   5.280011e+01 1.592784e+01 1.853863e+01
    endloop
  endfacet
  facet normal 6.879517e-01 -5.428434e-01 -4.817090e-01
    outer loop
      vertex   5.280011e+01 1.592784e+01 1.853863e+01
      vertex   5.302954e+01 1.592784e+01 1.886629e+01
      vertex   5.299086e+01 1.585478e+01 1.889338e+01
    endloop
  endfacet
  facet normal 6.879517e-01 -5.428434e-01 -4.817090e-01
    outer loop
      vertex   5.280011e+01 1.592784e+01 1.853863e+01
      vertex   5.299086e+01 1.585478e+01 1.889338e+01
      vertex   5.276143e+01 1.585478e+01 1.856572e+01
    endloop
  endfacet
  facet normal 7.554277e-01 -3.866966e-01 -5.289562e-01
    outer loop
      vertex   5.299086e+01 1.585478e+01 1.889338e+01
      vertex   5.296177e+01 1.577011e+01 1.891374e+01
      vertex   5.276143e+01 1.585478e+01 1.856572e+01
    endloop
  endfacet
  facet normal 7.554277e-01 -3.866966e-01 -5.289562e-01
    outer loop
      vertex   5.276143e+01 1.585478e+01 1.856572e+01
      vertex   5.296177e+01 1.577011e+01 1.891374e+01
      vertex   5.273234e+01 1.577011e+01 1.858608e+01
    endloop
  endfacet
  facet normal 7.822842e-01 -2.966293e-01 -5.477613e-01
    outer loop
      vertex   5.273234e+01 1.577011e+01 1.858608e+01
      vertex   5.296177e+01 1.577011e+01 1.891374e+01
      vertex   5.293972e+01 1.568343e+01 1.892919e+01
    endloop
  endfacet
  facet normal 7.822842e-01 -2.966293e-01 -5.477613e-01
    outer loop
      vertex   5.273234e+01 1.577011e+01 1.858608e+01
      vertex   5.293972e+01 1.568343e+01 1.892919e+01
      vertex   5.271029e+01 1.568343e+01 1.860153e+01
    endloop
  endfacet
  facet normal 8.104093e-01 -1.457114e-01 -5.674547e-01
    outer loop
      vertex   5.271029e+01 1.568343e+01 1.860153e+01
      vertex   5.293972e+01 1.568343e+01 1.892919e+01
      vertex   5.292887e+01 1.559353e+01 1.893678e+01
    endloop
  endfacet
  facet normal 8.104093e-01 -1.457114e-01 -5.674547e-01
    outer loop
      vertex   5.271029e+01 1.568343e+01 1.860153e+01
      vertex   5.292887e+01 1.559353e+01 1.893678e+01
      vertex   5.269944e+01 1.559353e+01 1.860912e+01
    endloop
  endfacet
  facet normal 8.177710e-01 -5.804353e-02 -5.726094e-01
    outer loop
      vertex   5.269944e+01 1.559353e+01 1.860912e+01
      vertex   5.292887e+01 1.559353e+01 1.893678e+01
      vertex   5.292450e+01 1.550178e+01 1.893984e+01
    endloop
  endfacet
  facet normal 8.177710e-01 -5.804353e-02 -5.726094e-01
    outer loop
      vertex   5.269944e+01 1.559353e+01 1.860912e+01
      vertex   5.292450e+01 1.550178e+01 1.893984e+01
      vertex   5.269507e+01 1.550178e+01 1.861218e+01
    endloop
  endfacet
  facet normal 8.166787e-01 7.765030e-02 -5.718446e-01
    outer loop
      vertex   5.292450e+01 1.550178e+01 1.893984e+01
      vertex   5.293230e+01 1.537956e+01 1.893438e+01
      vertex   5.269507e+01 1.550178e+01 1.861218e+01
    endloop
  endfacet
  facet normal 8.166787e-01 7.765030e-02 -5.718446e-01
    outer loop
      vertex   5.269507e+01 1.550178e+01 1.861218e+01
      vertex   5.293230e+01 1.537956e+01 1.893438e+01
      vertex   5.270287e+01 1.537956e+01 1.860672e+01
    endloop
  endfacet
  facet normal 8.027317e-01 1.992217e-01 -5.620788e-01
    outer loop
      vertex   5.270287e+01 1.537956e+01 1.860672e+01
      vertex   5.293230e+01 1.537956e+01 1.893438e+01
      vertex   5.295186e+01 1.526212e+01 1.892069e+01
    endloop
  endfacet
  facet normal 8.027317e-01 1.992217e-01 -5.620788e-01
    outer loop
      vertex   5.270287e+01 1.537956e+01 1.860672e+01
      vertex   5.295186e+01 1.526212e+01 1.892069e+01
      vertex   5.272243e+01 1.526212e+01 1.859303e+01
    endloop
  endfacet
  facet normal 7.478397e-01 4.080855e-01 -5.236430e-01
    outer loop
      vertex   5.272243e+01 1.526212e+01 1.859303e+01
      vertex   5.295186e+01 1.526212e+01 1.892069e+01
      vertex   5.299183e+01 1.515296e+01 1.889270e+01
    endloop
  endfacet
  facet normal 7.478397e-01 4.080855e-01 -5.236430e-01
    outer loop
      vertex   5.272243e+01 1.526212e+01 1.859303e+01
      vertex   5.299183e+01 1.515296e+01 1.889270e+01
      vertex   5.276240e+01 1.515296e+01 1.856504e+01
    endloop
  endfacet
  facet normal 6.961274e-01 5.270818e-01 -4.874336e-01
    outer loop
      vertex   5.276240e+01 1.515296e+01 1.856504e+01
      vertex   5.299183e+01 1.515296e+01 1.889270e+01
      vertex   5.304464e+01 1.504902e+01 1.885572e+01
    endloop
  endfacet
  facet normal 6.961274e-01 5.270818e-01 -4.874336e-01
    outer loop
      vertex   5.276240e+01 1.515296e+01 1.856504e+01
      vertex   5.304464e+01 1.504902e+01 1.885572e+01
      vertex   5.281521e+01 1.504902e+01 1.852806e+01
    endloop
  endfacet
  facet normal 5.724049e-01 7.153392e-01 -4.008022e-01
    outer loop
      vertex   5.304464e+01 1.504902e+01 1.885572e+01
      vertex   5.311882e+01 1.496055e+01 1.880378e+01
      vertex   5.281521e+01 1.504902e+01 1.852806e+01
    endloop
  endfacet
  facet normal 5.724049e-01 7.153392e-01 -4.008022e-01
    outer loop
      vertex   5.281521e+01 1.504902e+01 1.852806e+01
      vertex   5.311882e+01 1.496055e+01 1.880378e+01
      vertex   5.288939e+01 1.496055e+01 1.847612e+01
    endloop
  endfacet
  facet normal 5.038490e-01 7.884599e-01 -3.527989e-01
    outer loop
      vertex   5.288939e+01 1.496055e+01 1.847612e+01
      vertex   5.311882e+01 1.496055e+01 1.880378e+01
      vertex   5.319937e+01 1.488384e+01 1.874738e+01
    endloop
  endfacet
  facet normal 5.038490e-01 7.884599e-01 -3.527989e-01
    outer loop
      vertex   5.288939e+01 1.496055e+01 1.847612e+01
      vertex   5.319937e+01 1.488384e+01 1.874738e+01
      vertex   5.296994e+01 1.488384e+01 1.841972e+01
    endloop
  endfacet
  facet normal 3.819110e-01 8.846650e-01 -2.674169e-01
    outer loop
      vertex   5.296994e+01 1.488384e+01 1.841972e+01
      vertex   5.319937e+01 1.488384e+01 1.874738e+01
      vertex   5.328992e+01 1.482559e+01 1.868397e+01
    endloop
  endfacet
  facet normal 3.819110e-01 8.846650e-01 -2.674169e-01
    outer loop
      vertex   5.296994e+01 1.488384e+01 1.841972e+01
      vertex   5.328992e+01 1.482559e+01 1.868397e+01
      vertex   5.306049e+01 1.482559e+01 1.835631e+01
    endloop
  endfacet
  facet normal 3.081657e-01 9.265381e-01 -2.157800e-01
    outer loop
      vertex   5.306049e+01 1.482559e+01 1.835631e+01
      vertex   5.328992e+01 1.482559e+01 1.868397e+01
      vertex   5.338618e+01 1.477787e+01 1.861657e+01
    endloop
  endfacet
  facet normal 3.081657e-01 9.265381e-01 -2.157800e-01
    outer loop
      vertex   5.306049e+01 1.482559e+01 1.835631e+01
      vertex   5.338618e+01 1.477787e+01 1.861657e+01
      vertex   5.315675e+01 1.477787e+01 1.828891e+01
    endloop
  endfacet
  facet normal 1.936932e-01 9.716423e-01 -1.356254e-01
    outer loop
      vertex   5.338618e+01 1.477787e+01 1.861657e+01
      vertex   5.353010e+01 1.473512e+01 1.851580e+01
      vertex   5.315675e+01 1.477787e+01 1.828891e+01
    endloop
  endfacet
  facet normal 1.936932e-01 9.716423e-01 -1.356254e-01
    outer loop
      vertex   5.315675e+01 1.477787e+01 1.828891e+01
      vertex   5.353010e+01 1.473512e+01 1.851580e+01
      vertex   5.330067e+01 1.473512e+01 1.818814e+01
    endloop
  endfacet
  facet normal 1.406553e-01 9.851478e-01 -9.848791e-02
    outer loop
      vertex   5.330067e+01 1.473512e+01 1.818814e+01
      vertex   5.353010e+01 1.473512e+01 1.851580e+01
      vertex   5.367535e+01 1.470421e+01 1.841409e+01
    endloop
  endfacet
  facet normal 1.406553e-01 9.851478e-01 -9.848791e-02
    outer loop
      vertex   5.330067e+01 1.473512e+01 1.818814e+01
      vertex   5.367535e+01 1.470421e+01 1.841409e+01
      vertex   5.344592e+01 1.470421e+01 1.808643e+01
    endloop
  endfacet
  facet normal 6.158681e-02 9.971697e-01 -4.312355e-02
    outer loop
      vertex   5.344592e+01 1.470421e+01 1.808643e+01
      vertex   5.367535e+01 1.470421e+01 1.841409e+01
      vertex   5.382254e+01 1.469066e+01 1.831103e+01
    endloop
  endfacet
  facet normal 6.158681e-02 9.971697e-01 -4.312355e-02
    outer loop
      vertex   5.344592e+01 1.470421e+01 1.808643e+01
      vertex   5.382254e+01 1.469066e+01 1.831103e+01
      vertex   5.359311e+01 1.469066e+01 1.798337e+01
    endloop
  endfacet
  facet normal 1.821848e-02 9.997526e-01 -1.275671e-02
    outer loop
      vertex   5.359311e+01 1.469066e+01 1.798337e+01
      vertex   5.382254e+01 1.469066e+01 1.831103e+01
      vertex   5.397079e+01 1.468664e+01 1.820722e+01
    endloop
  endfacet
  facet normal 1.821848e-02 9.997526e-01 -1.275671e-02
    outer loop
      vertex   5.359311e+01 1.469066e+01 1.798337e+01
      vertex   5.397079e+01 1.468664e+01 1.820722e+01
      vertex   5.374136e+01 1.468664e+01 1.787956e+01
    endloop
  endfacet
  facet normal -2.340991e-02 9.995916e-01 1.639180e-02
    outer loop
      vertex   5.397079e+01 1.468664e+01 1.820722e+01
      vertex   5.419088e+01 1.469432e+01 1.805311e+01
      vertex   5.374136e+01 1.468664e+01 1.787956e+01
    endloop
  endfacet
  facet normal -2.340991e-02 9.995916e-01 1.639180e-02
    outer loop
      vertex   5.374136e+01 1.468664e+01 1.787956e+01
      vertex   5.419088e+01 1.469432e+01 1.805311e+01
      vertex   5.396145e+01 1.469432e+01 1.772545e+01
    endloop
  endfacet
  facet normal -1.071588e-01 9.914066e-01 7.503339e-02
    outer loop
      vertex   5.396145e+01 1.469432e+01 1.772545e+01
      vertex   5.419088e+01 1.469432e+01 1.805311e+01
      vertex   5.440505e+01 1.472882e+01 1.790315e+01
    endloop
  endfacet
  facet normal -1.071588e-01 9.914066e-01 7.503339e-02
    outer loop
      vertex   5.396145e+01 1.469432e+01 1.772545e+01
      vertex   5.440505e+01 1.472882e+01 1.790315e+01
      vertex   5.417562e+01 1.472882e+01 1.757549e+01
    endloop
  endfacet
  facet normal -2.643158e-01 9.465115e-01 1.850759e-01
    outer loop
      vertex   5.417562e+01 1.472882e+01 1.757549e+01
      vertex   5.440505e+01 1.472882e+01 1.790315e+01
      vertex   5.460818e+01 1.481335e+01 1.776092e+01
    endloop
  endfacet
  facet normal -2.643158e-01 9.465115e-01 1.850759e-01
    outer loop
      vertex   5.417562e+01 1.472882e+01 1.757549e+01
      vertex   5.460818e+01 1.481335e+01 1.776092e+01
      vertex   5.437875e+01 1.481335e+01 1.743326e+01
    endloop
  endfacet
  facet normal -3.698199e-01 8.922880e-01 2.589507e-01
    outer loop
      vertex   5.437875e+01 1.481335e+01 1.743326e+01
      vertex   5.460818e+01 1.481335e+01 1.776092e+01
      vertex   5.480336e+01 1.493391e+01 1.762425e+01
    endloop
  endfacet
  facet normal -3.698199e-01 8.922880e-01 2.589507e-01
    outer loop
      vertex   5.437875e+01 1.481335e+01 1.743326e+01
      vertex   5.480336e+01 1.493391e+01 1.762425e+01
      vertex   5.457393e+01 1.493391e+01 1.729659e+01
    endloop
  endfacet
  facet normal 5.735764e-01 1.136871e-14 8.191520e-01
    outer loop
      vertex   5.396145e+01 1.469432e+01 1.772545e+01
      vertex   5.391517e+01 1.500279e+01 1.775786e+01
      vertex   5.374136e+01 1.468664e+01 1.787956e+01
    endloop
  endfacet
  facet normal 5.735764e-01 -0.000000e+00 8.191520e-01
    outer loop
      vertex   5.374136e+01 1.468664e+01 1.787956e+01
      vertex   5.391517e+01 1.500279e+01 1.775786e+01
      vertex   5.374136e+01 1.500212e+01 1.787956e+01
    endloop
  endfacet
  facet normal 5.735764e-01 -0.000000e+00 8.191520e-01
    outer loop
      vertex   5.374136e+01 1.468664e+01 1.787956e+01
      vertex   5.374136e+01 1.500212e+01 1.787956e+01
      vertex   5.359311e+01 1.469066e+01 1.798337e+01
    endloop
  endfacet
  facet normal 5.735764e-01 -1.180745e-14 8.191520e-01
    outer loop
      vertex   5.359311e+01 1.469066e+01 1.798337e+01
      vertex   5.374136e+01 1.500212e+01 1.787956e+01
      vertex   5.356184e+01 1.500426e+01 1.800527e+01
    endloop
  endfacet
  facet normal 5.735764e-01 -1.450206e-14 8.191520e-01
    outer loop
      vertex   5.359311e+01 1.469066e+01 1.798337e+01
      vertex   5.356184e+01 1.500426e+01 1.800527e+01
      vertex   5.344592e+01 1.470421e+01 1.808643e+01
    endloop
  endfacet
  facet normal 5.735764e-01 6.044228e-15 8.191520e-01
    outer loop
      vertex   5.344592e+01 1.470421e+01 1.808643e+01
      vertex   5.356184e+01 1.500426e+01 1.800527e+01
      vertex   5.338552e+01 1.502449e+01 1.812872e+01
    endloop
  endfacet
  facet normal 5.735764e-01 -2.482251e-15 8.191520e-01
    outer loop
      vertex   5.344592e+01 1.470421e+01 1.808643e+01
      vertex   5.338552e+01 1.502449e+01 1.812872e+01
      vertex   5.330067e+01 1.473512e+01 1.818814e+01
    endloop
  endfacet
  facet normal 5.735764e-01 -2.821686e-14 8.191520e-01
    outer loop
      vertex   5.330067e+01 1.473512e+01 1.818814e+01
      vertex   5.338552e+01 1.502449e+01 1.812872e+01
      vertex   5.315675e+01 1.477787e+01 1.828891e+01
    endloop
  endfacet
  facet normal 5.735764e-01 -1.947666e-14 8.191520e-01
    outer loop
      vertex   5.315675e+01 1.477787e+01 1.828891e+01
      vertex   5.338552e+01 1.502449e+01 1.812872e+01
      vertex   5.321534e+01 1.507926e+01 1.824789e+01
    endloop
  endfacet
  facet normal 5.735764e-01 -5.293947e-15 8.191520e-01
    outer loop
      vertex   5.315675e+01 1.477787e+01 1.828891e+01
      vertex   5.321534e+01 1.507926e+01 1.824789e+01
      vertex   5.306049e+01 1.482559e+01 1.835631e+01
    endloop
  endfacet
  facet normal 5.735764e-01 -9.216847e-14 8.191520e-01
    outer loop
      vertex   5.306049e+01 1.482559e+01 1.835631e+01
      vertex   5.321534e+01 1.507926e+01 1.824789e+01
      vertex   5.296994e+01 1.488384e+01 1.841972e+01
    endloop
  endfacet
  facet normal 5.735764e-01 6.848912e-14 8.191520e-01
    outer loop
      vertex   5.296994e+01 1.488384e+01 1.841972e+01
      vertex   5.321534e+01 1.507926e+01 1.824789e+01
      vertex   5.288939e+01 1.496055e+01 1.847612e+01
    endloop
  endfacet
  facet normal 5.735764e-01 1.673598e-14 8.191520e-01
    outer loop
      vertex   5.288939e+01 1.496055e+01 1.847612e+01
      vertex   5.321534e+01 1.507926e+01 1.824789e+01
      vertex   5.304989e+01 1.516072e+01 1.836373e+01
    endloop
  endfacet
  facet normal 5.735764e-01 -5.694381e-14 8.191520e-01
    outer loop
      vertex   5.288939e+01 1.496055e+01 1.847612e+01
      vertex   5.304989e+01 1.516072e+01 1.836373e+01
      vertex   5.281521e+01 1.504902e+01 1.852806e+01
    endloop
  endfacet
  facet normal 5.735764e-01 2.849371e-15 8.191520e-01
    outer loop
      vertex   5.281521e+01 1.504902e+01 1.852806e+01
      vertex   5.304989e+01 1.516072e+01 1.836373e+01
      vertex   5.298861e+01 1.522930e+01 1.840664e+01
    endloop
  endfacet
  facet normal 5.735764e-01 3.404878e-14 8.191520e-01
    outer loop
      vertex   5.281521e+01 1.504902e+01 1.852806e+01
      vertex   5.298861e+01 1.522930e+01 1.840664e+01
      vertex   5.276240e+01 1.515296e+01 1.856504e+01
    endloop
  endfacet
  facet normal 5.735764e-01 -3.010537e-14 8.191520e-01
    outer loop
      vertex   5.276240e+01 1.515296e+01 1.856504e+01
      vertex   5.298861e+01 1.522930e+01 1.840664e+01
      vertex   5.296213e+01 1.526627e+01 1.842518e+01
    endloop
  endfacet
  facet normal 5.735764e-01 1.467892e-14 8.191520e-01
    outer loop
      vertex   5.276240e+01 1.515296e+01 1.856504e+01
      vertex   5.296213e+01 1.526627e+01 1.842518e+01
      vertex   5.272243e+01 1.526212e+01 1.859303e+01
    endloop
  endfacet
  facet normal 5.735764e-01 -1.777493e-13 8.191520e-01
    outer loop
      vertex   5.272243e+01 1.526212e+01 1.859303e+01
      vertex   5.296213e+01 1.526627e+01 1.842518e+01
      vertex   5.294065e+01 1.530645e+01 1.844023e+01
    endloop
  endfacet
  facet normal 5.735764e-01 8.873113e-14 8.191520e-01
    outer loop
      vertex   5.272243e+01 1.526212e+01 1.859303e+01
      vertex   5.294065e+01 1.530645e+01 1.844023e+01
      vertex   5.292534e+01 1.535060e+01 1.845095e+01
    endloop
  endfacet
  facet normal 5.735764e-01 9.992070e-15 8.191520e-01
    outer loop
      vertex   5.391517e+01 1.500279e+01 1.775786e+01
      vertex   5.396145e+01 1.469432e+01 1.772545e+01
      vertex   5.408612e+01 1.502030e+01 1.763816e+01
    endloop
  endfacet
  facet normal 5.735764e-01 1.609408e-14 8.191520e-01
    outer loop
      vertex   5.408612e+01 1.502030e+01 1.763816e+01
      vertex   5.396145e+01 1.469432e+01 1.772545e+01
      vertex   5.417562e+01 1.472882e+01 1.757549e+01
    endloop
  endfacet
  facet normal 5.735764e-01 2.966565e-14 8.191520e-01
    outer loop
      vertex   5.408612e+01 1.502030e+01 1.763816e+01
      vertex   5.417562e+01 1.472882e+01 1.757549e+01
      vertex   5.437875e+01 1.481335e+01 1.743326e+01
    endloop
  endfacet
  facet normal 5.735764e-01 -1.779796e-14 8.191520e-01
    outer loop
      vertex   5.408612e+01 1.502030e+01 1.763816e+01
      vertex   5.437875e+01 1.481335e+01 1.743326e+01
      vertex   5.425156e+01 1.507028e+01 1.752232e+01
    endloop
  endfacet
  facet normal 5.735764e-01 -1.401884e-14 8.191520e-01
    outer loop
      vertex   5.425156e+01 1.507028e+01 1.752232e+01
      vertex   5.437875e+01 1.481335e+01 1.743326e+01
      vertex   5.457393e+01 1.493391e+01 1.729659e+01
    endloop
  endfacet
  facet normal 5.735764e-01 2.264303e-14 8.191520e-01
    outer loop
      vertex   5.425156e+01 1.507028e+01 1.752232e+01
      vertex   5.457393e+01 1.493391e+01 1.729659e+01
      vertex   5.441258e+01 1.514622e+01 1.740957e+01
    endloop
  endfacet
  facet normal 5.735764e-01 3.811398e-14 8.191520e-01
    outer loop
      vertex   5.441258e+01 1.514622e+01 1.740957e+01
      vertex   5.457393e+01 1.493391e+01 1.729659e+01
      vertex   5.466565e+01 1.505400e+01 1.723237e+01
    endloop
  endfacet
  facet normal 5.735764e-01 2.899938e-14 8.191520e-01
    outer loop
      vertex   5.441258e+01 1.514622e+01 1.740957e+01
      vertex   5.466565e+01 1.505400e+01 1.723237e+01
      vertex   5.447990e+01 1.521773e+01 1.736243e+01
    endloop
  endfacet
  facet normal 5.735764e-01 -4.884770e-14 8.191520e-01
    outer loop
      vertex   5.447990e+01 1.521773e+01 1.736243e+01
      vertex   5.466565e+01 1.505400e+01 1.723237e+01
      vertex   5.470479e+01 1.511784e+01 1.720496e+01
    endloop
  endfacet
  facet normal 5.735764e-01 3.688926e-15 8.191520e-01
    outer loop
      vertex   5.447990e+01 1.521773e+01 1.736243e+01
      vertex   5.470479e+01 1.511784e+01 1.720496e+01
      vertex   5.473589e+01 1.518625e+01 1.718319e+01
    endloop
  endfacet
  facet normal 5.735764e-01 -4.413182e-14 8.191520e-01
    outer loop
      vertex   5.477128e+01 1.533823e+01 1.715840e+01
      vertex   5.453373e+01 1.529840e+01 1.732474e+01
      vertex   5.473589e+01 1.518625e+01 1.718319e+01
    endloop
  endfacet
  facet normal 5.735764e-01 1.173582e-13 8.191520e-01
    outer loop
      vertex   5.473589e+01 1.518625e+01 1.718319e+01
      vertex   5.453373e+01 1.529840e+01 1.732474e+01
      vertex   5.450934e+01 1.525635e+01 1.734181e+01
    endloop
  endfacet
  facet normal 5.735764e-01 -1.109186e-13 8.191520e-01
    outer loop
      vertex   5.473589e+01 1.518625e+01 1.718319e+01
      vertex   5.450934e+01 1.525635e+01 1.734181e+01
      vertex   5.447990e+01 1.521773e+01 1.736243e+01
    endloop
  endfacet
  facet normal 5.735764e-01 8.446469e-14 8.191520e-01
    outer loop
      vertex   5.478626e+01 1.550178e+01 1.714792e+01
      vertex   5.456406e+01 1.539504e+01 1.730350e+01
      vertex   5.477128e+01 1.533823e+01 1.715840e+01
    endloop
  endfacet
  facet normal 5.735764e-01 4.451798e-14 8.191520e-01
    outer loop
      vertex   5.477128e+01 1.533823e+01 1.715840e+01
      vertex   5.456406e+01 1.539504e+01 1.730350e+01
      vertex   5.455168e+01 1.534483e+01 1.731217e+01
    endloop
  endfacet
  facet normal 5.735764e-01 5.235838e-14 8.191520e-01
    outer loop
      vertex   5.477128e+01 1.533823e+01 1.715840e+01
      vertex   5.455168e+01 1.534483e+01 1.731217e+01
      vertex   5.453373e+01 1.529840e+01 1.732474e+01
    endloop
  endfacet
  facet normal 5.735764e-01 -4.695745e-14 8.191520e-01
    outer loop
      vertex   5.456406e+01 1.539504e+01 1.730350e+01
      vertex   5.478626e+01 1.550178e+01 1.714792e+01
      vertex   5.457951e+01 1.550178e+01 1.729268e+01
    endloop
  endfacet
  facet normal 5.735764e-01 7.391913e-15 8.191520e-01
    outer loop
      vertex   5.457951e+01 1.550178e+01 1.729268e+01
      vertex   5.478626e+01 1.550178e+01 1.714792e+01
      vertex   5.477845e+01 1.562452e+01 1.715338e+01
    endloop
  endfacet
  facet normal 5.735764e-01 5.195156e-14 8.191520e-01
    outer loop
      vertex   5.457951e+01 1.550178e+01 1.729268e+01
      vertex   5.477845e+01 1.562452e+01 1.715338e+01
      vertex   5.456395e+01 1.560863e+01 1.730358e+01
    endloop
  endfacet
  facet normal 5.735764e-01 -1.836998e-13 8.191520e-01
    outer loop
      vertex   5.456395e+01 1.560863e+01 1.730358e+01
      vertex   5.477845e+01 1.562452e+01 1.715338e+01
      vertex   5.455151e+01 1.565888e+01 1.731229e+01
    endloop
  endfacet
  facet normal 5.735764e-01 -3.268413e-14 8.191520e-01
    outer loop
      vertex   5.455151e+01 1.565888e+01 1.731229e+01
      vertex   5.477845e+01 1.562452e+01 1.715338e+01
      vertex   5.475881e+01 1.574244e+01 1.716714e+01
    endloop
  endfacet
  facet normal 5.735764e-01 -9.572989e-16 8.191520e-01
    outer loop
      vertex   5.455151e+01 1.565888e+01 1.731229e+01
      vertex   5.475881e+01 1.574244e+01 1.716714e+01
      vertex   5.453347e+01 1.570531e+01 1.732492e+01
    endloop
  endfacet
  facet normal 5.735764e-01 9.718471e-14 8.191520e-01
    outer loop
      vertex   5.453347e+01 1.570531e+01 1.732492e+01
      vertex   5.475881e+01 1.574244e+01 1.716714e+01
      vertex   5.450898e+01 1.574735e+01 1.734207e+01
    endloop
  endfacet
  facet normal 5.735764e-01 -4.414226e-14 8.191520e-01
    outer loop
      vertex   5.450898e+01 1.574735e+01 1.734207e+01
      vertex   5.475881e+01 1.574244e+01 1.716714e+01
      vertex   5.471860e+01 1.585198e+01 1.719529e+01
    endloop
  endfacet
  facet normal 5.735764e-01 3.914940e-14 8.191520e-01
    outer loop
      vertex   5.450898e+01 1.574735e+01 1.734207e+01
      vertex   5.471860e+01 1.585198e+01 1.719529e+01
      vertex   5.447943e+01 1.578593e+01 1.736276e+01
    endloop
  endfacet
  facet normal 5.735764e-01 3.546323e-14 8.191520e-01
    outer loop
      vertex   5.447943e+01 1.578593e+01 1.736276e+01
      vertex   5.471860e+01 1.585198e+01 1.719529e+01
      vertex   5.466542e+01 1.595625e+01 1.723253e+01
    endloop
  endfacet
  facet normal 5.735764e-01 -5.171267e-14 8.191520e-01
    outer loop
      vertex   5.447943e+01 1.578593e+01 1.736276e+01
      vertex   5.466542e+01 1.595625e+01 1.723253e+01
      vertex   5.441188e+01 1.585734e+01 1.741006e+01
    endloop
  endfacet
  facet normal 5.735764e-01 -5.618125e-14 8.191520e-01
    outer loop
      vertex   5.441188e+01 1.585734e+01 1.741006e+01
      vertex   5.466542e+01 1.595625e+01 1.723253e+01
      vertex   5.459103e+01 1.604454e+01 1.728462e+01
    endloop
  endfacet
  facet normal 5.735764e-01 -5.040072e-14 8.191520e-01
    outer loop
      vertex   5.441188e+01 1.585734e+01 1.741006e+01
      vertex   5.459103e+01 1.604454e+01 1.728462e+01
      vertex   5.425101e+01 1.593317e+01 1.752270e+01
    endloop
  endfacet
  facet normal 5.735764e-01 7.419203e-14 8.191520e-01
    outer loop
      vertex   5.425101e+01 1.593317e+01 1.752270e+01
      vertex   5.459103e+01 1.604454e+01 1.728462e+01
      vertex   5.451029e+01 1.612107e+01 1.734115e+01
    endloop
  endfacet
  facet normal 5.735764e-01 -4.729585e-14 8.191520e-01
    outer loop
      vertex   5.425101e+01 1.593317e+01 1.752270e+01
      vertex   5.451029e+01 1.612107e+01 1.734115e+01
      vertex   5.441959e+01 1.617909e+01 1.740466e+01
    endloop
  endfacet
  facet normal 5.735764e-01 1.617893e-14 8.191520e-01
    outer loop
      vertex   5.441959e+01 1.617909e+01 1.740466e+01
      vertex   5.432318e+01 1.622654e+01 1.747217e+01
      vertex   5.425101e+01 1.593317e+01 1.752270e+01
    endloop
  endfacet
  facet normal 5.735764e-01 1.074847e-14 8.191520e-01
    outer loop
      vertex   5.425101e+01 1.593317e+01 1.752270e+01
      vertex   5.432318e+01 1.622654e+01 1.747217e+01
      vertex   5.408575e+01 1.598315e+01 1.763842e+01
    endloop
  endfacet
  facet normal 5.735764e-01 2.037734e-14 8.191520e-01
    outer loop
      vertex   5.408575e+01 1.598315e+01 1.763842e+01
      vertex   5.432318e+01 1.622654e+01 1.747217e+01
      vertex   5.417992e+01 1.626883e+01 1.757248e+01
    endloop
  endfacet
  facet normal 5.735764e-01 2.204006e-14 8.191520e-01
    outer loop
      vertex   5.408575e+01 1.598315e+01 1.763842e+01
      vertex   5.417992e+01 1.626883e+01 1.757248e+01
      vertex   5.403536e+01 1.629943e+01 1.767370e+01
    endloop
  endfacet
  facet normal 5.735764e-01 2.645349e-14 8.191520e-01
    outer loop
      vertex   5.408575e+01 1.598315e+01 1.763842e+01
      vertex   5.403536e+01 1.629943e+01 1.767370e+01
      vertex   5.391499e+01 1.600070e+01 1.775799e+01
    endloop
  endfacet
  facet normal 5.735764e-01 1.118795e-14 8.191520e-01
    outer loop
      vertex   5.391499e+01 1.600070e+01 1.775799e+01
      vertex   5.403536e+01 1.629943e+01 1.767370e+01
      vertex   5.388888e+01 1.631289e+01 1.777626e+01
    endloop
  endfacet
  facet normal 5.735764e-01 4.687899e-15 8.191520e-01
    outer loop
      vertex   5.391499e+01 1.600070e+01 1.775799e+01
      vertex   5.388888e+01 1.631289e+01 1.777626e+01
      vertex   5.374136e+01 1.600144e+01 1.787956e+01
    endloop
  endfacet
  facet normal 5.735764e-01 -0.000000e+00 8.191520e-01
    outer loop
      vertex   5.374136e+01 1.600144e+01 1.787956e+01
      vertex   5.388888e+01 1.631289e+01 1.777626e+01
      vertex   5.374136e+01 1.631692e+01 1.787956e+01
    endloop
  endfacet
  facet normal 5.735764e-01 -0.000000e+00 8.191520e-01
    outer loop
      vertex   5.374136e+01 1.600144e+01 1.787956e+01
      vertex   5.374136e+01 1.631692e+01 1.787956e+01
      vertex   5.361936e+01 1.631467e+01 1.796499e+01
    endloop
  endfacet
  facet normal 5.735764e-01 1.202961e-14 8.191520e-01
    outer loop
      vertex   5.374136e+01 1.600144e+01 1.787956e+01
      vertex   5.361936e+01 1.631467e+01 1.796499e+01
      vertex   5.356737e+01 1.600084e+01 1.800139e+01
    endloop
  endfacet
  facet normal 5.735764e-01 1.961672e-14 8.191520e-01
    outer loop
      vertex   5.356737e+01 1.600084e+01 1.800139e+01
      vertex   5.361936e+01 1.631467e+01 1.796499e+01
      vertex   5.349786e+01 1.630647e+01 1.805006e+01
    endloop
  endfacet
  facet normal 5.735764e-01 3.609979e-15 8.191520e-01
    outer loop
      vertex   5.356737e+01 1.600084e+01 1.800139e+01
      vertex   5.349786e+01 1.630647e+01 1.805006e+01
      vertex   5.337728e+01 1.628735e+01 1.813450e+01
    endloop
  endfacet
  facet normal 5.735764e-01 1.351784e-14 8.191520e-01
    outer loop
      vertex   5.356737e+01 1.600084e+01 1.800139e+01
      vertex   5.337728e+01 1.628735e+01 1.813450e+01
      vertex   5.339623e+01 1.598338e+01 1.812122e+01
    endloop
  endfacet
  facet normal 5.735764e-01 1.428569e-14 8.191520e-01
    outer loop
      vertex   5.339623e+01 1.598338e+01 1.812122e+01
      vertex   5.337728e+01 1.628735e+01 1.813450e+01
      vertex   5.325733e+01 1.626065e+01 1.821848e+01
    endloop
  endfacet
  facet normal 5.735764e-01 -5.343291e-15 8.191520e-01
    outer loop
      vertex   5.339623e+01 1.598338e+01 1.812122e+01
      vertex   5.325733e+01 1.626065e+01 1.821848e+01
      vertex   5.317768e+01 1.623201e+01 1.827425e+01
    endloop
  endfacet
  facet normal 5.735764e-01 3.054661e-14 8.191520e-01
    outer loop
      vertex   5.339623e+01 1.598338e+01 1.812122e+01
      vertex   5.317768e+01 1.623201e+01 1.827425e+01
      vertex   5.323063e+01 1.593338e+01 1.823718e+01
    endloop
  endfacet
  facet normal 5.735764e-01 5.500623e-14 8.191520e-01
    outer loop
      vertex   5.323063e+01 1.593338e+01 1.823718e+01
      vertex   5.317768e+01 1.623201e+01 1.827425e+01
      vertex   5.309988e+01 1.619804e+01 1.832873e+01
    endloop
  endfacet
  facet normal 5.735764e-01 -2.719147e-14 8.191520e-01
    outer loop
      vertex   5.323063e+01 1.593338e+01 1.823718e+01
      vertex   5.309988e+01 1.619804e+01 1.832873e+01
      vertex   5.302531e+01 1.615473e+01 1.838095e+01
    endloop
  endfacet
  facet normal 5.735764e-01 3.236939e-14 8.191520e-01
    outer loop
      vertex   5.302531e+01 1.615473e+01 1.838095e+01
      vertex   5.295280e+01 1.610546e+01 1.843171e+01
      vertex   5.323063e+01 1.593338e+01 1.823718e+01
    endloop
  endfacet
  facet normal 5.735764e-01 6.979571e-15 8.191520e-01
    outer loop
      vertex   5.323063e+01 1.593338e+01 1.823718e+01
      vertex   5.295280e+01 1.610546e+01 1.843171e+01
      vertex   5.306945e+01 1.585734e+01 1.835004e+01
    endloop
  endfacet
  facet normal 5.735764e-01 1.235952e-14 8.191520e-01
    outer loop
      vertex   5.306945e+01 1.585734e+01 1.835004e+01
      vertex   5.295280e+01 1.610546e+01 1.843171e+01
      vertex   5.289587e+01 1.605310e+01 1.847158e+01
    endloop
  endfacet
  facet normal 5.735764e-01 -3.510390e-14 8.191520e-01
    outer loop
      vertex   5.306945e+01 1.585734e+01 1.835004e+01
      vertex   5.289587e+01 1.605310e+01 1.847158e+01
      vertex   5.284384e+01 1.599517e+01 1.850801e+01
    endloop
  endfacet
  facet normal 5.735764e-01 5.779713e-14 8.191520e-01
    outer loop
      vertex   5.284384e+01 1.599517e+01 1.850801e+01
      vertex   5.280011e+01 1.592784e+01 1.853863e+01
      vertex   5.306945e+01 1.585734e+01 1.835004e+01
    endloop
  endfacet
  facet normal 5.735764e-01 5.614531e-14 8.191520e-01
    outer loop
      vertex   5.306945e+01 1.585734e+01 1.835004e+01
      vertex   5.280011e+01 1.592784e+01 1.853863e+01
      vertex   5.300207e+01 1.578495e+01 1.839722e+01
    endloop
  endfacet
  facet normal 5.735764e-01 -4.315941e-14 8.191520e-01
    outer loop
      vertex   5.300207e+01 1.578495e+01 1.839722e+01
      vertex   5.280011e+01 1.592784e+01 1.853863e+01
      vertex   5.276143e+01 1.585478e+01 1.856572e+01
    endloop
  endfacet
  facet normal 5.735764e-01 -6.060157e-14 8.191520e-01
    outer loop
      vertex   5.300207e+01 1.578495e+01 1.839722e+01
      vertex   5.276143e+01 1.585478e+01 1.856572e+01
      vertex   5.297265e+01 1.574589e+01 1.841782e+01
    endloop
  endfacet
  facet normal 5.735764e-01 1.377077e-14 8.191520e-01
    outer loop
      vertex   5.297265e+01 1.574589e+01 1.841782e+01
      vertex   5.276143e+01 1.585478e+01 1.856572e+01
      vertex   5.273234e+01 1.577011e+01 1.858608e+01
    endloop
  endfacet
  facet normal 5.735764e-01 1.118072e-15 8.191520e-01
    outer loop
      vertex   5.297265e+01 1.574589e+01 1.841782e+01
      vertex   5.273234e+01 1.577011e+01 1.858608e+01
      vertex   5.294835e+01 1.570338e+01 1.843483e+01
    endloop
  endfacet
  facet normal 5.735764e-01 5.094127e-14 8.191520e-01
    outer loop
      vertex   5.294835e+01 1.570338e+01 1.843483e+01
      vertex   5.273234e+01 1.577011e+01 1.858608e+01
      vertex   5.271029e+01 1.568343e+01 1.860153e+01
    endloop
  endfacet
  facet normal 5.735764e-01 -1.120012e-13 8.191520e-01
    outer loop
      vertex   5.294835e+01 1.570338e+01 1.843483e+01
      vertex   5.271029e+01 1.568343e+01 1.860153e+01
      vertex   5.293055e+01 1.565651e+01 1.844730e+01
    endloop
  endfacet
  facet normal 5.735764e-01 2.418212e-13 8.191520e-01
    outer loop
      vertex   5.293055e+01 1.565651e+01 1.844730e+01
      vertex   5.271029e+01 1.568343e+01 1.860153e+01
      vertex   5.291833e+01 1.560588e+01 1.845585e+01
    endloop
  endfacet
  facet normal 5.735764e-01 5.816792e-15 8.191520e-01
    outer loop
      vertex   5.291833e+01 1.560588e+01 1.845585e+01
      vertex   5.271029e+01 1.568343e+01 1.860153e+01
      vertex   5.269944e+01 1.559353e+01 1.860912e+01
    endloop
  endfacet
  facet normal 5.735764e-01 -9.350176e-14 8.191520e-01
    outer loop
      vertex   5.291833e+01 1.560588e+01 1.845585e+01
      vertex   5.269944e+01 1.559353e+01 1.860912e+01
      vertex   5.290321e+01 1.549837e+01 1.846644e+01
    endloop
  endfacet
  facet normal 5.735764e-01 -1.918221e-14 8.191520e-01
    outer loop
      vertex   5.290321e+01 1.549837e+01 1.846644e+01
      vertex   5.269944e+01 1.559353e+01 1.860912e+01
      vertex   5.269507e+01 1.550178e+01 1.861218e+01
    endloop
  endfacet
  facet normal 5.735764e-01 2.113732e-14 8.191520e-01
    outer loop
      vertex   5.290321e+01 1.549837e+01 1.846644e+01
      vertex   5.269507e+01 1.550178e+01 1.861218e+01
      vertex   5.270287e+01 1.537956e+01 1.860672e+01
    endloop
  endfacet
  facet normal 5.735764e-01 -3.830332e-14 8.191520e-01
    outer loop
      vertex   5.272243e+01 1.526212e+01 1.859303e+01
      vertex   5.292534e+01 1.535060e+01 1.845095e+01
      vertex   5.270287e+01 1.537956e+01 1.860672e+01
    endloop
  endfacet
  facet normal 5.735764e-01 -1.717984e-14 8.191520e-01
    outer loop
      vertex   5.270287e+01 1.537956e+01 1.860672e+01
      vertex   5.292534e+01 1.535060e+01 1.845095e+01
      vertex   5.291513e+01 1.539804e+01 1.845810e+01
    endloop
  endfacet
  facet normal 5.735764e-01 3.011508e-14 8.191520e-01
    outer loop
      vertex   5.270287e+01 1.537956e+01 1.860672e+01
      vertex   5.291513e+01 1.539804e+01 1.845810e+01
      vertex   5.290321e+01 1.549837e+01 1.846644e+01
    endloop
  endfacet
  facet normal -0.000000e+00 -1.000000e+00 0.000000e+00
    outer loop
      vertex   5.498076e+01 1.715082e+01 1.750003e+01
      vertex   5.469440e+01 1.715082e+01 1.770055e+01
      vertex   5.475133e+01 1.715082e+01 1.717237e+01
    endloop
  endfacet
  facet normal 0.000000e+00 -1.000000e+00 0.000000e+00
    outer loop
      vertex   5.475133e+01 1.715082e+01 1.717237e+01
      vertex   5.469440e+01 1.715082e+01 1.770055e+01
      vertex   5.446497e+01 1.715082e+01 1.737289e+01
    endloop
  endfacet
  facet normal 8.191520e-01 0.000000e+00 -5.735764e-01
    outer loop
      vertex   5.469440e+01 1.715082e+01 1.770055e+01
      vertex   5.469440e+01 1.680123e+01 1.770055e+01
      vertex   5.446497e+01 1.715082e+01 1.737289e+01
    endloop
  endfacet
  facet normal 8.191520e-01 0.000000e+00 -5.735764e-01
    outer loop
      vertex   5.446497e+01 1.715082e+01 1.737289e+01
      vertex   5.469440e+01 1.680123e+01 1.770055e+01
      vertex   5.446497e+01 1.680123e+01 1.737289e+01
    endloop
  endfacet
  facet normal 0.000000e+00 1.000000e+00 0.000000e+00
    outer loop
      vertex   5.469440e+01 1.680123e+01 1.770055e+01
      vertex   5.498076e+01 1.680123e+01 1.750003e+01
      vertex   5.446497e+01 1.680123e+01 1.737289e+01
    endloop
  endfacet
  facet normal -0.000000e+00 1.000000e+00 0.000000e+00
    outer loop
      vertex   5.446497e+01 1.680123e+01 1.737289e+01
      vertex   5.498076e+01 1.680123e+01 1.750003e+01
      vertex   5.475133e+01 1.680123e+01 1.717237e+01
    endloop
  endfacet
  facet normal -8.191520e-01 0.000000e+00 5.735764e-01
    outer loop
      vertex   5.498076e+01 1.680123e+01 1.750003e+01
      vertex   5.498076e+01 1.715082e+01 1.750003e+01
      vertex   5.475133e+01 1.680123e+01 1.717237e+01
    endloop
  endfacet
  facet normal -8.191520e-01 0.000000e+00 5.735764e-01
    outer loop
      vertex   5.475133e+01 1.680123e+01 1.717237e+01
      vertex   5.498076e+01 1.715082e+01 1.750003e+01
      vertex   5.475133e+01 1.715082e+01 1.717237e+01
    endloop
  endfacet
  facet normal 5.735764e-01 0.000000e+00 8.191520e-01
    outer loop
      vertex   5.475133e+01 1.715082e+01 1.717237e+01
      vertex   5.446497e+01 1.715082e+01 1.737289e+01
      vertex   5.475133e+01 1.680123e+01 1.717237e+01
    endloop
  endfacet
  facet normal 5.735764e-01 0.000000e+00 8.191520e-01
    outer loop
      vertex   5.475133e+01 1.680123e+01 1.717237e+01
      vertex   5.446497e+01 1.715082e+01 1.737289e+01
      vertex   5.446497e+01 1.680123e+01 1.737289e+01
    endloop
  endfacet
  facet normal -4.553987e-01 -8.312230e-01 3.188736e-01
    outer loop
      vertex   5.473910e+01 1.798643e+01 1.766925e+01
      vertex   5.470312e+01 1.801580e+01 1.769444e+01
      vertex   5.450967e+01 1.798643e+01 1.734159e+01
    endloop
  endfacet
  facet normal -4.553987e-01 -8.312230e-01 3.188736e-01
    outer loop
      vertex   5.450967e+01 1.798643e+01 1.734159e+01
      vertex   5.470312e+01 1.801580e+01 1.769444e+01
      vertex   5.447369e+01 1.801580e+01 1.736678e+01
    endloop
  endfacet
  facet normal -4.827329e-01 -8.079084e-01 3.380132e-01
    outer loop
      vertex   5.447369e+01 1.801580e+01 1.736678e+01
      vertex   5.470312e+01 1.801580e+01 1.769444e+01
      vertex   5.466823e+01 1.804688e+01 1.771887e+01
    endloop
  endfacet
  facet normal -4.827329e-01 -8.079084e-01 3.380132e-01
    outer loop
      vertex   5.447369e+01 1.801580e+01 1.736678e+01
      vertex   5.466823e+01 1.804688e+01 1.771887e+01
      vertex   5.443880e+01 1.804688e+01 1.739121e+01
    endloop
  endfacet
  facet normal -5.248877e-01 -7.677332e-01 3.675304e-01
    outer loop
      vertex   5.443880e+01 1.804688e+01 1.739121e+01
      vertex   5.466823e+01 1.804688e+01 1.771887e+01
      vertex   5.463506e+01 1.808067e+01 1.774209e+01
    endloop
  endfacet
  facet normal -5.248877e-01 -7.677332e-01 3.675304e-01
    outer loop
      vertex   5.443880e+01 1.804688e+01 1.739121e+01
      vertex   5.463506e+01 1.808067e+01 1.774209e+01
      vertex   5.440563e+01 1.808067e+01 1.741443e+01
    endloop
  endfacet
  facet normal -5.482263e-01 -7.430276e-01 3.838722e-01
    outer loop
      vertex   5.440563e+01 1.808067e+01 1.741443e+01
      vertex   5.463506e+01 1.808067e+01 1.774209e+01
      vertex   5.460290e+01 1.811604e+01 1.776462e+01
    endloop
  endfacet
  facet normal -5.482263e-01 -7.430276e-01 3.838722e-01
    outer loop
      vertex   5.440563e+01 1.808067e+01 1.741443e+01
      vertex   5.460290e+01 1.811604e+01 1.776462e+01
      vertex   5.437347e+01 1.811604e+01 1.743696e+01
    endloop
  endfacet
  facet normal -5.948498e-01 -6.875072e-01 4.165183e-01
    outer loop
      vertex   5.460290e+01 1.811604e+01 1.776462e+01
      vertex   5.453612e+01 1.820214e+01 1.781137e+01
      vertex   5.437347e+01 1.811604e+01 1.743696e+01
    endloop
  endfacet
  facet normal -5.948498e-01 -6.875072e-01 4.165183e-01
    outer loop
      vertex   5.437347e+01 1.811604e+01 1.743696e+01
      vertex   5.453612e+01 1.820214e+01 1.781137e+01
      vertex   5.430669e+01 1.820214e+01 1.748371e+01
    endloop
  endfacet
  facet normal -6.069182e-01 -6.716039e-01 4.249687e-01
    outer loop
      vertex   5.430669e+01 1.820214e+01 1.748371e+01
      vertex   5.453612e+01 1.820214e+01 1.781137e+01
      vertex   5.447091e+01 1.828997e+01 1.785704e+01
    endloop
  endfacet
  facet normal -6.069182e-01 -6.716039e-01 4.249687e-01
    outer loop
      vertex   5.430669e+01 1.820214e+01 1.748371e+01
      vertex   5.447091e+01 1.828997e+01 1.785704e+01
      vertex   5.424148e+01 1.828997e+01 1.752938e+01
    endloop
  endfacet
  facet normal -6.208982e-01 -6.522816e-01 4.347576e-01
    outer loop
      vertex   5.424148e+01 1.828997e+01 1.752938e+01
      vertex   5.447091e+01 1.828997e+01 1.785704e+01
      vertex   5.440756e+01 1.837983e+01 1.790139e+01
    endloop
  endfacet
  facet normal -6.208982e-01 -6.522816e-01 4.347576e-01
    outer loop
      vertex   5.424148e+01 1.828997e+01 1.752938e+01
      vertex   5.440756e+01 1.837983e+01 1.790139e+01
      vertex   5.417813e+01 1.837983e+01 1.757373e+01
    endloop
  endfacet
  facet normal -6.279020e-01 -6.422123e-01 4.396617e-01
    outer loop
      vertex   5.417813e+01 1.837983e+01 1.757373e+01
      vertex   5.440756e+01 1.837983e+01 1.790139e+01
      vertex   5.434517e+01 1.847074e+01 1.794508e+01
    endloop
  endfacet
  facet normal -6.279020e-01 -6.422123e-01 4.396617e-01
    outer loop
      vertex   5.417813e+01 1.837983e+01 1.757373e+01
      vertex   5.434517e+01 1.847074e+01 1.794508e+01
      vertex   5.411574e+01 1.847074e+01 1.761742e+01
    endloop
  endfacet
  facet normal -6.231216e-01 -6.491141e-01 4.363145e-01
    outer loop
      vertex   5.434517e+01 1.847074e+01 1.794508e+01
      vertex   5.425918e+01 1.859376e+01 1.800529e+01
      vertex   5.411574e+01 1.847074e+01 1.761742e+01
    endloop
  endfacet
  facet normal -6.231216e-01 -6.491141e-01 4.363145e-01
    outer loop
      vertex   5.411574e+01 1.847074e+01 1.761742e+01
      vertex   5.425918e+01 1.859376e+01 1.800529e+01
      vertex   5.402974e+01 1.859376e+01 1.767763e+01
    endloop
  endfacet
  facet normal -6.118959e-01 -6.648387e-01 4.284541e-01
    outer loop
      vertex   5.402974e+01 1.859376e+01 1.767763e+01
      vertex   5.425918e+01 1.859376e+01 1.800529e+01
      vertex   5.417117e+01 1.871448e+01 1.806692e+01
    endloop
  endfacet
  facet normal -6.118959e-01 -6.648387e-01 4.284541e-01
    outer loop
      vertex   5.402974e+01 1.859376e+01 1.767763e+01
      vertex   5.417117e+01 1.871448e+01 1.806692e+01
      vertex   5.394174e+01 1.871448e+01 1.773926e+01
    endloop
  endfacet
  facet normal -5.899978e-01 -6.937101e-01 4.131209e-01
    outer loop
      vertex   5.394174e+01 1.871448e+01 1.773926e+01
      vertex   5.417117e+01 1.871448e+01 1.806692e+01
      vertex   5.407937e+01 1.883083e+01 1.813120e+01
    endloop
  endfacet
  facet normal -5.899978e-01 -6.937101e-01 4.131209e-01
    outer loop
      vertex   5.394174e+01 1.871448e+01 1.773926e+01
      vertex   5.407937e+01 1.883083e+01 1.813120e+01
      vertex   5.384994e+01 1.883083e+01 1.780353e+01
    endloop
  endfacet
  facet normal -5.732334e-01 -7.143498e-01 4.013824e-01
    outer loop
      vertex   5.384994e+01 1.883083e+01 1.780353e+01
      vertex   5.407937e+01 1.883083e+01 1.813120e+01
      vertex   5.398476e+01 1.894397e+01 1.819744e+01
    endloop
  endfacet
  facet normal -5.732334e-01 -7.143498e-01 4.013824e-01
    outer loop
      vertex   5.384994e+01 1.883083e+01 1.780353e+01
      vertex   5.398476e+01 1.894397e+01 1.819744e+01
      vertex   5.375533e+01 1.894397e+01 1.786978e+01
    endloop
  endfacet
  facet normal -5.256037e-01 -7.670029e-01 3.680317e-01
    outer loop
      vertex   5.398476e+01 1.894397e+01 1.819744e+01
      vertex   5.392674e+01 1.900323e+01 1.823807e+01
      vertex   5.375533e+01 1.894397e+01 1.786978e+01
    endloop
  endfacet
  facet normal -5.256037e-01 -7.670029e-01 3.680317e-01
    outer loop
      vertex   5.375533e+01 1.894397e+01 1.786978e+01
      vertex   5.392674e+01 1.900323e+01 1.823807e+01
      vertex   5.369731e+01 1.900323e+01 1.791041e+01
    endloop
  endfacet
  facet normal -4.898241e-01 -8.015224e-01 3.429785e-01
    outer loop
      vertex   5.369731e+01 1.900323e+01 1.791041e+01
      vertex   5.392674e+01 1.900323e+01 1.823807e+01
      vertex   5.386639e+01 1.905819e+01 1.828033e+01
    endloop
  endfacet
  facet normal -4.898241e-01 -8.015224e-01 3.429785e-01
    outer loop
      vertex   5.369731e+01 1.900323e+01 1.791041e+01
      vertex   5.386639e+01 1.905819e+01 1.828033e+01
      vertex   5.363696e+01 1.905819e+01 1.795266e+01
    endloop
  endfacet
  facet normal -4.218648e-01 -8.571891e-01 2.953929e-01
    outer loop
      vertex   5.363696e+01 1.905819e+01 1.795266e+01
      vertex   5.386639e+01 1.905819e+01 1.828033e+01
      vertex   5.380191e+01 1.910548e+01 1.832548e+01
    endloop
  endfacet
  facet normal -4.218648e-01 -8.571891e-01 2.953929e-01
    outer loop
      vertex   5.363696e+01 1.905819e+01 1.795266e+01
      vertex   5.380191e+01 1.910548e+01 1.832548e+01
      vertex   5.357248e+01 1.910548e+01 1.799782e+01
    endloop
  endfacet
  facet normal -3.752421e-01 -8.889079e-01 2.627474e-01
    outer loop
      vertex   5.357248e+01 1.910548e+01 1.799782e+01
      vertex   5.380191e+01 1.910548e+01 1.832548e+01
      vertex   5.373472e+01 1.914775e+01 1.837252e+01
    endloop
  endfacet
  facet normal -3.752421e-01 -8.889079e-01 2.627474e-01
    outer loop
      vertex   5.357248e+01 1.910548e+01 1.799782e+01
      vertex   5.373472e+01 1.914775e+01 1.837252e+01
      vertex   5.350528e+01 1.914775e+01 1.804486e+01
    endloop
  endfacet
  facet normal -2.757289e-01 -9.416467e-01 1.930674e-01
    outer loop
      vertex   5.373472e+01 1.914775e+01 1.837252e+01
      vertex   5.367604e+01 1.917336e+01 1.841361e+01
      vertex   5.350528e+01 1.914775e+01 1.804486e+01
    endloop
  endfacet
  facet normal -2.757289e-01 -9.416467e-01 1.930674e-01
    outer loop
      vertex   5.350528e+01 1.914775e+01 1.804486e+01
      vertex   5.367604e+01 1.917336e+01 1.841361e+01
      vertex   5.344661e+01 1.917336e+01 1.808595e+01
    endloop
  endfacet
  facet normal -2.176625e-01 -9.640511e-01 1.524089e-01
    outer loop
      vertex   5.344661e+01 1.917336e+01 1.808595e+01
      vertex   5.367604e+01 1.917336e+01 1.841361e+01
      vertex   5.361642e+01 1.919342e+01 1.845536e+01
    endloop
  endfacet
  facet normal -2.176625e-01 -9.640511e-01 1.524089e-01
    outer loop
      vertex   5.344661e+01 1.917336e+01 1.808595e+01
      vertex   5.361642e+01 1.919342e+01 1.845536e+01
      vertex   5.338699e+01 1.919342e+01 1.812770e+01
    endloop
  endfacet
  facet normal -1.161766e-01 -9.898917e-01 8.134775e-02
    outer loop
      vertex   5.338699e+01 1.919342e+01 1.812770e+01
      vertex   5.361642e+01 1.919342e+01 1.845536e+01
      vertex   5.355521e+01 1.920413e+01 1.849821e+01
    endloop
  endfacet
  facet normal -1.161766e-01 -9.898917e-01 8.134775e-02
    outer loop
      vertex   5.338699e+01 1.919342e+01 1.812770e+01
      vertex   5.355521e+01 1.920413e+01 1.849821e+01
      vertex   5.332578e+01 1.920413e+01 1.817055e+01
    endloop
  endfacet
  facet normal -5.407024e-02 -9.978191e-01 3.786039e-02
    outer loop
      vertex   5.332578e+01 1.920413e+01 1.817055e+01
      vertex   5.355521e+01 1.920413e+01 1.849821e+01
      vertex   5.349305e+01 1.920915e+01 1.854174e+01
    endloop
  endfacet
  facet normal -5.407024e-02 -9.978191e-01 3.786039e-02
    outer loop
      vertex   5.332578e+01 1.920413e+01 1.817055e+01
      vertex   5.349305e+01 1.920915e+01 1.854174e+01
      vertex   5.326362e+01 1.920915e+01 1.821408e+01
    endloop
  endfacet
  facet normal 9.390166e-02 -9.934079e-01 -6.575065e-02
    outer loop
      vertex   5.349305e+01 1.920915e+01 1.854174e+01
      vertex   5.337909e+01 1.919309e+01 1.862154e+01
      vertex   5.326362e+01 1.920915e+01 1.821408e+01
    endloop
  endfacet
  facet normal 9.390166e-02 -9.934079e-01 -6.575065e-02
    outer loop
      vertex   5.326362e+01 1.920915e+01 1.821408e+01
      vertex   5.337909e+01 1.919309e+01 1.862154e+01
      vertex   5.314966e+01 1.919309e+01 1.829388e+01
    endloop
  endfacet
  facet normal 2.165239e-01 -9.644331e-01 -1.516117e-01
    outer loop
      vertex   5.314966e+01 1.919309e+01 1.829388e+01
      vertex   5.337909e+01 1.919309e+01 1.862154e+01
      vertex   5.327202e+01 1.915727e+01 1.869651e+01
    endloop
  endfacet
  facet normal 2.165239e-01 -9.644331e-01 -1.516117e-01
    outer loop
      vertex   5.314966e+01 1.919309e+01 1.829388e+01
      vertex   5.327202e+01 1.915727e+01 1.869651e+01
      vertex   5.304259e+01 1.915727e+01 1.836884e+01
    endloop
  endfacet
  facet normal 4.169117e-01 -8.607930e-01 -2.919247e-01
    outer loop
      vertex   5.304259e+01 1.915727e+01 1.836884e+01
      vertex   5.327202e+01 1.915727e+01 1.869651e+01
      vertex   5.317650e+01 1.908832e+01 1.876339e+01
    endloop
  endfacet
  facet normal 4.169117e-01 -8.607930e-01 -2.919247e-01
    outer loop
      vertex   5.304259e+01 1.915727e+01 1.836884e+01
      vertex   5.317650e+01 1.908832e+01 1.876339e+01
      vertex   5.294707e+01 1.908832e+01 1.843573e+01
    endloop
  endfacet
  facet normal 5.203914e-01 -7.722814e-01 -3.643820e-01
    outer loop
      vertex   5.294707e+01 1.908832e+01 1.843573e+01
      vertex   5.317650e+01 1.908832e+01 1.876339e+01
      vertex   5.308794e+01 1.899939e+01 1.882540e+01
    endloop
  endfacet
  facet normal 5.203914e-01 -7.722814e-01 -3.643820e-01
    outer loop
      vertex   5.294707e+01 1.908832e+01 1.843573e+01
      vertex   5.308794e+01 1.899939e+01 1.882540e+01
      vertex   5.285851e+01 1.899939e+01 1.849774e+01
    endloop
  endfacet
  facet normal 6.726083e-01 -5.707799e-01 -4.709654e-01
    outer loop
      vertex   5.308794e+01 1.899939e+01 1.882540e+01
      vertex   5.301498e+01 1.887125e+01 1.887649e+01
      vertex   5.285851e+01 1.899939e+01 1.849774e+01
    endloop
  endfacet
  facet normal 6.726083e-01 -5.707799e-01 -4.709654e-01
    outer loop
      vertex   5.285851e+01 1.899939e+01 1.849774e+01
      vertex   5.301498e+01 1.887125e+01 1.887649e+01
      vertex   5.278555e+01 1.887125e+01 1.854883e+01
    endloop
  endfacet
  facet normal 7.357618e-01 -4.395885e-01 -5.151860e-01
    outer loop
      vertex   5.278555e+01 1.887125e+01 1.854883e+01
      vertex   5.301498e+01 1.887125e+01 1.887649e+01
      vertex   5.296034e+01 1.873498e+01 1.891475e+01
    endloop
  endfacet
  facet normal 7.357618e-01 -4.395885e-01 -5.151860e-01
    outer loop
      vertex   5.278555e+01 1.887125e+01 1.854883e+01
      vertex   5.296034e+01 1.873498e+01 1.891475e+01
      vertex   5.273091e+01 1.873498e+01 1.858708e+01
    endloop
  endfacet
  facet normal 8.011062e-01 -2.087452e-01 -5.609406e-01
    outer loop
      vertex   5.273091e+01 1.873498e+01 1.858708e+01
      vertex   5.296034e+01 1.873498e+01 1.891475e+01
      vertex   5.293430e+01 1.858600e+01 1.893298e+01
    endloop
  endfacet
  facet normal 8.011062e-01 -2.087452e-01 -5.609406e-01
    outer loop
      vertex   5.273091e+01 1.873498e+01 1.858708e+01
      vertex   5.293430e+01 1.858600e+01 1.893298e+01
      vertex   5.270487e+01 1.858600e+01 1.860532e+01
    endloop
  endfacet
  facet normal 8.167627e-01 -7.632371e-02 -5.719034e-01
    outer loop
      vertex   5.270487e+01 1.858600e+01 1.860532e+01
      vertex   5.293430e+01 1.858600e+01 1.893298e+01
      vertex   5.292450e+01 1.842981e+01 1.893984e+01
    endloop
  endfacet
  facet normal 8.167627e-01 -7.632371e-02 -5.719034e-01
    outer loop
      vertex   5.270487e+01 1.858600e+01 1.860532e+01
      vertex   5.292450e+01 1.842981e+01 1.893984e+01
      vertex   5.269507e+01 1.842981e+01 1.861218e+01
    endloop
  endfacet
  facet normal 8.171403e-01 7.004138e-02 -5.721678e-01
    outer loop
      vertex   5.292450e+01 1.842981e+01 1.893984e+01
      vertex   5.293336e+01 1.827582e+01 1.893364e+01
      vertex   5.269507e+01 1.842981e+01 1.861218e+01
    endloop
  endfacet
  facet normal 8.171403e-01 7.004138e-02 -5.721678e-01
    outer loop
      vertex   5.269507e+01 1.842981e+01 1.861218e+01
      vertex   5.293336e+01 1.827582e+01 1.893364e+01
      vertex   5.270393e+01 1.827582e+01 1.860598e+01
    endloop
  endfacet
  facet normal 8.035009e-01 1.945456e-01 -5.626174e-01
    outer loop
      vertex   5.270393e+01 1.827582e+01 1.860598e+01
      vertex   5.293336e+01 1.827582e+01 1.893364e+01
      vertex   5.295736e+01 1.812810e+01 1.891683e+01
    endloop
  endfacet
  facet normal 8.035009e-01 1.945456e-01 -5.626174e-01
    outer loop
      vertex   5.270393e+01 1.827582e+01 1.860598e+01
      vertex   5.295736e+01 1.812810e+01 1.891683e+01
      vertex   5.272793e+01 1.812810e+01 1.858917e+01
    endloop
  endfacet
  facet normal 7.460962e-01 4.128142e-01 -5.224222e-01
    outer loop
      vertex   5.272793e+01 1.812810e+01 1.858917e+01
      vertex   5.295736e+01 1.812810e+01 1.891683e+01
      vertex   5.300809e+01 1.799145e+01 1.888131e+01
    endloop
  endfacet
  facet normal 7.460962e-01 4.128142e-01 -5.224222e-01
    outer loop
      vertex   5.272793e+01 1.812810e+01 1.858917e+01
      vertex   5.300809e+01 1.799145e+01 1.888131e+01
      vertex   5.277866e+01 1.799145e+01 1.855365e+01
    endloop
  endfacet
  facet normal 6.897133e-01 5.395017e-01 -4.829425e-01
    outer loop
      vertex   5.277866e+01 1.799145e+01 1.855365e+01
      vertex   5.300809e+01 1.799145e+01 1.888131e+01
      vertex   5.307607e+01 1.786194e+01 1.883371e+01
    endloop
  endfacet
  facet normal 6.897133e-01 5.395017e-01 -4.829425e-01
    outer loop
      vertex   5.277866e+01 1.799145e+01 1.855365e+01
      vertex   5.307607e+01 1.786194e+01 1.883371e+01
      vertex   5.284664e+01 1.786194e+01 1.850605e+01
    endloop
  endfacet
  facet normal 5.252262e-01 7.673882e-01 -3.677673e-01
    outer loop
      vertex   5.307607e+01 1.786194e+01 1.883371e+01
      vertex   5.317206e+01 1.776403e+01 1.876650e+01
      vertex   5.284664e+01 1.786194e+01 1.850605e+01
    endloop
  endfacet
  facet normal 5.252262e-01 7.673882e-01 -3.677673e-01
    outer loop
      vertex   5.284664e+01 1.786194e+01 1.850605e+01
      vertex   5.317206e+01 1.776403e+01 1.876650e+01
      vertex   5.294263e+01 1.776403e+01 1.843884e+01
    endloop
  endfacet
  facet normal 4.234188e-01 8.560465e-01 -2.964810e-01
    outer loop
      vertex   5.294263e+01 1.776403e+01 1.843884e+01
      vertex   5.317206e+01 1.776403e+01 1.876650e+01
      vertex   5.327619e+01 1.768728e+01 1.869359e+01
    endloop
  endfacet
  facet normal 4.234188e-01 8.560465e-01 -2.964810e-01
    outer loop
      vertex   5.294263e+01 1.776403e+01 1.843884e+01
      vertex   5.327619e+01 1.768728e+01 1.869359e+01
      vertex   5.304676e+01 1.768728e+01 1.836593e+01
    endloop
  endfacet
  facet normal 2.411907e-01 9.556701e-01 -1.688835e-01
    outer loop
      vertex   5.304676e+01 1.768728e+01 1.836593e+01
      vertex   5.327619e+01 1.768728e+01 1.869359e+01
      vertex   5.339292e+01 1.764337e+01 1.861185e+01
    endloop
  endfacet
  facet normal 2.411907e-01 9.556701e-01 -1.688835e-01
    outer loop
      vertex   5.304676e+01 1.768728e+01 1.836593e+01
      vertex   5.339292e+01 1.764337e+01 1.861185e+01
      vertex   5.316349e+01 1.764337e+01 1.828419e+01
    endloop
  endfacet
  facet normal 1.351082e-01 9.863042e-01 -9.460380e-02
    outer loop
      vertex   5.316349e+01 1.764337e+01 1.828419e+01
      vertex   5.339292e+01 1.764337e+01 1.861185e+01
      vertex   5.351680e+01 1.761808e+01 1.852511e+01
    endloop
  endfacet
  facet normal 1.351082e-01 9.863042e-01 -9.460380e-02
    outer loop
      vertex   5.316349e+01 1.764337e+01 1.828419e+01
      vertex   5.351680e+01 1.761808e+01 1.852511e+01
      vertex   5.328737e+01 1.761808e+01 1.819745e+01
    endloop
  endfacet
  facet normal -8.148658e-01 1.021653e-01 5.705752e-01
    outer loop
      vertex   5.351680e+01 1.761808e+01 1.852511e+01
      vertex   5.354334e+01 1.793357e+01 1.850653e+01
      vertex   5.328737e+01 1.761808e+01 1.819745e+01
    endloop
  endfacet
  facet normal -8.148658e-01 1.021653e-01 5.705752e-01
    outer loop
      vertex   5.328737e+01 1.761808e+01 1.819745e+01
      vertex   5.354334e+01 1.793357e+01 1.850653e+01
      vertex   5.331391e+01 1.793357e+01 1.817887e+01
    endloop
  endfacet
  facet normal -6.877500e-02 -9.964692e-01 4.815677e-02
    outer loop
      vertex   5.354334e+01 1.793357e+01 1.850653e+01
      vertex   5.346008e+01 1.794213e+01 1.856482e+01
      vertex   5.331391e+01 1.793357e+01 1.817887e+01
    endloop
  endfacet
  facet normal -6.877500e-02 -9.964692e-01 4.815677e-02
    outer loop
      vertex   5.331391e+01 1.793357e+01 1.817887e+01
      vertex   5.346008e+01 1.794213e+01 1.856482e+01
      vertex   5.323065e+01 1.794213e+01 1.823716e+01
    endloop
  endfacet
  facet normal -1.793454e-01 -9.757383e-01 1.255790e-01
    outer loop
      vertex   5.323065e+01 1.794213e+01 1.823716e+01
      vertex   5.346008e+01 1.794213e+01 1.856482e+01
      vertex   5.338091e+01 1.796382e+01 1.862026e+01
    endloop
  endfacet
  facet normal -1.793454e-01 -9.757383e-01 1.255790e-01
    outer loop
      vertex   5.323065e+01 1.794213e+01 1.823716e+01
      vertex   5.338091e+01 1.796382e+01 1.862026e+01
      vertex   5.315148e+01 1.796382e+01 1.829260e+01
    endloop
  endfacet
  facet normal -3.721418e-01 -8.908481e-01 2.605765e-01
    outer loop
      vertex   5.315148e+01 1.796382e+01 1.829260e+01
      vertex   5.338091e+01 1.796382e+01 1.862026e+01
      vertex   5.330894e+01 1.800862e+01 1.867065e+01
    endloop
  endfacet
  facet normal -3.721418e-01 -8.908481e-01 2.605765e-01
    outer loop
      vertex   5.315148e+01 1.796382e+01 1.829260e+01
      vertex   5.330894e+01 1.800862e+01 1.867065e+01
      vertex   5.307951e+01 1.800862e+01 1.834299e+01
    endloop
  endfacet
  facet normal -4.811599e-01 -8.093056e-01 3.369118e-01
    outer loop
      vertex   5.307951e+01 1.800862e+01 1.834299e+01
      vertex   5.330894e+01 1.800862e+01 1.867065e+01
      vertex   5.324160e+01 1.806829e+01 1.871781e+01
    endloop
  endfacet
  facet normal -4.811599e-01 -8.093056e-01 3.369118e-01
    outer loop
      vertex   5.307951e+01 1.800862e+01 1.834299e+01
      vertex   5.324160e+01 1.806829e+01 1.871781e+01
      vertex   5.301217e+01 1.806829e+01 1.839014e+01
    endloop
  endfacet
  facet normal -6.577049e-01 -5.961010e-01 4.605300e-01
    outer loop
      vertex   5.324160e+01 1.806829e+01 1.871781e+01
      vertex   5.319362e+01 1.814719e+01 1.875141e+01
      vertex   5.301217e+01 1.806829e+01 1.839014e+01
    endloop
  endfacet
  facet normal -6.577049e-01 -5.961010e-01 4.605300e-01
    outer loop
      vertex   5.301217e+01 1.806829e+01 1.839014e+01
      vertex   5.319362e+01 1.814719e+01 1.875141e+01
      vertex   5.296419e+01 1.814719e+01 1.842374e+01
    endloop
  endfacet
  facet normal -7.254227e-01 -4.644914e-01 5.079465e-01
    outer loop
      vertex   5.296419e+01 1.814719e+01 1.842374e+01
      vertex   5.319362e+01 1.814719e+01 1.875141e+01
      vertex   5.315734e+01 1.823161e+01 1.877680e+01
    endloop
  endfacet
  facet normal -7.254227e-01 -4.644914e-01 5.079465e-01
    outer loop
      vertex   5.296419e+01 1.814719e+01 1.842374e+01
      vertex   5.315734e+01 1.823161e+01 1.877680e+01
      vertex   5.292791e+01 1.823161e+01 1.844914e+01
    endloop
  endfacet
  facet normal -7.979888e-01 -2.258397e-01 5.587578e-01
    outer loop
      vertex   5.292791e+01 1.823161e+01 1.844914e+01
      vertex   5.315734e+01 1.823161e+01 1.877680e+01
      vertex   5.313965e+01 1.832479e+01 1.878919e+01
    endloop
  endfacet
  facet normal -7.979888e-01 -2.258397e-01 5.587578e-01
    outer loop
      vertex   5.292791e+01 1.823161e+01 1.844914e+01
      vertex   5.313965e+01 1.832479e+01 1.878919e+01
      vertex   5.291022e+01 1.832479e+01 1.846153e+01
    endloop
  endfacet
  facet normal -8.160622e-01 -8.677412e-02 5.714129e-01
    outer loop
      vertex   5.291022e+01 1.832479e+01 1.846153e+01
      vertex   5.313965e+01 1.832479e+01 1.878919e+01
      vertex   5.313264e+01 1.842299e+01 1.879410e+01
    endloop
  endfacet
  facet normal -8.160622e-01 -8.677412e-02 5.714129e-01
    outer loop
      vertex   5.291022e+01 1.832479e+01 1.846153e+01
      vertex   5.313264e+01 1.842299e+01 1.879410e+01
      vertex   5.290321e+01 1.842299e+01 1.846644e+01
    endloop
  endfacet
  facet normal -8.160056e-01 8.756333e-02 5.713733e-01
    outer loop
      vertex   5.313264e+01 1.842299e+01 1.879410e+01
      vertex   5.313940e+01 1.851677e+01 1.878937e+01
      vertex   5.290321e+01 1.842299e+01 1.846644e+01
    endloop
  endfacet
  facet normal -8.160056e-01 8.756333e-02 5.713733e-01
    outer loop
      vertex   5.290321e+01 1.842299e+01 1.846644e+01
      vertex   5.313940e+01 1.851677e+01 1.878937e+01
      vertex   5.290997e+01 1.851677e+01 1.846171e+01
    endloop
  endfacet
  facet normal -7.983593e-01 2.238798e-01 5.590172e-01
    outer loop
      vertex   5.290997e+01 1.851677e+01 1.846171e+01
      vertex   5.313940e+01 1.851677e+01 1.878937e+01
      vertex   5.315617e+01 1.860593e+01 1.877762e+01
    endloop
  endfacet
  facet normal -7.983593e-01 2.238798e-01 5.590172e-01
    outer loop
      vertex   5.290997e+01 1.851677e+01 1.846171e+01
      vertex   5.315617e+01 1.860593e+01 1.877762e+01
      vertex   5.292674e+01 1.860593e+01 1.844996e+01
    endloop
  endfacet
  facet normal -7.287098e-01 4.567591e-01 5.102481e-01
    outer loop
      vertex   5.292674e+01 1.860593e+01 1.844996e+01
      vertex   5.315617e+01 1.860593e+01 1.877762e+01
      vertex   5.319030e+01 1.868708e+01 1.875373e+01
    endloop
  endfacet
  facet normal -7.287098e-01 4.567591e-01 5.102481e-01
    outer loop
      vertex   5.292674e+01 1.860593e+01 1.844996e+01
      vertex   5.319030e+01 1.868708e+01 1.875373e+01
      vertex   5.296087e+01 1.868708e+01 1.842607e+01
    endloop
  endfacet
  facet normal -6.641958e-01 5.852770e-01 4.650749e-01
    outer loop
      vertex   5.296087e+01 1.868708e+01 1.842607e+01
      vertex   5.319030e+01 1.868708e+01 1.875373e+01
      vertex   5.323532e+01 1.876320e+01 1.872221e+01
    endloop
  endfacet
  facet normal -6.641958e-01 5.852770e-01 4.650749e-01
    outer loop
      vertex   5.296087e+01 1.868708e+01 1.842607e+01
      vertex   5.323532e+01 1.876320e+01 1.872221e+01
      vertex   5.300589e+01 1.876320e+01 1.839455e+01
    endloop
  endfacet
  facet normal -5.188769e-01 7.737986e-01 3.633215e-01
    outer loop
      vertex   5.323532e+01 1.876320e+01 1.872221e+01
      vertex   5.329051e+01 1.881836e+01 1.868356e+01
      vertex   5.300589e+01 1.876320e+01 1.839455e+01
    endloop
  endfacet
  facet normal -5.188769e-01 7.737986e-01 3.633215e-01
    outer loop
      vertex   5.300589e+01 1.876320e+01 1.839455e+01
      vertex   5.329051e+01 1.881836e+01 1.868356e+01
      vertex   5.306108e+01 1.881836e+01 1.835590e+01
    endloop
  endfacet
  facet normal -4.162476e-01 8.612718e-01 2.914597e-01
    outer loop
      vertex   5.306108e+01 1.881836e+01 1.835590e+01
      vertex   5.329051e+01 1.881836e+01 1.868356e+01
      vertex   5.335000e+01 1.886121e+01 1.864191e+01
    endloop
  endfacet
  facet normal -4.162476e-01 8.612718e-01 2.914597e-01
    outer loop
      vertex   5.306108e+01 1.881836e+01 1.835590e+01
      vertex   5.335000e+01 1.886121e+01 1.864191e+01
      vertex   5.312056e+01 1.886121e+01 1.831425e+01
    endloop
  endfacet
  facet normal -2.171959e-01 9.642079e-01 1.520822e-01
    outer loop
      vertex   5.312056e+01 1.886121e+01 1.831425e+01
      vertex   5.335000e+01 1.886121e+01 1.864191e+01
      vertex   5.341660e+01 1.888356e+01 1.859527e+01
    endloop
  endfacet
  facet normal -2.171959e-01 9.642079e-01 1.520822e-01
    outer loop
      vertex   5.312056e+01 1.886121e+01 1.831425e+01
      vertex   5.341660e+01 1.888356e+01 1.859527e+01
      vertex   5.318717e+01 1.888356e+01 1.826761e+01
    endloop
  endfacet
  facet normal -9.497550e-02 9.932558e-01 6.650256e-02
    outer loop
      vertex   5.318717e+01 1.888356e+01 1.826761e+01
      vertex   5.341660e+01 1.888356e+01 1.859527e+01
      vertex   5.348746e+01 1.889366e+01 1.854565e+01
    endloop
  endfacet
  facet normal -9.497550e-02 9.932558e-01 6.650256e-02
    outer loop
      vertex   5.318717e+01 1.888356e+01 1.826761e+01
      vertex   5.348746e+01 1.889366e+01 1.854565e+01
      vertex   5.325803e+01 1.889366e+01 1.821799e+01
    endloop
  endfacet
  facet normal 1.206497e-01 9.890939e-01 -8.447982e-02
    outer loop
      vertex   5.348746e+01 1.889366e+01 1.854565e+01
      vertex   5.356944e+01 1.887876e+01 1.848825e+01
      vertex   5.325803e+01 1.889366e+01 1.821799e+01
    endloop
  endfacet
  facet normal 1.206497e-01 9.890939e-01 -8.447982e-02
    outer loop
      vertex   5.325803e+01 1.889366e+01 1.821799e+01
      vertex   5.356944e+01 1.887876e+01 1.848825e+01
      vertex   5.334001e+01 1.887876e+01 1.816059e+01
    endloop
  endfacet
  facet normal 2.235876e-01 9.620282e-01 -1.565577e-01
    outer loop
      vertex   5.334001e+01 1.887876e+01 1.816059e+01
      vertex   5.356944e+01 1.887876e+01 1.848825e+01
      vertex   5.364770e+01 1.885165e+01 1.843346e+01
    endloop
  endfacet
  facet normal 2.235876e-01 9.620282e-01 -1.565577e-01
    outer loop
      vertex   5.334001e+01 1.887876e+01 1.816059e+01
      vertex   5.364770e+01 1.885165e+01 1.843346e+01
      vertex   5.341827e+01 1.885165e+01 1.810579e+01
    endloop
  endfacet
  facet normal 3.738711e-01 8.897684e-01 -2.617874e-01
    outer loop
      vertex   5.341827e+01 1.885165e+01 1.810579e+01
      vertex   5.364770e+01 1.885165e+01 1.843346e+01
      vertex   5.372035e+01 1.880616e+01 1.838258e+01
    endloop
  endfacet
  facet normal 3.738711e-01 8.897684e-01 -2.617874e-01
    outer loop
      vertex   5.341827e+01 1.885165e+01 1.810579e+01
      vertex   5.372035e+01 1.880616e+01 1.838258e+01
      vertex   5.349092e+01 1.880616e+01 1.805492e+01
    endloop
  endfacet
  facet normal 4.496058e-01 8.359094e-01 -3.148174e-01
    outer loop
      vertex   5.349092e+01 1.880616e+01 1.805492e+01
      vertex   5.372035e+01 1.880616e+01 1.838258e+01
      vertex   5.378989e+01 1.875041e+01 1.833389e+01
    endloop
  endfacet
  facet normal 4.496058e-01 8.359094e-01 -3.148174e-01
    outer loop
      vertex   5.349092e+01 1.880616e+01 1.805492e+01
      vertex   5.378989e+01 1.875041e+01 1.833389e+01
      vertex   5.356046e+01 1.875041e+01 1.800623e+01
    endloop
  endfacet
  facet normal 5.427215e-01 7.490260e-01 -3.800177e-01
    outer loop
      vertex   5.378989e+01 1.875041e+01 1.833389e+01
      vertex   5.390738e+01 1.862355e+01 1.825163e+01
      vertex   5.356046e+01 1.875041e+01 1.800623e+01
    endloop
  endfacet
  facet normal 5.427215e-01 7.490260e-01 -3.800177e-01
    outer loop
      vertex   5.356046e+01 1.875041e+01 1.800623e+01
      vertex   5.390738e+01 1.862355e+01 1.825163e+01
      vertex   5.367795e+01 1.862355e+01 1.792396e+01
    endloop
  endfacet
  facet normal 5.733261e-01 7.142390e-01 -4.014472e-01
    outer loop
      vertex   5.367795e+01 1.862355e+01 1.792396e+01
      vertex   5.390738e+01 1.862355e+01 1.825163e+01
      vertex   5.401915e+01 1.848985e+01 1.817336e+01
    endloop
  endfacet
  facet normal 5.733261e-01 7.142390e-01 -4.014472e-01
    outer loop
      vertex   5.367795e+01 1.862355e+01 1.792396e+01
      vertex   5.401915e+01 1.848985e+01 1.817336e+01
      vertex   5.378972e+01 1.848985e+01 1.784570e+01
    endloop
  endfacet
  facet normal 6.114857e-01 6.654009e-01 -4.281669e-01
    outer loop
      vertex   5.378972e+01 1.848985e+01 1.784570e+01
      vertex   5.401915e+01 1.848985e+01 1.817336e+01
      vertex   5.412338e+01 1.834710e+01 1.810038e+01
    endloop
  endfacet
  facet normal 6.114857e-01 6.654009e-01 -4.281669e-01
    outer loop
      vertex   5.378972e+01 1.848985e+01 1.784570e+01
      vertex   5.412338e+01 1.834710e+01 1.810038e+01
      vertex   5.389395e+01 1.834710e+01 1.777272e+01
    endloop
  endfacet
  facet normal 6.303941e-01 6.385635e-01 -4.414067e-01
    outer loop
      vertex   5.389395e+01 1.834710e+01 1.777272e+01
      vertex   5.412338e+01 1.834710e+01 1.810038e+01
      vertex   5.422364e+01 1.819960e+01 1.803018e+01
    endloop
  endfacet
  facet normal 6.303941e-01 6.385635e-01 -4.414067e-01
    outer loop
      vertex   5.389395e+01 1.834710e+01 1.777272e+01
      vertex   5.422364e+01 1.819960e+01 1.803018e+01
      vertex   5.399421e+01 1.819960e+01 1.770252e+01
    endloop
  endfacet
  facet normal 6.276503e-01 6.425788e-01 -4.394855e-01
    outer loop
      vertex   5.422364e+01 1.819960e+01 1.803018e+01
      vertex   5.429641e+01 1.809367e+01 1.797922e+01
      vertex   5.399421e+01 1.819960e+01 1.770252e+01
    endloop
  endfacet
  facet normal 6.276503e-01 6.425788e-01 -4.394855e-01
    outer loop
      vertex   5.399421e+01 1.819960e+01 1.770252e+01
      vertex   5.429641e+01 1.809367e+01 1.797922e+01
      vertex   5.406698e+01 1.809367e+01 1.765156e+01
    endloop
  endfacet
  facet normal 6.119333e-01 6.647873e-01 -4.284803e-01
    outer loop
      vertex   5.406698e+01 1.809367e+01 1.765156e+01
      vertex   5.429641e+01 1.809367e+01 1.797922e+01
      vertex   5.437159e+01 1.799053e+01 1.792658e+01
    endloop
  endfacet
  facet normal 6.119333e-01 6.647873e-01 -4.284803e-01
    outer loop
      vertex   5.406698e+01 1.809367e+01 1.765156e+01
      vertex   5.437159e+01 1.799053e+01 1.792658e+01
      vertex   5.414216e+01 1.799053e+01 1.759892e+01
    endloop
  endfacet
  facet normal 5.818212e-01 7.039268e-01 -4.073956e-01
    outer loop
      vertex   5.414216e+01 1.799053e+01 1.759892e+01
      vertex   5.437159e+01 1.799053e+01 1.792658e+01
      vertex   5.445116e+01 1.789251e+01 1.787086e+01
    endloop
  endfacet
  facet normal 5.818212e-01 7.039268e-01 -4.073956e-01
    outer loop
      vertex   5.414216e+01 1.799053e+01 1.759892e+01
      vertex   5.445116e+01 1.789251e+01 1.787086e+01
      vertex   5.422173e+01 1.789251e+01 1.754320e+01
    endloop
  endfacet
  facet normal 5.602504e-01 7.295388e-01 -3.922915e-01
    outer loop
      vertex   5.422173e+01 1.789251e+01 1.754320e+01
      vertex   5.445116e+01 1.789251e+01 1.787086e+01
      vertex   5.453375e+01 1.779799e+01 1.781303e+01
    endloop
  endfacet
  facet normal 5.602504e-01 7.295388e-01 -3.922915e-01
    outer loop
      vertex   5.422173e+01 1.789251e+01 1.754320e+01
      vertex   5.453375e+01 1.779799e+01 1.781303e+01
      vertex   5.430432e+01 1.779799e+01 1.748537e+01
    endloop
  endfacet
  facet normal 5.044941e-01 7.878450e-01 -3.532506e-01
    outer loop
      vertex   5.453375e+01 1.779799e+01 1.781303e+01
      vertex   5.459700e+01 1.773764e+01 1.776875e+01
      vertex   5.430432e+01 1.779799e+01 1.748537e+01
    endloop
  endfacet
  facet normal 5.044941e-01 7.878450e-01 -3.532506e-01
    outer loop
      vertex   5.430432e+01 1.779799e+01 1.748537e+01
      vertex   5.459700e+01 1.773764e+01 1.776875e+01
      vertex   5.436757e+01 1.773764e+01 1.744109e+01
    endloop
  endfacet
  facet normal 4.636240e-01 8.244187e-01 -3.246330e-01
    outer loop
      vertex   5.436757e+01 1.773764e+01 1.744109e+01
      vertex   5.459700e+01 1.773764e+01 1.776875e+01
      vertex   5.466281e+01 1.768248e+01 1.772267e+01
    endloop
  endfacet
  facet normal 4.636240e-01 8.244187e-01 -3.246330e-01
    outer loop
      vertex   5.436757e+01 1.773764e+01 1.744109e+01
      vertex   5.466281e+01 1.768248e+01 1.772267e+01
      vertex   5.443338e+01 1.768248e+01 1.739500e+01
    endloop
  endfacet
  facet normal 3.879483e-01 8.807414e-01 -2.716443e-01
    outer loop
      vertex   5.443338e+01 1.768248e+01 1.739500e+01
      vertex   5.466281e+01 1.768248e+01 1.772267e+01
      vertex   5.473308e+01 1.763635e+01 1.767346e+01
    endloop
  endfacet
  facet normal 3.879483e-01 8.807414e-01 -2.716443e-01
    outer loop
      vertex   5.443338e+01 1.768248e+01 1.739500e+01
      vertex   5.473308e+01 1.763635e+01 1.767346e+01
      vertex   5.450365e+01 1.763635e+01 1.734580e+01
    endloop
  endfacet
  facet normal 3.382306e-01 9.107749e-01 -2.368316e-01
    outer loop
      vertex   5.450365e+01 1.763635e+01 1.734580e+01
      vertex   5.473308e+01 1.763635e+01 1.767346e+01
      vertex   5.480615e+01 1.759591e+01 1.762230e+01
    endloop
  endfacet
  facet normal 3.382306e-01 9.107749e-01 -2.368316e-01
    outer loop
      vertex   5.450365e+01 1.763635e+01 1.734580e+01
      vertex   5.480615e+01 1.759591e+01 1.762230e+01
      vertex   5.457672e+01 1.759591e+01 1.729464e+01
    endloop
  endfacet
  facet normal 2.451351e-01 9.541733e-01 -1.716455e-01
    outer loop
      vertex   5.480615e+01 1.759591e+01 1.762230e+01
      vertex   5.484879e+01 1.757959e+01 1.759244e+01
      vertex   5.457672e+01 1.759591e+01 1.729464e+01
    endloop
  endfacet
  facet normal 2.451351e-01 9.541733e-01 -1.716455e-01
    outer loop
      vertex   5.457672e+01 1.759591e+01 1.729464e+01
      vertex   5.484879e+01 1.757959e+01 1.759244e+01
      vertex   5.461936e+01 1.757959e+01 1.726478e+01
    endloop
  endfacet
  facet normal 1.860090e-01 9.738773e-01 -1.302449e-01
    outer loop
      vertex   5.461936e+01 1.757959e+01 1.726478e+01
      vertex   5.484879e+01 1.757959e+01 1.759244e+01
      vertex   5.489198e+01 1.756729e+01 1.756220e+01
    endloop
  endfacet
  facet normal 1.860090e-01 9.738773e-01 -1.302449e-01
    outer loop
      vertex   5.461936e+01 1.757959e+01 1.726478e+01
      vertex   5.489198e+01 1.756729e+01 1.756220e+01
      vertex   5.466255e+01 1.756729e+01 1.723454e+01
    endloop
  endfacet
  facet normal 8.470306e-02 9.946395e-01 -5.930972e-02
    outer loop
      vertex   5.466255e+01 1.756729e+01 1.723454e+01
      vertex   5.489198e+01 1.756729e+01 1.756220e+01
      vertex   5.493610e+01 1.756169e+01 1.753131e+01
    endloop
  endfacet
  facet normal 8.470306e-02 9.946395e-01 -5.930972e-02
    outer loop
      vertex   5.466255e+01 1.756729e+01 1.723454e+01
      vertex   5.493610e+01 1.756169e+01 1.753131e+01
      vertex   5.470667e+01 1.756169e+01 1.720365e+01
    endloop
  endfacet
  facet normal 2.393153e-02 9.995732e-01 -1.675704e-02
    outer loop
      vertex   5.470667e+01 1.756169e+01 1.720365e+01
      vertex   5.493610e+01 1.756169e+01 1.753131e+01
      vertex   5.498076e+01 1.756010e+01 1.750003e+01
    endloop
  endfacet
  facet normal 2.393153e-02 9.995732e-01 -1.675704e-02
    outer loop
      vertex   5.470667e+01 1.756169e+01 1.720365e+01
      vertex   5.498076e+01 1.756010e+01 1.750003e+01
      vertex   5.475133e+01 1.756010e+01 1.717237e+01
    endloop
  endfacet
  facet normal -8.191520e-01 0.000000e+00 5.735764e-01
    outer loop
      vertex   5.498076e+01 1.756010e+01 1.750003e+01
      vertex   5.498076e+01 1.921256e+01 1.750003e+01
      vertex   5.475133e+01 1.756010e+01 1.717237e+01
    endloop
  endfacet
  facet normal -8.191520e-01 0.000000e+00 5.735764e-01
    outer loop
      vertex   5.475133e+01 1.756010e+01 1.717237e+01
      vertex   5.498076e+01 1.921256e+01 1.750003e+01
      vertex   5.475133e+01 1.921256e+01 1.717237e+01
    endloop
  endfacet
  facet normal -0.000000e+00 -1.000000e+00 0.000000e+00
    outer loop
      vertex   5.498076e+01 1.921256e+01 1.750003e+01
      vertex   5.473910e+01 1.921256e+01 1.766925e+01
      vertex   5.475133e+01 1.921256e+01 1.717237e+01
    endloop
  endfacet
  facet normal 0.000000e+00 -1.000000e+00 0.000000e+00
    outer loop
      vertex   5.475133e+01 1.921256e+01 1.717237e+01
      vertex   5.473910e+01 1.921256e+01 1.766925e+01
      vertex   5.450967e+01 1.921256e+01 1.734159e+01
    endloop
  endfacet
  facet normal 8.191520e-01 0.000000e+00 -5.735764e-01
    outer loop
      vertex   5.473910e+01 1.921256e+01 1.766925e+01
      vertex   5.473910e+01 1.798643e+01 1.766925e+01
      vertex   5.450967e+01 1.921256e+01 1.734159e+01
    endloop
  endfacet
  facet normal 8.191520e-01 0.000000e+00 -5.735764e-01
    outer loop
      vertex   5.450967e+01 1.921256e+01 1.734159e+01
      vertex   5.473910e+01 1.798643e+01 1.766925e+01
      vertex   5.450967e+01 1.798643e+01 1.734159e+01
    endloop
  endfacet
  facet normal 5.735764e-01 0.000000e+00 8.191520e-01
    outer loop
      vertex   5.450967e+01 1.921256e+01 1.734159e+01
      vertex   5.450967e+01 1.798643e+01 1.734159e+01
      vertex   5.475133e+01 1.921256e+01 1.717237e+01
    endloop
  endfacet
  facet normal 5.735764e-01 0.000000e+00 8.191520e-01
    outer loop
      vertex   5.475133e+01 1.921256e+01 1.717237e+01
      vertex   5.450967e+01 1.798643e+01 1.734159e+01
      vertex   5.475133e+01 1.756010e+01 1.717237e+01
    endloop
  endfacet
  facet normal 5.735764e-01 -2.817896e-15 8.191520e-01
    outer loop
      vertex   5.475133e+01 1.756010e+01 1.717237e+01
      vertex   5.450967e+01 1.798643e+01 1.734159e+01
      vertex   5.470667e+01 1.756169e+01 1.720365e+01
    endloop
  endfacet
  facet normal 5.735764e-01 -9.109543e-14 8.191520e-01
    outer loop
      vertex   5.470667e+01 1.756169e+01 1.720365e+01
      vertex   5.450967e+01 1.798643e+01 1.734159e+01
      vertex   5.466255e+01 1.756729e+01 1.723454e+01
    endloop
  endfacet
  facet normal 5.735764e-01 -7.379096e-14 8.191520e-01
    outer loop
      vertex   5.466255e+01 1.756729e+01 1.723454e+01
      vertex   5.450967e+01 1.798643e+01 1.734159e+01
      vertex   5.461936e+01 1.757959e+01 1.726478e+01
    endloop
  endfacet
  facet normal 5.735764e-01 5.531078e-14 8.191520e-01
    outer loop
      vertex   5.461936e+01 1.757959e+01 1.726478e+01
      vertex   5.450967e+01 1.798643e+01 1.734159e+01
      vertex   5.457672e+01 1.759591e+01 1.729464e+01
    endloop
  endfacet
  facet normal 5.735764e-01 -1.028970e-14 8.191520e-01
    outer loop
      vertex   5.457672e+01 1.759591e+01 1.729464e+01
      vertex   5.450967e+01 1.798643e+01 1.734159e+01
      vertex   5.450365e+01 1.763635e+01 1.734580e+01
    endloop
  endfacet
  facet normal 5.735764e-01 -9.296540e-15 8.191520e-01
    outer loop
      vertex   5.450365e+01 1.763635e+01 1.734580e+01
      vertex   5.450967e+01 1.798643e+01 1.734159e+01
      vertex   5.443338e+01 1.768248e+01 1.739500e+01
    endloop
  endfacet
  facet normal 5.735764e-01 -3.051960e-14 8.191520e-01
    outer loop
      vertex   5.443338e+01 1.768248e+01 1.739500e+01
      vertex   5.450967e+01 1.798643e+01 1.734159e+01
      vertex   5.436757e+01 1.773764e+01 1.744109e+01
    endloop
  endfacet
  facet normal 5.735764e-01 -4.182014e-14 8.191520e-01
    outer loop
      vertex   5.436757e+01 1.773764e+01 1.744109e+01
      vertex   5.450967e+01 1.798643e+01 1.734159e+01
      vertex   5.430432e+01 1.779799e+01 1.748537e+01
    endloop
  endfacet
  facet normal 5.735764e-01 4.063230e-16 8.191520e-01
    outer loop
      vertex   5.430432e+01 1.779799e+01 1.748537e+01
      vertex   5.450967e+01 1.798643e+01 1.734159e+01
      vertex   5.422173e+01 1.789251e+01 1.754320e+01
    endloop
  endfacet
  facet normal 5.735764e-01 1.114109e-13 8.191520e-01
    outer loop
      vertex   5.422173e+01 1.789251e+01 1.754320e+01
      vertex   5.450967e+01 1.798643e+01 1.734159e+01
      vertex   5.447369e+01 1.801580e+01 1.736678e+01
    endloop
  endfacet
  facet normal 5.735764e-01 7.824685e-14 8.191520e-01
    outer loop
      vertex   5.422173e+01 1.789251e+01 1.754320e+01
      vertex   5.447369e+01 1.801580e+01 1.736678e+01
      vertex   5.443880e+01 1.804688e+01 1.739121e+01
    endloop
  endfacet
  facet normal 5.735764e-01 -7.530255e-14 8.191520e-01
    outer loop
      vertex   5.443880e+01 1.804688e+01 1.739121e+01
      vertex   5.440563e+01 1.808067e+01 1.741443e+01
      vertex   5.422173e+01 1.789251e+01 1.754320e+01
    endloop
  endfacet
  facet normal 5.735764e-01 -1.451199e-14 8.191520e-01
    outer loop
      vertex   5.422173e+01 1.789251e+01 1.754320e+01
      vertex   5.440563e+01 1.808067e+01 1.741443e+01
      vertex   5.414216e+01 1.799053e+01 1.759892e+01
    endloop
  endfacet
  facet normal 5.735764e-01 2.558814e-14 8.191520e-01
    outer loop
      vertex   5.414216e+01 1.799053e+01 1.759892e+01
      vertex   5.440563e+01 1.808067e+01 1.741443e+01
      vertex   5.437347e+01 1.811604e+01 1.743696e+01
    endloop
  endfacet
  facet normal 5.735764e-01 6.244770e-14 8.191520e-01
    outer loop
      vertex   5.414216e+01 1.799053e+01 1.759892e+01
      vertex   5.437347e+01 1.811604e+01 1.743696e+01
      vertex   5.406698e+01 1.809367e+01 1.765156e+01
    endloop
  endfacet
  facet normal 5.735764e-01 5.911313e-15 8.191520e-01
    outer loop
      vertex   5.406698e+01 1.809367e+01 1.765156e+01
      vertex   5.437347e+01 1.811604e+01 1.743696e+01
      vertex   5.430669e+01 1.820214e+01 1.748371e+01
    endloop
  endfacet
  facet normal 5.735764e-01 3.314240e-14 8.191520e-01
    outer loop
      vertex   5.406698e+01 1.809367e+01 1.765156e+01
      vertex   5.430669e+01 1.820214e+01 1.748371e+01
      vertex   5.424148e+01 1.828997e+01 1.752938e+01
    endloop
  endfacet
  facet normal 5.735764e-01 -1.387611e-14 8.191520e-01
    outer loop
      vertex   5.406698e+01 1.809367e+01 1.765156e+01
      vertex   5.424148e+01 1.828997e+01 1.752938e+01
      vertex   5.399421e+01 1.819960e+01 1.770252e+01
    endloop
  endfacet
  facet normal 5.735764e-01 8.135721e-16 8.191520e-01
    outer loop
      vertex   5.399421e+01 1.819960e+01 1.770252e+01
      vertex   5.424148e+01 1.828997e+01 1.752938e+01
      vertex   5.417813e+01 1.837983e+01 1.757373e+01
    endloop
  endfacet
  facet normal 5.735764e-01 -1.666224e-14 8.191520e-01
    outer loop
      vertex   5.399421e+01 1.819960e+01 1.770252e+01
      vertex   5.417813e+01 1.837983e+01 1.757373e+01
      vertex   5.389395e+01 1.834710e+01 1.777272e+01
    endloop
  endfacet
  facet normal 5.735764e-01 -2.507850e-14 8.191520e-01
    outer loop
      vertex   5.389395e+01 1.834710e+01 1.777272e+01
      vertex   5.417813e+01 1.837983e+01 1.757373e+01
      vertex   5.411574e+01 1.847074e+01 1.761742e+01
    endloop
  endfacet
  facet normal 5.735764e-01 3.202658e-14 8.191520e-01
    outer loop
      vertex   5.389395e+01 1.834710e+01 1.777272e+01
      vertex   5.411574e+01 1.847074e+01 1.761742e+01
      vertex   5.378972e+01 1.848985e+01 1.784570e+01
    endloop
  endfacet
  facet normal 5.735764e-01 2.748547e-14 8.191520e-01
    outer loop
      vertex   5.378972e+01 1.848985e+01 1.784570e+01
      vertex   5.411574e+01 1.847074e+01 1.761742e+01
      vertex   5.402974e+01 1.859376e+01 1.767763e+01
    endloop
  endfacet
  facet normal 5.735764e-01 -2.259025e-14 8.191520e-01
    outer loop
      vertex   5.378972e+01 1.848985e+01 1.784570e+01
      vertex   5.402974e+01 1.859376e+01 1.767763e+01
      vertex   5.394174e+01 1.871448e+01 1.773926e+01
    endloop
  endfacet
  facet normal 5.735764e-01 3.033831e-14 8.191520e-01
    outer loop
      vertex   5.378972e+01 1.848985e+01 1.784570e+01
      vertex   5.394174e+01 1.871448e+01 1.773926e+01
      vertex   5.367795e+01 1.862355e+01 1.792396e+01
    endloop
  endfacet
  facet normal 5.735764e-01 -2.183889e-14 8.191520e-01
    outer loop
      vertex   5.367795e+01 1.862355e+01 1.792396e+01
      vertex   5.394174e+01 1.871448e+01 1.773926e+01
      vertex   5.384994e+01 1.883083e+01 1.780353e+01
    endloop
  endfacet
  facet normal 5.735764e-01 -6.518609e-14 8.191520e-01
    outer loop
      vertex   5.367795e+01 1.862355e+01 1.792396e+01
      vertex   5.384994e+01 1.883083e+01 1.780353e+01
      vertex   5.356046e+01 1.875041e+01 1.800623e+01
    endloop
  endfacet
  facet normal 5.735764e-01 2.394255e-14 8.191520e-01
    outer loop
      vertex   5.356046e+01 1.875041e+01 1.800623e+01
      vertex   5.384994e+01 1.883083e+01 1.780353e+01
      vertex   5.375533e+01 1.894397e+01 1.786978e+01
    endloop
  endfacet
  facet normal 5.735764e-01 3.873620e-14 8.191520e-01
    outer loop
      vertex   5.356046e+01 1.875041e+01 1.800623e+01
      vertex   5.375533e+01 1.894397e+01 1.786978e+01
      vertex   5.349092e+01 1.880616e+01 1.805492e+01
    endloop
  endfacet
  facet normal 5.735764e-01 -4.827561e-14 8.191520e-01
    outer loop
      vertex   5.349092e+01 1.880616e+01 1.805492e+01
      vertex   5.375533e+01 1.894397e+01 1.786978e+01
      vertex   5.369731e+01 1.900323e+01 1.791041e+01
    endloop
  endfacet
  facet normal 5.735764e-01 9.110127e-15 8.191520e-01
    outer loop
      vertex   5.349092e+01 1.880616e+01 1.805492e+01
      vertex   5.369731e+01 1.900323e+01 1.791041e+01
      vertex   5.341827e+01 1.885165e+01 1.810579e+01
    endloop
  endfacet
  facet normal 5.735764e-01 1.067934e-13 8.191520e-01
    outer loop
      vertex   5.341827e+01 1.885165e+01 1.810579e+01
      vertex   5.369731e+01 1.900323e+01 1.791041e+01
      vertex   5.363696e+01 1.905819e+01 1.795266e+01
    endloop
  endfacet
  facet normal 5.735764e-01 -1.285227e-14 8.191520e-01
    outer loop
      vertex   5.341827e+01 1.885165e+01 1.810579e+01
      vertex   5.363696e+01 1.905819e+01 1.795266e+01
      vertex   5.357248e+01 1.910548e+01 1.799782e+01
    endloop
  endfacet
  facet normal 5.735764e-01 -6.642653e-14 8.191520e-01
    outer loop
      vertex   5.341827e+01 1.885165e+01 1.810579e+01
      vertex   5.357248e+01 1.910548e+01 1.799782e+01
      vertex   5.334001e+01 1.887876e+01 1.816059e+01
    endloop
  endfacet
  facet normal 5.735764e-01 -3.572250e-14 8.191520e-01
    outer loop
      vertex   5.334001e+01 1.887876e+01 1.816059e+01
      vertex   5.357248e+01 1.910548e+01 1.799782e+01
      vertex   5.350528e+01 1.914775e+01 1.804486e+01
    endloop
  endfacet
  facet normal 5.735764e-01 4.486665e-14 8.191520e-01
    outer loop
      vertex   5.334001e+01 1.887876e+01 1.816059e+01
      vertex   5.350528e+01 1.914775e+01 1.804486e+01
      vertex   5.344661e+01 1.917336e+01 1.808595e+01
    endloop
  endfacet
  facet normal 5.735764e-01 6.180553e-14 8.191520e-01
    outer loop
      vertex   5.334001e+01 1.887876e+01 1.816059e+01
      vertex   5.344661e+01 1.917336e+01 1.808595e+01
      vertex   5.325803e+01 1.889366e+01 1.821799e+01
    endloop
  endfacet
  facet normal 5.735764e-01 5.153873e-14 8.191520e-01
    outer loop
      vertex   5.325803e+01 1.889366e+01 1.821799e+01
      vertex   5.344661e+01 1.917336e+01 1.808595e+01
      vertex   5.338699e+01 1.919342e+01 1.812770e+01
    endloop
  endfacet
  facet normal 5.735764e-01 -2.647270e-14 8.191520e-01
    outer loop
      vertex   5.325803e+01 1.889366e+01 1.821799e+01
      vertex   5.338699e+01 1.919342e+01 1.812770e+01
      vertex   5.332578e+01 1.920413e+01 1.817055e+01
    endloop
  endfacet
  facet normal 5.735764e-01 -2.080083e-14 8.191520e-01
    outer loop
      vertex   5.332578e+01 1.920413e+01 1.817055e+01
      vertex   5.326362e+01 1.920915e+01 1.821408e+01
      vertex   5.325803e+01 1.889366e+01 1.821799e+01
    endloop
  endfacet
  facet normal 5.735764e-01 -1.833837e-14 8.191520e-01
    outer loop
      vertex   5.325803e+01 1.889366e+01 1.821799e+01
      vertex   5.326362e+01 1.920915e+01 1.821408e+01
      vertex   5.314966e+01 1.919309e+01 1.829388e+01
    endloop
  endfacet
  facet normal 5.735764e-01 4.209522e-14 8.191520e-01
    outer loop
      vertex   5.325803e+01 1.889366e+01 1.821799e+01
      vertex   5.314966e+01 1.919309e+01 1.829388e+01
      vertex   5.318717e+01 1.888356e+01 1.826761e+01
    endloop
  endfacet
  facet normal 5.735764e-01 3.206961e-14 8.191520e-01
    outer loop
      vertex   5.318717e+01 1.888356e+01 1.826761e+01
      vertex   5.314966e+01 1.919309e+01 1.829388e+01
      vertex   5.304259e+01 1.915727e+01 1.836884e+01
    endloop
  endfacet
  facet normal 5.735764e-01 2.683576e-14 8.191520e-01
    outer loop
      vertex   5.318717e+01 1.888356e+01 1.826761e+01
      vertex   5.304259e+01 1.915727e+01 1.836884e+01
      vertex   5.294707e+01 1.908832e+01 1.843573e+01
    endloop
  endfacet
  facet normal 5.735764e-01 -6.370270e-14 8.191520e-01
    outer loop
      vertex   5.318717e+01 1.888356e+01 1.826761e+01
      vertex   5.294707e+01 1.908832e+01 1.843573e+01
      vertex   5.312056e+01 1.886121e+01 1.831425e+01
    endloop
  endfacet
  facet normal 5.735764e-01 -4.381927e-14 8.191520e-01
    outer loop
      vertex   5.312056e+01 1.886121e+01 1.831425e+01
      vertex   5.294707e+01 1.908832e+01 1.843573e+01
      vertex   5.285851e+01 1.899939e+01 1.849774e+01
    endloop
  endfacet
  facet normal 5.735764e-01 -3.317593e-14 8.191520e-01
    outer loop
      vertex   5.312056e+01 1.886121e+01 1.831425e+01
      vertex   5.285851e+01 1.899939e+01 1.849774e+01
      vertex   5.306108e+01 1.881836e+01 1.835590e+01
    endloop
  endfacet
  facet normal 5.735764e-01 -2.655832e-14 8.191520e-01
    outer loop
      vertex   5.306108e+01 1.881836e+01 1.835590e+01
      vertex   5.285851e+01 1.899939e+01 1.849774e+01
      vertex   5.278555e+01 1.887125e+01 1.854883e+01
    endloop
  endfacet
  facet normal 5.735764e-01 4.588188e-14 8.191520e-01
    outer loop
      vertex   5.306108e+01 1.881836e+01 1.835590e+01
      vertex   5.278555e+01 1.887125e+01 1.854883e+01
      vertex   5.300589e+01 1.876320e+01 1.839455e+01
    endloop
  endfacet
  facet normal 5.735764e-01 7.118757e-14 8.191520e-01
    outer loop
      vertex   5.300589e+01 1.876320e+01 1.839455e+01
      vertex   5.278555e+01 1.887125e+01 1.854883e+01
      vertex   5.273091e+01 1.873498e+01 1.858708e+01
    endloop
  endfacet
  facet normal 5.735764e-01 1.524853e-14 8.191520e-01
    outer loop
      vertex   5.300589e+01 1.876320e+01 1.839455e+01
      vertex   5.273091e+01 1.873498e+01 1.858708e+01
      vertex   5.296087e+01 1.868708e+01 1.842607e+01
    endloop
  endfacet
  facet normal 5.735764e-01 2.881072e-14 8.191520e-01
    outer loop
      vertex   5.296087e+01 1.868708e+01 1.842607e+01
      vertex   5.273091e+01 1.873498e+01 1.858708e+01
      vertex   5.292674e+01 1.860593e+01 1.844996e+01
    endloop
  endfacet
  facet normal 5.735764e-01 -9.259518e-15 8.191520e-01
    outer loop
      vertex   5.292674e+01 1.860593e+01 1.844996e+01
      vertex   5.273091e+01 1.873498e+01 1.858708e+01
      vertex   5.270487e+01 1.858600e+01 1.860532e+01
    endloop
  endfacet
  facet normal 5.735764e-01 -7.802119e-14 8.191520e-01
    outer loop
      vertex   5.292674e+01 1.860593e+01 1.844996e+01
      vertex   5.270487e+01 1.858600e+01 1.860532e+01
      vertex   5.290997e+01 1.851677e+01 1.846171e+01
    endloop
  endfacet
  facet normal 5.735764e-01 -3.257937e-14 8.191520e-01
    outer loop
      vertex   5.290997e+01 1.851677e+01 1.846171e+01
      vertex   5.270487e+01 1.858600e+01 1.860532e+01
      vertex   5.269507e+01 1.842981e+01 1.861218e+01
    endloop
  endfacet
  facet normal 5.735764e-01 3.254723e-14 8.191520e-01
    outer loop
      vertex   5.290997e+01 1.851677e+01 1.846171e+01
      vertex   5.269507e+01 1.842981e+01 1.861218e+01
      vertex   5.290321e+01 1.842299e+01 1.846644e+01
    endloop
  endfacet
  facet normal 5.735764e-01 -8.048124e-15 8.191520e-01
    outer loop
      vertex   5.290321e+01 1.842299e+01 1.846644e+01
      vertex   5.269507e+01 1.842981e+01 1.861218e+01
      vertex   5.291022e+01 1.832479e+01 1.846153e+01
    endloop
  endfacet
  facet normal 5.735764e-01 2.806616e-14 8.191520e-01
    outer loop
      vertex   5.291022e+01 1.832479e+01 1.846153e+01
      vertex   5.269507e+01 1.842981e+01 1.861218e+01
      vertex   5.270393e+01 1.827582e+01 1.860598e+01
    endloop
  endfacet
  facet normal 5.735764e-01 -6.303108e-14 8.191520e-01
    outer loop
      vertex   5.291022e+01 1.832479e+01 1.846153e+01
      vertex   5.270393e+01 1.827582e+01 1.860598e+01
      vertex   5.292791e+01 1.823161e+01 1.844914e+01
    endloop
  endfacet
  facet normal 5.735764e-01 4.082028e-15 8.191520e-01
    outer loop
      vertex   5.292791e+01 1.823161e+01 1.844914e+01
      vertex   5.270393e+01 1.827582e+01 1.860598e+01
      vertex   5.272793e+01 1.812810e+01 1.858917e+01
    endloop
  endfacet
  facet normal 5.735764e-01 1.184639e-13 8.191520e-01
    outer loop
      vertex   5.292791e+01 1.823161e+01 1.844914e+01
      vertex   5.272793e+01 1.812810e+01 1.858917e+01
      vertex   5.296419e+01 1.814719e+01 1.842374e+01
    endloop
  endfacet
  facet normal 5.735764e-01 -4.213501e-14 8.191520e-01
    outer loop
      vertex   5.296419e+01 1.814719e+01 1.842374e+01
      vertex   5.272793e+01 1.812810e+01 1.858917e+01
      vertex   5.277866e+01 1.799145e+01 1.855365e+01
    endloop
  endfacet
  facet normal 5.735764e-01 -3.251748e-14 8.191520e-01
    outer loop
      vertex   5.296419e+01 1.814719e+01 1.842374e+01
      vertex   5.277866e+01 1.799145e+01 1.855365e+01
      vertex   5.301217e+01 1.806829e+01 1.839014e+01
    endloop
  endfacet
  facet normal 5.735764e-01 1.202054e-14 8.191520e-01
    outer loop
      vertex   5.301217e+01 1.806829e+01 1.839014e+01
      vertex   5.277866e+01 1.799145e+01 1.855365e+01
      vertex   5.284664e+01 1.786194e+01 1.850605e+01
    endloop
  endfacet
  facet normal 5.735764e-01 -2.564382e-14 8.191520e-01
    outer loop
      vertex   5.301217e+01 1.806829e+01 1.839014e+01
      vertex   5.284664e+01 1.786194e+01 1.850605e+01
      vertex   5.307951e+01 1.800862e+01 1.834299e+01
    endloop
  endfacet
  facet normal 5.735764e-01 1.494874e-14 8.191520e-01
    outer loop
      vertex   5.307951e+01 1.800862e+01 1.834299e+01
      vertex   5.284664e+01 1.786194e+01 1.850605e+01
      vertex   5.294263e+01 1.776403e+01 1.843884e+01
    endloop
  endfacet
  facet normal 5.735764e-01 9.369166e-15 8.191520e-01
    outer loop
      vertex   5.307951e+01 1.800862e+01 1.834299e+01
      vertex   5.294263e+01 1.776403e+01 1.843884e+01
      vertex   5.315148e+01 1.796382e+01 1.829260e+01
    endloop
  endfacet
  facet normal 5.735764e-01 -2.214550e-14 8.191520e-01
    outer loop
      vertex   5.315148e+01 1.796382e+01 1.829260e+01
      vertex   5.294263e+01 1.776403e+01 1.843884e+01
      vertex   5.304676e+01 1.768728e+01 1.836593e+01
    endloop
  endfacet
  facet normal 5.735764e-01 -1.208455e-14 8.191520e-01
    outer loop
      vertex   5.315148e+01 1.796382e+01 1.829260e+01
      vertex   5.304676e+01 1.768728e+01 1.836593e+01
      vertex   5.323065e+01 1.794213e+01 1.823716e+01
    endloop
  endfacet
  facet normal 5.735764e-01 -6.274081e-15 8.191520e-01
    outer loop
      vertex   5.323065e+01 1.794213e+01 1.823716e+01
      vertex   5.304676e+01 1.768728e+01 1.836593e+01
      vertex   5.316349e+01 1.764337e+01 1.828419e+01
    endloop
  endfacet
  facet normal 5.735764e-01 -1.605361e-14 8.191520e-01
    outer loop
      vertex   5.323065e+01 1.794213e+01 1.823716e+01
      vertex   5.316349e+01 1.764337e+01 1.828419e+01
      vertex   5.331391e+01 1.793357e+01 1.817887e+01
    endloop
  endfacet
  facet normal 5.735764e-01 -3.771182e-15 8.191520e-01
    outer loop
      vertex   5.331391e+01 1.793357e+01 1.817887e+01
      vertex   5.316349e+01 1.764337e+01 1.828419e+01
      vertex   5.328737e+01 1.761808e+01 1.819745e+01
    endloop
  endfacet
  facet normal -8.191520e-01 0.000000e+00 5.735764e-01
    outer loop
      vertex   5.315919e+01 1.165458e+01 1.877551e+01
      vertex   5.315919e+01 1.244584e+01 1.877551e+01
      vertex   5.292975e+01 1.165458e+01 1.844785e+01
    endloop
  endfacet
  facet normal -8.191520e-01 0.000000e+00 5.735764e-01
    outer loop
      vertex   5.292975e+01 1.165458e+01 1.844785e+01
      vertex   5.315919e+01 1.244584e+01 1.877551e+01
      vertex   5.292975e+01 1.244584e+01 1.844785e+01
    endloop
  endfacet
  facet normal -8.185021e-01 3.982841e-02 5.731213e-01
    outer loop
      vertex   5.315919e+01 1.244584e+01 1.877551e+01
      vertex   5.316275e+01 1.255494e+01 1.877302e+01
      vertex   5.292975e+01 1.244584e+01 1.844785e+01
    endloop
  endfacet
  facet normal -8.185021e-01 3.982841e-02 5.731213e-01
    outer loop
      vertex   5.292975e+01 1.244584e+01 1.844785e+01
      vertex   5.316275e+01 1.255494e+01 1.877302e+01
      vertex   5.293332e+01 1.255494e+01 1.844536e+01
    endloop
  endfacet
  facet normal -8.093040e-01 1.545960e-01 5.666808e-01
    outer loop
      vertex   5.293332e+01 1.255494e+01 1.844536e+01
      vertex   5.316275e+01 1.255494e+01 1.877302e+01
      vertex   5.317625e+01 1.266032e+01 1.876356e+01
    endloop
  endfacet
  facet normal -8.093040e-01 1.545960e-01 5.666808e-01
    outer loop
      vertex   5.293332e+01 1.255494e+01 1.844536e+01
      vertex   5.317625e+01 1.266032e+01 1.876356e+01
      vertex   5.294682e+01 1.266032e+01 1.843590e+01
    endloop
  endfacet
  facet normal -7.619736e-01 3.670582e-01 5.335396e-01
    outer loop
      vertex   5.294682e+01 1.266032e+01 1.843590e+01
      vertex   5.317625e+01 1.266032e+01 1.876356e+01
      vertex   5.320810e+01 1.275884e+01 1.874126e+01
    endloop
  endfacet
  facet normal -7.619736e-01 3.670582e-01 5.335396e-01
    outer loop
      vertex   5.294682e+01 1.266032e+01 1.843590e+01
      vertex   5.320810e+01 1.275884e+01 1.874126e+01
      vertex   5.297867e+01 1.275884e+01 1.841360e+01
    endloop
  endfacet
  facet normal -7.079894e-01 5.029845e-01 4.957395e-01
    outer loop
      vertex   5.297867e+01 1.275884e+01 1.841360e+01
      vertex   5.320810e+01 1.275884e+01 1.874126e+01
      vertex   5.325278e+01 1.285256e+01 1.870998e+01
    endloop
  endfacet
  facet normal -7.079894e-01 5.029845e-01 4.957395e-01
    outer loop
      vertex   5.297867e+01 1.275884e+01 1.841360e+01
      vertex   5.325278e+01 1.285256e+01 1.870998e+01
      vertex   5.302335e+01 1.285256e+01 1.838232e+01
    endloop
  endfacet
  facet normal -5.378585e-01 7.542355e-01 3.766126e-01
    outer loop
      vertex   5.325278e+01 1.285256e+01 1.870998e+01
      vertex   5.330429e+01 1.290731e+01 1.867391e+01
      vertex   5.302335e+01 1.285256e+01 1.838232e+01
    endloop
  endfacet
  facet normal -5.378585e-01 7.542355e-01 3.766126e-01
    outer loop
      vertex   5.302335e+01 1.285256e+01 1.838232e+01
      vertex   5.330429e+01 1.290731e+01 1.867391e+01
      vertex   5.307486e+01 1.290731e+01 1.834625e+01
    endloop
  endfacet
  facet normal -4.313989e-01 8.500879e-01 3.020687e-01
    outer loop
      vertex   5.307486e+01 1.290731e+01 1.834625e+01
      vertex   5.330429e+01 1.290731e+01 1.867391e+01
      vertex   5.336031e+01 1.294968e+01 1.863468e+01
    endloop
  endfacet
  facet normal -4.313989e-01 8.500879e-01 3.020687e-01
    outer loop
      vertex   5.307486e+01 1.290731e+01 1.834625e+01
      vertex   5.336031e+01 1.294968e+01 1.863468e+01
      vertex   5.313088e+01 1.294968e+01 1.830702e+01
    endloop
  endfacet
  facet normal -2.228934e-01 9.622682e-01 1.560716e-01
    outer loop
      vertex   5.313088e+01 1.294968e+01 1.830702e+01
      vertex   5.336031e+01 1.294968e+01 1.863468e+01
      vertex   5.342377e+01 1.297158e+01 1.859025e+01
    endloop
  endfacet
  facet normal -2.228934e-01 9.622682e-01 1.560716e-01
    outer loop
      vertex   5.313088e+01 1.294968e+01 1.830702e+01
      vertex   5.342377e+01 1.297158e+01 1.859025e+01
      vertex   5.319434e+01 1.297158e+01 1.826259e+01
    endloop
  endfacet
  facet normal -9.554022e-02 9.931751e-01 6.689798e-02
    outer loop
      vertex   5.319434e+01 1.297158e+01 1.826259e+01
      vertex   5.342377e+01 1.297158e+01 1.859025e+01
      vertex   5.349165e+01 1.298132e+01 1.854272e+01
    endloop
  endfacet
  facet normal -9.554022e-02 9.931751e-01 6.689798e-02
    outer loop
      vertex   5.319434e+01 1.297158e+01 1.826259e+01
      vertex   5.349165e+01 1.298132e+01 1.854272e+01
      vertex   5.326222e+01 1.298132e+01 1.821506e+01
    endloop
  endfacet
  facet normal 7.233126e-02 9.960939e-01 -5.064689e-02
    outer loop
      vertex   5.349165e+01 1.298132e+01 1.854272e+01
      vertex   5.354033e+01 1.297605e+01 1.850864e+01
      vertex   5.326222e+01 1.298132e+01 1.821506e+01
    endloop
  endfacet
  facet normal 7.233126e-02 9.960939e-01 -5.064689e-02
    outer loop
      vertex   5.326222e+01 1.298132e+01 1.821506e+01
      vertex   5.354033e+01 1.297605e+01 1.850864e+01
      vertex   5.331090e+01 1.297605e+01 1.818097e+01
    endloop
  endfacet
  facet normal 1.601526e-01 9.807017e-01 -1.121400e-01
    outer loop
      vertex   5.331090e+01 1.297605e+01 1.818097e+01
      vertex   5.354033e+01 1.297605e+01 1.850864e+01
      vertex   5.358750e+01 1.296457e+01 1.847561e+01
    endloop
  endfacet
  facet normal 1.601526e-01 9.807017e-01 -1.121400e-01
    outer loop
      vertex   5.331090e+01 1.297605e+01 1.818097e+01
      vertex   5.358750e+01 1.296457e+01 1.847561e+01
      vertex   5.335807e+01 1.296457e+01 1.814794e+01
    endloop
  endfacet
  facet normal 3.040236e-01 9.285752e-01 -2.128796e-01
    outer loop
      vertex   5.335807e+01 1.296457e+01 1.814794e+01
      vertex   5.358750e+01 1.296457e+01 1.847561e+01
      vertex   5.363217e+01 1.294277e+01 1.844433e+01
    endloop
  endfacet
  facet normal 3.040236e-01 9.285752e-01 -2.128796e-01
    outer loop
      vertex   5.335807e+01 1.296457e+01 1.814794e+01
      vertex   5.363217e+01 1.294277e+01 1.844433e+01
      vertex   5.340274e+01 1.294277e+01 1.811667e+01
    endloop
  endfacet
  facet normal 3.839114e-01 8.833737e-01 -2.688177e-01
    outer loop
      vertex   5.340274e+01 1.294277e+01 1.811667e+01
      vertex   5.363217e+01 1.294277e+01 1.844433e+01
      vertex   5.367535e+01 1.291481e+01 1.841410e+01
    endloop
  endfacet
  facet normal 3.839114e-01 8.833737e-01 -2.688177e-01
    outer loop
      vertex   5.340274e+01 1.294277e+01 1.811667e+01
      vertex   5.367535e+01 1.291481e+01 1.841410e+01
      vertex   5.344592e+01 1.291481e+01 1.808643e+01
    endloop
  endfacet
  facet normal 5.185938e-01 7.740814e-01 -3.631233e-01
    outer loop
      vertex   5.367535e+01 1.291481e+01 1.841410e+01
      vertex   5.371527e+01 1.287495e+01 1.838614e+01
      vertex   5.344592e+01 1.291481e+01 1.808643e+01
    endloop
  endfacet
  facet normal 5.185938e-01 7.740814e-01 -3.631233e-01
    outer loop
      vertex   5.344592e+01 1.291481e+01 1.808643e+01
      vertex   5.371527e+01 1.287495e+01 1.838614e+01
      vertex   5.348584e+01 1.287495e+01 1.805848e+01
    endloop
  endfacet
  facet normal 5.939177e-01 6.887072e-01 -4.158656e-01
    outer loop
      vertex   5.348584e+01 1.287495e+01 1.805848e+01
      vertex   5.371527e+01 1.287495e+01 1.838614e+01
      vertex   5.375007e+01 1.283022e+01 1.836177e+01
    endloop
  endfacet
  facet normal 5.939177e-01 6.887072e-01 -4.158656e-01
    outer loop
      vertex   5.348584e+01 1.287495e+01 1.805848e+01
      vertex   5.375007e+01 1.283022e+01 1.836177e+01
      vertex   5.352064e+01 1.283022e+01 1.803411e+01
    endloop
  endfacet
  facet normal 6.976246e-01 5.241234e-01 -4.884820e-01
    outer loop
      vertex   5.352064e+01 1.283022e+01 1.803411e+01
      vertex   5.375007e+01 1.283022e+01 1.836177e+01
      vertex   5.377659e+01 1.277761e+01 1.834320e+01
    endloop
  endfacet
  facet normal 6.976246e-01 5.241234e-01 -4.884820e-01
    outer loop
      vertex   5.352064e+01 1.283022e+01 1.803411e+01
      vertex   5.377659e+01 1.277761e+01 1.834320e+01
      vertex   5.354716e+01 1.277761e+01 1.801554e+01
    endloop
  endfacet
  facet normal 7.434366e-01 4.199039e-01 -5.205599e-01
    outer loop
      vertex   5.354716e+01 1.277761e+01 1.801554e+01
      vertex   5.377659e+01 1.277761e+01 1.834320e+01
      vertex   5.379827e+01 1.272040e+01 1.832802e+01
    endloop
  endfacet
  facet normal 7.434366e-01 4.199039e-01 -5.205599e-01
    outer loop
      vertex   5.354716e+01 1.277761e+01 1.801554e+01
      vertex   5.379827e+01 1.272040e+01 1.832802e+01
      vertex   5.356884e+01 1.272040e+01 1.800036e+01
    endloop
  endfacet
  facet normal 7.934819e-01 2.483806e-01 -5.556020e-01
    outer loop
      vertex   5.379827e+01 1.272040e+01 1.832802e+01
      vertex   5.381658e+01 1.263325e+01 1.831520e+01
      vertex   5.356884e+01 1.272040e+01 1.800036e+01
    endloop
  endfacet
  facet normal 7.934819e-01 2.483806e-01 -5.556020e-01
    outer loop
      vertex   5.356884e+01 1.272040e+01 1.800036e+01
      vertex   5.381658e+01 1.263325e+01 1.831520e+01
      vertex   5.358715e+01 1.263325e+01 1.798754e+01
    endloop
  endfacet
  facet normal 8.060399e-01 1.782073e-01 -5.643952e-01
    outer loop
      vertex   5.358715e+01 1.263325e+01 1.798754e+01
      vertex   5.381658e+01 1.263325e+01 1.831520e+01
      vertex   5.382965e+01 1.254517e+01 1.830605e+01
    endloop
  endfacet
  facet normal 8.060399e-01 1.782073e-01 -5.643952e-01
    outer loop
      vertex   5.358715e+01 1.263325e+01 1.798754e+01
      vertex   5.382965e+01 1.254517e+01 1.830605e+01
      vertex   5.360022e+01 1.254517e+01 1.797839e+01
    endloop
  endfacet
  facet normal 8.168012e-01 7.570632e-02 -5.719304e-01
    outer loop
      vertex   5.360022e+01 1.254517e+01 1.797839e+01
      vertex   5.382965e+01 1.254517e+01 1.830605e+01
      vertex   5.383521e+01 1.245579e+01 1.830216e+01
    endloop
  endfacet
  facet normal 8.168012e-01 7.570632e-02 -5.719304e-01
    outer loop
      vertex   5.360022e+01 1.254517e+01 1.797839e+01
      vertex   5.383521e+01 1.245579e+01 1.830216e+01
      vertex   5.360578e+01 1.245579e+01 1.797450e+01
    endloop
  endfacet
  facet normal 8.189865e-01 2.010345e-02 -5.734605e-01
    outer loop
      vertex   5.360578e+01 1.245579e+01 1.797450e+01
      vertex   5.383521e+01 1.245579e+01 1.830216e+01
      vertex   5.383669e+01 1.236569e+01 1.830112e+01
    endloop
  endfacet
  facet normal 8.189865e-01 2.010345e-02 -5.734605e-01
    outer loop
      vertex   5.360578e+01 1.245579e+01 1.797450e+01
      vertex   5.383669e+01 1.236569e+01 1.830112e+01
      vertex   5.360726e+01 1.236569e+01 1.797346e+01
    endloop
  endfacet
  facet normal 8.191520e-01 0.000000e+00 -5.735764e-01
    outer loop
      vertex   5.383669e+01 1.236569e+01 1.830112e+01
      vertex   5.383669e+01 1.165458e+01 1.830112e+01
      vertex   5.360726e+01 1.236569e+01 1.797346e+01
    endloop
  endfacet
  facet normal 8.191520e-01 0.000000e+00 -5.735764e-01
    outer loop
      vertex   5.360726e+01 1.236569e+01 1.797346e+01
      vertex   5.383669e+01 1.165458e+01 1.830112e+01
      vertex   5.360726e+01 1.165458e+01 1.797346e+01
    endloop
  endfacet
  facet normal -0.000000e+00 -1.000000e+00 0.000000e+00
    outer loop
      vertex   5.383669e+01 1.165458e+01 1.830112e+01
      vertex   5.315919e+01 1.165458e+01 1.877551e+01
      vertex   5.360726e+01 1.165458e+01 1.797346e+01
    endloop
  endfacet
  facet normal 0.000000e+00 -1.000000e+00 0.000000e+00
    outer loop
      vertex   5.360726e+01 1.165458e+01 1.797346e+01
      vertex   5.315919e+01 1.165458e+01 1.877551e+01
      vertex   5.292975e+01 1.165458e+01 1.844785e+01
    endloop
  endfacet
  facet normal -0.000000e+00 -1.000000e+00 0.000000e+00
    outer loop
      vertex   5.498076e+01 1.165458e+01 1.750003e+01
      vertex   5.407137e+01 1.165458e+01 1.813679e+01
      vertex   5.475133e+01 1.165458e+01 1.717237e+01
    endloop
  endfacet
  facet normal 0.000000e+00 -1.000000e+00 0.000000e+00
    outer loop
      vertex   5.475133e+01 1.165458e+01 1.717237e+01
      vertex   5.407137e+01 1.165458e+01 1.813679e+01
      vertex   5.384194e+01 1.165458e+01 1.780913e+01
    endloop
  endfacet
  facet normal -8.191520e-01 0.000000e+00 5.735764e-01
    outer loop
      vertex   5.407137e+01 1.165458e+01 1.813679e+01
      vertex   5.407137e+01 1.203827e+01 1.813679e+01
      vertex   5.384194e+01 1.165458e+01 1.780913e+01
    endloop
  endfacet
  facet normal -8.191520e-01 0.000000e+00 5.735764e-01
    outer loop
      vertex   5.384194e+01 1.165458e+01 1.780913e+01
      vertex   5.407137e+01 1.203827e+01 1.813679e+01
      vertex   5.384194e+01 1.203827e+01 1.780913e+01
    endloop
  endfacet
  facet normal -8.191442e-01 4.375173e-03 5.735709e-01
    outer loop
      vertex   5.407137e+01 1.203827e+01 1.813679e+01
      vertex   5.407154e+01 1.208452e+01 1.813668e+01
      vertex   5.384194e+01 1.203827e+01 1.780913e+01
    endloop
  endfacet
  facet normal -8.191442e-01 4.375173e-03 5.735709e-01
    outer loop
      vertex   5.384194e+01 1.203827e+01 1.780913e+01
      vertex   5.407154e+01 1.208452e+01 1.813668e+01
      vertex   5.384211e+01 1.208452e+01 1.780902e+01
    endloop
  endfacet
  facet normal -8.186902e-01 3.357412e-02 5.732531e-01
    outer loop
      vertex   5.384211e+01 1.208452e+01 1.780902e+01
      vertex   5.407154e+01 1.208452e+01 1.813668e+01
      vertex   5.407281e+01 1.213067e+01 1.813579e+01
    endloop
  endfacet
  facet normal -8.186902e-01 3.357412e-02 5.732531e-01
    outer loop
      vertex   5.384211e+01 1.208452e+01 1.780902e+01
      vertex   5.407281e+01 1.213067e+01 1.813579e+01
      vertex   5.384338e+01 1.213067e+01 1.780813e+01
    endloop
  endfacet
  facet normal -8.158879e-01 8.918295e-02 5.712909e-01
    outer loop
      vertex   5.384338e+01 1.213067e+01 1.780813e+01
      vertex   5.407281e+01 1.213067e+01 1.813579e+01
      vertex   5.407618e+01 1.217663e+01 1.813343e+01
    endloop
  endfacet
  facet normal -8.158879e-01 8.918295e-02 5.712909e-01
    outer loop
      vertex   5.384338e+01 1.213067e+01 1.780813e+01
      vertex   5.407618e+01 1.217663e+01 1.813343e+01
      vertex   5.384675e+01 1.217663e+01 1.780577e+01
    endloop
  endfacet
  facet normal -8.120579e-01 1.313225e-01 5.686091e-01
    outer loop
      vertex   5.384675e+01 1.217663e+01 1.780577e+01
      vertex   5.407618e+01 1.217663e+01 1.813343e+01
      vertex   5.408115e+01 1.222245e+01 1.812995e+01
    endloop
  endfacet
  facet normal -8.120579e-01 1.313225e-01 5.686091e-01
    outer loop
      vertex   5.384675e+01 1.217663e+01 1.780577e+01
      vertex   5.408115e+01 1.222245e+01 1.812995e+01
      vertex   5.385172e+01 1.222245e+01 1.780229e+01
    endloop
  endfacet
  facet normal -7.826371e-01 2.952390e-01 5.480084e-01
    outer loop
      vertex   5.408115e+01 1.222245e+01 1.812995e+01
      vertex   5.409119e+01 1.226209e+01 1.812292e+01
      vertex   5.385172e+01 1.222245e+01 1.780229e+01
    endloop
  endfacet
  facet normal -7.826371e-01 2.952390e-01 5.480084e-01
    outer loop
      vertex   5.385172e+01 1.222245e+01 1.780229e+01
      vertex   5.409119e+01 1.226209e+01 1.812292e+01
      vertex   5.386176e+01 1.226209e+01 1.779526e+01
    endloop
  endfacet
  facet normal -7.655429e-01 3.558179e-01 5.360389e-01
    outer loop
      vertex   5.386176e+01 1.226209e+01 1.779526e+01
      vertex   5.409119e+01 1.226209e+01 1.812292e+01
      vertex   5.410322e+01 1.230067e+01 1.811450e+01
    endloop
  endfacet
  facet normal -7.655429e-01 3.558179e-01 5.360389e-01
    outer loop
      vertex   5.386176e+01 1.226209e+01 1.779526e+01
      vertex   5.410322e+01 1.230067e+01 1.811450e+01
      vertex   5.387379e+01 1.230067e+01 1.778684e+01
    endloop
  endfacet
  facet normal -7.310312e-01 4.511972e-01 5.118735e-01
    outer loop
      vertex   5.387379e+01 1.230067e+01 1.778684e+01
      vertex   5.410322e+01 1.230067e+01 1.811450e+01
      vertex   5.411848e+01 1.233753e+01 1.810381e+01
    endloop
  endfacet
  facet normal -7.310312e-01 4.511972e-01 5.118735e-01
    outer loop
      vertex   5.387379e+01 1.230067e+01 1.778684e+01
      vertex   5.411848e+01 1.233753e+01 1.810381e+01
      vertex   5.388905e+01 1.233753e+01 1.777615e+01
    endloop
  endfacet
  facet normal -7.073331e-01 5.043587e-01 4.952799e-01
    outer loop
      vertex   5.388905e+01 1.233753e+01 1.777615e+01
      vertex   5.411848e+01 1.233753e+01 1.810381e+01
      vertex   5.413563e+01 1.237337e+01 1.809180e+01
    endloop
  endfacet
  facet normal -7.073331e-01 5.043587e-01 4.952799e-01
    outer loop
      vertex   5.388905e+01 1.233753e+01 1.777615e+01
      vertex   5.413563e+01 1.237337e+01 1.809180e+01
      vertex   5.390620e+01 1.237337e+01 1.776414e+01
    endloop
  endfacet
  facet normal -6.419653e-01 6.211459e-01 4.495090e-01
    outer loop
      vertex   5.413563e+01 1.237337e+01 1.809180e+01
      vertex   5.416593e+01 1.242003e+01 1.807059e+01
      vertex   5.390620e+01 1.237337e+01 1.776414e+01
    endloop
  endfacet
  facet normal -6.419653e-01 6.211459e-01 4.495090e-01
    outer loop
      vertex   5.390620e+01 1.237337e+01 1.776414e+01
      vertex   5.416593e+01 1.242003e+01 1.807059e+01
      vertex   5.393650e+01 1.242003e+01 1.774293e+01
    endloop
  endfacet
  facet normal -6.058420e-01 6.730505e-01 4.242151e-01
    outer loop
      vertex   5.393650e+01 1.242003e+01 1.774293e+01
      vertex   5.416593e+01 1.242003e+01 1.807059e+01
      vertex   5.419860e+01 1.246387e+01 1.804771e+01
    endloop
  endfacet
  facet normal -6.058420e-01 6.730505e-01 4.242151e-01
    outer loop
      vertex   5.393650e+01 1.242003e+01 1.774293e+01
      vertex   5.419860e+01 1.246387e+01 1.804771e+01
      vertex   5.396917e+01 1.246387e+01 1.772005e+01
    endloop
  endfacet
  facet normal -5.496092e-01 7.415036e-01 3.848405e-01
    outer loop
      vertex   5.396917e+01 1.246387e+01 1.772005e+01
      vertex   5.419860e+01 1.246387e+01 1.804771e+01
      vertex   5.423465e+01 1.250369e+01 1.802246e+01
    endloop
  endfacet
  facet normal -5.496092e-01 7.415036e-01 3.848405e-01
    outer loop
      vertex   5.396917e+01 1.246387e+01 1.772005e+01
      vertex   5.423465e+01 1.250369e+01 1.802246e+01
      vertex   5.400522e+01 1.250369e+01 1.769480e+01
    endloop
  endfacet
  facet normal -5.172689e-01 7.754013e-01 3.621956e-01
    outer loop
      vertex   5.400522e+01 1.250369e+01 1.769480e+01
      vertex   5.423465e+01 1.250369e+01 1.802246e+01
      vertex   5.427253e+01 1.254134e+01 1.799594e+01
    endloop
  endfacet
  facet normal -5.172689e-01 7.754013e-01 3.621956e-01
    outer loop
      vertex   5.400522e+01 1.250369e+01 1.769480e+01
      vertex   5.427253e+01 1.254134e+01 1.799594e+01
      vertex   5.404310e+01 1.254134e+01 1.766828e+01
    endloop
  endfacet
  facet normal -4.875765e-01 8.035621e-01 3.414047e-01
    outer loop
      vertex   5.427253e+01 1.254134e+01 1.799594e+01
      vertex   5.434153e+01 1.260373e+01 1.794763e+01
      vertex   5.404310e+01 1.254134e+01 1.766828e+01
    endloop
  endfacet
  facet normal -4.875765e-01 8.035621e-01 3.414047e-01
    outer loop
      vertex   5.404310e+01 1.254134e+01 1.766828e+01
      vertex   5.434153e+01 1.260373e+01 1.794763e+01
      vertex   5.411210e+01 1.260373e+01 1.761997e+01
    endloop
  endfacet
  facet normal -4.749028e-01 8.147949e-01 3.325305e-01
    outer loop
      vertex   5.411210e+01 1.260373e+01 1.761997e+01
      vertex   5.434153e+01 1.260373e+01 1.794763e+01
      vertex   5.441146e+01 1.266448e+01 1.789866e+01
    endloop
  endfacet
  facet normal -4.749028e-01 8.147949e-01 3.325305e-01
    outer loop
      vertex   5.411210e+01 1.260373e+01 1.761997e+01
      vertex   5.441146e+01 1.266448e+01 1.789866e+01
      vertex   5.418203e+01 1.266448e+01 1.757100e+01
    endloop
  endfacet
  facet normal -4.567104e-01 8.301498e-01 3.197921e-01
    outer loop
      vertex   5.418203e+01 1.266448e+01 1.757100e+01
      vertex   5.441146e+01 1.266448e+01 1.789866e+01
      vertex   5.448273e+01 1.272291e+01 1.784876e+01
    endloop
  endfacet
  facet normal -4.567104e-01 8.301498e-01 3.197921e-01
    outer loop
      vertex   5.418203e+01 1.266448e+01 1.757100e+01
      vertex   5.448273e+01 1.272291e+01 1.784876e+01
      vertex   5.425330e+01 1.272291e+01 1.752110e+01
    endloop
  endfacet
  facet normal -4.467624e-01 8.381783e-01 3.128264e-01
    outer loop
      vertex   5.425330e+01 1.272291e+01 1.752110e+01
      vertex   5.448273e+01 1.272291e+01 1.784876e+01
      vertex   5.455471e+01 1.278009e+01 1.779836e+01
    endloop
  endfacet
  facet normal -4.467624e-01 8.381783e-01 3.128264e-01
    outer loop
      vertex   5.425330e+01 1.272291e+01 1.752110e+01
      vertex   5.455471e+01 1.278009e+01 1.779836e+01
      vertex   5.432527e+01 1.278009e+01 1.747070e+01
    endloop
  endfacet
  facet normal -4.396357e-01 8.437756e-01 3.078363e-01
    outer loop
      vertex   5.455471e+01 1.278009e+01 1.779836e+01
      vertex   5.498076e+01 1.311092e+01 1.750003e+01
      vertex   5.432527e+01 1.278009e+01 1.747070e+01
    endloop
  endfacet
  facet normal -4.396357e-01 8.437756e-01 3.078363e-01
    outer loop
      vertex   5.432527e+01 1.278009e+01 1.747070e+01
      vertex   5.498076e+01 1.311092e+01 1.750003e+01
      vertex   5.475133e+01 1.311092e+01 1.717237e+01
    endloop
  endfacet
  facet normal -8.191520e-01 0.000000e+00 5.735764e-01
    outer loop
      vertex   5.498076e+01 1.311092e+01 1.750003e+01
      vertex   5.498076e+01 1.352702e+01 1.750003e+01
      vertex   5.475133e+01 1.311092e+01 1.717237e+01
    endloop
  endfacet
  facet normal -8.191520e-01 0.000000e+00 5.735764e-01
    outer loop
      vertex   5.475133e+01 1.311092e+01 1.717237e+01
      vertex   5.498076e+01 1.352702e+01 1.750003e+01
      vertex   5.475133e+01 1.352702e+01 1.717237e+01
    endloop
  endfacet
  facet normal 4.411248e-01 -8.426166e-01 -3.088789e-01
    outer loop
      vertex   5.498076e+01 1.352702e+01 1.750003e+01
      vertex   5.442340e+01 1.309216e+01 1.789031e+01
      vertex   5.475133e+01 1.352702e+01 1.717237e+01
    endloop
  endfacet
  facet normal 4.411248e-01 -8.426166e-01 -3.088789e-01
    outer loop
      vertex   5.475133e+01 1.352702e+01 1.717237e+01
      vertex   5.442340e+01 1.309216e+01 1.789031e+01
      vertex   5.419396e+01 1.309216e+01 1.756264e+01
    endloop
  endfacet
  facet normal 4.658923e-01 -8.225108e-01 -3.262213e-01
    outer loop
      vertex   5.442340e+01 1.309216e+01 1.789031e+01
      vertex   5.435047e+01 1.303061e+01 1.794137e+01
      vertex   5.419396e+01 1.309216e+01 1.756264e+01
    endloop
  endfacet
  facet normal 4.658923e-01 -8.225108e-01 -3.262213e-01
    outer loop
      vertex   5.419396e+01 1.309216e+01 1.756264e+01
      vertex   5.435047e+01 1.303061e+01 1.794137e+01
      vertex   5.412104e+01 1.303061e+01 1.761370e+01
    endloop
  endfacet
  facet normal 4.956387e-01 -7.961775e-01 -3.470499e-01
    outer loop
      vertex   5.412104e+01 1.303061e+01 1.761370e+01
      vertex   5.435047e+01 1.303061e+01 1.794137e+01
      vertex   5.428010e+01 1.296531e+01 1.799064e+01
    endloop
  endfacet
  facet normal 4.956387e-01 -7.961775e-01 -3.470499e-01
    outer loop
      vertex   5.412104e+01 1.303061e+01 1.761370e+01
      vertex   5.428010e+01 1.296531e+01 1.799064e+01
      vertex   5.405067e+01 1.296531e+01 1.766298e+01
    endloop
  endfacet
  facet normal 5.452103e-01 -7.463276e-01 -3.817603e-01
    outer loop
      vertex   5.405067e+01 1.296531e+01 1.766298e+01
      vertex   5.428010e+01 1.296531e+01 1.799064e+01
      vertex   5.421415e+01 1.289352e+01 1.803682e+01
    endloop
  endfacet
  facet normal 5.452103e-01 -7.463276e-01 -3.817603e-01
    outer loop
      vertex   5.405067e+01 1.296531e+01 1.766298e+01
      vertex   5.421415e+01 1.289352e+01 1.803682e+01
      vertex   5.398472e+01 1.289352e+01 1.770916e+01
    endloop
  endfacet
  facet normal 5.747341e-01 -7.125506e-01 -4.024331e-01
    outer loop
      vertex   5.398472e+01 1.289352e+01 1.770916e+01
      vertex   5.421415e+01 1.289352e+01 1.803682e+01
      vertex   5.415100e+01 1.281760e+01 1.808104e+01
    endloop
  endfacet
  facet normal 5.747341e-01 -7.125506e-01 -4.024331e-01
    outer loop
      vertex   5.398472e+01 1.289352e+01 1.770916e+01
      vertex   5.415100e+01 1.281760e+01 1.808104e+01
      vertex   5.392157e+01 1.281760e+01 1.775338e+01
    endloop
  endfacet
  facet normal 6.495716e-01 -6.092470e-01 -4.548349e-01
    outer loop
      vertex   5.415100e+01 1.281760e+01 1.808104e+01
      vertex   5.412154e+01 1.277080e+01 1.810167e+01
      vertex   5.392157e+01 1.281760e+01 1.775338e+01
    endloop
  endfacet
  facet normal 6.495716e-01 -6.092470e-01 -4.548349e-01
    outer loop
      vertex   5.392157e+01 1.281760e+01 1.775338e+01
      vertex   5.412154e+01 1.277080e+01 1.810167e+01
      vertex   5.389211e+01 1.277080e+01 1.777401e+01
    endloop
  endfacet
  facet normal 6.773727e-01 -5.623206e-01 -4.743014e-01
    outer loop
      vertex   5.389211e+01 1.277080e+01 1.777401e+01
      vertex   5.412154e+01 1.277080e+01 1.810167e+01
      vertex   5.409444e+01 1.272216e+01 1.812064e+01
    endloop
  endfacet
  facet normal 6.773727e-01 -5.623206e-01 -4.743014e-01
    outer loop
      vertex   5.389211e+01 1.277080e+01 1.777401e+01
      vertex   5.409444e+01 1.272216e+01 1.812064e+01
      vertex   5.386501e+01 1.272216e+01 1.779298e+01
    endloop
  endfacet
  facet normal 7.138721e-01 -4.904366e-01 -4.998586e-01
    outer loop
      vertex   5.386501e+01 1.272216e+01 1.779298e+01
      vertex   5.409444e+01 1.272216e+01 1.812064e+01
      vertex   5.407079e+01 1.267085e+01 1.813720e+01
    endloop
  endfacet
  facet normal 7.138721e-01 -4.904366e-01 -4.998586e-01
    outer loop
      vertex   5.386501e+01 1.272216e+01 1.779298e+01
      vertex   5.407079e+01 1.267085e+01 1.813720e+01
      vertex   5.384136e+01 1.267085e+01 1.780954e+01
    endloop
  endfacet
  facet normal 7.316013e-01 -4.498179e-01 -5.122727e-01
    outer loop
      vertex   5.384136e+01 1.267085e+01 1.780954e+01
      vertex   5.407079e+01 1.267085e+01 1.813720e+01
      vertex   5.404902e+01 1.261808e+01 1.815245e+01
    endloop
  endfacet
  facet normal 7.316013e-01 -4.498179e-01 -5.122727e-01
    outer loop
      vertex   5.384136e+01 1.267085e+01 1.780954e+01
      vertex   5.404902e+01 1.261808e+01 1.815245e+01
      vertex   5.381959e+01 1.261808e+01 1.782478e+01
    endloop
  endfacet
  facet normal -8.048981e-01 -1.857390e-01 5.635957e-01
    outer loop
      vertex   5.404902e+01 1.261808e+01 1.815245e+01
      vertex   5.402629e+01 1.276489e+01 1.816836e+01
      vertex   5.381959e+01 1.261808e+01 1.782478e+01
    endloop
  endfacet
  facet normal -8.048981e-01 -1.857390e-01 5.635957e-01
    outer loop
      vertex   5.381959e+01 1.261808e+01 1.782478e+01
      vertex   5.402629e+01 1.276489e+01 1.816836e+01
      vertex   5.379686e+01 1.276489e+01 1.784070e+01
    endloop
  endfacet
  facet normal -7.826544e-01 -2.951705e-01 5.480205e-01
    outer loop
      vertex   5.379686e+01 1.276489e+01 1.784070e+01
      vertex   5.402629e+01 1.276489e+01 1.816836e+01
      vertex   5.399092e+01 1.290466e+01 1.819313e+01
    endloop
  endfacet
  facet normal -7.826544e-01 -2.951705e-01 5.480205e-01
    outer loop
      vertex   5.379686e+01 1.276489e+01 1.784070e+01
      vertex   5.399092e+01 1.290466e+01 1.819313e+01
      vertex   5.376149e+01 1.290466e+01 1.786547e+01
    endloop
  endfacet
  facet normal -7.147990e-01 -4.884203e-01 5.005077e-01
    outer loop
      vertex   5.376149e+01 1.290466e+01 1.786547e+01
      vertex   5.399092e+01 1.290466e+01 1.819313e+01
      vertex   5.393268e+01 1.303169e+01 1.823391e+01
    endloop
  endfacet
  facet normal -7.147990e-01 -4.884203e-01 5.005077e-01
    outer loop
      vertex   5.376149e+01 1.290466e+01 1.786547e+01
      vertex   5.393268e+01 1.303169e+01 1.823391e+01
      vertex   5.370325e+01 1.303169e+01 1.790625e+01
    endloop
  endfacet
  facet normal -6.525285e-01 -6.045197e-01 4.569054e-01
    outer loop
      vertex   5.370325e+01 1.303169e+01 1.790625e+01
      vertex   5.393268e+01 1.303169e+01 1.823391e+01
      vertex   5.385904e+01 1.315014e+01 1.828547e+01
    endloop
  endfacet
  facet normal -6.525285e-01 -6.045197e-01 4.569054e-01
    outer loop
      vertex   5.370325e+01 1.303169e+01 1.790625e+01
      vertex   5.385904e+01 1.315014e+01 1.828547e+01
      vertex   5.362961e+01 1.315014e+01 1.795781e+01
    endloop
  endfacet
  facet normal -4.856013e-01 -8.053425e-01 3.400217e-01
    outer loop
      vertex   5.385904e+01 1.315014e+01 1.828547e+01
      vertex   5.377695e+01 1.322391e+01 1.834295e+01
      vertex   5.362961e+01 1.315014e+01 1.795781e+01
    endloop
  endfacet
  facet normal -4.856013e-01 -8.053425e-01 3.400217e-01
    outer loop
      vertex   5.362961e+01 1.315014e+01 1.795781e+01
      vertex   5.377695e+01 1.322391e+01 1.834295e+01
      vertex   5.354752e+01 1.322391e+01 1.801529e+01
    endloop
  endfacet
  facet normal -3.847521e-01 -8.828285e-01 2.694063e-01
    outer loop
      vertex   5.354752e+01 1.322391e+01 1.801529e+01
      vertex   5.377695e+01 1.322391e+01 1.834295e+01
      vertex   5.368947e+01 1.328073e+01 1.840421e+01
    endloop
  endfacet
  facet normal -3.847521e-01 -8.828285e-01 2.694063e-01
    outer loop
      vertex   5.354752e+01 1.322391e+01 1.801529e+01
      vertex   5.368947e+01 1.328073e+01 1.840421e+01
      vertex   5.346004e+01 1.328073e+01 1.807654e+01
    endloop
  endfacet
  facet normal -1.963797e-01 -9.708383e-01 1.375065e-01
    outer loop
      vertex   5.346004e+01 1.328073e+01 1.807654e+01
      vertex   5.368947e+01 1.328073e+01 1.840421e+01
      vertex   5.359317e+01 1.330976e+01 1.847164e+01
    endloop
  endfacet
  facet normal -1.963797e-01 -9.708383e-01 1.375065e-01
    outer loop
      vertex   5.346004e+01 1.328073e+01 1.807654e+01
      vertex   5.359317e+01 1.330976e+01 1.847164e+01
      vertex   5.336374e+01 1.330976e+01 1.814398e+01
    endloop
  endfacet
  facet normal -8.299297e-02 -9.948543e-01 5.811230e-02
    outer loop
      vertex   5.336374e+01 1.330976e+01 1.814398e+01
      vertex   5.359317e+01 1.330976e+01 1.847164e+01
      vertex   5.349165e+01 1.332238e+01 1.854272e+01
    endloop
  endfacet
  facet normal -8.299297e-02 -9.948543e-01 5.811230e-02
    outer loop
      vertex   5.336374e+01 1.330976e+01 1.814398e+01
      vertex   5.349165e+01 1.332238e+01 1.854272e+01
      vertex   5.326222e+01 1.332238e+01 1.821506e+01
    endloop
  endfacet
  facet normal 6.468000e-02 -9.968778e-01 -4.528943e-02
    outer loop
      vertex   5.349165e+01 1.332238e+01 1.854272e+01
      vertex   5.341035e+01 1.331452e+01 1.859965e+01
      vertex   5.326222e+01 1.332238e+01 1.821506e+01
    endloop
  endfacet
  facet normal 6.468000e-02 -9.968778e-01 -4.528943e-02
    outer loop
      vertex   5.326222e+01 1.332238e+01 1.821506e+01
      vertex   5.341035e+01 1.331452e+01 1.859965e+01
      vertex   5.318092e+01 1.331452e+01 1.827199e+01
    endloop
  endfacet
  facet normal 1.477277e-01 -9.836039e-01 -1.034400e-01
    outer loop
      vertex   5.318092e+01 1.331452e+01 1.827199e+01
      vertex   5.341035e+01 1.331452e+01 1.859965e+01
      vertex   5.333128e+01 1.329682e+01 1.865501e+01
    endloop
  endfacet
  facet normal 1.477277e-01 -9.836039e-01 -1.034400e-01
    outer loop
      vertex   5.318092e+01 1.331452e+01 1.827199e+01
      vertex   5.333128e+01 1.329682e+01 1.865501e+01
      vertex   5.310185e+01 1.329682e+01 1.832735e+01
    endloop
  endfacet
  facet normal 2.858130e-01 -9.371550e-01 -2.001284e-01
    outer loop
      vertex   5.310185e+01 1.329682e+01 1.832735e+01
      vertex   5.333128e+01 1.329682e+01 1.865501e+01
      vertex   5.325597e+01 1.326259e+01 1.870774e+01
    endloop
  endfacet
  facet normal 2.858130e-01 -9.371550e-01 -2.001284e-01
    outer loop
      vertex   5.310185e+01 1.329682e+01 1.832735e+01
      vertex   5.325597e+01 1.326259e+01 1.870774e+01
      vertex   5.302654e+01 1.326259e+01 1.838008e+01
    endloop
  endfacet
  facet normal 3.640576e-01 -8.958125e-01 -2.549159e-01
    outer loop
      vertex   5.302654e+01 1.326259e+01 1.838008e+01
      vertex   5.325597e+01 1.326259e+01 1.870774e+01
      vertex   5.318293e+01 1.321836e+01 1.875889e+01
    endloop
  endfacet
  facet normal 3.640576e-01 -8.958125e-01 -2.549159e-01
    outer loop
      vertex   5.302654e+01 1.326259e+01 1.838008e+01
      vertex   5.318293e+01 1.321836e+01 1.875889e+01
      vertex   5.295350e+01 1.321836e+01 1.843123e+01
    endloop
  endfacet
  facet normal 4.862231e-01 -8.047833e-01 -3.404571e-01
    outer loop
      vertex   5.318293e+01 1.321836e+01 1.875889e+01
      vertex   5.312100e+01 1.316259e+01 1.880226e+01
      vertex   5.295350e+01 1.321836e+01 1.843123e+01
    endloop
  endfacet
  facet normal 4.862231e-01 -8.047833e-01 -3.404571e-01
    outer loop
      vertex   5.295350e+01 1.321836e+01 1.843123e+01
      vertex   5.312100e+01 1.316259e+01 1.880226e+01
      vertex   5.289156e+01 1.316259e+01 1.847459e+01
    endloop
  endfacet
  facet normal 5.622039e-01 -7.272957e-01 -3.936594e-01
    outer loop
      vertex   5.289156e+01 1.316259e+01 1.847459e+01
      vertex   5.312100e+01 1.316259e+01 1.880226e+01
      vertex   5.306617e+01 1.309943e+01 1.884064e+01
    endloop
  endfacet
  facet normal 5.622039e-01 -7.272957e-01 -3.936594e-01
    outer loop
      vertex   5.289156e+01 1.316259e+01 1.847459e+01
      vertex   5.306617e+01 1.309943e+01 1.884064e+01
      vertex   5.283674e+01 1.309943e+01 1.851298e+01
    endloop
  endfacet
  facet normal 6.743958e-01 -5.676279e-01 -4.722170e-01
    outer loop
      vertex   5.283674e+01 1.309943e+01 1.851298e+01
      vertex   5.306617e+01 1.309943e+01 1.884064e+01
      vertex   5.302343e+01 1.302374e+01 1.887057e+01
    endloop
  endfacet
  facet normal 6.743958e-01 -5.676279e-01 -4.722170e-01
    outer loop
      vertex   5.283674e+01 1.309943e+01 1.851298e+01
      vertex   5.302343e+01 1.302374e+01 1.887057e+01
      vertex   5.279400e+01 1.302374e+01 1.854291e+01
    endloop
  endfacet
  facet normal 7.273885e-01 -4.598870e-01 -5.093229e-01
    outer loop
      vertex   5.279400e+01 1.302374e+01 1.854291e+01
      vertex   5.302343e+01 1.302374e+01 1.887057e+01
      vertex   5.298806e+01 1.294039e+01 1.889534e+01
    endloop
  endfacet
  facet normal 7.273885e-01 -4.598870e-01 -5.093229e-01
    outer loop
      vertex   5.279400e+01 1.302374e+01 1.854291e+01
      vertex   5.298806e+01 1.294039e+01 1.889534e+01
      vertex   5.275863e+01 1.294039e+01 1.856768e+01
    endloop
  endfacet
  facet normal 7.924198e-01 -2.533835e-01 -5.548583e-01
    outer loop
      vertex   5.298806e+01 1.294039e+01 1.889534e+01
      vertex   5.296130e+01 1.281565e+01 1.891408e+01
      vertex   5.275863e+01 1.294039e+01 1.856768e+01
    endloop
  endfacet
  facet normal 7.924198e-01 -2.533835e-01 -5.548583e-01
    outer loop
      vertex   5.275863e+01 1.294039e+01 1.856768e+01
      vertex   5.296130e+01 1.281565e+01 1.891408e+01
      vertex   5.273187e+01 1.281565e+01 1.858642e+01
    endloop
  endfacet
  facet normal 8.058640e-01 -1.793884e-01 -5.642721e-01
    outer loop
      vertex   5.273187e+01 1.281565e+01 1.858642e+01
      vertex   5.296130e+01 1.281565e+01 1.891408e+01
      vertex   5.294246e+01 1.268950e+01 1.892727e+01
    endloop
  endfacet
  facet normal 8.058640e-01 -1.793884e-01 -5.642721e-01
    outer loop
      vertex   5.273187e+01 1.281565e+01 1.858642e+01
      vertex   5.294246e+01 1.268950e+01 1.892727e+01
      vertex   5.271302e+01 1.268950e+01 1.859961e+01
    endloop
  endfacet
  facet normal 8.169204e-01 -7.376434e-02 -5.720138e-01
    outer loop
      vertex   5.271302e+01 1.268950e+01 1.859961e+01
      vertex   5.294246e+01 1.268950e+01 1.892727e+01
      vertex   5.293469e+01 1.256138e+01 1.893271e+01
    endloop
  endfacet
  facet normal 8.169204e-01 -7.376434e-02 -5.720138e-01
    outer loop
      vertex   5.271302e+01 1.268950e+01 1.859961e+01
      vertex   5.293469e+01 1.256138e+01 1.893271e+01
      vertex   5.270526e+01 1.256138e+01 1.860505e+01
    endloop
  endfacet
  facet normal 8.190325e-01 -1.708192e-02 -5.734927e-01
    outer loop
      vertex   5.270526e+01 1.256138e+01 1.860505e+01
      vertex   5.293469e+01 1.256138e+01 1.893271e+01
      vertex   5.293288e+01 1.243220e+01 1.893397e+01
    endloop
  endfacet
  facet normal 8.190325e-01 -1.708192e-02 -5.734927e-01
    outer loop
      vertex   5.270526e+01 1.256138e+01 1.860505e+01
      vertex   5.293288e+01 1.243220e+01 1.893397e+01
      vertex   5.270345e+01 1.243220e+01 1.860631e+01
    endloop
  endfacet
  facet normal 8.191520e-01 0.000000e+00 -5.735764e-01
    outer loop
      vertex   5.293288e+01 1.243220e+01 1.893397e+01
      vertex   5.293288e+01 1.132374e+01 1.893397e+01
      vertex   5.270345e+01 1.243220e+01 1.860631e+01
    endloop
  endfacet
  facet normal 8.191520e-01 0.000000e+00 -5.735764e-01
    outer loop
      vertex   5.270345e+01 1.243220e+01 1.860631e+01
      vertex   5.293288e+01 1.132374e+01 1.893397e+01
      vertex   5.270345e+01 1.132374e+01 1.860631e+01
    endloop
  endfacet
  facet normal 0.000000e+00 1.000000e+00 0.000000e+00
    outer loop
      vertex   5.293288e+01 1.132374e+01 1.893397e+01
      vertex   5.498076e+01 1.132374e+01 1.750003e+01
      vertex   5.270345e+01 1.132374e+01 1.860631e+01
    endloop
  endfacet
  facet normal 0.000000e+00 1.000000e+00 0.000000e+00
    outer loop
      vertex   5.270345e+01 1.132374e+01 1.860631e+01
      vertex   5.498076e+01 1.132374e+01 1.750003e+01
      vertex   5.475133e+01 1.132374e+01 1.717237e+01
    endloop
  endfacet
  facet normal -8.191520e-01 0.000000e+00 5.735764e-01
    outer loop
      vertex   5.498076e+01 1.132374e+01 1.750003e+01
      vertex   5.498076e+01 1.165458e+01 1.750003e+01
      vertex   5.475133e+01 1.132374e+01 1.717237e+01
    endloop
  endfacet
  facet normal -8.191520e-01 0.000000e+00 5.735764e-01
    outer loop
      vertex   5.475133e+01 1.132374e+01 1.717237e+01
      vertex   5.498076e+01 1.165458e+01 1.750003e+01
      vertex   5.475133e+01 1.165458e+01 1.717237e+01
    endloop
  endfacet
  facet normal 5.735764e-01 0.000000e+00 8.191520e-01
    outer loop
      vertex   5.475133e+01 1.165458e+01 1.717237e+01
      vertex   5.384194e+01 1.165458e+01 1.780913e+01
      vertex   5.475133e+01 1.132374e+01 1.717237e+01
    endloop
  endfacet
  facet normal 5.735764e-01 -9.933311e-15 8.191520e-01
    outer loop
      vertex   5.475133e+01 1.132374e+01 1.717237e+01
      vertex   5.384194e+01 1.165458e+01 1.780913e+01
      vertex   5.270345e+01 1.132374e+01 1.860631e+01
    endloop
  endfacet
  facet normal 5.735764e-01 7.028104e-15 8.191520e-01
    outer loop
      vertex   5.270345e+01 1.132374e+01 1.860631e+01
      vertex   5.384194e+01 1.165458e+01 1.780913e+01
      vertex   5.360726e+01 1.165458e+01 1.797346e+01
    endloop
  endfacet
  facet normal 5.735764e-01 -3.448843e-15 8.191520e-01
    outer loop
      vertex   5.270345e+01 1.132374e+01 1.860631e+01
      vertex   5.360726e+01 1.165458e+01 1.797346e+01
      vertex   5.292975e+01 1.165458e+01 1.844785e+01
    endloop
  endfacet
  facet normal 5.735764e-01 -0.000000e+00 8.191520e-01
    outer loop
      vertex   5.384194e+01 1.165458e+01 1.780913e+01
      vertex   5.384194e+01 1.203827e+01 1.780913e+01
      vertex   5.360726e+01 1.165458e+01 1.797346e+01
    endloop
  endfacet
  facet normal 5.735764e-01 -0.000000e+00 8.191520e-01
    outer loop
      vertex   5.360726e+01 1.165458e+01 1.797346e+01
      vertex   5.384194e+01 1.203827e+01 1.780913e+01
      vertex   5.360726e+01 1.236569e+01 1.797346e+01
    endloop
  endfacet
  facet normal 5.735764e-01 4.272891e-14 8.191520e-01
    outer loop
      vertex   5.360726e+01 1.236569e+01 1.797346e+01
      vertex   5.384194e+01 1.203827e+01 1.780913e+01
      vertex   5.384211e+01 1.208452e+01 1.780902e+01
    endloop
  endfacet
  facet normal 5.735764e-01 -1.645014e-13 8.191520e-01
    outer loop
      vertex   5.360726e+01 1.236569e+01 1.797346e+01
      vertex   5.384211e+01 1.208452e+01 1.780902e+01
      vertex   5.384338e+01 1.213067e+01 1.780813e+01
    endloop
  endfacet
  facet normal 5.735764e-01 1.113714e-13 8.191520e-01
    outer loop
      vertex   5.384338e+01 1.213067e+01 1.780813e+01
      vertex   5.384675e+01 1.217663e+01 1.780577e+01
      vertex   5.360726e+01 1.236569e+01 1.797346e+01
    endloop
  endfacet
  facet normal 5.735764e-01 1.378965e-13 8.191520e-01
    outer loop
      vertex   5.360726e+01 1.236569e+01 1.797346e+01
      vertex   5.384675e+01 1.217663e+01 1.780577e+01
      vertex   5.385172e+01 1.222245e+01 1.780229e+01
    endloop
  endfacet
  facet normal 5.735764e-01 -1.174646e-13 8.191520e-01
    outer loop
      vertex   5.360726e+01 1.236569e+01 1.797346e+01
      vertex   5.385172e+01 1.222245e+01 1.780229e+01
      vertex   5.386176e+01 1.226209e+01 1.779526e+01
    endloop
  endfacet
  facet normal 5.735764e-01 -5.718173e-14 8.191520e-01
    outer loop
      vertex   5.386176e+01 1.226209e+01 1.779526e+01
      vertex   5.387379e+01 1.230067e+01 1.778684e+01
      vertex   5.360726e+01 1.236569e+01 1.797346e+01
    endloop
  endfacet
  facet normal 5.735764e-01 -1.734443e-14 8.191520e-01
    outer loop
      vertex   5.360726e+01 1.236569e+01 1.797346e+01
      vertex   5.387379e+01 1.230067e+01 1.778684e+01
      vertex   5.388905e+01 1.233753e+01 1.777615e+01
    endloop
  endfacet
  facet normal 5.735764e-01 -3.762021e-14 8.191520e-01
    outer loop
      vertex   5.360726e+01 1.236569e+01 1.797346e+01
      vertex   5.388905e+01 1.233753e+01 1.777615e+01
      vertex   5.360578e+01 1.245579e+01 1.797450e+01
    endloop
  endfacet
  facet normal 5.735764e-01 1.231824e-13 8.191520e-01
    outer loop
      vertex   5.360578e+01 1.245579e+01 1.797450e+01
      vertex   5.388905e+01 1.233753e+01 1.777615e+01
      vertex   5.390620e+01 1.237337e+01 1.776414e+01
    endloop
  endfacet
  facet normal 5.735764e-01 2.166418e-14 8.191520e-01
    outer loop
      vertex   5.360578e+01 1.245579e+01 1.797450e+01
      vertex   5.390620e+01 1.237337e+01 1.776414e+01
      vertex   5.381959e+01 1.261808e+01 1.782478e+01
    endloop
  endfacet
  facet normal 5.735764e-01 -1.854505e-14 8.191520e-01
    outer loop
      vertex   5.381959e+01 1.261808e+01 1.782478e+01
      vertex   5.390620e+01 1.237337e+01 1.776414e+01
      vertex   5.393650e+01 1.242003e+01 1.774293e+01
    endloop
  endfacet
  facet normal 5.735764e-01 4.411553e-15 8.191520e-01
    outer loop
      vertex   5.381959e+01 1.261808e+01 1.782478e+01
      vertex   5.393650e+01 1.242003e+01 1.774293e+01
      vertex   5.396917e+01 1.246387e+01 1.772005e+01
    endloop
  endfacet
  facet normal 5.735764e-01 2.217950e-14 8.191520e-01
    outer loop
      vertex   5.396917e+01 1.246387e+01 1.772005e+01
      vertex   5.400522e+01 1.250369e+01 1.769480e+01
      vertex   5.381959e+01 1.261808e+01 1.782478e+01
    endloop
  endfacet
  facet normal 5.735764e-01 -6.367289e-14 8.191520e-01
    outer loop
      vertex   5.381959e+01 1.261808e+01 1.782478e+01
      vertex   5.400522e+01 1.250369e+01 1.769480e+01
      vertex   5.384136e+01 1.267085e+01 1.780954e+01
    endloop
  endfacet
  facet normal 5.735764e-01 6.956536e-14 8.191520e-01
    outer loop
      vertex   5.384136e+01 1.267085e+01 1.780954e+01
      vertex   5.400522e+01 1.250369e+01 1.769480e+01
      vertex   5.404310e+01 1.254134e+01 1.766828e+01
    endloop
  endfacet
  facet normal 5.735764e-01 -8.154377e-14 8.191520e-01
    outer loop
      vertex   5.384136e+01 1.267085e+01 1.780954e+01
      vertex   5.404310e+01 1.254134e+01 1.766828e+01
      vertex   5.386501e+01 1.272216e+01 1.779298e+01
    endloop
  endfacet
  facet normal 5.735764e-01 1.485598e-13 8.191520e-01
    outer loop
      vertex   5.386501e+01 1.272216e+01 1.779298e+01
      vertex   5.404310e+01 1.254134e+01 1.766828e+01
      vertex   5.389211e+01 1.277080e+01 1.777401e+01
    endloop
  endfacet
  facet normal 5.735764e-01 8.665849e-15 8.191520e-01
    outer loop
      vertex   5.389211e+01 1.277080e+01 1.777401e+01
      vertex   5.404310e+01 1.254134e+01 1.766828e+01
      vertex   5.411210e+01 1.260373e+01 1.761997e+01
    endloop
  endfacet
  facet normal 5.735764e-01 -6.158007e-14 8.191520e-01
    outer loop
      vertex   5.389211e+01 1.277080e+01 1.777401e+01
      vertex   5.411210e+01 1.260373e+01 1.761997e+01
      vertex   5.392157e+01 1.281760e+01 1.775338e+01
    endloop
  endfacet
  facet normal 5.735764e-01 -4.806204e-14 8.191520e-01
    outer loop
      vertex   5.392157e+01 1.281760e+01 1.775338e+01
      vertex   5.411210e+01 1.260373e+01 1.761997e+01
      vertex   5.398472e+01 1.289352e+01 1.770916e+01
    endloop
  endfacet
  facet normal 5.735764e-01 -3.430154e-14 8.191520e-01
    outer loop
      vertex   5.398472e+01 1.289352e+01 1.770916e+01
      vertex   5.411210e+01 1.260373e+01 1.761997e+01
      vertex   5.418203e+01 1.266448e+01 1.757100e+01
    endloop
  endfacet
  facet normal 5.735764e-01 2.951562e-14 8.191520e-01
    outer loop
      vertex   5.398472e+01 1.289352e+01 1.770916e+01
      vertex   5.418203e+01 1.266448e+01 1.757100e+01
      vertex   5.405067e+01 1.296531e+01 1.766298e+01
    endloop
  endfacet
  facet normal 5.735764e-01 -2.996860e-14 8.191520e-01
    outer loop
      vertex   5.405067e+01 1.296531e+01 1.766298e+01
      vertex   5.418203e+01 1.266448e+01 1.757100e+01
      vertex   5.425330e+01 1.272291e+01 1.752110e+01
    endloop
  endfacet
  facet normal 5.735764e-01 3.293335e-14 8.191520e-01
    outer loop
      vertex   5.405067e+01 1.296531e+01 1.766298e+01
      vertex   5.425330e+01 1.272291e+01 1.752110e+01
      vertex   5.412104e+01 1.303061e+01 1.761370e+01
    endloop
  endfacet
  facet normal 5.735764e-01 8.045094e-14 8.191520e-01
    outer loop
      vertex   5.412104e+01 1.303061e+01 1.761370e+01
      vertex   5.425330e+01 1.272291e+01 1.752110e+01
      vertex   5.432527e+01 1.278009e+01 1.747070e+01
    endloop
  endfacet
  facet normal 5.735764e-01 -9.584134e-15 8.191520e-01
    outer loop
      vertex   5.412104e+01 1.303061e+01 1.761370e+01
      vertex   5.432527e+01 1.278009e+01 1.747070e+01
      vertex   5.419396e+01 1.309216e+01 1.756264e+01
    endloop
  endfacet
  facet normal 5.735764e-01 1.675523e-15 8.191520e-01
    outer loop
      vertex   5.419396e+01 1.309216e+01 1.756264e+01
      vertex   5.432527e+01 1.278009e+01 1.747070e+01
      vertex   5.475133e+01 1.311092e+01 1.717237e+01
    endloop
  endfacet
  facet normal 5.735764e-01 0.000000e+00 8.191520e-01
    outer loop
      vertex   5.419396e+01 1.309216e+01 1.756264e+01
      vertex   5.475133e+01 1.311092e+01 1.717237e+01
      vertex   5.475133e+01 1.352702e+01 1.717237e+01
    endloop
  endfacet
  facet normal 5.735764e-01 -1.773111e-14 8.191520e-01
    outer loop
      vertex   5.379686e+01 1.276489e+01 1.784070e+01
      vertex   5.358715e+01 1.263325e+01 1.798754e+01
      vertex   5.381959e+01 1.261808e+01 1.782478e+01
    endloop
  endfacet
  facet normal 5.735764e-01 5.635441e-14 8.191520e-01
    outer loop
      vertex   5.381959e+01 1.261808e+01 1.782478e+01
      vertex   5.358715e+01 1.263325e+01 1.798754e+01
      vertex   5.360022e+01 1.254517e+01 1.797839e+01
    endloop
  endfacet
  facet normal 5.735764e-01 6.532106e-15 8.191520e-01
    outer loop
      vertex   5.381959e+01 1.261808e+01 1.782478e+01
      vertex   5.360022e+01 1.254517e+01 1.797839e+01
      vertex   5.360578e+01 1.245579e+01 1.797450e+01
    endloop
  endfacet
  facet normal 5.735764e-01 -2.091284e-14 8.191520e-01
    outer loop
      vertex   5.376149e+01 1.290466e+01 1.786547e+01
      vertex   5.354716e+01 1.277761e+01 1.801554e+01
      vertex   5.379686e+01 1.276489e+01 1.784070e+01
    endloop
  endfacet
  facet normal 5.735764e-01 -1.497085e-13 8.191520e-01
    outer loop
      vertex   5.379686e+01 1.276489e+01 1.784070e+01
      vertex   5.354716e+01 1.277761e+01 1.801554e+01
      vertex   5.356884e+01 1.272040e+01 1.800036e+01
    endloop
  endfacet
  facet normal 5.735764e-01 1.071566e-14 8.191520e-01
    outer loop
      vertex   5.379686e+01 1.276489e+01 1.784070e+01
      vertex   5.356884e+01 1.272040e+01 1.800036e+01
      vertex   5.358715e+01 1.263325e+01 1.798754e+01
    endloop
  endfacet
  facet normal 5.735764e-01 1.143992e-13 8.191520e-01
    outer loop
      vertex   5.354716e+01 1.277761e+01 1.801554e+01
      vertex   5.376149e+01 1.290466e+01 1.786547e+01
      vertex   5.352064e+01 1.283022e+01 1.803411e+01
    endloop
  endfacet
  facet normal 5.735764e-01 -2.929066e-15 8.191520e-01
    outer loop
      vertex   5.352064e+01 1.283022e+01 1.803411e+01
      vertex   5.376149e+01 1.290466e+01 1.786547e+01
      vertex   5.370325e+01 1.303169e+01 1.790625e+01
    endloop
  endfacet
  facet normal 5.735764e-01 -4.512230e-14 8.191520e-01
    outer loop
      vertex   5.352064e+01 1.283022e+01 1.803411e+01
      vertex   5.370325e+01 1.303169e+01 1.790625e+01
      vertex   5.348584e+01 1.287495e+01 1.805848e+01
    endloop
  endfacet
  facet normal 5.735764e-01 5.265915e-14 8.191520e-01
    outer loop
      vertex   5.348584e+01 1.287495e+01 1.805848e+01
      vertex   5.370325e+01 1.303169e+01 1.790625e+01
      vertex   5.344592e+01 1.291481e+01 1.808643e+01
    endloop
  endfacet
  facet normal 5.735764e-01 1.206948e-14 8.191520e-01
    outer loop
      vertex   5.344592e+01 1.291481e+01 1.808643e+01
      vertex   5.370325e+01 1.303169e+01 1.790625e+01
      vertex   5.362961e+01 1.315014e+01 1.795781e+01
    endloop
  endfacet
  facet normal 5.735764e-01 2.508099e-15 8.191520e-01
    outer loop
      vertex   5.344592e+01 1.291481e+01 1.808643e+01
      vertex   5.362961e+01 1.315014e+01 1.795781e+01
      vertex   5.340274e+01 1.294277e+01 1.811667e+01
    endloop
  endfacet
  facet normal 5.735764e-01 -1.607899e-14 8.191520e-01
    outer loop
      vertex   5.340274e+01 1.294277e+01 1.811667e+01
      vertex   5.362961e+01 1.315014e+01 1.795781e+01
      vertex   5.354752e+01 1.322391e+01 1.801529e+01
    endloop
  endfacet
  facet normal 5.735764e-01 -1.908030e-14 8.191520e-01
    outer loop
      vertex   5.340274e+01 1.294277e+01 1.811667e+01
      vertex   5.354752e+01 1.322391e+01 1.801529e+01
      vertex   5.335807e+01 1.296457e+01 1.814794e+01
    endloop
  endfacet
  facet normal 5.735764e-01 1.788438e-14 8.191520e-01
    outer loop
      vertex   5.335807e+01 1.296457e+01 1.814794e+01
      vertex   5.354752e+01 1.322391e+01 1.801529e+01
      vertex   5.346004e+01 1.328073e+01 1.807654e+01
    endloop
  endfacet
  facet normal 5.735764e-01 5.863247e-15 8.191520e-01
    outer loop
      vertex   5.335807e+01 1.296457e+01 1.814794e+01
      vertex   5.346004e+01 1.328073e+01 1.807654e+01
      vertex   5.336374e+01 1.330976e+01 1.814398e+01
    endloop
  endfacet
  facet normal 5.735764e-01 0.000000e+00 8.191520e-01
    outer loop
      vertex   5.326222e+01 1.332238e+01 1.821506e+01
      vertex   5.326222e+01 1.298132e+01 1.821506e+01
      vertex   5.336374e+01 1.330976e+01 1.814398e+01
    endloop
  endfacet
  facet normal 5.735764e-01 -9.180837e-15 8.191520e-01
    outer loop
      vertex   5.336374e+01 1.330976e+01 1.814398e+01
      vertex   5.326222e+01 1.298132e+01 1.821506e+01
      vertex   5.331090e+01 1.297605e+01 1.818097e+01
    endloop
  endfacet
  facet normal 5.735764e-01 6.998475e-15 8.191520e-01
    outer loop
      vertex   5.336374e+01 1.330976e+01 1.814398e+01
      vertex   5.331090e+01 1.297605e+01 1.818097e+01
      vertex   5.335807e+01 1.296457e+01 1.814794e+01
    endloop
  endfacet
  facet normal 5.735764e-01 0.000000e+00 8.191520e-01
    outer loop
      vertex   5.326222e+01 1.332238e+01 1.821506e+01
      vertex   5.318092e+01 1.331452e+01 1.827199e+01
      vertex   5.326222e+01 1.298132e+01 1.821506e+01
    endloop
  endfacet
  facet normal 5.735764e-01 -7.587667e-17 8.191520e-01
    outer loop
      vertex   5.326222e+01 1.298132e+01 1.821506e+01
      vertex   5.318092e+01 1.331452e+01 1.827199e+01
      vertex   5.319434e+01 1.297158e+01 1.826259e+01
    endloop
  endfacet
  facet normal 5.735764e-01 -1.772854e-15 8.191520e-01
    outer loop
      vertex   5.319434e+01 1.297158e+01 1.826259e+01
      vertex   5.318092e+01 1.331452e+01 1.827199e+01
      vertex   5.310185e+01 1.329682e+01 1.832735e+01
    endloop
  endfacet
  facet normal 5.735764e-01 -2.152574e-14 8.191520e-01
    outer loop
      vertex   5.319434e+01 1.297158e+01 1.826259e+01
      vertex   5.310185e+01 1.329682e+01 1.832735e+01
      vertex   5.302654e+01 1.326259e+01 1.838008e+01
    endloop
  endfacet
  facet normal 5.735764e-01 -2.717892e-14 8.191520e-01
    outer loop
      vertex   5.319434e+01 1.297158e+01 1.826259e+01
      vertex   5.302654e+01 1.326259e+01 1.838008e+01
      vertex   5.313088e+01 1.294968e+01 1.830702e+01
    endloop
  endfacet
  facet normal 5.735764e-01 -3.191656e-14 8.191520e-01
    outer loop
      vertex   5.313088e+01 1.294968e+01 1.830702e+01
      vertex   5.302654e+01 1.326259e+01 1.838008e+01
      vertex   5.295350e+01 1.321836e+01 1.843123e+01
    endloop
  endfacet
  facet normal 5.735764e-01 1.670935e-14 8.191520e-01
    outer loop
      vertex   5.313088e+01 1.294968e+01 1.830702e+01
      vertex   5.295350e+01 1.321836e+01 1.843123e+01
      vertex   5.289156e+01 1.316259e+01 1.847459e+01
    endloop
  endfacet
  facet normal 5.735764e-01 -3.181310e-14 8.191520e-01
    outer loop
      vertex   5.313088e+01 1.294968e+01 1.830702e+01
      vertex   5.289156e+01 1.316259e+01 1.847459e+01
      vertex   5.307486e+01 1.290731e+01 1.834625e+01
    endloop
  endfacet
  facet normal 5.735764e-01 -1.400394e-14 8.191520e-01
    outer loop
      vertex   5.307486e+01 1.290731e+01 1.834625e+01
      vertex   5.289156e+01 1.316259e+01 1.847459e+01
      vertex   5.283674e+01 1.309943e+01 1.851298e+01
    endloop
  endfacet
  facet normal 5.735764e-01 1.796843e-15 8.191520e-01
    outer loop
      vertex   5.307486e+01 1.290731e+01 1.834625e+01
      vertex   5.283674e+01 1.309943e+01 1.851298e+01
      vertex   5.302335e+01 1.285256e+01 1.838232e+01
    endloop
  endfacet
  facet normal 5.735764e-01 -1.186227e-14 8.191520e-01
    outer loop
      vertex   5.302335e+01 1.285256e+01 1.838232e+01
      vertex   5.283674e+01 1.309943e+01 1.851298e+01
      vertex   5.279400e+01 1.302374e+01 1.854291e+01
    endloop
  endfacet
  facet normal 5.735764e-01 1.467785e-14 8.191520e-01
    outer loop
      vertex   5.302335e+01 1.285256e+01 1.838232e+01
      vertex   5.279400e+01 1.302374e+01 1.854291e+01
      vertex   5.275863e+01 1.294039e+01 1.856768e+01
    endloop
  endfacet
  facet normal 5.735764e-01 3.699214e-14 8.191520e-01
    outer loop
      vertex   5.302335e+01 1.285256e+01 1.838232e+01
      vertex   5.275863e+01 1.294039e+01 1.856768e+01
      vertex   5.297867e+01 1.275884e+01 1.841360e+01
    endloop
  endfacet
  facet normal 5.735764e-01 7.741231e-15 8.191520e-01
    outer loop
      vertex   5.297867e+01 1.275884e+01 1.841360e+01
      vertex   5.275863e+01 1.294039e+01 1.856768e+01
      vertex   5.273187e+01 1.281565e+01 1.858642e+01
    endloop
  endfacet
  facet normal 5.735764e-01 -3.497557e-14 8.191520e-01
    outer loop
      vertex   5.297867e+01 1.275884e+01 1.841360e+01
      vertex   5.273187e+01 1.281565e+01 1.858642e+01
      vertex   5.294682e+01 1.266032e+01 1.843590e+01
    endloop
  endfacet
  facet normal 5.735764e-01 3.140602e-14 8.191520e-01
    outer loop
      vertex   5.294682e+01 1.266032e+01 1.843590e+01
      vertex   5.273187e+01 1.281565e+01 1.858642e+01
      vertex   5.271302e+01 1.268950e+01 1.859961e+01
    endloop
  endfacet
  facet normal 5.735764e-01 2.213965e-15 8.191520e-01
    outer loop
      vertex   5.294682e+01 1.266032e+01 1.843590e+01
      vertex   5.271302e+01 1.268950e+01 1.859961e+01
      vertex   5.293332e+01 1.255494e+01 1.844536e+01
    endloop
  endfacet
  facet normal 5.735764e-01 -8.117830e-14 8.191520e-01
    outer loop
      vertex   5.293332e+01 1.255494e+01 1.844536e+01
      vertex   5.271302e+01 1.268950e+01 1.859961e+01
      vertex   5.270526e+01 1.256138e+01 1.860505e+01
    endloop
  endfacet
  facet normal 5.735764e-01 -1.079520e-14 8.191520e-01
    outer loop
      vertex   5.293332e+01 1.255494e+01 1.844536e+01
      vertex   5.270526e+01 1.256138e+01 1.860505e+01
      vertex   5.292975e+01 1.244584e+01 1.844785e+01
    endloop
  endfacet
  facet normal 5.735764e-01 9.730273e-15 8.191520e-01
    outer loop
      vertex   5.292975e+01 1.244584e+01 1.844785e+01
      vertex   5.270526e+01 1.256138e+01 1.860505e+01
      vertex   5.270345e+01 1.243220e+01 1.860631e+01
    endloop
  endfacet
  facet normal 5.735764e-01 0.000000e+00 8.191520e-01
    outer loop
      vertex   5.292975e+01 1.244584e+01 1.844785e+01
      vertex   5.270345e+01 1.243220e+01 1.860631e+01
      vertex   5.292975e+01 1.165458e+01 1.844785e+01
    endloop
  endfacet
  facet normal 5.735764e-01 0.000000e+00 8.191520e-01
    outer loop
      vertex   5.292975e+01 1.165458e+01 1.844785e+01
      vertex   5.270345e+01 1.243220e+01 1.860631e+01
      vertex   5.270345e+01 1.132374e+01 1.860631e+01
    endloop
  endfacet
  facet normal 5.735764e-01 -0.000000e+00 8.191520e-01
    outer loop
      vertex   5.315919e+01 1.165458e+01 1.877551e+01
      vertex   5.383669e+01 1.236569e+01 1.830112e+01
      vertex   5.315919e+01 1.244584e+01 1.877551e+01
    endloop
  endfacet
  facet normal 5.735764e-01 -4.962530e-15 8.191520e-01
    outer loop
      vertex   5.315919e+01 1.244584e+01 1.877551e+01
      vertex   5.383669e+01 1.236569e+01 1.830112e+01
      vertex   5.349165e+01 1.298132e+01 1.854272e+01
    endloop
  endfacet
  facet normal 5.735764e-01 9.440893e-15 8.191520e-01
    outer loop
      vertex   5.315919e+01 1.244584e+01 1.877551e+01
      vertex   5.349165e+01 1.298132e+01 1.854272e+01
      vertex   5.342377e+01 1.297158e+01 1.859025e+01
    endloop
  endfacet
  facet normal 5.735764e-01 0.000000e+00 8.191520e-01
    outer loop
      vertex   5.315919e+01 1.165458e+01 1.877551e+01
      vertex   5.383669e+01 1.165458e+01 1.830112e+01
      vertex   5.383669e+01 1.236569e+01 1.830112e+01
    endloop
  endfacet
  facet normal 5.735764e-01 2.890207e-14 8.191520e-01
    outer loop
      vertex   5.383521e+01 1.245579e+01 1.830216e+01
      vertex   5.363217e+01 1.294277e+01 1.844433e+01
      vertex   5.383669e+01 1.236569e+01 1.830112e+01
    endloop
  endfacet
  facet normal 5.735764e-01 -2.399391e-14 8.191520e-01
    outer loop
      vertex   5.383669e+01 1.236569e+01 1.830112e+01
      vertex   5.363217e+01 1.294277e+01 1.844433e+01
      vertex   5.358750e+01 1.296457e+01 1.847561e+01
    endloop
  endfacet
  facet normal 5.735764e-01 -5.820796e-15 8.191520e-01
    outer loop
      vertex   5.383669e+01 1.236569e+01 1.830112e+01
      vertex   5.358750e+01 1.296457e+01 1.847561e+01
      vertex   5.354033e+01 1.297605e+01 1.850864e+01
    endloop
  endfacet
  facet normal 5.735764e-01 -5.601488e-15 8.191520e-01
    outer loop
      vertex   5.363217e+01 1.294277e+01 1.844433e+01
      vertex   5.383521e+01 1.245579e+01 1.830216e+01
      vertex   5.367535e+01 1.291481e+01 1.841410e+01
    endloop
  endfacet
  facet normal 5.735764e-01 -4.745892e-14 8.191520e-01
    outer loop
      vertex   5.367535e+01 1.291481e+01 1.841410e+01
      vertex   5.383521e+01 1.245579e+01 1.830216e+01
      vertex   5.382965e+01 1.254517e+01 1.830605e+01
    endloop
  endfacet
  facet normal 5.735764e-01 3.384884e-14 8.191520e-01
    outer loop
      vertex   5.367535e+01 1.291481e+01 1.841410e+01
      vertex   5.382965e+01 1.254517e+01 1.830605e+01
      vertex   5.371527e+01 1.287495e+01 1.838614e+01
    endloop
  endfacet
  facet normal 5.735764e-01 1.158524e-14 8.191520e-01
    outer loop
      vertex   5.371527e+01 1.287495e+01 1.838614e+01
      vertex   5.382965e+01 1.254517e+01 1.830605e+01
      vertex   5.381658e+01 1.263325e+01 1.831520e+01
    endloop
  endfacet
  facet normal 5.735764e-01 -9.768244e-14 8.191520e-01
    outer loop
      vertex   5.371527e+01 1.287495e+01 1.838614e+01
      vertex   5.381658e+01 1.263325e+01 1.831520e+01
      vertex   5.375007e+01 1.283022e+01 1.836177e+01
    endloop
  endfacet
  facet normal 5.735764e-01 8.834747e-14 8.191520e-01
    outer loop
      vertex   5.375007e+01 1.283022e+01 1.836177e+01
      vertex   5.381658e+01 1.263325e+01 1.831520e+01
      vertex   5.377659e+01 1.277761e+01 1.834320e+01
    endloop
  endfacet
  facet normal 5.735764e-01 1.584476e-13 8.191520e-01
    outer loop
      vertex   5.377659e+01 1.277761e+01 1.834320e+01
      vertex   5.381658e+01 1.263325e+01 1.831520e+01
      vertex   5.379827e+01 1.272040e+01 1.832802e+01
    endloop
  endfacet
  facet normal 5.735764e-01 4.442293e-15 8.191520e-01
    outer loop
      vertex   5.354033e+01 1.297605e+01 1.850864e+01
      vertex   5.349165e+01 1.298132e+01 1.854272e+01
      vertex   5.383669e+01 1.236569e+01 1.830112e+01
    endloop
  endfacet
  facet normal 5.735764e-01 -2.201167e-14 8.191520e-01
    outer loop
      vertex   5.342377e+01 1.297158e+01 1.859025e+01
      vertex   5.336031e+01 1.294968e+01 1.863468e+01
      vertex   5.315919e+01 1.244584e+01 1.877551e+01
    endloop
  endfacet
  facet normal 5.735764e-01 3.115654e-14 8.191520e-01
    outer loop
      vertex   5.315919e+01 1.244584e+01 1.877551e+01
      vertex   5.336031e+01 1.294968e+01 1.863468e+01
      vertex   5.330429e+01 1.290731e+01 1.867391e+01
    endloop
  endfacet
  facet normal 5.735764e-01 -8.430957e-14 8.191520e-01
    outer loop
      vertex   5.315919e+01 1.244584e+01 1.877551e+01
      vertex   5.330429e+01 1.290731e+01 1.867391e+01
      vertex   5.316275e+01 1.255494e+01 1.877302e+01
    endloop
  endfacet
  facet normal 5.735764e-01 1.026003e-14 8.191520e-01
    outer loop
      vertex   5.316275e+01 1.255494e+01 1.877302e+01
      vertex   5.330429e+01 1.290731e+01 1.867391e+01
      vertex   5.320810e+01 1.275884e+01 1.874126e+01
    endloop
  endfacet
  facet normal 5.735764e-01 1.198134e-13 8.191520e-01
    outer loop
      vertex   5.316275e+01 1.255494e+01 1.877302e+01
      vertex   5.320810e+01 1.275884e+01 1.874126e+01
      vertex   5.317625e+01 1.266032e+01 1.876356e+01
    endloop
  endfacet
  facet normal 5.735764e-01 1.291503e-13 8.191520e-01
    outer loop
      vertex   5.330429e+01 1.290731e+01 1.867391e+01
      vertex   5.325278e+01 1.285256e+01 1.870998e+01
      vertex   5.320810e+01 1.275884e+01 1.874126e+01
    endloop
  endfacet
  facet normal 5.735764e-01 7.692846e-14 8.191520e-01
    outer loop
      vertex   5.314456e+01 1.539804e+01 1.878576e+01
      vertex   5.397079e+01 1.500212e+01 1.820722e+01
      vertex   5.313264e+01 1.549837e+01 1.879410e+01
    endloop
  endfacet
  facet normal 5.735764e-01 0.000000e+00 8.191520e-01
    outer loop
      vertex   5.313264e+01 1.549837e+01 1.879410e+01
      vertex   5.397079e+01 1.500212e+01 1.820722e+01
      vertex   5.397079e+01 1.600144e+01 1.820722e+01
    endloop
  endfacet
  facet normal 5.735764e-01 -3.680450e-14 8.191520e-01
    outer loop
      vertex   5.313264e+01 1.549837e+01 1.879410e+01
      vertex   5.397079e+01 1.600144e+01 1.820722e+01
      vertex   5.314776e+01 1.560588e+01 1.878351e+01
    endloop
  endfacet
  facet normal 5.735764e-01 -6.255279e-14 8.191520e-01
    outer loop
      vertex   5.314776e+01 1.560588e+01 1.878351e+01
      vertex   5.397079e+01 1.600144e+01 1.820722e+01
      vertex   5.379680e+01 1.600084e+01 1.832905e+01
    endloop
  endfacet
  facet normal 5.735764e-01 -2.607962e-14 8.191520e-01
    outer loop
      vertex   5.314776e+01 1.560588e+01 1.878351e+01
      vertex   5.379680e+01 1.600084e+01 1.832905e+01
      vertex   5.315998e+01 1.565651e+01 1.877496e+01
    endloop
  endfacet
  facet normal 5.735764e-01 4.864646e-14 8.191520e-01
    outer loop
      vertex   5.315998e+01 1.565651e+01 1.877496e+01
      vertex   5.379680e+01 1.600084e+01 1.832905e+01
      vertex   5.317778e+01 1.570338e+01 1.876249e+01
    endloop
  endfacet
  facet normal 5.735764e-01 4.423036e-14 8.191520e-01
    outer loop
      vertex   5.317778e+01 1.570338e+01 1.876249e+01
      vertex   5.379680e+01 1.600084e+01 1.832905e+01
      vertex   5.362566e+01 1.598338e+01 1.844888e+01
    endloop
  endfacet
  facet normal 5.735764e-01 4.741325e-14 8.191520e-01
    outer loop
      vertex   5.317778e+01 1.570338e+01 1.876249e+01
      vertex   5.362566e+01 1.598338e+01 1.844888e+01
      vertex   5.346006e+01 1.593338e+01 1.856484e+01
    endloop
  endfacet
  facet normal 5.735764e-01 1.013663e-13 8.191520e-01
    outer loop
      vertex   5.397079e+01 1.500212e+01 1.820722e+01
      vertex   5.314456e+01 1.539804e+01 1.878576e+01
      vertex   5.379127e+01 1.500426e+01 1.833293e+01
    endloop
  endfacet
  facet normal 5.735764e-01 -2.217778e-14 8.191520e-01
    outer loop
      vertex   5.379127e+01 1.500426e+01 1.833293e+01
      vertex   5.314456e+01 1.539804e+01 1.878576e+01
      vertex   5.315477e+01 1.535060e+01 1.877861e+01
    endloop
  endfacet
  facet normal 5.735764e-01 -1.674805e-13 8.191520e-01
    outer loop
      vertex   5.379127e+01 1.500426e+01 1.833293e+01
      vertex   5.315477e+01 1.535060e+01 1.877861e+01
      vertex   5.361495e+01 1.502449e+01 1.845638e+01
    endloop
  endfacet
  facet normal 5.735764e-01 7.223835e-14 8.191520e-01
    outer loop
      vertex   5.361495e+01 1.502449e+01 1.845638e+01
      vertex   5.315477e+01 1.535060e+01 1.877861e+01
      vertex   5.344477e+01 1.507926e+01 1.857555e+01
    endloop
  endfacet
  facet normal 5.735764e-01 -2.444784e-13 8.191520e-01
    outer loop
      vertex   5.344477e+01 1.507926e+01 1.857555e+01
      vertex   5.315477e+01 1.535060e+01 1.877861e+01
      vertex   5.317008e+01 1.530645e+01 1.876789e+01
    endloop
  endfacet
  facet normal 5.735764e-01 3.138491e-14 8.191520e-01
    outer loop
      vertex   5.344477e+01 1.507926e+01 1.857555e+01
      vertex   5.317008e+01 1.530645e+01 1.876789e+01
      vertex   5.319156e+01 1.526627e+01 1.875285e+01
    endloop
  endfacet
  facet normal 5.735764e-01 -2.810041e-13 8.191520e-01
    outer loop
      vertex   5.319156e+01 1.526627e+01 1.875285e+01
      vertex   5.321804e+01 1.522930e+01 1.873431e+01
      vertex   5.344477e+01 1.507926e+01 1.857555e+01
    endloop
  endfacet
  facet normal 5.735764e-01 -3.353803e-14 8.191520e-01
    outer loop
      vertex   5.344477e+01 1.507926e+01 1.857555e+01
      vertex   5.321804e+01 1.522930e+01 1.873431e+01
      vertex   5.327932e+01 1.516072e+01 1.869140e+01
    endloop
  endfacet
  facet normal 5.735764e-01 -8.810020e-14 8.191520e-01
    outer loop
      vertex   5.414460e+01 1.500279e+01 1.808552e+01
      vertex   5.479349e+01 1.539504e+01 1.763116e+01
      vertex   5.397079e+01 1.500212e+01 1.820722e+01
    endloop
  endfacet
  facet normal 5.735764e-01 2.002598e-14 8.191520e-01
    outer loop
      vertex   5.397079e+01 1.500212e+01 1.820722e+01
      vertex   5.479349e+01 1.539504e+01 1.763116e+01
      vertex   5.480894e+01 1.550178e+01 1.762034e+01
    endloop
  endfacet
  facet normal 5.735764e-01 -0.000000e+00 8.191520e-01
    outer loop
      vertex   5.397079e+01 1.500212e+01 1.820722e+01
      vertex   5.480894e+01 1.550178e+01 1.762034e+01
      vertex   5.397079e+01 1.600144e+01 1.820722e+01
    endloop
  endfacet
  facet normal 5.735764e-01 1.946008e-14 8.191520e-01
    outer loop
      vertex   5.397079e+01 1.600144e+01 1.820722e+01
      vertex   5.480894e+01 1.550178e+01 1.762034e+01
      vertex   5.479338e+01 1.560863e+01 1.763124e+01
    endloop
  endfacet
  facet normal 5.735764e-01 -6.256363e-14 8.191520e-01
    outer loop
      vertex   5.397079e+01 1.600144e+01 1.820722e+01
      vertex   5.479338e+01 1.560863e+01 1.763124e+01
      vertex   5.414442e+01 1.600070e+01 1.808565e+01
    endloop
  endfacet
  facet normal 5.735764e-01 -2.099050e-13 8.191520e-01
    outer loop
      vertex   5.414442e+01 1.600070e+01 1.808565e+01
      vertex   5.479338e+01 1.560863e+01 1.763124e+01
      vertex   5.478094e+01 1.565888e+01 1.763995e+01
    endloop
  endfacet
  facet normal 5.735764e-01 4.102025e-13 8.191520e-01
    outer loop
      vertex   5.414442e+01 1.600070e+01 1.808565e+01
      vertex   5.478094e+01 1.565888e+01 1.763995e+01
      vertex   5.476290e+01 1.570531e+01 1.765258e+01
    endloop
  endfacet
  facet normal 5.735764e-01 2.432870e-14 8.191520e-01
    outer loop
      vertex   5.431555e+01 1.502030e+01 1.796582e+01
      vertex   5.473877e+01 1.525635e+01 1.766947e+01
      vertex   5.414460e+01 1.500279e+01 1.808552e+01
    endloop
  endfacet
  facet normal 5.735764e-01 -1.547740e-13 8.191520e-01
    outer loop
      vertex   5.414460e+01 1.500279e+01 1.808552e+01
      vertex   5.473877e+01 1.525635e+01 1.766947e+01
      vertex   5.476316e+01 1.529840e+01 1.765240e+01
    endloop
  endfacet
  facet normal 5.735764e-01 1.806447e-13 8.191520e-01
    outer loop
      vertex   5.414460e+01 1.500279e+01 1.808552e+01
      vertex   5.476316e+01 1.529840e+01 1.765240e+01
      vertex   5.478111e+01 1.534483e+01 1.763983e+01
    endloop
  endfacet
  facet normal 5.735764e-01 1.454669e-13 8.191520e-01
    outer loop
      vertex   5.431555e+01 1.502030e+01 1.796582e+01
      vertex   5.448099e+01 1.507028e+01 1.784998e+01
      vertex   5.473877e+01 1.525635e+01 1.766947e+01
    endloop
  endfacet
  facet normal 5.735764e-01 -6.942311e-13 8.191520e-01
    outer loop
      vertex   5.473877e+01 1.525635e+01 1.766947e+01
      vertex   5.448099e+01 1.507028e+01 1.784998e+01
      vertex   5.470933e+01 1.521773e+01 1.769009e+01
    endloop
  endfacet
  facet normal 5.735764e-01 1.864241e-14 8.191520e-01
    outer loop
      vertex   5.470933e+01 1.521773e+01 1.769009e+01
      vertex   5.448099e+01 1.507028e+01 1.784998e+01
      vertex   5.464201e+01 1.514622e+01 1.773723e+01
    endloop
  endfacet
  facet normal 5.735764e-01 3.456752e-14 8.191520e-01
    outer loop
      vertex   5.478111e+01 1.534483e+01 1.763983e+01
      vertex   5.479349e+01 1.539504e+01 1.763116e+01
      vertex   5.414460e+01 1.500279e+01 1.808552e+01
    endloop
  endfacet
  facet normal 5.735764e-01 -4.311099e-13 8.191520e-01
    outer loop
      vertex   5.476290e+01 1.570531e+01 1.765258e+01
      vertex   5.473841e+01 1.574735e+01 1.766973e+01
      vertex   5.414442e+01 1.600070e+01 1.808565e+01
    endloop
  endfacet
  facet normal 5.735764e-01 1.197865e-13 8.191520e-01
    outer loop
      vertex   5.414442e+01 1.600070e+01 1.808565e+01
      vertex   5.473841e+01 1.574735e+01 1.766973e+01
      vertex   5.431518e+01 1.598315e+01 1.796608e+01
    endloop
  endfacet
  facet normal 5.735764e-01 5.614454e-14 8.191520e-01
    outer loop
      vertex   5.431518e+01 1.598315e+01 1.796608e+01
      vertex   5.473841e+01 1.574735e+01 1.766973e+01
      vertex   5.448044e+01 1.593317e+01 1.785036e+01
    endloop
  endfacet
  facet normal 5.735764e-01 1.452395e-13 8.191520e-01
    outer loop
      vertex   5.448044e+01 1.593317e+01 1.785036e+01
      vertex   5.473841e+01 1.574735e+01 1.766973e+01
      vertex   5.470886e+01 1.578593e+01 1.769042e+01
    endloop
  endfacet
  facet normal 5.735764e-01 1.343924e-13 8.191520e-01
    outer loop
      vertex   5.448044e+01 1.593317e+01 1.785036e+01
      vertex   5.470886e+01 1.578593e+01 1.769042e+01
      vertex   5.464131e+01 1.585734e+01 1.773772e+01
    endloop
  endfacet
  facet normal 5.735764e-01 5.971775e-14 8.191520e-01
    outer loop
      vertex   5.329888e+01 1.585734e+01 1.867770e+01
      vertex   5.323150e+01 1.578495e+01 1.872488e+01
      vertex   5.346006e+01 1.593338e+01 1.856484e+01
    endloop
  endfacet
  facet normal 5.735764e-01 -1.981338e-13 8.191520e-01
    outer loop
      vertex   5.346006e+01 1.593338e+01 1.856484e+01
      vertex   5.323150e+01 1.578495e+01 1.872488e+01
      vertex   5.320208e+01 1.574589e+01 1.874548e+01
    endloop
  endfacet
  facet normal 5.735764e-01 -3.812895e-14 8.191520e-01
    outer loop
      vertex   5.346006e+01 1.593338e+01 1.856484e+01
      vertex   5.320208e+01 1.574589e+01 1.874548e+01
      vertex   5.317778e+01 1.570338e+01 1.876249e+01
    endloop
  endfacet
  facet normal -4.055798e-01 7.071068e-01 -5.792280e-01
    outer loop
      vertex   5.077595e+01 3.295172e+01 1.329053e+01
      vertex   4.115340e+01 3.295172e+01 2.002832e+01
      vertex   5.129373e+01 3.381172e+01 1.397785e+01
    endloop
  endfacet
  facet normal -4.055798e-01 7.071068e-01 -5.792280e-01
    outer loop
      vertex   5.129373e+01 3.381172e+01 1.397785e+01
      vertex   4.115340e+01 3.295172e+01 2.002832e+01
      vertex   4.115340e+01 3.381172e+01 2.107818e+01
    endloop
  endfacet
  facet normal 0.000000e+00 1.000000e+00 0.000000e+00
    outer loop
      vertex   5.077595e+01 3.295172e+01 1.329053e+01
      vertex   5.011476e+01 3.295172e+01 1.253798e+01
      vertex   4.115340e+01 3.295172e+01 2.002832e+01
    endloop
  endfacet
  facet normal 0.000000e+00 1.000000e+00 0.000000e+00
    outer loop
      vertex   4.115340e+01 3.295172e+01 2.002832e+01
      vertex   5.011476e+01 3.295172e+01 1.253798e+01
      vertex   4.939488e+01 3.295172e+01 1.184135e+01
    endloop
  endfacet
  facet normal 0.000000e+00 1.000000e+00 0.000000e+00
    outer loop
      vertex   4.115340e+01 3.295172e+01 2.002832e+01
      vertex   4.939488e+01 3.295172e+01 1.184135e+01
      vertex   4.862103e+01 3.295172e+01 1.120521e+01
    endloop
  endfacet
  facet normal 0.000000e+00 1.000000e+00 0.000000e+00
    outer loop
      vertex   4.862103e+01 3.295172e+01 1.120521e+01
      vertex   4.779827e+01 3.295172e+01 1.063372e+01
      vertex   4.115340e+01 3.295172e+01 2.002832e+01
    endloop
  endfacet
  facet normal 0.000000e+00 1.000000e+00 0.000000e+00
    outer loop
      vertex   4.115340e+01 3.295172e+01 2.002832e+01
      vertex   4.779827e+01 3.295172e+01 1.063372e+01
      vertex   4.693200e+01 3.295172e+01 1.013063e+01
    endloop
  endfacet
  facet normal 0.000000e+00 1.000000e+00 0.000000e+00
    outer loop
      vertex   4.115340e+01 3.295172e+01 2.002832e+01
      vertex   4.693200e+01 3.295172e+01 1.013063e+01
      vertex   4.602789e+01 3.295172e+01 9.699238e+00
    endloop
  endfacet
  facet normal 0.000000e+00 1.000000e+00 0.000000e+00
    outer loop
      vertex   4.602789e+01 3.295172e+01 9.699238e+00
      vertex   4.509186e+01 3.295172e+01 9.342358e+00
      vertex   4.115340e+01 3.295172e+01 2.002832e+01
    endloop
  endfacet
  facet normal 0.000000e+00 1.000000e+00 0.000000e+00
    outer loop
      vertex   4.115340e+01 3.295172e+01 2.002832e+01
      vertex   4.509186e+01 3.295172e+01 9.342358e+00
      vertex   4.413004e+01 3.295172e+01 9.062331e+00
    endloop
  endfacet
  facet normal 0.000000e+00 1.000000e+00 0.000000e+00
    outer loop
      vertex   4.115340e+01 3.295172e+01 2.002832e+01
      vertex   4.413004e+01 3.295172e+01 9.062331e+00
      vertex   4.314872e+01 3.295172e+01 8.860992e+00
    endloop
  endfacet
  facet normal 0.000000e+00 1.000000e+00 0.000000e+00
    outer loop
      vertex   4.314872e+01 3.295172e+01 8.860992e+00
      vertex   4.215434e+01 3.295172e+01 8.739658e+00
      vertex   4.115340e+01 3.295172e+01 2.002832e+01
    endloop
  endfacet
  facet normal 0.000000e+00 1.000000e+00 0.000000e+00
    outer loop
      vertex   4.115340e+01 3.295172e+01 2.002832e+01
      vertex   4.215434e+01 3.295172e+01 8.739658e+00
      vertex   4.115340e+01 3.295172e+01 8.699125e+00
    endloop
  endfacet
  facet normal -7.071068e-01 -1.046728e-15 -7.071068e-01
    outer loop
      vertex   4.468750e+01 -1.101438e+01 1.072688e+01
      vertex   5.168750e+01 -1.101438e+01 3.726883e+00
      vertex   4.468750e+01 -1.581438e+01 1.072688e+01
    endloop
  endfacet
  facet normal -7.071068e-01 5.981305e-16 -7.071068e-01
    outer loop
      vertex   4.468750e+01 -1.581438e+01 1.072688e+01
      vertex   5.168750e+01 -1.101438e+01 3.726883e+00
      vertex   5.168750e+01 -1.581438e+01 3.726883e+00
    endloop
  endfacet
  facet normal 0.000000e+00 -1.000000e+00 0.000000e+00
    outer loop
      vertex   5.114320e+01 -1.581392e+01 1.408325e+01
      vertex   5.457034e+01 -1.581392e+01 1.168354e+01
      vertex   5.359336e+01 -1.581392e+01 1.847150e+01
    endloop
  endfacet
  facet normal 0.000000e+00 -1.000000e+00 0.000000e+00
    outer loop
      vertex   5.359336e+01 -1.581392e+01 1.847150e+01
      vertex   5.457034e+01 -1.581392e+01 1.168354e+01
      vertex   5.743822e+01 -1.581392e+01 1.577930e+01
    endloop
  endfacet
  facet normal -0.000000e+00 1.000000e+00 0.000000e+00
    outer loop
      vertex   3.432674e+01 2.756459e+01 2.123300e+01
      vertex   3.432674e+01 2.756459e+01 2.417905e+01
      vertex   3.438832e+01 2.756459e+01 2.122630e+01
    endloop
  endfacet
  facet normal -0.000000e+00 1.000000e+00 -0.000000e+00
    outer loop
      vertex   3.438832e+01 2.756459e+01 2.122630e+01
      vertex   3.432674e+01 2.756459e+01 2.417905e+01
      vertex   3.447750e+01 2.756459e+01 2.112688e+01
    endloop
  endfacet
  facet normal 0.000000e+00 1.000000e+00 -0.000000e+00
    outer loop
      vertex   3.447750e+01 2.756459e+01 2.112688e+01
      vertex   3.432674e+01 2.756459e+01 2.417905e+01
      vertex   3.586700e+01 2.756459e+01 2.417905e+01
    endloop
  endfacet
  facet normal 0.000000e+00 1.000000e+00 0.000000e+00
    outer loop
      vertex   3.447750e+01 2.756459e+01 2.112688e+01
      vertex   3.586700e+01 2.756459e+01 2.417905e+01
      vertex   3.586700e+01 2.756459e+01 2.112688e+01
    endloop
  endfacet
  facet normal -1.119645e-01 -9.937122e-01 -0.000000e+00
    outer loop
      vertex   3.586700e+01 3.086459e+01 2.417905e+01
      vertex   3.586700e+01 3.086459e+01 2.112688e+01
      vertex   3.623416e+01 3.082322e+01 2.417905e+01
    endloop
  endfacet
  facet normal -1.119645e-01 -9.937122e-01 -0.000000e+00
    outer loop
      vertex   3.623416e+01 3.082322e+01 2.417905e+01
      vertex   3.586700e+01 3.086459e+01 2.112688e+01
      vertex   3.623416e+01 3.082322e+01 2.112688e+01
    endloop
  endfacet
  facet normal -3.302791e-01 -9.438833e-01 -0.000000e+00
    outer loop
      vertex   3.623416e+01 3.082322e+01 2.417905e+01
      vertex   3.623416e+01 3.082322e+01 2.112688e+01
      vertex   3.658291e+01 3.070119e+01 2.417905e+01
    endloop
  endfacet
  facet normal -3.302791e-01 -9.438833e-01 -0.000000e+00
    outer loop
      vertex   3.658291e+01 3.070119e+01 2.417905e+01
      vertex   3.623416e+01 3.082322e+01 2.112688e+01
      vertex   3.658291e+01 3.070119e+01 2.112688e+01
    endloop
  endfacet
  facet normal -5.320321e-01 -8.467242e-01 -0.000000e+00
    outer loop
      vertex   3.658291e+01 3.070119e+01 2.417905e+01
      vertex   3.658291e+01 3.070119e+01 2.112688e+01
      vertex   3.689576e+01 3.050461e+01 2.417905e+01
    endloop
  endfacet
  facet normal -5.320321e-01 -8.467242e-01 -0.000000e+00
    outer loop
      vertex   3.689576e+01 3.050461e+01 2.417905e+01
      vertex   3.658291e+01 3.070119e+01 2.112688e+01
      vertex   3.689576e+01 3.050461e+01 2.112688e+01
    endloop
  endfacet
  facet normal -7.071068e-01 -7.071068e-01 -0.000000e+00
    outer loop
      vertex   3.689576e+01 3.050461e+01 2.417905e+01
      vertex   3.689576e+01 3.050461e+01 2.112688e+01
      vertex   3.715702e+01 3.024335e+01 2.417905e+01
    endloop
  endfacet
  facet normal -7.071068e-01 -7.071068e-01 -0.000000e+00
    outer loop
      vertex   3.715702e+01 3.024335e+01 2.417905e+01
      vertex   3.689576e+01 3.050461e+01 2.112688e+01
      vertex   3.715702e+01 3.024335e+01 2.112688e+01
    endloop
  endfacet
  facet normal -8.467242e-01 -5.320321e-01 -0.000000e+00
    outer loop
      vertex   3.715702e+01 3.024335e+01 2.417905e+01
      vertex   3.715702e+01 3.024335e+01 2.112688e+01
      vertex   3.735360e+01 2.993050e+01 2.417905e+01
    endloop
  endfacet
  facet normal -8.467242e-01 -5.320321e-01 -0.000000e+00
    outer loop
      vertex   3.735360e+01 2.993050e+01 2.417905e+01
      vertex   3.715702e+01 3.024335e+01 2.112688e+01
      vertex   3.735360e+01 2.993050e+01 2.112688e+01
    endloop
  endfacet
  facet normal -9.438833e-01 -3.302791e-01 -0.000000e+00
    outer loop
      vertex   3.735360e+01 2.993050e+01 2.417905e+01
      vertex   3.735360e+01 2.993050e+01 2.112688e+01
      vertex   3.747563e+01 2.958175e+01 2.417905e+01
    endloop
  endfacet
  facet normal -9.438833e-01 -3.302791e-01 -0.000000e+00
    outer loop
      vertex   3.747563e+01 2.958175e+01 2.417905e+01
      vertex   3.735360e+01 2.993050e+01 2.112688e+01
      vertex   3.747563e+01 2.958175e+01 2.112688e+01
    endloop
  endfacet
  facet normal -9.937122e-01 -1.119645e-01 -0.000000e+00
    outer loop
      vertex   3.747563e+01 2.958175e+01 2.417905e+01
      vertex   3.747563e+01 2.958175e+01 2.112688e+01
      vertex   3.751700e+01 2.921459e+01 2.417905e+01
    endloop
  endfacet
  facet normal -9.937122e-01 -1.119645e-01 -0.000000e+00
    outer loop
      vertex   3.751700e+01 2.921459e+01 2.417905e+01
      vertex   3.747563e+01 2.958175e+01 2.112688e+01
      vertex   3.751700e+01 2.921459e+01 2.112688e+01
    endloop
  endfacet
  facet normal -9.937122e-01 1.119645e-01 0.000000e+00
    outer loop
      vertex   3.751700e+01 2.921459e+01 2.417905e+01
      vertex   3.751700e+01 2.921459e+01 2.112688e+01
      vertex   3.747563e+01 2.884743e+01 2.417905e+01
    endloop
  endfacet
  facet normal -9.937122e-01 1.119645e-01 0.000000e+00
    outer loop
      vertex   3.747563e+01 2.884743e+01 2.417905e+01
      vertex   3.751700e+01 2.921459e+01 2.112688e+01
      vertex   3.747563e+01 2.884743e+01 2.112688e+01
    endloop
  endfacet
  facet normal -9.438833e-01 3.302791e-01 0.000000e+00
    outer loop
      vertex   3.747563e+01 2.884743e+01 2.417905e+01
      vertex   3.747563e+01 2.884743e+01 2.112688e+01
      vertex   3.735360e+01 2.849868e+01 2.417905e+01
    endloop
  endfacet
  facet normal -9.438833e-01 3.302791e-01 0.000000e+00
    outer loop
      vertex   3.735360e+01 2.849868e+01 2.417905e+01
      vertex   3.747563e+01 2.884743e+01 2.112688e+01
      vertex   3.735360e+01 2.849868e+01 2.112688e+01
    endloop
  endfacet
  facet normal -8.467242e-01 5.320321e-01 0.000000e+00
    outer loop
      vertex   3.735360e+01 2.849868e+01 2.417905e+01
      vertex   3.735360e+01 2.849868e+01 2.112688e+01
      vertex   3.715702e+01 2.818583e+01 2.417905e+01
    endloop
  endfacet
  facet normal -8.467242e-01 5.320321e-01 0.000000e+00
    outer loop
      vertex   3.715702e+01 2.818583e+01 2.417905e+01
      vertex   3.735360e+01 2.849868e+01 2.112688e+01
      vertex   3.715702e+01 2.818583e+01 2.112688e+01
    endloop
  endfacet
  facet normal -7.071068e-01 7.071068e-01 0.000000e+00
    outer loop
      vertex   3.715702e+01 2.818583e+01 2.417905e+01
      vertex   3.715702e+01 2.818583e+01 2.112688e+01
      vertex   3.689576e+01 2.792457e+01 2.417905e+01
    endloop
  endfacet
  facet normal -7.071068e-01 7.071068e-01 0.000000e+00
    outer loop
      vertex   3.689576e+01 2.792457e+01 2.417905e+01
      vertex   3.715702e+01 2.818583e+01 2.112688e+01
      vertex   3.689576e+01 2.792457e+01 2.112688e+01
    endloop
  endfacet
  facet normal -5.320321e-01 8.467242e-01 0.000000e+00
    outer loop
      vertex   3.689576e+01 2.792457e+01 2.417905e+01
      vertex   3.689576e+01 2.792457e+01 2.112688e+01
      vertex   3.658291e+01 2.772799e+01 2.417905e+01
    endloop
  endfacet
  facet normal -5.320321e-01 8.467242e-01 0.000000e+00
    outer loop
      vertex   3.658291e+01 2.772799e+01 2.417905e+01
      vertex   3.689576e+01 2.792457e+01 2.112688e+01
      vertex   3.658291e+01 2.772799e+01 2.112688e+01
    endloop
  endfacet
  facet normal -3.302791e-01 9.438833e-01 0.000000e+00
    outer loop
      vertex   3.658291e+01 2.772799e+01 2.417905e+01
      vertex   3.658291e+01 2.772799e+01 2.112688e+01
      vertex   3.623416e+01 2.760596e+01 2.417905e+01
    endloop
  endfacet
  facet normal -3.302791e-01 9.438833e-01 0.000000e+00
    outer loop
      vertex   3.623416e+01 2.760596e+01 2.417905e+01
      vertex   3.658291e+01 2.772799e+01 2.112688e+01
      vertex   3.623416e+01 2.760596e+01 2.112688e+01
    endloop
  endfacet
  facet normal -1.119645e-01 9.937122e-01 0.000000e+00
    outer loop
      vertex   3.623416e+01 2.760596e+01 2.417905e+01
      vertex   3.623416e+01 2.760596e+01 2.112688e+01
      vertex   3.586700e+01 2.756459e+01 2.417905e+01
    endloop
  endfacet
  facet normal -1.119645e-01 9.937122e-01 0.000000e+00
    outer loop
      vertex   3.586700e+01 2.756459e+01 2.417905e+01
      vertex   3.623416e+01 2.760596e+01 2.112688e+01
      vertex   3.586700e+01 2.756459e+01 2.112688e+01
    endloop
  endfacet
  facet normal 0.000000e+00 -1.000000e+00 0.000000e+00
    outer loop
      vertex   3.432674e+01 3.086459e+01 2.123300e+01
      vertex   3.438832e+01 3.086459e+01 2.122630e+01
      vertex   3.432674e+01 3.086459e+01 2.417905e+01
    endloop
  endfacet
  facet normal 0.000000e+00 -1.000000e+00 0.000000e+00
    outer loop
      vertex   3.432674e+01 3.086459e+01 2.417905e+01
      vertex   3.438832e+01 3.086459e+01 2.122630e+01
      vertex   3.447750e+01 3.086459e+01 2.112688e+01
    endloop
  endfacet
  facet normal -4.613141e-15 -1.000000e+00 -2.278559e-16
    outer loop
      vertex   3.432674e+01 3.086459e+01 2.417905e+01
      vertex   3.447750e+01 3.086459e+01 2.112688e+01
      vertex   3.586700e+01 3.086459e+01 2.417905e+01
    endloop
  endfacet
  facet normal -5.113647e-15 -1.000000e+00 -0.000000e+00
    outer loop
      vertex   3.586700e+01 3.086459e+01 2.417905e+01
      vertex   3.447750e+01 3.086459e+01 2.112688e+01
      vertex   3.586700e+01 3.086459e+01 2.112688e+01
    endloop
  endfacet
  facet normal 1.119645e-01 9.937122e-01 -0.000000e+00
    outer loop
      vertex   3.432674e+01 2.756459e+01 2.123300e+01
      vertex   3.395959e+01 2.760596e+01 2.127295e+01
      vertex   3.432674e+01 2.756459e+01 2.417905e+01
    endloop
  endfacet
  facet normal 1.119645e-01 9.937122e-01 0.000000e+00
    outer loop
      vertex   3.432674e+01 2.756459e+01 2.417905e+01
      vertex   3.395959e+01 2.760596e+01 2.127295e+01
      vertex   3.395959e+01 2.760596e+01 2.417905e+01
    endloop
  endfacet
  facet normal 3.302791e-01 9.438833e-01 0.000000e+00
    outer loop
      vertex   3.395959e+01 2.760596e+01 2.417905e+01
      vertex   3.395959e+01 2.760596e+01 2.127295e+01
      vertex   3.361084e+01 2.772799e+01 2.131090e+01
    endloop
  endfacet
  facet normal 3.302791e-01 9.438833e-01 0.000000e+00
    outer loop
      vertex   3.395959e+01 2.760596e+01 2.417905e+01
      vertex   3.361084e+01 2.772799e+01 2.131090e+01
      vertex   3.361084e+01 2.772799e+01 2.417905e+01
    endloop
  endfacet
  facet normal 5.320321e-01 8.467242e-01 0.000000e+00
    outer loop
      vertex   3.361084e+01 2.772799e+01 2.417905e+01
      vertex   3.361084e+01 2.772799e+01 2.131090e+01
      vertex   3.329799e+01 2.792457e+01 2.134494e+01
    endloop
  endfacet
  facet normal 5.320321e-01 8.467242e-01 0.000000e+00
    outer loop
      vertex   3.361084e+01 2.772799e+01 2.417905e+01
      vertex   3.329799e+01 2.792457e+01 2.134494e+01
      vertex   3.329799e+01 2.792457e+01 2.417905e+01
    endloop
  endfacet
  facet normal 7.071068e-01 7.071068e-01 0.000000e+00
    outer loop
      vertex   3.329799e+01 2.792457e+01 2.417905e+01
      vertex   3.329799e+01 2.792457e+01 2.134494e+01
      vertex   3.303672e+01 2.818583e+01 2.137337e+01
    endloop
  endfacet
  facet normal 7.071068e-01 7.071068e-01 1.780487e-15
    outer loop
      vertex   3.329799e+01 2.792457e+01 2.417905e+01
      vertex   3.303672e+01 2.818583e+01 2.137337e+01
      vertex   3.303672e+01 2.818583e+01 2.417905e+01
    endloop
  endfacet
  facet normal 8.467242e-01 5.320321e-01 1.347377e-15
    outer loop
      vertex   3.303672e+01 2.818583e+01 2.417905e+01
      vertex   3.303672e+01 2.818583e+01 2.137337e+01
      vertex   3.284015e+01 2.849868e+01 2.139476e+01
    endloop
  endfacet
  facet normal 8.467242e-01 5.320321e-01 0.000000e+00
    outer loop
      vertex   3.303672e+01 2.818583e+01 2.417905e+01
      vertex   3.284015e+01 2.849868e+01 2.139476e+01
      vertex   3.284015e+01 2.849868e+01 2.417905e+01
    endloop
  endfacet
  facet normal 9.438833e-01 3.302791e-01 0.000000e+00
    outer loop
      vertex   3.284015e+01 2.849868e+01 2.417905e+01
      vertex   3.284015e+01 2.849868e+01 2.139476e+01
      vertex   3.271811e+01 2.884743e+01 2.140804e+01
    endloop
  endfacet
  facet normal 9.438833e-01 3.302791e-01 0.000000e+00
    outer loop
      vertex   3.284015e+01 2.849868e+01 2.417905e+01
      vertex   3.271811e+01 2.884743e+01 2.140804e+01
      vertex   3.271811e+01 2.884743e+01 2.417905e+01
    endloop
  endfacet
  facet normal 9.937122e-01 1.119645e-01 0.000000e+00
    outer loop
      vertex   3.271811e+01 2.884743e+01 2.417905e+01
      vertex   3.271811e+01 2.884743e+01 2.140804e+01
      vertex   3.267674e+01 2.921459e+01 2.141254e+01
    endloop
  endfacet
  facet normal 9.937122e-01 1.119645e-01 0.000000e+00
    outer loop
      vertex   3.271811e+01 2.884743e+01 2.417905e+01
      vertex   3.267674e+01 2.921459e+01 2.141254e+01
      vertex   3.267674e+01 2.921459e+01 2.417905e+01
    endloop
  endfacet
  facet normal 9.937122e-01 -1.119645e-01 0.000000e+00
    outer loop
      vertex   3.267674e+01 2.921459e+01 2.417905e+01
      vertex   3.267674e+01 2.921459e+01 2.141254e+01
      vertex   3.271811e+01 2.958175e+01 2.417905e+01
    endloop
  endfacet
  facet normal 9.937122e-01 -1.119645e-01 0.000000e+00
    outer loop
      vertex   3.271811e+01 2.958175e+01 2.417905e+01
      vertex   3.267674e+01 2.921459e+01 2.141254e+01
      vertex   3.271811e+01 2.958175e+01 2.140804e+01
    endloop
  endfacet
  facet normal 9.438833e-01 -3.302791e-01 0.000000e+00
    outer loop
      vertex   3.271811e+01 2.958175e+01 2.417905e+01
      vertex   3.271811e+01 2.958175e+01 2.140804e+01
      vertex   3.284015e+01 2.993050e+01 2.417905e+01
    endloop
  endfacet
  facet normal 9.438833e-01 -3.302791e-01 0.000000e+00
    outer loop
      vertex   3.284015e+01 2.993050e+01 2.417905e+01
      vertex   3.271811e+01 2.958175e+01 2.140804e+01
      vertex   3.284015e+01 2.993050e+01 2.139476e+01
    endloop
  endfacet
  facet normal 8.467242e-01 -5.320321e-01 0.000000e+00
    outer loop
      vertex   3.284015e+01 2.993050e+01 2.417905e+01
      vertex   3.284015e+01 2.993050e+01 2.139476e+01
      vertex   3.303672e+01 3.024335e+01 2.417905e+01
    endloop
  endfacet
  facet normal 8.467242e-01 -5.320321e-01 0.000000e+00
    outer loop
      vertex   3.303672e+01 3.024335e+01 2.417905e+01
      vertex   3.284015e+01 2.993050e+01 2.139476e+01
      vertex   3.303672e+01 3.024335e+01 2.137337e+01
    endloop
  endfacet
  facet normal 7.071068e-01 -7.071068e-01 0.000000e+00
    outer loop
      vertex   3.303672e+01 3.024335e+01 2.417905e+01
      vertex   3.303672e+01 3.024335e+01 2.137337e+01
      vertex   3.329799e+01 3.050461e+01 2.417905e+01
    endloop
  endfacet
  facet normal 7.071068e-01 -7.071068e-01 0.000000e+00
    outer loop
      vertex   3.329799e+01 3.050461e+01 2.417905e+01
      vertex   3.303672e+01 3.024335e+01 2.137337e+01
      vertex   3.329799e+01 3.050461e+01 2.134494e+01
    endloop
  endfacet
  facet normal 5.320321e-01 -8.467242e-01 0.000000e+00
    outer loop
      vertex   3.329799e+01 3.050461e+01 2.417905e+01
      vertex   3.329799e+01 3.050461e+01 2.134494e+01
      vertex   3.361084e+01 3.070119e+01 2.417905e+01
    endloop
  endfacet
  facet normal 5.320321e-01 -8.467242e-01 0.000000e+00
    outer loop
      vertex   3.361084e+01 3.070119e+01 2.417905e+01
      vertex   3.329799e+01 3.050461e+01 2.134494e+01
      vertex   3.361084e+01 3.070119e+01 2.131090e+01
    endloop
  endfacet
  facet normal 3.302791e-01 -9.438833e-01 0.000000e+00
    outer loop
      vertex   3.361084e+01 3.070119e+01 2.417905e+01
      vertex   3.361084e+01 3.070119e+01 2.131090e+01
      vertex   3.395959e+01 3.082322e+01 2.417905e+01
    endloop
  endfacet
  facet normal 3.302791e-01 -9.438833e-01 0.000000e+00
    outer loop
      vertex   3.395959e+01 3.082322e+01 2.417905e+01
      vertex   3.361084e+01 3.070119e+01 2.131090e+01
      vertex   3.395959e+01 3.082322e+01 2.127295e+01
    endloop
  endfacet
  facet normal 1.119645e-01 -9.937122e-01 0.000000e+00
    outer loop
      vertex   3.395959e+01 3.082322e+01 2.417905e+01
      vertex   3.395959e+01 3.082322e+01 2.127295e+01
      vertex   3.432674e+01 3.086459e+01 2.417905e+01
    endloop
  endfacet
  facet normal 1.119645e-01 -9.937122e-01 0.000000e+00
    outer loop
      vertex   3.432674e+01 3.086459e+01 2.417905e+01
      vertex   3.395959e+01 3.082322e+01 2.127295e+01
      vertex   3.432674e+01 3.086459e+01 2.123300e+01
    endloop
  endfacet
  facet normal 0.000000e+00 0.000000e+00 -1.000000e+00
    outer loop
      vertex   3.447750e+01 2.756459e+01 2.112688e+01
      vertex   3.586700e+01 2.756459e+01 2.112688e+01
      vertex   3.447750e+01 2.461519e+01 2.112688e+01
    endloop
  endfacet
  facet normal 0.000000e+00 0.000000e+00 -1.000000e+00
    outer loop
      vertex   3.447750e+01 2.461519e+01 2.112688e+01
      vertex   3.586700e+01 2.756459e+01 2.112688e+01
      vertex   3.623416e+01 2.760596e+01 2.112688e+01
    endloop
  endfacet
  facet normal 0.000000e+00 0.000000e+00 -1.000000e+00
    outer loop
      vertex   3.447750e+01 2.461519e+01 2.112688e+01
      vertex   3.623416e+01 2.760596e+01 2.112688e+01
      vertex   3.859687e+01 2.461519e+01 2.112688e+01
    endloop
  endfacet
  facet normal 0.000000e+00 0.000000e+00 -1.000000e+00
    outer loop
      vertex   3.859687e+01 2.461519e+01 2.112688e+01
      vertex   3.623416e+01 2.760596e+01 2.112688e+01
      vertex   3.658291e+01 2.772799e+01 2.112688e+01
    endloop
  endfacet
  facet normal 0.000000e+00 0.000000e+00 -1.000000e+00
    outer loop
      vertex   3.859687e+01 2.461519e+01 2.112688e+01
      vertex   3.658291e+01 2.772799e+01 2.112688e+01
      vertex   3.689576e+01 2.792457e+01 2.112688e+01
    endloop
  endfacet
  facet normal 0.000000e+00 0.000000e+00 -1.000000e+00
    outer loop
      vertex   3.689576e+01 2.792457e+01 2.112688e+01
      vertex   3.715702e+01 2.818583e+01 2.112688e+01
      vertex   3.859687e+01 2.461519e+01 2.112688e+01
    endloop
  endfacet
  facet normal 0.000000e+00 0.000000e+00 -1.000000e+00
    outer loop
      vertex   3.859687e+01 2.461519e+01 2.112688e+01
      vertex   3.715702e+01 2.818583e+01 2.112688e+01
      vertex   3.735360e+01 2.849868e+01 2.112688e+01
    endloop
  endfacet
  facet normal 0.000000e+00 0.000000e+00 -1.000000e+00
    outer loop
      vertex   3.859687e+01 2.461519e+01 2.112688e+01
      vertex   3.735360e+01 2.849868e+01 2.112688e+01
      vertex   3.747563e+01 2.884743e+01 2.112688e+01
    endloop
  endfacet
  facet normal 0.000000e+00 0.000000e+00 -1.000000e+00
    outer loop
      vertex   3.747563e+01 2.884743e+01 2.112688e+01
      vertex   3.751700e+01 2.921459e+01 2.112688e+01
      vertex   3.859687e+01 2.461519e+01 2.112688e+01
    endloop
  endfacet
  facet normal 0.000000e+00 0.000000e+00 -1.000000e+00
    outer loop
      vertex   3.859687e+01 2.461519e+01 2.112688e+01
      vertex   3.751700e+01 2.921459e+01 2.112688e+01
      vertex   4.108385e+01 3.381400e+01 2.112688e+01
    endloop
  endfacet
  facet normal 0.000000e+00 0.000000e+00 -1.000000e+00
    outer loop
      vertex   3.859687e+01 2.461519e+01 2.112688e+01
      vertex   4.108385e+01 3.381400e+01 2.112688e+01
      vertex   4.108385e+01 1.895665e+01 2.112688e+01
    endloop
  endfacet
  facet normal 0.000000e+00 0.000000e+00 -1.000000e+00
    outer loop
      vertex   3.751700e+01 2.921459e+01 2.112688e+01
      vertex   3.747563e+01 2.958175e+01 2.112688e+01
      vertex   4.108385e+01 3.381400e+01 2.112688e+01
    endloop
  endfacet
  facet normal 0.000000e+00 0.000000e+00 -1.000000e+00
    outer loop
      vertex   4.108385e+01 3.381400e+01 2.112688e+01
      vertex   3.747563e+01 2.958175e+01 2.112688e+01
      vertex   3.735360e+01 2.993050e+01 2.112688e+01
    endloop
  endfacet
  facet normal 0.000000e+00 0.000000e+00 -1.000000e+00
    outer loop
      vertex   4.108385e+01 3.381400e+01 2.112688e+01
      vertex   3.735360e+01 2.993050e+01 2.112688e+01
      vertex   3.715702e+01 3.024335e+01 2.112688e+01
    endloop
  endfacet
  facet normal 0.000000e+00 0.000000e+00 -1.000000e+00
    outer loop
      vertex   3.715702e+01 3.024335e+01 2.112688e+01
      vertex   3.689576e+01 3.050461e+01 2.112688e+01
      vertex   4.108385e+01 3.381400e+01 2.112688e+01
    endloop
  endfacet
  facet normal -0.000000e+00 0.000000e+00 -1.000000e+00
    outer loop
      vertex   4.108385e+01 3.381400e+01 2.112688e+01
      vertex   3.689576e+01 3.050461e+01 2.112688e+01
      vertex   3.447750e+01 3.381400e+01 2.112688e+01
    endloop
  endfacet
  facet normal 0.000000e+00 0.000000e+00 -1.000000e+00
    outer loop
      vertex   3.447750e+01 3.381400e+01 2.112688e+01
      vertex   3.689576e+01 3.050461e+01 2.112688e+01
      vertex   3.658291e+01 3.070119e+01 2.112688e+01
    endloop
  endfacet
  facet normal 0.000000e+00 0.000000e+00 -1.000000e+00
    outer loop
      vertex   3.447750e+01 3.381400e+01 2.112688e+01
      vertex   3.658291e+01 3.070119e+01 2.112688e+01
      vertex   3.623416e+01 3.082322e+01 2.112688e+01
    endloop
  endfacet
  facet normal 0.000000e+00 0.000000e+00 -1.000000e+00
    outer loop
      vertex   3.623416e+01 3.082322e+01 2.112688e+01
      vertex   3.586700e+01 3.086459e+01 2.112688e+01
      vertex   3.447750e+01 3.381400e+01 2.112688e+01
    endloop
  endfacet
  facet normal 0.000000e+00 0.000000e+00 -1.000000e+00
    outer loop
      vertex   3.447750e+01 3.381400e+01 2.112688e+01
      vertex   3.586700e+01 3.086459e+01 2.112688e+01
      vertex   3.447750e+01 3.086459e+01 2.112688e+01
    endloop
  endfacet
  facet normal 0.000000e+00 0.000000e+00 -1.000000e+00
    outer loop
      vertex   3.859687e+01 2.461519e+01 2.112688e+01
      vertex   4.108385e+01 1.895665e+01 2.112688e+01
      vertex   3.859687e+01 1.055669e+01 2.112688e+01
    endloop
  endfacet
  facet normal 0.000000e+00 0.000000e+00 -1.000000e+00
    outer loop
      vertex   3.859687e+01 1.055669e+01 2.112688e+01
      vertex   4.108385e+01 1.895665e+01 2.112688e+01
      vertex   4.108385e+01 1.422054e+01 2.112688e+01
    endloop
  endfacet
  facet normal 0.000000e+00 0.000000e+00 -1.000000e+00
    outer loop
      vertex   3.859687e+01 1.055669e+01 2.112688e+01
      vertex   4.108385e+01 1.422054e+01 2.112688e+01
      vertex   4.108385e+01 8.519479e+00 2.112688e+01
    endloop
  endfacet
  facet normal -7.443707e-01 0.000000e+00 -6.677667e-01
    outer loop
      vertex   3.447750e+01 3.086459e+01 2.112688e+01
      vertex   3.438832e+01 3.086459e+01 2.122630e+01
      vertex   3.447750e+01 3.381400e+01 2.112688e+01
    endloop
  endfacet
  facet normal -7.443707e-01 -3.399837e-15 -6.677667e-01
    outer loop
      vertex   3.447750e+01 3.381400e+01 2.112688e+01
      vertex   3.438832e+01 3.086459e+01 2.122630e+01
      vertex   3.438832e+01 3.381400e+01 2.122630e+01
    endloop
  endfacet
  facet normal -7.443707e-01 -0.000000e+00 -6.677667e-01
    outer loop
      vertex   3.438832e+01 2.756459e+01 2.122630e+01
      vertex   3.447750e+01 2.756459e+01 2.112688e+01
      vertex   3.438832e+01 2.461519e+01 2.122630e+01
    endloop
  endfacet
  facet normal -7.443707e-01 -1.792401e-15 -6.677667e-01
    outer loop
      vertex   3.438832e+01 2.461519e+01 2.122630e+01
      vertex   3.447750e+01 2.756459e+01 2.112688e+01
      vertex   3.447750e+01 2.461519e+01 2.112688e+01
    endloop
  endfacet
  facet normal -9.999986e-01 5.754405e-16 1.701772e-03
    outer loop
      vertex   3.859687e+01 2.461519e+01 2.286828e+01
      vertex   3.859687e+01 1.155552e+01 2.286828e+01
      vertex   3.859910e+01 2.461519e+01 2.417905e+01
    endloop
  endfacet
  facet normal -9.999986e-01 -2.717229e-16 1.701772e-03
    outer loop
      vertex   3.859910e+01 2.461519e+01 2.417905e+01
      vertex   3.859687e+01 1.155552e+01 2.286828e+01
      vertex   3.860134e+01 1.305552e+01 2.548982e+01
    endloop
  endfacet
  facet normal -9.999986e-01 0.000000e+00 1.701772e-03
    outer loop
      vertex   3.859910e+01 2.461519e+01 2.417905e+01
      vertex   3.860134e+01 1.305552e+01 2.548982e+01
      vertex   3.860134e+01 3.381400e+01 2.548982e+01
    endloop
  endfacet
  facet normal -9.999986e-01 0.000000e+00 1.701772e-03
    outer loop
      vertex   3.860134e+01 3.381400e+01 2.548982e+01
      vertex   3.859910e+01 3.381400e+01 2.417905e+01
      vertex   3.859910e+01 2.461519e+01 2.417905e+01
    endloop
  endfacet
  facet normal -8.191520e-01 0.000000e+00 5.735764e-01
    outer loop
      vertex   4.023603e+01 1.305552e+01 2.782441e+01
      vertex   4.023603e+01 3.381400e+01 2.782441e+01
      vertex   3.860134e+01 1.305552e+01 2.548982e+01
    endloop
  endfacet
  facet normal -8.191520e-01 0.000000e+00 5.735764e-01
    outer loop
      vertex   3.860134e+01 1.305552e+01 2.548982e+01
      vertex   4.023603e+01 3.381400e+01 2.782441e+01
      vertex   3.860134e+01 3.381400e+01 2.548982e+01
    endloop
  endfacet
  facet normal 5.735764e-01 -1.023063e-15 8.191520e-01
    outer loop
      vertex   5.071750e+01 2.600002e-01 2.048520e+01
      vertex   4.270891e+01 1.275062e+01 2.609287e+01
      vertex   4.023603e+01 1.305552e+01 2.782441e+01
    endloop
  endfacet
  facet normal 5.735764e-01 -1.011474e-14 8.191520e-01
    outer loop
      vertex   4.023603e+01 1.305552e+01 2.782441e+01
      vertex   4.270891e+01 1.275062e+01 2.609287e+01
      vertex   4.227089e+01 1.295006e+01 2.639958e+01
    endloop
  endfacet
  facet normal 5.735764e-01 9.213233e-15 8.191520e-01
    outer loop
      vertex   4.023603e+01 1.305552e+01 2.782441e+01
      vertex   4.227089e+01 1.295006e+01 2.639958e+01
      vertex   4.186057e+01 1.322358e+01 2.668689e+01
    endloop
  endfacet
  facet normal 5.735764e-01 1.882329e-10 8.191520e-01
    outer loop
      vertex   5.071750e+01 -1.930643e+01 2.048520e+01
      vertex   5.359336e+01 -1.581392e+01 1.847150e+01
      vertex   5.071750e+01 2.600002e-01 2.048520e+01
    endloop
  endfacet
  facet normal 5.735764e-01 2.962352e-16 8.191520e-01
    outer loop
      vertex   5.071750e+01 2.600002e-01 2.048520e+01
      vertex   5.359336e+01 -1.581392e+01 1.847150e+01
      vertex   5.273743e+01 9.261722e-01 1.907083e+01
    endloop
  endfacet
  facet normal 5.735764e-01 6.607560e-15 8.191520e-01
    outer loop
      vertex   5.071750e+01 2.600002e-01 2.048520e+01
      vertex   5.273743e+01 9.261722e-01 1.907083e+01
      vertex   5.232711e+01 1.199686e+00 1.935814e+01
    endloop
  endfacet
  facet normal 5.735764e-01 3.317644e-16 8.191520e-01
    outer loop
      vertex   5.743822e+01 -1.581392e+01 1.577930e+01
      vertex   5.502171e+01 7.267283e-01 1.747136e+01
      vertex   5.359336e+01 -1.581392e+01 1.847150e+01
    endloop
  endfacet
  facet normal 5.735764e-01 4.557815e-16 8.191520e-01
    outer loop
      vertex   5.359336e+01 -1.581392e+01 1.847150e+01
      vertex   5.502171e+01 7.267283e-01 1.747136e+01
      vertex   5.456489e+01 6.054145e-01 1.779123e+01
    endloop
  endfacet
  facet normal 5.735764e-01 5.910158e-16 8.191520e-01
    outer loop
      vertex   5.359336e+01 -1.581392e+01 1.847150e+01
      vertex   5.456489e+01 6.054145e-01 1.779123e+01
      vertex   5.409858e+01 5.647002e-01 1.811774e+01
    endloop
  endfacet
  facet normal 5.735764e-01 0.000000e+00 8.191520e-01
    outer loop
      vertex   5.743822e+01 3.381400e+01 1.577930e+01
      vertex   5.737519e+01 4.564700e+00 1.582344e+01
      vertex   5.743822e+01 -1.581392e+01 1.577930e+01
    endloop
  endfacet
  facet normal 5.735764e-01 3.664055e-16 8.191520e-01
    outer loop
      vertex   5.743822e+01 -1.581392e+01 1.577930e+01
      vertex   5.737519e+01 4.564700e+00 1.582344e+01
      vertex   5.734184e+01 3.995441e+00 1.584679e+01
    endloop
  endfacet
  facet normal 5.735764e-01 5.171635e-16 8.191520e-01
    outer loop
      vertex   5.743822e+01 -1.581392e+01 1.577930e+01
      vertex   5.734184e+01 3.995441e+00 1.584679e+01
      vertex   5.724246e+01 3.437770e+00 1.591637e+01
    endloop
  endfacet
  facet normal 5.735764e-01 1.429421e-16 8.191520e-01
    outer loop
      vertex   4.023603e+01 3.381400e+01 2.782441e+01
      vertex   4.577776e+01 1.961159e+01 2.394404e+01
      vertex   5.743822e+01 3.381400e+01 1.577930e+01
    endloop
  endfacet
  facet normal 5.735764e-01 0.000000e+00 8.191520e-01
    outer loop
      vertex   5.743822e+01 3.381400e+01 1.577930e+01
      vertex   4.577776e+01 1.961159e+01 2.394404e+01
      vertex   4.610834e+01 1.920804e+01 2.371257e+01
    endloop
  endfacet
  facet normal 5.735764e-01 -5.580047e-17 8.191520e-01
    outer loop
      vertex   5.743822e+01 3.381400e+01 1.577930e+01
      vertex   4.610834e+01 1.920804e+01 2.371257e+01
      vertex   5.308794e+01 1.899939e+01 1.882540e+01
    endloop
  endfacet
  facet normal 5.735764e-01 0.000000e+00 8.191520e-01
    outer loop
      vertex   5.308794e+01 1.899939e+01 1.882540e+01
      vertex   4.610834e+01 1.920804e+01 2.371257e+01
      vertex   4.638850e+01 1.875116e+01 2.351640e+01
    endloop
  endfacet
  facet normal 5.735764e-01 -8.495523e-15 8.191520e-01
    outer loop
      vertex   5.308794e+01 1.899939e+01 1.882540e+01
      vertex   4.638850e+01 1.875116e+01 2.351640e+01
      vertex   5.301498e+01 1.887125e+01 1.887649e+01
    endloop
  endfacet
  facet normal 5.735764e-01 8.697241e-16 8.191520e-01
    outer loop
      vertex   5.301498e+01 1.887125e+01 1.887649e+01
      vertex   4.638850e+01 1.875116e+01 2.351640e+01
      vertex   4.661255e+01 1.825025e+01 2.335952e+01
    endloop
  endfacet
  facet normal 5.735764e-01 1.293268e-14 8.191520e-01
    outer loop
      vertex   5.301498e+01 1.887125e+01 1.887649e+01
      vertex   4.661255e+01 1.825025e+01 2.335952e+01
      vertex   5.296034e+01 1.873498e+01 1.891475e+01
    endloop
  endfacet
  facet normal 5.735764e-01 0.000000e+00 8.191520e-01
    outer loop
      vertex   5.296034e+01 1.873498e+01 1.891475e+01
      vertex   4.661255e+01 1.825025e+01 2.335952e+01
      vertex   4.677592e+01 1.771552e+01 2.324512e+01
    endloop
  endfacet
  facet normal 5.735764e-01 3.626066e-14 8.191520e-01
    outer loop
      vertex   5.296034e+01 1.873498e+01 1.891475e+01
      vertex   4.677592e+01 1.771552e+01 2.324512e+01
      vertex   5.293430e+01 1.858600e+01 1.893298e+01
    endloop
  endfacet
  facet normal 5.735764e-01 0.000000e+00 8.191520e-01
    outer loop
      vertex   5.293430e+01 1.858600e+01 1.893298e+01
      vertex   4.677592e+01 1.771552e+01 2.324512e+01
      vertex   4.687530e+01 1.715785e+01 2.317554e+01
    endloop
  endfacet
  facet normal 5.735764e-01 -5.139199e-14 8.191520e-01
    outer loop
      vertex   5.293430e+01 1.858600e+01 1.893298e+01
      vertex   4.687530e+01 1.715785e+01 2.317554e+01
      vertex   5.292450e+01 1.842981e+01 1.893984e+01
    endloop
  endfacet
  facet normal 5.735764e-01 -5.843820e-15 8.191520e-01
    outer loop
      vertex   5.292450e+01 1.842981e+01 1.893984e+01
      vertex   4.687530e+01 1.715785e+01 2.317554e+01
      vertex   4.690865e+01 1.658859e+01 2.315219e+01
    endloop
  endfacet
  facet normal 5.735764e-01 1.941873e-15 8.191520e-01
    outer loop
      vertex   5.292450e+01 1.842981e+01 1.893984e+01
      vertex   4.690865e+01 1.658859e+01 2.315219e+01
      vertex   5.292887e+01 1.559353e+01 1.893678e+01
    endloop
  endfacet
  facet normal 5.735764e-01 -6.324951e-14 8.191520e-01
    outer loop
      vertex   5.292887e+01 1.559353e+01 1.893678e+01
      vertex   4.690865e+01 1.658859e+01 2.315219e+01
      vertex   5.292450e+01 1.550178e+01 1.893984e+01
    endloop
  endfacet
  facet normal 5.735764e-01 2.269183e-16 8.191520e-01
    outer loop
      vertex   5.292450e+01 1.550178e+01 1.893984e+01
      vertex   4.690865e+01 1.658859e+01 2.315219e+01
      vertex   5.134212e+01 6.727263e+00 2.004784e+01
    endloop
  endfacet
  facet normal 5.735764e-01 -3.039618e-15 8.191520e-01
    outer loop
      vertex   5.292450e+01 1.550178e+01 1.893984e+01
      vertex   5.134212e+01 6.727263e+00 2.004784e+01
      vertex   5.162229e+01 7.184143e+00 1.985166e+01
    endloop
  endfacet
  facet normal 5.735764e-01 -0.000000e+00 8.191520e-01
    outer loop
      vertex   4.023603e+01 1.305552e+01 2.782441e+01
      vertex   4.035543e+01 1.658859e+01 2.774080e+01
      vertex   4.023603e+01 3.381400e+01 2.782441e+01
    endloop
  endfacet
  facet normal 5.735764e-01 2.897482e-16 8.191520e-01
    outer loop
      vertex   4.023603e+01 3.381400e+01 2.782441e+01
      vertex   4.035543e+01 1.658859e+01 2.774080e+01
      vertex   4.038878e+01 1.715785e+01 2.771745e+01
    endloop
  endfacet
  facet normal 5.735764e-01 8.148550e-16 8.191520e-01
    outer loop
      vertex   4.023603e+01 3.381400e+01 2.782441e+01
      vertex   4.038878e+01 1.715785e+01 2.771745e+01
      vertex   4.048816e+01 1.771552e+01 2.764786e+01
    endloop
  endfacet
  facet normal 5.735764e-01 -5.707704e-15 8.191520e-01
    outer loop
      vertex   5.456489e+01 8.523986e+00 1.779123e+01
      vertex   5.498076e+01 1.132374e+01 1.750003e+01
      vertex   5.409858e+01 8.564700e+00 1.811774e+01
    endloop
  endfacet
  facet normal 5.735764e-01 4.844826e-15 8.191520e-01
    outer loop
      vertex   5.409858e+01 8.564700e+00 1.811774e+01
      vertex   5.498076e+01 1.132374e+01 1.750003e+01
      vertex   5.293288e+01 1.132374e+01 1.893397e+01
    endloop
  endfacet
  facet normal 5.735764e-01 -9.169200e-15 8.191520e-01
    outer loop
      vertex   5.409858e+01 8.564700e+00 1.811774e+01
      vertex   5.293288e+01 1.132374e+01 1.893397e+01
      vertex   5.363227e+01 8.523986e+00 1.844426e+01
    endloop
  endfacet
  facet normal 5.735764e-01 -9.502364e-16 8.191520e-01
    outer loop
      vertex   5.363227e+01 8.523986e+00 1.844426e+01
      vertex   5.293288e+01 1.132374e+01 1.893397e+01
      vertex   5.317545e+01 8.402672e+00 1.876412e+01
    endloop
  endfacet
  facet normal 5.735764e-01 2.568306e-16 8.191520e-01
    outer loop
      vertex   5.317545e+01 8.402672e+00 1.876412e+01
      vertex   5.293288e+01 1.132374e+01 1.893397e+01
      vertex   5.273743e+01 8.203228e+00 1.907083e+01
    endloop
  endfacet
  facet normal 5.735764e-01 1.964257e-15 8.191520e-01
    outer loop
      vertex   5.273743e+01 8.203228e+00 1.907083e+01
      vertex   5.293288e+01 1.132374e+01 1.893397e+01
      vertex   5.232711e+01 7.929714e+00 1.935814e+01
    endloop
  endfacet
  facet normal 5.735764e-01 -1.753787e-15 8.191520e-01
    outer loop
      vertex   5.232711e+01 7.929714e+00 1.935814e+01
      vertex   5.293288e+01 1.132374e+01 1.893397e+01
      vertex   5.195286e+01 7.587699e+00 1.962019e+01
    endloop
  endfacet
  facet normal 5.735764e-01 0.000000e+00 8.191520e-01
    outer loop
      vertex   5.195286e+01 7.587699e+00 1.962019e+01
      vertex   5.293288e+01 1.132374e+01 1.893397e+01
      vertex   5.293288e+01 1.243220e+01 1.893397e+01
    endloop
  endfacet
  facet normal 5.735764e-01 -2.507440e-15 8.191520e-01
    outer loop
      vertex   5.195286e+01 7.587699e+00 1.962019e+01
      vertex   5.293288e+01 1.243220e+01 1.893397e+01
      vertex   5.162229e+01 7.184143e+00 1.985166e+01
    endloop
  endfacet
  facet normal 5.735764e-01 -5.690758e-14 8.191520e-01
    outer loop
      vertex   5.162229e+01 7.184143e+00 1.985166e+01
      vertex   5.293288e+01 1.243220e+01 1.893397e+01
      vertex   5.293469e+01 1.256138e+01 1.893271e+01
    endloop
  endfacet
  facet normal 5.735764e-01 1.519222e-15 8.191520e-01
    outer loop
      vertex   5.162229e+01 7.184143e+00 1.985166e+01
      vertex   5.293469e+01 1.256138e+01 1.893271e+01
      vertex   5.293230e+01 1.537956e+01 1.893438e+01
    endloop
  endfacet
  facet normal 5.735764e-01 1.914634e-15 8.191520e-01
    outer loop
      vertex   5.293230e+01 1.537956e+01 1.893438e+01
      vertex   5.293469e+01 1.256138e+01 1.893271e+01
      vertex   5.294246e+01 1.268950e+01 1.892727e+01
    endloop
  endfacet
  facet normal 5.735764e-01 -6.634943e-16 8.191520e-01
    outer loop
      vertex   5.293230e+01 1.537956e+01 1.893438e+01
      vertex   5.294246e+01 1.268950e+01 1.892727e+01
      vertex   5.296130e+01 1.281565e+01 1.891408e+01
    endloop
  endfacet
  facet normal 5.735764e-01 -1.966742e-15 8.191520e-01
    outer loop
      vertex   5.456489e+01 8.523986e+00 1.779123e+01
      vertex   5.502171e+01 8.402672e+00 1.747136e+01
      vertex   5.498076e+01 1.132374e+01 1.750003e+01
    endloop
  endfacet
  facet normal 5.735764e-01 -2.021961e-15 8.191520e-01
    outer loop
      vertex   5.498076e+01 1.132374e+01 1.750003e+01
      vertex   5.502171e+01 8.402672e+00 1.747136e+01
      vertex   5.545973e+01 8.203228e+00 1.716465e+01
    endloop
  endfacet
  facet normal 5.735764e-01 -2.057215e-15 8.191520e-01
    outer loop
      vertex   5.498076e+01 1.132374e+01 1.750003e+01
      vertex   5.545973e+01 8.203228e+00 1.716465e+01
      vertex   5.587005e+01 7.929714e+00 1.687735e+01
    endloop
  endfacet
  facet normal 5.735764e-01 -2.725648e-15 8.191520e-01
    outer loop
      vertex   5.624430e+01 7.587699e+00 1.661529e+01
      vertex   5.498076e+01 1.311092e+01 1.750003e+01
      vertex   5.587005e+01 7.929714e+00 1.687735e+01
    endloop
  endfacet
  facet normal 5.735764e-01 0.000000e+00 8.191520e-01
    outer loop
      vertex   5.587005e+01 7.929714e+00 1.687735e+01
      vertex   5.498076e+01 1.311092e+01 1.750003e+01
      vertex   5.498076e+01 1.165458e+01 1.750003e+01
    endloop
  endfacet
  facet normal 5.735764e-01 0.000000e+00 8.191520e-01
    outer loop
      vertex   5.587005e+01 7.929714e+00 1.687735e+01
      vertex   5.498076e+01 1.165458e+01 1.750003e+01
      vertex   5.498076e+01 1.132374e+01 1.750003e+01
    endloop
  endfacet
  facet normal 5.735764e-01 -0.000000e+00 8.191520e-01
    outer loop
      vertex   5.498076e+01 1.311092e+01 1.750003e+01
      vertex   5.624430e+01 7.587699e+00 1.661529e+01
      vertex   5.498076e+01 1.352702e+01 1.750003e+01
    endloop
  endfacet
  facet normal 5.735764e-01 -2.753092e-15 8.191520e-01
    outer loop
      vertex   5.498076e+01 1.352702e+01 1.750003e+01
      vertex   5.624430e+01 7.587699e+00 1.661529e+01
      vertex   5.657488e+01 7.184143e+00 1.638382e+01
    endloop
  endfacet
  facet normal 5.735764e-01 -9.277945e-16 8.191520e-01
    outer loop
      vertex   5.498076e+01 1.352702e+01 1.750003e+01
      vertex   5.657488e+01 7.184143e+00 1.638382e+01
      vertex   5.501569e+01 1.550178e+01 1.747558e+01
    endloop
  endfacet
  facet normal 5.735764e-01 -4.496808e-16 8.191520e-01
    outer loop
      vertex   5.501569e+01 1.550178e+01 1.747558e+01
      vertex   5.657488e+01 7.184143e+00 1.638382e+01
      vertex   5.685504e+01 6.727263e+00 1.618765e+01
    endloop
  endfacet
  facet normal 5.735764e-01 1.348699e-15 8.191520e-01
    outer loop
      vertex   5.501569e+01 1.550178e+01 1.747558e+01
      vertex   5.685504e+01 6.727263e+00 1.618765e+01
      vertex   5.498076e+01 1.715082e+01 1.750003e+01
    endloop
  endfacet
  facet normal 5.735764e-01 -0.000000e+00 8.191520e-01
    outer loop
      vertex   5.498076e+01 1.715082e+01 1.750003e+01
      vertex   5.685504e+01 6.727263e+00 1.618765e+01
      vertex   5.498076e+01 1.756010e+01 1.750003e+01
    endloop
  endfacet
  facet normal 5.735764e-01 -0.000000e+00 8.191520e-01
    outer loop
      vertex   5.498076e+01 1.715082e+01 1.750003e+01
      vertex   5.498076e+01 1.756010e+01 1.750003e+01
      vertex   5.493610e+01 1.756169e+01 1.753131e+01
    endloop
  endfacet
  facet normal 5.735764e-01 -0.000000e+00 8.191520e-01
    outer loop
      vertex   5.498076e+01 1.756010e+01 1.750003e+01
      vertex   5.685504e+01 6.727263e+00 1.618765e+01
      vertex   5.498076e+01 1.921256e+01 1.750003e+01
    endloop
  endfacet
  facet normal 5.735764e-01 3.914748e-16 8.191520e-01
    outer loop
      vertex   5.498076e+01 1.921256e+01 1.750003e+01
      vertex   5.685504e+01 6.727263e+00 1.618765e+01
      vertex   5.707909e+01 6.226360e+00 1.603077e+01
    endloop
  endfacet
  facet normal 5.735764e-01 -2.791501e-16 8.191520e-01
    outer loop
      vertex   5.498076e+01 1.921256e+01 1.750003e+01
      vertex   5.707909e+01 6.226360e+00 1.603077e+01
      vertex   5.743822e+01 3.381400e+01 1.577930e+01
    endloop
  endfacet
  facet normal 5.735764e-01 -4.838313e-17 8.191520e-01
    outer loop
      vertex   5.743822e+01 3.381400e+01 1.577930e+01
      vertex   5.707909e+01 6.226360e+00 1.603077e+01
      vertex   5.724246e+01 5.691630e+00 1.591637e+01
    endloop
  endfacet
  facet normal 5.735764e-01 -3.601668e-16 8.191520e-01
    outer loop
      vertex   5.743822e+01 3.381400e+01 1.577930e+01
      vertex   5.724246e+01 5.691630e+00 1.591637e+01
      vertex   5.734184e+01 5.133960e+00 1.584679e+01
    endloop
  endfacet
  facet normal 5.735764e-01 -2.595764e-16 8.191520e-01
    outer loop
      vertex   5.734184e+01 5.133960e+00 1.584679e+01
      vertex   5.737519e+01 4.564700e+00 1.582344e+01
      vertex   5.743822e+01 3.381400e+01 1.577930e+01
    endloop
  endfacet
  facet normal 5.735764e-01 6.995874e-17 8.191520e-01
    outer loop
      vertex   5.724246e+01 3.437770e+00 1.591637e+01
      vertex   5.707909e+01 2.903040e+00 1.603077e+01
      vertex   5.743822e+01 -1.581392e+01 1.577930e+01
    endloop
  endfacet
  facet normal 5.735764e-01 4.522861e-16 8.191520e-01
    outer loop
      vertex   5.743822e+01 -1.581392e+01 1.577930e+01
      vertex   5.707909e+01 2.903040e+00 1.603077e+01
      vertex   5.685504e+01 2.402137e+00 1.618765e+01
    endloop
  endfacet
  facet normal 5.735764e-01 4.149290e-16 8.191520e-01
    outer loop
      vertex   5.743822e+01 -1.581392e+01 1.577930e+01
      vertex   5.685504e+01 2.402137e+00 1.618765e+01
      vertex   5.657488e+01 1.945257e+00 1.638382e+01
    endloop
  endfacet
  facet normal 5.735764e-01 7.677244e-17 8.191520e-01
    outer loop
      vertex   5.657488e+01 1.945257e+00 1.638382e+01
      vertex   5.624430e+01 1.541702e+00 1.661529e+01
      vertex   5.743822e+01 -1.581392e+01 1.577930e+01
    endloop
  endfacet
  facet normal 5.735764e-01 1.053852e-16 8.191520e-01
    outer loop
      vertex   5.743822e+01 -1.581392e+01 1.577930e+01
      vertex   5.624430e+01 1.541702e+00 1.661529e+01
      vertex   5.587005e+01 1.199686e+00 1.687735e+01
    endloop
  endfacet
  facet normal 5.735764e-01 7.364026e-16 8.191520e-01
    outer loop
      vertex   5.743822e+01 -1.581392e+01 1.577930e+01
      vertex   5.587005e+01 1.199686e+00 1.687735e+01
      vertex   5.545973e+01 9.261722e-01 1.716465e+01
    endloop
  endfacet
  facet normal 5.735764e-01 1.435865e-15 8.191520e-01
    outer loop
      vertex   5.545973e+01 9.261722e-01 1.716465e+01
      vertex   5.502171e+01 7.267283e-01 1.747136e+01
      vertex   5.743822e+01 -1.581392e+01 1.577930e+01
    endloop
  endfacet
  facet normal 5.735764e-01 5.878408e-16 8.191520e-01
    outer loop
      vertex   5.409858e+01 5.647002e-01 1.811774e+01
      vertex   5.363227e+01 6.054145e-01 1.844426e+01
      vertex   5.359336e+01 -1.581392e+01 1.847150e+01
    endloop
  endfacet
  facet normal 5.735764e-01 6.037789e-16 8.191520e-01
    outer loop
      vertex   5.359336e+01 -1.581392e+01 1.847150e+01
      vertex   5.363227e+01 6.054145e-01 1.844426e+01
      vertex   5.317545e+01 7.267283e-01 1.876412e+01
    endloop
  endfacet
  facet normal 5.735764e-01 1.314282e-15 8.191520e-01
    outer loop
      vertex   5.359336e+01 -1.581392e+01 1.847150e+01
      vertex   5.317545e+01 7.267283e-01 1.876412e+01
      vertex   5.273743e+01 9.261722e-01 1.907083e+01
    endloop
  endfacet
  facet normal 5.735764e-01 3.326511e-15 8.191520e-01
    outer loop
      vertex   5.232711e+01 1.199686e+00 1.935814e+01
      vertex   5.195286e+01 1.541702e+00 1.962019e+01
      vertex   5.071750e+01 2.600002e-01 2.048520e+01
    endloop
  endfacet
  facet normal 5.735764e-01 -2.465329e-15 8.191520e-01
    outer loop
      vertex   5.071750e+01 2.600002e-01 2.048520e+01
      vertex   5.195286e+01 1.541702e+00 1.962019e+01
      vertex   5.162229e+01 1.945257e+00 1.985166e+01
    endloop
  endfacet
  facet normal 5.735764e-01 -3.748584e-15 8.191520e-01
    outer loop
      vertex   5.071750e+01 2.600002e-01 2.048520e+01
      vertex   5.162229e+01 1.945257e+00 1.985166e+01
      vertex   5.134212e+01 2.402137e+00 2.004784e+01
    endloop
  endfacet
  facet normal 5.735764e-01 3.728068e-15 8.191520e-01
    outer loop
      vertex   5.134212e+01 2.402137e+00 2.004784e+01
      vertex   5.111807e+01 2.903040e+00 2.020472e+01
      vertex   5.071750e+01 2.600002e-01 2.048520e+01
    endloop
  endfacet
  facet normal 5.735764e-01 6.511053e-16 8.191520e-01
    outer loop
      vertex   5.071750e+01 2.600002e-01 2.048520e+01
      vertex   5.111807e+01 2.903040e+00 2.020472e+01
      vertex   5.095470e+01 3.437770e+00 2.031911e+01
    endloop
  endfacet
  facet normal 5.735764e-01 1.116334e-15 8.191520e-01
    outer loop
      vertex   5.071750e+01 2.600002e-01 2.048520e+01
      vertex   5.095470e+01 3.437770e+00 2.031911e+01
      vertex   5.085532e+01 3.995441e+00 2.038870e+01
    endloop
  endfacet
  facet normal 5.735764e-01 -4.220218e-15 8.191520e-01
    outer loop
      vertex   5.085532e+01 3.995441e+00 2.038870e+01
      vertex   5.082197e+01 4.564700e+00 2.041205e+01
      vertex   5.071750e+01 2.600002e-01 2.048520e+01
    endloop
  endfacet
  facet normal 5.735764e-01 -7.868339e-16 8.191520e-01
    outer loop
      vertex   5.071750e+01 2.600002e-01 2.048520e+01
      vertex   5.082197e+01 4.564700e+00 2.041205e+01
      vertex   4.577776e+01 1.356559e+01 2.394404e+01
    endloop
  endfacet
  facet normal 5.735764e-01 8.727400e-16 8.191520e-01
    outer loop
      vertex   5.071750e+01 2.600002e-01 2.048520e+01
      vertex   4.577776e+01 1.356559e+01 2.394404e+01
      vertex   4.540351e+01 1.322358e+01 2.420610e+01
    endloop
  endfacet
  facet normal 5.735764e-01 1.099867e-14 8.191520e-01
    outer loop
      vertex   5.085532e+01 5.133960e+00 2.038870e+01
      vertex   4.638850e+01 1.442603e+01 2.351640e+01
      vertex   5.082197e+01 4.564700e+00 2.041205e+01
    endloop
  endfacet
  facet normal 5.735764e-01 6.077702e-16 8.191520e-01
    outer loop
      vertex   5.082197e+01 4.564700e+00 2.041205e+01
      vertex   4.638850e+01 1.442603e+01 2.351640e+01
      vertex   4.610834e+01 1.396915e+01 2.371257e+01
    endloop
  endfacet
  facet normal 5.735764e-01 -5.807564e-16 8.191520e-01
    outer loop
      vertex   5.082197e+01 4.564700e+00 2.041205e+01
      vertex   4.610834e+01 1.396915e+01 2.371257e+01
      vertex   4.577776e+01 1.356559e+01 2.394404e+01
    endloop
  endfacet
  facet normal 5.735764e-01 -5.684890e-16 8.191520e-01
    outer loop
      vertex   4.638850e+01 1.442603e+01 2.351640e+01
      vertex   5.085532e+01 5.133960e+00 2.038870e+01
      vertex   4.661255e+01 1.492693e+01 2.335952e+01
    endloop
  endfacet
  facet normal 5.735764e-01 -5.229110e-15 8.191520e-01
    outer loop
      vertex   4.661255e+01 1.492693e+01 2.335952e+01
      vertex   5.085532e+01 5.133960e+00 2.038870e+01
      vertex   5.095470e+01 5.691630e+00 2.031911e+01
    endloop
  endfacet
  facet normal 5.735764e-01 -2.017977e-16 8.191520e-01
    outer loop
      vertex   4.661255e+01 1.492693e+01 2.335952e+01
      vertex   5.095470e+01 5.691630e+00 2.031911e+01
      vertex   4.677592e+01 1.546166e+01 2.324512e+01
    endloop
  endfacet
  facet normal 5.735764e-01 3.038836e-15 8.191520e-01
    outer loop
      vertex   4.677592e+01 1.546166e+01 2.324512e+01
      vertex   5.095470e+01 5.691630e+00 2.031911e+01
      vertex   5.111807e+01 6.226360e+00 2.020472e+01
    endloop
  endfacet
  facet normal 5.735764e-01 -6.808736e-17 8.191520e-01
    outer loop
      vertex   4.677592e+01 1.546166e+01 2.324512e+01
      vertex   5.111807e+01 6.226360e+00 2.020472e+01
      vertex   4.687530e+01 1.601933e+01 2.317554e+01
    endloop
  endfacet
  facet normal 5.735764e-01 -6.063883e-15 8.191520e-01
    outer loop
      vertex   4.687530e+01 1.601933e+01 2.317554e+01
      vertex   5.111807e+01 6.226360e+00 2.020472e+01
      vertex   5.134212e+01 6.727263e+00 2.004784e+01
    endloop
  endfacet
  facet normal 5.735764e-01 4.698346e-15 8.191520e-01
    outer loop
      vertex   4.687530e+01 1.601933e+01 2.317554e+01
      vertex   5.134212e+01 6.727263e+00 2.004784e+01
      vertex   4.690865e+01 1.658859e+01 2.315219e+01
    endloop
  endfacet
  facet normal 5.735764e-01 -6.201978e-16 8.191520e-01
    outer loop
      vertex   4.316573e+01 2.054788e+01 2.577301e+01
      vertex   4.363204e+01 2.058859e+01 2.544649e+01
      vertex   4.023603e+01 3.381400e+01 2.782441e+01
    endloop
  endfacet
  facet normal 5.735764e-01 -2.172206e-15 8.191520e-01
    outer loop
      vertex   4.023603e+01 3.381400e+01 2.782441e+01
      vertex   4.363204e+01 2.058859e+01 2.544649e+01
      vertex   4.409835e+01 2.054788e+01 2.511998e+01
    endloop
  endfacet
  facet normal 5.735764e-01 2.342060e-15 8.191520e-01
    outer loop
      vertex   4.023603e+01 3.381400e+01 2.782441e+01
      vertex   4.409835e+01 2.054788e+01 2.511998e+01
      vertex   4.455517e+01 2.042656e+01 2.480011e+01
    endloop
  endfacet
  facet normal 5.735764e-01 1.127120e-15 8.191520e-01
    outer loop
      vertex   4.455517e+01 2.042656e+01 2.480011e+01
      vertex   4.499319e+01 2.022712e+01 2.449340e+01
      vertex   4.023603e+01 3.381400e+01 2.782441e+01
    endloop
  endfacet
  facet normal 5.735764e-01 -2.723795e-15 8.191520e-01
    outer loop
      vertex   4.023603e+01 3.381400e+01 2.782441e+01
      vertex   4.499319e+01 2.022712e+01 2.449340e+01
      vertex   4.540351e+01 1.995361e+01 2.420610e+01
    endloop
  endfacet
  facet normal 5.735764e-01 2.552858e-15 8.191520e-01
    outer loop
      vertex   4.023603e+01 3.381400e+01 2.782441e+01
      vertex   4.540351e+01 1.995361e+01 2.420610e+01
      vertex   4.577776e+01 1.961159e+01 2.394404e+01
    endloop
  endfacet
  facet normal 5.735764e-01 -2.712501e-15 8.191520e-01
    outer loop
      vertex   4.540351e+01 1.322358e+01 2.420610e+01
      vertex   4.499319e+01 1.295006e+01 2.449340e+01
      vertex   5.071750e+01 2.600002e-01 2.048520e+01
    endloop
  endfacet
  facet normal 5.735764e-01 8.686885e-16 8.191520e-01
    outer loop
      vertex   5.071750e+01 2.600002e-01 2.048520e+01
      vertex   4.499319e+01 1.295006e+01 2.449340e+01
      vertex   4.455517e+01 1.275062e+01 2.480011e+01
    endloop
  endfacet
  facet normal 5.735764e-01 2.254753e-15 8.191520e-01
    outer loop
      vertex   5.071750e+01 2.600002e-01 2.048520e+01
      vertex   4.455517e+01 1.275062e+01 2.480011e+01
      vertex   4.409835e+01 1.262931e+01 2.511998e+01
    endloop
  endfacet
  facet normal 5.735764e-01 -5.121556e-15 8.191520e-01
    outer loop
      vertex   4.409835e+01 1.262931e+01 2.511998e+01
      vertex   4.363204e+01 1.258859e+01 2.544649e+01
      vertex   5.071750e+01 2.600002e-01 2.048520e+01
    endloop
  endfacet
  facet normal 5.735764e-01 -2.131842e-15 8.191520e-01
    outer loop
      vertex   5.071750e+01 2.600002e-01 2.048520e+01
      vertex   4.363204e+01 1.258859e+01 2.544649e+01
      vertex   4.316573e+01 1.262931e+01 2.577301e+01
    endloop
  endfacet
  facet normal 5.735764e-01 3.688188e-15 8.191520e-01
    outer loop
      vertex   5.071750e+01 2.600002e-01 2.048520e+01
      vertex   4.316573e+01 1.262931e+01 2.577301e+01
      vertex   4.270891e+01 1.275062e+01 2.609287e+01
    endloop
  endfacet
  facet normal 5.735764e-01 3.822927e-15 8.191520e-01
    outer loop
      vertex   4.186057e+01 1.322358e+01 2.668689e+01
      vertex   4.148632e+01 1.356559e+01 2.694894e+01
      vertex   4.023603e+01 1.305552e+01 2.782441e+01
    endloop
  endfacet
  facet normal 5.735764e-01 -4.187990e-15 8.191520e-01
    outer loop
      vertex   4.023603e+01 1.305552e+01 2.782441e+01
      vertex   4.148632e+01 1.356559e+01 2.694894e+01
      vertex   4.115574e+01 1.396915e+01 2.718041e+01
    endloop
  endfacet
  facet normal 5.735764e-01 -5.716238e-15 8.191520e-01
    outer loop
      vertex   4.023603e+01 1.305552e+01 2.782441e+01
      vertex   4.115574e+01 1.396915e+01 2.718041e+01
      vertex   4.087558e+01 1.442603e+01 2.737659e+01
    endloop
  endfacet
  facet normal 5.735764e-01 1.250194e-15 8.191520e-01
    outer loop
      vertex   4.087558e+01 1.442603e+01 2.737659e+01
      vertex   4.065153e+01 1.492693e+01 2.753347e+01
      vertex   4.023603e+01 1.305552e+01 2.782441e+01
    endloop
  endfacet
  facet normal 5.735764e-01 1.636538e-15 8.191520e-01
    outer loop
      vertex   4.023603e+01 1.305552e+01 2.782441e+01
      vertex   4.065153e+01 1.492693e+01 2.753347e+01
      vertex   4.048816e+01 1.546166e+01 2.764786e+01
    endloop
  endfacet
  facet normal 5.735764e-01 -3.734803e-15 8.191520e-01
    outer loop
      vertex   4.023603e+01 1.305552e+01 2.782441e+01
      vertex   4.048816e+01 1.546166e+01 2.764786e+01
      vertex   4.038878e+01 1.601933e+01 2.771745e+01
    endloop
  endfacet
  facet normal 5.735764e-01 -1.003782e-15 8.191520e-01
    outer loop
      vertex   4.038878e+01 1.601933e+01 2.771745e+01
      vertex   4.035543e+01 1.658859e+01 2.774080e+01
      vertex   4.023603e+01 1.305552e+01 2.782441e+01
    endloop
  endfacet
  facet normal 5.735764e-01 -3.145325e-16 8.191520e-01
    outer loop
      vertex   4.048816e+01 1.771552e+01 2.764786e+01
      vertex   4.065153e+01 1.825025e+01 2.753347e+01
      vertex   4.023603e+01 3.381400e+01 2.782441e+01
    endloop
  endfacet
  facet normal 5.735764e-01 -2.153514e-16 8.191520e-01
    outer loop
      vertex   4.023603e+01 3.381400e+01 2.782441e+01
      vertex   4.065153e+01 1.825025e+01 2.753347e+01
      vertex   4.087558e+01 1.875116e+01 2.737659e+01
    endloop
  endfacet
  facet normal 5.735764e-01 8.565851e-16 8.191520e-01
    outer loop
      vertex   4.023603e+01 3.381400e+01 2.782441e+01
      vertex   4.087558e+01 1.875116e+01 2.737659e+01
      vertex   4.115574e+01 1.920804e+01 2.718041e+01
    endloop
  endfacet
  facet normal 5.735764e-01 5.509649e-16 8.191520e-01
    outer loop
      vertex   4.115574e+01 1.920804e+01 2.718041e+01
      vertex   4.148632e+01 1.961159e+01 2.694894e+01
      vertex   4.023603e+01 3.381400e+01 2.782441e+01
    endloop
  endfacet
  facet normal 5.735764e-01 -4.117322e-16 8.191520e-01
    outer loop
      vertex   4.023603e+01 3.381400e+01 2.782441e+01
      vertex   4.148632e+01 1.961159e+01 2.694894e+01
      vertex   4.186057e+01 1.995361e+01 2.668689e+01
    endloop
  endfacet
  facet normal 5.735764e-01 -7.712819e-16 8.191520e-01
    outer loop
      vertex   4.023603e+01 3.381400e+01 2.782441e+01
      vertex   4.186057e+01 1.995361e+01 2.668689e+01
      vertex   4.227089e+01 2.022712e+01 2.639958e+01
    endloop
  endfacet
  facet normal 5.735764e-01 5.865303e-16 8.191520e-01
    outer loop
      vertex   4.227089e+01 2.022712e+01 2.639958e+01
      vertex   4.270891e+01 2.042656e+01 2.609287e+01
      vertex   4.023603e+01 3.381400e+01 2.782441e+01
    endloop
  endfacet
  facet normal 5.735764e-01 1.247440e-15 8.191520e-01
    outer loop
      vertex   4.023603e+01 3.381400e+01 2.782441e+01
      vertex   4.270891e+01 2.042656e+01 2.609287e+01
      vertex   4.316573e+01 2.054788e+01 2.577301e+01
    endloop
  endfacet
  facet normal 5.735764e-01 -5.545360e-15 8.191520e-01
    outer loop
      vertex   5.498076e+01 1.165458e+01 1.750003e+01
      vertex   5.441146e+01 1.266448e+01 1.789866e+01
      vertex   5.407137e+01 1.165458e+01 1.813679e+01
    endloop
  endfacet
  facet normal 5.735764e-01 4.322434e-14 8.191520e-01
    outer loop
      vertex   5.407137e+01 1.165458e+01 1.813679e+01
      vertex   5.441146e+01 1.266448e+01 1.789866e+01
      vertex   5.434153e+01 1.260373e+01 1.794763e+01
    endloop
  endfacet
  facet normal 5.735764e-01 1.741392e-14 8.191520e-01
    outer loop
      vertex   5.407137e+01 1.165458e+01 1.813679e+01
      vertex   5.434153e+01 1.260373e+01 1.794763e+01
      vertex   5.427253e+01 1.254134e+01 1.799594e+01
    endloop
  endfacet
  facet normal 5.735764e-01 1.017537e-15 8.191520e-01
    outer loop
      vertex   5.293230e+01 1.537956e+01 1.893438e+01
      vertex   5.296130e+01 1.281565e+01 1.891408e+01
      vertex   5.295186e+01 1.526212e+01 1.892069e+01
    endloop
  endfacet
  facet normal 5.735764e-01 1.199142e-15 8.191520e-01
    outer loop
      vertex   5.295186e+01 1.526212e+01 1.892069e+01
      vertex   5.296130e+01 1.281565e+01 1.891408e+01
      vertex   5.298806e+01 1.294039e+01 1.889534e+01
    endloop
  endfacet
  facet normal 5.735764e-01 2.681011e-15 8.191520e-01
    outer loop
      vertex   5.295186e+01 1.526212e+01 1.892069e+01
      vertex   5.298806e+01 1.294039e+01 1.889534e+01
      vertex   5.299183e+01 1.515296e+01 1.889270e+01
    endloop
  endfacet
  facet normal 5.735764e-01 2.690297e-15 8.191520e-01
    outer loop
      vertex   5.299183e+01 1.515296e+01 1.889270e+01
      vertex   5.298806e+01 1.294039e+01 1.889534e+01
      vertex   5.302343e+01 1.302374e+01 1.887057e+01
    endloop
  endfacet
  facet normal 5.735764e-01 1.993323e-15 8.191520e-01
    outer loop
      vertex   5.299183e+01 1.515296e+01 1.889270e+01
      vertex   5.302343e+01 1.302374e+01 1.887057e+01
      vertex   5.304464e+01 1.504902e+01 1.885572e+01
    endloop
  endfacet
  facet normal 5.735764e-01 -8.414023e-16 8.191520e-01
    outer loop
      vertex   5.304464e+01 1.504902e+01 1.885572e+01
      vertex   5.302343e+01 1.302374e+01 1.887057e+01
      vertex   5.306617e+01 1.309943e+01 1.884064e+01
    endloop
  endfacet
  facet normal 5.735764e-01 -3.158703e-15 8.191520e-01
    outer loop
      vertex   5.304464e+01 1.504902e+01 1.885572e+01
      vertex   5.306617e+01 1.309943e+01 1.884064e+01
      vertex   5.311882e+01 1.496055e+01 1.880378e+01
    endloop
  endfacet
  facet normal 5.735764e-01 2.258898e-15 8.191520e-01
    outer loop
      vertex   5.311882e+01 1.496055e+01 1.880378e+01
      vertex   5.306617e+01 1.309943e+01 1.884064e+01
      vertex   5.312100e+01 1.316259e+01 1.880226e+01
    endloop
  endfacet
  facet normal 5.735764e-01 2.464733e-15 8.191520e-01
    outer loop
      vertex   5.311882e+01 1.496055e+01 1.880378e+01
      vertex   5.312100e+01 1.316259e+01 1.880226e+01
      vertex   5.318293e+01 1.321836e+01 1.875889e+01
    endloop
  endfacet
  facet normal 5.735764e-01 4.412523e-15 8.191520e-01
    outer loop
      vertex   5.311882e+01 1.496055e+01 1.880378e+01
      vertex   5.318293e+01 1.321836e+01 1.875889e+01
      vertex   5.319937e+01 1.488384e+01 1.874738e+01
    endloop
  endfacet
  facet normal 5.735764e-01 5.493986e-15 8.191520e-01
    outer loop
      vertex   5.319937e+01 1.488384e+01 1.874738e+01
      vertex   5.318293e+01 1.321836e+01 1.875889e+01
      vertex   5.325597e+01 1.326259e+01 1.870774e+01
    endloop
  endfacet
  facet normal 5.735764e-01 1.060499e-14 8.191520e-01
    outer loop
      vertex   5.319937e+01 1.488384e+01 1.874738e+01
      vertex   5.325597e+01 1.326259e+01 1.870774e+01
      vertex   5.328992e+01 1.482559e+01 1.868397e+01
    endloop
  endfacet
  facet normal 5.735764e-01 1.007539e-14 8.191520e-01
    outer loop
      vertex   5.328992e+01 1.482559e+01 1.868397e+01
      vertex   5.325597e+01 1.326259e+01 1.870774e+01
      vertex   5.333128e+01 1.329682e+01 1.865501e+01
    endloop
  endfacet
  facet normal 5.735764e-01 3.141716e-15 8.191520e-01
    outer loop
      vertex   5.328992e+01 1.482559e+01 1.868397e+01
      vertex   5.333128e+01 1.329682e+01 1.865501e+01
      vertex   5.338618e+01 1.477787e+01 1.861657e+01
    endloop
  endfacet
  facet normal 5.735764e-01 -2.076336e-15 8.191520e-01
    outer loop
      vertex   5.338618e+01 1.477787e+01 1.861657e+01
      vertex   5.333128e+01 1.329682e+01 1.865501e+01
      vertex   5.341035e+01 1.331452e+01 1.859965e+01
    endloop
  endfacet
  facet normal 5.735764e-01 -2.251149e-15 8.191520e-01
    outer loop
      vertex   5.338618e+01 1.477787e+01 1.861657e+01
      vertex   5.341035e+01 1.331452e+01 1.859965e+01
      vertex   5.353010e+01 1.473512e+01 1.851580e+01
    endloop
  endfacet
  facet normal 5.735764e-01 1.556767e-15 8.191520e-01
    outer loop
      vertex   5.353010e+01 1.473512e+01 1.851580e+01
      vertex   5.341035e+01 1.331452e+01 1.859965e+01
      vertex   5.349165e+01 1.332238e+01 1.854272e+01
    endloop
  endfacet
  facet normal 5.735764e-01 -6.591539e-16 8.191520e-01
    outer loop
      vertex   5.353010e+01 1.473512e+01 1.851580e+01
      vertex   5.349165e+01 1.332238e+01 1.854272e+01
      vertex   5.359317e+01 1.330976e+01 1.847164e+01
    endloop
  endfacet
  facet normal 5.735764e-01 -1.860462e-15 8.191520e-01
    outer loop
      vertex   5.353010e+01 1.473512e+01 1.851580e+01
      vertex   5.359317e+01 1.330976e+01 1.847164e+01
      vertex   5.367535e+01 1.470421e+01 1.841409e+01
    endloop
  endfacet
  facet normal 5.735764e-01 -2.811710e-15 8.191520e-01
    outer loop
      vertex   5.367535e+01 1.470421e+01 1.841409e+01
      vertex   5.359317e+01 1.330976e+01 1.847164e+01
      vertex   5.368947e+01 1.328073e+01 1.840421e+01
    endloop
  endfacet
  facet normal 5.735764e-01 -2.742479e-15 8.191520e-01
    outer loop
      vertex   5.367535e+01 1.470421e+01 1.841409e+01
      vertex   5.368947e+01 1.328073e+01 1.840421e+01
      vertex   5.382254e+01 1.469066e+01 1.831103e+01
    endloop
  endfacet
  facet normal 5.735764e-01 4.412870e-15 8.191520e-01
    outer loop
      vertex   5.382254e+01 1.469066e+01 1.831103e+01
      vertex   5.368947e+01 1.328073e+01 1.840421e+01
      vertex   5.377695e+01 1.322391e+01 1.834295e+01
    endloop
  endfacet
  facet normal 5.735764e-01 2.474089e-15 8.191520e-01
    outer loop
      vertex   5.382254e+01 1.469066e+01 1.831103e+01
      vertex   5.377695e+01 1.322391e+01 1.834295e+01
      vertex   5.385904e+01 1.315014e+01 1.828547e+01
    endloop
  endfacet
  facet normal 5.735764e-01 1.705864e-15 8.191520e-01
    outer loop
      vertex   5.382254e+01 1.469066e+01 1.831103e+01
      vertex   5.385904e+01 1.315014e+01 1.828547e+01
      vertex   5.397079e+01 1.468664e+01 1.820722e+01
    endloop
  endfacet
  facet normal 5.735764e-01 -6.485031e-15 8.191520e-01
    outer loop
      vertex   5.397079e+01 1.468664e+01 1.820722e+01
      vertex   5.385904e+01 1.315014e+01 1.828547e+01
      vertex   5.393268e+01 1.303169e+01 1.823391e+01
    endloop
  endfacet
  facet normal 5.735764e-01 -5.591247e-15 8.191520e-01
    outer loop
      vertex   5.397079e+01 1.468664e+01 1.820722e+01
      vertex   5.393268e+01 1.303169e+01 1.823391e+01
      vertex   5.419088e+01 1.469432e+01 1.805311e+01
    endloop
  endfacet
  facet normal 5.735764e-01 7.856056e-15 8.191520e-01
    outer loop
      vertex   5.419088e+01 1.469432e+01 1.805311e+01
      vertex   5.393268e+01 1.303169e+01 1.823391e+01
      vertex   5.421415e+01 1.289352e+01 1.803682e+01
    endloop
  endfacet
  facet normal 5.735764e-01 8.359695e-15 8.191520e-01
    outer loop
      vertex   5.419088e+01 1.469432e+01 1.805311e+01
      vertex   5.421415e+01 1.289352e+01 1.803682e+01
      vertex   5.428010e+01 1.296531e+01 1.799064e+01
    endloop
  endfacet
  facet normal 5.735764e-01 4.944000e-14 8.191520e-01
    outer loop
      vertex   5.393268e+01 1.303169e+01 1.823391e+01
      vertex   5.399092e+01 1.290466e+01 1.819313e+01
      vertex   5.421415e+01 1.289352e+01 1.803682e+01
    endloop
  endfacet
  facet normal 5.735764e-01 -9.733983e-14 8.191520e-01
    outer loop
      vertex   5.421415e+01 1.289352e+01 1.803682e+01
      vertex   5.399092e+01 1.290466e+01 1.819313e+01
      vertex   5.415100e+01 1.281760e+01 1.808104e+01
    endloop
  endfacet
  facet normal 5.735764e-01 3.281456e-14 8.191520e-01
    outer loop
      vertex   5.415100e+01 1.281760e+01 1.808104e+01
      vertex   5.399092e+01 1.290466e+01 1.819313e+01
      vertex   5.412154e+01 1.277080e+01 1.810167e+01
    endloop
  endfacet
  facet normal 5.735764e-01 -3.499495e-14 8.191520e-01
    outer loop
      vertex   5.412154e+01 1.277080e+01 1.810167e+01
      vertex   5.399092e+01 1.290466e+01 1.819313e+01
      vertex   5.402629e+01 1.276489e+01 1.816836e+01
    endloop
  endfacet
  facet normal 5.735764e-01 -2.196043e-14 8.191520e-01
    outer loop
      vertex   5.412154e+01 1.277080e+01 1.810167e+01
      vertex   5.402629e+01 1.276489e+01 1.816836e+01
      vertex   5.409444e+01 1.272216e+01 1.812064e+01
    endloop
  endfacet
  facet normal 5.735764e-01 -1.513161e-14 8.191520e-01
    outer loop
      vertex   5.409444e+01 1.272216e+01 1.812064e+01
      vertex   5.402629e+01 1.276489e+01 1.816836e+01
      vertex   5.407079e+01 1.267085e+01 1.813720e+01
    endloop
  endfacet
  facet normal 5.735764e-01 3.030760e-15 8.191520e-01
    outer loop
      vertex   5.407079e+01 1.267085e+01 1.813720e+01
      vertex   5.402629e+01 1.276489e+01 1.816836e+01
      vertex   5.404902e+01 1.261808e+01 1.815245e+01
    endloop
  endfacet
  facet normal 5.735764e-01 8.391749e-15 8.191520e-01
    outer loop
      vertex   5.428010e+01 1.296531e+01 1.799064e+01
      vertex   5.435047e+01 1.303061e+01 1.794137e+01
      vertex   5.419088e+01 1.469432e+01 1.805311e+01
    endloop
  endfacet
  facet normal 5.735764e-01 6.436333e-15 8.191520e-01
    outer loop
      vertex   5.419088e+01 1.469432e+01 1.805311e+01
      vertex   5.435047e+01 1.303061e+01 1.794137e+01
      vertex   5.442340e+01 1.309216e+01 1.789031e+01
    endloop
  endfacet
  facet normal 5.735764e-01 1.214000e-15 8.191520e-01
    outer loop
      vertex   5.419088e+01 1.469432e+01 1.805311e+01
      vertex   5.442340e+01 1.309216e+01 1.789031e+01
      vertex   5.440505e+01 1.472882e+01 1.790315e+01
    endloop
  endfacet
  facet normal 5.735764e-01 1.862403e-15 8.191520e-01
    outer loop
      vertex   5.440505e+01 1.472882e+01 1.790315e+01
      vertex   5.442340e+01 1.309216e+01 1.789031e+01
      vertex   5.460818e+01 1.481335e+01 1.776092e+01
    endloop
  endfacet
  facet normal 5.735764e-01 1.726571e-15 8.191520e-01
    outer loop
      vertex   5.460818e+01 1.481335e+01 1.776092e+01
      vertex   5.442340e+01 1.309216e+01 1.789031e+01
      vertex   5.498076e+01 1.352702e+01 1.750003e+01
    endloop
  endfacet
  facet normal 5.735764e-01 -8.929793e-15 8.191520e-01
    outer loop
      vertex   5.460818e+01 1.481335e+01 1.776092e+01
      vertex   5.498076e+01 1.352702e+01 1.750003e+01
      vertex   5.480336e+01 1.493391e+01 1.762425e+01
    endloop
  endfacet
  facet normal 5.735764e-01 3.572747e-15 8.191520e-01
    outer loop
      vertex   5.480336e+01 1.493391e+01 1.762425e+01
      vertex   5.498076e+01 1.352702e+01 1.750003e+01
      vertex   5.489508e+01 1.505400e+01 1.756003e+01
    endloop
  endfacet
  facet normal 5.735764e-01 -3.021698e-15 8.191520e-01
    outer loop
      vertex   5.489508e+01 1.505400e+01 1.756003e+01
      vertex   5.498076e+01 1.352702e+01 1.750003e+01
      vertex   5.493422e+01 1.511784e+01 1.753262e+01
    endloop
  endfacet
  facet normal 5.735764e-01 -5.566453e-15 8.191520e-01
    outer loop
      vertex   5.493422e+01 1.511784e+01 1.753262e+01
      vertex   5.498076e+01 1.352702e+01 1.750003e+01
      vertex   5.496532e+01 1.518625e+01 1.751085e+01
    endloop
  endfacet
  facet normal 5.735764e-01 -4.292431e-15 8.191520e-01
    outer loop
      vertex   5.496532e+01 1.518625e+01 1.751085e+01
      vertex   5.498076e+01 1.352702e+01 1.750003e+01
      vertex   5.500071e+01 1.533823e+01 1.748607e+01
    endloop
  endfacet
  facet normal 5.735764e-01 -9.778406e-15 8.191520e-01
    outer loop
      vertex   5.500071e+01 1.533823e+01 1.748607e+01
      vertex   5.498076e+01 1.352702e+01 1.750003e+01
      vertex   5.501569e+01 1.550178e+01 1.747558e+01
    endloop
  endfacet
  facet normal 5.735764e-01 0.000000e+00 8.191520e-01
    outer loop
      vertex   5.498076e+01 1.311092e+01 1.750003e+01
      vertex   5.455471e+01 1.278009e+01 1.779836e+01
      vertex   5.498076e+01 1.165458e+01 1.750003e+01
    endloop
  endfacet
  facet normal 5.735764e-01 -1.380907e-14 8.191520e-01
    outer loop
      vertex   5.498076e+01 1.165458e+01 1.750003e+01
      vertex   5.455471e+01 1.278009e+01 1.779836e+01
      vertex   5.448273e+01 1.272291e+01 1.784876e+01
    endloop
  endfacet
  facet normal 5.735764e-01 3.089591e-14 8.191520e-01
    outer loop
      vertex   5.498076e+01 1.165458e+01 1.750003e+01
      vertex   5.448273e+01 1.272291e+01 1.784876e+01
      vertex   5.441146e+01 1.266448e+01 1.789866e+01
    endloop
  endfacet
  facet normal 5.735764e-01 1.311101e-14 8.191520e-01
    outer loop
      vertex   5.427253e+01 1.254134e+01 1.799594e+01
      vertex   5.423465e+01 1.250369e+01 1.802246e+01
      vertex   5.407137e+01 1.165458e+01 1.813679e+01
    endloop
  endfacet
  facet normal 5.735764e-01 -1.668025e-14 8.191520e-01
    outer loop
      vertex   5.407137e+01 1.165458e+01 1.813679e+01
      vertex   5.423465e+01 1.250369e+01 1.802246e+01
      vertex   5.419860e+01 1.246387e+01 1.804771e+01
    endloop
  endfacet
  facet normal 5.735764e-01 -0.000000e+00 8.191520e-01
    outer loop
      vertex   5.407137e+01 1.165458e+01 1.813679e+01
      vertex   5.419860e+01 1.246387e+01 1.804771e+01
      vertex   5.407137e+01 1.203827e+01 1.813679e+01
    endloop
  endfacet
  facet normal 5.735764e-01 1.199282e-13 8.191520e-01
    outer loop
      vertex   5.407137e+01 1.203827e+01 1.813679e+01
      vertex   5.419860e+01 1.246387e+01 1.804771e+01
      vertex   5.416593e+01 1.242003e+01 1.807059e+01
    endloop
  endfacet
  facet normal 5.735764e-01 -4.320447e-14 8.191520e-01
    outer loop
      vertex   5.407137e+01 1.203827e+01 1.813679e+01
      vertex   5.416593e+01 1.242003e+01 1.807059e+01
      vertex   5.413563e+01 1.237337e+01 1.809180e+01
    endloop
  endfacet
  facet normal 5.735764e-01 2.568796e-14 8.191520e-01
    outer loop
      vertex   5.413563e+01 1.237337e+01 1.809180e+01
      vertex   5.411848e+01 1.233753e+01 1.810381e+01
      vertex   5.407137e+01 1.203827e+01 1.813679e+01
    endloop
  endfacet
  facet normal 5.735764e-01 2.882328e-13 8.191520e-01
    outer loop
      vertex   5.407137e+01 1.203827e+01 1.813679e+01
      vertex   5.411848e+01 1.233753e+01 1.810381e+01
      vertex   5.407154e+01 1.208452e+01 1.813668e+01
    endloop
  endfacet
  facet normal 5.735764e-01 4.116669e-14 8.191520e-01
    outer loop
      vertex   5.407154e+01 1.208452e+01 1.813668e+01
      vertex   5.411848e+01 1.233753e+01 1.810381e+01
      vertex   5.410322e+01 1.230067e+01 1.811450e+01
    endloop
  endfacet
  facet normal 5.735764e-01 -3.442203e-13 8.191520e-01
    outer loop
      vertex   5.407154e+01 1.208452e+01 1.813668e+01
      vertex   5.410322e+01 1.230067e+01 1.811450e+01
      vertex   5.407281e+01 1.213067e+01 1.813579e+01
    endloop
  endfacet
  facet normal 5.735764e-01 -9.412146e-14 8.191520e-01
    outer loop
      vertex   5.407281e+01 1.213067e+01 1.813579e+01
      vertex   5.410322e+01 1.230067e+01 1.811450e+01
      vertex   5.407618e+01 1.217663e+01 1.813343e+01
    endloop
  endfacet
  facet normal 5.735764e-01 -6.671031e-14 8.191520e-01
    outer loop
      vertex   5.407618e+01 1.217663e+01 1.813343e+01
      vertex   5.410322e+01 1.230067e+01 1.811450e+01
      vertex   5.409119e+01 1.226209e+01 1.812292e+01
    endloop
  endfacet
  facet normal 5.735764e-01 3.691349e-13 8.191520e-01
    outer loop
      vertex   5.407618e+01 1.217663e+01 1.813343e+01
      vertex   5.409119e+01 1.226209e+01 1.812292e+01
      vertex   5.408115e+01 1.222245e+01 1.812995e+01
    endloop
  endfacet
  facet normal 5.735764e-01 -1.037083e-14 8.191520e-01
    outer loop
      vertex   5.453612e+01 1.820214e+01 1.781137e+01
      vertex   5.460290e+01 1.811604e+01 1.776462e+01
      vertex   5.473910e+01 1.921256e+01 1.766925e+01
    endloop
  endfacet
  facet normal 5.735764e-01 1.924898e-14 8.191520e-01
    outer loop
      vertex   5.473910e+01 1.921256e+01 1.766925e+01
      vertex   5.460290e+01 1.811604e+01 1.776462e+01
      vertex   5.463506e+01 1.808067e+01 1.774209e+01
    endloop
  endfacet
  facet normal 5.735764e-01 -8.081909e-15 8.191520e-01
    outer loop
      vertex   5.473910e+01 1.921256e+01 1.766925e+01
      vertex   5.463506e+01 1.808067e+01 1.774209e+01
      vertex   5.466823e+01 1.804688e+01 1.771887e+01
    endloop
  endfacet
  facet normal 5.735764e-01 -8.873346e-15 8.191520e-01
    outer loop
      vertex   5.466823e+01 1.804688e+01 1.771887e+01
      vertex   5.470312e+01 1.801580e+01 1.769444e+01
      vertex   5.473910e+01 1.921256e+01 1.766925e+01
    endloop
  endfacet
  facet normal 5.735764e-01 0.000000e+00 8.191520e-01
    outer loop
      vertex   5.473910e+01 1.921256e+01 1.766925e+01
      vertex   5.470312e+01 1.801580e+01 1.769444e+01
      vertex   5.473910e+01 1.798643e+01 1.766925e+01
    endloop
  endfacet
  facet normal 5.735764e-01 -3.028310e-15 8.191520e-01
    outer loop
      vertex   5.498076e+01 1.921256e+01 1.750003e+01
      vertex   5.743822e+01 3.381400e+01 1.577930e+01
      vertex   5.473910e+01 1.921256e+01 1.766925e+01
    endloop
  endfacet
  facet normal 5.735764e-01 1.014656e-15 8.191520e-01
    outer loop
      vertex   5.473910e+01 1.921256e+01 1.766925e+01
      vertex   5.743822e+01 3.381400e+01 1.577930e+01
      vertex   5.367604e+01 1.917336e+01 1.841361e+01
    endloop
  endfacet
  facet normal 5.735764e-01 1.232259e-13 8.191520e-01
    outer loop
      vertex   5.473910e+01 1.921256e+01 1.766925e+01
      vertex   5.367604e+01 1.917336e+01 1.841361e+01
      vertex   5.373472e+01 1.914775e+01 1.837252e+01
    endloop
  endfacet
  facet normal 5.735764e-01 -1.672327e-14 8.191520e-01
    outer loop
      vertex   5.493610e+01 1.756169e+01 1.753131e+01
      vertex   5.489198e+01 1.756729e+01 1.756220e+01
      vertex   5.498076e+01 1.715082e+01 1.750003e+01
    endloop
  endfacet
  facet normal 5.735764e-01 -6.206447e-14 8.191520e-01
    outer loop
      vertex   5.498076e+01 1.715082e+01 1.750003e+01
      vertex   5.489198e+01 1.756729e+01 1.756220e+01
      vertex   5.484879e+01 1.757959e+01 1.759244e+01
    endloop
  endfacet
  facet normal 5.735764e-01 2.011417e-14 8.191520e-01
    outer loop
      vertex   5.498076e+01 1.715082e+01 1.750003e+01
      vertex   5.484879e+01 1.757959e+01 1.759244e+01
      vertex   5.469440e+01 1.715082e+01 1.770055e+01
    endloop
  endfacet
  facet normal 5.735764e-01 -9.276769e-14 8.191520e-01
    outer loop
      vertex   5.469440e+01 1.715082e+01 1.770055e+01
      vertex   5.484879e+01 1.757959e+01 1.759244e+01
      vertex   5.480615e+01 1.759591e+01 1.762230e+01
    endloop
  endfacet
  facet normal 5.735764e-01 -3.201183e-14 8.191520e-01
    outer loop
      vertex   5.469440e+01 1.715082e+01 1.770055e+01
      vertex   5.480615e+01 1.759591e+01 1.762230e+01
      vertex   5.473308e+01 1.763635e+01 1.767346e+01
    endloop
  endfacet
  facet normal 5.735764e-01 -2.456982e-14 8.191520e-01
    outer loop
      vertex   5.473308e+01 1.763635e+01 1.767346e+01
      vertex   5.466281e+01 1.768248e+01 1.772267e+01
      vertex   5.469440e+01 1.715082e+01 1.770055e+01
    endloop
  endfacet
  facet normal 5.735764e-01 -2.971536e-14 8.191520e-01
    outer loop
      vertex   5.469440e+01 1.715082e+01 1.770055e+01
      vertex   5.466281e+01 1.768248e+01 1.772267e+01
      vertex   5.459700e+01 1.773764e+01 1.776875e+01
    endloop
  endfacet
  facet normal 5.735764e-01 -8.325371e-15 8.191520e-01
    outer loop
      vertex   5.469440e+01 1.715082e+01 1.770055e+01
      vertex   5.459700e+01 1.773764e+01 1.776875e+01
      vertex   5.453375e+01 1.779799e+01 1.781303e+01
    endloop
  endfacet
  facet normal 5.735764e-01 -7.458709e-15 8.191520e-01
    outer loop
      vertex   5.469440e+01 1.715082e+01 1.770055e+01
      vertex   5.453375e+01 1.779799e+01 1.781303e+01
      vertex   5.440935e+01 1.626883e+01 1.790014e+01
    endloop
  endfacet
  facet normal 5.735764e-01 -1.021617e-15 8.191520e-01
    outer loop
      vertex   5.440935e+01 1.626883e+01 1.790014e+01
      vertex   5.453375e+01 1.779799e+01 1.781303e+01
      vertex   5.445116e+01 1.789251e+01 1.787086e+01
    endloop
  endfacet
  facet normal 5.735764e-01 -4.675394e-15 8.191520e-01
    outer loop
      vertex   5.440935e+01 1.626883e+01 1.790014e+01
      vertex   5.445116e+01 1.789251e+01 1.787086e+01
      vertex   5.426479e+01 1.629943e+01 1.800136e+01
    endloop
  endfacet
  facet normal 5.735764e-01 -4.624302e-15 8.191520e-01
    outer loop
      vertex   5.426479e+01 1.629943e+01 1.800136e+01
      vertex   5.445116e+01 1.789251e+01 1.787086e+01
      vertex   5.437159e+01 1.799053e+01 1.792658e+01
    endloop
  endfacet
  facet normal 5.735764e-01 7.259271e-15 8.191520e-01
    outer loop
      vertex   5.426479e+01 1.629943e+01 1.800136e+01
      vertex   5.437159e+01 1.799053e+01 1.792658e+01
      vertex   5.429641e+01 1.809367e+01 1.797922e+01
    endloop
  endfacet
  facet normal 5.735764e-01 5.726268e-15 8.191520e-01
    outer loop
      vertex   5.426479e+01 1.629943e+01 1.800136e+01
      vertex   5.429641e+01 1.809367e+01 1.797922e+01
      vertex   5.411831e+01 1.631289e+01 1.810393e+01
    endloop
  endfacet
  facet normal 5.735764e-01 2.469566e-15 8.191520e-01
    outer loop
      vertex   5.411831e+01 1.631289e+01 1.810393e+01
      vertex   5.429641e+01 1.809367e+01 1.797922e+01
      vertex   5.422364e+01 1.819960e+01 1.803018e+01
    endloop
  endfacet
  facet normal 5.735764e-01 3.170765e-15 8.191520e-01
    outer loop
      vertex   5.411831e+01 1.631289e+01 1.810393e+01
      vertex   5.422364e+01 1.819960e+01 1.803018e+01
      vertex   5.397079e+01 1.631692e+01 1.820722e+01
    endloop
  endfacet
  facet normal 5.735764e-01 -3.356833e-15 8.191520e-01
    outer loop
      vertex   5.397079e+01 1.631692e+01 1.820722e+01
      vertex   5.422364e+01 1.819960e+01 1.803018e+01
      vertex   5.412338e+01 1.834710e+01 1.810038e+01
    endloop
  endfacet
  facet normal 5.735764e-01 -8.250150e-16 8.191520e-01
    outer loop
      vertex   5.397079e+01 1.631692e+01 1.820722e+01
      vertex   5.412338e+01 1.834710e+01 1.810038e+01
      vertex   5.401915e+01 1.848985e+01 1.817336e+01
    endloop
  endfacet
  facet normal 5.735764e-01 7.771762e-15 8.191520e-01
    outer loop
      vertex   5.390738e+01 1.862355e+01 1.825163e+01
      vertex   5.354334e+01 1.793357e+01 1.850653e+01
      vertex   5.401915e+01 1.848985e+01 1.817336e+01
    endloop
  endfacet
  facet normal 5.735764e-01 -1.696643e-14 8.191520e-01
    outer loop
      vertex   5.401915e+01 1.848985e+01 1.817336e+01
      vertex   5.354334e+01 1.793357e+01 1.850653e+01
      vertex   5.351680e+01 1.761808e+01 1.852511e+01
    endloop
  endfacet
  facet normal 5.735764e-01 -1.348470e-15 8.191520e-01
    outer loop
      vertex   5.401915e+01 1.848985e+01 1.817336e+01
      vertex   5.351680e+01 1.761808e+01 1.852511e+01
      vertex   5.384879e+01 1.631467e+01 1.829265e+01
    endloop
  endfacet
  facet normal 5.735764e-01 2.402889e-14 8.191520e-01
    outer loop
      vertex   5.384879e+01 1.631467e+01 1.829265e+01
      vertex   5.351680e+01 1.761808e+01 1.852511e+01
      vertex   5.372729e+01 1.630647e+01 1.837772e+01
    endloop
  endfacet
  facet normal 5.735764e-01 -3.241834e-15 8.191520e-01
    outer loop
      vertex   5.372729e+01 1.630647e+01 1.837772e+01
      vertex   5.351680e+01 1.761808e+01 1.852511e+01
      vertex   5.360671e+01 1.628735e+01 1.846216e+01
    endloop
  endfacet
  facet normal 5.735764e-01 9.998667e-16 8.191520e-01
    outer loop
      vertex   5.360671e+01 1.628735e+01 1.846216e+01
      vertex   5.351680e+01 1.761808e+01 1.852511e+01
      vertex   5.348676e+01 1.626065e+01 1.854614e+01
    endloop
  endfacet
  facet normal 5.735764e-01 -4.458596e-16 8.191520e-01
    outer loop
      vertex   5.348676e+01 1.626065e+01 1.854614e+01
      vertex   5.351680e+01 1.761808e+01 1.852511e+01
      vertex   5.339292e+01 1.764337e+01 1.861185e+01
    endloop
  endfacet
  facet normal 5.735764e-01 -9.005612e-16 8.191520e-01
    outer loop
      vertex   5.348676e+01 1.626065e+01 1.854614e+01
      vertex   5.339292e+01 1.764337e+01 1.861185e+01
      vertex   5.340711e+01 1.623201e+01 1.860191e+01
    endloop
  endfacet
  facet normal 5.735764e-01 -1.443027e-15 8.191520e-01
    outer loop
      vertex   5.340711e+01 1.623201e+01 1.860191e+01
      vertex   5.339292e+01 1.764337e+01 1.861185e+01
      vertex   5.332931e+01 1.619804e+01 1.865639e+01
    endloop
  endfacet
  facet normal 5.735764e-01 -3.367975e-15 8.191520e-01
    outer loop
      vertex   5.332931e+01 1.619804e+01 1.865639e+01
      vertex   5.339292e+01 1.764337e+01 1.861185e+01
      vertex   5.327619e+01 1.768728e+01 1.869359e+01
    endloop
  endfacet
  facet normal 5.735764e-01 -6.017400e-15 8.191520e-01
    outer loop
      vertex   5.332931e+01 1.619804e+01 1.865639e+01
      vertex   5.327619e+01 1.768728e+01 1.869359e+01
      vertex   5.325474e+01 1.615473e+01 1.870861e+01
    endloop
  endfacet
  facet normal 5.735764e-01 -7.580237e-15 8.191520e-01
    outer loop
      vertex   5.325474e+01 1.615473e+01 1.870861e+01
      vertex   5.327619e+01 1.768728e+01 1.869359e+01
      vertex   5.317206e+01 1.776403e+01 1.876650e+01
    endloop
  endfacet
  facet normal 5.735764e-01 -3.971471e-15 8.191520e-01
    outer loop
      vertex   5.325474e+01 1.615473e+01 1.870861e+01
      vertex   5.317206e+01 1.776403e+01 1.876650e+01
      vertex   5.318223e+01 1.610546e+01 1.875938e+01
    endloop
  endfacet
  facet normal 5.735764e-01 -4.517667e-15 8.191520e-01
    outer loop
      vertex   5.318223e+01 1.610546e+01 1.875938e+01
      vertex   5.317206e+01 1.776403e+01 1.876650e+01
      vertex   5.312530e+01 1.605310e+01 1.879924e+01
    endloop
  endfacet
  facet normal 5.735764e-01 -4.639991e-16 8.191520e-01
    outer loop
      vertex   5.312530e+01 1.605310e+01 1.879924e+01
      vertex   5.317206e+01 1.776403e+01 1.876650e+01
      vertex   5.307607e+01 1.786194e+01 1.883371e+01
    endloop
  endfacet
  facet normal 5.735764e-01 6.961193e-17 8.191520e-01
    outer loop
      vertex   5.312530e+01 1.605310e+01 1.879924e+01
      vertex   5.307607e+01 1.786194e+01 1.883371e+01
      vertex   5.307327e+01 1.599517e+01 1.883567e+01
    endloop
  endfacet
  facet normal 5.735764e-01 1.106723e-16 8.191520e-01
    outer loop
      vertex   5.307327e+01 1.599517e+01 1.883567e+01
      vertex   5.307607e+01 1.786194e+01 1.883371e+01
      vertex   5.302954e+01 1.592784e+01 1.886629e+01
    endloop
  endfacet
  facet normal 5.735764e-01 -7.156820e-16 8.191520e-01
    outer loop
      vertex   5.302954e+01 1.592784e+01 1.886629e+01
      vertex   5.307607e+01 1.786194e+01 1.883371e+01
      vertex   5.300809e+01 1.799145e+01 1.888131e+01
    endloop
  endfacet
  facet normal 5.735764e-01 3.928299e-17 8.191520e-01
    outer loop
      vertex   5.302954e+01 1.592784e+01 1.886629e+01
      vertex   5.300809e+01 1.799145e+01 1.888131e+01
      vertex   5.299086e+01 1.585478e+01 1.889338e+01
    endloop
  endfacet
  facet normal 5.735764e-01 2.950896e-16 8.191520e-01
    outer loop
      vertex   5.299086e+01 1.585478e+01 1.889338e+01
      vertex   5.300809e+01 1.799145e+01 1.888131e+01
      vertex   5.295736e+01 1.812810e+01 1.891683e+01
    endloop
  endfacet
  facet normal 5.735764e-01 4.456766e-16 8.191520e-01
    outer loop
      vertex   5.299086e+01 1.585478e+01 1.889338e+01
      vertex   5.295736e+01 1.812810e+01 1.891683e+01
      vertex   5.296177e+01 1.577011e+01 1.891374e+01
    endloop
  endfacet
  facet normal 5.735764e-01 1.188378e-15 8.191520e-01
    outer loop
      vertex   5.296177e+01 1.577011e+01 1.891374e+01
      vertex   5.295736e+01 1.812810e+01 1.891683e+01
      vertex   5.293972e+01 1.568343e+01 1.892919e+01
    endloop
  endfacet
  facet normal 5.735764e-01 2.468247e-15 8.191520e-01
    outer loop
      vertex   5.293972e+01 1.568343e+01 1.892919e+01
      vertex   5.295736e+01 1.812810e+01 1.891683e+01
      vertex   5.293336e+01 1.827582e+01 1.893364e+01
    endloop
  endfacet
  facet normal 5.735764e-01 1.969502e-15 8.191520e-01
    outer loop
      vertex   5.293972e+01 1.568343e+01 1.892919e+01
      vertex   5.293336e+01 1.827582e+01 1.893364e+01
      vertex   5.292887e+01 1.559353e+01 1.893678e+01
    endloop
  endfacet
  facet normal 5.735764e-01 1.946963e-15 8.191520e-01
    outer loop
      vertex   5.292887e+01 1.559353e+01 1.893678e+01
      vertex   5.293336e+01 1.827582e+01 1.893364e+01
      vertex   5.292450e+01 1.842981e+01 1.893984e+01
    endloop
  endfacet
  facet normal 5.735764e-01 -1.036345e-14 8.191520e-01
    outer loop
      vertex   5.390738e+01 1.862355e+01 1.825163e+01
      vertex   5.378989e+01 1.875041e+01 1.833389e+01
      vertex   5.354334e+01 1.793357e+01 1.850653e+01
    endloop
  endfacet
  facet normal 5.735764e-01 8.701806e-15 8.191520e-01
    outer loop
      vertex   5.354334e+01 1.793357e+01 1.850653e+01
      vertex   5.378989e+01 1.875041e+01 1.833389e+01
      vertex   5.372035e+01 1.880616e+01 1.838258e+01
    endloop
  endfacet
  facet normal 5.735764e-01 -1.839532e-14 8.191520e-01
    outer loop
      vertex   5.354334e+01 1.793357e+01 1.850653e+01
      vertex   5.372035e+01 1.880616e+01 1.838258e+01
      vertex   5.364770e+01 1.885165e+01 1.843346e+01
    endloop
  endfacet
  facet normal 5.735764e-01 -3.853251e-15 8.191520e-01
    outer loop
      vertex   5.364770e+01 1.885165e+01 1.843346e+01
      vertex   5.356944e+01 1.887876e+01 1.848825e+01
      vertex   5.354334e+01 1.793357e+01 1.850653e+01
    endloop
  endfacet
  facet normal 5.735764e-01 -3.487601e-15 8.191520e-01
    outer loop
      vertex   5.354334e+01 1.793357e+01 1.850653e+01
      vertex   5.356944e+01 1.887876e+01 1.848825e+01
      vertex   5.348746e+01 1.889366e+01 1.854565e+01
    endloop
  endfacet
  facet normal 5.735764e-01 2.445704e-15 8.191520e-01
    outer loop
      vertex   5.354334e+01 1.793357e+01 1.850653e+01
      vertex   5.348746e+01 1.889366e+01 1.854565e+01
      vertex   5.346008e+01 1.794213e+01 1.856482e+01
    endloop
  endfacet
  facet normal 5.735764e-01 -2.269482e-15 8.191520e-01
    outer loop
      vertex   5.346008e+01 1.794213e+01 1.856482e+01
      vertex   5.348746e+01 1.889366e+01 1.854565e+01
      vertex   5.341660e+01 1.888356e+01 1.859527e+01
    endloop
  endfacet
  facet normal 5.735764e-01 -1.771691e-14 8.191520e-01
    outer loop
      vertex   5.346008e+01 1.794213e+01 1.856482e+01
      vertex   5.341660e+01 1.888356e+01 1.859527e+01
      vertex   5.338091e+01 1.796382e+01 1.862026e+01
    endloop
  endfacet
  facet normal 5.735764e-01 -1.463834e-14 8.191520e-01
    outer loop
      vertex   5.338091e+01 1.796382e+01 1.862026e+01
      vertex   5.341660e+01 1.888356e+01 1.859527e+01
      vertex   5.335000e+01 1.886121e+01 1.864191e+01
    endloop
  endfacet
  facet normal 5.735764e-01 -2.889263e-15 8.191520e-01
    outer loop
      vertex   5.338091e+01 1.796382e+01 1.862026e+01
      vertex   5.335000e+01 1.886121e+01 1.864191e+01
      vertex   5.330894e+01 1.800862e+01 1.867065e+01
    endloop
  endfacet
  facet normal 5.735764e-01 4.749642e-15 8.191520e-01
    outer loop
      vertex   5.330894e+01 1.800862e+01 1.867065e+01
      vertex   5.335000e+01 1.886121e+01 1.864191e+01
      vertex   5.329051e+01 1.881836e+01 1.868356e+01
    endloop
  endfacet
  facet normal 5.735764e-01 3.620366e-15 8.191520e-01
    outer loop
      vertex   5.330894e+01 1.800862e+01 1.867065e+01
      vertex   5.329051e+01 1.881836e+01 1.868356e+01
      vertex   5.324160e+01 1.806829e+01 1.871781e+01
    endloop
  endfacet
  facet normal 5.735764e-01 -1.862104e-15 8.191520e-01
    outer loop
      vertex   5.324160e+01 1.806829e+01 1.871781e+01
      vertex   5.329051e+01 1.881836e+01 1.868356e+01
      vertex   5.323532e+01 1.876320e+01 1.872221e+01
    endloop
  endfacet
  facet normal 5.735764e-01 -1.104576e-15 8.191520e-01
    outer loop
      vertex   5.324160e+01 1.806829e+01 1.871781e+01
      vertex   5.323532e+01 1.876320e+01 1.872221e+01
      vertex   5.319030e+01 1.868708e+01 1.875373e+01
    endloop
  endfacet
  facet normal 5.735764e-01 -1.604092e-14 8.191520e-01
    outer loop
      vertex   5.324160e+01 1.806829e+01 1.871781e+01
      vertex   5.319030e+01 1.868708e+01 1.875373e+01
      vertex   5.319362e+01 1.814719e+01 1.875141e+01
    endloop
  endfacet
  facet normal 5.735764e-01 -1.484752e-14 8.191520e-01
    outer loop
      vertex   5.319362e+01 1.814719e+01 1.875141e+01
      vertex   5.319030e+01 1.868708e+01 1.875373e+01
      vertex   5.315617e+01 1.860593e+01 1.877762e+01
    endloop
  endfacet
  facet normal 5.735764e-01 -5.082102e-14 8.191520e-01
    outer loop
      vertex   5.319362e+01 1.814719e+01 1.875141e+01
      vertex   5.315617e+01 1.860593e+01 1.877762e+01
      vertex   5.313940e+01 1.851677e+01 1.878937e+01
    endloop
  endfacet
  facet normal 5.735764e-01 -8.640001e-15 8.191520e-01
    outer loop
      vertex   5.313264e+01 1.842299e+01 1.879410e+01
      vertex   5.313965e+01 1.832479e+01 1.878919e+01
      vertex   5.313940e+01 1.851677e+01 1.878937e+01
    endloop
  endfacet
  facet normal 5.735764e-01 -9.806120e-15 8.191520e-01
    outer loop
      vertex   5.313940e+01 1.851677e+01 1.878937e+01
      vertex   5.313965e+01 1.832479e+01 1.878919e+01
      vertex   5.315734e+01 1.823161e+01 1.877680e+01
    endloop
  endfacet
  facet normal 5.735764e-01 2.099592e-14 8.191520e-01
    outer loop
      vertex   5.313940e+01 1.851677e+01 1.878937e+01
      vertex   5.315734e+01 1.823161e+01 1.877680e+01
      vertex   5.319362e+01 1.814719e+01 1.875141e+01
    endloop
  endfacet
  facet normal 5.735764e-01 1.371430e-14 8.191520e-01
    outer loop
      vertex   5.308794e+01 1.899939e+01 1.882540e+01
      vertex   5.317650e+01 1.908832e+01 1.876339e+01
      vertex   5.743822e+01 3.381400e+01 1.577930e+01
    endloop
  endfacet
  facet normal 5.735764e-01 -1.307616e-14 8.191520e-01
    outer loop
      vertex   5.743822e+01 3.381400e+01 1.577930e+01
      vertex   5.317650e+01 1.908832e+01 1.876339e+01
      vertex   5.327202e+01 1.915727e+01 1.869651e+01
    endloop
  endfacet
  facet normal 5.735764e-01 2.151893e-14 8.191520e-01
    outer loop
      vertex   5.743822e+01 3.381400e+01 1.577930e+01
      vertex   5.327202e+01 1.915727e+01 1.869651e+01
      vertex   5.337909e+01 1.919309e+01 1.862154e+01
    endloop
  endfacet
  facet normal 5.735764e-01 -1.005433e-14 8.191520e-01
    outer loop
      vertex   5.337909e+01 1.919309e+01 1.862154e+01
      vertex   5.349305e+01 1.920915e+01 1.854174e+01
      vertex   5.743822e+01 3.381400e+01 1.577930e+01
    endloop
  endfacet
  facet normal 5.735764e-01 1.411609e-14 8.191520e-01
    outer loop
      vertex   5.743822e+01 3.381400e+01 1.577930e+01
      vertex   5.349305e+01 1.920915e+01 1.854174e+01
      vertex   5.355521e+01 1.920413e+01 1.849821e+01
    endloop
  endfacet
  facet normal 5.735764e-01 1.555037e-15 8.191520e-01
    outer loop
      vertex   5.743822e+01 3.381400e+01 1.577930e+01
      vertex   5.355521e+01 1.920413e+01 1.849821e+01
      vertex   5.361642e+01 1.919342e+01 1.845536e+01
    endloop
  endfacet
  facet normal 5.735764e-01 -2.210496e-14 8.191520e-01
    outer loop
      vertex   5.361642e+01 1.919342e+01 1.845536e+01
      vertex   5.367604e+01 1.917336e+01 1.841361e+01
      vertex   5.743822e+01 3.381400e+01 1.577930e+01
    endloop
  endfacet
  facet normal 5.735764e-01 -1.007836e-14 8.191520e-01
    outer loop
      vertex   5.373472e+01 1.914775e+01 1.837252e+01
      vertex   5.380191e+01 1.910548e+01 1.832548e+01
      vertex   5.473910e+01 1.921256e+01 1.766925e+01
    endloop
  endfacet
  facet normal 5.735764e-01 -1.011911e-13 8.191520e-01
    outer loop
      vertex   5.473910e+01 1.921256e+01 1.766925e+01
      vertex   5.380191e+01 1.910548e+01 1.832548e+01
      vertex   5.386639e+01 1.905819e+01 1.828033e+01
    endloop
  endfacet
  facet normal 5.735764e-01 -2.778496e-14 8.191520e-01
    outer loop
      vertex   5.473910e+01 1.921256e+01 1.766925e+01
      vertex   5.386639e+01 1.905819e+01 1.828033e+01
      vertex   5.392674e+01 1.900323e+01 1.823807e+01
    endloop
  endfacet
  facet normal 5.735764e-01 5.468329e-15 8.191520e-01
    outer loop
      vertex   5.392674e+01 1.900323e+01 1.823807e+01
      vertex   5.398476e+01 1.894397e+01 1.819744e+01
      vertex   5.473910e+01 1.921256e+01 1.766925e+01
    endloop
  endfacet
  facet normal 5.735764e-01 4.105701e-16 8.191520e-01
    outer loop
      vertex   5.473910e+01 1.921256e+01 1.766925e+01
      vertex   5.398476e+01 1.894397e+01 1.819744e+01
      vertex   5.407937e+01 1.883083e+01 1.813120e+01
    endloop
  endfacet
  facet normal 5.735764e-01 5.287152e-15 8.191520e-01
    outer loop
      vertex   5.473910e+01 1.921256e+01 1.766925e+01
      vertex   5.407937e+01 1.883083e+01 1.813120e+01
      vertex   5.417117e+01 1.871448e+01 1.806692e+01
    endloop
  endfacet
  facet normal 5.735764e-01 4.172373e-14 8.191520e-01
    outer loop
      vertex   5.417117e+01 1.871448e+01 1.806692e+01
      vertex   5.425918e+01 1.859376e+01 1.800529e+01
      vertex   5.473910e+01 1.921256e+01 1.766925e+01
    endloop
  endfacet
  facet normal 5.735764e-01 -4.354691e-14 8.191520e-01
    outer loop
      vertex   5.473910e+01 1.921256e+01 1.766925e+01
      vertex   5.425918e+01 1.859376e+01 1.800529e+01
      vertex   5.434517e+01 1.847074e+01 1.794508e+01
    endloop
  endfacet
  facet normal 5.735764e-01 -7.338958e-15 8.191520e-01
    outer loop
      vertex   5.473910e+01 1.921256e+01 1.766925e+01
      vertex   5.434517e+01 1.847074e+01 1.794508e+01
      vertex   5.440756e+01 1.837983e+01 1.790139e+01
    endloop
  endfacet
  facet normal 5.735764e-01 -9.795226e-15 8.191520e-01
    outer loop
      vertex   5.440756e+01 1.837983e+01 1.790139e+01
      vertex   5.447091e+01 1.828997e+01 1.785704e+01
      vertex   5.473910e+01 1.921256e+01 1.766925e+01
    endloop
  endfacet
  facet normal 5.735764e-01 1.833181e-14 8.191520e-01
    outer loop
      vertex   5.473910e+01 1.921256e+01 1.766925e+01
      vertex   5.447091e+01 1.828997e+01 1.785704e+01
      vertex   5.453612e+01 1.820214e+01 1.781137e+01
    endloop
  endfacet
  facet normal 5.735764e-01 0.000000e+00 8.191520e-01
    outer loop
      vertex   5.498076e+01 1.715082e+01 1.750003e+01
      vertex   5.498076e+01 1.680123e+01 1.750003e+01
      vertex   5.501569e+01 1.550178e+01 1.747558e+01
    endloop
  endfacet
  facet normal 5.735764e-01 2.136877e-14 8.191520e-01
    outer loop
      vertex   5.501569e+01 1.550178e+01 1.747558e+01
      vertex   5.498076e+01 1.680123e+01 1.750003e+01
      vertex   5.500789e+01 1.562452e+01 1.748104e+01
    endloop
  endfacet
  facet normal 5.735764e-01 6.577007e-15 8.191520e-01
    outer loop
      vertex   5.500789e+01 1.562452e+01 1.748104e+01
      vertex   5.498076e+01 1.680123e+01 1.750003e+01
      vertex   5.498824e+01 1.574244e+01 1.749480e+01
    endloop
  endfacet
  facet normal 5.735764e-01 5.048863e-15 8.191520e-01
    outer loop
      vertex   5.498824e+01 1.574244e+01 1.749480e+01
      vertex   5.498076e+01 1.680123e+01 1.750003e+01
      vertex   5.494803e+01 1.585198e+01 1.752295e+01
    endloop
  endfacet
  facet normal 5.735764e-01 1.779963e-16 8.191520e-01
    outer loop
      vertex   5.494803e+01 1.585198e+01 1.752295e+01
      vertex   5.498076e+01 1.680123e+01 1.750003e+01
      vertex   5.489485e+01 1.595625e+01 1.756019e+01
    endloop
  endfacet
  facet normal 5.735764e-01 4.286365e-15 8.191520e-01
    outer loop
      vertex   5.489485e+01 1.595625e+01 1.756019e+01
      vertex   5.498076e+01 1.680123e+01 1.750003e+01
      vertex   5.482046e+01 1.604454e+01 1.761228e+01
    endloop
  endfacet
  facet normal 5.735764e-01 3.016545e-15 8.191520e-01
    outer loop
      vertex   5.482046e+01 1.604454e+01 1.761228e+01
      vertex   5.498076e+01 1.680123e+01 1.750003e+01
      vertex   5.469440e+01 1.680123e+01 1.770055e+01
    endloop
  endfacet
  facet normal 5.735764e-01 -3.273142e-15 8.191520e-01
    outer loop
      vertex   5.482046e+01 1.604454e+01 1.761228e+01
      vertex   5.469440e+01 1.680123e+01 1.770055e+01
      vertex   5.473972e+01 1.612107e+01 1.766881e+01
    endloop
  endfacet
  facet normal 5.735764e-01 7.295567e-15 8.191520e-01
    outer loop
      vertex   5.473972e+01 1.612107e+01 1.766881e+01
      vertex   5.469440e+01 1.680123e+01 1.770055e+01
      vertex   5.464902e+01 1.617909e+01 1.773232e+01
    endloop
  endfacet
  facet normal 5.735764e-01 1.832522e-14 8.191520e-01
    outer loop
      vertex   5.464902e+01 1.617909e+01 1.773232e+01
      vertex   5.469440e+01 1.680123e+01 1.770055e+01
      vertex   5.455261e+01 1.622654e+01 1.779983e+01
    endloop
  endfacet
  facet normal 5.735764e-01 1.965954e-14 8.191520e-01
    outer loop
      vertex   5.455261e+01 1.622654e+01 1.779983e+01
      vertex   5.469440e+01 1.680123e+01 1.770055e+01
      vertex   5.440935e+01 1.626883e+01 1.790014e+01
    endloop
  endfacet
  facet normal 5.735764e-01 0.000000e+00 8.191520e-01
    outer loop
      vertex   5.440935e+01 1.626883e+01 1.790014e+01
      vertex   5.469440e+01 1.680123e+01 1.770055e+01
      vertex   5.469440e+01 1.715082e+01 1.770055e+01
    endloop
  endfacet
  facet normal 5.735764e-01 -1.855459e-15 8.191520e-01
    outer loop
      vertex   5.293230e+01 1.537956e+01 1.893438e+01
      vertex   5.292450e+01 1.550178e+01 1.893984e+01
      vertex   5.162229e+01 7.184143e+00 1.985166e+01
    endloop
  endfacet
  facet normal 5.735764e-01 1.555107e-16 8.191520e-01
    outer loop
      vertex   5.384879e+01 1.631467e+01 1.829265e+01
      vertex   5.397079e+01 1.631692e+01 1.820722e+01
      vertex   5.401915e+01 1.848985e+01 1.817336e+01
    endloop
  endfacet
  facet normal 0.000000e+00 1.000000e+00 0.000000e+00
    outer loop
      vertex   4.108385e+01 3.381400e+01 2.112688e+01
      vertex   3.447750e+01 3.381400e+01 2.112688e+01
      vertex   3.859910e+01 3.381400e+01 2.417905e+01
    endloop
  endfacet
  facet normal 0.000000e+00 1.000000e+00 0.000000e+00
    outer loop
      vertex   3.859910e+01 3.381400e+01 2.417905e+01
      vertex   3.447750e+01 3.381400e+01 2.112688e+01
      vertex   3.438832e+01 3.381400e+01 2.122630e+01
    endloop
  endfacet
  facet normal 0.000000e+00 1.000000e+00 0.000000e+00
    outer loop
      vertex   3.859910e+01 3.381400e+01 2.417905e+01
      vertex   3.438832e+01 3.381400e+01 2.122630e+01
      vertex   3.159687e+01 3.381400e+01 2.417905e+01
    endloop
  endfacet
  facet normal 0.000000e+00 1.000000e+00 0.000000e+00
    outer loop
      vertex   3.159687e+01 3.381400e+01 2.417905e+01
      vertex   3.438832e+01 3.381400e+01 2.122630e+01
      vertex   3.438631e+01 3.381400e+01 2.122651e+01
    endloop
  endfacet
  facet normal 0.000000e+00 1.000000e+00 0.000000e+00
    outer loop
      vertex   3.159687e+01 3.381400e+01 2.417905e+01
      vertex   3.438631e+01 3.381400e+01 2.122651e+01
      vertex   3.159687e+01 3.381400e+01 2.122651e+01
    endloop
  endfacet
  facet normal -0.000000e+00 1.000000e+00 0.000000e+00
    outer loop
      vertex   3.860134e+01 3.381400e+01 2.548982e+01
      vertex   4.023603e+01 3.381400e+01 2.782441e+01
      vertex   3.859910e+01 3.381400e+01 2.417905e+01
    endloop
  endfacet
  facet normal -0.000000e+00 1.000000e+00 0.000000e+00
    outer loop
      vertex   3.859910e+01 3.381400e+01 2.417905e+01
      vertex   4.023603e+01 3.381400e+01 2.782441e+01
      vertex   4.108385e+01 3.381400e+01 2.112688e+01
    endloop
  endfacet
  facet normal 0.000000e+00 1.000000e+00 0.000000e+00
    outer loop
      vertex   4.023603e+01 3.381400e+01 2.782441e+01
      vertex   5.743822e+01 3.381400e+01 1.577930e+01
      vertex   4.108385e+01 3.381400e+01 2.112688e+01
    endloop
  endfacet
  facet normal 0.000000e+00 1.000000e+00 0.000000e+00
    outer loop
      vertex   4.108385e+01 3.381400e+01 2.112688e+01
      vertex   5.743822e+01 3.381400e+01 1.577930e+01
      vertex   5.457034e+01 3.381400e+01 1.168354e+01
    endloop
  endfacet
  facet normal -1.081754e-01 -0.000000e+00 -9.941318e-01
    outer loop
      vertex   3.438832e+01 2.756459e+01 2.122630e+01
      vertex   3.438832e+01 2.461519e+01 2.122630e+01
      vertex   3.432674e+01 2.756459e+01 2.123300e+01
    endloop
  endfacet
  facet normal -1.081754e-01 -2.324574e-15 -9.941318e-01
    outer loop
      vertex   3.432674e+01 2.756459e+01 2.123300e+01
      vertex   3.438832e+01 2.461519e+01 2.122630e+01
      vertex   3.395959e+01 2.760596e+01 2.127295e+01
    endloop
  endfacet
  facet normal -1.081754e-01 -2.029674e-15 -9.941318e-01
    outer loop
      vertex   3.395959e+01 2.760596e+01 2.127295e+01
      vertex   3.438832e+01 2.461519e+01 2.122630e+01
      vertex   3.361084e+01 2.772799e+01 2.131090e+01
    endloop
  endfacet
  facet normal -1.081754e-01 -1.613200e-15 -9.941318e-01
    outer loop
      vertex   3.361084e+01 2.772799e+01 2.131090e+01
      vertex   3.438832e+01 2.461519e+01 2.122630e+01
      vertex   3.329799e+01 2.792457e+01 2.134494e+01
    endloop
  endfacet
  facet normal -1.081754e-01 -2.813642e-15 -9.941318e-01
    outer loop
      vertex   3.329799e+01 2.792457e+01 2.134494e+01
      vertex   3.438832e+01 2.461519e+01 2.122630e+01
      vertex   3.159687e+01 2.461519e+01 2.153004e+01
    endloop
  endfacet
  facet normal -1.081754e-01 3.114308e-15 -9.941318e-01
    outer loop
      vertex   3.329799e+01 2.792457e+01 2.134494e+01
      vertex   3.159687e+01 2.461519e+01 2.153004e+01
      vertex   3.303672e+01 2.818583e+01 2.137337e+01
    endloop
  endfacet
  facet normal -1.081754e-01 6.465001e-16 -9.941318e-01
    outer loop
      vertex   3.303672e+01 2.818583e+01 2.137337e+01
      vertex   3.159687e+01 2.461519e+01 2.153004e+01
      vertex   3.284015e+01 2.849868e+01 2.139476e+01
    endloop
  endfacet
  facet normal -1.081754e-01 -2.443810e-15 -9.941318e-01
    outer loop
      vertex   3.284015e+01 2.849868e+01 2.139476e+01
      vertex   3.159687e+01 2.461519e+01 2.153004e+01
      vertex   3.271811e+01 2.884743e+01 2.140804e+01
    endloop
  endfacet
  facet normal -1.081754e-01 0.000000e+00 -9.941318e-01
    outer loop
      vertex   3.271811e+01 2.884743e+01 2.140804e+01
      vertex   3.159687e+01 2.461519e+01 2.153004e+01
      vertex   3.159687e+01 3.102456e+01 2.153004e+01
    endloop
  endfacet
  facet normal -1.081754e-01 2.624819e-15 -9.941318e-01
    outer loop
      vertex   3.271811e+01 2.884743e+01 2.140804e+01
      vertex   3.159687e+01 3.102456e+01 2.153004e+01
      vertex   3.267674e+01 2.921459e+01 2.141254e+01
    endloop
  endfacet
  facet normal -1.081754e-01 -1.790907e-15 -9.941318e-01
    outer loop
      vertex   3.267674e+01 2.921459e+01 2.141254e+01
      vertex   3.159687e+01 3.102456e+01 2.153004e+01
      vertex   3.271811e+01 2.958175e+01 2.140804e+01
    endloop
  endfacet
  facet normal -1.081754e-01 3.913750e-15 -9.941318e-01
    outer loop
      vertex   3.271811e+01 2.958175e+01 2.140804e+01
      vertex   3.159687e+01 3.102456e+01 2.153004e+01
      vertex   3.284015e+01 2.993050e+01 2.139476e+01
    endloop
  endfacet
  facet normal -1.081754e-01 -1.227689e-15 -9.941318e-01
    outer loop
      vertex   3.284015e+01 2.993050e+01 2.139476e+01
      vertex   3.159687e+01 3.102456e+01 2.153004e+01
      vertex   3.303672e+01 3.024335e+01 2.137337e+01
    endloop
  endfacet
  facet normal -1.081754e-01 -7.025589e-15 -9.941318e-01
    outer loop
      vertex   3.303672e+01 3.024335e+01 2.137337e+01
      vertex   3.159687e+01 3.102456e+01 2.153004e+01
      vertex   3.329799e+01 3.050461e+01 2.134494e+01
    endloop
  endfacet
  facet normal -1.081754e-01 1.879446e-15 -9.941318e-01
    outer loop
      vertex   3.329799e+01 3.050461e+01 2.134494e+01
      vertex   3.159687e+01 3.102456e+01 2.153004e+01
      vertex   3.438631e+01 3.381400e+01 2.122651e+01
    endloop
  endfacet
  facet normal -1.081754e-01 -1.587233e-15 -9.941318e-01
    outer loop
      vertex   3.329799e+01 3.050461e+01 2.134494e+01
      vertex   3.438631e+01 3.381400e+01 2.122651e+01
      vertex   3.361084e+01 3.070119e+01 2.131090e+01
    endloop
  endfacet
  facet normal -1.081754e-01 -9.327933e-16 -9.941318e-01
    outer loop
      vertex   3.361084e+01 3.070119e+01 2.131090e+01
      vertex   3.438631e+01 3.381400e+01 2.122651e+01
      vertex   3.395959e+01 3.082322e+01 2.127295e+01
    endloop
  endfacet
  facet normal -1.081754e-01 -5.363069e-16 -9.941318e-01
    outer loop
      vertex   3.395959e+01 3.082322e+01 2.127295e+01
      vertex   3.438631e+01 3.381400e+01 2.122651e+01
      vertex   3.432674e+01 3.086459e+01 2.123300e+01
    endloop
  endfacet
  facet normal -1.081754e-01 -2.779428e-15 -9.941318e-01
    outer loop
      vertex   3.432674e+01 3.086459e+01 2.123300e+01
      vertex   3.438631e+01 3.381400e+01 2.122651e+01
      vertex   3.438832e+01 3.086459e+01 2.122630e+01
    endloop
  endfacet
  facet normal -1.081754e-01 -2.655572e-15 -9.941318e-01
    outer loop
      vertex   3.438832e+01 3.086459e+01 2.122630e+01
      vertex   3.438631e+01 3.381400e+01 2.122651e+01
      vertex   3.438832e+01 3.381400e+01 2.122630e+01
    endloop
  endfacet
  facet normal -0.000000e+00 -1.081754e-01 -9.941318e-01
    outer loop
      vertex   3.438631e+01 3.381400e+01 2.122651e+01
      vertex   3.159687e+01 3.102456e+01 2.153004e+01
      vertex   3.159687e+01 3.381400e+01 2.122651e+01
    endloop
  endfacet
  facet normal -1.000000e+00 0.000000e+00 0.000000e+00
    outer loop
      vertex   3.159687e+01 2.461519e+01 2.153004e+01
      vertex   3.159687e+01 2.461519e+01 2.417905e+01
      vertex   3.159687e+01 3.102456e+01 2.153004e+01
    endloop
  endfacet
  facet normal -1.000000e+00 0.000000e+00 0.000000e+00
    outer loop
      vertex   3.159687e+01 3.102456e+01 2.153004e+01
      vertex   3.159687e+01 2.461519e+01 2.417905e+01
      vertex   3.159687e+01 3.381400e+01 2.417905e+01
    endloop
  endfacet
  facet normal -1.000000e+00 0.000000e+00 0.000000e+00
    outer loop
      vertex   3.159687e+01 3.102456e+01 2.153004e+01
      vertex   3.159687e+01 3.381400e+01 2.417905e+01
      vertex   3.159687e+01 3.381400e+01 2.122651e+01
    endloop
  endfacet
  facet normal 0.000000e+00 -1.000000e+00 0.000000e+00
    outer loop
      vertex   3.447750e+01 2.461519e+01 2.112688e+01
      vertex   3.859687e+01 2.461519e+01 2.112688e+01
      vertex   3.438832e+01 2.461519e+01 2.122630e+01
    endloop
  endfacet
  facet normal 0.000000e+00 -1.000000e+00 0.000000e+00
    outer loop
      vertex   3.438832e+01 2.461519e+01 2.122630e+01
      vertex   3.859687e+01 2.461519e+01 2.112688e+01
      vertex   3.859687e+01 2.461519e+01 2.286828e+01
    endloop
  endfacet
  facet normal 0.000000e+00 -1.000000e+00 0.000000e+00
    outer loop
      vertex   3.438832e+01 2.461519e+01 2.122630e+01
      vertex   3.859687e+01 2.461519e+01 2.286828e+01
      vertex   3.159687e+01 2.461519e+01 2.417905e+01
    endloop
  endfacet
  facet normal 0.000000e+00 -1.000000e+00 0.000000e+00
    outer loop
      vertex   3.159687e+01 2.461519e+01 2.417905e+01
      vertex   3.859687e+01 2.461519e+01 2.286828e+01
      vertex   3.859910e+01 2.461519e+01 2.417905e+01
    endloop
  endfacet
  facet normal 0.000000e+00 -1.000000e+00 0.000000e+00
    outer loop
      vertex   3.159687e+01 2.461519e+01 2.417905e+01
      vertex   3.159687e+01 2.461519e+01 2.153004e+01
      vertex   3.438832e+01 2.461519e+01 2.122630e+01
    endloop
  endfacet
  facet normal -0.000000e+00 0.000000e+00 1.000000e+00
    outer loop
      vertex   3.432674e+01 2.756459e+01 2.417905e+01
      vertex   3.159687e+01 2.461519e+01 2.417905e+01
      vertex   3.586700e+01 2.756459e+01 2.417905e+01
    endloop
  endfacet
  facet normal 0.000000e+00 0.000000e+00 1.000000e+00
    outer loop
      vertex   3.586700e+01 2.756459e+01 2.417905e+01
      vertex   3.159687e+01 2.461519e+01 2.417905e+01
      vertex   3.859910e+01 2.461519e+01 2.417905e+01
    endloop
  endfacet
  facet normal -0.000000e+00 0.000000e+00 1.000000e+00
    outer loop
      vertex   3.586700e+01 2.756459e+01 2.417905e+01
      vertex   3.859910e+01 2.461519e+01 2.417905e+01
      vertex   3.623416e+01 2.760596e+01 2.417905e+01
    endloop
  endfacet
  facet normal -0.000000e+00 0.000000e+00 1.000000e+00
    outer loop
      vertex   3.623416e+01 2.760596e+01 2.417905e+01
      vertex   3.859910e+01 2.461519e+01 2.417905e+01
      vertex   3.658291e+01 2.772799e+01 2.417905e+01
    endloop
  endfacet
  facet normal -0.000000e+00 0.000000e+00 1.000000e+00
    outer loop
      vertex   3.658291e+01 2.772799e+01 2.417905e+01
      vertex   3.859910e+01 2.461519e+01 2.417905e+01
      vertex   3.689576e+01 2.792457e+01 2.417905e+01
    endloop
  endfacet
  facet normal -0.000000e+00 0.000000e+00 1.000000e+00
    outer loop
      vertex   3.689576e+01 2.792457e+01 2.417905e+01
      vertex   3.859910e+01 2.461519e+01 2.417905e+01
      vertex   3.715702e+01 2.818583e+01 2.417905e+01
    endloop
  endfacet
  facet normal -0.000000e+00 0.000000e+00 1.000000e+00
    outer loop
      vertex   3.715702e+01 2.818583e+01 2.417905e+01
      vertex   3.859910e+01 2.461519e+01 2.417905e+01
      vertex   3.735360e+01 2.849868e+01 2.417905e+01
    endloop
  endfacet
  facet normal -0.000000e+00 0.000000e+00 1.000000e+00
    outer loop
      vertex   3.735360e+01 2.849868e+01 2.417905e+01
      vertex   3.859910e+01 2.461519e+01 2.417905e+01
      vertex   3.747563e+01 2.884743e+01 2.417905e+01
    endloop
  endfacet
  facet normal -0.000000e+00 0.000000e+00 1.000000e+00
    outer loop
      vertex   3.747563e+01 2.884743e+01 2.417905e+01
      vertex   3.859910e+01 2.461519e+01 2.417905e+01
      vertex   3.751700e+01 2.921459e+01 2.417905e+01
    endloop
  endfacet
  facet normal -0.000000e+00 0.000000e+00 1.000000e+00
    outer loop
      vertex   3.751700e+01 2.921459e+01 2.417905e+01
      vertex   3.859910e+01 2.461519e+01 2.417905e+01
      vertex   3.859910e+01 3.381400e+01 2.417905e+01
    endloop
  endfacet
  facet normal 0.000000e+00 -0.000000e+00 1.000000e+00
    outer loop
      vertex   3.751700e+01 2.921459e+01 2.417905e+01
      vertex   3.859910e+01 3.381400e+01 2.417905e+01
      vertex   3.747563e+01 2.958175e+01 2.417905e+01
    endloop
  endfacet
  facet normal 0.000000e+00 -0.000000e+00 1.000000e+00
    outer loop
      vertex   3.747563e+01 2.958175e+01 2.417905e+01
      vertex   3.859910e+01 3.381400e+01 2.417905e+01
      vertex   3.735360e+01 2.993050e+01 2.417905e+01
    endloop
  endfacet
  facet normal 0.000000e+00 -0.000000e+00 1.000000e+00
    outer loop
      vertex   3.735360e+01 2.993050e+01 2.417905e+01
      vertex   3.859910e+01 3.381400e+01 2.417905e+01
      vertex   3.715702e+01 3.024335e+01 2.417905e+01
    endloop
  endfacet
  facet normal 0.000000e+00 -0.000000e+00 1.000000e+00
    outer loop
      vertex   3.715702e+01 3.024335e+01 2.417905e+01
      vertex   3.859910e+01 3.381400e+01 2.417905e+01
      vertex   3.689576e+01 3.050461e+01 2.417905e+01
    endloop
  endfacet
  facet normal 0.000000e+00 -0.000000e+00 1.000000e+00
    outer loop
      vertex   3.689576e+01 3.050461e+01 2.417905e+01
      vertex   3.859910e+01 3.381400e+01 2.417905e+01
      vertex   3.658291e+01 3.070119e+01 2.417905e+01
    endloop
  endfacet
  facet normal 0.000000e+00 -0.000000e+00 1.000000e+00
    outer loop
      vertex   3.658291e+01 3.070119e+01 2.417905e+01
      vertex   3.859910e+01 3.381400e+01 2.417905e+01
      vertex   3.623416e+01 3.082322e+01 2.417905e+01
    endloop
  endfacet
  facet normal 0.000000e+00 -0.000000e+00 1.000000e+00
    outer loop
      vertex   3.623416e+01 3.082322e+01 2.417905e+01
      vertex   3.859910e+01 3.381400e+01 2.417905e+01
      vertex   3.586700e+01 3.086459e+01 2.417905e+01
    endloop
  endfacet
  facet normal 0.000000e+00 -0.000000e+00 1.000000e+00
    outer loop
      vertex   3.586700e+01 3.086459e+01 2.417905e+01
      vertex   3.859910e+01 3.381400e+01 2.417905e+01
      vertex   3.159687e+01 3.381400e+01 2.417905e+01
    endloop
  endfacet
  facet normal 0.000000e+00 0.000000e+00 1.000000e+00
    outer loop
      vertex   3.586700e+01 3.086459e+01 2.417905e+01
      vertex   3.159687e+01 3.381400e+01 2.417905e+01
      vertex   3.432674e+01 3.086459e+01 2.417905e+01
    endloop
  endfacet
  facet normal 0.000000e+00 0.000000e+00 1.000000e+00
    outer loop
      vertex   3.432674e+01 3.086459e+01 2.417905e+01
      vertex   3.159687e+01 3.381400e+01 2.417905e+01
      vertex   3.395959e+01 3.082322e+01 2.417905e+01
    endloop
  endfacet
  facet normal 0.000000e+00 0.000000e+00 1.000000e+00
    outer loop
      vertex   3.395959e+01 3.082322e+01 2.417905e+01
      vertex   3.159687e+01 3.381400e+01 2.417905e+01
      vertex   3.361084e+01 3.070119e+01 2.417905e+01
    endloop
  endfacet
  facet normal 0.000000e+00 0.000000e+00 1.000000e+00
    outer loop
      vertex   3.361084e+01 3.070119e+01 2.417905e+01
      vertex   3.159687e+01 3.381400e+01 2.417905e+01
      vertex   3.329799e+01 3.050461e+01 2.417905e+01
    endloop
  endfacet
  facet normal 0.000000e+00 0.000000e+00 1.000000e+00
    outer loop
      vertex   3.329799e+01 3.050461e+01 2.417905e+01
      vertex   3.159687e+01 3.381400e+01 2.417905e+01
      vertex   3.303672e+01 3.024335e+01 2.417905e+01
    endloop
  endfacet
  facet normal 0.000000e+00 0.000000e+00 1.000000e+00
    outer loop
      vertex   3.303672e+01 3.024335e+01 2.417905e+01
      vertex   3.159687e+01 3.381400e+01 2.417905e+01
      vertex   3.284015e+01 2.993050e+01 2.417905e+01
    endloop
  endfacet
  facet normal 0.000000e+00 0.000000e+00 1.000000e+00
    outer loop
      vertex   3.284015e+01 2.993050e+01 2.417905e+01
      vertex   3.159687e+01 3.381400e+01 2.417905e+01
      vertex   3.271811e+01 2.958175e+01 2.417905e+01
    endloop
  endfacet
  facet normal 0.000000e+00 0.000000e+00 1.000000e+00
    outer loop
      vertex   3.271811e+01 2.958175e+01 2.417905e+01
      vertex   3.159687e+01 3.381400e+01 2.417905e+01
      vertex   3.267674e+01 2.921459e+01 2.417905e+01
    endloop
  endfacet
  facet normal 0.000000e+00 0.000000e+00 1.000000e+00
    outer loop
      vertex   3.267674e+01 2.921459e+01 2.417905e+01
      vertex   3.159687e+01 3.381400e+01 2.417905e+01
      vertex   3.159687e+01 2.461519e+01 2.417905e+01
    endloop
  endfacet
  facet normal 0.000000e+00 0.000000e+00 1.000000e+00
    outer loop
      vertex   3.267674e+01 2.921459e+01 2.417905e+01
      vertex   3.159687e+01 2.461519e+01 2.417905e+01
      vertex   3.271811e+01 2.884743e+01 2.417905e+01
    endloop
  endfacet
  facet normal 0.000000e+00 0.000000e+00 1.000000e+00
    outer loop
      vertex   3.271811e+01 2.884743e+01 2.417905e+01
      vertex   3.159687e+01 2.461519e+01 2.417905e+01
      vertex   3.284015e+01 2.849868e+01 2.417905e+01
    endloop
  endfacet
  facet normal 0.000000e+00 0.000000e+00 1.000000e+00
    outer loop
      vertex   3.284015e+01 2.849868e+01 2.417905e+01
      vertex   3.159687e+01 2.461519e+01 2.417905e+01
      vertex   3.303672e+01 2.818583e+01 2.417905e+01
    endloop
  endfacet
  facet normal 0.000000e+00 0.000000e+00 1.000000e+00
    outer loop
      vertex   3.303672e+01 2.818583e+01 2.417905e+01
      vertex   3.159687e+01 2.461519e+01 2.417905e+01
      vertex   3.329799e+01 2.792457e+01 2.417905e+01
    endloop
  endfacet
  facet normal 0.000000e+00 0.000000e+00 1.000000e+00
    outer loop
      vertex   3.329799e+01 2.792457e+01 2.417905e+01
      vertex   3.159687e+01 2.461519e+01 2.417905e+01
      vertex   3.361084e+01 2.772799e+01 2.417905e+01
    endloop
  endfacet
  facet normal 0.000000e+00 0.000000e+00 1.000000e+00
    outer loop
      vertex   3.361084e+01 2.772799e+01 2.417905e+01
      vertex   3.159687e+01 2.461519e+01 2.417905e+01
      vertex   3.395959e+01 2.760596e+01 2.417905e+01
    endloop
  endfacet
  facet normal 0.000000e+00 0.000000e+00 1.000000e+00
    outer loop
      vertex   3.395959e+01 2.760596e+01 2.417905e+01
      vertex   3.159687e+01 2.461519e+01 2.417905e+01
      vertex   3.432674e+01 2.756459e+01 2.417905e+01
    endloop
  endfacet
  facet normal 5.843764e-02 9.974521e-01 -4.091847e-02
    outer loop
      vertex   4.696623e+01 2.054788e+01 2.921574e+01
      vertex   4.409835e+01 2.054788e+01 2.511998e+01
      vertex   4.649992e+01 2.058859e+01 2.954225e+01
    endloop
  endfacet
  facet normal 5.843764e-02 9.974521e-01 -4.091847e-02
    outer loop
      vertex   4.649992e+01 2.058859e+01 2.954225e+01
      vertex   4.409835e+01 2.054788e+01 2.511998e+01
      vertex   4.363204e+01 2.058859e+01 2.544649e+01
    endloop
  endfacet
  facet normal -5.843764e-02 9.974521e-01 4.091847e-02
    outer loop
      vertex   4.649992e+01 2.058859e+01 2.954225e+01
      vertex   4.363204e+01 2.058859e+01 2.544649e+01
      vertex   4.603361e+01 2.054788e+01 2.986877e+01
    endloop
  endfacet
  facet normal -5.843764e-02 9.974521e-01 4.091847e-02
    outer loop
      vertex   4.603361e+01 2.054788e+01 2.986877e+01
      vertex   4.363204e+01 2.058859e+01 2.544649e+01
      vertex   4.316573e+01 2.054788e+01 2.577301e+01
    endloop
  endfacet
  facet normal -1.741233e-01 9.771469e-01 1.219224e-01
    outer loop
      vertex   4.603361e+01 2.054788e+01 2.986877e+01
      vertex   4.316573e+01 2.054788e+01 2.577301e+01
      vertex   4.557679e+01 2.042656e+01 3.018863e+01
    endloop
  endfacet
  facet normal -1.741233e-01 9.771469e-01 1.219224e-01
    outer loop
      vertex   4.557679e+01 2.042656e+01 3.018863e+01
      vertex   4.316573e+01 2.054788e+01 2.577301e+01
      vertex   4.270891e+01 2.042656e+01 2.609287e+01
    endloop
  endfacet
  facet normal -2.862643e-01 9.369497e-01 2.004444e-01
    outer loop
      vertex   4.557679e+01 2.042656e+01 3.018863e+01
      vertex   4.270891e+01 2.042656e+01 2.609287e+01
      vertex   4.513877e+01 2.022712e+01 3.049534e+01
    endloop
  endfacet
  facet normal -2.862643e-01 9.369497e-01 2.004444e-01
    outer loop
      vertex   4.513877e+01 2.022712e+01 3.049534e+01
      vertex   4.270891e+01 2.042656e+01 2.609287e+01
      vertex   4.227089e+01 2.022712e+01 2.639958e+01
    endloop
  endfacet
  facet normal -3.925778e-01 8.776790e-01 2.748859e-01
    outer loop
      vertex   4.513877e+01 2.022712e+01 3.049534e+01
      vertex   4.227089e+01 2.022712e+01 2.639958e+01
      vertex   4.472845e+01 1.995361e+01 3.078265e+01
    endloop
  endfacet
  facet normal -3.925778e-01 8.776790e-01 2.748859e-01
    outer loop
      vertex   4.472845e+01 1.995361e+01 3.078265e+01
      vertex   4.227089e+01 2.022712e+01 2.639958e+01
      vertex   4.186057e+01 1.995361e+01 2.668689e+01
    endloop
  endfacet
  facet normal -4.908995e-01 8.005412e-01 3.437315e-01
    outer loop
      vertex   4.472845e+01 1.995361e+01 3.078265e+01
      vertex   4.186057e+01 1.995361e+01 2.668689e+01
      vertex   4.435420e+01 1.961159e+01 3.104470e+01
    endloop
  endfacet
  facet normal -4.908995e-01 8.005412e-01 3.437315e-01
    outer loop
      vertex   4.435420e+01 1.961159e+01 3.104470e+01
      vertex   4.186057e+01 1.995361e+01 2.668689e+01
      vertex   4.148632e+01 1.961159e+01 2.694894e+01
    endloop
  endfacet
  facet normal -5.792280e-01 7.071068e-01 4.055798e-01
    outer loop
      vertex   4.435420e+01 1.961159e+01 3.104470e+01
      vertex   4.148632e+01 1.961159e+01 2.694894e+01
      vertex   4.402363e+01 1.920804e+01 3.127617e+01
    endloop
  endfacet
  facet normal -5.792280e-01 7.071068e-01 4.055798e-01
    outer loop
      vertex   4.402363e+01 1.920804e+01 3.127617e+01
      vertex   4.148632e+01 1.961159e+01 2.694894e+01
      vertex   4.115574e+01 1.920804e+01 2.718041e+01
    endloop
  endfacet
  facet normal -6.557650e-01 5.992777e-01 4.591716e-01
    outer loop
      vertex   4.402363e+01 1.920804e+01 3.127617e+01
      vertex   4.115574e+01 1.920804e+01 2.718041e+01
      vertex   4.374346e+01 1.875116e+01 3.147235e+01
    endloop
  endfacet
  facet normal -6.557650e-01 5.992777e-01 4.591716e-01
    outer loop
      vertex   4.374346e+01 1.875116e+01 3.147235e+01
      vertex   4.115574e+01 1.920804e+01 2.718041e+01
      vertex   4.087558e+01 1.875116e+01 2.737659e+01
    endloop
  endfacet
  facet normal -7.189525e-01 4.792490e-01 5.034160e-01
    outer loop
      vertex   4.374346e+01 1.875116e+01 3.147235e+01
      vertex   4.087558e+01 1.875116e+01 2.737659e+01
      vertex   4.351941e+01 1.825025e+01 3.162923e+01
    endloop
  endfacet
  facet normal -7.189525e-01 4.792490e-01 5.034160e-01
    outer loop
      vertex   4.351941e+01 1.825025e+01 3.162923e+01
      vertex   4.087558e+01 1.875116e+01 2.737659e+01
      vertex   4.065153e+01 1.825025e+01 2.753347e+01
    endloop
  endfacet
  facet normal -7.675043e-01 3.494642e-01 5.374123e-01
    outer loop
      vertex   4.351941e+01 1.825025e+01 3.162923e+01
      vertex   4.065153e+01 1.825025e+01 2.753347e+01
      vertex   4.335604e+01 1.771552e+01 3.174362e+01
    endloop
  endfacet
  facet normal -7.675043e-01 3.494642e-01 5.374123e-01
    outer loop
      vertex   4.335604e+01 1.771552e+01 3.174362e+01
      vertex   4.065153e+01 1.825025e+01 2.753347e+01
      vertex   4.048816e+01 1.771552e+01 2.764786e+01
    endloop
  endfacet
  facet normal -8.004319e-01 2.125653e-01 5.604684e-01
    outer loop
      vertex   4.335604e+01 1.771552e+01 3.174362e+01
      vertex   4.048816e+01 1.771552e+01 2.764786e+01
      vertex   4.325667e+01 1.715785e+01 3.181321e+01
    endloop
  endfacet
  facet normal -8.004319e-01 2.125653e-01 5.604684e-01
    outer loop
      vertex   4.325667e+01 1.715785e+01 3.181321e+01
      vertex   4.048816e+01 1.771552e+01 2.764786e+01
      vertex   4.038878e+01 1.715785e+01 2.771745e+01
    endloop
  endfacet
  facet normal -8.170649e-01 7.133918e-02 5.721150e-01
    outer loop
      vertex   4.325667e+01 1.715785e+01 3.181321e+01
      vertex   4.038878e+01 1.715785e+01 2.771745e+01
      vertex   4.322331e+01 1.658859e+01 3.183656e+01
    endloop
  endfacet
  facet normal -8.170649e-01 7.133918e-02 5.721150e-01
    outer loop
      vertex   4.322331e+01 1.658859e+01 3.183656e+01
      vertex   4.038878e+01 1.715785e+01 2.771745e+01
      vertex   4.035543e+01 1.658859e+01 2.774080e+01
    endloop
  endfacet
  facet normal -8.170649e-01 -7.133918e-02 5.721150e-01
    outer loop
      vertex   4.322331e+01 1.658859e+01 3.183656e+01
      vertex   4.035543e+01 1.658859e+01 2.774080e+01
      vertex   4.325667e+01 1.601933e+01 3.181321e+01
    endloop
  endfacet
  facet normal -8.170649e-01 -7.133918e-02 5.721150e-01
    outer loop
      vertex   4.325667e+01 1.601933e+01 3.181321e+01
      vertex   4.035543e+01 1.658859e+01 2.774080e+01
      vertex   4.038878e+01 1.601933e+01 2.771745e+01
    endloop
  endfacet
  facet normal -8.004319e-01 -2.125653e-01 5.604684e-01
    outer loop
      vertex   4.325667e+01 1.601933e+01 3.181321e+01
      vertex   4.038878e+01 1.601933e+01 2.771745e+01
      vertex   4.335604e+01 1.546166e+01 3.174362e+01
    endloop
  endfacet
  facet normal -8.004319e-01 -2.125653e-01 5.604684e-01
    outer loop
      vertex   4.335604e+01 1.546166e+01 3.174362e+01
      vertex   4.038878e+01 1.601933e+01 2.771745e+01
      vertex   4.048816e+01 1.546166e+01 2.764786e+01
    endloop
  endfacet
  facet normal -7.675043e-01 -3.494642e-01 5.374123e-01
    outer loop
      vertex   4.335604e+01 1.546166e+01 3.174362e+01
      vertex   4.048816e+01 1.546166e+01 2.764786e+01
      vertex   4.351941e+01 1.492693e+01 3.162923e+01
    endloop
  endfacet
  facet normal -7.675043e-01 -3.494642e-01 5.374123e-01
    outer loop
      vertex   4.351941e+01 1.492693e+01 3.162923e+01
      vertex   4.048816e+01 1.546166e+01 2.764786e+01
      vertex   4.065153e+01 1.492693e+01 2.753347e+01
    endloop
  endfacet
  facet normal -7.189525e-01 -4.792490e-01 5.034160e-01
    outer loop
      vertex   4.351941e+01 1.492693e+01 3.162923e+01
      vertex   4.065153e+01 1.492693e+01 2.753347e+01
      vertex   4.374346e+01 1.442603e+01 3.147235e+01
    endloop
  endfacet
  facet normal -7.189525e-01 -4.792490e-01 5.034160e-01
    outer loop
      vertex   4.374346e+01 1.442603e+01 3.147235e+01
      vertex   4.065153e+01 1.492693e+01 2.753347e+01
      vertex   4.087558e+01 1.442603e+01 2.737659e+01
    endloop
  endfacet
  facet normal -6.557650e-01 -5.992777e-01 4.591716e-01
    outer loop
      vertex   4.374346e+01 1.442603e+01 3.147235e+01
      vertex   4.087558e+01 1.442603e+01 2.737659e+01
      vertex   4.402363e+01 1.396915e+01 3.127617e+01
    endloop
  endfacet
  facet normal -6.557650e-01 -5.992777e-01 4.591716e-01
    outer loop
      vertex   4.402363e+01 1.396915e+01 3.127617e+01
      vertex   4.087558e+01 1.442603e+01 2.737659e+01
      vertex   4.115574e+01 1.396915e+01 2.718041e+01
    endloop
  endfacet
  facet normal -5.792280e-01 -7.071068e-01 4.055798e-01
    outer loop
      vertex   4.402363e+01 1.396915e+01 3.127617e+01
      vertex   4.115574e+01 1.396915e+01 2.718041e+01
      vertex   4.435420e+01 1.356559e+01 3.104470e+01
    endloop
  endfacet
  facet normal -5.792280e-01 -7.071068e-01 4.055798e-01
    outer loop
      vertex   4.435420e+01 1.356559e+01 3.104470e+01
      vertex   4.115574e+01 1.396915e+01 2.718041e+01
      vertex   4.148632e+01 1.356559e+01 2.694894e+01
    endloop
  endfacet
  facet normal -4.908995e-01 -8.005412e-01 3.437315e-01
    outer loop
      vertex   4.435420e+01 1.356559e+01 3.104470e+01
      vertex   4.148632e+01 1.356559e+01 2.694894e+01
      vertex   4.472845e+01 1.322358e+01 3.078265e+01
    endloop
  endfacet
  facet normal -4.908995e-01 -8.005412e-01 3.437315e-01
    outer loop
      vertex   4.472845e+01 1.322358e+01 3.078265e+01
      vertex   4.148632e+01 1.356559e+01 2.694894e+01
      vertex   4.186057e+01 1.322358e+01 2.668689e+01
    endloop
  endfacet
  facet normal -3.925778e-01 -8.776790e-01 2.748859e-01
    outer loop
      vertex   4.472845e+01 1.322358e+01 3.078265e+01
      vertex   4.186057e+01 1.322358e+01 2.668689e+01
      vertex   4.513877e+01 1.295006e+01 3.049534e+01
    endloop
  endfacet
  facet normal -3.925778e-01 -8.776790e-01 2.748859e-01
    outer loop
      vertex   4.513877e+01 1.295006e+01 3.049534e+01
      vertex   4.186057e+01 1.322358e+01 2.668689e+01
      vertex   4.227089e+01 1.295006e+01 2.639958e+01
    endloop
  endfacet
  facet normal -2.862643e-01 -9.369497e-01 2.004444e-01
    outer loop
      vertex   4.513877e+01 1.295006e+01 3.049534e+01
      vertex   4.227089e+01 1.295006e+01 2.639958e+01
      vertex   4.557679e+01 1.275062e+01 3.018863e+01
    endloop
  endfacet
  facet normal -2.862643e-01 -9.369497e-01 2.004444e-01
    outer loop
      vertex   4.557679e+01 1.275062e+01 3.018863e+01
      vertex   4.227089e+01 1.295006e+01 2.639958e+01
      vertex   4.270891e+01 1.275062e+01 2.609287e+01
    endloop
  endfacet
  facet normal -1.741233e-01 -9.771469e-01 1.219224e-01
    outer loop
      vertex   4.557679e+01 1.275062e+01 3.018863e+01
      vertex   4.270891e+01 1.275062e+01 2.609287e+01
      vertex   4.603361e+01 1.262931e+01 2.986877e+01
    endloop
  endfacet
  facet normal -1.741233e-01 -9.771469e-01 1.219224e-01
    outer loop
      vertex   4.603361e+01 1.262931e+01 2.986877e+01
      vertex   4.270891e+01 1.275062e+01 2.609287e+01
      vertex   4.316573e+01 1.262931e+01 2.577301e+01
    endloop
  endfacet
  facet normal -5.843764e-02 -9.974521e-01 4.091847e-02
    outer loop
      vertex   4.603361e+01 1.262931e+01 2.986877e+01
      vertex   4.316573e+01 1.262931e+01 2.577301e+01
      vertex   4.649992e+01 1.258859e+01 2.954225e+01
    endloop
  endfacet
  facet normal -5.843764e-02 -9.974521e-01 4.091847e-02
    outer loop
      vertex   4.649992e+01 1.258859e+01 2.954225e+01
      vertex   4.316573e+01 1.262931e+01 2.577301e+01
      vertex   4.363204e+01 1.258859e+01 2.544649e+01
    endloop
  endfacet
  facet normal 5.843764e-02 -9.974521e-01 -4.091847e-02
    outer loop
      vertex   4.649992e+01 1.258859e+01 2.954225e+01
      vertex   4.363204e+01 1.258859e+01 2.544649e+01
      vertex   4.696623e+01 1.262931e+01 2.921574e+01
    endloop
  endfacet
  facet normal 5.843764e-02 -9.974521e-01 -4.091847e-02
    outer loop
      vertex   4.696623e+01 1.262931e+01 2.921574e+01
      vertex   4.363204e+01 1.258859e+01 2.544649e+01
      vertex   4.409835e+01 1.262931e+01 2.511998e+01
    endloop
  endfacet
  facet normal 1.741233e-01 -9.771469e-01 -1.219224e-01
    outer loop
      vertex   4.696623e+01 1.262931e+01 2.921574e+01
      vertex   4.409835e+01 1.262931e+01 2.511998e+01
      vertex   4.742305e+01 1.275062e+01 2.889587e+01
    endloop
  endfacet
  facet normal 1.741233e-01 -9.771469e-01 -1.219224e-01
    outer loop
      vertex   4.742305e+01 1.275062e+01 2.889587e+01
      vertex   4.409835e+01 1.262931e+01 2.511998e+01
      vertex   4.455517e+01 1.275062e+01 2.480011e+01
    endloop
  endfacet
  facet normal 2.862643e-01 -9.369497e-01 -2.004444e-01
    outer loop
      vertex   4.742305e+01 1.275062e+01 2.889587e+01
      vertex   4.455517e+01 1.275062e+01 2.480011e+01
      vertex   4.786107e+01 1.295006e+01 2.858917e+01
    endloop
  endfacet
  facet normal 2.862643e-01 -9.369497e-01 -2.004444e-01
    outer loop
      vertex   4.786107e+01 1.295006e+01 2.858917e+01
      vertex   4.455517e+01 1.275062e+01 2.480011e+01
      vertex   4.499319e+01 1.295006e+01 2.449340e+01
    endloop
  endfacet
  facet normal 3.925778e-01 -8.776790e-01 -2.748859e-01
    outer loop
      vertex   4.786107e+01 1.295006e+01 2.858917e+01
      vertex   4.499319e+01 1.295006e+01 2.449340e+01
      vertex   4.827139e+01 1.322358e+01 2.830186e+01
    endloop
  endfacet
  facet normal 3.925778e-01 -8.776790e-01 -2.748859e-01
    outer loop
      vertex   4.827139e+01 1.322358e+01 2.830186e+01
      vertex   4.499319e+01 1.295006e+01 2.449340e+01
      vertex   4.540351e+01 1.322358e+01 2.420610e+01
    endloop
  endfacet
  facet normal 4.908995e-01 -8.005412e-01 -3.437315e-01
    outer loop
      vertex   4.827139e+01 1.322358e+01 2.830186e+01
      vertex   4.540351e+01 1.322358e+01 2.420610e+01
      vertex   4.864564e+01 1.356559e+01 2.803980e+01
    endloop
  endfacet
  facet normal 4.908995e-01 -8.005412e-01 -3.437315e-01
    outer loop
      vertex   4.864564e+01 1.356559e+01 2.803980e+01
      vertex   4.540351e+01 1.322358e+01 2.420610e+01
      vertex   4.577776e+01 1.356559e+01 2.394404e+01
    endloop
  endfacet
  facet normal 5.792280e-01 -7.071068e-01 -4.055798e-01
    outer loop
      vertex   4.864564e+01 1.356559e+01 2.803980e+01
      vertex   4.577776e+01 1.356559e+01 2.394404e+01
      vertex   4.897622e+01 1.396915e+01 2.780833e+01
    endloop
  endfacet
  facet normal 5.792280e-01 -7.071068e-01 -4.055798e-01
    outer loop
      vertex   4.897622e+01 1.396915e+01 2.780833e+01
      vertex   4.577776e+01 1.356559e+01 2.394404e+01
      vertex   4.610834e+01 1.396915e+01 2.371257e+01
    endloop
  endfacet
  facet normal 6.557650e-01 -5.992777e-01 -4.591716e-01
    outer loop
      vertex   4.897622e+01 1.396915e+01 2.780833e+01
      vertex   4.610834e+01 1.396915e+01 2.371257e+01
      vertex   4.925638e+01 1.442603e+01 2.761216e+01
    endloop
  endfacet
  facet normal 6.557650e-01 -5.992777e-01 -4.591716e-01
    outer loop
      vertex   4.925638e+01 1.442603e+01 2.761216e+01
      vertex   4.610834e+01 1.396915e+01 2.371257e+01
      vertex   4.638850e+01 1.442603e+01 2.351640e+01
    endloop
  endfacet
  facet normal 7.189525e-01 -4.792490e-01 -5.034160e-01
    outer loop
      vertex   4.925638e+01 1.442603e+01 2.761216e+01
      vertex   4.638850e+01 1.442603e+01 2.351640e+01
      vertex   4.948043e+01 1.492693e+01 2.745528e+01
    endloop
  endfacet
  facet normal 7.189525e-01 -4.792490e-01 -5.034160e-01
    outer loop
      vertex   4.948043e+01 1.492693e+01 2.745528e+01
      vertex   4.638850e+01 1.442603e+01 2.351640e+01
      vertex   4.661255e+01 1.492693e+01 2.335952e+01
    endloop
  endfacet
  facet normal 7.675043e-01 -3.494642e-01 -5.374123e-01
    outer loop
      vertex   4.948043e+01 1.492693e+01 2.745528e+01
      vertex   4.661255e+01 1.492693e+01 2.335952e+01
      vertex   4.964380e+01 1.546166e+01 2.734088e+01
    endloop
  endfacet
  facet normal 7.675043e-01 -3.494642e-01 -5.374123e-01
    outer loop
      vertex   4.964380e+01 1.546166e+01 2.734088e+01
      vertex   4.661255e+01 1.492693e+01 2.335952e+01
      vertex   4.677592e+01 1.546166e+01 2.324512e+01
    endloop
  endfacet
  facet normal 8.004319e-01 -2.125653e-01 -5.604684e-01
    outer loop
      vertex   4.964380e+01 1.546166e+01 2.734088e+01
      vertex   4.677592e+01 1.546166e+01 2.324512e+01
      vertex   4.974318e+01 1.601933e+01 2.727130e+01
    endloop
  endfacet
  facet normal 8.004319e-01 -2.125653e-01 -5.604684e-01
    outer loop
      vertex   4.974318e+01 1.601933e+01 2.727130e+01
      vertex   4.677592e+01 1.546166e+01 2.324512e+01
      vertex   4.687530e+01 1.601933e+01 2.317554e+01
    endloop
  endfacet
  facet normal 8.170649e-01 -7.133918e-02 -5.721150e-01
    outer loop
      vertex   4.974318e+01 1.601933e+01 2.727130e+01
      vertex   4.687530e+01 1.601933e+01 2.317554e+01
      vertex   4.977653e+01 1.658859e+01 2.724795e+01
    endloop
  endfacet
  facet normal 8.170649e-01 -7.133918e-02 -5.721150e-01
    outer loop
      vertex   4.977653e+01 1.658859e+01 2.724795e+01
      vertex   4.687530e+01 1.601933e+01 2.317554e+01
      vertex   4.690865e+01 1.658859e+01 2.315219e+01
    endloop
  endfacet
  facet normal 8.170649e-01 7.133918e-02 -5.721150e-01
    outer loop
      vertex   4.977653e+01 1.658859e+01 2.724795e+01
      vertex   4.690865e+01 1.658859e+01 2.315219e+01
      vertex   4.974318e+01 1.715785e+01 2.727130e+01
    endloop
  endfacet
  facet normal 8.170649e-01 7.133918e-02 -5.721150e-01
    outer loop
      vertex   4.974318e+01 1.715785e+01 2.727130e+01
      vertex   4.690865e+01 1.658859e+01 2.315219e+01
      vertex   4.687530e+01 1.715785e+01 2.317554e+01
    endloop
  endfacet
  facet normal 8.004319e-01 2.125653e-01 -5.604684e-01
    outer loop
      vertex   4.974318e+01 1.715785e+01 2.727130e+01
      vertex   4.687530e+01 1.715785e+01 2.317554e+01
      vertex   4.964380e+01 1.771552e+01 2.734088e+01
    endloop
  endfacet
  facet normal 8.004319e-01 2.125653e-01 -5.604684e-01
    outer loop
      vertex   4.964380e+01 1.771552e+01 2.734088e+01
      vertex   4.687530e+01 1.715785e+01 2.317554e+01
      vertex   4.677592e+01 1.771552e+01 2.324512e+01
    endloop
  endfacet
  facet normal 7.675043e-01 3.494642e-01 -5.374123e-01
    outer loop
      vertex   4.964380e+01 1.771552e+01 2.734088e+01
      vertex   4.677592e+01 1.771552e+01 2.324512e+01
      vertex   4.948043e+01 1.825025e+01 2.745528e+01
    endloop
  endfacet
  facet normal 7.675043e-01 3.494642e-01 -5.374123e-01
    outer loop
      vertex   4.948043e+01 1.825025e+01 2.745528e+01
      vertex   4.677592e+01 1.771552e+01 2.324512e+01
      vertex   4.661255e+01 1.825025e+01 2.335952e+01
    endloop
  endfacet
  facet normal 7.189525e-01 4.792490e-01 -5.034160e-01
    outer loop
      vertex   4.948043e+01 1.825025e+01 2.745528e+01
      vertex   4.661255e+01 1.825025e+01 2.335952e+01
      vertex   4.925638e+01 1.875116e+01 2.761216e+01
    endloop
  endfacet
  facet normal 7.189525e-01 4.792490e-01 -5.034160e-01
    outer loop
      vertex   4.925638e+01 1.875116e+01 2.761216e+01
      vertex   4.661255e+01 1.825025e+01 2.335952e+01
      vertex   4.638850e+01 1.875116e+01 2.351640e+01
    endloop
  endfacet
  facet normal 6.557650e-01 5.992777e-01 -4.591716e-01
    outer loop
      vertex   4.925638e+01 1.875116e+01 2.761216e+01
      vertex   4.638850e+01 1.875116e+01 2.351640e+01
      vertex   4.897622e+01 1.920804e+01 2.780833e+01
    endloop
  endfacet
  facet normal 6.557650e-01 5.992777e-01 -4.591716e-01
    outer loop
      vertex   4.897622e+01 1.920804e+01 2.780833e+01
      vertex   4.638850e+01 1.875116e+01 2.351640e+01
      vertex   4.610834e+01 1.920804e+01 2.371257e+01
    endloop
  endfacet
  facet normal 5.792280e-01 7.071068e-01 -4.055798e-01
    outer loop
      vertex   4.897622e+01 1.920804e+01 2.780833e+01
      vertex   4.610834e+01 1.920804e+01 2.371257e+01
      vertex   4.864564e+01 1.961159e+01 2.803980e+01
    endloop
  endfacet
  facet normal 5.792280e-01 7.071068e-01 -4.055798e-01
    outer loop
      vertex   4.864564e+01 1.961159e+01 2.803980e+01
      vertex   4.610834e+01 1.920804e+01 2.371257e+01
      vertex   4.577776e+01 1.961159e+01 2.394404e+01
    endloop
  endfacet
  facet normal 4.908995e-01 8.005412e-01 -3.437315e-01
    outer loop
      vertex   4.864564e+01 1.961159e+01 2.803980e+01
      vertex   4.577776e+01 1.961159e+01 2.394404e+01
      vertex   4.827139e+01 1.995361e+01 2.830186e+01
    endloop
  endfacet
  facet normal 4.908995e-01 8.005412e-01 -3.437315e-01
    outer loop
      vertex   4.827139e+01 1.995361e+01 2.830186e+01
      vertex   4.577776e+01 1.961159e+01 2.394404e+01
      vertex   4.540351e+01 1.995361e+01 2.420610e+01
    endloop
  endfacet
  facet normal 3.925778e-01 8.776790e-01 -2.748859e-01
    outer loop
      vertex   4.827139e+01 1.995361e+01 2.830186e+01
      vertex   4.540351e+01 1.995361e+01 2.420610e+01
      vertex   4.786107e+01 2.022712e+01 2.858917e+01
    endloop
  endfacet
  facet normal 3.925778e-01 8.776790e-01 -2.748859e-01
    outer loop
      vertex   4.786107e+01 2.022712e+01 2.858917e+01
      vertex   4.540351e+01 1.995361e+01 2.420610e+01
      vertex   4.499319e+01 2.022712e+01 2.449340e+01
    endloop
  endfacet
  facet normal 2.862643e-01 9.369497e-01 -2.004444e-01
    outer loop
      vertex   4.786107e+01 2.022712e+01 2.858917e+01
      vertex   4.499319e+01 2.022712e+01 2.449340e+01
      vertex   4.742305e+01 2.042656e+01 2.889587e+01
    endloop
  endfacet
  facet normal 2.862643e-01 9.369497e-01 -2.004444e-01
    outer loop
      vertex   4.742305e+01 2.042656e+01 2.889587e+01
      vertex   4.499319e+01 2.022712e+01 2.449340e+01
      vertex   4.455517e+01 2.042656e+01 2.480011e+01
    endloop
  endfacet
  facet normal 1.741233e-01 9.771469e-01 -1.219224e-01
    outer loop
      vertex   4.742305e+01 2.042656e+01 2.889587e+01
      vertex   4.455517e+01 2.042656e+01 2.480011e+01
      vertex   4.696623e+01 2.054788e+01 2.921574e+01
    endloop
  endfacet
  facet normal 1.741233e-01 9.771469e-01 -1.219224e-01
    outer loop
      vertex   4.696623e+01 2.054788e+01 2.921574e+01
      vertex   4.455517e+01 2.042656e+01 2.480011e+01
      vertex   4.409835e+01 2.054788e+01 2.511998e+01
    endloop
  endfacet
  facet normal 5.735764e-01 -2.679295e-15 8.191520e-01
    outer loop
      vertex   4.686117e+01 1.894773e+01 2.928931e+01
      vertex   4.696623e+01 2.054788e+01 2.921574e+01
      vertex   4.649992e+01 1.898859e+01 2.954225e+01
    endloop
  endfacet
  facet normal 5.735764e-01 -0.000000e+00 8.191520e-01
    outer loop
      vertex   4.649992e+01 1.898859e+01 2.954225e+01
      vertex   4.696623e+01 2.054788e+01 2.921574e+01
      vertex   4.649992e+01 2.058859e+01 2.954225e+01
    endloop
  endfacet
  facet normal 5.735764e-01 -0.000000e+00 8.191520e-01
    outer loop
      vertex   4.649992e+01 1.898859e+01 2.954225e+01
      vertex   4.649992e+01 2.058859e+01 2.954225e+01
      vertex   4.603361e+01 2.054788e+01 2.986877e+01
    endloop
  endfacet
  facet normal 5.735764e-01 -2.048231e-15 8.191520e-01
    outer loop
      vertex   4.696623e+01 2.054788e+01 2.921574e+01
      vertex   4.686117e+01 1.894773e+01 2.928931e+01
      vertex   4.742305e+01 2.042656e+01 2.889587e+01
    endloop
  endfacet
  facet normal 5.735764e-01 5.021043e-15 8.191520e-01
    outer loop
      vertex   4.742305e+01 2.042656e+01 2.889587e+01
      vertex   4.686117e+01 1.894773e+01 2.928931e+01
      vertex   4.721011e+01 1.882653e+01 2.904497e+01
    endloop
  endfacet
  facet normal 5.735764e-01 2.752820e-15 8.191520e-01
    outer loop
      vertex   4.742305e+01 2.042656e+01 2.889587e+01
      vertex   4.721011e+01 1.882653e+01 2.904497e+01
      vertex   4.786107e+01 2.022712e+01 2.858917e+01
    endloop
  endfacet
  facet normal 5.735764e-01 -2.728183e-16 8.191520e-01
    outer loop
      vertex   4.786107e+01 2.022712e+01 2.858917e+01
      vertex   4.721011e+01 1.882653e+01 2.904497e+01
      vertex   4.753487e+01 1.862911e+01 2.881758e+01
    endloop
  endfacet
  facet normal 5.735764e-01 2.380707e-15 8.191520e-01
    outer loop
      vertex   4.786107e+01 2.022712e+01 2.858917e+01
      vertex   4.753487e+01 1.862911e+01 2.881758e+01
      vertex   4.827139e+01 1.995361e+01 2.830186e+01
    endloop
  endfacet
  facet normal 5.735764e-01 -7.907144e-16 8.191520e-01
    outer loop
      vertex   4.827139e+01 1.995361e+01 2.830186e+01
      vertex   4.753487e+01 1.862911e+01 2.881758e+01
      vertex   4.864564e+01 1.961159e+01 2.803980e+01
    endloop
  endfacet
  facet normal 5.735764e-01 0.000000e+00 8.191520e-01
    outer loop
      vertex   4.864564e+01 1.961159e+01 2.803980e+01
      vertex   4.753487e+01 1.862911e+01 2.881758e+01
      vertex   4.782438e+01 1.836221e+01 2.861486e+01
    endloop
  endfacet
  facet normal 5.735764e-01 2.443308e-15 8.191520e-01
    outer loop
      vertex   4.864564e+01 1.961159e+01 2.803980e+01
      vertex   4.782438e+01 1.836221e+01 2.861486e+01
      vertex   4.897622e+01 1.920804e+01 2.780833e+01
    endloop
  endfacet
  facet normal 5.735764e-01 3.895012e-15 8.191520e-01
    outer loop
      vertex   4.897622e+01 1.920804e+01 2.780833e+01
      vertex   4.782438e+01 1.836221e+01 2.861486e+01
      vertex   4.806880e+01 1.803492e+01 2.844372e+01
    endloop
  endfacet
  facet normal 5.735764e-01 -3.762588e-15 8.191520e-01
    outer loop
      vertex   4.897622e+01 1.920804e+01 2.780833e+01
      vertex   4.806880e+01 1.803492e+01 2.844372e+01
      vertex   4.925638e+01 1.875116e+01 2.761216e+01
    endloop
  endfacet
  facet normal 5.735764e-01 -3.893305e-15 8.191520e-01
    outer loop
      vertex   4.925638e+01 1.875116e+01 2.761216e+01
      vertex   4.806880e+01 1.803492e+01 2.844372e+01
      vertex   4.825978e+01 1.765836e+01 2.830999e+01
    endloop
  endfacet
  facet normal 5.735764e-01 -3.972488e-16 8.191520e-01
    outer loop
      vertex   4.925638e+01 1.875116e+01 2.761216e+01
      vertex   4.825978e+01 1.765836e+01 2.830999e+01
      vertex   4.948043e+01 1.825025e+01 2.745528e+01
    endloop
  endfacet
  facet normal 5.735764e-01 -4.377767e-15 8.191520e-01
    outer loop
      vertex   4.948043e+01 1.825025e+01 2.745528e+01
      vertex   4.825978e+01 1.765836e+01 2.830999e+01
      vertex   4.839084e+01 1.724538e+01 2.821822e+01
    endloop
  endfacet
  facet normal 5.735764e-01 2.100656e-15 8.191520e-01
    outer loop
      vertex   4.948043e+01 1.825025e+01 2.745528e+01
      vertex   4.839084e+01 1.724538e+01 2.821822e+01
      vertex   4.964380e+01 1.771552e+01 2.734088e+01
    endloop
  endfacet
  facet normal 5.735764e-01 4.757877e-15 8.191520e-01
    outer loop
      vertex   4.964380e+01 1.771552e+01 2.734088e+01
      vertex   4.839084e+01 1.724538e+01 2.821822e+01
      vertex   4.974318e+01 1.715785e+01 2.727130e+01
    endloop
  endfacet
  facet normal 5.735764e-01 0.000000e+00 8.191520e-01
    outer loop
      vertex   4.974318e+01 1.715785e+01 2.727130e+01
      vertex   4.839084e+01 1.724538e+01 2.821822e+01
      vertex   4.845750e+01 1.681004e+01 2.817154e+01
    endloop
  endfacet
  facet normal 5.735764e-01 -5.298050e-15 8.191520e-01
    outer loop
      vertex   4.974318e+01 1.715785e+01 2.727130e+01
      vertex   4.845750e+01 1.681004e+01 2.817154e+01
      vertex   4.977653e+01 1.658859e+01 2.724795e+01
    endloop
  endfacet
  facet normal 5.735764e-01 0.000000e+00 8.191520e-01
    outer loop
      vertex   4.977653e+01 1.658859e+01 2.724795e+01
      vertex   4.845750e+01 1.681004e+01 2.817154e+01
      vertex   4.845750e+01 1.636715e+01 2.817154e+01
    endloop
  endfacet
  facet normal 5.735764e-01 5.298050e-15 8.191520e-01
    outer loop
      vertex   4.977653e+01 1.658859e+01 2.724795e+01
      vertex   4.845750e+01 1.636715e+01 2.817154e+01
      vertex   4.974318e+01 1.601933e+01 2.727130e+01
    endloop
  endfacet
  facet normal 5.735764e-01 0.000000e+00 8.191520e-01
    outer loop
      vertex   4.974318e+01 1.601933e+01 2.727130e+01
      vertex   4.845750e+01 1.636715e+01 2.817154e+01
      vertex   4.839084e+01 1.593180e+01 2.821822e+01
    endloop
  endfacet
  facet normal 5.735764e-01 5.794850e-15 8.191520e-01
    outer loop
      vertex   4.974318e+01 1.601933e+01 2.727130e+01
      vertex   4.839084e+01 1.593180e+01 2.821822e+01
      vertex   4.964380e+01 1.546166e+01 2.734088e+01
    endloop
  endfacet
  facet normal 5.735764e-01 -1.059461e-14 8.191520e-01
    outer loop
      vertex   4.964380e+01 1.546166e+01 2.734088e+01
      vertex   4.839084e+01 1.593180e+01 2.821822e+01
      vertex   4.948043e+01 1.492693e+01 2.745528e+01
    endloop
  endfacet
  facet normal 5.735764e-01 4.377767e-15 8.191520e-01
    outer loop
      vertex   4.948043e+01 1.492693e+01 2.745528e+01
      vertex   4.839084e+01 1.593180e+01 2.821822e+01
      vertex   4.825978e+01 1.551882e+01 2.830999e+01
    endloop
  endfacet
  facet normal 5.735764e-01 3.972488e-16 8.191520e-01
    outer loop
      vertex   4.948043e+01 1.492693e+01 2.745528e+01
      vertex   4.825978e+01 1.551882e+01 2.830999e+01
      vertex   4.925638e+01 1.442603e+01 2.761216e+01
    endloop
  endfacet
  facet normal 5.735764e-01 -3.114644e-15 8.191520e-01
    outer loop
      vertex   4.925638e+01 1.442603e+01 2.761216e+01
      vertex   4.825978e+01 1.551882e+01 2.830999e+01
      vertex   4.806880e+01 1.514227e+01 2.844372e+01
    endloop
  endfacet
  facet normal 5.735764e-01 5.292095e-15 8.191520e-01
    outer loop
      vertex   4.925638e+01 1.442603e+01 2.761216e+01
      vertex   4.806880e+01 1.514227e+01 2.844372e+01
      vertex   4.897622e+01 1.396915e+01 2.780833e+01
    endloop
  endfacet
  facet normal 5.735764e-01 4.050813e-15 8.191520e-01
    outer loop
      vertex   4.897622e+01 1.396915e+01 2.780833e+01
      vertex   4.806880e+01 1.514227e+01 2.844372e+01
      vertex   4.782438e+01 1.481497e+01 2.861486e+01
    endloop
  endfacet
  facet normal 5.735764e-01 -2.443308e-15 8.191520e-01
    outer loop
      vertex   4.897622e+01 1.396915e+01 2.780833e+01
      vertex   4.782438e+01 1.481497e+01 2.861486e+01
      vertex   4.864564e+01 1.356559e+01 2.803980e+01
    endloop
  endfacet
  facet normal 5.735764e-01 0.000000e+00 8.191520e-01
    outer loop
      vertex   4.864564e+01 1.356559e+01 2.803980e+01
      vertex   4.782438e+01 1.481497e+01 2.861486e+01
      vertex   4.753487e+01 1.454807e+01 2.881758e+01
    endloop
  endfacet
  facet normal 5.735764e-01 7.907144e-16 8.191520e-01
    outer loop
      vertex   4.864564e+01 1.356559e+01 2.803980e+01
      vertex   4.753487e+01 1.454807e+01 2.881758e+01
      vertex   4.827139e+01 1.322358e+01 2.830186e+01
    endloop
  endfacet
  facet normal 5.735764e-01 -2.380707e-15 8.191520e-01
    outer loop
      vertex   4.827139e+01 1.322358e+01 2.830186e+01
      vertex   4.753487e+01 1.454807e+01 2.881758e+01
      vertex   4.786107e+01 1.295006e+01 2.858917e+01
    endloop
  endfacet
  facet normal 5.735764e-01 2.728183e-16 8.191520e-01
    outer loop
      vertex   4.786107e+01 1.295006e+01 2.858917e+01
      vertex   4.753487e+01 1.454807e+01 2.881758e+01
      vertex   4.721011e+01 1.435066e+01 2.904497e+01
    endloop
  endfacet
  facet normal 5.735764e-01 -2.752820e-15 8.191520e-01
    outer loop
      vertex   4.786107e+01 1.295006e+01 2.858917e+01
      vertex   4.721011e+01 1.435066e+01 2.904497e+01
      vertex   4.742305e+01 1.275062e+01 2.889587e+01
    endloop
  endfacet
  facet normal 5.735764e-01 -5.021043e-15 8.191520e-01
    outer loop
      vertex   4.742305e+01 1.275062e+01 2.889587e+01
      vertex   4.721011e+01 1.435066e+01 2.904497e+01
      vertex   4.686117e+01 1.422946e+01 2.928931e+01
    endloop
  endfacet
  facet normal 5.735764e-01 2.048231e-15 8.191520e-01
    outer loop
      vertex   4.742305e+01 1.275062e+01 2.889587e+01
      vertex   4.686117e+01 1.422946e+01 2.928931e+01
      vertex   4.696623e+01 1.262931e+01 2.921574e+01
    endloop
  endfacet
  facet normal 5.735764e-01 1.942367e-15 8.191520e-01
    outer loop
      vertex   4.696623e+01 1.262931e+01 2.921574e+01
      vertex   4.686117e+01 1.422946e+01 2.928931e+01
      vertex   4.649992e+01 1.418859e+01 2.954225e+01
    endloop
  endfacet
  facet normal 5.735764e-01 0.000000e+00 8.191520e-01
    outer loop
      vertex   4.696623e+01 1.262931e+01 2.921574e+01
      vertex   4.649992e+01 1.418859e+01 2.954225e+01
      vertex   4.649992e+01 1.258859e+01 2.954225e+01
    endloop
  endfacet
  facet normal 5.735764e-01 -0.000000e+00 8.191520e-01
    outer loop
      vertex   4.649992e+01 1.258859e+01 2.954225e+01
      vertex   4.649992e+01 1.418859e+01 2.954225e+01
      vertex   4.603361e+01 1.262931e+01 2.986877e+01
    endloop
  endfacet
  facet normal 5.735764e-01 -3.748085e-15 8.191520e-01
    outer loop
      vertex   4.603361e+01 1.262931e+01 2.986877e+01
      vertex   4.649992e+01 1.418859e+01 2.954225e+01
      vertex   4.613868e+01 1.422946e+01 2.979520e+01
    endloop
  endfacet
  facet normal 5.735764e-01 -3.668473e-15 8.191520e-01
    outer loop
      vertex   4.603361e+01 1.262931e+01 2.986877e+01
      vertex   4.613868e+01 1.422946e+01 2.979520e+01
      vertex   4.557679e+01 1.275062e+01 3.018863e+01
    endloop
  endfacet
  facet normal 5.735764e-01 2.568906e-15 8.191520e-01
    outer loop
      vertex   4.557679e+01 1.275062e+01 3.018863e+01
      vertex   4.613868e+01 1.422946e+01 2.979520e+01
      vertex   4.578973e+01 1.435066e+01 3.003953e+01
    endloop
  endfacet
  facet normal 5.735764e-01 1.529344e-17 8.191520e-01
    outer loop
      vertex   4.557679e+01 1.275062e+01 3.018863e+01
      vertex   4.578973e+01 1.435066e+01 3.003953e+01
      vertex   4.513877e+01 1.295006e+01 3.049534e+01
    endloop
  endfacet
  facet normal 5.735764e-01 1.325118e-15 8.191520e-01
    outer loop
      vertex   4.513877e+01 1.295006e+01 3.049534e+01
      vertex   4.578973e+01 1.435066e+01 3.003953e+01
      vertex   4.546497e+01 1.454807e+01 3.026693e+01
    endloop
  endfacet
  facet normal 5.735764e-01 2.899579e-15 8.191520e-01
    outer loop
      vertex   4.513877e+01 1.295006e+01 3.049534e+01
      vertex   4.546497e+01 1.454807e+01 3.026693e+01
      vertex   4.472845e+01 1.322358e+01 3.078265e+01
    endloop
  endfacet
  facet normal 5.735764e-01 -1.368544e-15 8.191520e-01
    outer loop
      vertex   4.472845e+01 1.322358e+01 3.078265e+01
      vertex   4.546497e+01 1.454807e+01 3.026693e+01
      vertex   4.435420e+01 1.356559e+01 3.104470e+01
    endloop
  endfacet
  facet normal 5.735764e-01 1.722109e-15 8.191520e-01
    outer loop
      vertex   4.435420e+01 1.356559e+01 3.104470e+01
      vertex   4.546497e+01 1.454807e+01 3.026693e+01
      vertex   4.517546e+01 1.481497e+01 3.046965e+01
    endloop
  endfacet
  facet normal 5.735764e-01 1.160572e-15 8.191520e-01
    outer loop
      vertex   4.435420e+01 1.356559e+01 3.104470e+01
      vertex   4.517546e+01 1.481497e+01 3.046965e+01
      vertex   4.402363e+01 1.396915e+01 3.127617e+01
    endloop
  endfacet
  facet normal 5.735764e-01 -5.920418e-15 8.191520e-01
    outer loop
      vertex   4.402363e+01 1.396915e+01 3.127617e+01
      vertex   4.517546e+01 1.481497e+01 3.046965e+01
      vertex   4.493105e+01 1.514227e+01 3.064079e+01
    endloop
  endfacet
  facet normal 5.735764e-01 -1.743638e-15 8.191520e-01
    outer loop
      vertex   4.402363e+01 1.396915e+01 3.127617e+01
      vertex   4.493105e+01 1.514227e+01 3.064079e+01
      vertex   4.374346e+01 1.442603e+01 3.147235e+01
    endloop
  endfacet
  facet normal 5.735764e-01 1.043406e-14 8.191520e-01
    outer loop
      vertex   4.374346e+01 1.442603e+01 3.147235e+01
      vertex   4.493105e+01 1.514227e+01 3.064079e+01
      vertex   4.474006e+01 1.551882e+01 3.077452e+01
    endloop
  endfacet
  facet normal 5.735764e-01 1.497322e-15 8.191520e-01
    outer loop
      vertex   4.374346e+01 1.442603e+01 3.147235e+01
      vertex   4.474006e+01 1.551882e+01 3.077452e+01
      vertex   4.351941e+01 1.492693e+01 3.162923e+01
    endloop
  endfacet
  facet normal 5.735764e-01 -1.282060e-14 8.191520e-01
    outer loop
      vertex   4.351941e+01 1.492693e+01 3.162923e+01
      vertex   4.474006e+01 1.551882e+01 3.077452e+01
      vertex   4.460901e+01 1.593180e+01 3.086629e+01
    endloop
  endfacet
  facet normal 5.735764e-01 -4.871087e-16 8.191520e-01
    outer loop
      vertex   4.351941e+01 1.492693e+01 3.162923e+01
      vertex   4.460901e+01 1.593180e+01 3.086629e+01
      vertex   4.335604e+01 1.546166e+01 3.174362e+01
    endloop
  endfacet
  facet normal 5.735764e-01 1.448713e-15 8.191520e-01
    outer loop
      vertex   4.335604e+01 1.546166e+01 3.174362e+01
      vertex   4.460901e+01 1.593180e+01 3.086629e+01
      vertex   4.325667e+01 1.601933e+01 3.181321e+01
    endloop
  endfacet
  facet normal 5.735764e-01 2.808349e-15 8.191520e-01
    outer loop
      vertex   4.325667e+01 1.601933e+01 3.181321e+01
      vertex   4.460901e+01 1.593180e+01 3.086629e+01
      vertex   4.454234e+01 1.636715e+01 3.091297e+01
    endloop
  endfacet
  facet normal 5.735764e-01 -7.316354e-15 8.191520e-01
    outer loop
      vertex   4.325667e+01 1.601933e+01 3.181321e+01
      vertex   4.454234e+01 1.636715e+01 3.091297e+01
      vertex   4.322331e+01 1.658859e+01 3.183656e+01
    endloop
  endfacet
  facet normal 5.735764e-01 0.000000e+00 8.191520e-01
    outer loop
      vertex   4.322331e+01 1.658859e+01 3.183656e+01
      vertex   4.454234e+01 1.636715e+01 3.091297e+01
      vertex   4.454234e+01 1.681004e+01 3.091297e+01
    endloop
  endfacet
  facet normal 5.735764e-01 7.312532e-15 8.191520e-01
    outer loop
      vertex   4.322331e+01 1.658859e+01 3.183656e+01
      vertex   4.454234e+01 1.681004e+01 3.091297e+01
      vertex   4.325667e+01 1.715785e+01 3.181321e+01
    endloop
  endfacet
  facet normal 5.735764e-01 -2.808349e-15 8.191520e-01
    outer loop
      vertex   4.325667e+01 1.715785e+01 3.181321e+01
      vertex   4.454234e+01 1.681004e+01 3.091297e+01
      vertex   4.460901e+01 1.724538e+01 3.086629e+01
    endloop
  endfacet
  facet normal 5.735764e-01 -1.433463e-15 8.191520e-01
    outer loop
      vertex   4.325667e+01 1.715785e+01 3.181321e+01
      vertex   4.460901e+01 1.724538e+01 3.086629e+01
      vertex   4.335604e+01 1.771552e+01 3.174362e+01
    endloop
  endfacet
  facet normal 5.735764e-01 4.871087e-16 8.191520e-01
    outer loop
      vertex   4.335604e+01 1.771552e+01 3.174362e+01
      vertex   4.460901e+01 1.724538e+01 3.086629e+01
      vertex   4.351941e+01 1.825025e+01 3.162923e+01
    endloop
  endfacet
  facet normal 5.735764e-01 1.282060e-14 8.191520e-01
    outer loop
      vertex   4.351941e+01 1.825025e+01 3.162923e+01
      vertex   4.460901e+01 1.724538e+01 3.086629e+01
      vertex   4.474006e+01 1.765836e+01 3.077452e+01
    endloop
  endfacet
  facet normal 5.735764e-01 -1.497322e-15 8.191520e-01
    outer loop
      vertex   4.351941e+01 1.825025e+01 3.162923e+01
      vertex   4.474006e+01 1.765836e+01 3.077452e+01
      vertex   4.374346e+01 1.875116e+01 3.147235e+01
    endloop
  endfacet
  facet normal 5.735764e-01 -3.426108e-15 8.191520e-01
    outer loop
      vertex   4.374346e+01 1.875116e+01 3.147235e+01
      vertex   4.474006e+01 1.765836e+01 3.077452e+01
      vertex   4.493105e+01 1.803492e+01 3.064079e+01
    endloop
  endfacet
  facet normal 5.735764e-01 1.835409e-16 8.191520e-01
    outer loop
      vertex   4.374346e+01 1.875116e+01 3.147235e+01
      vertex   4.493105e+01 1.803492e+01 3.064079e+01
      vertex   4.402363e+01 1.920804e+01 3.127617e+01
    endloop
  endfacet
  facet normal 5.735764e-01 -2.025406e-15 8.191520e-01
    outer loop
      vertex   4.402363e+01 1.920804e+01 3.127617e+01
      vertex   4.493105e+01 1.803492e+01 3.064079e+01
      vertex   4.517546e+01 1.836221e+01 3.046965e+01
    endloop
  endfacet
  facet normal 5.735764e-01 -1.160572e-15 8.191520e-01
    outer loop
      vertex   4.402363e+01 1.920804e+01 3.127617e+01
      vertex   4.517546e+01 1.836221e+01 3.046965e+01
      vertex   4.435420e+01 1.961159e+01 3.104470e+01
    endloop
  endfacet
  facet normal 5.735764e-01 -1.722109e-15 8.191520e-01
    outer loop
      vertex   4.435420e+01 1.961159e+01 3.104470e+01
      vertex   4.517546e+01 1.836221e+01 3.046965e+01
      vertex   4.546497e+01 1.862911e+01 3.026693e+01
    endloop
  endfacet
  facet normal 5.735764e-01 1.398956e-15 8.191520e-01
    outer loop
      vertex   4.435420e+01 1.961159e+01 3.104470e+01
      vertex   4.546497e+01 1.862911e+01 3.026693e+01
      vertex   4.472845e+01 1.995361e+01 3.078265e+01
    endloop
  endfacet
  facet normal 5.735764e-01 -2.899579e-15 8.191520e-01
    outer loop
      vertex   4.472845e+01 1.995361e+01 3.078265e+01
      vertex   4.546497e+01 1.862911e+01 3.026693e+01
      vertex   4.513877e+01 2.022712e+01 3.049534e+01
    endloop
  endfacet
  facet normal 5.735764e-01 -1.325118e-15 8.191520e-01
    outer loop
      vertex   4.513877e+01 2.022712e+01 3.049534e+01
      vertex   4.546497e+01 1.862911e+01 3.026693e+01
      vertex   4.578973e+01 1.882653e+01 3.003953e+01
    endloop
  endfacet
  facet normal 5.735764e-01 0.000000e+00 8.191520e-01
    outer loop
      vertex   4.513877e+01 2.022712e+01 3.049534e+01
      vertex   4.578973e+01 1.882653e+01 3.003953e+01
      vertex   4.557679e+01 2.042656e+01 3.018863e+01
    endloop
  endfacet
  facet normal 5.735764e-01 -2.568906e-15 8.191520e-01
    outer loop
      vertex   4.557679e+01 2.042656e+01 3.018863e+01
      vertex   4.578973e+01 1.882653e+01 3.003953e+01
      vertex   4.613868e+01 1.894773e+01 2.979520e+01
    endloop
  endfacet
  facet normal 5.735764e-01 3.668473e-15 8.191520e-01
    outer loop
      vertex   4.557679e+01 2.042656e+01 3.018863e+01
      vertex   4.613868e+01 1.894773e+01 2.979520e+01
      vertex   4.603361e+01 2.054788e+01 2.986877e+01
    endloop
  endfacet
  facet normal 5.735764e-01 3.016037e-15 8.191520e-01
    outer loop
      vertex   4.603361e+01 2.054788e+01 2.986877e+01
      vertex   4.613868e+01 1.894773e+01 2.979520e+01
      vertex   4.649992e+01 1.898859e+01 2.954225e+01
    endloop
  endfacet
  facet normal 5.843764e-02 9.974521e-01 -4.091847e-02
    outer loop
      vertex   5.743277e+01 8.523986e+00 2.188699e+01
      vertex   5.456489e+01 8.523986e+00 1.779123e+01
      vertex   5.696646e+01 8.564700e+00 2.221350e+01
    endloop
  endfacet
  facet normal 5.843764e-02 9.974521e-01 -4.091847e-02
    outer loop
      vertex   5.696646e+01 8.564700e+00 2.221350e+01
      vertex   5.456489e+01 8.523986e+00 1.779123e+01
      vertex   5.409858e+01 8.564700e+00 1.811774e+01
    endloop
  endfacet
  facet normal -5.843764e-02 9.974521e-01 4.091847e-02
    outer loop
      vertex   5.696646e+01 8.564700e+00 2.221350e+01
      vertex   5.409858e+01 8.564700e+00 1.811774e+01
      vertex   5.650015e+01 8.523986e+00 2.254002e+01
    endloop
  endfacet
  facet normal -5.843764e-02 9.974521e-01 4.091847e-02
    outer loop
      vertex   5.650015e+01 8.523986e+00 2.254002e+01
      vertex   5.409858e+01 8.564700e+00 1.811774e+01
      vertex   5.363227e+01 8.523986e+00 1.844426e+01
    endloop
  endfacet
  facet normal -1.741233e-01 9.771469e-01 1.219224e-01
    outer loop
      vertex   5.650015e+01 8.523986e+00 2.254002e+01
      vertex   5.363227e+01 8.523986e+00 1.844426e+01
      vertex   5.604334e+01 8.402672e+00 2.285988e+01
    endloop
  endfacet
  facet normal -1.741233e-01 9.771469e-01 1.219224e-01
    outer loop
      vertex   5.604334e+01 8.402672e+00 2.285988e+01
      vertex   5.363227e+01 8.523986e+00 1.844426e+01
      vertex   5.317545e+01 8.402672e+00 1.876412e+01
    endloop
  endfacet
  facet normal -2.862643e-01 9.369497e-01 2.004444e-01
    outer loop
      vertex   5.604334e+01 8.402672e+00 2.285988e+01
      vertex   5.317545e+01 8.402672e+00 1.876412e+01
      vertex   5.560531e+01 8.203228e+00 2.316659e+01
    endloop
  endfacet
  facet normal -2.862643e-01 9.369497e-01 2.004444e-01
    outer loop
      vertex   5.560531e+01 8.203228e+00 2.316659e+01
      vertex   5.317545e+01 8.402672e+00 1.876412e+01
      vertex   5.273743e+01 8.203228e+00 1.907083e+01
    endloop
  endfacet
  facet normal -3.925778e-01 8.776790e-01 2.748859e-01
    outer loop
      vertex   5.560531e+01 8.203228e+00 2.316659e+01
      vertex   5.273743e+01 8.203228e+00 1.907083e+01
      vertex   5.519499e+01 7.929714e+00 2.345390e+01
    endloop
  endfacet
  facet normal -3.925778e-01 8.776790e-01 2.748859e-01
    outer loop
      vertex   5.519499e+01 7.929714e+00 2.345390e+01
      vertex   5.273743e+01 8.203228e+00 1.907083e+01
      vertex   5.232711e+01 7.929714e+00 1.935814e+01
    endloop
  endfacet
  facet normal -4.908995e-01 8.005412e-01 3.437315e-01
    outer loop
      vertex   5.519499e+01 7.929714e+00 2.345390e+01
      vertex   5.232711e+01 7.929714e+00 1.935814e+01
      vertex   5.482074e+01 7.587699e+00 2.371595e+01
    endloop
  endfacet
  facet normal -4.908995e-01 8.005412e-01 3.437315e-01
    outer loop
      vertex   5.482074e+01 7.587699e+00 2.371595e+01
      vertex   5.232711e+01 7.929714e+00 1.935814e+01
      vertex   5.195286e+01 7.587699e+00 1.962019e+01
    endloop
  endfacet
  facet normal -5.792280e-01 7.071068e-01 4.055798e-01
    outer loop
      vertex   5.482074e+01 7.587699e+00 2.371595e+01
      vertex   5.195286e+01 7.587699e+00 1.962019e+01
      vertex   5.449017e+01 7.184143e+00 2.394742e+01
    endloop
  endfacet
  facet normal -5.792280e-01 7.071068e-01 4.055798e-01
    outer loop
      vertex   5.449017e+01 7.184143e+00 2.394742e+01
      vertex   5.195286e+01 7.587699e+00 1.962019e+01
      vertex   5.162229e+01 7.184143e+00 1.985166e+01
    endloop
  endfacet
  facet normal -6.557650e-01 5.992777e-01 4.591716e-01
    outer loop
      vertex   5.449017e+01 7.184143e+00 2.394742e+01
      vertex   5.162229e+01 7.184143e+00 1.985166e+01
      vertex   5.421000e+01 6.727263e+00 2.414360e+01
    endloop
  endfacet
  facet normal -6.557650e-01 5.992777e-01 4.591716e-01
    outer loop
      vertex   5.421000e+01 6.727263e+00 2.414360e+01
      vertex   5.162229e+01 7.184143e+00 1.985166e+01
      vertex   5.134212e+01 6.727263e+00 2.004784e+01
    endloop
  endfacet
  facet normal -7.189525e-01 4.792490e-01 5.034160e-01
    outer loop
      vertex   5.421000e+01 6.727263e+00 2.414360e+01
      vertex   5.134212e+01 6.727263e+00 2.004784e+01
      vertex   5.398596e+01 6.226360e+00 2.430048e+01
    endloop
  endfacet
  facet normal -7.189525e-01 4.792490e-01 5.034160e-01
    outer loop
      vertex   5.398596e+01 6.226360e+00 2.430048e+01
      vertex   5.134212e+01 6.727263e+00 2.004784e+01
      vertex   5.111807e+01 6.226360e+00 2.020472e+01
    endloop
  endfacet
  facet normal -7.675043e-01 3.494642e-01 5.374123e-01
    outer loop
      vertex   5.398596e+01 6.226360e+00 2.430048e+01
      vertex   5.111807e+01 6.226360e+00 2.020472e+01
      vertex   5.382258e+01 5.691630e+00 2.441487e+01
    endloop
  endfacet
  facet normal -7.675043e-01 3.494642e-01 5.374123e-01
    outer loop
      vertex   5.382258e+01 5.691630e+00 2.441487e+01
      vertex   5.111807e+01 6.226360e+00 2.020472e+01
      vertex   5.095470e+01 5.691630e+00 2.031911e+01
    endloop
  endfacet
  facet normal -8.004319e-01 2.125653e-01 5.604684e-01
    outer loop
      vertex   5.382258e+01 5.691630e+00 2.441487e+01
      vertex   5.095470e+01 5.691630e+00 2.031911e+01
      vertex   5.372321e+01 5.133960e+00 2.448446e+01
    endloop
  endfacet
  facet normal -8.004319e-01 2.125653e-01 5.604684e-01
    outer loop
      vertex   5.372321e+01 5.133960e+00 2.448446e+01
      vertex   5.095470e+01 5.691630e+00 2.031911e+01
      vertex   5.085532e+01 5.133960e+00 2.038870e+01
    endloop
  endfacet
  facet normal -8.170649e-01 7.133918e-02 5.721150e-01
    outer loop
      vertex   5.372321e+01 5.133960e+00 2.448446e+01
      vertex   5.085532e+01 5.133960e+00 2.038870e+01
      vertex   5.368985e+01 4.564700e+00 2.450781e+01
    endloop
  endfacet
  facet normal -8.170649e-01 7.133918e-02 5.721150e-01
    outer loop
      vertex   5.368985e+01 4.564700e+00 2.450781e+01
      vertex   5.085532e+01 5.133960e+00 2.038870e+01
      vertex   5.082197e+01 4.564700e+00 2.041205e+01
    endloop
  endfacet
  facet normal -8.170649e-01 -7.133918e-02 5.721150e-01
    outer loop
      vertex   5.368985e+01 4.564700e+00 2.450781e+01
      vertex   5.082197e+01 4.564700e+00 2.041205e+01
      vertex   5.372321e+01 3.995441e+00 2.448446e+01
    endloop
  endfacet
  facet normal -8.170649e-01 -7.133918e-02 5.721150e-01
    outer loop
      vertex   5.372321e+01 3.995441e+00 2.448446e+01
      vertex   5.082197e+01 4.564700e+00 2.041205e+01
      vertex   5.085532e+01 3.995441e+00 2.038870e+01
    endloop
  endfacet
  facet normal -8.004319e-01 -2.125653e-01 5.604684e-01
    outer loop
      vertex   5.372321e+01 3.995441e+00 2.448446e+01
      vertex   5.085532e+01 3.995441e+00 2.038870e+01
      vertex   5.382258e+01 3.437770e+00 2.441487e+01
    endloop
  endfacet
  facet normal -8.004319e-01 -2.125653e-01 5.604684e-01
    outer loop
      vertex   5.382258e+01 3.437770e+00 2.441487e+01
      vertex   5.085532e+01 3.995441e+00 2.038870e+01
      vertex   5.095470e+01 3.437770e+00 2.031911e+01
    endloop
  endfacet
  facet normal -7.675043e-01 -3.494642e-01 5.374123e-01
    outer loop
      vertex   5.382258e+01 3.437770e+00 2.441487e+01
      vertex   5.095470e+01 3.437770e+00 2.031911e+01
      vertex   5.398596e+01 2.903040e+00 2.430048e+01
    endloop
  endfacet
  facet normal -7.675043e-01 -3.494642e-01 5.374123e-01
    outer loop
      vertex   5.398596e+01 2.903040e+00 2.430048e+01
      vertex   5.095470e+01 3.437770e+00 2.031911e+01
      vertex   5.111807e+01 2.903040e+00 2.020472e+01
    endloop
  endfacet
  facet normal -7.189525e-01 -4.792490e-01 5.034160e-01
    outer loop
      vertex   5.398596e+01 2.903040e+00 2.430048e+01
      vertex   5.111807e+01 2.903040e+00 2.020472e+01
      vertex   5.421000e+01 2.402137e+00 2.414360e+01
    endloop
  endfacet
  facet normal -7.189525e-01 -4.792490e-01 5.034160e-01
    outer loop
      vertex   5.421000e+01 2.402137e+00 2.414360e+01
      vertex   5.111807e+01 2.903040e+00 2.020472e+01
      vertex   5.134212e+01 2.402137e+00 2.004784e+01
    endloop
  endfacet
  facet normal -6.557650e-01 -5.992777e-01 4.591716e-01
    outer loop
      vertex   5.421000e+01 2.402137e+00 2.414360e+01
      vertex   5.134212e+01 2.402137e+00 2.004784e+01
      vertex   5.449017e+01 1.945257e+00 2.394742e+01
    endloop
  endfacet
  facet normal -6.557650e-01 -5.992777e-01 4.591716e-01
    outer loop
      vertex   5.449017e+01 1.945257e+00 2.394742e+01
      vertex   5.134212e+01 2.402137e+00 2.004784e+01
      vertex   5.162229e+01 1.945257e+00 1.985166e+01
    endloop
  endfacet
  facet normal -5.792280e-01 -7.071068e-01 4.055798e-01
    outer loop
      vertex   5.449017e+01 1.945257e+00 2.394742e+01
      vertex   5.162229e+01 1.945257e+00 1.985166e+01
      vertex   5.482074e+01 1.541702e+00 2.371595e+01
    endloop
  endfacet
  facet normal -5.792280e-01 -7.071068e-01 4.055798e-01
    outer loop
      vertex   5.482074e+01 1.541702e+00 2.371595e+01
      vertex   5.162229e+01 1.945257e+00 1.985166e+01
      vertex   5.195286e+01 1.541702e+00 1.962019e+01
    endloop
  endfacet
  facet normal -4.908995e-01 -8.005412e-01 3.437315e-01
    outer loop
      vertex   5.482074e+01 1.541702e+00 2.371595e+01
      vertex   5.195286e+01 1.541702e+00 1.962019e+01
      vertex   5.519499e+01 1.199686e+00 2.345390e+01
    endloop
  endfacet
  facet normal -4.908995e-01 -8.005412e-01 3.437315e-01
    outer loop
      vertex   5.519499e+01 1.199686e+00 2.345390e+01
      vertex   5.195286e+01 1.541702e+00 1.962019e+01
      vertex   5.232711e+01 1.199686e+00 1.935814e+01
    endloop
  endfacet
  facet normal -3.925778e-01 -8.776790e-01 2.748859e-01
    outer loop
      vertex   5.519499e+01 1.199686e+00 2.345390e+01
      vertex   5.232711e+01 1.199686e+00 1.935814e+01
      vertex   5.560531e+01 9.261722e-01 2.316659e+01
    endloop
  endfacet
  facet normal -3.925778e-01 -8.776790e-01 2.748859e-01
    outer loop
      vertex   5.560531e+01 9.261722e-01 2.316659e+01
      vertex   5.232711e+01 1.199686e+00 1.935814e+01
      vertex   5.273743e+01 9.261722e-01 1.907083e+01
    endloop
  endfacet
  facet normal -2.862643e-01 -9.369497e-01 2.004444e-01
    outer loop
      vertex   5.560531e+01 9.261722e-01 2.316659e+01
      vertex   5.273743e+01 9.261722e-01 1.907083e+01
      vertex   5.604334e+01 7.267283e-01 2.285988e+01
    endloop
  endfacet
  facet normal -2.862643e-01 -9.369497e-01 2.004444e-01
    outer loop
      vertex   5.604334e+01 7.267283e-01 2.285988e+01
      vertex   5.273743e+01 9.261722e-01 1.907083e+01
      vertex   5.317545e+01 7.267283e-01 1.876412e+01
    endloop
  endfacet
  facet normal -1.741233e-01 -9.771469e-01 1.219224e-01
    outer loop
      vertex   5.604334e+01 7.267283e-01 2.285988e+01
      vertex   5.317545e+01 7.267283e-01 1.876412e+01
      vertex   5.650015e+01 6.054145e-01 2.254002e+01
    endloop
  endfacet
  facet normal -1.741233e-01 -9.771469e-01 1.219224e-01
    outer loop
      vertex   5.650015e+01 6.054145e-01 2.254002e+01
      vertex   5.317545e+01 7.267283e-01 1.876412e+01
      vertex   5.363227e+01 6.054145e-01 1.844426e+01
    endloop
  endfacet
  facet normal -5.843764e-02 -9.974521e-01 4.091847e-02
    outer loop
      vertex   5.650015e+01 6.054145e-01 2.254002e+01
      vertex   5.363227e+01 6.054145e-01 1.844426e+01
      vertex   5.696646e+01 5.647002e-01 2.221350e+01
    endloop
  endfacet
  facet normal -5.843764e-02 -9.974521e-01 4.091847e-02
    outer loop
      vertex   5.696646e+01 5.647002e-01 2.221350e+01
      vertex   5.363227e+01 6.054145e-01 1.844426e+01
      vertex   5.409858e+01 5.647002e-01 1.811774e+01
    endloop
  endfacet
  facet normal 5.843764e-02 -9.974521e-01 -4.091847e-02
    outer loop
      vertex   5.696646e+01 5.647002e-01 2.221350e+01
      vertex   5.409858e+01 5.647002e-01 1.811774e+01
      vertex   5.743277e+01 6.054145e-01 2.188699e+01
    endloop
  endfacet
  facet normal 5.843764e-02 -9.974521e-01 -4.091847e-02
    outer loop
      vertex   5.743277e+01 6.054145e-01 2.188699e+01
      vertex   5.409858e+01 5.647002e-01 1.811774e+01
      vertex   5.456489e+01 6.054145e-01 1.779123e+01
    endloop
  endfacet
  facet normal 1.741233e-01 -9.771469e-01 -1.219224e-01
    outer loop
      vertex   5.743277e+01 6.054145e-01 2.188699e+01
      vertex   5.456489e+01 6.054145e-01 1.779123e+01
      vertex   5.788959e+01 7.267283e-01 2.156712e+01
    endloop
  endfacet
  facet normal 1.741233e-01 -9.771469e-01 -1.219224e-01
    outer loop
      vertex   5.788959e+01 7.267283e-01 2.156712e+01
      vertex   5.456489e+01 6.054145e-01 1.779123e+01
      vertex   5.502171e+01 7.267283e-01 1.747136e+01
    endloop
  endfacet
  facet normal 2.862643e-01 -9.369497e-01 -2.004444e-01
    outer loop
      vertex   5.788959e+01 7.267283e-01 2.156712e+01
      vertex   5.502171e+01 7.267283e-01 1.747136e+01
      vertex   5.832762e+01 9.261722e-01 2.126041e+01
    endloop
  endfacet
  facet normal 2.862643e-01 -9.369497e-01 -2.004444e-01
    outer loop
      vertex   5.832762e+01 9.261722e-01 2.126041e+01
      vertex   5.502171e+01 7.267283e-01 1.747136e+01
      vertex   5.545973e+01 9.261722e-01 1.716465e+01
    endloop
  endfacet
  facet normal 3.925778e-01 -8.776790e-01 -2.748859e-01
    outer loop
      vertex   5.832762e+01 9.261722e-01 2.126041e+01
      vertex   5.545973e+01 9.261722e-01 1.716465e+01
      vertex   5.873793e+01 1.199686e+00 2.097311e+01
    endloop
  endfacet
  facet normal 3.925778e-01 -8.776790e-01 -2.748859e-01
    outer loop
      vertex   5.873793e+01 1.199686e+00 2.097311e+01
      vertex   5.545973e+01 9.261722e-01 1.716465e+01
      vertex   5.587005e+01 1.199686e+00 1.687735e+01
    endloop
  endfacet
  facet normal 4.908995e-01 -8.005412e-01 -3.437315e-01
    outer loop
      vertex   5.873793e+01 1.199686e+00 2.097311e+01
      vertex   5.587005e+01 1.199686e+00 1.687735e+01
      vertex   5.911219e+01 1.541702e+00 2.071105e+01
    endloop
  endfacet
  facet normal 4.908995e-01 -8.005412e-01 -3.437315e-01
    outer loop
      vertex   5.911219e+01 1.541702e+00 2.071105e+01
      vertex   5.587005e+01 1.199686e+00 1.687735e+01
      vertex   5.624430e+01 1.541702e+00 1.661529e+01
    endloop
  endfacet
  facet normal 5.792280e-01 -7.071068e-01 -4.055798e-01
    outer loop
      vertex   5.911219e+01 1.541702e+00 2.071105e+01
      vertex   5.624430e+01 1.541702e+00 1.661529e+01
      vertex   5.944276e+01 1.945257e+00 2.047958e+01
    endloop
  endfacet
  facet normal 5.792280e-01 -7.071068e-01 -4.055798e-01
    outer loop
      vertex   5.944276e+01 1.945257e+00 2.047958e+01
      vertex   5.624430e+01 1.541702e+00 1.661529e+01
      vertex   5.657488e+01 1.945257e+00 1.638382e+01
    endloop
  endfacet
  facet normal 6.557650e-01 -5.992777e-01 -4.591716e-01
    outer loop
      vertex   5.944276e+01 1.945257e+00 2.047958e+01
      vertex   5.657488e+01 1.945257e+00 1.638382e+01
      vertex   5.972292e+01 2.402137e+00 2.028341e+01
    endloop
  endfacet
  facet normal 6.557650e-01 -5.992777e-01 -4.591716e-01
    outer loop
      vertex   5.972292e+01 2.402137e+00 2.028341e+01
      vertex   5.657488e+01 1.945257e+00 1.638382e+01
      vertex   5.685504e+01 2.402137e+00 1.618765e+01
    endloop
  endfacet
  facet normal 7.189525e-01 -4.792490e-01 -5.034160e-01
    outer loop
      vertex   5.972292e+01 2.402137e+00 2.028341e+01
      vertex   5.685504e+01 2.402137e+00 1.618765e+01
      vertex   5.994697e+01 2.903040e+00 2.012653e+01
    endloop
  endfacet
  facet normal 7.189525e-01 -4.792490e-01 -5.034160e-01
    outer loop
      vertex   5.994697e+01 2.903040e+00 2.012653e+01
      vertex   5.685504e+01 2.402137e+00 1.618765e+01
      vertex   5.707909e+01 2.903040e+00 1.603077e+01
    endloop
  endfacet
  facet normal 7.675043e-01 -3.494642e-01 -5.374123e-01
    outer loop
      vertex   5.994697e+01 2.903040e+00 2.012653e+01
      vertex   5.707909e+01 2.903040e+00 1.603077e+01
      vertex   6.011035e+01 3.437770e+00 2.001213e+01
    endloop
  endfacet
  facet normal 7.675043e-01 -3.494642e-01 -5.374123e-01
    outer loop
      vertex   6.011035e+01 3.437770e+00 2.001213e+01
      vertex   5.707909e+01 2.903040e+00 1.603077e+01
      vertex   5.724246e+01 3.437770e+00 1.591637e+01
    endloop
  endfacet
  facet normal 8.004319e-01 -2.125653e-01 -5.604684e-01
    outer loop
      vertex   6.011035e+01 3.437770e+00 2.001213e+01
      vertex   5.724246e+01 3.437770e+00 1.591637e+01
      vertex   6.020972e+01 3.995441e+00 1.994255e+01
    endloop
  endfacet
  facet normal 8.004319e-01 -2.125653e-01 -5.604684e-01
    outer loop
      vertex   6.020972e+01 3.995441e+00 1.994255e+01
      vertex   5.724246e+01 3.437770e+00 1.591637e+01
      vertex   5.734184e+01 3.995441e+00 1.584679e+01
    endloop
  endfacet
  facet normal 8.170649e-01 -7.133918e-02 -5.721150e-01
    outer loop
      vertex   6.020972e+01 3.995441e+00 1.994255e+01
      vertex   5.734184e+01 3.995441e+00 1.584679e+01
      vertex   6.024307e+01 4.564700e+00 1.991920e+01
    endloop
  endfacet
  facet normal 8.170649e-01 -7.133918e-02 -5.721150e-01
    outer loop
      vertex   6.024307e+01 4.564700e+00 1.991920e+01
      vertex   5.734184e+01 3.995441e+00 1.584679e+01
      vertex   5.737519e+01 4.564700e+00 1.582344e+01
    endloop
  endfacet
  facet normal 8.170649e-01 7.133918e-02 -5.721150e-01
    outer loop
      vertex   6.024307e+01 4.564700e+00 1.991920e+01
      vertex   5.737519e+01 4.564700e+00 1.582344e+01
      vertex   6.020972e+01 5.133960e+00 1.994255e+01
    endloop
  endfacet
  facet normal 8.170649e-01 7.133918e-02 -5.721150e-01
    outer loop
      vertex   6.020972e+01 5.133960e+00 1.994255e+01
      vertex   5.737519e+01 4.564700e+00 1.582344e+01
      vertex   5.734184e+01 5.133960e+00 1.584679e+01
    endloop
  endfacet
  facet normal 8.004319e-01 2.125653e-01 -5.604684e-01
    outer loop
      vertex   6.020972e+01 5.133960e+00 1.994255e+01
      vertex   5.734184e+01 5.133960e+00 1.584679e+01
      vertex   6.011035e+01 5.691630e+00 2.001213e+01
    endloop
  endfacet
  facet normal 8.004319e-01 2.125653e-01 -5.604684e-01
    outer loop
      vertex   6.011035e+01 5.691630e+00 2.001213e+01
      vertex   5.734184e+01 5.133960e+00 1.584679e+01
      vertex   5.724246e+01 5.691630e+00 1.591637e+01
    endloop
  endfacet
  facet normal 7.675043e-01 3.494642e-01 -5.374123e-01
    outer loop
      vertex   6.011035e+01 5.691630e+00 2.001213e+01
      vertex   5.724246e+01 5.691630e+00 1.591637e+01
      vertex   5.994697e+01 6.226360e+00 2.012653e+01
    endloop
  endfacet
  facet normal 7.675043e-01 3.494642e-01 -5.374123e-01
    outer loop
      vertex   5.994697e+01 6.226360e+00 2.012653e+01
      vertex   5.724246e+01 5.691630e+00 1.591637e+01
      vertex   5.707909e+01 6.226360e+00 1.603077e+01
    endloop
  endfacet
  facet normal 7.189525e-01 4.792490e-01 -5.034160e-01
    outer loop
      vertex   5.994697e+01 6.226360e+00 2.012653e+01
      vertex   5.707909e+01 6.226360e+00 1.603077e+01
      vertex   5.972292e+01 6.727263e+00 2.028341e+01
    endloop
  endfacet
  facet normal 7.189525e-01 4.792490e-01 -5.034160e-01
    outer loop
      vertex   5.972292e+01 6.727263e+00 2.028341e+01
      vertex   5.707909e+01 6.226360e+00 1.603077e+01
      vertex   5.685504e+01 6.727263e+00 1.618765e+01
    endloop
  endfacet
  facet normal 6.557650e-01 5.992777e-01 -4.591716e-01
    outer loop
      vertex   5.972292e+01 6.727263e+00 2.028341e+01
      vertex   5.685504e+01 6.727263e+00 1.618765e+01
      vertex   5.944276e+01 7.184143e+00 2.047958e+01
    endloop
  endfacet
  facet normal 6.557650e-01 5.992777e-01 -4.591716e-01
    outer loop
      vertex   5.944276e+01 7.184143e+00 2.047958e+01
      vertex   5.685504e+01 6.727263e+00 1.618765e+01
      vertex   5.657488e+01 7.184143e+00 1.638382e+01
    endloop
  endfacet
  facet normal 5.792280e-01 7.071068e-01 -4.055798e-01
    outer loop
      vertex   5.944276e+01 7.184143e+00 2.047958e+01
      vertex   5.657488e+01 7.184143e+00 1.638382e+01
      vertex   5.911219e+01 7.587699e+00 2.071105e+01
    endloop
  endfacet
  facet normal 5.792280e-01 7.071068e-01 -4.055798e-01
    outer loop
      vertex   5.911219e+01 7.587699e+00 2.071105e+01
      vertex   5.657488e+01 7.184143e+00 1.638382e+01
      vertex   5.624430e+01 7.587699e+00 1.661529e+01
    endloop
  endfacet
  facet normal 4.908995e-01 8.005412e-01 -3.437315e-01
    outer loop
      vertex   5.911219e+01 7.587699e+00 2.071105e+01
      vertex   5.624430e+01 7.587699e+00 1.661529e+01
      vertex   5.873793e+01 7.929714e+00 2.097311e+01
    endloop
  endfacet
  facet normal 4.908995e-01 8.005412e-01 -3.437315e-01
    outer loop
      vertex   5.873793e+01 7.929714e+00 2.097311e+01
      vertex   5.624430e+01 7.587699e+00 1.661529e+01
      vertex   5.587005e+01 7.929714e+00 1.687735e+01
    endloop
  endfacet
  facet normal 3.925778e-01 8.776790e-01 -2.748859e-01
    outer loop
      vertex   5.873793e+01 7.929714e+00 2.097311e+01
      vertex   5.587005e+01 7.929714e+00 1.687735e+01
      vertex   5.832762e+01 8.203228e+00 2.126041e+01
    endloop
  endfacet
  facet normal 3.925778e-01 8.776790e-01 -2.748859e-01
    outer loop
      vertex   5.832762e+01 8.203228e+00 2.126041e+01
      vertex   5.587005e+01 7.929714e+00 1.687735e+01
      vertex   5.545973e+01 8.203228e+00 1.716465e+01
    endloop
  endfacet
  facet normal 2.862643e-01 9.369497e-01 -2.004444e-01
    outer loop
      vertex   5.832762e+01 8.203228e+00 2.126041e+01
      vertex   5.545973e+01 8.203228e+00 1.716465e+01
      vertex   5.788959e+01 8.402672e+00 2.156712e+01
    endloop
  endfacet
  facet normal 2.862643e-01 9.369497e-01 -2.004444e-01
    outer loop
      vertex   5.788959e+01 8.402672e+00 2.156712e+01
      vertex   5.545973e+01 8.203228e+00 1.716465e+01
      vertex   5.502171e+01 8.402672e+00 1.747136e+01
    endloop
  endfacet
  facet normal 1.741233e-01 9.771469e-01 -1.219224e-01
    outer loop
      vertex   5.788959e+01 8.402672e+00 2.156712e+01
      vertex   5.502171e+01 8.402672e+00 1.747136e+01
      vertex   5.743277e+01 8.523986e+00 2.188699e+01
    endloop
  endfacet
  facet normal 1.741233e-01 9.771469e-01 -1.219224e-01
    outer loop
      vertex   5.743277e+01 8.523986e+00 2.188699e+01
      vertex   5.502171e+01 8.402672e+00 1.747136e+01
      vertex   5.456489e+01 8.523986e+00 1.779123e+01
    endloop
  endfacet
  facet normal 5.735764e-01 -4.485013e-15 8.191520e-01
    outer loop
      vertex   5.732771e+01 6.923836e+00 2.196056e+01
      vertex   5.743277e+01 8.523986e+00 2.188699e+01
      vertex   5.696646e+01 6.964700e+00 2.221350e+01
    endloop
  endfacet
  facet normal 5.735764e-01 -0.000000e+00 8.191520e-01
    outer loop
      vertex   5.696646e+01 6.964700e+00 2.221350e+01
      vertex   5.743277e+01 8.523986e+00 2.188699e+01
      vertex   5.696646e+01 8.564700e+00 2.221350e+01
    endloop
  endfacet
  facet normal 5.735764e-01 -0.000000e+00 8.191520e-01
    outer loop
      vertex   5.696646e+01 6.964700e+00 2.221350e+01
      vertex   5.696646e+01 8.564700e+00 2.221350e+01
      vertex   5.650015e+01 8.523986e+00 2.254002e+01
    endloop
  endfacet
  facet normal 5.735764e-01 -4.249315e-15 8.191520e-01
    outer loop
      vertex   5.743277e+01 8.523986e+00 2.188699e+01
      vertex   5.732771e+01 6.923836e+00 2.196056e+01
      vertex   5.788959e+01 8.402672e+00 2.156712e+01
    endloop
  endfacet
  facet normal 5.735764e-01 5.021043e-15 8.191520e-01
    outer loop
      vertex   5.788959e+01 8.402672e+00 2.156712e+01
      vertex   5.732771e+01 6.923836e+00 2.196056e+01
      vertex   5.767665e+01 6.802634e+00 2.171622e+01
    endloop
  endfacet
  facet normal 5.735764e-01 3.593959e-15 8.191520e-01
    outer loop
      vertex   5.788959e+01 8.402672e+00 2.156712e+01
      vertex   5.767665e+01 6.802634e+00 2.171622e+01
      vertex   5.832762e+01 8.203228e+00 2.126041e+01
    endloop
  endfacet
  facet normal 5.735764e-01 -1.909728e-15 8.191520e-01
    outer loop
      vertex   5.832762e+01 8.203228e+00 2.126041e+01
      vertex   5.767665e+01 6.802634e+00 2.171622e+01
      vertex   5.800141e+01 6.605221e+00 2.148883e+01
    endloop
  endfacet
  facet normal 5.735764e-01 -4.883502e-16 8.191520e-01
    outer loop
      vertex   5.832762e+01 8.203228e+00 2.126041e+01
      vertex   5.800141e+01 6.605221e+00 2.148883e+01
      vertex   5.873793e+01 7.929714e+00 2.097311e+01
    endloop
  endfacet
  facet normal 5.735764e-01 -7.907144e-16 8.191520e-01
    outer loop
      vertex   5.873793e+01 7.929714e+00 2.097311e+01
      vertex   5.800141e+01 6.605221e+00 2.148883e+01
      vertex   5.911219e+01 7.587699e+00 2.071105e+01
    endloop
  endfacet
  facet normal 5.735764e-01 0.000000e+00 8.191520e-01
    outer loop
      vertex   5.911219e+01 7.587699e+00 2.071105e+01
      vertex   5.800141e+01 6.605221e+00 2.148883e+01
      vertex   5.829093e+01 6.338322e+00 2.128611e+01
    endloop
  endfacet
  facet normal 5.735764e-01 2.443308e-15 8.191520e-01
    outer loop
      vertex   5.911219e+01 7.587699e+00 2.071105e+01
      vertex   5.829093e+01 6.338322e+00 2.128611e+01
      vertex   5.944276e+01 7.184143e+00 2.047958e+01
    endloop
  endfacet
  facet normal 5.735764e-01 3.895012e-15 8.191520e-01
    outer loop
      vertex   5.944276e+01 7.184143e+00 2.047958e+01
      vertex   5.829093e+01 6.338322e+00 2.128611e+01
      vertex   5.853534e+01 6.011023e+00 2.111497e+01
    endloop
  endfacet
  facet normal 5.735764e-01 -2.141310e-16 8.191520e-01
    outer loop
      vertex   5.944276e+01 7.184143e+00 2.047958e+01
      vertex   5.853534e+01 6.011023e+00 2.111497e+01
      vertex   5.972292e+01 6.727263e+00 2.028341e+01
    endloop
  endfacet
  facet normal 5.735764e-01 -4.827698e-15 8.191520e-01
    outer loop
      vertex   5.972292e+01 6.727263e+00 2.028341e+01
      vertex   5.853534e+01 6.011023e+00 2.111497e+01
      vertex   5.872632e+01 5.634472e+00 2.098124e+01
    endloop
  endfacet
  facet normal 5.735764e-01 -5.194792e-15 8.191520e-01
    outer loop
      vertex   5.972292e+01 6.727263e+00 2.028341e+01
      vertex   5.872632e+01 5.634472e+00 2.098124e+01
      vertex   5.994697e+01 6.226360e+00 2.012653e+01
    endloop
  endfacet
  facet normal 5.735764e-01 1.719837e-15 8.191520e-01
    outer loop
      vertex   5.994697e+01 6.226360e+00 2.012653e+01
      vertex   5.872632e+01 5.634472e+00 2.098124e+01
      vertex   5.885738e+01 5.221491e+00 2.088947e+01
    endloop
  endfacet
  facet normal 5.735764e-01 6.986966e-15 8.191520e-01
    outer loop
      vertex   5.994697e+01 6.226360e+00 2.012653e+01
      vertex   5.885738e+01 5.221491e+00 2.088947e+01
      vertex   6.011035e+01 5.691630e+00 2.001213e+01
    endloop
  endfacet
  facet normal 5.735764e-01 -5.017120e-15 8.191520e-01
    outer loop
      vertex   6.011035e+01 5.691630e+00 2.001213e+01
      vertex   5.885738e+01 5.221491e+00 2.088947e+01
      vertex   6.020972e+01 5.133960e+00 1.994255e+01
    endloop
  endfacet
  facet normal 5.735764e-01 -5.928737e-15 8.191520e-01
    outer loop
      vertex   6.020972e+01 5.133960e+00 1.994255e+01
      vertex   5.885738e+01 5.221491e+00 2.088947e+01
      vertex   5.892404e+01 4.786144e+00 2.084279e+01
    endloop
  endfacet
  facet normal 5.735764e-01 1.194546e-14 8.191520e-01
    outer loop
      vertex   6.020972e+01 5.133960e+00 1.994255e+01
      vertex   5.892404e+01 4.786144e+00 2.084279e+01
      vertex   6.024307e+01 4.564700e+00 1.991920e+01
    endloop
  endfacet
  facet normal 5.735764e-01 0.000000e+00 8.191520e-01
    outer loop
      vertex   6.024307e+01 4.564700e+00 1.991920e+01
      vertex   5.892404e+01 4.786144e+00 2.084279e+01
      vertex   5.892404e+01 4.343256e+00 2.084279e+01
    endloop
  endfacet
  facet normal 5.735764e-01 -1.194546e-14 8.191520e-01
    outer loop
      vertex   6.024307e+01 4.564700e+00 1.991920e+01
      vertex   5.892404e+01 4.343256e+00 2.084279e+01
      vertex   6.020972e+01 3.995441e+00 1.994255e+01
    endloop
  endfacet
  facet normal 5.735764e-01 5.928737e-15 8.191520e-01
    outer loop
      vertex   6.020972e+01 3.995441e+00 1.994255e+01
      vertex   5.892404e+01 4.343256e+00 2.084279e+01
      vertex   5.885738e+01 3.907909e+00 2.088947e+01
    endloop
  endfacet
  facet normal 5.735764e-01 5.017120e-15 8.191520e-01
    outer loop
      vertex   6.020972e+01 3.995441e+00 1.994255e+01
      vertex   5.885738e+01 3.907909e+00 2.088947e+01
      vertex   6.011035e+01 3.437770e+00 2.001213e+01
    endloop
  endfacet
  facet normal 5.735764e-01 -7.002188e-15 8.191520e-01
    outer loop
      vertex   6.011035e+01 3.437770e+00 2.001213e+01
      vertex   5.885738e+01 3.907909e+00 2.088947e+01
      vertex   5.994697e+01 2.903040e+00 2.012653e+01
    endloop
  endfacet
  facet normal 5.735764e-01 -1.719837e-15 8.191520e-01
    outer loop
      vertex   5.994697e+01 2.903040e+00 2.012653e+01
      vertex   5.885738e+01 3.907909e+00 2.088947e+01
      vertex   5.872632e+01 3.494928e+00 2.098124e+01
    endloop
  endfacet
  facet normal 5.735764e-01 5.164234e-15 8.191520e-01
    outer loop
      vertex   5.994697e+01 2.903040e+00 2.012653e+01
      vertex   5.872632e+01 3.494928e+00 2.098124e+01
      vertex   5.972292e+01 2.402137e+00 2.028341e+01
    endloop
  endfacet
  facet normal 5.735764e-01 -2.180251e-15 8.191520e-01
    outer loop
      vertex   5.972292e+01 2.402137e+00 2.028341e+01
      vertex   5.872632e+01 3.494928e+00 2.098124e+01
      vertex   5.853534e+01 3.118377e+00 2.111497e+01
    endloop
  endfacet
  facet normal 5.735764e-01 1.713048e-15 8.191520e-01
    outer loop
      vertex   5.972292e+01 2.402137e+00 2.028341e+01
      vertex   5.853534e+01 3.118377e+00 2.111497e+01
      vertex   5.944276e+01 1.945257e+00 2.047958e+01
    endloop
  endfacet
  facet normal 5.735764e-01 4.050813e-15 8.191520e-01
    outer loop
      vertex   5.944276e+01 1.945257e+00 2.047958e+01
      vertex   5.853534e+01 3.118377e+00 2.111497e+01
      vertex   5.829093e+01 2.791079e+00 2.128611e+01
    endloop
  endfacet
  facet normal 5.735764e-01 -2.443308e-15 8.191520e-01
    outer loop
      vertex   5.944276e+01 1.945257e+00 2.047958e+01
      vertex   5.829093e+01 2.791079e+00 2.128611e+01
      vertex   5.911219e+01 1.541702e+00 2.071105e+01
    endloop
  endfacet
  facet normal 5.735764e-01 0.000000e+00 8.191520e-01
    outer loop
      vertex   5.911219e+01 1.541702e+00 2.071105e+01
      vertex   5.829093e+01 2.791079e+00 2.128611e+01
      vertex   5.800141e+01 2.524179e+00 2.148883e+01
    endloop
  endfacet
  facet normal 5.735764e-01 7.907144e-16 8.191520e-01
    outer loop
      vertex   5.911219e+01 1.541702e+00 2.071105e+01
      vertex   5.800141e+01 2.524179e+00 2.148883e+01
      vertex   5.873793e+01 1.199686e+00 2.097311e+01
    endloop
  endfacet
  facet normal 5.735764e-01 4.517240e-15 8.191520e-01
    outer loop
      vertex   5.873793e+01 1.199686e+00 2.097311e+01
      vertex   5.800141e+01 2.524179e+00 2.148883e+01
      vertex   5.832762e+01 9.261722e-01 2.126041e+01
    endloop
  endfacet
  facet normal 5.735764e-01 4.170223e-15 8.191520e-01
    outer loop
      vertex   5.832762e+01 9.261722e-01 2.126041e+01
      vertex   5.800141e+01 2.524179e+00 2.148883e+01
      vertex   5.767665e+01 2.326767e+00 2.171622e+01
    endloop
  endfacet
  facet normal 5.735764e-01 -4.740967e-15 8.191520e-01
    outer loop
      vertex   5.832762e+01 9.261722e-01 2.126041e+01
      vertex   5.767665e+01 2.326767e+00 2.171622e+01
      vertex   5.788959e+01 7.267283e-01 2.156712e+01
    endloop
  endfacet
  facet normal 5.735764e-01 -5.021043e-15 8.191520e-01
    outer loop
      vertex   5.788959e+01 7.267283e-01 2.156712e+01
      vertex   5.767665e+01 2.326767e+00 2.171622e+01
      vertex   5.732771e+01 2.205565e+00 2.196056e+01
    endloop
  endfacet
  facet normal 5.735764e-01 4.249315e-15 8.191520e-01
    outer loop
      vertex   5.788959e+01 7.267283e-01 2.156712e+01
      vertex   5.732771e+01 2.205565e+00 2.196056e+01
      vertex   5.743277e+01 6.054145e-01 2.188699e+01
    endloop
  endfacet
  facet normal 5.735764e-01 3.748085e-15 8.191520e-01
    outer loop
      vertex   5.743277e+01 6.054145e-01 2.188699e+01
      vertex   5.732771e+01 2.205565e+00 2.196056e+01
      vertex   5.696646e+01 2.164700e+00 2.221350e+01
    endloop
  endfacet
  facet normal 5.735764e-01 0.000000e+00 8.191520e-01
    outer loop
      vertex   5.743277e+01 6.054145e-01 2.188699e+01
      vertex   5.696646e+01 2.164700e+00 2.221350e+01
      vertex   5.696646e+01 5.647002e-01 2.221350e+01
    endloop
  endfacet
  facet normal 5.735764e-01 -0.000000e+00 8.191520e-01
    outer loop
      vertex   5.696646e+01 5.647002e-01 2.221350e+01
      vertex   5.696646e+01 2.164700e+00 2.221350e+01
      vertex   5.650015e+01 6.054145e-01 2.254002e+01
    endloop
  endfacet
  facet normal 5.735764e-01 -3.748085e-15 8.191520e-01
    outer loop
      vertex   5.650015e+01 6.054145e-01 2.254002e+01
      vertex   5.696646e+01 2.164700e+00 2.221350e+01
      vertex   5.660522e+01 2.205565e+00 2.246645e+01
    endloop
  endfacet
  facet normal 5.735764e-01 -3.668473e-15 8.191520e-01
    outer loop
      vertex   5.650015e+01 6.054145e-01 2.254002e+01
      vertex   5.660522e+01 2.205565e+00 2.246645e+01
      vertex   5.604334e+01 7.267283e-01 2.285988e+01
    endloop
  endfacet
  facet normal 5.735764e-01 2.568906e-15 8.191520e-01
    outer loop
      vertex   5.604334e+01 7.267283e-01 2.285988e+01
      vertex   5.660522e+01 2.205565e+00 2.246645e+01
      vertex   5.625627e+01 2.326767e+00 2.271078e+01
    endloop
  endfacet
  facet normal 5.735764e-01 1.529344e-17 8.191520e-01
    outer loop
      vertex   5.604334e+01 7.267283e-01 2.285988e+01
      vertex   5.625627e+01 2.326767e+00 2.271078e+01
      vertex   5.560531e+01 9.261722e-01 2.316659e+01
    endloop
  endfacet
  facet normal 5.735764e-01 -1.909728e-15 8.191520e-01
    outer loop
      vertex   5.560531e+01 9.261722e-01 2.316659e+01
      vertex   5.625627e+01 2.326767e+00 2.271078e+01
      vertex   5.593152e+01 2.524179e+00 2.293818e+01
    endloop
  endfacet
  facet normal 5.735764e-01 1.297180e-15 8.191520e-01
    outer loop
      vertex   5.560531e+01 9.261722e-01 2.316659e+01
      vertex   5.593152e+01 2.524179e+00 2.293818e+01
      vertex   5.519499e+01 1.199686e+00 2.345390e+01
    endloop
  endfacet
  facet normal 5.735764e-01 -2.828325e-15 8.191520e-01
    outer loop
      vertex   5.519499e+01 1.199686e+00 2.345390e+01
      vertex   5.593152e+01 2.524179e+00 2.293818e+01
      vertex   5.482074e+01 1.541702e+00 2.371595e+01
    endloop
  endfacet
  facet normal 5.735764e-01 5.792549e-15 8.191520e-01
    outer loop
      vertex   5.482074e+01 1.541702e+00 2.371595e+01
      vertex   5.593152e+01 2.524179e+00 2.293818e+01
      vertex   5.564200e+01 2.791079e+00 2.314090e+01
    endloop
  endfacet
  facet normal 5.735764e-01 -2.046271e-15 8.191520e-01
    outer loop
      vertex   5.482074e+01 1.541702e+00 2.371595e+01
      vertex   5.564200e+01 2.791079e+00 2.314090e+01
      vertex   5.449017e+01 1.945257e+00 2.394742e+01
    endloop
  endfacet
  facet normal 5.735764e-01 -1.043863e-14 8.191520e-01
    outer loop
      vertex   5.449017e+01 1.945257e+00 2.394742e+01
      vertex   5.564200e+01 2.791079e+00 2.314090e+01
      vertex   5.539759e+01 3.118377e+00 2.331204e+01
    endloop
  endfacet
  facet normal 5.735764e-01 -1.743638e-15 8.191520e-01
    outer loop
      vertex   5.449017e+01 1.945257e+00 2.394742e+01
      vertex   5.539759e+01 3.118377e+00 2.331204e+01
      vertex   5.421000e+01 2.402137e+00 2.414360e+01
    endloop
  endfacet
  facet normal 5.735764e-01 1.043406e-14 8.191520e-01
    outer loop
      vertex   5.421000e+01 2.402137e+00 2.414360e+01
      vertex   5.539759e+01 3.118377e+00 2.331204e+01
      vertex   5.520660e+01 3.494928e+00 2.344577e+01
    endloop
  endfacet
  facet normal 5.735764e-01 1.497322e-15 8.191520e-01
    outer loop
      vertex   5.421000e+01 2.402137e+00 2.414360e+01
      vertex   5.520660e+01 3.494928e+00 2.344577e+01
      vertex   5.398596e+01 2.903040e+00 2.430048e+01
    endloop
  endfacet
  facet normal 5.735764e-01 -6.722999e-15 8.191520e-01
    outer loop
      vertex   5.398596e+01 2.903040e+00 2.430048e+01
      vertex   5.520660e+01 3.494928e+00 2.344577e+01
      vertex   5.507555e+01 3.907909e+00 2.353754e+01
    endloop
  endfacet
  facet normal 5.735764e-01 1.369993e-16 8.191520e-01
    outer loop
      vertex   5.398596e+01 2.903040e+00 2.430048e+01
      vertex   5.507555e+01 3.907909e+00 2.353754e+01
      vertex   5.382258e+01 3.437770e+00 2.441487e+01
    endloop
  endfacet
  facet normal 5.735764e-01 6.709827e-15 8.191520e-01
    outer loop
      vertex   5.382258e+01 3.437770e+00 2.441487e+01
      vertex   5.507555e+01 3.907909e+00 2.353754e+01
      vertex   5.372321e+01 3.995441e+00 2.448446e+01
    endloop
  endfacet
  facet normal 5.735764e-01 2.808349e-15 8.191520e-01
    outer loop
      vertex   5.372321e+01 3.995441e+00 2.448446e+01
      vertex   5.507555e+01 3.907909e+00 2.353754e+01
      vertex   5.500888e+01 4.343256e+00 2.358421e+01
    endloop
  endfacet
  facet normal 5.735764e-01 6.781198e-15 8.191520e-01
    outer loop
      vertex   5.372321e+01 3.995441e+00 2.448446e+01
      vertex   5.500888e+01 4.343256e+00 2.358421e+01
      vertex   5.368985e+01 4.564700e+00 2.450781e+01
    endloop
  endfacet
  facet normal 5.735764e-01 0.000000e+00 8.191520e-01
    outer loop
      vertex   5.368985e+01 4.564700e+00 2.450781e+01
      vertex   5.500888e+01 4.343256e+00 2.358421e+01
      vertex   5.500888e+01 4.786144e+00 2.358421e+01
    endloop
  endfacet
  facet normal 5.735764e-01 -1.194546e-14 8.191520e-01
    outer loop
      vertex   5.368985e+01 4.564700e+00 2.450781e+01
      vertex   5.500888e+01 4.786144e+00 2.358421e+01
      vertex   5.372321e+01 5.133960e+00 2.448446e+01
    endloop
  endfacet
  facet normal 5.735764e-01 -3.120388e-15 8.191520e-01
    outer loop
      vertex   5.372321e+01 5.133960e+00 2.448446e+01
      vertex   5.500888e+01 4.786144e+00 2.358421e+01
      vertex   5.507555e+01 5.221491e+00 2.353754e+01
    endloop
  endfacet
  facet normal 5.735764e-01 -1.829953e-15 8.191520e-01
    outer loop
      vertex   5.372321e+01 5.133960e+00 2.448446e+01
      vertex   5.507555e+01 5.221491e+00 2.353754e+01
      vertex   5.382258e+01 5.691630e+00 2.441487e+01
    endloop
  endfacet
  facet normal 5.735764e-01 -1.522215e-16 8.191520e-01
    outer loop
      vertex   5.382258e+01 5.691630e+00 2.441487e+01
      vertex   5.507555e+01 5.221491e+00 2.353754e+01
      vertex   5.398596e+01 6.226360e+00 2.430048e+01
    endloop
  endfacet
  facet normal 5.735764e-01 6.722999e-15 8.191520e-01
    outer loop
      vertex   5.398596e+01 6.226360e+00 2.430048e+01
      vertex   5.507555e+01 5.221491e+00 2.353754e+01
      vertex   5.520660e+01 5.634472e+00 2.344577e+01
    endloop
  endfacet
  facet normal 5.735764e-01 -1.497322e-15 8.191520e-01
    outer loop
      vertex   5.398596e+01 6.226360e+00 2.430048e+01
      vertex   5.520660e+01 5.634472e+00 2.344577e+01
      vertex   5.421000e+01 6.727263e+00 2.414360e+01
    endloop
  endfacet
  facet normal 5.735764e-01 -3.426108e-15 8.191520e-01
    outer loop
      vertex   5.421000e+01 6.727263e+00 2.414360e+01
      vertex   5.520660e+01 5.634472e+00 2.344577e+01
      vertex   5.539759e+01 6.011023e+00 2.331204e+01
    endloop
  endfacet
  facet normal 5.735764e-01 1.835409e-16 8.191520e-01
    outer loop
      vertex   5.421000e+01 6.727263e+00 2.414360e+01
      vertex   5.539759e+01 6.011023e+00 2.331204e+01
      vertex   5.449017e+01 7.184143e+00 2.394742e+01
    endloop
  endfacet
  facet normal 5.735764e-01 2.492808e-15 8.191520e-01
    outer loop
      vertex   5.449017e+01 7.184143e+00 2.394742e+01
      vertex   5.539759e+01 6.011023e+00 2.331204e+01
      vertex   5.564200e+01 6.338322e+00 2.314090e+01
    endloop
  endfacet
  facet normal 5.735764e-01 2.076812e-15 8.191520e-01
    outer loop
      vertex   5.449017e+01 7.184143e+00 2.394742e+01
      vertex   5.564200e+01 6.338322e+00 2.314090e+01
      vertex   5.482074e+01 7.587699e+00 2.371595e+01
    endloop
  endfacet
  facet normal 5.735764e-01 -5.792549e-15 8.191520e-01
    outer loop
      vertex   5.482074e+01 7.587699e+00 2.371595e+01
      vertex   5.564200e+01 6.338322e+00 2.314090e+01
      vertex   5.593152e+01 6.605221e+00 2.293818e+01
    endloop
  endfacet
  facet normal 5.735764e-01 -1.459781e-15 8.191520e-01
    outer loop
      vertex   5.482074e+01 7.587699e+00 2.371595e+01
      vertex   5.593152e+01 6.605221e+00 2.293818e+01
      vertex   5.519499e+01 7.929714e+00 2.345390e+01
    endloop
  endfacet
  facet normal 5.735764e-01 -3.052189e-17 8.191520e-01
    outer loop
      vertex   5.519499e+01 7.929714e+00 2.345390e+01
      vertex   5.593152e+01 6.605221e+00 2.293818e+01
      vertex   5.560531e+01 8.203228e+00 2.316659e+01
    endloop
  endfacet
  facet normal 5.735764e-01 1.909728e-15 8.191520e-01
    outer loop
      vertex   5.560531e+01 8.203228e+00 2.316659e+01
      vertex   5.593152e+01 6.605221e+00 2.293818e+01
      vertex   5.625627e+01 6.802634e+00 2.271078e+01
    endloop
  endfacet
  facet normal 5.735764e-01 0.000000e+00 8.191520e-01
    outer loop
      vertex   5.560531e+01 8.203228e+00 2.316659e+01
      vertex   5.625627e+01 6.802634e+00 2.271078e+01
      vertex   5.604334e+01 8.402672e+00 2.285988e+01
    endloop
  endfacet
  facet normal 5.735764e-01 -2.568906e-15 8.191520e-01
    outer loop
      vertex   5.604334e+01 8.402672e+00 2.285988e+01
      vertex   5.625627e+01 6.802634e+00 2.271078e+01
      vertex   5.660522e+01 6.923836e+00 2.246645e+01
    endloop
  endfacet
  facet normal 5.735764e-01 3.668473e-15 8.191520e-01
    outer loop
      vertex   5.604334e+01 8.402672e+00 2.285988e+01
      vertex   5.660522e+01 6.923836e+00 2.246645e+01
      vertex   5.650015e+01 8.523986e+00 2.254002e+01
    endloop
  endfacet
  facet normal 5.735764e-01 3.016037e-15 8.191520e-01
    outer loop
      vertex   5.650015e+01 8.523986e+00 2.254002e+01
      vertex   5.660522e+01 6.923836e+00 2.246645e+01
      vertex   5.696646e+01 6.964700e+00 2.221350e+01
    endloop
  endfacet
  facet normal 0.000000e+00 -9.967815e-01 -8.016597e-02
    outer loop
      vertex   4.115340e+01 2.349136e+01 1.131244e+01
      vertex   4.115340e+01 2.351219e+01 1.105343e+01
      vertex   4.243818e+01 2.349136e+01 1.131244e+01
    endloop
  endfacet
  facet normal 6.697512e-03 -9.935577e-01 -1.131291e-01
    outer loop
      vertex   4.243818e+01 2.349136e+01 1.131244e+01
      vertex   4.115340e+01 2.351219e+01 1.105343e+01
      vertex   4.225292e+01 2.352318e+01 1.102202e+01
    endloop
  endfacet
  facet normal 1.444277e-02 -9.929087e-01 -1.179987e-01
    outer loop
      vertex   4.243818e+01 2.349136e+01 1.131244e+01
      vertex   4.225292e+01 2.352318e+01 1.102202e+01
      vertex   4.279728e+01 2.353011e+01 1.103029e+01
    endloop
  endfacet
  facet normal 1.570793e-02 -9.764718e-01 -2.150721e-01
    outer loop
      vertex   4.279728e+01 2.353011e+01 1.103029e+01
      vertex   4.225292e+01 2.352318e+01 1.102202e+01
      vertex   4.228494e+01 2.358652e+01 1.073675e+01
    endloop
  endfacet
  facet normal 2.918490e-02 -9.709410e-01 -2.375326e-01
    outer loop
      vertex   4.279728e+01 2.353011e+01 1.103029e+01
      vertex   4.228494e+01 2.358652e+01 1.073675e+01
      vertex   4.284434e+01 2.359915e+01 1.075386e+01
    endloop
  endfacet
  facet normal 3.141234e-02 -9.431567e-01 -3.308607e-01
    outer loop
      vertex   4.284434e+01 2.359915e+01 1.075386e+01
      vertex   4.228494e+01 2.358652e+01 1.073675e+01
      vertex   4.232358e+01 2.370771e+01 1.039497e+01
    endloop
  endfacet
  facet normal 4.633724e-02 -9.355248e-01 -3.502088e-01
    outer loop
      vertex   4.284434e+01 2.359915e+01 1.075386e+01
      vertex   4.232358e+01 2.370771e+01 1.039497e+01
      vertex   4.290119e+01 2.372563e+01 1.042352e+01
    endloop
  endfacet
  facet normal 5.004751e-02 -8.895082e-01 -4.541701e-01
    outer loop
      vertex   4.290119e+01 2.372563e+01 1.042352e+01
      vertex   4.232358e+01 2.370771e+01 1.039497e+01
      vertex   4.236032e+01 2.387433e+01 1.007268e+01
    endloop
  endfacet
  facet normal 6.308958e-02 -8.802260e-01 -4.703423e-01
    outer loop
      vertex   4.290119e+01 2.372563e+01 1.042352e+01
      vertex   4.236032e+01 2.387433e+01 1.007268e+01
      vertex   4.295537e+01 2.389555e+01 1.011279e+01
    endloop
  endfacet
  facet normal 6.755329e-02 -8.199238e-01 -5.684730e-01
    outer loop
      vertex   4.295537e+01 2.389555e+01 1.011279e+01
      vertex   4.236032e+01 2.387433e+01 1.007268e+01
      vertex   4.239453e+01 2.408312e+01 9.775601e+00
    endloop
  endfacet
  facet normal 7.878523e-02 -8.097327e-01 -5.814859e-01
    outer loop
      vertex   4.295537e+01 2.389555e+01 1.011279e+01
      vertex   4.239453e+01 2.408312e+01 9.775601e+00
      vertex   4.300596e+01 2.410571e+01 9.826989e+00
    endloop
  endfacet
  facet normal 8.367479e-02 -7.355686e-01 -6.722629e-01
    outer loop
      vertex   4.300596e+01 2.410571e+01 9.826989e+00
      vertex   4.239453e+01 2.408312e+01 9.775601e+00
      vertex   4.242557e+01 2.433018e+01 9.509144e+00
    endloop
  endfacet
  facet normal 9.315761e-02 -7.251722e-01 -6.822368e-01
    outer loop
      vertex   4.300596e+01 2.410571e+01 9.826989e+00
      vertex   4.242557e+01 2.433018e+01 9.509144e+00
      vertex   4.305207e+01 2.435233e+01 9.571148e+00
    endloop
  endfacet
  facet normal 9.858098e-02 -6.284216e-01 -7.716010e-01
    outer loop
      vertex   4.305207e+01 2.435233e+01 9.571148e+00
      vertex   4.242557e+01 2.433018e+01 9.509144e+00
      vertex   4.245694e+01 2.466044e+01 9.244175e+00
    endloop
  endfacet
  facet normal 1.073831e-01 -6.185806e-01 -7.783488e-01
    outer loop
      vertex   4.305207e+01 2.435233e+01 9.571148e+00
      vertex   4.245694e+01 2.466044e+01 9.244175e+00
      vertex   4.309902e+01 2.468000e+01 9.317212e+00
    endloop
  endfacet
  facet normal 1.128225e-01 -5.022697e-01 -8.573192e-01
    outer loop
      vertex   4.309902e+01 2.468000e+01 9.317212e+00
      vertex   4.245694e+01 2.466044e+01 9.244175e+00
      vertex   4.248146e+01 2.501099e+01 9.042027e+00
    endloop
  endfacet
  facet normal 1.192439e-01 -4.936978e-01 -8.614194e-01
    outer loop
      vertex   4.309902e+01 2.468000e+01 9.317212e+00
      vertex   4.248146e+01 2.501099e+01 9.042027e+00
      vertex   4.313613e+01 2.502633e+01 9.123862e+00
    endloop
  endfacet
  facet normal 1.238421e-01 -3.669615e-01 -9.219557e-01
    outer loop
      vertex   4.313613e+01 2.502633e+01 9.123862e+00
      vertex   4.248146e+01 2.501099e+01 9.042027e+00
      vertex   4.250009e+01 2.538805e+01 8.894450e+00
    endloop
  endfacet
  facet normal 1.283818e-01 -3.602601e-01 -9.239755e-01
    outer loop
      vertex   4.313613e+01 2.502633e+01 9.123862e+00
      vertex   4.250009e+01 2.538805e+01 8.894450e+00
      vertex   4.316487e+01 2.539782e+01 8.983009e+00
    endloop
  endfacet
  facet normal 1.319364e-01 -2.234349e-01 -9.657482e-01
    outer loop
      vertex   4.316487e+01 2.539782e+01 8.983009e+00
      vertex   4.250009e+01 2.538805e+01 8.894450e+00
      vertex   4.251242e+01 2.578320e+01 8.804713e+00
    endloop
  endfacet
  facet normal 1.346962e-01 -2.190509e-01 -9.663714e-01
    outer loop
      vertex   4.316487e+01 2.539782e+01 8.983009e+00
      vertex   4.251242e+01 2.578320e+01 8.804713e+00
      vertex   4.318461e+01 2.578647e+01 8.897665e+00
    endloop
  endfacet
  facet normal 1.369068e-01 -8.222165e-02 -9.871657e-01
    outer loop
      vertex   4.318461e+01 2.578647e+01 8.897665e+00
      vertex   4.251242e+01 2.578320e+01 8.804713e+00
      vertex   4.308500e+01 2.618358e+01 8.850775e+00
    endloop
  endfacet
  facet normal 1.699837e-01 -7.339843e-02 -9.827096e-01
    outer loop
      vertex   4.318461e+01 2.578647e+01 8.897665e+00
      vertex   4.308500e+01 2.618358e+01 8.850775e+00
      vertex   4.372295e+01 2.593291e+01 8.979847e+00
    endloop
  endfacet
  facet normal 1.810630e-01 -4.506222e-02 -9.824386e-01
    outer loop
      vertex   4.372295e+01 2.593291e+01 8.979847e+00
      vertex   4.308500e+01 2.618358e+01 8.850775e+00
      vertex   4.372295e+01 2.617492e+01 8.968746e+00
    endloop
  endfacet
  facet normal 8.207611e-03 -9.980520e-01 -6.184567e-02
    outer loop
      vertex   4.225292e+01 2.352318e+01 1.102202e+01
      vertex   4.115340e+01 2.351219e+01 1.105343e+01
      vertex   4.170527e+01 2.351898e+01 1.101711e+01
    endloop
  endfacet
  facet normal 5.607816e-04 -9.844789e-01 -1.755019e-01
    outer loop
      vertex   4.170527e+01 2.351898e+01 1.101711e+01
      vertex   4.115340e+01 2.351219e+01 1.105343e+01
      vertex   4.115340e+01 2.355769e+01 1.079822e+01
    endloop
  endfacet
  facet normal 1.113874e-02 -9.794693e-01 -2.012852e-01
    outer loop
      vertex   4.170527e+01 2.351898e+01 1.101711e+01
      vertex   4.115340e+01 2.355769e+01 1.079822e+01
      vertex   4.172149e+01 2.357887e+01 1.072658e+01
    endloop
  endfacet
  facet normal 1.977556e-03 -9.631105e-01 -2.690990e-01
    outer loop
      vertex   4.172149e+01 2.357887e+01 1.072658e+01
      vertex   4.115340e+01 2.355769e+01 1.079822e+01
      vertex   4.115340e+01 2.362744e+01 1.054856e+01
    endloop
  endfacet
  facet normal 1.911551e-02 -9.473936e-01 -3.194995e-01
    outer loop
      vertex   4.172149e+01 2.357887e+01 1.072658e+01
      vertex   4.115340e+01 2.362744e+01 1.054856e+01
      vertex   4.174105e+01 2.369683e+01 1.037797e+01
    endloop
  endfacet
  facet normal 5.546186e-03 -9.328147e-01 -3.603137e-01
    outer loop
      vertex   4.174105e+01 2.369683e+01 1.037797e+01
      vertex   4.115340e+01 2.362744e+01 1.054856e+01
      vertex   4.115340e+01 2.372105e+01 1.030621e+01
    endloop
  endfacet
  facet normal 1.762570e-02 -8.946796e-01 -4.463605e-01
    outer loop
      vertex   4.174105e+01 2.369683e+01 1.037797e+01
      vertex   4.115340e+01 2.372105e+01 1.030621e+01
      vertex   4.175963e+01 2.386143e+01 1.004877e+01
    endloop
  endfacet
  facet normal 1.660272e-02 -8.937482e-01 -4.482616e-01
    outer loop
      vertex   4.175963e+01 2.386143e+01 1.004877e+01
      vertex   4.115340e+01 2.372105e+01 1.030621e+01
      vertex   4.115340e+01 2.383757e+01 1.007391e+01
    endloop
  endfacet
  facet normal 1.127326e-02 -8.466359e-01 -5.320532e-01
    outer loop
      vertex   4.175963e+01 2.386143e+01 1.004877e+01
      vertex   4.115340e+01 2.383757e+01 1.007391e+01
      vertex   4.115340e+01 2.397551e+01 9.854401e+00
    endloop
  endfacet
  facet normal 2.534698e-02 -8.256408e-01 -5.636265e-01
    outer loop
      vertex   4.175963e+01 2.386143e+01 1.004877e+01
      vertex   4.115340e+01 2.397551e+01 9.854401e+00
      vertex   4.177689e+01 2.406938e+01 9.744931e+00
    endloop
  endfacet
  facet normal 1.195812e-02 -7.917064e-01 -6.107848e-01
    outer loop
      vertex   4.177689e+01 2.406938e+01 9.744931e+00
      vertex   4.115340e+01 2.397551e+01 9.854401e+00
      vertex   4.115340e+01 2.413384e+01 9.649170e+00
    endloop
  endfacet
  facet normal 2.634263e-02 -7.413821e-01 -6.705660e-01
    outer loop
      vertex   4.177689e+01 2.406938e+01 9.744931e+00
      vertex   4.115340e+01 2.413384e+01 9.649170e+00
      vertex   4.179252e+01 2.431669e+01 9.472120e+00
    endloop
  endfacet
  facet normal 1.920677e-02 -7.293366e-01 -6.838854e-01
    outer loop
      vertex   4.179252e+01 2.431669e+01 9.472120e+00
      vertex   4.115340e+01 2.413384e+01 9.649170e+00
      vertex   4.115340e+01 2.431152e+01 9.459686e+00
    endloop
  endfacet
  facet normal 1.994952e-02 -6.602080e-01 -7.508178e-01
    outer loop
      vertex   4.179252e+01 2.431669e+01 9.472120e+00
      vertex   4.115340e+01 2.431152e+01 9.459686e+00
      vertex   4.115340e+01 2.450671e+01 9.288048e+00
    endloop
  endfacet
  facet normal 3.404474e-02 -6.339353e-01 -7.726364e-01
    outer loop
      vertex   4.179252e+01 2.431669e+01 9.472120e+00
      vertex   4.115340e+01 2.450671e+01 9.288048e+00
      vertex   4.180826e+01 2.464851e+01 9.200556e+00
    endloop
  endfacet
  facet normal 1.836740e-02 -5.850676e-01 -8.107765e-01
    outer loop
      vertex   4.180826e+01 2.464851e+01 9.200556e+00
      vertex   4.115340e+01 2.450671e+01 9.288048e+00
      vertex   4.115340e+01 2.471696e+01 9.136332e+00
    endloop
  endfacet
  facet normal 3.149152e-02 -5.069807e-01 -8.613820e-01
    outer loop
      vertex   4.180826e+01 2.464851e+01 9.200556e+00
      vertex   4.115340e+01 2.471696e+01 9.136332e+00
      vertex   4.182049e+01 2.500163e+01 8.993169e+00
    endloop
  endfacet
  facet normal 3.009725e-02 -5.044771e-01 -8.629004e-01
    outer loop
      vertex   4.182049e+01 2.500163e+01 8.993169e+00
      vertex   4.115340e+01 2.471696e+01 9.136332e+00
      vertex   4.115340e+01 2.494072e+01 9.005514e+00
    endloop
  endfacet
  facet normal 2.150384e-02 -4.194170e-01 -9.075389e-01
    outer loop
      vertex   4.182049e+01 2.500163e+01 8.993169e+00
      vertex   4.115340e+01 2.494072e+01 9.005514e+00
      vertex   4.115340e+01 2.517647e+01 8.896561e+00
    endloop
  endfacet
  facet normal 3.727210e-02 -3.705869e-01 -9.280496e-01
    outer loop
      vertex   4.182049e+01 2.500163e+01 8.993169e+00
      vertex   4.115340e+01 2.517647e+01 8.896561e+00
      vertex   4.182969e+01 2.538209e+01 8.841617e+00
    endloop
  endfacet
  facet normal 2.373379e-02 -3.302148e-01 -9.436074e-01
    outer loop
      vertex   4.182969e+01 2.538209e+01 8.841617e+00
      vertex   4.115340e+01 2.517647e+01 8.896561e+00
      vertex   4.115340e+01 2.542186e+01 8.810687e+00
    endloop
  endfacet
  facet normal 3.040082e-02 -2.379967e-01 -9.707901e-01
    outer loop
      vertex   4.182969e+01 2.538209e+01 8.841617e+00
      vertex   4.115340e+01 2.542186e+01 8.810687e+00
      vertex   4.115340e+01 2.567377e+01 8.748930e+00
    endloop
  endfacet
  facet normal 3.609850e-02 -2.256592e-01 -9.735373e-01
    outer loop
      vertex   4.182969e+01 2.538209e+01 8.841617e+00
      vertex   4.115340e+01 2.567377e+01 8.748930e+00
      vertex   4.183564e+01 2.578119e+01 8.749327e+00
    endloop
  endfacet
  facet normal 2.321664e-02 -1.437900e-01 -9.893358e-01
    outer loop
      vertex   4.183564e+01 2.578119e+01 8.749327e+00
      vertex   4.115340e+01 2.567377e+01 8.748930e+00
      vertex   4.115340e+01 2.593040e+01 8.711632e+00
    endloop
  endfacet
  facet normal 3.801642e-02 -7.786091e-02 -9.962391e-01
    outer loop
      vertex   4.183564e+01 2.578119e+01 8.749327e+00
      vertex   4.115340e+01 2.593040e+01 8.711632e+00
      vertex   4.180115e+01 2.618954e+01 8.716096e+00
    endloop
  endfacet
  facet normal 2.612932e-02 -4.810959e-02 -9.985002e-01
    outer loop
      vertex   4.180115e+01 2.618954e+01 8.716096e+00
      vertex   4.115340e+01 2.593040e+01 8.711632e+00
      vertex   4.115340e+01 2.618997e+01 8.699125e+00
    endloop
  endfacet
  facet normal 7.790417e-02 -7.432464e-02 -9.941865e-01
    outer loop
      vertex   4.180115e+01 2.618954e+01 8.716096e+00
      vertex   4.244467e+01 2.618775e+01 8.766657e+00
      vertex   4.183564e+01 2.578119e+01 8.749327e+00
    endloop
  endfacet
  facet normal 8.153936e-02 -7.980076e-02 -9.934703e-01
    outer loop
      vertex   4.183564e+01 2.578119e+01 8.749327e+00
      vertex   4.244467e+01 2.618775e+01 8.766657e+00
      vertex   4.251242e+01 2.578320e+01 8.804713e+00
    endloop
  endfacet
  facet normal 8.016561e-02 -2.231238e-01 -9.714882e-01
    outer loop
      vertex   4.183564e+01 2.578119e+01 8.749327e+00
      vertex   4.251242e+01 2.578320e+01 8.804713e+00
      vertex   4.250009e+01 2.538805e+01 8.894450e+00
    endloop
  endfacet
  facet normal 1.294585e-01 -7.135711e-02 -9.890140e-01
    outer loop
      vertex   4.244467e+01 2.618775e+01 8.766657e+00
      vertex   4.308500e+01 2.618358e+01 8.850775e+00
      vertex   4.251242e+01 2.578320e+01 8.804713e+00
    endloop
  endfacet
  facet normal 1.851933e-01 -1.345055e-01 -9.734535e-01
    outer loop
      vertex   4.372295e+01 2.593291e+01 8.979847e+00
      vertex   4.372295e+01 2.569353e+01 9.012923e+00
      vertex   4.318461e+01 2.578647e+01 8.897665e+00
    endloop
  endfacet
  facet normal 1.678526e-01 -2.195666e-01 -9.610494e-01
    outer loop
      vertex   4.318461e+01 2.578647e+01 8.897665e+00
      vertex   4.372295e+01 2.569353e+01 9.012923e+00
      vertex   4.316487e+01 2.539782e+01 8.983009e+00
    endloop
  endfacet
  facet normal 1.696995e-01 -2.231690e-01 -9.598946e-01
    outer loop
      vertex   4.372295e+01 2.569353e+01 9.012923e+00
      vertex   4.372295e+01 2.545819e+01 9.067637e+00
      vertex   4.316487e+01 2.539782e+01 8.983009e+00
    endloop
  endfacet
  facet normal 1.751832e-01 -3.091014e-01 -9.347551e-01
    outer loop
      vertex   4.316487e+01 2.539782e+01 8.983009e+00
      vertex   4.372295e+01 2.545819e+01 9.067637e+00
      vertex   4.372295e+01 2.522832e+01 9.143651e+00
    endloop
  endfacet
  facet normal 1.551713e-01 -3.607044e-01 -9.196816e-01
    outer loop
      vertex   4.316487e+01 2.539782e+01 8.983009e+00
      vertex   4.372295e+01 2.522832e+01 9.143651e+00
      vertex   4.313613e+01 2.502633e+01 9.123862e+00
    endloop
  endfacet
  facet normal 1.658264e-01 -3.931575e-01 -9.043942e-01
    outer loop
      vertex   4.313613e+01 2.502633e+01 9.123862e+00
      vertex   4.372295e+01 2.522832e+01 9.143651e+00
      vertex   4.372295e+01 2.500592e+01 9.240331e+00
    endloop
  endfacet
  facet normal 1.555488e-01 -4.738620e-01 -8.667522e-01
    outer loop
      vertex   4.313613e+01 2.502633e+01 9.123862e+00
      vertex   4.372295e+01 2.500592e+01 9.240331e+00
      vertex   4.372295e+01 2.479372e+01 9.356346e+00
    endloop
  endfacet
  facet normal 1.438300e-01 -4.941022e-01 -8.574240e-01
    outer loop
      vertex   4.313613e+01 2.502633e+01 9.123862e+00
      vertex   4.372295e+01 2.479372e+01 9.356346e+00
      vertex   4.309902e+01 2.468000e+01 9.317212e+00
    endloop
  endfacet
  facet normal 1.517278e-01 -5.498453e-01 -8.213701e-01
    outer loop
      vertex   4.309902e+01 2.468000e+01 9.317212e+00
      vertex   4.372295e+01 2.479372e+01 9.356346e+00
      vertex   4.372295e+01 2.459287e+01 9.490798e+00
    endloop
  endfacet
  facet normal 1.291168e-01 -6.189199e-01 -7.747690e-01
    outer loop
      vertex   4.309902e+01 2.468000e+01 9.317212e+00
      vertex   4.372295e+01 2.459287e+01 9.490798e+00
      vertex   4.305207e+01 2.435233e+01 9.571148e+00
    endloop
  endfacet
  facet normal 1.348534e-01 -6.312455e-01 -7.637694e-01
    outer loop
      vertex   4.305207e+01 2.435233e+01 9.571148e+00
      vertex   4.372295e+01 2.459287e+01 9.490798e+00
      vertex   4.367106e+01 2.438012e+01 9.657469e+00
    endloop
  endfacet
  facet normal 1.305403e-01 -6.869130e-01 -7.149194e-01
    outer loop
      vertex   4.305207e+01 2.435233e+01 9.571148e+00
      vertex   4.367106e+01 2.438012e+01 9.657469e+00
      vertex   4.372295e+01 2.422983e+01 9.811344e+00
    endloop
  endfacet
  facet normal 1.218768e-01 -6.892082e-01 -7.142396e-01
    outer loop
      vertex   4.372295e+01 2.422983e+01 9.811344e+00
      vertex   4.367106e+01 2.438012e+01 9.657469e+00
      vertex   4.372295e+01 2.440449e+01 9.642811e+00
    endloop
  endfacet
  facet normal 7.484159e-02 -6.262236e-01 -7.760430e-01
    outer loop
      vertex   4.372295e+01 2.440449e+01 9.642811e+00
      vertex   4.367106e+01 2.438012e+01 9.657469e+00
      vertex   4.372295e+01 2.459287e+01 9.490798e+00
    endloop
  endfacet
  facet normal 1.300817e-01 -7.485116e-01 -6.502378e-01
    outer loop
      vertex   4.372295e+01 2.407092e+01 9.994273e+00
      vertex   4.361028e+01 2.413445e+01 9.898607e+00
      vertex   4.372295e+01 2.422983e+01 9.811344e+00
    endloop
  endfacet
  facet normal 1.137158e-01 -7.403885e-01 -6.624904e-01
    outer loop
      vertex   4.372295e+01 2.422983e+01 9.811344e+00
      vertex   4.361028e+01 2.413445e+01 9.898607e+00
      vertex   4.300596e+01 2.410571e+01 9.826989e+00
    endloop
  endfacet
  facet normal 1.107602e-01 -7.254364e-01 -6.793189e-01
    outer loop
      vertex   4.372295e+01 2.422983e+01 9.811344e+00
      vertex   4.300596e+01 2.410571e+01 9.826989e+00
      vertex   4.305207e+01 2.435233e+01 9.571148e+00
    endloop
  endfacet
  facet normal 6.649440e-02 -7.933523e-01 -6.051203e-01
    outer loop
      vertex   4.361028e+01 2.413445e+01 9.898607e+00
      vertex   4.372295e+01 2.407092e+01 9.994273e+00
      vertex   4.354397e+01 2.392281e+01 1.016879e+01
    endloop
  endfacet
  facet normal 1.499888e-01 -8.243738e-01 -5.458124e-01
    outer loop
      vertex   4.354397e+01 2.392281e+01 1.016879e+01
      vertex   4.372295e+01 2.407092e+01 9.994273e+00
      vertex   4.372295e+01 2.380363e+01 1.039798e+01
    endloop
  endfacet
  facet normal 5.965895e-02 -8.658036e-01 -4.968148e-01
    outer loop
      vertex   4.354397e+01 2.392281e+01 1.016879e+01
      vertex   4.372295e+01 2.380363e+01 1.039798e+01
      vertex   4.347323e+01 2.374884e+01 1.046348e+01
    endloop
  endfacet
  facet normal 9.514063e-02 -9.116253e-01 -3.998595e-01
    outer loop
      vertex   4.347323e+01 2.374884e+01 1.046348e+01
      vertex   4.372295e+01 2.380363e+01 1.039798e+01
      vertex   4.372295e+01 2.360885e+01 1.084204e+01
    endloop
  endfacet
  facet normal 5.569395e-02 -9.239650e-01 -3.784005e-01
    outer loop
      vertex   4.347323e+01 2.374884e+01 1.046348e+01
      vertex   4.372295e+01 2.360885e+01 1.084204e+01
      vertex   4.339921e+01 2.361561e+01 1.077790e+01
    endloop
  endfacet
  facet normal 3.355310e-02 -9.620897e-01 -2.706614e-01
    outer loop
      vertex   4.339921e+01 2.361561e+01 1.077790e+01
      vertex   4.372295e+01 2.360885e+01 1.084204e+01
      vertex   4.333802e+01 2.353919e+01 1.104194e+01
    endloop
  endfacet
  facet normal 4.019667e-02 -9.622536e-01 -2.691694e-01
    outer loop
      vertex   4.339921e+01 2.361561e+01 1.077790e+01
      vertex   4.333802e+01 2.353919e+01 1.104194e+01
      vertex   4.284434e+01 2.359915e+01 1.075386e+01
    endloop
  endfacet
  facet normal 2.144619e-02 -9.708266e-01 -2.388215e-01
    outer loop
      vertex   4.284434e+01 2.359915e+01 1.075386e+01
      vertex   4.333802e+01 2.353919e+01 1.104194e+01
      vertex   4.279728e+01 2.353011e+01 1.103029e+01
    endloop
  endfacet
  facet normal 4.966934e-02 -9.689955e-01 -2.420344e-01
    outer loop
      vertex   4.372295e+01 2.360885e+01 1.084204e+01
      vertex   4.372295e+01 2.349136e+01 1.131244e+01
      vertex   4.333802e+01 2.353919e+01 1.104194e+01
    endloop
  endfacet
  facet normal -2.723146e-15 -9.847224e-01 -1.741315e-01
    outer loop
      vertex   4.333802e+01 2.353919e+01 1.104194e+01
      vertex   4.372295e+01 2.349136e+01 1.131244e+01
      vertex   4.243818e+01 2.349136e+01 1.131244e+01
    endloop
  endfacet
  facet normal 1.909603e-02 -9.935068e-01 -1.121585e-01
    outer loop
      vertex   4.333802e+01 2.353919e+01 1.104194e+01
      vertex   4.243818e+01 2.349136e+01 1.131244e+01
      vertex   4.279728e+01 2.353011e+01 1.103029e+01
    endloop
  endfacet
  facet normal 7.853352e-02 -2.257108e-01 -9.710238e-01
    outer loop
      vertex   4.183564e+01 2.578119e+01 8.749327e+00
      vertex   4.250009e+01 2.538805e+01 8.894450e+00
      vertex   4.182969e+01 2.538209e+01 8.841617e+00
    endloop
  endfacet
  facet normal 7.633598e-02 -3.666719e-01 -9.272133e-01
    outer loop
      vertex   4.182969e+01 2.538209e+01 8.841617e+00
      vertex   4.250009e+01 2.538805e+01 8.894450e+00
      vertex   4.248146e+01 2.501099e+01 9.042027e+00
    endloop
  endfacet
  facet normal 7.368687e-02 -3.705972e-01 -9.258661e-01
    outer loop
      vertex   4.182969e+01 2.538209e+01 8.841617e+00
      vertex   4.248146e+01 2.501099e+01 9.042027e+00
      vertex   4.182049e+01 2.500163e+01 8.993169e+00
    endloop
  endfacet
  facet normal 7.082360e-02 -5.020068e-01 -8.619589e-01
    outer loop
      vertex   4.182049e+01 2.500163e+01 8.993169e+00
      vertex   4.248146e+01 2.501099e+01 9.042027e+00
      vertex   4.245694e+01 2.466044e+01 9.244175e+00
    endloop
  endfacet
  facet normal 6.710485e-02 -5.070066e-01 -8.593260e-01
    outer loop
      vertex   4.182049e+01 2.500163e+01 8.993169e+00
      vertex   4.245694e+01 2.466044e+01 9.244175e+00
      vertex   4.180826e+01 2.464851e+01 9.200556e+00
    endloop
  endfacet
  facet normal 6.369240e-02 -6.281928e-01 -7.754464e-01
    outer loop
      vertex   4.180826e+01 2.464851e+01 9.200556e+00
      vertex   4.245694e+01 2.466044e+01 9.244175e+00
      vertex   4.242557e+01 2.433018e+01 9.509144e+00
    endloop
  endfacet
  facet normal 5.861216e-02 -6.339105e-01 -7.711822e-01
    outer loop
      vertex   4.180826e+01 2.464851e+01 9.200556e+00
      vertex   4.242557e+01 2.433018e+01 9.509144e+00
      vertex   4.179252e+01 2.431669e+01 9.472120e+00
    endloop
  endfacet
  facet normal 5.517284e-02 -7.353786e-01 -6.754067e-01
    outer loop
      vertex   4.179252e+01 2.431669e+01 9.472120e+00
      vertex   4.242557e+01 2.433018e+01 9.509144e+00
      vertex   4.239453e+01 2.408312e+01 9.775601e+00
    endloop
  endfacet
  facet normal 4.972827e-02 -7.413881e-01 -6.692315e-01
    outer loop
      vertex   4.179252e+01 2.431669e+01 9.472120e+00
      vertex   4.239453e+01 2.408312e+01 9.775601e+00
      vertex   4.177689e+01 2.406938e+01 9.744931e+00
    endloop
  endfacet
  facet normal 4.658398e-02 -8.197774e-01 -5.707845e-01
    outer loop
      vertex   4.177689e+01 2.406938e+01 9.744931e+00
      vertex   4.239453e+01 2.408312e+01 9.775601e+00
      vertex   4.236032e+01 2.387433e+01 1.007268e+01
    endloop
  endfacet
  facet normal 4.013026e-02 -8.256318e-01 -5.627803e-01
    outer loop
      vertex   4.177689e+01 2.406938e+01 9.744931e+00
      vertex   4.236032e+01 2.387433e+01 1.007268e+01
      vertex   4.175963e+01 2.386143e+01 1.004877e+01
    endloop
  endfacet
  facet normal 3.723195e-02 -8.894144e-01 -4.555829e-01
    outer loop
      vertex   4.175963e+01 2.386143e+01 1.004877e+01
      vertex   4.236032e+01 2.387433e+01 1.007268e+01
      vertex   4.232358e+01 2.370771e+01 1.039497e+01
    endloop
  endfacet
  facet normal 2.971682e-02 -8.946959e-01 -4.456862e-01
    outer loop
      vertex   4.175963e+01 2.386143e+01 1.004877e+01
      vertex   4.232358e+01 2.370771e+01 1.039497e+01
      vertex   4.174105e+01 2.369683e+01 1.037797e+01
    endloop
  endfacet
  facet normal 2.728379e-02 -9.431252e-01 -3.313162e-01
    outer loop
      vertex   4.174105e+01 2.369683e+01 1.037797e+01
      vertex   4.232358e+01 2.370771e+01 1.039497e+01
      vertex   4.228494e+01 2.358652e+01 1.073675e+01
    endloop
  endfacet
  facet normal 1.864068e-02 -9.473941e-01 -3.195262e-01
    outer loop
      vertex   4.174105e+01 2.369683e+01 1.037797e+01
      vertex   4.228494e+01 2.358652e+01 1.073675e+01
      vertex   4.172149e+01 2.357887e+01 1.072658e+01
    endloop
  endfacet
  facet normal 1.714758e-02 -9.764827e-01 -2.149129e-01
    outer loop
      vertex   4.172149e+01 2.357887e+01 1.072658e+01
      vertex   4.228494e+01 2.358652e+01 1.073675e+01
      vertex   4.225292e+01 2.352318e+01 1.102202e+01
    endloop
  endfacet
  facet normal 9.315137e-03 -9.794675e-01 -2.013866e-01
    outer loop
      vertex   4.172149e+01 2.357887e+01 1.072658e+01
      vertex   4.225292e+01 2.352318e+01 1.102202e+01
      vertex   4.170527e+01 2.351898e+01 1.101711e+01
    endloop
  endfacet
  facet normal 1.084929e-01 -7.953429e-01 -5.963715e-01
    outer loop
      vertex   4.361028e+01 2.413445e+01 9.898607e+00
      vertex   4.354397e+01 2.392281e+01 1.016879e+01
      vertex   4.300596e+01 2.410571e+01 9.826989e+00
    endloop
  endfacet
  facet normal 9.261325e-02 -8.099231e-01 -5.791782e-01
    outer loop
      vertex   4.300596e+01 2.410571e+01 9.826989e+00
      vertex   4.354397e+01 2.392281e+01 1.016879e+01
      vertex   4.295537e+01 2.389555e+01 1.011279e+01
    endloop
  endfacet
  facet normal 4.293757e-02 -9.354750e-01 -3.507748e-01
    outer loop
      vertex   4.339921e+01 2.361561e+01 1.077790e+01
      vertex   4.284434e+01 2.359915e+01 1.075386e+01
      vertex   4.290119e+01 2.372563e+01 1.042352e+01
    endloop
  endfacet
  facet normal 8.685397e-02 -8.668673e-01 -4.909148e-01
    outer loop
      vertex   4.354397e+01 2.392281e+01 1.016879e+01
      vertex   4.347323e+01 2.374884e+01 1.046348e+01
      vertex   4.295537e+01 2.389555e+01 1.011279e+01
    endloop
  endfacet
  facet normal 6.850494e-02 -8.803028e-01 -4.694401e-01
    outer loop
      vertex   4.295537e+01 2.389555e+01 1.011279e+01
      vertex   4.347323e+01 2.374884e+01 1.046348e+01
      vertex   4.290119e+01 2.372563e+01 1.042352e+01
    endloop
  endfacet
  facet normal 6.379841e-02 -9.241827e-01 -3.765848e-01
    outer loop
      vertex   4.347323e+01 2.374884e+01 1.046348e+01
      vertex   4.339921e+01 2.361561e+01 1.077790e+01
      vertex   4.290119e+01 2.372563e+01 1.042352e+01
    endloop
  endfacet
  facet normal -2.296481e-05 -1.143882e-01 9.934361e-01
    outer loop
      vertex   4.115340e+01 2.611312e+01 1.401130e+01
      vertex   4.115340e+01 2.565417e+01 1.395846e+01
      vertex   4.372295e+01 2.611243e+01 1.401128e+01
    endloop
  endfacet
  facet normal 2.041317e-05 -1.146282e-01 9.934085e-01
    outer loop
      vertex   4.372295e+01 2.611243e+01 1.401128e+01
      vertex   4.115340e+01 2.565417e+01 1.395846e+01
      vertex   4.372295e+01 2.565357e+01 1.395834e+01
    endloop
  endfacet
  facet normal -2.041655e-05 -2.820706e-01 9.593936e-01
    outer loop
      vertex   4.372295e+01 2.565357e+01 1.395834e+01
      vertex   4.115340e+01 2.565417e+01 1.395846e+01
      vertex   4.115340e+01 2.521095e+01 1.382815e+01
    endloop
  endfacet
  facet normal 1.786448e-05 -2.822752e-01 9.593335e-01
    outer loop
      vertex   4.372295e+01 2.565357e+01 1.395834e+01
      vertex   4.115340e+01 2.521095e+01 1.382815e+01
      vertex   4.372295e+01 2.521045e+01 1.382795e+01
    endloop
  endfacet
  facet normal -1.786744e-05 -4.414951e-01 8.972636e-01
    outer loop
      vertex   4.372295e+01 2.521045e+01 1.382795e+01
      vertex   4.115340e+01 2.521095e+01 1.382815e+01
      vertex   4.115340e+01 2.479643e+01 1.362419e+01
    endloop
  endfacet
  facet normal 1.531495e-05 -4.416609e-01 8.971820e-01
    outer loop
      vertex   4.372295e+01 2.521045e+01 1.382795e+01
      vertex   4.115340e+01 2.479643e+01 1.362419e+01
      vertex   4.372295e+01 2.479604e+01 1.362395e+01
    endloop
  endfacet
  facet normal -1.531749e-05 -5.879943e-01 8.088651e-01
    outer loop
      vertex   4.372295e+01 2.479604e+01 1.362395e+01
      vertex   4.115340e+01 2.479643e+01 1.362419e+01
      vertex   4.115340e+01 2.442276e+01 1.335254e+01
    endloop
  endfacet
  facet normal 1.276457e-05 -5.881208e-01 8.087731e-01
    outer loop
      vertex   4.372295e+01 2.479604e+01 1.362395e+01
      vertex   4.115340e+01 2.442276e+01 1.335254e+01
      vertex   4.372295e+01 2.442247e+01 1.335229e+01
    endloop
  endfacet
  facet normal -1.276669e-05 -7.172791e-01 6.967859e-01
    outer loop
      vertex   4.372295e+01 2.442247e+01 1.335229e+01
      vertex   4.115340e+01 2.442276e+01 1.335254e+01
      vertex   4.115340e+01 2.410086e+01 1.302118e+01
    endloop
  endfacet
  facet normal 1.021335e-05 -7.173683e-01 6.966942e-01
    outer loop
      vertex   4.372295e+01 2.442247e+01 1.335229e+01
      vertex   4.115340e+01 2.410086e+01 1.302118e+01
      vertex   4.372295e+01 2.410066e+01 1.302094e+01
    endloop
  endfacet
  facet normal -1.021504e-05 -8.255647e-01 5.643075e-01
    outer loop
      vertex   4.372295e+01 2.410066e+01 1.302094e+01
      vertex   4.115340e+01 2.410086e+01 1.302118e+01
      vertex   4.115340e+01 2.384016e+01 1.263978e+01
    endloop
  endfacet
  facet normal 7.661282e-06 -8.256208e-01 5.642253e-01
    outer loop
      vertex   4.372295e+01 2.410066e+01 1.302094e+01
      vertex   4.115340e+01 2.384016e+01 1.263978e+01
      vertex   4.372295e+01 2.384004e+01 1.263958e+01
    endloop
  endfacet
  facet normal -7.662551e-06 -9.096808e-01 4.153082e-01
    outer loop
      vertex   4.372295e+01 2.384004e+01 1.263958e+01
      vertex   4.115340e+01 2.384016e+01 1.263978e+01
      vertex   4.115340e+01 2.364829e+01 1.221953e+01
    endloop
  endfacet
  facet normal 5.108368e-06 -9.097103e-01 4.152435e-01
    outer loop
      vertex   4.372295e+01 2.384004e+01 1.263958e+01
      vertex   4.115340e+01 2.364829e+01 1.221953e+01
      vertex   4.372295e+01 2.364824e+01 1.221939e+01
    endloop
  endfacet
  facet normal -5.109214e-06 -9.671648e-01 2.541502e-01
    outer loop
      vertex   4.372295e+01 2.364824e+01 1.221939e+01
      vertex   4.115340e+01 2.364829e+01 1.221953e+01
      vertex   4.115340e+01 2.353088e+01 1.177272e+01
    endloop
  endfacet
  facet normal 2.554607e-06 -9.671756e-01 2.541089e-01
    outer loop
      vertex   4.372295e+01 2.364824e+01 1.221939e+01
      vertex   4.115340e+01 2.353088e+01 1.177272e+01
      vertex   4.372295e+01 2.353087e+01 1.177265e+01
    endloop
  endfacet
  facet normal -2.555030e-06 -9.963337e-01 8.555160e-02
    outer loop
      vertex   4.372295e+01 2.353087e+01 1.177265e+01
      vertex   4.115340e+01 2.353088e+01 1.177272e+01
      vertex   4.115340e+01 2.349136e+01 1.131244e+01
    endloop
  endfacet
  facet normal 0.000000e+00 -9.963350e-01 8.553744e-02
    outer loop
      vertex   4.372295e+01 2.353087e+01 1.177265e+01
      vertex   4.115340e+01 2.349136e+01 1.131244e+01
      vertex   4.243818e+01 2.349136e+01 1.131244e+01
    endloop
  endfacet
  facet normal -2.755102e-15 -9.963350e-01 8.553744e-02
    outer loop
      vertex   4.243818e+01 2.349136e+01 1.131244e+01
      vertex   4.372295e+01 2.349136e+01 1.131244e+01
      vertex   4.372295e+01 2.353087e+01 1.177265e+01
    endloop
  endfacet
  facet normal -1.000000e+00 5.605531e-14 2.714523e-14
    outer loop
      vertex   4.115340e+01 2.593040e+01 8.711632e+00
      vertex   4.115340e+01 2.612420e+01 9.881960e+00
      vertex   4.115340e+01 2.618997e+01 8.699125e+00
    endloop
  endfacet
  facet normal -1.000000e+00 2.724426e-15 2.417995e-14
    outer loop
      vertex   4.115340e+01 2.618997e+01 8.699125e+00
      vertex   4.115340e+01 2.612420e+01 9.881960e+00
      vertex   4.115340e+01 2.649136e+01 9.840591e+00
    endloop
  endfacet
  facet normal -1.000000e+00 -2.891501e-15 2.566278e-14
    outer loop
      vertex   4.115340e+01 2.618997e+01 8.699125e+00
      vertex   4.115340e+01 2.649136e+01 9.840591e+00
      vertex   4.115340e+01 2.685852e+01 9.881960e+00
    endloop
  endfacet
  facet normal -1.000000e+00 5.169993e-15 3.557173e-14
    outer loop
      vertex   4.115340e+01 2.593040e+01 8.711632e+00
      vertex   4.115340e+01 2.567377e+01 8.748930e+00
      vertex   4.115340e+01 2.612420e+01 9.881960e+00
    endloop
  endfacet
  facet normal -1.000000e+00 1.155841e-14 3.303205e-14
    outer loop
      vertex   4.115340e+01 2.612420e+01 9.881960e+00
      vertex   4.115340e+01 2.567377e+01 8.748930e+00
      vertex   4.115340e+01 2.577545e+01 1.000399e+01
    endloop
  endfacet
  facet normal -1.000000e+00 8.165454e-15 3.330693e-14
    outer loop
      vertex   4.115340e+01 2.577545e+01 1.000399e+01
      vertex   4.115340e+01 2.567377e+01 8.748930e+00
      vertex   4.115340e+01 2.542186e+01 8.810687e+00
    endloop
  endfacet
  facet normal -1.000000e+00 -1.490761e-14 4.014374e-14
    outer loop
      vertex   4.115340e+01 2.577545e+01 1.000399e+01
      vertex   4.115340e+01 2.542186e+01 8.810687e+00
      vertex   4.115340e+01 2.517647e+01 8.896561e+00
    endloop
  endfacet
  facet normal -1.000000e+00 1.504466e-14 2.394343e-14
    outer loop
      vertex   4.115340e+01 2.577545e+01 1.000399e+01
      vertex   4.115340e+01 2.517647e+01 8.896561e+00
      vertex   4.115340e+01 2.546260e+01 1.020057e+01
    endloop
  endfacet
  facet normal -1.000000e+00 3.879594e-14 1.873189e-14
    outer loop
      vertex   4.115340e+01 2.546260e+01 1.020057e+01
      vertex   4.115340e+01 2.517647e+01 8.896561e+00
      vertex   4.115340e+01 2.494072e+01 9.005514e+00
    endloop
  endfacet
  facet normal -1.000000e+00 -8.681727e-15 3.946546e-14
    outer loop
      vertex   4.115340e+01 2.546260e+01 1.020057e+01
      vertex   4.115340e+01 2.494072e+01 9.005514e+00
      vertex   4.115340e+01 2.471696e+01 9.136332e+00
    endloop
  endfacet
  facet normal -1.000000e+00 5.161328e-14 -2.779470e-15
    outer loop
      vertex   4.115340e+01 2.546260e+01 1.020057e+01
      vertex   4.115340e+01 2.471696e+01 9.136332e+00
      vertex   4.115340e+01 2.520134e+01 1.046183e+01
    endloop
  endfacet
  facet normal -1.000000e+00 9.183157e-15 1.272586e-14
    outer loop
      vertex   4.115340e+01 2.520134e+01 1.046183e+01
      vertex   4.115340e+01 2.471696e+01 9.136332e+00
      vertex   4.115340e+01 2.450671e+01 9.288048e+00
    endloop
  endfacet
  facet normal -1.000000e+00 1.050319e-14 1.194469e-14
    outer loop
      vertex   4.115340e+01 2.520134e+01 1.046183e+01
      vertex   4.115340e+01 2.450671e+01 9.288048e+00
      vertex   4.115340e+01 2.431152e+01 9.459686e+00
    endloop
  endfacet
  facet normal -1.000000e+00 1.165133e-14 1.092524e-14
    outer loop
      vertex   4.115340e+01 2.431152e+01 9.459686e+00
      vertex   4.115340e+01 2.413384e+01 9.649170e+00
      vertex   4.115340e+01 2.520134e+01 1.046183e+01
    endloop
  endfacet
  facet normal -1.000000e+00 1.350734e-14 8.487224e-15
    outer loop
      vertex   4.115340e+01 2.520134e+01 1.046183e+01
      vertex   4.115340e+01 2.413384e+01 9.649170e+00
      vertex   4.115340e+01 2.500476e+01 1.077468e+01
    endloop
  endfacet
  facet normal -1.000000e+00 1.225617e-14 9.455376e-15
    outer loop
      vertex   4.115340e+01 2.500476e+01 1.077468e+01
      vertex   4.115340e+01 2.413384e+01 9.649170e+00
      vertex   4.115340e+01 2.397551e+01 9.854401e+00
    endloop
  endfacet
  facet normal -1.000000e+00 1.325981e-14 8.332893e-15
    outer loop
      vertex   4.115340e+01 2.500476e+01 1.077468e+01
      vertex   4.115340e+01 2.397551e+01 9.854401e+00
      vertex   4.115340e+01 2.383757e+01 1.007391e+01
    endloop
  endfacet
  facet normal -1.000000e+00 1.403614e-14 7.039861e-15
    outer loop
      vertex   4.115340e+01 2.383757e+01 1.007391e+01
      vertex   4.115340e+01 2.372105e+01 1.030621e+01
      vertex   4.115340e+01 2.500476e+01 1.077468e+01
    endloop
  endfacet
  facet normal -1.000000e+00 1.472492e-14 5.152472e-15
    outer loop
      vertex   4.115340e+01 2.500476e+01 1.077468e+01
      vertex   4.115340e+01 2.372105e+01 1.030621e+01
      vertex   4.115340e+01 2.488273e+01 1.112343e+01
    endloop
  endfacet
  facet normal -1.000000e+00 3.064734e-14 -1.748119e-14
    outer loop
      vertex   4.115340e+01 2.488273e+01 1.112343e+01
      vertex   4.115340e+01 2.372105e+01 1.030621e+01
      vertex   4.115340e+01 2.362744e+01 1.054856e+01
    endloop
  endfacet
  facet normal -1.000000e+00 8.517863e-15 3.084047e-14
    outer loop
      vertex   4.115340e+01 2.488273e+01 1.112343e+01
      vertex   4.115340e+01 2.362744e+01 1.054856e+01
      vertex   4.115340e+01 2.355769e+01 1.079822e+01
    endloop
  endfacet
  facet normal -1.000000e+00 1.541288e-14 2.747635e-15
    outer loop
      vertex   4.115340e+01 2.355769e+01 1.079822e+01
      vertex   4.115340e+01 2.351219e+01 1.105343e+01
      vertex   4.115340e+01 2.488273e+01 1.112343e+01
    endloop
  endfacet
  facet normal -1.000000e+00 5.313706e-12 -1.037302e-10
    outer loop
      vertex   4.115340e+01 2.488273e+01 1.112343e+01
      vertex   4.115340e+01 2.351219e+01 1.105343e+01
      vertex   4.115340e+01 2.484136e+01 1.149059e+01
    endloop
  endfacet
  facet normal -1.000000e+00 -2.805194e-11 -2.283505e-12
    outer loop
      vertex   4.115340e+01 2.484136e+01 1.149059e+01
      vertex   4.115340e+01 2.351219e+01 1.105343e+01
      vertex   4.115340e+01 2.349136e+01 1.131244e+01
    endloop
  endfacet
  facet normal -1.000000e+00 -2.868650e-11 2.524955e-12
    outer loop
      vertex   4.115340e+01 2.484136e+01 1.149059e+01
      vertex   4.115340e+01 2.349136e+01 1.131244e+01
      vertex   4.115340e+01 2.353088e+01 1.177272e+01
    endloop
  endfacet
  facet normal -1.000000e+00 -2.766500e-11 7.269768e-12
    outer loop
      vertex   4.115340e+01 2.353088e+01 1.177272e+01
      vertex   4.115340e+01 2.364829e+01 1.221953e+01
      vertex   4.115340e+01 2.484136e+01 1.149059e+01
    endloop
  endfacet
  facet normal -1.000000e+00 2.959864e-11 1.009940e-10
    outer loop
      vertex   4.115340e+01 2.484136e+01 1.149059e+01
      vertex   4.115340e+01 2.364829e+01 1.221953e+01
      vertex   4.115340e+01 2.488273e+01 1.185775e+01
    endloop
  endfacet
  facet normal -1.000000e+00 0.000000e+00 0.000000e+00
    outer loop
      vertex   4.115340e+01 2.488273e+01 1.185775e+01
      vertex   4.115340e+01 2.364829e+01 1.221953e+01
      vertex   4.115340e+01 2.384016e+01 1.263978e+01
    endloop
  endfacet
  facet normal -1.000000e+00 0.000000e+00 0.000000e+00
    outer loop
      vertex   4.115340e+01 2.488273e+01 1.185775e+01
      vertex   4.115340e+01 2.384016e+01 1.263978e+01
      vertex   4.115340e+01 2.500476e+01 1.220650e+01
    endloop
  endfacet
  facet normal -1.000000e+00 0.000000e+00 0.000000e+00
    outer loop
      vertex   4.115340e+01 2.500476e+01 1.220650e+01
      vertex   4.115340e+01 2.384016e+01 1.263978e+01
      vertex   4.115340e+01 2.410086e+01 1.302118e+01
    endloop
  endfacet
  facet normal -1.000000e+00 0.000000e+00 0.000000e+00
    outer loop
      vertex   4.115340e+01 2.500476e+01 1.220650e+01
      vertex   4.115340e+01 2.410086e+01 1.302118e+01
      vertex   4.115340e+01 2.442276e+01 1.335254e+01
    endloop
  endfacet
  facet normal -1.000000e+00 0.000000e+00 0.000000e+00
    outer loop
      vertex   4.115340e+01 2.500476e+01 1.220650e+01
      vertex   4.115340e+01 2.442276e+01 1.335254e+01
      vertex   4.115340e+01 2.520134e+01 1.251935e+01
    endloop
  endfacet
  facet normal -1.000000e+00 0.000000e+00 0.000000e+00
    outer loop
      vertex   4.115340e+01 2.520134e+01 1.251935e+01
      vertex   4.115340e+01 2.442276e+01 1.335254e+01
      vertex   4.115340e+01 2.479643e+01 1.362419e+01
    endloop
  endfacet
  facet normal -1.000000e+00 3.980494e-14 1.458781e-14
    outer loop
      vertex   4.115340e+01 2.520134e+01 1.251935e+01
      vertex   4.115340e+01 2.479643e+01 1.362419e+01
      vertex   4.115340e+01 2.546260e+01 1.278061e+01
    endloop
  endfacet
  facet normal -1.000000e+00 5.969484e-15 -1.213196e-14
    outer loop
      vertex   4.115340e+01 2.546260e+01 1.278061e+01
      vertex   4.115340e+01 2.479643e+01 1.362419e+01
      vertex   4.115340e+01 2.521095e+01 1.382815e+01
    endloop
  endfacet
  facet normal -1.000000e+00 7.406154e-15 -1.178683e-14
    outer loop
      vertex   4.115340e+01 2.546260e+01 1.278061e+01
      vertex   4.115340e+01 2.521095e+01 1.382815e+01
      vertex   4.115340e+01 2.577545e+01 1.297719e+01
    endloop
  endfacet
  facet normal -1.000000e+00 4.108585e-15 -1.397434e-14
    outer loop
      vertex   4.115340e+01 2.577545e+01 1.297719e+01
      vertex   4.115340e+01 2.521095e+01 1.382815e+01
      vertex   4.115340e+01 2.565417e+01 1.395846e+01
    endloop
  endfacet
  facet normal -1.000000e+00 4.857445e-15 -1.388178e-14
    outer loop
      vertex   4.115340e+01 2.577545e+01 1.297719e+01
      vertex   4.115340e+01 2.565417e+01 1.395846e+01
      vertex   4.115340e+01 2.612420e+01 1.309922e+01
    endloop
  endfacet
  facet normal -1.000000e+00 1.791518e-15 -1.555894e-14
    outer loop
      vertex   4.115340e+01 2.612420e+01 1.309922e+01
      vertex   4.115340e+01 2.565417e+01 1.395846e+01
      vertex   4.115340e+01 2.611312e+01 1.401130e+01
    endloop
  endfacet
  facet normal -1.000000e+00 1.753124e-15 -1.555941e-14
    outer loop
      vertex   4.115340e+01 2.612420e+01 1.309922e+01
      vertex   4.115340e+01 2.611312e+01 1.401130e+01
      vertex   4.115340e+01 2.649136e+01 1.314059e+01
    endloop
  endfacet
  facet normal -1.000000e+00 -4.171891e-14 -3.444395e-14
    outer loop
      vertex   4.115340e+01 2.649136e+01 1.314059e+01
      vertex   4.115340e+01 2.611312e+01 1.401130e+01
      vertex   4.115340e+01 2.659340e+01 1.404844e+01
    endloop
  endfacet
  facet normal -1.000000e+00 -4.354113e-15 -3.864382e-14
    outer loop
      vertex   4.115340e+01 2.649136e+01 1.314059e+01
      vertex   4.115340e+01 2.659340e+01 1.404844e+01
      vertex   4.115340e+01 2.685852e+01 1.309922e+01
    endloop
  endfacet
  facet normal -1.000000e+00 6.251935e-15 -3.568157e-14
    outer loop
      vertex   4.115340e+01 2.685852e+01 1.309922e+01
      vertex   4.115340e+01 2.659340e+01 1.404844e+01
      vertex   4.115340e+01 2.706688e+01 1.413140e+01
    endloop
  endfacet
  facet normal -1.000000e+00 -1.124929e-14 -3.214861e-14
    outer loop
      vertex   4.115340e+01 2.685852e+01 1.309922e+01
      vertex   4.115340e+01 2.706688e+01 1.413140e+01
      vertex   4.115340e+01 2.720727e+01 1.297719e+01
    endloop
  endfacet
  facet normal -1.000000e+00 8.229940e-15 -2.977942e-14
    outer loop
      vertex   4.115340e+01 2.720727e+01 1.297719e+01
      vertex   4.115340e+01 2.706688e+01 1.413140e+01
      vertex   4.115340e+01 2.753028e+01 1.425947e+01
    endloop
  endfacet
  facet normal -1.000000e+00 -1.502999e-14 -2.392008e-14
    outer loop
      vertex   4.115340e+01 2.720727e+01 1.297719e+01
      vertex   4.115340e+01 2.753028e+01 1.425947e+01
      vertex   4.115340e+01 2.752012e+01 1.278061e+01
    endloop
  endfacet
  facet normal -1.000000e+00 9.230046e-15 -2.408683e-14
    outer loop
      vertex   4.115340e+01 2.752012e+01 1.278061e+01
      vertex   4.115340e+01 2.753028e+01 1.425947e+01
      vertex   4.115340e+01 2.798028e+01 1.443191e+01
    endloop
  endfacet
  facet normal -1.000000e+00 4.443423e-15 -2.275295e-14
    outer loop
      vertex   4.115340e+01 2.752012e+01 1.278061e+01
      vertex   4.115340e+01 2.798028e+01 1.443191e+01
      vertex   4.115340e+01 2.778138e+01 1.251935e+01
    endloop
  endfacet
  facet normal -1.000000e+00 1.171550e-14 -2.350923e-14
    outer loop
      vertex   4.115340e+01 2.778138e+01 1.251935e+01
      vertex   4.115340e+01 2.798028e+01 1.443191e+01
      vertex   4.115340e+01 2.841119e+01 1.464665e+01
    endloop
  endfacet
  facet normal -1.000000e+00 -2.167967e-14 -1.362224e-14
    outer loop
      vertex   4.115340e+01 2.778138e+01 1.251935e+01
      vertex   4.115340e+01 2.841119e+01 1.464665e+01
      vertex   4.115340e+01 2.797796e+01 1.220650e+01
    endloop
  endfacet
  facet normal -1.000000e+00 1.228083e-14 -1.965170e-14
    outer loop
      vertex   4.115340e+01 2.797796e+01 1.220650e+01
      vertex   4.115340e+01 2.841119e+01 1.464665e+01
      vertex   4.115340e+01 2.881865e+01 1.490128e+01
    endloop
  endfacet
  facet normal -1.000000e+00 -2.390211e-14 -8.363711e-15
    outer loop
      vertex   4.115340e+01 2.797796e+01 1.220650e+01
      vertex   4.115340e+01 2.881865e+01 1.490128e+01
      vertex   4.115340e+01 2.809999e+01 1.185775e+01
    endloop
  endfacet
  facet normal -1.000000e+00 1.313302e-14 -1.710868e-14
    outer loop
      vertex   4.115340e+01 2.809999e+01 1.185775e+01
      vertex   4.115340e+01 2.881865e+01 1.490128e+01
      vertex   4.115340e+01 2.919988e+01 1.519392e+01
    endloop
  endfacet
  facet normal -1.000000e+00 -1.287795e-14 -8.533223e-15
    outer loop
      vertex   4.115340e+01 2.809999e+01 1.185775e+01
      vertex   4.115340e+01 2.919988e+01 1.519392e+01
      vertex   4.115340e+01 3.295172e+01 8.699125e+00
    endloop
  endfacet
  facet normal -1.000000e+00 -1.244299e-14 -8.281959e-15
    outer loop
      vertex   4.115340e+01 3.295172e+01 8.699125e+00
      vertex   4.115340e+01 2.919988e+01 1.519392e+01
      vertex   4.115340e+01 2.955210e+01 1.552268e+01
    endloop
  endfacet
  facet normal -1.000000e+00 1.575922e-14 5.768935e-15
    outer loop
      vertex   4.115340e+01 3.295172e+01 8.699125e+00
      vertex   4.115340e+01 2.955210e+01 1.552268e+01
      vertex   4.115340e+01 2.987085e+01 1.588359e+01
    endloop
  endfacet
  facet normal -1.000000e+00 8.572505e-16 -6.213895e-16
    outer loop
      vertex   4.115340e+01 2.987085e+01 1.588359e+01
      vertex   4.115340e+01 3.015285e+01 1.627263e+01
      vertex   4.115340e+01 3.295172e+01 8.699125e+00
    endloop
  endfacet
  facet normal -1.000000e+00 9.804234e-16 -5.758696e-16
    outer loop
      vertex   4.115340e+01 3.295172e+01 8.699125e+00
      vertex   4.115340e+01 3.015285e+01 1.627263e+01
      vertex   4.115340e+01 3.039625e+01 1.668701e+01
    endloop
  endfacet
  facet normal -1.000000e+00 1.134057e-15 -5.267192e-16
    outer loop
      vertex   4.115340e+01 3.295172e+01 8.699125e+00
      vertex   4.115340e+01 3.039625e+01 1.668701e+01
      vertex   4.115340e+01 3.059918e+01 1.712392e+01
    endloop
  endfacet
  facet normal -1.000000e+00 3.020311e-15 0.000000e+00
    outer loop
      vertex   4.115340e+01 3.295172e+01 8.699125e+00
      vertex   4.115340e+01 3.059918e+01 1.712392e+01
      vertex   4.115340e+01 3.295172e+01 2.002832e+01
    endloop
  endfacet
  facet normal -1.000000e+00 5.341351e-15 -1.880034e-15
    outer loop
      vertex   4.115340e+01 3.295172e+01 2.002832e+01
      vertex   4.115340e+01 3.059918e+01 1.712392e+01
      vertex   4.115340e+01 3.075907e+01 1.757820e+01
    endloop
  endfacet
  facet normal -1.000000e+00 4.476174e-15 -1.105772e-15
    outer loop
      vertex   4.115340e+01 3.295172e+01 2.002832e+01
      vertex   4.115340e+01 3.075907e+01 1.757820e+01
      vertex   4.115340e+01 3.087431e+01 1.804470e+01
    endloop
  endfacet
  facet normal -1.000000e+00 3.979224e-15 -5.853244e-16
    outer loop
      vertex   4.115340e+01 3.087431e+01 1.804470e+01
      vertex   4.115340e+01 3.094424e+01 1.852012e+01
      vertex   4.115340e+01 3.295172e+01 2.002832e+01
    endloop
  endfacet
  facet normal -1.000000e+00 -1.937894e-14 3.050555e-14
    outer loop
      vertex   4.115340e+01 3.295172e+01 2.002832e+01
      vertex   4.115340e+01 3.094424e+01 1.852012e+01
      vertex   4.115340e+01 3.096822e+01 1.900120e+01
    endloop
  endfacet
  facet normal -1.000000e+00 -1.812246e-15 -3.418128e-15
    outer loop
      vertex   4.115340e+01 3.295172e+01 2.002832e+01
      vertex   4.115340e+01 3.096822e+01 1.900120e+01
      vertex   4.115340e+01 3.097154e+01 2.107818e+01
    endloop
  endfacet
  facet normal -1.000000e+00 0.000000e+00 0.000000e+00
    outer loop
      vertex   4.115340e+01 3.097154e+01 2.107818e+01
      vertex   4.115340e+01 3.381172e+01 2.107818e+01
      vertex   4.115340e+01 3.295172e+01 2.002832e+01
    endloop
  endfacet
  facet normal -1.000000e+00 -4.972923e-30 1.892958e-14
    outer loop
      vertex   4.115340e+01 2.618997e+01 8.699125e+00
      vertex   4.115340e+01 2.752012e+01 1.020057e+01
      vertex   4.115340e+01 3.295172e+01 8.699125e+00
    endloop
  endfacet
  facet normal -1.000000e+00 1.790283e-15 2.540609e-14
    outer loop
      vertex   4.115340e+01 3.295172e+01 8.699125e+00
      vertex   4.115340e+01 2.752012e+01 1.020057e+01
      vertex   4.115340e+01 2.778138e+01 1.046183e+01
    endloop
  endfacet
  facet normal -1.000000e+00 -5.659057e-15 3.555821e-15
    outer loop
      vertex   4.115340e+01 3.295172e+01 8.699125e+00
      vertex   4.115340e+01 2.778138e+01 1.046183e+01
      vertex   4.115340e+01 2.797796e+01 1.077468e+01
    endloop
  endfacet
  facet normal -1.000000e+00 -1.048077e-14 2.995232e-14
    outer loop
      vertex   4.115340e+01 2.685852e+01 9.881960e+00
      vertex   4.115340e+01 2.720727e+01 1.000399e+01
      vertex   4.115340e+01 2.618997e+01 8.699125e+00
    endloop
  endfacet
  facet normal -1.000000e+00 -2.682852e-14 4.269735e-14
    outer loop
      vertex   4.115340e+01 2.618997e+01 8.699125e+00
      vertex   4.115340e+01 2.720727e+01 1.000399e+01
      vertex   4.115340e+01 2.752012e+01 1.020057e+01
    endloop
  endfacet
  facet normal -1.000000e+00 -6.232793e-15 2.180948e-15
    outer loop
      vertex   4.115340e+01 2.797796e+01 1.077468e+01
      vertex   4.115340e+01 2.809999e+01 1.112343e+01
      vertex   4.115340e+01 3.295172e+01 8.699125e+00
    endloop
  endfacet
  facet normal -1.000000e+00 -6.932277e-15 7.810800e-16
    outer loop
      vertex   4.115340e+01 3.295172e+01 8.699125e+00
      vertex   4.115340e+01 2.809999e+01 1.112343e+01
      vertex   4.115340e+01 2.814136e+01 1.149059e+01
    endloop
  endfacet
  facet normal -1.000000e+00 -7.902221e-15 -8.903665e-16
    outer loop
      vertex   4.115340e+01 3.295172e+01 8.699125e+00
      vertex   4.115340e+01 2.814136e+01 1.149059e+01
      vertex   4.115340e+01 2.809999e+01 1.185775e+01
    endloop
  endfacet
  facet normal 4.121775e-15 9.937122e-01 -1.119645e-01
    outer loop
      vertex   4.115340e+01 2.488273e+01 1.185775e+01
      vertex   4.372295e+01 2.488273e+01 1.185775e+01
      vertex   4.115340e+01 2.484136e+01 1.149059e+01
    endloop
  endfacet
  facet normal 4.121775e-15 9.937122e-01 -1.119645e-01
    outer loop
      vertex   4.115340e+01 2.484136e+01 1.149059e+01
      vertex   4.372295e+01 2.488273e+01 1.185775e+01
      vertex   4.372295e+01 2.484136e+01 1.149059e+01
    endloop
  endfacet
  facet normal 4.121775e-15 9.937122e-01 1.119645e-01
    outer loop
      vertex   4.115340e+01 2.484136e+01 1.149059e+01
      vertex   4.372295e+01 2.484136e+01 1.149059e+01
      vertex   4.115340e+01 2.488273e+01 1.112343e+01
    endloop
  endfacet
  facet normal 4.121775e-15 9.937122e-01 1.119645e-01
    outer loop
      vertex   4.115340e+01 2.488273e+01 1.112343e+01
      vertex   4.372295e+01 2.484136e+01 1.149059e+01
      vertex   4.372295e+01 2.488273e+01 1.112343e+01
    endloop
  endfacet
  facet normal 3.915092e-15 9.438833e-01 3.302791e-01
    outer loop
      vertex   4.115340e+01 2.488273e+01 1.112343e+01
      vertex   4.372295e+01 2.488273e+01 1.112343e+01
      vertex   4.115340e+01 2.500476e+01 1.077468e+01
    endloop
  endfacet
  facet normal 3.915092e-15 9.438833e-01 3.302791e-01
    outer loop
      vertex   4.115340e+01 2.500476e+01 1.077468e+01
      vertex   4.372295e+01 2.488273e+01 1.112343e+01
      vertex   4.372295e+01 2.500476e+01 1.077468e+01
    endloop
  endfacet
  facet normal 3.512090e-15 8.467242e-01 5.320321e-01
    outer loop
      vertex   4.115340e+01 2.500476e+01 1.077468e+01
      vertex   4.372295e+01 2.500476e+01 1.077468e+01
      vertex   4.115340e+01 2.520134e+01 1.046183e+01
    endloop
  endfacet
  facet normal 2.341393e-15 8.467242e-01 5.320321e-01
    outer loop
      vertex   4.115340e+01 2.520134e+01 1.046183e+01
      vertex   4.372295e+01 2.500476e+01 1.077468e+01
      vertex   4.372295e+01 2.520134e+01 1.046183e+01
    endloop
  endfacet
  facet normal 1.955318e-15 7.071068e-01 7.071068e-01
    outer loop
      vertex   4.115340e+01 2.520134e+01 1.046183e+01
      vertex   4.372295e+01 2.520134e+01 1.046183e+01
      vertex   4.115340e+01 2.546260e+01 1.020057e+01
    endloop
  endfacet
  facet normal 1.466488e-15 7.071068e-01 7.071068e-01
    outer loop
      vertex   4.115340e+01 2.546260e+01 1.020057e+01
      vertex   4.372295e+01 2.520134e+01 1.046183e+01
      vertex   4.372295e+01 2.546260e+01 1.020057e+01
    endloop
  endfacet
  facet normal 8.858465e-16 5.320321e-01 8.467242e-01
    outer loop
      vertex   4.115340e+01 2.546260e+01 1.020057e+01
      vertex   4.372295e+01 2.546260e+01 1.020057e+01
      vertex   4.115340e+01 2.577545e+01 1.000399e+01
    endloop
  endfacet
  facet normal 1.471195e-15 5.320321e-01 8.467242e-01
    outer loop
      vertex   4.115340e+01 2.577545e+01 1.000399e+01
      vertex   4.372295e+01 2.546260e+01 1.020057e+01
      vertex   4.372295e+01 2.577545e+01 1.000399e+01
    endloop
  endfacet
  facet normal 9.132999e-16 3.302791e-01 9.438833e-01
    outer loop
      vertex   4.115340e+01 2.577545e+01 1.000399e+01
      vertex   4.372295e+01 2.577545e+01 1.000399e+01
      vertex   4.115340e+01 2.612420e+01 9.881960e+00
    endloop
  endfacet
  facet normal 1.369950e-15 3.302791e-01 9.438833e-01
    outer loop
      vertex   4.115340e+01 2.612420e+01 9.881960e+00
      vertex   4.372295e+01 2.577545e+01 1.000399e+01
      vertex   4.372295e+01 2.612420e+01 9.881960e+00
    endloop
  endfacet
  facet normal 4.644125e-16 1.119645e-01 9.937122e-01
    outer loop
      vertex   4.115340e+01 2.612420e+01 9.881960e+00
      vertex   4.372295e+01 2.612420e+01 9.881960e+00
      vertex   4.115340e+01 2.649136e+01 9.840591e+00
    endloop
  endfacet
  facet normal 4.644125e-16 1.119645e-01 9.937122e-01
    outer loop
      vertex   4.115340e+01 2.649136e+01 9.840591e+00
      vertex   4.372295e+01 2.612420e+01 9.881960e+00
      vertex   4.372295e+01 2.649136e+01 9.840591e+00
    endloop
  endfacet
  facet normal -4.644125e-16 -1.119645e-01 9.937122e-01
    outer loop
      vertex   4.115340e+01 2.649136e+01 9.840591e+00
      vertex   4.372295e+01 2.649136e+01 9.840591e+00
      vertex   4.115340e+01 2.685852e+01 9.881960e+00
    endloop
  endfacet
  facet normal -3.096083e-16 -1.119645e-01 9.937122e-01
    outer loop
      vertex   4.115340e+01 2.685852e+01 9.881960e+00
      vertex   4.372295e+01 2.649136e+01 9.840591e+00
      vertex   4.372295e+01 2.685852e+01 9.881960e+00
    endloop
  endfacet
  facet normal -9.132999e-16 -3.302791e-01 9.438833e-01
    outer loop
      vertex   4.115340e+01 2.685852e+01 9.881960e+00
      vertex   4.372295e+01 2.685852e+01 9.881960e+00
      vertex   4.115340e+01 2.720727e+01 1.000399e+01
    endloop
  endfacet
  facet normal -1.369950e-15 -3.302791e-01 9.438833e-01
    outer loop
      vertex   4.115340e+01 2.720727e+01 1.000399e+01
      vertex   4.372295e+01 2.685852e+01 9.881960e+00
      vertex   4.372295e+01 2.720727e+01 1.000399e+01
    endloop
  endfacet
  facet normal -2.206792e-15 -5.320321e-01 8.467242e-01
    outer loop
      vertex   4.115340e+01 2.720727e+01 1.000399e+01
      vertex   4.372295e+01 2.720727e+01 1.000399e+01
      vertex   4.115340e+01 2.752012e+01 1.020057e+01
    endloop
  endfacet
  facet normal -2.792140e-15 -5.320321e-01 8.467242e-01
    outer loop
      vertex   4.115340e+01 2.752012e+01 1.020057e+01
      vertex   4.372295e+01 2.720727e+01 1.000399e+01
      vertex   4.372295e+01 2.752012e+01 1.020057e+01
    endloop
  endfacet
  facet normal -3.421806e-15 -7.071068e-01 7.071068e-01
    outer loop
      vertex   4.115340e+01 2.752012e+01 1.020057e+01
      vertex   4.372295e+01 2.752012e+01 1.020057e+01
      vertex   4.115340e+01 2.778138e+01 1.046183e+01
    endloop
  endfacet
  facet normal -2.932977e-15 -7.071068e-01 7.071068e-01
    outer loop
      vertex   4.115340e+01 2.778138e+01 1.046183e+01
      vertex   4.372295e+01 2.752012e+01 1.020057e+01
      vertex   4.372295e+01 2.778138e+01 1.046183e+01
    endloop
  endfacet
  facet normal -3.512090e-15 -8.467242e-01 5.320321e-01
    outer loop
      vertex   4.115340e+01 2.778138e+01 1.046183e+01
      vertex   4.372295e+01 2.778138e+01 1.046183e+01
      vertex   4.115340e+01 2.797796e+01 1.077468e+01
    endloop
  endfacet
  facet normal -2.341393e-15 -8.467242e-01 5.320321e-01
    outer loop
      vertex   4.115340e+01 2.797796e+01 1.077468e+01
      vertex   4.372295e+01 2.778138e+01 1.046183e+01
      vertex   4.372295e+01 2.797796e+01 1.077468e+01
    endloop
  endfacet
  facet normal -2.610061e-15 -9.438833e-01 3.302791e-01
    outer loop
      vertex   4.115340e+01 2.797796e+01 1.077468e+01
      vertex   4.372295e+01 2.797796e+01 1.077468e+01
      vertex   4.115340e+01 2.809999e+01 1.112343e+01
    endloop
  endfacet
  facet normal -2.610061e-15 -9.438833e-01 3.302791e-01
    outer loop
      vertex   4.115340e+01 2.809999e+01 1.112343e+01
      vertex   4.372295e+01 2.797796e+01 1.077468e+01
      vertex   4.372295e+01 2.809999e+01 1.112343e+01
    endloop
  endfacet
  facet normal -2.747850e-15 -9.937122e-01 1.119645e-01
    outer loop
      vertex   4.115340e+01 2.809999e+01 1.112343e+01
      vertex   4.372295e+01 2.809999e+01 1.112343e+01
      vertex   4.115340e+01 2.814136e+01 1.149059e+01
    endloop
  endfacet
  facet normal -2.747850e-15 -9.937122e-01 1.119645e-01
    outer loop
      vertex   4.115340e+01 2.814136e+01 1.149059e+01
      vertex   4.372295e+01 2.809999e+01 1.112343e+01
      vertex   4.372295e+01 2.814136e+01 1.149059e+01
    endloop
  endfacet
  facet normal -2.747850e-15 -9.937122e-01 -1.119645e-01
    outer loop
      vertex   4.115340e+01 2.814136e+01 1.149059e+01
      vertex   4.372295e+01 2.814136e+01 1.149059e+01
      vertex   4.115340e+01 2.809999e+01 1.185775e+01
    endloop
  endfacet
  facet normal -2.747850e-15 -9.937122e-01 -1.119645e-01
    outer loop
      vertex   4.115340e+01 2.809999e+01 1.185775e+01
      vertex   4.372295e+01 2.814136e+01 1.149059e+01
      vertex   4.372295e+01 2.809999e+01 1.185775e+01
    endloop
  endfacet
  facet normal -2.610061e-15 -9.438833e-01 -3.302791e-01
    outer loop
      vertex   4.115340e+01 2.809999e+01 1.185775e+01
      vertex   4.372295e+01 2.809999e+01 1.185775e+01
      vertex   4.115340e+01 2.797796e+01 1.220650e+01
    endloop
  endfacet
  facet normal -2.610061e-15 -9.438833e-01 -3.302791e-01
    outer loop
      vertex   4.115340e+01 2.797796e+01 1.220650e+01
      vertex   4.372295e+01 2.809999e+01 1.185775e+01
      vertex   4.372295e+01 2.797796e+01 1.220650e+01
    endloop
  endfacet
  facet normal -2.341393e-15 -8.467242e-01 -5.320321e-01
    outer loop
      vertex   4.115340e+01 2.797796e+01 1.220650e+01
      vertex   4.372295e+01 2.797796e+01 1.220650e+01
      vertex   4.115340e+01 2.778138e+01 1.251935e+01
    endloop
  endfacet
  facet normal -3.512090e-15 -8.467242e-01 -5.320321e-01
    outer loop
      vertex   4.115340e+01 2.778138e+01 1.251935e+01
      vertex   4.372295e+01 2.797796e+01 1.220650e+01
      vertex   4.372295e+01 2.778138e+01 1.251935e+01
    endloop
  endfacet
  facet normal -2.932977e-15 -7.071068e-01 -7.071068e-01
    outer loop
      vertex   4.115340e+01 2.778138e+01 1.251935e+01
      vertex   4.372295e+01 2.778138e+01 1.251935e+01
      vertex   4.115340e+01 2.752012e+01 1.278061e+01
    endloop
  endfacet
  facet normal -3.421806e-15 -7.071068e-01 -7.071068e-01
    outer loop
      vertex   4.115340e+01 2.752012e+01 1.278061e+01
      vertex   4.372295e+01 2.778138e+01 1.251935e+01
      vertex   4.372295e+01 2.752012e+01 1.278061e+01
    endloop
  endfacet
  facet normal -2.792140e-15 -5.320321e-01 -8.467242e-01
    outer loop
      vertex   4.115340e+01 2.752012e+01 1.278061e+01
      vertex   4.372295e+01 2.752012e+01 1.278061e+01
      vertex   4.115340e+01 2.720727e+01 1.297719e+01
    endloop
  endfacet
  facet normal -2.206792e-15 -5.320321e-01 -8.467242e-01
    outer loop
      vertex   4.115340e+01 2.720727e+01 1.297719e+01
      vertex   4.372295e+01 2.752012e+01 1.278061e+01
      vertex   4.372295e+01 2.720727e+01 1.297719e+01
    endloop
  endfacet
  facet normal -1.369950e-15 -3.302791e-01 -9.438833e-01
    outer loop
      vertex   4.115340e+01 2.720727e+01 1.297719e+01
      vertex   4.372295e+01 2.720727e+01 1.297719e+01
      vertex   4.115340e+01 2.685852e+01 1.309922e+01
    endloop
  endfacet
  facet normal -9.132999e-16 -3.302791e-01 -9.438833e-01
    outer loop
      vertex   4.115340e+01 2.685852e+01 1.309922e+01
      vertex   4.372295e+01 2.720727e+01 1.297719e+01
      vertex   4.372295e+01 2.685852e+01 1.309922e+01
    endloop
  endfacet
  facet normal -3.096083e-16 -1.119645e-01 -9.937122e-01
    outer loop
      vertex   4.115340e+01 2.685852e+01 1.309922e+01
      vertex   4.372295e+01 2.685852e+01 1.309922e+01
      vertex   4.115340e+01 2.649136e+01 1.314059e+01
    endloop
  endfacet
  facet normal -4.644125e-16 -1.119645e-01 -9.937122e-01
    outer loop
      vertex   4.115340e+01 2.649136e+01 1.314059e+01
      vertex   4.372295e+01 2.685852e+01 1.309922e+01
      vertex   4.372295e+01 2.649136e+01 1.314059e+01
    endloop
  endfacet
  facet normal 4.644125e-16 1.119645e-01 -9.937122e-01
    outer loop
      vertex   4.115340e+01 2.649136e+01 1.314059e+01
      vertex   4.372295e+01 2.649136e+01 1.314059e+01
      vertex   4.115340e+01 2.612420e+01 1.309922e+01
    endloop
  endfacet
  facet normal 4.644125e-16 1.119645e-01 -9.937122e-01
    outer loop
      vertex   4.115340e+01 2.612420e+01 1.309922e+01
      vertex   4.372295e+01 2.649136e+01 1.314059e+01
      vertex   4.372295e+01 2.612420e+01 1.309922e+01
    endloop
  endfacet
  facet normal 1.369950e-15 3.302791e-01 -9.438833e-01
    outer loop
      vertex   4.115340e+01 2.612420e+01 1.309922e+01
      vertex   4.372295e+01 2.612420e+01 1.309922e+01
      vertex   4.115340e+01 2.577545e+01 1.297719e+01
    endloop
  endfacet
  facet normal 9.132999e-16 3.302791e-01 -9.438833e-01
    outer loop
      vertex   4.115340e+01 2.577545e+01 1.297719e+01
      vertex   4.372295e+01 2.612420e+01 1.309922e+01
      vertex   4.372295e+01 2.577545e+01 1.297719e+01
    endloop
  endfacet
  facet normal 1.471195e-15 5.320321e-01 -8.467242e-01
    outer loop
      vertex   4.115340e+01 2.577545e+01 1.297719e+01
      vertex   4.372295e+01 2.577545e+01 1.297719e+01
      vertex   4.115340e+01 2.546260e+01 1.278061e+01
    endloop
  endfacet
  facet normal 8.858465e-16 5.320321e-01 -8.467242e-01
    outer loop
      vertex   4.115340e+01 2.546260e+01 1.278061e+01
      vertex   4.372295e+01 2.577545e+01 1.297719e+01
      vertex   4.372295e+01 2.546260e+01 1.278061e+01
    endloop
  endfacet
  facet normal 1.466488e-15 7.071068e-01 -7.071068e-01
    outer loop
      vertex   4.115340e+01 2.546260e+01 1.278061e+01
      vertex   4.372295e+01 2.546260e+01 1.278061e+01
      vertex   4.115340e+01 2.520134e+01 1.251935e+01
    endloop
  endfacet
  facet normal 1.955318e-15 7.071068e-01 -7.071068e-01
    outer loop
      vertex   4.115340e+01 2.520134e+01 1.251935e+01
      vertex   4.372295e+01 2.546260e+01 1.278061e+01
      vertex   4.372295e+01 2.520134e+01 1.251935e+01
    endloop
  endfacet
  facet normal 2.341393e-15 8.467242e-01 -5.320321e-01
    outer loop
      vertex   4.115340e+01 2.520134e+01 1.251935e+01
      vertex   4.372295e+01 2.520134e+01 1.251935e+01
      vertex   4.115340e+01 2.500476e+01 1.220650e+01
    endloop
  endfacet
  facet normal 3.512090e-15 8.467242e-01 -5.320321e-01
    outer loop
      vertex   4.115340e+01 2.500476e+01 1.220650e+01
      vertex   4.372295e+01 2.520134e+01 1.251935e+01
      vertex   4.372295e+01 2.500476e+01 1.220650e+01
    endloop
  endfacet
  facet normal 3.915092e-15 9.438833e-01 -3.302791e-01
    outer loop
      vertex   4.115340e+01 2.500476e+01 1.220650e+01
      vertex   4.372295e+01 2.500476e+01 1.220650e+01
      vertex   4.115340e+01 2.488273e+01 1.185775e+01
    endloop
  endfacet
  facet normal 3.915092e-15 9.438833e-01 -3.302791e-01
    outer loop
      vertex   4.115340e+01 2.488273e+01 1.185775e+01
      vertex   4.372295e+01 2.500476e+01 1.220650e+01
      vertex   4.372295e+01 2.488273e+01 1.185775e+01
    endloop
  endfacet
  facet normal -8.333745e-04 -9.999984e-01 1.600898e-03
    outer loop
      vertex   4.411487e+01 3.096575e+01 1.900454e+01
      vertex   4.115340e+01 3.097154e+01 2.107818e+01
      vertex   4.115340e+01 3.096822e+01 1.900120e+01
    endloop
  endfacet
  facet normal 1.844303e-01 9.958716e-12 -9.828456e-01
    outer loop
      vertex   4.372295e+01 2.945109e+01 8.968746e+00
      vertex   4.372295e+01 2.617492e+01 8.968746e+00
      vertex   4.314872e+01 3.295172e+01 8.860992e+00
    endloop
  endfacet
  facet normal 1.818361e-01 -2.275042e-04 -9.833288e-01
    outer loop
      vertex   4.314872e+01 3.295172e+01 8.860992e+00
      vertex   4.372295e+01 2.617492e+01 8.968746e+00
      vertex   4.308500e+01 2.618358e+01 8.850775e+00
    endloop
  endfacet
  facet normal 1.302498e-01 2.704608e-04 -9.914812e-01
    outer loop
      vertex   4.314872e+01 3.295172e+01 8.860992e+00
      vertex   4.308500e+01 2.618358e+01 8.850775e+00
      vertex   4.244467e+01 2.618775e+01 8.766657e+00
    endloop
  endfacet
  facet normal 1.211204e-01 1.236841e-03 -9.926371e-01
    outer loop
      vertex   4.314872e+01 3.295172e+01 8.860992e+00
      vertex   4.244467e+01 2.618775e+01 8.766657e+00
      vertex   4.215434e+01 3.295172e+01 8.739658e+00
    endloop
  endfacet
  facet normal 7.832433e-02 -6.172556e-04 -9.969277e-01
    outer loop
      vertex   4.215434e+01 3.295172e+01 8.739658e+00
      vertex   4.244467e+01 2.618775e+01 8.766657e+00
      vertex   4.180115e+01 2.618954e+01 8.716096e+00
    endloop
  endfacet
  facet normal 4.046177e-02 1.368166e-03 -9.991802e-01
    outer loop
      vertex   4.215434e+01 3.295172e+01 8.739658e+00
      vertex   4.180115e+01 2.618954e+01 8.716096e+00
      vertex   4.115340e+01 3.295172e+01 8.699125e+00
    endloop
  endfacet
  facet normal 2.619124e-02 2.626163e-16 -9.996570e-01
    outer loop
      vertex   4.115340e+01 3.295172e+01 8.699125e+00
      vertex   4.180115e+01 2.618954e+01 8.716096e+00
      vertex   4.115340e+01 2.618997e+01 8.699125e+00
    endloop
  endfacet
  facet normal 1.933723e-01 1.519794e-03 -9.811243e-01
    outer loop
      vertex   4.372295e+01 2.945109e+01 8.968746e+00
      vertex   4.314872e+01 3.295172e+01 8.860992e+00
      vertex   4.375292e+01 2.974938e+01 8.975114e+00
    endloop
  endfacet
  facet normal 2.009850e-01 3.010810e-03 -9.795897e-01
    outer loop
      vertex   4.375292e+01 2.974938e+01 8.975114e+00
      vertex   4.314872e+01 3.295172e+01 8.860992e+00
      vertex   4.413004e+01 3.295172e+01 9.062331e+00
    endloop
  endfacet
  facet normal 2.067906e-01 2.294246e-03 -9.783825e-01
    outer loop
      vertex   4.375292e+01 2.974938e+01 8.975114e+00
      vertex   4.413004e+01 3.295172e+01 9.062331e+00
      vertex   4.384142e+01 3.003540e+01 8.994491e+00
    endloop
  endfacet
  facet normal 2.215098e-01 7.625537e-04 -9.751579e-01
    outer loop
      vertex   4.384142e+01 3.003540e+01 8.994491e+00
      vertex   4.413004e+01 3.295172e+01 9.062331e+00
      vertex   4.398413e+01 3.029693e+01 9.027111e+00
    endloop
  endfacet
  facet normal 2.365637e-01 -1.118196e-04 -9.716160e-01
    outer loop
      vertex   4.398413e+01 3.029693e+01 9.027111e+00
      vertex   4.413004e+01 3.295172e+01 9.062331e+00
      vertex   4.417471e+01 3.052419e+01 9.073488e+00
    endloop
  endfacet
  facet normal 2.532153e-01 2.139706e-04 -9.674099e-01
    outer loop
      vertex   4.417471e+01 3.052419e+01 9.073488e+00
      vertex   4.413004e+01 3.295172e+01 9.062331e+00
      vertex   4.440385e+01 3.070796e+01 9.133504e+00
    endloop
  endfacet
  facet normal 2.717218e-01 2.632175e-03 -9.623723e-01
    outer loop
      vertex   4.440385e+01 3.070796e+01 9.133504e+00
      vertex   4.413004e+01 3.295172e+01 9.062331e+00
      vertex   4.466229e+01 3.084273e+01 9.206841e+00
    endloop
  endfacet
  facet normal 2.795321e-01 4.757288e-03 -9.601246e-01
    outer loop
      vertex   4.466229e+01 3.084273e+01 9.206841e+00
      vertex   4.413004e+01 3.295172e+01 9.062331e+00
      vertex   4.509186e+01 3.295172e+01 9.342358e+00
    endloop
  endfacet
  facet normal 2.942603e-01 1.474592e-03 -9.557242e-01
    outer loop
      vertex   4.466229e+01 3.084273e+01 9.206841e+00
      vertex   4.509186e+01 3.295172e+01 9.342358e+00
      vertex   4.493924e+01 3.092451e+01 9.292240e+00
    endloop
  endfacet
  facet normal 3.173783e-01 -4.494062e-04 -9.482989e-01
    outer loop
      vertex   4.493924e+01 3.092451e+01 9.292240e+00
      vertex   4.509186e+01 3.295172e+01 9.342358e+00
      vertex   4.522374e+01 3.095172e+01 9.387445e+00
    endloop
  endfacet
  facet normal 3.562529e-01 2.427682e-03 -9.343864e-01
    outer loop
      vertex   4.522374e+01 3.095172e+01 9.387445e+00
      vertex   4.509186e+01 3.295172e+01 9.342358e+00
      vertex   4.602789e+01 3.295172e+01 9.699238e+00
    endloop
  endfacet
  facet normal 3.654321e-01 -1.816499e-03 -9.308362e-01
    outer loop
      vertex   4.522374e+01 3.095172e+01 9.387445e+00
      vertex   4.602789e+01 3.295172e+01 9.699238e+00
      vertex   4.612358e+01 3.095172e+01 9.740707e+00
    endloop
  endfacet
  facet normal 4.306389e-01 1.890355e-03 -9.025223e-01
    outer loop
      vertex   4.612358e+01 3.095172e+01 9.740707e+00
      vertex   4.602789e+01 3.295172e+01 9.699238e+00
      vertex   4.693200e+01 3.295172e+01 1.013063e+01
    endloop
  endfacet
  facet normal 4.369530e-01 -1.254317e-03 -8.994835e-01
    outer loop
      vertex   4.612358e+01 3.095172e+01 9.740707e+00
      vertex   4.693200e+01 3.295172e+01 1.013063e+01
      vertex   4.699311e+01 3.095172e+01 1.016311e+01
    endloop
  endfacet
  facet normal 5.022049e-01 1.303321e-03 -8.647477e-01
    outer loop
      vertex   4.699311e+01 3.095172e+01 1.016311e+01
      vertex   4.693200e+01 3.295172e+01 1.013063e+01
      vertex   4.779827e+01 3.295172e+01 1.063372e+01
    endloop
  endfacet
  facet normal 5.058092e-01 -6.424305e-04 -8.626451e-01
    outer loop
      vertex   4.699311e+01 3.095172e+01 1.016311e+01
      vertex   4.779827e+01 3.295172e+01 1.063372e+01
      vertex   4.782703e+01 3.095172e+01 1.065207e+01
    endloop
  endfacet
  facet normal 5.704821e-01 6.665842e-04 -8.213098e-01
    outer loop
      vertex   4.782703e+01 3.095172e+01 1.065207e+01
      vertex   4.779827e+01 3.295172e+01 1.063372e+01
      vertex   4.862103e+01 3.295172e+01 1.120521e+01
    endloop
  endfacet
  facet normal 5.715807e-01 1.915658e-05 -8.205458e-01
    outer loop
      vertex   4.782703e+01 3.095172e+01 1.065207e+01
      vertex   4.862103e+01 3.295172e+01 1.120521e+01
      vertex   4.862024e+01 3.095172e+01 1.120462e+01
    endloop
  endfacet
  facet normal 6.338665e-01 -1.911779e-05 -7.734425e-01
    outer loop
      vertex   4.862024e+01 3.095172e+01 1.120462e+01
      vertex   4.862103e+01 3.295172e+01 1.120521e+01
      vertex   4.936793e+01 3.095172e+01 1.181737e+01
    endloop
  endfacet
  facet normal 6.350231e-01 7.034702e-04 -7.724928e-01
    outer loop
      vertex   4.936793e+01 3.095172e+01 1.181737e+01
      vertex   4.862103e+01 3.295172e+01 1.120521e+01
      vertex   4.939488e+01 3.295172e+01 1.184135e+01
    endloop
  endfacet
  facet normal 6.922867e-01 -6.779282e-04 -7.216223e-01
    outer loop
      vertex   4.936793e+01 3.095172e+01 1.181737e+01
      vertex   4.939488e+01 3.295172e+01 1.184135e+01
      vertex   5.006552e+01 3.095172e+01 1.248660e+01
    endloop
  endfacet
  facet normal 6.954051e-01 1.337431e-03 -7.186167e-01
    outer loop
      vertex   5.006552e+01 3.095172e+01 1.248660e+01
      vertex   4.939488e+01 3.295172e+01 1.184135e+01
      vertex   5.011476e+01 3.295172e+01 1.253798e+01
    endloop
  endfacet
  facet normal 7.464848e-01 -1.287038e-03 -6.654012e-01
    outer loop
      vertex   5.006552e+01 3.095172e+01 1.248660e+01
      vertex   5.011476e+01 3.295172e+01 1.253798e+01
      vertex   5.070876e+01 3.095172e+01 1.320823e+01
    endloop
  endfacet
  facet normal 7.512329e-01 1.921687e-03 -6.600345e-01
    outer loop
      vertex   5.070876e+01 3.095172e+01 1.320823e+01
      vertex   5.011476e+01 3.295172e+01 1.253798e+01
      vertex   5.077595e+01 3.295172e+01 1.329053e+01
    endloop
  endfacet
  facet normal 7.961304e-01 -1.846442e-03 -6.051223e-01
    outer loop
      vertex   5.070876e+01 3.095172e+01 1.320823e+01
      vertex   5.077595e+01 3.295172e+01 1.329053e+01
      vertex   5.129373e+01 3.095172e+01 1.397785e+01
    endloop
  endfacet
  facet normal 7.987213e-01 4.894796e-16 -6.017012e-01
    outer loop
      vertex   5.129373e+01 3.095172e+01 1.397785e+01
      vertex   5.077595e+01 3.295172e+01 1.329053e+01
      vertex   5.129373e+01 3.381172e+01 1.397785e+01
    endloop
  endfacet
  facet normal -5.792280e-01 -7.071068e-01 4.055798e-01
    outer loop
      vertex   3.859687e+01 1.155552e+01 2.286828e+01
      vertex   4.108385e+01 8.519479e+00 2.112688e+01
      vertex   3.860134e+01 1.305552e+01 2.548982e+01
    endloop
  endfacet
  facet normal -5.792280e-01 -7.071068e-01 4.055798e-01
    outer loop
      vertex   3.860134e+01 1.305552e+01 2.548982e+01
      vertex   4.108385e+01 8.519479e+00 2.112688e+01
      vertex   5.071750e+01 2.600002e-01 2.048520e+01
    endloop
  endfacet
  facet normal -5.792280e-01 -7.071068e-01 4.055798e-01
    outer loop
      vertex   3.860134e+01 1.305552e+01 2.548982e+01
      vertex   5.071750e+01 2.600002e-01 2.048520e+01
      vertex   4.023603e+01 1.305552e+01 2.782441e+01
    endloop
  endfacet
  facet normal -5.792280e-01 -7.071068e-01 4.055798e-01
    outer loop
      vertex   3.859687e+01 1.155552e+01 2.286828e+01
      vertex   3.859687e+01 1.055669e+01 2.112688e+01
      vertex   4.108385e+01 8.519479e+00 2.112688e+01
    endloop
  endfacet
  facet normal -5.792280e-01 -7.071068e-01 4.055798e-01
    outer loop
      vertex   4.108385e+01 8.519479e+00 2.112688e+01
      vertex   4.784962e+01 2.600002e-01 1.638944e+01
      vertex   5.071750e+01 2.600002e-01 2.048520e+01
    endloop
  endfacet
  facet normal 5.735764e-01 -0.000000e+00 8.191520e-01
    outer loop
      vertex   4.108385e+01 1.422054e+01 2.112688e+01
      vertex   4.108385e+01 1.895665e+01 2.112688e+01
      vertex   4.072641e+01 1.418904e+01 2.137717e+01
    endloop
  endfacet
  facet normal 5.735764e-01 -0.000000e+00 8.191520e-01
    outer loop
      vertex   4.072641e+01 1.418904e+01 2.137717e+01
      vertex   4.108385e+01 1.895665e+01 2.112688e+01
      vertex   4.072641e+01 1.898815e+01 2.137717e+01
    endloop
  endfacet
  facet normal 5.735764e-01 -0.000000e+00 8.191520e-01
    outer loop
      vertex   4.072641e+01 1.418904e+01 2.137717e+01
      vertex   4.072641e+01 1.898815e+01 2.137717e+01
      vertex   4.037022e+01 1.893992e+01 2.162657e+01
    endloop
  endfacet
  facet normal 5.735764e-01 8.687115e-16 8.191520e-01
    outer loop
      vertex   4.072641e+01 1.418904e+01 2.137717e+01
      vertex   4.037022e+01 1.893992e+01 2.162657e+01
      vertex   4.037022e+01 1.423727e+01 2.162657e+01
    endloop
  endfacet
  facet normal 5.735764e-01 8.666401e-16 8.191520e-01
    outer loop
      vertex   4.037022e+01 1.423727e+01 2.162657e+01
      vertex   4.037022e+01 1.893992e+01 2.162657e+01
      vertex   4.002713e+01 1.881355e+01 2.186681e+01
    endloop
  endfacet
  facet normal 5.735764e-01 0.000000e+00 8.191520e-01
    outer loop
      vertex   4.037022e+01 1.423727e+01 2.162657e+01
      vertex   4.002713e+01 1.881355e+01 2.186681e+01
      vertex   4.002713e+01 1.436363e+01 2.186681e+01
    endloop
  endfacet
  facet normal 5.735764e-01 -0.000000e+00 8.191520e-01
    outer loop
      vertex   4.002713e+01 1.436363e+01 2.186681e+01
      vertex   4.002713e+01 1.881355e+01 2.186681e+01
      vertex   3.970852e+01 1.861326e+01 2.208990e+01
    endloop
  endfacet
  facet normal 5.735764e-01 0.000000e+00 8.191520e-01
    outer loop
      vertex   4.002713e+01 1.436363e+01 2.186681e+01
      vertex   3.970852e+01 1.861326e+01 2.208990e+01
      vertex   3.970852e+01 1.456393e+01 2.208990e+01
    endloop
  endfacet
  facet normal 5.735764e-01 -0.000000e+00 8.191520e-01
    outer loop
      vertex   3.970852e+01 1.456393e+01 2.208990e+01
      vertex   3.970852e+01 1.861326e+01 2.208990e+01
      vertex   3.942500e+01 1.834569e+01 2.228843e+01
    endloop
  endfacet
  facet normal 5.735764e-01 0.000000e+00 8.191520e-01
    outer loop
      vertex   3.970852e+01 1.456393e+01 2.208990e+01
      vertex   3.942500e+01 1.834569e+01 2.228843e+01
      vertex   3.942500e+01 1.483150e+01 2.228843e+01
    endloop
  endfacet
  facet normal 5.735764e-01 -0.000000e+00 8.191520e-01
    outer loop
      vertex   3.942500e+01 1.483150e+01 2.228843e+01
      vertex   3.942500e+01 1.834569e+01 2.228843e+01
      vertex   3.918597e+01 1.801973e+01 2.245580e+01
    endloop
  endfacet
  facet normal 5.735764e-01 0.000000e+00 8.191520e-01
    outer loop
      vertex   3.942500e+01 1.483150e+01 2.228843e+01
      vertex   3.918597e+01 1.801973e+01 2.245580e+01
      vertex   3.918597e+01 1.515746e+01 2.245580e+01
    endloop
  endfacet
  facet normal 5.735764e-01 -0.000000e+00 8.191520e-01
    outer loop
      vertex   3.918597e+01 1.515746e+01 2.245580e+01
      vertex   3.918597e+01 1.801973e+01 2.245580e+01
      vertex   3.899938e+01 1.764621e+01 2.258645e+01
    endloop
  endfacet
  facet normal 5.735764e-01 0.000000e+00 8.191520e-01
    outer loop
      vertex   3.918597e+01 1.515746e+01 2.245580e+01
      vertex   3.899938e+01 1.764621e+01 2.258645e+01
      vertex   3.899938e+01 1.553097e+01 2.258645e+01
    endloop
  endfacet
  facet normal 5.735764e-01 -0.000000e+00 8.191520e-01
    outer loop
      vertex   3.899938e+01 1.553097e+01 2.258645e+01
      vertex   3.899938e+01 1.764621e+01 2.258645e+01
      vertex   3.887143e+01 1.723756e+01 2.267604e+01
    endloop
  endfacet
  facet normal 5.735764e-01 0.000000e+00 8.191520e-01
    outer loop
      vertex   3.899938e+01 1.553097e+01 2.258645e+01
      vertex   3.887143e+01 1.723756e+01 2.267604e+01
      vertex   3.887143e+01 1.593963e+01 2.267604e+01
    endloop
  endfacet
  facet normal 5.735764e-01 -0.000000e+00 8.191520e-01
    outer loop
      vertex   3.887143e+01 1.593963e+01 2.267604e+01
      vertex   3.887143e+01 1.723756e+01 2.267604e+01
      vertex   3.880638e+01 1.680734e+01 2.272159e+01
    endloop
  endfacet
  facet normal 5.735764e-01 0.000000e+00 8.191520e-01
    outer loop
      vertex   3.887143e+01 1.593963e+01 2.267604e+01
      vertex   3.880638e+01 1.680734e+01 2.272159e+01
      vertex   3.880638e+01 1.636985e+01 2.272159e+01
    endloop
  endfacet
  facet normal -1.000000e+00 -0.000000e+00 -0.000000e+00
    outer loop
      vertex   3.859687e+01 2.461519e+01 2.286828e+01
      vertex   3.859687e+01 2.461519e+01 2.112688e+01
      vertex   3.859687e+01 1.155552e+01 2.286828e+01
    endloop
  endfacet
  facet normal -1.000000e+00 0.000000e+00 -0.000000e+00
    outer loop
      vertex   3.859687e+01 1.155552e+01 2.286828e+01
      vertex   3.859687e+01 2.461519e+01 2.112688e+01
      vertex   3.859687e+01 1.055669e+01 2.112688e+01
    endloop
  endfacet
  facet normal 7.536320e-02 -9.957341e-01 -5.323516e-02
    outer loop
      vertex   4.613868e+01 1.894773e+01 2.979520e+01
      vertex   4.072641e+01 1.898815e+01 2.137717e+01
      vertex   4.649992e+01 1.898859e+01 2.954225e+01
    endloop
  endfacet
  facet normal -5.876823e-02 -9.974041e-01 4.160890e-02
    outer loop
      vertex   4.649992e+01 1.898859e+01 2.954225e+01
      vertex   4.072641e+01 1.898815e+01 2.137717e+01
      vertex   4.108385e+01 1.895665e+01 2.112688e+01
    endloop
  endfacet
  facet normal -7.582281e-02 -9.957341e-01 5.257877e-02
    outer loop
      vertex   4.649992e+01 1.898859e+01 2.954225e+01
      vertex   4.108385e+01 1.895665e+01 2.112688e+01
      vertex   4.686117e+01 1.894773e+01 2.928931e+01
    endloop
  endfacet
  facet normal -2.081010e-01 -9.671138e-01 1.462358e-01
    outer loop
      vertex   4.686117e+01 1.894773e+01 2.928931e+01
      vertex   4.108385e+01 1.895665e+01 2.112688e+01
      vertex   4.144013e+01 1.884226e+01 2.087741e+01
    endloop
  endfacet
  facet normal -2.243841e-01 -9.618256e-01 1.566631e-01
    outer loop
      vertex   4.686117e+01 1.894773e+01 2.928931e+01
      vertex   4.144013e+01 1.884226e+01 2.087741e+01
      vertex   4.721011e+01 1.882653e+01 2.904497e+01
    endloop
  endfacet
  facet normal -3.522687e-01 -9.026837e-01 2.471213e-01
    outer loop
      vertex   4.721011e+01 1.882653e+01 2.904497e+01
      vertex   4.144013e+01 1.884226e+01 2.087741e+01
      vertex   4.177267e+01 1.864874e+01 2.064456e+01
    endloop
  endfacet
  facet normal -3.653104e-01 -8.951632e-01 2.554038e-01
    outer loop
      vertex   4.721011e+01 1.882653e+01 2.904497e+01
      vertex   4.177267e+01 1.864874e+01 2.064456e+01
      vertex   4.753487e+01 1.862911e+01 2.881758e+01
    endloop
  endfacet
  facet normal -4.840605e-01 -8.065573e-01 3.393387e-01
    outer loop
      vertex   4.753487e+01 1.862911e+01 2.881758e+01
      vertex   4.177267e+01 1.864874e+01 2.064456e+01
      vertex   4.206980e+01 1.838289e+01 2.043651e+01
    endloop
  endfacet
  facet normal -4.938016e-01 -7.980172e-01 3.454397e-01
    outer loop
      vertex   4.753487e+01 1.862911e+01 2.881758e+01
      vertex   4.206980e+01 1.838289e+01 2.043651e+01
      vertex   4.782438e+01 1.836221e+01 2.861486e+01
    endloop
  endfacet
  facet normal -5.988499e-01 -6.821099e-01 4.196485e-01
    outer loop
      vertex   4.782438e+01 1.836221e+01 2.861486e+01
      vertex   4.206980e+01 1.838289e+01 2.043651e+01
      vertex   4.232109e+01 1.805402e+01 2.026056e+01
    endloop
  endfacet
  facet normal -6.054810e-01 -6.736956e-01 4.237062e-01
    outer loop
      vertex   4.782438e+01 1.836221e+01 2.861486e+01
      vertex   4.232109e+01 1.805402e+01 2.026056e+01
      vertex   4.806880e+01 1.803492e+01 2.844372e+01
    endloop
  endfacet
  facet normal -6.926074e-01 -5.337112e-01 4.852292e-01
    outer loop
      vertex   4.806880e+01 1.803492e+01 2.844372e+01
      vertex   4.232109e+01 1.805402e+01 2.026056e+01
      vertex   4.251770e+01 1.767371e+01 2.012289e+01
    endloop
  endfacet
  facet normal -6.965445e-01 -5.264322e-01 4.875398e-01
    outer loop
      vertex   4.806880e+01 1.803492e+01 2.844372e+01
      vertex   4.251770e+01 1.767371e+01 2.012289e+01
      vertex   4.825978e+01 1.765836e+01 2.830999e+01
    endloop
  endfacet
  facet normal -7.620418e-01 -3.665722e-01 5.337763e-01
    outer loop
      vertex   4.825978e+01 1.765836e+01 2.830999e+01
      vertex   4.251770e+01 1.767371e+01 2.012289e+01
      vertex   4.265275e+01 1.725529e+01 2.002833e+01
    endloop
  endfacet
  facet normal -7.638898e-01 -3.612417e-01 5.347680e-01
    outer loop
      vertex   4.825978e+01 1.765836e+01 2.830999e+01
      vertex   4.265275e+01 1.725529e+01 2.002833e+01
      vertex   4.839084e+01 1.724538e+01 2.821822e+01
    endloop
  endfacet
  facet normal -8.047163e-01 -1.865615e-01 5.635836e-01
    outer loop
      vertex   4.839084e+01 1.724538e+01 2.821822e+01
      vertex   4.265275e+01 1.725529e+01 2.002833e+01
      vertex   4.272147e+01 1.681346e+01 1.998021e+01
    endloop
  endfacet
  facet normal -8.052225e-01 -1.837495e-01 5.637845e-01
    outer loop
      vertex   4.839084e+01 1.724538e+01 2.821822e+01
      vertex   4.272147e+01 1.681346e+01 1.998021e+01
      vertex   4.845750e+01 1.681004e+01 2.817154e+01
    endloop
  endfacet
  facet normal -8.191337e-01 0.000000e+00 5.736026e-01
    outer loop
      vertex   4.845750e+01 1.681004e+01 2.817154e+01
      vertex   4.272147e+01 1.681346e+01 1.998021e+01
      vertex   4.845750e+01 1.636715e+01 2.817154e+01
    endloop
  endfacet
  facet normal -8.191337e-01 0.000000e+00 5.736026e-01
    outer loop
      vertex   4.845750e+01 1.636715e+01 2.817154e+01
      vertex   4.272147e+01 1.681346e+01 1.998021e+01
      vertex   4.272147e+01 1.636373e+01 1.998021e+01
    endloop
  endfacet
  facet normal -8.052225e-01 1.837495e-01 5.637845e-01
    outer loop
      vertex   4.845750e+01 1.636715e+01 2.817154e+01
      vertex   4.272147e+01 1.636373e+01 1.998021e+01
      vertex   4.839084e+01 1.593180e+01 2.821822e+01
    endloop
  endfacet
  facet normal -8.047163e-01 1.865615e-01 5.635836e-01
    outer loop
      vertex   4.839084e+01 1.593180e+01 2.821822e+01
      vertex   4.272147e+01 1.636373e+01 1.998021e+01
      vertex   4.265275e+01 1.592190e+01 2.002833e+01
    endloop
  endfacet
  facet normal -7.638898e-01 3.612417e-01 5.347680e-01
    outer loop
      vertex   4.839084e+01 1.593180e+01 2.821822e+01
      vertex   4.265275e+01 1.592190e+01 2.002833e+01
      vertex   4.825978e+01 1.551882e+01 2.830999e+01
    endloop
  endfacet
  facet normal -7.620418e-01 3.665722e-01 5.337763e-01
    outer loop
      vertex   4.825978e+01 1.551882e+01 2.830999e+01
      vertex   4.265275e+01 1.592190e+01 2.002833e+01
      vertex   4.251770e+01 1.550348e+01 2.012289e+01
    endloop
  endfacet
  facet normal -6.965445e-01 5.264322e-01 4.875398e-01
    outer loop
      vertex   4.825978e+01 1.551882e+01 2.830999e+01
      vertex   4.251770e+01 1.550348e+01 2.012289e+01
      vertex   4.806880e+01 1.514227e+01 2.844372e+01
    endloop
  endfacet
  facet normal -6.926074e-01 5.337112e-01 4.852292e-01
    outer loop
      vertex   4.806880e+01 1.514227e+01 2.844372e+01
      vertex   4.251770e+01 1.550348e+01 2.012289e+01
      vertex   4.232109e+01 1.512316e+01 2.026056e+01
    endloop
  endfacet
  facet normal -6.054810e-01 6.736956e-01 4.237062e-01
    outer loop
      vertex   4.806880e+01 1.514227e+01 2.844372e+01
      vertex   4.232109e+01 1.512316e+01 2.026056e+01
      vertex   4.782438e+01 1.481497e+01 2.861486e+01
    endloop
  endfacet
  facet normal -5.988499e-01 6.821099e-01 4.196485e-01
    outer loop
      vertex   4.782438e+01 1.481497e+01 2.861486e+01
      vertex   4.232109e+01 1.512316e+01 2.026056e+01
      vertex   4.206980e+01 1.479430e+01 2.043651e+01
    endloop
  endfacet
  facet normal -4.938016e-01 7.980172e-01 3.454397e-01
    outer loop
      vertex   4.782438e+01 1.481497e+01 2.861486e+01
      vertex   4.206980e+01 1.479430e+01 2.043651e+01
      vertex   4.753487e+01 1.454807e+01 2.881758e+01
    endloop
  endfacet
  facet normal -4.840605e-01 8.065573e-01 3.393387e-01
    outer loop
      vertex   4.753487e+01 1.454807e+01 2.881758e+01
      vertex   4.206980e+01 1.479430e+01 2.043651e+01
      vertex   4.177267e+01 1.452844e+01 2.064456e+01
    endloop
  endfacet
  facet normal -3.653104e-01 8.951632e-01 2.554038e-01
    outer loop
      vertex   4.753487e+01 1.454807e+01 2.881758e+01
      vertex   4.177267e+01 1.452844e+01 2.064456e+01
      vertex   4.721011e+01 1.435066e+01 2.904497e+01
    endloop
  endfacet
  facet normal -3.522687e-01 9.026837e-01 2.471213e-01
    outer loop
      vertex   4.721011e+01 1.435066e+01 2.904497e+01
      vertex   4.177267e+01 1.452844e+01 2.064456e+01
      vertex   4.144013e+01 1.433492e+01 2.087741e+01
    endloop
  endfacet
  facet normal -2.243841e-01 9.618256e-01 1.566631e-01
    outer loop
      vertex   4.721011e+01 1.435066e+01 2.904497e+01
      vertex   4.144013e+01 1.433492e+01 2.087741e+01
      vertex   4.686117e+01 1.422946e+01 2.928931e+01
    endloop
  endfacet
  facet normal -2.081010e-01 9.671138e-01 1.462358e-01
    outer loop
      vertex   4.686117e+01 1.422946e+01 2.928931e+01
      vertex   4.144013e+01 1.433492e+01 2.087741e+01
      vertex   4.108385e+01 1.422054e+01 2.112688e+01
    endloop
  endfacet
  facet normal -7.582281e-02 9.957341e-01 5.257877e-02
    outer loop
      vertex   4.686117e+01 1.422946e+01 2.928931e+01
      vertex   4.108385e+01 1.422054e+01 2.112688e+01
      vertex   4.649992e+01 1.418859e+01 2.954225e+01
    endloop
  endfacet
  facet normal -5.876823e-02 9.974041e-01 4.160890e-02
    outer loop
      vertex   4.649992e+01 1.418859e+01 2.954225e+01
      vertex   4.108385e+01 1.422054e+01 2.112688e+01
      vertex   4.072641e+01 1.418904e+01 2.137717e+01
    endloop
  endfacet
  facet normal 7.536320e-02 9.957341e-01 -5.323516e-02
    outer loop
      vertex   4.649992e+01 1.418859e+01 2.954225e+01
      vertex   4.072641e+01 1.418904e+01 2.137717e+01
      vertex   4.613868e+01 1.422946e+01 2.979520e+01
    endloop
  endfacet
  facet normal 9.050242e-02 9.939041e-01 -6.295993e-02
    outer loop
      vertex   4.613868e+01 1.422946e+01 2.979520e+01
      vertex   4.072641e+01 1.418904e+01 2.137717e+01
      vertex   4.037022e+01 1.423727e+01 2.162657e+01
    endloop
  endfacet
  facet normal 2.239761e-01 9.618256e-01 -1.572459e-01
    outer loop
      vertex   4.613868e+01 1.422946e+01 2.979520e+01
      vertex   4.037022e+01 1.423727e+01 2.162657e+01
      vertex   4.578973e+01 1.435066e+01 3.003953e+01
    endloop
  endfacet
  facet normal 2.367715e-01 9.573780e-01 -1.654285e-01
    outer loop
      vertex   4.578973e+01 1.435066e+01 3.003953e+01
      vertex   4.037022e+01 1.423727e+01 2.162657e+01
      vertex   4.002713e+01 1.436363e+01 2.186681e+01
    endloop
  endfacet
  facet normal 3.649557e-01 8.951633e-01 -2.559103e-01
    outer loop
      vertex   4.578973e+01 1.435066e+01 3.003953e+01
      vertex   4.002713e+01 1.436363e+01 2.186681e+01
      vertex   4.546497e+01 1.454807e+01 3.026693e+01
    endloop
  endfacet
  facet normal 3.751779e-01 8.890396e-01 -2.623932e-01
    outer loop
      vertex   4.546497e+01 1.454807e+01 3.026693e+01
      vertex   4.002713e+01 1.436363e+01 2.186681e+01
      vertex   3.970852e+01 1.456393e+01 2.208990e+01
    endloop
  endfacet
  facet normal 4.935021e-01 7.980172e-01 -3.458673e-01
    outer loop
      vertex   4.546497e+01 1.454807e+01 3.026693e+01
      vertex   3.970852e+01 1.456393e+01 2.208990e+01
      vertex   4.517546e+01 1.481497e+01 3.046965e+01
    endloop
  endfacet
  facet normal 5.011219e-01 7.911596e-01 -3.506329e-01
    outer loop
      vertex   4.517546e+01 1.481497e+01 3.046965e+01
      vertex   3.970852e+01 1.456393e+01 2.208990e+01
      vertex   3.942500e+01 1.483150e+01 2.228843e+01
    endloop
  endfacet
  facet normal 6.052386e-01 6.736956e-01 -4.240524e-01
    outer loop
      vertex   4.517546e+01 1.481497e+01 3.046965e+01
      vertex   3.942500e+01 1.483150e+01 2.228843e+01
      vertex   4.493105e+01 1.514227e+01 3.064079e+01
    endloop
  endfacet
  facet normal 6.104175e-01 6.669904e-01 -4.272169e-01
    outer loop
      vertex   4.493105e+01 1.514227e+01 3.064079e+01
      vertex   3.942500e+01 1.483150e+01 2.228843e+01
      vertex   3.918597e+01 1.515746e+01 2.245580e+01
    endloop
  endfacet
  facet normal 6.963610e-01 5.264322e-01 -4.878018e-01
    outer loop
      vertex   4.493105e+01 1.514227e+01 3.064079e+01
      vertex   3.918597e+01 1.515746e+01 2.245580e+01
      vertex   4.474006e+01 1.551882e+01 3.077452e+01
    endloop
  endfacet
  facet normal 6.994322e-01 5.206581e-01 -4.896016e-01
    outer loop
      vertex   4.474006e+01 1.551882e+01 3.077452e+01
      vertex   3.918597e+01 1.515746e+01 2.245580e+01
      vertex   3.899938e+01 1.553097e+01 2.258645e+01
    endloop
  endfacet
  facet normal 7.637670e-01 3.612417e-01 -5.349434e-01
    outer loop
      vertex   4.474006e+01 1.551882e+01 3.077452e+01
      vertex   3.899938e+01 1.553097e+01 2.258645e+01
      vertex   4.460901e+01 1.593180e+01 3.086629e+01
    endloop
  endfacet
  facet normal 7.652074e-01 3.570250e-01 -5.357152e-01
    outer loop
      vertex   4.460901e+01 1.593180e+01 3.086629e+01
      vertex   3.899938e+01 1.553097e+01 2.258645e+01
      vertex   3.887143e+01 1.593963e+01 2.267604e+01
    endloop
  endfacet
  facet normal 8.051622e-01 1.837495e-01 -5.638705e-01
    outer loop
      vertex   4.460901e+01 1.593180e+01 3.086629e+01
      vertex   3.887143e+01 1.593963e+01 2.267604e+01
      vertex   4.454234e+01 1.636715e+01 3.091297e+01
    endloop
  endfacet
  facet normal 8.055565e-01 1.815285e-01 -5.640267e-01
    outer loop
      vertex   4.454234e+01 1.636715e+01 3.091297e+01
      vertex   3.887143e+01 1.593963e+01 2.267604e+01
      vertex   3.880638e+01 1.636985e+01 2.272159e+01
    endloop
  endfacet
  facet normal 8.191378e-01 0.000000e+00 -5.735968e-01
    outer loop
      vertex   4.454234e+01 1.636715e+01 3.091297e+01
      vertex   3.880638e+01 1.636985e+01 2.272159e+01
      vertex   3.880638e+01 1.680734e+01 2.272159e+01
    endloop
  endfacet
  facet normal 9.050242e-02 -9.939041e-01 -6.295993e-02
    outer loop
      vertex   4.072641e+01 1.898815e+01 2.137717e+01
      vertex   4.613868e+01 1.894773e+01 2.979520e+01
      vertex   4.037022e+01 1.893992e+01 2.162657e+01
    endloop
  endfacet
  facet normal 2.239761e-01 -9.618256e-01 -1.572459e-01
    outer loop
      vertex   4.037022e+01 1.893992e+01 2.162657e+01
      vertex   4.613868e+01 1.894773e+01 2.979520e+01
      vertex   4.578973e+01 1.882653e+01 3.003953e+01
    endloop
  endfacet
  facet normal 2.367715e-01 -9.573780e-01 -1.654285e-01
    outer loop
      vertex   4.037022e+01 1.893992e+01 2.162657e+01
      vertex   4.578973e+01 1.882653e+01 3.003953e+01
      vertex   4.002713e+01 1.881355e+01 2.186681e+01
    endloop
  endfacet
  facet normal 3.649557e-01 -8.951633e-01 -2.559103e-01
    outer loop
      vertex   4.002713e+01 1.881355e+01 2.186681e+01
      vertex   4.578973e+01 1.882653e+01 3.003953e+01
      vertex   4.546497e+01 1.862911e+01 3.026693e+01
    endloop
  endfacet
  facet normal 3.751779e-01 -8.890396e-01 -2.623932e-01
    outer loop
      vertex   4.002713e+01 1.881355e+01 2.186681e+01
      vertex   4.546497e+01 1.862911e+01 3.026693e+01
      vertex   3.970852e+01 1.861326e+01 2.208990e+01
    endloop
  endfacet
  facet normal 4.935021e-01 -7.980172e-01 -3.458673e-01
    outer loop
      vertex   3.970852e+01 1.861326e+01 2.208990e+01
      vertex   4.546497e+01 1.862911e+01 3.026693e+01
      vertex   4.517546e+01 1.836221e+01 3.046965e+01
    endloop
  endfacet
  facet normal 5.011219e-01 -7.911596e-01 -3.506329e-01
    outer loop
      vertex   3.970852e+01 1.861326e+01 2.208990e+01
      vertex   4.517546e+01 1.836221e+01 3.046965e+01
      vertex   3.942500e+01 1.834569e+01 2.228843e+01
    endloop
  endfacet
  facet normal 6.052386e-01 -6.736956e-01 -4.240524e-01
    outer loop
      vertex   3.942500e+01 1.834569e+01 2.228843e+01
      vertex   4.517546e+01 1.836221e+01 3.046965e+01
      vertex   4.493105e+01 1.803492e+01 3.064079e+01
    endloop
  endfacet
  facet normal 6.104175e-01 -6.669904e-01 -4.272169e-01
    outer loop
      vertex   3.942500e+01 1.834569e+01 2.228843e+01
      vertex   4.493105e+01 1.803492e+01 3.064079e+01
      vertex   3.918597e+01 1.801973e+01 2.245580e+01
    endloop
  endfacet
  facet normal 6.963610e-01 -5.264322e-01 -4.878018e-01
    outer loop
      vertex   3.918597e+01 1.801973e+01 2.245580e+01
      vertex   4.493105e+01 1.803492e+01 3.064079e+01
      vertex   4.474006e+01 1.765836e+01 3.077452e+01
    endloop
  endfacet
  facet normal 6.994322e-01 -5.206581e-01 -4.896016e-01
    outer loop
      vertex   3.918597e+01 1.801973e+01 2.245580e+01
      vertex   4.474006e+01 1.765836e+01 3.077452e+01
      vertex   3.899938e+01 1.764621e+01 2.258645e+01
    endloop
  endfacet
  facet normal 7.637670e-01 -3.612417e-01 -5.349434e-01
    outer loop
      vertex   3.899938e+01 1.764621e+01 2.258645e+01
      vertex   4.474006e+01 1.765836e+01 3.077452e+01
      vertex   4.460901e+01 1.724538e+01 3.086629e+01
    endloop
  endfacet
  facet normal 7.652074e-01 -3.570250e-01 -5.357152e-01
    outer loop
      vertex   3.899938e+01 1.764621e+01 2.258645e+01
      vertex   4.460901e+01 1.724538e+01 3.086629e+01
      vertex   3.887143e+01 1.723756e+01 2.267604e+01
    endloop
  endfacet
  facet normal 8.051622e-01 -1.837495e-01 -5.638705e-01
    outer loop
      vertex   3.887143e+01 1.723756e+01 2.267604e+01
      vertex   4.460901e+01 1.724538e+01 3.086629e+01
      vertex   4.454234e+01 1.681004e+01 3.091297e+01
    endloop
  endfacet
  facet normal 8.055565e-01 -1.815285e-01 -5.640267e-01
    outer loop
      vertex   3.887143e+01 1.723756e+01 2.267604e+01
      vertex   4.454234e+01 1.681004e+01 3.091297e+01
      vertex   3.880638e+01 1.680734e+01 2.272159e+01
    endloop
  endfacet
  facet normal 8.191378e-01 0.000000e+00 -5.735968e-01
    outer loop
      vertex   3.880638e+01 1.680734e+01 2.272159e+01
      vertex   4.454234e+01 1.681004e+01 3.091297e+01
      vertex   4.454234e+01 1.636715e+01 3.091297e+01
    endloop
  endfacet
  facet normal 7.558182e-02 -9.957342e-01 -5.292296e-02
    outer loop
      vertex   5.660522e+01 6.923836e+00 2.246645e+01
      vertex   5.086945e+01 6.923836e+00 1.427493e+01
      vertex   5.696646e+01 6.964700e+00 2.221350e+01
    endloop
  endfacet
  facet normal 7.558182e-02 -9.957342e-01 -5.292296e-02
    outer loop
      vertex   5.696646e+01 6.964700e+00 2.221350e+01
      vertex   5.086945e+01 6.923836e+00 1.427493e+01
      vertex   5.123070e+01 6.964700e+00 1.402198e+01
    endloop
  endfacet
  facet normal -7.558182e-02 -9.957342e-01 5.292296e-02
    outer loop
      vertex   5.696646e+01 6.964700e+00 2.221350e+01
      vertex   5.123070e+01 6.964700e+00 1.402198e+01
      vertex   5.732771e+01 6.923836e+00 2.196056e+01
    endloop
  endfacet
  facet normal -7.558182e-02 -9.957342e-01 5.292296e-02
    outer loop
      vertex   5.732771e+01 6.923836e+00 2.196056e+01
      vertex   5.123070e+01 6.964700e+00 1.402198e+01
      vertex   5.159194e+01 6.923836e+00 1.376904e+01
    endloop
  endfacet
  facet normal -2.241716e-01 -9.618256e-01 1.569666e-01
    outer loop
      vertex   5.732771e+01 6.923836e+00 2.196056e+01
      vertex   5.159194e+01 6.923836e+00 1.376904e+01
      vertex   5.767665e+01 6.802634e+00 2.171622e+01
    endloop
  endfacet
  facet normal -2.241716e-01 -9.618256e-01 1.569666e-01
    outer loop
      vertex   5.767665e+01 6.802634e+00 2.171622e+01
      vertex   5.159194e+01 6.923836e+00 1.376904e+01
      vertex   5.194089e+01 6.802634e+00 1.352470e+01
    endloop
  endfacet
  facet normal -3.651275e-01 -8.951633e-01 2.556650e-01
    outer loop
      vertex   5.767665e+01 6.802634e+00 2.171622e+01
      vertex   5.194089e+01 6.802634e+00 1.352470e+01
      vertex   5.800141e+01 6.605221e+00 2.148883e+01
    endloop
  endfacet
  facet normal -3.651275e-01 -8.951633e-01 2.556650e-01
    outer loop
      vertex   5.800141e+01 6.605221e+00 2.148883e+01
      vertex   5.194089e+01 6.802634e+00 1.352470e+01
      vertex   5.226565e+01 6.605221e+00 1.329731e+01
    endloop
  endfacet
  facet normal -4.936494e-01 -7.980172e-01 3.456570e-01
    outer loop
      vertex   5.800141e+01 6.605221e+00 2.148883e+01
      vertex   5.226565e+01 6.605221e+00 1.329731e+01
      vertex   5.829093e+01 6.338322e+00 2.128611e+01
    endloop
  endfacet
  facet normal -4.936494e-01 -7.980172e-01 3.456570e-01
    outer loop
      vertex   5.829093e+01 6.338322e+00 2.128611e+01
      vertex   5.226565e+01 6.605221e+00 1.329731e+01
      vertex   5.255516e+01 6.338322e+00 1.309458e+01
    endloop
  endfacet
  facet normal -6.053607e-01 -6.736956e-01 4.238781e-01
    outer loop
      vertex   5.829093e+01 6.338322e+00 2.128611e+01
      vertex   5.255516e+01 6.338322e+00 1.309458e+01
      vertex   5.853534e+01 6.011023e+00 2.111497e+01
    endloop
  endfacet
  facet normal -6.053607e-01 -6.736956e-01 4.238781e-01
    outer loop
      vertex   5.853534e+01 6.011023e+00 2.111497e+01
      vertex   5.255516e+01 6.338322e+00 1.309458e+01
      vertex   5.279957e+01 6.011023e+00 1.292345e+01
    endloop
  endfacet
  facet normal -6.964571e-01 -5.264322e-01 4.876645e-01
    outer loop
      vertex   5.853534e+01 6.011023e+00 2.111497e+01
      vertex   5.279957e+01 6.011023e+00 1.292345e+01
      vertex   5.872632e+01 5.634472e+00 2.098124e+01
    endloop
  endfacet
  facet normal -6.964571e-01 -5.264322e-01 4.876645e-01
    outer loop
      vertex   5.872632e+01 5.634472e+00 2.098124e+01
      vertex   5.279957e+01 6.011023e+00 1.292345e+01
      vertex   5.299056e+01 5.634472e+00 1.278972e+01
    endloop
  endfacet
  facet normal -7.638365e-01 -3.612417e-01 5.348441e-01
    outer loop
      vertex   5.872632e+01 5.634472e+00 2.098124e+01
      vertex   5.299056e+01 5.634472e+00 1.278972e+01
      vertex   5.885738e+01 5.221491e+00 2.088947e+01
    endloop
  endfacet
  facet normal -7.638365e-01 -3.612417e-01 5.348441e-01
    outer loop
      vertex   5.885738e+01 5.221491e+00 2.088947e+01
      vertex   5.299056e+01 5.634472e+00 1.278972e+01
      vertex   5.312161e+01 5.221491e+00 1.269795e+01
    endloop
  endfacet
  facet normal -8.052044e-01 -1.837495e-01 5.638102e-01
    outer loop
      vertex   5.885738e+01 5.221491e+00 2.088947e+01
      vertex   5.312161e+01 5.221491e+00 1.269795e+01
      vertex   5.892404e+01 4.786144e+00 2.084279e+01
    endloop
  endfacet
  facet normal -8.052044e-01 -1.837495e-01 5.638102e-01
    outer loop
      vertex   5.892404e+01 4.786144e+00 2.084279e+01
      vertex   5.312161e+01 5.221491e+00 1.269795e+01
      vertex   5.318828e+01 4.786144e+00 1.265127e+01
    endloop
  endfacet
  facet normal -8.191520e-01 0.000000e+00 5.735764e-01
    outer loop
      vertex   5.892404e+01 4.786144e+00 2.084279e+01
      vertex   5.318828e+01 4.786144e+00 1.265127e+01
      vertex   5.892404e+01 4.343256e+00 2.084279e+01
    endloop
  endfacet
  facet normal -8.191520e-01 0.000000e+00 5.735764e-01
    outer loop
      vertex   5.892404e+01 4.343256e+00 2.084279e+01
      vertex   5.318828e+01 4.786144e+00 1.265127e+01
      vertex   5.318828e+01 4.343256e+00 1.265127e+01
    endloop
  endfacet
  facet normal -8.052044e-01 1.837495e-01 5.638102e-01
    outer loop
      vertex   5.892404e+01 4.343256e+00 2.084279e+01
      vertex   5.318828e+01 4.343256e+00 1.265127e+01
      vertex   5.885738e+01 3.907909e+00 2.088947e+01
    endloop
  endfacet
  facet normal -8.052044e-01 1.837495e-01 5.638102e-01
    outer loop
      vertex   5.885738e+01 3.907909e+00 2.088947e+01
      vertex   5.318828e+01 4.343256e+00 1.265127e+01
      vertex   5.312161e+01 3.907909e+00 1.269795e+01
    endloop
  endfacet
  facet normal -7.638365e-01 3.612417e-01 5.348441e-01
    outer loop
      vertex   5.885738e+01 3.907909e+00 2.088947e+01
      vertex   5.312161e+01 3.907909e+00 1.269795e+01
      vertex   5.872632e+01 3.494928e+00 2.098124e+01
    endloop
  endfacet
  facet normal -7.638365e-01 3.612417e-01 5.348441e-01
    outer loop
      vertex   5.872632e+01 3.494928e+00 2.098124e+01
      vertex   5.312161e+01 3.907909e+00 1.269795e+01
      vertex   5.299056e+01 3.494928e+00 1.278972e+01
    endloop
  endfacet
  facet normal -6.964571e-01 5.264322e-01 4.876645e-01
    outer loop
      vertex   5.872632e+01 3.494928e+00 2.098124e+01
      vertex   5.299056e+01 3.494928e+00 1.278972e+01
      vertex   5.853534e+01 3.118377e+00 2.111497e+01
    endloop
  endfacet
  facet normal -6.964571e-01 5.264322e-01 4.876645e-01
    outer loop
      vertex   5.853534e+01 3.118377e+00 2.111497e+01
      vertex   5.299056e+01 3.494928e+00 1.278972e+01
      vertex   5.279957e+01 3.118377e+00 1.292345e+01
    endloop
  endfacet
  facet normal -6.053607e-01 6.736956e-01 4.238781e-01
    outer loop
      vertex   5.853534e+01 3.118377e+00 2.111497e+01
      vertex   5.279957e+01 3.118377e+00 1.292345e+01
      vertex   5.829093e+01 2.791079e+00 2.128611e+01
    endloop
  endfacet
  facet normal -6.053607e-01 6.736956e-01 4.238781e-01
    outer loop
      vertex   5.829093e+01 2.791079e+00 2.128611e+01
      vertex   5.279957e+01 3.118377e+00 1.292345e+01
      vertex   5.255516e+01 2.791079e+00 1.309458e+01
    endloop
  endfacet
  facet normal -4.936494e-01 7.980172e-01 3.456570e-01
    outer loop
      vertex   5.829093e+01 2.791079e+00 2.128611e+01
      vertex   5.255516e+01 2.791079e+00 1.309458e+01
      vertex   5.800141e+01 2.524179e+00 2.148883e+01
    endloop
  endfacet
  facet normal -4.936494e-01 7.980172e-01 3.456570e-01
    outer loop
      vertex   5.800141e+01 2.524179e+00 2.148883e+01
      vertex   5.255516e+01 2.791079e+00 1.309458e+01
      vertex   5.226565e+01 2.524179e+00 1.329731e+01
    endloop
  endfacet
  facet normal -3.651275e-01 8.951633e-01 2.556650e-01
    outer loop
      vertex   5.800141e+01 2.524179e+00 2.148883e+01
      vertex   5.226565e+01 2.524179e+00 1.329731e+01
      vertex   5.767665e+01 2.326767e+00 2.171622e+01
    endloop
  endfacet
  facet normal -3.651275e-01 8.951633e-01 2.556650e-01
    outer loop
      vertex   5.767665e+01 2.326767e+00 2.171622e+01
      vertex   5.226565e+01 2.524179e+00 1.329731e+01
      vertex   5.194089e+01 2.326767e+00 1.352470e+01
    endloop
  endfacet
  facet normal -2.241716e-01 9.618256e-01 1.569666e-01
    outer loop
      vertex   5.767665e+01 2.326767e+00 2.171622e+01
      vertex   5.194089e+01 2.326767e+00 1.352470e+01
      vertex   5.732771e+01 2.205565e+00 2.196056e+01
    endloop
  endfacet
  facet normal -2.241716e-01 9.618256e-01 1.569666e-01
    outer loop
      vertex   5.732771e+01 2.205565e+00 2.196056e+01
      vertex   5.194089e+01 2.326767e+00 1.352470e+01
      vertex   5.159194e+01 2.205565e+00 1.376904e+01
    endloop
  endfacet
  facet normal -7.558182e-02 9.957342e-01 5.292296e-02
    outer loop
      vertex   5.732771e+01 2.205565e+00 2.196056e+01
      vertex   5.159194e+01 2.205565e+00 1.376904e+01
      vertex   5.696646e+01 2.164700e+00 2.221350e+01
    endloop
  endfacet
  facet normal -7.558182e-02 9.957342e-01 5.292296e-02
    outer loop
      vertex   5.696646e+01 2.164700e+00 2.221350e+01
      vertex   5.159194e+01 2.205565e+00 1.376904e+01
      vertex   5.123070e+01 2.164700e+00 1.402198e+01
    endloop
  endfacet
  facet normal 7.558182e-02 9.957342e-01 -5.292296e-02
    outer loop
      vertex   5.696646e+01 2.164700e+00 2.221350e+01
      vertex   5.123070e+01 2.164700e+00 1.402198e+01
      vertex   5.660522e+01 2.205565e+00 2.246645e+01
    endloop
  endfacet
  facet normal 7.558182e-02 9.957342e-01 -5.292296e-02
    outer loop
      vertex   5.660522e+01 2.205565e+00 2.246645e+01
      vertex   5.123070e+01 2.164700e+00 1.402198e+01
      vertex   5.086945e+01 2.205565e+00 1.427493e+01
    endloop
  endfacet
  facet normal 2.241716e-01 9.618256e-01 -1.569666e-01
    outer loop
      vertex   5.660522e+01 2.205565e+00 2.246645e+01
      vertex   5.086945e+01 2.205565e+00 1.427493e+01
      vertex   5.625627e+01 2.326767e+00 2.271078e+01
    endloop
  endfacet
  facet normal 2.241716e-01 9.618256e-01 -1.569666e-01
    outer loop
      vertex   5.625627e+01 2.326767e+00 2.271078e+01
      vertex   5.086945e+01 2.205565e+00 1.427493e+01
      vertex   5.052051e+01 2.326767e+00 1.451926e+01
    endloop
  endfacet
  facet normal 3.651275e-01 8.951633e-01 -2.556650e-01
    outer loop
      vertex   5.625627e+01 2.326767e+00 2.271078e+01
      vertex   5.052051e+01 2.326767e+00 1.451926e+01
      vertex   5.593152e+01 2.524179e+00 2.293818e+01
    endloop
  endfacet
  facet normal 3.651275e-01 8.951633e-01 -2.556650e-01
    outer loop
      vertex   5.593152e+01 2.524179e+00 2.293818e+01
      vertex   5.052051e+01 2.326767e+00 1.451926e+01
      vertex   5.019575e+01 2.524179e+00 1.474666e+01
    endloop
  endfacet
  facet normal 4.936494e-01 7.980172e-01 -3.456570e-01
    outer loop
      vertex   5.593152e+01 2.524179e+00 2.293818e+01
      vertex   5.019575e+01 2.524179e+00 1.474666e+01
      vertex   5.564200e+01 2.791079e+00 2.314090e+01
    endloop
  endfacet
  facet normal 4.936494e-01 7.980172e-01 -3.456570e-01
    outer loop
      vertex   5.564200e+01 2.791079e+00 2.314090e+01
      vertex   5.019575e+01 2.524179e+00 1.474666e+01
      vertex   4.990624e+01 2.791079e+00 1.494938e+01
    endloop
  endfacet
  facet normal 6.053607e-01 6.736956e-01 -4.238781e-01
    outer loop
      vertex   5.564200e+01 2.791079e+00 2.314090e+01
      vertex   4.990624e+01 2.791079e+00 1.494938e+01
      vertex   5.539759e+01 3.118377e+00 2.331204e+01
    endloop
  endfacet
  facet normal 6.053607e-01 6.736956e-01 -4.238781e-01
    outer loop
      vertex   5.539759e+01 3.118377e+00 2.331204e+01
      vertex   4.990624e+01 2.791079e+00 1.494938e+01
      vertex   4.966182e+01 3.118377e+00 1.512052e+01
    endloop
  endfacet
  facet normal 6.964571e-01 5.264322e-01 -4.876645e-01
    outer loop
      vertex   5.539759e+01 3.118377e+00 2.331204e+01
      vertex   4.966182e+01 3.118377e+00 1.512052e+01
      vertex   5.520660e+01 3.494928e+00 2.344577e+01
    endloop
  endfacet
  facet normal 6.964571e-01 5.264322e-01 -4.876645e-01
    outer loop
      vertex   5.520660e+01 3.494928e+00 2.344577e+01
      vertex   4.966182e+01 3.118377e+00 1.512052e+01
      vertex   4.947084e+01 3.494928e+00 1.525425e+01
    endloop
  endfacet
  facet normal 7.638365e-01 3.612417e-01 -5.348441e-01
    outer loop
      vertex   5.520660e+01 3.494928e+00 2.344577e+01
      vertex   4.947084e+01 3.494928e+00 1.525425e+01
      vertex   5.507555e+01 3.907909e+00 2.353754e+01
    endloop
  endfacet
  facet normal 7.638365e-01 3.612417e-01 -5.348441e-01
    outer loop
      vertex   5.507555e+01 3.907909e+00 2.353754e+01
      vertex   4.947084e+01 3.494928e+00 1.525425e+01
      vertex   4.933978e+01 3.907909e+00 1.534602e+01
    endloop
  endfacet
  facet normal 8.052044e-01 1.837495e-01 -5.638102e-01
    outer loop
      vertex   5.507555e+01 3.907909e+00 2.353754e+01
      vertex   4.933978e+01 3.907909e+00 1.534602e+01
      vertex   5.500888e+01 4.343256e+00 2.358421e+01
    endloop
  endfacet
  facet normal 8.052044e-01 1.837495e-01 -5.638102e-01
    outer loop
      vertex   5.500888e+01 4.343256e+00 2.358421e+01
      vertex   4.933978e+01 3.907909e+00 1.534602e+01
      vertex   4.927312e+01 4.343256e+00 1.539269e+01
    endloop
  endfacet
  facet normal 8.191520e-01 0.000000e+00 -5.735764e-01
    outer loop
      vertex   5.500888e+01 4.343256e+00 2.358421e+01
      vertex   4.927312e+01 4.343256e+00 1.539269e+01
      vertex   5.500888e+01 4.786144e+00 2.358421e+01
    endloop
  endfacet
  facet normal 8.191520e-01 0.000000e+00 -5.735764e-01
    outer loop
      vertex   5.500888e+01 4.786144e+00 2.358421e+01
      vertex   4.927312e+01 4.343256e+00 1.539269e+01
      vertex   4.927312e+01 4.786144e+00 1.539269e+01
    endloop
  endfacet
  facet normal 8.052044e-01 -1.837495e-01 -5.638102e-01
    outer loop
      vertex   5.500888e+01 4.786144e+00 2.358421e+01
      vertex   4.927312e+01 4.786144e+00 1.539269e+01
      vertex   5.507555e+01 5.221491e+00 2.353754e+01
    endloop
  endfacet
  facet normal 8.052044e-01 -1.837495e-01 -5.638102e-01
    outer loop
      vertex   5.507555e+01 5.221491e+00 2.353754e+01
      vertex   4.927312e+01 4.786144e+00 1.539269e+01
      vertex   4.933978e+01 5.221491e+00 1.534602e+01
    endloop
  endfacet
  facet normal 7.638365e-01 -3.612417e-01 -5.348441e-01
    outer loop
      vertex   5.507555e+01 5.221491e+00 2.353754e+01
      vertex   4.933978e+01 5.221491e+00 1.534602e+01
      vertex   5.520660e+01 5.634472e+00 2.344577e+01
    endloop
  endfacet
  facet normal 7.638365e-01 -3.612417e-01 -5.348441e-01
    outer loop
      vertex   5.520660e+01 5.634472e+00 2.344577e+01
      vertex   4.933978e+01 5.221491e+00 1.534602e+01
      vertex   4.947084e+01 5.634472e+00 1.525425e+01
    endloop
  endfacet
  facet normal 6.964571e-01 -5.264322e-01 -4.876645e-01
    outer loop
      vertex   5.520660e+01 5.634472e+00 2.344577e+01
      vertex   4.947084e+01 5.634472e+00 1.525425e+01
      vertex   5.539759e+01 6.011023e+00 2.331204e+01
    endloop
  endfacet
  facet normal 6.964571e-01 -5.264322e-01 -4.876645e-01
    outer loop
      vertex   5.539759e+01 6.011023e+00 2.331204e+01
      vertex   4.947084e+01 5.634472e+00 1.525425e+01
      vertex   4.966182e+01 6.011023e+00 1.512052e+01
    endloop
  endfacet
  facet normal 6.053607e-01 -6.736956e-01 -4.238781e-01
    outer loop
      vertex   5.539759e+01 6.011023e+00 2.331204e+01
      vertex   4.966182e+01 6.011023e+00 1.512052e+01
      vertex   5.564200e+01 6.338322e+00 2.314090e+01
    endloop
  endfacet
  facet normal 6.053607e-01 -6.736956e-01 -4.238781e-01
    outer loop
      vertex   5.564200e+01 6.338322e+00 2.314090e+01
      vertex   4.966182e+01 6.011023e+00 1.512052e+01
      vertex   4.990624e+01 6.338322e+00 1.494938e+01
    endloop
  endfacet
  facet normal 4.936494e-01 -7.980172e-01 -3.456570e-01
    outer loop
      vertex   5.564200e+01 6.338322e+00 2.314090e+01
      vertex   4.990624e+01 6.338322e+00 1.494938e+01
      vertex   5.593152e+01 6.605221e+00 2.293818e+01
    endloop
  endfacet
  facet normal 4.936494e-01 -7.980172e-01 -3.456570e-01
    outer loop
      vertex   5.593152e+01 6.605221e+00 2.293818e+01
      vertex   4.990624e+01 6.338322e+00 1.494938e+01
      vertex   5.019575e+01 6.605221e+00 1.474666e+01
    endloop
  endfacet
  facet normal 3.651275e-01 -8.951633e-01 -2.556650e-01
    outer loop
      vertex   5.593152e+01 6.605221e+00 2.293818e+01
      vertex   5.019575e+01 6.605221e+00 1.474666e+01
      vertex   5.625627e+01 6.802634e+00 2.271078e+01
    endloop
  endfacet
  facet normal 3.651275e-01 -8.951633e-01 -2.556650e-01
    outer loop
      vertex   5.625627e+01 6.802634e+00 2.271078e+01
      vertex   5.019575e+01 6.605221e+00 1.474666e+01
      vertex   5.052051e+01 6.802634e+00 1.451926e+01
    endloop
  endfacet
  facet normal 2.241716e-01 -9.618256e-01 -1.569666e-01
    outer loop
      vertex   5.625627e+01 6.802634e+00 2.271078e+01
      vertex   5.052051e+01 6.802634e+00 1.451926e+01
      vertex   5.660522e+01 6.923836e+00 2.246645e+01
    endloop
  endfacet
  facet normal 2.241716e-01 -9.618256e-01 -1.569666e-01
    outer loop
      vertex   5.660522e+01 6.923836e+00 2.246645e+01
      vertex   5.052051e+01 6.802634e+00 1.451926e+01
      vertex   5.086945e+01 6.923836e+00 1.427493e+01
    endloop
  endfacet
  facet normal -8.191520e-01 -1.548757e-15 5.735764e-01
    outer loop
      vertex   4.784962e+01 2.600002e-01 1.638944e+01
      vertex   4.784962e+01 -1.101438e+01 1.638944e+01
      vertex   5.071750e+01 2.600002e-01 2.048520e+01
    endloop
  endfacet
  facet normal -8.191520e-01 5.087782e-17 5.735764e-01
    outer loop
      vertex   5.071750e+01 2.600002e-01 2.048520e+01
      vertex   4.784962e+01 -1.101438e+01 1.638944e+01
      vertex   5.071750e+01 -1.930643e+01 2.048520e+01
    endloop
  endfacet
  facet normal -8.191520e-01 2.368702e-15 5.735764e-01
    outer loop
      vertex   5.071750e+01 -1.930643e+01 2.048520e+01
      vertex   4.784962e+01 -1.101438e+01 1.638944e+01
      vertex   4.784962e+01 -1.581392e+01 1.638944e+01
    endloop
  endfacet
  facet normal -8.191520e-01 -1.421296e-15 5.735764e-01
    outer loop
      vertex   5.071750e+01 -1.930643e+01 2.048520e+01
      vertex   4.784962e+01 -1.581392e+01 1.638944e+01
      vertex   4.784993e+01 -1.981371e+01 1.638988e+01
    endloop
  endfacet
  facet normal 8.191520e-01 3.505894e-16 -5.735764e-01
    outer loop
      vertex   5.457034e+01 3.381400e+01 1.168354e+01
      vertex   5.743822e+01 3.381400e+01 1.577930e+01
      vertex   5.457034e+01 -1.101438e+01 1.168354e+01
    endloop
  endfacet
  facet normal 8.191520e-01 0.000000e+00 -5.735764e-01
    outer loop
      vertex   5.457034e+01 -1.101438e+01 1.168354e+01
      vertex   5.743822e+01 3.381400e+01 1.577930e+01
      vertex   5.743822e+01 -1.581392e+01 1.577930e+01
    endloop
  endfacet
  facet normal 8.191520e-01 -3.274554e-15 -5.735764e-01
    outer loop
      vertex   5.457034e+01 -1.101438e+01 1.168354e+01
      vertex   5.743822e+01 -1.581392e+01 1.577930e+01
      vertex   5.457034e+01 -1.581392e+01 1.168354e+01
    endloop
  endfacet
endsolid
