solid ASCII
  facet normal 9.981704e-03 9.999502e-01 0.000000e+00
    outer loop
      vertex   -5.856420e+00 1.427903e+01 3.000000e+00
      vertex   -5.630993e+00 1.427678e+01 3.000000e+00
      vertex   -5.856420e+00 1.427903e+01 2.600000e+00
    endloop
  endfacet
  facet normal 9.981704e-03 9.999502e-01 0.000000e+00
    outer loop
      vertex   -5.856420e+00 1.427903e+01 2.600000e+00
      vertex   -5.630993e+00 1.427678e+01 3.000000e+00
      vertex   -5.630993e+00 1.427678e+01 2.600000e+00
    endloop
  endfacet
  facet normal 9.869248e-02 9.951180e-01 -0.000000e+00
    outer loop
      vertex   -5.630993e+00 1.427678e+01 2.600000e+00
      vertex   -5.630993e+00 1.427678e+01 3.000000e+00
      vertex   -5.409901e+00 1.425485e+01 3.000000e+00
    endloop
  endfacet
  facet normal 9.869248e-02 9.951180e-01 0.000000e+00
    outer loop
      vertex   -5.630993e+00 1.427678e+01 2.600000e+00
      vertex   -5.409901e+00 1.425485e+01 3.000000e+00
      vertex   -5.409901e+00 1.425485e+01 2.600000e+00
    endloop
  endfacet
  facet normal 2.580781e-01 9.661241e-01 -0.000000e+00
    outer loop
      vertex   -5.409901e+00 1.425485e+01 2.600000e+00
      vertex   -5.409901e+00 1.425485e+01 3.000000e+00
      vertex   -5.213303e+00 1.420234e+01 3.000000e+00
    endloop
  endfacet
  facet normal 2.580781e-01 9.661241e-01 0.000000e+00
    outer loop
      vertex   -5.409901e+00 1.425485e+01 2.600000e+00
      vertex   -5.213303e+00 1.420234e+01 3.000000e+00
      vertex   -5.213303e+00 1.420234e+01 2.600000e+00
    endloop
  endfacet
  facet normal 3.751793e-01 9.269522e-01 -0.000000e+00
    outer loop
      vertex   -5.213303e+00 1.420234e+01 2.600000e+00
      vertex   -5.213303e+00 1.420234e+01 3.000000e+00
      vertex   -5.012192e+00 1.412094e+01 3.000000e+00
    endloop
  endfacet
  facet normal 3.751793e-01 9.269522e-01 0.000000e+00
    outer loop
      vertex   -5.213303e+00 1.420234e+01 2.600000e+00
      vertex   -5.012192e+00 1.412094e+01 3.000000e+00
      vertex   -5.012192e+00 1.412094e+01 2.600000e+00
    endloop
  endfacet
  facet normal 6.741138e-01 7.386275e-01 0.000000e+00
    outer loop
      vertex   -5.012192e+00 1.412094e+01 3.000000e+00
      vertex   -4.939384e+00 1.405449e+01 3.000000e+00
      vertex   -5.012192e+00 1.412094e+01 2.600000e+00
    endloop
  endfacet
  facet normal 6.741138e-01 7.386275e-01 0.000000e+00
    outer loop
      vertex   -5.012192e+00 1.412094e+01 2.600000e+00
      vertex   -4.939384e+00 1.405449e+01 3.000000e+00
      vertex   -4.939384e+00 1.405449e+01 2.600000e+00
    endloop
  endfacet
  facet normal 7.475641e-01 6.641897e-01 -0.000000e+00
    outer loop
      vertex   -4.939384e+00 1.405449e+01 2.600000e+00
      vertex   -4.939384e+00 1.405449e+01 3.000000e+00
      vertex   -4.907179e+00 1.401824e+01 3.000000e+00
    endloop
  endfacet
  facet normal 7.475641e-01 6.641897e-01 0.000000e+00
    outer loop
      vertex   -4.939384e+00 1.405449e+01 2.600000e+00
      vertex   -4.907179e+00 1.401824e+01 3.000000e+00
      vertex   -4.907179e+00 1.401824e+01 2.600000e+00
    endloop
  endfacet
  facet normal 8.308647e-01 5.564745e-01 -0.000000e+00
    outer loop
      vertex   -4.907179e+00 1.401824e+01 2.600000e+00
      vertex   -4.907179e+00 1.401824e+01 3.000000e+00
      vertex   -4.880212e+00 1.397798e+01 3.000000e+00
    endloop
  endfacet
  facet normal 8.308647e-01 5.564745e-01 0.000000e+00
    outer loop
      vertex   -4.907179e+00 1.401824e+01 2.600000e+00
      vertex   -4.880212e+00 1.397798e+01 3.000000e+00
      vertex   -4.880212e+00 1.397798e+01 2.600000e+00
    endloop
  endfacet
  facet normal 9.163839e-01 4.003006e-01 -0.000000e+00
    outer loop
      vertex   -4.880212e+00 1.397798e+01 2.600000e+00
      vertex   -4.880212e+00 1.397798e+01 3.000000e+00
      vertex   -4.860792e+00 1.393352e+01 3.000000e+00
    endloop
  endfacet
  facet normal 9.163839e-01 4.003006e-01 0.000000e+00
    outer loop
      vertex   -4.880212e+00 1.397798e+01 2.600000e+00
      vertex   -4.860792e+00 1.393352e+01 3.000000e+00
      vertex   -4.860792e+00 1.393352e+01 2.600000e+00
    endloop
  endfacet
  facet normal 9.655357e-01 2.602706e-01 -0.000000e+00
    outer loop
      vertex   -4.860792e+00 1.393352e+01 2.600000e+00
      vertex   -4.860792e+00 1.393352e+01 3.000000e+00
      vertex   -4.847921e+00 1.388577e+01 3.000000e+00
    endloop
  endfacet
  facet normal 9.655357e-01 2.602706e-01 0.000000e+00
    outer loop
      vertex   -4.860792e+00 1.393352e+01 2.600000e+00
      vertex   -4.847921e+00 1.388577e+01 3.000000e+00
      vertex   -4.847921e+00 1.388577e+01 2.600000e+00
    endloop
  endfacet
  facet normal 9.894532e-01 1.448531e-01 -0.000000e+00
    outer loop
      vertex   -4.847921e+00 1.388577e+01 2.600000e+00
      vertex   -4.847921e+00 1.388577e+01 3.000000e+00
      vertex   -4.832932e+00 1.378339e+01 3.000000e+00
    endloop
  endfacet
  facet normal 9.894532e-01 1.448531e-01 0.000000e+00
    outer loop
      vertex   -4.847921e+00 1.388577e+01 2.600000e+00
      vertex   -4.832932e+00 1.378339e+01 3.000000e+00
      vertex   -4.832932e+00 1.378339e+01 2.600000e+00
    endloop
  endfacet
  facet normal 9.857846e-01 -1.680138e-01 0.000000e+00
    outer loop
      vertex   -4.832932e+00 1.378339e+01 3.000000e+00
      vertex   -4.851539e+00 1.367422e+01 3.000000e+00
      vertex   -4.832932e+00 1.378339e+01 2.600000e+00
    endloop
  endfacet
  facet normal 9.857846e-01 -1.680138e-01 0.000000e+00
    outer loop
      vertex   -4.832932e+00 1.378339e+01 2.600000e+00
      vertex   -4.851539e+00 1.367422e+01 3.000000e+00
      vertex   -4.851539e+00 1.367422e+01 2.600000e+00
    endloop
  endfacet
  facet normal 9.585954e-01 -2.847714e-01 0.000000e+00
    outer loop
      vertex   -4.851539e+00 1.367422e+01 2.600000e+00
      vertex   -4.851539e+00 1.367422e+01 3.000000e+00
      vertex   -4.866201e+00 1.362487e+01 3.000000e+00
    endloop
  endfacet
  facet normal 9.585954e-01 -2.847714e-01 0.000000e+00
    outer loop
      vertex   -4.851539e+00 1.367422e+01 2.600000e+00
      vertex   -4.866201e+00 1.362487e+01 3.000000e+00
      vertex   -4.866201e+00 1.362487e+01 2.600000e+00
    endloop
  endfacet
  facet normal 9.064227e-01 -4.223718e-01 0.000000e+00
    outer loop
      vertex   -4.866201e+00 1.362487e+01 2.600000e+00
      vertex   -4.866201e+00 1.362487e+01 3.000000e+00
      vertex   -4.887734e+00 1.357866e+01 3.000000e+00
    endloop
  endfacet
  facet normal 9.064227e-01 -4.223718e-01 0.000000e+00
    outer loop
      vertex   -4.866201e+00 1.362487e+01 2.600000e+00
      vertex   -4.887734e+00 1.357866e+01 3.000000e+00
      vertex   -4.887734e+00 1.357866e+01 2.600000e+00
    endloop
  endfacet
  facet normal 8.209732e-01 -5.709667e-01 0.000000e+00
    outer loop
      vertex   -4.887734e+00 1.357866e+01 2.600000e+00
      vertex   -4.887734e+00 1.357866e+01 3.000000e+00
      vertex   -4.917377e+00 1.353603e+01 3.000000e+00
    endloop
  endfacet
  facet normal 8.209732e-01 -5.709667e-01 0.000000e+00
    outer loop
      vertex   -4.887734e+00 1.357866e+01 2.600000e+00
      vertex   -4.917377e+00 1.353603e+01 3.000000e+00
      vertex   -4.917377e+00 1.353603e+01 2.600000e+00
    endloop
  endfacet
  facet normal 7.368704e-01 -6.760340e-01 0.000000e+00
    outer loop
      vertex   -4.917377e+00 1.353603e+01 2.600000e+00
      vertex   -4.917377e+00 1.353603e+01 3.000000e+00
      vertex   -4.953309e+00 1.349687e+01 3.000000e+00
    endloop
  endfacet
  facet normal 7.368704e-01 -6.760340e-01 0.000000e+00
    outer loop
      vertex   -4.917377e+00 1.353603e+01 2.600000e+00
      vertex   -4.953309e+00 1.349687e+01 3.000000e+00
      vertex   -4.953309e+00 1.349687e+01 2.600000e+00
    endloop
  endfacet
  facet normal 6.611643e-01 -7.502412e-01 0.000000e+00
    outer loop
      vertex   -4.953309e+00 1.349687e+01 2.600000e+00
      vertex   -4.953309e+00 1.349687e+01 3.000000e+00
      vertex   -5.035652e+00 1.342430e+01 3.000000e+00
    endloop
  endfacet
  facet normal 6.611643e-01 -7.502412e-01 0.000000e+00
    outer loop
      vertex   -4.953309e+00 1.349687e+01 2.600000e+00
      vertex   -5.035652e+00 1.342430e+01 3.000000e+00
      vertex   -5.035652e+00 1.342430e+01 2.600000e+00
    endloop
  endfacet
  facet normal 3.630214e-01 -9.317808e-01 0.000000e+00
    outer loop
      vertex   -5.035652e+00 1.342430e+01 3.000000e+00
      vertex   -5.229598e+00 1.334874e+01 3.000000e+00
      vertex   -5.035652e+00 1.342430e+01 2.600000e+00
    endloop
  endfacet
  facet normal 3.630214e-01 -9.317808e-01 0.000000e+00
    outer loop
      vertex   -5.035652e+00 1.342430e+01 2.600000e+00
      vertex   -5.229598e+00 1.334874e+01 3.000000e+00
      vertex   -5.229598e+00 1.334874e+01 2.600000e+00
    endloop
  endfacet
  facet normal 2.462928e-01 -9.691955e-01 0.000000e+00
    outer loop
      vertex   -5.229598e+00 1.334874e+01 2.600000e+00
      vertex   -5.229598e+00 1.334874e+01 3.000000e+00
      vertex   -5.420143e+00 1.330032e+01 3.000000e+00
    endloop
  endfacet
  facet normal 2.462928e-01 -9.691955e-01 0.000000e+00
    outer loop
      vertex   -5.229598e+00 1.334874e+01 2.600000e+00
      vertex   -5.420143e+00 1.330032e+01 3.000000e+00
      vertex   -5.420143e+00 1.330032e+01 2.600000e+00
    endloop
  endfacet
  facet normal 4.723968e-02 -9.988836e-01 0.000000e+00
    outer loop
      vertex   -5.420143e+00 1.330032e+01 2.600000e+00
      vertex   -5.420143e+00 1.330032e+01 3.000000e+00
      vertex   -5.855825e+00 1.327971e+01 3.000000e+00
    endloop
  endfacet
  facet normal 4.723968e-02 -9.988836e-01 0.000000e+00
    outer loop
      vertex   -5.420143e+00 1.330032e+01 2.600000e+00
      vertex   -5.855825e+00 1.327971e+01 3.000000e+00
      vertex   -5.855825e+00 1.327971e+01 2.600000e+00
    endloop
  endfacet
  facet normal -4.661797e-02 -9.989128e-01 -0.000000e+00
    outer loop
      vertex   -5.855825e+00 1.327971e+01 3.000000e+00
      vertex   -6.290328e+00 1.329999e+01 3.000000e+00
      vertex   -5.855825e+00 1.327971e+01 2.600000e+00
    endloop
  endfacet
  facet normal -4.661797e-02 -9.989128e-01 0.000000e+00
    outer loop
      vertex   -5.855825e+00 1.327971e+01 2.600000e+00
      vertex   -6.290328e+00 1.329999e+01 3.000000e+00
      vertex   -6.290328e+00 1.329999e+01 2.600000e+00
    endloop
  endfacet
  facet normal -2.452859e-01 -9.694508e-01 0.000000e+00
    outer loop
      vertex   -6.290328e+00 1.329999e+01 2.600000e+00
      vertex   -6.290328e+00 1.329999e+01 3.000000e+00
      vertex   -6.480603e+00 1.334813e+01 3.000000e+00
    endloop
  endfacet
  facet normal -2.452859e-01 -9.694508e-01 0.000000e+00
    outer loop
      vertex   -6.290328e+00 1.329999e+01 2.600000e+00
      vertex   -6.480603e+00 1.334813e+01 3.000000e+00
      vertex   -6.480603e+00 1.334813e+01 2.600000e+00
    endloop
  endfacet
  facet normal -3.616192e-01 -9.323259e-01 0.000000e+00
    outer loop
      vertex   -6.480603e+00 1.334813e+01 2.600000e+00
      vertex   -6.480603e+00 1.334813e+01 3.000000e+00
      vertex   -6.674465e+00 1.342333e+01 3.000000e+00
    endloop
  endfacet
  facet normal -3.616192e-01 -9.323259e-01 0.000000e+00
    outer loop
      vertex   -6.480603e+00 1.334813e+01 2.600000e+00
      vertex   -6.674465e+00 1.342333e+01 3.000000e+00
      vertex   -6.674465e+00 1.342333e+01 2.600000e+00
    endloop
  endfacet
  facet normal -6.542849e-01 -7.562481e-01 -0.000000e+00
    outer loop
      vertex   -6.674465e+00 1.342333e+01 3.000000e+00
      vertex   -6.757140e+00 1.349486e+01 3.000000e+00
      vertex   -6.674465e+00 1.342333e+01 2.600000e+00
    endloop
  endfacet
  facet normal -6.542849e-01 -7.562481e-01 0.000000e+00
    outer loop
      vertex   -6.674465e+00 1.342333e+01 2.600000e+00
      vertex   -6.757140e+00 1.349486e+01 3.000000e+00
      vertex   -6.757140e+00 1.349486e+01 2.600000e+00
    endloop
  endfacet
  facet normal -7.304457e-01 -6.829707e-01 0.000000e+00
    outer loop
      vertex   -6.757140e+00 1.349486e+01 2.600000e+00
      vertex   -6.757140e+00 1.349486e+01 3.000000e+00
      vertex   -6.793292e+00 1.353352e+01 3.000000e+00
    endloop
  endfacet
  facet normal -7.304457e-01 -6.829707e-01 0.000000e+00
    outer loop
      vertex   -6.757140e+00 1.349486e+01 2.600000e+00
      vertex   -6.793292e+00 1.353352e+01 3.000000e+00
      vertex   -6.793292e+00 1.353352e+01 2.600000e+00
    endloop
  endfacet
  facet normal -8.153335e-01 -5.789915e-01 0.000000e+00
    outer loop
      vertex   -6.793292e+00 1.353352e+01 2.600000e+00
      vertex   -6.793292e+00 1.353352e+01 3.000000e+00
      vertex   -6.823221e+00 1.357567e+01 3.000000e+00
    endloop
  endfacet
  facet normal -8.153335e-01 -5.789915e-01 0.000000e+00
    outer loop
      vertex   -6.793292e+00 1.353352e+01 2.600000e+00
      vertex   -6.823221e+00 1.357567e+01 3.000000e+00
      vertex   -6.823221e+00 1.357567e+01 2.600000e+00
    endloop
  endfacet
  facet normal -9.022076e-01 -4.313020e-01 0.000000e+00
    outer loop
      vertex   -6.823221e+00 1.357567e+01 2.600000e+00
      vertex   -6.823221e+00 1.357567e+01 3.000000e+00
      vertex   -6.845060e+00 1.362135e+01 3.000000e+00
    endloop
  endfacet
  facet normal -9.022076e-01 -4.313020e-01 0.000000e+00
    outer loop
      vertex   -6.823221e+00 1.357567e+01 2.600000e+00
      vertex   -6.845060e+00 1.362135e+01 3.000000e+00
      vertex   -6.845060e+00 1.362135e+01 2.600000e+00
    endloop
  endfacet
  facet normal -9.561136e-01 -2.929963e-01 0.000000e+00
    outer loop
      vertex   -6.845060e+00 1.362135e+01 2.600000e+00
      vertex   -6.845060e+00 1.362135e+01 3.000000e+00
      vertex   -6.860017e+00 1.367016e+01 3.000000e+00
    endloop
  endfacet
  facet normal -9.561136e-01 -2.929963e-01 0.000000e+00
    outer loop
      vertex   -6.845060e+00 1.362135e+01 2.600000e+00
      vertex   -6.860017e+00 1.367016e+01 3.000000e+00
      vertex   -6.860017e+00 1.367016e+01 2.600000e+00
    endloop
  endfacet
  facet normal -9.845781e-01 -1.749455e-01 0.000000e+00
    outer loop
      vertex   -6.860017e+00 1.367016e+01 2.600000e+00
      vertex   -6.860017e+00 1.367016e+01 3.000000e+00
      vertex   -6.879315e+00 1.377876e+01 3.000000e+00
    endloop
  endfacet
  facet normal -9.845781e-01 -1.749455e-01 0.000000e+00
    outer loop
      vertex   -6.860017e+00 1.367016e+01 2.600000e+00
      vertex   -6.879315e+00 1.377876e+01 3.000000e+00
      vertex   -6.879315e+00 1.377876e+01 2.600000e+00
    endloop
  endfacet
  facet normal -9.849568e-01 1.728005e-01 0.000000e+00
    outer loop
      vertex   -6.879315e+00 1.377876e+01 3.000000e+00
      vertex   -6.860279e+00 1.388727e+01 3.000000e+00
      vertex   -6.879315e+00 1.377876e+01 2.600000e+00
    endloop
  endfacet
  facet normal -9.849568e-01 1.728005e-01 0.000000e+00
    outer loop
      vertex   -6.879315e+00 1.377876e+01 2.600000e+00
      vertex   -6.860279e+00 1.388727e+01 3.000000e+00
      vertex   -6.860279e+00 1.388727e+01 2.600000e+00
    endloop
  endfacet
  facet normal -9.568620e-01 2.905427e-01 0.000000e+00
    outer loop
      vertex   -6.860279e+00 1.388727e+01 2.600000e+00
      vertex   -6.860279e+00 1.388727e+01 3.000000e+00
      vertex   -6.845457e+00 1.393608e+01 3.000000e+00
    endloop
  endfacet
  facet normal -9.568620e-01 2.905427e-01 0.000000e+00
    outer loop
      vertex   -6.860279e+00 1.388727e+01 2.600000e+00
      vertex   -6.845457e+00 1.393608e+01 3.000000e+00
      vertex   -6.845457e+00 1.393608e+01 2.600000e+00
    endloop
  endfacet
  facet normal -9.034904e-01 4.286082e-01 0.000000e+00
    outer loop
      vertex   -6.845457e+00 1.393608e+01 2.600000e+00
      vertex   -6.845457e+00 1.393608e+01 3.000000e+00
      vertex   -6.823773e+00 1.398179e+01 3.000000e+00
    endloop
  endfacet
  facet normal -9.034904e-01 4.286082e-01 0.000000e+00
    outer loop
      vertex   -6.845457e+00 1.393608e+01 2.600000e+00
      vertex   -6.823773e+00 1.398179e+01 3.000000e+00
      vertex   -6.823773e+00 1.398179e+01 2.600000e+00
    endloop
  endfacet
  facet normal -8.172247e-01 5.763191e-01 0.000000e+00
    outer loop
      vertex   -6.823773e+00 1.398179e+01 2.600000e+00
      vertex   -6.823773e+00 1.398179e+01 3.000000e+00
      vertex   -6.794017e+00 1.402398e+01 3.000000e+00
    endloop
  endfacet
  facet normal -8.172247e-01 5.763191e-01 0.000000e+00
    outer loop
      vertex   -6.823773e+00 1.398179e+01 2.600000e+00
      vertex   -6.794017e+00 1.402398e+01 3.000000e+00
      vertex   -6.794017e+00 1.402398e+01 2.600000e+00
    endloop
  endfacet
  facet normal -7.327966e-01 6.804478e-01 0.000000e+00
    outer loop
      vertex   -6.794017e+00 1.402398e+01 2.600000e+00
      vertex   -6.794017e+00 1.402398e+01 3.000000e+00
      vertex   -6.758045e+00 1.406272e+01 3.000000e+00
    endloop
  endfacet
  facet normal -7.327966e-01 6.804478e-01 0.000000e+00
    outer loop
      vertex   -6.794017e+00 1.402398e+01 2.600000e+00
      vertex   -6.758045e+00 1.406272e+01 3.000000e+00
      vertex   -6.758045e+00 1.406272e+01 2.600000e+00
    endloop
  endfacet
  facet normal -6.569732e-01 7.539139e-01 0.000000e+00
    outer loop
      vertex   -6.758045e+00 1.406272e+01 2.600000e+00
      vertex   -6.758045e+00 1.406272e+01 3.000000e+00
      vertex   -6.675740e+00 1.413444e+01 3.000000e+00
    endloop
  endfacet
  facet normal -6.569732e-01 7.539139e-01 0.000000e+00
    outer loop
      vertex   -6.758045e+00 1.406272e+01 2.600000e+00
      vertex   -6.675740e+00 1.413444e+01 3.000000e+00
      vertex   -6.675740e+00 1.413444e+01 2.600000e+00
    endloop
  endfacet
  facet normal -3.628763e-01 9.318373e-01 0.000000e+00
    outer loop
      vertex   -6.675740e+00 1.413444e+01 3.000000e+00
      vertex   -6.481881e+00 1.420994e+01 3.000000e+00
      vertex   -6.675740e+00 1.413444e+01 2.600000e+00
    endloop
  endfacet
  facet normal -3.628763e-01 9.318373e-01 0.000000e+00
    outer loop
      vertex   -6.675740e+00 1.413444e+01 2.600000e+00
      vertex   -6.481881e+00 1.420994e+01 3.000000e+00
      vertex   -6.481881e+00 1.420994e+01 2.600000e+00
    endloop
  endfacet
  facet normal -2.463664e-01 9.691768e-01 0.000000e+00
    outer loop
      vertex   -6.481881e+00 1.420994e+01 2.600000e+00
      vertex   -6.481881e+00 1.420994e+01 3.000000e+00
      vertex   -6.291500e+00 1.425833e+01 3.000000e+00
    endloop
  endfacet
  facet normal -2.463664e-01 9.691768e-01 0.000000e+00
    outer loop
      vertex   -6.481881e+00 1.420994e+01 2.600000e+00
      vertex   -6.291500e+00 1.425833e+01 3.000000e+00
      vertex   -6.291500e+00 1.425833e+01 2.600000e+00
    endloop
  endfacet
  facet normal -4.752215e-02 9.988702e-01 0.000000e+00
    outer loop
      vertex   -6.291500e+00 1.425833e+01 2.600000e+00
      vertex   -6.291500e+00 1.425833e+01 3.000000e+00
      vertex   -5.856420e+00 1.427903e+01 3.000000e+00
    endloop
  endfacet
  facet normal -4.752215e-02 9.988702e-01 0.000000e+00
    outer loop
      vertex   -6.291500e+00 1.425833e+01 2.600000e+00
      vertex   -5.856420e+00 1.427903e+01 3.000000e+00
      vertex   -5.856420e+00 1.427903e+01 2.600000e+00
    endloop
  endfacet
  facet normal 2.976165e-02 -9.995570e-01 0.000000e+00
    outer loop
      vertex   -5.856607e+00 1.459452e+01 3.000000e+00
      vertex   -6.129904e+00 1.458638e+01 3.000000e+00
      vertex   -5.856607e+00 1.459452e+01 2.600000e+00
    endloop
  endfacet
  facet normal 2.976165e-02 -9.995570e-01 0.000000e+00
    outer loop
      vertex   -5.856607e+00 1.459452e+01 2.600000e+00
      vertex   -6.129904e+00 1.458638e+01 3.000000e+00
      vertex   -6.129904e+00 1.458638e+01 2.600000e+00
    endloop
  endfacet
  facet normal 1.356299e-01 -9.907596e-01 0.000000e+00
    outer loop
      vertex   -6.129904e+00 1.458638e+01 2.600000e+00
      vertex   -6.129904e+00 1.458638e+01 3.000000e+00
      vertex   -6.395547e+00 1.455001e+01 3.000000e+00
    endloop
  endfacet
  facet normal 1.356299e-01 -9.907596e-01 0.000000e+00
    outer loop
      vertex   -6.129904e+00 1.458638e+01 2.600000e+00
      vertex   -6.395547e+00 1.455001e+01 3.000000e+00
      vertex   -6.395547e+00 1.455001e+01 2.600000e+00
    endloop
  endfacet
  facet normal 3.237786e-01 -9.461329e-01 0.000000e+00
    outer loop
      vertex   -6.395547e+00 1.455001e+01 2.600000e+00
      vertex   -6.395547e+00 1.455001e+01 3.000000e+00
      vertex   -6.632176e+00 1.446904e+01 3.000000e+00
    endloop
  endfacet
  facet normal 3.237786e-01 -9.461329e-01 0.000000e+00
    outer loop
      vertex   -6.395547e+00 1.455001e+01 2.600000e+00
      vertex   -6.632176e+00 1.446904e+01 3.000000e+00
      vertex   -6.632176e+00 1.446904e+01 2.600000e+00
    endloop
  endfacet
  facet normal 4.533300e-01 -8.913427e-01 0.000000e+00
    outer loop
      vertex   -6.632176e+00 1.446904e+01 2.600000e+00
      vertex   -6.632176e+00 1.446904e+01 3.000000e+00
      vertex   -6.872831e+00 1.434664e+01 3.000000e+00
    endloop
  endfacet
  facet normal 4.533300e-01 -8.913427e-01 0.000000e+00
    outer loop
      vertex   -6.632176e+00 1.446904e+01 2.600000e+00
      vertex   -6.872831e+00 1.434664e+01 3.000000e+00
      vertex   -6.872831e+00 1.434664e+01 2.600000e+00
    endloop
  endfacet
  facet normal 7.315821e-01 -6.817533e-01 0.000000e+00
    outer loop
      vertex   -6.872831e+00 1.434664e+01 3.000000e+00
      vertex   -6.985931e+00 1.422527e+01 3.000000e+00
      vertex   -6.872831e+00 1.434664e+01 2.600000e+00
    endloop
  endfacet
  facet normal 7.315821e-01 -6.817533e-01 0.000000e+00
    outer loop
      vertex   -6.872831e+00 1.434664e+01 2.600000e+00
      vertex   -6.985931e+00 1.422527e+01 3.000000e+00
      vertex   -6.985931e+00 1.422527e+01 2.600000e+00
    endloop
  endfacet
  facet normal 8.020039e-01 -5.973188e-01 0.000000e+00
    outer loop
      vertex   -6.985931e+00 1.422527e+01 2.600000e+00
      vertex   -6.985931e+00 1.422527e+01 3.000000e+00
      vertex   -7.032851e+00 1.416228e+01 3.000000e+00
    endloop
  endfacet
  facet normal 8.020039e-01 -5.973188e-01 0.000000e+00
    outer loop
      vertex   -6.985931e+00 1.422527e+01 2.600000e+00
      vertex   -7.032851e+00 1.416228e+01 3.000000e+00
      vertex   -7.032851e+00 1.416228e+01 2.600000e+00
    endloop
  endfacet
  facet normal 8.755783e-01 -4.830762e-01 0.000000e+00
    outer loop
      vertex   -7.032851e+00 1.416228e+01 2.600000e+00
      vertex   -7.032851e+00 1.416228e+01 3.000000e+00
      vertex   -7.070323e+00 1.409436e+01 3.000000e+00
    endloop
  endfacet
  facet normal 8.755783e-01 -4.830762e-01 0.000000e+00
    outer loop
      vertex   -7.032851e+00 1.416228e+01 2.600000e+00
      vertex   -7.070323e+00 1.409436e+01 3.000000e+00
      vertex   -7.070323e+00 1.409436e+01 2.600000e+00
    endloop
  endfacet
  facet normal 9.619882e-01 -2.730912e-01 0.000000e+00
    outer loop
      vertex   -7.070323e+00 1.409436e+01 2.600000e+00
      vertex   -7.070323e+00 1.409436e+01 3.000000e+00
      vertex   -7.113498e+00 1.394227e+01 3.000000e+00
    endloop
  endfacet
  facet normal 9.619882e-01 -2.730912e-01 0.000000e+00
    outer loop
      vertex   -7.070323e+00 1.409436e+01 2.600000e+00
      vertex   -7.113498e+00 1.394227e+01 3.000000e+00
      vertex   -7.113498e+00 1.394227e+01 2.600000e+00
    endloop
  endfacet
  facet normal 9.938704e-01 -1.105518e-01 0.000000e+00
    outer loop
      vertex   -7.113498e+00 1.394227e+01 2.600000e+00
      vertex   -7.113498e+00 1.394227e+01 3.000000e+00
      vertex   -7.131702e+00 1.377861e+01 3.000000e+00
    endloop
  endfacet
  facet normal 9.938704e-01 -1.105518e-01 0.000000e+00
    outer loop
      vertex   -7.113498e+00 1.394227e+01 2.600000e+00
      vertex   -7.131702e+00 1.377861e+01 3.000000e+00
      vertex   -7.131702e+00 1.377861e+01 2.600000e+00
    endloop
  endfacet
  facet normal 9.903214e-01 1.387931e-01 0.000000e+00
    outer loop
      vertex   -7.131702e+00 1.377861e+01 3.000000e+00
      vertex   -7.097918e+00 1.353755e+01 3.000000e+00
      vertex   -7.131702e+00 1.377861e+01 2.600000e+00
    endloop
  endfacet
  facet normal 9.903214e-01 1.387931e-01 0.000000e+00
    outer loop
      vertex   -7.131702e+00 1.377861e+01 2.600000e+00
      vertex   -7.097918e+00 1.353755e+01 3.000000e+00
      vertex   -7.097918e+00 1.353755e+01 2.600000e+00
    endloop
  endfacet
  facet normal 9.132111e-01 4.074868e-01 -0.000000e+00
    outer loop
      vertex   -7.097918e+00 1.353755e+01 2.600000e+00
      vertex   -7.097918e+00 1.353755e+01 3.000000e+00
      vertex   -7.049943e+00 1.343004e+01 3.000000e+00
    endloop
  endfacet
  facet normal 9.132111e-01 4.074868e-01 0.000000e+00
    outer loop
      vertex   -7.097918e+00 1.353755e+01 2.600000e+00
      vertex   -7.049943e+00 1.343004e+01 3.000000e+00
      vertex   -7.049943e+00 1.343004e+01 2.600000e+00
    endloop
  endfacet
  facet normal 8.483814e-01 5.293854e-01 -0.000000e+00
    outer loop
      vertex   -7.049943e+00 1.343004e+01 2.600000e+00
      vertex   -7.049943e+00 1.343004e+01 3.000000e+00
      vertex   -6.983922e+00 1.332423e+01 3.000000e+00
    endloop
  endfacet
  facet normal 8.483814e-01 5.293854e-01 0.000000e+00
    outer loop
      vertex   -7.049943e+00 1.343004e+01 2.600000e+00
      vertex   -6.983922e+00 1.332423e+01 3.000000e+00
      vertex   -6.983922e+00 1.332423e+01 2.600000e+00
    endloop
  endfacet
  facet normal 6.563446e-01 7.544613e-01 0.000000e+00
    outer loop
      vertex   -6.983922e+00 1.332423e+01 3.000000e+00
      vertex   -6.794989e+00 1.315987e+01 3.000000e+00
      vertex   -6.983922e+00 1.332423e+01 2.600000e+00
    endloop
  endfacet
  facet normal 6.563446e-01 7.544613e-01 0.000000e+00
    outer loop
      vertex   -6.983922e+00 1.332423e+01 2.600000e+00
      vertex   -6.794989e+00 1.315987e+01 3.000000e+00
      vertex   -6.794989e+00 1.315987e+01 2.600000e+00
    endloop
  endfacet
  facet normal 4.189796e-01 9.079956e-01 -0.000000e+00
    outer loop
      vertex   -6.794989e+00 1.315987e+01 2.600000e+00
      vertex   -6.794989e+00 1.315987e+01 3.000000e+00
      vertex   -6.565957e+00 1.305419e+01 3.000000e+00
    endloop
  endfacet
  facet normal 4.189796e-01 9.079956e-01 0.000000e+00
    outer loop
      vertex   -6.794989e+00 1.315987e+01 2.600000e+00
      vertex   -6.565957e+00 1.305419e+01 3.000000e+00
      vertex   -6.565957e+00 1.305419e+01 2.600000e+00
    endloop
  endfacet
  facet normal 2.033469e-01 9.791068e-01 0.000000e+00
    outer loop
      vertex   -6.565957e+00 1.305419e+01 3.000000e+00
      vertex   -6.218004e+00 1.298192e+01 3.000000e+00
      vertex   -6.565957e+00 1.305419e+01 2.600000e+00
    endloop
  endfacet
  facet normal 2.033469e-01 9.791068e-01 0.000000e+00
    outer loop
      vertex   -6.565957e+00 1.305419e+01 2.600000e+00
      vertex   -6.218004e+00 1.298192e+01 3.000000e+00
      vertex   -6.218004e+00 1.298192e+01 2.600000e+00
    endloop
  endfacet
  facet normal 4.877291e-02 9.988099e-01 -0.000000e+00
    outer loop
      vertex   -6.218004e+00 1.298192e+01 2.600000e+00
      vertex   -6.218004e+00 1.298192e+01 3.000000e+00
      vertex   -5.855638e+00 1.296423e+01 3.000000e+00
    endloop
  endfacet
  facet normal 4.877291e-02 9.988099e-01 0.000000e+00
    outer loop
      vertex   -6.218004e+00 1.298192e+01 2.600000e+00
      vertex   -5.855638e+00 1.296423e+01 3.000000e+00
      vertex   -5.855638e+00 1.296423e+01 2.600000e+00
    endloop
  endfacet
  facet normal -3.640192e-02 9.993372e-01 0.000000e+00
    outer loop
      vertex   -5.855638e+00 1.296423e+01 3.000000e+00
      vertex   -5.554797e+00 1.297519e+01 3.000000e+00
      vertex   -5.855638e+00 1.296423e+01 2.600000e+00
    endloop
  endfacet
  facet normal -3.640192e-02 9.993372e-01 0.000000e+00
    outer loop
      vertex   -5.855638e+00 1.296423e+01 2.600000e+00
      vertex   -5.554797e+00 1.297519e+01 3.000000e+00
      vertex   -5.554797e+00 1.297519e+01 2.600000e+00
    endloop
  endfacet
  facet normal -1.555508e-01 9.878279e-01 0.000000e+00
    outer loop
      vertex   -5.554797e+00 1.297519e+01 2.600000e+00
      vertex   -5.554797e+00 1.297519e+01 3.000000e+00
      vertex   -5.264778e+00 1.302086e+01 3.000000e+00
    endloop
  endfacet
  facet normal -1.555508e-01 9.878279e-01 0.000000e+00
    outer loop
      vertex   -5.554797e+00 1.297519e+01 2.600000e+00
      vertex   -5.264778e+00 1.302086e+01 3.000000e+00
      vertex   -5.264778e+00 1.302086e+01 2.600000e+00
    endloop
  endfacet
  facet normal -3.104733e-01 9.505821e-01 0.000000e+00
    outer loop
      vertex   -5.264778e+00 1.302086e+01 3.000000e+00
      vertex   -5.072087e+00 1.308379e+01 3.000000e+00
      vertex   -5.264778e+00 1.302086e+01 2.600000e+00
    endloop
  endfacet
  facet normal -3.104733e-01 9.505821e-01 0.000000e+00
    outer loop
      vertex   -5.264778e+00 1.302086e+01 2.600000e+00
      vertex   -5.072087e+00 1.308379e+01 3.000000e+00
      vertex   -5.072087e+00 1.308379e+01 2.600000e+00
    endloop
  endfacet
  facet normal -4.590143e-01 8.884289e-01 0.000000e+00
    outer loop
      vertex   -5.072087e+00 1.308379e+01 2.600000e+00
      vertex   -5.072087e+00 1.308379e+01 3.000000e+00
      vertex   -4.893110e+00 1.317626e+01 3.000000e+00
    endloop
  endfacet
  facet normal -4.590143e-01 8.884289e-01 0.000000e+00
    outer loop
      vertex   -5.072087e+00 1.308379e+01 2.600000e+00
      vertex   -4.893110e+00 1.317626e+01 3.000000e+00
      vertex   -4.893110e+00 1.317626e+01 2.600000e+00
    endloop
  endfacet
  facet normal -6.387695e-01 7.693982e-01 0.000000e+00
    outer loop
      vertex   -4.893110e+00 1.317626e+01 3.000000e+00
      vertex   -4.760133e+00 1.328666e+01 3.000000e+00
      vertex   -4.893110e+00 1.317626e+01 2.600000e+00
    endloop
  endfacet
  facet normal -6.387695e-01 7.693982e-01 0.000000e+00
    outer loop
      vertex   -4.893110e+00 1.317626e+01 2.600000e+00
      vertex   -4.760133e+00 1.328666e+01 3.000000e+00
      vertex   -4.760133e+00 1.328666e+01 2.600000e+00
    endloop
  endfacet
  facet normal -8.131798e-01 5.820126e-01 0.000000e+00
    outer loop
      vertex   -4.760133e+00 1.328666e+01 2.600000e+00
      vertex   -4.760133e+00 1.328666e+01 3.000000e+00
      vertex   -4.659630e+00 1.342708e+01 3.000000e+00
    endloop
  endfacet
  facet normal -8.131798e-01 5.820126e-01 0.000000e+00
    outer loop
      vertex   -4.760133e+00 1.328666e+01 2.600000e+00
      vertex   -4.659630e+00 1.342708e+01 3.000000e+00
      vertex   -4.659630e+00 1.342708e+01 2.600000e+00
    endloop
  endfacet
  facet normal -9.397219e-01 3.419397e-01 0.000000e+00
    outer loop
      vertex   -4.659630e+00 1.342708e+01 3.000000e+00
      vertex   -4.597366e+00 1.359820e+01 3.000000e+00
      vertex   -4.659630e+00 1.342708e+01 2.600000e+00
    endloop
  endfacet
  facet normal -9.397219e-01 3.419397e-01 0.000000e+00
    outer loop
      vertex   -4.659630e+00 1.342708e+01 2.600000e+00
      vertex   -4.597366e+00 1.359820e+01 3.000000e+00
      vertex   -4.597366e+00 1.359820e+01 2.600000e+00
    endloop
  endfacet
  facet normal -9.948543e-01 1.013161e-01 0.000000e+00
    outer loop
      vertex   -4.597366e+00 1.359820e+01 2.600000e+00
      vertex   -4.597366e+00 1.359820e+01 3.000000e+00
      vertex   -4.578838e+00 1.378013e+01 3.000000e+00
    endloop
  endfacet
  facet normal -9.948543e-01 1.013161e-01 0.000000e+00
    outer loop
      vertex   -4.597366e+00 1.359820e+01 2.600000e+00
      vertex   -4.578838e+00 1.378013e+01 3.000000e+00
      vertex   -4.578838e+00 1.378013e+01 2.600000e+00
    endloop
  endfacet
  facet normal -9.903082e-01 -1.388871e-01 -0.000000e+00
    outer loop
      vertex   -4.578838e+00 1.378013e+01 3.000000e+00
      vertex   -4.612503e+00 1.402018e+01 3.000000e+00
      vertex   -4.578838e+00 1.378013e+01 2.600000e+00
    endloop
  endfacet
  facet normal -9.903082e-01 -1.388871e-01 0.000000e+00
    outer loop
      vertex   -4.578838e+00 1.378013e+01 2.600000e+00
      vertex   -4.612503e+00 1.402018e+01 3.000000e+00
      vertex   -4.612503e+00 1.402018e+01 2.600000e+00
    endloop
  endfacet
  facet normal -9.135899e-01 -4.066369e-01 0.000000e+00
    outer loop
      vertex   -4.612503e+00 1.402018e+01 2.600000e+00
      vertex   -4.612503e+00 1.402018e+01 3.000000e+00
      vertex   -4.660207e+00 1.412735e+01 3.000000e+00
    endloop
  endfacet
  facet normal -9.135899e-01 -4.066369e-01 0.000000e+00
    outer loop
      vertex   -4.612503e+00 1.402018e+01 2.600000e+00
      vertex   -4.660207e+00 1.412735e+01 3.000000e+00
      vertex   -4.660207e+00 1.412735e+01 2.600000e+00
    endloop
  endfacet
  facet normal -8.492671e-01 -5.279635e-01 0.000000e+00
    outer loop
      vertex   -4.660207e+00 1.412735e+01 2.600000e+00
      vertex   -4.660207e+00 1.412735e+01 3.000000e+00
      vertex   -4.725764e+00 1.423281e+01 3.000000e+00
    endloop
  endfacet
  facet normal -8.492671e-01 -5.279635e-01 0.000000e+00
    outer loop
      vertex   -4.660207e+00 1.412735e+01 2.600000e+00
      vertex   -4.725764e+00 1.423281e+01 3.000000e+00
      vertex   -4.725764e+00 1.423281e+01 2.600000e+00
    endloop
  endfacet
  facet normal -6.581108e-01 -7.529211e-01 -0.000000e+00
    outer loop
      vertex   -4.725764e+00 1.423281e+01 3.000000e+00
      vertex   -4.914197e+00 1.439751e+01 3.000000e+00
      vertex   -4.725764e+00 1.423281e+01 2.600000e+00
    endloop
  endfacet
  facet normal -6.581108e-01 -7.529211e-01 0.000000e+00
    outer loop
      vertex   -4.725764e+00 1.423281e+01 2.600000e+00
      vertex   -4.914197e+00 1.439751e+01 3.000000e+00
      vertex   -4.914197e+00 1.439751e+01 2.600000e+00
    endloop
  endfacet
  facet normal -4.211807e-01 -9.069767e-01 0.000000e+00
    outer loop
      vertex   -4.914197e+00 1.439751e+01 2.600000e+00
      vertex   -4.914197e+00 1.439751e+01 3.000000e+00
      vertex   -5.142876e+00 1.450371e+01 3.000000e+00
    endloop
  endfacet
  facet normal -4.211807e-01 -9.069767e-01 0.000000e+00
    outer loop
      vertex   -4.914197e+00 1.439751e+01 2.600000e+00
      vertex   -5.142876e+00 1.450371e+01 3.000000e+00
      vertex   -5.142876e+00 1.450371e+01 2.600000e+00
    endloop
  endfacet
  facet normal -2.045235e-01 -9.788617e-01 -0.000000e+00
    outer loop
      vertex   -5.142876e+00 1.450371e+01 3.000000e+00
      vertex   -5.492352e+00 1.457673e+01 3.000000e+00
      vertex   -5.142876e+00 1.450371e+01 2.600000e+00
    endloop
  endfacet
  facet normal -2.045235e-01 -9.788617e-01 0.000000e+00
    outer loop
      vertex   -5.142876e+00 1.450371e+01 2.600000e+00
      vertex   -5.492352e+00 1.457673e+01 3.000000e+00
      vertex   -5.492352e+00 1.457673e+01 2.600000e+00
    endloop
  endfacet
  facet normal -4.878301e-02 -9.988094e-01 0.000000e+00
    outer loop
      vertex   -5.492352e+00 1.457673e+01 2.600000e+00
      vertex   -5.492352e+00 1.457673e+01 3.000000e+00
      vertex   -5.856607e+00 1.459452e+01 3.000000e+00
    endloop
  endfacet
  facet normal -4.878301e-02 -9.988094e-01 0.000000e+00
    outer loop
      vertex   -5.492352e+00 1.457673e+01 2.600000e+00
      vertex   -5.856607e+00 1.459452e+01 3.000000e+00
      vertex   -5.856607e+00 1.459452e+01 2.600000e+00
    endloop
  endfacet
  facet normal 0.000000e+00 0.000000e+00 1.000000e+00
    outer loop
      vertex   -6.481881e+00 1.420994e+01 2.600000e+00
      vertex   -6.872831e+00 1.434664e+01 2.600000e+00
      vertex   -6.675740e+00 1.413444e+01 2.600000e+00
    endloop
  endfacet
  facet normal 0.000000e+00 0.000000e+00 1.000000e+00
    outer loop
      vertex   -6.675740e+00 1.413444e+01 2.600000e+00
      vertex   -6.872831e+00 1.434664e+01 2.600000e+00
      vertex   -6.985931e+00 1.422527e+01 2.600000e+00
    endloop
  endfacet
  facet normal 0.000000e+00 0.000000e+00 1.000000e+00
    outer loop
      vertex   -6.675740e+00 1.413444e+01 2.600000e+00
      vertex   -6.985931e+00 1.422527e+01 2.600000e+00
      vertex   -6.758045e+00 1.406272e+01 2.600000e+00
    endloop
  endfacet
  facet normal 0.000000e+00 0.000000e+00 1.000000e+00
    outer loop
      vertex   -6.758045e+00 1.406272e+01 2.600000e+00
      vertex   -6.985931e+00 1.422527e+01 2.600000e+00
      vertex   -7.032851e+00 1.416228e+01 2.600000e+00
    endloop
  endfacet
  facet normal 0.000000e+00 0.000000e+00 1.000000e+00
    outer loop
      vertex   -6.758045e+00 1.406272e+01 2.600000e+00
      vertex   -7.032851e+00 1.416228e+01 2.600000e+00
      vertex   -7.070323e+00 1.409436e+01 2.600000e+00
    endloop
  endfacet
  facet normal -0.000000e+00 0.000000e+00 1.000000e+00
    outer loop
      vertex   -6.872831e+00 1.434664e+01 2.600000e+00
      vertex   -6.481881e+00 1.420994e+01 2.600000e+00
      vertex   -6.632176e+00 1.446904e+01 2.600000e+00
    endloop
  endfacet
  facet normal 2.032869e-15 1.179207e-15 1.000000e+00
    outer loop
      vertex   -6.632176e+00 1.446904e+01 2.600000e+00
      vertex   -6.481881e+00 1.420994e+01 2.600000e+00
      vertex   -6.291500e+00 1.425833e+01 2.600000e+00
    endloop
  endfacet
  facet normal 4.643416e-16 -1.356880e-15 1.000000e+00
    outer loop
      vertex   -6.632176e+00 1.446904e+01 2.600000e+00
      vertex   -6.291500e+00 1.425833e+01 2.600000e+00
      vertex   -6.395547e+00 1.455001e+01 2.600000e+00
    endloop
  endfacet
  facet normal 1.987210e-16 -1.451632e-15 1.000000e+00
    outer loop
      vertex   -6.395547e+00 1.455001e+01 2.600000e+00
      vertex   -6.291500e+00 1.425833e+01 2.600000e+00
      vertex   -6.129904e+00 1.458638e+01 2.600000e+00
    endloop
  endfacet
  facet normal -9.792512e-16 -8.713623e-16 1.000000e+00
    outer loop
      vertex   -6.129904e+00 1.458638e+01 2.600000e+00
      vertex   -6.291500e+00 1.425833e+01 2.600000e+00
      vertex   -5.856420e+00 1.427903e+01 2.600000e+00
    endloop
  endfacet
  facet normal -0.000000e+00 0.000000e+00 1.000000e+00
    outer loop
      vertex   -6.129904e+00 1.458638e+01 2.600000e+00
      vertex   -5.856420e+00 1.427903e+01 2.600000e+00
      vertex   -5.856607e+00 1.459452e+01 2.600000e+00
    endloop
  endfacet
  facet normal 0.000000e+00 0.000000e+00 1.000000e+00
    outer loop
      vertex   -5.856607e+00 1.459452e+01 2.600000e+00
      vertex   -5.856420e+00 1.427903e+01 2.600000e+00
      vertex   -5.630993e+00 1.427678e+01 2.600000e+00
    endloop
  endfacet
  facet normal 0.000000e+00 0.000000e+00 1.000000e+00
    outer loop
      vertex   -5.856607e+00 1.459452e+01 2.600000e+00
      vertex   -5.630993e+00 1.427678e+01 2.600000e+00
      vertex   -5.492352e+00 1.457673e+01 2.600000e+00
    endloop
  endfacet
  facet normal 0.000000e+00 0.000000e+00 1.000000e+00
    outer loop
      vertex   -5.492352e+00 1.457673e+01 2.600000e+00
      vertex   -5.630993e+00 1.427678e+01 2.600000e+00
      vertex   -5.409901e+00 1.425485e+01 2.600000e+00
    endloop
  endfacet
  facet normal 0.000000e+00 0.000000e+00 1.000000e+00
    outer loop
      vertex   -5.492352e+00 1.457673e+01 2.600000e+00
      vertex   -5.409901e+00 1.425485e+01 2.600000e+00
      vertex   -5.142876e+00 1.450371e+01 2.600000e+00
    endloop
  endfacet
  facet normal 0.000000e+00 0.000000e+00 1.000000e+00
    outer loop
      vertex   -5.142876e+00 1.450371e+01 2.600000e+00
      vertex   -5.409901e+00 1.425485e+01 2.600000e+00
      vertex   -5.213303e+00 1.420234e+01 2.600000e+00
    endloop
  endfacet
  facet normal 0.000000e+00 0.000000e+00 1.000000e+00
    outer loop
      vertex   -5.142876e+00 1.450371e+01 2.600000e+00
      vertex   -5.213303e+00 1.420234e+01 2.600000e+00
      vertex   -4.914197e+00 1.439751e+01 2.600000e+00
    endloop
  endfacet
  facet normal 0.000000e+00 0.000000e+00 1.000000e+00
    outer loop
      vertex   -4.914197e+00 1.439751e+01 2.600000e+00
      vertex   -5.213303e+00 1.420234e+01 2.600000e+00
      vertex   -5.012192e+00 1.412094e+01 2.600000e+00
    endloop
  endfacet
  facet normal 0.000000e+00 0.000000e+00 1.000000e+00
    outer loop
      vertex   -4.914197e+00 1.439751e+01 2.600000e+00
      vertex   -5.012192e+00 1.412094e+01 2.600000e+00
      vertex   -4.725764e+00 1.423281e+01 2.600000e+00
    endloop
  endfacet
  facet normal 0.000000e+00 0.000000e+00 1.000000e+00
    outer loop
      vertex   -4.725764e+00 1.423281e+01 2.600000e+00
      vertex   -5.012192e+00 1.412094e+01 2.600000e+00
      vertex   -4.939384e+00 1.405449e+01 2.600000e+00
    endloop
  endfacet
  facet normal 0.000000e+00 0.000000e+00 1.000000e+00
    outer loop
      vertex   -4.725764e+00 1.423281e+01 2.600000e+00
      vertex   -4.939384e+00 1.405449e+01 2.600000e+00
      vertex   -4.660207e+00 1.412735e+01 2.600000e+00
    endloop
  endfacet
  facet normal 0.000000e+00 0.000000e+00 1.000000e+00
    outer loop
      vertex   -4.660207e+00 1.412735e+01 2.600000e+00
      vertex   -4.939384e+00 1.405449e+01 2.600000e+00
      vertex   -4.907179e+00 1.401824e+01 2.600000e+00
    endloop
  endfacet
  facet normal 0.000000e+00 0.000000e+00 1.000000e+00
    outer loop
      vertex   -4.660207e+00 1.412735e+01 2.600000e+00
      vertex   -4.907179e+00 1.401824e+01 2.600000e+00
      vertex   -4.612503e+00 1.402018e+01 2.600000e+00
    endloop
  endfacet
  facet normal 0.000000e+00 0.000000e+00 1.000000e+00
    outer loop
      vertex   -4.612503e+00 1.402018e+01 2.600000e+00
      vertex   -4.907179e+00 1.401824e+01 2.600000e+00
      vertex   -4.880212e+00 1.397798e+01 2.600000e+00
    endloop
  endfacet
  facet normal 0.000000e+00 0.000000e+00 1.000000e+00
    outer loop
      vertex   -4.612503e+00 1.402018e+01 2.600000e+00
      vertex   -4.880212e+00 1.397798e+01 2.600000e+00
      vertex   -4.860792e+00 1.393352e+01 2.600000e+00
    endloop
  endfacet
  facet normal -0.000000e+00 0.000000e+00 1.000000e+00
    outer loop
      vertex   -4.860792e+00 1.393352e+01 2.600000e+00
      vertex   -4.847921e+00 1.388577e+01 2.600000e+00
      vertex   -4.612503e+00 1.402018e+01 2.600000e+00
    endloop
  endfacet
  facet normal 0.000000e+00 0.000000e+00 1.000000e+00
    outer loop
      vertex   -4.612503e+00 1.402018e+01 2.600000e+00
      vertex   -4.847921e+00 1.388577e+01 2.600000e+00
      vertex   -4.578838e+00 1.378013e+01 2.600000e+00
    endloop
  endfacet
  facet normal 0.000000e+00 0.000000e+00 1.000000e+00
    outer loop
      vertex   -4.578838e+00 1.378013e+01 2.600000e+00
      vertex   -4.847921e+00 1.388577e+01 2.600000e+00
      vertex   -4.832932e+00 1.378339e+01 2.600000e+00
    endloop
  endfacet
  facet normal 0.000000e+00 0.000000e+00 1.000000e+00
    outer loop
      vertex   -4.578838e+00 1.378013e+01 2.600000e+00
      vertex   -4.832932e+00 1.378339e+01 2.600000e+00
      vertex   -4.851539e+00 1.367422e+01 2.600000e+00
    endloop
  endfacet
  facet normal 0.000000e+00 0.000000e+00 1.000000e+00
    outer loop
      vertex   -4.578838e+00 1.378013e+01 2.600000e+00
      vertex   -4.851539e+00 1.367422e+01 2.600000e+00
      vertex   -4.597366e+00 1.359820e+01 2.600000e+00
    endloop
  endfacet
  facet normal 0.000000e+00 0.000000e+00 1.000000e+00
    outer loop
      vertex   -4.597366e+00 1.359820e+01 2.600000e+00
      vertex   -4.851539e+00 1.367422e+01 2.600000e+00
      vertex   -4.866201e+00 1.362487e+01 2.600000e+00
    endloop
  endfacet
  facet normal 0.000000e+00 0.000000e+00 1.000000e+00
    outer loop
      vertex   -4.597366e+00 1.359820e+01 2.600000e+00
      vertex   -4.866201e+00 1.362487e+01 2.600000e+00
      vertex   -4.887734e+00 1.357866e+01 2.600000e+00
    endloop
  endfacet
  facet normal 0.000000e+00 0.000000e+00 1.000000e+00
    outer loop
      vertex   -4.597366e+00 1.359820e+01 2.600000e+00
      vertex   -4.887734e+00 1.357866e+01 2.600000e+00
      vertex   -4.659630e+00 1.342708e+01 2.600000e+00
    endloop
  endfacet
  facet normal 0.000000e+00 0.000000e+00 1.000000e+00
    outer loop
      vertex   -4.659630e+00 1.342708e+01 2.600000e+00
      vertex   -4.887734e+00 1.357866e+01 2.600000e+00
      vertex   -4.917377e+00 1.353603e+01 2.600000e+00
    endloop
  endfacet
  facet normal 0.000000e+00 0.000000e+00 1.000000e+00
    outer loop
      vertex   -4.659630e+00 1.342708e+01 2.600000e+00
      vertex   -4.917377e+00 1.353603e+01 2.600000e+00
      vertex   -4.953309e+00 1.349687e+01 2.600000e+00
    endloop
  endfacet
  facet normal 1.926804e-15 8.108646e-15 1.000000e+00
    outer loop
      vertex   -4.659630e+00 1.342708e+01 2.600000e+00
      vertex   -4.953309e+00 1.349687e+01 2.600000e+00
      vertex   -4.760133e+00 1.328666e+01 2.600000e+00
    endloop
  endfacet
  facet normal -3.086084e-15 3.501864e-15 1.000000e+00
    outer loop
      vertex   -4.760133e+00 1.328666e+01 2.600000e+00
      vertex   -4.953309e+00 1.349687e+01 2.600000e+00
      vertex   -5.035652e+00 1.342430e+01 2.600000e+00
    endloop
  endfacet
  facet normal -6.782680e-15 -3.897827e-15 1.000000e+00
    outer loop
      vertex   -4.760133e+00 1.328666e+01 2.600000e+00
      vertex   -5.035652e+00 1.342430e+01 2.600000e+00
      vertex   -4.893110e+00 1.317626e+01 2.600000e+00
    endloop
  endfacet
  facet normal 0.000000e+00 0.000000e+00 1.000000e+00
    outer loop
      vertex   -4.893110e+00 1.317626e+01 2.600000e+00
      vertex   -5.035652e+00 1.342430e+01 2.600000e+00
      vertex   -5.229598e+00 1.334874e+01 2.600000e+00
    endloop
  endfacet
  facet normal 3.707176e-15 7.232321e-15 1.000000e+00
    outer loop
      vertex   -4.893110e+00 1.317626e+01 2.600000e+00
      vertex   -5.229598e+00 1.334874e+01 2.600000e+00
      vertex   -5.072087e+00 1.308379e+01 2.600000e+00
    endloop
  endfacet
  facet normal -1.110115e-15 4.368454e-15 1.000000e+00
    outer loop
      vertex   -5.072087e+00 1.308379e+01 2.600000e+00
      vertex   -5.229598e+00 1.334874e+01 2.600000e+00
      vertex   -5.420143e+00 1.330032e+01 2.600000e+00
    endloop
  endfacet
  facet normal -5.851499e-15 -3.253107e-15 1.000000e+00
    outer loop
      vertex   -5.072087e+00 1.308379e+01 2.600000e+00
      vertex   -5.420143e+00 1.330032e+01 2.600000e+00
      vertex   -5.264778e+00 1.302086e+01 2.600000e+00
    endloop
  endfacet
  facet normal 0.000000e+00 0.000000e+00 1.000000e+00
    outer loop
      vertex   -5.264778e+00 1.302086e+01 2.600000e+00
      vertex   -5.420143e+00 1.330032e+01 2.600000e+00
      vertex   -5.554797e+00 1.297519e+01 2.600000e+00
    endloop
  endfacet
  facet normal 0.000000e+00 -0.000000e+00 1.000000e+00
    outer loop
      vertex   -5.554797e+00 1.297519e+01 2.600000e+00
      vertex   -5.420143e+00 1.330032e+01 2.600000e+00
      vertex   -5.855825e+00 1.327971e+01 2.600000e+00
    endloop
  endfacet
  facet normal 0.000000e+00 0.000000e+00 1.000000e+00
    outer loop
      vertex   -5.554797e+00 1.297519e+01 2.600000e+00
      vertex   -5.855825e+00 1.327971e+01 2.600000e+00
      vertex   -5.855638e+00 1.296423e+01 2.600000e+00
    endloop
  endfacet
  facet normal 0.000000e+00 0.000000e+00 1.000000e+00
    outer loop
      vertex   -5.855638e+00 1.296423e+01 2.600000e+00
      vertex   -5.855825e+00 1.327971e+01 2.600000e+00
      vertex   -6.218004e+00 1.298192e+01 2.600000e+00
    endloop
  endfacet
  facet normal 2.901504e-15 -3.528874e-15 1.000000e+00
    outer loop
      vertex   -6.218004e+00 1.298192e+01 2.600000e+00
      vertex   -5.855825e+00 1.327971e+01 2.600000e+00
      vertex   -6.290328e+00 1.329999e+01 2.600000e+00
    endloop
  endfacet
  facet normal -9.130394e-16 -4.396246e-15 1.000000e+00
    outer loop
      vertex   -6.218004e+00 1.298192e+01 2.600000e+00
      vertex   -6.290328e+00 1.329999e+01 2.600000e+00
      vertex   -6.565957e+00 1.305419e+01 2.600000e+00
    endloop
  endfacet
  facet normal -6.522573e-15 1.893991e-15 1.000000e+00
    outer loop
      vertex   -6.565957e+00 1.305419e+01 2.600000e+00
      vertex   -6.290328e+00 1.329999e+01 2.600000e+00
      vertex   -6.480603e+00 1.334813e+01 2.600000e+00
    endloop
  endfacet
  facet normal 0.000000e+00 -0.000000e+00 1.000000e+00
    outer loop
      vertex   -6.565957e+00 1.305419e+01 2.600000e+00
      vertex   -6.480603e+00 1.334813e+01 2.600000e+00
      vertex   -6.794989e+00 1.315987e+01 2.600000e+00
    endloop
  endfacet
  facet normal 0.000000e+00 0.000000e+00 1.000000e+00
    outer loop
      vertex   -6.794989e+00 1.315987e+01 2.600000e+00
      vertex   -6.480603e+00 1.334813e+01 2.600000e+00
      vertex   -6.674465e+00 1.342333e+01 2.600000e+00
    endloop
  endfacet
  facet normal 0.000000e+00 -0.000000e+00 1.000000e+00
    outer loop
      vertex   -6.794989e+00 1.315987e+01 2.600000e+00
      vertex   -6.674465e+00 1.342333e+01 2.600000e+00
      vertex   -6.983922e+00 1.332423e+01 2.600000e+00
    endloop
  endfacet
  facet normal 0.000000e+00 0.000000e+00 1.000000e+00
    outer loop
      vertex   -6.983922e+00 1.332423e+01 2.600000e+00
      vertex   -6.674465e+00 1.342333e+01 2.600000e+00
      vertex   -6.757140e+00 1.349486e+01 2.600000e+00
    endloop
  endfacet
  facet normal 0.000000e+00 -0.000000e+00 1.000000e+00
    outer loop
      vertex   -6.983922e+00 1.332423e+01 2.600000e+00
      vertex   -6.757140e+00 1.349486e+01 2.600000e+00
      vertex   -7.049943e+00 1.343004e+01 2.600000e+00
    endloop
  endfacet
  facet normal 0.000000e+00 0.000000e+00 1.000000e+00
    outer loop
      vertex   -7.049943e+00 1.343004e+01 2.600000e+00
      vertex   -6.757140e+00 1.349486e+01 2.600000e+00
      vertex   -6.793292e+00 1.353352e+01 2.600000e+00
    endloop
  endfacet
  facet normal 0.000000e+00 -0.000000e+00 1.000000e+00
    outer loop
      vertex   -7.049943e+00 1.343004e+01 2.600000e+00
      vertex   -6.793292e+00 1.353352e+01 2.600000e+00
      vertex   -7.097918e+00 1.353755e+01 2.600000e+00
    endloop
  endfacet
  facet normal -0.000000e+00 0.000000e+00 1.000000e+00
    outer loop
      vertex   -7.097918e+00 1.353755e+01 2.600000e+00
      vertex   -6.793292e+00 1.353352e+01 2.600000e+00
      vertex   -6.823221e+00 1.357567e+01 2.600000e+00
    endloop
  endfacet
  facet normal 0.000000e+00 0.000000e+00 1.000000e+00
    outer loop
      vertex   -7.097918e+00 1.353755e+01 2.600000e+00
      vertex   -6.823221e+00 1.357567e+01 2.600000e+00
      vertex   -6.845060e+00 1.362135e+01 2.600000e+00
    endloop
  endfacet
  facet normal 0.000000e+00 0.000000e+00 1.000000e+00
    outer loop
      vertex   -6.845060e+00 1.362135e+01 2.600000e+00
      vertex   -6.860017e+00 1.367016e+01 2.600000e+00
      vertex   -7.097918e+00 1.353755e+01 2.600000e+00
    endloop
  endfacet
  facet normal 0.000000e+00 -0.000000e+00 1.000000e+00
    outer loop
      vertex   -7.097918e+00 1.353755e+01 2.600000e+00
      vertex   -6.860017e+00 1.367016e+01 2.600000e+00
      vertex   -7.131702e+00 1.377861e+01 2.600000e+00
    endloop
  endfacet
  facet normal -0.000000e+00 0.000000e+00 1.000000e+00
    outer loop
      vertex   -7.131702e+00 1.377861e+01 2.600000e+00
      vertex   -6.860017e+00 1.367016e+01 2.600000e+00
      vertex   -6.879315e+00 1.377876e+01 2.600000e+00
    endloop
  endfacet
  facet normal 0.000000e+00 0.000000e+00 1.000000e+00
    outer loop
      vertex   -7.131702e+00 1.377861e+01 2.600000e+00
      vertex   -6.879315e+00 1.377876e+01 2.600000e+00
      vertex   -6.860279e+00 1.388727e+01 2.600000e+00
    endloop
  endfacet
  facet normal 0.000000e+00 0.000000e+00 1.000000e+00
    outer loop
      vertex   -7.131702e+00 1.377861e+01 2.600000e+00
      vertex   -6.860279e+00 1.388727e+01 2.600000e+00
      vertex   -7.113498e+00 1.394227e+01 2.600000e+00
    endloop
  endfacet
  facet normal 0.000000e+00 0.000000e+00 1.000000e+00
    outer loop
      vertex   -7.113498e+00 1.394227e+01 2.600000e+00
      vertex   -6.860279e+00 1.388727e+01 2.600000e+00
      vertex   -6.845457e+00 1.393608e+01 2.600000e+00
    endloop
  endfacet
  facet normal -0.000000e+00 0.000000e+00 1.000000e+00
    outer loop
      vertex   -7.113498e+00 1.394227e+01 2.600000e+00
      vertex   -6.845457e+00 1.393608e+01 2.600000e+00
      vertex   -6.823773e+00 1.398179e+01 2.600000e+00
    endloop
  endfacet
  facet normal 0.000000e+00 0.000000e+00 1.000000e+00
    outer loop
      vertex   -7.113498e+00 1.394227e+01 2.600000e+00
      vertex   -6.823773e+00 1.398179e+01 2.600000e+00
      vertex   -7.070323e+00 1.409436e+01 2.600000e+00
    endloop
  endfacet
  facet normal 0.000000e+00 0.000000e+00 1.000000e+00
    outer loop
      vertex   -7.070323e+00 1.409436e+01 2.600000e+00
      vertex   -6.823773e+00 1.398179e+01 2.600000e+00
      vertex   -6.794017e+00 1.402398e+01 2.600000e+00
    endloop
  endfacet
  facet normal 0.000000e+00 0.000000e+00 1.000000e+00
    outer loop
      vertex   -7.070323e+00 1.409436e+01 2.600000e+00
      vertex   -6.794017e+00 1.402398e+01 2.600000e+00
      vertex   -6.758045e+00 1.406272e+01 2.600000e+00
    endloop
  endfacet
  facet normal 9.999998e-01 5.944932e-04 0.000000e+00
    outer loop
      vertex   -7.088297e+00 1.247919e+01 3.000000e+00
      vertex   -7.088089e+00 1.212960e+01 3.000000e+00
      vertex   -7.088297e+00 1.247919e+01 2.600000e+00
    endloop
  endfacet
  facet normal 9.999998e-01 5.944932e-04 0.000000e+00
    outer loop
      vertex   -7.088297e+00 1.247919e+01 2.600000e+00
      vertex   -7.088089e+00 1.212960e+01 3.000000e+00
      vertex   -7.088089e+00 1.212960e+01 2.600000e+00
    endloop
  endfacet
  facet normal -5.944932e-04 9.999998e-01 0.000000e+00
    outer loop
      vertex   -7.088089e+00 1.212960e+01 3.000000e+00
      vertex   -6.738498e+00 1.212980e+01 3.000000e+00
      vertex   -7.088089e+00 1.212960e+01 2.600000e+00
    endloop
  endfacet
  facet normal -5.944932e-04 9.999998e-01 0.000000e+00
    outer loop
      vertex   -7.088089e+00 1.212960e+01 2.600000e+00
      vertex   -6.738498e+00 1.212980e+01 3.000000e+00
      vertex   -6.738498e+00 1.212980e+01 2.600000e+00
    endloop
  endfacet
  facet normal -9.999998e-01 -5.944932e-04 -0.000000e+00
    outer loop
      vertex   -6.738498e+00 1.212980e+01 3.000000e+00
      vertex   -6.738706e+00 1.247939e+01 3.000000e+00
      vertex   -6.738498e+00 1.212980e+01 2.600000e+00
    endloop
  endfacet
  facet normal -9.999998e-01 -5.944932e-04 0.000000e+00
    outer loop
      vertex   -6.738498e+00 1.212980e+01 2.600000e+00
      vertex   -6.738706e+00 1.247939e+01 3.000000e+00
      vertex   -6.738706e+00 1.247939e+01 2.600000e+00
    endloop
  endfacet
  facet normal 5.944932e-04 -9.999998e-01 0.000000e+00
    outer loop
      vertex   -6.738706e+00 1.247939e+01 3.000000e+00
      vertex   -7.088297e+00 1.247919e+01 3.000000e+00
      vertex   -6.738706e+00 1.247939e+01 2.600000e+00
    endloop
  endfacet
  facet normal 5.944932e-04 -9.999998e-01 0.000000e+00
    outer loop
      vertex   -6.738706e+00 1.247939e+01 2.600000e+00
      vertex   -7.088297e+00 1.247919e+01 3.000000e+00
      vertex   -7.088297e+00 1.247919e+01 2.600000e+00
    endloop
  endfacet
  facet normal 0.000000e+00 0.000000e+00 1.000000e+00
    outer loop
      vertex   -6.738706e+00 1.247939e+01 2.600000e+00
      vertex   -7.088297e+00 1.247919e+01 2.600000e+00
      vertex   -6.738498e+00 1.212980e+01 2.600000e+00
    endloop
  endfacet
  facet normal 0.000000e+00 0.000000e+00 1.000000e+00
    outer loop
      vertex   -6.738498e+00 1.212980e+01 2.600000e+00
      vertex   -7.088297e+00 1.247919e+01 2.600000e+00
      vertex   -7.088089e+00 1.212960e+01 2.600000e+00
    endloop
  endfacet
  facet normal 1.951671e-01 -9.807700e-01 0.000000e+00
    outer loop
      vertex   -6.427862e+00 1.167978e+01 3.000000e+00
      vertex   -6.571474e+00 1.165120e+01 3.000000e+00
      vertex   -6.427862e+00 1.167978e+01 2.600000e+00
    endloop
  endfacet
  facet normal 1.951671e-01 -9.807700e-01 0.000000e+00
    outer loop
      vertex   -6.427862e+00 1.167978e+01 2.600000e+00
      vertex   -6.571474e+00 1.165120e+01 3.000000e+00
      vertex   -6.571474e+00 1.165120e+01 2.600000e+00
    endloop
  endfacet
  facet normal 3.272325e-01 -9.449439e-01 0.000000e+00
    outer loop
      vertex   -6.571474e+00 1.165120e+01 2.600000e+00
      vertex   -6.571474e+00 1.165120e+01 3.000000e+00
      vertex   -6.706170e+00 1.160456e+01 3.000000e+00
    endloop
  endfacet
  facet normal 3.272325e-01 -9.449439e-01 0.000000e+00
    outer loop
      vertex   -6.571474e+00 1.165120e+01 2.600000e+00
      vertex   -6.706170e+00 1.160456e+01 3.000000e+00
      vertex   -6.706170e+00 1.160456e+01 2.600000e+00
    endloop
  endfacet
  facet normal 5.416511e-01 -8.406034e-01 0.000000e+00
    outer loop
      vertex   -6.706170e+00 1.160456e+01 2.600000e+00
      vertex   -6.706170e+00 1.160456e+01 3.000000e+00
      vertex   -6.824736e+00 1.152816e+01 3.000000e+00
    endloop
  endfacet
  facet normal 5.416511e-01 -8.406034e-01 0.000000e+00
    outer loop
      vertex   -6.706170e+00 1.160456e+01 2.600000e+00
      vertex   -6.824736e+00 1.152816e+01 3.000000e+00
      vertex   -6.824736e+00 1.152816e+01 2.600000e+00
    endloop
  endfacet
  facet normal 6.567173e-01 -7.541369e-01 0.000000e+00
    outer loop
      vertex   -6.824736e+00 1.152816e+01 2.600000e+00
      vertex   -6.824736e+00 1.152816e+01 3.000000e+00
      vertex   -6.935900e+00 1.143136e+01 3.000000e+00
    endloop
  endfacet
  facet normal 6.567173e-01 -7.541369e-01 0.000000e+00
    outer loop
      vertex   -6.824736e+00 1.152816e+01 2.600000e+00
      vertex   -6.935900e+00 1.143136e+01 3.000000e+00
      vertex   -6.935900e+00 1.143136e+01 2.600000e+00
    endloop
  endfacet
  facet normal 8.228151e-01 -5.683091e-01 0.000000e+00
    outer loop
      vertex   -6.935900e+00 1.143136e+01 3.000000e+00
      vertex   -7.022191e+00 1.130642e+01 3.000000e+00
      vertex   -6.935900e+00 1.143136e+01 2.600000e+00
    endloop
  endfacet
  facet normal 8.228151e-01 -5.683091e-01 0.000000e+00
    outer loop
      vertex   -6.935900e+00 1.143136e+01 2.600000e+00
      vertex   -7.022191e+00 1.130642e+01 3.000000e+00
      vertex   -7.022191e+00 1.130642e+01 2.600000e+00
    endloop
  endfacet
  facet normal 8.965984e-01 -4.428446e-01 0.000000e+00
    outer loop
      vertex   -7.022191e+00 1.130642e+01 2.600000e+00
      vertex   -7.022191e+00 1.130642e+01 3.000000e+00
      vertex   -7.085935e+00 1.117736e+01 3.000000e+00
    endloop
  endfacet
  facet normal 8.965984e-01 -4.428446e-01 0.000000e+00
    outer loop
      vertex   -7.022191e+00 1.130642e+01 2.600000e+00
      vertex   -7.085935e+00 1.117736e+01 3.000000e+00
      vertex   -7.085935e+00 1.117736e+01 2.600000e+00
    endloop
  endfacet
  facet normal 9.752396e-01 -2.211509e-01 0.000000e+00
    outer loop
      vertex   -7.085935e+00 1.117736e+01 2.600000e+00
      vertex   -7.085935e+00 1.117736e+01 3.000000e+00
      vertex   -7.118332e+00 1.103450e+01 3.000000e+00
    endloop
  endfacet
  facet normal 9.752396e-01 -2.211509e-01 0.000000e+00
    outer loop
      vertex   -7.085935e+00 1.117736e+01 2.600000e+00
      vertex   -7.118332e+00 1.103450e+01 3.000000e+00
      vertex   -7.118332e+00 1.103450e+01 2.600000e+00
    endloop
  endfacet
  facet normal 9.960500e-01 -8.879401e-02 0.000000e+00
    outer loop
      vertex   -7.118332e+00 1.103450e+01 2.600000e+00
      vertex   -7.118332e+00 1.103450e+01 3.000000e+00
      vertex   -7.131687e+00 1.088469e+01 3.000000e+00
    endloop
  endfacet
  facet normal 9.960500e-01 -8.879401e-02 0.000000e+00
    outer loop
      vertex   -7.118332e+00 1.103450e+01 2.600000e+00
      vertex   -7.131687e+00 1.088469e+01 3.000000e+00
      vertex   -7.131687e+00 1.088469e+01 2.600000e+00
    endloop
  endfacet
  facet normal 9.954360e-01 9.543122e-02 0.000000e+00
    outer loop
      vertex   -7.131687e+00 1.088469e+01 3.000000e+00
      vertex   -7.115698e+00 1.071791e+01 3.000000e+00
      vertex   -7.131687e+00 1.088469e+01 2.600000e+00
    endloop
  endfacet
  facet normal 9.954360e-01 9.543122e-02 0.000000e+00
    outer loop
      vertex   -7.131687e+00 1.088469e+01 2.600000e+00
      vertex   -7.115698e+00 1.071791e+01 3.000000e+00
      vertex   -7.115698e+00 1.071791e+01 2.600000e+00
    endloop
  endfacet
  facet normal 9.724168e-01 2.332500e-01 -0.000000e+00
    outer loop
      vertex   -7.115698e+00 1.071791e+01 2.600000e+00
      vertex   -7.115698e+00 1.071791e+01 3.000000e+00
      vertex   -7.077721e+00 1.055958e+01 3.000000e+00
    endloop
  endfacet
  facet normal 9.724168e-01 2.332500e-01 0.000000e+00
    outer loop
      vertex   -7.115698e+00 1.071791e+01 2.600000e+00
      vertex   -7.077721e+00 1.055958e+01 3.000000e+00
      vertex   -7.077721e+00 1.055958e+01 2.600000e+00
    endloop
  endfacet
  facet normal 8.863327e-01 4.630489e-01 -0.000000e+00
    outer loop
      vertex   -7.077721e+00 1.055958e+01 2.600000e+00
      vertex   -7.077721e+00 1.055958e+01 3.000000e+00
      vertex   -7.003489e+00 1.041749e+01 3.000000e+00
    endloop
  endfacet
  facet normal 8.863327e-01 4.630489e-01 0.000000e+00
    outer loop
      vertex   -7.077721e+00 1.055958e+01 2.600000e+00
      vertex   -7.003489e+00 1.041749e+01 3.000000e+00
      vertex   -7.003489e+00 1.041749e+01 2.600000e+00
    endloop
  endfacet
  facet normal 8.068939e-01 5.906963e-01 -0.000000e+00
    outer loop
      vertex   -7.003489e+00 1.041749e+01 2.600000e+00
      vertex   -7.003489e+00 1.041749e+01 3.000000e+00
      vertex   -6.903668e+00 1.028114e+01 3.000000e+00
    endloop
  endfacet
  facet normal 8.068939e-01 5.906963e-01 0.000000e+00
    outer loop
      vertex   -7.003489e+00 1.041749e+01 2.600000e+00
      vertex   -6.903668e+00 1.028114e+01 3.000000e+00
      vertex   -6.903668e+00 1.028114e+01 2.600000e+00
    endloop
  endfacet
  facet normal 6.378456e-01 7.701642e-01 0.000000e+00
    outer loop
      vertex   -6.903668e+00 1.028114e+01 3.000000e+00
      vertex   -6.782379e+00 1.018069e+01 3.000000e+00
      vertex   -6.903668e+00 1.028114e+01 2.600000e+00
    endloop
  endfacet
  facet normal 6.378456e-01 7.701642e-01 0.000000e+00
    outer loop
      vertex   -6.903668e+00 1.028114e+01 2.600000e+00
      vertex   -6.782379e+00 1.018069e+01 3.000000e+00
      vertex   -6.782379e+00 1.018069e+01 2.600000e+00
    endloop
  endfacet
  facet normal 5.130821e-01 8.583395e-01 -0.000000e+00
    outer loop
      vertex   -6.782379e+00 1.018069e+01 2.600000e+00
      vertex   -6.782379e+00 1.018069e+01 3.000000e+00
      vertex   -6.651550e+00 1.010248e+01 3.000000e+00
    endloop
  endfacet
  facet normal 5.130821e-01 8.583395e-01 0.000000e+00
    outer loop
      vertex   -6.782379e+00 1.018069e+01 2.600000e+00
      vertex   -6.651550e+00 1.010248e+01 3.000000e+00
      vertex   -6.651550e+00 1.010248e+01 2.600000e+00
    endloop
  endfacet
  facet normal 2.695482e-01 9.629869e-01 -0.000000e+00
    outer loop
      vertex   -6.651550e+00 1.010248e+01 2.600000e+00
      vertex   -6.651550e+00 1.010248e+01 3.000000e+00
      vertex   -6.504953e+00 1.006145e+01 3.000000e+00
    endloop
  endfacet
  facet normal 2.695482e-01 9.629869e-01 0.000000e+00
    outer loop
      vertex   -6.651550e+00 1.010248e+01 2.600000e+00
      vertex   -6.504953e+00 1.006145e+01 3.000000e+00
      vertex   -6.504953e+00 1.006145e+01 2.600000e+00
    endloop
  endfacet
  facet normal 1.187940e-01 9.929189e-01 -0.000000e+00
    outer loop
      vertex   -6.504953e+00 1.006145e+01 2.600000e+00
      vertex   -6.504953e+00 1.006145e+01 3.000000e+00
      vertex   -6.348444e+00 1.004272e+01 3.000000e+00
    endloop
  endfacet
  facet normal 1.187940e-01 9.929189e-01 0.000000e+00
    outer loop
      vertex   -6.504953e+00 1.006145e+01 2.600000e+00
      vertex   -6.348444e+00 1.004272e+01 3.000000e+00
      vertex   -6.348444e+00 1.004272e+01 2.600000e+00
    endloop
  endfacet
  facet normal -1.303481e-01 9.914683e-01 0.000000e+00
    outer loop
      vertex   -6.348444e+00 1.004272e+01 3.000000e+00
      vertex   -6.135824e+00 1.007068e+01 3.000000e+00
      vertex   -6.348444e+00 1.004272e+01 2.600000e+00
    endloop
  endfacet
  facet normal -1.303481e-01 9.914683e-01 0.000000e+00
    outer loop
      vertex   -6.348444e+00 1.004272e+01 2.600000e+00
      vertex   -6.135824e+00 1.007068e+01 3.000000e+00
      vertex   -6.135824e+00 1.007068e+01 2.600000e+00
    endloop
  endfacet
  facet normal -4.463201e-01 8.948734e-01 0.000000e+00
    outer loop
      vertex   -6.135824e+00 1.007068e+01 2.600000e+00
      vertex   -6.135824e+00 1.007068e+01 3.000000e+00
      vertex   -5.945209e+00 1.016575e+01 3.000000e+00
    endloop
  endfacet
  facet normal -4.463201e-01 8.948734e-01 0.000000e+00
    outer loop
      vertex   -6.135824e+00 1.007068e+01 2.600000e+00
      vertex   -5.945209e+00 1.016575e+01 3.000000e+00
      vertex   -5.945209e+00 1.016575e+01 2.600000e+00
    endloop
  endfacet
  facet normal -6.988258e-01 7.152919e-01 0.000000e+00
    outer loop
      vertex   -5.945209e+00 1.016575e+01 3.000000e+00
      vertex   -5.869818e+00 1.023940e+01 3.000000e+00
      vertex   -5.945209e+00 1.016575e+01 2.600000e+00
    endloop
  endfacet
  facet normal -6.988258e-01 7.152919e-01 0.000000e+00
    outer loop
      vertex   -5.945209e+00 1.016575e+01 2.600000e+00
      vertex   -5.869818e+00 1.023940e+01 3.000000e+00
      vertex   -5.869818e+00 1.023940e+01 2.600000e+00
    endloop
  endfacet
  facet normal -7.901396e-01 6.129269e-01 0.000000e+00
    outer loop
      vertex   -5.869818e+00 1.023940e+01 2.600000e+00
      vertex   -5.869818e+00 1.023940e+01 3.000000e+00
      vertex   -5.808363e+00 1.031862e+01 3.000000e+00
    endloop
  endfacet
  facet normal -7.901396e-01 6.129269e-01 0.000000e+00
    outer loop
      vertex   -5.869818e+00 1.023940e+01 2.600000e+00
      vertex   -5.808363e+00 1.031862e+01 3.000000e+00
      vertex   -5.808363e+00 1.031862e+01 2.600000e+00
    endloop
  endfacet
  facet normal -9.308468e-01 3.654096e-01 0.000000e+00
    outer loop
      vertex   -5.808363e+00 1.031862e+01 2.600000e+00
      vertex   -5.808363e+00 1.031862e+01 3.000000e+00
      vertex   -5.733101e+00 1.051035e+01 3.000000e+00
    endloop
  endfacet
  facet normal -9.308468e-01 3.654096e-01 0.000000e+00
    outer loop
      vertex   -5.808363e+00 1.031862e+01 2.600000e+00
      vertex   -5.733101e+00 1.051035e+01 3.000000e+00
      vertex   -5.733101e+00 1.051035e+01 2.600000e+00
    endloop
  endfacet
  facet normal 8.543764e-01 5.196547e-01 0.000000e+00
    outer loop
      vertex   -5.733101e+00 1.051035e+01 3.000000e+00
      vertex   -5.645416e+00 1.036618e+01 3.000000e+00
      vertex   -5.733101e+00 1.051035e+01 2.600000e+00
    endloop
  endfacet
  facet normal 8.543764e-01 5.196547e-01 0.000000e+00
    outer loop
      vertex   -5.733101e+00 1.051035e+01 2.600000e+00
      vertex   -5.645416e+00 1.036618e+01 3.000000e+00
      vertex   -5.645416e+00 1.036618e+01 2.600000e+00
    endloop
  endfacet
  facet normal 6.744683e-01 7.383038e-01 -0.000000e+00
    outer loop
      vertex   -5.645416e+00 1.036618e+01 2.600000e+00
      vertex   -5.645416e+00 1.036618e+01 3.000000e+00
      vertex   -5.521489e+00 1.025297e+01 3.000000e+00
    endloop
  endfacet
  facet normal 6.744683e-01 7.383038e-01 0.000000e+00
    outer loop
      vertex   -5.645416e+00 1.036618e+01 2.600000e+00
      vertex   -5.521489e+00 1.025297e+01 3.000000e+00
      vertex   -5.521489e+00 1.025297e+01 2.600000e+00
    endloop
  endfacet
  facet normal 4.204605e-01 9.073109e-01 0.000000e+00
    outer loop
      vertex   -5.521489e+00 1.025297e+01 3.000000e+00
      vertex   -5.380437e+00 1.018760e+01 3.000000e+00
      vertex   -5.521489e+00 1.025297e+01 2.600000e+00
    endloop
  endfacet
  facet normal 4.204605e-01 9.073109e-01 0.000000e+00
    outer loop
      vertex   -5.521489e+00 1.025297e+01 2.600000e+00
      vertex   -5.380437e+00 1.018760e+01 3.000000e+00
      vertex   -5.380437e+00 1.018760e+01 2.600000e+00
    endloop
  endfacet
  facet normal 1.378069e-01 9.904591e-01 -0.000000e+00
    outer loop
      vertex   -5.380437e+00 1.018760e+01 2.600000e+00
      vertex   -5.380437e+00 1.018760e+01 3.000000e+00
      vertex   -5.226417e+00 1.016617e+01 3.000000e+00
    endloop
  endfacet
  facet normal 1.378069e-01 9.904591e-01 0.000000e+00
    outer loop
      vertex   -5.380437e+00 1.018760e+01 2.600000e+00
      vertex   -5.226417e+00 1.016617e+01 3.000000e+00
      vertex   -5.226417e+00 1.016617e+01 2.600000e+00
    endloop
  endfacet
  facet normal -1.381722e-01 9.904082e-01 0.000000e+00
    outer loop
      vertex   -5.226417e+00 1.016617e+01 3.000000e+00
      vertex   -5.058999e+00 1.018953e+01 3.000000e+00
      vertex   -5.226417e+00 1.016617e+01 2.600000e+00
    endloop
  endfacet
  facet normal -1.381722e-01 9.904082e-01 0.000000e+00
    outer loop
      vertex   -5.226417e+00 1.016617e+01 2.600000e+00
      vertex   -5.058999e+00 1.018953e+01 3.000000e+00
      vertex   -5.058999e+00 1.018953e+01 2.600000e+00
    endloop
  endfacet
  facet normal -4.024495e-01 9.154422e-01 0.000000e+00
    outer loop
      vertex   -5.058999e+00 1.018953e+01 2.600000e+00
      vertex   -5.058999e+00 1.018953e+01 3.000000e+00
      vertex   -4.904165e+00 1.025760e+01 3.000000e+00
    endloop
  endfacet
  facet normal -4.024495e-01 9.154422e-01 0.000000e+00
    outer loop
      vertex   -5.058999e+00 1.018953e+01 2.600000e+00
      vertex   -4.904165e+00 1.025760e+01 3.000000e+00
      vertex   -4.904165e+00 1.025760e+01 2.600000e+00
    endloop
  endfacet
  facet normal -6.375062e-01 7.704452e-01 0.000000e+00
    outer loop
      vertex   -4.904165e+00 1.025760e+01 3.000000e+00
      vertex   -4.765717e+00 1.037216e+01 3.000000e+00
      vertex   -4.904165e+00 1.025760e+01 2.600000e+00
    endloop
  endfacet
  facet normal -6.375062e-01 7.704452e-01 0.000000e+00
    outer loop
      vertex   -4.904165e+00 1.025760e+01 2.600000e+00
      vertex   -4.765717e+00 1.037216e+01 3.000000e+00
      vertex   -4.765717e+00 1.037216e+01 2.600000e+00
    endloop
  endfacet
  facet normal -8.278685e-01 5.609222e-01 0.000000e+00
    outer loop
      vertex   -4.765717e+00 1.037216e+01 2.600000e+00
      vertex   -4.765717e+00 1.037216e+01 3.000000e+00
      vertex   -4.664724e+00 1.052121e+01 3.000000e+00
    endloop
  endfacet
  facet normal -8.278685e-01 5.609222e-01 0.000000e+00
    outer loop
      vertex   -4.765717e+00 1.037216e+01 2.600000e+00
      vertex   -4.664724e+00 1.052121e+01 3.000000e+00
      vertex   -4.664724e+00 1.052121e+01 2.600000e+00
    endloop
  endfacet
  facet normal -9.401044e-01 3.408868e-01 0.000000e+00
    outer loop
      vertex   -4.664724e+00 1.052121e+01 3.000000e+00
      vertex   -4.598322e+00 1.070434e+01 3.000000e+00
      vertex   -4.664724e+00 1.052121e+01 2.600000e+00
    endloop
  endfacet
  facet normal -9.401044e-01 3.408868e-01 0.000000e+00
    outer loop
      vertex   -4.664724e+00 1.052121e+01 2.600000e+00
      vertex   -4.598322e+00 1.070434e+01 3.000000e+00
      vertex   -4.598322e+00 1.070434e+01 2.600000e+00
    endloop
  endfacet
  facet normal -9.940716e-01 1.087274e-01 0.000000e+00
    outer loop
      vertex   -4.598322e+00 1.070434e+01 2.600000e+00
      vertex   -4.598322e+00 1.070434e+01 3.000000e+00
      vertex   -4.577124e+00 1.089814e+01 3.000000e+00
    endloop
  endfacet
  facet normal -9.940716e-01 1.087274e-01 0.000000e+00
    outer loop
      vertex   -4.598322e+00 1.070434e+01 2.600000e+00
      vertex   -4.577124e+00 1.089814e+01 3.000000e+00
      vertex   -4.577124e+00 1.089814e+01 2.600000e+00
    endloop
  endfacet
  facet normal -9.888760e-01 -1.487425e-01 -0.000000e+00
    outer loop
      vertex   -4.577124e+00 1.089814e+01 3.000000e+00
      vertex   -4.616864e+00 1.116234e+01 3.000000e+00
      vertex   -4.577124e+00 1.089814e+01 2.600000e+00
    endloop
  endfacet
  facet normal -9.888760e-01 -1.487425e-01 0.000000e+00
    outer loop
      vertex   -4.577124e+00 1.089814e+01 2.600000e+00
      vertex   -4.616864e+00 1.116234e+01 3.000000e+00
      vertex   -4.616864e+00 1.116234e+01 2.600000e+00
    endloop
  endfacet
  facet normal -9.048694e-01 -4.256894e-01 0.000000e+00
    outer loop
      vertex   -4.616864e+00 1.116234e+01 2.600000e+00
      vertex   -4.616864e+00 1.116234e+01 3.000000e+00
      vertex   -4.672134e+00 1.127982e+01 3.000000e+00
    endloop
  endfacet
  facet normal -9.048694e-01 -4.256894e-01 0.000000e+00
    outer loop
      vertex   -4.616864e+00 1.116234e+01 2.600000e+00
      vertex   -4.672134e+00 1.127982e+01 3.000000e+00
      vertex   -4.672134e+00 1.127982e+01 2.600000e+00
    endloop
  endfacet
  facet normal -8.365578e-01 -5.478787e-01 0.000000e+00
    outer loop
      vertex   -4.672134e+00 1.127982e+01 2.600000e+00
      vertex   -4.672134e+00 1.127982e+01 3.000000e+00
      vertex   -4.747099e+00 1.139429e+01 3.000000e+00
    endloop
  endfacet
  facet normal -8.365578e-01 -5.478787e-01 0.000000e+00
    outer loop
      vertex   -4.672134e+00 1.127982e+01 2.600000e+00
      vertex   -4.747099e+00 1.139429e+01 3.000000e+00
      vertex   -4.747099e+00 1.139429e+01 2.600000e+00
    endloop
  endfacet
  facet normal -6.695415e-01 -7.427746e-01 -0.000000e+00
    outer loop
      vertex   -4.747099e+00 1.139429e+01 3.000000e+00
      vertex   -4.852315e+00 1.148913e+01 3.000000e+00
      vertex   -4.747099e+00 1.139429e+01 2.600000e+00
    endloop
  endfacet
  facet normal -6.695415e-01 -7.427746e-01 0.000000e+00
    outer loop
      vertex   -4.747099e+00 1.139429e+01 2.600000e+00
      vertex   -4.852315e+00 1.148913e+01 3.000000e+00
      vertex   -4.852315e+00 1.148913e+01 2.600000e+00
    endloop
  endfacet
  facet normal -5.605488e-01 -8.281214e-01 0.000000e+00
    outer loop
      vertex   -4.852315e+00 1.148913e+01 2.600000e+00
      vertex   -4.852315e+00 1.148913e+01 3.000000e+00
      vertex   -4.962826e+00 1.156393e+01 3.000000e+00
    endloop
  endfacet
  facet normal -5.605488e-01 -8.281214e-01 0.000000e+00
    outer loop
      vertex   -4.852315e+00 1.148913e+01 2.600000e+00
      vertex   -4.962826e+00 1.156393e+01 3.000000e+00
      vertex   -4.962826e+00 1.156393e+01 2.600000e+00
    endloop
  endfacet
  facet normal -3.106166e-01 -9.505353e-01 0.000000e+00
    outer loop
      vertex   -4.962826e+00 1.156393e+01 2.600000e+00
      vertex   -4.962826e+00 1.156393e+01 3.000000e+00
      vertex   -5.225593e+00 1.164980e+01 3.000000e+00
    endloop
  endfacet
  facet normal -3.106166e-01 -9.505353e-01 0.000000e+00
    outer loop
      vertex   -4.962826e+00 1.156393e+01 2.600000e+00
      vertex   -5.225593e+00 1.164980e+01 3.000000e+00
      vertex   -5.225593e+00 1.164980e+01 2.600000e+00
    endloop
  endfacet
  facet normal 9.846664e-01 -1.744479e-01 0.000000e+00
    outer loop
      vertex   -5.225593e+00 1.164980e+01 3.000000e+00
      vertex   -5.279981e+00 1.134281e+01 3.000000e+00
      vertex   -5.225593e+00 1.164980e+01 2.600000e+00
    endloop
  endfacet
  facet normal 9.846664e-01 -1.744479e-01 0.000000e+00
    outer loop
      vertex   -5.225593e+00 1.164980e+01 2.600000e+00
      vertex   -5.279981e+00 1.134281e+01 3.000000e+00
      vertex   -5.279981e+00 1.134281e+01 2.600000e+00
    endloop
  endfacet
  facet normal 2.579070e-01 9.661698e-01 0.000000e+00
    outer loop
      vertex   -5.279981e+00 1.134281e+01 3.000000e+00
      vertex   -5.096682e+00 1.129388e+01 3.000000e+00
      vertex   -5.279981e+00 1.134281e+01 2.600000e+00
    endloop
  endfacet
  facet normal 2.579070e-01 9.661698e-01 0.000000e+00
    outer loop
      vertex   -5.279981e+00 1.134281e+01 2.600000e+00
      vertex   -5.096682e+00 1.129388e+01 3.000000e+00
      vertex   -5.096682e+00 1.129388e+01 2.600000e+00
    endloop
  endfacet
  facet normal 4.991213e-01 8.665321e-01 -0.000000e+00
    outer loop
      vertex   -5.096682e+00 1.129388e+01 2.600000e+00
      vertex   -5.096682e+00 1.129388e+01 3.000000e+00
      vertex   -5.018659e+00 1.124894e+01 3.000000e+00
    endloop
  endfacet
  facet normal 4.991213e-01 8.665321e-01 0.000000e+00
    outer loop
      vertex   -5.096682e+00 1.129388e+01 2.600000e+00
      vertex   -5.018659e+00 1.124894e+01 3.000000e+00
      vertex   -5.018659e+00 1.124894e+01 2.600000e+00
    endloop
  endfacet
  facet normal 6.137249e-01 7.895200e-01 -0.000000e+00
    outer loop
      vertex   -5.018659e+00 1.124894e+01 2.600000e+00
      vertex   -5.018659e+00 1.124894e+01 3.000000e+00
      vertex   -4.942236e+00 1.118953e+01 3.000000e+00
    endloop
  endfacet
  facet normal 6.137249e-01 7.895200e-01 0.000000e+00
    outer loop
      vertex   -5.018659e+00 1.124894e+01 2.600000e+00
      vertex   -4.942236e+00 1.118953e+01 3.000000e+00
      vertex   -4.942236e+00 1.118953e+01 2.600000e+00
    endloop
  endfacet
  facet normal 8.082550e-01 5.888326e-01 0.000000e+00
    outer loop
      vertex   -4.942236e+00 1.118953e+01 3.000000e+00
      vertex   -4.893122e+00 1.112212e+01 3.000000e+00
      vertex   -4.942236e+00 1.118953e+01 2.600000e+00
    endloop
  endfacet
  facet normal 8.082550e-01 5.888326e-01 0.000000e+00
    outer loop
      vertex   -4.942236e+00 1.118953e+01 2.600000e+00
      vertex   -4.893122e+00 1.112212e+01 3.000000e+00
      vertex   -4.893122e+00 1.112212e+01 2.600000e+00
    endloop
  endfacet
  facet normal 8.865188e-01 4.626926e-01 -0.000000e+00
    outer loop
      vertex   -4.893122e+00 1.112212e+01 2.600000e+00
      vertex   -4.893122e+00 1.112212e+01 3.000000e+00
      vertex   -4.856395e+00 1.105175e+01 3.000000e+00
    endloop
  endfacet
  facet normal 8.865188e-01 4.626926e-01 0.000000e+00
    outer loop
      vertex   -4.893122e+00 1.112212e+01 2.600000e+00
      vertex   -4.856395e+00 1.105175e+01 3.000000e+00
      vertex   -4.856395e+00 1.105175e+01 2.600000e+00
    endloop
  endfacet
  facet normal 9.721496e-01 2.343610e-01 -0.000000e+00
    outer loop
      vertex   -4.856395e+00 1.105175e+01 2.600000e+00
      vertex   -4.856395e+00 1.105175e+01 3.000000e+00
      vertex   -4.837539e+00 1.097353e+01 3.000000e+00
    endloop
  endfacet
  facet normal 9.721496e-01 2.343610e-01 0.000000e+00
    outer loop
      vertex   -4.856395e+00 1.105175e+01 2.600000e+00
      vertex   -4.837539e+00 1.097353e+01 3.000000e+00
      vertex   -4.837539e+00 1.097353e+01 2.600000e+00
    endloop
  endfacet
  facet normal 9.952798e-01 9.704725e-02 -0.000000e+00
    outer loop
      vertex   -4.837539e+00 1.097353e+01 2.600000e+00
      vertex   -4.837539e+00 1.097353e+01 3.000000e+00
      vertex   -4.829508e+00 1.089117e+01 3.000000e+00
    endloop
  endfacet
  facet normal 9.952798e-01 9.704725e-02 0.000000e+00
    outer loop
      vertex   -4.837539e+00 1.097353e+01 2.600000e+00
      vertex   -4.829508e+00 1.089117e+01 3.000000e+00
      vertex   -4.829508e+00 1.089117e+01 2.600000e+00
    endloop
  endfacet
  facet normal 9.958636e-01 -9.086030e-02 0.000000e+00
    outer loop
      vertex   -4.829508e+00 1.089117e+01 3.000000e+00
      vertex   -4.836955e+00 1.080955e+01 3.000000e+00
      vertex   -4.829508e+00 1.089117e+01 2.600000e+00
    endloop
  endfacet
  facet normal 9.958636e-01 -9.086030e-02 0.000000e+00
    outer loop
      vertex   -4.829508e+00 1.089117e+01 2.600000e+00
      vertex   -4.836955e+00 1.080955e+01 3.000000e+00
      vertex   -4.836955e+00 1.080955e+01 2.600000e+00
    endloop
  endfacet
  facet normal 9.733669e-01 -2.292529e-01 0.000000e+00
    outer loop
      vertex   -4.836955e+00 1.080955e+01 2.600000e+00
      vertex   -4.836955e+00 1.080955e+01 3.000000e+00
      vertex   -4.855203e+00 1.073207e+01 3.000000e+00
    endloop
  endfacet
  facet normal 9.733669e-01 -2.292529e-01 0.000000e+00
    outer loop
      vertex   -4.836955e+00 1.080955e+01 2.600000e+00
      vertex   -4.855203e+00 1.073207e+01 3.000000e+00
      vertex   -4.855203e+00 1.073207e+01 2.600000e+00
    endloop
  endfacet
  facet normal 8.872540e-01 -4.612812e-01 0.000000e+00
    outer loop
      vertex   -4.855203e+00 1.073207e+01 2.600000e+00
      vertex   -4.855203e+00 1.073207e+01 3.000000e+00
      vertex   -4.891215e+00 1.066280e+01 3.000000e+00
    endloop
  endfacet
  facet normal 8.872540e-01 -4.612812e-01 0.000000e+00
    outer loop
      vertex   -4.855203e+00 1.073207e+01 2.600000e+00
      vertex   -4.891215e+00 1.066280e+01 3.000000e+00
      vertex   -4.891215e+00 1.066280e+01 2.600000e+00
    endloop
  endfacet
  facet normal 8.061959e-01 -5.916487e-01 0.000000e+00
    outer loop
      vertex   -4.891215e+00 1.066280e+01 2.600000e+00
      vertex   -4.891215e+00 1.066280e+01 3.000000e+00
      vertex   -4.940178e+00 1.059608e+01 3.000000e+00
    endloop
  endfacet
  facet normal 8.061959e-01 -5.916487e-01 0.000000e+00
    outer loop
      vertex   -4.891215e+00 1.066280e+01 2.600000e+00
      vertex   -4.940178e+00 1.059608e+01 3.000000e+00
      vertex   -4.940178e+00 1.059608e+01 2.600000e+00
    endloop
  endfacet
  facet normal 6.233337e-01 -7.819560e-01 0.000000e+00
    outer loop
      vertex   -4.940178e+00 1.059608e+01 3.000000e+00
      vertex   -5.002094e+00 1.054673e+01 3.000000e+00
      vertex   -4.940178e+00 1.059608e+01 2.600000e+00
    endloop
  endfacet
  facet normal 6.233337e-01 -7.819560e-01 0.000000e+00
    outer loop
      vertex   -4.940178e+00 1.059608e+01 2.600000e+00
      vertex   -5.002094e+00 1.054673e+01 3.000000e+00
      vertex   -5.002094e+00 1.054673e+01 2.600000e+00
    endloop
  endfacet
  facet normal 4.944663e-01 -8.691968e-01 0.000000e+00
    outer loop
      vertex   -5.002094e+00 1.054673e+01 2.600000e+00
      vertex   -5.002094e+00 1.054673e+01 3.000000e+00
      vertex   -5.067747e+00 1.050938e+01 3.000000e+00
    endloop
  endfacet
  facet normal 4.944663e-01 -8.691968e-01 0.000000e+00
    outer loop
      vertex   -5.002094e+00 1.054673e+01 2.600000e+00
      vertex   -5.067747e+00 1.050938e+01 3.000000e+00
      vertex   -5.067747e+00 1.050938e+01 2.600000e+00
    endloop
  endfacet
  facet normal 2.531991e-01 -9.674142e-01 0.000000e+00
    outer loop
      vertex   -5.067747e+00 1.050938e+01 2.600000e+00
      vertex   -5.067747e+00 1.050938e+01 3.000000e+00
      vertex   -5.141513e+00 1.049007e+01 3.000000e+00
    endloop
  endfacet
  facet normal 2.531991e-01 -9.674142e-01 0.000000e+00
    outer loop
      vertex   -5.067747e+00 1.050938e+01 2.600000e+00
      vertex   -5.141513e+00 1.049007e+01 3.000000e+00
      vertex   -5.141513e+00 1.049007e+01 2.600000e+00
    endloop
  endfacet
  facet normal 1.068517e-01 -9.942750e-01 0.000000e+00
    outer loop
      vertex   -5.141513e+00 1.049007e+01 2.600000e+00
      vertex   -5.141513e+00 1.049007e+01 3.000000e+00
      vertex   -5.219783e+00 1.048166e+01 3.000000e+00
    endloop
  endfacet
  facet normal 1.068517e-01 -9.942750e-01 0.000000e+00
    outer loop
      vertex   -5.141513e+00 1.049007e+01 2.600000e+00
      vertex   -5.219783e+00 1.048166e+01 3.000000e+00
      vertex   -5.219783e+00 1.048166e+01 2.600000e+00
    endloop
  endfacet
  facet normal -1.085177e-01 -9.940945e-01 -0.000000e+00
    outer loop
      vertex   -5.219783e+00 1.048166e+01 3.000000e+00
      vertex   -5.310643e+00 1.049158e+01 3.000000e+00
      vertex   -5.219783e+00 1.048166e+01 2.600000e+00
    endloop
  endfacet
  facet normal -1.085177e-01 -9.940945e-01 0.000000e+00
    outer loop
      vertex   -5.219783e+00 1.048166e+01 2.600000e+00
      vertex   -5.310643e+00 1.049158e+01 3.000000e+00
      vertex   -5.310643e+00 1.049158e+01 2.600000e+00
    endloop
  endfacet
  facet normal -2.116965e-01 -9.773355e-01 0.000000e+00
    outer loop
      vertex   -5.310643e+00 1.049158e+01 2.600000e+00
      vertex   -5.310643e+00 1.049158e+01 3.000000e+00
      vertex   -5.354415e+00 1.050106e+01 3.000000e+00
    endloop
  endfacet
  facet normal -2.116965e-01 -9.773355e-01 0.000000e+00
    outer loop
      vertex   -5.310643e+00 1.049158e+01 2.600000e+00
      vertex   -5.354415e+00 1.050106e+01 3.000000e+00
      vertex   -5.354415e+00 1.050106e+01 2.600000e+00
    endloop
  endfacet
  facet normal -3.430654e-01 -9.393115e-01 0.000000e+00
    outer loop
      vertex   -5.354415e+00 1.050106e+01 2.600000e+00
      vertex   -5.354415e+00 1.050106e+01 3.000000e+00
      vertex   -5.396464e+00 1.051642e+01 3.000000e+00
    endloop
  endfacet
  facet normal -3.430654e-01 -9.393115e-01 0.000000e+00
    outer loop
      vertex   -5.354415e+00 1.050106e+01 2.600000e+00
      vertex   -5.396464e+00 1.051642e+01 3.000000e+00
      vertex   -5.396464e+00 1.051642e+01 2.600000e+00
    endloop
  endfacet
  facet normal -5.081621e-01 -8.612614e-01 0.000000e+00
    outer loop
      vertex   -5.396464e+00 1.051642e+01 2.600000e+00
      vertex   -5.396464e+00 1.051642e+01 3.000000e+00
      vertex   -5.434846e+00 1.053906e+01 3.000000e+00
    endloop
  endfacet
  facet normal -5.081621e-01 -8.612614e-01 0.000000e+00
    outer loop
      vertex   -5.396464e+00 1.051642e+01 2.600000e+00
      vertex   -5.434846e+00 1.053906e+01 3.000000e+00
      vertex   -5.434846e+00 1.053906e+01 2.600000e+00
    endloop
  endfacet
  facet normal -6.382430e-01 -7.698349e-01 0.000000e+00
    outer loop
      vertex   -5.434846e+00 1.053906e+01 2.600000e+00
      vertex   -5.434846e+00 1.053906e+01 3.000000e+00
      vertex   -5.469638e+00 1.056791e+01 3.000000e+00
    endloop
  endfacet
  facet normal -6.382430e-01 -7.698349e-01 0.000000e+00
    outer loop
      vertex   -5.434846e+00 1.053906e+01 2.600000e+00
      vertex   -5.469638e+00 1.056791e+01 3.000000e+00
      vertex   -5.469638e+00 1.056791e+01 2.600000e+00
    endloop
  endfacet
  facet normal -7.312359e-01 -6.821246e-01 0.000000e+00
    outer loop
      vertex   -5.469638e+00 1.056791e+01 2.600000e+00
      vertex   -5.469638e+00 1.056791e+01 3.000000e+00
      vertex   -5.535360e+00 1.063836e+01 3.000000e+00
    endloop
  endfacet
  facet normal -7.312359e-01 -6.821246e-01 0.000000e+00
    outer loop
      vertex   -5.469638e+00 1.056791e+01 2.600000e+00
      vertex   -5.535360e+00 1.063836e+01 3.000000e+00
      vertex   -5.535360e+00 1.063836e+01 2.600000e+00
    endloop
  endfacet
  facet normal -9.088570e-01 -4.171078e-01 -0.000000e+00
    outer loop
      vertex   -5.535360e+00 1.063836e+01 3.000000e+00
      vertex   -5.612820e+00 1.080714e+01 3.000000e+00
      vertex   -5.535360e+00 1.063836e+01 2.600000e+00
    endloop
  endfacet
  facet normal -9.088570e-01 -4.171078e-01 0.000000e+00
    outer loop
      vertex   -5.535360e+00 1.063836e+01 2.600000e+00
      vertex   -5.612820e+00 1.080714e+01 3.000000e+00
      vertex   -5.612820e+00 1.080714e+01 2.600000e+00
    endloop
  endfacet
  facet normal -9.908612e-01 -1.348854e-01 0.000000e+00
    outer loop
      vertex   -5.612820e+00 1.080714e+01 2.600000e+00
      vertex   -5.612820e+00 1.080714e+01 3.000000e+00
      vertex   -5.637889e+00 1.099130e+01 3.000000e+00
    endloop
  endfacet
  facet normal -9.908612e-01 -1.348854e-01 0.000000e+00
    outer loop
      vertex   -5.612820e+00 1.080714e+01 2.600000e+00
      vertex   -5.637889e+00 1.099130e+01 3.000000e+00
      vertex   -5.637889e+00 1.099130e+01 2.600000e+00
    endloop
  endfacet
  facet normal -9.976712e-01 6.820652e-02 0.000000e+00
    outer loop
      vertex   -5.637889e+00 1.099130e+01 3.000000e+00
      vertex   -5.634508e+00 1.104076e+01 3.000000e+00
      vertex   -5.637889e+00 1.099130e+01 2.600000e+00
    endloop
  endfacet
  facet normal -9.976712e-01 6.820652e-02 0.000000e+00
    outer loop
      vertex   -5.637889e+00 1.099130e+01 2.600000e+00
      vertex   -5.634508e+00 1.104076e+01 3.000000e+00
      vertex   -5.634508e+00 1.104076e+01 2.600000e+00
    endloop
  endfacet
  facet normal -1.249881e-01 -9.921582e-01 -0.000000e+00
    outer loop
      vertex   -5.634508e+00 1.104076e+01 3.000000e+00
      vertex   -5.903969e+00 1.107471e+01 3.000000e+00
      vertex   -5.634508e+00 1.104076e+01 2.600000e+00
    endloop
  endfacet
  facet normal -1.249881e-01 -9.921582e-01 0.000000e+00
    outer loop
      vertex   -5.634508e+00 1.104076e+01 2.600000e+00
      vertex   -5.903969e+00 1.107471e+01 3.000000e+00
      vertex   -5.903969e+00 1.107471e+01 2.600000e+00
    endloop
  endfacet
  facet normal 9.877332e-01 1.561508e-01 0.000000e+00
    outer loop
      vertex   -5.903969e+00 1.107471e+01 3.000000e+00
      vertex   -5.869734e+00 1.085815e+01 3.000000e+00
      vertex   -5.903969e+00 1.107471e+01 2.600000e+00
    endloop
  endfacet
  facet normal 9.877332e-01 1.561508e-01 0.000000e+00
    outer loop
      vertex   -5.903969e+00 1.107471e+01 2.600000e+00
      vertex   -5.869734e+00 1.085815e+01 3.000000e+00
      vertex   -5.869734e+00 1.085815e+01 2.600000e+00
    endloop
  endfacet
  facet normal 9.951671e-01 -9.819572e-02 0.000000e+00
    outer loop
      vertex   -5.869734e+00 1.085815e+01 3.000000e+00
      vertex   -5.879370e+00 1.076049e+01 3.000000e+00
      vertex   -5.869734e+00 1.085815e+01 2.600000e+00
    endloop
  endfacet
  facet normal 9.951671e-01 -9.819572e-02 0.000000e+00
    outer loop
      vertex   -5.869734e+00 1.085815e+01 2.600000e+00
      vertex   -5.879370e+00 1.076049e+01 3.000000e+00
      vertex   -5.879370e+00 1.076049e+01 2.600000e+00
    endloop
  endfacet
  facet normal 9.707471e-01 -2.401043e-01 0.000000e+00
    outer loop
      vertex   -5.879370e+00 1.076049e+01 2.600000e+00
      vertex   -5.879370e+00 1.076049e+01 3.000000e+00
      vertex   -5.902231e+00 1.066806e+01 3.000000e+00
    endloop
  endfacet
  facet normal 9.707471e-01 -2.401043e-01 0.000000e+00
    outer loop
      vertex   -5.879370e+00 1.076049e+01 2.600000e+00
      vertex   -5.902231e+00 1.066806e+01 3.000000e+00
      vertex   -5.902231e+00 1.066806e+01 2.600000e+00
    endloop
  endfacet
  facet normal 8.794212e-01 -4.760444e-01 0.000000e+00
    outer loop
      vertex   -5.902231e+00 1.066806e+01 2.600000e+00
      vertex   -5.902231e+00 1.066806e+01 3.000000e+00
      vertex   -5.946918e+00 1.058551e+01 3.000000e+00
    endloop
  endfacet
  facet normal 8.794212e-01 -4.760444e-01 0.000000e+00
    outer loop
      vertex   -5.902231e+00 1.066806e+01 2.600000e+00
      vertex   -5.946918e+00 1.058551e+01 3.000000e+00
      vertex   -5.946918e+00 1.058551e+01 2.600000e+00
    endloop
  endfacet
  facet normal 7.959431e-01 -6.053714e-01 0.000000e+00
    outer loop
      vertex   -5.946918e+00 1.058551e+01 2.600000e+00
      vertex   -5.946918e+00 1.058551e+01 3.000000e+00
      vertex   -6.006803e+00 1.050677e+01 3.000000e+00
    endloop
  endfacet
  facet normal 7.959431e-01 -6.053714e-01 0.000000e+00
    outer loop
      vertex   -5.946918e+00 1.058551e+01 2.600000e+00
      vertex   -6.006803e+00 1.050677e+01 3.000000e+00
      vertex   -6.006803e+00 1.050677e+01 2.600000e+00
    endloop
  endfacet
  facet normal 6.117011e-01 -7.910890e-01 0.000000e+00
    outer loop
      vertex   -6.006803e+00 1.050677e+01 3.000000e+00
      vertex   -6.084634e+00 1.044659e+01 3.000000e+00
      vertex   -6.006803e+00 1.050677e+01 2.600000e+00
    endloop
  endfacet
  facet normal 6.117011e-01 -7.910890e-01 0.000000e+00
    outer loop
      vertex   -6.006803e+00 1.050677e+01 2.600000e+00
      vertex   -6.084634e+00 1.044659e+01 3.000000e+00
      vertex   -6.084634e+00 1.044659e+01 2.600000e+00
    endloop
  endfacet
  facet normal 4.823685e-01 -8.759684e-01 0.000000e+00
    outer loop
      vertex   -6.084634e+00 1.044659e+01 2.600000e+00
      vertex   -6.084634e+00 1.044659e+01 3.000000e+00
      vertex   -6.166505e+00 1.040151e+01 3.000000e+00
    endloop
  endfacet
  facet normal 4.823685e-01 -8.759684e-01 0.000000e+00
    outer loop
      vertex   -6.084634e+00 1.044659e+01 2.600000e+00
      vertex   -6.166505e+00 1.040151e+01 3.000000e+00
      vertex   -6.166505e+00 1.040151e+01 2.600000e+00
    endloop
  endfacet
  facet normal 2.446961e-01 -9.695998e-01 0.000000e+00
    outer loop
      vertex   -6.166505e+00 1.040151e+01 2.600000e+00
      vertex   -6.166505e+00 1.040151e+01 3.000000e+00
      vertex   -6.258313e+00 1.037834e+01 3.000000e+00
    endloop
  endfacet
  facet normal 2.446961e-01 -9.695998e-01 0.000000e+00
    outer loop
      vertex   -6.166505e+00 1.040151e+01 2.600000e+00
      vertex   -6.258313e+00 1.037834e+01 3.000000e+00
      vertex   -6.258313e+00 1.037834e+01 2.600000e+00
    endloop
  endfacet
  facet normal 1.014112e-01 -9.948446e-01 0.000000e+00
    outer loop
      vertex   -6.258313e+00 1.037834e+01 2.600000e+00
      vertex   -6.258313e+00 1.037834e+01 3.000000e+00
      vertex   -6.355459e+00 1.036843e+01 3.000000e+00
    endloop
  endfacet
  facet normal 1.014112e-01 -9.948446e-01 0.000000e+00
    outer loop
      vertex   -6.258313e+00 1.037834e+01 2.600000e+00
      vertex   -6.355459e+00 1.036843e+01 3.000000e+00
      vertex   -6.355459e+00 1.036843e+01 2.600000e+00
    endloop
  endfacet
  facet normal -1.057986e-01 -9.943876e-01 -0.000000e+00
    outer loop
      vertex   -6.355459e+00 1.036843e+01 3.000000e+00
      vertex   -6.459031e+00 1.037945e+01 3.000000e+00
      vertex   -6.355459e+00 1.036843e+01 2.600000e+00
    endloop
  endfacet
  facet normal -1.057986e-01 -9.943876e-01 0.000000e+00
    outer loop
      vertex   -6.355459e+00 1.036843e+01 2.600000e+00
      vertex   -6.459031e+00 1.037945e+01 3.000000e+00
      vertex   -6.459031e+00 1.037945e+01 2.600000e+00
    endloop
  endfacet
  facet normal -2.494232e-01 -9.683946e-01 0.000000e+00
    outer loop
      vertex   -6.459031e+00 1.037945e+01 2.600000e+00
      vertex   -6.459031e+00 1.037945e+01 3.000000e+00
      vertex   -6.556875e+00 1.040465e+01 3.000000e+00
    endloop
  endfacet
  facet normal -2.494232e-01 -9.683946e-01 0.000000e+00
    outer loop
      vertex   -6.459031e+00 1.037945e+01 2.600000e+00
      vertex   -6.556875e+00 1.040465e+01 3.000000e+00
      vertex   -6.556875e+00 1.040465e+01 2.600000e+00
    endloop
  endfacet
  facet normal -4.857679e-01 -8.740878e-01 0.000000e+00
    outer loop
      vertex   -6.556875e+00 1.040465e+01 2.600000e+00
      vertex   -6.556875e+00 1.040465e+01 3.000000e+00
      vertex   -6.644538e+00 1.045337e+01 3.000000e+00
    endloop
  endfacet
  facet normal -4.857679e-01 -8.740878e-01 0.000000e+00
    outer loop
      vertex   -6.556875e+00 1.040465e+01 2.600000e+00
      vertex   -6.644538e+00 1.045337e+01 3.000000e+00
      vertex   -6.644538e+00 1.045337e+01 2.600000e+00
    endloop
  endfacet
  facet normal -6.120293e-01 -7.908351e-01 0.000000e+00
    outer loop
      vertex   -6.644538e+00 1.045337e+01 2.600000e+00
      vertex   -6.644538e+00 1.045337e+01 3.000000e+00
      vertex   -6.727308e+00 1.051743e+01 3.000000e+00
    endloop
  endfacet
  facet normal -6.120293e-01 -7.908351e-01 0.000000e+00
    outer loop
      vertex   -6.644538e+00 1.045337e+01 2.600000e+00
      vertex   -6.727308e+00 1.051743e+01 3.000000e+00
      vertex   -6.727308e+00 1.051743e+01 2.600000e+00
    endloop
  endfacet
  facet normal -7.844322e-01 -6.202145e-01 -0.000000e+00
    outer loop
      vertex   -6.727308e+00 1.051743e+01 3.000000e+00
      vertex   -6.791252e+00 1.059830e+01 3.000000e+00
      vertex   -6.727308e+00 1.051743e+01 2.600000e+00
    endloop
  endfacet
  facet normal -7.844322e-01 -6.202145e-01 0.000000e+00
    outer loop
      vertex   -6.727308e+00 1.051743e+01 2.600000e+00
      vertex   -6.791252e+00 1.059830e+01 3.000000e+00
      vertex   -6.791252e+00 1.059830e+01 2.600000e+00
    endloop
  endfacet
  facet normal -8.687606e-01 -4.952323e-01 0.000000e+00
    outer loop
      vertex   -6.791252e+00 1.059830e+01 2.600000e+00
      vertex   -6.791252e+00 1.059830e+01 3.000000e+00
      vertex   -6.840443e+00 1.068460e+01 3.000000e+00
    endloop
  endfacet
  facet normal -8.687606e-01 -4.952323e-01 0.000000e+00
    outer loop
      vertex   -6.791252e+00 1.059830e+01 2.600000e+00
      vertex   -6.840443e+00 1.068460e+01 3.000000e+00
      vertex   -6.840443e+00 1.068460e+01 2.600000e+00
    endloop
  endfacet
  facet normal -9.663299e-01 -2.573065e-01 0.000000e+00
    outer loop
      vertex   -6.840443e+00 1.068460e+01 2.600000e+00
      vertex   -6.840443e+00 1.068460e+01 3.000000e+00
      vertex   -6.866098e+00 1.078094e+01 3.000000e+00
    endloop
  endfacet
  facet normal -9.663299e-01 -2.573065e-01 0.000000e+00
    outer loop
      vertex   -6.840443e+00 1.068460e+01 2.600000e+00
      vertex   -6.866098e+00 1.078094e+01 3.000000e+00
      vertex   -6.866098e+00 1.078094e+01 2.600000e+00
    endloop
  endfacet
  facet normal -9.937317e-01 -1.117912e-01 0.000000e+00
    outer loop
      vertex   -6.866098e+00 1.078094e+01 2.600000e+00
      vertex   -6.866098e+00 1.078094e+01 3.000000e+00
      vertex   -6.877593e+00 1.088313e+01 3.000000e+00
    endloop
  endfacet
  facet normal -9.937317e-01 -1.117912e-01 0.000000e+00
    outer loop
      vertex   -6.866098e+00 1.078094e+01 2.600000e+00
      vertex   -6.877593e+00 1.088313e+01 3.000000e+00
      vertex   -6.877593e+00 1.088313e+01 2.600000e+00
    endloop
  endfacet
  facet normal -9.952127e-01 9.773252e-02 0.000000e+00
    outer loop
      vertex   -6.877593e+00 1.088313e+01 3.000000e+00
      vertex   -6.869240e+00 1.096819e+01 3.000000e+00
      vertex   -6.877593e+00 1.088313e+01 2.600000e+00
    endloop
  endfacet
  facet normal -9.952127e-01 9.773252e-02 0.000000e+00
    outer loop
      vertex   -6.877593e+00 1.088313e+01 2.600000e+00
      vertex   -6.869240e+00 1.096819e+01 3.000000e+00
      vertex   -6.869240e+00 1.096819e+01 2.600000e+00
    endloop
  endfacet
  facet normal -9.726126e-01 2.324324e-01 0.000000e+00
    outer loop
      vertex   -6.869240e+00 1.096819e+01 2.600000e+00
      vertex   -6.869240e+00 1.096819e+01 3.000000e+00
      vertex   -6.849896e+00 1.104914e+01 3.000000e+00
    endloop
  endfacet
  facet normal -9.726126e-01 2.324324e-01 0.000000e+00
    outer loop
      vertex   -6.869240e+00 1.096819e+01 2.600000e+00
      vertex   -6.849896e+00 1.104914e+01 3.000000e+00
      vertex   -6.849896e+00 1.104914e+01 2.600000e+00
    endloop
  endfacet
  facet normal -8.902812e-01 4.554112e-01 0.000000e+00
    outer loop
      vertex   -6.849896e+00 1.104914e+01 2.600000e+00
      vertex   -6.849896e+00 1.104914e+01 3.000000e+00
      vertex   -6.812359e+00 1.112252e+01 3.000000e+00
    endloop
  endfacet
  facet normal -8.902812e-01 4.554112e-01 0.000000e+00
    outer loop
      vertex   -6.849896e+00 1.104914e+01 2.600000e+00
      vertex   -6.812359e+00 1.112252e+01 3.000000e+00
      vertex   -6.812359e+00 1.112252e+01 2.600000e+00
    endloop
  endfacet
  facet normal -8.162004e-01 5.777689e-01 0.000000e+00
    outer loop
      vertex   -6.812359e+00 1.112252e+01 2.600000e+00
      vertex   -6.812359e+00 1.112252e+01 3.000000e+00
      vertex   -6.762668e+00 1.119272e+01 3.000000e+00
    endloop
  endfacet
  facet normal -8.162004e-01 5.777689e-01 0.000000e+00
    outer loop
      vertex   -6.812359e+00 1.112252e+01 2.600000e+00
      vertex   -6.762668e+00 1.119272e+01 3.000000e+00
      vertex   -6.762668e+00 1.119272e+01 2.600000e+00
    endloop
  endfacet
  facet normal -5.686125e-01 8.226055e-01 0.000000e+00
    outer loop
      vertex   -6.762668e+00 1.119272e+01 3.000000e+00
      vertex   -6.591466e+00 1.131106e+01 3.000000e+00
      vertex   -6.762668e+00 1.119272e+01 2.600000e+00
    endloop
  endfacet
  facet normal -5.686125e-01 8.226055e-01 0.000000e+00
    outer loop
      vertex   -6.762668e+00 1.119272e+01 2.600000e+00
      vertex   -6.591466e+00 1.131106e+01 3.000000e+00
      vertex   -6.591466e+00 1.131106e+01 2.600000e+00
    endloop
  endfacet
  facet normal -2.889741e-01 9.573369e-01 0.000000e+00
    outer loop
      vertex   -6.591466e+00 1.131106e+01 2.600000e+00
      vertex   -6.591466e+00 1.131106e+01 3.000000e+00
      vertex   -6.386752e+00 1.137285e+01 3.000000e+00
    endloop
  endfacet
  facet normal -2.889741e-01 9.573369e-01 0.000000e+00
    outer loop
      vertex   -6.591466e+00 1.131106e+01 2.600000e+00
      vertex   -6.386752e+00 1.137285e+01 3.000000e+00
      vertex   -6.386752e+00 1.137285e+01 2.600000e+00
    endloop
  endfacet
  facet normal -9.911492e-01 -1.327528e-01 -0.000000e+00
    outer loop
      vertex   -6.386752e+00 1.137285e+01 3.000000e+00
      vertex   -6.427862e+00 1.167978e+01 3.000000e+00
      vertex   -6.386752e+00 1.137285e+01 2.600000e+00
    endloop
  endfacet
  facet normal -9.911492e-01 -1.327528e-01 0.000000e+00
    outer loop
      vertex   -6.386752e+00 1.137285e+01 2.600000e+00
      vertex   -6.427862e+00 1.167978e+01 3.000000e+00
      vertex   -6.427862e+00 1.167978e+01 2.600000e+00
    endloop
  endfacet
  facet normal 0.000000e+00 0.000000e+00 1.000000e+00
    outer loop
      vertex   -6.427862e+00 1.167978e+01 2.600000e+00
      vertex   -6.571474e+00 1.165120e+01 2.600000e+00
      vertex   -6.386752e+00 1.137285e+01 2.600000e+00
    endloop
  endfacet
  facet normal 0.000000e+00 0.000000e+00 1.000000e+00
    outer loop
      vertex   -6.386752e+00 1.137285e+01 2.600000e+00
      vertex   -6.571474e+00 1.165120e+01 2.600000e+00
      vertex   -6.706170e+00 1.160456e+01 2.600000e+00
    endloop
  endfacet
  facet normal 0.000000e+00 0.000000e+00 1.000000e+00
    outer loop
      vertex   -6.386752e+00 1.137285e+01 2.600000e+00
      vertex   -6.706170e+00 1.160456e+01 2.600000e+00
      vertex   -6.591466e+00 1.131106e+01 2.600000e+00
    endloop
  endfacet
  facet normal 0.000000e+00 0.000000e+00 1.000000e+00
    outer loop
      vertex   -6.591466e+00 1.131106e+01 2.600000e+00
      vertex   -6.706170e+00 1.160456e+01 2.600000e+00
      vertex   -6.824736e+00 1.152816e+01 2.600000e+00
    endloop
  endfacet
  facet normal 0.000000e+00 0.000000e+00 1.000000e+00
    outer loop
      vertex   -6.591466e+00 1.131106e+01 2.600000e+00
      vertex   -6.824736e+00 1.152816e+01 2.600000e+00
      vertex   -6.935900e+00 1.143136e+01 2.600000e+00
    endloop
  endfacet
  facet normal 0.000000e+00 0.000000e+00 1.000000e+00
    outer loop
      vertex   -6.935900e+00 1.143136e+01 2.600000e+00
      vertex   -7.022191e+00 1.130642e+01 2.600000e+00
      vertex   -6.591466e+00 1.131106e+01 2.600000e+00
    endloop
  endfacet
  facet normal 0.000000e+00 0.000000e+00 1.000000e+00
    outer loop
      vertex   -6.591466e+00 1.131106e+01 2.600000e+00
      vertex   -7.022191e+00 1.130642e+01 2.600000e+00
      vertex   -6.762668e+00 1.119272e+01 2.600000e+00
    endloop
  endfacet
  facet normal 0.000000e+00 0.000000e+00 1.000000e+00
    outer loop
      vertex   -6.762668e+00 1.119272e+01 2.600000e+00
      vertex   -7.022191e+00 1.130642e+01 2.600000e+00
      vertex   -7.085935e+00 1.117736e+01 2.600000e+00
    endloop
  endfacet
  facet normal 0.000000e+00 0.000000e+00 1.000000e+00
    outer loop
      vertex   -6.762668e+00 1.119272e+01 2.600000e+00
      vertex   -7.085935e+00 1.117736e+01 2.600000e+00
      vertex   -6.812359e+00 1.112252e+01 2.600000e+00
    endloop
  endfacet
  facet normal 0.000000e+00 0.000000e+00 1.000000e+00
    outer loop
      vertex   -6.812359e+00 1.112252e+01 2.600000e+00
      vertex   -7.085935e+00 1.117736e+01 2.600000e+00
      vertex   -6.849896e+00 1.104914e+01 2.600000e+00
    endloop
  endfacet
  facet normal 0.000000e+00 0.000000e+00 1.000000e+00
    outer loop
      vertex   -6.849896e+00 1.104914e+01 2.600000e+00
      vertex   -7.085935e+00 1.117736e+01 2.600000e+00
      vertex   -7.118332e+00 1.103450e+01 2.600000e+00
    endloop
  endfacet
  facet normal 0.000000e+00 0.000000e+00 1.000000e+00
    outer loop
      vertex   -6.849896e+00 1.104914e+01 2.600000e+00
      vertex   -7.118332e+00 1.103450e+01 2.600000e+00
      vertex   -6.869240e+00 1.096819e+01 2.600000e+00
    endloop
  endfacet
  facet normal 0.000000e+00 0.000000e+00 1.000000e+00
    outer loop
      vertex   -6.869240e+00 1.096819e+01 2.600000e+00
      vertex   -7.118332e+00 1.103450e+01 2.600000e+00
      vertex   -7.131687e+00 1.088469e+01 2.600000e+00
    endloop
  endfacet
  facet normal 0.000000e+00 0.000000e+00 1.000000e+00
    outer loop
      vertex   -6.869240e+00 1.096819e+01 2.600000e+00
      vertex   -7.131687e+00 1.088469e+01 2.600000e+00
      vertex   -6.877593e+00 1.088313e+01 2.600000e+00
    endloop
  endfacet
  facet normal 0.000000e+00 0.000000e+00 1.000000e+00
    outer loop
      vertex   -6.877593e+00 1.088313e+01 2.600000e+00
      vertex   -7.131687e+00 1.088469e+01 2.600000e+00
      vertex   -6.866098e+00 1.078094e+01 2.600000e+00
    endloop
  endfacet
  facet normal 0.000000e+00 0.000000e+00 1.000000e+00
    outer loop
      vertex   -6.866098e+00 1.078094e+01 2.600000e+00
      vertex   -7.131687e+00 1.088469e+01 2.600000e+00
      vertex   -7.115698e+00 1.071791e+01 2.600000e+00
    endloop
  endfacet
  facet normal 0.000000e+00 0.000000e+00 1.000000e+00
    outer loop
      vertex   -6.866098e+00 1.078094e+01 2.600000e+00
      vertex   -7.115698e+00 1.071791e+01 2.600000e+00
      vertex   -6.840443e+00 1.068460e+01 2.600000e+00
    endloop
  endfacet
  facet normal 0.000000e+00 0.000000e+00 1.000000e+00
    outer loop
      vertex   -6.840443e+00 1.068460e+01 2.600000e+00
      vertex   -7.115698e+00 1.071791e+01 2.600000e+00
      vertex   -7.077721e+00 1.055958e+01 2.600000e+00
    endloop
  endfacet
  facet normal 0.000000e+00 0.000000e+00 1.000000e+00
    outer loop
      vertex   -6.840443e+00 1.068460e+01 2.600000e+00
      vertex   -7.077721e+00 1.055958e+01 2.600000e+00
      vertex   -6.791252e+00 1.059830e+01 2.600000e+00
    endloop
  endfacet
  facet normal 0.000000e+00 0.000000e+00 1.000000e+00
    outer loop
      vertex   -6.791252e+00 1.059830e+01 2.600000e+00
      vertex   -7.077721e+00 1.055958e+01 2.600000e+00
      vertex   -7.003489e+00 1.041749e+01 2.600000e+00
    endloop
  endfacet
  facet normal 0.000000e+00 0.000000e+00 1.000000e+00
    outer loop
      vertex   -6.791252e+00 1.059830e+01 2.600000e+00
      vertex   -7.003489e+00 1.041749e+01 2.600000e+00
      vertex   -6.727308e+00 1.051743e+01 2.600000e+00
    endloop
  endfacet
  facet normal 0.000000e+00 0.000000e+00 1.000000e+00
    outer loop
      vertex   -6.727308e+00 1.051743e+01 2.600000e+00
      vertex   -7.003489e+00 1.041749e+01 2.600000e+00
      vertex   -6.644538e+00 1.045337e+01 2.600000e+00
    endloop
  endfacet
  facet normal 0.000000e+00 0.000000e+00 1.000000e+00
    outer loop
      vertex   -6.644538e+00 1.045337e+01 2.600000e+00
      vertex   -7.003489e+00 1.041749e+01 2.600000e+00
      vertex   -6.903668e+00 1.028114e+01 2.600000e+00
    endloop
  endfacet
  facet normal 0.000000e+00 0.000000e+00 1.000000e+00
    outer loop
      vertex   -6.644538e+00 1.045337e+01 2.600000e+00
      vertex   -6.903668e+00 1.028114e+01 2.600000e+00
      vertex   -6.556875e+00 1.040465e+01 2.600000e+00
    endloop
  endfacet
  facet normal 0.000000e+00 0.000000e+00 1.000000e+00
    outer loop
      vertex   -6.556875e+00 1.040465e+01 2.600000e+00
      vertex   -6.903668e+00 1.028114e+01 2.600000e+00
      vertex   -6.782379e+00 1.018069e+01 2.600000e+00
    endloop
  endfacet
  facet normal 0.000000e+00 0.000000e+00 1.000000e+00
    outer loop
      vertex   -6.556875e+00 1.040465e+01 2.600000e+00
      vertex   -6.782379e+00 1.018069e+01 2.600000e+00
      vertex   -6.459031e+00 1.037945e+01 2.600000e+00
    endloop
  endfacet
  facet normal 0.000000e+00 0.000000e+00 1.000000e+00
    outer loop
      vertex   -6.459031e+00 1.037945e+01 2.600000e+00
      vertex   -6.782379e+00 1.018069e+01 2.600000e+00
      vertex   -6.651550e+00 1.010248e+01 2.600000e+00
    endloop
  endfacet
  facet normal 0.000000e+00 0.000000e+00 1.000000e+00
    outer loop
      vertex   -6.459031e+00 1.037945e+01 2.600000e+00
      vertex   -6.651550e+00 1.010248e+01 2.600000e+00
      vertex   -6.504953e+00 1.006145e+01 2.600000e+00
    endloop
  endfacet
  facet normal 0.000000e+00 0.000000e+00 1.000000e+00
    outer loop
      vertex   -6.459031e+00 1.037945e+01 2.600000e+00
      vertex   -6.504953e+00 1.006145e+01 2.600000e+00
      vertex   -6.355459e+00 1.036843e+01 2.600000e+00
    endloop
  endfacet
  facet normal 0.000000e+00 0.000000e+00 1.000000e+00
    outer loop
      vertex   -6.355459e+00 1.036843e+01 2.600000e+00
      vertex   -6.504953e+00 1.006145e+01 2.600000e+00
      vertex   -6.348444e+00 1.004272e+01 2.600000e+00
    endloop
  endfacet
  facet normal 0.000000e+00 0.000000e+00 1.000000e+00
    outer loop
      vertex   -6.355459e+00 1.036843e+01 2.600000e+00
      vertex   -6.348444e+00 1.004272e+01 2.600000e+00
      vertex   -6.135824e+00 1.007068e+01 2.600000e+00
    endloop
  endfacet
  facet normal -0.000000e+00 0.000000e+00 1.000000e+00
    outer loop
      vertex   -6.355459e+00 1.036843e+01 2.600000e+00
      vertex   -6.135824e+00 1.007068e+01 2.600000e+00
      vertex   -6.258313e+00 1.037834e+01 2.600000e+00
    endloop
  endfacet
  facet normal 0.000000e+00 0.000000e+00 1.000000e+00
    outer loop
      vertex   -6.258313e+00 1.037834e+01 2.600000e+00
      vertex   -6.135824e+00 1.007068e+01 2.600000e+00
      vertex   -5.945209e+00 1.016575e+01 2.600000e+00
    endloop
  endfacet
  facet normal -0.000000e+00 0.000000e+00 1.000000e+00
    outer loop
      vertex   -6.258313e+00 1.037834e+01 2.600000e+00
      vertex   -5.945209e+00 1.016575e+01 2.600000e+00
      vertex   -6.166505e+00 1.040151e+01 2.600000e+00
    endloop
  endfacet
  facet normal 0.000000e+00 0.000000e+00 1.000000e+00
    outer loop
      vertex   -6.166505e+00 1.040151e+01 2.600000e+00
      vertex   -5.945209e+00 1.016575e+01 2.600000e+00
      vertex   -5.869818e+00 1.023940e+01 2.600000e+00
    endloop
  endfacet
  facet normal -0.000000e+00 0.000000e+00 1.000000e+00
    outer loop
      vertex   -6.166505e+00 1.040151e+01 2.600000e+00
      vertex   -5.869818e+00 1.023940e+01 2.600000e+00
      vertex   -6.084634e+00 1.044659e+01 2.600000e+00
    endloop
  endfacet
  facet normal 0.000000e+00 0.000000e+00 1.000000e+00
    outer loop
      vertex   -6.084634e+00 1.044659e+01 2.600000e+00
      vertex   -5.869818e+00 1.023940e+01 2.600000e+00
      vertex   -5.808363e+00 1.031862e+01 2.600000e+00
    endloop
  endfacet
  facet normal -0.000000e+00 0.000000e+00 1.000000e+00
    outer loop
      vertex   -6.084634e+00 1.044659e+01 2.600000e+00
      vertex   -5.808363e+00 1.031862e+01 2.600000e+00
      vertex   -6.006803e+00 1.050677e+01 2.600000e+00
    endloop
  endfacet
  facet normal -0.000000e+00 0.000000e+00 1.000000e+00
    outer loop
      vertex   -6.006803e+00 1.050677e+01 2.600000e+00
      vertex   -5.808363e+00 1.031862e+01 2.600000e+00
      vertex   -5.733101e+00 1.051035e+01 2.600000e+00
    endloop
  endfacet
  facet normal 0.000000e+00 0.000000e+00 1.000000e+00
    outer loop
      vertex   -6.006803e+00 1.050677e+01 2.600000e+00
      vertex   -5.733101e+00 1.051035e+01 2.600000e+00
      vertex   -5.946918e+00 1.058551e+01 2.600000e+00
    endloop
  endfacet
  facet normal -0.000000e+00 0.000000e+00 1.000000e+00
    outer loop
      vertex   -5.946918e+00 1.058551e+01 2.600000e+00
      vertex   -5.733101e+00 1.051035e+01 2.600000e+00
      vertex   -5.902231e+00 1.066806e+01 2.600000e+00
    endloop
  endfacet
  facet normal 0.000000e+00 0.000000e+00 1.000000e+00
    outer loop
      vertex   -5.902231e+00 1.066806e+01 2.600000e+00
      vertex   -5.733101e+00 1.051035e+01 2.600000e+00
      vertex   -5.535360e+00 1.063836e+01 2.600000e+00
    endloop
  endfacet
  facet normal -0.000000e+00 0.000000e+00 1.000000e+00
    outer loop
      vertex   -5.902231e+00 1.066806e+01 2.600000e+00
      vertex   -5.535360e+00 1.063836e+01 2.600000e+00
      vertex   -5.879370e+00 1.076049e+01 2.600000e+00
    endloop
  endfacet
  facet normal -0.000000e+00 0.000000e+00 1.000000e+00
    outer loop
      vertex   -5.879370e+00 1.076049e+01 2.600000e+00
      vertex   -5.535360e+00 1.063836e+01 2.600000e+00
      vertex   -5.612820e+00 1.080714e+01 2.600000e+00
    endloop
  endfacet
  facet normal 0.000000e+00 0.000000e+00 1.000000e+00
    outer loop
      vertex   -5.879370e+00 1.076049e+01 2.600000e+00
      vertex   -5.612820e+00 1.080714e+01 2.600000e+00
      vertex   -5.869734e+00 1.085815e+01 2.600000e+00
    endloop
  endfacet
  facet normal -0.000000e+00 0.000000e+00 1.000000e+00
    outer loop
      vertex   -5.869734e+00 1.085815e+01 2.600000e+00
      vertex   -5.612820e+00 1.080714e+01 2.600000e+00
      vertex   -5.637889e+00 1.099130e+01 2.600000e+00
    endloop
  endfacet
  facet normal 0.000000e+00 -0.000000e+00 1.000000e+00
    outer loop
      vertex   -5.869734e+00 1.085815e+01 2.600000e+00
      vertex   -5.637889e+00 1.099130e+01 2.600000e+00
      vertex   -5.903969e+00 1.107471e+01 2.600000e+00
    endloop
  endfacet
  facet normal 0.000000e+00 0.000000e+00 1.000000e+00
    outer loop
      vertex   -5.903969e+00 1.107471e+01 2.600000e+00
      vertex   -5.637889e+00 1.099130e+01 2.600000e+00
      vertex   -5.634508e+00 1.104076e+01 2.600000e+00
    endloop
  endfacet
  facet normal 0.000000e+00 -0.000000e+00 1.000000e+00
    outer loop
      vertex   -5.645416e+00 1.036618e+01 2.600000e+00
      vertex   -5.434846e+00 1.053906e+01 2.600000e+00
      vertex   -5.733101e+00 1.051035e+01 2.600000e+00
    endloop
  endfacet
  facet normal 0.000000e+00 0.000000e+00 1.000000e+00
    outer loop
      vertex   -5.733101e+00 1.051035e+01 2.600000e+00
      vertex   -5.434846e+00 1.053906e+01 2.600000e+00
      vertex   -5.469638e+00 1.056791e+01 2.600000e+00
    endloop
  endfacet
  facet normal 0.000000e+00 0.000000e+00 1.000000e+00
    outer loop
      vertex   -5.733101e+00 1.051035e+01 2.600000e+00
      vertex   -5.469638e+00 1.056791e+01 2.600000e+00
      vertex   -5.535360e+00 1.063836e+01 2.600000e+00
    endloop
  endfacet
  facet normal 0.000000e+00 -0.000000e+00 1.000000e+00
    outer loop
      vertex   -5.521489e+00 1.025297e+01 2.600000e+00
      vertex   -5.354415e+00 1.050106e+01 2.600000e+00
      vertex   -5.645416e+00 1.036618e+01 2.600000e+00
    endloop
  endfacet
  facet normal 0.000000e+00 0.000000e+00 1.000000e+00
    outer loop
      vertex   -5.645416e+00 1.036618e+01 2.600000e+00
      vertex   -5.354415e+00 1.050106e+01 2.600000e+00
      vertex   -5.396464e+00 1.051642e+01 2.600000e+00
    endloop
  endfacet
  facet normal 0.000000e+00 0.000000e+00 1.000000e+00
    outer loop
      vertex   -5.645416e+00 1.036618e+01 2.600000e+00
      vertex   -5.396464e+00 1.051642e+01 2.600000e+00
      vertex   -5.434846e+00 1.053906e+01 2.600000e+00
    endloop
  endfacet
  facet normal 0.000000e+00 0.000000e+00 1.000000e+00
    outer loop
      vertex   -5.354415e+00 1.050106e+01 2.600000e+00
      vertex   -5.521489e+00 1.025297e+01 2.600000e+00
      vertex   -5.310643e+00 1.049158e+01 2.600000e+00
    endloop
  endfacet
  facet normal 0.000000e+00 0.000000e+00 1.000000e+00
    outer loop
      vertex   -5.310643e+00 1.049158e+01 2.600000e+00
      vertex   -5.521489e+00 1.025297e+01 2.600000e+00
      vertex   -5.380437e+00 1.018760e+01 2.600000e+00
    endloop
  endfacet
  facet normal 0.000000e+00 0.000000e+00 1.000000e+00
    outer loop
      vertex   -5.310643e+00 1.049158e+01 2.600000e+00
      vertex   -5.380437e+00 1.018760e+01 2.600000e+00
      vertex   -5.219783e+00 1.048166e+01 2.600000e+00
    endloop
  endfacet
  facet normal 0.000000e+00 0.000000e+00 1.000000e+00
    outer loop
      vertex   -5.219783e+00 1.048166e+01 2.600000e+00
      vertex   -5.380437e+00 1.018760e+01 2.600000e+00
      vertex   -5.226417e+00 1.016617e+01 2.600000e+00
    endloop
  endfacet
  facet normal 0.000000e+00 0.000000e+00 1.000000e+00
    outer loop
      vertex   -5.219783e+00 1.048166e+01 2.600000e+00
      vertex   -5.226417e+00 1.016617e+01 2.600000e+00
      vertex   -5.058999e+00 1.018953e+01 2.600000e+00
    endloop
  endfacet
  facet normal -0.000000e+00 0.000000e+00 1.000000e+00
    outer loop
      vertex   -5.219783e+00 1.048166e+01 2.600000e+00
      vertex   -5.058999e+00 1.018953e+01 2.600000e+00
      vertex   -5.141513e+00 1.049007e+01 2.600000e+00
    endloop
  endfacet
  facet normal 0.000000e+00 0.000000e+00 1.000000e+00
    outer loop
      vertex   -5.141513e+00 1.049007e+01 2.600000e+00
      vertex   -5.058999e+00 1.018953e+01 2.600000e+00
      vertex   -4.904165e+00 1.025760e+01 2.600000e+00
    endloop
  endfacet
  facet normal -0.000000e+00 0.000000e+00 1.000000e+00
    outer loop
      vertex   -5.141513e+00 1.049007e+01 2.600000e+00
      vertex   -4.904165e+00 1.025760e+01 2.600000e+00
      vertex   -5.067747e+00 1.050938e+01 2.600000e+00
    endloop
  endfacet
  facet normal 0.000000e+00 0.000000e+00 1.000000e+00
    outer loop
      vertex   -5.067747e+00 1.050938e+01 2.600000e+00
      vertex   -4.904165e+00 1.025760e+01 2.600000e+00
      vertex   -4.765717e+00 1.037216e+01 2.600000e+00
    endloop
  endfacet
  facet normal -0.000000e+00 0.000000e+00 1.000000e+00
    outer loop
      vertex   -5.067747e+00 1.050938e+01 2.600000e+00
      vertex   -4.765717e+00 1.037216e+01 2.600000e+00
      vertex   -5.002094e+00 1.054673e+01 2.600000e+00
    endloop
  endfacet
  facet normal 0.000000e+00 0.000000e+00 1.000000e+00
    outer loop
      vertex   -5.002094e+00 1.054673e+01 2.600000e+00
      vertex   -4.765717e+00 1.037216e+01 2.600000e+00
      vertex   -4.664724e+00 1.052121e+01 2.600000e+00
    endloop
  endfacet
  facet normal -0.000000e+00 0.000000e+00 1.000000e+00
    outer loop
      vertex   -5.002094e+00 1.054673e+01 2.600000e+00
      vertex   -4.664724e+00 1.052121e+01 2.600000e+00
      vertex   -4.940178e+00 1.059608e+01 2.600000e+00
    endloop
  endfacet
  facet normal -0.000000e+00 0.000000e+00 1.000000e+00
    outer loop
      vertex   -4.940178e+00 1.059608e+01 2.600000e+00
      vertex   -4.664724e+00 1.052121e+01 2.600000e+00
      vertex   -4.891215e+00 1.066280e+01 2.600000e+00
    endloop
  endfacet
  facet normal -3.707546e-15 -5.930738e-15 1.000000e+00
    outer loop
      vertex   -4.891215e+00 1.066280e+01 2.600000e+00
      vertex   -4.664724e+00 1.052121e+01 2.600000e+00
      vertex   -4.598322e+00 1.070434e+01 2.600000e+00
    endloop
  endfacet
  facet normal -4.910718e-15 2.553070e-15 1.000000e+00
    outer loop
      vertex   -4.891215e+00 1.066280e+01 2.600000e+00
      vertex   -4.598322e+00 1.070434e+01 2.600000e+00
      vertex   -4.855203e+00 1.073207e+01 2.600000e+00
    endloop
  endfacet
  facet normal -5.057723e-15 1.191223e-15 1.000000e+00
    outer loop
      vertex   -4.855203e+00 1.073207e+01 2.600000e+00
      vertex   -4.598322e+00 1.070434e+01 2.600000e+00
      vertex   -4.836955e+00 1.080955e+01 2.600000e+00
    endloop
  endfacet
  facet normal -2.434705e-15 7.140671e-15 1.000000e+00
    outer loop
      vertex   -4.836955e+00 1.080955e+01 2.600000e+00
      vertex   -4.598322e+00 1.070434e+01 2.600000e+00
      vertex   -4.577124e+00 1.089814e+01 2.600000e+00
    endloop
  endfacet
  facet normal 0.000000e+00 0.000000e+00 1.000000e+00
    outer loop
      vertex   -4.836955e+00 1.080955e+01 2.600000e+00
      vertex   -4.577124e+00 1.089814e+01 2.600000e+00
      vertex   -4.829508e+00 1.089117e+01 2.600000e+00
    endloop
  endfacet
  facet normal 0.000000e+00 -0.000000e+00 1.000000e+00
    outer loop
      vertex   -4.829508e+00 1.089117e+01 2.600000e+00
      vertex   -4.577124e+00 1.089814e+01 2.600000e+00
      vertex   -4.837539e+00 1.097353e+01 2.600000e+00
    endloop
  endfacet
  facet normal -0.000000e+00 0.000000e+00 1.000000e+00
    outer loop
      vertex   -4.837539e+00 1.097353e+01 2.600000e+00
      vertex   -4.577124e+00 1.089814e+01 2.600000e+00
      vertex   -4.616864e+00 1.116234e+01 2.600000e+00
    endloop
  endfacet
  facet normal 0.000000e+00 -0.000000e+00 1.000000e+00
    outer loop
      vertex   -4.837539e+00 1.097353e+01 2.600000e+00
      vertex   -4.616864e+00 1.116234e+01 2.600000e+00
      vertex   -4.856395e+00 1.105175e+01 2.600000e+00
    endloop
  endfacet
  facet normal 0.000000e+00 -0.000000e+00 1.000000e+00
    outer loop
      vertex   -4.856395e+00 1.105175e+01 2.600000e+00
      vertex   -4.616864e+00 1.116234e+01 2.600000e+00
      vertex   -4.893122e+00 1.112212e+01 2.600000e+00
    endloop
  endfacet
  facet normal 0.000000e+00 0.000000e+00 1.000000e+00
    outer loop
      vertex   -4.893122e+00 1.112212e+01 2.600000e+00
      vertex   -4.616864e+00 1.116234e+01 2.600000e+00
      vertex   -4.672134e+00 1.127982e+01 2.600000e+00
    endloop
  endfacet
  facet normal 0.000000e+00 -0.000000e+00 1.000000e+00
    outer loop
      vertex   -4.893122e+00 1.112212e+01 2.600000e+00
      vertex   -4.672134e+00 1.127982e+01 2.600000e+00
      vertex   -4.942236e+00 1.118953e+01 2.600000e+00
    endloop
  endfacet
  facet normal 0.000000e+00 -0.000000e+00 1.000000e+00
    outer loop
      vertex   -4.942236e+00 1.118953e+01 2.600000e+00
      vertex   -4.672134e+00 1.127982e+01 2.600000e+00
      vertex   -5.018659e+00 1.124894e+01 2.600000e+00
    endloop
  endfacet
  facet normal 0.000000e+00 0.000000e+00 1.000000e+00
    outer loop
      vertex   -5.018659e+00 1.124894e+01 2.600000e+00
      vertex   -4.672134e+00 1.127982e+01 2.600000e+00
      vertex   -4.747099e+00 1.139429e+01 2.600000e+00
    endloop
  endfacet
  facet normal 0.000000e+00 -0.000000e+00 1.000000e+00
    outer loop
      vertex   -5.018659e+00 1.124894e+01 2.600000e+00
      vertex   -4.747099e+00 1.139429e+01 2.600000e+00
      vertex   -5.096682e+00 1.129388e+01 2.600000e+00
    endloop
  endfacet
  facet normal 0.000000e+00 0.000000e+00 1.000000e+00
    outer loop
      vertex   -5.096682e+00 1.129388e+01 2.600000e+00
      vertex   -4.747099e+00 1.139429e+01 2.600000e+00
      vertex   -4.852315e+00 1.148913e+01 2.600000e+00
    endloop
  endfacet
  facet normal 0.000000e+00 0.000000e+00 1.000000e+00
    outer loop
      vertex   -5.096682e+00 1.129388e+01 2.600000e+00
      vertex   -4.852315e+00 1.148913e+01 2.600000e+00
      vertex   -4.962826e+00 1.156393e+01 2.600000e+00
    endloop
  endfacet
  facet normal 0.000000e+00 0.000000e+00 1.000000e+00
    outer loop
      vertex   -5.225593e+00 1.164980e+01 2.600000e+00
      vertex   -5.279981e+00 1.134281e+01 2.600000e+00
      vertex   -4.962826e+00 1.156393e+01 2.600000e+00
    endloop
  endfacet
  facet normal 0.000000e+00 0.000000e+00 1.000000e+00
    outer loop
      vertex   -4.962826e+00 1.156393e+01 2.600000e+00
      vertex   -5.279981e+00 1.134281e+01 2.600000e+00
      vertex   -5.096682e+00 1.129388e+01 2.600000e+00
    endloop
  endfacet
  facet normal -5.944932e-04 9.999998e-01 0.000000e+00
    outer loop
      vertex   -5.694699e+00 1.762667e+01 3.000000e+00
      vertex   -4.867618e+00 1.762716e+01 3.000000e+00
      vertex   -5.694699e+00 1.762667e+01 2.600000e+00
    endloop
  endfacet
  facet normal -5.944932e-04 9.999998e-01 0.000000e+00
    outer loop
      vertex   -5.694699e+00 1.762667e+01 2.600000e+00
      vertex   -4.867618e+00 1.762716e+01 3.000000e+00
      vertex   -4.867618e+00 1.762716e+01 2.600000e+00
    endloop
  endfacet
  facet normal 9.999998e-01 5.944932e-04 0.000000e+00
    outer loop
      vertex   -4.867618e+00 1.762716e+01 3.000000e+00
      vertex   -4.867148e+00 1.683590e+01 3.000000e+00
      vertex   -4.867618e+00 1.762716e+01 2.600000e+00
    endloop
  endfacet
  facet normal 9.999998e-01 5.944932e-04 0.000000e+00
    outer loop
      vertex   -4.867618e+00 1.762716e+01 2.600000e+00
      vertex   -4.867148e+00 1.683590e+01 3.000000e+00
      vertex   -4.867148e+00 1.683590e+01 2.600000e+00
    endloop
  endfacet
  facet normal 9.951711e-01 -9.815512e-02 0.000000e+00
    outer loop
      vertex   -4.867148e+00 1.683590e+01 3.000000e+00
      vertex   -4.888571e+00 1.661870e+01 3.000000e+00
      vertex   -4.867148e+00 1.683590e+01 2.600000e+00
    endloop
  endfacet
  facet normal 9.951711e-01 -9.815512e-02 0.000000e+00
    outer loop
      vertex   -4.867148e+00 1.683590e+01 2.600000e+00
      vertex   -4.888571e+00 1.661870e+01 3.000000e+00
      vertex   -4.888571e+00 1.661870e+01 2.600000e+00
    endloop
  endfacet
  facet normal 9.306699e-01 -3.658601e-01 0.000000e+00
    outer loop
      vertex   -4.888571e+00 1.661870e+01 2.600000e+00
      vertex   -4.888571e+00 1.661870e+01 3.000000e+00
      vertex   -4.925711e+00 1.652422e+01 3.000000e+00
    endloop
  endfacet
  facet normal 9.306699e-01 -3.658601e-01 0.000000e+00
    outer loop
      vertex   -4.888571e+00 1.661870e+01 2.600000e+00
      vertex   -4.925711e+00 1.652422e+01 3.000000e+00
      vertex   -4.925711e+00 1.652422e+01 2.600000e+00
    endloop
  endfacet
  facet normal 8.638987e-01 -5.036656e-01 0.000000e+00
    outer loop
      vertex   -4.925711e+00 1.652422e+01 2.600000e+00
      vertex   -4.925711e+00 1.652422e+01 3.000000e+00
      vertex   -4.981163e+00 1.642911e+01 3.000000e+00
    endloop
  endfacet
  facet normal 8.638987e-01 -5.036656e-01 0.000000e+00
    outer loop
      vertex   -4.925711e+00 1.652422e+01 2.600000e+00
      vertex   -4.981163e+00 1.642911e+01 3.000000e+00
      vertex   -4.981163e+00 1.642911e+01 2.600000e+00
    endloop
  endfacet
  facet normal 6.571339e-01 -7.537739e-01 0.000000e+00
    outer loop
      vertex   -4.981163e+00 1.642911e+01 3.000000e+00
      vertex   -5.044266e+00 1.637410e+01 3.000000e+00
      vertex   -4.981163e+00 1.642911e+01 2.600000e+00
    endloop
  endfacet
  facet normal 6.571339e-01 -7.537739e-01 0.000000e+00
    outer loop
      vertex   -4.981163e+00 1.642911e+01 2.600000e+00
      vertex   -5.044266e+00 1.637410e+01 3.000000e+00
      vertex   -5.044266e+00 1.637410e+01 2.600000e+00
    endloop
  endfacet
  facet normal 5.264961e-01 -8.501776e-01 0.000000e+00
    outer loop
      vertex   -5.044266e+00 1.637410e+01 2.600000e+00
      vertex   -5.044266e+00 1.637410e+01 3.000000e+00
      vertex   -5.112370e+00 1.633192e+01 3.000000e+00
    endloop
  endfacet
  facet normal 5.264961e-01 -8.501776e-01 0.000000e+00
    outer loop
      vertex   -5.044266e+00 1.637410e+01 2.600000e+00
      vertex   -5.112370e+00 1.633192e+01 3.000000e+00
      vertex   -5.112370e+00 1.633192e+01 2.600000e+00
    endloop
  endfacet
  facet normal 2.727010e-01 -9.620988e-01 0.000000e+00
    outer loop
      vertex   -5.112370e+00 1.633192e+01 2.600000e+00
      vertex   -5.112370e+00 1.633192e+01 3.000000e+00
      vertex   -5.189827e+00 1.630997e+01 3.000000e+00
    endloop
  endfacet
  facet normal 2.727010e-01 -9.620988e-01 0.000000e+00
    outer loop
      vertex   -5.112370e+00 1.633192e+01 2.600000e+00
      vertex   -5.189827e+00 1.630997e+01 3.000000e+00
      vertex   -5.189827e+00 1.630997e+01 2.600000e+00
    endloop
  endfacet
  facet normal 1.172271e-01 -9.931051e-01 0.000000e+00
    outer loop
      vertex   -5.189827e+00 1.630997e+01 2.600000e+00
      vertex   -5.189827e+00 1.630997e+01 3.000000e+00
      vertex   -5.272696e+00 1.630018e+01 3.000000e+00
    endloop
  endfacet
  facet normal 1.172271e-01 -9.931051e-01 0.000000e+00
    outer loop
      vertex   -5.189827e+00 1.630997e+01 2.600000e+00
      vertex   -5.272696e+00 1.630018e+01 3.000000e+00
      vertex   -5.272696e+00 1.630018e+01 2.600000e+00
    endloop
  endfacet
  facet normal -1.410976e-01 -9.899957e-01 -0.000000e+00
    outer loop
      vertex   -5.272696e+00 1.630018e+01 3.000000e+00
      vertex   -5.389715e+00 1.631686e+01 3.000000e+00
      vertex   -5.272696e+00 1.630018e+01 2.600000e+00
    endloop
  endfacet
  facet normal -1.410976e-01 -9.899957e-01 0.000000e+00
    outer loop
      vertex   -5.272696e+00 1.630018e+01 2.600000e+00
      vertex   -5.389715e+00 1.631686e+01 3.000000e+00
      vertex   -5.389715e+00 1.631686e+01 2.600000e+00
    endloop
  endfacet
  facet normal -4.203606e-01 -9.073571e-01 0.000000e+00
    outer loop
      vertex   -5.389715e+00 1.631686e+01 2.600000e+00
      vertex   -5.389715e+00 1.631686e+01 3.000000e+00
      vertex   -5.496985e+00 1.636656e+01 3.000000e+00
    endloop
  endfacet
  facet normal -4.203606e-01 -9.073571e-01 0.000000e+00
    outer loop
      vertex   -5.389715e+00 1.631686e+01 2.600000e+00
      vertex   -5.496985e+00 1.636656e+01 3.000000e+00
      vertex   -5.496985e+00 1.636656e+01 2.600000e+00
    endloop
  endfacet
  facet normal -6.794055e-01 -7.337631e-01 -0.000000e+00
    outer loop
      vertex   -5.496985e+00 1.636656e+01 3.000000e+00
      vertex   -5.588201e+00 1.645102e+01 3.000000e+00
      vertex   -5.496985e+00 1.636656e+01 2.600000e+00
    endloop
  endfacet
  facet normal -6.794055e-01 -7.337631e-01 0.000000e+00
    outer loop
      vertex   -5.496985e+00 1.636656e+01 2.600000e+00
      vertex   -5.588201e+00 1.645102e+01 3.000000e+00
      vertex   -5.588201e+00 1.645102e+01 2.600000e+00
    endloop
  endfacet
  facet normal -8.810953e-01 -4.729387e-01 0.000000e+00
    outer loop
      vertex   -5.588201e+00 1.645102e+01 2.600000e+00
      vertex   -5.588201e+00 1.645102e+01 3.000000e+00
      vertex   -5.647169e+00 1.656088e+01 3.000000e+00
    endloop
  endfacet
  facet normal -8.810953e-01 -4.729387e-01 0.000000e+00
    outer loop
      vertex   -5.588201e+00 1.645102e+01 2.600000e+00
      vertex   -5.647169e+00 1.656088e+01 3.000000e+00
      vertex   -5.647169e+00 1.656088e+01 2.600000e+00
    endloop
  endfacet
  facet normal -9.765552e-01 -2.152670e-01 -0.000000e+00
    outer loop
      vertex   -5.647169e+00 1.656088e+01 3.000000e+00
      vertex   -5.685284e+00 1.673378e+01 3.000000e+00
      vertex   -5.647169e+00 1.656088e+01 2.600000e+00
    endloop
  endfacet
  facet normal -9.765552e-01 -2.152670e-01 0.000000e+00
    outer loop
      vertex   -5.647169e+00 1.656088e+01 2.600000e+00
      vertex   -5.685284e+00 1.673378e+01 3.000000e+00
      vertex   -5.685284e+00 1.673378e+01 2.600000e+00
    endloop
  endfacet
  facet normal -9.987786e-01 -4.940930e-02 0.000000e+00
    outer loop
      vertex   -5.685284e+00 1.673378e+01 2.600000e+00
      vertex   -5.685284e+00 1.673378e+01 3.000000e+00
      vertex   -5.694276e+00 1.691555e+01 3.000000e+00
    endloop
  endfacet
  facet normal -9.987786e-01 -4.940930e-02 0.000000e+00
    outer loop
      vertex   -5.685284e+00 1.673378e+01 2.600000e+00
      vertex   -5.694276e+00 1.691555e+01 3.000000e+00
      vertex   -5.694276e+00 1.691555e+01 2.600000e+00
    endloop
  endfacet
  facet normal -9.999998e-01 -5.944932e-04 -0.000000e+00
    outer loop
      vertex   -5.694276e+00 1.691555e+01 3.000000e+00
      vertex   -5.694699e+00 1.762667e+01 3.000000e+00
      vertex   -5.694276e+00 1.691555e+01 2.600000e+00
    endloop
  endfacet
  facet normal -9.999998e-01 -5.944932e-04 0.000000e+00
    outer loop
      vertex   -5.694276e+00 1.691555e+01 2.600000e+00
      vertex   -5.694699e+00 1.762667e+01 3.000000e+00
      vertex   -5.694699e+00 1.762667e+01 2.600000e+00
    endloop
  endfacet
  facet normal 9.999998e-01 5.944932e-04 0.000000e+00
    outer loop
      vertex   -7.091553e+00 1.795667e+01 3.000000e+00
      vertex   -7.091356e+00 1.762584e+01 3.000000e+00
      vertex   -7.091553e+00 1.795667e+01 2.600000e+00
    endloop
  endfacet
  facet normal 9.999998e-01 5.944932e-04 0.000000e+00
    outer loop
      vertex   -7.091553e+00 1.795667e+01 2.600000e+00
      vertex   -7.091356e+00 1.762584e+01 3.000000e+00
      vertex   -7.091356e+00 1.762584e+01 2.600000e+00
    endloop
  endfacet
  facet normal -5.944932e-04 9.999998e-01 0.000000e+00
    outer loop
      vertex   -7.091356e+00 1.762584e+01 3.000000e+00
      vertex   -5.981193e+00 1.762650e+01 3.000000e+00
      vertex   -7.091356e+00 1.762584e+01 2.600000e+00
    endloop
  endfacet
  facet normal -5.944932e-04 9.999998e-01 0.000000e+00
    outer loop
      vertex   -7.091356e+00 1.762584e+01 2.600000e+00
      vertex   -5.981193e+00 1.762650e+01 3.000000e+00
      vertex   -5.981193e+00 1.762650e+01 2.600000e+00
    endloop
  endfacet
  facet normal 9.999998e-01 5.944932e-04 0.000000e+00
    outer loop
      vertex   -5.981193e+00 1.762650e+01 3.000000e+00
      vertex   -5.980965e+00 1.724281e+01 3.000000e+00
      vertex   -5.981193e+00 1.762650e+01 2.600000e+00
    endloop
  endfacet
  facet normal 9.999998e-01 5.944932e-04 0.000000e+00
    outer loop
      vertex   -5.981193e+00 1.762650e+01 2.600000e+00
      vertex   -5.980965e+00 1.724281e+01 3.000000e+00
      vertex   -5.980965e+00 1.724281e+01 2.600000e+00
    endloop
  endfacet
  facet normal 9.979444e-01 -6.408550e-02 0.000000e+00
    outer loop
      vertex   -5.980965e+00 1.724281e+01 3.000000e+00
      vertex   -5.992792e+00 1.705862e+01 3.000000e+00
      vertex   -5.980965e+00 1.724281e+01 2.600000e+00
    endloop
  endfacet
  facet normal 9.979444e-01 -6.408550e-02 0.000000e+00
    outer loop
      vertex   -5.980965e+00 1.724281e+01 2.600000e+00
      vertex   -5.992792e+00 1.705862e+01 3.000000e+00
      vertex   -5.992792e+00 1.705862e+01 2.600000e+00
    endloop
  endfacet
  facet normal 9.153260e-01 -4.027136e-01 0.000000e+00
    outer loop
      vertex   -5.992792e+00 1.705862e+01 3.000000e+00
      vertex   -6.059210e+00 1.690766e+01 3.000000e+00
      vertex   -5.992792e+00 1.705862e+01 2.600000e+00
    endloop
  endfacet
  facet normal 9.153260e-01 -4.027136e-01 0.000000e+00
    outer loop
      vertex   -5.992792e+00 1.705862e+01 2.600000e+00
      vertex   -6.059210e+00 1.690766e+01 3.000000e+00
      vertex   -6.059210e+00 1.690766e+01 2.600000e+00
    endloop
  endfacet
  facet normal 7.093226e-01 -7.048840e-01 0.000000e+00
    outer loop
      vertex   -6.059210e+00 1.690766e+01 3.000000e+00
      vertex   -6.226232e+00 1.673959e+01 3.000000e+00
      vertex   -6.059210e+00 1.690766e+01 2.600000e+00
    endloop
  endfacet
  facet normal 7.093226e-01 -7.048840e-01 0.000000e+00
    outer loop
      vertex   -6.059210e+00 1.690766e+01 2.600000e+00
      vertex   -6.226232e+00 1.673959e+01 3.000000e+00
      vertex   -6.226232e+00 1.673959e+01 2.600000e+00
    endloop
  endfacet
  facet normal 5.701218e-01 -8.215602e-01 0.000000e+00
    outer loop
      vertex   -6.226232e+00 1.673959e+01 3.000000e+00
      vertex   -6.570564e+00 1.650064e+01 3.000000e+00
      vertex   -6.226232e+00 1.673959e+01 2.600000e+00
    endloop
  endfacet
  facet normal 5.701218e-01 -8.215602e-01 0.000000e+00
    outer loop
      vertex   -6.226232e+00 1.673959e+01 2.600000e+00
      vertex   -6.570564e+00 1.650064e+01 3.000000e+00
      vertex   -6.570564e+00 1.650064e+01 2.600000e+00
    endloop
  endfacet
  facet normal 5.371977e-01 -8.434564e-01 0.000000e+00
    outer loop
      vertex   -6.570564e+00 1.650064e+01 3.000000e+00
      vertex   -7.090490e+00 1.616950e+01 3.000000e+00
      vertex   -6.570564e+00 1.650064e+01 2.600000e+00
    endloop
  endfacet
  facet normal 5.371977e-01 -8.434564e-01 0.000000e+00
    outer loop
      vertex   -6.570564e+00 1.650064e+01 2.600000e+00
      vertex   -7.090490e+00 1.616950e+01 3.000000e+00
      vertex   -7.090490e+00 1.616950e+01 2.600000e+00
    endloop
  endfacet
  facet normal 9.999998e-01 5.944932e-04 0.000000e+00
    outer loop
      vertex   -7.090490e+00 1.616950e+01 3.000000e+00
      vertex   -7.090243e+00 1.575340e+01 3.000000e+00
      vertex   -7.090490e+00 1.616950e+01 2.600000e+00
    endloop
  endfacet
  facet normal 9.999998e-01 5.944932e-04 0.000000e+00
    outer loop
      vertex   -7.090490e+00 1.616950e+01 2.600000e+00
      vertex   -7.090243e+00 1.575340e+01 3.000000e+00
      vertex   -7.090243e+00 1.575340e+01 2.600000e+00
    endloop
  endfacet
  facet normal -5.390148e-01 8.422963e-01 0.000000e+00
    outer loop
      vertex   -7.090243e+00 1.575340e+01 3.000000e+00
      vertex   -6.410079e+00 1.618866e+01 3.000000e+00
      vertex   -7.090243e+00 1.575340e+01 2.600000e+00
    endloop
  endfacet
  facet normal -5.390148e-01 8.422963e-01 0.000000e+00
    outer loop
      vertex   -7.090243e+00 1.575340e+01 2.600000e+00
      vertex   -6.410079e+00 1.618866e+01 3.000000e+00
      vertex   -6.410079e+00 1.618866e+01 2.600000e+00
    endloop
  endfacet
  facet normal -5.876108e-01 8.091437e-01 0.000000e+00
    outer loop
      vertex   -6.410079e+00 1.618866e+01 3.000000e+00
      vertex   -6.234871e+00 1.631590e+01 3.000000e+00
      vertex   -6.410079e+00 1.618866e+01 2.600000e+00
    endloop
  endfacet
  facet normal -5.876108e-01 8.091437e-01 0.000000e+00
    outer loop
      vertex   -6.410079e+00 1.618866e+01 2.600000e+00
      vertex   -6.234871e+00 1.631590e+01 3.000000e+00
      vertex   -6.234871e+00 1.631590e+01 2.600000e+00
    endloop
  endfacet
  facet normal -6.843679e-01 7.291368e-01 0.000000e+00
    outer loop
      vertex   -6.234871e+00 1.631590e+01 2.600000e+00
      vertex   -6.234871e+00 1.631590e+01 3.000000e+00
      vertex   -6.077705e+00 1.646342e+01 3.000000e+00
    endloop
  endfacet
  facet normal -6.843679e-01 7.291368e-01 0.000000e+00
    outer loop
      vertex   -6.234871e+00 1.631590e+01 2.600000e+00
      vertex   -6.077705e+00 1.646342e+01 3.000000e+00
      vertex   -6.077705e+00 1.646342e+01 2.600000e+00
    endloop
  endfacet
  facet normal -8.487197e-01 5.288430e-01 0.000000e+00
    outer loop
      vertex   -6.077705e+00 1.646342e+01 3.000000e+00
      vertex   -5.953335e+00 1.666301e+01 3.000000e+00
      vertex   -6.077705e+00 1.646342e+01 2.600000e+00
    endloop
  endfacet
  facet normal -8.487197e-01 5.288430e-01 0.000000e+00
    outer loop
      vertex   -6.077705e+00 1.646342e+01 2.600000e+00
      vertex   -5.953335e+00 1.666301e+01 3.000000e+00
      vertex   -5.953335e+00 1.666301e+01 2.600000e+00
    endloop
  endfacet
  facet normal 9.702650e-01 2.420451e-01 0.000000e+00
    outer loop
      vertex   -5.953335e+00 1.666301e+01 3.000000e+00
      vertex   -5.881305e+00 1.637427e+01 3.000000e+00
      vertex   -5.953335e+00 1.666301e+01 2.600000e+00
    endloop
  endfacet
  facet normal 9.702650e-01 2.420451e-01 0.000000e+00
    outer loop
      vertex   -5.953335e+00 1.666301e+01 2.600000e+00
      vertex   -5.881305e+00 1.637427e+01 3.000000e+00
      vertex   -5.881305e+00 1.637427e+01 2.600000e+00
    endloop
  endfacet
  facet normal 8.732386e-01 4.872929e-01 -0.000000e+00
    outer loop
      vertex   -5.881305e+00 1.637427e+01 2.600000e+00
      vertex   -5.881305e+00 1.637427e+01 3.000000e+00
      vertex   -5.812856e+00 1.625161e+01 3.000000e+00
    endloop
  endfacet
  facet normal 8.732386e-01 4.872929e-01 0.000000e+00
    outer loop
      vertex   -5.881305e+00 1.637427e+01 2.600000e+00
      vertex   -5.812856e+00 1.625161e+01 3.000000e+00
      vertex   -5.812856e+00 1.625161e+01 2.600000e+00
    endloop
  endfacet
  facet normal 7.956335e-01 6.057783e-01 -0.000000e+00
    outer loop
      vertex   -5.812856e+00 1.625161e+01 2.600000e+00
      vertex   -5.812856e+00 1.625161e+01 3.000000e+00
      vertex   -5.721095e+00 1.613109e+01 3.000000e+00
    endloop
  endfacet
  facet normal 7.956335e-01 6.057783e-01 0.000000e+00
    outer loop
      vertex   -5.812856e+00 1.625161e+01 2.600000e+00
      vertex   -5.721095e+00 1.613109e+01 3.000000e+00
      vertex   -5.721095e+00 1.613109e+01 2.600000e+00
    endloop
  endfacet
  facet normal 5.924804e-01 8.055848e-01 0.000000e+00
    outer loop
      vertex   -5.721095e+00 1.613109e+01 3.000000e+00
      vertex   -5.620128e+00 1.605683e+01 3.000000e+00
      vertex   -5.721095e+00 1.613109e+01 2.600000e+00
    endloop
  endfacet
  facet normal 5.924804e-01 8.055848e-01 0.000000e+00
    outer loop
      vertex   -5.721095e+00 1.613109e+01 2.600000e+00
      vertex   -5.620128e+00 1.605683e+01 3.000000e+00
      vertex   -5.620128e+00 1.605683e+01 2.600000e+00
    endloop
  endfacet
  facet normal 4.681067e-01 8.836720e-01 -0.000000e+00
    outer loop
      vertex   -5.620128e+00 1.605683e+01 2.600000e+00
      vertex   -5.620128e+00 1.605683e+01 3.000000e+00
      vertex   -5.514067e+00 1.600065e+01 3.000000e+00
    endloop
  endfacet
  facet normal 4.681067e-01 8.836720e-01 0.000000e+00
    outer loop
      vertex   -5.620128e+00 1.605683e+01 2.600000e+00
      vertex   -5.514067e+00 1.600065e+01 3.000000e+00
      vertex   -5.514067e+00 1.600065e+01 2.600000e+00
    endloop
  endfacet
  facet normal 2.392422e-01 9.709599e-01 -0.000000e+00
    outer loop
      vertex   -5.514067e+00 1.600065e+01 2.600000e+00
      vertex   -5.514067e+00 1.600065e+01 3.000000e+00
      vertex   -5.396459e+00 1.597167e+01 3.000000e+00
    endloop
  endfacet
  facet normal 2.392422e-01 9.709599e-01 0.000000e+00
    outer loop
      vertex   -5.514067e+00 1.600065e+01 2.600000e+00
      vertex   -5.396459e+00 1.597167e+01 3.000000e+00
      vertex   -5.396459e+00 1.597167e+01 2.600000e+00
    endloop
  endfacet
  facet normal 1.007357e-01 9.949132e-01 -0.000000e+00
    outer loop
      vertex   -5.396459e+00 1.597167e+01 2.600000e+00
      vertex   -5.396459e+00 1.597167e+01 3.000000e+00
      vertex   -5.272493e+00 1.595912e+01 3.000000e+00
    endloop
  endfacet
  facet normal 1.007357e-01 9.949132e-01 0.000000e+00
    outer loop
      vertex   -5.396459e+00 1.597167e+01 2.600000e+00
      vertex   -5.272493e+00 1.595912e+01 3.000000e+00
      vertex   -5.272493e+00 1.595912e+01 2.600000e+00
    endloop
  endfacet
  facet normal -1.300530e-01 9.915070e-01 0.000000e+00
    outer loop
      vertex   -5.272493e+00 1.595912e+01 3.000000e+00
      vertex   -5.076721e+00 1.598480e+01 3.000000e+00
      vertex   -5.272493e+00 1.595912e+01 2.600000e+00
    endloop
  endfacet
  facet normal -1.300530e-01 9.915070e-01 0.000000e+00
    outer loop
      vertex   -5.272493e+00 1.595912e+01 2.600000e+00
      vertex   -5.076721e+00 1.598480e+01 3.000000e+00
      vertex   -5.076721e+00 1.598480e+01 2.600000e+00
    endloop
  endfacet
  facet normal -3.981117e-01 9.173370e-01 0.000000e+00
    outer loop
      vertex   -5.076721e+00 1.598480e+01 2.600000e+00
      vertex   -5.076721e+00 1.598480e+01 3.000000e+00
      vertex   -4.895679e+00 1.606337e+01 3.000000e+00
    endloop
  endfacet
  facet normal -3.981117e-01 9.173370e-01 0.000000e+00
    outer loop
      vertex   -5.076721e+00 1.598480e+01 2.600000e+00
      vertex   -4.895679e+00 1.606337e+01 3.000000e+00
      vertex   -4.895679e+00 1.606337e+01 2.600000e+00
    endloop
  endfacet
  facet normal -6.411324e-01 7.674303e-01 0.000000e+00
    outer loop
      vertex   -4.895679e+00 1.606337e+01 3.000000e+00
      vertex   -4.753174e+00 1.618242e+01 3.000000e+00
      vertex   -4.895679e+00 1.606337e+01 2.600000e+00
    endloop
  endfacet
  facet normal -6.411324e-01 7.674303e-01 0.000000e+00
    outer loop
      vertex   -4.895679e+00 1.606337e+01 2.600000e+00
      vertex   -4.753174e+00 1.618242e+01 3.000000e+00
      vertex   -4.753174e+00 1.618242e+01 2.600000e+00
    endloop
  endfacet
  facet normal -8.579971e-01 5.136545e-01 0.000000e+00
    outer loop
      vertex   -4.753174e+00 1.618242e+01 2.600000e+00
      vertex   -4.753174e+00 1.618242e+01 3.000000e+00
      vertex   -4.657952e+00 1.634148e+01 3.000000e+00
    endloop
  endfacet
  facet normal -8.579971e-01 5.136545e-01 0.000000e+00
    outer loop
      vertex   -4.753174e+00 1.618242e+01 2.600000e+00
      vertex   -4.657952e+00 1.634148e+01 3.000000e+00
      vertex   -4.657952e+00 1.634148e+01 2.600000e+00
    endloop
  endfacet
  facet normal -9.760390e-01 2.175956e-01 0.000000e+00
    outer loop
      vertex   -4.657952e+00 1.634148e+01 3.000000e+00
      vertex   -4.602936e+00 1.658825e+01 3.000000e+00
      vertex   -4.657952e+00 1.634148e+01 2.600000e+00
    endloop
  endfacet
  facet normal -9.760390e-01 2.175956e-01 0.000000e+00
    outer loop
      vertex   -4.657952e+00 1.634148e+01 2.600000e+00
      vertex   -4.602936e+00 1.658825e+01 3.000000e+00
      vertex   -4.602936e+00 1.658825e+01 2.600000e+00
    endloop
  endfacet
  facet normal -9.989410e-01 4.601023e-02 0.000000e+00
    outer loop
      vertex   -4.602936e+00 1.658825e+01 2.600000e+00
      vertex   -4.602936e+00 1.658825e+01 3.000000e+00
      vertex   -4.590894e+00 1.684970e+01 3.000000e+00
    endloop
  endfacet
  facet normal -9.989410e-01 4.601023e-02 0.000000e+00
    outer loop
      vertex   -4.602936e+00 1.658825e+01 2.600000e+00
      vertex   -4.590894e+00 1.684970e+01 3.000000e+00
      vertex   -4.590894e+00 1.684970e+01 2.600000e+00
    endloop
  endfacet
  facet normal -9.999998e-01 -5.944932e-04 -0.000000e+00
    outer loop
      vertex   -4.590894e+00 1.684970e+01 3.000000e+00
      vertex   -4.591553e+00 1.795816e+01 3.000000e+00
      vertex   -4.590894e+00 1.684970e+01 2.600000e+00
    endloop
  endfacet
  facet normal -9.999998e-01 -5.944932e-04 0.000000e+00
    outer loop
      vertex   -4.590894e+00 1.684970e+01 2.600000e+00
      vertex   -4.591553e+00 1.795816e+01 3.000000e+00
      vertex   -4.591553e+00 1.795816e+01 2.600000e+00
    endloop
  endfacet
  facet normal 5.944932e-04 -9.999998e-01 0.000000e+00
    outer loop
      vertex   -4.591553e+00 1.795816e+01 3.000000e+00
      vertex   -7.091553e+00 1.795667e+01 3.000000e+00
      vertex   -4.591553e+00 1.795816e+01 2.600000e+00
    endloop
  endfacet
  facet normal 5.944932e-04 -9.999998e-01 0.000000e+00
    outer loop
      vertex   -4.591553e+00 1.795816e+01 2.600000e+00
      vertex   -7.091553e+00 1.795667e+01 3.000000e+00
      vertex   -7.091553e+00 1.795667e+01 2.600000e+00
    endloop
  endfacet
  facet normal 0.000000e+00 0.000000e+00 1.000000e+00
    outer loop
      vertex   -5.694699e+00 1.762667e+01 2.600000e+00
      vertex   -5.980965e+00 1.724281e+01 2.600000e+00
      vertex   -5.694276e+00 1.691555e+01 2.600000e+00
    endloop
  endfacet
  facet normal 0.000000e+00 0.000000e+00 1.000000e+00
    outer loop
      vertex   -5.694276e+00 1.691555e+01 2.600000e+00
      vertex   -5.980965e+00 1.724281e+01 2.600000e+00
      vertex   -5.992792e+00 1.705862e+01 2.600000e+00
    endloop
  endfacet
  facet normal 0.000000e+00 0.000000e+00 1.000000e+00
    outer loop
      vertex   -5.694276e+00 1.691555e+01 2.600000e+00
      vertex   -5.992792e+00 1.705862e+01 2.600000e+00
      vertex   -6.059210e+00 1.690766e+01 2.600000e+00
    endloop
  endfacet
  facet normal 0.000000e+00 -0.000000e+00 1.000000e+00
    outer loop
      vertex   -4.867618e+00 1.762716e+01 2.600000e+00
      vertex   -4.591553e+00 1.795816e+01 2.600000e+00
      vertex   -5.694699e+00 1.762667e+01 2.600000e+00
    endloop
  endfacet
  facet normal 0.000000e+00 -0.000000e+00 1.000000e+00
    outer loop
      vertex   -5.694699e+00 1.762667e+01 2.600000e+00
      vertex   -4.591553e+00 1.795816e+01 2.600000e+00
      vertex   -5.981193e+00 1.762650e+01 2.600000e+00
    endloop
  endfacet
  facet normal 0.000000e+00 0.000000e+00 1.000000e+00
    outer loop
      vertex   -5.694699e+00 1.762667e+01 2.600000e+00
      vertex   -5.981193e+00 1.762650e+01 2.600000e+00
      vertex   -5.980965e+00 1.724281e+01 2.600000e+00
    endloop
  endfacet
  facet normal 0.000000e+00 0.000000e+00 1.000000e+00
    outer loop
      vertex   -4.591553e+00 1.795816e+01 2.600000e+00
      vertex   -4.867618e+00 1.762716e+01 2.600000e+00
      vertex   -4.590894e+00 1.684970e+01 2.600000e+00
    endloop
  endfacet
  facet normal 0.000000e+00 0.000000e+00 1.000000e+00
    outer loop
      vertex   -4.590894e+00 1.684970e+01 2.600000e+00
      vertex   -4.867618e+00 1.762716e+01 2.600000e+00
      vertex   -4.867148e+00 1.683590e+01 2.600000e+00
    endloop
  endfacet
  facet normal 0.000000e+00 0.000000e+00 1.000000e+00
    outer loop
      vertex   -4.590894e+00 1.684970e+01 2.600000e+00
      vertex   -4.867148e+00 1.683590e+01 2.600000e+00
      vertex   -4.602936e+00 1.658825e+01 2.600000e+00
    endloop
  endfacet
  facet normal 0.000000e+00 0.000000e+00 1.000000e+00
    outer loop
      vertex   -4.602936e+00 1.658825e+01 2.600000e+00
      vertex   -4.867148e+00 1.683590e+01 2.600000e+00
      vertex   -4.888571e+00 1.661870e+01 2.600000e+00
    endloop
  endfacet
  facet normal 0.000000e+00 0.000000e+00 1.000000e+00
    outer loop
      vertex   -4.602936e+00 1.658825e+01 2.600000e+00
      vertex   -4.888571e+00 1.661870e+01 2.600000e+00
      vertex   -4.925711e+00 1.652422e+01 2.600000e+00
    endloop
  endfacet
  facet normal 0.000000e+00 0.000000e+00 1.000000e+00
    outer loop
      vertex   -4.602936e+00 1.658825e+01 2.600000e+00
      vertex   -4.925711e+00 1.652422e+01 2.600000e+00
      vertex   -4.657952e+00 1.634148e+01 2.600000e+00
    endloop
  endfacet
  facet normal 0.000000e+00 0.000000e+00 1.000000e+00
    outer loop
      vertex   -4.657952e+00 1.634148e+01 2.600000e+00
      vertex   -4.925711e+00 1.652422e+01 2.600000e+00
      vertex   -4.981163e+00 1.642911e+01 2.600000e+00
    endloop
  endfacet
  facet normal 1.953861e-15 7.206391e-15 1.000000e+00
    outer loop
      vertex   -4.657952e+00 1.634148e+01 2.600000e+00
      vertex   -4.981163e+00 1.642911e+01 2.600000e+00
      vertex   -4.753174e+00 1.618242e+01 2.600000e+00
    endloop
  endfacet
  facet normal -2.607406e-15 2.990859e-15 1.000000e+00
    outer loop
      vertex   -4.753174e+00 1.618242e+01 2.600000e+00
      vertex   -4.981163e+00 1.642911e+01 2.600000e+00
      vertex   -5.044266e+00 1.637410e+01 2.600000e+00
    endloop
  endfacet
  facet normal -6.680189e-15 -3.194406e-15 1.000000e+00
    outer loop
      vertex   -4.753174e+00 1.618242e+01 2.600000e+00
      vertex   -5.044266e+00 1.637410e+01 2.600000e+00
      vertex   -4.895679e+00 1.606337e+01 2.600000e+00
    endloop
  endfacet
  facet normal 0.000000e+00 0.000000e+00 1.000000e+00
    outer loop
      vertex   -4.895679e+00 1.606337e+01 2.600000e+00
      vertex   -5.044266e+00 1.637410e+01 2.600000e+00
      vertex   -5.112370e+00 1.633192e+01 2.600000e+00
    endloop
  endfacet
  facet normal 0.000000e+00 0.000000e+00 1.000000e+00
    outer loop
      vertex   -4.895679e+00 1.606337e+01 2.600000e+00
      vertex   -5.112370e+00 1.633192e+01 2.600000e+00
      vertex   -5.076721e+00 1.598480e+01 2.600000e+00
    endloop
  endfacet
  facet normal 0.000000e+00 0.000000e+00 1.000000e+00
    outer loop
      vertex   -5.076721e+00 1.598480e+01 2.600000e+00
      vertex   -5.112370e+00 1.633192e+01 2.600000e+00
      vertex   -5.189827e+00 1.630997e+01 2.600000e+00
    endloop
  endfacet
  facet normal 0.000000e+00 0.000000e+00 1.000000e+00
    outer loop
      vertex   -5.076721e+00 1.598480e+01 2.600000e+00
      vertex   -5.189827e+00 1.630997e+01 2.600000e+00
      vertex   -5.272493e+00 1.595912e+01 2.600000e+00
    endloop
  endfacet
  facet normal 0.000000e+00 -0.000000e+00 1.000000e+00
    outer loop
      vertex   -5.272493e+00 1.595912e+01 2.600000e+00
      vertex   -5.189827e+00 1.630997e+01 2.600000e+00
      vertex   -5.272696e+00 1.630018e+01 2.600000e+00
    endloop
  endfacet
  facet normal 0.000000e+00 0.000000e+00 1.000000e+00
    outer loop
      vertex   -5.272493e+00 1.595912e+01 2.600000e+00
      vertex   -5.272696e+00 1.630018e+01 2.600000e+00
      vertex   -5.396459e+00 1.597167e+01 2.600000e+00
    endloop
  endfacet
  facet normal 0.000000e+00 0.000000e+00 1.000000e+00
    outer loop
      vertex   -5.396459e+00 1.597167e+01 2.600000e+00
      vertex   -5.272696e+00 1.630018e+01 2.600000e+00
      vertex   -5.389715e+00 1.631686e+01 2.600000e+00
    endloop
  endfacet
  facet normal 0.000000e+00 -0.000000e+00 1.000000e+00
    outer loop
      vertex   -5.396459e+00 1.597167e+01 2.600000e+00
      vertex   -5.389715e+00 1.631686e+01 2.600000e+00
      vertex   -5.514067e+00 1.600065e+01 2.600000e+00
    endloop
  endfacet
  facet normal 0.000000e+00 -0.000000e+00 1.000000e+00
    outer loop
      vertex   -5.514067e+00 1.600065e+01 2.600000e+00
      vertex   -5.389715e+00 1.631686e+01 2.600000e+00
      vertex   -5.620128e+00 1.605683e+01 2.600000e+00
    endloop
  endfacet
  facet normal 0.000000e+00 0.000000e+00 1.000000e+00
    outer loop
      vertex   -5.620128e+00 1.605683e+01 2.600000e+00
      vertex   -5.389715e+00 1.631686e+01 2.600000e+00
      vertex   -5.496985e+00 1.636656e+01 2.600000e+00
    endloop
  endfacet
  facet normal 0.000000e+00 -0.000000e+00 1.000000e+00
    outer loop
      vertex   -5.620128e+00 1.605683e+01 2.600000e+00
      vertex   -5.496985e+00 1.636656e+01 2.600000e+00
      vertex   -5.721095e+00 1.613109e+01 2.600000e+00
    endloop
  endfacet
  facet normal 0.000000e+00 -0.000000e+00 1.000000e+00
    outer loop
      vertex   -5.721095e+00 1.613109e+01 2.600000e+00
      vertex   -5.496985e+00 1.636656e+01 2.600000e+00
      vertex   -5.812856e+00 1.625161e+01 2.600000e+00
    endloop
  endfacet
  facet normal 4.120773e-15 -1.132378e-14 1.000000e+00
    outer loop
      vertex   -5.812856e+00 1.625161e+01 2.600000e+00
      vertex   -5.496985e+00 1.636656e+01 2.600000e+00
      vertex   -5.588201e+00 1.645102e+01 2.600000e+00
    endloop
  endfacet
  facet normal -3.965912e-15 -2.213096e-15 1.000000e+00
    outer loop
      vertex   -5.812856e+00 1.625161e+01 2.600000e+00
      vertex   -5.588201e+00 1.645102e+01 2.600000e+00
      vertex   -5.881305e+00 1.637427e+01 2.600000e+00
    endloop
  endfacet
  facet normal -6.769303e-15 8.493579e-15 1.000000e+00
    outer loop
      vertex   -5.881305e+00 1.637427e+01 2.600000e+00
      vertex   -5.588201e+00 1.645102e+01 2.600000e+00
      vertex   -5.647169e+00 1.656088e+01 2.600000e+00
    endloop
  endfacet
  facet normal 0.000000e+00 -0.000000e+00 1.000000e+00
    outer loop
      vertex   -5.881305e+00 1.637427e+01 2.600000e+00
      vertex   -5.647169e+00 1.656088e+01 2.600000e+00
      vertex   -5.953335e+00 1.666301e+01 2.600000e+00
    endloop
  endfacet
  facet normal -0.000000e+00 0.000000e+00 1.000000e+00
    outer loop
      vertex   -5.953335e+00 1.666301e+01 2.600000e+00
      vertex   -5.647169e+00 1.656088e+01 2.600000e+00
      vertex   -5.685284e+00 1.673378e+01 2.600000e+00
    endloop
  endfacet
  facet normal 0.000000e+00 -0.000000e+00 1.000000e+00
    outer loop
      vertex   -5.953335e+00 1.666301e+01 2.600000e+00
      vertex   -5.685284e+00 1.673378e+01 2.600000e+00
      vertex   -6.059210e+00 1.690766e+01 2.600000e+00
    endloop
  endfacet
  facet normal -0.000000e+00 0.000000e+00 1.000000e+00
    outer loop
      vertex   -6.059210e+00 1.690766e+01 2.600000e+00
      vertex   -5.685284e+00 1.673378e+01 2.600000e+00
      vertex   -5.694276e+00 1.691555e+01 2.600000e+00
    endloop
  endfacet
  facet normal 0.000000e+00 0.000000e+00 1.000000e+00
    outer loop
      vertex   -4.591553e+00 1.795816e+01 2.600000e+00
      vertex   -7.091553e+00 1.795667e+01 2.600000e+00
      vertex   -5.981193e+00 1.762650e+01 2.600000e+00
    endloop
  endfacet
  facet normal 0.000000e+00 0.000000e+00 1.000000e+00
    outer loop
      vertex   -5.981193e+00 1.762650e+01 2.600000e+00
      vertex   -7.091553e+00 1.795667e+01 2.600000e+00
      vertex   -7.091356e+00 1.762584e+01 2.600000e+00
    endloop
  endfacet
  facet normal 0.000000e+00 0.000000e+00 1.000000e+00
    outer loop
      vertex   -6.059210e+00 1.690766e+01 2.600000e+00
      vertex   -6.226232e+00 1.673959e+01 2.600000e+00
      vertex   -5.953335e+00 1.666301e+01 2.600000e+00
    endloop
  endfacet
  facet normal 0.000000e+00 0.000000e+00 1.000000e+00
    outer loop
      vertex   -5.953335e+00 1.666301e+01 2.600000e+00
      vertex   -6.226232e+00 1.673959e+01 2.600000e+00
      vertex   -6.077705e+00 1.646342e+01 2.600000e+00
    endloop
  endfacet
  facet normal 0.000000e+00 0.000000e+00 1.000000e+00
    outer loop
      vertex   -6.077705e+00 1.646342e+01 2.600000e+00
      vertex   -6.226232e+00 1.673959e+01 2.600000e+00
      vertex   -6.570564e+00 1.650064e+01 2.600000e+00
    endloop
  endfacet
  facet normal 0.000000e+00 0.000000e+00 1.000000e+00
    outer loop
      vertex   -6.077705e+00 1.646342e+01 2.600000e+00
      vertex   -6.570564e+00 1.650064e+01 2.600000e+00
      vertex   -6.234871e+00 1.631590e+01 2.600000e+00
    endloop
  endfacet
  facet normal 0.000000e+00 0.000000e+00 1.000000e+00
    outer loop
      vertex   -6.234871e+00 1.631590e+01 2.600000e+00
      vertex   -6.570564e+00 1.650064e+01 2.600000e+00
      vertex   -6.410079e+00 1.618866e+01 2.600000e+00
    endloop
  endfacet
  facet normal 0.000000e+00 0.000000e+00 1.000000e+00
    outer loop
      vertex   -6.410079e+00 1.618866e+01 2.600000e+00
      vertex   -6.570564e+00 1.650064e+01 2.600000e+00
      vertex   -7.090490e+00 1.616950e+01 2.600000e+00
    endloop
  endfacet
  facet normal 0.000000e+00 0.000000e+00 1.000000e+00
    outer loop
      vertex   -6.410079e+00 1.618866e+01 2.600000e+00
      vertex   -7.090490e+00 1.616950e+01 2.600000e+00
      vertex   -7.090243e+00 1.575340e+01 2.600000e+00
    endloop
  endfacet
  facet normal -0.000000e+00 0.000000e+00 1.000000e+00
    outer loop
      vertex   -5.694699e+00 1.762667e+01 3.000000e+00
      vertex   -5.694276e+00 1.691555e+01 3.000000e+00
      vertex   -4.867618e+00 1.762716e+01 3.000000e+00
    endloop
  endfacet
  facet normal 0.000000e+00 0.000000e+00 1.000000e+00
    outer loop
      vertex   -4.867618e+00 1.762716e+01 3.000000e+00
      vertex   -5.694276e+00 1.691555e+01 3.000000e+00
      vertex   -4.867148e+00 1.683590e+01 3.000000e+00
    endloop
  endfacet
  facet normal 0.000000e+00 0.000000e+00 1.000000e+00
    outer loop
      vertex   -4.867148e+00 1.683590e+01 3.000000e+00
      vertex   -5.694276e+00 1.691555e+01 3.000000e+00
      vertex   -5.272696e+00 1.630018e+01 3.000000e+00
    endloop
  endfacet
  facet normal 0.000000e+00 0.000000e+00 1.000000e+00
    outer loop
      vertex   -4.867148e+00 1.683590e+01 3.000000e+00
      vertex   -5.272696e+00 1.630018e+01 3.000000e+00
      vertex   -5.189827e+00 1.630997e+01 3.000000e+00
    endloop
  endfacet
  facet normal -0.000000e+00 -0.000000e+00 1.000000e+00
    outer loop
      vertex   -5.685284e+00 1.673378e+01 3.000000e+00
      vertex   -5.496985e+00 1.636656e+01 3.000000e+00
      vertex   -5.694276e+00 1.691555e+01 3.000000e+00
    endloop
  endfacet
  facet normal 0.000000e+00 0.000000e+00 1.000000e+00
    outer loop
      vertex   -5.694276e+00 1.691555e+01 3.000000e+00
      vertex   -5.496985e+00 1.636656e+01 3.000000e+00
      vertex   -5.389715e+00 1.631686e+01 3.000000e+00
    endloop
  endfacet
  facet normal 0.000000e+00 0.000000e+00 1.000000e+00
    outer loop
      vertex   -5.694276e+00 1.691555e+01 3.000000e+00
      vertex   -5.389715e+00 1.631686e+01 3.000000e+00
      vertex   -5.272696e+00 1.630018e+01 3.000000e+00
    endloop
  endfacet
  facet normal -0.000000e+00 -0.000000e+00 1.000000e+00
    outer loop
      vertex   -5.647169e+00 1.656088e+01 3.000000e+00
      vertex   -5.588201e+00 1.645102e+01 3.000000e+00
      vertex   -5.685284e+00 1.673378e+01 3.000000e+00
    endloop
  endfacet
  facet normal 0.000000e+00 0.000000e+00 1.000000e+00
    outer loop
      vertex   -5.685284e+00 1.673378e+01 3.000000e+00
      vertex   -5.588201e+00 1.645102e+01 3.000000e+00
      vertex   -5.496985e+00 1.636656e+01 3.000000e+00
    endloop
  endfacet
  facet normal 0.000000e+00 0.000000e+00 1.000000e+00
    outer loop
      vertex   -5.189827e+00 1.630997e+01 3.000000e+00
      vertex   -5.112370e+00 1.633192e+01 3.000000e+00
      vertex   -4.867148e+00 1.683590e+01 3.000000e+00
    endloop
  endfacet
  facet normal 0.000000e+00 0.000000e+00 1.000000e+00
    outer loop
      vertex   -4.867148e+00 1.683590e+01 3.000000e+00
      vertex   -5.112370e+00 1.633192e+01 3.000000e+00
      vertex   -5.044266e+00 1.637410e+01 3.000000e+00
    endloop
  endfacet
  facet normal 0.000000e+00 0.000000e+00 1.000000e+00
    outer loop
      vertex   -4.867148e+00 1.683590e+01 3.000000e+00
      vertex   -5.044266e+00 1.637410e+01 3.000000e+00
      vertex   -4.981163e+00 1.642911e+01 3.000000e+00
    endloop
  endfacet
  facet normal 0.000000e+00 0.000000e+00 1.000000e+00
    outer loop
      vertex   -4.981163e+00 1.642911e+01 3.000000e+00
      vertex   -4.925711e+00 1.652422e+01 3.000000e+00
      vertex   -4.867148e+00 1.683590e+01 3.000000e+00
    endloop
  endfacet
  facet normal 0.000000e+00 0.000000e+00 1.000000e+00
    outer loop
      vertex   -4.867148e+00 1.683590e+01 3.000000e+00
      vertex   -4.925711e+00 1.652422e+01 3.000000e+00
      vertex   -4.888571e+00 1.661870e+01 3.000000e+00
    endloop
  endfacet
  facet normal 0.000000e+00 0.000000e+00 1.000000e+00
    outer loop
      vertex   -5.012192e+00 1.412094e+01 3.000000e+00
      vertex   -5.213303e+00 1.420234e+01 3.000000e+00
      vertex   -4.939384e+00 1.405449e+01 3.000000e+00
    endloop
  endfacet
  facet normal 0.000000e+00 0.000000e+00 1.000000e+00
    outer loop
      vertex   -4.939384e+00 1.405449e+01 3.000000e+00
      vertex   -5.213303e+00 1.420234e+01 3.000000e+00
      vertex   -4.907179e+00 1.401824e+01 3.000000e+00
    endloop
  endfacet
  facet normal 0.000000e+00 0.000000e+00 1.000000e+00
    outer loop
      vertex   -4.907179e+00 1.401824e+01 3.000000e+00
      vertex   -5.213303e+00 1.420234e+01 3.000000e+00
      vertex   -5.409901e+00 1.425485e+01 3.000000e+00
    endloop
  endfacet
  facet normal 0.000000e+00 0.000000e+00 1.000000e+00
    outer loop
      vertex   -4.907179e+00 1.401824e+01 3.000000e+00
      vertex   -5.409901e+00 1.425485e+01 3.000000e+00
      vertex   -5.630993e+00 1.427678e+01 3.000000e+00
    endloop
  endfacet
  facet normal 0.000000e+00 0.000000e+00 1.000000e+00
    outer loop
      vertex   -5.856420e+00 1.427903e+01 3.000000e+00
      vertex   -4.847921e+00 1.388577e+01 3.000000e+00
      vertex   -5.630993e+00 1.427678e+01 3.000000e+00
    endloop
  endfacet
  facet normal 0.000000e+00 0.000000e+00 1.000000e+00
    outer loop
      vertex   -5.630993e+00 1.427678e+01 3.000000e+00
      vertex   -4.847921e+00 1.388577e+01 3.000000e+00
      vertex   -4.860792e+00 1.393352e+01 3.000000e+00
    endloop
  endfacet
  facet normal 0.000000e+00 0.000000e+00 1.000000e+00
    outer loop
      vertex   -5.630993e+00 1.427678e+01 3.000000e+00
      vertex   -4.860792e+00 1.393352e+01 3.000000e+00
      vertex   -4.880212e+00 1.397798e+01 3.000000e+00
    endloop
  endfacet
  facet normal -3.623092e-15 1.179108e-14 1.000000e+00
    outer loop
      vertex   -6.291500e+00 1.425833e+01 3.000000e+00
      vertex   -6.823773e+00 1.398179e+01 3.000000e+00
      vertex   -5.856420e+00 1.427903e+01 3.000000e+00
    endloop
  endfacet
  facet normal 0.000000e+00 0.000000e+00 1.000000e+00
    outer loop
      vertex   -5.856420e+00 1.427903e+01 3.000000e+00
      vertex   -6.823773e+00 1.398179e+01 3.000000e+00
      vertex   -6.845457e+00 1.393608e+01 3.000000e+00
    endloop
  endfacet
  facet normal 0.000000e+00 0.000000e+00 1.000000e+00
    outer loop
      vertex   -5.856420e+00 1.427903e+01 3.000000e+00
      vertex   -6.845457e+00 1.393608e+01 3.000000e+00
      vertex   -6.860279e+00 1.388727e+01 3.000000e+00
    endloop
  endfacet
  facet normal 1.130394e-14 -1.693956e-14 1.000000e+00
    outer loop
      vertex   -6.291500e+00 1.425833e+01 3.000000e+00
      vertex   -6.481881e+00 1.420994e+01 3.000000e+00
      vertex   -6.823773e+00 1.398179e+01 3.000000e+00
    endloop
  endfacet
  facet normal 0.000000e+00 0.000000e+00 1.000000e+00
    outer loop
      vertex   -6.823773e+00 1.398179e+01 3.000000e+00
      vertex   -6.481881e+00 1.420994e+01 3.000000e+00
      vertex   -6.794017e+00 1.402398e+01 3.000000e+00
    endloop
  endfacet
  facet normal 0.000000e+00 0.000000e+00 1.000000e+00
    outer loop
      vertex   -6.794017e+00 1.402398e+01 3.000000e+00
      vertex   -6.481881e+00 1.420994e+01 3.000000e+00
      vertex   -6.758045e+00 1.406272e+01 3.000000e+00
    endloop
  endfacet
  facet normal 0.000000e+00 0.000000e+00 1.000000e+00
    outer loop
      vertex   -6.758045e+00 1.406272e+01 3.000000e+00
      vertex   -6.481881e+00 1.420994e+01 3.000000e+00
      vertex   -6.675740e+00 1.413444e+01 3.000000e+00
    endloop
  endfacet
  facet normal -0.000000e+00 0.000000e+00 1.000000e+00
    outer loop
      vertex   -6.860279e+00 1.388727e+01 3.000000e+00
      vertex   -6.879315e+00 1.377876e+01 3.000000e+00
      vertex   -5.856420e+00 1.427903e+01 3.000000e+00
    endloop
  endfacet
  facet normal 0.000000e+00 0.000000e+00 1.000000e+00
    outer loop
      vertex   -5.856420e+00 1.427903e+01 3.000000e+00
      vertex   -6.879315e+00 1.377876e+01 3.000000e+00
      vertex   -5.855825e+00 1.327971e+01 3.000000e+00
    endloop
  endfacet
  facet normal 0.000000e+00 0.000000e+00 1.000000e+00
    outer loop
      vertex   -5.856420e+00 1.427903e+01 3.000000e+00
      vertex   -5.855825e+00 1.327971e+01 3.000000e+00
      vertex   -4.832932e+00 1.378339e+01 3.000000e+00
    endloop
  endfacet
  facet normal 0.000000e+00 0.000000e+00 1.000000e+00
    outer loop
      vertex   -4.832932e+00 1.378339e+01 3.000000e+00
      vertex   -5.855825e+00 1.327971e+01 3.000000e+00
      vertex   -4.851539e+00 1.367422e+01 3.000000e+00
    endloop
  endfacet
  facet normal 0.000000e+00 0.000000e+00 1.000000e+00
    outer loop
      vertex   -4.851539e+00 1.367422e+01 3.000000e+00
      vertex   -5.855825e+00 1.327971e+01 3.000000e+00
      vertex   -4.866201e+00 1.362487e+01 3.000000e+00
    endloop
  endfacet
  facet normal 1.200637e-14 -3.442479e-14 1.000000e+00
    outer loop
      vertex   -4.866201e+00 1.362487e+01 3.000000e+00
      vertex   -5.855825e+00 1.327971e+01 3.000000e+00
      vertex   -4.887734e+00 1.357866e+01 3.000000e+00
    endloop
  endfacet
  facet normal -2.488813e-16 5.262597e-15 1.000000e+00
    outer loop
      vertex   -4.887734e+00 1.357866e+01 3.000000e+00
      vertex   -5.855825e+00 1.327971e+01 3.000000e+00
      vertex   -5.420143e+00 1.330032e+01 3.000000e+00
    endloop
  endfacet
  facet normal -2.366860e-15 9.313914e-15 1.000000e+00
    outer loop
      vertex   -4.887734e+00 1.357866e+01 3.000000e+00
      vertex   -5.420143e+00 1.330032e+01 3.000000e+00
      vertex   -5.229598e+00 1.334874e+01 3.000000e+00
    endloop
  endfacet
  facet normal 0.000000e+00 0.000000e+00 1.000000e+00
    outer loop
      vertex   -6.879315e+00 1.377876e+01 3.000000e+00
      vertex   -6.860017e+00 1.367016e+01 3.000000e+00
      vertex   -5.855825e+00 1.327971e+01 3.000000e+00
    endloop
  endfacet
  facet normal 0.000000e+00 0.000000e+00 1.000000e+00
    outer loop
      vertex   -5.855825e+00 1.327971e+01 3.000000e+00
      vertex   -6.860017e+00 1.367016e+01 3.000000e+00
      vertex   -6.845060e+00 1.362135e+01 3.000000e+00
    endloop
  endfacet
  facet normal 0.000000e+00 0.000000e+00 1.000000e+00
    outer loop
      vertex   -5.855825e+00 1.327971e+01 3.000000e+00
      vertex   -6.845060e+00 1.362135e+01 3.000000e+00
      vertex   -6.823221e+00 1.357567e+01 3.000000e+00
    endloop
  endfacet
  facet normal -0.000000e+00 -0.000000e+00 1.000000e+00
    outer loop
      vertex   -6.793292e+00 1.353352e+01 3.000000e+00
      vertex   -6.480603e+00 1.334813e+01 3.000000e+00
      vertex   -6.823221e+00 1.357567e+01 3.000000e+00
    endloop
  endfacet
  facet normal 0.000000e+00 0.000000e+00 1.000000e+00
    outer loop
      vertex   -6.823221e+00 1.357567e+01 3.000000e+00
      vertex   -6.480603e+00 1.334813e+01 3.000000e+00
      vertex   -6.290328e+00 1.329999e+01 3.000000e+00
    endloop
  endfacet
  facet normal 0.000000e+00 0.000000e+00 1.000000e+00
    outer loop
      vertex   -6.823221e+00 1.357567e+01 3.000000e+00
      vertex   -6.290328e+00 1.329999e+01 3.000000e+00
      vertex   -5.855825e+00 1.327971e+01 3.000000e+00
    endloop
  endfacet
  facet normal 0.000000e+00 0.000000e+00 1.000000e+00
    outer loop
      vertex   -6.793292e+00 1.353352e+01 3.000000e+00
      vertex   -6.757140e+00 1.349486e+01 3.000000e+00
      vertex   -6.480603e+00 1.334813e+01 3.000000e+00
    endloop
  endfacet
  facet normal 0.000000e+00 0.000000e+00 1.000000e+00
    outer loop
      vertex   -6.480603e+00 1.334813e+01 3.000000e+00
      vertex   -6.757140e+00 1.349486e+01 3.000000e+00
      vertex   -6.674465e+00 1.342333e+01 3.000000e+00
    endloop
  endfacet
  facet normal 0.000000e+00 -0.000000e+00 1.000000e+00
    outer loop
      vertex   -5.035652e+00 1.342430e+01 3.000000e+00
      vertex   -4.953309e+00 1.349687e+01 3.000000e+00
      vertex   -5.229598e+00 1.334874e+01 3.000000e+00
    endloop
  endfacet
  facet normal 0.000000e+00 0.000000e+00 1.000000e+00
    outer loop
      vertex   -5.229598e+00 1.334874e+01 3.000000e+00
      vertex   -4.953309e+00 1.349687e+01 3.000000e+00
      vertex   -4.917377e+00 1.353603e+01 3.000000e+00
    endloop
  endfacet
  facet normal -3.217280e-14 5.363267e-14 1.000000e+00
    outer loop
      vertex   -5.229598e+00 1.334874e+01 3.000000e+00
      vertex   -4.917377e+00 1.353603e+01 3.000000e+00
      vertex   -4.887734e+00 1.357866e+01 3.000000e+00
    endloop
  endfacet
  facet normal 0.000000e+00 0.000000e+00 1.000000e+00
    outer loop
      vertex   -4.832932e+00 1.378339e+01 3.000000e+00
      vertex   -4.847921e+00 1.388577e+01 3.000000e+00
      vertex   -5.856420e+00 1.427903e+01 3.000000e+00
    endloop
  endfacet
  facet normal 0.000000e+00 0.000000e+00 1.000000e+00
    outer loop
      vertex   -4.880212e+00 1.397798e+01 3.000000e+00
      vertex   -4.907179e+00 1.401824e+01 3.000000e+00
      vertex   -5.630993e+00 1.427678e+01 3.000000e+00
    endloop
  endfacet
  facet normal 9.496792e-01 1.163862e-15 3.132241e-01
    outer loop
      vertex   1.192039e-01 -2.180281e+01 0.000000e+00
      vertex   1.192039e-01 -1.591438e+01 0.000000e+00
      vertex   -4.582288e-02 -2.180281e+01 5.003526e-01
    endloop
  endfacet
  facet normal 9.496792e-01 1.220060e-15 3.132241e-01
    outer loop
      vertex   -4.582288e-02 -2.180281e+01 5.003526e-01
      vertex   1.192039e-01 -1.591438e+01 0.000000e+00
      vertex   -4.582288e-02 -1.591438e+01 5.003526e-01
    endloop
  endfacet
  facet normal 9.002741e-01 1.177463e-15 4.353236e-01
    outer loop
      vertex   -4.582288e-02 -2.180281e+01 5.003526e-01
      vertex   -4.582288e-02 -1.591438e+01 5.003526e-01
      vertex   -2.751796e-01 -2.180281e+01 9.746753e-01
    endloop
  endfacet
  facet normal 9.002741e-01 1.178301e-15 4.353236e-01
    outer loop
      vertex   -2.751796e-01 -2.180281e+01 9.746753e-01
      vertex   -4.582288e-02 -1.591438e+01 5.003526e-01
      vertex   -2.751796e-01 -1.591438e+01 9.746753e-01
    endloop
  endfacet
  facet normal 8.352499e-01 1.106959e-15 5.498706e-01
    outer loop
      vertex   -2.751796e-01 -2.180281e+01 9.746753e-01
      vertex   -2.751796e-01 -1.591438e+01 9.746753e-01
      vertex   -5.648870e-01 -2.180281e+01 1.414739e+00
    endloop
  endfacet
  facet normal 8.352499e-01 1.022838e-15 5.498706e-01
    outer loop
      vertex   -5.648870e-01 -2.180281e+01 1.414739e+00
      vertex   -2.751796e-01 -1.591438e+01 9.746753e-01
      vertex   -5.648870e-01 -1.591438e+01 1.414739e+00
    endloop
  endfacet
  facet normal 7.557348e-01 9.432652e-16 6.548778e-01
    outer loop
      vertex   -5.648870e-01 -2.180281e+01 1.414739e+00
      vertex   -5.648870e-01 -1.591438e+01 1.414739e+00
      vertex   -9.099191e-01 -2.180281e+01 1.812909e+00
    endloop
  endfacet
  facet normal 7.557348e-01 9.185706e-16 6.548778e-01
    outer loop
      vertex   -9.099191e-01 -2.180281e+01 1.812909e+00
      vertex   -5.648870e-01 -1.591438e+01 1.414739e+00
      vertex   -9.099191e-01 -1.591438e+01 1.812909e+00
    endloop
  endfacet
  facet normal 6.631084e-01 8.191021e-16 7.485234e-01
    outer loop
      vertex   -9.099191e-01 -2.180281e+01 1.812909e+00
      vertex   -9.099191e-01 -1.591438e+01 1.812909e+00
      vertex   -1.304290e+00 -2.180281e+01 2.162278e+00
    endloop
  endfacet
  facet normal 6.631084e-01 8.065996e-16 7.485234e-01
    outer loop
      vertex   -1.304290e+00 -2.180281e+01 2.162278e+00
      vertex   -9.099191e-01 -1.591438e+01 1.812909e+00
      vertex   -1.304290e+00 -1.591438e+01 2.162278e+00
    endloop
  endfacet
  facet normal 5.589776e-01 6.948837e-16 8.291828e-01
    outer loop
      vertex   -1.304290e+00 -2.180281e+01 2.162278e+00
      vertex   -1.304290e+00 -1.591438e+01 2.162278e+00
      vertex   -1.741157e+00 -2.180281e+01 2.456783e+00
    endloop
  endfacet
  facet normal 5.589776e-01 6.948837e-16 8.291828e-01
    outer loop
      vertex   -1.741157e+00 -2.180281e+01 2.456783e+00
      vertex   -1.304290e+00 -1.591438e+01 2.162278e+00
      vertex   -1.741157e+00 -1.591438e+01 2.456783e+00
    endloop
  endfacet
  facet normal 4.451490e-01 5.711122e-16 8.954565e-01
    outer loop
      vertex   -1.741157e+00 -2.180281e+01 2.456783e+00
      vertex   -1.741157e+00 -1.591438e+01 2.456783e+00
      vertex   -2.212942e+00 -2.180281e+01 2.691317e+00
    endloop
  endfacet
  facet normal 4.451490e-01 5.035792e-16 8.954565e-01
    outer loop
      vertex   -2.212942e+00 -2.180281e+01 2.691317e+00
      vertex   -1.741157e+00 -1.591438e+01 2.456783e+00
      vertex   -2.212942e+00 -1.591438e+01 2.691317e+00
    endloop
  endfacet
  facet normal 3.235974e-01 3.660728e-16 9.461949e-01
    outer loop
      vertex   -2.212942e+00 -2.180281e+01 2.691317e+00
      vertex   -2.212942e+00 -1.591438e+01 2.691317e+00
      vertex   -2.711458e+00 -2.180281e+01 2.861809e+00
    endloop
  endfacet
  facet normal 3.235974e-01 4.374323e-16 9.461949e-01
    outer loop
      vertex   -2.711458e+00 -2.180281e+01 2.861809e+00
      vertex   -2.212942e+00 -1.591438e+01 2.691317e+00
      vertex   -2.711458e+00 -1.591438e+01 2.861809e+00
    endloop
  endfacet
  facet normal 1.964317e-01 2.961634e-16 9.805175e-01
    outer loop
      vertex   -2.711458e+00 -2.180281e+01 2.861809e+00
      vertex   -2.711458e+00 -1.591438e+01 2.861809e+00
      vertex   -3.228058e+00 -2.180281e+01 2.965302e+00
    endloop
  endfacet
  facet normal 1.964317e-01 2.074010e-16 9.805175e-01
    outer loop
      vertex   -3.228058e+00 -2.180281e+01 2.965302e+00
      vertex   -2.711458e+00 -1.591438e+01 2.861809e+00
      vertex   -3.228058e+00 -1.591438e+01 2.965302e+00
    endloop
  endfacet
  facet normal 6.585810e-02 6.953580e-17 9.978290e-01
    outer loop
      vertex   -3.228058e+00 -2.180281e+01 2.965302e+00
      vertex   -3.228058e+00 -1.591438e+01 2.965302e+00
      vertex   -3.753779e+00 -2.180281e+01 3.000000e+00
    endloop
  endfacet
  facet normal 6.585810e-02 7.946948e-17 9.978290e-01
    outer loop
      vertex   -3.753779e+00 -2.180281e+01 3.000000e+00
      vertex   -3.228058e+00 -1.591438e+01 2.965302e+00
      vertex   -3.753779e+00 -1.591438e+01 3.000000e+00
    endloop
  endfacet
  facet normal 8.578553e-03 -6.516058e-02 9.978379e-01
    outer loop
      vertex   -3.847922e+00 -2.192550e+01 3.000000e+00
      vertex   -3.880796e+00 -2.192982e+01 3.000000e+00
      vertex   -3.795597e+00 -2.244996e+01 2.965302e+00
    endloop
  endfacet
  facet normal 4.316528e-03 -6.585749e-02 9.978197e-01
    outer loop
      vertex   -3.795597e+00 -2.244996e+01 2.965302e+00
      vertex   -3.880796e+00 -2.192982e+01 3.000000e+00
      vertex   -3.880796e+00 -2.245554e+01 2.965302e+00
    endloop
  endfacet
  facet normal 1.287375e-02 -1.964154e-01 9.804362e-01
    outer loop
      vertex   -3.795597e+00 -2.244996e+01 2.965302e+00
      vertex   -3.880796e+00 -2.245554e+01 2.965302e+00
      vertex   -3.880796e+00 -2.297214e+01 2.861809e+00
    endloop
  endfacet
  facet normal 1.287375e-02 -1.964154e-01 9.804362e-01
    outer loop
      vertex   -3.795597e+00 -2.244996e+01 2.965302e+00
      vertex   -3.880796e+00 -2.297214e+01 2.861809e+00
      vertex   -3.728167e+00 -2.296214e+01 2.861809e+00
    endloop
  endfacet
  facet normal 2.120493e-02 -3.235247e-01 9.459821e-01
    outer loop
      vertex   -3.728167e+00 -2.296214e+01 2.861809e+00
      vertex   -3.880796e+00 -2.297214e+01 2.861809e+00
      vertex   -3.880796e+00 -2.347066e+01 2.691317e+00
    endloop
  endfacet
  facet normal 2.120493e-02 -3.235247e-01 9.459821e-01
    outer loop
      vertex   -3.728167e+00 -2.296214e+01 2.861809e+00
      vertex   -3.880796e+00 -2.347066e+01 2.691317e+00
      vertex   -3.663097e+00 -2.345639e+01 2.691317e+00
    endloop
  endfacet
  facet normal 2.916419e-02 -4.449596e-01 8.950756e-01
    outer loop
      vertex   -3.663097e+00 -2.345639e+01 2.691317e+00
      vertex   -3.880796e+00 -2.347066e+01 2.691317e+00
      vertex   -3.880796e+00 -2.394245e+01 2.456783e+00
    endloop
  endfacet
  facet normal 2.916419e-02 -4.449596e-01 8.950756e-01
    outer loop
      vertex   -3.663097e+00 -2.345639e+01 2.691317e+00
      vertex   -3.880796e+00 -2.394245e+01 2.456783e+00
      vertex   -3.601517e+00 -2.392414e+01 2.456783e+00
    endloop
  endfacet
  facet normal 3.661276e-02 -5.586028e-01 8.286268e-01
    outer loop
      vertex   -3.601517e+00 -2.392414e+01 2.456783e+00
      vertex   -3.880796e+00 -2.394245e+01 2.456783e+00
      vertex   -3.880796e+00 -2.437931e+01 2.162278e+00
    endloop
  endfacet
  facet normal 3.661276e-02 -5.586028e-01 8.286268e-01
    outer loop
      vertex   -3.601517e+00 -2.392414e+01 2.456783e+00
      vertex   -3.880796e+00 -2.437931e+01 2.162278e+00
      vertex   -3.544495e+00 -2.435727e+01 2.162278e+00
    endloop
  endfacet
  facet normal 4.342143e-02 -6.624830e-01 7.478174e-01
    outer loop
      vertex   -3.544495e+00 -2.435727e+01 2.162278e+00
      vertex   -3.880796e+00 -2.437931e+01 2.162278e+00
      vertex   -3.880796e+00 -2.477368e+01 1.812909e+00
    endloop
  endfacet
  facet normal 4.342143e-02 -6.624830e-01 7.478174e-01
    outer loop
      vertex   -3.544495e+00 -2.435727e+01 2.162278e+00
      vertex   -3.880796e+00 -2.477368e+01 1.812909e+00
      vertex   -3.493019e+00 -2.474827e+01 1.812909e+00
    endloop
  endfacet
  facet normal 4.947282e-02 -7.548094e-01 6.540759e-01
    outer loop
      vertex   -3.493019e+00 -2.474827e+01 1.812909e+00
      vertex   -3.880796e+00 -2.477368e+01 1.812909e+00
      vertex   -3.880796e+00 -2.511872e+01 1.414739e+00
    endloop
  endfacet
  facet normal 4.947282e-02 -7.548094e-01 6.540759e-01
    outer loop
      vertex   -3.493019e+00 -2.474827e+01 1.812909e+00
      vertex   -3.880796e+00 -2.511872e+01 1.414739e+00
      vertex   -3.447983e+00 -2.509035e+01 1.414739e+00
    endloop
  endfacet
  facet normal 5.466332e-02 -8.340010e-01 5.490484e-01
    outer loop
      vertex   -3.447983e+00 -2.509035e+01 1.414739e+00
      vertex   -3.880796e+00 -2.511872e+01 1.414739e+00
      vertex   -3.880796e+00 -2.540842e+01 9.746753e-01
    endloop
  endfacet
  facet normal 5.466332e-02 -8.340010e-01 5.490484e-01
    outer loop
      vertex   -3.447983e+00 -2.509035e+01 1.414739e+00
      vertex   -3.880796e+00 -2.540842e+01 9.746753e-01
      vertex   -3.410169e+00 -2.537758e+01 9.746753e-01
    endloop
  endfacet
  facet normal 5.890462e-02 -8.987108e-01 4.345677e-01
    outer loop
      vertex   -3.410169e+00 -2.537758e+01 9.746753e-01
      vertex   -3.880796e+00 -2.540842e+01 9.746753e-01
      vertex   -3.880796e+00 -2.563778e+01 5.003526e-01
    endloop
  endfacet
  facet normal 5.890462e-02 -8.987108e-01 4.345677e-01
    outer loop
      vertex   -3.410169e+00 -2.537758e+01 9.746753e-01
      vertex   -3.880796e+00 -2.563778e+01 5.003526e-01
      vertex   -3.380232e+00 -2.560497e+01 5.003526e-01
    endloop
  endfacet
  facet normal 6.212503e-02 -9.478448e-01 3.126191e-01
    outer loop
      vertex   -3.380232e+00 -2.560497e+01 5.003526e-01
      vertex   -3.880796e+00 -2.563778e+01 5.003526e-01
      vertex   -3.880796e+00 -2.580281e+01 0.000000e+00
    endloop
  endfacet
  facet normal 6.212503e-02 -9.478448e-01 3.126191e-01
    outer loop
      vertex   -3.380232e+00 -2.560497e+01 5.003526e-01
      vertex   -3.880796e+00 -2.580281e+01 0.000000e+00
      vertex   -3.358691e+00 -2.576859e+01 0.000000e+00
    endloop
  endfacet
  facet normal 1.853121e-01 -9.316269e-01 3.126191e-01
    outer loop
      vertex   -3.380232e+00 -2.560497e+01 5.003526e-01
      vertex   -3.358691e+00 -2.576859e+01 0.000000e+00
      vertex   -2.888232e+00 -2.550711e+01 5.003526e-01
    endloop
  endfacet
  facet normal 1.853121e-01 -9.316269e-01 3.126191e-01
    outer loop
      vertex   -2.888232e+00 -2.550711e+01 5.003526e-01
      vertex   -3.358691e+00 -2.576859e+01 0.000000e+00
      vertex   -2.845520e+00 -2.566651e+01 0.000000e+00
    endloop
  endfacet
  facet normal 3.053285e-01 -8.994687e-01 3.126191e-01
    outer loop
      vertex   -2.888232e+00 -2.550711e+01 5.003526e-01
      vertex   -2.845520e+00 -2.566651e+01 0.000000e+00
      vertex   -2.413215e+00 -2.534586e+01 5.003526e-01
    endloop
  endfacet
  facet normal 3.053285e-01 -8.994687e-01 3.126191e-01
    outer loop
      vertex   -2.413215e+00 -2.534586e+01 5.003526e-01
      vertex   -2.845520e+00 -2.566651e+01 0.000000e+00
      vertex   -2.350062e+00 -2.549832e+01 0.000000e+00
    endloop
  endfacet
  facet normal 4.201206e-01 -8.519202e-01 3.126191e-01
    outer loop
      vertex   -2.413215e+00 -2.534586e+01 5.003526e-01
      vertex   -2.350062e+00 -2.549832e+01 0.000000e+00
      vertex   -1.963310e+00 -2.512399e+01 5.003526e-01
    endloop
  endfacet
  facet normal 4.201206e-01 -8.519202e-01 3.126191e-01
    outer loop
      vertex   -1.963310e+00 -2.512399e+01 5.003526e-01
      vertex   -2.350062e+00 -2.549832e+01 0.000000e+00
      vertex   -1.880796e+00 -2.526691e+01 0.000000e+00
    endloop
  endfacet
  facet normal 5.277243e-01 -7.897952e-01 3.126191e-01
    outer loop
      vertex   -1.963310e+00 -2.512399e+01 5.003526e-01
      vertex   -1.880796e+00 -2.526691e+01 0.000000e+00
      vertex   -1.546212e+00 -2.484530e+01 5.003526e-01
    endloop
  endfacet
  facet normal 5.277243e-01 -7.897952e-01 3.126191e-01
    outer loop
      vertex   -1.546212e+00 -2.484530e+01 5.003526e-01
      vertex   -1.880796e+00 -2.526691e+01 0.000000e+00
      vertex   -1.445750e+00 -2.497622e+01 0.000000e+00
    endloop
  endfacet
  facet normal 6.262985e-01 -7.141565e-01 3.126191e-01
    outer loop
      vertex   -1.546212e+00 -2.484530e+01 5.003526e-01
      vertex   -1.445750e+00 -2.497622e+01 0.000000e+00
      vertex   -1.169061e+00 -2.451454e+01 5.003526e-01
    endloop
  endfacet
  facet normal 6.262985e-01 -7.141565e-01 3.126191e-01
    outer loop
      vertex   -1.169061e+00 -2.451454e+01 5.003526e-01
      vertex   -1.445750e+00 -2.497622e+01 0.000000e+00
      vertex   -1.052369e+00 -2.463123e+01 0.000000e+00
    endloop
  endfacet
  facet normal 7.141565e-01 -6.262985e-01 3.126191e-01
    outer loop
      vertex   -1.169061e+00 -2.451454e+01 5.003526e-01
      vertex   -1.052369e+00 -2.463123e+01 0.000000e+00
      vertex   -8.383073e-01 -2.413739e+01 5.003526e-01
    endloop
  endfacet
  facet normal 7.141565e-01 -6.262985e-01 3.126191e-01
    outer loop
      vertex   -8.383073e-01 -2.413739e+01 5.003526e-01
      vertex   -1.052369e+00 -2.463123e+01 0.000000e+00
      vertex   -7.073828e-01 -2.423785e+01 0.000000e+00
    endloop
  endfacet
  facet normal 7.897952e-01 -5.277243e-01 3.126191e-01
    outer loop
      vertex   -8.383073e-01 -2.413739e+01 5.003526e-01
      vertex   -7.073828e-01 -2.423785e+01 0.000000e+00
      vertex   -5.596119e-01 -2.372029e+01 5.003526e-01
    endloop
  endfacet
  facet normal 7.897952e-01 -5.277243e-01 3.126191e-01
    outer loop
      vertex   -5.596119e-01 -2.372029e+01 5.003526e-01
      vertex   -7.073828e-01 -2.423785e+01 0.000000e+00
      vertex   -4.166945e-01 -2.380281e+01 0.000000e+00
    endloop
  endfacet
  facet normal 8.519202e-01 -4.201206e-01 3.126191e-01
    outer loop
      vertex   -5.596119e-01 -2.372029e+01 5.003526e-01
      vertex   -4.166945e-01 -2.380281e+01 0.000000e+00
      vertex   -3.377428e-01 -2.327039e+01 5.003526e-01
    endloop
  endfacet
  facet normal 8.519202e-01 -4.201206e-01 3.126191e-01
    outer loop
      vertex   -3.377428e-01 -2.327039e+01 5.003526e-01
      vertex   -4.166945e-01 -2.380281e+01 0.000000e+00
      vertex   -1.852780e-01 -2.333354e+01 0.000000e+00
    endloop
  endfacet
  facet normal 8.994687e-01 -3.053285e-01 3.126191e-01
    outer loop
      vertex   -3.377428e-01 -2.327039e+01 5.003526e-01
      vertex   -1.852780e-01 -2.333354e+01 0.000000e+00
      vertex   -1.764964e-01 -2.279537e+01 5.003526e-01
    endloop
  endfacet
  facet normal 8.994687e-01 -3.053285e-01 3.126191e-01
    outer loop
      vertex   -1.764964e-01 -2.279537e+01 5.003526e-01
      vertex   -1.852780e-01 -2.333354e+01 0.000000e+00
      vertex   -1.709282e-02 -2.283808e+01 0.000000e+00
    endloop
  endfacet
  facet normal 9.316269e-01 -1.853121e-01 3.126191e-01
    outer loop
      vertex   -1.764964e-01 -2.279537e+01 5.003526e-01
      vertex   -1.709282e-02 -2.283808e+01 0.000000e+00
      vertex   -7.863161e-02 -2.230337e+01 5.003526e-01
    endloop
  endfacet
  facet normal 9.316269e-01 -1.853121e-01 3.126191e-01
    outer loop
      vertex   -7.863161e-02 -2.230337e+01 5.003526e-01
      vertex   -1.709282e-02 -2.283808e+01 0.000000e+00
      vertex   8.498332e-02 -2.232491e+01 0.000000e+00
    endloop
  endfacet
  facet normal 9.478448e-01 -6.212503e-02 3.126191e-01
    outer loop
      vertex   -7.863161e-02 -2.230337e+01 5.003526e-01
      vertex   8.498332e-02 -2.232491e+01 0.000000e+00
      vertex   -4.582288e-02 -2.180281e+01 5.003526e-01
    endloop
  endfacet
  facet normal 9.478448e-01 -6.212503e-02 3.126191e-01
    outer loop
      vertex   -4.582288e-02 -2.180281e+01 5.003526e-01
      vertex   8.498332e-02 -2.232491e+01 0.000000e+00
      vertex   1.192039e-01 -2.180281e+01 0.000000e+00
    endloop
  endfacet
  facet normal 8.987108e-01 -5.890462e-02 4.345677e-01
    outer loop
      vertex   -4.582288e-02 -2.180281e+01 5.003526e-01
      vertex   -2.751796e-01 -2.180281e+01 9.746753e-01
      vertex   -7.863161e-02 -2.230337e+01 5.003526e-01
    endloop
  endfacet
  facet normal 8.987108e-01 -5.890462e-02 4.345677e-01
    outer loop
      vertex   -7.863161e-02 -2.230337e+01 5.003526e-01
      vertex   -2.751796e-01 -2.180281e+01 9.746753e-01
      vertex   -3.060261e-01 -2.227343e+01 9.746753e-01
    endloop
  endfacet
  facet normal 8.833336e-01 -1.757060e-01 4.345677e-01
    outer loop
      vertex   -7.863161e-02 -2.230337e+01 5.003526e-01
      vertex   -3.060261e-01 -2.227343e+01 9.746753e-01
      vertex   -1.764964e-01 -2.279537e+01 5.003526e-01
    endloop
  endfacet
  facet normal 8.833336e-01 -1.757060e-01 4.345677e-01
    outer loop
      vertex   -1.764964e-01 -2.279537e+01 5.003526e-01
      vertex   -3.060261e-01 -2.227343e+01 9.746753e-01
      vertex   -3.980380e-01 -2.273601e+01 9.746753e-01
    endloop
  endfacet
  facet normal 8.528424e-01 -2.895010e-01 4.345677e-01
    outer loop
      vertex   -1.764964e-01 -2.279537e+01 5.003526e-01
      vertex   -3.980380e-01 -2.273601e+01 9.746753e-01
      vertex   -3.377428e-01 -2.327039e+01 5.003526e-01
    endloop
  endfacet
  facet normal 8.528424e-01 -2.895010e-01 4.345677e-01
    outer loop
      vertex   -3.377428e-01 -2.327039e+01 5.003526e-01
      vertex   -3.980380e-01 -2.273601e+01 9.746753e-01
      vertex   -5.496408e-01 -2.318262e+01 9.746753e-01
    endloop
  endfacet
  facet normal 8.077587e-01 -3.983425e-01 4.345677e-01
    outer loop
      vertex   -3.377428e-01 -2.327039e+01 5.003526e-01
      vertex   -5.496408e-01 -2.318262e+01 9.746753e-01
      vertex   -5.596119e-01 -2.372029e+01 5.003526e-01
    endloop
  endfacet
  facet normal 8.077587e-01 -3.983425e-01 4.345677e-01
    outer loop
      vertex   -5.596119e-01 -2.372029e+01 5.003526e-01
      vertex   -5.496408e-01 -2.318262e+01 9.746753e-01
      vertex   -7.582406e-01 -2.360561e+01 9.746753e-01
    endloop
  endfacet
  facet normal 7.488541e-01 -5.003683e-01 4.345677e-01
    outer loop
      vertex   -5.596119e-01 -2.372029e+01 5.003526e-01
      vertex   -7.582406e-01 -2.360561e+01 9.746753e-01
      vertex   -8.383073e-01 -2.413739e+01 5.003526e-01
    endloop
  endfacet
  facet normal 7.488541e-01 -5.003683e-01 4.345677e-01
    outer loop
      vertex   -8.383073e-01 -2.413739e+01 5.003526e-01
      vertex   -7.582406e-01 -2.360561e+01 9.746753e-01
      vertex   -1.020268e+00 -2.399777e+01 9.746753e-01
    endloop
  endfacet
  facet normal 6.771364e-01 -5.938327e-01 4.345677e-01
    outer loop
      vertex   -8.383073e-01 -2.413739e+01 5.003526e-01
      vertex   -1.020268e+00 -2.399777e+01 9.746753e-01
      vertex   -1.169061e+00 -2.451454e+01 5.003526e-01
    endloop
  endfacet
  facet normal 6.771364e-01 -5.938327e-01 4.345677e-01
    outer loop
      vertex   -1.169061e+00 -2.451454e+01 5.003526e-01
      vertex   -1.020268e+00 -2.399777e+01 9.746753e-01
      vertex   -1.331240e+00 -2.435236e+01 9.746753e-01
    endloop
  endfacet
  facet normal 5.938327e-01 -6.771364e-01 4.345677e-01
    outer loop
      vertex   -1.169061e+00 -2.451454e+01 5.003526e-01
      vertex   -1.331240e+00 -2.435236e+01 9.746753e-01
      vertex   -1.546212e+00 -2.484530e+01 5.003526e-01
    endloop
  endfacet
  facet normal 5.938327e-01 -6.771364e-01 4.345677e-01
    outer loop
      vertex   -1.546212e+00 -2.484530e+01 5.003526e-01
      vertex   -1.331240e+00 -2.435236e+01 9.746753e-01
      vertex   -1.685836e+00 -2.466333e+01 9.746753e-01
    endloop
  endfacet
  facet normal 5.003683e-01 -7.488541e-01 4.345677e-01
    outer loop
      vertex   -1.546212e+00 -2.484530e+01 5.003526e-01
      vertex   -1.685836e+00 -2.466333e+01 9.746753e-01
      vertex   -1.963310e+00 -2.512399e+01 5.003526e-01
    endloop
  endfacet
  facet normal 5.003683e-01 -7.488541e-01 4.345677e-01
    outer loop
      vertex   -1.963310e+00 -2.512399e+01 5.003526e-01
      vertex   -1.685836e+00 -2.466333e+01 9.746753e-01
      vertex   -2.077988e+00 -2.492536e+01 9.746753e-01
    endloop
  endfacet
  facet normal 3.983425e-01 -8.077587e-01 4.345677e-01
    outer loop
      vertex   -1.963310e+00 -2.512399e+01 5.003526e-01
      vertex   -2.077988e+00 -2.492536e+01 9.746753e-01
      vertex   -2.413215e+00 -2.534586e+01 5.003526e-01
    endloop
  endfacet
  facet normal 3.983425e-01 -8.077587e-01 4.345677e-01
    outer loop
      vertex   -2.413215e+00 -2.534586e+01 5.003526e-01
      vertex   -2.077988e+00 -2.492536e+01 9.746753e-01
      vertex   -2.500986e+00 -2.513396e+01 9.746753e-01
    endloop
  endfacet
  facet normal 2.895010e-01 -8.528424e-01 4.345677e-01
    outer loop
      vertex   -2.413215e+00 -2.534586e+01 5.003526e-01
      vertex   -2.500986e+00 -2.513396e+01 9.746753e-01
      vertex   -2.888232e+00 -2.550711e+01 5.003526e-01
    endloop
  endfacet
  facet normal 2.895010e-01 -8.528424e-01 4.345677e-01
    outer loop
      vertex   -2.888232e+00 -2.550711e+01 5.003526e-01
      vertex   -2.500986e+00 -2.513396e+01 9.746753e-01
      vertex   -2.947594e+00 -2.528556e+01 9.746753e-01
    endloop
  endfacet
  facet normal 1.757060e-01 -8.833336e-01 4.345677e-01
    outer loop
      vertex   -2.888232e+00 -2.550711e+01 5.003526e-01
      vertex   -2.947594e+00 -2.528556e+01 9.746753e-01
      vertex   -3.380232e+00 -2.560497e+01 5.003526e-01
    endloop
  endfacet
  facet normal 1.757060e-01 -8.833336e-01 4.345677e-01
    outer loop
      vertex   -3.380232e+00 -2.560497e+01 5.003526e-01
      vertex   -2.947594e+00 -2.528556e+01 9.746753e-01
      vertex   -3.410169e+00 -2.537758e+01 9.746753e-01
    endloop
  endfacet
  facet normal 8.340010e-01 -5.466332e-02 5.490484e-01
    outer loop
      vertex   -2.751796e-01 -2.180281e+01 9.746753e-01
      vertex   -5.648870e-01 -2.180281e+01 1.414739e+00
      vertex   -3.060261e-01 -2.227343e+01 9.746753e-01
    endloop
  endfacet
  facet normal 8.340010e-01 -5.466332e-02 5.490484e-01
    outer loop
      vertex   -3.060261e-01 -2.227343e+01 9.746753e-01
      vertex   -5.648870e-01 -2.180281e+01 1.414739e+00
      vertex   -5.932551e-01 -2.223562e+01 1.414739e+00
    endloop
  endfacet
  facet normal 8.197311e-01 -1.630546e-01 5.490484e-01
    outer loop
      vertex   -3.060261e-01 -2.227343e+01 9.746753e-01
      vertex   -5.932551e-01 -2.223562e+01 1.414739e+00
      vertex   -3.980380e-01 -2.273601e+01 9.746753e-01
    endloop
  endfacet
  facet normal 8.197311e-01 -1.630546e-01 5.490484e-01
    outer loop
      vertex   -3.980380e-01 -2.273601e+01 9.746753e-01
      vertex   -5.932551e-01 -2.223562e+01 1.414739e+00
      vertex   -6.778739e-01 -2.266103e+01 1.414739e+00
    endloop
  endfacet
  facet normal 7.914352e-01 -2.686561e-01 5.490484e-01
    outer loop
      vertex   -3.980380e-01 -2.273601e+01 9.746753e-01
      vertex   -6.778739e-01 -2.266103e+01 1.414739e+00
      vertex   -5.496408e-01 -2.318262e+01 9.746753e-01
    endloop
  endfacet
  facet normal 7.914352e-01 -2.686561e-01 5.490484e-01
    outer loop
      vertex   -5.496408e-01 -2.318262e+01 9.746753e-01
      vertex   -6.778739e-01 -2.266103e+01 1.414739e+00
      vertex   -8.172956e-01 -2.307175e+01 1.414739e+00
    endloop
  endfacet
  facet normal 7.495978e-01 -3.696607e-01 5.490484e-01
    outer loop
      vertex   -5.496408e-01 -2.318262e+01 9.746753e-01
      vertex   -8.172956e-01 -2.307175e+01 1.414739e+00
      vertex   -7.582406e-01 -2.360561e+01 9.746753e-01
    endloop
  endfacet
  facet normal 7.495978e-01 -3.696607e-01 5.490484e-01
    outer loop
      vertex   -7.582406e-01 -2.360561e+01 9.746753e-01
      vertex   -8.172956e-01 -2.307175e+01 1.414739e+00
      vertex   -1.009135e+00 -2.346076e+01 1.414739e+00
    endloop
  endfacet
  facet normal 6.949344e-01 -4.643403e-01 5.490484e-01
    outer loop
      vertex   -7.582406e-01 -2.360561e+01 9.746753e-01
      vertex   -1.009135e+00 -2.346076e+01 1.414739e+00
      vertex   -1.020268e+00 -2.399777e+01 9.746753e-01
    endloop
  endfacet
  facet normal 6.949344e-01 -4.643403e-01 5.490484e-01
    outer loop
      vertex   -1.020268e+00 -2.399777e+01 9.746753e-01
      vertex   -1.009135e+00 -2.346076e+01 1.414739e+00
      vertex   -1.250109e+00 -2.382140e+01 1.414739e+00
    endloop
  endfacet
  facet normal 6.283806e-01 -5.510750e-01 5.490484e-01
    outer loop
      vertex   -1.020268e+00 -2.399777e+01 9.746753e-01
      vertex   -1.250109e+00 -2.382140e+01 1.414739e+00
      vertex   -1.331240e+00 -2.435236e+01 9.746753e-01
    endloop
  endfacet
  facet normal 6.283806e-01 -5.510750e-01 5.490484e-01
    outer loop
      vertex   -1.331240e+00 -2.435236e+01 9.746753e-01
      vertex   -1.250109e+00 -2.382140e+01 1.414739e+00
      vertex   -1.536094e+00 -2.414751e+01 1.414739e+00
    endloop
  endfacet
  facet normal 5.510750e-01 -6.283806e-01 5.490484e-01
    outer loop
      vertex   -1.331240e+00 -2.435236e+01 9.746753e-01
      vertex   -1.536094e+00 -2.414751e+01 1.414739e+00
      vertex   -1.685836e+00 -2.466333e+01 9.746753e-01
    endloop
  endfacet
  facet normal 5.510750e-01 -6.283806e-01 5.490484e-01
    outer loop
      vertex   -1.685836e+00 -2.466333e+01 9.746753e-01
      vertex   -1.536094e+00 -2.414751e+01 1.414739e+00
      vertex   -1.862199e+00 -2.443349e+01 1.414739e+00
    endloop
  endfacet
  facet normal 4.643403e-01 -6.949344e-01 5.490484e-01
    outer loop
      vertex   -1.685836e+00 -2.466333e+01 9.746753e-01
      vertex   -1.862199e+00 -2.443349e+01 1.414739e+00
      vertex   -2.077988e+00 -2.492536e+01 9.746753e-01
    endloop
  endfacet
  facet normal 4.643403e-01 -6.949344e-01 5.490484e-01
    outer loop
      vertex   -2.077988e+00 -2.492536e+01 9.746753e-01
      vertex   -1.862199e+00 -2.443349e+01 1.414739e+00
      vertex   -2.222842e+00 -2.467447e+01 1.414739e+00
    endloop
  endfacet
  facet normal 3.696607e-01 -7.495978e-01 5.490484e-01
    outer loop
      vertex   -2.077988e+00 -2.492536e+01 9.746753e-01
      vertex   -2.222842e+00 -2.467447e+01 1.414739e+00
      vertex   -2.500986e+00 -2.513396e+01 9.746753e-01
    endloop
  endfacet
  facet normal 3.696607e-01 -7.495978e-01 5.490484e-01
    outer loop
      vertex   -2.500986e+00 -2.513396e+01 9.746753e-01
      vertex   -2.222842e+00 -2.467447e+01 1.414739e+00
      vertex   -2.611853e+00 -2.486631e+01 1.414739e+00
    endloop
  endfacet
  facet normal 2.686561e-01 -7.914352e-01 5.490484e-01
    outer loop
      vertex   -2.500986e+00 -2.513396e+01 9.746753e-01
      vertex   -2.611853e+00 -2.486631e+01 1.414739e+00
      vertex   -2.947594e+00 -2.528556e+01 9.746753e-01
    endloop
  endfacet
  facet normal 2.686561e-01 -7.914352e-01 5.490484e-01
    outer loop
      vertex   -2.947594e+00 -2.528556e+01 9.746753e-01
      vertex   -2.611853e+00 -2.486631e+01 1.414739e+00
      vertex   -3.022576e+00 -2.500573e+01 1.414739e+00
    endloop
  endfacet
  facet normal 1.630546e-01 -8.197311e-01 5.490484e-01
    outer loop
      vertex   -2.947594e+00 -2.528556e+01 9.746753e-01
      vertex   -3.022576e+00 -2.500573e+01 1.414739e+00
      vertex   -3.410169e+00 -2.537758e+01 9.746753e-01
    endloop
  endfacet
  facet normal 1.630546e-01 -8.197311e-01 5.490484e-01
    outer loop
      vertex   -3.410169e+00 -2.537758e+01 9.746753e-01
      vertex   -3.022576e+00 -2.500573e+01 1.414739e+00
      vertex   -3.447983e+00 -2.509035e+01 1.414739e+00
    endloop
  endfacet
  facet normal 7.548094e-01 -4.947282e-02 6.540759e-01
    outer loop
      vertex   -5.648870e-01 -2.180281e+01 1.414739e+00
      vertex   -9.099191e-01 -2.180281e+01 1.812909e+00
      vertex   -5.932551e-01 -2.223562e+01 1.414739e+00
    endloop
  endfacet
  facet normal 7.548094e-01 -4.947282e-02 6.540759e-01
    outer loop
      vertex   -5.932551e-01 -2.223562e+01 1.414739e+00
      vertex   -9.099191e-01 -2.180281e+01 1.812909e+00
      vertex   -9.353353e-01 -2.219058e+01 1.812909e+00
    endloop
  endfacet
  facet normal 7.418944e-01 -1.475720e-01 6.540759e-01
    outer loop
      vertex   -5.932551e-01 -2.223562e+01 1.414739e+00
      vertex   -9.353353e-01 -2.219058e+01 1.812909e+00
      vertex   -6.778739e-01 -2.266103e+01 1.414739e+00
    endloop
  endfacet
  facet normal 7.418944e-01 -1.475720e-01 6.540759e-01
    outer loop
      vertex   -6.778739e-01 -2.266103e+01 1.414739e+00
      vertex   -9.353353e-01 -2.219058e+01 1.812909e+00
      vertex   -1.011149e+00 -2.257173e+01 1.812909e+00
    endloop
  endfacet
  facet normal 7.162854e-01 -2.431461e-01 6.540759e-01
    outer loop
      vertex   -6.778739e-01 -2.266103e+01 1.414739e+00
      vertex   -1.011149e+00 -2.257173e+01 1.812909e+00
      vertex   -8.172956e-01 -2.307175e+01 1.414739e+00
    endloop
  endfacet
  facet normal 7.162854e-01 -2.431461e-01 6.540759e-01
    outer loop
      vertex   -8.172956e-01 -2.307175e+01 1.414739e+00
      vertex   -1.011149e+00 -2.257173e+01 1.812909e+00
      vertex   -1.136064e+00 -2.293971e+01 1.812909e+00
    endloop
  endfacet
  facet normal 6.784205e-01 -3.345600e-01 6.540759e-01
    outer loop
      vertex   -8.172956e-01 -2.307175e+01 1.414739e+00
      vertex   -1.136064e+00 -2.293971e+01 1.812909e+00
      vertex   -1.009135e+00 -2.346076e+01 1.414739e+00
    endloop
  endfacet
  facet normal 6.784205e-01 -3.345600e-01 6.540759e-01
    outer loop
      vertex   -1.009135e+00 -2.346076e+01 1.414739e+00
      vertex   -1.136064e+00 -2.293971e+01 1.812909e+00
      vertex   -1.307941e+00 -2.328824e+01 1.812909e+00
    endloop
  endfacet
  facet normal 6.289477e-01 -4.202494e-01 6.540759e-01
    outer loop
      vertex   -1.009135e+00 -2.346076e+01 1.414739e+00
      vertex   -1.307941e+00 -2.328824e+01 1.812909e+00
      vertex   -1.250109e+00 -2.382140e+01 1.414739e+00
    endloop
  endfacet
  facet normal 6.289477e-01 -4.202494e-01 6.540759e-01
    outer loop
      vertex   -1.250109e+00 -2.382140e+01 1.414739e+00
      vertex   -1.307941e+00 -2.328824e+01 1.812909e+00
      vertex   -1.523841e+00 -2.361136e+01 1.812909e+00
    endloop
  endfacet
  facet normal 5.687134e-01 -4.987483e-01 6.540759e-01
    outer loop
      vertex   -1.250109e+00 -2.382140e+01 1.414739e+00
      vertex   -1.523841e+00 -2.361136e+01 1.812909e+00
      vertex   -1.536094e+00 -2.414751e+01 1.414739e+00
    endloop
  endfacet
  facet normal 5.687134e-01 -4.987483e-01 6.540759e-01
    outer loop
      vertex   -1.536094e+00 -2.414751e+01 1.414739e+00
      vertex   -1.523841e+00 -2.361136e+01 1.812909e+00
      vertex   -1.780069e+00 -2.390353e+01 1.812909e+00
    endloop
  endfacet
  facet normal 4.987483e-01 -5.687134e-01 6.540759e-01
    outer loop
      vertex   -1.536094e+00 -2.414751e+01 1.414739e+00
      vertex   -1.780069e+00 -2.390353e+01 1.812909e+00
      vertex   -1.862199e+00 -2.443349e+01 1.414739e+00
    endloop
  endfacet
  facet normal 4.987483e-01 -5.687134e-01 6.540759e-01
    outer loop
      vertex   -1.862199e+00 -2.443349e+01 1.414739e+00
      vertex   -1.780069e+00 -2.390353e+01 1.812909e+00
      vertex   -2.072241e+00 -2.415976e+01 1.812909e+00
    endloop
  endfacet
  facet normal 4.202494e-01 -6.289477e-01 6.540759e-01
    outer loop
      vertex   -1.862199e+00 -2.443349e+01 1.414739e+00
      vertex   -2.072241e+00 -2.415976e+01 1.812909e+00
      vertex   -2.222842e+00 -2.467447e+01 1.414739e+00
    endloop
  endfacet
  facet normal 4.202494e-01 -6.289477e-01 6.540759e-01
    outer loop
      vertex   -2.222842e+00 -2.467447e+01 1.414739e+00
      vertex   -2.072241e+00 -2.415976e+01 1.812909e+00
      vertex   -2.395358e+00 -2.437566e+01 1.812909e+00
    endloop
  endfacet
  facet normal 3.345600e-01 -6.784205e-01 6.540759e-01
    outer loop
      vertex   -2.222842e+00 -2.467447e+01 1.414739e+00
      vertex   -2.395358e+00 -2.437566e+01 1.812909e+00
      vertex   -2.611853e+00 -2.486631e+01 1.414739e+00
    endloop
  endfacet
  facet normal 3.345600e-01 -6.784205e-01 6.540759e-01
    outer loop
      vertex   -2.611853e+00 -2.486631e+01 1.414739e+00
      vertex   -2.395358e+00 -2.437566e+01 1.812909e+00
      vertex   -2.743891e+00 -2.454754e+01 1.812909e+00
    endloop
  endfacet
  facet normal 2.431461e-01 -7.162854e-01 6.540759e-01
    outer loop
      vertex   -2.611853e+00 -2.486631e+01 1.414739e+00
      vertex   -2.743891e+00 -2.454754e+01 1.812909e+00
      vertex   -3.022576e+00 -2.500573e+01 1.414739e+00
    endloop
  endfacet
  facet normal 2.431461e-01 -7.162854e-01 6.540759e-01
    outer loop
      vertex   -3.022576e+00 -2.500573e+01 1.414739e+00
      vertex   -2.743891e+00 -2.454754e+01 1.812909e+00
      vertex   -3.111877e+00 -2.467245e+01 1.812909e+00
    endloop
  endfacet
  facet normal 1.475720e-01 -7.418944e-01 6.540759e-01
    outer loop
      vertex   -3.022576e+00 -2.500573e+01 1.414739e+00
      vertex   -3.111877e+00 -2.467245e+01 1.812909e+00
      vertex   -3.447983e+00 -2.509035e+01 1.414739e+00
    endloop
  endfacet
  facet normal 1.475720e-01 -7.418944e-01 6.540759e-01
    outer loop
      vertex   -3.447983e+00 -2.509035e+01 1.414739e+00
      vertex   -3.111877e+00 -2.467245e+01 1.812909e+00
      vertex   -3.493019e+00 -2.474827e+01 1.812909e+00
    endloop
  endfacet
  facet normal 6.624830e-01 -4.342143e-02 7.478174e-01
    outer loop
      vertex   -9.099191e-01 -2.180281e+01 1.812909e+00
      vertex   -1.304290e+00 -2.180281e+01 2.162278e+00
      vertex   -9.353353e-01 -2.219058e+01 1.812909e+00
    endloop
  endfacet
  facet normal 6.624830e-01 -4.342143e-02 7.478174e-01
    outer loop
      vertex   -9.353353e-01 -2.219058e+01 1.812909e+00
      vertex   -1.304290e+00 -2.180281e+01 2.162278e+00
      vertex   -1.326332e+00 -2.213911e+01 2.162278e+00
    endloop
  endfacet
  facet normal 6.511477e-01 -1.295213e-01 7.478174e-01
    outer loop
      vertex   -9.353353e-01 -2.219058e+01 1.812909e+00
      vertex   -1.326332e+00 -2.213911e+01 2.162278e+00
      vertex   -1.011149e+00 -2.257173e+01 1.812909e+00
    endloop
  endfacet
  facet normal 6.511477e-01 -1.295213e-01 7.478174e-01
    outer loop
      vertex   -1.011149e+00 -2.257173e+01 1.812909e+00
      vertex   -1.326332e+00 -2.213911e+01 2.162278e+00
      vertex   -1.392082e+00 -2.246966e+01 2.162278e+00
    endloop
  endfacet
  facet normal 6.286711e-01 -2.134051e-01 7.478174e-01
    outer loop
      vertex   -1.011149e+00 -2.257173e+01 1.812909e+00
      vertex   -1.392082e+00 -2.246966e+01 2.162278e+00
      vertex   -1.136064e+00 -2.293971e+01 1.812909e+00
    endloop
  endfacet
  facet normal 6.286711e-01 -2.134051e-01 7.478174e-01
    outer loop
      vertex   -1.136064e+00 -2.293971e+01 1.812909e+00
      vertex   -1.392082e+00 -2.246966e+01 2.162278e+00
      vertex   -1.500415e+00 -2.278879e+01 2.162278e+00
    endloop
  endfacet
  facet normal 5.954378e-01 -2.936374e-01 7.478174e-01
    outer loop
      vertex   -1.136064e+00 -2.293971e+01 1.812909e+00
      vertex   -1.500415e+00 -2.278879e+01 2.162278e+00
      vertex   -1.307941e+00 -2.328824e+01 1.812909e+00
    endloop
  endfacet
  facet normal 5.954378e-01 -2.936374e-01 7.478174e-01
    outer loop
      vertex   -1.307941e+00 -2.328824e+01 1.812909e+00
      vertex   -1.500415e+00 -2.278879e+01 2.162278e+00
      vertex   -1.649476e+00 -2.309106e+01 2.162278e+00
    endloop
  endfacet
  facet normal 5.520164e-01 -3.688455e-01 7.478174e-01
    outer loop
      vertex   -1.307941e+00 -2.328824e+01 1.812909e+00
      vertex   -1.649476e+00 -2.309106e+01 2.162278e+00
      vertex   -1.523841e+00 -2.361136e+01 1.812909e+00
    endloop
  endfacet
  facet normal 5.520164e-01 -3.688455e-01 7.478174e-01
    outer loop
      vertex   -1.523841e+00 -2.361136e+01 1.812909e+00
      vertex   -1.649476e+00 -2.309106e+01 2.162278e+00
      vertex   -1.836716e+00 -2.337128e+01 2.162278e+00
    endloop
  endfacet
  facet normal 4.991498e-01 -4.377426e-01 7.478174e-01
    outer loop
      vertex   -1.523841e+00 -2.361136e+01 1.812909e+00
      vertex   -1.836716e+00 -2.337128e+01 2.162278e+00
      vertex   -1.780069e+00 -2.390353e+01 1.812909e+00
    endloop
  endfacet
  facet normal 4.991498e-01 -4.377426e-01 7.478174e-01
    outer loop
      vertex   -1.780069e+00 -2.390353e+01 1.812909e+00
      vertex   -1.836716e+00 -2.337128e+01 2.162278e+00
      vertex   -2.058931e+00 -2.362467e+01 2.162278e+00
    endloop
  endfacet
  facet normal 4.377426e-01 -4.991498e-01 7.478174e-01
    outer loop
      vertex   -1.780069e+00 -2.390353e+01 1.812909e+00
      vertex   -2.058931e+00 -2.362467e+01 2.162278e+00
      vertex   -2.072241e+00 -2.415976e+01 1.812909e+00
    endloop
  endfacet
  facet normal 4.377426e-01 -4.991498e-01 7.478174e-01
    outer loop
      vertex   -2.072241e+00 -2.415976e+01 1.812909e+00
      vertex   -2.058931e+00 -2.362467e+01 2.162278e+00
      vertex   -2.312318e+00 -2.384689e+01 2.162278e+00
    endloop
  endfacet
  facet normal 3.688455e-01 -5.520164e-01 7.478174e-01
    outer loop
      vertex   -2.072241e+00 -2.415976e+01 1.812909e+00
      vertex   -2.312318e+00 -2.384689e+01 2.162278e+00
      vertex   -2.395358e+00 -2.437566e+01 1.812909e+00
    endloop
  endfacet
  facet normal 3.688455e-01 -5.520164e-01 7.478174e-01
    outer loop
      vertex   -2.395358e+00 -2.437566e+01 1.812909e+00
      vertex   -2.312318e+00 -2.384689e+01 2.162278e+00
      vertex   -2.592543e+00 -2.403413e+01 2.162278e+00
    endloop
  endfacet
  facet normal 2.936374e-01 -5.954378e-01 7.478174e-01
    outer loop
      vertex   -2.395358e+00 -2.437566e+01 1.812909e+00
      vertex   -2.592543e+00 -2.403413e+01 2.162278e+00
      vertex   -2.743891e+00 -2.454754e+01 1.812909e+00
    endloop
  endfacet
  facet normal 2.936374e-01 -5.954378e-01 7.478174e-01
    outer loop
      vertex   -2.743891e+00 -2.454754e+01 1.812909e+00
      vertex   -2.592543e+00 -2.403413e+01 2.162278e+00
      vertex   -2.894810e+00 -2.418319e+01 2.162278e+00
    endloop
  endfacet
  facet normal 2.134051e-01 -6.286711e-01 7.478174e-01
    outer loop
      vertex   -2.743891e+00 -2.454754e+01 1.812909e+00
      vertex   -2.894810e+00 -2.418319e+01 2.162278e+00
      vertex   -3.111877e+00 -2.467245e+01 1.812909e+00
    endloop
  endfacet
  facet normal 2.134051e-01 -6.286711e-01 7.478174e-01
    outer loop
      vertex   -3.111877e+00 -2.467245e+01 1.812909e+00
      vertex   -2.894810e+00 -2.418319e+01 2.162278e+00
      vertex   -3.213947e+00 -2.429152e+01 2.162278e+00
    endloop
  endfacet
  facet normal 1.295213e-01 -6.511477e-01 7.478174e-01
    outer loop
      vertex   -3.111877e+00 -2.467245e+01 1.812909e+00
      vertex   -3.213947e+00 -2.429152e+01 2.162278e+00
      vertex   -3.493019e+00 -2.474827e+01 1.812909e+00
    endloop
  endfacet
  facet normal 1.295213e-01 -6.511477e-01 7.478174e-01
    outer loop
      vertex   -3.493019e+00 -2.474827e+01 1.812909e+00
      vertex   -3.213947e+00 -2.429152e+01 2.162278e+00
      vertex   -3.544495e+00 -2.435727e+01 2.162278e+00
    endloop
  endfacet
  facet normal 5.586028e-01 -3.661276e-02 8.286268e-01
    outer loop
      vertex   -1.304290e+00 -2.180281e+01 2.162278e+00
      vertex   -1.741157e+00 -2.180281e+01 2.456783e+00
      vertex   -1.326332e+00 -2.213911e+01 2.162278e+00
    endloop
  endfacet
  facet normal 5.586028e-01 -3.661276e-02 8.286268e-01
    outer loop
      vertex   -1.326332e+00 -2.213911e+01 2.162278e+00
      vertex   -1.741157e+00 -2.180281e+01 2.456783e+00
      vertex   -1.759462e+00 -2.208209e+01 2.456783e+00
    endloop
  endfacet
  facet normal 5.490449e-01 -1.092118e-01 8.286268e-01
    outer loop
      vertex   -1.326332e+00 -2.213911e+01 2.162278e+00
      vertex   -1.759462e+00 -2.208209e+01 2.456783e+00
      vertex   -1.392082e+00 -2.246966e+01 2.162278e+00
    endloop
  endfacet
  facet normal 5.490449e-01 -1.092118e-01 8.286268e-01
    outer loop
      vertex   -1.392082e+00 -2.246966e+01 2.162278e+00
      vertex   -1.759462e+00 -2.208209e+01 2.456783e+00
      vertex   -1.814063e+00 -2.235659e+01 2.456783e+00
    endloop
  endfacet
  facet normal 5.300928e-01 -1.799423e-01 8.286268e-01
    outer loop
      vertex   -1.392082e+00 -2.246966e+01 2.162278e+00
      vertex   -1.814063e+00 -2.235659e+01 2.456783e+00
      vertex   -1.500415e+00 -2.278879e+01 2.162278e+00
    endloop
  endfacet
  facet normal 5.300928e-01 -1.799423e-01 8.286268e-01
    outer loop
      vertex   -1.500415e+00 -2.278879e+01 2.162278e+00
      vertex   -1.814063e+00 -2.235659e+01 2.456783e+00
      vertex   -1.904027e+00 -2.262161e+01 2.456783e+00
    endloop
  endfacet
  facet normal 5.020706e-01 -2.475938e-01 8.286268e-01
    outer loop
      vertex   -1.500415e+00 -2.278879e+01 2.162278e+00
      vertex   -1.904027e+00 -2.262161e+01 2.456783e+00
      vertex   -1.649476e+00 -2.309106e+01 2.162278e+00
    endloop
  endfacet
  facet normal 5.020706e-01 -2.475938e-01 8.286268e-01
    outer loop
      vertex   -1.649476e+00 -2.309106e+01 2.162278e+00
      vertex   -1.904027e+00 -2.262161e+01 2.456783e+00
      vertex   -2.027814e+00 -2.287263e+01 2.456783e+00
    endloop
  endfacet
  facet normal 4.654578e-01 -3.110090e-01 8.286268e-01
    outer loop
      vertex   -1.649476e+00 -2.309106e+01 2.162278e+00
      vertex   -2.027814e+00 -2.287263e+01 2.456783e+00
      vertex   -1.836716e+00 -2.337128e+01 2.162278e+00
    endloop
  endfacet
  facet normal 4.654578e-01 -3.110090e-01 8.286268e-01
    outer loop
      vertex   -1.836716e+00 -2.337128e+01 2.162278e+00
      vertex   -2.027814e+00 -2.287263e+01 2.456783e+00
      vertex   -2.183306e+00 -2.310534e+01 2.456783e+00
    endloop
  endfacet
  facet normal 4.208810e-01 -3.691027e-01 8.286268e-01
    outer loop
      vertex   -1.836716e+00 -2.337128e+01 2.162278e+00
      vertex   -2.183306e+00 -2.310534e+01 2.456783e+00
      vertex   -2.058931e+00 -2.362467e+01 2.162278e+00
    endloop
  endfacet
  facet normal 4.208810e-01 -3.691027e-01 8.286268e-01
    outer loop
      vertex   -2.058931e+00 -2.362467e+01 2.162278e+00
      vertex   -2.183306e+00 -2.310534e+01 2.456783e+00
      vertex   -2.367843e+00 -2.331576e+01 2.456783e+00
    endloop
  endfacet
  facet normal 3.691027e-01 -4.208810e-01 8.286268e-01
    outer loop
      vertex   -2.058931e+00 -2.362467e+01 2.162278e+00
      vertex   -2.367843e+00 -2.331576e+01 2.456783e+00
      vertex   -2.312318e+00 -2.384689e+01 2.162278e+00
    endloop
  endfacet
  facet normal 3.691027e-01 -4.208810e-01 8.286268e-01
    outer loop
      vertex   -2.312318e+00 -2.384689e+01 2.162278e+00
      vertex   -2.367843e+00 -2.331576e+01 2.456783e+00
      vertex   -2.578266e+00 -2.350030e+01 2.456783e+00
    endloop
  endfacet
  facet normal 3.110090e-01 -4.654578e-01 8.286268e-01
    outer loop
      vertex   -2.312318e+00 -2.384689e+01 2.162278e+00
      vertex   -2.578266e+00 -2.350030e+01 2.456783e+00
      vertex   -2.592543e+00 -2.403413e+01 2.162278e+00
    endloop
  endfacet
  facet normal 3.110090e-01 -4.654578e-01 8.286268e-01
    outer loop
      vertex   -2.592543e+00 -2.403413e+01 2.162278e+00
      vertex   -2.578266e+00 -2.350030e+01 2.456783e+00
      vertex   -2.810977e+00 -2.365579e+01 2.456783e+00
    endloop
  endfacet
  facet normal 2.475938e-01 -5.020706e-01 8.286268e-01
    outer loop
      vertex   -2.592543e+00 -2.403413e+01 2.162278e+00
      vertex   -2.810977e+00 -2.365579e+01 2.456783e+00
      vertex   -2.894810e+00 -2.418319e+01 2.162278e+00
    endloop
  endfacet
  facet normal 2.475938e-01 -5.020706e-01 8.286268e-01
    outer loop
      vertex   -2.894810e+00 -2.418319e+01 2.162278e+00
      vertex   -2.810977e+00 -2.365579e+01 2.456783e+00
      vertex   -3.061992e+00 -2.377958e+01 2.456783e+00
    endloop
  endfacet
  facet normal 1.799423e-01 -5.300928e-01 8.286268e-01
    outer loop
      vertex   -2.894810e+00 -2.418319e+01 2.162278e+00
      vertex   -3.061992e+00 -2.377958e+01 2.456783e+00
      vertex   -3.213947e+00 -2.429152e+01 2.162278e+00
    endloop
  endfacet
  facet normal 1.799423e-01 -5.300928e-01 8.286268e-01
    outer loop
      vertex   -3.213947e+00 -2.429152e+01 2.162278e+00
      vertex   -3.061992e+00 -2.377958e+01 2.456783e+00
      vertex   -3.327017e+00 -2.386954e+01 2.456783e+00
    endloop
  endfacet
  facet normal 1.092118e-01 -5.490449e-01 8.286268e-01
    outer loop
      vertex   -3.213947e+00 -2.429152e+01 2.162278e+00
      vertex   -3.327017e+00 -2.386954e+01 2.456783e+00
      vertex   -3.544495e+00 -2.435727e+01 2.162278e+00
    endloop
  endfacet
  facet normal 1.092118e-01 -5.490449e-01 8.286268e-01
    outer loop
      vertex   -3.544495e+00 -2.435727e+01 2.162278e+00
      vertex   -3.327017e+00 -2.386954e+01 2.456783e+00
      vertex   -3.601517e+00 -2.392414e+01 2.456783e+00
    endloop
  endfacet
  facet normal 4.449596e-01 -2.916419e-02 8.950756e-01
    outer loop
      vertex   -1.741157e+00 -2.180281e+01 2.456783e+00
      vertex   -2.212942e+00 -2.180281e+01 2.691317e+00
      vertex   -1.759462e+00 -2.208209e+01 2.456783e+00
    endloop
  endfacet
  facet normal 4.449596e-01 -2.916419e-02 8.950756e-01
    outer loop
      vertex   -1.759462e+00 -2.208209e+01 2.456783e+00
      vertex   -2.212942e+00 -2.180281e+01 2.691317e+00
      vertex   -2.227210e+00 -2.202051e+01 2.691317e+00
    endloop
  endfacet
  facet normal 4.373462e-01 -8.699358e-02 8.950756e-01
    outer loop
      vertex   -1.759462e+00 -2.208209e+01 2.456783e+00
      vertex   -2.227210e+00 -2.202051e+01 2.691317e+00
      vertex   -1.814063e+00 -2.235659e+01 2.456783e+00
    endloop
  endfacet
  facet normal 4.373462e-01 -8.699358e-02 8.950756e-01
    outer loop
      vertex   -1.814063e+00 -2.235659e+01 2.456783e+00
      vertex   -2.227210e+00 -2.202051e+01 2.691317e+00
      vertex   -2.269772e+00 -2.223448e+01 2.691317e+00
    endloop
  endfacet
  facet normal 4.222497e-01 -1.433345e-01 8.950756e-01
    outer loop
      vertex   -1.814063e+00 -2.235659e+01 2.456783e+00
      vertex   -2.269772e+00 -2.223448e+01 2.691317e+00
      vertex   -1.904027e+00 -2.262161e+01 2.456783e+00
    endloop
  endfacet
  facet normal 4.222497e-01 -1.433345e-01 8.950756e-01
    outer loop
      vertex   -1.904027e+00 -2.262161e+01 2.456783e+00
      vertex   -2.269772e+00 -2.223448e+01 2.691317e+00
      vertex   -2.339899e+00 -2.244107e+01 2.691317e+00
    endloop
  endfacet
  facet normal 3.999284e-01 -1.972229e-01 8.950756e-01
    outer loop
      vertex   -1.904027e+00 -2.262161e+01 2.456783e+00
      vertex   -2.339899e+00 -2.244107e+01 2.691317e+00
      vertex   -2.027814e+00 -2.287263e+01 2.456783e+00
    endloop
  endfacet
  facet normal 3.999284e-01 -1.972229e-01 8.950756e-01
    outer loop
      vertex   -2.027814e+00 -2.287263e+01 2.456783e+00
      vertex   -2.339899e+00 -2.244107e+01 2.691317e+00
      vertex   -2.436392e+00 -2.263673e+01 2.691317e+00
    endloop
  endfacet
  facet normal 3.707642e-01 -2.477367e-01 8.950756e-01
    outer loop
      vertex   -2.027814e+00 -2.287263e+01 2.456783e+00
      vertex   -2.436392e+00 -2.263673e+01 2.691317e+00
      vertex   -2.183306e+00 -2.310534e+01 2.456783e+00
    endloop
  endfacet
  facet normal 3.707642e-01 -2.477367e-01 8.950756e-01
    outer loop
      vertex   -2.183306e+00 -2.310534e+01 2.456783e+00
      vertex   -2.436392e+00 -2.263673e+01 2.691317e+00
      vertex   -2.557598e+00 -2.281813e+01 2.691317e+00
    endloop
  endfacet
  facet normal 3.352562e-01 -2.940118e-01 8.950756e-01
    outer loop
      vertex   -2.183306e+00 -2.310534e+01 2.456783e+00
      vertex   -2.557598e+00 -2.281813e+01 2.691317e+00
      vertex   -2.367843e+00 -2.331576e+01 2.456783e+00
    endloop
  endfacet
  facet normal 3.352562e-01 -2.940118e-01 8.950756e-01
    outer loop
      vertex   -2.367843e+00 -2.331576e+01 2.456783e+00
      vertex   -2.557598e+00 -2.281813e+01 2.691317e+00
      vertex   -2.701445e+00 -2.298216e+01 2.691317e+00
    endloop
  endfacet
  facet normal 2.940118e-01 -3.352562e-01 8.950756e-01
    outer loop
      vertex   -2.367843e+00 -2.331576e+01 2.456783e+00
      vertex   -2.701445e+00 -2.298216e+01 2.691317e+00
      vertex   -2.578266e+00 -2.350030e+01 2.456783e+00
    endloop
  endfacet
  facet normal 2.940118e-01 -3.352562e-01 8.950756e-01
    outer loop
      vertex   -2.578266e+00 -2.350030e+01 2.456783e+00
      vertex   -2.701445e+00 -2.298216e+01 2.691317e+00
      vertex   -2.865471e+00 -2.312600e+01 2.691317e+00
    endloop
  endfacet
  facet normal 2.477367e-01 -3.707642e-01 8.950756e-01
    outer loop
      vertex   -2.578266e+00 -2.350030e+01 2.456783e+00
      vertex   -2.865471e+00 -2.312600e+01 2.691317e+00
      vertex   -2.810977e+00 -2.365579e+01 2.456783e+00
    endloop
  endfacet
  facet normal 2.477367e-01 -3.707642e-01 8.950756e-01
    outer loop
      vertex   -2.810977e+00 -2.365579e+01 2.456783e+00
      vertex   -2.865471e+00 -2.312600e+01 2.691317e+00
      vertex   -3.046869e+00 -2.324721e+01 2.691317e+00
    endloop
  endfacet
  facet normal 1.972229e-01 -3.999284e-01 8.950756e-01
    outer loop
      vertex   -2.810977e+00 -2.365579e+01 2.456783e+00
      vertex   -3.046869e+00 -2.324721e+01 2.691317e+00
      vertex   -3.061992e+00 -2.377958e+01 2.456783e+00
    endloop
  endfacet
  facet normal 1.972229e-01 -3.999284e-01 8.950756e-01
    outer loop
      vertex   -3.061992e+00 -2.377958e+01 2.456783e+00
      vertex   -3.046869e+00 -2.324721e+01 2.691317e+00
      vertex   -3.242536e+00 -2.334370e+01 2.691317e+00
    endloop
  endfacet
  facet normal 1.433345e-01 -4.222497e-01 8.950756e-01
    outer loop
      vertex   -3.061992e+00 -2.377958e+01 2.456783e+00
      vertex   -3.242536e+00 -2.334370e+01 2.691317e+00
      vertex   -3.327017e+00 -2.386954e+01 2.456783e+00
    endloop
  endfacet
  facet normal 1.433345e-01 -4.222497e-01 8.950756e-01
    outer loop
      vertex   -3.327017e+00 -2.386954e+01 2.456783e+00
      vertex   -3.242536e+00 -2.334370e+01 2.691317e+00
      vertex   -3.449124e+00 -2.341383e+01 2.691317e+00
    endloop
  endfacet
  facet normal 8.699358e-02 -4.373462e-01 8.950756e-01
    outer loop
      vertex   -3.327017e+00 -2.386954e+01 2.456783e+00
      vertex   -3.449124e+00 -2.341383e+01 2.691317e+00
      vertex   -3.601517e+00 -2.392414e+01 2.456783e+00
    endloop
  endfacet
  facet normal 8.699358e-02 -4.373462e-01 8.950756e-01
    outer loop
      vertex   -3.601517e+00 -2.392414e+01 2.456783e+00
      vertex   -3.449124e+00 -2.341383e+01 2.691317e+00
      vertex   -3.663097e+00 -2.345639e+01 2.691317e+00
    endloop
  endfacet
  facet normal 3.235247e-01 -2.120493e-02 9.459821e-01
    outer loop
      vertex   -2.212942e+00 -2.180281e+01 2.691317e+00
      vertex   -2.711458e+00 -2.180281e+01 2.861809e+00
      vertex   -2.227210e+00 -2.202051e+01 2.691317e+00
    endloop
  endfacet
  facet normal 3.235247e-01 -2.120493e-02 9.459821e-01
    outer loop
      vertex   -2.227210e+00 -2.202051e+01 2.691317e+00
      vertex   -2.711458e+00 -2.180281e+01 2.861809e+00
      vertex   -2.721462e+00 -2.195544e+01 2.861809e+00
    endloop
  endfacet
  facet normal 3.179891e-01 -6.325196e-02 9.459821e-01
    outer loop
      vertex   -2.227210e+00 -2.202051e+01 2.691317e+00
      vertex   -2.721462e+00 -2.195544e+01 2.861809e+00
      vertex   -2.269772e+00 -2.223448e+01 2.691317e+00
    endloop
  endfacet
  facet normal 3.179891e-01 -6.325196e-02 9.459821e-01
    outer loop
      vertex   -2.269772e+00 -2.223448e+01 2.691317e+00
      vertex   -2.721462e+00 -2.195544e+01 2.861809e+00
      vertex   -2.751303e+00 -2.210545e+01 2.861809e+00
    endloop
  endfacet
  facet normal 3.070126e-01 -1.042167e-01 9.459821e-01
    outer loop
      vertex   -2.269772e+00 -2.223448e+01 2.691317e+00
      vertex   -2.751303e+00 -2.210545e+01 2.861809e+00
      vertex   -2.339899e+00 -2.244107e+01 2.691317e+00
    endloop
  endfacet
  facet normal 3.070126e-01 -1.042167e-01 9.459821e-01
    outer loop
      vertex   -2.339899e+00 -2.244107e+01 2.691317e+00
      vertex   -2.751303e+00 -2.210545e+01 2.861809e+00
      vertex   -2.800469e+00 -2.225029e+01 2.861809e+00
    endloop
  endfacet
  facet normal 2.907830e-01 -1.433983e-01 9.459821e-01
    outer loop
      vertex   -2.339899e+00 -2.244107e+01 2.691317e+00
      vertex   -2.800469e+00 -2.225029e+01 2.861809e+00
      vertex   -2.436392e+00 -2.263673e+01 2.691317e+00
    endloop
  endfacet
  facet normal 2.907830e-01 -1.433983e-01 9.459821e-01
    outer loop
      vertex   -2.436392e+00 -2.263673e+01 2.691317e+00
      vertex   -2.800469e+00 -2.225029e+01 2.861809e+00
      vertex   -2.868120e+00 -2.238748e+01 2.861809e+00
    endloop
  endfacet
  facet normal 2.695781e-01 -1.801263e-01 9.459821e-01
    outer loop
      vertex   -2.436392e+00 -2.263673e+01 2.691317e+00
      vertex   -2.868120e+00 -2.238748e+01 2.861809e+00
      vertex   -2.557598e+00 -2.281813e+01 2.691317e+00
    endloop
  endfacet
  facet normal 2.695781e-01 -1.801263e-01 9.459821e-01
    outer loop
      vertex   -2.557598e+00 -2.281813e+01 2.691317e+00
      vertex   -2.868120e+00 -2.238748e+01 2.861809e+00
      vertex   -2.953098e+00 -2.251465e+01 2.861809e+00
    endloop
  endfacet
  facet normal 2.437606e-01 -2.137723e-01 9.459821e-01
    outer loop
      vertex   -2.557598e+00 -2.281813e+01 2.691317e+00
      vertex   -2.953098e+00 -2.251465e+01 2.861809e+00
      vertex   -2.701445e+00 -2.298216e+01 2.691317e+00
    endloop
  endfacet
  facet normal 2.437606e-01 -2.137723e-01 9.459821e-01
    outer loop
      vertex   -2.701445e+00 -2.298216e+01 2.691317e+00
      vertex   -2.953098e+00 -2.251465e+01 2.861809e+00
      vertex   -3.053949e+00 -2.262965e+01 2.861809e+00
    endloop
  endfacet
  facet normal 2.137723e-01 -2.437606e-01 9.459821e-01
    outer loop
      vertex   -2.701445e+00 -2.298216e+01 2.691317e+00
      vertex   -3.053949e+00 -2.262965e+01 2.861809e+00
      vertex   -2.865471e+00 -2.312600e+01 2.691317e+00
    endloop
  endfacet
  facet normal 2.137723e-01 -2.437606e-01 9.459821e-01
    outer loop
      vertex   -2.865471e+00 -2.312600e+01 2.691317e+00
      vertex   -3.053949e+00 -2.262965e+01 2.861809e+00
      vertex   -3.168948e+00 -2.273050e+01 2.861809e+00
    endloop
  endfacet
  facet normal 1.801263e-01 -2.695781e-01 9.459821e-01
    outer loop
      vertex   -2.865471e+00 -2.312600e+01 2.691317e+00
      vertex   -3.168948e+00 -2.273050e+01 2.861809e+00
      vertex   -3.046869e+00 -2.324721e+01 2.691317e+00
    endloop
  endfacet
  facet normal 1.801263e-01 -2.695781e-01 9.459821e-01
    outer loop
      vertex   -3.046869e+00 -2.324721e+01 2.691317e+00
      vertex   -3.168948e+00 -2.273050e+01 2.861809e+00
      vertex   -3.296127e+00 -2.281548e+01 2.861809e+00
    endloop
  endfacet
  facet normal 1.433983e-01 -2.907830e-01 9.459821e-01
    outer loop
      vertex   -3.046869e+00 -2.324721e+01 2.691317e+00
      vertex   -3.296127e+00 -2.281548e+01 2.861809e+00
      vertex   -3.242536e+00 -2.334370e+01 2.691317e+00
    endloop
  endfacet
  facet normal 1.433983e-01 -2.907830e-01 9.459821e-01
    outer loop
      vertex   -3.242536e+00 -2.334370e+01 2.691317e+00
      vertex   -3.296127e+00 -2.281548e+01 2.861809e+00
      vertex   -3.433310e+00 -2.288313e+01 2.861809e+00
    endloop
  endfacet
  facet normal 1.042167e-01 -3.070126e-01 9.459821e-01
    outer loop
      vertex   -3.242536e+00 -2.334370e+01 2.691317e+00
      vertex   -3.433310e+00 -2.288313e+01 2.861809e+00
      vertex   -3.449124e+00 -2.341383e+01 2.691317e+00
    endloop
  endfacet
  facet normal 1.042167e-01 -3.070126e-01 9.459821e-01
    outer loop
      vertex   -3.449124e+00 -2.341383e+01 2.691317e+00
      vertex   -3.433310e+00 -2.288313e+01 2.861809e+00
      vertex   -3.578149e+00 -2.293230e+01 2.861809e+00
    endloop
  endfacet
  facet normal 6.325196e-02 -3.179891e-01 9.459821e-01
    outer loop
      vertex   -3.449124e+00 -2.341383e+01 2.691317e+00
      vertex   -3.578149e+00 -2.293230e+01 2.861809e+00
      vertex   -3.663097e+00 -2.345639e+01 2.691317e+00
    endloop
  endfacet
  facet normal 6.325196e-02 -3.179891e-01 9.459821e-01
    outer loop
      vertex   -3.663097e+00 -2.345639e+01 2.691317e+00
      vertex   -3.578149e+00 -2.293230e+01 2.861809e+00
      vertex   -3.728167e+00 -2.296214e+01 2.861809e+00
    endloop
  endfacet
  facet normal 1.964154e-01 -1.287375e-02 9.804362e-01
    outer loop
      vertex   -2.711458e+00 -2.180281e+01 2.861809e+00
      vertex   -3.228058e+00 -2.180281e+01 2.965302e+00
      vertex   -2.721462e+00 -2.195544e+01 2.861809e+00
    endloop
  endfacet
  facet normal 1.964154e-01 -1.287375e-02 9.804362e-01
    outer loop
      vertex   -2.721462e+00 -2.195544e+01 2.861809e+00
      vertex   -3.228058e+00 -2.180281e+01 2.965302e+00
      vertex   -3.233643e+00 -2.188801e+01 2.965302e+00
    endloop
  endfacet
  facet normal 1.930547e-01 -3.840097e-02 9.804362e-01
    outer loop
      vertex   -2.721462e+00 -2.195544e+01 2.861809e+00
      vertex   -3.233643e+00 -2.188801e+01 2.965302e+00
      vertex   -2.751303e+00 -2.210545e+01 2.861809e+00
    endloop
  endfacet
  facet normal 1.930547e-01 -3.840097e-02 9.804362e-01
    outer loop
      vertex   -2.751303e+00 -2.210545e+01 2.861809e+00
      vertex   -3.233643e+00 -2.188801e+01 2.965302e+00
      vertex   -3.250300e+00 -2.197175e+01 2.965302e+00
    endloop
  endfacet
  facet normal 1.863908e-01 -6.327114e-02 9.804362e-01
    outer loop
      vertex   -2.751303e+00 -2.210545e+01 2.861809e+00
      vertex   -3.250300e+00 -2.197175e+01 2.965302e+00
      vertex   -2.800469e+00 -2.225029e+01 2.861809e+00
    endloop
  endfacet
  facet normal 1.863908e-01 -6.327114e-02 9.804362e-01
    outer loop
      vertex   -2.800469e+00 -2.225029e+01 2.861809e+00
      vertex   -3.250300e+00 -2.197175e+01 2.965302e+00
      vertex   -3.277745e+00 -2.205260e+01 2.965302e+00
    endloop
  endfacet
  facet normal 1.765376e-01 -8.705873e-02 9.804362e-01
    outer loop
      vertex   -2.800469e+00 -2.225029e+01 2.861809e+00
      vertex   -3.277745e+00 -2.205260e+01 2.965302e+00
      vertex   -2.868120e+00 -2.238748e+01 2.861809e+00
    endloop
  endfacet
  facet normal 1.765376e-01 -8.705873e-02 9.804362e-01
    outer loop
      vertex   -2.868120e+00 -2.238748e+01 2.861809e+00
      vertex   -3.277745e+00 -2.205260e+01 2.965302e+00
      vertex   -3.315509e+00 -2.212918e+01 2.965302e+00
    endloop
  endfacet
  facet normal 1.636639e-01 -1.093567e-01 9.804362e-01
    outer loop
      vertex   -2.868120e+00 -2.238748e+01 2.861809e+00
      vertex   -3.315509e+00 -2.212918e+01 2.965302e+00
      vertex   -2.953098e+00 -2.251465e+01 2.861809e+00
    endloop
  endfacet
  facet normal 1.636639e-01 -1.093567e-01 9.804362e-01
    outer loop
      vertex   -2.953098e+00 -2.251465e+01 2.861809e+00
      vertex   -3.315509e+00 -2.212918e+01 2.965302e+00
      vertex   -3.362945e+00 -2.220017e+01 2.965302e+00
    endloop
  endfacet
  facet normal 1.479898e-01 -1.297836e-01 9.804362e-01
    outer loop
      vertex   -2.953098e+00 -2.251465e+01 2.861809e+00
      vertex   -3.362945e+00 -2.220017e+01 2.965302e+00
      vertex   -3.053949e+00 -2.262965e+01 2.861809e+00
    endloop
  endfacet
  facet normal 1.479898e-01 -1.297836e-01 9.804362e-01
    outer loop
      vertex   -3.053949e+00 -2.262965e+01 2.861809e+00
      vertex   -3.362945e+00 -2.220017e+01 2.965302e+00
      vertex   -3.419241e+00 -2.226436e+01 2.965302e+00
    endloop
  endfacet
  facet normal 1.297836e-01 -1.479898e-01 9.804362e-01
    outer loop
      vertex   -3.053949e+00 -2.262965e+01 2.861809e+00
      vertex   -3.419241e+00 -2.226436e+01 2.965302e+00
      vertex   -3.168948e+00 -2.273050e+01 2.861809e+00
    endloop
  endfacet
  facet normal 1.297836e-01 -1.479898e-01 9.804362e-01
    outer loop
      vertex   -3.168948e+00 -2.273050e+01 2.861809e+00
      vertex   -3.419241e+00 -2.226436e+01 2.965302e+00
      vertex   -3.483435e+00 -2.232066e+01 2.965302e+00
    endloop
  endfacet
  facet normal 1.093567e-01 -1.636639e-01 9.804362e-01
    outer loop
      vertex   -3.168948e+00 -2.273050e+01 2.861809e+00
      vertex   -3.483435e+00 -2.232066e+01 2.965302e+00
      vertex   -3.296127e+00 -2.281548e+01 2.861809e+00
    endloop
  endfacet
  facet normal 1.093567e-01 -1.636639e-01 9.804362e-01
    outer loop
      vertex   -3.296127e+00 -2.281548e+01 2.861809e+00
      vertex   -3.483435e+00 -2.232066e+01 2.965302e+00
      vertex   -3.554427e+00 -2.236809e+01 2.965302e+00
    endloop
  endfacet
  facet normal 8.705873e-02 -1.765376e-01 9.804362e-01
    outer loop
      vertex   -3.296127e+00 -2.281548e+01 2.861809e+00
      vertex   -3.554427e+00 -2.236809e+01 2.965302e+00
      vertex   -3.433310e+00 -2.288313e+01 2.861809e+00
    endloop
  endfacet
  facet normal 8.705873e-02 -1.765376e-01 9.804362e-01
    outer loop
      vertex   -3.433310e+00 -2.288313e+01 2.861809e+00
      vertex   -3.554427e+00 -2.236809e+01 2.965302e+00
      vertex   -3.631004e+00 -2.240586e+01 2.965302e+00
    endloop
  endfacet
  facet normal 6.327114e-02 -1.863908e-01 9.804362e-01
    outer loop
      vertex   -3.433310e+00 -2.288313e+01 2.861809e+00
      vertex   -3.631004e+00 -2.240586e+01 2.965302e+00
      vertex   -3.578149e+00 -2.293230e+01 2.861809e+00
    endloop
  endfacet
  facet normal 6.327114e-02 -1.863908e-01 9.804362e-01
    outer loop
      vertex   -3.578149e+00 -2.293230e+01 2.861809e+00
      vertex   -3.631004e+00 -2.240586e+01 2.965302e+00
      vertex   -3.711855e+00 -2.243330e+01 2.965302e+00
    endloop
  endfacet
  facet normal 3.840097e-02 -1.930547e-01 9.804362e-01
    outer loop
      vertex   -3.578149e+00 -2.293230e+01 2.861809e+00
      vertex   -3.711855e+00 -2.243330e+01 2.965302e+00
      vertex   -3.728167e+00 -2.296214e+01 2.861809e+00
    endloop
  endfacet
  facet normal 3.840097e-02 -1.930547e-01 9.804362e-01
    outer loop
      vertex   -3.728167e+00 -2.296214e+01 2.861809e+00
      vertex   -3.711855e+00 -2.243330e+01 2.965302e+00
      vertex   -3.795597e+00 -2.244996e+01 2.965302e+00
    endloop
  endfacet
  facet normal 6.585749e-02 -4.316528e-03 9.978197e-01
    outer loop
      vertex   -3.228058e+00 -2.180281e+01 2.965302e+00
      vertex   -3.753779e+00 -2.180281e+01 3.000000e+00
      vertex   -3.233643e+00 -2.188801e+01 2.965302e+00
    endloop
  endfacet
  facet normal 6.516058e-02 -8.578553e-03 9.978379e-01
    outer loop
      vertex   -3.233643e+00 -2.188801e+01 2.965302e+00
      vertex   -3.753779e+00 -2.180281e+01 3.000000e+00
      vertex   -3.758107e+00 -2.183568e+01 3.000000e+00
    endloop
  endfacet
  facet normal 6.473065e-02 -1.287573e-02 9.978197e-01
    outer loop
      vertex   -3.233643e+00 -2.188801e+01 2.965302e+00
      vertex   -3.758107e+00 -2.183568e+01 3.000000e+00
      vertex   -3.250300e+00 -2.197175e+01 2.965302e+00
    endloop
  endfacet
  facet normal 6.249625e-02 -2.121462e-02 9.978197e-01
    outer loop
      vertex   -3.250300e+00 -2.197175e+01 2.965302e+00
      vertex   -3.758107e+00 -2.183568e+01 3.000000e+00
      vertex   -3.277745e+00 -2.205260e+01 2.965302e+00
    endloop
  endfacet
  facet normal 6.071999e-02 -2.515104e-02 9.978379e-01
    outer loop
      vertex   -3.758107e+00 -2.183568e+01 3.000000e+00
      vertex   -3.770796e+00 -2.186631e+01 3.000000e+00
      vertex   -3.277745e+00 -2.205260e+01 2.965302e+00
    endloop
  endfacet
  facet normal 5.919252e-02 -2.919052e-02 9.978197e-01
    outer loop
      vertex   -3.277745e+00 -2.205260e+01 2.965302e+00
      vertex   -3.770796e+00 -2.186631e+01 3.000000e+00
      vertex   -3.315509e+00 -2.212918e+01 2.965302e+00
    endloop
  endfacet
  facet normal 5.487599e-02 -3.666697e-02 9.978197e-01
    outer loop
      vertex   -3.315509e+00 -2.212918e+01 2.965302e+00
      vertex   -3.770796e+00 -2.186631e+01 3.000000e+00
      vertex   -3.362945e+00 -2.220017e+01 2.965302e+00
    endloop
  endfacet
  facet normal 5.214144e-02 -4.000953e-02 9.978379e-01
    outer loop
      vertex   -3.362945e+00 -2.220017e+01 2.965302e+00
      vertex   -3.770796e+00 -2.186631e+01 3.000000e+00
      vertex   -3.790982e+00 -2.189262e+01 3.000000e+00
    endloop
  endfacet
  facet normal 4.962052e-02 -4.351603e-02 9.978197e-01
    outer loop
      vertex   -3.362945e+00 -2.220017e+01 2.965302e+00
      vertex   -3.790982e+00 -2.189262e+01 3.000000e+00
      vertex   -3.419241e+00 -2.226436e+01 2.965302e+00
    endloop
  endfacet
  facet normal 4.351603e-02 -4.962052e-02 9.978197e-01
    outer loop
      vertex   -3.419241e+00 -2.226436e+01 2.965302e+00
      vertex   -3.790982e+00 -2.189262e+01 3.000000e+00
      vertex   -3.483435e+00 -2.232066e+01 2.965302e+00
    endloop
  endfacet
  facet normal 4.000953e-02 -5.214144e-02 9.978379e-01
    outer loop
      vertex   -3.790982e+00 -2.189262e+01 3.000000e+00
      vertex   -3.817288e+00 -2.191281e+01 3.000000e+00
      vertex   -3.483435e+00 -2.232066e+01 2.965302e+00
    endloop
  endfacet
  facet normal 3.666697e-02 -5.487599e-02 9.978197e-01
    outer loop
      vertex   -3.483435e+00 -2.232066e+01 2.965302e+00
      vertex   -3.817288e+00 -2.191281e+01 3.000000e+00
      vertex   -3.554427e+00 -2.236809e+01 2.965302e+00
    endloop
  endfacet
  facet normal 2.919052e-02 -5.919252e-02 9.978197e-01
    outer loop
      vertex   -3.554427e+00 -2.236809e+01 2.965302e+00
      vertex   -3.817288e+00 -2.191281e+01 3.000000e+00
      vertex   -3.631004e+00 -2.240586e+01 2.965302e+00
    endloop
  endfacet
  facet normal 2.515104e-02 -6.071999e-02 9.978379e-01
    outer loop
      vertex   -3.631004e+00 -2.240586e+01 2.965302e+00
      vertex   -3.817288e+00 -2.191281e+01 3.000000e+00
      vertex   -3.847922e+00 -2.192550e+01 3.000000e+00
    endloop
  endfacet
  facet normal 2.121462e-02 -6.249625e-02 9.978197e-01
    outer loop
      vertex   -3.631004e+00 -2.240586e+01 2.965302e+00
      vertex   -3.847922e+00 -2.192550e+01 3.000000e+00
      vertex   -3.711855e+00 -2.243330e+01 2.965302e+00
    endloop
  endfacet
  facet normal 1.287573e-02 -6.473065e-02 9.978197e-01
    outer loop
      vertex   -3.711855e+00 -2.243330e+01 2.965302e+00
      vertex   -3.847922e+00 -2.192550e+01 3.000000e+00
      vertex   -3.795597e+00 -2.244996e+01 2.965302e+00
    endloop
  endfacet
  facet normal 0.000000e+00 -6.585810e-02 9.978290e-01
    outer loop
      vertex   -3.880796e+00 -2.192982e+01 3.000000e+00
      vertex   -1.250680e+01 -2.192982e+01 3.000000e+00
      vertex   -3.880796e+00 -2.245554e+01 2.965302e+00
    endloop
  endfacet
  facet normal 0.000000e+00 -6.585810e-02 9.978290e-01
    outer loop
      vertex   -3.880796e+00 -2.245554e+01 2.965302e+00
      vertex   -1.250680e+01 -2.192982e+01 3.000000e+00
      vertex   -1.250680e+01 -2.245554e+01 2.965302e+00
    endloop
  endfacet
  facet normal 0.000000e+00 -1.964317e-01 9.805175e-01
    outer loop
      vertex   -3.880796e+00 -2.245554e+01 2.965302e+00
      vertex   -1.250680e+01 -2.245554e+01 2.965302e+00
      vertex   -3.880796e+00 -2.297214e+01 2.861809e+00
    endloop
  endfacet
  facet normal 0.000000e+00 -1.964317e-01 9.805175e-01
    outer loop
      vertex   -3.880796e+00 -2.297214e+01 2.861809e+00
      vertex   -1.250680e+01 -2.245554e+01 2.965302e+00
      vertex   -1.250680e+01 -2.297214e+01 2.861809e+00
    endloop
  endfacet
  facet normal 0.000000e+00 -3.235974e-01 9.461949e-01
    outer loop
      vertex   -3.880796e+00 -2.297214e+01 2.861809e+00
      vertex   -1.250680e+01 -2.297214e+01 2.861809e+00
      vertex   -3.880796e+00 -2.347066e+01 2.691317e+00
    endloop
  endfacet
  facet normal 0.000000e+00 -3.235974e-01 9.461949e-01
    outer loop
      vertex   -3.880796e+00 -2.347066e+01 2.691317e+00
      vertex   -1.250680e+01 -2.297214e+01 2.861809e+00
      vertex   -1.250680e+01 -2.347066e+01 2.691317e+00
    endloop
  endfacet
  facet normal 0.000000e+00 -4.451490e-01 8.954565e-01
    outer loop
      vertex   -3.880796e+00 -2.347066e+01 2.691317e+00
      vertex   -1.250680e+01 -2.347066e+01 2.691317e+00
      vertex   -3.880796e+00 -2.394245e+01 2.456783e+00
    endloop
  endfacet
  facet normal 0.000000e+00 -4.451490e-01 8.954565e-01
    outer loop
      vertex   -3.880796e+00 -2.394245e+01 2.456783e+00
      vertex   -1.250680e+01 -2.347066e+01 2.691317e+00
      vertex   -1.250680e+01 -2.394245e+01 2.456783e+00
    endloop
  endfacet
  facet normal 0.000000e+00 -5.589776e-01 8.291828e-01
    outer loop
      vertex   -3.880796e+00 -2.394245e+01 2.456783e+00
      vertex   -1.250680e+01 -2.394245e+01 2.456783e+00
      vertex   -3.880796e+00 -2.437931e+01 2.162278e+00
    endloop
  endfacet
  facet normal 0.000000e+00 -5.589776e-01 8.291828e-01
    outer loop
      vertex   -3.880796e+00 -2.437931e+01 2.162278e+00
      vertex   -1.250680e+01 -2.394245e+01 2.456783e+00
      vertex   -1.250680e+01 -2.437931e+01 2.162278e+00
    endloop
  endfacet
  facet normal 0.000000e+00 -6.631084e-01 7.485234e-01
    outer loop
      vertex   -3.880796e+00 -2.437931e+01 2.162278e+00
      vertex   -1.250680e+01 -2.437931e+01 2.162278e+00
      vertex   -3.880796e+00 -2.477368e+01 1.812909e+00
    endloop
  endfacet
  facet normal 0.000000e+00 -6.631084e-01 7.485234e-01
    outer loop
      vertex   -3.880796e+00 -2.477368e+01 1.812909e+00
      vertex   -1.250680e+01 -2.437931e+01 2.162278e+00
      vertex   -1.250680e+01 -2.477368e+01 1.812909e+00
    endloop
  endfacet
  facet normal 0.000000e+00 -7.557348e-01 6.548778e-01
    outer loop
      vertex   -3.880796e+00 -2.477368e+01 1.812909e+00
      vertex   -1.250680e+01 -2.477368e+01 1.812909e+00
      vertex   -3.880796e+00 -2.511872e+01 1.414739e+00
    endloop
  endfacet
  facet normal 0.000000e+00 -7.557348e-01 6.548778e-01
    outer loop
      vertex   -3.880796e+00 -2.511872e+01 1.414739e+00
      vertex   -1.250680e+01 -2.477368e+01 1.812909e+00
      vertex   -1.250680e+01 -2.511872e+01 1.414739e+00
    endloop
  endfacet
  facet normal 0.000000e+00 -8.352499e-01 5.498706e-01
    outer loop
      vertex   -3.880796e+00 -2.511872e+01 1.414739e+00
      vertex   -1.250680e+01 -2.511872e+01 1.414739e+00
      vertex   -3.880796e+00 -2.540842e+01 9.746753e-01
    endloop
  endfacet
  facet normal 0.000000e+00 -8.352499e-01 5.498706e-01
    outer loop
      vertex   -3.880796e+00 -2.540842e+01 9.746753e-01
      vertex   -1.250680e+01 -2.511872e+01 1.414739e+00
      vertex   -1.250680e+01 -2.540842e+01 9.746753e-01
    endloop
  endfacet
  facet normal 0.000000e+00 -9.002741e-01 4.353236e-01
    outer loop
      vertex   -3.880796e+00 -2.540842e+01 9.746753e-01
      vertex   -1.250680e+01 -2.540842e+01 9.746753e-01
      vertex   -3.880796e+00 -2.563778e+01 5.003526e-01
    endloop
  endfacet
  facet normal 0.000000e+00 -9.002741e-01 4.353236e-01
    outer loop
      vertex   -3.880796e+00 -2.563778e+01 5.003526e-01
      vertex   -1.250680e+01 -2.540842e+01 9.746753e-01
      vertex   -1.250680e+01 -2.563778e+01 5.003526e-01
    endloop
  endfacet
  facet normal 0.000000e+00 -9.496792e-01 3.132241e-01
    outer loop
      vertex   -3.880796e+00 -2.563778e+01 5.003526e-01
      vertex   -1.250680e+01 -2.563778e+01 5.003526e-01
      vertex   -3.880796e+00 -2.580281e+01 0.000000e+00
    endloop
  endfacet
  facet normal 0.000000e+00 -9.496792e-01 3.132241e-01
    outer loop
      vertex   -3.880796e+00 -2.580281e+01 0.000000e+00
      vertex   -1.250680e+01 -2.563778e+01 5.003526e-01
      vertex   -1.250680e+01 -2.580281e+01 0.000000e+00
    endloop
  endfacet
  facet normal -6.516058e-02 -8.578553e-03 9.978379e-01
    outer loop
      vertex   -1.262948e+01 -2.183568e+01 3.000000e+00
      vertex   -1.263381e+01 -2.180281e+01 3.000000e+00
      vertex   -1.315395e+01 -2.188801e+01 2.965302e+00
    endloop
  endfacet
  facet normal -6.585749e-02 -4.316528e-03 9.978197e-01
    outer loop
      vertex   -1.315395e+01 -2.188801e+01 2.965302e+00
      vertex   -1.263381e+01 -2.180281e+01 3.000000e+00
      vertex   -1.315953e+01 -2.180281e+01 2.965302e+00
    endloop
  endfacet
  facet normal -1.964154e-01 -1.287375e-02 9.804362e-01
    outer loop
      vertex   -1.315395e+01 -2.188801e+01 2.965302e+00
      vertex   -1.315953e+01 -2.180281e+01 2.965302e+00
      vertex   -1.367613e+01 -2.180281e+01 2.861809e+00
    endloop
  endfacet
  facet normal -1.964154e-01 -1.287375e-02 9.804362e-01
    outer loop
      vertex   -1.315395e+01 -2.188801e+01 2.965302e+00
      vertex   -1.367613e+01 -2.180281e+01 2.861809e+00
      vertex   -1.366613e+01 -2.195544e+01 2.861809e+00
    endloop
  endfacet
  facet normal -3.235247e-01 -2.120493e-02 9.459821e-01
    outer loop
      vertex   -1.366613e+01 -2.195544e+01 2.861809e+00
      vertex   -1.367613e+01 -2.180281e+01 2.861809e+00
      vertex   -1.417465e+01 -2.180281e+01 2.691317e+00
    endloop
  endfacet
  facet normal -3.235247e-01 -2.120493e-02 9.459821e-01
    outer loop
      vertex   -1.366613e+01 -2.195544e+01 2.861809e+00
      vertex   -1.417465e+01 -2.180281e+01 2.691317e+00
      vertex   -1.416038e+01 -2.202051e+01 2.691317e+00
    endloop
  endfacet
  facet normal -4.449596e-01 -2.916419e-02 8.950756e-01
    outer loop
      vertex   -1.416038e+01 -2.202051e+01 2.691317e+00
      vertex   -1.417465e+01 -2.180281e+01 2.691317e+00
      vertex   -1.464644e+01 -2.180281e+01 2.456783e+00
    endloop
  endfacet
  facet normal -4.449596e-01 -2.916419e-02 8.950756e-01
    outer loop
      vertex   -1.416038e+01 -2.202051e+01 2.691317e+00
      vertex   -1.464644e+01 -2.180281e+01 2.456783e+00
      vertex   -1.462813e+01 -2.208209e+01 2.456783e+00
    endloop
  endfacet
  facet normal -5.586028e-01 -3.661276e-02 8.286268e-01
    outer loop
      vertex   -1.462813e+01 -2.208209e+01 2.456783e+00
      vertex   -1.464644e+01 -2.180281e+01 2.456783e+00
      vertex   -1.508330e+01 -2.180281e+01 2.162278e+00
    endloop
  endfacet
  facet normal -5.586028e-01 -3.661276e-02 8.286268e-01
    outer loop
      vertex   -1.462813e+01 -2.208209e+01 2.456783e+00
      vertex   -1.508330e+01 -2.180281e+01 2.162278e+00
      vertex   -1.506126e+01 -2.213911e+01 2.162278e+00
    endloop
  endfacet
  facet normal -6.624830e-01 -4.342143e-02 7.478174e-01
    outer loop
      vertex   -1.506126e+01 -2.213911e+01 2.162278e+00
      vertex   -1.508330e+01 -2.180281e+01 2.162278e+00
      vertex   -1.547767e+01 -2.180281e+01 1.812909e+00
    endloop
  endfacet
  facet normal -6.624830e-01 -4.342143e-02 7.478174e-01
    outer loop
      vertex   -1.506126e+01 -2.213911e+01 2.162278e+00
      vertex   -1.547767e+01 -2.180281e+01 1.812909e+00
      vertex   -1.545226e+01 -2.219058e+01 1.812909e+00
    endloop
  endfacet
  facet normal -7.548094e-01 -4.947282e-02 6.540759e-01
    outer loop
      vertex   -1.545226e+01 -2.219058e+01 1.812909e+00
      vertex   -1.547767e+01 -2.180281e+01 1.812909e+00
      vertex   -1.582271e+01 -2.180281e+01 1.414739e+00
    endloop
  endfacet
  facet normal -7.548094e-01 -4.947282e-02 6.540759e-01
    outer loop
      vertex   -1.545226e+01 -2.219058e+01 1.812909e+00
      vertex   -1.582271e+01 -2.180281e+01 1.414739e+00
      vertex   -1.579434e+01 -2.223562e+01 1.414739e+00
    endloop
  endfacet
  facet normal -8.340010e-01 -5.466332e-02 5.490484e-01
    outer loop
      vertex   -1.579434e+01 -2.223562e+01 1.414739e+00
      vertex   -1.582271e+01 -2.180281e+01 1.414739e+00
      vertex   -1.611241e+01 -2.180281e+01 9.746753e-01
    endloop
  endfacet
  facet normal -8.340010e-01 -5.466332e-02 5.490484e-01
    outer loop
      vertex   -1.579434e+01 -2.223562e+01 1.414739e+00
      vertex   -1.611241e+01 -2.180281e+01 9.746753e-01
      vertex   -1.608157e+01 -2.227343e+01 9.746753e-01
    endloop
  endfacet
  facet normal -8.987108e-01 -5.890462e-02 4.345677e-01
    outer loop
      vertex   -1.608157e+01 -2.227343e+01 9.746753e-01
      vertex   -1.611241e+01 -2.180281e+01 9.746753e-01
      vertex   -1.634177e+01 -2.180281e+01 5.003526e-01
    endloop
  endfacet
  facet normal -8.987108e-01 -5.890462e-02 4.345677e-01
    outer loop
      vertex   -1.608157e+01 -2.227343e+01 9.746753e-01
      vertex   -1.634177e+01 -2.180281e+01 5.003526e-01
      vertex   -1.630896e+01 -2.230337e+01 5.003526e-01
    endloop
  endfacet
  facet normal -9.478448e-01 -6.212503e-02 3.126191e-01
    outer loop
      vertex   -1.630896e+01 -2.230337e+01 5.003526e-01
      vertex   -1.634177e+01 -2.180281e+01 5.003526e-01
      vertex   -1.650680e+01 -2.180281e+01 0.000000e+00
    endloop
  endfacet
  facet normal -9.478448e-01 -6.212503e-02 3.126191e-01
    outer loop
      vertex   -1.630896e+01 -2.230337e+01 5.003526e-01
      vertex   -1.650680e+01 -2.180281e+01 0.000000e+00
      vertex   -1.647258e+01 -2.232491e+01 0.000000e+00
    endloop
  endfacet
  facet normal -9.316269e-01 -1.853121e-01 3.126191e-01
    outer loop
      vertex   -1.630896e+01 -2.230337e+01 5.003526e-01
      vertex   -1.647258e+01 -2.232491e+01 0.000000e+00
      vertex   -1.621110e+01 -2.279537e+01 5.003526e-01
    endloop
  endfacet
  facet normal -9.316269e-01 -1.853121e-01 3.126191e-01
    outer loop
      vertex   -1.621110e+01 -2.279537e+01 5.003526e-01
      vertex   -1.647258e+01 -2.232491e+01 0.000000e+00
      vertex   -1.637050e+01 -2.283808e+01 0.000000e+00
    endloop
  endfacet
  facet normal -8.994687e-01 -3.053285e-01 3.126191e-01
    outer loop
      vertex   -1.621110e+01 -2.279537e+01 5.003526e-01
      vertex   -1.637050e+01 -2.283808e+01 0.000000e+00
      vertex   -1.604985e+01 -2.327039e+01 5.003526e-01
    endloop
  endfacet
  facet normal -8.994687e-01 -3.053285e-01 3.126191e-01
    outer loop
      vertex   -1.604985e+01 -2.327039e+01 5.003526e-01
      vertex   -1.637050e+01 -2.283808e+01 0.000000e+00
      vertex   -1.620231e+01 -2.333354e+01 0.000000e+00
    endloop
  endfacet
  facet normal -8.519202e-01 -4.201206e-01 3.126191e-01
    outer loop
      vertex   -1.604985e+01 -2.327039e+01 5.003526e-01
      vertex   -1.620231e+01 -2.333354e+01 0.000000e+00
      vertex   -1.582798e+01 -2.372029e+01 5.003526e-01
    endloop
  endfacet
  facet normal -8.519202e-01 -4.201206e-01 3.126191e-01
    outer loop
      vertex   -1.582798e+01 -2.372029e+01 5.003526e-01
      vertex   -1.620231e+01 -2.333354e+01 0.000000e+00
      vertex   -1.597090e+01 -2.380281e+01 0.000000e+00
    endloop
  endfacet
  facet normal -7.897952e-01 -5.277243e-01 3.126191e-01
    outer loop
      vertex   -1.582798e+01 -2.372029e+01 5.003526e-01
      vertex   -1.597090e+01 -2.380281e+01 0.000000e+00
      vertex   -1.554928e+01 -2.413739e+01 5.003526e-01
    endloop
  endfacet
  facet normal -7.897952e-01 -5.277243e-01 3.126191e-01
    outer loop
      vertex   -1.554928e+01 -2.413739e+01 5.003526e-01
      vertex   -1.597090e+01 -2.380281e+01 0.000000e+00
      vertex   -1.568021e+01 -2.423785e+01 0.000000e+00
    endloop
  endfacet
  facet normal -7.141565e-01 -6.262985e-01 3.126191e-01
    outer loop
      vertex   -1.554928e+01 -2.413739e+01 5.003526e-01
      vertex   -1.568021e+01 -2.423785e+01 0.000000e+00
      vertex   -1.521853e+01 -2.451454e+01 5.003526e-01
    endloop
  endfacet
  facet normal -7.141565e-01 -6.262985e-01 3.126191e-01
    outer loop
      vertex   -1.521853e+01 -2.451454e+01 5.003526e-01
      vertex   -1.568021e+01 -2.423785e+01 0.000000e+00
      vertex   -1.533522e+01 -2.463123e+01 0.000000e+00
    endloop
  endfacet
  facet normal -6.262985e-01 -7.141565e-01 3.126191e-01
    outer loop
      vertex   -1.521853e+01 -2.451454e+01 5.003526e-01
      vertex   -1.533522e+01 -2.463123e+01 0.000000e+00
      vertex   -1.484138e+01 -2.484530e+01 5.003526e-01
    endloop
  endfacet
  facet normal -6.262985e-01 -7.141565e-01 3.126191e-01
    outer loop
      vertex   -1.484138e+01 -2.484530e+01 5.003526e-01
      vertex   -1.533522e+01 -2.463123e+01 0.000000e+00
      vertex   -1.494184e+01 -2.497622e+01 0.000000e+00
    endloop
  endfacet
  facet normal -5.277243e-01 -7.897952e-01 3.126191e-01
    outer loop
      vertex   -1.484138e+01 -2.484530e+01 5.003526e-01
      vertex   -1.494184e+01 -2.497622e+01 0.000000e+00
      vertex   -1.442428e+01 -2.512399e+01 5.003526e-01
    endloop
  endfacet
  facet normal -5.277243e-01 -7.897952e-01 3.126191e-01
    outer loop
      vertex   -1.442428e+01 -2.512399e+01 5.003526e-01
      vertex   -1.494184e+01 -2.497622e+01 0.000000e+00
      vertex   -1.450680e+01 -2.526691e+01 0.000000e+00
    endloop
  endfacet
  facet normal -4.201206e-01 -8.519202e-01 3.126191e-01
    outer loop
      vertex   -1.442428e+01 -2.512399e+01 5.003526e-01
      vertex   -1.450680e+01 -2.526691e+01 0.000000e+00
      vertex   -1.397438e+01 -2.534586e+01 5.003526e-01
    endloop
  endfacet
  facet normal -4.201206e-01 -8.519202e-01 3.126191e-01
    outer loop
      vertex   -1.397438e+01 -2.534586e+01 5.003526e-01
      vertex   -1.450680e+01 -2.526691e+01 0.000000e+00
      vertex   -1.403753e+01 -2.549832e+01 0.000000e+00
    endloop
  endfacet
  facet normal -3.053285e-01 -8.994687e-01 3.126191e-01
    outer loop
      vertex   -1.397438e+01 -2.534586e+01 5.003526e-01
      vertex   -1.403753e+01 -2.549832e+01 0.000000e+00
      vertex   -1.349936e+01 -2.550711e+01 5.003526e-01
    endloop
  endfacet
  facet normal -3.053285e-01 -8.994687e-01 3.126191e-01
    outer loop
      vertex   -1.349936e+01 -2.550711e+01 5.003526e-01
      vertex   -1.403753e+01 -2.549832e+01 0.000000e+00
      vertex   -1.354207e+01 -2.566651e+01 0.000000e+00
    endloop
  endfacet
  facet normal -1.853121e-01 -9.316269e-01 3.126191e-01
    outer loop
      vertex   -1.349936e+01 -2.550711e+01 5.003526e-01
      vertex   -1.354207e+01 -2.566651e+01 0.000000e+00
      vertex   -1.300736e+01 -2.560497e+01 5.003526e-01
    endloop
  endfacet
  facet normal -1.853121e-01 -9.316269e-01 3.126191e-01
    outer loop
      vertex   -1.300736e+01 -2.560497e+01 5.003526e-01
      vertex   -1.354207e+01 -2.566651e+01 0.000000e+00
      vertex   -1.302890e+01 -2.576859e+01 0.000000e+00
    endloop
  endfacet
  facet normal -6.212503e-02 -9.478448e-01 3.126191e-01
    outer loop
      vertex   -1.300736e+01 -2.560497e+01 5.003526e-01
      vertex   -1.302890e+01 -2.576859e+01 0.000000e+00
      vertex   -1.250680e+01 -2.563778e+01 5.003526e-01
    endloop
  endfacet
  facet normal -6.212503e-02 -9.478448e-01 3.126191e-01
    outer loop
      vertex   -1.250680e+01 -2.563778e+01 5.003526e-01
      vertex   -1.302890e+01 -2.576859e+01 0.000000e+00
      vertex   -1.250680e+01 -2.580281e+01 0.000000e+00
    endloop
  endfacet
  facet normal -5.890462e-02 -8.987108e-01 4.345677e-01
    outer loop
      vertex   -1.250680e+01 -2.563778e+01 5.003526e-01
      vertex   -1.250680e+01 -2.540842e+01 9.746753e-01
      vertex   -1.300736e+01 -2.560497e+01 5.003526e-01
    endloop
  endfacet
  facet normal -5.890462e-02 -8.987108e-01 4.345677e-01
    outer loop
      vertex   -1.300736e+01 -2.560497e+01 5.003526e-01
      vertex   -1.250680e+01 -2.540842e+01 9.746753e-01
      vertex   -1.297742e+01 -2.537758e+01 9.746753e-01
    endloop
  endfacet
  facet normal -1.757060e-01 -8.833336e-01 4.345677e-01
    outer loop
      vertex   -1.300736e+01 -2.560497e+01 5.003526e-01
      vertex   -1.297742e+01 -2.537758e+01 9.746753e-01
      vertex   -1.349936e+01 -2.550711e+01 5.003526e-01
    endloop
  endfacet
  facet normal -1.757060e-01 -8.833336e-01 4.345677e-01
    outer loop
      vertex   -1.349936e+01 -2.550711e+01 5.003526e-01
      vertex   -1.297742e+01 -2.537758e+01 9.746753e-01
      vertex   -1.344000e+01 -2.528556e+01 9.746753e-01
    endloop
  endfacet
  facet normal -2.895010e-01 -8.528424e-01 4.345677e-01
    outer loop
      vertex   -1.349936e+01 -2.550711e+01 5.003526e-01
      vertex   -1.344000e+01 -2.528556e+01 9.746753e-01
      vertex   -1.397438e+01 -2.534586e+01 5.003526e-01
    endloop
  endfacet
  facet normal -2.895010e-01 -8.528424e-01 4.345677e-01
    outer loop
      vertex   -1.397438e+01 -2.534586e+01 5.003526e-01
      vertex   -1.344000e+01 -2.528556e+01 9.746753e-01
      vertex   -1.388661e+01 -2.513396e+01 9.746753e-01
    endloop
  endfacet
  facet normal -3.983425e-01 -8.077587e-01 4.345677e-01
    outer loop
      vertex   -1.397438e+01 -2.534586e+01 5.003526e-01
      vertex   -1.388661e+01 -2.513396e+01 9.746753e-01
      vertex   -1.442428e+01 -2.512399e+01 5.003526e-01
    endloop
  endfacet
  facet normal -3.983425e-01 -8.077587e-01 4.345677e-01
    outer loop
      vertex   -1.442428e+01 -2.512399e+01 5.003526e-01
      vertex   -1.388661e+01 -2.513396e+01 9.746753e-01
      vertex   -1.430960e+01 -2.492536e+01 9.746753e-01
    endloop
  endfacet
  facet normal -5.003683e-01 -7.488541e-01 4.345677e-01
    outer loop
      vertex   -1.442428e+01 -2.512399e+01 5.003526e-01
      vertex   -1.430960e+01 -2.492536e+01 9.746753e-01
      vertex   -1.484138e+01 -2.484530e+01 5.003526e-01
    endloop
  endfacet
  facet normal -5.003683e-01 -7.488541e-01 4.345677e-01
    outer loop
      vertex   -1.484138e+01 -2.484530e+01 5.003526e-01
      vertex   -1.430960e+01 -2.492536e+01 9.746753e-01
      vertex   -1.470176e+01 -2.466333e+01 9.746753e-01
    endloop
  endfacet
  facet normal -5.938327e-01 -6.771364e-01 4.345677e-01
    outer loop
      vertex   -1.484138e+01 -2.484530e+01 5.003526e-01
      vertex   -1.470176e+01 -2.466333e+01 9.746753e-01
      vertex   -1.521853e+01 -2.451454e+01 5.003526e-01
    endloop
  endfacet
  facet normal -5.938327e-01 -6.771364e-01 4.345677e-01
    outer loop
      vertex   -1.521853e+01 -2.451454e+01 5.003526e-01
      vertex   -1.470176e+01 -2.466333e+01 9.746753e-01
      vertex   -1.505635e+01 -2.435236e+01 9.746753e-01
    endloop
  endfacet
  facet normal -6.771364e-01 -5.938327e-01 4.345677e-01
    outer loop
      vertex   -1.521853e+01 -2.451454e+01 5.003526e-01
      vertex   -1.505635e+01 -2.435236e+01 9.746753e-01
      vertex   -1.554928e+01 -2.413739e+01 5.003526e-01
    endloop
  endfacet
  facet normal -6.771364e-01 -5.938327e-01 4.345677e-01
    outer loop
      vertex   -1.554928e+01 -2.413739e+01 5.003526e-01
      vertex   -1.505635e+01 -2.435236e+01 9.746753e-01
      vertex   -1.536732e+01 -2.399777e+01 9.746753e-01
    endloop
  endfacet
  facet normal -7.488541e-01 -5.003683e-01 4.345677e-01
    outer loop
      vertex   -1.554928e+01 -2.413739e+01 5.003526e-01
      vertex   -1.536732e+01 -2.399777e+01 9.746753e-01
      vertex   -1.582798e+01 -2.372029e+01 5.003526e-01
    endloop
  endfacet
  facet normal -7.488541e-01 -5.003683e-01 4.345677e-01
    outer loop
      vertex   -1.582798e+01 -2.372029e+01 5.003526e-01
      vertex   -1.536732e+01 -2.399777e+01 9.746753e-01
      vertex   -1.562935e+01 -2.360561e+01 9.746753e-01
    endloop
  endfacet
  facet normal -8.077587e-01 -3.983425e-01 4.345677e-01
    outer loop
      vertex   -1.582798e+01 -2.372029e+01 5.003526e-01
      vertex   -1.562935e+01 -2.360561e+01 9.746753e-01
      vertex   -1.604985e+01 -2.327039e+01 5.003526e-01
    endloop
  endfacet
  facet normal -8.077587e-01 -3.983425e-01 4.345677e-01
    outer loop
      vertex   -1.604985e+01 -2.327039e+01 5.003526e-01
      vertex   -1.562935e+01 -2.360561e+01 9.746753e-01
      vertex   -1.583795e+01 -2.318262e+01 9.746753e-01
    endloop
  endfacet
  facet normal -8.528424e-01 -2.895010e-01 4.345677e-01
    outer loop
      vertex   -1.604985e+01 -2.327039e+01 5.003526e-01
      vertex   -1.583795e+01 -2.318262e+01 9.746753e-01
      vertex   -1.621110e+01 -2.279537e+01 5.003526e-01
    endloop
  endfacet
  facet normal -8.528424e-01 -2.895010e-01 4.345677e-01
    outer loop
      vertex   -1.621110e+01 -2.279537e+01 5.003526e-01
      vertex   -1.583795e+01 -2.318262e+01 9.746753e-01
      vertex   -1.598955e+01 -2.273601e+01 9.746753e-01
    endloop
  endfacet
  facet normal -8.833336e-01 -1.757060e-01 4.345677e-01
    outer loop
      vertex   -1.621110e+01 -2.279537e+01 5.003526e-01
      vertex   -1.598955e+01 -2.273601e+01 9.746753e-01
      vertex   -1.630896e+01 -2.230337e+01 5.003526e-01
    endloop
  endfacet
  facet normal -8.833336e-01 -1.757060e-01 4.345677e-01
    outer loop
      vertex   -1.630896e+01 -2.230337e+01 5.003526e-01
      vertex   -1.598955e+01 -2.273601e+01 9.746753e-01
      vertex   -1.608157e+01 -2.227343e+01 9.746753e-01
    endloop
  endfacet
  facet normal -5.466332e-02 -8.340010e-01 5.490484e-01
    outer loop
      vertex   -1.250680e+01 -2.540842e+01 9.746753e-01
      vertex   -1.250680e+01 -2.511872e+01 1.414739e+00
      vertex   -1.297742e+01 -2.537758e+01 9.746753e-01
    endloop
  endfacet
  facet normal -5.466332e-02 -8.340010e-01 5.490484e-01
    outer loop
      vertex   -1.297742e+01 -2.537758e+01 9.746753e-01
      vertex   -1.250680e+01 -2.511872e+01 1.414739e+00
      vertex   -1.293961e+01 -2.509035e+01 1.414739e+00
    endloop
  endfacet
  facet normal -1.630546e-01 -8.197311e-01 5.490484e-01
    outer loop
      vertex   -1.297742e+01 -2.537758e+01 9.746753e-01
      vertex   -1.293961e+01 -2.509035e+01 1.414739e+00
      vertex   -1.344000e+01 -2.528556e+01 9.746753e-01
    endloop
  endfacet
  facet normal -1.630546e-01 -8.197311e-01 5.490484e-01
    outer loop
      vertex   -1.344000e+01 -2.528556e+01 9.746753e-01
      vertex   -1.293961e+01 -2.509035e+01 1.414739e+00
      vertex   -1.336502e+01 -2.500573e+01 1.414739e+00
    endloop
  endfacet
  facet normal -2.686561e-01 -7.914352e-01 5.490484e-01
    outer loop
      vertex   -1.344000e+01 -2.528556e+01 9.746753e-01
      vertex   -1.336502e+01 -2.500573e+01 1.414739e+00
      vertex   -1.388661e+01 -2.513396e+01 9.746753e-01
    endloop
  endfacet
  facet normal -2.686561e-01 -7.914352e-01 5.490484e-01
    outer loop
      vertex   -1.388661e+01 -2.513396e+01 9.746753e-01
      vertex   -1.336502e+01 -2.500573e+01 1.414739e+00
      vertex   -1.377574e+01 -2.486631e+01 1.414739e+00
    endloop
  endfacet
  facet normal -3.696607e-01 -7.495978e-01 5.490484e-01
    outer loop
      vertex   -1.388661e+01 -2.513396e+01 9.746753e-01
      vertex   -1.377574e+01 -2.486631e+01 1.414739e+00
      vertex   -1.430960e+01 -2.492536e+01 9.746753e-01
    endloop
  endfacet
  facet normal -3.696607e-01 -7.495978e-01 5.490484e-01
    outer loop
      vertex   -1.430960e+01 -2.492536e+01 9.746753e-01
      vertex   -1.377574e+01 -2.486631e+01 1.414739e+00
      vertex   -1.416475e+01 -2.467447e+01 1.414739e+00
    endloop
  endfacet
  facet normal -4.643403e-01 -6.949344e-01 5.490484e-01
    outer loop
      vertex   -1.430960e+01 -2.492536e+01 9.746753e-01
      vertex   -1.416475e+01 -2.467447e+01 1.414739e+00
      vertex   -1.470176e+01 -2.466333e+01 9.746753e-01
    endloop
  endfacet
  facet normal -4.643403e-01 -6.949344e-01 5.490484e-01
    outer loop
      vertex   -1.470176e+01 -2.466333e+01 9.746753e-01
      vertex   -1.416475e+01 -2.467447e+01 1.414739e+00
      vertex   -1.452539e+01 -2.443349e+01 1.414739e+00
    endloop
  endfacet
  facet normal -5.510750e-01 -6.283806e-01 5.490484e-01
    outer loop
      vertex   -1.470176e+01 -2.466333e+01 9.746753e-01
      vertex   -1.452539e+01 -2.443349e+01 1.414739e+00
      vertex   -1.505635e+01 -2.435236e+01 9.746753e-01
    endloop
  endfacet
  facet normal -5.510750e-01 -6.283806e-01 5.490484e-01
    outer loop
      vertex   -1.505635e+01 -2.435236e+01 9.746753e-01
      vertex   -1.452539e+01 -2.443349e+01 1.414739e+00
      vertex   -1.485150e+01 -2.414751e+01 1.414739e+00
    endloop
  endfacet
  facet normal -6.283806e-01 -5.510750e-01 5.490484e-01
    outer loop
      vertex   -1.505635e+01 -2.435236e+01 9.746753e-01
      vertex   -1.485150e+01 -2.414751e+01 1.414739e+00
      vertex   -1.536732e+01 -2.399777e+01 9.746753e-01
    endloop
  endfacet
  facet normal -6.283806e-01 -5.510750e-01 5.490484e-01
    outer loop
      vertex   -1.536732e+01 -2.399777e+01 9.746753e-01
      vertex   -1.485150e+01 -2.414751e+01 1.414739e+00
      vertex   -1.513748e+01 -2.382140e+01 1.414739e+00
    endloop
  endfacet
  facet normal -6.949344e-01 -4.643403e-01 5.490484e-01
    outer loop
      vertex   -1.536732e+01 -2.399777e+01 9.746753e-01
      vertex   -1.513748e+01 -2.382140e+01 1.414739e+00
      vertex   -1.562935e+01 -2.360561e+01 9.746753e-01
    endloop
  endfacet
  facet normal -6.949344e-01 -4.643403e-01 5.490484e-01
    outer loop
      vertex   -1.562935e+01 -2.360561e+01 9.746753e-01
      vertex   -1.513748e+01 -2.382140e+01 1.414739e+00
      vertex   -1.537846e+01 -2.346076e+01 1.414739e+00
    endloop
  endfacet
  facet normal -7.495978e-01 -3.696607e-01 5.490484e-01
    outer loop
      vertex   -1.562935e+01 -2.360561e+01 9.746753e-01
      vertex   -1.537846e+01 -2.346076e+01 1.414739e+00
      vertex   -1.583795e+01 -2.318262e+01 9.746753e-01
    endloop
  endfacet
  facet normal -7.495978e-01 -3.696607e-01 5.490484e-01
    outer loop
      vertex   -1.583795e+01 -2.318262e+01 9.746753e-01
      vertex   -1.537846e+01 -2.346076e+01 1.414739e+00
      vertex   -1.557030e+01 -2.307175e+01 1.414739e+00
    endloop
  endfacet
  facet normal -7.914352e-01 -2.686561e-01 5.490484e-01
    outer loop
      vertex   -1.583795e+01 -2.318262e+01 9.746753e-01
      vertex   -1.557030e+01 -2.307175e+01 1.414739e+00
      vertex   -1.598955e+01 -2.273601e+01 9.746753e-01
    endloop
  endfacet
  facet normal -7.914352e-01 -2.686561e-01 5.490484e-01
    outer loop
      vertex   -1.598955e+01 -2.273601e+01 9.746753e-01
      vertex   -1.557030e+01 -2.307175e+01 1.414739e+00
      vertex   -1.570972e+01 -2.266103e+01 1.414739e+00
    endloop
  endfacet
  facet normal -8.197311e-01 -1.630546e-01 5.490484e-01
    outer loop
      vertex   -1.598955e+01 -2.273601e+01 9.746753e-01
      vertex   -1.570972e+01 -2.266103e+01 1.414739e+00
      vertex   -1.608157e+01 -2.227343e+01 9.746753e-01
    endloop
  endfacet
  facet normal -8.197311e-01 -1.630546e-01 5.490484e-01
    outer loop
      vertex   -1.608157e+01 -2.227343e+01 9.746753e-01
      vertex   -1.570972e+01 -2.266103e+01 1.414739e+00
      vertex   -1.579434e+01 -2.223562e+01 1.414739e+00
    endloop
  endfacet
  facet normal -4.947282e-02 -7.548094e-01 6.540759e-01
    outer loop
      vertex   -1.250680e+01 -2.511872e+01 1.414739e+00
      vertex   -1.250680e+01 -2.477368e+01 1.812909e+00
      vertex   -1.293961e+01 -2.509035e+01 1.414739e+00
    endloop
  endfacet
  facet normal -4.947282e-02 -7.548094e-01 6.540759e-01
    outer loop
      vertex   -1.293961e+01 -2.509035e+01 1.414739e+00
      vertex   -1.250680e+01 -2.477368e+01 1.812909e+00
      vertex   -1.289457e+01 -2.474827e+01 1.812909e+00
    endloop
  endfacet
  facet normal -1.475720e-01 -7.418944e-01 6.540759e-01
    outer loop
      vertex   -1.293961e+01 -2.509035e+01 1.414739e+00
      vertex   -1.289457e+01 -2.474827e+01 1.812909e+00
      vertex   -1.336502e+01 -2.500573e+01 1.414739e+00
    endloop
  endfacet
  facet normal -1.475720e-01 -7.418944e-01 6.540759e-01
    outer loop
      vertex   -1.336502e+01 -2.500573e+01 1.414739e+00
      vertex   -1.289457e+01 -2.474827e+01 1.812909e+00
      vertex   -1.327572e+01 -2.467245e+01 1.812909e+00
    endloop
  endfacet
  facet normal -2.431461e-01 -7.162854e-01 6.540759e-01
    outer loop
      vertex   -1.336502e+01 -2.500573e+01 1.414739e+00
      vertex   -1.327572e+01 -2.467245e+01 1.812909e+00
      vertex   -1.377574e+01 -2.486631e+01 1.414739e+00
    endloop
  endfacet
  facet normal -2.431461e-01 -7.162854e-01 6.540759e-01
    outer loop
      vertex   -1.377574e+01 -2.486631e+01 1.414739e+00
      vertex   -1.327572e+01 -2.467245e+01 1.812909e+00
      vertex   -1.364370e+01 -2.454754e+01 1.812909e+00
    endloop
  endfacet
  facet normal -3.345600e-01 -6.784205e-01 6.540759e-01
    outer loop
      vertex   -1.377574e+01 -2.486631e+01 1.414739e+00
      vertex   -1.364370e+01 -2.454754e+01 1.812909e+00
      vertex   -1.416475e+01 -2.467447e+01 1.414739e+00
    endloop
  endfacet
  facet normal -3.345600e-01 -6.784205e-01 6.540759e-01
    outer loop
      vertex   -1.416475e+01 -2.467447e+01 1.414739e+00
      vertex   -1.364370e+01 -2.454754e+01 1.812909e+00
      vertex   -1.399223e+01 -2.437566e+01 1.812909e+00
    endloop
  endfacet
  facet normal -4.202494e-01 -6.289477e-01 6.540759e-01
    outer loop
      vertex   -1.416475e+01 -2.467447e+01 1.414739e+00
      vertex   -1.399223e+01 -2.437566e+01 1.812909e+00
      vertex   -1.452539e+01 -2.443349e+01 1.414739e+00
    endloop
  endfacet
  facet normal -4.202494e-01 -6.289477e-01 6.540759e-01
    outer loop
      vertex   -1.452539e+01 -2.443349e+01 1.414739e+00
      vertex   -1.399223e+01 -2.437566e+01 1.812909e+00
      vertex   -1.431535e+01 -2.415976e+01 1.812909e+00
    endloop
  endfacet
  facet normal -4.987483e-01 -5.687134e-01 6.540759e-01
    outer loop
      vertex   -1.452539e+01 -2.443349e+01 1.414739e+00
      vertex   -1.431535e+01 -2.415976e+01 1.812909e+00
      vertex   -1.485150e+01 -2.414751e+01 1.414739e+00
    endloop
  endfacet
  facet normal -4.987483e-01 -5.687134e-01 6.540759e-01
    outer loop
      vertex   -1.485150e+01 -2.414751e+01 1.414739e+00
      vertex   -1.431535e+01 -2.415976e+01 1.812909e+00
      vertex   -1.460752e+01 -2.390353e+01 1.812909e+00
    endloop
  endfacet
  facet normal -5.687134e-01 -4.987483e-01 6.540759e-01
    outer loop
      vertex   -1.485150e+01 -2.414751e+01 1.414739e+00
      vertex   -1.460752e+01 -2.390353e+01 1.812909e+00
      vertex   -1.513748e+01 -2.382140e+01 1.414739e+00
    endloop
  endfacet
  facet normal -5.687134e-01 -4.987483e-01 6.540759e-01
    outer loop
      vertex   -1.513748e+01 -2.382140e+01 1.414739e+00
      vertex   -1.460752e+01 -2.390353e+01 1.812909e+00
      vertex   -1.486375e+01 -2.361136e+01 1.812909e+00
    endloop
  endfacet
  facet normal -6.289477e-01 -4.202494e-01 6.540759e-01
    outer loop
      vertex   -1.513748e+01 -2.382140e+01 1.414739e+00
      vertex   -1.486375e+01 -2.361136e+01 1.812909e+00
      vertex   -1.537846e+01 -2.346076e+01 1.414739e+00
    endloop
  endfacet
  facet normal -6.289477e-01 -4.202494e-01 6.540759e-01
    outer loop
      vertex   -1.537846e+01 -2.346076e+01 1.414739e+00
      vertex   -1.486375e+01 -2.361136e+01 1.812909e+00
      vertex   -1.507965e+01 -2.328824e+01 1.812909e+00
    endloop
  endfacet
  facet normal -6.784205e-01 -3.345600e-01 6.540759e-01
    outer loop
      vertex   -1.537846e+01 -2.346076e+01 1.414739e+00
      vertex   -1.507965e+01 -2.328824e+01 1.812909e+00
      vertex   -1.557030e+01 -2.307175e+01 1.414739e+00
    endloop
  endfacet
  facet normal -6.784205e-01 -3.345600e-01 6.540759e-01
    outer loop
      vertex   -1.557030e+01 -2.307175e+01 1.414739e+00
      vertex   -1.507965e+01 -2.328824e+01 1.812909e+00
      vertex   -1.525153e+01 -2.293971e+01 1.812909e+00
    endloop
  endfacet
  facet normal -7.162854e-01 -2.431461e-01 6.540759e-01
    outer loop
      vertex   -1.557030e+01 -2.307175e+01 1.414739e+00
      vertex   -1.525153e+01 -2.293971e+01 1.812909e+00
      vertex   -1.570972e+01 -2.266103e+01 1.414739e+00
    endloop
  endfacet
  facet normal -7.162854e-01 -2.431461e-01 6.540759e-01
    outer loop
      vertex   -1.570972e+01 -2.266103e+01 1.414739e+00
      vertex   -1.525153e+01 -2.293971e+01 1.812909e+00
      vertex   -1.537644e+01 -2.257173e+01 1.812909e+00
    endloop
  endfacet
  facet normal -7.418944e-01 -1.475720e-01 6.540759e-01
    outer loop
      vertex   -1.570972e+01 -2.266103e+01 1.414739e+00
      vertex   -1.537644e+01 -2.257173e+01 1.812909e+00
      vertex   -1.579434e+01 -2.223562e+01 1.414739e+00
    endloop
  endfacet
  facet normal -7.418944e-01 -1.475720e-01 6.540759e-01
    outer loop
      vertex   -1.579434e+01 -2.223562e+01 1.414739e+00
      vertex   -1.537644e+01 -2.257173e+01 1.812909e+00
      vertex   -1.545226e+01 -2.219058e+01 1.812909e+00
    endloop
  endfacet
  facet normal -4.342143e-02 -6.624830e-01 7.478174e-01
    outer loop
      vertex   -1.250680e+01 -2.477368e+01 1.812909e+00
      vertex   -1.250680e+01 -2.437931e+01 2.162278e+00
      vertex   -1.289457e+01 -2.474827e+01 1.812909e+00
    endloop
  endfacet
  facet normal -4.342143e-02 -6.624830e-01 7.478174e-01
    outer loop
      vertex   -1.289457e+01 -2.474827e+01 1.812909e+00
      vertex   -1.250680e+01 -2.437931e+01 2.162278e+00
      vertex   -1.284310e+01 -2.435727e+01 2.162278e+00
    endloop
  endfacet
  facet normal -1.295213e-01 -6.511477e-01 7.478174e-01
    outer loop
      vertex   -1.289457e+01 -2.474827e+01 1.812909e+00
      vertex   -1.284310e+01 -2.435727e+01 2.162278e+00
      vertex   -1.327572e+01 -2.467245e+01 1.812909e+00
    endloop
  endfacet
  facet normal -1.295213e-01 -6.511477e-01 7.478174e-01
    outer loop
      vertex   -1.327572e+01 -2.467245e+01 1.812909e+00
      vertex   -1.284310e+01 -2.435727e+01 2.162278e+00
      vertex   -1.317365e+01 -2.429152e+01 2.162278e+00
    endloop
  endfacet
  facet normal -2.134051e-01 -6.286711e-01 7.478174e-01
    outer loop
      vertex   -1.327572e+01 -2.467245e+01 1.812909e+00
      vertex   -1.317365e+01 -2.429152e+01 2.162278e+00
      vertex   -1.364370e+01 -2.454754e+01 1.812909e+00
    endloop
  endfacet
  facet normal -2.134051e-01 -6.286711e-01 7.478174e-01
    outer loop
      vertex   -1.364370e+01 -2.454754e+01 1.812909e+00
      vertex   -1.317365e+01 -2.429152e+01 2.162278e+00
      vertex   -1.349278e+01 -2.418319e+01 2.162278e+00
    endloop
  endfacet
  facet normal -2.936374e-01 -5.954378e-01 7.478174e-01
    outer loop
      vertex   -1.364370e+01 -2.454754e+01 1.812909e+00
      vertex   -1.349278e+01 -2.418319e+01 2.162278e+00
      vertex   -1.399223e+01 -2.437566e+01 1.812909e+00
    endloop
  endfacet
  facet normal -2.936374e-01 -5.954378e-01 7.478174e-01
    outer loop
      vertex   -1.399223e+01 -2.437566e+01 1.812909e+00
      vertex   -1.349278e+01 -2.418319e+01 2.162278e+00
      vertex   -1.379505e+01 -2.403413e+01 2.162278e+00
    endloop
  endfacet
  facet normal -3.688455e-01 -5.520164e-01 7.478174e-01
    outer loop
      vertex   -1.399223e+01 -2.437566e+01 1.812909e+00
      vertex   -1.379505e+01 -2.403413e+01 2.162278e+00
      vertex   -1.431535e+01 -2.415976e+01 1.812909e+00
    endloop
  endfacet
  facet normal -3.688455e-01 -5.520164e-01 7.478174e-01
    outer loop
      vertex   -1.431535e+01 -2.415976e+01 1.812909e+00
      vertex   -1.379505e+01 -2.403413e+01 2.162278e+00
      vertex   -1.407527e+01 -2.384689e+01 2.162278e+00
    endloop
  endfacet
  facet normal -4.377426e-01 -4.991498e-01 7.478174e-01
    outer loop
      vertex   -1.431535e+01 -2.415976e+01 1.812909e+00
      vertex   -1.407527e+01 -2.384689e+01 2.162278e+00
      vertex   -1.460752e+01 -2.390353e+01 1.812909e+00
    endloop
  endfacet
  facet normal -4.377426e-01 -4.991498e-01 7.478174e-01
    outer loop
      vertex   -1.460752e+01 -2.390353e+01 1.812909e+00
      vertex   -1.407527e+01 -2.384689e+01 2.162278e+00
      vertex   -1.432866e+01 -2.362467e+01 2.162278e+00
    endloop
  endfacet
  facet normal -4.991498e-01 -4.377426e-01 7.478174e-01
    outer loop
      vertex   -1.460752e+01 -2.390353e+01 1.812909e+00
      vertex   -1.432866e+01 -2.362467e+01 2.162278e+00
      vertex   -1.486375e+01 -2.361136e+01 1.812909e+00
    endloop
  endfacet
  facet normal -4.991498e-01 -4.377426e-01 7.478174e-01
    outer loop
      vertex   -1.486375e+01 -2.361136e+01 1.812909e+00
      vertex   -1.432866e+01 -2.362467e+01 2.162278e+00
      vertex   -1.455088e+01 -2.337128e+01 2.162278e+00
    endloop
  endfacet
  facet normal -5.520164e-01 -3.688455e-01 7.478174e-01
    outer loop
      vertex   -1.486375e+01 -2.361136e+01 1.812909e+00
      vertex   -1.455088e+01 -2.337128e+01 2.162278e+00
      vertex   -1.507965e+01 -2.328824e+01 1.812909e+00
    endloop
  endfacet
  facet normal -5.520164e-01 -3.688455e-01 7.478174e-01
    outer loop
      vertex   -1.507965e+01 -2.328824e+01 1.812909e+00
      vertex   -1.455088e+01 -2.337128e+01 2.162278e+00
      vertex   -1.473812e+01 -2.309106e+01 2.162278e+00
    endloop
  endfacet
  facet normal -5.954378e-01 -2.936374e-01 7.478174e-01
    outer loop
      vertex   -1.507965e+01 -2.328824e+01 1.812909e+00
      vertex   -1.473812e+01 -2.309106e+01 2.162278e+00
      vertex   -1.525153e+01 -2.293971e+01 1.812909e+00
    endloop
  endfacet
  facet normal -5.954378e-01 -2.936374e-01 7.478174e-01
    outer loop
      vertex   -1.525153e+01 -2.293971e+01 1.812909e+00
      vertex   -1.473812e+01 -2.309106e+01 2.162278e+00
      vertex   -1.488718e+01 -2.278879e+01 2.162278e+00
    endloop
  endfacet
  facet normal -6.286711e-01 -2.134051e-01 7.478174e-01
    outer loop
      vertex   -1.525153e+01 -2.293971e+01 1.812909e+00
      vertex   -1.488718e+01 -2.278879e+01 2.162278e+00
      vertex   -1.537644e+01 -2.257173e+01 1.812909e+00
    endloop
  endfacet
  facet normal -6.286711e-01 -2.134051e-01 7.478174e-01
    outer loop
      vertex   -1.537644e+01 -2.257173e+01 1.812909e+00
      vertex   -1.488718e+01 -2.278879e+01 2.162278e+00
      vertex   -1.499551e+01 -2.246966e+01 2.162278e+00
    endloop
  endfacet
  facet normal -6.511477e-01 -1.295213e-01 7.478174e-01
    outer loop
      vertex   -1.537644e+01 -2.257173e+01 1.812909e+00
      vertex   -1.499551e+01 -2.246966e+01 2.162278e+00
      vertex   -1.545226e+01 -2.219058e+01 1.812909e+00
    endloop
  endfacet
  facet normal -6.511477e-01 -1.295213e-01 7.478174e-01
    outer loop
      vertex   -1.545226e+01 -2.219058e+01 1.812909e+00
      vertex   -1.499551e+01 -2.246966e+01 2.162278e+00
      vertex   -1.506126e+01 -2.213911e+01 2.162278e+00
    endloop
  endfacet
  facet normal -3.661276e-02 -5.586028e-01 8.286268e-01
    outer loop
      vertex   -1.250680e+01 -2.437931e+01 2.162278e+00
      vertex   -1.250680e+01 -2.394245e+01 2.456783e+00
      vertex   -1.284310e+01 -2.435727e+01 2.162278e+00
    endloop
  endfacet
  facet normal -3.661276e-02 -5.586028e-01 8.286268e-01
    outer loop
      vertex   -1.284310e+01 -2.435727e+01 2.162278e+00
      vertex   -1.250680e+01 -2.394245e+01 2.456783e+00
      vertex   -1.278608e+01 -2.392414e+01 2.456783e+00
    endloop
  endfacet
  facet normal -1.092118e-01 -5.490449e-01 8.286268e-01
    outer loop
      vertex   -1.284310e+01 -2.435727e+01 2.162278e+00
      vertex   -1.278608e+01 -2.392414e+01 2.456783e+00
      vertex   -1.317365e+01 -2.429152e+01 2.162278e+00
    endloop
  endfacet
  facet normal -1.092118e-01 -5.490449e-01 8.286268e-01
    outer loop
      vertex   -1.317365e+01 -2.429152e+01 2.162278e+00
      vertex   -1.278608e+01 -2.392414e+01 2.456783e+00
      vertex   -1.306058e+01 -2.386954e+01 2.456783e+00
    endloop
  endfacet
  facet normal -1.799423e-01 -5.300928e-01 8.286268e-01
    outer loop
      vertex   -1.317365e+01 -2.429152e+01 2.162278e+00
      vertex   -1.306058e+01 -2.386954e+01 2.456783e+00
      vertex   -1.349278e+01 -2.418319e+01 2.162278e+00
    endloop
  endfacet
  facet normal -1.799423e-01 -5.300928e-01 8.286268e-01
    outer loop
      vertex   -1.349278e+01 -2.418319e+01 2.162278e+00
      vertex   -1.306058e+01 -2.386954e+01 2.456783e+00
      vertex   -1.332560e+01 -2.377958e+01 2.456783e+00
    endloop
  endfacet
  facet normal -2.475938e-01 -5.020706e-01 8.286268e-01
    outer loop
      vertex   -1.349278e+01 -2.418319e+01 2.162278e+00
      vertex   -1.332560e+01 -2.377958e+01 2.456783e+00
      vertex   -1.379505e+01 -2.403413e+01 2.162278e+00
    endloop
  endfacet
  facet normal -2.475938e-01 -5.020706e-01 8.286268e-01
    outer loop
      vertex   -1.379505e+01 -2.403413e+01 2.162278e+00
      vertex   -1.332560e+01 -2.377958e+01 2.456783e+00
      vertex   -1.357662e+01 -2.365579e+01 2.456783e+00
    endloop
  endfacet
  facet normal -3.110090e-01 -4.654578e-01 8.286268e-01
    outer loop
      vertex   -1.379505e+01 -2.403413e+01 2.162278e+00
      vertex   -1.357662e+01 -2.365579e+01 2.456783e+00
      vertex   -1.407527e+01 -2.384689e+01 2.162278e+00
    endloop
  endfacet
  facet normal -3.110090e-01 -4.654578e-01 8.286268e-01
    outer loop
      vertex   -1.407527e+01 -2.384689e+01 2.162278e+00
      vertex   -1.357662e+01 -2.365579e+01 2.456783e+00
      vertex   -1.380933e+01 -2.350030e+01 2.456783e+00
    endloop
  endfacet
  facet normal -3.691027e-01 -4.208810e-01 8.286268e-01
    outer loop
      vertex   -1.407527e+01 -2.384689e+01 2.162278e+00
      vertex   -1.380933e+01 -2.350030e+01 2.456783e+00
      vertex   -1.432866e+01 -2.362467e+01 2.162278e+00
    endloop
  endfacet
  facet normal -3.691027e-01 -4.208810e-01 8.286268e-01
    outer loop
      vertex   -1.432866e+01 -2.362467e+01 2.162278e+00
      vertex   -1.380933e+01 -2.350030e+01 2.456783e+00
      vertex   -1.401975e+01 -2.331576e+01 2.456783e+00
    endloop
  endfacet
  facet normal -4.208810e-01 -3.691027e-01 8.286268e-01
    outer loop
      vertex   -1.432866e+01 -2.362467e+01 2.162278e+00
      vertex   -1.401975e+01 -2.331576e+01 2.456783e+00
      vertex   -1.455088e+01 -2.337128e+01 2.162278e+00
    endloop
  endfacet
  facet normal -4.208810e-01 -3.691027e-01 8.286268e-01
    outer loop
      vertex   -1.455088e+01 -2.337128e+01 2.162278e+00
      vertex   -1.401975e+01 -2.331576e+01 2.456783e+00
      vertex   -1.420429e+01 -2.310534e+01 2.456783e+00
    endloop
  endfacet
  facet normal -4.654578e-01 -3.110090e-01 8.286268e-01
    outer loop
      vertex   -1.455088e+01 -2.337128e+01 2.162278e+00
      vertex   -1.420429e+01 -2.310534e+01 2.456783e+00
      vertex   -1.473812e+01 -2.309106e+01 2.162278e+00
    endloop
  endfacet
  facet normal -4.654578e-01 -3.110090e-01 8.286268e-01
    outer loop
      vertex   -1.473812e+01 -2.309106e+01 2.162278e+00
      vertex   -1.420429e+01 -2.310534e+01 2.456783e+00
      vertex   -1.435978e+01 -2.287263e+01 2.456783e+00
    endloop
  endfacet
  facet normal -5.020706e-01 -2.475938e-01 8.286268e-01
    outer loop
      vertex   -1.473812e+01 -2.309106e+01 2.162278e+00
      vertex   -1.435978e+01 -2.287263e+01 2.456783e+00
      vertex   -1.488718e+01 -2.278879e+01 2.162278e+00
    endloop
  endfacet
  facet normal -5.020706e-01 -2.475938e-01 8.286268e-01
    outer loop
      vertex   -1.488718e+01 -2.278879e+01 2.162278e+00
      vertex   -1.435978e+01 -2.287263e+01 2.456783e+00
      vertex   -1.448356e+01 -2.262161e+01 2.456783e+00
    endloop
  endfacet
  facet normal -5.300928e-01 -1.799423e-01 8.286268e-01
    outer loop
      vertex   -1.488718e+01 -2.278879e+01 2.162278e+00
      vertex   -1.448356e+01 -2.262161e+01 2.456783e+00
      vertex   -1.499551e+01 -2.246966e+01 2.162278e+00
    endloop
  endfacet
  facet normal -5.300928e-01 -1.799423e-01 8.286268e-01
    outer loop
      vertex   -1.499551e+01 -2.246966e+01 2.162278e+00
      vertex   -1.448356e+01 -2.262161e+01 2.456783e+00
      vertex   -1.457353e+01 -2.235659e+01 2.456783e+00
    endloop
  endfacet
  facet normal -5.490449e-01 -1.092118e-01 8.286268e-01
    outer loop
      vertex   -1.499551e+01 -2.246966e+01 2.162278e+00
      vertex   -1.457353e+01 -2.235659e+01 2.456783e+00
      vertex   -1.506126e+01 -2.213911e+01 2.162278e+00
    endloop
  endfacet
  facet normal -5.490449e-01 -1.092118e-01 8.286268e-01
    outer loop
      vertex   -1.506126e+01 -2.213911e+01 2.162278e+00
      vertex   -1.457353e+01 -2.235659e+01 2.456783e+00
      vertex   -1.462813e+01 -2.208209e+01 2.456783e+00
    endloop
  endfacet
  facet normal -2.916419e-02 -4.449596e-01 8.950756e-01
    outer loop
      vertex   -1.250680e+01 -2.394245e+01 2.456783e+00
      vertex   -1.250680e+01 -2.347066e+01 2.691317e+00
      vertex   -1.278608e+01 -2.392414e+01 2.456783e+00
    endloop
  endfacet
  facet normal -2.916419e-02 -4.449596e-01 8.950756e-01
    outer loop
      vertex   -1.278608e+01 -2.392414e+01 2.456783e+00
      vertex   -1.250680e+01 -2.347066e+01 2.691317e+00
      vertex   -1.272449e+01 -2.345639e+01 2.691317e+00
    endloop
  endfacet
  facet normal -8.699358e-02 -4.373462e-01 8.950756e-01
    outer loop
      vertex   -1.278608e+01 -2.392414e+01 2.456783e+00
      vertex   -1.272449e+01 -2.345639e+01 2.691317e+00
      vertex   -1.306058e+01 -2.386954e+01 2.456783e+00
    endloop
  endfacet
  facet normal -8.699358e-02 -4.373462e-01 8.950756e-01
    outer loop
      vertex   -1.306058e+01 -2.386954e+01 2.456783e+00
      vertex   -1.272449e+01 -2.345639e+01 2.691317e+00
      vertex   -1.293847e+01 -2.341383e+01 2.691317e+00
    endloop
  endfacet
  facet normal -1.433345e-01 -4.222497e-01 8.950756e-01
    outer loop
      vertex   -1.306058e+01 -2.386954e+01 2.456783e+00
      vertex   -1.293847e+01 -2.341383e+01 2.691317e+00
      vertex   -1.332560e+01 -2.377958e+01 2.456783e+00
    endloop
  endfacet
  facet normal -1.433345e-01 -4.222497e-01 8.950756e-01
    outer loop
      vertex   -1.332560e+01 -2.377958e+01 2.456783e+00
      vertex   -1.293847e+01 -2.341383e+01 2.691317e+00
      vertex   -1.314506e+01 -2.334370e+01 2.691317e+00
    endloop
  endfacet
  facet normal -1.972229e-01 -3.999284e-01 8.950756e-01
    outer loop
      vertex   -1.332560e+01 -2.377958e+01 2.456783e+00
      vertex   -1.314506e+01 -2.334370e+01 2.691317e+00
      vertex   -1.357662e+01 -2.365579e+01 2.456783e+00
    endloop
  endfacet
  facet normal -1.972229e-01 -3.999284e-01 8.950756e-01
    outer loop
      vertex   -1.357662e+01 -2.365579e+01 2.456783e+00
      vertex   -1.314506e+01 -2.334370e+01 2.691317e+00
      vertex   -1.334072e+01 -2.324721e+01 2.691317e+00
    endloop
  endfacet
  facet normal -2.477367e-01 -3.707642e-01 8.950756e-01
    outer loop
      vertex   -1.357662e+01 -2.365579e+01 2.456783e+00
      vertex   -1.334072e+01 -2.324721e+01 2.691317e+00
      vertex   -1.380933e+01 -2.350030e+01 2.456783e+00
    endloop
  endfacet
  facet normal -2.477367e-01 -3.707642e-01 8.950756e-01
    outer loop
      vertex   -1.380933e+01 -2.350030e+01 2.456783e+00
      vertex   -1.334072e+01 -2.324721e+01 2.691317e+00
      vertex   -1.352212e+01 -2.312600e+01 2.691317e+00
    endloop
  endfacet
  facet normal -2.940118e-01 -3.352562e-01 8.950756e-01
    outer loop
      vertex   -1.380933e+01 -2.350030e+01 2.456783e+00
      vertex   -1.352212e+01 -2.312600e+01 2.691317e+00
      vertex   -1.401975e+01 -2.331576e+01 2.456783e+00
    endloop
  endfacet
  facet normal -2.940118e-01 -3.352562e-01 8.950756e-01
    outer loop
      vertex   -1.401975e+01 -2.331576e+01 2.456783e+00
      vertex   -1.352212e+01 -2.312600e+01 2.691317e+00
      vertex   -1.368615e+01 -2.298216e+01 2.691317e+00
    endloop
  endfacet
  facet normal -3.352562e-01 -2.940118e-01 8.950756e-01
    outer loop
      vertex   -1.401975e+01 -2.331576e+01 2.456783e+00
      vertex   -1.368615e+01 -2.298216e+01 2.691317e+00
      vertex   -1.420429e+01 -2.310534e+01 2.456783e+00
    endloop
  endfacet
  facet normal -3.352562e-01 -2.940118e-01 8.950756e-01
    outer loop
      vertex   -1.420429e+01 -2.310534e+01 2.456783e+00
      vertex   -1.368615e+01 -2.298216e+01 2.691317e+00
      vertex   -1.382999e+01 -2.281813e+01 2.691317e+00
    endloop
  endfacet
  facet normal -3.707642e-01 -2.477367e-01 8.950756e-01
    outer loop
      vertex   -1.420429e+01 -2.310534e+01 2.456783e+00
      vertex   -1.382999e+01 -2.281813e+01 2.691317e+00
      vertex   -1.435978e+01 -2.287263e+01 2.456783e+00
    endloop
  endfacet
  facet normal -3.707642e-01 -2.477367e-01 8.950756e-01
    outer loop
      vertex   -1.435978e+01 -2.287263e+01 2.456783e+00
      vertex   -1.382999e+01 -2.281813e+01 2.691317e+00
      vertex   -1.395120e+01 -2.263673e+01 2.691317e+00
    endloop
  endfacet
  facet normal -3.999284e-01 -1.972229e-01 8.950756e-01
    outer loop
      vertex   -1.435978e+01 -2.287263e+01 2.456783e+00
      vertex   -1.395120e+01 -2.263673e+01 2.691317e+00
      vertex   -1.448356e+01 -2.262161e+01 2.456783e+00
    endloop
  endfacet
  facet normal -3.999284e-01 -1.972229e-01 8.950756e-01
    outer loop
      vertex   -1.448356e+01 -2.262161e+01 2.456783e+00
      vertex   -1.395120e+01 -2.263673e+01 2.691317e+00
      vertex   -1.404769e+01 -2.244107e+01 2.691317e+00
    endloop
  endfacet
  facet normal -4.222497e-01 -1.433345e-01 8.950756e-01
    outer loop
      vertex   -1.448356e+01 -2.262161e+01 2.456783e+00
      vertex   -1.404769e+01 -2.244107e+01 2.691317e+00
      vertex   -1.457353e+01 -2.235659e+01 2.456783e+00
    endloop
  endfacet
  facet normal -4.222497e-01 -1.433345e-01 8.950756e-01
    outer loop
      vertex   -1.457353e+01 -2.235659e+01 2.456783e+00
      vertex   -1.404769e+01 -2.244107e+01 2.691317e+00
      vertex   -1.411782e+01 -2.223448e+01 2.691317e+00
    endloop
  endfacet
  facet normal -4.373462e-01 -8.699358e-02 8.950756e-01
    outer loop
      vertex   -1.457353e+01 -2.235659e+01 2.456783e+00
      vertex   -1.411782e+01 -2.223448e+01 2.691317e+00
      vertex   -1.462813e+01 -2.208209e+01 2.456783e+00
    endloop
  endfacet
  facet normal -4.373462e-01 -8.699358e-02 8.950756e-01
    outer loop
      vertex   -1.462813e+01 -2.208209e+01 2.456783e+00
      vertex   -1.411782e+01 -2.223448e+01 2.691317e+00
      vertex   -1.416038e+01 -2.202051e+01 2.691317e+00
    endloop
  endfacet
  facet normal -2.120493e-02 -3.235247e-01 9.459821e-01
    outer loop
      vertex   -1.250680e+01 -2.347066e+01 2.691317e+00
      vertex   -1.250680e+01 -2.297214e+01 2.861809e+00
      vertex   -1.272449e+01 -2.345639e+01 2.691317e+00
    endloop
  endfacet
  facet normal -2.120493e-02 -3.235247e-01 9.459821e-01
    outer loop
      vertex   -1.272449e+01 -2.345639e+01 2.691317e+00
      vertex   -1.250680e+01 -2.297214e+01 2.861809e+00
      vertex   -1.265943e+01 -2.296214e+01 2.861809e+00
    endloop
  endfacet
  facet normal -6.325196e-02 -3.179891e-01 9.459821e-01
    outer loop
      vertex   -1.272449e+01 -2.345639e+01 2.691317e+00
      vertex   -1.265943e+01 -2.296214e+01 2.861809e+00
      vertex   -1.293847e+01 -2.341383e+01 2.691317e+00
    endloop
  endfacet
  facet normal -6.325196e-02 -3.179891e-01 9.459821e-01
    outer loop
      vertex   -1.293847e+01 -2.341383e+01 2.691317e+00
      vertex   -1.265943e+01 -2.296214e+01 2.861809e+00
      vertex   -1.280944e+01 -2.293230e+01 2.861809e+00
    endloop
  endfacet
  facet normal -1.042167e-01 -3.070126e-01 9.459821e-01
    outer loop
      vertex   -1.293847e+01 -2.341383e+01 2.691317e+00
      vertex   -1.280944e+01 -2.293230e+01 2.861809e+00
      vertex   -1.314506e+01 -2.334370e+01 2.691317e+00
    endloop
  endfacet
  facet normal -1.042167e-01 -3.070126e-01 9.459821e-01
    outer loop
      vertex   -1.314506e+01 -2.334370e+01 2.691317e+00
      vertex   -1.280944e+01 -2.293230e+01 2.861809e+00
      vertex   -1.295428e+01 -2.288313e+01 2.861809e+00
    endloop
  endfacet
  facet normal -1.433983e-01 -2.907830e-01 9.459821e-01
    outer loop
      vertex   -1.314506e+01 -2.334370e+01 2.691317e+00
      vertex   -1.295428e+01 -2.288313e+01 2.861809e+00
      vertex   -1.334072e+01 -2.324721e+01 2.691317e+00
    endloop
  endfacet
  facet normal -1.433983e-01 -2.907830e-01 9.459821e-01
    outer loop
      vertex   -1.334072e+01 -2.324721e+01 2.691317e+00
      vertex   -1.295428e+01 -2.288313e+01 2.861809e+00
      vertex   -1.309147e+01 -2.281548e+01 2.861809e+00
    endloop
  endfacet
  facet normal -1.801263e-01 -2.695781e-01 9.459821e-01
    outer loop
      vertex   -1.334072e+01 -2.324721e+01 2.691317e+00
      vertex   -1.309147e+01 -2.281548e+01 2.861809e+00
      vertex   -1.352212e+01 -2.312600e+01 2.691317e+00
    endloop
  endfacet
  facet normal -1.801263e-01 -2.695781e-01 9.459821e-01
    outer loop
      vertex   -1.352212e+01 -2.312600e+01 2.691317e+00
      vertex   -1.309147e+01 -2.281548e+01 2.861809e+00
      vertex   -1.321864e+01 -2.273050e+01 2.861809e+00
    endloop
  endfacet
  facet normal -2.137723e-01 -2.437606e-01 9.459821e-01
    outer loop
      vertex   -1.352212e+01 -2.312600e+01 2.691317e+00
      vertex   -1.321864e+01 -2.273050e+01 2.861809e+00
      vertex   -1.368615e+01 -2.298216e+01 2.691317e+00
    endloop
  endfacet
  facet normal -2.137723e-01 -2.437606e-01 9.459821e-01
    outer loop
      vertex   -1.368615e+01 -2.298216e+01 2.691317e+00
      vertex   -1.321864e+01 -2.273050e+01 2.861809e+00
      vertex   -1.333364e+01 -2.262965e+01 2.861809e+00
    endloop
  endfacet
  facet normal -2.437606e-01 -2.137723e-01 9.459821e-01
    outer loop
      vertex   -1.368615e+01 -2.298216e+01 2.691317e+00
      vertex   -1.333364e+01 -2.262965e+01 2.861809e+00
      vertex   -1.382999e+01 -2.281813e+01 2.691317e+00
    endloop
  endfacet
  facet normal -2.437606e-01 -2.137723e-01 9.459821e-01
    outer loop
      vertex   -1.382999e+01 -2.281813e+01 2.691317e+00
      vertex   -1.333364e+01 -2.262965e+01 2.861809e+00
      vertex   -1.343449e+01 -2.251465e+01 2.861809e+00
    endloop
  endfacet
  facet normal -2.695781e-01 -1.801263e-01 9.459821e-01
    outer loop
      vertex   -1.382999e+01 -2.281813e+01 2.691317e+00
      vertex   -1.343449e+01 -2.251465e+01 2.861809e+00
      vertex   -1.395120e+01 -2.263673e+01 2.691317e+00
    endloop
  endfacet
  facet normal -2.695781e-01 -1.801263e-01 9.459821e-01
    outer loop
      vertex   -1.395120e+01 -2.263673e+01 2.691317e+00
      vertex   -1.343449e+01 -2.251465e+01 2.861809e+00
      vertex   -1.351947e+01 -2.238748e+01 2.861809e+00
    endloop
  endfacet
  facet normal -2.907830e-01 -1.433983e-01 9.459821e-01
    outer loop
      vertex   -1.395120e+01 -2.263673e+01 2.691317e+00
      vertex   -1.351947e+01 -2.238748e+01 2.861809e+00
      vertex   -1.404769e+01 -2.244107e+01 2.691317e+00
    endloop
  endfacet
  facet normal -2.907830e-01 -1.433983e-01 9.459821e-01
    outer loop
      vertex   -1.404769e+01 -2.244107e+01 2.691317e+00
      vertex   -1.351947e+01 -2.238748e+01 2.861809e+00
      vertex   -1.358712e+01 -2.225029e+01 2.861809e+00
    endloop
  endfacet
  facet normal -3.070126e-01 -1.042167e-01 9.459821e-01
    outer loop
      vertex   -1.404769e+01 -2.244107e+01 2.691317e+00
      vertex   -1.358712e+01 -2.225029e+01 2.861809e+00
      vertex   -1.411782e+01 -2.223448e+01 2.691317e+00
    endloop
  endfacet
  facet normal -3.070126e-01 -1.042167e-01 9.459821e-01
    outer loop
      vertex   -1.411782e+01 -2.223448e+01 2.691317e+00
      vertex   -1.358712e+01 -2.225029e+01 2.861809e+00
      vertex   -1.363629e+01 -2.210545e+01 2.861809e+00
    endloop
  endfacet
  facet normal -3.179891e-01 -6.325196e-02 9.459821e-01
    outer loop
      vertex   -1.411782e+01 -2.223448e+01 2.691317e+00
      vertex   -1.363629e+01 -2.210545e+01 2.861809e+00
      vertex   -1.416038e+01 -2.202051e+01 2.691317e+00
    endloop
  endfacet
  facet normal -3.179891e-01 -6.325196e-02 9.459821e-01
    outer loop
      vertex   -1.416038e+01 -2.202051e+01 2.691317e+00
      vertex   -1.363629e+01 -2.210545e+01 2.861809e+00
      vertex   -1.366613e+01 -2.195544e+01 2.861809e+00
    endloop
  endfacet
  facet normal -1.287375e-02 -1.964154e-01 9.804362e-01
    outer loop
      vertex   -1.250680e+01 -2.297214e+01 2.861809e+00
      vertex   -1.250680e+01 -2.245554e+01 2.965302e+00
      vertex   -1.265943e+01 -2.296214e+01 2.861809e+00
    endloop
  endfacet
  facet normal -1.287375e-02 -1.964154e-01 9.804362e-01
    outer loop
      vertex   -1.265943e+01 -2.296214e+01 2.861809e+00
      vertex   -1.250680e+01 -2.245554e+01 2.965302e+00
      vertex   -1.259200e+01 -2.244996e+01 2.965302e+00
    endloop
  endfacet
  facet normal -3.840097e-02 -1.930547e-01 9.804362e-01
    outer loop
      vertex   -1.265943e+01 -2.296214e+01 2.861809e+00
      vertex   -1.259200e+01 -2.244996e+01 2.965302e+00
      vertex   -1.280944e+01 -2.293230e+01 2.861809e+00
    endloop
  endfacet
  facet normal -3.840097e-02 -1.930547e-01 9.804362e-01
    outer loop
      vertex   -1.280944e+01 -2.293230e+01 2.861809e+00
      vertex   -1.259200e+01 -2.244996e+01 2.965302e+00
      vertex   -1.267574e+01 -2.243330e+01 2.965302e+00
    endloop
  endfacet
  facet normal -6.327114e-02 -1.863908e-01 9.804362e-01
    outer loop
      vertex   -1.280944e+01 -2.293230e+01 2.861809e+00
      vertex   -1.267574e+01 -2.243330e+01 2.965302e+00
      vertex   -1.295428e+01 -2.288313e+01 2.861809e+00
    endloop
  endfacet
  facet normal -6.327114e-02 -1.863908e-01 9.804362e-01
    outer loop
      vertex   -1.295428e+01 -2.288313e+01 2.861809e+00
      vertex   -1.267574e+01 -2.243330e+01 2.965302e+00
      vertex   -1.275659e+01 -2.240586e+01 2.965302e+00
    endloop
  endfacet
  facet normal -8.705873e-02 -1.765376e-01 9.804362e-01
    outer loop
      vertex   -1.295428e+01 -2.288313e+01 2.861809e+00
      vertex   -1.275659e+01 -2.240586e+01 2.965302e+00
      vertex   -1.309147e+01 -2.281548e+01 2.861809e+00
    endloop
  endfacet
  facet normal -8.705873e-02 -1.765376e-01 9.804362e-01
    outer loop
      vertex   -1.309147e+01 -2.281548e+01 2.861809e+00
      vertex   -1.275659e+01 -2.240586e+01 2.965302e+00
      vertex   -1.283316e+01 -2.236809e+01 2.965302e+00
    endloop
  endfacet
  facet normal -1.093567e-01 -1.636639e-01 9.804362e-01
    outer loop
      vertex   -1.309147e+01 -2.281548e+01 2.861809e+00
      vertex   -1.283316e+01 -2.236809e+01 2.965302e+00
      vertex   -1.321864e+01 -2.273050e+01 2.861809e+00
    endloop
  endfacet
  facet normal -1.093567e-01 -1.636639e-01 9.804362e-01
    outer loop
      vertex   -1.321864e+01 -2.273050e+01 2.861809e+00
      vertex   -1.283316e+01 -2.236809e+01 2.965302e+00
      vertex   -1.290416e+01 -2.232066e+01 2.965302e+00
    endloop
  endfacet
  facet normal -1.297836e-01 -1.479898e-01 9.804362e-01
    outer loop
      vertex   -1.321864e+01 -2.273050e+01 2.861809e+00
      vertex   -1.290416e+01 -2.232066e+01 2.965302e+00
      vertex   -1.333364e+01 -2.262965e+01 2.861809e+00
    endloop
  endfacet
  facet normal -1.297836e-01 -1.479898e-01 9.804362e-01
    outer loop
      vertex   -1.333364e+01 -2.262965e+01 2.861809e+00
      vertex   -1.290416e+01 -2.232066e+01 2.965302e+00
      vertex   -1.296835e+01 -2.226436e+01 2.965302e+00
    endloop
  endfacet
  facet normal -1.479898e-01 -1.297836e-01 9.804362e-01
    outer loop
      vertex   -1.333364e+01 -2.262965e+01 2.861809e+00
      vertex   -1.296835e+01 -2.226436e+01 2.965302e+00
      vertex   -1.343449e+01 -2.251465e+01 2.861809e+00
    endloop
  endfacet
  facet normal -1.479898e-01 -1.297836e-01 9.804362e-01
    outer loop
      vertex   -1.343449e+01 -2.251465e+01 2.861809e+00
      vertex   -1.296835e+01 -2.226436e+01 2.965302e+00
      vertex   -1.302465e+01 -2.220017e+01 2.965302e+00
    endloop
  endfacet
  facet normal -1.636639e-01 -1.093567e-01 9.804362e-01
    outer loop
      vertex   -1.343449e+01 -2.251465e+01 2.861809e+00
      vertex   -1.302465e+01 -2.220017e+01 2.965302e+00
      vertex   -1.351947e+01 -2.238748e+01 2.861809e+00
    endloop
  endfacet
  facet normal -1.636639e-01 -1.093567e-01 9.804362e-01
    outer loop
      vertex   -1.351947e+01 -2.238748e+01 2.861809e+00
      vertex   -1.302465e+01 -2.220017e+01 2.965302e+00
      vertex   -1.307208e+01 -2.212918e+01 2.965302e+00
    endloop
  endfacet
  facet normal -1.765376e-01 -8.705873e-02 9.804362e-01
    outer loop
      vertex   -1.351947e+01 -2.238748e+01 2.861809e+00
      vertex   -1.307208e+01 -2.212918e+01 2.965302e+00
      vertex   -1.358712e+01 -2.225029e+01 2.861809e+00
    endloop
  endfacet
  facet normal -1.765376e-01 -8.705873e-02 9.804362e-01
    outer loop
      vertex   -1.358712e+01 -2.225029e+01 2.861809e+00
      vertex   -1.307208e+01 -2.212918e+01 2.965302e+00
      vertex   -1.310985e+01 -2.205260e+01 2.965302e+00
    endloop
  endfacet
  facet normal -1.863908e-01 -6.327114e-02 9.804362e-01
    outer loop
      vertex   -1.358712e+01 -2.225029e+01 2.861809e+00
      vertex   -1.310985e+01 -2.205260e+01 2.965302e+00
      vertex   -1.363629e+01 -2.210545e+01 2.861809e+00
    endloop
  endfacet
  facet normal -1.863908e-01 -6.327114e-02 9.804362e-01
    outer loop
      vertex   -1.363629e+01 -2.210545e+01 2.861809e+00
      vertex   -1.310985e+01 -2.205260e+01 2.965302e+00
      vertex   -1.313729e+01 -2.197175e+01 2.965302e+00
    endloop
  endfacet
  facet normal -1.930547e-01 -3.840097e-02 9.804362e-01
    outer loop
      vertex   -1.363629e+01 -2.210545e+01 2.861809e+00
      vertex   -1.313729e+01 -2.197175e+01 2.965302e+00
      vertex   -1.366613e+01 -2.195544e+01 2.861809e+00
    endloop
  endfacet
  facet normal -1.930547e-01 -3.840097e-02 9.804362e-01
    outer loop
      vertex   -1.366613e+01 -2.195544e+01 2.861809e+00
      vertex   -1.313729e+01 -2.197175e+01 2.965302e+00
      vertex   -1.315395e+01 -2.188801e+01 2.965302e+00
    endloop
  endfacet
  facet normal -4.316528e-03 -6.585749e-02 9.978197e-01
    outer loop
      vertex   -1.250680e+01 -2.245554e+01 2.965302e+00
      vertex   -1.250680e+01 -2.192982e+01 3.000000e+00
      vertex   -1.259200e+01 -2.244996e+01 2.965302e+00
    endloop
  endfacet
  facet normal -8.578553e-03 -6.516058e-02 9.978379e-01
    outer loop
      vertex   -1.259200e+01 -2.244996e+01 2.965302e+00
      vertex   -1.250680e+01 -2.192982e+01 3.000000e+00
      vertex   -1.253967e+01 -2.192550e+01 3.000000e+00
    endloop
  endfacet
  facet normal -1.287573e-02 -6.473065e-02 9.978197e-01
    outer loop
      vertex   -1.259200e+01 -2.244996e+01 2.965302e+00
      vertex   -1.253967e+01 -2.192550e+01 3.000000e+00
      vertex   -1.267574e+01 -2.243330e+01 2.965302e+00
    endloop
  endfacet
  facet normal -2.121462e-02 -6.249625e-02 9.978197e-01
    outer loop
      vertex   -1.267574e+01 -2.243330e+01 2.965302e+00
      vertex   -1.253967e+01 -2.192550e+01 3.000000e+00
      vertex   -1.275659e+01 -2.240586e+01 2.965302e+00
    endloop
  endfacet
  facet normal -2.515104e-02 -6.071999e-02 9.978379e-01
    outer loop
      vertex   -1.253967e+01 -2.192550e+01 3.000000e+00
      vertex   -1.257030e+01 -2.191281e+01 3.000000e+00
      vertex   -1.275659e+01 -2.240586e+01 2.965302e+00
    endloop
  endfacet
  facet normal -2.919052e-02 -5.919252e-02 9.978197e-01
    outer loop
      vertex   -1.275659e+01 -2.240586e+01 2.965302e+00
      vertex   -1.257030e+01 -2.191281e+01 3.000000e+00
      vertex   -1.283316e+01 -2.236809e+01 2.965302e+00
    endloop
  endfacet
  facet normal -3.666697e-02 -5.487599e-02 9.978197e-01
    outer loop
      vertex   -1.283316e+01 -2.236809e+01 2.965302e+00
      vertex   -1.257030e+01 -2.191281e+01 3.000000e+00
      vertex   -1.290416e+01 -2.232066e+01 2.965302e+00
    endloop
  endfacet
  facet normal -4.000953e-02 -5.214144e-02 9.978379e-01
    outer loop
      vertex   -1.290416e+01 -2.232066e+01 2.965302e+00
      vertex   -1.257030e+01 -2.191281e+01 3.000000e+00
      vertex   -1.259661e+01 -2.189262e+01 3.000000e+00
    endloop
  endfacet
  facet normal -4.351603e-02 -4.962052e-02 9.978197e-01
    outer loop
      vertex   -1.290416e+01 -2.232066e+01 2.965302e+00
      vertex   -1.259661e+01 -2.189262e+01 3.000000e+00
      vertex   -1.296835e+01 -2.226436e+01 2.965302e+00
    endloop
  endfacet
  facet normal -4.962052e-02 -4.351603e-02 9.978197e-01
    outer loop
      vertex   -1.296835e+01 -2.226436e+01 2.965302e+00
      vertex   -1.259661e+01 -2.189262e+01 3.000000e+00
      vertex   -1.302465e+01 -2.220017e+01 2.965302e+00
    endloop
  endfacet
  facet normal -5.214144e-02 -4.000953e-02 9.978379e-01
    outer loop
      vertex   -1.259661e+01 -2.189262e+01 3.000000e+00
      vertex   -1.261680e+01 -2.186631e+01 3.000000e+00
      vertex   -1.302465e+01 -2.220017e+01 2.965302e+00
    endloop
  endfacet
  facet normal -5.487599e-02 -3.666697e-02 9.978197e-01
    outer loop
      vertex   -1.302465e+01 -2.220017e+01 2.965302e+00
      vertex   -1.261680e+01 -2.186631e+01 3.000000e+00
      vertex   -1.307208e+01 -2.212918e+01 2.965302e+00
    endloop
  endfacet
  facet normal -5.919252e-02 -2.919052e-02 9.978197e-01
    outer loop
      vertex   -1.307208e+01 -2.212918e+01 2.965302e+00
      vertex   -1.261680e+01 -2.186631e+01 3.000000e+00
      vertex   -1.310985e+01 -2.205260e+01 2.965302e+00
    endloop
  endfacet
  facet normal -6.071999e-02 -2.515104e-02 9.978379e-01
    outer loop
      vertex   -1.310985e+01 -2.205260e+01 2.965302e+00
      vertex   -1.261680e+01 -2.186631e+01 3.000000e+00
      vertex   -1.262948e+01 -2.183568e+01 3.000000e+00
    endloop
  endfacet
  facet normal -6.249625e-02 -2.121462e-02 9.978197e-01
    outer loop
      vertex   -1.310985e+01 -2.205260e+01 2.965302e+00
      vertex   -1.262948e+01 -2.183568e+01 3.000000e+00
      vertex   -1.313729e+01 -2.197175e+01 2.965302e+00
    endloop
  endfacet
  facet normal -6.473065e-02 -1.287573e-02 9.978197e-01
    outer loop
      vertex   -1.313729e+01 -2.197175e+01 2.965302e+00
      vertex   -1.262948e+01 -2.183568e+01 3.000000e+00
      vertex   -1.315395e+01 -2.188801e+01 2.965302e+00
    endloop
  endfacet
  facet normal -6.585810e-02 0.000000e+00 9.978290e-01
    outer loop
      vertex   -1.315953e+01 2.980097e+01 2.965302e+00
      vertex   -1.315953e+01 1.948021e+01 2.965302e+00
      vertex   -1.263381e+01 2.980097e+01 3.000000e+00
    endloop
  endfacet
  facet normal -6.585810e-02 0.000000e+00 9.978290e-01
    outer loop
      vertex   -1.263381e+01 2.980097e+01 3.000000e+00
      vertex   -1.315953e+01 1.948021e+01 2.965302e+00
      vertex   -1.315953e+01 9.159458e+00 2.965302e+00
    endloop
  endfacet
  facet normal -6.585810e-02 0.000000e+00 9.978290e-01
    outer loop
      vertex   -1.263381e+01 2.980097e+01 3.000000e+00
      vertex   -1.315953e+01 9.159458e+00 2.965302e+00
      vertex   -1.315953e+01 -1.161297e+00 2.965302e+00
    endloop
  endfacet
  facet normal -1.964317e-01 0.000000e+00 9.805175e-01
    outer loop
      vertex   -1.315953e+01 -1.161297e+00 2.965302e+00
      vertex   -1.315953e+01 9.159458e+00 2.965302e+00
      vertex   -1.367613e+01 -1.161297e+00 2.861809e+00
    endloop
  endfacet
  facet normal -1.964317e-01 0.000000e+00 9.805175e-01
    outer loop
      vertex   -1.315953e+01 -1.161297e+00 2.965302e+00
      vertex   -1.367613e+01 -1.161297e+00 2.861809e+00
      vertex   -1.367613e+01 -1.148205e+01 2.861809e+00
    endloop
  endfacet
  facet normal -3.235974e-01 0.000000e+00 9.461949e-01
    outer loop
      vertex   -1.367613e+01 -1.148205e+01 2.861809e+00
      vertex   -1.367613e+01 -1.161297e+00 2.861809e+00
      vertex   -1.417465e+01 -1.148205e+01 2.691317e+00
    endloop
  endfacet
  facet normal -3.235974e-01 -8.166944e-17 9.461949e-01
    outer loop
      vertex   -1.367613e+01 -1.148205e+01 2.861809e+00
      vertex   -1.417465e+01 -1.148205e+01 2.691317e+00
      vertex   -1.417465e+01 -2.180281e+01 2.691317e+00
    endloop
  endfacet
  facet normal -4.451490e-01 -7.706076e-17 8.954565e-01
    outer loop
      vertex   -1.417465e+01 -2.180281e+01 2.691317e+00
      vertex   -1.417465e+01 -1.148205e+01 2.691317e+00
      vertex   -1.464644e+01 -2.180281e+01 2.456783e+00
    endloop
  endfacet
  facet normal -4.451490e-01 3.853038e-17 8.954565e-01
    outer loop
      vertex   -1.464644e+01 -2.180281e+01 2.456783e+00
      vertex   -1.417465e+01 -1.148205e+01 2.691317e+00
      vertex   -1.464644e+01 -1.148205e+01 2.456783e+00
    endloop
  endfacet
  facet normal -5.589776e-01 3.567870e-17 8.291828e-01
    outer loop
      vertex   -1.464644e+01 -2.180281e+01 2.456783e+00
      vertex   -1.464644e+01 -1.148205e+01 2.456783e+00
      vertex   -1.508330e+01 -2.180281e+01 2.162278e+00
    endloop
  endfacet
  facet normal -5.589776e-01 0.000000e+00 8.291828e-01
    outer loop
      vertex   -1.508330e+01 -2.180281e+01 2.162278e+00
      vertex   -1.464644e+01 -1.148205e+01 2.456783e+00
      vertex   -1.508330e+01 -1.148205e+01 2.162278e+00
    endloop
  endfacet
  facet normal -6.631084e-01 0.000000e+00 7.485234e-01
    outer loop
      vertex   -1.508330e+01 -2.180281e+01 2.162278e+00
      vertex   -1.508330e+01 -1.148205e+01 2.162278e+00
      vertex   -1.547767e+01 -2.180281e+01 1.812909e+00
    endloop
  endfacet
  facet normal -6.631084e-01 0.000000e+00 7.485234e-01
    outer loop
      vertex   -1.547767e+01 -2.180281e+01 1.812909e+00
      vertex   -1.508330e+01 -1.148205e+01 2.162278e+00
      vertex   -1.547767e+01 -1.148205e+01 1.812909e+00
    endloop
  endfacet
  facet normal -7.557348e-01 0.000000e+00 6.548778e-01
    outer loop
      vertex   -1.547767e+01 -2.180281e+01 1.812909e+00
      vertex   -1.547767e+01 -1.148205e+01 1.812909e+00
      vertex   -1.582271e+01 -2.180281e+01 1.414739e+00
    endloop
  endfacet
  facet normal -7.557348e-01 0.000000e+00 6.548778e-01
    outer loop
      vertex   -1.582271e+01 -2.180281e+01 1.414739e+00
      vertex   -1.547767e+01 -1.148205e+01 1.812909e+00
      vertex   -1.582271e+01 -1.148205e+01 1.414739e+00
    endloop
  endfacet
  facet normal -8.352499e-01 0.000000e+00 5.498706e-01
    outer loop
      vertex   -1.582271e+01 -2.180281e+01 1.414739e+00
      vertex   -1.582271e+01 -1.148205e+01 1.414739e+00
      vertex   -1.611241e+01 -2.180281e+01 9.746753e-01
    endloop
  endfacet
  facet normal -8.352499e-01 2.957531e-17 5.498706e-01
    outer loop
      vertex   -1.611241e+01 -2.180281e+01 9.746753e-01
      vertex   -1.582271e+01 -1.148205e+01 1.414739e+00
      vertex   -1.611241e+01 -1.148205e+01 9.746753e-01
    endloop
  endfacet
  facet normal -9.002741e-01 2.341429e-17 4.353236e-01
    outer loop
      vertex   -1.611241e+01 -2.180281e+01 9.746753e-01
      vertex   -1.611241e+01 -1.148205e+01 9.746753e-01
      vertex   -1.634177e+01 -2.180281e+01 5.003526e-01
    endloop
  endfacet
  facet normal -9.002741e-01 9.365715e-18 4.353236e-01
    outer loop
      vertex   -1.634177e+01 -2.180281e+01 5.003526e-01
      vertex   -1.611241e+01 -1.148205e+01 9.746753e-01
      vertex   -1.634177e+01 -1.148205e+01 5.003526e-01
    endloop
  endfacet
  facet normal -9.496792e-01 6.738821e-18 3.132241e-01
    outer loop
      vertex   -1.634177e+01 -2.180281e+01 5.003526e-01
      vertex   -1.634177e+01 -1.148205e+01 5.003526e-01
      vertex   -1.650680e+01 -2.180281e+01 0.000000e+00
    endloop
  endfacet
  facet normal -9.496792e-01 0.000000e+00 3.132241e-01
    outer loop
      vertex   -1.650680e+01 -2.180281e+01 0.000000e+00
      vertex   -1.634177e+01 -1.148205e+01 5.003526e-01
      vertex   -1.634177e+01 -1.161297e+00 5.003526e-01
    endloop
  endfacet
  facet normal -9.496792e-01 0.000000e+00 3.132241e-01
    outer loop
      vertex   -1.650680e+01 -2.180281e+01 0.000000e+00
      vertex   -1.634177e+01 -1.161297e+00 5.003526e-01
      vertex   -1.634177e+01 9.159458e+00 5.003526e-01
    endloop
  endfacet
  facet normal -9.002741e-01 0.000000e+00 4.353236e-01
    outer loop
      vertex   -1.634177e+01 9.159458e+00 5.003526e-01
      vertex   -1.634177e+01 -1.161297e+00 5.003526e-01
      vertex   -1.611241e+01 9.159458e+00 9.746753e-01
    endloop
  endfacet
  facet normal -9.002741e-01 0.000000e+00 4.353236e-01
    outer loop
      vertex   -1.634177e+01 9.159458e+00 5.003526e-01
      vertex   -1.611241e+01 9.159458e+00 9.746753e-01
      vertex   -1.611241e+01 1.948021e+01 9.746753e-01
    endloop
  endfacet
  facet normal -8.352499e-01 0.000000e+00 5.498706e-01
    outer loop
      vertex   -1.611241e+01 1.948021e+01 9.746753e-01
      vertex   -1.611241e+01 9.159458e+00 9.746753e-01
      vertex   -1.582271e+01 1.948021e+01 1.414739e+00
    endloop
  endfacet
  facet normal -8.352499e-01 0.000000e+00 5.498706e-01
    outer loop
      vertex   -1.611241e+01 1.948021e+01 9.746753e-01
      vertex   -1.582271e+01 1.948021e+01 1.414739e+00
      vertex   -1.582271e+01 2.980097e+01 1.414739e+00
    endloop
  endfacet
  facet normal -7.557348e-01 0.000000e+00 6.548778e-01
    outer loop
      vertex   -1.582271e+01 2.980097e+01 1.414739e+00
      vertex   -1.582271e+01 1.948021e+01 1.414739e+00
      vertex   -1.547767e+01 2.980097e+01 1.812909e+00
    endloop
  endfacet
  facet normal -7.557348e-01 0.000000e+00 6.548778e-01
    outer loop
      vertex   -1.547767e+01 2.980097e+01 1.812909e+00
      vertex   -1.582271e+01 1.948021e+01 1.414739e+00
      vertex   -1.547767e+01 1.948021e+01 1.812909e+00
    endloop
  endfacet
  facet normal -6.631084e-01 0.000000e+00 7.485234e-01
    outer loop
      vertex   -1.547767e+01 2.980097e+01 1.812909e+00
      vertex   -1.547767e+01 1.948021e+01 1.812909e+00
      vertex   -1.508330e+01 2.980097e+01 2.162278e+00
    endloop
  endfacet
  facet normal -6.631084e-01 0.000000e+00 7.485234e-01
    outer loop
      vertex   -1.508330e+01 2.980097e+01 2.162278e+00
      vertex   -1.547767e+01 1.948021e+01 1.812909e+00
      vertex   -1.508330e+01 1.948021e+01 2.162278e+00
    endloop
  endfacet
  facet normal -5.589776e-01 0.000000e+00 8.291828e-01
    outer loop
      vertex   -1.508330e+01 2.980097e+01 2.162278e+00
      vertex   -1.508330e+01 1.948021e+01 2.162278e+00
      vertex   -1.464644e+01 2.980097e+01 2.456783e+00
    endloop
  endfacet
  facet normal -5.589776e-01 -3.567870e-17 8.291828e-01
    outer loop
      vertex   -1.464644e+01 2.980097e+01 2.456783e+00
      vertex   -1.508330e+01 1.948021e+01 2.162278e+00
      vertex   -1.464644e+01 1.948021e+01 2.456783e+00
    endloop
  endfacet
  facet normal -4.451490e-01 -3.853038e-17 8.954565e-01
    outer loop
      vertex   -1.464644e+01 2.980097e+01 2.456783e+00
      vertex   -1.464644e+01 1.948021e+01 2.456783e+00
      vertex   -1.417465e+01 2.980097e+01 2.691317e+00
    endloop
  endfacet
  facet normal -4.451490e-01 7.706076e-17 8.954565e-01
    outer loop
      vertex   -1.417465e+01 2.980097e+01 2.691317e+00
      vertex   -1.464644e+01 1.948021e+01 2.456783e+00
      vertex   -1.417465e+01 1.948021e+01 2.691317e+00
    endloop
  endfacet
  facet normal -3.235974e-01 8.142717e-17 9.461949e-01
    outer loop
      vertex   -1.417465e+01 2.980097e+01 2.691317e+00
      vertex   -1.417465e+01 1.948021e+01 2.691317e+00
      vertex   -1.367613e+01 2.980097e+01 2.861809e+00
    endloop
  endfacet
  facet normal -3.235974e-01 0.000000e+00 9.461949e-01
    outer loop
      vertex   -1.367613e+01 2.980097e+01 2.861809e+00
      vertex   -1.417465e+01 1.948021e+01 2.691317e+00
      vertex   -1.367613e+01 1.948021e+01 2.861809e+00
    endloop
  endfacet
  facet normal -1.964317e-01 0.000000e+00 9.805175e-01
    outer loop
      vertex   -1.367613e+01 2.980097e+01 2.861809e+00
      vertex   -1.367613e+01 1.948021e+01 2.861809e+00
      vertex   -1.315953e+01 2.980097e+01 2.965302e+00
    endloop
  endfacet
  facet normal -1.964317e-01 0.000000e+00 9.805175e-01
    outer loop
      vertex   -1.315953e+01 2.980097e+01 2.965302e+00
      vertex   -1.367613e+01 1.948021e+01 2.861809e+00
      vertex   -1.315953e+01 1.948021e+01 2.965302e+00
    endloop
  endfacet
  facet normal -8.352499e-01 -3.062604e-17 5.498706e-01
    outer loop
      vertex   -1.582271e+01 2.980097e+01 1.414739e+00
      vertex   -1.611241e+01 2.980097e+01 9.746753e-01
      vertex   -1.611241e+01 1.948021e+01 9.746753e-01
    endloop
  endfacet
  facet normal -9.002741e-01 -2.341429e-17 4.353236e-01
    outer loop
      vertex   -1.611241e+01 1.948021e+01 9.746753e-01
      vertex   -1.611241e+01 2.980097e+01 9.746753e-01
      vertex   -1.634177e+01 1.948021e+01 5.003526e-01
    endloop
  endfacet
  facet normal -9.002741e-01 0.000000e+00 4.353236e-01
    outer loop
      vertex   -1.611241e+01 1.948021e+01 9.746753e-01
      vertex   -1.634177e+01 1.948021e+01 5.003526e-01
      vertex   -1.634177e+01 9.159458e+00 5.003526e-01
    endloop
  endfacet
  facet normal -9.496792e-01 0.000000e+00 3.132241e-01
    outer loop
      vertex   -1.634177e+01 9.159458e+00 5.003526e-01
      vertex   -1.634177e+01 1.948021e+01 5.003526e-01
      vertex   -1.650680e+01 2.980097e+01 0.000000e+00
    endloop
  endfacet
  facet normal -9.496792e-01 0.000000e+00 3.132241e-01
    outer loop
      vertex   -1.634177e+01 9.159458e+00 5.003526e-01
      vertex   -1.650680e+01 2.980097e+01 0.000000e+00
      vertex   -1.650680e+01 -2.180281e+01 0.000000e+00
    endloop
  endfacet
  facet normal -9.002741e-01 -1.020868e-17 4.353236e-01
    outer loop
      vertex   -1.611241e+01 2.980097e+01 9.746753e-01
      vertex   -1.634177e+01 2.980097e+01 5.003526e-01
      vertex   -1.634177e+01 1.948021e+01 5.003526e-01
    endloop
  endfacet
  facet normal -9.496792e-01 -6.738821e-18 3.132241e-01
    outer loop
      vertex   -1.634177e+01 1.948021e+01 5.003526e-01
      vertex   -1.634177e+01 2.980097e+01 5.003526e-01
      vertex   -1.650680e+01 2.980097e+01 0.000000e+00
    endloop
  endfacet
  facet normal -3.235974e-01 0.000000e+00 9.461949e-01
    outer loop
      vertex   -1.417465e+01 -2.180281e+01 2.691317e+00
      vertex   -1.367613e+01 -2.180281e+01 2.861809e+00
      vertex   -1.367613e+01 -1.148205e+01 2.861809e+00
    endloop
  endfacet
  facet normal -1.964317e-01 0.000000e+00 9.805175e-01
    outer loop
      vertex   -1.367613e+01 -1.148205e+01 2.861809e+00
      vertex   -1.367613e+01 -2.180281e+01 2.861809e+00
      vertex   -1.315953e+01 -1.148205e+01 2.965302e+00
    endloop
  endfacet
  facet normal -1.964317e-01 0.000000e+00 9.805175e-01
    outer loop
      vertex   -1.367613e+01 -1.148205e+01 2.861809e+00
      vertex   -1.315953e+01 -1.148205e+01 2.965302e+00
      vertex   -1.315953e+01 -1.161297e+00 2.965302e+00
    endloop
  endfacet
  facet normal -6.585810e-02 0.000000e+00 9.978290e-01
    outer loop
      vertex   -1.315953e+01 -1.161297e+00 2.965302e+00
      vertex   -1.315953e+01 -1.148205e+01 2.965302e+00
      vertex   -1.263381e+01 -2.180281e+01 3.000000e+00
    endloop
  endfacet
  facet normal -6.585810e-02 0.000000e+00 9.978290e-01
    outer loop
      vertex   -1.315953e+01 -1.161297e+00 2.965302e+00
      vertex   -1.263381e+01 -2.180281e+01 3.000000e+00
      vertex   -1.263381e+01 2.980097e+01 3.000000e+00
    endloop
  endfacet
  facet normal -1.964317e-01 0.000000e+00 9.805175e-01
    outer loop
      vertex   -1.367613e+01 -2.180281e+01 2.861809e+00
      vertex   -1.315953e+01 -2.180281e+01 2.965302e+00
      vertex   -1.315953e+01 -1.148205e+01 2.965302e+00
    endloop
  endfacet
  facet normal -6.585810e-02 0.000000e+00 9.978290e-01
    outer loop
      vertex   -1.315953e+01 -1.148205e+01 2.965302e+00
      vertex   -1.315953e+01 -2.180281e+01 2.965302e+00
      vertex   -1.263381e+01 -2.180281e+01 3.000000e+00
    endloop
  endfacet
  facet normal -1.964317e-01 0.000000e+00 9.805175e-01
    outer loop
      vertex   -1.315953e+01 9.159458e+00 2.965302e+00
      vertex   -1.315953e+01 1.948021e+01 2.965302e+00
      vertex   -1.367613e+01 9.159458e+00 2.861809e+00
    endloop
  endfacet
  facet normal -1.964317e-01 0.000000e+00 9.805175e-01
    outer loop
      vertex   -1.367613e+01 9.159458e+00 2.861809e+00
      vertex   -1.315953e+01 1.948021e+01 2.965302e+00
      vertex   -1.367613e+01 1.948021e+01 2.861809e+00
    endloop
  endfacet
  facet normal -3.235974e-01 0.000000e+00 9.461949e-01
    outer loop
      vertex   -1.367613e+01 9.159458e+00 2.861809e+00
      vertex   -1.367613e+01 1.948021e+01 2.861809e+00
      vertex   -1.417465e+01 9.159458e+00 2.691317e+00
    endloop
  endfacet
  facet normal -3.235974e-01 0.000000e+00 9.461949e-01
    outer loop
      vertex   -1.417465e+01 9.159458e+00 2.691317e+00
      vertex   -1.367613e+01 1.948021e+01 2.861809e+00
      vertex   -1.417465e+01 1.948021e+01 2.691317e+00
    endloop
  endfacet
  facet normal -4.451490e-01 0.000000e+00 8.954565e-01
    outer loop
      vertex   -1.417465e+01 9.159458e+00 2.691317e+00
      vertex   -1.417465e+01 1.948021e+01 2.691317e+00
      vertex   -1.464644e+01 9.159458e+00 2.456783e+00
    endloop
  endfacet
  facet normal -4.451490e-01 0.000000e+00 8.954565e-01
    outer loop
      vertex   -1.464644e+01 9.159458e+00 2.456783e+00
      vertex   -1.417465e+01 1.948021e+01 2.691317e+00
      vertex   -1.464644e+01 1.948021e+01 2.456783e+00
    endloop
  endfacet
  facet normal -5.589776e-01 0.000000e+00 8.291828e-01
    outer loop
      vertex   -1.464644e+01 9.159458e+00 2.456783e+00
      vertex   -1.464644e+01 1.948021e+01 2.456783e+00
      vertex   -1.508330e+01 9.159458e+00 2.162278e+00
    endloop
  endfacet
  facet normal -5.589776e-01 0.000000e+00 8.291828e-01
    outer loop
      vertex   -1.508330e+01 9.159458e+00 2.162278e+00
      vertex   -1.464644e+01 1.948021e+01 2.456783e+00
      vertex   -1.508330e+01 1.948021e+01 2.162278e+00
    endloop
  endfacet
  facet normal -6.631084e-01 0.000000e+00 7.485234e-01
    outer loop
      vertex   -1.508330e+01 9.159458e+00 2.162278e+00
      vertex   -1.508330e+01 1.948021e+01 2.162278e+00
      vertex   -1.547767e+01 9.159458e+00 1.812909e+00
    endloop
  endfacet
  facet normal -6.631084e-01 0.000000e+00 7.485234e-01
    outer loop
      vertex   -1.547767e+01 9.159458e+00 1.812909e+00
      vertex   -1.508330e+01 1.948021e+01 2.162278e+00
      vertex   -1.547767e+01 1.948021e+01 1.812909e+00
    endloop
  endfacet
  facet normal -7.557348e-01 0.000000e+00 6.548778e-01
    outer loop
      vertex   -1.547767e+01 9.159458e+00 1.812909e+00
      vertex   -1.547767e+01 1.948021e+01 1.812909e+00
      vertex   -1.582271e+01 9.159458e+00 1.414739e+00
    endloop
  endfacet
  facet normal -7.557348e-01 0.000000e+00 6.548778e-01
    outer loop
      vertex   -1.582271e+01 9.159458e+00 1.414739e+00
      vertex   -1.547767e+01 1.948021e+01 1.812909e+00
      vertex   -1.582271e+01 1.948021e+01 1.414739e+00
    endloop
  endfacet
  facet normal -8.352499e-01 0.000000e+00 5.498706e-01
    outer loop
      vertex   -1.582271e+01 9.159458e+00 1.414739e+00
      vertex   -1.582271e+01 1.948021e+01 1.414739e+00
      vertex   -1.611241e+01 9.159458e+00 9.746753e-01
    endloop
  endfacet
  facet normal -1.964317e-01 0.000000e+00 9.805175e-01
    outer loop
      vertex   -1.315953e+01 9.159458e+00 2.965302e+00
      vertex   -1.367613e+01 9.159458e+00 2.861809e+00
      vertex   -1.367613e+01 -1.161297e+00 2.861809e+00
    endloop
  endfacet
  facet normal -3.235974e-01 0.000000e+00 9.461949e-01
    outer loop
      vertex   -1.367613e+01 -1.161297e+00 2.861809e+00
      vertex   -1.367613e+01 9.159458e+00 2.861809e+00
      vertex   -1.417465e+01 -1.161297e+00 2.691317e+00
    endloop
  endfacet
  facet normal -3.235974e-01 0.000000e+00 9.461949e-01
    outer loop
      vertex   -1.367613e+01 -1.161297e+00 2.861809e+00
      vertex   -1.417465e+01 -1.161297e+00 2.691317e+00
      vertex   -1.417465e+01 -1.148205e+01 2.691317e+00
    endloop
  endfacet
  facet normal -4.451490e-01 0.000000e+00 8.954565e-01
    outer loop
      vertex   -1.417465e+01 -1.148205e+01 2.691317e+00
      vertex   -1.417465e+01 -1.161297e+00 2.691317e+00
      vertex   -1.464644e+01 -1.148205e+01 2.456783e+00
    endloop
  endfacet
  facet normal -3.235974e-01 0.000000e+00 9.461949e-01
    outer loop
      vertex   -1.417465e+01 -1.161297e+00 2.691317e+00
      vertex   -1.367613e+01 9.159458e+00 2.861809e+00
      vertex   -1.417465e+01 9.159458e+00 2.691317e+00
    endloop
  endfacet
  facet normal -4.451490e-01 0.000000e+00 8.954565e-01
    outer loop
      vertex   -1.417465e+01 -1.161297e+00 2.691317e+00
      vertex   -1.417465e+01 9.159458e+00 2.691317e+00
      vertex   -1.464644e+01 -1.161297e+00 2.456783e+00
    endloop
  endfacet
  facet normal -4.451490e-01 0.000000e+00 8.954565e-01
    outer loop
      vertex   -1.464644e+01 -1.161297e+00 2.456783e+00
      vertex   -1.417465e+01 9.159458e+00 2.691317e+00
      vertex   -1.464644e+01 9.159458e+00 2.456783e+00
    endloop
  endfacet
  facet normal -5.589776e-01 0.000000e+00 8.291828e-01
    outer loop
      vertex   -1.464644e+01 -1.161297e+00 2.456783e+00
      vertex   -1.464644e+01 9.159458e+00 2.456783e+00
      vertex   -1.508330e+01 -1.161297e+00 2.162278e+00
    endloop
  endfacet
  facet normal -5.589776e-01 0.000000e+00 8.291828e-01
    outer loop
      vertex   -1.508330e+01 -1.161297e+00 2.162278e+00
      vertex   -1.464644e+01 9.159458e+00 2.456783e+00
      vertex   -1.508330e+01 9.159458e+00 2.162278e+00
    endloop
  endfacet
  facet normal -6.631084e-01 0.000000e+00 7.485234e-01
    outer loop
      vertex   -1.508330e+01 -1.161297e+00 2.162278e+00
      vertex   -1.508330e+01 9.159458e+00 2.162278e+00
      vertex   -1.547767e+01 -1.161297e+00 1.812909e+00
    endloop
  endfacet
  facet normal -6.631084e-01 0.000000e+00 7.485234e-01
    outer loop
      vertex   -1.547767e+01 -1.161297e+00 1.812909e+00
      vertex   -1.508330e+01 9.159458e+00 2.162278e+00
      vertex   -1.547767e+01 9.159458e+00 1.812909e+00
    endloop
  endfacet
  facet normal -7.557348e-01 0.000000e+00 6.548778e-01
    outer loop
      vertex   -1.547767e+01 -1.161297e+00 1.812909e+00
      vertex   -1.547767e+01 9.159458e+00 1.812909e+00
      vertex   -1.582271e+01 -1.161297e+00 1.414739e+00
    endloop
  endfacet
  facet normal -7.557348e-01 0.000000e+00 6.548778e-01
    outer loop
      vertex   -1.582271e+01 -1.161297e+00 1.414739e+00
      vertex   -1.547767e+01 9.159458e+00 1.812909e+00
      vertex   -1.582271e+01 9.159458e+00 1.414739e+00
    endloop
  endfacet
  facet normal -8.352499e-01 0.000000e+00 5.498706e-01
    outer loop
      vertex   -1.582271e+01 -1.161297e+00 1.414739e+00
      vertex   -1.582271e+01 9.159458e+00 1.414739e+00
      vertex   -1.611241e+01 -1.161297e+00 9.746753e-01
    endloop
  endfacet
  facet normal -8.352499e-01 0.000000e+00 5.498706e-01
    outer loop
      vertex   -1.611241e+01 -1.161297e+00 9.746753e-01
      vertex   -1.582271e+01 9.159458e+00 1.414739e+00
      vertex   -1.611241e+01 9.159458e+00 9.746753e-01
    endloop
  endfacet
  facet normal -9.002741e-01 0.000000e+00 4.353236e-01
    outer loop
      vertex   -1.611241e+01 -1.161297e+00 9.746753e-01
      vertex   -1.611241e+01 9.159458e+00 9.746753e-01
      vertex   -1.634177e+01 -1.161297e+00 5.003526e-01
    endloop
  endfacet
  facet normal -5.589776e-01 0.000000e+00 8.291828e-01
    outer loop
      vertex   -1.508330e+01 -1.148205e+01 2.162278e+00
      vertex   -1.464644e+01 -1.148205e+01 2.456783e+00
      vertex   -1.464644e+01 -1.161297e+00 2.456783e+00
    endloop
  endfacet
  facet normal -4.451490e-01 0.000000e+00 8.954565e-01
    outer loop
      vertex   -1.464644e+01 -1.161297e+00 2.456783e+00
      vertex   -1.464644e+01 -1.148205e+01 2.456783e+00
      vertex   -1.417465e+01 -1.161297e+00 2.691317e+00
    endloop
  endfacet
  facet normal -5.589776e-01 0.000000e+00 8.291828e-01
    outer loop
      vertex   -1.508330e+01 -1.148205e+01 2.162278e+00
      vertex   -1.464644e+01 -1.161297e+00 2.456783e+00
      vertex   -1.508330e+01 -1.161297e+00 2.162278e+00
    endloop
  endfacet
  facet normal -6.631084e-01 0.000000e+00 7.485234e-01
    outer loop
      vertex   -1.547767e+01 -1.148205e+01 1.812909e+00
      vertex   -1.508330e+01 -1.148205e+01 2.162278e+00
      vertex   -1.508330e+01 -1.161297e+00 2.162278e+00
    endloop
  endfacet
  facet normal -6.631084e-01 0.000000e+00 7.485234e-01
    outer loop
      vertex   -1.547767e+01 -1.148205e+01 1.812909e+00
      vertex   -1.508330e+01 -1.161297e+00 2.162278e+00
      vertex   -1.547767e+01 -1.161297e+00 1.812909e+00
    endloop
  endfacet
  facet normal -7.557348e-01 0.000000e+00 6.548778e-01
    outer loop
      vertex   -1.582271e+01 -1.148205e+01 1.414739e+00
      vertex   -1.547767e+01 -1.148205e+01 1.812909e+00
      vertex   -1.547767e+01 -1.161297e+00 1.812909e+00
    endloop
  endfacet
  facet normal -7.557348e-01 0.000000e+00 6.548778e-01
    outer loop
      vertex   -1.582271e+01 -1.148205e+01 1.414739e+00
      vertex   -1.547767e+01 -1.161297e+00 1.812909e+00
      vertex   -1.582271e+01 -1.161297e+00 1.414739e+00
    endloop
  endfacet
  facet normal -8.352499e-01 0.000000e+00 5.498706e-01
    outer loop
      vertex   -1.611241e+01 -1.148205e+01 9.746753e-01
      vertex   -1.582271e+01 -1.148205e+01 1.414739e+00
      vertex   -1.582271e+01 -1.161297e+00 1.414739e+00
    endloop
  endfacet
  facet normal -8.352499e-01 0.000000e+00 5.498706e-01
    outer loop
      vertex   -1.611241e+01 -1.148205e+01 9.746753e-01
      vertex   -1.582271e+01 -1.161297e+00 1.414739e+00
      vertex   -1.611241e+01 -1.161297e+00 9.746753e-01
    endloop
  endfacet
  facet normal -9.002741e-01 0.000000e+00 4.353236e-01
    outer loop
      vertex   -1.634177e+01 -1.148205e+01 5.003526e-01
      vertex   -1.611241e+01 -1.148205e+01 9.746753e-01
      vertex   -1.611241e+01 -1.161297e+00 9.746753e-01
    endloop
  endfacet
  facet normal -9.002741e-01 0.000000e+00 4.353236e-01
    outer loop
      vertex   -1.634177e+01 -1.148205e+01 5.003526e-01
      vertex   -1.611241e+01 -1.161297e+00 9.746753e-01
      vertex   -1.634177e+01 -1.161297e+00 5.003526e-01
    endloop
  endfacet
  facet normal -8.578553e-03 6.516058e-02 9.978379e-01
    outer loop
      vertex   -1.253967e+01 2.992366e+01 3.000000e+00
      vertex   -1.250680e+01 2.992798e+01 3.000000e+00
      vertex   -1.259200e+01 3.044812e+01 2.965302e+00
    endloop
  endfacet
  facet normal -4.316528e-03 6.585749e-02 9.978197e-01
    outer loop
      vertex   -1.259200e+01 3.044812e+01 2.965302e+00
      vertex   -1.250680e+01 2.992798e+01 3.000000e+00
      vertex   -1.250680e+01 3.045370e+01 2.965302e+00
    endloop
  endfacet
  facet normal -1.287375e-02 1.964154e-01 9.804362e-01
    outer loop
      vertex   -1.259200e+01 3.044812e+01 2.965302e+00
      vertex   -1.250680e+01 3.045370e+01 2.965302e+00
      vertex   -1.250680e+01 3.097030e+01 2.861809e+00
    endloop
  endfacet
  facet normal -1.287375e-02 1.964154e-01 9.804362e-01
    outer loop
      vertex   -1.259200e+01 3.044812e+01 2.965302e+00
      vertex   -1.250680e+01 3.097030e+01 2.861809e+00
      vertex   -1.265943e+01 3.096030e+01 2.861809e+00
    endloop
  endfacet
  facet normal -2.120493e-02 3.235247e-01 9.459821e-01
    outer loop
      vertex   -1.265943e+01 3.096030e+01 2.861809e+00
      vertex   -1.250680e+01 3.097030e+01 2.861809e+00
      vertex   -1.250680e+01 3.146882e+01 2.691317e+00
    endloop
  endfacet
  facet normal -2.120493e-02 3.235247e-01 9.459821e-01
    outer loop
      vertex   -1.265943e+01 3.096030e+01 2.861809e+00
      vertex   -1.250680e+01 3.146882e+01 2.691317e+00
      vertex   -1.272449e+01 3.145455e+01 2.691317e+00
    endloop
  endfacet
  facet normal -2.916419e-02 4.449596e-01 8.950756e-01
    outer loop
      vertex   -1.272449e+01 3.145455e+01 2.691317e+00
      vertex   -1.250680e+01 3.146882e+01 2.691317e+00
      vertex   -1.250680e+01 3.194061e+01 2.456783e+00
    endloop
  endfacet
  facet normal -2.916419e-02 4.449596e-01 8.950756e-01
    outer loop
      vertex   -1.272449e+01 3.145455e+01 2.691317e+00
      vertex   -1.250680e+01 3.194061e+01 2.456783e+00
      vertex   -1.278608e+01 3.192230e+01 2.456783e+00
    endloop
  endfacet
  facet normal -3.661276e-02 5.586028e-01 8.286268e-01
    outer loop
      vertex   -1.278608e+01 3.192230e+01 2.456783e+00
      vertex   -1.250680e+01 3.194061e+01 2.456783e+00
      vertex   -1.250680e+01 3.237747e+01 2.162278e+00
    endloop
  endfacet
  facet normal -3.661276e-02 5.586028e-01 8.286268e-01
    outer loop
      vertex   -1.278608e+01 3.192230e+01 2.456783e+00
      vertex   -1.250680e+01 3.237747e+01 2.162278e+00
      vertex   -1.284310e+01 3.235543e+01 2.162278e+00
    endloop
  endfacet
  facet normal -4.342143e-02 6.624830e-01 7.478174e-01
    outer loop
      vertex   -1.284310e+01 3.235543e+01 2.162278e+00
      vertex   -1.250680e+01 3.237747e+01 2.162278e+00
      vertex   -1.250680e+01 3.277184e+01 1.812909e+00
    endloop
  endfacet
  facet normal -4.342143e-02 6.624830e-01 7.478174e-01
    outer loop
      vertex   -1.284310e+01 3.235543e+01 2.162278e+00
      vertex   -1.250680e+01 3.277184e+01 1.812909e+00
      vertex   -1.289457e+01 3.274643e+01 1.812909e+00
    endloop
  endfacet
  facet normal -4.947282e-02 7.548094e-01 6.540759e-01
    outer loop
      vertex   -1.289457e+01 3.274643e+01 1.812909e+00
      vertex   -1.250680e+01 3.277184e+01 1.812909e+00
      vertex   -1.250680e+01 3.311688e+01 1.414739e+00
    endloop
  endfacet
  facet normal -4.947282e-02 7.548094e-01 6.540759e-01
    outer loop
      vertex   -1.289457e+01 3.274643e+01 1.812909e+00
      vertex   -1.250680e+01 3.311688e+01 1.414739e+00
      vertex   -1.293961e+01 3.308851e+01 1.414739e+00
    endloop
  endfacet
  facet normal -5.466332e-02 8.340010e-01 5.490484e-01
    outer loop
      vertex   -1.293961e+01 3.308851e+01 1.414739e+00
      vertex   -1.250680e+01 3.311688e+01 1.414739e+00
      vertex   -1.250680e+01 3.340658e+01 9.746753e-01
    endloop
  endfacet
  facet normal -5.466332e-02 8.340010e-01 5.490484e-01
    outer loop
      vertex   -1.293961e+01 3.308851e+01 1.414739e+00
      vertex   -1.250680e+01 3.340658e+01 9.746753e-01
      vertex   -1.297742e+01 3.337574e+01 9.746753e-01
    endloop
  endfacet
  facet normal -5.890462e-02 8.987108e-01 4.345677e-01
    outer loop
      vertex   -1.297742e+01 3.337574e+01 9.746753e-01
      vertex   -1.250680e+01 3.340658e+01 9.746753e-01
      vertex   -1.250680e+01 3.363594e+01 5.003526e-01
    endloop
  endfacet
  facet normal -5.890462e-02 8.987108e-01 4.345677e-01
    outer loop
      vertex   -1.297742e+01 3.337574e+01 9.746753e-01
      vertex   -1.250680e+01 3.363594e+01 5.003526e-01
      vertex   -1.300736e+01 3.360313e+01 5.003526e-01
    endloop
  endfacet
  facet normal -6.212503e-02 9.478448e-01 3.126191e-01
    outer loop
      vertex   -1.300736e+01 3.360313e+01 5.003526e-01
      vertex   -1.250680e+01 3.363594e+01 5.003526e-01
      vertex   -1.250680e+01 3.380097e+01 0.000000e+00
    endloop
  endfacet
  facet normal -6.212503e-02 9.478448e-01 3.126191e-01
    outer loop
      vertex   -1.300736e+01 3.360313e+01 5.003526e-01
      vertex   -1.250680e+01 3.380097e+01 0.000000e+00
      vertex   -1.302890e+01 3.376675e+01 0.000000e+00
    endloop
  endfacet
  facet normal -1.853121e-01 9.316269e-01 3.126191e-01
    outer loop
      vertex   -1.300736e+01 3.360313e+01 5.003526e-01
      vertex   -1.302890e+01 3.376675e+01 0.000000e+00
      vertex   -1.349936e+01 3.350527e+01 5.003526e-01
    endloop
  endfacet
  facet normal -1.853121e-01 9.316269e-01 3.126191e-01
    outer loop
      vertex   -1.349936e+01 3.350527e+01 5.003526e-01
      vertex   -1.302890e+01 3.376675e+01 0.000000e+00
      vertex   -1.354207e+01 3.366467e+01 0.000000e+00
    endloop
  endfacet
  facet normal -3.053285e-01 8.994687e-01 3.126191e-01
    outer loop
      vertex   -1.349936e+01 3.350527e+01 5.003526e-01
      vertex   -1.354207e+01 3.366467e+01 0.000000e+00
      vertex   -1.397438e+01 3.334402e+01 5.003526e-01
    endloop
  endfacet
  facet normal -3.053285e-01 8.994687e-01 3.126191e-01
    outer loop
      vertex   -1.397438e+01 3.334402e+01 5.003526e-01
      vertex   -1.354207e+01 3.366467e+01 0.000000e+00
      vertex   -1.403753e+01 3.349648e+01 0.000000e+00
    endloop
  endfacet
  facet normal -4.201206e-01 8.519202e-01 3.126191e-01
    outer loop
      vertex   -1.397438e+01 3.334402e+01 5.003526e-01
      vertex   -1.403753e+01 3.349648e+01 0.000000e+00
      vertex   -1.442428e+01 3.312215e+01 5.003526e-01
    endloop
  endfacet
  facet normal -4.201206e-01 8.519202e-01 3.126191e-01
    outer loop
      vertex   -1.442428e+01 3.312215e+01 5.003526e-01
      vertex   -1.403753e+01 3.349648e+01 0.000000e+00
      vertex   -1.450680e+01 3.326507e+01 0.000000e+00
    endloop
  endfacet
  facet normal -5.277243e-01 7.897952e-01 3.126191e-01
    outer loop
      vertex   -1.442428e+01 3.312215e+01 5.003526e-01
      vertex   -1.450680e+01 3.326507e+01 0.000000e+00
      vertex   -1.484138e+01 3.284346e+01 5.003526e-01
    endloop
  endfacet
  facet normal -5.277243e-01 7.897952e-01 3.126191e-01
    outer loop
      vertex   -1.484138e+01 3.284346e+01 5.003526e-01
      vertex   -1.450680e+01 3.326507e+01 0.000000e+00
      vertex   -1.494184e+01 3.297438e+01 0.000000e+00
    endloop
  endfacet
  facet normal -6.262985e-01 7.141565e-01 3.126191e-01
    outer loop
      vertex   -1.484138e+01 3.284346e+01 5.003526e-01
      vertex   -1.494184e+01 3.297438e+01 0.000000e+00
      vertex   -1.521853e+01 3.251270e+01 5.003526e-01
    endloop
  endfacet
  facet normal -6.262985e-01 7.141565e-01 3.126191e-01
    outer loop
      vertex   -1.521853e+01 3.251270e+01 5.003526e-01
      vertex   -1.494184e+01 3.297438e+01 0.000000e+00
      vertex   -1.533522e+01 3.262939e+01 0.000000e+00
    endloop
  endfacet
  facet normal -7.141565e-01 6.262985e-01 3.126191e-01
    outer loop
      vertex   -1.521853e+01 3.251270e+01 5.003526e-01
      vertex   -1.533522e+01 3.262939e+01 0.000000e+00
      vertex   -1.554928e+01 3.213555e+01 5.003526e-01
    endloop
  endfacet
  facet normal -7.141565e-01 6.262985e-01 3.126191e-01
    outer loop
      vertex   -1.554928e+01 3.213555e+01 5.003526e-01
      vertex   -1.533522e+01 3.262939e+01 0.000000e+00
      vertex   -1.568021e+01 3.223601e+01 0.000000e+00
    endloop
  endfacet
  facet normal -7.897952e-01 5.277243e-01 3.126191e-01
    outer loop
      vertex   -1.554928e+01 3.213555e+01 5.003526e-01
      vertex   -1.568021e+01 3.223601e+01 0.000000e+00
      vertex   -1.582798e+01 3.171845e+01 5.003526e-01
    endloop
  endfacet
  facet normal -7.897952e-01 5.277243e-01 3.126191e-01
    outer loop
      vertex   -1.582798e+01 3.171845e+01 5.003526e-01
      vertex   -1.568021e+01 3.223601e+01 0.000000e+00
      vertex   -1.597090e+01 3.180097e+01 0.000000e+00
    endloop
  endfacet
  facet normal -8.519202e-01 4.201206e-01 3.126191e-01
    outer loop
      vertex   -1.582798e+01 3.171845e+01 5.003526e-01
      vertex   -1.597090e+01 3.180097e+01 0.000000e+00
      vertex   -1.604985e+01 3.126855e+01 5.003526e-01
    endloop
  endfacet
  facet normal -8.519202e-01 4.201206e-01 3.126191e-01
    outer loop
      vertex   -1.604985e+01 3.126855e+01 5.003526e-01
      vertex   -1.597090e+01 3.180097e+01 0.000000e+00
      vertex   -1.620231e+01 3.133170e+01 0.000000e+00
    endloop
  endfacet
  facet normal -8.994687e-01 3.053285e-01 3.126191e-01
    outer loop
      vertex   -1.604985e+01 3.126855e+01 5.003526e-01
      vertex   -1.620231e+01 3.133170e+01 0.000000e+00
      vertex   -1.621110e+01 3.079353e+01 5.003526e-01
    endloop
  endfacet
  facet normal -8.994687e-01 3.053285e-01 3.126191e-01
    outer loop
      vertex   -1.621110e+01 3.079353e+01 5.003526e-01
      vertex   -1.620231e+01 3.133170e+01 0.000000e+00
      vertex   -1.637050e+01 3.083624e+01 0.000000e+00
    endloop
  endfacet
  facet normal -9.316269e-01 1.853121e-01 3.126191e-01
    outer loop
      vertex   -1.621110e+01 3.079353e+01 5.003526e-01
      vertex   -1.637050e+01 3.083624e+01 0.000000e+00
      vertex   -1.630896e+01 3.030153e+01 5.003526e-01
    endloop
  endfacet
  facet normal -9.316269e-01 1.853121e-01 3.126191e-01
    outer loop
      vertex   -1.630896e+01 3.030153e+01 5.003526e-01
      vertex   -1.637050e+01 3.083624e+01 0.000000e+00
      vertex   -1.647258e+01 3.032307e+01 0.000000e+00
    endloop
  endfacet
  facet normal -9.478448e-01 6.212503e-02 3.126191e-01
    outer loop
      vertex   -1.630896e+01 3.030153e+01 5.003526e-01
      vertex   -1.647258e+01 3.032307e+01 0.000000e+00
      vertex   -1.634177e+01 2.980097e+01 5.003526e-01
    endloop
  endfacet
  facet normal -9.478448e-01 6.212503e-02 3.126191e-01
    outer loop
      vertex   -1.634177e+01 2.980097e+01 5.003526e-01
      vertex   -1.647258e+01 3.032307e+01 0.000000e+00
      vertex   -1.650680e+01 2.980097e+01 0.000000e+00
    endloop
  endfacet
  facet normal -8.987108e-01 5.890462e-02 4.345677e-01
    outer loop
      vertex   -1.634177e+01 2.980097e+01 5.003526e-01
      vertex   -1.611241e+01 2.980097e+01 9.746753e-01
      vertex   -1.630896e+01 3.030153e+01 5.003526e-01
    endloop
  endfacet
  facet normal -8.987108e-01 5.890462e-02 4.345677e-01
    outer loop
      vertex   -1.630896e+01 3.030153e+01 5.003526e-01
      vertex   -1.611241e+01 2.980097e+01 9.746753e-01
      vertex   -1.608157e+01 3.027159e+01 9.746753e-01
    endloop
  endfacet
  facet normal -8.833336e-01 1.757060e-01 4.345677e-01
    outer loop
      vertex   -1.630896e+01 3.030153e+01 5.003526e-01
      vertex   -1.608157e+01 3.027159e+01 9.746753e-01
      vertex   -1.621110e+01 3.079353e+01 5.003526e-01
    endloop
  endfacet
  facet normal -8.833336e-01 1.757060e-01 4.345677e-01
    outer loop
      vertex   -1.621110e+01 3.079353e+01 5.003526e-01
      vertex   -1.608157e+01 3.027159e+01 9.746753e-01
      vertex   -1.598955e+01 3.073417e+01 9.746753e-01
    endloop
  endfacet
  facet normal -8.528424e-01 2.895010e-01 4.345677e-01
    outer loop
      vertex   -1.621110e+01 3.079353e+01 5.003526e-01
      vertex   -1.598955e+01 3.073417e+01 9.746753e-01
      vertex   -1.604985e+01 3.126855e+01 5.003526e-01
    endloop
  endfacet
  facet normal -8.528424e-01 2.895010e-01 4.345677e-01
    outer loop
      vertex   -1.604985e+01 3.126855e+01 5.003526e-01
      vertex   -1.598955e+01 3.073417e+01 9.746753e-01
      vertex   -1.583795e+01 3.118078e+01 9.746753e-01
    endloop
  endfacet
  facet normal -8.077587e-01 3.983425e-01 4.345677e-01
    outer loop
      vertex   -1.604985e+01 3.126855e+01 5.003526e-01
      vertex   -1.583795e+01 3.118078e+01 9.746753e-01
      vertex   -1.582798e+01 3.171845e+01 5.003526e-01
    endloop
  endfacet
  facet normal -8.077587e-01 3.983425e-01 4.345677e-01
    outer loop
      vertex   -1.582798e+01 3.171845e+01 5.003526e-01
      vertex   -1.583795e+01 3.118078e+01 9.746753e-01
      vertex   -1.562935e+01 3.160378e+01 9.746753e-01
    endloop
  endfacet
  facet normal -7.488541e-01 5.003683e-01 4.345677e-01
    outer loop
      vertex   -1.582798e+01 3.171845e+01 5.003526e-01
      vertex   -1.562935e+01 3.160378e+01 9.746753e-01
      vertex   -1.554928e+01 3.213555e+01 5.003526e-01
    endloop
  endfacet
  facet normal -7.488541e-01 5.003683e-01 4.345677e-01
    outer loop
      vertex   -1.554928e+01 3.213555e+01 5.003526e-01
      vertex   -1.562935e+01 3.160378e+01 9.746753e-01
      vertex   -1.536732e+01 3.199593e+01 9.746753e-01
    endloop
  endfacet
  facet normal -6.771364e-01 5.938327e-01 4.345677e-01
    outer loop
      vertex   -1.554928e+01 3.213555e+01 5.003526e-01
      vertex   -1.536732e+01 3.199593e+01 9.746753e-01
      vertex   -1.521853e+01 3.251270e+01 5.003526e-01
    endloop
  endfacet
  facet normal -6.771364e-01 5.938327e-01 4.345677e-01
    outer loop
      vertex   -1.521853e+01 3.251270e+01 5.003526e-01
      vertex   -1.536732e+01 3.199593e+01 9.746753e-01
      vertex   -1.505635e+01 3.235052e+01 9.746753e-01
    endloop
  endfacet
  facet normal -5.938327e-01 6.771364e-01 4.345677e-01
    outer loop
      vertex   -1.521853e+01 3.251270e+01 5.003526e-01
      vertex   -1.505635e+01 3.235052e+01 9.746753e-01
      vertex   -1.484138e+01 3.284346e+01 5.003526e-01
    endloop
  endfacet
  facet normal -5.938327e-01 6.771364e-01 4.345677e-01
    outer loop
      vertex   -1.484138e+01 3.284346e+01 5.003526e-01
      vertex   -1.505635e+01 3.235052e+01 9.746753e-01
      vertex   -1.470176e+01 3.266149e+01 9.746753e-01
    endloop
  endfacet
  facet normal -5.003683e-01 7.488541e-01 4.345677e-01
    outer loop
      vertex   -1.484138e+01 3.284346e+01 5.003526e-01
      vertex   -1.470176e+01 3.266149e+01 9.746753e-01
      vertex   -1.442428e+01 3.312215e+01 5.003526e-01
    endloop
  endfacet
  facet normal -5.003683e-01 7.488541e-01 4.345677e-01
    outer loop
      vertex   -1.442428e+01 3.312215e+01 5.003526e-01
      vertex   -1.470176e+01 3.266149e+01 9.746753e-01
      vertex   -1.430960e+01 3.292352e+01 9.746753e-01
    endloop
  endfacet
  facet normal -3.983425e-01 8.077587e-01 4.345677e-01
    outer loop
      vertex   -1.442428e+01 3.312215e+01 5.003526e-01
      vertex   -1.430960e+01 3.292352e+01 9.746753e-01
      vertex   -1.397438e+01 3.334402e+01 5.003526e-01
    endloop
  endfacet
  facet normal -3.983425e-01 8.077587e-01 4.345677e-01
    outer loop
      vertex   -1.397438e+01 3.334402e+01 5.003526e-01
      vertex   -1.430960e+01 3.292352e+01 9.746753e-01
      vertex   -1.388661e+01 3.313212e+01 9.746753e-01
    endloop
  endfacet
  facet normal -2.895010e-01 8.528424e-01 4.345677e-01
    outer loop
      vertex   -1.397438e+01 3.334402e+01 5.003526e-01
      vertex   -1.388661e+01 3.313212e+01 9.746753e-01
      vertex   -1.349936e+01 3.350527e+01 5.003526e-01
    endloop
  endfacet
  facet normal -2.895010e-01 8.528424e-01 4.345677e-01
    outer loop
      vertex   -1.349936e+01 3.350527e+01 5.003526e-01
      vertex   -1.388661e+01 3.313212e+01 9.746753e-01
      vertex   -1.344000e+01 3.328372e+01 9.746753e-01
    endloop
  endfacet
  facet normal -1.757060e-01 8.833336e-01 4.345677e-01
    outer loop
      vertex   -1.349936e+01 3.350527e+01 5.003526e-01
      vertex   -1.344000e+01 3.328372e+01 9.746753e-01
      vertex   -1.300736e+01 3.360313e+01 5.003526e-01
    endloop
  endfacet
  facet normal -1.757060e-01 8.833336e-01 4.345677e-01
    outer loop
      vertex   -1.300736e+01 3.360313e+01 5.003526e-01
      vertex   -1.344000e+01 3.328372e+01 9.746753e-01
      vertex   -1.297742e+01 3.337574e+01 9.746753e-01
    endloop
  endfacet
  facet normal -8.340010e-01 5.466332e-02 5.490484e-01
    outer loop
      vertex   -1.611241e+01 2.980097e+01 9.746753e-01
      vertex   -1.582271e+01 2.980097e+01 1.414739e+00
      vertex   -1.608157e+01 3.027159e+01 9.746753e-01
    endloop
  endfacet
  facet normal -8.340010e-01 5.466332e-02 5.490484e-01
    outer loop
      vertex   -1.608157e+01 3.027159e+01 9.746753e-01
      vertex   -1.582271e+01 2.980097e+01 1.414739e+00
      vertex   -1.579434e+01 3.023378e+01 1.414739e+00
    endloop
  endfacet
  facet normal -8.197311e-01 1.630546e-01 5.490484e-01
    outer loop
      vertex   -1.608157e+01 3.027159e+01 9.746753e-01
      vertex   -1.579434e+01 3.023378e+01 1.414739e+00
      vertex   -1.598955e+01 3.073417e+01 9.746753e-01
    endloop
  endfacet
  facet normal -8.197311e-01 1.630546e-01 5.490484e-01
    outer loop
      vertex   -1.598955e+01 3.073417e+01 9.746753e-01
      vertex   -1.579434e+01 3.023378e+01 1.414739e+00
      vertex   -1.570972e+01 3.065919e+01 1.414739e+00
    endloop
  endfacet
  facet normal -7.914352e-01 2.686561e-01 5.490484e-01
    outer loop
      vertex   -1.598955e+01 3.073417e+01 9.746753e-01
      vertex   -1.570972e+01 3.065919e+01 1.414739e+00
      vertex   -1.583795e+01 3.118078e+01 9.746753e-01
    endloop
  endfacet
  facet normal -7.914352e-01 2.686561e-01 5.490484e-01
    outer loop
      vertex   -1.583795e+01 3.118078e+01 9.746753e-01
      vertex   -1.570972e+01 3.065919e+01 1.414739e+00
      vertex   -1.557030e+01 3.106991e+01 1.414739e+00
    endloop
  endfacet
  facet normal -7.495978e-01 3.696607e-01 5.490484e-01
    outer loop
      vertex   -1.583795e+01 3.118078e+01 9.746753e-01
      vertex   -1.557030e+01 3.106991e+01 1.414739e+00
      vertex   -1.562935e+01 3.160378e+01 9.746753e-01
    endloop
  endfacet
  facet normal -7.495978e-01 3.696607e-01 5.490484e-01
    outer loop
      vertex   -1.562935e+01 3.160378e+01 9.746753e-01
      vertex   -1.557030e+01 3.106991e+01 1.414739e+00
      vertex   -1.537846e+01 3.145892e+01 1.414739e+00
    endloop
  endfacet
  facet normal -6.949344e-01 4.643403e-01 5.490484e-01
    outer loop
      vertex   -1.562935e+01 3.160378e+01 9.746753e-01
      vertex   -1.537846e+01 3.145892e+01 1.414739e+00
      vertex   -1.536732e+01 3.199593e+01 9.746753e-01
    endloop
  endfacet
  facet normal -6.949344e-01 4.643403e-01 5.490484e-01
    outer loop
      vertex   -1.536732e+01 3.199593e+01 9.746753e-01
      vertex   -1.537846e+01 3.145892e+01 1.414739e+00
      vertex   -1.513748e+01 3.181956e+01 1.414739e+00
    endloop
  endfacet
  facet normal -6.283806e-01 5.510750e-01 5.490484e-01
    outer loop
      vertex   -1.536732e+01 3.199593e+01 9.746753e-01
      vertex   -1.513748e+01 3.181956e+01 1.414739e+00
      vertex   -1.505635e+01 3.235052e+01 9.746753e-01
    endloop
  endfacet
  facet normal -6.283806e-01 5.510750e-01 5.490484e-01
    outer loop
      vertex   -1.505635e+01 3.235052e+01 9.746753e-01
      vertex   -1.513748e+01 3.181956e+01 1.414739e+00
      vertex   -1.485150e+01 3.214567e+01 1.414739e+00
    endloop
  endfacet
  facet normal -5.510750e-01 6.283806e-01 5.490484e-01
    outer loop
      vertex   -1.505635e+01 3.235052e+01 9.746753e-01
      vertex   -1.485150e+01 3.214567e+01 1.414739e+00
      vertex   -1.470176e+01 3.266149e+01 9.746753e-01
    endloop
  endfacet
  facet normal -5.510750e-01 6.283806e-01 5.490484e-01
    outer loop
      vertex   -1.470176e+01 3.266149e+01 9.746753e-01
      vertex   -1.485150e+01 3.214567e+01 1.414739e+00
      vertex   -1.452539e+01 3.243165e+01 1.414739e+00
    endloop
  endfacet
  facet normal -4.643403e-01 6.949344e-01 5.490484e-01
    outer loop
      vertex   -1.470176e+01 3.266149e+01 9.746753e-01
      vertex   -1.452539e+01 3.243165e+01 1.414739e+00
      vertex   -1.430960e+01 3.292352e+01 9.746753e-01
    endloop
  endfacet
  facet normal -4.643403e-01 6.949344e-01 5.490484e-01
    outer loop
      vertex   -1.430960e+01 3.292352e+01 9.746753e-01
      vertex   -1.452539e+01 3.243165e+01 1.414739e+00
      vertex   -1.416475e+01 3.267263e+01 1.414739e+00
    endloop
  endfacet
  facet normal -3.696607e-01 7.495978e-01 5.490484e-01
    outer loop
      vertex   -1.430960e+01 3.292352e+01 9.746753e-01
      vertex   -1.416475e+01 3.267263e+01 1.414739e+00
      vertex   -1.388661e+01 3.313212e+01 9.746753e-01
    endloop
  endfacet
  facet normal -3.696607e-01 7.495978e-01 5.490484e-01
    outer loop
      vertex   -1.388661e+01 3.313212e+01 9.746753e-01
      vertex   -1.416475e+01 3.267263e+01 1.414739e+00
      vertex   -1.377574e+01 3.286447e+01 1.414739e+00
    endloop
  endfacet
  facet normal -2.686561e-01 7.914352e-01 5.490484e-01
    outer loop
      vertex   -1.388661e+01 3.313212e+01 9.746753e-01
      vertex   -1.377574e+01 3.286447e+01 1.414739e+00
      vertex   -1.344000e+01 3.328372e+01 9.746753e-01
    endloop
  endfacet
  facet normal -2.686561e-01 7.914352e-01 5.490484e-01
    outer loop
      vertex   -1.344000e+01 3.328372e+01 9.746753e-01
      vertex   -1.377574e+01 3.286447e+01 1.414739e+00
      vertex   -1.336502e+01 3.300389e+01 1.414739e+00
    endloop
  endfacet
  facet normal -1.630546e-01 8.197311e-01 5.490484e-01
    outer loop
      vertex   -1.344000e+01 3.328372e+01 9.746753e-01
      vertex   -1.336502e+01 3.300389e+01 1.414739e+00
      vertex   -1.297742e+01 3.337574e+01 9.746753e-01
    endloop
  endfacet
  facet normal -1.630546e-01 8.197311e-01 5.490484e-01
    outer loop
      vertex   -1.297742e+01 3.337574e+01 9.746753e-01
      vertex   -1.336502e+01 3.300389e+01 1.414739e+00
      vertex   -1.293961e+01 3.308851e+01 1.414739e+00
    endloop
  endfacet
  facet normal -7.548094e-01 4.947282e-02 6.540759e-01
    outer loop
      vertex   -1.582271e+01 2.980097e+01 1.414739e+00
      vertex   -1.547767e+01 2.980097e+01 1.812909e+00
      vertex   -1.579434e+01 3.023378e+01 1.414739e+00
    endloop
  endfacet
  facet normal -7.548094e-01 4.947282e-02 6.540759e-01
    outer loop
      vertex   -1.579434e+01 3.023378e+01 1.414739e+00
      vertex   -1.547767e+01 2.980097e+01 1.812909e+00
      vertex   -1.545226e+01 3.018874e+01 1.812909e+00
    endloop
  endfacet
  facet normal -7.418944e-01 1.475720e-01 6.540759e-01
    outer loop
      vertex   -1.579434e+01 3.023378e+01 1.414739e+00
      vertex   -1.545226e+01 3.018874e+01 1.812909e+00
      vertex   -1.570972e+01 3.065919e+01 1.414739e+00
    endloop
  endfacet
  facet normal -7.418944e-01 1.475720e-01 6.540759e-01
    outer loop
      vertex   -1.570972e+01 3.065919e+01 1.414739e+00
      vertex   -1.545226e+01 3.018874e+01 1.812909e+00
      vertex   -1.537644e+01 3.056989e+01 1.812909e+00
    endloop
  endfacet
  facet normal -7.162854e-01 2.431461e-01 6.540759e-01
    outer loop
      vertex   -1.570972e+01 3.065919e+01 1.414739e+00
      vertex   -1.537644e+01 3.056989e+01 1.812909e+00
      vertex   -1.557030e+01 3.106991e+01 1.414739e+00
    endloop
  endfacet
  facet normal -7.162854e-01 2.431461e-01 6.540759e-01
    outer loop
      vertex   -1.557030e+01 3.106991e+01 1.414739e+00
      vertex   -1.537644e+01 3.056989e+01 1.812909e+00
      vertex   -1.525153e+01 3.093787e+01 1.812909e+00
    endloop
  endfacet
  facet normal -6.784205e-01 3.345600e-01 6.540759e-01
    outer loop
      vertex   -1.557030e+01 3.106991e+01 1.414739e+00
      vertex   -1.525153e+01 3.093787e+01 1.812909e+00
      vertex   -1.537846e+01 3.145892e+01 1.414739e+00
    endloop
  endfacet
  facet normal -6.784205e-01 3.345600e-01 6.540759e-01
    outer loop
      vertex   -1.537846e+01 3.145892e+01 1.414739e+00
      vertex   -1.525153e+01 3.093787e+01 1.812909e+00
      vertex   -1.507965e+01 3.128641e+01 1.812909e+00
    endloop
  endfacet
  facet normal -6.289477e-01 4.202494e-01 6.540759e-01
    outer loop
      vertex   -1.537846e+01 3.145892e+01 1.414739e+00
      vertex   -1.507965e+01 3.128641e+01 1.812909e+00
      vertex   -1.513748e+01 3.181956e+01 1.414739e+00
    endloop
  endfacet
  facet normal -6.289477e-01 4.202494e-01 6.540759e-01
    outer loop
      vertex   -1.513748e+01 3.181956e+01 1.414739e+00
      vertex   -1.507965e+01 3.128641e+01 1.812909e+00
      vertex   -1.486375e+01 3.160952e+01 1.812909e+00
    endloop
  endfacet
  facet normal -5.687134e-01 4.987483e-01 6.540759e-01
    outer loop
      vertex   -1.513748e+01 3.181956e+01 1.414739e+00
      vertex   -1.486375e+01 3.160952e+01 1.812909e+00
      vertex   -1.485150e+01 3.214567e+01 1.414739e+00
    endloop
  endfacet
  facet normal -5.687134e-01 4.987483e-01 6.540759e-01
    outer loop
      vertex   -1.485150e+01 3.214567e+01 1.414739e+00
      vertex   -1.486375e+01 3.160952e+01 1.812909e+00
      vertex   -1.460752e+01 3.190169e+01 1.812909e+00
    endloop
  endfacet
  facet normal -4.987483e-01 5.687134e-01 6.540759e-01
    outer loop
      vertex   -1.485150e+01 3.214567e+01 1.414739e+00
      vertex   -1.460752e+01 3.190169e+01 1.812909e+00
      vertex   -1.452539e+01 3.243165e+01 1.414739e+00
    endloop
  endfacet
  facet normal -4.987483e-01 5.687134e-01 6.540759e-01
    outer loop
      vertex   -1.452539e+01 3.243165e+01 1.414739e+00
      vertex   -1.460752e+01 3.190169e+01 1.812909e+00
      vertex   -1.431535e+01 3.215792e+01 1.812909e+00
    endloop
  endfacet
  facet normal -4.202494e-01 6.289477e-01 6.540759e-01
    outer loop
      vertex   -1.452539e+01 3.243165e+01 1.414739e+00
      vertex   -1.431535e+01 3.215792e+01 1.812909e+00
      vertex   -1.416475e+01 3.267263e+01 1.414739e+00
    endloop
  endfacet
  facet normal -4.202494e-01 6.289477e-01 6.540759e-01
    outer loop
      vertex   -1.416475e+01 3.267263e+01 1.414739e+00
      vertex   -1.431535e+01 3.215792e+01 1.812909e+00
      vertex   -1.399223e+01 3.237382e+01 1.812909e+00
    endloop
  endfacet
  facet normal -3.345600e-01 6.784205e-01 6.540759e-01
    outer loop
      vertex   -1.416475e+01 3.267263e+01 1.414739e+00
      vertex   -1.399223e+01 3.237382e+01 1.812909e+00
      vertex   -1.377574e+01 3.286447e+01 1.414739e+00
    endloop
  endfacet
  facet normal -3.345600e-01 6.784205e-01 6.540759e-01
    outer loop
      vertex   -1.377574e+01 3.286447e+01 1.414739e+00
      vertex   -1.399223e+01 3.237382e+01 1.812909e+00
      vertex   -1.364370e+01 3.254570e+01 1.812909e+00
    endloop
  endfacet
  facet normal -2.431461e-01 7.162854e-01 6.540759e-01
    outer loop
      vertex   -1.377574e+01 3.286447e+01 1.414739e+00
      vertex   -1.364370e+01 3.254570e+01 1.812909e+00
      vertex   -1.336502e+01 3.300389e+01 1.414739e+00
    endloop
  endfacet
  facet normal -2.431461e-01 7.162854e-01 6.540759e-01
    outer loop
      vertex   -1.336502e+01 3.300389e+01 1.414739e+00
      vertex   -1.364370e+01 3.254570e+01 1.812909e+00
      vertex   -1.327572e+01 3.267061e+01 1.812909e+00
    endloop
  endfacet
  facet normal -1.475720e-01 7.418944e-01 6.540759e-01
    outer loop
      vertex   -1.336502e+01 3.300389e+01 1.414739e+00
      vertex   -1.327572e+01 3.267061e+01 1.812909e+00
      vertex   -1.293961e+01 3.308851e+01 1.414739e+00
    endloop
  endfacet
  facet normal -1.475720e-01 7.418944e-01 6.540759e-01
    outer loop
      vertex   -1.293961e+01 3.308851e+01 1.414739e+00
      vertex   -1.327572e+01 3.267061e+01 1.812909e+00
      vertex   -1.289457e+01 3.274643e+01 1.812909e+00
    endloop
  endfacet
  facet normal -6.624830e-01 4.342143e-02 7.478174e-01
    outer loop
      vertex   -1.547767e+01 2.980097e+01 1.812909e+00
      vertex   -1.508330e+01 2.980097e+01 2.162278e+00
      vertex   -1.545226e+01 3.018874e+01 1.812909e+00
    endloop
  endfacet
  facet normal -6.624830e-01 4.342143e-02 7.478174e-01
    outer loop
      vertex   -1.545226e+01 3.018874e+01 1.812909e+00
      vertex   -1.508330e+01 2.980097e+01 2.162278e+00
      vertex   -1.506126e+01 3.013727e+01 2.162278e+00
    endloop
  endfacet
  facet normal -6.511477e-01 1.295213e-01 7.478174e-01
    outer loop
      vertex   -1.545226e+01 3.018874e+01 1.812909e+00
      vertex   -1.506126e+01 3.013727e+01 2.162278e+00
      vertex   -1.537644e+01 3.056989e+01 1.812909e+00
    endloop
  endfacet
  facet normal -6.511477e-01 1.295213e-01 7.478174e-01
    outer loop
      vertex   -1.537644e+01 3.056989e+01 1.812909e+00
      vertex   -1.506126e+01 3.013727e+01 2.162278e+00
      vertex   -1.499551e+01 3.046782e+01 2.162278e+00
    endloop
  endfacet
  facet normal -6.286711e-01 2.134051e-01 7.478174e-01
    outer loop
      vertex   -1.537644e+01 3.056989e+01 1.812909e+00
      vertex   -1.499551e+01 3.046782e+01 2.162278e+00
      vertex   -1.525153e+01 3.093787e+01 1.812909e+00
    endloop
  endfacet
  facet normal -6.286711e-01 2.134051e-01 7.478174e-01
    outer loop
      vertex   -1.525153e+01 3.093787e+01 1.812909e+00
      vertex   -1.499551e+01 3.046782e+01 2.162278e+00
      vertex   -1.488718e+01 3.078695e+01 2.162278e+00
    endloop
  endfacet
  facet normal -5.954378e-01 2.936374e-01 7.478174e-01
    outer loop
      vertex   -1.525153e+01 3.093787e+01 1.812909e+00
      vertex   -1.488718e+01 3.078695e+01 2.162278e+00
      vertex   -1.507965e+01 3.128641e+01 1.812909e+00
    endloop
  endfacet
  facet normal -5.954378e-01 2.936374e-01 7.478174e-01
    outer loop
      vertex   -1.507965e+01 3.128641e+01 1.812909e+00
      vertex   -1.488718e+01 3.078695e+01 2.162278e+00
      vertex   -1.473812e+01 3.108922e+01 2.162278e+00
    endloop
  endfacet
  facet normal -5.520164e-01 3.688455e-01 7.478174e-01
    outer loop
      vertex   -1.507965e+01 3.128641e+01 1.812909e+00
      vertex   -1.473812e+01 3.108922e+01 2.162278e+00
      vertex   -1.486375e+01 3.160952e+01 1.812909e+00
    endloop
  endfacet
  facet normal -5.520164e-01 3.688455e-01 7.478174e-01
    outer loop
      vertex   -1.486375e+01 3.160952e+01 1.812909e+00
      vertex   -1.473812e+01 3.108922e+01 2.162278e+00
      vertex   -1.455088e+01 3.136944e+01 2.162278e+00
    endloop
  endfacet
  facet normal -4.991498e-01 4.377426e-01 7.478174e-01
    outer loop
      vertex   -1.486375e+01 3.160952e+01 1.812909e+00
      vertex   -1.455088e+01 3.136944e+01 2.162278e+00
      vertex   -1.460752e+01 3.190169e+01 1.812909e+00
    endloop
  endfacet
  facet normal -4.991498e-01 4.377426e-01 7.478174e-01
    outer loop
      vertex   -1.460752e+01 3.190169e+01 1.812909e+00
      vertex   -1.455088e+01 3.136944e+01 2.162278e+00
      vertex   -1.432866e+01 3.162283e+01 2.162278e+00
    endloop
  endfacet
  facet normal -4.377426e-01 4.991498e-01 7.478174e-01
    outer loop
      vertex   -1.460752e+01 3.190169e+01 1.812909e+00
      vertex   -1.432866e+01 3.162283e+01 2.162278e+00
      vertex   -1.431535e+01 3.215792e+01 1.812909e+00
    endloop
  endfacet
  facet normal -4.377426e-01 4.991498e-01 7.478174e-01
    outer loop
      vertex   -1.431535e+01 3.215792e+01 1.812909e+00
      vertex   -1.432866e+01 3.162283e+01 2.162278e+00
      vertex   -1.407527e+01 3.184505e+01 2.162278e+00
    endloop
  endfacet
  facet normal -3.688455e-01 5.520164e-01 7.478174e-01
    outer loop
      vertex   -1.431535e+01 3.215792e+01 1.812909e+00
      vertex   -1.407527e+01 3.184505e+01 2.162278e+00
      vertex   -1.399223e+01 3.237382e+01 1.812909e+00
    endloop
  endfacet
  facet normal -3.688455e-01 5.520164e-01 7.478174e-01
    outer loop
      vertex   -1.399223e+01 3.237382e+01 1.812909e+00
      vertex   -1.407527e+01 3.184505e+01 2.162278e+00
      vertex   -1.379505e+01 3.203229e+01 2.162278e+00
    endloop
  endfacet
  facet normal -2.936374e-01 5.954378e-01 7.478174e-01
    outer loop
      vertex   -1.399223e+01 3.237382e+01 1.812909e+00
      vertex   -1.379505e+01 3.203229e+01 2.162278e+00
      vertex   -1.364370e+01 3.254570e+01 1.812909e+00
    endloop
  endfacet
  facet normal -2.936374e-01 5.954378e-01 7.478174e-01
    outer loop
      vertex   -1.364370e+01 3.254570e+01 1.812909e+00
      vertex   -1.379505e+01 3.203229e+01 2.162278e+00
      vertex   -1.349278e+01 3.218135e+01 2.162278e+00
    endloop
  endfacet
  facet normal -2.134051e-01 6.286711e-01 7.478174e-01
    outer loop
      vertex   -1.364370e+01 3.254570e+01 1.812909e+00
      vertex   -1.349278e+01 3.218135e+01 2.162278e+00
      vertex   -1.327572e+01 3.267061e+01 1.812909e+00
    endloop
  endfacet
  facet normal -2.134051e-01 6.286711e-01 7.478174e-01
    outer loop
      vertex   -1.327572e+01 3.267061e+01 1.812909e+00
      vertex   -1.349278e+01 3.218135e+01 2.162278e+00
      vertex   -1.317365e+01 3.228968e+01 2.162278e+00
    endloop
  endfacet
  facet normal -1.295213e-01 6.511477e-01 7.478174e-01
    outer loop
      vertex   -1.327572e+01 3.267061e+01 1.812909e+00
      vertex   -1.317365e+01 3.228968e+01 2.162278e+00
      vertex   -1.289457e+01 3.274643e+01 1.812909e+00
    endloop
  endfacet
  facet normal -1.295213e-01 6.511477e-01 7.478174e-01
    outer loop
      vertex   -1.289457e+01 3.274643e+01 1.812909e+00
      vertex   -1.317365e+01 3.228968e+01 2.162278e+00
      vertex   -1.284310e+01 3.235543e+01 2.162278e+00
    endloop
  endfacet
  facet normal -5.586028e-01 3.661276e-02 8.286268e-01
    outer loop
      vertex   -1.508330e+01 2.980097e+01 2.162278e+00
      vertex   -1.464644e+01 2.980097e+01 2.456783e+00
      vertex   -1.506126e+01 3.013727e+01 2.162278e+00
    endloop
  endfacet
  facet normal -5.586028e-01 3.661276e-02 8.286268e-01
    outer loop
      vertex   -1.506126e+01 3.013727e+01 2.162278e+00
      vertex   -1.464644e+01 2.980097e+01 2.456783e+00
      vertex   -1.462813e+01 3.008025e+01 2.456783e+00
    endloop
  endfacet
  facet normal -5.490449e-01 1.092118e-01 8.286268e-01
    outer loop
      vertex   -1.506126e+01 3.013727e+01 2.162278e+00
      vertex   -1.462813e+01 3.008025e+01 2.456783e+00
      vertex   -1.499551e+01 3.046782e+01 2.162278e+00
    endloop
  endfacet
  facet normal -5.490449e-01 1.092118e-01 8.286268e-01
    outer loop
      vertex   -1.499551e+01 3.046782e+01 2.162278e+00
      vertex   -1.462813e+01 3.008025e+01 2.456783e+00
      vertex   -1.457353e+01 3.035475e+01 2.456783e+00
    endloop
  endfacet
  facet normal -5.300928e-01 1.799423e-01 8.286268e-01
    outer loop
      vertex   -1.499551e+01 3.046782e+01 2.162278e+00
      vertex   -1.457353e+01 3.035475e+01 2.456783e+00
      vertex   -1.488718e+01 3.078695e+01 2.162278e+00
    endloop
  endfacet
  facet normal -5.300928e-01 1.799423e-01 8.286268e-01
    outer loop
      vertex   -1.488718e+01 3.078695e+01 2.162278e+00
      vertex   -1.457353e+01 3.035475e+01 2.456783e+00
      vertex   -1.448356e+01 3.061977e+01 2.456783e+00
    endloop
  endfacet
  facet normal -5.020706e-01 2.475938e-01 8.286268e-01
    outer loop
      vertex   -1.488718e+01 3.078695e+01 2.162278e+00
      vertex   -1.448356e+01 3.061977e+01 2.456783e+00
      vertex   -1.473812e+01 3.108922e+01 2.162278e+00
    endloop
  endfacet
  facet normal -5.020706e-01 2.475938e-01 8.286268e-01
    outer loop
      vertex   -1.473812e+01 3.108922e+01 2.162278e+00
      vertex   -1.448356e+01 3.061977e+01 2.456783e+00
      vertex   -1.435978e+01 3.087079e+01 2.456783e+00
    endloop
  endfacet
  facet normal -4.654578e-01 3.110090e-01 8.286268e-01
    outer loop
      vertex   -1.473812e+01 3.108922e+01 2.162278e+00
      vertex   -1.435978e+01 3.087079e+01 2.456783e+00
      vertex   -1.455088e+01 3.136944e+01 2.162278e+00
    endloop
  endfacet
  facet normal -4.654578e-01 3.110090e-01 8.286268e-01
    outer loop
      vertex   -1.455088e+01 3.136944e+01 2.162278e+00
      vertex   -1.435978e+01 3.087079e+01 2.456783e+00
      vertex   -1.420429e+01 3.110350e+01 2.456783e+00
    endloop
  endfacet
  facet normal -4.208810e-01 3.691027e-01 8.286268e-01
    outer loop
      vertex   -1.455088e+01 3.136944e+01 2.162278e+00
      vertex   -1.420429e+01 3.110350e+01 2.456783e+00
      vertex   -1.432866e+01 3.162283e+01 2.162278e+00
    endloop
  endfacet
  facet normal -4.208810e-01 3.691027e-01 8.286268e-01
    outer loop
      vertex   -1.432866e+01 3.162283e+01 2.162278e+00
      vertex   -1.420429e+01 3.110350e+01 2.456783e+00
      vertex   -1.401975e+01 3.131392e+01 2.456783e+00
    endloop
  endfacet
  facet normal -3.691027e-01 4.208810e-01 8.286268e-01
    outer loop
      vertex   -1.432866e+01 3.162283e+01 2.162278e+00
      vertex   -1.401975e+01 3.131392e+01 2.456783e+00
      vertex   -1.407527e+01 3.184505e+01 2.162278e+00
    endloop
  endfacet
  facet normal -3.691027e-01 4.208810e-01 8.286268e-01
    outer loop
      vertex   -1.407527e+01 3.184505e+01 2.162278e+00
      vertex   -1.401975e+01 3.131392e+01 2.456783e+00
      vertex   -1.380933e+01 3.149846e+01 2.456783e+00
    endloop
  endfacet
  facet normal -3.110090e-01 4.654578e-01 8.286268e-01
    outer loop
      vertex   -1.407527e+01 3.184505e+01 2.162278e+00
      vertex   -1.380933e+01 3.149846e+01 2.456783e+00
      vertex   -1.379505e+01 3.203229e+01 2.162278e+00
    endloop
  endfacet
  facet normal -3.110090e-01 4.654578e-01 8.286268e-01
    outer loop
      vertex   -1.379505e+01 3.203229e+01 2.162278e+00
      vertex   -1.380933e+01 3.149846e+01 2.456783e+00
      vertex   -1.357662e+01 3.165395e+01 2.456783e+00
    endloop
  endfacet
  facet normal -2.475938e-01 5.020706e-01 8.286268e-01
    outer loop
      vertex   -1.379505e+01 3.203229e+01 2.162278e+00
      vertex   -1.357662e+01 3.165395e+01 2.456783e+00
      vertex   -1.349278e+01 3.218135e+01 2.162278e+00
    endloop
  endfacet
  facet normal -2.475938e-01 5.020706e-01 8.286268e-01
    outer loop
      vertex   -1.349278e+01 3.218135e+01 2.162278e+00
      vertex   -1.357662e+01 3.165395e+01 2.456783e+00
      vertex   -1.332560e+01 3.177774e+01 2.456783e+00
    endloop
  endfacet
  facet normal -1.799423e-01 5.300928e-01 8.286268e-01
    outer loop
      vertex   -1.349278e+01 3.218135e+01 2.162278e+00
      vertex   -1.332560e+01 3.177774e+01 2.456783e+00
      vertex   -1.317365e+01 3.228968e+01 2.162278e+00
    endloop
  endfacet
  facet normal -1.799423e-01 5.300928e-01 8.286268e-01
    outer loop
      vertex   -1.317365e+01 3.228968e+01 2.162278e+00
      vertex   -1.332560e+01 3.177774e+01 2.456783e+00
      vertex   -1.306058e+01 3.186770e+01 2.456783e+00
    endloop
  endfacet
  facet normal -1.092118e-01 5.490449e-01 8.286268e-01
    outer loop
      vertex   -1.317365e+01 3.228968e+01 2.162278e+00
      vertex   -1.306058e+01 3.186770e+01 2.456783e+00
      vertex   -1.284310e+01 3.235543e+01 2.162278e+00
    endloop
  endfacet
  facet normal -1.092118e-01 5.490449e-01 8.286268e-01
    outer loop
      vertex   -1.284310e+01 3.235543e+01 2.162278e+00
      vertex   -1.306058e+01 3.186770e+01 2.456783e+00
      vertex   -1.278608e+01 3.192230e+01 2.456783e+00
    endloop
  endfacet
  facet normal -4.449596e-01 2.916419e-02 8.950756e-01
    outer loop
      vertex   -1.464644e+01 2.980097e+01 2.456783e+00
      vertex   -1.417465e+01 2.980097e+01 2.691317e+00
      vertex   -1.462813e+01 3.008025e+01 2.456783e+00
    endloop
  endfacet
  facet normal -4.449596e-01 2.916419e-02 8.950756e-01
    outer loop
      vertex   -1.462813e+01 3.008025e+01 2.456783e+00
      vertex   -1.417465e+01 2.980097e+01 2.691317e+00
      vertex   -1.416038e+01 3.001867e+01 2.691317e+00
    endloop
  endfacet
  facet normal -4.373462e-01 8.699358e-02 8.950756e-01
    outer loop
      vertex   -1.462813e+01 3.008025e+01 2.456783e+00
      vertex   -1.416038e+01 3.001867e+01 2.691317e+00
      vertex   -1.457353e+01 3.035475e+01 2.456783e+00
    endloop
  endfacet
  facet normal -4.373462e-01 8.699358e-02 8.950756e-01
    outer loop
      vertex   -1.457353e+01 3.035475e+01 2.456783e+00
      vertex   -1.416038e+01 3.001867e+01 2.691317e+00
      vertex   -1.411782e+01 3.023264e+01 2.691317e+00
    endloop
  endfacet
  facet normal -4.222497e-01 1.433345e-01 8.950756e-01
    outer loop
      vertex   -1.457353e+01 3.035475e+01 2.456783e+00
      vertex   -1.411782e+01 3.023264e+01 2.691317e+00
      vertex   -1.448356e+01 3.061977e+01 2.456783e+00
    endloop
  endfacet
  facet normal -4.222497e-01 1.433345e-01 8.950756e-01
    outer loop
      vertex   -1.448356e+01 3.061977e+01 2.456783e+00
      vertex   -1.411782e+01 3.023264e+01 2.691317e+00
      vertex   -1.404769e+01 3.043923e+01 2.691317e+00
    endloop
  endfacet
  facet normal -3.999284e-01 1.972229e-01 8.950756e-01
    outer loop
      vertex   -1.448356e+01 3.061977e+01 2.456783e+00
      vertex   -1.404769e+01 3.043923e+01 2.691317e+00
      vertex   -1.435978e+01 3.087079e+01 2.456783e+00
    endloop
  endfacet
  facet normal -3.999284e-01 1.972229e-01 8.950756e-01
    outer loop
      vertex   -1.435978e+01 3.087079e+01 2.456783e+00
      vertex   -1.404769e+01 3.043923e+01 2.691317e+00
      vertex   -1.395120e+01 3.063489e+01 2.691317e+00
    endloop
  endfacet
  facet normal -3.707642e-01 2.477367e-01 8.950756e-01
    outer loop
      vertex   -1.435978e+01 3.087079e+01 2.456783e+00
      vertex   -1.395120e+01 3.063489e+01 2.691317e+00
      vertex   -1.420429e+01 3.110350e+01 2.456783e+00
    endloop
  endfacet
  facet normal -3.707642e-01 2.477367e-01 8.950756e-01
    outer loop
      vertex   -1.420429e+01 3.110350e+01 2.456783e+00
      vertex   -1.395120e+01 3.063489e+01 2.691317e+00
      vertex   -1.382999e+01 3.081629e+01 2.691317e+00
    endloop
  endfacet
  facet normal -3.352562e-01 2.940118e-01 8.950756e-01
    outer loop
      vertex   -1.420429e+01 3.110350e+01 2.456783e+00
      vertex   -1.382999e+01 3.081629e+01 2.691317e+00
      vertex   -1.401975e+01 3.131392e+01 2.456783e+00
    endloop
  endfacet
  facet normal -3.352562e-01 2.940118e-01 8.950756e-01
    outer loop
      vertex   -1.401975e+01 3.131392e+01 2.456783e+00
      vertex   -1.382999e+01 3.081629e+01 2.691317e+00
      vertex   -1.368615e+01 3.098032e+01 2.691317e+00
    endloop
  endfacet
  facet normal -2.940118e-01 3.352562e-01 8.950756e-01
    outer loop
      vertex   -1.401975e+01 3.131392e+01 2.456783e+00
      vertex   -1.368615e+01 3.098032e+01 2.691317e+00
      vertex   -1.380933e+01 3.149846e+01 2.456783e+00
    endloop
  endfacet
  facet normal -2.940118e-01 3.352562e-01 8.950756e-01
    outer loop
      vertex   -1.380933e+01 3.149846e+01 2.456783e+00
      vertex   -1.368615e+01 3.098032e+01 2.691317e+00
      vertex   -1.352212e+01 3.112416e+01 2.691317e+00
    endloop
  endfacet
  facet normal -2.477367e-01 3.707642e-01 8.950756e-01
    outer loop
      vertex   -1.380933e+01 3.149846e+01 2.456783e+00
      vertex   -1.352212e+01 3.112416e+01 2.691317e+00
      vertex   -1.357662e+01 3.165395e+01 2.456783e+00
    endloop
  endfacet
  facet normal -2.477367e-01 3.707642e-01 8.950756e-01
    outer loop
      vertex   -1.357662e+01 3.165395e+01 2.456783e+00
      vertex   -1.352212e+01 3.112416e+01 2.691317e+00
      vertex   -1.334072e+01 3.124537e+01 2.691317e+00
    endloop
  endfacet
  facet normal -1.972229e-01 3.999284e-01 8.950756e-01
    outer loop
      vertex   -1.357662e+01 3.165395e+01 2.456783e+00
      vertex   -1.334072e+01 3.124537e+01 2.691317e+00
      vertex   -1.332560e+01 3.177774e+01 2.456783e+00
    endloop
  endfacet
  facet normal -1.972229e-01 3.999284e-01 8.950756e-01
    outer loop
      vertex   -1.332560e+01 3.177774e+01 2.456783e+00
      vertex   -1.334072e+01 3.124537e+01 2.691317e+00
      vertex   -1.314506e+01 3.134186e+01 2.691317e+00
    endloop
  endfacet
  facet normal -1.433345e-01 4.222497e-01 8.950756e-01
    outer loop
      vertex   -1.332560e+01 3.177774e+01 2.456783e+00
      vertex   -1.314506e+01 3.134186e+01 2.691317e+00
      vertex   -1.306058e+01 3.186770e+01 2.456783e+00
    endloop
  endfacet
  facet normal -1.433345e-01 4.222497e-01 8.950756e-01
    outer loop
      vertex   -1.306058e+01 3.186770e+01 2.456783e+00
      vertex   -1.314506e+01 3.134186e+01 2.691317e+00
      vertex   -1.293847e+01 3.141199e+01 2.691317e+00
    endloop
  endfacet
  facet normal -8.699358e-02 4.373462e-01 8.950756e-01
    outer loop
      vertex   -1.306058e+01 3.186770e+01 2.456783e+00
      vertex   -1.293847e+01 3.141199e+01 2.691317e+00
      vertex   -1.278608e+01 3.192230e+01 2.456783e+00
    endloop
  endfacet
  facet normal -8.699358e-02 4.373462e-01 8.950756e-01
    outer loop
      vertex   -1.278608e+01 3.192230e+01 2.456783e+00
      vertex   -1.293847e+01 3.141199e+01 2.691317e+00
      vertex   -1.272449e+01 3.145455e+01 2.691317e+00
    endloop
  endfacet
  facet normal -3.235247e-01 2.120493e-02 9.459821e-01
    outer loop
      vertex   -1.417465e+01 2.980097e+01 2.691317e+00
      vertex   -1.367613e+01 2.980097e+01 2.861809e+00
      vertex   -1.416038e+01 3.001867e+01 2.691317e+00
    endloop
  endfacet
  facet normal -3.235247e-01 2.120493e-02 9.459821e-01
    outer loop
      vertex   -1.416038e+01 3.001867e+01 2.691317e+00
      vertex   -1.367613e+01 2.980097e+01 2.861809e+00
      vertex   -1.366613e+01 2.995360e+01 2.861809e+00
    endloop
  endfacet
  facet normal -3.179891e-01 6.325196e-02 9.459821e-01
    outer loop
      vertex   -1.416038e+01 3.001867e+01 2.691317e+00
      vertex   -1.366613e+01 2.995360e+01 2.861809e+00
      vertex   -1.411782e+01 3.023264e+01 2.691317e+00
    endloop
  endfacet
  facet normal -3.179891e-01 6.325196e-02 9.459821e-01
    outer loop
      vertex   -1.411782e+01 3.023264e+01 2.691317e+00
      vertex   -1.366613e+01 2.995360e+01 2.861809e+00
      vertex   -1.363629e+01 3.010361e+01 2.861809e+00
    endloop
  endfacet
  facet normal -3.070126e-01 1.042167e-01 9.459821e-01
    outer loop
      vertex   -1.411782e+01 3.023264e+01 2.691317e+00
      vertex   -1.363629e+01 3.010361e+01 2.861809e+00
      vertex   -1.404769e+01 3.043923e+01 2.691317e+00
    endloop
  endfacet
  facet normal -3.070126e-01 1.042167e-01 9.459821e-01
    outer loop
      vertex   -1.404769e+01 3.043923e+01 2.691317e+00
      vertex   -1.363629e+01 3.010361e+01 2.861809e+00
      vertex   -1.358712e+01 3.024845e+01 2.861809e+00
    endloop
  endfacet
  facet normal -2.907830e-01 1.433983e-01 9.459821e-01
    outer loop
      vertex   -1.404769e+01 3.043923e+01 2.691317e+00
      vertex   -1.358712e+01 3.024845e+01 2.861809e+00
      vertex   -1.395120e+01 3.063489e+01 2.691317e+00
    endloop
  endfacet
  facet normal -2.907830e-01 1.433983e-01 9.459821e-01
    outer loop
      vertex   -1.395120e+01 3.063489e+01 2.691317e+00
      vertex   -1.358712e+01 3.024845e+01 2.861809e+00
      vertex   -1.351947e+01 3.038564e+01 2.861809e+00
    endloop
  endfacet
  facet normal -2.695781e-01 1.801263e-01 9.459821e-01
    outer loop
      vertex   -1.395120e+01 3.063489e+01 2.691317e+00
      vertex   -1.351947e+01 3.038564e+01 2.861809e+00
      vertex   -1.382999e+01 3.081629e+01 2.691317e+00
    endloop
  endfacet
  facet normal -2.695781e-01 1.801263e-01 9.459821e-01
    outer loop
      vertex   -1.382999e+01 3.081629e+01 2.691317e+00
      vertex   -1.351947e+01 3.038564e+01 2.861809e+00
      vertex   -1.343449e+01 3.051281e+01 2.861809e+00
    endloop
  endfacet
  facet normal -2.437606e-01 2.137723e-01 9.459821e-01
    outer loop
      vertex   -1.382999e+01 3.081629e+01 2.691317e+00
      vertex   -1.343449e+01 3.051281e+01 2.861809e+00
      vertex   -1.368615e+01 3.098032e+01 2.691317e+00
    endloop
  endfacet
  facet normal -2.437606e-01 2.137723e-01 9.459821e-01
    outer loop
      vertex   -1.368615e+01 3.098032e+01 2.691317e+00
      vertex   -1.343449e+01 3.051281e+01 2.861809e+00
      vertex   -1.333364e+01 3.062781e+01 2.861809e+00
    endloop
  endfacet
  facet normal -2.137723e-01 2.437606e-01 9.459821e-01
    outer loop
      vertex   -1.368615e+01 3.098032e+01 2.691317e+00
      vertex   -1.333364e+01 3.062781e+01 2.861809e+00
      vertex   -1.352212e+01 3.112416e+01 2.691317e+00
    endloop
  endfacet
  facet normal -2.137723e-01 2.437606e-01 9.459821e-01
    outer loop
      vertex   -1.352212e+01 3.112416e+01 2.691317e+00
      vertex   -1.333364e+01 3.062781e+01 2.861809e+00
      vertex   -1.321864e+01 3.072866e+01 2.861809e+00
    endloop
  endfacet
  facet normal -1.801263e-01 2.695781e-01 9.459821e-01
    outer loop
      vertex   -1.352212e+01 3.112416e+01 2.691317e+00
      vertex   -1.321864e+01 3.072866e+01 2.861809e+00
      vertex   -1.334072e+01 3.124537e+01 2.691317e+00
    endloop
  endfacet
  facet normal -1.801263e-01 2.695781e-01 9.459821e-01
    outer loop
      vertex   -1.334072e+01 3.124537e+01 2.691317e+00
      vertex   -1.321864e+01 3.072866e+01 2.861809e+00
      vertex   -1.309147e+01 3.081364e+01 2.861809e+00
    endloop
  endfacet
  facet normal -1.433983e-01 2.907830e-01 9.459821e-01
    outer loop
      vertex   -1.334072e+01 3.124537e+01 2.691317e+00
      vertex   -1.309147e+01 3.081364e+01 2.861809e+00
      vertex   -1.314506e+01 3.134186e+01 2.691317e+00
    endloop
  endfacet
  facet normal -1.433983e-01 2.907830e-01 9.459821e-01
    outer loop
      vertex   -1.314506e+01 3.134186e+01 2.691317e+00
      vertex   -1.309147e+01 3.081364e+01 2.861809e+00
      vertex   -1.295428e+01 3.088129e+01 2.861809e+00
    endloop
  endfacet
  facet normal -1.042167e-01 3.070126e-01 9.459821e-01
    outer loop
      vertex   -1.314506e+01 3.134186e+01 2.691317e+00
      vertex   -1.295428e+01 3.088129e+01 2.861809e+00
      vertex   -1.293847e+01 3.141199e+01 2.691317e+00
    endloop
  endfacet
  facet normal -1.042167e-01 3.070126e-01 9.459821e-01
    outer loop
      vertex   -1.293847e+01 3.141199e+01 2.691317e+00
      vertex   -1.295428e+01 3.088129e+01 2.861809e+00
      vertex   -1.280944e+01 3.093046e+01 2.861809e+00
    endloop
  endfacet
  facet normal -6.325196e-02 3.179891e-01 9.459821e-01
    outer loop
      vertex   -1.293847e+01 3.141199e+01 2.691317e+00
      vertex   -1.280944e+01 3.093046e+01 2.861809e+00
      vertex   -1.272449e+01 3.145455e+01 2.691317e+00
    endloop
  endfacet
  facet normal -6.325196e-02 3.179891e-01 9.459821e-01
    outer loop
      vertex   -1.272449e+01 3.145455e+01 2.691317e+00
      vertex   -1.280944e+01 3.093046e+01 2.861809e+00
      vertex   -1.265943e+01 3.096030e+01 2.861809e+00
    endloop
  endfacet
  facet normal -1.964154e-01 1.287375e-02 9.804362e-01
    outer loop
      vertex   -1.367613e+01 2.980097e+01 2.861809e+00
      vertex   -1.315953e+01 2.980097e+01 2.965302e+00
      vertex   -1.366613e+01 2.995360e+01 2.861809e+00
    endloop
  endfacet
  facet normal -1.964154e-01 1.287375e-02 9.804362e-01
    outer loop
      vertex   -1.366613e+01 2.995360e+01 2.861809e+00
      vertex   -1.315953e+01 2.980097e+01 2.965302e+00
      vertex   -1.315395e+01 2.988617e+01 2.965302e+00
    endloop
  endfacet
  facet normal -1.930547e-01 3.840097e-02 9.804362e-01
    outer loop
      vertex   -1.366613e+01 2.995360e+01 2.861809e+00
      vertex   -1.315395e+01 2.988617e+01 2.965302e+00
      vertex   -1.363629e+01 3.010361e+01 2.861809e+00
    endloop
  endfacet
  facet normal -1.930547e-01 3.840097e-02 9.804362e-01
    outer loop
      vertex   -1.363629e+01 3.010361e+01 2.861809e+00
      vertex   -1.315395e+01 2.988617e+01 2.965302e+00
      vertex   -1.313729e+01 2.996991e+01 2.965302e+00
    endloop
  endfacet
  facet normal -1.863908e-01 6.327114e-02 9.804362e-01
    outer loop
      vertex   -1.363629e+01 3.010361e+01 2.861809e+00
      vertex   -1.313729e+01 2.996991e+01 2.965302e+00
      vertex   -1.358712e+01 3.024845e+01 2.861809e+00
    endloop
  endfacet
  facet normal -1.863908e-01 6.327114e-02 9.804362e-01
    outer loop
      vertex   -1.358712e+01 3.024845e+01 2.861809e+00
      vertex   -1.313729e+01 2.996991e+01 2.965302e+00
      vertex   -1.310985e+01 3.005076e+01 2.965302e+00
    endloop
  endfacet
  facet normal -1.765376e-01 8.705873e-02 9.804362e-01
    outer loop
      vertex   -1.358712e+01 3.024845e+01 2.861809e+00
      vertex   -1.310985e+01 3.005076e+01 2.965302e+00
      vertex   -1.351947e+01 3.038564e+01 2.861809e+00
    endloop
  endfacet
  facet normal -1.765376e-01 8.705873e-02 9.804362e-01
    outer loop
      vertex   -1.351947e+01 3.038564e+01 2.861809e+00
      vertex   -1.310985e+01 3.005076e+01 2.965302e+00
      vertex   -1.307208e+01 3.012734e+01 2.965302e+00
    endloop
  endfacet
  facet normal -1.636639e-01 1.093567e-01 9.804362e-01
    outer loop
      vertex   -1.351947e+01 3.038564e+01 2.861809e+00
      vertex   -1.307208e+01 3.012734e+01 2.965302e+00
      vertex   -1.343449e+01 3.051281e+01 2.861809e+00
    endloop
  endfacet
  facet normal -1.636639e-01 1.093567e-01 9.804362e-01
    outer loop
      vertex   -1.343449e+01 3.051281e+01 2.861809e+00
      vertex   -1.307208e+01 3.012734e+01 2.965302e+00
      vertex   -1.302465e+01 3.019833e+01 2.965302e+00
    endloop
  endfacet
  facet normal -1.479898e-01 1.297836e-01 9.804362e-01
    outer loop
      vertex   -1.343449e+01 3.051281e+01 2.861809e+00
      vertex   -1.302465e+01 3.019833e+01 2.965302e+00
      vertex   -1.333364e+01 3.062781e+01 2.861809e+00
    endloop
  endfacet
  facet normal -1.479898e-01 1.297836e-01 9.804362e-01
    outer loop
      vertex   -1.333364e+01 3.062781e+01 2.861809e+00
      vertex   -1.302465e+01 3.019833e+01 2.965302e+00
      vertex   -1.296835e+01 3.026252e+01 2.965302e+00
    endloop
  endfacet
  facet normal -1.297836e-01 1.479898e-01 9.804362e-01
    outer loop
      vertex   -1.333364e+01 3.062781e+01 2.861809e+00
      vertex   -1.296835e+01 3.026252e+01 2.965302e+00
      vertex   -1.321864e+01 3.072866e+01 2.861809e+00
    endloop
  endfacet
  facet normal -1.297836e-01 1.479898e-01 9.804362e-01
    outer loop
      vertex   -1.321864e+01 3.072866e+01 2.861809e+00
      vertex   -1.296835e+01 3.026252e+01 2.965302e+00
      vertex   -1.290416e+01 3.031882e+01 2.965302e+00
    endloop
  endfacet
  facet normal -1.093567e-01 1.636639e-01 9.804362e-01
    outer loop
      vertex   -1.321864e+01 3.072866e+01 2.861809e+00
      vertex   -1.290416e+01 3.031882e+01 2.965302e+00
      vertex   -1.309147e+01 3.081364e+01 2.861809e+00
    endloop
  endfacet
  facet normal -1.093567e-01 1.636639e-01 9.804362e-01
    outer loop
      vertex   -1.309147e+01 3.081364e+01 2.861809e+00
      vertex   -1.290416e+01 3.031882e+01 2.965302e+00
      vertex   -1.283316e+01 3.036625e+01 2.965302e+00
    endloop
  endfacet
  facet normal -8.705873e-02 1.765376e-01 9.804362e-01
    outer loop
      vertex   -1.309147e+01 3.081364e+01 2.861809e+00
      vertex   -1.283316e+01 3.036625e+01 2.965302e+00
      vertex   -1.295428e+01 3.088129e+01 2.861809e+00
    endloop
  endfacet
  facet normal -8.705873e-02 1.765376e-01 9.804362e-01
    outer loop
      vertex   -1.295428e+01 3.088129e+01 2.861809e+00
      vertex   -1.283316e+01 3.036625e+01 2.965302e+00
      vertex   -1.275659e+01 3.040402e+01 2.965302e+00
    endloop
  endfacet
  facet normal -6.327114e-02 1.863908e-01 9.804362e-01
    outer loop
      vertex   -1.295428e+01 3.088129e+01 2.861809e+00
      vertex   -1.275659e+01 3.040402e+01 2.965302e+00
      vertex   -1.280944e+01 3.093046e+01 2.861809e+00
    endloop
  endfacet
  facet normal -6.327114e-02 1.863908e-01 9.804362e-01
    outer loop
      vertex   -1.280944e+01 3.093046e+01 2.861809e+00
      vertex   -1.275659e+01 3.040402e+01 2.965302e+00
      vertex   -1.267574e+01 3.043146e+01 2.965302e+00
    endloop
  endfacet
  facet normal -3.840097e-02 1.930547e-01 9.804362e-01
    outer loop
      vertex   -1.280944e+01 3.093046e+01 2.861809e+00
      vertex   -1.267574e+01 3.043146e+01 2.965302e+00
      vertex   -1.265943e+01 3.096030e+01 2.861809e+00
    endloop
  endfacet
  facet normal -3.840097e-02 1.930547e-01 9.804362e-01
    outer loop
      vertex   -1.265943e+01 3.096030e+01 2.861809e+00
      vertex   -1.267574e+01 3.043146e+01 2.965302e+00
      vertex   -1.259200e+01 3.044812e+01 2.965302e+00
    endloop
  endfacet
  facet normal -6.585749e-02 4.316528e-03 9.978197e-01
    outer loop
      vertex   -1.315953e+01 2.980097e+01 2.965302e+00
      vertex   -1.263381e+01 2.980097e+01 3.000000e+00
      vertex   -1.315395e+01 2.988617e+01 2.965302e+00
    endloop
  endfacet
  facet normal -6.516058e-02 8.578553e-03 9.978379e-01
    outer loop
      vertex   -1.315395e+01 2.988617e+01 2.965302e+00
      vertex   -1.263381e+01 2.980097e+01 3.000000e+00
      vertex   -1.262948e+01 2.983384e+01 3.000000e+00
    endloop
  endfacet
  facet normal -6.473065e-02 1.287573e-02 9.978197e-01
    outer loop
      vertex   -1.315395e+01 2.988617e+01 2.965302e+00
      vertex   -1.262948e+01 2.983384e+01 3.000000e+00
      vertex   -1.313729e+01 2.996991e+01 2.965302e+00
    endloop
  endfacet
  facet normal -6.249625e-02 2.121462e-02 9.978197e-01
    outer loop
      vertex   -1.313729e+01 2.996991e+01 2.965302e+00
      vertex   -1.262948e+01 2.983384e+01 3.000000e+00
      vertex   -1.310985e+01 3.005076e+01 2.965302e+00
    endloop
  endfacet
  facet normal -6.071999e-02 2.515104e-02 9.978379e-01
    outer loop
      vertex   -1.262948e+01 2.983384e+01 3.000000e+00
      vertex   -1.261680e+01 2.986448e+01 3.000000e+00
      vertex   -1.310985e+01 3.005076e+01 2.965302e+00
    endloop
  endfacet
  facet normal -5.919252e-02 2.919052e-02 9.978197e-01
    outer loop
      vertex   -1.310985e+01 3.005076e+01 2.965302e+00
      vertex   -1.261680e+01 2.986448e+01 3.000000e+00
      vertex   -1.307208e+01 3.012734e+01 2.965302e+00
    endloop
  endfacet
  facet normal -5.487599e-02 3.666697e-02 9.978197e-01
    outer loop
      vertex   -1.307208e+01 3.012734e+01 2.965302e+00
      vertex   -1.261680e+01 2.986448e+01 3.000000e+00
      vertex   -1.302465e+01 3.019833e+01 2.965302e+00
    endloop
  endfacet
  facet normal -5.214144e-02 4.000953e-02 9.978379e-01
    outer loop
      vertex   -1.302465e+01 3.019833e+01 2.965302e+00
      vertex   -1.261680e+01 2.986448e+01 3.000000e+00
      vertex   -1.259661e+01 2.989078e+01 3.000000e+00
    endloop
  endfacet
  facet normal -4.962052e-02 4.351603e-02 9.978197e-01
    outer loop
      vertex   -1.302465e+01 3.019833e+01 2.965302e+00
      vertex   -1.259661e+01 2.989078e+01 3.000000e+00
      vertex   -1.296835e+01 3.026252e+01 2.965302e+00
    endloop
  endfacet
  facet normal -4.351603e-02 4.962052e-02 9.978197e-01
    outer loop
      vertex   -1.296835e+01 3.026252e+01 2.965302e+00
      vertex   -1.259661e+01 2.989078e+01 3.000000e+00
      vertex   -1.290416e+01 3.031882e+01 2.965302e+00
    endloop
  endfacet
  facet normal -4.000953e-02 5.214144e-02 9.978379e-01
    outer loop
      vertex   -1.259661e+01 2.989078e+01 3.000000e+00
      vertex   -1.257030e+01 2.991097e+01 3.000000e+00
      vertex   -1.290416e+01 3.031882e+01 2.965302e+00
    endloop
  endfacet
  facet normal -3.666697e-02 5.487599e-02 9.978197e-01
    outer loop
      vertex   -1.290416e+01 3.031882e+01 2.965302e+00
      vertex   -1.257030e+01 2.991097e+01 3.000000e+00
      vertex   -1.283316e+01 3.036625e+01 2.965302e+00
    endloop
  endfacet
  facet normal -2.919052e-02 5.919252e-02 9.978197e-01
    outer loop
      vertex   -1.283316e+01 3.036625e+01 2.965302e+00
      vertex   -1.257030e+01 2.991097e+01 3.000000e+00
      vertex   -1.275659e+01 3.040402e+01 2.965302e+00
    endloop
  endfacet
  facet normal -2.515104e-02 6.071999e-02 9.978379e-01
    outer loop
      vertex   -1.275659e+01 3.040402e+01 2.965302e+00
      vertex   -1.257030e+01 2.991097e+01 3.000000e+00
      vertex   -1.253967e+01 2.992366e+01 3.000000e+00
    endloop
  endfacet
  facet normal -2.121462e-02 6.249625e-02 9.978197e-01
    outer loop
      vertex   -1.275659e+01 3.040402e+01 2.965302e+00
      vertex   -1.253967e+01 2.992366e+01 3.000000e+00
      vertex   -1.267574e+01 3.043146e+01 2.965302e+00
    endloop
  endfacet
  facet normal -1.287573e-02 6.473065e-02 9.978197e-01
    outer loop
      vertex   -1.267574e+01 3.043146e+01 2.965302e+00
      vertex   -1.253967e+01 2.992366e+01 3.000000e+00
      vertex   -1.259200e+01 3.044812e+01 2.965302e+00
    endloop
  endfacet
  facet normal -0.000000e+00 6.585810e-02 9.978290e-01
    outer loop
      vertex   -1.250680e+01 2.992798e+01 3.000000e+00
      vertex   -3.880796e+00 2.992798e+01 3.000000e+00
      vertex   -1.250680e+01 3.045370e+01 2.965302e+00
    endloop
  endfacet
  facet normal -0.000000e+00 6.585810e-02 9.978290e-01
    outer loop
      vertex   -1.250680e+01 3.045370e+01 2.965302e+00
      vertex   -3.880796e+00 2.992798e+01 3.000000e+00
      vertex   -3.880796e+00 3.045370e+01 2.965302e+00
    endloop
  endfacet
  facet normal -0.000000e+00 1.964317e-01 9.805175e-01
    outer loop
      vertex   -1.250680e+01 3.045370e+01 2.965302e+00
      vertex   -3.880796e+00 3.045370e+01 2.965302e+00
      vertex   -1.250680e+01 3.097030e+01 2.861809e+00
    endloop
  endfacet
  facet normal -0.000000e+00 1.964317e-01 9.805175e-01
    outer loop
      vertex   -1.250680e+01 3.097030e+01 2.861809e+00
      vertex   -3.880796e+00 3.045370e+01 2.965302e+00
      vertex   -3.880796e+00 3.097030e+01 2.861809e+00
    endloop
  endfacet
  facet normal -0.000000e+00 3.235974e-01 9.461949e-01
    outer loop
      vertex   -1.250680e+01 3.097030e+01 2.861809e+00
      vertex   -3.880796e+00 3.097030e+01 2.861809e+00
      vertex   -1.250680e+01 3.146882e+01 2.691317e+00
    endloop
  endfacet
  facet normal -0.000000e+00 3.235974e-01 9.461949e-01
    outer loop
      vertex   -1.250680e+01 3.146882e+01 2.691317e+00
      vertex   -3.880796e+00 3.097030e+01 2.861809e+00
      vertex   -3.880796e+00 3.146882e+01 2.691317e+00
    endloop
  endfacet
  facet normal -0.000000e+00 4.451490e-01 8.954565e-01
    outer loop
      vertex   -1.250680e+01 3.146882e+01 2.691317e+00
      vertex   -3.880796e+00 3.146882e+01 2.691317e+00
      vertex   -1.250680e+01 3.194061e+01 2.456783e+00
    endloop
  endfacet
  facet normal -0.000000e+00 4.451490e-01 8.954565e-01
    outer loop
      vertex   -1.250680e+01 3.194061e+01 2.456783e+00
      vertex   -3.880796e+00 3.146882e+01 2.691317e+00
      vertex   -3.880796e+00 3.194061e+01 2.456783e+00
    endloop
  endfacet
  facet normal -0.000000e+00 5.589776e-01 8.291828e-01
    outer loop
      vertex   -1.250680e+01 3.194061e+01 2.456783e+00
      vertex   -3.880796e+00 3.194061e+01 2.456783e+00
      vertex   -1.250680e+01 3.237747e+01 2.162278e+00
    endloop
  endfacet
  facet normal -0.000000e+00 5.589776e-01 8.291828e-01
    outer loop
      vertex   -1.250680e+01 3.237747e+01 2.162278e+00
      vertex   -3.880796e+00 3.194061e+01 2.456783e+00
      vertex   -3.880796e+00 3.237747e+01 2.162278e+00
    endloop
  endfacet
  facet normal -0.000000e+00 6.631084e-01 7.485234e-01
    outer loop
      vertex   -1.250680e+01 3.237747e+01 2.162278e+00
      vertex   -3.880796e+00 3.237747e+01 2.162278e+00
      vertex   -1.250680e+01 3.277184e+01 1.812909e+00
    endloop
  endfacet
  facet normal -0.000000e+00 6.631084e-01 7.485234e-01
    outer loop
      vertex   -1.250680e+01 3.277184e+01 1.812909e+00
      vertex   -3.880796e+00 3.237747e+01 2.162278e+00
      vertex   -3.880796e+00 3.277184e+01 1.812909e+00
    endloop
  endfacet
  facet normal -0.000000e+00 7.557348e-01 6.548778e-01
    outer loop
      vertex   -1.250680e+01 3.277184e+01 1.812909e+00
      vertex   -3.880796e+00 3.277184e+01 1.812909e+00
      vertex   -1.250680e+01 3.311688e+01 1.414739e+00
    endloop
  endfacet
  facet normal -0.000000e+00 7.557348e-01 6.548778e-01
    outer loop
      vertex   -1.250680e+01 3.311688e+01 1.414739e+00
      vertex   -3.880796e+00 3.277184e+01 1.812909e+00
      vertex   -3.880796e+00 3.311688e+01 1.414739e+00
    endloop
  endfacet
  facet normal -0.000000e+00 8.352499e-01 5.498706e-01
    outer loop
      vertex   -1.250680e+01 3.311688e+01 1.414739e+00
      vertex   -3.880796e+00 3.311688e+01 1.414739e+00
      vertex   -1.250680e+01 3.340658e+01 9.746753e-01
    endloop
  endfacet
  facet normal -0.000000e+00 8.352499e-01 5.498706e-01
    outer loop
      vertex   -1.250680e+01 3.340658e+01 9.746753e-01
      vertex   -3.880796e+00 3.311688e+01 1.414739e+00
      vertex   -3.880796e+00 3.340658e+01 9.746753e-01
    endloop
  endfacet
  facet normal -0.000000e+00 9.002741e-01 4.353236e-01
    outer loop
      vertex   -1.250680e+01 3.340658e+01 9.746753e-01
      vertex   -3.880796e+00 3.340658e+01 9.746753e-01
      vertex   -1.250680e+01 3.363594e+01 5.003526e-01
    endloop
  endfacet
  facet normal -0.000000e+00 9.002741e-01 4.353236e-01
    outer loop
      vertex   -1.250680e+01 3.363594e+01 5.003526e-01
      vertex   -3.880796e+00 3.340658e+01 9.746753e-01
      vertex   -3.880796e+00 3.363594e+01 5.003526e-01
    endloop
  endfacet
  facet normal -0.000000e+00 9.496792e-01 3.132241e-01
    outer loop
      vertex   -1.250680e+01 3.363594e+01 5.003526e-01
      vertex   -3.880796e+00 3.363594e+01 5.003526e-01
      vertex   -1.250680e+01 3.380097e+01 0.000000e+00
    endloop
  endfacet
  facet normal -0.000000e+00 9.496792e-01 3.132241e-01
    outer loop
      vertex   -1.250680e+01 3.380097e+01 0.000000e+00
      vertex   -3.880796e+00 3.363594e+01 5.003526e-01
      vertex   -3.880796e+00 3.380097e+01 0.000000e+00
    endloop
  endfacet
  facet normal 6.516058e-02 8.578553e-03 9.978379e-01
    outer loop
      vertex   -3.758107e+00 2.983384e+01 3.000000e+00
      vertex   -3.753779e+00 2.980097e+01 3.000000e+00
      vertex   -3.233643e+00 2.988617e+01 2.965302e+00
    endloop
  endfacet
  facet normal 6.585749e-02 4.316528e-03 9.978197e-01
    outer loop
      vertex   -3.233643e+00 2.988617e+01 2.965302e+00
      vertex   -3.753779e+00 2.980097e+01 3.000000e+00
      vertex   -3.228058e+00 2.980097e+01 2.965302e+00
    endloop
  endfacet
  facet normal 1.964154e-01 1.287375e-02 9.804362e-01
    outer loop
      vertex   -3.233643e+00 2.988617e+01 2.965302e+00
      vertex   -3.228058e+00 2.980097e+01 2.965302e+00
      vertex   -2.711458e+00 2.980097e+01 2.861809e+00
    endloop
  endfacet
  facet normal 1.964154e-01 1.287375e-02 9.804362e-01
    outer loop
      vertex   -3.233643e+00 2.988617e+01 2.965302e+00
      vertex   -2.711458e+00 2.980097e+01 2.861809e+00
      vertex   -2.721462e+00 2.995360e+01 2.861809e+00
    endloop
  endfacet
  facet normal 3.235247e-01 2.120493e-02 9.459821e-01
    outer loop
      vertex   -2.721462e+00 2.995360e+01 2.861809e+00
      vertex   -2.711458e+00 2.980097e+01 2.861809e+00
      vertex   -2.212942e+00 2.980097e+01 2.691317e+00
    endloop
  endfacet
  facet normal 3.235247e-01 2.120493e-02 9.459821e-01
    outer loop
      vertex   -2.721462e+00 2.995360e+01 2.861809e+00
      vertex   -2.212942e+00 2.980097e+01 2.691317e+00
      vertex   -2.227210e+00 3.001867e+01 2.691317e+00
    endloop
  endfacet
  facet normal 4.449596e-01 2.916419e-02 8.950756e-01
    outer loop
      vertex   -2.227210e+00 3.001867e+01 2.691317e+00
      vertex   -2.212942e+00 2.980097e+01 2.691317e+00
      vertex   -1.741157e+00 2.980097e+01 2.456783e+00
    endloop
  endfacet
  facet normal 4.449596e-01 2.916419e-02 8.950756e-01
    outer loop
      vertex   -2.227210e+00 3.001867e+01 2.691317e+00
      vertex   -1.741157e+00 2.980097e+01 2.456783e+00
      vertex   -1.759462e+00 3.008025e+01 2.456783e+00
    endloop
  endfacet
  facet normal 5.586028e-01 3.661276e-02 8.286268e-01
    outer loop
      vertex   -1.759462e+00 3.008025e+01 2.456783e+00
      vertex   -1.741157e+00 2.980097e+01 2.456783e+00
      vertex   -1.304290e+00 2.980097e+01 2.162278e+00
    endloop
  endfacet
  facet normal 5.586028e-01 3.661276e-02 8.286268e-01
    outer loop
      vertex   -1.759462e+00 3.008025e+01 2.456783e+00
      vertex   -1.304290e+00 2.980097e+01 2.162278e+00
      vertex   -1.326332e+00 3.013727e+01 2.162278e+00
    endloop
  endfacet
  facet normal 6.624830e-01 4.342143e-02 7.478174e-01
    outer loop
      vertex   -1.326332e+00 3.013727e+01 2.162278e+00
      vertex   -1.304290e+00 2.980097e+01 2.162278e+00
      vertex   -9.099191e-01 2.980097e+01 1.812909e+00
    endloop
  endfacet
  facet normal 6.624830e-01 4.342143e-02 7.478174e-01
    outer loop
      vertex   -1.326332e+00 3.013727e+01 2.162278e+00
      vertex   -9.099191e-01 2.980097e+01 1.812909e+00
      vertex   -9.353353e-01 3.018874e+01 1.812909e+00
    endloop
  endfacet
  facet normal 7.548094e-01 4.947282e-02 6.540759e-01
    outer loop
      vertex   -9.353353e-01 3.018874e+01 1.812909e+00
      vertex   -9.099191e-01 2.980097e+01 1.812909e+00
      vertex   -5.648870e-01 2.980097e+01 1.414739e+00
    endloop
  endfacet
  facet normal 7.548094e-01 4.947282e-02 6.540759e-01
    outer loop
      vertex   -9.353353e-01 3.018874e+01 1.812909e+00
      vertex   -5.648870e-01 2.980097e+01 1.414739e+00
      vertex   -5.932551e-01 3.023378e+01 1.414739e+00
    endloop
  endfacet
  facet normal 8.340010e-01 5.466332e-02 5.490484e-01
    outer loop
      vertex   -5.932551e-01 3.023378e+01 1.414739e+00
      vertex   -5.648870e-01 2.980097e+01 1.414739e+00
      vertex   -2.751796e-01 2.980097e+01 9.746753e-01
    endloop
  endfacet
  facet normal 8.340010e-01 5.466332e-02 5.490484e-01
    outer loop
      vertex   -5.932551e-01 3.023378e+01 1.414739e+00
      vertex   -2.751796e-01 2.980097e+01 9.746753e-01
      vertex   -3.060261e-01 3.027159e+01 9.746753e-01
    endloop
  endfacet
  facet normal 8.987108e-01 5.890462e-02 4.345677e-01
    outer loop
      vertex   -3.060261e-01 3.027159e+01 9.746753e-01
      vertex   -2.751796e-01 2.980097e+01 9.746753e-01
      vertex   -4.582288e-02 2.980097e+01 5.003526e-01
    endloop
  endfacet
  facet normal 8.987108e-01 5.890462e-02 4.345677e-01
    outer loop
      vertex   -3.060261e-01 3.027159e+01 9.746753e-01
      vertex   -4.582288e-02 2.980097e+01 5.003526e-01
      vertex   -7.863161e-02 3.030153e+01 5.003526e-01
    endloop
  endfacet
  facet normal 9.478448e-01 6.212503e-02 3.126191e-01
    outer loop
      vertex   -7.863161e-02 3.030153e+01 5.003526e-01
      vertex   -4.582288e-02 2.980097e+01 5.003526e-01
      vertex   1.192039e-01 2.980097e+01 0.000000e+00
    endloop
  endfacet
  facet normal 9.478448e-01 6.212503e-02 3.126191e-01
    outer loop
      vertex   -7.863161e-02 3.030153e+01 5.003526e-01
      vertex   1.192039e-01 2.980097e+01 0.000000e+00
      vertex   8.498332e-02 3.032307e+01 0.000000e+00
    endloop
  endfacet
  facet normal 9.316269e-01 1.853121e-01 3.126191e-01
    outer loop
      vertex   -7.863161e-02 3.030153e+01 5.003526e-01
      vertex   8.498332e-02 3.032307e+01 0.000000e+00
      vertex   -1.764964e-01 3.079353e+01 5.003526e-01
    endloop
  endfacet
  facet normal 9.316269e-01 1.853121e-01 3.126191e-01
    outer loop
      vertex   -1.764964e-01 3.079353e+01 5.003526e-01
      vertex   8.498332e-02 3.032307e+01 0.000000e+00
      vertex   -1.709282e-02 3.083624e+01 0.000000e+00
    endloop
  endfacet
  facet normal 8.994687e-01 3.053285e-01 3.126191e-01
    outer loop
      vertex   -1.764964e-01 3.079353e+01 5.003526e-01
      vertex   -1.709282e-02 3.083624e+01 0.000000e+00
      vertex   -3.377428e-01 3.126855e+01 5.003526e-01
    endloop
  endfacet
  facet normal 8.994687e-01 3.053285e-01 3.126191e-01
    outer loop
      vertex   -3.377428e-01 3.126855e+01 5.003526e-01
      vertex   -1.709282e-02 3.083624e+01 0.000000e+00
      vertex   -1.852780e-01 3.133170e+01 0.000000e+00
    endloop
  endfacet
  facet normal 8.519202e-01 4.201206e-01 3.126191e-01
    outer loop
      vertex   -3.377428e-01 3.126855e+01 5.003526e-01
      vertex   -1.852780e-01 3.133170e+01 0.000000e+00
      vertex   -5.596119e-01 3.171845e+01 5.003526e-01
    endloop
  endfacet
  facet normal 8.519202e-01 4.201206e-01 3.126191e-01
    outer loop
      vertex   -5.596119e-01 3.171845e+01 5.003526e-01
      vertex   -1.852780e-01 3.133170e+01 0.000000e+00
      vertex   -4.166945e-01 3.180097e+01 0.000000e+00
    endloop
  endfacet
  facet normal 7.897952e-01 5.277243e-01 3.126191e-01
    outer loop
      vertex   -5.596119e-01 3.171845e+01 5.003526e-01
      vertex   -4.166945e-01 3.180097e+01 0.000000e+00
      vertex   -8.383073e-01 3.213555e+01 5.003526e-01
    endloop
  endfacet
  facet normal 7.897952e-01 5.277243e-01 3.126191e-01
    outer loop
      vertex   -8.383073e-01 3.213555e+01 5.003526e-01
      vertex   -4.166945e-01 3.180097e+01 0.000000e+00
      vertex   -7.073828e-01 3.223601e+01 0.000000e+00
    endloop
  endfacet
  facet normal 7.141565e-01 6.262985e-01 3.126191e-01
    outer loop
      vertex   -8.383073e-01 3.213555e+01 5.003526e-01
      vertex   -7.073828e-01 3.223601e+01 0.000000e+00
      vertex   -1.169061e+00 3.251270e+01 5.003526e-01
    endloop
  endfacet
  facet normal 7.141565e-01 6.262985e-01 3.126191e-01
    outer loop
      vertex   -1.169061e+00 3.251270e+01 5.003526e-01
      vertex   -7.073828e-01 3.223601e+01 0.000000e+00
      vertex   -1.052369e+00 3.262939e+01 0.000000e+00
    endloop
  endfacet
  facet normal 6.262985e-01 7.141565e-01 3.126191e-01
    outer loop
      vertex   -1.169061e+00 3.251270e+01 5.003526e-01
      vertex   -1.052369e+00 3.262939e+01 0.000000e+00
      vertex   -1.546212e+00 3.284346e+01 5.003526e-01
    endloop
  endfacet
  facet normal 6.262985e-01 7.141565e-01 3.126191e-01
    outer loop
      vertex   -1.546212e+00 3.284346e+01 5.003526e-01
      vertex   -1.052369e+00 3.262939e+01 0.000000e+00
      vertex   -1.445750e+00 3.297438e+01 0.000000e+00
    endloop
  endfacet
  facet normal 5.277243e-01 7.897952e-01 3.126191e-01
    outer loop
      vertex   -1.546212e+00 3.284346e+01 5.003526e-01
      vertex   -1.445750e+00 3.297438e+01 0.000000e+00
      vertex   -1.963310e+00 3.312215e+01 5.003526e-01
    endloop
  endfacet
  facet normal 5.277243e-01 7.897952e-01 3.126191e-01
    outer loop
      vertex   -1.963310e+00 3.312215e+01 5.003526e-01
      vertex   -1.445750e+00 3.297438e+01 0.000000e+00
      vertex   -1.880796e+00 3.326507e+01 0.000000e+00
    endloop
  endfacet
  facet normal 4.201206e-01 8.519202e-01 3.126191e-01
    outer loop
      vertex   -1.963310e+00 3.312215e+01 5.003526e-01
      vertex   -1.880796e+00 3.326507e+01 0.000000e+00
      vertex   -2.413215e+00 3.334402e+01 5.003526e-01
    endloop
  endfacet
  facet normal 4.201206e-01 8.519202e-01 3.126191e-01
    outer loop
      vertex   -2.413215e+00 3.334402e+01 5.003526e-01
      vertex   -1.880796e+00 3.326507e+01 0.000000e+00
      vertex   -2.350062e+00 3.349648e+01 0.000000e+00
    endloop
  endfacet
  facet normal 3.053285e-01 8.994687e-01 3.126191e-01
    outer loop
      vertex   -2.413215e+00 3.334402e+01 5.003526e-01
      vertex   -2.350062e+00 3.349648e+01 0.000000e+00
      vertex   -2.888232e+00 3.350527e+01 5.003526e-01
    endloop
  endfacet
  facet normal 3.053285e-01 8.994687e-01 3.126191e-01
    outer loop
      vertex   -2.888232e+00 3.350527e+01 5.003526e-01
      vertex   -2.350062e+00 3.349648e+01 0.000000e+00
      vertex   -2.845520e+00 3.366467e+01 0.000000e+00
    endloop
  endfacet
  facet normal 1.853121e-01 9.316269e-01 3.126191e-01
    outer loop
      vertex   -2.888232e+00 3.350527e+01 5.003526e-01
      vertex   -2.845520e+00 3.366467e+01 0.000000e+00
      vertex   -3.380232e+00 3.360313e+01 5.003526e-01
    endloop
  endfacet
  facet normal 1.853121e-01 9.316269e-01 3.126191e-01
    outer loop
      vertex   -3.380232e+00 3.360313e+01 5.003526e-01
      vertex   -2.845520e+00 3.366467e+01 0.000000e+00
      vertex   -3.358691e+00 3.376675e+01 0.000000e+00
    endloop
  endfacet
  facet normal 6.212503e-02 9.478448e-01 3.126191e-01
    outer loop
      vertex   -3.380232e+00 3.360313e+01 5.003526e-01
      vertex   -3.358691e+00 3.376675e+01 0.000000e+00
      vertex   -3.880796e+00 3.363594e+01 5.003526e-01
    endloop
  endfacet
  facet normal 6.212503e-02 9.478448e-01 3.126191e-01
    outer loop
      vertex   -3.880796e+00 3.363594e+01 5.003526e-01
      vertex   -3.358691e+00 3.376675e+01 0.000000e+00
      vertex   -3.880796e+00 3.380097e+01 0.000000e+00
    endloop
  endfacet
  facet normal 5.890462e-02 8.987108e-01 4.345677e-01
    outer loop
      vertex   -3.880796e+00 3.363594e+01 5.003526e-01
      vertex   -3.880796e+00 3.340658e+01 9.746753e-01
      vertex   -3.380232e+00 3.360313e+01 5.003526e-01
    endloop
  endfacet
  facet normal 5.890462e-02 8.987108e-01 4.345677e-01
    outer loop
      vertex   -3.380232e+00 3.360313e+01 5.003526e-01
      vertex   -3.880796e+00 3.340658e+01 9.746753e-01
      vertex   -3.410169e+00 3.337574e+01 9.746753e-01
    endloop
  endfacet
  facet normal 1.757060e-01 8.833336e-01 4.345677e-01
    outer loop
      vertex   -3.380232e+00 3.360313e+01 5.003526e-01
      vertex   -3.410169e+00 3.337574e+01 9.746753e-01
      vertex   -2.888232e+00 3.350527e+01 5.003526e-01
    endloop
  endfacet
  facet normal 1.757060e-01 8.833336e-01 4.345677e-01
    outer loop
      vertex   -2.888232e+00 3.350527e+01 5.003526e-01
      vertex   -3.410169e+00 3.337574e+01 9.746753e-01
      vertex   -2.947594e+00 3.328372e+01 9.746753e-01
    endloop
  endfacet
  facet normal 2.895010e-01 8.528424e-01 4.345677e-01
    outer loop
      vertex   -2.888232e+00 3.350527e+01 5.003526e-01
      vertex   -2.947594e+00 3.328372e+01 9.746753e-01
      vertex   -2.413215e+00 3.334402e+01 5.003526e-01
    endloop
  endfacet
  facet normal 2.895010e-01 8.528424e-01 4.345677e-01
    outer loop
      vertex   -2.413215e+00 3.334402e+01 5.003526e-01
      vertex   -2.947594e+00 3.328372e+01 9.746753e-01
      vertex   -2.500986e+00 3.313212e+01 9.746753e-01
    endloop
  endfacet
  facet normal 3.983425e-01 8.077587e-01 4.345677e-01
    outer loop
      vertex   -2.413215e+00 3.334402e+01 5.003526e-01
      vertex   -2.500986e+00 3.313212e+01 9.746753e-01
      vertex   -1.963310e+00 3.312215e+01 5.003526e-01
    endloop
  endfacet
  facet normal 3.983425e-01 8.077587e-01 4.345677e-01
    outer loop
      vertex   -1.963310e+00 3.312215e+01 5.003526e-01
      vertex   -2.500986e+00 3.313212e+01 9.746753e-01
      vertex   -2.077988e+00 3.292352e+01 9.746753e-01
    endloop
  endfacet
  facet normal 5.003683e-01 7.488541e-01 4.345677e-01
    outer loop
      vertex   -1.963310e+00 3.312215e+01 5.003526e-01
      vertex   -2.077988e+00 3.292352e+01 9.746753e-01
      vertex   -1.546212e+00 3.284346e+01 5.003526e-01
    endloop
  endfacet
  facet normal 5.003683e-01 7.488541e-01 4.345677e-01
    outer loop
      vertex   -1.546212e+00 3.284346e+01 5.003526e-01
      vertex   -2.077988e+00 3.292352e+01 9.746753e-01
      vertex   -1.685836e+00 3.266149e+01 9.746753e-01
    endloop
  endfacet
  facet normal 5.938327e-01 6.771364e-01 4.345677e-01
    outer loop
      vertex   -1.546212e+00 3.284346e+01 5.003526e-01
      vertex   -1.685836e+00 3.266149e+01 9.746753e-01
      vertex   -1.169061e+00 3.251270e+01 5.003526e-01
    endloop
  endfacet
  facet normal 5.938327e-01 6.771364e-01 4.345677e-01
    outer loop
      vertex   -1.169061e+00 3.251270e+01 5.003526e-01
      vertex   -1.685836e+00 3.266149e+01 9.746753e-01
      vertex   -1.331240e+00 3.235052e+01 9.746753e-01
    endloop
  endfacet
  facet normal 6.771364e-01 5.938327e-01 4.345677e-01
    outer loop
      vertex   -1.169061e+00 3.251270e+01 5.003526e-01
      vertex   -1.331240e+00 3.235052e+01 9.746753e-01
      vertex   -8.383073e-01 3.213555e+01 5.003526e-01
    endloop
  endfacet
  facet normal 6.771364e-01 5.938327e-01 4.345677e-01
    outer loop
      vertex   -8.383073e-01 3.213555e+01 5.003526e-01
      vertex   -1.331240e+00 3.235052e+01 9.746753e-01
      vertex   -1.020268e+00 3.199593e+01 9.746753e-01
    endloop
  endfacet
  facet normal 7.488541e-01 5.003683e-01 4.345677e-01
    outer loop
      vertex   -8.383073e-01 3.213555e+01 5.003526e-01
      vertex   -1.020268e+00 3.199593e+01 9.746753e-01
      vertex   -5.596119e-01 3.171845e+01 5.003526e-01
    endloop
  endfacet
  facet normal 7.488541e-01 5.003683e-01 4.345677e-01
    outer loop
      vertex   -5.596119e-01 3.171845e+01 5.003526e-01
      vertex   -1.020268e+00 3.199593e+01 9.746753e-01
      vertex   -7.582406e-01 3.160378e+01 9.746753e-01
    endloop
  endfacet
  facet normal 8.077587e-01 3.983425e-01 4.345677e-01
    outer loop
      vertex   -5.596119e-01 3.171845e+01 5.003526e-01
      vertex   -7.582406e-01 3.160378e+01 9.746753e-01
      vertex   -3.377428e-01 3.126855e+01 5.003526e-01
    endloop
  endfacet
  facet normal 8.077587e-01 3.983425e-01 4.345677e-01
    outer loop
      vertex   -3.377428e-01 3.126855e+01 5.003526e-01
      vertex   -7.582406e-01 3.160378e+01 9.746753e-01
      vertex   -5.496408e-01 3.118078e+01 9.746753e-01
    endloop
  endfacet
  facet normal 8.528424e-01 2.895010e-01 4.345677e-01
    outer loop
      vertex   -3.377428e-01 3.126855e+01 5.003526e-01
      vertex   -5.496408e-01 3.118078e+01 9.746753e-01
      vertex   -1.764964e-01 3.079353e+01 5.003526e-01
    endloop
  endfacet
  facet normal 8.528424e-01 2.895010e-01 4.345677e-01
    outer loop
      vertex   -1.764964e-01 3.079353e+01 5.003526e-01
      vertex   -5.496408e-01 3.118078e+01 9.746753e-01
      vertex   -3.980380e-01 3.073417e+01 9.746753e-01
    endloop
  endfacet
  facet normal 8.833336e-01 1.757060e-01 4.345677e-01
    outer loop
      vertex   -1.764964e-01 3.079353e+01 5.003526e-01
      vertex   -3.980380e-01 3.073417e+01 9.746753e-01
      vertex   -7.863161e-02 3.030153e+01 5.003526e-01
    endloop
  endfacet
  facet normal 8.833336e-01 1.757060e-01 4.345677e-01
    outer loop
      vertex   -7.863161e-02 3.030153e+01 5.003526e-01
      vertex   -3.980380e-01 3.073417e+01 9.746753e-01
      vertex   -3.060261e-01 3.027159e+01 9.746753e-01
    endloop
  endfacet
  facet normal 5.466332e-02 8.340010e-01 5.490484e-01
    outer loop
      vertex   -3.880796e+00 3.340658e+01 9.746753e-01
      vertex   -3.880796e+00 3.311688e+01 1.414739e+00
      vertex   -3.410169e+00 3.337574e+01 9.746753e-01
    endloop
  endfacet
  facet normal 5.466332e-02 8.340010e-01 5.490484e-01
    outer loop
      vertex   -3.410169e+00 3.337574e+01 9.746753e-01
      vertex   -3.880796e+00 3.311688e+01 1.414739e+00
      vertex   -3.447983e+00 3.308851e+01 1.414739e+00
    endloop
  endfacet
  facet normal 1.630546e-01 8.197311e-01 5.490484e-01
    outer loop
      vertex   -3.410169e+00 3.337574e+01 9.746753e-01
      vertex   -3.447983e+00 3.308851e+01 1.414739e+00
      vertex   -2.947594e+00 3.328372e+01 9.746753e-01
    endloop
  endfacet
  facet normal 1.630546e-01 8.197311e-01 5.490484e-01
    outer loop
      vertex   -2.947594e+00 3.328372e+01 9.746753e-01
      vertex   -3.447983e+00 3.308851e+01 1.414739e+00
      vertex   -3.022576e+00 3.300389e+01 1.414739e+00
    endloop
  endfacet
  facet normal 2.686561e-01 7.914352e-01 5.490484e-01
    outer loop
      vertex   -2.947594e+00 3.328372e+01 9.746753e-01
      vertex   -3.022576e+00 3.300389e+01 1.414739e+00
      vertex   -2.500986e+00 3.313212e+01 9.746753e-01
    endloop
  endfacet
  facet normal 2.686561e-01 7.914352e-01 5.490484e-01
    outer loop
      vertex   -2.500986e+00 3.313212e+01 9.746753e-01
      vertex   -3.022576e+00 3.300389e+01 1.414739e+00
      vertex   -2.611853e+00 3.286447e+01 1.414739e+00
    endloop
  endfacet
  facet normal 3.696607e-01 7.495978e-01 5.490484e-01
    outer loop
      vertex   -2.500986e+00 3.313212e+01 9.746753e-01
      vertex   -2.611853e+00 3.286447e+01 1.414739e+00
      vertex   -2.077988e+00 3.292352e+01 9.746753e-01
    endloop
  endfacet
  facet normal 3.696607e-01 7.495978e-01 5.490484e-01
    outer loop
      vertex   -2.077988e+00 3.292352e+01 9.746753e-01
      vertex   -2.611853e+00 3.286447e+01 1.414739e+00
      vertex   -2.222842e+00 3.267263e+01 1.414739e+00
    endloop
  endfacet
  facet normal 4.643403e-01 6.949344e-01 5.490484e-01
    outer loop
      vertex   -2.077988e+00 3.292352e+01 9.746753e-01
      vertex   -2.222842e+00 3.267263e+01 1.414739e+00
      vertex   -1.685836e+00 3.266149e+01 9.746753e-01
    endloop
  endfacet
  facet normal 4.643403e-01 6.949344e-01 5.490484e-01
    outer loop
      vertex   -1.685836e+00 3.266149e+01 9.746753e-01
      vertex   -2.222842e+00 3.267263e+01 1.414739e+00
      vertex   -1.862199e+00 3.243165e+01 1.414739e+00
    endloop
  endfacet
  facet normal 5.510750e-01 6.283806e-01 5.490484e-01
    outer loop
      vertex   -1.685836e+00 3.266149e+01 9.746753e-01
      vertex   -1.862199e+00 3.243165e+01 1.414739e+00
      vertex   -1.331240e+00 3.235052e+01 9.746753e-01
    endloop
  endfacet
  facet normal 5.510750e-01 6.283806e-01 5.490484e-01
    outer loop
      vertex   -1.331240e+00 3.235052e+01 9.746753e-01
      vertex   -1.862199e+00 3.243165e+01 1.414739e+00
      vertex   -1.536094e+00 3.214567e+01 1.414739e+00
    endloop
  endfacet
  facet normal 6.283806e-01 5.510750e-01 5.490484e-01
    outer loop
      vertex   -1.331240e+00 3.235052e+01 9.746753e-01
      vertex   -1.536094e+00 3.214567e+01 1.414739e+00
      vertex   -1.020268e+00 3.199593e+01 9.746753e-01
    endloop
  endfacet
  facet normal 6.283806e-01 5.510750e-01 5.490484e-01
    outer loop
      vertex   -1.020268e+00 3.199593e+01 9.746753e-01
      vertex   -1.536094e+00 3.214567e+01 1.414739e+00
      vertex   -1.250109e+00 3.181956e+01 1.414739e+00
    endloop
  endfacet
  facet normal 6.949344e-01 4.643403e-01 5.490484e-01
    outer loop
      vertex   -1.020268e+00 3.199593e+01 9.746753e-01
      vertex   -1.250109e+00 3.181956e+01 1.414739e+00
      vertex   -7.582406e-01 3.160378e+01 9.746753e-01
    endloop
  endfacet
  facet normal 6.949344e-01 4.643403e-01 5.490484e-01
    outer loop
      vertex   -7.582406e-01 3.160378e+01 9.746753e-01
      vertex   -1.250109e+00 3.181956e+01 1.414739e+00
      vertex   -1.009135e+00 3.145892e+01 1.414739e+00
    endloop
  endfacet
  facet normal 7.495978e-01 3.696607e-01 5.490484e-01
    outer loop
      vertex   -7.582406e-01 3.160378e+01 9.746753e-01
      vertex   -1.009135e+00 3.145892e+01 1.414739e+00
      vertex   -5.496408e-01 3.118078e+01 9.746753e-01
    endloop
  endfacet
  facet normal 7.495978e-01 3.696607e-01 5.490484e-01
    outer loop
      vertex   -5.496408e-01 3.118078e+01 9.746753e-01
      vertex   -1.009135e+00 3.145892e+01 1.414739e+00
      vertex   -8.172956e-01 3.106991e+01 1.414739e+00
    endloop
  endfacet
  facet normal 7.914352e-01 2.686561e-01 5.490484e-01
    outer loop
      vertex   -5.496408e-01 3.118078e+01 9.746753e-01
      vertex   -8.172956e-01 3.106991e+01 1.414739e+00
      vertex   -3.980380e-01 3.073417e+01 9.746753e-01
    endloop
  endfacet
  facet normal 7.914352e-01 2.686561e-01 5.490484e-01
    outer loop
      vertex   -3.980380e-01 3.073417e+01 9.746753e-01
      vertex   -8.172956e-01 3.106991e+01 1.414739e+00
      vertex   -6.778739e-01 3.065919e+01 1.414739e+00
    endloop
  endfacet
  facet normal 8.197311e-01 1.630546e-01 5.490484e-01
    outer loop
      vertex   -3.980380e-01 3.073417e+01 9.746753e-01
      vertex   -6.778739e-01 3.065919e+01 1.414739e+00
      vertex   -3.060261e-01 3.027159e+01 9.746753e-01
    endloop
  endfacet
  facet normal 8.197311e-01 1.630546e-01 5.490484e-01
    outer loop
      vertex   -3.060261e-01 3.027159e+01 9.746753e-01
      vertex   -6.778739e-01 3.065919e+01 1.414739e+00
      vertex   -5.932551e-01 3.023378e+01 1.414739e+00
    endloop
  endfacet
  facet normal 4.947282e-02 7.548094e-01 6.540759e-01
    outer loop
      vertex   -3.880796e+00 3.311688e+01 1.414739e+00
      vertex   -3.880796e+00 3.277184e+01 1.812909e+00
      vertex   -3.447983e+00 3.308851e+01 1.414739e+00
    endloop
  endfacet
  facet normal 4.947282e-02 7.548094e-01 6.540759e-01
    outer loop
      vertex   -3.447983e+00 3.308851e+01 1.414739e+00
      vertex   -3.880796e+00 3.277184e+01 1.812909e+00
      vertex   -3.493019e+00 3.274643e+01 1.812909e+00
    endloop
  endfacet
  facet normal 1.475720e-01 7.418944e-01 6.540759e-01
    outer loop
      vertex   -3.447983e+00 3.308851e+01 1.414739e+00
      vertex   -3.493019e+00 3.274643e+01 1.812909e+00
      vertex   -3.022576e+00 3.300389e+01 1.414739e+00
    endloop
  endfacet
  facet normal 1.475720e-01 7.418944e-01 6.540759e-01
    outer loop
      vertex   -3.022576e+00 3.300389e+01 1.414739e+00
      vertex   -3.493019e+00 3.274643e+01 1.812909e+00
      vertex   -3.111877e+00 3.267061e+01 1.812909e+00
    endloop
  endfacet
  facet normal 2.431461e-01 7.162854e-01 6.540759e-01
    outer loop
      vertex   -3.022576e+00 3.300389e+01 1.414739e+00
      vertex   -3.111877e+00 3.267061e+01 1.812909e+00
      vertex   -2.611853e+00 3.286447e+01 1.414739e+00
    endloop
  endfacet
  facet normal 2.431461e-01 7.162854e-01 6.540759e-01
    outer loop
      vertex   -2.611853e+00 3.286447e+01 1.414739e+00
      vertex   -3.111877e+00 3.267061e+01 1.812909e+00
      vertex   -2.743891e+00 3.254570e+01 1.812909e+00
    endloop
  endfacet
  facet normal 3.345600e-01 6.784205e-01 6.540759e-01
    outer loop
      vertex   -2.611853e+00 3.286447e+01 1.414739e+00
      vertex   -2.743891e+00 3.254570e+01 1.812909e+00
      vertex   -2.222842e+00 3.267263e+01 1.414739e+00
    endloop
  endfacet
  facet normal 3.345600e-01 6.784205e-01 6.540759e-01
    outer loop
      vertex   -2.222842e+00 3.267263e+01 1.414739e+00
      vertex   -2.743891e+00 3.254570e+01 1.812909e+00
      vertex   -2.395358e+00 3.237382e+01 1.812909e+00
    endloop
  endfacet
  facet normal 4.202494e-01 6.289477e-01 6.540759e-01
    outer loop
      vertex   -2.222842e+00 3.267263e+01 1.414739e+00
      vertex   -2.395358e+00 3.237382e+01 1.812909e+00
      vertex   -1.862199e+00 3.243165e+01 1.414739e+00
    endloop
  endfacet
  facet normal 4.202494e-01 6.289477e-01 6.540759e-01
    outer loop
      vertex   -1.862199e+00 3.243165e+01 1.414739e+00
      vertex   -2.395358e+00 3.237382e+01 1.812909e+00
      vertex   -2.072241e+00 3.215792e+01 1.812909e+00
    endloop
  endfacet
  facet normal 4.987483e-01 5.687134e-01 6.540759e-01
    outer loop
      vertex   -1.862199e+00 3.243165e+01 1.414739e+00
      vertex   -2.072241e+00 3.215792e+01 1.812909e+00
      vertex   -1.536094e+00 3.214567e+01 1.414739e+00
    endloop
  endfacet
  facet normal 4.987483e-01 5.687134e-01 6.540759e-01
    outer loop
      vertex   -1.536094e+00 3.214567e+01 1.414739e+00
      vertex   -2.072241e+00 3.215792e+01 1.812909e+00
      vertex   -1.780069e+00 3.190169e+01 1.812909e+00
    endloop
  endfacet
  facet normal 5.687134e-01 4.987483e-01 6.540759e-01
    outer loop
      vertex   -1.536094e+00 3.214567e+01 1.414739e+00
      vertex   -1.780069e+00 3.190169e+01 1.812909e+00
      vertex   -1.250109e+00 3.181956e+01 1.414739e+00
    endloop
  endfacet
  facet normal 5.687134e-01 4.987483e-01 6.540759e-01
    outer loop
      vertex   -1.250109e+00 3.181956e+01 1.414739e+00
      vertex   -1.780069e+00 3.190169e+01 1.812909e+00
      vertex   -1.523841e+00 3.160952e+01 1.812909e+00
    endloop
  endfacet
  facet normal 6.289477e-01 4.202494e-01 6.540759e-01
    outer loop
      vertex   -1.250109e+00 3.181956e+01 1.414739e+00
      vertex   -1.523841e+00 3.160952e+01 1.812909e+00
      vertex   -1.009135e+00 3.145892e+01 1.414739e+00
    endloop
  endfacet
  facet normal 6.289477e-01 4.202494e-01 6.540759e-01
    outer loop
      vertex   -1.009135e+00 3.145892e+01 1.414739e+00
      vertex   -1.523841e+00 3.160952e+01 1.812909e+00
      vertex   -1.307941e+00 3.128641e+01 1.812909e+00
    endloop
  endfacet
  facet normal 6.784205e-01 3.345600e-01 6.540759e-01
    outer loop
      vertex   -1.009135e+00 3.145892e+01 1.414739e+00
      vertex   -1.307941e+00 3.128641e+01 1.812909e+00
      vertex   -8.172956e-01 3.106991e+01 1.414739e+00
    endloop
  endfacet
  facet normal 6.784205e-01 3.345600e-01 6.540759e-01
    outer loop
      vertex   -8.172956e-01 3.106991e+01 1.414739e+00
      vertex   -1.307941e+00 3.128641e+01 1.812909e+00
      vertex   -1.136064e+00 3.093787e+01 1.812909e+00
    endloop
  endfacet
  facet normal 7.162854e-01 2.431461e-01 6.540759e-01
    outer loop
      vertex   -8.172956e-01 3.106991e+01 1.414739e+00
      vertex   -1.136064e+00 3.093787e+01 1.812909e+00
      vertex   -6.778739e-01 3.065919e+01 1.414739e+00
    endloop
  endfacet
  facet normal 7.162854e-01 2.431461e-01 6.540759e-01
    outer loop
      vertex   -6.778739e-01 3.065919e+01 1.414739e+00
      vertex   -1.136064e+00 3.093787e+01 1.812909e+00
      vertex   -1.011149e+00 3.056989e+01 1.812909e+00
    endloop
  endfacet
  facet normal 7.418944e-01 1.475720e-01 6.540759e-01
    outer loop
      vertex   -6.778739e-01 3.065919e+01 1.414739e+00
      vertex   -1.011149e+00 3.056989e+01 1.812909e+00
      vertex   -5.932551e-01 3.023378e+01 1.414739e+00
    endloop
  endfacet
  facet normal 7.418944e-01 1.475720e-01 6.540759e-01
    outer loop
      vertex   -5.932551e-01 3.023378e+01 1.414739e+00
      vertex   -1.011149e+00 3.056989e+01 1.812909e+00
      vertex   -9.353353e-01 3.018874e+01 1.812909e+00
    endloop
  endfacet
  facet normal 4.342143e-02 6.624830e-01 7.478174e-01
    outer loop
      vertex   -3.880796e+00 3.277184e+01 1.812909e+00
      vertex   -3.880796e+00 3.237747e+01 2.162278e+00
      vertex   -3.493019e+00 3.274643e+01 1.812909e+00
    endloop
  endfacet
  facet normal 4.342143e-02 6.624830e-01 7.478174e-01
    outer loop
      vertex   -3.493019e+00 3.274643e+01 1.812909e+00
      vertex   -3.880796e+00 3.237747e+01 2.162278e+00
      vertex   -3.544495e+00 3.235543e+01 2.162278e+00
    endloop
  endfacet
  facet normal 1.295213e-01 6.511477e-01 7.478174e-01
    outer loop
      vertex   -3.493019e+00 3.274643e+01 1.812909e+00
      vertex   -3.544495e+00 3.235543e+01 2.162278e+00
      vertex   -3.111877e+00 3.267061e+01 1.812909e+00
    endloop
  endfacet
  facet normal 1.295213e-01 6.511477e-01 7.478174e-01
    outer loop
      vertex   -3.111877e+00 3.267061e+01 1.812909e+00
      vertex   -3.544495e+00 3.235543e+01 2.162278e+00
      vertex   -3.213947e+00 3.228968e+01 2.162278e+00
    endloop
  endfacet
  facet normal 2.134051e-01 6.286711e-01 7.478174e-01
    outer loop
      vertex   -3.111877e+00 3.267061e+01 1.812909e+00
      vertex   -3.213947e+00 3.228968e+01 2.162278e+00
      vertex   -2.743891e+00 3.254570e+01 1.812909e+00
    endloop
  endfacet
  facet normal 2.134051e-01 6.286711e-01 7.478174e-01
    outer loop
      vertex   -2.743891e+00 3.254570e+01 1.812909e+00
      vertex   -3.213947e+00 3.228968e+01 2.162278e+00
      vertex   -2.894810e+00 3.218135e+01 2.162278e+00
    endloop
  endfacet
  facet normal 2.936374e-01 5.954378e-01 7.478174e-01
    outer loop
      vertex   -2.743891e+00 3.254570e+01 1.812909e+00
      vertex   -2.894810e+00 3.218135e+01 2.162278e+00
      vertex   -2.395358e+00 3.237382e+01 1.812909e+00
    endloop
  endfacet
  facet normal 2.936374e-01 5.954378e-01 7.478174e-01
    outer loop
      vertex   -2.395358e+00 3.237382e+01 1.812909e+00
      vertex   -2.894810e+00 3.218135e+01 2.162278e+00
      vertex   -2.592543e+00 3.203229e+01 2.162278e+00
    endloop
  endfacet
  facet normal 3.688455e-01 5.520164e-01 7.478174e-01
    outer loop
      vertex   -2.395358e+00 3.237382e+01 1.812909e+00
      vertex   -2.592543e+00 3.203229e+01 2.162278e+00
      vertex   -2.072241e+00 3.215792e+01 1.812909e+00
    endloop
  endfacet
  facet normal 3.688455e-01 5.520164e-01 7.478174e-01
    outer loop
      vertex   -2.072241e+00 3.215792e+01 1.812909e+00
      vertex   -2.592543e+00 3.203229e+01 2.162278e+00
      vertex   -2.312318e+00 3.184505e+01 2.162278e+00
    endloop
  endfacet
  facet normal 4.377426e-01 4.991498e-01 7.478174e-01
    outer loop
      vertex   -2.072241e+00 3.215792e+01 1.812909e+00
      vertex   -2.312318e+00 3.184505e+01 2.162278e+00
      vertex   -1.780069e+00 3.190169e+01 1.812909e+00
    endloop
  endfacet
  facet normal 4.377426e-01 4.991498e-01 7.478174e-01
    outer loop
      vertex   -1.780069e+00 3.190169e+01 1.812909e+00
      vertex   -2.312318e+00 3.184505e+01 2.162278e+00
      vertex   -2.058931e+00 3.162283e+01 2.162278e+00
    endloop
  endfacet
  facet normal 4.991498e-01 4.377426e-01 7.478174e-01
    outer loop
      vertex   -1.780069e+00 3.190169e+01 1.812909e+00
      vertex   -2.058931e+00 3.162283e+01 2.162278e+00
      vertex   -1.523841e+00 3.160952e+01 1.812909e+00
    endloop
  endfacet
  facet normal 4.991498e-01 4.377426e-01 7.478174e-01
    outer loop
      vertex   -1.523841e+00 3.160952e+01 1.812909e+00
      vertex   -2.058931e+00 3.162283e+01 2.162278e+00
      vertex   -1.836716e+00 3.136944e+01 2.162278e+00
    endloop
  endfacet
  facet normal 5.520164e-01 3.688455e-01 7.478174e-01
    outer loop
      vertex   -1.523841e+00 3.160952e+01 1.812909e+00
      vertex   -1.836716e+00 3.136944e+01 2.162278e+00
      vertex   -1.307941e+00 3.128641e+01 1.812909e+00
    endloop
  endfacet
  facet normal 5.520164e-01 3.688455e-01 7.478174e-01
    outer loop
      vertex   -1.307941e+00 3.128641e+01 1.812909e+00
      vertex   -1.836716e+00 3.136944e+01 2.162278e+00
      vertex   -1.649476e+00 3.108922e+01 2.162278e+00
    endloop
  endfacet
  facet normal 5.954378e-01 2.936374e-01 7.478174e-01
    outer loop
      vertex   -1.307941e+00 3.128641e+01 1.812909e+00
      vertex   -1.649476e+00 3.108922e+01 2.162278e+00
      vertex   -1.136064e+00 3.093787e+01 1.812909e+00
    endloop
  endfacet
  facet normal 5.954378e-01 2.936374e-01 7.478174e-01
    outer loop
      vertex   -1.136064e+00 3.093787e+01 1.812909e+00
      vertex   -1.649476e+00 3.108922e+01 2.162278e+00
      vertex   -1.500415e+00 3.078695e+01 2.162278e+00
    endloop
  endfacet
  facet normal 6.286711e-01 2.134051e-01 7.478174e-01
    outer loop
      vertex   -1.136064e+00 3.093787e+01 1.812909e+00
      vertex   -1.500415e+00 3.078695e+01 2.162278e+00
      vertex   -1.011149e+00 3.056989e+01 1.812909e+00
    endloop
  endfacet
  facet normal 6.286711e-01 2.134051e-01 7.478174e-01
    outer loop
      vertex   -1.011149e+00 3.056989e+01 1.812909e+00
      vertex   -1.500415e+00 3.078695e+01 2.162278e+00
      vertex   -1.392082e+00 3.046782e+01 2.162278e+00
    endloop
  endfacet
  facet normal 6.511477e-01 1.295213e-01 7.478174e-01
    outer loop
      vertex   -1.011149e+00 3.056989e+01 1.812909e+00
      vertex   -1.392082e+00 3.046782e+01 2.162278e+00
      vertex   -9.353353e-01 3.018874e+01 1.812909e+00
    endloop
  endfacet
  facet normal 6.511477e-01 1.295213e-01 7.478174e-01
    outer loop
      vertex   -9.353353e-01 3.018874e+01 1.812909e+00
      vertex   -1.392082e+00 3.046782e+01 2.162278e+00
      vertex   -1.326332e+00 3.013727e+01 2.162278e+00
    endloop
  endfacet
  facet normal 3.661276e-02 5.586028e-01 8.286268e-01
    outer loop
      vertex   -3.880796e+00 3.237747e+01 2.162278e+00
      vertex   -3.880796e+00 3.194061e+01 2.456783e+00
      vertex   -3.544495e+00 3.235543e+01 2.162278e+00
    endloop
  endfacet
  facet normal 3.661276e-02 5.586028e-01 8.286268e-01
    outer loop
      vertex   -3.544495e+00 3.235543e+01 2.162278e+00
      vertex   -3.880796e+00 3.194061e+01 2.456783e+00
      vertex   -3.601517e+00 3.192230e+01 2.456783e+00
    endloop
  endfacet
  facet normal 1.092118e-01 5.490449e-01 8.286268e-01
    outer loop
      vertex   -3.544495e+00 3.235543e+01 2.162278e+00
      vertex   -3.601517e+00 3.192230e+01 2.456783e+00
      vertex   -3.213947e+00 3.228968e+01 2.162278e+00
    endloop
  endfacet
  facet normal 1.092118e-01 5.490449e-01 8.286268e-01
    outer loop
      vertex   -3.213947e+00 3.228968e+01 2.162278e+00
      vertex   -3.601517e+00 3.192230e+01 2.456783e+00
      vertex   -3.327017e+00 3.186770e+01 2.456783e+00
    endloop
  endfacet
  facet normal 1.799423e-01 5.300928e-01 8.286268e-01
    outer loop
      vertex   -3.213947e+00 3.228968e+01 2.162278e+00
      vertex   -3.327017e+00 3.186770e+01 2.456783e+00
      vertex   -2.894810e+00 3.218135e+01 2.162278e+00
    endloop
  endfacet
  facet normal 1.799423e-01 5.300928e-01 8.286268e-01
    outer loop
      vertex   -2.894810e+00 3.218135e+01 2.162278e+00
      vertex   -3.327017e+00 3.186770e+01 2.456783e+00
      vertex   -3.061992e+00 3.177774e+01 2.456783e+00
    endloop
  endfacet
  facet normal 2.475938e-01 5.020706e-01 8.286268e-01
    outer loop
      vertex   -2.894810e+00 3.218135e+01 2.162278e+00
      vertex   -3.061992e+00 3.177774e+01 2.456783e+00
      vertex   -2.592543e+00 3.203229e+01 2.162278e+00
    endloop
  endfacet
  facet normal 2.475938e-01 5.020706e-01 8.286268e-01
    outer loop
      vertex   -2.592543e+00 3.203229e+01 2.162278e+00
      vertex   -3.061992e+00 3.177774e+01 2.456783e+00
      vertex   -2.810977e+00 3.165395e+01 2.456783e+00
    endloop
  endfacet
  facet normal 3.110090e-01 4.654578e-01 8.286268e-01
    outer loop
      vertex   -2.592543e+00 3.203229e+01 2.162278e+00
      vertex   -2.810977e+00 3.165395e+01 2.456783e+00
      vertex   -2.312318e+00 3.184505e+01 2.162278e+00
    endloop
  endfacet
  facet normal 3.110090e-01 4.654578e-01 8.286268e-01
    outer loop
      vertex   -2.312318e+00 3.184505e+01 2.162278e+00
      vertex   -2.810977e+00 3.165395e+01 2.456783e+00
      vertex   -2.578266e+00 3.149846e+01 2.456783e+00
    endloop
  endfacet
  facet normal 3.691027e-01 4.208810e-01 8.286268e-01
    outer loop
      vertex   -2.312318e+00 3.184505e+01 2.162278e+00
      vertex   -2.578266e+00 3.149846e+01 2.456783e+00
      vertex   -2.058931e+00 3.162283e+01 2.162278e+00
    endloop
  endfacet
  facet normal 3.691027e-01 4.208810e-01 8.286268e-01
    outer loop
      vertex   -2.058931e+00 3.162283e+01 2.162278e+00
      vertex   -2.578266e+00 3.149846e+01 2.456783e+00
      vertex   -2.367843e+00 3.131392e+01 2.456783e+00
    endloop
  endfacet
  facet normal 4.208810e-01 3.691027e-01 8.286268e-01
    outer loop
      vertex   -2.058931e+00 3.162283e+01 2.162278e+00
      vertex   -2.367843e+00 3.131392e+01 2.456783e+00
      vertex   -1.836716e+00 3.136944e+01 2.162278e+00
    endloop
  endfacet
  facet normal 4.208810e-01 3.691027e-01 8.286268e-01
    outer loop
      vertex   -1.836716e+00 3.136944e+01 2.162278e+00
      vertex   -2.367843e+00 3.131392e+01 2.456783e+00
      vertex   -2.183306e+00 3.110350e+01 2.456783e+00
    endloop
  endfacet
  facet normal 4.654578e-01 3.110090e-01 8.286268e-01
    outer loop
      vertex   -1.836716e+00 3.136944e+01 2.162278e+00
      vertex   -2.183306e+00 3.110350e+01 2.456783e+00
      vertex   -1.649476e+00 3.108922e+01 2.162278e+00
    endloop
  endfacet
  facet normal 4.654578e-01 3.110090e-01 8.286268e-01
    outer loop
      vertex   -1.649476e+00 3.108922e+01 2.162278e+00
      vertex   -2.183306e+00 3.110350e+01 2.456783e+00
      vertex   -2.027814e+00 3.087079e+01 2.456783e+00
    endloop
  endfacet
  facet normal 5.020706e-01 2.475938e-01 8.286268e-01
    outer loop
      vertex   -1.649476e+00 3.108922e+01 2.162278e+00
      vertex   -2.027814e+00 3.087079e+01 2.456783e+00
      vertex   -1.500415e+00 3.078695e+01 2.162278e+00
    endloop
  endfacet
  facet normal 5.020706e-01 2.475938e-01 8.286268e-01
    outer loop
      vertex   -1.500415e+00 3.078695e+01 2.162278e+00
      vertex   -2.027814e+00 3.087079e+01 2.456783e+00
      vertex   -1.904027e+00 3.061977e+01 2.456783e+00
    endloop
  endfacet
  facet normal 5.300928e-01 1.799423e-01 8.286268e-01
    outer loop
      vertex   -1.500415e+00 3.078695e+01 2.162278e+00
      vertex   -1.904027e+00 3.061977e+01 2.456783e+00
      vertex   -1.392082e+00 3.046782e+01 2.162278e+00
    endloop
  endfacet
  facet normal 5.300928e-01 1.799423e-01 8.286268e-01
    outer loop
      vertex   -1.392082e+00 3.046782e+01 2.162278e+00
      vertex   -1.904027e+00 3.061977e+01 2.456783e+00
      vertex   -1.814063e+00 3.035475e+01 2.456783e+00
    endloop
  endfacet
  facet normal 5.490449e-01 1.092118e-01 8.286268e-01
    outer loop
      vertex   -1.392082e+00 3.046782e+01 2.162278e+00
      vertex   -1.814063e+00 3.035475e+01 2.456783e+00
      vertex   -1.326332e+00 3.013727e+01 2.162278e+00
    endloop
  endfacet
  facet normal 5.490449e-01 1.092118e-01 8.286268e-01
    outer loop
      vertex   -1.326332e+00 3.013727e+01 2.162278e+00
      vertex   -1.814063e+00 3.035475e+01 2.456783e+00
      vertex   -1.759462e+00 3.008025e+01 2.456783e+00
    endloop
  endfacet
  facet normal 2.916419e-02 4.449596e-01 8.950756e-01
    outer loop
      vertex   -3.880796e+00 3.194061e+01 2.456783e+00
      vertex   -3.880796e+00 3.146882e+01 2.691317e+00
      vertex   -3.601517e+00 3.192230e+01 2.456783e+00
    endloop
  endfacet
  facet normal 2.916419e-02 4.449596e-01 8.950756e-01
    outer loop
      vertex   -3.601517e+00 3.192230e+01 2.456783e+00
      vertex   -3.880796e+00 3.146882e+01 2.691317e+00
      vertex   -3.663097e+00 3.145455e+01 2.691317e+00
    endloop
  endfacet
  facet normal 8.699358e-02 4.373462e-01 8.950756e-01
    outer loop
      vertex   -3.601517e+00 3.192230e+01 2.456783e+00
      vertex   -3.663097e+00 3.145455e+01 2.691317e+00
      vertex   -3.327017e+00 3.186770e+01 2.456783e+00
    endloop
  endfacet
  facet normal 8.699358e-02 4.373462e-01 8.950756e-01
    outer loop
      vertex   -3.327017e+00 3.186770e+01 2.456783e+00
      vertex   -3.663097e+00 3.145455e+01 2.691317e+00
      vertex   -3.449124e+00 3.141199e+01 2.691317e+00
    endloop
  endfacet
  facet normal 1.433345e-01 4.222497e-01 8.950756e-01
    outer loop
      vertex   -3.327017e+00 3.186770e+01 2.456783e+00
      vertex   -3.449124e+00 3.141199e+01 2.691317e+00
      vertex   -3.061992e+00 3.177774e+01 2.456783e+00
    endloop
  endfacet
  facet normal 1.433345e-01 4.222497e-01 8.950756e-01
    outer loop
      vertex   -3.061992e+00 3.177774e+01 2.456783e+00
      vertex   -3.449124e+00 3.141199e+01 2.691317e+00
      vertex   -3.242536e+00 3.134186e+01 2.691317e+00
    endloop
  endfacet
  facet normal 1.972229e-01 3.999284e-01 8.950756e-01
    outer loop
      vertex   -3.061992e+00 3.177774e+01 2.456783e+00
      vertex   -3.242536e+00 3.134186e+01 2.691317e+00
      vertex   -2.810977e+00 3.165395e+01 2.456783e+00
    endloop
  endfacet
  facet normal 1.972229e-01 3.999284e-01 8.950756e-01
    outer loop
      vertex   -2.810977e+00 3.165395e+01 2.456783e+00
      vertex   -3.242536e+00 3.134186e+01 2.691317e+00
      vertex   -3.046869e+00 3.124537e+01 2.691317e+00
    endloop
  endfacet
  facet normal 2.477367e-01 3.707642e-01 8.950756e-01
    outer loop
      vertex   -2.810977e+00 3.165395e+01 2.456783e+00
      vertex   -3.046869e+00 3.124537e+01 2.691317e+00
      vertex   -2.578266e+00 3.149846e+01 2.456783e+00
    endloop
  endfacet
  facet normal 2.477367e-01 3.707642e-01 8.950756e-01
    outer loop
      vertex   -2.578266e+00 3.149846e+01 2.456783e+00
      vertex   -3.046869e+00 3.124537e+01 2.691317e+00
      vertex   -2.865471e+00 3.112416e+01 2.691317e+00
    endloop
  endfacet
  facet normal 2.940118e-01 3.352562e-01 8.950756e-01
    outer loop
      vertex   -2.578266e+00 3.149846e+01 2.456783e+00
      vertex   -2.865471e+00 3.112416e+01 2.691317e+00
      vertex   -2.367843e+00 3.131392e+01 2.456783e+00
    endloop
  endfacet
  facet normal 2.940118e-01 3.352562e-01 8.950756e-01
    outer loop
      vertex   -2.367843e+00 3.131392e+01 2.456783e+00
      vertex   -2.865471e+00 3.112416e+01 2.691317e+00
      vertex   -2.701445e+00 3.098032e+01 2.691317e+00
    endloop
  endfacet
  facet normal 3.352562e-01 2.940118e-01 8.950756e-01
    outer loop
      vertex   -2.367843e+00 3.131392e+01 2.456783e+00
      vertex   -2.701445e+00 3.098032e+01 2.691317e+00
      vertex   -2.183306e+00 3.110350e+01 2.456783e+00
    endloop
  endfacet
  facet normal 3.352562e-01 2.940118e-01 8.950756e-01
    outer loop
      vertex   -2.183306e+00 3.110350e+01 2.456783e+00
      vertex   -2.701445e+00 3.098032e+01 2.691317e+00
      vertex   -2.557598e+00 3.081629e+01 2.691317e+00
    endloop
  endfacet
  facet normal 3.707642e-01 2.477367e-01 8.950756e-01
    outer loop
      vertex   -2.183306e+00 3.110350e+01 2.456783e+00
      vertex   -2.557598e+00 3.081629e+01 2.691317e+00
      vertex   -2.027814e+00 3.087079e+01 2.456783e+00
    endloop
  endfacet
  facet normal 3.707642e-01 2.477367e-01 8.950756e-01
    outer loop
      vertex   -2.027814e+00 3.087079e+01 2.456783e+00
      vertex   -2.557598e+00 3.081629e+01 2.691317e+00
      vertex   -2.436392e+00 3.063489e+01 2.691317e+00
    endloop
  endfacet
  facet normal 3.999284e-01 1.972229e-01 8.950756e-01
    outer loop
      vertex   -2.027814e+00 3.087079e+01 2.456783e+00
      vertex   -2.436392e+00 3.063489e+01 2.691317e+00
      vertex   -1.904027e+00 3.061977e+01 2.456783e+00
    endloop
  endfacet
  facet normal 3.999284e-01 1.972229e-01 8.950756e-01
    outer loop
      vertex   -1.904027e+00 3.061977e+01 2.456783e+00
      vertex   -2.436392e+00 3.063489e+01 2.691317e+00
      vertex   -2.339899e+00 3.043923e+01 2.691317e+00
    endloop
  endfacet
  facet normal 4.222497e-01 1.433345e-01 8.950756e-01
    outer loop
      vertex   -1.904027e+00 3.061977e+01 2.456783e+00
      vertex   -2.339899e+00 3.043923e+01 2.691317e+00
      vertex   -1.814063e+00 3.035475e+01 2.456783e+00
    endloop
  endfacet
  facet normal 4.222497e-01 1.433345e-01 8.950756e-01
    outer loop
      vertex   -1.814063e+00 3.035475e+01 2.456783e+00
      vertex   -2.339899e+00 3.043923e+01 2.691317e+00
      vertex   -2.269772e+00 3.023264e+01 2.691317e+00
    endloop
  endfacet
  facet normal 4.373462e-01 8.699358e-02 8.950756e-01
    outer loop
      vertex   -1.814063e+00 3.035475e+01 2.456783e+00
      vertex   -2.269772e+00 3.023264e+01 2.691317e+00
      vertex   -1.759462e+00 3.008025e+01 2.456783e+00
    endloop
  endfacet
  facet normal 4.373462e-01 8.699358e-02 8.950756e-01
    outer loop
      vertex   -1.759462e+00 3.008025e+01 2.456783e+00
      vertex   -2.269772e+00 3.023264e+01 2.691317e+00
      vertex   -2.227210e+00 3.001867e+01 2.691317e+00
    endloop
  endfacet
  facet normal 2.120493e-02 3.235247e-01 9.459821e-01
    outer loop
      vertex   -3.880796e+00 3.146882e+01 2.691317e+00
      vertex   -3.880796e+00 3.097030e+01 2.861809e+00
      vertex   -3.663097e+00 3.145455e+01 2.691317e+00
    endloop
  endfacet
  facet normal 2.120493e-02 3.235247e-01 9.459821e-01
    outer loop
      vertex   -3.663097e+00 3.145455e+01 2.691317e+00
      vertex   -3.880796e+00 3.097030e+01 2.861809e+00
      vertex   -3.728167e+00 3.096030e+01 2.861809e+00
    endloop
  endfacet
  facet normal 6.325196e-02 3.179891e-01 9.459821e-01
    outer loop
      vertex   -3.663097e+00 3.145455e+01 2.691317e+00
      vertex   -3.728167e+00 3.096030e+01 2.861809e+00
      vertex   -3.449124e+00 3.141199e+01 2.691317e+00
    endloop
  endfacet
  facet normal 6.325196e-02 3.179891e-01 9.459821e-01
    outer loop
      vertex   -3.449124e+00 3.141199e+01 2.691317e+00
      vertex   -3.728167e+00 3.096030e+01 2.861809e+00
      vertex   -3.578149e+00 3.093046e+01 2.861809e+00
    endloop
  endfacet
  facet normal 1.042167e-01 3.070126e-01 9.459821e-01
    outer loop
      vertex   -3.449124e+00 3.141199e+01 2.691317e+00
      vertex   -3.578149e+00 3.093046e+01 2.861809e+00
      vertex   -3.242536e+00 3.134186e+01 2.691317e+00
    endloop
  endfacet
  facet normal 1.042167e-01 3.070126e-01 9.459821e-01
    outer loop
      vertex   -3.242536e+00 3.134186e+01 2.691317e+00
      vertex   -3.578149e+00 3.093046e+01 2.861809e+00
      vertex   -3.433310e+00 3.088129e+01 2.861809e+00
    endloop
  endfacet
  facet normal 1.433983e-01 2.907830e-01 9.459821e-01
    outer loop
      vertex   -3.242536e+00 3.134186e+01 2.691317e+00
      vertex   -3.433310e+00 3.088129e+01 2.861809e+00
      vertex   -3.046869e+00 3.124537e+01 2.691317e+00
    endloop
  endfacet
  facet normal 1.433983e-01 2.907830e-01 9.459821e-01
    outer loop
      vertex   -3.046869e+00 3.124537e+01 2.691317e+00
      vertex   -3.433310e+00 3.088129e+01 2.861809e+00
      vertex   -3.296127e+00 3.081364e+01 2.861809e+00
    endloop
  endfacet
  facet normal 1.801263e-01 2.695781e-01 9.459821e-01
    outer loop
      vertex   -3.046869e+00 3.124537e+01 2.691317e+00
      vertex   -3.296127e+00 3.081364e+01 2.861809e+00
      vertex   -2.865471e+00 3.112416e+01 2.691317e+00
    endloop
  endfacet
  facet normal 1.801263e-01 2.695781e-01 9.459821e-01
    outer loop
      vertex   -2.865471e+00 3.112416e+01 2.691317e+00
      vertex   -3.296127e+00 3.081364e+01 2.861809e+00
      vertex   -3.168948e+00 3.072866e+01 2.861809e+00
    endloop
  endfacet
  facet normal 2.137723e-01 2.437606e-01 9.459821e-01
    outer loop
      vertex   -2.865471e+00 3.112416e+01 2.691317e+00
      vertex   -3.168948e+00 3.072866e+01 2.861809e+00
      vertex   -2.701445e+00 3.098032e+01 2.691317e+00
    endloop
  endfacet
  facet normal 2.137723e-01 2.437606e-01 9.459821e-01
    outer loop
      vertex   -2.701445e+00 3.098032e+01 2.691317e+00
      vertex   -3.168948e+00 3.072866e+01 2.861809e+00
      vertex   -3.053949e+00 3.062781e+01 2.861809e+00
    endloop
  endfacet
  facet normal 2.437606e-01 2.137723e-01 9.459821e-01
    outer loop
      vertex   -2.701445e+00 3.098032e+01 2.691317e+00
      vertex   -3.053949e+00 3.062781e+01 2.861809e+00
      vertex   -2.557598e+00 3.081629e+01 2.691317e+00
    endloop
  endfacet
  facet normal 2.437606e-01 2.137723e-01 9.459821e-01
    outer loop
      vertex   -2.557598e+00 3.081629e+01 2.691317e+00
      vertex   -3.053949e+00 3.062781e+01 2.861809e+00
      vertex   -2.953098e+00 3.051281e+01 2.861809e+00
    endloop
  endfacet
  facet normal 2.695781e-01 1.801263e-01 9.459821e-01
    outer loop
      vertex   -2.557598e+00 3.081629e+01 2.691317e+00
      vertex   -2.953098e+00 3.051281e+01 2.861809e+00
      vertex   -2.436392e+00 3.063489e+01 2.691317e+00
    endloop
  endfacet
  facet normal 2.695781e-01 1.801263e-01 9.459821e-01
    outer loop
      vertex   -2.436392e+00 3.063489e+01 2.691317e+00
      vertex   -2.953098e+00 3.051281e+01 2.861809e+00
      vertex   -2.868120e+00 3.038564e+01 2.861809e+00
    endloop
  endfacet
  facet normal 2.907830e-01 1.433983e-01 9.459821e-01
    outer loop
      vertex   -2.436392e+00 3.063489e+01 2.691317e+00
      vertex   -2.868120e+00 3.038564e+01 2.861809e+00
      vertex   -2.339899e+00 3.043923e+01 2.691317e+00
    endloop
  endfacet
  facet normal 2.907830e-01 1.433983e-01 9.459821e-01
    outer loop
      vertex   -2.339899e+00 3.043923e+01 2.691317e+00
      vertex   -2.868120e+00 3.038564e+01 2.861809e+00
      vertex   -2.800469e+00 3.024845e+01 2.861809e+00
    endloop
  endfacet
  facet normal 3.070126e-01 1.042167e-01 9.459821e-01
    outer loop
      vertex   -2.339899e+00 3.043923e+01 2.691317e+00
      vertex   -2.800469e+00 3.024845e+01 2.861809e+00
      vertex   -2.269772e+00 3.023264e+01 2.691317e+00
    endloop
  endfacet
  facet normal 3.070126e-01 1.042167e-01 9.459821e-01
    outer loop
      vertex   -2.269772e+00 3.023264e+01 2.691317e+00
      vertex   -2.800469e+00 3.024845e+01 2.861809e+00
      vertex   -2.751303e+00 3.010361e+01 2.861809e+00
    endloop
  endfacet
  facet normal 3.179891e-01 6.325196e-02 9.459821e-01
    outer loop
      vertex   -2.269772e+00 3.023264e+01 2.691317e+00
      vertex   -2.751303e+00 3.010361e+01 2.861809e+00
      vertex   -2.227210e+00 3.001867e+01 2.691317e+00
    endloop
  endfacet
  facet normal 3.179891e-01 6.325196e-02 9.459821e-01
    outer loop
      vertex   -2.227210e+00 3.001867e+01 2.691317e+00
      vertex   -2.751303e+00 3.010361e+01 2.861809e+00
      vertex   -2.721462e+00 2.995360e+01 2.861809e+00
    endloop
  endfacet
  facet normal 1.287375e-02 1.964154e-01 9.804362e-01
    outer loop
      vertex   -3.880796e+00 3.097030e+01 2.861809e+00
      vertex   -3.880796e+00 3.045370e+01 2.965302e+00
      vertex   -3.728167e+00 3.096030e+01 2.861809e+00
    endloop
  endfacet
  facet normal 1.287375e-02 1.964154e-01 9.804362e-01
    outer loop
      vertex   -3.728167e+00 3.096030e+01 2.861809e+00
      vertex   -3.880796e+00 3.045370e+01 2.965302e+00
      vertex   -3.795597e+00 3.044812e+01 2.965302e+00
    endloop
  endfacet
  facet normal 3.840097e-02 1.930547e-01 9.804362e-01
    outer loop
      vertex   -3.728167e+00 3.096030e+01 2.861809e+00
      vertex   -3.795597e+00 3.044812e+01 2.965302e+00
      vertex   -3.578149e+00 3.093046e+01 2.861809e+00
    endloop
  endfacet
  facet normal 3.840097e-02 1.930547e-01 9.804362e-01
    outer loop
      vertex   -3.578149e+00 3.093046e+01 2.861809e+00
      vertex   -3.795597e+00 3.044812e+01 2.965302e+00
      vertex   -3.711855e+00 3.043146e+01 2.965302e+00
    endloop
  endfacet
  facet normal 6.327114e-02 1.863908e-01 9.804362e-01
    outer loop
      vertex   -3.578149e+00 3.093046e+01 2.861809e+00
      vertex   -3.711855e+00 3.043146e+01 2.965302e+00
      vertex   -3.433310e+00 3.088129e+01 2.861809e+00
    endloop
  endfacet
  facet normal 6.327114e-02 1.863908e-01 9.804362e-01
    outer loop
      vertex   -3.433310e+00 3.088129e+01 2.861809e+00
      vertex   -3.711855e+00 3.043146e+01 2.965302e+00
      vertex   -3.631004e+00 3.040402e+01 2.965302e+00
    endloop
  endfacet
  facet normal 8.705873e-02 1.765376e-01 9.804362e-01
    outer loop
      vertex   -3.433310e+00 3.088129e+01 2.861809e+00
      vertex   -3.631004e+00 3.040402e+01 2.965302e+00
      vertex   -3.296127e+00 3.081364e+01 2.861809e+00
    endloop
  endfacet
  facet normal 8.705873e-02 1.765376e-01 9.804362e-01
    outer loop
      vertex   -3.296127e+00 3.081364e+01 2.861809e+00
      vertex   -3.631004e+00 3.040402e+01 2.965302e+00
      vertex   -3.554427e+00 3.036625e+01 2.965302e+00
    endloop
  endfacet
  facet normal 1.093567e-01 1.636639e-01 9.804362e-01
    outer loop
      vertex   -3.296127e+00 3.081364e+01 2.861809e+00
      vertex   -3.554427e+00 3.036625e+01 2.965302e+00
      vertex   -3.168948e+00 3.072866e+01 2.861809e+00
    endloop
  endfacet
  facet normal 1.093567e-01 1.636639e-01 9.804362e-01
    outer loop
      vertex   -3.168948e+00 3.072866e+01 2.861809e+00
      vertex   -3.554427e+00 3.036625e+01 2.965302e+00
      vertex   -3.483435e+00 3.031882e+01 2.965302e+00
    endloop
  endfacet
  facet normal 1.297836e-01 1.479898e-01 9.804362e-01
    outer loop
      vertex   -3.168948e+00 3.072866e+01 2.861809e+00
      vertex   -3.483435e+00 3.031882e+01 2.965302e+00
      vertex   -3.053949e+00 3.062781e+01 2.861809e+00
    endloop
  endfacet
  facet normal 1.297836e-01 1.479898e-01 9.804362e-01
    outer loop
      vertex   -3.053949e+00 3.062781e+01 2.861809e+00
      vertex   -3.483435e+00 3.031882e+01 2.965302e+00
      vertex   -3.419241e+00 3.026252e+01 2.965302e+00
    endloop
  endfacet
  facet normal 1.479898e-01 1.297836e-01 9.804362e-01
    outer loop
      vertex   -3.053949e+00 3.062781e+01 2.861809e+00
      vertex   -3.419241e+00 3.026252e+01 2.965302e+00
      vertex   -2.953098e+00 3.051281e+01 2.861809e+00
    endloop
  endfacet
  facet normal 1.479898e-01 1.297836e-01 9.804362e-01
    outer loop
      vertex   -2.953098e+00 3.051281e+01 2.861809e+00
      vertex   -3.419241e+00 3.026252e+01 2.965302e+00
      vertex   -3.362945e+00 3.019833e+01 2.965302e+00
    endloop
  endfacet
  facet normal 1.636639e-01 1.093567e-01 9.804362e-01
    outer loop
      vertex   -2.953098e+00 3.051281e+01 2.861809e+00
      vertex   -3.362945e+00 3.019833e+01 2.965302e+00
      vertex   -2.868120e+00 3.038564e+01 2.861809e+00
    endloop
  endfacet
  facet normal 1.636639e-01 1.093567e-01 9.804362e-01
    outer loop
      vertex   -2.868120e+00 3.038564e+01 2.861809e+00
      vertex   -3.362945e+00 3.019833e+01 2.965302e+00
      vertex   -3.315509e+00 3.012734e+01 2.965302e+00
    endloop
  endfacet
  facet normal 1.765376e-01 8.705873e-02 9.804362e-01
    outer loop
      vertex   -2.868120e+00 3.038564e+01 2.861809e+00
      vertex   -3.315509e+00 3.012734e+01 2.965302e+00
      vertex   -2.800469e+00 3.024845e+01 2.861809e+00
    endloop
  endfacet
  facet normal 1.765376e-01 8.705873e-02 9.804362e-01
    outer loop
      vertex   -2.800469e+00 3.024845e+01 2.861809e+00
      vertex   -3.315509e+00 3.012734e+01 2.965302e+00
      vertex   -3.277745e+00 3.005076e+01 2.965302e+00
    endloop
  endfacet
  facet normal 1.863908e-01 6.327114e-02 9.804362e-01
    outer loop
      vertex   -2.800469e+00 3.024845e+01 2.861809e+00
      vertex   -3.277745e+00 3.005076e+01 2.965302e+00
      vertex   -2.751303e+00 3.010361e+01 2.861809e+00
    endloop
  endfacet
  facet normal 1.863908e-01 6.327114e-02 9.804362e-01
    outer loop
      vertex   -2.751303e+00 3.010361e+01 2.861809e+00
      vertex   -3.277745e+00 3.005076e+01 2.965302e+00
      vertex   -3.250300e+00 2.996991e+01 2.965302e+00
    endloop
  endfacet
  facet normal 1.930547e-01 3.840097e-02 9.804362e-01
    outer loop
      vertex   -2.751303e+00 3.010361e+01 2.861809e+00
      vertex   -3.250300e+00 2.996991e+01 2.965302e+00
      vertex   -2.721462e+00 2.995360e+01 2.861809e+00
    endloop
  endfacet
  facet normal 1.930547e-01 3.840097e-02 9.804362e-01
    outer loop
      vertex   -2.721462e+00 2.995360e+01 2.861809e+00
      vertex   -3.250300e+00 2.996991e+01 2.965302e+00
      vertex   -3.233643e+00 2.988617e+01 2.965302e+00
    endloop
  endfacet
  facet normal 4.316528e-03 6.585749e-02 9.978197e-01
    outer loop
      vertex   -3.880796e+00 3.045370e+01 2.965302e+00
      vertex   -3.880796e+00 2.992798e+01 3.000000e+00
      vertex   -3.795597e+00 3.044812e+01 2.965302e+00
    endloop
  endfacet
  facet normal 8.578553e-03 6.516058e-02 9.978379e-01
    outer loop
      vertex   -3.795597e+00 3.044812e+01 2.965302e+00
      vertex   -3.880796e+00 2.992798e+01 3.000000e+00
      vertex   -3.847922e+00 2.992366e+01 3.000000e+00
    endloop
  endfacet
  facet normal 1.287573e-02 6.473065e-02 9.978197e-01
    outer loop
      vertex   -3.795597e+00 3.044812e+01 2.965302e+00
      vertex   -3.847922e+00 2.992366e+01 3.000000e+00
      vertex   -3.711855e+00 3.043146e+01 2.965302e+00
    endloop
  endfacet
  facet normal 2.121462e-02 6.249625e-02 9.978197e-01
    outer loop
      vertex   -3.711855e+00 3.043146e+01 2.965302e+00
      vertex   -3.847922e+00 2.992366e+01 3.000000e+00
      vertex   -3.631004e+00 3.040402e+01 2.965302e+00
    endloop
  endfacet
  facet normal 2.515104e-02 6.071999e-02 9.978379e-01
    outer loop
      vertex   -3.847922e+00 2.992366e+01 3.000000e+00
      vertex   -3.817288e+00 2.991097e+01 3.000000e+00
      vertex   -3.631004e+00 3.040402e+01 2.965302e+00
    endloop
  endfacet
  facet normal 2.919052e-02 5.919252e-02 9.978197e-01
    outer loop
      vertex   -3.631004e+00 3.040402e+01 2.965302e+00
      vertex   -3.817288e+00 2.991097e+01 3.000000e+00
      vertex   -3.554427e+00 3.036625e+01 2.965302e+00
    endloop
  endfacet
  facet normal 3.666697e-02 5.487599e-02 9.978197e-01
    outer loop
      vertex   -3.554427e+00 3.036625e+01 2.965302e+00
      vertex   -3.817288e+00 2.991097e+01 3.000000e+00
      vertex   -3.483435e+00 3.031882e+01 2.965302e+00
    endloop
  endfacet
  facet normal 4.000953e-02 5.214144e-02 9.978379e-01
    outer loop
      vertex   -3.483435e+00 3.031882e+01 2.965302e+00
      vertex   -3.817288e+00 2.991097e+01 3.000000e+00
      vertex   -3.790982e+00 2.989078e+01 3.000000e+00
    endloop
  endfacet
  facet normal 4.351603e-02 4.962052e-02 9.978197e-01
    outer loop
      vertex   -3.483435e+00 3.031882e+01 2.965302e+00
      vertex   -3.790982e+00 2.989078e+01 3.000000e+00
      vertex   -3.419241e+00 3.026252e+01 2.965302e+00
    endloop
  endfacet
  facet normal 4.962052e-02 4.351603e-02 9.978197e-01
    outer loop
      vertex   -3.419241e+00 3.026252e+01 2.965302e+00
      vertex   -3.790982e+00 2.989078e+01 3.000000e+00
      vertex   -3.362945e+00 3.019833e+01 2.965302e+00
    endloop
  endfacet
  facet normal 5.214144e-02 4.000953e-02 9.978379e-01
    outer loop
      vertex   -3.790982e+00 2.989078e+01 3.000000e+00
      vertex   -3.770796e+00 2.986448e+01 3.000000e+00
      vertex   -3.362945e+00 3.019833e+01 2.965302e+00
    endloop
  endfacet
  facet normal 5.487599e-02 3.666697e-02 9.978197e-01
    outer loop
      vertex   -3.362945e+00 3.019833e+01 2.965302e+00
      vertex   -3.770796e+00 2.986448e+01 3.000000e+00
      vertex   -3.315509e+00 3.012734e+01 2.965302e+00
    endloop
  endfacet
  facet normal 5.919252e-02 2.919052e-02 9.978197e-01
    outer loop
      vertex   -3.315509e+00 3.012734e+01 2.965302e+00
      vertex   -3.770796e+00 2.986448e+01 3.000000e+00
      vertex   -3.277745e+00 3.005076e+01 2.965302e+00
    endloop
  endfacet
  facet normal 6.071999e-02 2.515104e-02 9.978379e-01
    outer loop
      vertex   -3.277745e+00 3.005076e+01 2.965302e+00
      vertex   -3.770796e+00 2.986448e+01 3.000000e+00
      vertex   -3.758107e+00 2.983384e+01 3.000000e+00
    endloop
  endfacet
  facet normal 6.249625e-02 2.121462e-02 9.978197e-01
    outer loop
      vertex   -3.277745e+00 3.005076e+01 2.965302e+00
      vertex   -3.758107e+00 2.983384e+01 3.000000e+00
      vertex   -3.250300e+00 2.996991e+01 2.965302e+00
    endloop
  endfacet
  facet normal 6.473065e-02 1.287573e-02 9.978197e-01
    outer loop
      vertex   -3.250300e+00 2.996991e+01 2.965302e+00
      vertex   -3.758107e+00 2.983384e+01 3.000000e+00
      vertex   -3.233643e+00 2.988617e+01 2.965302e+00
    endloop
  endfacet
  facet normal 6.585810e-02 1.043861e-16 9.978290e-01
    outer loop
      vertex   -3.228058e+00 -1.071438e+01 2.965302e+00
      vertex   -3.228058e+00 -5.855455e-01 2.965302e+00
      vertex   -3.753779e+00 -1.071438e+01 3.000000e+00
    endloop
  endfacet
  facet normal 6.585810e-02 4.290870e-17 9.978290e-01
    outer loop
      vertex   -3.753779e+00 -1.071438e+01 3.000000e+00
      vertex   -3.228058e+00 -5.855455e-01 2.965302e+00
      vertex   -3.228058e+00 9.543292e+00 2.965302e+00
    endloop
  endfacet
  facet normal 6.585810e-02 8.012773e-17 9.978290e-01
    outer loop
      vertex   -3.753779e+00 -1.071438e+01 3.000000e+00
      vertex   -3.228058e+00 9.543292e+00 2.965302e+00
      vertex   -3.753779e+00 2.980097e+01 3.000000e+00
    endloop
  endfacet
  facet normal 6.585810e-02 8.321688e-17 9.978290e-01
    outer loop
      vertex   -3.753779e+00 2.980097e+01 3.000000e+00
      vertex   -3.228058e+00 9.543292e+00 2.965302e+00
      vertex   -3.228058e+00 1.967213e+01 2.965302e+00
    endloop
  endfacet
  facet normal 6.585810e-02 8.386701e-17 9.978290e-01
    outer loop
      vertex   -3.753779e+00 2.980097e+01 3.000000e+00
      vertex   -3.228058e+00 1.967213e+01 2.965302e+00
      vertex   -3.228058e+00 2.980097e+01 2.965302e+00
    endloop
  endfacet
  facet normal 1.964317e-01 2.497585e-16 9.805175e-01
    outer loop
      vertex   -3.228058e+00 2.980097e+01 2.965302e+00
      vertex   -3.228058e+00 1.967213e+01 2.965302e+00
      vertex   -2.711458e+00 2.980097e+01 2.861809e+00
    endloop
  endfacet
  facet normal 1.964317e-01 2.326057e-16 9.805175e-01
    outer loop
      vertex   -2.711458e+00 2.980097e+01 2.861809e+00
      vertex   -3.228058e+00 1.967213e+01 2.965302e+00
      vertex   -2.711458e+00 1.967213e+01 2.861809e+00
    endloop
  endfacet
  facet normal 3.235974e-01 4.125252e-16 9.461949e-01
    outer loop
      vertex   -2.711458e+00 2.980097e+01 2.861809e+00
      vertex   -2.711458e+00 1.967213e+01 2.861809e+00
      vertex   -2.212942e+00 2.980097e+01 2.691317e+00
    endloop
  endfacet
  facet normal 3.235974e-01 4.256346e-16 9.461949e-01
    outer loop
      vertex   -2.212942e+00 2.980097e+01 2.691317e+00
      vertex   -2.711458e+00 1.967213e+01 2.861809e+00
      vertex   -2.212942e+00 1.967213e+01 2.691317e+00
    endloop
  endfacet
  facet normal 4.451490e-01 5.855140e-16 8.954565e-01
    outer loop
      vertex   -2.212942e+00 2.980097e+01 2.691317e+00
      vertex   -2.212942e+00 1.967213e+01 2.691317e+00
      vertex   -1.741157e+00 2.980097e+01 2.456783e+00
    endloop
  endfacet
  facet normal 4.451490e-01 5.364950e-16 8.954565e-01
    outer loop
      vertex   -1.741157e+00 2.980097e+01 2.456783e+00
      vertex   -2.212942e+00 1.967213e+01 2.691317e+00
      vertex   -1.741157e+00 1.967213e+01 2.456783e+00
    endloop
  endfacet
  facet normal 5.589776e-01 6.866265e-16 8.291828e-01
    outer loop
      vertex   -1.741157e+00 2.980097e+01 2.456783e+00
      vertex   -1.741157e+00 1.967213e+01 2.456783e+00
      vertex   -1.304290e+00 2.980097e+01 2.162278e+00
    endloop
  endfacet
  facet normal 5.589776e-01 6.502718e-16 8.291828e-01
    outer loop
      vertex   -1.304290e+00 2.980097e+01 2.162278e+00
      vertex   -1.741157e+00 1.967213e+01 2.456783e+00
      vertex   -1.304290e+00 1.967213e+01 2.162278e+00
    endloop
  endfacet
  facet normal 6.631084e-01 7.920274e-16 7.485234e-01
    outer loop
      vertex   -1.304290e+00 2.980097e+01 2.162278e+00
      vertex   -1.304290e+00 1.967213e+01 2.162278e+00
      vertex   -9.099191e-01 2.980097e+01 1.812909e+00
    endloop
  endfacet
  facet normal 6.631084e-01 8.466507e-16 7.485234e-01
    outer loop
      vertex   -9.099191e-01 2.980097e+01 1.812909e+00
      vertex   -1.304290e+00 1.967213e+01 2.162278e+00
      vertex   -9.099191e-01 1.967213e+01 1.812909e+00
    endloop
  endfacet
  facet normal 7.557348e-01 9.736053e-16 6.548778e-01
    outer loop
      vertex   -9.099191e-01 2.980097e+01 1.812909e+00
      vertex   -9.099191e-01 1.967213e+01 1.812909e+00
      vertex   -5.648870e-01 2.980097e+01 1.414739e+00
    endloop
  endfacet
  facet normal 7.557348e-01 9.277652e-16 6.548778e-01
    outer loop
      vertex   -5.648870e-01 2.980097e+01 1.414739e+00
      vertex   -9.099191e-01 1.967213e+01 1.812909e+00
      vertex   -5.648870e-01 1.967213e+01 1.414739e+00
    endloop
  endfacet
  facet normal 8.352499e-01 1.025381e-15 5.498706e-01
    outer loop
      vertex   -5.648870e-01 2.980097e+01 1.414739e+00
      vertex   -5.648870e-01 1.967213e+01 1.414739e+00
      vertex   -2.751796e-01 2.980097e+01 9.746753e-01
    endloop
  endfacet
  facet normal 8.352499e-01 9.906673e-16 5.498706e-01
    outer loop
      vertex   -2.751796e-01 2.980097e+01 9.746753e-01
      vertex   -5.648870e-01 1.967213e+01 1.414739e+00
      vertex   -2.751796e-01 1.967213e+01 9.746753e-01
    endloop
  endfacet
  facet normal 9.002741e-01 1.076415e-15 4.353236e-01
    outer loop
      vertex   -2.751796e-01 2.980097e+01 9.746753e-01
      vertex   -2.751796e-01 1.967213e+01 9.746753e-01
      vertex   -4.582288e-02 2.980097e+01 5.003526e-01
    endloop
  endfacet
  facet normal 9.002741e-01 1.019999e-15 4.353236e-01
    outer loop
      vertex   -4.582288e-02 2.980097e+01 5.003526e-01
      vertex   -2.751796e-01 1.967213e+01 9.746753e-01
      vertex   -4.582288e-02 1.967213e+01 5.003526e-01
    endloop
  endfacet
  facet normal 9.496792e-01 1.087175e-15 3.132241e-01
    outer loop
      vertex   -4.582288e-02 2.980097e+01 5.003526e-01
      vertex   -4.582288e-02 1.967213e+01 5.003526e-01
      vertex   1.192039e-01 2.980097e+01 0.000000e+00
    endloop
  endfacet
  facet normal 9.496792e-01 1.217047e-15 3.132241e-01
    outer loop
      vertex   1.192039e-01 2.980097e+01 0.000000e+00
      vertex   -4.582288e-02 1.967213e+01 5.003526e-01
      vertex   -4.582288e-02 9.543292e+00 5.003526e-01
    endloop
  endfacet
  facet normal 9.496792e-01 1.145039e-15 3.132241e-01
    outer loop
      vertex   1.192039e-01 2.980097e+01 0.000000e+00
      vertex   -4.582288e-02 9.543292e+00 5.003526e-01
      vertex   1.192039e-01 -1.071438e+01 0.000000e+00
    endloop
  endfacet
  facet normal 9.496792e-01 1.144232e-15 3.132241e-01
    outer loop
      vertex   1.192039e-01 -1.071438e+01 0.000000e+00
      vertex   -4.582288e-02 9.543292e+00 5.003526e-01
      vertex   -4.582288e-02 -5.855455e-01 5.003526e-01
    endloop
  endfacet
  facet normal 9.496792e-01 1.154634e-15 3.132241e-01
    outer loop
      vertex   1.192039e-01 -1.071438e+01 0.000000e+00
      vertex   -4.582288e-02 -5.855455e-01 5.003526e-01
      vertex   -4.582288e-02 -1.071438e+01 5.003526e-01
    endloop
  endfacet
  facet normal 9.002741e-01 1.096085e-15 4.353236e-01
    outer loop
      vertex   -4.582288e-02 -1.071438e+01 5.003526e-01
      vertex   -4.582288e-02 -5.855455e-01 5.003526e-01
      vertex   -2.751796e-01 -1.071438e+01 9.746753e-01
    endloop
  endfacet
  facet normal 9.002741e-01 1.095176e-15 4.353236e-01
    outer loop
      vertex   -2.751796e-01 -1.071438e+01 9.746753e-01
      vertex   -4.582288e-02 -5.855455e-01 5.003526e-01
      vertex   -2.751796e-01 -5.855455e-01 9.746753e-01
    endloop
  endfacet
  facet normal 8.352499e-01 1.017675e-15 5.498706e-01
    outer loop
      vertex   -2.751796e-01 -1.071438e+01 9.746753e-01
      vertex   -2.751796e-01 -5.855455e-01 9.746753e-01
      vertex   -5.648870e-01 -1.071438e+01 1.414739e+00
    endloop
  endfacet
  facet normal 8.352499e-01 9.825037e-16 5.498706e-01
    outer loop
      vertex   -5.648870e-01 -1.071438e+01 1.414739e+00
      vertex   -2.751796e-01 -5.855455e-01 9.746753e-01
      vertex   -5.648870e-01 -5.855455e-01 1.414739e+00
    endloop
  endfacet
  facet normal 7.557348e-01 8.924197e-16 6.548778e-01
    outer loop
      vertex   -5.648870e-01 -1.071438e+01 1.414739e+00
      vertex   -5.648870e-01 -5.855455e-01 1.414739e+00
      vertex   -9.099191e-01 -1.071438e+01 1.812909e+00
    endloop
  endfacet
  facet normal 7.557348e-01 9.332775e-16 6.548778e-01
    outer loop
      vertex   -9.099191e-01 -1.071438e+01 1.812909e+00
      vertex   -5.648870e-01 -5.855455e-01 1.414739e+00
      vertex   -9.099191e-01 -5.855455e-01 1.812909e+00
    endloop
  endfacet
  facet normal 6.631084e-01 8.379529e-16 7.485234e-01
    outer loop
      vertex   -9.099191e-01 -1.071438e+01 1.812909e+00
      vertex   -9.099191e-01 -5.855455e-01 1.812909e+00
      vertex   -1.304290e+00 -1.071438e+01 2.162278e+00
    endloop
  endfacet
  facet normal 6.631084e-01 7.741888e-16 7.485234e-01
    outer loop
      vertex   -1.304290e+00 -1.071438e+01 2.162278e+00
      vertex   -9.099191e-01 -5.855455e-01 1.812909e+00
      vertex   -1.304290e+00 -5.855455e-01 2.162278e+00
    endloop
  endfacet
  facet normal 5.589776e-01 6.613046e-16 8.291828e-01
    outer loop
      vertex   -1.304290e+00 -1.071438e+01 2.162278e+00
      vertex   -1.304290e+00 -5.855455e-01 2.162278e+00
      vertex   -1.741157e+00 -1.071438e+01 2.456783e+00
    endloop
  endfacet
  facet normal 5.589776e-01 6.363897e-16 8.291828e-01
    outer loop
      vertex   -1.741157e+00 -1.071438e+01 2.456783e+00
      vertex   -1.304290e+00 -5.855455e-01 2.162278e+00
      vertex   -1.741157e+00 -5.855455e-01 2.456783e+00
    endloop
  endfacet
  facet normal 4.451490e-01 5.274149e-16 8.954565e-01
    outer loop
      vertex   -1.741157e+00 -1.071438e+01 2.456783e+00
      vertex   -1.741157e+00 -5.855455e-01 2.456783e+00
      vertex   -2.212942e+00 -1.071438e+01 2.691317e+00
    endloop
  endfacet
  facet normal 4.451490e-01 5.076716e-16 8.954565e-01
    outer loop
      vertex   -2.212942e+00 -1.071438e+01 2.691317e+00
      vertex   -1.741157e+00 -5.855455e-01 2.456783e+00
      vertex   -2.212942e+00 -5.855455e-01 2.691317e+00
    endloop
  endfacet
  facet normal 3.235974e-01 3.819927e-16 9.461949e-01
    outer loop
      vertex   -2.212942e+00 -1.071438e+01 2.691317e+00
      vertex   -2.212942e+00 -5.855455e-01 2.691317e+00
      vertex   -2.711458e+00 -1.071438e+01 2.861809e+00
    endloop
  endfacet
  facet normal 3.235974e-01 3.405077e-16 9.461949e-01
    outer loop
      vertex   -2.711458e+00 -1.071438e+01 2.861809e+00
      vertex   -2.212942e+00 -5.855455e-01 2.691317e+00
      vertex   -2.711458e+00 -5.855455e-01 2.861809e+00
    endloop
  endfacet
  facet normal 1.964317e-01 2.066967e-16 9.805175e-01
    outer loop
      vertex   -2.711458e+00 -1.071438e+01 2.861809e+00
      vertex   -2.711458e+00 -5.855455e-01 2.861809e+00
      vertex   -3.228058e+00 -1.071438e+01 2.965302e+00
    endloop
  endfacet
  facet normal 1.964317e-01 2.238494e-16 9.805175e-01
    outer loop
      vertex   -3.228058e+00 -1.071438e+01 2.965302e+00
      vertex   -2.711458e+00 -5.855455e-01 2.861809e+00
      vertex   -3.228058e+00 -5.855455e-01 2.965302e+00
    endloop
  endfacet
  facet normal 1.964317e-01 2.496506e-16 9.805175e-01
    outer loop
      vertex   -2.711458e+00 1.967213e+01 2.861809e+00
      vertex   -3.228058e+00 1.967213e+01 2.965302e+00
      vertex   -3.228058e+00 9.543292e+00 2.965302e+00
    endloop
  endfacet
  facet normal 1.964317e-01 2.153810e-16 9.805175e-01
    outer loop
      vertex   -3.228058e+00 9.543292e+00 2.965302e+00
      vertex   -3.228058e+00 -5.855455e-01 2.965302e+00
      vertex   -2.711458e+00 9.543292e+00 2.861809e+00
    endloop
  endfacet
  facet normal 1.964317e-01 3.013607e-16 9.805175e-01
    outer loop
      vertex   -2.711458e+00 9.543292e+00 2.861809e+00
      vertex   -3.228058e+00 -5.855455e-01 2.965302e+00
      vertex   -2.711458e+00 -5.855455e-01 2.861809e+00
    endloop
  endfacet
  facet normal 3.235974e-01 4.671196e-16 9.461949e-01
    outer loop
      vertex   -2.711458e+00 9.543292e+00 2.861809e+00
      vertex   -2.711458e+00 -5.855455e-01 2.861809e+00
      vertex   -2.212942e+00 9.543292e+00 2.691317e+00
    endloop
  endfacet
  facet normal 3.235974e-01 4.256346e-16 9.461949e-01
    outer loop
      vertex   -2.212942e+00 9.543292e+00 2.691317e+00
      vertex   -2.711458e+00 -5.855455e-01 2.861809e+00
      vertex   -2.212942e+00 -5.855455e-01 2.691317e+00
    endloop
  endfacet
  facet normal 4.451490e-01 5.855140e-16 8.954565e-01
    outer loop
      vertex   -2.212942e+00 9.543292e+00 2.691317e+00
      vertex   -2.212942e+00 -5.855455e-01 2.691317e+00
      vertex   -1.741157e+00 9.543292e+00 2.456783e+00
    endloop
  endfacet
  facet normal 4.451490e-01 5.562383e-16 8.954565e-01
    outer loop
      vertex   -1.741157e+00 9.543292e+00 2.456783e+00
      vertex   -2.212942e+00 -5.855455e-01 2.691317e+00
      vertex   -1.741157e+00 -5.855455e-01 2.456783e+00
    endloop
  endfacet
  facet normal 5.589776e-01 6.984734e-16 8.291828e-01
    outer loop
      vertex   -1.741157e+00 9.543292e+00 2.456783e+00
      vertex   -1.741157e+00 -5.855455e-01 2.456783e+00
      vertex   -1.304290e+00 9.543292e+00 2.162278e+00
    endloop
  endfacet
  facet normal 5.589776e-01 6.380179e-16 8.291828e-01
    outer loop
      vertex   -1.304290e+00 9.543292e+00 2.162278e+00
      vertex   -1.741157e+00 -5.855455e-01 2.456783e+00
      vertex   -1.304290e+00 -5.855455e-01 2.162278e+00
    endloop
  endfacet
  facet normal 6.631084e-01 7.774907e-16 7.485234e-01
    outer loop
      vertex   -1.304290e+00 9.543292e+00 2.162278e+00
      vertex   -1.304290e+00 -5.855455e-01 2.162278e+00
      vertex   -9.099191e-01 9.543292e+00 1.812909e+00
    endloop
  endfacet
  facet normal 6.631084e-01 7.575581e-16 7.485234e-01
    outer loop
      vertex   -9.099191e-01 9.543292e+00 1.812909e+00
      vertex   -1.304290e+00 -5.855455e-01 2.162278e+00
      vertex   -9.099191e-01 -5.855455e-01 1.812909e+00
    endloop
  endfacet
  facet normal 7.557348e-01 8.764128e-16 6.548778e-01
    outer loop
      vertex   -9.099191e-01 9.543292e+00 1.812909e+00
      vertex   -9.099191e-01 -5.855455e-01 1.812909e+00
      vertex   -5.648870e-01 9.543292e+00 1.414739e+00
    endloop
  endfacet
  facet normal 7.557348e-01 9.277652e-16 6.548778e-01
    outer loop
      vertex   -5.648870e-01 9.543292e+00 1.414739e+00
      vertex   -9.099191e-01 -5.855455e-01 1.812909e+00
      vertex   -5.648870e-01 -5.855455e-01 1.414739e+00
    endloop
  endfacet
  facet normal 8.352499e-01 1.025381e-15 5.498706e-01
    outer loop
      vertex   -5.648870e-01 9.543292e+00 1.414739e+00
      vertex   -5.648870e-01 -5.855455e-01 1.414739e+00
      vertex   -2.751796e-01 9.543292e+00 9.746753e-01
    endloop
  endfacet
  facet normal 8.352499e-01 9.906673e-16 5.498706e-01
    outer loop
      vertex   -2.751796e-01 9.543292e+00 9.746753e-01
      vertex   -5.648870e-01 -5.855455e-01 1.414739e+00
      vertex   -2.751796e-01 -5.855455e-01 9.746753e-01
    endloop
  endfacet
  facet normal 9.002741e-01 1.076415e-15 4.353236e-01
    outer loop
      vertex   -2.751796e-01 9.543292e+00 9.746753e-01
      vertex   -2.751796e-01 -5.855455e-01 9.746753e-01
      vertex   -4.582288e-02 9.543292e+00 5.003526e-01
    endloop
  endfacet
  facet normal 9.002741e-01 1.078265e-15 4.353236e-01
    outer loop
      vertex   -4.582288e-02 9.543292e+00 5.003526e-01
      vertex   -2.751796e-01 -5.855455e-01 9.746753e-01
      vertex   -4.582288e-02 -5.855455e-01 5.003526e-01
    endloop
  endfacet
  facet normal 3.235974e-01 3.848781e-16 9.461949e-01
    outer loop
      vertex   -2.212942e+00 1.967213e+01 2.691317e+00
      vertex   -2.711458e+00 1.967213e+01 2.861809e+00
      vertex   -2.711458e+00 9.543292e+00 2.861809e+00
    endloop
  endfacet
  facet normal 1.964317e-01 2.153810e-16 9.805175e-01
    outer loop
      vertex   -2.711458e+00 9.543292e+00 2.861809e+00
      vertex   -2.711458e+00 1.967213e+01 2.861809e+00
      vertex   -3.228058e+00 9.543292e+00 2.965302e+00
    endloop
  endfacet
  facet normal 3.235974e-01 3.557740e-16 9.461949e-01
    outer loop
      vertex   -2.212942e+00 1.967213e+01 2.691317e+00
      vertex   -2.711458e+00 9.543292e+00 2.861809e+00
      vertex   -2.212942e+00 9.543292e+00 2.691317e+00
    endloop
  endfacet
  facet normal 4.451490e-01 5.071028e-16 8.954565e-01
    outer loop
      vertex   -1.741157e+00 1.967213e+01 2.456783e+00
      vertex   -2.212942e+00 1.967213e+01 2.691317e+00
      vertex   -2.212942e+00 9.543292e+00 2.691317e+00
    endloop
  endfacet
  facet normal 4.451490e-01 5.367211e-16 8.954565e-01
    outer loop
      vertex   -1.741157e+00 1.967213e+01 2.456783e+00
      vertex   -2.212942e+00 9.543292e+00 2.691317e+00
      vertex   -1.741157e+00 9.543292e+00 2.456783e+00
    endloop
  endfacet
  facet normal 5.589776e-01 6.709361e-16 8.291828e-01
    outer loop
      vertex   -1.304290e+00 1.967213e+01 2.162278e+00
      vertex   -1.741157e+00 1.967213e+01 2.456783e+00
      vertex   -1.741157e+00 9.543292e+00 2.456783e+00
    endloop
  endfacet
  facet normal 5.589776e-01 7.474891e-16 8.291828e-01
    outer loop
      vertex   -1.304290e+00 1.967213e+01 2.162278e+00
      vertex   -1.741157e+00 9.543292e+00 2.456783e+00
      vertex   -1.304290e+00 9.543292e+00 2.162278e+00
    endloop
  endfacet
  facet normal 6.631084e-01 8.893804e-16 7.485234e-01
    outer loop
      vertex   -9.099191e-01 1.967213e+01 1.812909e+00
      vertex   -1.304290e+00 1.967213e+01 2.162278e+00
      vertex   -1.304290e+00 9.543292e+00 2.162278e+00
    endloop
  endfacet
  facet normal 6.631084e-01 7.885040e-16 7.485234e-01
    outer loop
      vertex   -9.099191e-01 1.967213e+01 1.812909e+00
      vertex   -1.304290e+00 9.543292e+00 2.162278e+00
      vertex   -9.099191e-01 9.543292e+00 1.812909e+00
    endloop
  endfacet
  facet normal 7.557348e-01 9.049835e-16 6.548778e-01
    outer loop
      vertex   -5.648870e-01 1.967213e+01 1.414739e+00
      vertex   -9.099191e-01 1.967213e+01 1.812909e+00
      vertex   -9.099191e-01 9.543292e+00 1.812909e+00
    endloop
  endfacet
  facet normal 7.557348e-01 9.194816e-16 6.548778e-01
    outer loop
      vertex   -5.648870e-01 1.967213e+01 1.414739e+00
      vertex   -9.099191e-01 9.543292e+00 1.812909e+00
      vertex   -5.648870e-01 9.543292e+00 1.414739e+00
    endloop
  endfacet
  facet normal 8.352499e-01 1.019407e-15 5.498706e-01
    outer loop
      vertex   -2.751796e-01 1.967213e+01 9.746753e-01
      vertex   -5.648870e-01 1.967213e+01 1.414739e+00
      vertex   -5.648870e-01 9.543292e+00 1.414739e+00
    endloop
  endfacet
  facet normal 8.352499e-01 1.041021e-15 5.498706e-01
    outer loop
      vertex   -2.751796e-01 1.967213e+01 9.746753e-01
      vertex   -5.648870e-01 9.543292e+00 1.414739e+00
      vertex   -2.751796e-01 9.543292e+00 9.746753e-01
    endloop
  endfacet
  facet normal 9.002741e-01 1.128629e-15 4.353236e-01
    outer loop
      vertex   -4.582288e-02 1.967213e+01 5.003526e-01
      vertex   -2.751796e-01 1.967213e+01 9.746753e-01
      vertex   -2.751796e-01 9.543292e+00 9.746753e-01
    endloop
  endfacet
  facet normal 9.002741e-01 1.150845e-15 4.353236e-01
    outer loop
      vertex   -4.582288e-02 1.967213e+01 5.003526e-01
      vertex   -2.751796e-01 9.543292e+00 9.746753e-01
      vertex   -4.582288e-02 9.543292e+00 5.003526e-01
    endloop
  endfacet
  facet normal 0.000000e+00 0.000000e+00 1.000000e+00
    outer loop
      vertex   -9.923924e+00 2.745992e+01 3.000000e+00
      vertex   -9.962500e+00 2.781462e+01 3.000000e+00
      vertex   -1.250680e+01 2.992798e+01 3.000000e+00
    endloop
  endfacet
  facet normal 0.000000e+00 0.000000e+00 1.000000e+00
    outer loop
      vertex   -1.250680e+01 2.992798e+01 3.000000e+00
      vertex   -9.962500e+00 2.781462e+01 3.000000e+00
      vertex   -9.923924e+00 2.816932e+01 3.000000e+00
    endloop
  endfacet
  facet normal 0.000000e+00 0.000000e+00 1.000000e+00
    outer loop
      vertex   -1.250680e+01 2.992798e+01 3.000000e+00
      vertex   -9.923924e+00 2.816932e+01 3.000000e+00
      vertex   -9.809999e+00 2.850743e+01 3.000000e+00
    endloop
  endfacet
  facet normal 0.000000e+00 -0.000000e+00 1.000000e+00
    outer loop
      vertex   -9.809999e+00 2.850743e+01 3.000000e+00
      vertex   -9.626054e+00 2.881315e+01 3.000000e+00
      vertex   -1.250680e+01 2.992798e+01 3.000000e+00
    endloop
  endfacet
  facet normal 0.000000e+00 0.000000e+00 1.000000e+00
    outer loop
      vertex   -1.250680e+01 2.992798e+01 3.000000e+00
      vertex   -9.626054e+00 2.881315e+01 3.000000e+00
      vertex   -9.380687e+00 2.907218e+01 3.000000e+00
    endloop
  endfacet
  facet normal 0.000000e+00 0.000000e+00 1.000000e+00
    outer loop
      vertex   -1.250680e+01 2.992798e+01 3.000000e+00
      vertex   -9.380687e+00 2.907218e+01 3.000000e+00
      vertex   -9.085374e+00 2.927241e+01 3.000000e+00
    endloop
  endfacet
  facet normal 0.000000e+00 -0.000000e+00 1.000000e+00
    outer loop
      vertex   -9.085374e+00 2.927241e+01 3.000000e+00
      vertex   -8.753922e+00 2.940447e+01 3.000000e+00
      vertex   -1.250680e+01 2.992798e+01 3.000000e+00
    endloop
  endfacet
  facet normal 0.000000e+00 0.000000e+00 1.000000e+00
    outer loop
      vertex   -1.250680e+01 2.992798e+01 3.000000e+00
      vertex   -8.753922e+00 2.940447e+01 3.000000e+00
      vertex   -8.401829e+00 2.946220e+01 3.000000e+00
    endloop
  endfacet
  facet normal -0.000000e+00 0.000000e+00 1.000000e+00
    outer loop
      vertex   -1.250680e+01 2.992798e+01 3.000000e+00
      vertex   -8.401829e+00 2.946220e+01 3.000000e+00
      vertex   -3.880796e+00 2.992798e+01 3.000000e+00
    endloop
  endfacet
  facet normal 0.000000e+00 0.000000e+00 1.000000e+00
    outer loop
      vertex   -3.880796e+00 2.992798e+01 3.000000e+00
      vertex   -8.401829e+00 2.946220e+01 3.000000e+00
      vertex   -8.045560e+00 2.944288e+01 3.000000e+00
    endloop
  endfacet
  facet normal 0.000000e+00 0.000000e+00 1.000000e+00
    outer loop
      vertex   -3.880796e+00 2.992798e+01 3.000000e+00
      vertex   -8.045560e+00 2.944288e+01 3.000000e+00
      vertex   -7.701772e+00 2.934743e+01 3.000000e+00
    endloop
  endfacet
  facet normal -0.000000e+00 0.000000e+00 1.000000e+00
    outer loop
      vertex   -7.701772e+00 2.934743e+01 3.000000e+00
      vertex   -7.386541e+00 2.918030e+01 3.000000e+00
      vertex   -3.880796e+00 2.992798e+01 3.000000e+00
    endloop
  endfacet
  facet normal 0.000000e+00 0.000000e+00 1.000000e+00
    outer loop
      vertex   -3.880796e+00 2.992798e+01 3.000000e+00
      vertex   -7.386541e+00 2.918030e+01 3.000000e+00
      vertex   -7.114607e+00 2.894932e+01 3.000000e+00
    endloop
  endfacet
  facet normal 0.000000e+00 0.000000e+00 1.000000e+00
    outer loop
      vertex   -3.880796e+00 2.992798e+01 3.000000e+00
      vertex   -7.114607e+00 2.894932e+01 3.000000e+00
      vertex   -6.898686e+00 2.866528e+01 3.000000e+00
    endloop
  endfacet
  facet normal -0.000000e+00 0.000000e+00 1.000000e+00
    outer loop
      vertex   -6.898686e+00 2.866528e+01 3.000000e+00
      vertex   -6.748872e+00 2.834146e+01 3.000000e+00
      vertex   -3.880796e+00 2.992798e+01 3.000000e+00
    endloop
  endfacet
  facet normal 0.000000e+00 0.000000e+00 1.000000e+00
    outer loop
      vertex   -3.880796e+00 2.992798e+01 3.000000e+00
      vertex   -6.748872e+00 2.834146e+01 3.000000e+00
      vertex   -6.672172e+00 2.799301e+01 3.000000e+00
    endloop
  endfacet
  facet normal 0.000000e+00 0.000000e+00 1.000000e+00
    outer loop
      vertex   -3.880796e+00 2.992798e+01 3.000000e+00
      vertex   -6.672172e+00 2.799301e+01 3.000000e+00
      vertex   -6.672172e+00 2.763622e+01 3.000000e+00
    endloop
  endfacet
  facet normal -0.000000e+00 0.000000e+00 1.000000e+00
    outer loop
      vertex   -6.748872e+00 2.728777e+01 3.000000e+00
      vertex   -7.091553e+00 1.795667e+01 3.000000e+00
      vertex   -6.672172e+00 2.763622e+01 3.000000e+00
    endloop
  endfacet
  facet normal 0.000000e+00 0.000000e+00 1.000000e+00
    outer loop
      vertex   -6.672172e+00 2.763622e+01 3.000000e+00
      vertex   -7.091553e+00 1.795667e+01 3.000000e+00
      vertex   -4.591553e+00 1.795816e+01 3.000000e+00
    endloop
  endfacet
  facet normal -0.000000e+00 0.000000e+00 1.000000e+00
    outer loop
      vertex   -6.672172e+00 2.763622e+01 3.000000e+00
      vertex   -4.591553e+00 1.795816e+01 3.000000e+00
      vertex   -3.880796e+00 2.992798e+01 3.000000e+00
    endloop
  endfacet
  facet normal 0.000000e+00 0.000000e+00 1.000000e+00
    outer loop
      vertex   -3.880796e+00 2.992798e+01 3.000000e+00
      vertex   -4.591553e+00 1.795816e+01 3.000000e+00
      vertex   -3.753779e+00 2.980097e+01 3.000000e+00
    endloop
  endfacet
  facet normal 0.000000e+00 0.000000e+00 1.000000e+00
    outer loop
      vertex   -3.880796e+00 2.992798e+01 3.000000e+00
      vertex   -3.753779e+00 2.980097e+01 3.000000e+00
      vertex   -3.847922e+00 2.992366e+01 3.000000e+00
    endloop
  endfacet
  facet normal 0.000000e+00 0.000000e+00 1.000000e+00
    outer loop
      vertex   -3.847922e+00 2.992366e+01 3.000000e+00
      vertex   -3.753779e+00 2.980097e+01 3.000000e+00
      vertex   -3.817288e+00 2.991097e+01 3.000000e+00
    endloop
  endfacet
  facet normal 0.000000e+00 0.000000e+00 1.000000e+00
    outer loop
      vertex   -3.817288e+00 2.991097e+01 3.000000e+00
      vertex   -3.753779e+00 2.980097e+01 3.000000e+00
      vertex   -3.790982e+00 2.989078e+01 3.000000e+00
    endloop
  endfacet
  facet normal 0.000000e+00 0.000000e+00 1.000000e+00
    outer loop
      vertex   -3.790982e+00 2.989078e+01 3.000000e+00
      vertex   -3.753779e+00 2.980097e+01 3.000000e+00
      vertex   -3.770796e+00 2.986448e+01 3.000000e+00
    endloop
  endfacet
  facet normal 0.000000e+00 0.000000e+00 1.000000e+00
    outer loop
      vertex   -3.770796e+00 2.986448e+01 3.000000e+00
      vertex   -3.753779e+00 2.980097e+01 3.000000e+00
      vertex   -3.758107e+00 2.983384e+01 3.000000e+00
    endloop
  endfacet
  facet normal 0.000000e+00 0.000000e+00 1.000000e+00
    outer loop
      vertex   -6.748872e+00 2.728777e+01 3.000000e+00
      vertex   -6.898686e+00 2.696395e+01 3.000000e+00
      vertex   -7.091553e+00 1.795667e+01 3.000000e+00
    endloop
  endfacet
  facet normal 0.000000e+00 -0.000000e+00 1.000000e+00
    outer loop
      vertex   -7.091553e+00 1.795667e+01 3.000000e+00
      vertex   -6.898686e+00 2.696395e+01 3.000000e+00
      vertex   -7.114607e+00 2.667991e+01 3.000000e+00
    endloop
  endfacet
  facet normal 0.000000e+00 0.000000e+00 1.000000e+00
    outer loop
      vertex   -7.091553e+00 1.795667e+01 3.000000e+00
      vertex   -7.114607e+00 2.667991e+01 3.000000e+00
      vertex   -7.386541e+00 2.644893e+01 3.000000e+00
    endloop
  endfacet
  facet normal 0.000000e+00 0.000000e+00 1.000000e+00
    outer loop
      vertex   -7.386541e+00 2.644893e+01 3.000000e+00
      vertex   -7.701772e+00 2.628181e+01 3.000000e+00
      vertex   -7.091553e+00 1.795667e+01 3.000000e+00
    endloop
  endfacet
  facet normal 0.000000e+00 0.000000e+00 1.000000e+00
    outer loop
      vertex   -7.091553e+00 1.795667e+01 3.000000e+00
      vertex   -7.701772e+00 2.628181e+01 3.000000e+00
      vertex   -8.045560e+00 2.618635e+01 3.000000e+00
    endloop
  endfacet
  facet normal 0.000000e+00 0.000000e+00 1.000000e+00
    outer loop
      vertex   -7.091553e+00 1.795667e+01 3.000000e+00
      vertex   -8.045560e+00 2.618635e+01 3.000000e+00
      vertex   -8.401829e+00 2.616704e+01 3.000000e+00
    endloop
  endfacet
  facet normal 0.000000e+00 0.000000e+00 1.000000e+00
    outer loop
      vertex   -7.091553e+00 1.795667e+01 3.000000e+00
      vertex   -8.401829e+00 2.616704e+01 3.000000e+00
      vertex   -7.091356e+00 1.762584e+01 3.000000e+00
    endloop
  endfacet
  facet normal 0.000000e+00 0.000000e+00 1.000000e+00
    outer loop
      vertex   -7.091356e+00 1.762584e+01 3.000000e+00
      vertex   -8.401829e+00 2.616704e+01 3.000000e+00
      vertex   -8.753922e+00 2.622476e+01 3.000000e+00
    endloop
  endfacet
  facet normal 0.000000e+00 0.000000e+00 1.000000e+00
    outer loop
      vertex   -7.091356e+00 1.762584e+01 3.000000e+00
      vertex   -8.753922e+00 2.622476e+01 3.000000e+00
      vertex   -7.090490e+00 1.616950e+01 3.000000e+00
    endloop
  endfacet
  facet normal 0.000000e+00 0.000000e+00 1.000000e+00
    outer loop
      vertex   -7.090490e+00 1.616950e+01 3.000000e+00
      vertex   -8.753922e+00 2.622476e+01 3.000000e+00
      vertex   -7.131702e+00 1.377861e+01 3.000000e+00
    endloop
  endfacet
  facet normal 0.000000e+00 0.000000e+00 1.000000e+00
    outer loop
      vertex   -7.090490e+00 1.616950e+01 3.000000e+00
      vertex   -7.131702e+00 1.377861e+01 3.000000e+00
      vertex   -7.090243e+00 1.575340e+01 3.000000e+00
    endloop
  endfacet
  facet normal 0.000000e+00 0.000000e+00 1.000000e+00
    outer loop
      vertex   -7.090243e+00 1.575340e+01 3.000000e+00
      vertex   -7.131702e+00 1.377861e+01 3.000000e+00
      vertex   -7.113498e+00 1.394227e+01 3.000000e+00
    endloop
  endfacet
  facet normal 0.000000e+00 0.000000e+00 1.000000e+00
    outer loop
      vertex   -7.090243e+00 1.575340e+01 3.000000e+00
      vertex   -7.113498e+00 1.394227e+01 3.000000e+00
      vertex   -7.070323e+00 1.409436e+01 3.000000e+00
    endloop
  endfacet
  facet normal 0.000000e+00 0.000000e+00 1.000000e+00
    outer loop
      vertex   -9.085374e+00 2.635682e+01 3.000000e+00
      vertex   -9.085374e+00 4.643412e+00 3.000000e+00
      vertex   -8.753922e+00 2.622476e+01 3.000000e+00
    endloop
  endfacet
  facet normal 0.000000e+00 0.000000e+00 1.000000e+00
    outer loop
      vertex   -8.753922e+00 2.622476e+01 3.000000e+00
      vertex   -9.085374e+00 4.643412e+00 3.000000e+00
      vertex   -8.753922e+00 4.775475e+00 3.000000e+00
    endloop
  endfacet
  facet normal 0.000000e+00 0.000000e+00 1.000000e+00
    outer loop
      vertex   -8.753922e+00 2.622476e+01 3.000000e+00
      vertex   -8.753922e+00 4.775475e+00 3.000000e+00
      vertex   -7.131702e+00 1.377861e+01 3.000000e+00
    endloop
  endfacet
  facet normal 0.000000e+00 0.000000e+00 1.000000e+00
    outer loop
      vertex   -7.131702e+00 1.377861e+01 3.000000e+00
      vertex   -8.753922e+00 4.775475e+00 3.000000e+00
      vertex   -8.401829e+00 4.833197e+00 3.000000e+00
    endloop
  endfacet
  facet normal 0.000000e+00 0.000000e+00 1.000000e+00
    outer loop
      vertex   -7.131702e+00 1.377861e+01 3.000000e+00
      vertex   -8.401829e+00 4.833197e+00 3.000000e+00
      vertex   -7.131687e+00 1.088469e+01 3.000000e+00
    endloop
  endfacet
  facet normal 0.000000e+00 0.000000e+00 1.000000e+00
    outer loop
      vertex   -7.131687e+00 1.088469e+01 3.000000e+00
      vertex   -8.401829e+00 4.833197e+00 3.000000e+00
      vertex   -8.045560e+00 4.813881e+00 3.000000e+00
    endloop
  endfacet
  facet normal 0.000000e+00 0.000000e+00 1.000000e+00
    outer loop
      vertex   -7.131687e+00 1.088469e+01 3.000000e+00
      vertex   -8.045560e+00 4.813881e+00 3.000000e+00
      vertex   -7.701772e+00 4.718429e+00 3.000000e+00
    endloop
  endfacet
  facet normal 0.000000e+00 -0.000000e+00 1.000000e+00
    outer loop
      vertex   -9.085374e+00 4.643412e+00 3.000000e+00
      vertex   -9.085374e+00 2.635682e+01 3.000000e+00
      vertex   -9.380687e+00 4.443184e+00 3.000000e+00
    endloop
  endfacet
  facet normal 0.000000e+00 0.000000e+00 1.000000e+00
    outer loop
      vertex   -9.380687e+00 4.443184e+00 3.000000e+00
      vertex   -9.085374e+00 2.635682e+01 3.000000e+00
      vertex   -9.380687e+00 2.655705e+01 3.000000e+00
    endloop
  endfacet
  facet normal 0.000000e+00 -0.000000e+00 1.000000e+00
    outer loop
      vertex   -9.380687e+00 4.443184e+00 3.000000e+00
      vertex   -9.380687e+00 2.655705e+01 3.000000e+00
      vertex   -9.626054e+00 4.184155e+00 3.000000e+00
    endloop
  endfacet
  facet normal 0.000000e+00 0.000000e+00 1.000000e+00
    outer loop
      vertex   -9.626054e+00 4.184155e+00 3.000000e+00
      vertex   -9.380687e+00 2.655705e+01 3.000000e+00
      vertex   -9.626054e+00 2.681608e+01 3.000000e+00
    endloop
  endfacet
  facet normal 0.000000e+00 -0.000000e+00 1.000000e+00
    outer loop
      vertex   -9.626054e+00 4.184155e+00 3.000000e+00
      vertex   -9.626054e+00 2.681608e+01 3.000000e+00
      vertex   -9.809999e+00 3.878434e+00 3.000000e+00
    endloop
  endfacet
  facet normal 0.000000e+00 0.000000e+00 1.000000e+00
    outer loop
      vertex   -9.809999e+00 3.878434e+00 3.000000e+00
      vertex   -9.626054e+00 2.681608e+01 3.000000e+00
      vertex   -9.809999e+00 2.712180e+01 3.000000e+00
    endloop
  endfacet
  facet normal 0.000000e+00 -0.000000e+00 1.000000e+00
    outer loop
      vertex   -9.809999e+00 3.878434e+00 3.000000e+00
      vertex   -9.809999e+00 2.712180e+01 3.000000e+00
      vertex   -9.923924e+00 3.540318e+00 3.000000e+00
    endloop
  endfacet
  facet normal 0.000000e+00 0.000000e+00 1.000000e+00
    outer loop
      vertex   -9.923924e+00 3.540318e+00 3.000000e+00
      vertex   -9.809999e+00 2.712180e+01 3.000000e+00
      vertex   -9.923924e+00 2.745992e+01 3.000000e+00
    endloop
  endfacet
  facet normal 0.000000e+00 -0.000000e+00 1.000000e+00
    outer loop
      vertex   -9.923924e+00 3.540318e+00 3.000000e+00
      vertex   -9.923924e+00 2.745992e+01 3.000000e+00
      vertex   -1.250680e+01 2.992798e+01 3.000000e+00
    endloop
  endfacet
  facet normal 0.000000e+00 0.000000e+00 1.000000e+00
    outer loop
      vertex   -9.923924e+00 3.540318e+00 3.000000e+00
      vertex   -1.263381e+01 2.980097e+01 3.000000e+00
      vertex   -9.962500e+00 3.185617e+00 3.000000e+00
    endloop
  endfacet
  facet normal 0.000000e+00 0.000000e+00 1.000000e+00
    outer loop
      vertex   -9.962500e+00 3.185617e+00 3.000000e+00
      vertex   -1.263381e+01 2.980097e+01 3.000000e+00
      vertex   -1.263381e+01 -2.180281e+01 3.000000e+00
    endloop
  endfacet
  facet normal 0.000000e+00 0.000000e+00 1.000000e+00
    outer loop
      vertex   -9.962500e+00 3.185617e+00 3.000000e+00
      vertex   -1.263381e+01 -2.180281e+01 3.000000e+00
      vertex   -1.041250e+01 -1.071438e+01 3.000000e+00
    endloop
  endfacet
  facet normal 0.000000e+00 0.000000e+00 1.000000e+00
    outer loop
      vertex   -1.041250e+01 -1.071438e+01 3.000000e+00
      vertex   -1.263381e+01 -2.180281e+01 3.000000e+00
      vertex   -1.250680e+01 -2.192982e+01 3.000000e+00
    endloop
  endfacet
  facet normal 0.000000e+00 0.000000e+00 1.000000e+00
    outer loop
      vertex   -1.041250e+01 -1.071438e+01 3.000000e+00
      vertex   -1.250680e+01 -2.192982e+01 3.000000e+00
      vertex   -1.041250e+01 -1.591438e+01 3.000000e+00
    endloop
  endfacet
  facet normal 0.000000e+00 0.000000e+00 1.000000e+00
    outer loop
      vertex   -1.041250e+01 -1.591438e+01 3.000000e+00
      vertex   -1.250680e+01 -2.192982e+01 3.000000e+00
      vertex   -9.962500e+00 -1.981438e+01 3.000000e+00
    endloop
  endfacet
  facet normal 0.000000e+00 0.000000e+00 1.000000e+00
    outer loop
      vertex   -1.041250e+01 -1.591438e+01 3.000000e+00
      vertex   -9.962500e+00 -1.981438e+01 3.000000e+00
      vertex   -9.923924e+00 -1.945968e+01 3.000000e+00
    endloop
  endfacet
  facet normal 0.000000e+00 0.000000e+00 1.000000e+00
    outer loop
      vertex   -7.131687e+00 1.088469e+01 3.000000e+00
      vertex   -7.701772e+00 4.718429e+00 3.000000e+00
      vertex   -7.115698e+00 1.071791e+01 3.000000e+00
    endloop
  endfacet
  facet normal 0.000000e+00 0.000000e+00 1.000000e+00
    outer loop
      vertex   -7.115698e+00 1.071791e+01 3.000000e+00
      vertex   -7.701772e+00 4.718429e+00 3.000000e+00
      vertex   -7.386541e+00 4.551304e+00 3.000000e+00
    endloop
  endfacet
  facet normal 0.000000e+00 0.000000e+00 1.000000e+00
    outer loop
      vertex   -7.115698e+00 1.071791e+01 3.000000e+00
      vertex   -7.386541e+00 4.551304e+00 3.000000e+00
      vertex   -7.077721e+00 1.055958e+01 3.000000e+00
    endloop
  endfacet
  facet normal 0.000000e+00 0.000000e+00 1.000000e+00
    outer loop
      vertex   -7.077721e+00 1.055958e+01 3.000000e+00
      vertex   -7.386541e+00 4.551304e+00 3.000000e+00
      vertex   -7.003489e+00 1.041749e+01 3.000000e+00
    endloop
  endfacet
  facet normal 0.000000e+00 0.000000e+00 1.000000e+00
    outer loop
      vertex   -7.003489e+00 1.041749e+01 3.000000e+00
      vertex   -7.386541e+00 4.551304e+00 3.000000e+00
      vertex   -7.114607e+00 4.320321e+00 3.000000e+00
    endloop
  endfacet
  facet normal 0.000000e+00 0.000000e+00 1.000000e+00
    outer loop
      vertex   -7.003489e+00 1.041749e+01 3.000000e+00
      vertex   -7.114607e+00 4.320321e+00 3.000000e+00
      vertex   -6.903668e+00 1.028114e+01 3.000000e+00
    endloop
  endfacet
  facet normal 0.000000e+00 0.000000e+00 1.000000e+00
    outer loop
      vertex   -6.903668e+00 1.028114e+01 3.000000e+00
      vertex   -7.114607e+00 4.320321e+00 3.000000e+00
      vertex   -6.782379e+00 1.018069e+01 3.000000e+00
    endloop
  endfacet
  facet normal 0.000000e+00 0.000000e+00 1.000000e+00
    outer loop
      vertex   -6.782379e+00 1.018069e+01 3.000000e+00
      vertex   -7.114607e+00 4.320321e+00 3.000000e+00
      vertex   -6.898686e+00 4.036281e+00 3.000000e+00
    endloop
  endfacet
  facet normal 0.000000e+00 0.000000e+00 1.000000e+00
    outer loop
      vertex   -6.782379e+00 1.018069e+01 3.000000e+00
      vertex   -6.898686e+00 4.036281e+00 3.000000e+00
      vertex   -6.651550e+00 1.010248e+01 3.000000e+00
    endloop
  endfacet
  facet normal 0.000000e+00 0.000000e+00 1.000000e+00
    outer loop
      vertex   -6.651550e+00 1.010248e+01 3.000000e+00
      vertex   -6.898686e+00 4.036281e+00 3.000000e+00
      vertex   -6.748872e+00 3.712465e+00 3.000000e+00
    endloop
  endfacet
  facet normal 0.000000e+00 0.000000e+00 1.000000e+00
    outer loop
      vertex   -6.651550e+00 1.010248e+01 3.000000e+00
      vertex   -6.748872e+00 3.712465e+00 3.000000e+00
      vertex   -6.504953e+00 1.006145e+01 3.000000e+00
    endloop
  endfacet
  facet normal 0.000000e+00 0.000000e+00 1.000000e+00
    outer loop
      vertex   -6.504953e+00 1.006145e+01 3.000000e+00
      vertex   -6.748872e+00 3.712465e+00 3.000000e+00
      vertex   -6.348444e+00 1.004272e+01 3.000000e+00
    endloop
  endfacet
  facet normal 0.000000e+00 0.000000e+00 1.000000e+00
    outer loop
      vertex   -6.348444e+00 1.004272e+01 3.000000e+00
      vertex   -6.748872e+00 3.712465e+00 3.000000e+00
      vertex   -6.672172e+00 3.364013e+00 3.000000e+00
    endloop
  endfacet
  facet normal -0.000000e+00 0.000000e+00 1.000000e+00
    outer loop
      vertex   -6.348444e+00 1.004272e+01 3.000000e+00
      vertex   -6.672172e+00 3.364013e+00 3.000000e+00
      vertex   -6.135824e+00 1.007068e+01 3.000000e+00
    endloop
  endfacet
  facet normal -0.000000e+00 0.000000e+00 1.000000e+00
    outer loop
      vertex   -6.135824e+00 1.007068e+01 3.000000e+00
      vertex   -6.672172e+00 3.364013e+00 3.000000e+00
      vertex   -5.945209e+00 1.016575e+01 3.000000e+00
    endloop
  endfacet
  facet normal -0.000000e+00 0.000000e+00 1.000000e+00
    outer loop
      vertex   -5.945209e+00 1.016575e+01 3.000000e+00
      vertex   -6.672172e+00 3.364013e+00 3.000000e+00
      vertex   -5.869818e+00 1.023940e+01 3.000000e+00
    endloop
  endfacet
  facet normal -0.000000e+00 0.000000e+00 1.000000e+00
    outer loop
      vertex   -5.869818e+00 1.023940e+01 3.000000e+00
      vertex   -6.672172e+00 3.364013e+00 3.000000e+00
      vertex   -5.521489e+00 1.025297e+01 3.000000e+00
    endloop
  endfacet
  facet normal 0.000000e+00 0.000000e+00 1.000000e+00
    outer loop
      vertex   -5.869818e+00 1.023940e+01 3.000000e+00
      vertex   -5.521489e+00 1.025297e+01 3.000000e+00
      vertex   -5.808363e+00 1.031862e+01 3.000000e+00
    endloop
  endfacet
  facet normal -0.000000e+00 0.000000e+00 1.000000e+00
    outer loop
      vertex   -5.808363e+00 1.031862e+01 3.000000e+00
      vertex   -5.521489e+00 1.025297e+01 3.000000e+00
      vertex   -5.645416e+00 1.036618e+01 3.000000e+00
    endloop
  endfacet
  facet normal 0.000000e+00 0.000000e+00 1.000000e+00
    outer loop
      vertex   -5.808363e+00 1.031862e+01 3.000000e+00
      vertex   -5.645416e+00 1.036618e+01 3.000000e+00
      vertex   -5.733101e+00 1.051035e+01 3.000000e+00
    endloop
  endfacet
  facet normal 0.000000e+00 0.000000e+00 1.000000e+00
    outer loop
      vertex   -5.521489e+00 1.025297e+01 3.000000e+00
      vertex   -6.672172e+00 3.364013e+00 3.000000e+00
      vertex   -5.380437e+00 1.018760e+01 3.000000e+00
    endloop
  endfacet
  facet normal 0.000000e+00 0.000000e+00 1.000000e+00
    outer loop
      vertex   -5.380437e+00 1.018760e+01 3.000000e+00
      vertex   -6.672172e+00 3.364013e+00 3.000000e+00
      vertex   -6.672172e+00 3.007221e+00 3.000000e+00
    endloop
  endfacet
  facet normal 0.000000e+00 0.000000e+00 1.000000e+00
    outer loop
      vertex   -5.380437e+00 1.018760e+01 3.000000e+00
      vertex   -6.672172e+00 3.007221e+00 3.000000e+00
      vertex   -5.226417e+00 1.016617e+01 3.000000e+00
    endloop
  endfacet
  facet normal -0.000000e+00 0.000000e+00 1.000000e+00
    outer loop
      vertex   -5.226417e+00 1.016617e+01 3.000000e+00
      vertex   -6.672172e+00 3.007221e+00 3.000000e+00
      vertex   -5.058999e+00 1.018953e+01 3.000000e+00
    endloop
  endfacet
  facet normal 0.000000e+00 0.000000e+00 1.000000e+00
    outer loop
      vertex   -5.058999e+00 1.018953e+01 3.000000e+00
      vertex   -6.672172e+00 3.007221e+00 3.000000e+00
      vertex   -3.753779e+00 -1.071438e+01 3.000000e+00
    endloop
  endfacet
  facet normal -0.000000e+00 0.000000e+00 1.000000e+00
    outer loop
      vertex   -5.058999e+00 1.018953e+01 3.000000e+00
      vertex   -3.753779e+00 -1.071438e+01 3.000000e+00
      vertex   -4.904165e+00 1.025760e+01 3.000000e+00
    endloop
  endfacet
  facet normal -9.205083e-15 -5.049307e-16 1.000000e+00
    outer loop
      vertex   -4.904165e+00 1.025760e+01 3.000000e+00
      vertex   -3.753779e+00 -1.071438e+01 3.000000e+00
      vertex   -4.765717e+00 1.037216e+01 3.000000e+00
    endloop
  endfacet
  facet normal 1.240621e-14 5.321900e-16 1.000000e+00
    outer loop
      vertex   -4.765717e+00 1.037216e+01 3.000000e+00
      vertex   -3.753779e+00 -1.071438e+01 3.000000e+00
      vertex   -4.664724e+00 1.052121e+01 3.000000e+00
    endloop
  endfacet
  facet normal -1.794099e-14 -7.696161e-16 1.000000e+00
    outer loop
      vertex   -4.664724e+00 1.052121e+01 3.000000e+00
      vertex   -3.753779e+00 -1.071438e+01 3.000000e+00
      vertex   -4.598322e+00 1.070434e+01 3.000000e+00
    endloop
  endfacet
  facet normal 4.661492e-14 1.775830e-15 1.000000e+00
    outer loop
      vertex   -4.598322e+00 1.070434e+01 3.000000e+00
      vertex   -3.753779e+00 -1.071438e+01 3.000000e+00
      vertex   -4.577124e+00 1.089814e+01 3.000000e+00
    endloop
  endfacet
  facet normal -0.000000e+00 0.000000e+00 1.000000e+00
    outer loop
      vertex   -4.577124e+00 1.089814e+01 3.000000e+00
      vertex   -3.753779e+00 -1.071438e+01 3.000000e+00
      vertex   -3.753779e+00 2.980097e+01 3.000000e+00
    endloop
  endfacet
  facet normal 0.000000e+00 -0.000000e+00 1.000000e+00
    outer loop
      vertex   -4.577124e+00 1.089814e+01 3.000000e+00
      vertex   -3.753779e+00 2.980097e+01 3.000000e+00
      vertex   -4.578838e+00 1.378013e+01 3.000000e+00
    endloop
  endfacet
  facet normal 0.000000e+00 -0.000000e+00 1.000000e+00
    outer loop
      vertex   -4.578838e+00 1.378013e+01 3.000000e+00
      vertex   -3.753779e+00 2.980097e+01 3.000000e+00
      vertex   -4.590894e+00 1.684970e+01 3.000000e+00
    endloop
  endfacet
  facet normal 0.000000e+00 0.000000e+00 1.000000e+00
    outer loop
      vertex   -4.578838e+00 1.378013e+01 3.000000e+00
      vertex   -4.590894e+00 1.684970e+01 3.000000e+00
      vertex   -4.602936e+00 1.658825e+01 3.000000e+00
    endloop
  endfacet
  facet normal 0.000000e+00 0.000000e+00 1.000000e+00
    outer loop
      vertex   -6.672172e+00 3.007221e+00 3.000000e+00
      vertex   -6.748872e+00 2.658770e+00 3.000000e+00
      vertex   -3.753779e+00 -1.071438e+01 3.000000e+00
    endloop
  endfacet
  facet normal 0.000000e+00 0.000000e+00 1.000000e+00
    outer loop
      vertex   -3.753779e+00 -1.071438e+01 3.000000e+00
      vertex   -6.748872e+00 2.658770e+00 3.000000e+00
      vertex   -6.898686e+00 2.334953e+00 3.000000e+00
    endloop
  endfacet
  facet normal 0.000000e+00 0.000000e+00 1.000000e+00
    outer loop
      vertex   -3.753779e+00 -1.071438e+01 3.000000e+00
      vertex   -6.898686e+00 2.334953e+00 3.000000e+00
      vertex   -7.114607e+00 2.050913e+00 3.000000e+00
    endloop
  endfacet
  facet normal 0.000000e+00 0.000000e+00 1.000000e+00
    outer loop
      vertex   -7.114607e+00 2.050913e+00 3.000000e+00
      vertex   -7.386541e+00 1.819930e+00 3.000000e+00
      vertex   -3.753779e+00 -1.071438e+01 3.000000e+00
    endloop
  endfacet
  facet normal 0.000000e+00 0.000000e+00 1.000000e+00
    outer loop
      vertex   -3.753779e+00 -1.071438e+01 3.000000e+00
      vertex   -7.386541e+00 1.819930e+00 3.000000e+00
      vertex   -1.041250e+01 -1.071438e+01 3.000000e+00
    endloop
  endfacet
  facet normal 0.000000e+00 0.000000e+00 1.000000e+00
    outer loop
      vertex   -1.041250e+01 -1.071438e+01 3.000000e+00
      vertex   -7.386541e+00 1.819930e+00 3.000000e+00
      vertex   -7.701772e+00 1.652805e+00 3.000000e+00
    endloop
  endfacet
  facet normal 0.000000e+00 0.000000e+00 1.000000e+00
    outer loop
      vertex   -1.041250e+01 -1.071438e+01 3.000000e+00
      vertex   -7.701772e+00 1.652805e+00 3.000000e+00
      vertex   -8.045560e+00 1.557353e+00 3.000000e+00
    endloop
  endfacet
  facet normal 0.000000e+00 0.000000e+00 1.000000e+00
    outer loop
      vertex   -8.045560e+00 1.557353e+00 3.000000e+00
      vertex   -8.401829e+00 1.538037e+00 3.000000e+00
      vertex   -1.041250e+01 -1.071438e+01 3.000000e+00
    endloop
  endfacet
  facet normal 0.000000e+00 0.000000e+00 1.000000e+00
    outer loop
      vertex   -1.041250e+01 -1.071438e+01 3.000000e+00
      vertex   -8.401829e+00 1.538037e+00 3.000000e+00
      vertex   -8.753922e+00 1.595760e+00 3.000000e+00
    endloop
  endfacet
  facet normal 0.000000e+00 0.000000e+00 1.000000e+00
    outer loop
      vertex   -1.041250e+01 -1.071438e+01 3.000000e+00
      vertex   -8.753922e+00 1.595760e+00 3.000000e+00
      vertex   -9.085374e+00 1.727822e+00 3.000000e+00
    endloop
  endfacet
  facet normal 0.000000e+00 0.000000e+00 1.000000e+00
    outer loop
      vertex   -9.085374e+00 1.727822e+00 3.000000e+00
      vertex   -9.380687e+00 1.928050e+00 3.000000e+00
      vertex   -1.041250e+01 -1.071438e+01 3.000000e+00
    endloop
  endfacet
  facet normal 0.000000e+00 0.000000e+00 1.000000e+00
    outer loop
      vertex   -1.041250e+01 -1.071438e+01 3.000000e+00
      vertex   -9.380687e+00 1.928050e+00 3.000000e+00
      vertex   -9.626054e+00 2.187080e+00 3.000000e+00
    endloop
  endfacet
  facet normal 0.000000e+00 0.000000e+00 1.000000e+00
    outer loop
      vertex   -1.041250e+01 -1.071438e+01 3.000000e+00
      vertex   -9.626054e+00 2.187080e+00 3.000000e+00
      vertex   -9.809999e+00 2.492800e+00 3.000000e+00
    endloop
  endfacet
  facet normal 0.000000e+00 0.000000e+00 1.000000e+00
    outer loop
      vertex   -9.809999e+00 2.492800e+00 3.000000e+00
      vertex   -9.923924e+00 2.830916e+00 3.000000e+00
      vertex   -1.041250e+01 -1.071438e+01 3.000000e+00
    endloop
  endfacet
  facet normal 0.000000e+00 0.000000e+00 1.000000e+00
    outer loop
      vertex   -1.041250e+01 -1.071438e+01 3.000000e+00
      vertex   -9.923924e+00 2.830916e+00 3.000000e+00
      vertex   -9.962500e+00 3.185617e+00 3.000000e+00
    endloop
  endfacet
  facet normal 0.000000e+00 -0.000000e+00 1.000000e+00
    outer loop
      vertex   -9.923924e+00 -1.945968e+01 3.000000e+00
      vertex   -9.809999e+00 -1.912157e+01 3.000000e+00
      vertex   -1.041250e+01 -1.591438e+01 3.000000e+00
    endloop
  endfacet
  facet normal 0.000000e+00 0.000000e+00 1.000000e+00
    outer loop
      vertex   -1.041250e+01 -1.591438e+01 3.000000e+00
      vertex   -9.809999e+00 -1.912157e+01 3.000000e+00
      vertex   -9.626054e+00 -1.881585e+01 3.000000e+00
    endloop
  endfacet
  facet normal 0.000000e+00 0.000000e+00 1.000000e+00
    outer loop
      vertex   -1.041250e+01 -1.591438e+01 3.000000e+00
      vertex   -9.626054e+00 -1.881585e+01 3.000000e+00
      vertex   -9.380687e+00 -1.855682e+01 3.000000e+00
    endloop
  endfacet
  facet normal 0.000000e+00 -0.000000e+00 1.000000e+00
    outer loop
      vertex   -9.380687e+00 -1.855682e+01 3.000000e+00
      vertex   -9.085374e+00 -1.835659e+01 3.000000e+00
      vertex   -1.041250e+01 -1.591438e+01 3.000000e+00
    endloop
  endfacet
  facet normal 0.000000e+00 0.000000e+00 1.000000e+00
    outer loop
      vertex   -1.041250e+01 -1.591438e+01 3.000000e+00
      vertex   -9.085374e+00 -1.835659e+01 3.000000e+00
      vertex   -8.753922e+00 -1.822453e+01 3.000000e+00
    endloop
  endfacet
  facet normal 0.000000e+00 0.000000e+00 1.000000e+00
    outer loop
      vertex   -1.041250e+01 -1.591438e+01 3.000000e+00
      vertex   -8.753922e+00 -1.822453e+01 3.000000e+00
      vertex   -8.401829e+00 -1.816680e+01 3.000000e+00
    endloop
  endfacet
  facet normal -0.000000e+00 -0.000000e+00 1.000000e+00
    outer loop
      vertex   -8.401829e+00 -1.816680e+01 3.000000e+00
      vertex   -8.045560e+00 -1.818612e+01 3.000000e+00
      vertex   -1.041250e+01 -1.591438e+01 3.000000e+00
    endloop
  endfacet
  facet normal 0.000000e+00 0.000000e+00 1.000000e+00
    outer loop
      vertex   -1.041250e+01 -1.591438e+01 3.000000e+00
      vertex   -8.045560e+00 -1.818612e+01 3.000000e+00
      vertex   -7.701772e+00 -1.828157e+01 3.000000e+00
    endloop
  endfacet
  facet normal -0.000000e+00 0.000000e+00 1.000000e+00
    outer loop
      vertex   -1.041250e+01 -1.591438e+01 3.000000e+00
      vertex   -7.701772e+00 -1.828157e+01 3.000000e+00
      vertex   -3.753779e+00 -1.591438e+01 3.000000e+00
    endloop
  endfacet
  facet normal 0.000000e+00 0.000000e+00 1.000000e+00
    outer loop
      vertex   -3.753779e+00 -1.591438e+01 3.000000e+00
      vertex   -7.701772e+00 -1.828157e+01 3.000000e+00
      vertex   -7.386541e+00 -1.844870e+01 3.000000e+00
    endloop
  endfacet
  facet normal 0.000000e+00 0.000000e+00 1.000000e+00
    outer loop
      vertex   -3.753779e+00 -1.591438e+01 3.000000e+00
      vertex   -7.386541e+00 -1.844870e+01 3.000000e+00
      vertex   -7.114607e+00 -1.867968e+01 3.000000e+00
    endloop
  endfacet
  facet normal -0.000000e+00 0.000000e+00 1.000000e+00
    outer loop
      vertex   -7.114607e+00 -1.867968e+01 3.000000e+00
      vertex   -6.898686e+00 -1.896372e+01 3.000000e+00
      vertex   -3.753779e+00 -1.591438e+01 3.000000e+00
    endloop
  endfacet
  facet normal 0.000000e+00 0.000000e+00 1.000000e+00
    outer loop
      vertex   -3.753779e+00 -1.591438e+01 3.000000e+00
      vertex   -6.898686e+00 -1.896372e+01 3.000000e+00
      vertex   -6.748872e+00 -1.928754e+01 3.000000e+00
    endloop
  endfacet
  facet normal 0.000000e+00 0.000000e+00 1.000000e+00
    outer loop
      vertex   -3.753779e+00 -1.591438e+01 3.000000e+00
      vertex   -6.748872e+00 -1.928754e+01 3.000000e+00
      vertex   -6.672172e+00 -1.963599e+01 3.000000e+00
    endloop
  endfacet
  facet normal 0.000000e+00 0.000000e+00 1.000000e+00
    outer loop
      vertex   -3.753779e+00 -1.591438e+01 3.000000e+00
      vertex   -6.672172e+00 -1.963599e+01 3.000000e+00
      vertex   -3.880796e+00 -2.192982e+01 3.000000e+00
    endloop
  endfacet
  facet normal 0.000000e+00 0.000000e+00 1.000000e+00
    outer loop
      vertex   -3.880796e+00 -2.192982e+01 3.000000e+00
      vertex   -6.672172e+00 -1.963599e+01 3.000000e+00
      vertex   -6.672172e+00 -1.999278e+01 3.000000e+00
    endloop
  endfacet
  facet normal 0.000000e+00 0.000000e+00 1.000000e+00
    outer loop
      vertex   -3.880796e+00 -2.192982e+01 3.000000e+00
      vertex   -6.672172e+00 -1.999278e+01 3.000000e+00
      vertex   -6.748872e+00 -2.034123e+01 3.000000e+00
    endloop
  endfacet
  facet normal 0.000000e+00 0.000000e+00 1.000000e+00
    outer loop
      vertex   -6.748872e+00 -2.034123e+01 3.000000e+00
      vertex   -6.898686e+00 -2.066505e+01 3.000000e+00
      vertex   -3.880796e+00 -2.192982e+01 3.000000e+00
    endloop
  endfacet
  facet normal 0.000000e+00 0.000000e+00 1.000000e+00
    outer loop
      vertex   -3.880796e+00 -2.192982e+01 3.000000e+00
      vertex   -6.898686e+00 -2.066505e+01 3.000000e+00
      vertex   -7.114607e+00 -2.094909e+01 3.000000e+00
    endloop
  endfacet
  facet normal 0.000000e+00 0.000000e+00 1.000000e+00
    outer loop
      vertex   -3.880796e+00 -2.192982e+01 3.000000e+00
      vertex   -7.114607e+00 -2.094909e+01 3.000000e+00
      vertex   -7.386541e+00 -2.118007e+01 3.000000e+00
    endloop
  endfacet
  facet normal 0.000000e+00 0.000000e+00 1.000000e+00
    outer loop
      vertex   -7.386541e+00 -2.118007e+01 3.000000e+00
      vertex   -7.701772e+00 -2.134719e+01 3.000000e+00
      vertex   -3.880796e+00 -2.192982e+01 3.000000e+00
    endloop
  endfacet
  facet normal 0.000000e+00 0.000000e+00 1.000000e+00
    outer loop
      vertex   -3.880796e+00 -2.192982e+01 3.000000e+00
      vertex   -7.701772e+00 -2.134719e+01 3.000000e+00
      vertex   -8.045560e+00 -2.144265e+01 3.000000e+00
    endloop
  endfacet
  facet normal 0.000000e+00 0.000000e+00 1.000000e+00
    outer loop
      vertex   -3.880796e+00 -2.192982e+01 3.000000e+00
      vertex   -8.045560e+00 -2.144265e+01 3.000000e+00
      vertex   -8.401829e+00 -2.146196e+01 3.000000e+00
    endloop
  endfacet
  facet normal 0.000000e+00 0.000000e+00 1.000000e+00
    outer loop
      vertex   -3.880796e+00 -2.192982e+01 3.000000e+00
      vertex   -8.401829e+00 -2.146196e+01 3.000000e+00
      vertex   -1.250680e+01 -2.192982e+01 3.000000e+00
    endloop
  endfacet
  facet normal 0.000000e+00 0.000000e+00 1.000000e+00
    outer loop
      vertex   -1.250680e+01 -2.192982e+01 3.000000e+00
      vertex   -8.401829e+00 -2.146196e+01 3.000000e+00
      vertex   -8.753922e+00 -2.140424e+01 3.000000e+00
    endloop
  endfacet
  facet normal 0.000000e+00 0.000000e+00 1.000000e+00
    outer loop
      vertex   -1.250680e+01 -2.192982e+01 3.000000e+00
      vertex   -8.753922e+00 -2.140424e+01 3.000000e+00
      vertex   -9.085374e+00 -2.127218e+01 3.000000e+00
    endloop
  endfacet
  facet normal 0.000000e+00 0.000000e+00 1.000000e+00
    outer loop
      vertex   -9.085374e+00 -2.127218e+01 3.000000e+00
      vertex   -9.380687e+00 -2.107195e+01 3.000000e+00
      vertex   -1.250680e+01 -2.192982e+01 3.000000e+00
    endloop
  endfacet
  facet normal 0.000000e+00 0.000000e+00 1.000000e+00
    outer loop
      vertex   -1.250680e+01 -2.192982e+01 3.000000e+00
      vertex   -9.380687e+00 -2.107195e+01 3.000000e+00
      vertex   -9.626054e+00 -2.081292e+01 3.000000e+00
    endloop
  endfacet
  facet normal 0.000000e+00 0.000000e+00 1.000000e+00
    outer loop
      vertex   -1.250680e+01 -2.192982e+01 3.000000e+00
      vertex   -9.626054e+00 -2.081292e+01 3.000000e+00
      vertex   -9.809999e+00 -2.050720e+01 3.000000e+00
    endloop
  endfacet
  facet normal 0.000000e+00 0.000000e+00 1.000000e+00
    outer loop
      vertex   -9.809999e+00 -2.050720e+01 3.000000e+00
      vertex   -9.923924e+00 -2.016908e+01 3.000000e+00
      vertex   -1.250680e+01 -2.192982e+01 3.000000e+00
    endloop
  endfacet
  facet normal 0.000000e+00 0.000000e+00 1.000000e+00
    outer loop
      vertex   -1.250680e+01 -2.192982e+01 3.000000e+00
      vertex   -9.923924e+00 -2.016908e+01 3.000000e+00
      vertex   -9.962500e+00 -1.981438e+01 3.000000e+00
    endloop
  endfacet
  facet normal 0.000000e+00 0.000000e+00 1.000000e+00
    outer loop
      vertex   -9.923924e+00 3.540318e+00 3.000000e+00
      vertex   -1.250680e+01 2.992798e+01 3.000000e+00
      vertex   -1.263381e+01 2.980097e+01 3.000000e+00
    endloop
  endfacet
  facet normal 0.000000e+00 0.000000e+00 1.000000e+00
    outer loop
      vertex   -1.263381e+01 2.980097e+01 3.000000e+00
      vertex   -1.250680e+01 2.992798e+01 3.000000e+00
      vertex   -1.253967e+01 2.992366e+01 3.000000e+00
    endloop
  endfacet
  facet normal 0.000000e+00 0.000000e+00 1.000000e+00
    outer loop
      vertex   -1.263381e+01 2.980097e+01 3.000000e+00
      vertex   -1.253967e+01 2.992366e+01 3.000000e+00
      vertex   -1.257030e+01 2.991097e+01 3.000000e+00
    endloop
  endfacet
  facet normal 0.000000e+00 0.000000e+00 1.000000e+00
    outer loop
      vertex   -1.257030e+01 2.991097e+01 3.000000e+00
      vertex   -1.259661e+01 2.989078e+01 3.000000e+00
      vertex   -1.263381e+01 2.980097e+01 3.000000e+00
    endloop
  endfacet
  facet normal 0.000000e+00 0.000000e+00 1.000000e+00
    outer loop
      vertex   -1.263381e+01 2.980097e+01 3.000000e+00
      vertex   -1.259661e+01 2.989078e+01 3.000000e+00
      vertex   -1.261680e+01 2.986448e+01 3.000000e+00
    endloop
  endfacet
  facet normal 0.000000e+00 0.000000e+00 1.000000e+00
    outer loop
      vertex   -1.263381e+01 2.980097e+01 3.000000e+00
      vertex   -1.261680e+01 2.986448e+01 3.000000e+00
      vertex   -1.262948e+01 2.983384e+01 3.000000e+00
    endloop
  endfacet
  facet normal -0.000000e+00 -0.000000e+00 1.000000e+00
    outer loop
      vertex   -1.262948e+01 -2.183568e+01 3.000000e+00
      vertex   -1.261680e+01 -2.186631e+01 3.000000e+00
      vertex   -1.263381e+01 -2.180281e+01 3.000000e+00
    endloop
  endfacet
  facet normal 0.000000e+00 0.000000e+00 1.000000e+00
    outer loop
      vertex   -1.263381e+01 -2.180281e+01 3.000000e+00
      vertex   -1.261680e+01 -2.186631e+01 3.000000e+00
      vertex   -1.259661e+01 -2.189262e+01 3.000000e+00
    endloop
  endfacet
  facet normal 0.000000e+00 0.000000e+00 1.000000e+00
    outer loop
      vertex   -1.263381e+01 -2.180281e+01 3.000000e+00
      vertex   -1.259661e+01 -2.189262e+01 3.000000e+00
      vertex   -1.257030e+01 -2.191281e+01 3.000000e+00
    endloop
  endfacet
  facet normal -0.000000e+00 -0.000000e+00 1.000000e+00
    outer loop
      vertex   -1.257030e+01 -2.191281e+01 3.000000e+00
      vertex   -1.253967e+01 -2.192550e+01 3.000000e+00
      vertex   -1.263381e+01 -2.180281e+01 3.000000e+00
    endloop
  endfacet
  facet normal 0.000000e+00 0.000000e+00 1.000000e+00
    outer loop
      vertex   -1.263381e+01 -2.180281e+01 3.000000e+00
      vertex   -1.253967e+01 -2.192550e+01 3.000000e+00
      vertex   -1.250680e+01 -2.192982e+01 3.000000e+00
    endloop
  endfacet
  facet normal 0.000000e+00 0.000000e+00 1.000000e+00
    outer loop
      vertex   -3.753779e+00 -1.591438e+01 3.000000e+00
      vertex   -3.880796e+00 -2.192982e+01 3.000000e+00
      vertex   -3.753779e+00 -2.180281e+01 3.000000e+00
    endloop
  endfacet
  facet normal 0.000000e+00 0.000000e+00 1.000000e+00
    outer loop
      vertex   -3.753779e+00 -2.180281e+01 3.000000e+00
      vertex   -3.880796e+00 -2.192982e+01 3.000000e+00
      vertex   -3.847922e+00 -2.192550e+01 3.000000e+00
    endloop
  endfacet
  facet normal 0.000000e+00 0.000000e+00 1.000000e+00
    outer loop
      vertex   -3.753779e+00 -2.180281e+01 3.000000e+00
      vertex   -3.847922e+00 -2.192550e+01 3.000000e+00
      vertex   -3.817288e+00 -2.191281e+01 3.000000e+00
    endloop
  endfacet
  facet normal 0.000000e+00 0.000000e+00 1.000000e+00
    outer loop
      vertex   -3.817288e+00 -2.191281e+01 3.000000e+00
      vertex   -3.790982e+00 -2.189262e+01 3.000000e+00
      vertex   -3.753779e+00 -2.180281e+01 3.000000e+00
    endloop
  endfacet
  facet normal 0.000000e+00 0.000000e+00 1.000000e+00
    outer loop
      vertex   -3.753779e+00 -2.180281e+01 3.000000e+00
      vertex   -3.790982e+00 -2.189262e+01 3.000000e+00
      vertex   -3.770796e+00 -2.186631e+01 3.000000e+00
    endloop
  endfacet
  facet normal 0.000000e+00 0.000000e+00 1.000000e+00
    outer loop
      vertex   -3.753779e+00 -2.180281e+01 3.000000e+00
      vertex   -3.770796e+00 -2.186631e+01 3.000000e+00
      vertex   -3.758107e+00 -2.183568e+01 3.000000e+00
    endloop
  endfacet
  facet normal -0.000000e+00 0.000000e+00 1.000000e+00
    outer loop
      vertex   -4.591553e+00 1.795816e+01 3.000000e+00
      vertex   -4.590894e+00 1.684970e+01 3.000000e+00
      vertex   -3.753779e+00 2.980097e+01 3.000000e+00
    endloop
  endfacet
  facet normal 0.000000e+00 0.000000e+00 1.000000e+00
    outer loop
      vertex   -4.578838e+00 1.378013e+01 3.000000e+00
      vertex   -4.602936e+00 1.658825e+01 3.000000e+00
      vertex   -4.612503e+00 1.402018e+01 3.000000e+00
    endloop
  endfacet
  facet normal 0.000000e+00 -0.000000e+00 1.000000e+00
    outer loop
      vertex   -4.612503e+00 1.402018e+01 3.000000e+00
      vertex   -4.602936e+00 1.658825e+01 3.000000e+00
      vertex   -4.657952e+00 1.634148e+01 3.000000e+00
    endloop
  endfacet
  facet normal 0.000000e+00 0.000000e+00 1.000000e+00
    outer loop
      vertex   -4.612503e+00 1.402018e+01 3.000000e+00
      vertex   -4.657952e+00 1.634148e+01 3.000000e+00
      vertex   -4.660207e+00 1.412735e+01 3.000000e+00
    endloop
  endfacet
  facet normal 0.000000e+00 -0.000000e+00 1.000000e+00
    outer loop
      vertex   -4.660207e+00 1.412735e+01 3.000000e+00
      vertex   -4.657952e+00 1.634148e+01 3.000000e+00
      vertex   -4.725764e+00 1.423281e+01 3.000000e+00
    endloop
  endfacet
  facet normal 0.000000e+00 -0.000000e+00 1.000000e+00
    outer loop
      vertex   -4.725764e+00 1.423281e+01 3.000000e+00
      vertex   -4.657952e+00 1.634148e+01 3.000000e+00
      vertex   -4.753174e+00 1.618242e+01 3.000000e+00
    endloop
  endfacet
  facet normal 0.000000e+00 0.000000e+00 1.000000e+00
    outer loop
      vertex   -4.725764e+00 1.423281e+01 3.000000e+00
      vertex   -4.753174e+00 1.618242e+01 3.000000e+00
      vertex   -4.895679e+00 1.606337e+01 3.000000e+00
    endloop
  endfacet
  facet normal 0.000000e+00 0.000000e+00 1.000000e+00
    outer loop
      vertex   -4.725764e+00 1.423281e+01 3.000000e+00
      vertex   -4.895679e+00 1.606337e+01 3.000000e+00
      vertex   -4.914197e+00 1.439751e+01 3.000000e+00
    endloop
  endfacet
  facet normal 0.000000e+00 -0.000000e+00 1.000000e+00
    outer loop
      vertex   -4.914197e+00 1.439751e+01 3.000000e+00
      vertex   -4.895679e+00 1.606337e+01 3.000000e+00
      vertex   -5.076721e+00 1.598480e+01 3.000000e+00
    endloop
  endfacet
  facet normal 0.000000e+00 0.000000e+00 1.000000e+00
    outer loop
      vertex   -4.914197e+00 1.439751e+01 3.000000e+00
      vertex   -5.076721e+00 1.598480e+01 3.000000e+00
      vertex   -5.142876e+00 1.450371e+01 3.000000e+00
    endloop
  endfacet
  facet normal 0.000000e+00 -0.000000e+00 1.000000e+00
    outer loop
      vertex   -5.142876e+00 1.450371e+01 3.000000e+00
      vertex   -5.076721e+00 1.598480e+01 3.000000e+00
      vertex   -5.272493e+00 1.595912e+01 3.000000e+00
    endloop
  endfacet
  facet normal 0.000000e+00 0.000000e+00 1.000000e+00
    outer loop
      vertex   -5.142876e+00 1.450371e+01 3.000000e+00
      vertex   -5.272493e+00 1.595912e+01 3.000000e+00
      vertex   -5.492352e+00 1.457673e+01 3.000000e+00
    endloop
  endfacet
  facet normal 0.000000e+00 0.000000e+00 1.000000e+00
    outer loop
      vertex   -5.492352e+00 1.457673e+01 3.000000e+00
      vertex   -5.272493e+00 1.595912e+01 3.000000e+00
      vertex   -5.396459e+00 1.597167e+01 3.000000e+00
    endloop
  endfacet
  facet normal 0.000000e+00 -0.000000e+00 1.000000e+00
    outer loop
      vertex   -5.492352e+00 1.457673e+01 3.000000e+00
      vertex   -5.396459e+00 1.597167e+01 3.000000e+00
      vertex   -5.514067e+00 1.600065e+01 3.000000e+00
    endloop
  endfacet
  facet normal 0.000000e+00 0.000000e+00 1.000000e+00
    outer loop
      vertex   -5.514067e+00 1.600065e+01 3.000000e+00
      vertex   -5.620128e+00 1.605683e+01 3.000000e+00
      vertex   -5.492352e+00 1.457673e+01 3.000000e+00
    endloop
  endfacet
  facet normal 0.000000e+00 0.000000e+00 1.000000e+00
    outer loop
      vertex   -5.492352e+00 1.457673e+01 3.000000e+00
      vertex   -5.620128e+00 1.605683e+01 3.000000e+00
      vertex   -5.856607e+00 1.459452e+01 3.000000e+00
    endloop
  endfacet
  facet normal 0.000000e+00 0.000000e+00 1.000000e+00
    outer loop
      vertex   -5.856607e+00 1.459452e+01 3.000000e+00
      vertex   -5.620128e+00 1.605683e+01 3.000000e+00
      vertex   -5.721095e+00 1.613109e+01 3.000000e+00
    endloop
  endfacet
  facet normal 0.000000e+00 0.000000e+00 1.000000e+00
    outer loop
      vertex   -5.856607e+00 1.459452e+01 3.000000e+00
      vertex   -5.721095e+00 1.613109e+01 3.000000e+00
      vertex   -5.812856e+00 1.625161e+01 3.000000e+00
    endloop
  endfacet
  facet normal 0.000000e+00 0.000000e+00 1.000000e+00
    outer loop
      vertex   -5.812856e+00 1.625161e+01 3.000000e+00
      vertex   -5.881305e+00 1.637427e+01 3.000000e+00
      vertex   -5.856607e+00 1.459452e+01 3.000000e+00
    endloop
  endfacet
  facet normal 0.000000e+00 0.000000e+00 1.000000e+00
    outer loop
      vertex   -5.856607e+00 1.459452e+01 3.000000e+00
      vertex   -5.881305e+00 1.637427e+01 3.000000e+00
      vertex   -6.129904e+00 1.458638e+01 3.000000e+00
    endloop
  endfacet
  facet normal 0.000000e+00 0.000000e+00 1.000000e+00
    outer loop
      vertex   -6.129904e+00 1.458638e+01 3.000000e+00
      vertex   -5.881305e+00 1.637427e+01 3.000000e+00
      vertex   -6.077705e+00 1.646342e+01 3.000000e+00
    endloop
  endfacet
  facet normal 0.000000e+00 -0.000000e+00 1.000000e+00
    outer loop
      vertex   -6.129904e+00 1.458638e+01 3.000000e+00
      vertex   -6.077705e+00 1.646342e+01 3.000000e+00
      vertex   -6.234871e+00 1.631590e+01 3.000000e+00
    endloop
  endfacet
  facet normal 0.000000e+00 0.000000e+00 1.000000e+00
    outer loop
      vertex   -5.881305e+00 1.637427e+01 3.000000e+00
      vertex   -5.953335e+00 1.666301e+01 3.000000e+00
      vertex   -6.077705e+00 1.646342e+01 3.000000e+00
    endloop
  endfacet
  facet normal 0.000000e+00 0.000000e+00 1.000000e+00
    outer loop
      vertex   -6.129904e+00 1.458638e+01 3.000000e+00
      vertex   -6.234871e+00 1.631590e+01 3.000000e+00
      vertex   -6.395547e+00 1.455001e+01 3.000000e+00
    endloop
  endfacet
  facet normal 0.000000e+00 -0.000000e+00 1.000000e+00
    outer loop
      vertex   -6.395547e+00 1.455001e+01 3.000000e+00
      vertex   -6.234871e+00 1.631590e+01 3.000000e+00
      vertex   -6.410079e+00 1.618866e+01 3.000000e+00
    endloop
  endfacet
  facet normal 0.000000e+00 0.000000e+00 1.000000e+00
    outer loop
      vertex   -6.395547e+00 1.455001e+01 3.000000e+00
      vertex   -6.410079e+00 1.618866e+01 3.000000e+00
      vertex   -6.632176e+00 1.446904e+01 3.000000e+00
    endloop
  endfacet
  facet normal 0.000000e+00 -0.000000e+00 1.000000e+00
    outer loop
      vertex   -6.632176e+00 1.446904e+01 3.000000e+00
      vertex   -6.410079e+00 1.618866e+01 3.000000e+00
      vertex   -7.090243e+00 1.575340e+01 3.000000e+00
    endloop
  endfacet
  facet normal 0.000000e+00 0.000000e+00 1.000000e+00
    outer loop
      vertex   -6.632176e+00 1.446904e+01 3.000000e+00
      vertex   -7.090243e+00 1.575340e+01 3.000000e+00
      vertex   -6.872831e+00 1.434664e+01 3.000000e+00
    endloop
  endfacet
  facet normal 0.000000e+00 0.000000e+00 1.000000e+00
    outer loop
      vertex   -6.872831e+00 1.434664e+01 3.000000e+00
      vertex   -7.090243e+00 1.575340e+01 3.000000e+00
      vertex   -6.985931e+00 1.422527e+01 3.000000e+00
    endloop
  endfacet
  facet normal 0.000000e+00 0.000000e+00 1.000000e+00
    outer loop
      vertex   -6.985931e+00 1.422527e+01 3.000000e+00
      vertex   -7.090243e+00 1.575340e+01 3.000000e+00
      vertex   -7.032851e+00 1.416228e+01 3.000000e+00
    endloop
  endfacet
  facet normal 0.000000e+00 0.000000e+00 1.000000e+00
    outer loop
      vertex   -7.032851e+00 1.416228e+01 3.000000e+00
      vertex   -7.090243e+00 1.575340e+01 3.000000e+00
      vertex   -7.070323e+00 1.409436e+01 3.000000e+00
    endloop
  endfacet
  facet normal 0.000000e+00 -0.000000e+00 1.000000e+00
    outer loop
      vertex   -7.090490e+00 1.616950e+01 3.000000e+00
      vertex   -6.570564e+00 1.650064e+01 3.000000e+00
      vertex   -7.091356e+00 1.762584e+01 3.000000e+00
    endloop
  endfacet
  facet normal 0.000000e+00 0.000000e+00 1.000000e+00
    outer loop
      vertex   -7.091356e+00 1.762584e+01 3.000000e+00
      vertex   -6.570564e+00 1.650064e+01 3.000000e+00
      vertex   -6.226232e+00 1.673959e+01 3.000000e+00
    endloop
  endfacet
  facet normal -0.000000e+00 0.000000e+00 1.000000e+00
    outer loop
      vertex   -7.091356e+00 1.762584e+01 3.000000e+00
      vertex   -6.226232e+00 1.673959e+01 3.000000e+00
      vertex   -5.981193e+00 1.762650e+01 3.000000e+00
    endloop
  endfacet
  facet normal 0.000000e+00 0.000000e+00 1.000000e+00
    outer loop
      vertex   -5.981193e+00 1.762650e+01 3.000000e+00
      vertex   -6.226232e+00 1.673959e+01 3.000000e+00
      vertex   -6.059210e+00 1.690766e+01 3.000000e+00
    endloop
  endfacet
  facet normal 0.000000e+00 0.000000e+00 1.000000e+00
    outer loop
      vertex   -5.981193e+00 1.762650e+01 3.000000e+00
      vertex   -6.059210e+00 1.690766e+01 3.000000e+00
      vertex   -5.980965e+00 1.724281e+01 3.000000e+00
    endloop
  endfacet
  facet normal 0.000000e+00 0.000000e+00 1.000000e+00
    outer loop
      vertex   -5.980965e+00 1.724281e+01 3.000000e+00
      vertex   -6.059210e+00 1.690766e+01 3.000000e+00
      vertex   -5.992792e+00 1.705862e+01 3.000000e+00
    endloop
  endfacet
  facet normal 0.000000e+00 -0.000000e+00 1.000000e+00
    outer loop
      vertex   -7.022191e+00 1.130642e+01 3.000000e+00
      vertex   -6.935900e+00 1.143136e+01 3.000000e+00
      vertex   -7.088089e+00 1.212960e+01 3.000000e+00
    endloop
  endfacet
  facet normal 0.000000e+00 0.000000e+00 1.000000e+00
    outer loop
      vertex   -7.088089e+00 1.212960e+01 3.000000e+00
      vertex   -6.935900e+00 1.143136e+01 3.000000e+00
      vertex   -6.824736e+00 1.152816e+01 3.000000e+00
    endloop
  endfacet
  facet normal -0.000000e+00 0.000000e+00 1.000000e+00
    outer loop
      vertex   -7.088089e+00 1.212960e+01 3.000000e+00
      vertex   -6.824736e+00 1.152816e+01 3.000000e+00
      vertex   -6.738498e+00 1.212980e+01 3.000000e+00
    endloop
  endfacet
  facet normal 0.000000e+00 0.000000e+00 1.000000e+00
    outer loop
      vertex   -6.738498e+00 1.212980e+01 3.000000e+00
      vertex   -6.824736e+00 1.152816e+01 3.000000e+00
      vertex   -6.706170e+00 1.160456e+01 3.000000e+00
    endloop
  endfacet
  facet normal 0.000000e+00 0.000000e+00 1.000000e+00
    outer loop
      vertex   -6.738498e+00 1.212980e+01 3.000000e+00
      vertex   -6.706170e+00 1.160456e+01 3.000000e+00
      vertex   -6.571474e+00 1.165120e+01 3.000000e+00
    endloop
  endfacet
  facet normal 0.000000e+00 0.000000e+00 1.000000e+00
    outer loop
      vertex   -6.427862e+00 1.167978e+01 3.000000e+00
      vertex   -6.565957e+00 1.305419e+01 3.000000e+00
      vertex   -6.571474e+00 1.165120e+01 3.000000e+00
    endloop
  endfacet
  facet normal 0.000000e+00 -0.000000e+00 1.000000e+00
    outer loop
      vertex   -6.571474e+00 1.165120e+01 3.000000e+00
      vertex   -6.565957e+00 1.305419e+01 3.000000e+00
      vertex   -6.738706e+00 1.247939e+01 3.000000e+00
    endloop
  endfacet
  facet normal 0.000000e+00 0.000000e+00 1.000000e+00
    outer loop
      vertex   -6.571474e+00 1.165120e+01 3.000000e+00
      vertex   -6.738706e+00 1.247939e+01 3.000000e+00
      vertex   -6.738498e+00 1.212980e+01 3.000000e+00
    endloop
  endfacet
  facet normal 0.000000e+00 0.000000e+00 1.000000e+00
    outer loop
      vertex   -6.565957e+00 1.305419e+01 3.000000e+00
      vertex   -6.427862e+00 1.167978e+01 3.000000e+00
      vertex   -6.218004e+00 1.298192e+01 3.000000e+00
    endloop
  endfacet
  facet normal 0.000000e+00 0.000000e+00 1.000000e+00
    outer loop
      vertex   -6.218004e+00 1.298192e+01 3.000000e+00
      vertex   -6.427862e+00 1.167978e+01 3.000000e+00
      vertex   -6.386752e+00 1.137285e+01 3.000000e+00
    endloop
  endfacet
  facet normal 0.000000e+00 0.000000e+00 1.000000e+00
    outer loop
      vertex   -6.218004e+00 1.298192e+01 3.000000e+00
      vertex   -6.386752e+00 1.137285e+01 3.000000e+00
      vertex   -6.166505e+00 1.040151e+01 3.000000e+00
    endloop
  endfacet
  facet normal 0.000000e+00 0.000000e+00 1.000000e+00
    outer loop
      vertex   -6.166505e+00 1.040151e+01 3.000000e+00
      vertex   -6.386752e+00 1.137285e+01 3.000000e+00
      vertex   -6.258313e+00 1.037834e+01 3.000000e+00
    endloop
  endfacet
  facet normal 0.000000e+00 0.000000e+00 1.000000e+00
    outer loop
      vertex   -6.258313e+00 1.037834e+01 3.000000e+00
      vertex   -6.386752e+00 1.137285e+01 3.000000e+00
      vertex   -6.355459e+00 1.036843e+01 3.000000e+00
    endloop
  endfacet
  facet normal 0.000000e+00 0.000000e+00 1.000000e+00
    outer loop
      vertex   -6.355459e+00 1.036843e+01 3.000000e+00
      vertex   -6.386752e+00 1.137285e+01 3.000000e+00
      vertex   -6.459031e+00 1.037945e+01 3.000000e+00
    endloop
  endfacet
  facet normal 0.000000e+00 -0.000000e+00 1.000000e+00
    outer loop
      vertex   -6.459031e+00 1.037945e+01 3.000000e+00
      vertex   -6.386752e+00 1.137285e+01 3.000000e+00
      vertex   -6.591466e+00 1.131106e+01 3.000000e+00
    endloop
  endfacet
  facet normal 0.000000e+00 0.000000e+00 1.000000e+00
    outer loop
      vertex   -6.459031e+00 1.037945e+01 3.000000e+00
      vertex   -6.591466e+00 1.131106e+01 3.000000e+00
      vertex   -6.556875e+00 1.040465e+01 3.000000e+00
    endloop
  endfacet
  facet normal 0.000000e+00 0.000000e+00 1.000000e+00
    outer loop
      vertex   -6.556875e+00 1.040465e+01 3.000000e+00
      vertex   -6.591466e+00 1.131106e+01 3.000000e+00
      vertex   -6.644538e+00 1.045337e+01 3.000000e+00
    endloop
  endfacet
  facet normal 0.000000e+00 -0.000000e+00 1.000000e+00
    outer loop
      vertex   -6.644538e+00 1.045337e+01 3.000000e+00
      vertex   -6.591466e+00 1.131106e+01 3.000000e+00
      vertex   -6.727308e+00 1.051743e+01 3.000000e+00
    endloop
  endfacet
  facet normal 0.000000e+00 -0.000000e+00 1.000000e+00
    outer loop
      vertex   -6.727308e+00 1.051743e+01 3.000000e+00
      vertex   -6.591466e+00 1.131106e+01 3.000000e+00
      vertex   -6.762668e+00 1.119272e+01 3.000000e+00
    endloop
  endfacet
  facet normal 0.000000e+00 0.000000e+00 1.000000e+00
    outer loop
      vertex   -6.727308e+00 1.051743e+01 3.000000e+00
      vertex   -6.762668e+00 1.119272e+01 3.000000e+00
      vertex   -6.791252e+00 1.059830e+01 3.000000e+00
    endloop
  endfacet
  facet normal 0.000000e+00 -0.000000e+00 1.000000e+00
    outer loop
      vertex   -6.791252e+00 1.059830e+01 3.000000e+00
      vertex   -6.762668e+00 1.119272e+01 3.000000e+00
      vertex   -6.812359e+00 1.112252e+01 3.000000e+00
    endloop
  endfacet
  facet normal 0.000000e+00 0.000000e+00 1.000000e+00
    outer loop
      vertex   -6.791252e+00 1.059830e+01 3.000000e+00
      vertex   -6.812359e+00 1.112252e+01 3.000000e+00
      vertex   -6.840443e+00 1.068460e+01 3.000000e+00
    endloop
  endfacet
  facet normal 0.000000e+00 -0.000000e+00 1.000000e+00
    outer loop
      vertex   -6.840443e+00 1.068460e+01 3.000000e+00
      vertex   -6.812359e+00 1.112252e+01 3.000000e+00
      vertex   -6.849896e+00 1.104914e+01 3.000000e+00
    endloop
  endfacet
  facet normal 0.000000e+00 0.000000e+00 1.000000e+00
    outer loop
      vertex   -6.840443e+00 1.068460e+01 3.000000e+00
      vertex   -6.849896e+00 1.104914e+01 3.000000e+00
      vertex   -6.866098e+00 1.078094e+01 3.000000e+00
    endloop
  endfacet
  facet normal 0.000000e+00 -0.000000e+00 1.000000e+00
    outer loop
      vertex   -6.866098e+00 1.078094e+01 3.000000e+00
      vertex   -6.849896e+00 1.104914e+01 3.000000e+00
      vertex   -6.869240e+00 1.096819e+01 3.000000e+00
    endloop
  endfacet
  facet normal 0.000000e+00 0.000000e+00 1.000000e+00
    outer loop
      vertex   -6.866098e+00 1.078094e+01 3.000000e+00
      vertex   -6.869240e+00 1.096819e+01 3.000000e+00
      vertex   -6.877593e+00 1.088313e+01 3.000000e+00
    endloop
  endfacet
  facet normal 0.000000e+00 -0.000000e+00 1.000000e+00
    outer loop
      vertex   -6.166505e+00 1.040151e+01 3.000000e+00
      vertex   -6.084634e+00 1.044659e+01 3.000000e+00
      vertex   -6.218004e+00 1.298192e+01 3.000000e+00
    endloop
  endfacet
  facet normal 0.000000e+00 0.000000e+00 1.000000e+00
    outer loop
      vertex   -6.218004e+00 1.298192e+01 3.000000e+00
      vertex   -6.084634e+00 1.044659e+01 3.000000e+00
      vertex   -5.903969e+00 1.107471e+01 3.000000e+00
    endloop
  endfacet
  facet normal 0.000000e+00 0.000000e+00 1.000000e+00
    outer loop
      vertex   -6.218004e+00 1.298192e+01 3.000000e+00
      vertex   -5.903969e+00 1.107471e+01 3.000000e+00
      vertex   -5.855638e+00 1.296423e+01 3.000000e+00
    endloop
  endfacet
  facet normal 0.000000e+00 0.000000e+00 1.000000e+00
    outer loop
      vertex   -5.855638e+00 1.296423e+01 3.000000e+00
      vertex   -5.903969e+00 1.107471e+01 3.000000e+00
      vertex   -5.634508e+00 1.104076e+01 3.000000e+00
    endloop
  endfacet
  facet normal -0.000000e+00 0.000000e+00 1.000000e+00
    outer loop
      vertex   -5.855638e+00 1.296423e+01 3.000000e+00
      vertex   -5.634508e+00 1.104076e+01 3.000000e+00
      vertex   -5.554797e+00 1.297519e+01 3.000000e+00
    endloop
  endfacet
  facet normal 0.000000e+00 0.000000e+00 1.000000e+00
    outer loop
      vertex   -5.554797e+00 1.297519e+01 3.000000e+00
      vertex   -5.634508e+00 1.104076e+01 3.000000e+00
      vertex   -5.279981e+00 1.134281e+01 3.000000e+00
    endloop
  endfacet
  facet normal -0.000000e+00 0.000000e+00 1.000000e+00
    outer loop
      vertex   -5.554797e+00 1.297519e+01 3.000000e+00
      vertex   -5.279981e+00 1.134281e+01 3.000000e+00
      vertex   -5.264778e+00 1.302086e+01 3.000000e+00
    endloop
  endfacet
  facet normal 0.000000e+00 0.000000e+00 1.000000e+00
    outer loop
      vertex   -5.264778e+00 1.302086e+01 3.000000e+00
      vertex   -5.279981e+00 1.134281e+01 3.000000e+00
      vertex   -5.225593e+00 1.164980e+01 3.000000e+00
    endloop
  endfacet
  facet normal -6.850066e-15 -1.957738e-16 1.000000e+00
    outer loop
      vertex   -5.264778e+00 1.302086e+01 3.000000e+00
      vertex   -5.225593e+00 1.164980e+01 3.000000e+00
      vertex   -5.072087e+00 1.308379e+01 3.000000e+00
    endloop
  endfacet
  facet normal -2.933385e-16 -8.976617e-16 1.000000e+00
    outer loop
      vertex   -5.072087e+00 1.308379e+01 3.000000e+00
      vertex   -5.225593e+00 1.164980e+01 3.000000e+00
      vertex   -4.962826e+00 1.156393e+01 3.000000e+00
    endloop
  endfacet
  facet normal 7.613910e-15 -3.292198e-16 1.000000e+00
    outer loop
      vertex   -5.072087e+00 1.308379e+01 3.000000e+00
      vertex   -4.962826e+00 1.156393e+01 3.000000e+00
      vertex   -4.893110e+00 1.317626e+01 3.000000e+00
    endloop
  endfacet
  facet normal 0.000000e+00 0.000000e+00 1.000000e+00
    outer loop
      vertex   -4.893110e+00 1.317626e+01 3.000000e+00
      vertex   -4.962826e+00 1.156393e+01 3.000000e+00
      vertex   -4.852315e+00 1.148913e+01 3.000000e+00
    endloop
  endfacet
  facet normal -9.821564e-15 -2.374891e-16 1.000000e+00
    outer loop
      vertex   -4.893110e+00 1.317626e+01 3.000000e+00
      vertex   -4.852315e+00 1.148913e+01 3.000000e+00
      vertex   -4.760133e+00 1.328666e+01 3.000000e+00
    endloop
  endfacet
  facet normal -6.385715e-16 -7.084172e-16 1.000000e+00
    outer loop
      vertex   -4.760133e+00 1.328666e+01 3.000000e+00
      vertex   -4.852315e+00 1.148913e+01 3.000000e+00
      vertex   -4.747099e+00 1.139429e+01 3.000000e+00
    endloop
  endfacet
  facet normal 1.410401e-14 -6.068781e-16 1.000000e+00
    outer loop
      vertex   -4.760133e+00 1.328666e+01 3.000000e+00
      vertex   -4.747099e+00 1.139429e+01 3.000000e+00
      vertex   -4.659630e+00 1.342708e+01 3.000000e+00
    endloop
  endfacet
  facet normal 0.000000e+00 0.000000e+00 1.000000e+00
    outer loop
      vertex   -4.659630e+00 1.342708e+01 3.000000e+00
      vertex   -4.747099e+00 1.139429e+01 3.000000e+00
      vertex   -4.672134e+00 1.127982e+01 3.000000e+00
    endloop
  endfacet
  facet normal 0.000000e+00 0.000000e+00 1.000000e+00
    outer loop
      vertex   -4.659630e+00 1.342708e+01 3.000000e+00
      vertex   -4.672134e+00 1.127982e+01 3.000000e+00
      vertex   -4.616864e+00 1.116234e+01 3.000000e+00
    endloop
  endfacet
  facet normal 0.000000e+00 0.000000e+00 1.000000e+00
    outer loop
      vertex   -6.084634e+00 1.044659e+01 3.000000e+00
      vertex   -6.006803e+00 1.050677e+01 3.000000e+00
      vertex   -5.903969e+00 1.107471e+01 3.000000e+00
    endloop
  endfacet
  facet normal 0.000000e+00 0.000000e+00 1.000000e+00
    outer loop
      vertex   -5.903969e+00 1.107471e+01 3.000000e+00
      vertex   -6.006803e+00 1.050677e+01 3.000000e+00
      vertex   -5.946918e+00 1.058551e+01 3.000000e+00
    endloop
  endfacet
  facet normal 0.000000e+00 0.000000e+00 1.000000e+00
    outer loop
      vertex   -5.903969e+00 1.107471e+01 3.000000e+00
      vertex   -5.946918e+00 1.058551e+01 3.000000e+00
      vertex   -5.902231e+00 1.066806e+01 3.000000e+00
    endloop
  endfacet
  facet normal 0.000000e+00 -0.000000e+00 1.000000e+00
    outer loop
      vertex   -5.902231e+00 1.066806e+01 3.000000e+00
      vertex   -5.879370e+00 1.076049e+01 3.000000e+00
      vertex   -5.903969e+00 1.107471e+01 3.000000e+00
    endloop
  endfacet
  facet normal 0.000000e+00 0.000000e+00 1.000000e+00
    outer loop
      vertex   -5.903969e+00 1.107471e+01 3.000000e+00
      vertex   -5.879370e+00 1.076049e+01 3.000000e+00
      vertex   -5.869734e+00 1.085815e+01 3.000000e+00
    endloop
  endfacet
  facet normal -0.000000e+00 0.000000e+00 1.000000e+00
    outer loop
      vertex   -5.637889e+00 1.099130e+01 3.000000e+00
      vertex   -5.612820e+00 1.080714e+01 3.000000e+00
      vertex   -5.634508e+00 1.104076e+01 3.000000e+00
    endloop
  endfacet
  facet normal 0.000000e+00 0.000000e+00 1.000000e+00
    outer loop
      vertex   -5.634508e+00 1.104076e+01 3.000000e+00
      vertex   -5.612820e+00 1.080714e+01 3.000000e+00
      vertex   -5.535360e+00 1.063836e+01 3.000000e+00
    endloop
  endfacet
  facet normal -0.000000e+00 0.000000e+00 1.000000e+00
    outer loop
      vertex   -5.634508e+00 1.104076e+01 3.000000e+00
      vertex   -5.535360e+00 1.063836e+01 3.000000e+00
      vertex   -5.279981e+00 1.134281e+01 3.000000e+00
    endloop
  endfacet
  facet normal 0.000000e+00 0.000000e+00 1.000000e+00
    outer loop
      vertex   -5.279981e+00 1.134281e+01 3.000000e+00
      vertex   -5.535360e+00 1.063836e+01 3.000000e+00
      vertex   -5.469638e+00 1.056791e+01 3.000000e+00
    endloop
  endfacet
  facet normal 0.000000e+00 0.000000e+00 1.000000e+00
    outer loop
      vertex   -5.279981e+00 1.134281e+01 3.000000e+00
      vertex   -5.469638e+00 1.056791e+01 3.000000e+00
      vertex   -5.434846e+00 1.053906e+01 3.000000e+00
    endloop
  endfacet
  facet normal -0.000000e+00 0.000000e+00 1.000000e+00
    outer loop
      vertex   -5.434846e+00 1.053906e+01 3.000000e+00
      vertex   -5.396464e+00 1.051642e+01 3.000000e+00
      vertex   -5.279981e+00 1.134281e+01 3.000000e+00
    endloop
  endfacet
  facet normal 0.000000e+00 0.000000e+00 1.000000e+00
    outer loop
      vertex   -5.279981e+00 1.134281e+01 3.000000e+00
      vertex   -5.396464e+00 1.051642e+01 3.000000e+00
      vertex   -5.354415e+00 1.050106e+01 3.000000e+00
    endloop
  endfacet
  facet normal 0.000000e+00 0.000000e+00 1.000000e+00
    outer loop
      vertex   -5.279981e+00 1.134281e+01 3.000000e+00
      vertex   -5.354415e+00 1.050106e+01 3.000000e+00
      vertex   -5.310643e+00 1.049158e+01 3.000000e+00
    endloop
  endfacet
  facet normal -0.000000e+00 0.000000e+00 1.000000e+00
    outer loop
      vertex   -5.310643e+00 1.049158e+01 3.000000e+00
      vertex   -5.219783e+00 1.048166e+01 3.000000e+00
      vertex   -5.279981e+00 1.134281e+01 3.000000e+00
    endloop
  endfacet
  facet normal 0.000000e+00 0.000000e+00 1.000000e+00
    outer loop
      vertex   -5.279981e+00 1.134281e+01 3.000000e+00
      vertex   -5.219783e+00 1.048166e+01 3.000000e+00
      vertex   -5.096682e+00 1.129388e+01 3.000000e+00
    endloop
  endfacet
  facet normal 0.000000e+00 0.000000e+00 1.000000e+00
    outer loop
      vertex   -5.096682e+00 1.129388e+01 3.000000e+00
      vertex   -5.219783e+00 1.048166e+01 3.000000e+00
      vertex   -5.141513e+00 1.049007e+01 3.000000e+00
    endloop
  endfacet
  facet normal 0.000000e+00 0.000000e+00 1.000000e+00
    outer loop
      vertex   -5.096682e+00 1.129388e+01 3.000000e+00
      vertex   -5.141513e+00 1.049007e+01 3.000000e+00
      vertex   -5.067747e+00 1.050938e+01 3.000000e+00
    endloop
  endfacet
  facet normal 0.000000e+00 0.000000e+00 1.000000e+00
    outer loop
      vertex   -5.096682e+00 1.129388e+01 3.000000e+00
      vertex   -5.067747e+00 1.050938e+01 3.000000e+00
      vertex   -5.018659e+00 1.124894e+01 3.000000e+00
    endloop
  endfacet
  facet normal 0.000000e+00 0.000000e+00 1.000000e+00
    outer loop
      vertex   -5.018659e+00 1.124894e+01 3.000000e+00
      vertex   -5.067747e+00 1.050938e+01 3.000000e+00
      vertex   -5.002094e+00 1.054673e+01 3.000000e+00
    endloop
  endfacet
  facet normal 0.000000e+00 0.000000e+00 1.000000e+00
    outer loop
      vertex   -5.018659e+00 1.124894e+01 3.000000e+00
      vertex   -5.002094e+00 1.054673e+01 3.000000e+00
      vertex   -4.942236e+00 1.118953e+01 3.000000e+00
    endloop
  endfacet
  facet normal 0.000000e+00 0.000000e+00 1.000000e+00
    outer loop
      vertex   -4.942236e+00 1.118953e+01 3.000000e+00
      vertex   -5.002094e+00 1.054673e+01 3.000000e+00
      vertex   -4.940178e+00 1.059608e+01 3.000000e+00
    endloop
  endfacet
  facet normal 0.000000e+00 0.000000e+00 1.000000e+00
    outer loop
      vertex   -4.942236e+00 1.118953e+01 3.000000e+00
      vertex   -4.940178e+00 1.059608e+01 3.000000e+00
      vertex   -4.893122e+00 1.112212e+01 3.000000e+00
    endloop
  endfacet
  facet normal 0.000000e+00 0.000000e+00 1.000000e+00
    outer loop
      vertex   -4.893122e+00 1.112212e+01 3.000000e+00
      vertex   -4.940178e+00 1.059608e+01 3.000000e+00
      vertex   -4.891215e+00 1.066280e+01 3.000000e+00
    endloop
  endfacet
  facet normal 0.000000e+00 0.000000e+00 1.000000e+00
    outer loop
      vertex   -4.893122e+00 1.112212e+01 3.000000e+00
      vertex   -4.891215e+00 1.066280e+01 3.000000e+00
      vertex   -4.856395e+00 1.105175e+01 3.000000e+00
    endloop
  endfacet
  facet normal 0.000000e+00 0.000000e+00 1.000000e+00
    outer loop
      vertex   -4.856395e+00 1.105175e+01 3.000000e+00
      vertex   -4.891215e+00 1.066280e+01 3.000000e+00
      vertex   -4.855203e+00 1.073207e+01 3.000000e+00
    endloop
  endfacet
  facet normal 0.000000e+00 0.000000e+00 1.000000e+00
    outer loop
      vertex   -4.856395e+00 1.105175e+01 3.000000e+00
      vertex   -4.855203e+00 1.073207e+01 3.000000e+00
      vertex   -4.837539e+00 1.097353e+01 3.000000e+00
    endloop
  endfacet
  facet normal 0.000000e+00 0.000000e+00 1.000000e+00
    outer loop
      vertex   -4.837539e+00 1.097353e+01 3.000000e+00
      vertex   -4.855203e+00 1.073207e+01 3.000000e+00
      vertex   -4.836955e+00 1.080955e+01 3.000000e+00
    endloop
  endfacet
  facet normal 0.000000e+00 0.000000e+00 1.000000e+00
    outer loop
      vertex   -4.837539e+00 1.097353e+01 3.000000e+00
      vertex   -4.836955e+00 1.080955e+01 3.000000e+00
      vertex   -4.829508e+00 1.089117e+01 3.000000e+00
    endloop
  endfacet
  facet normal -0.000000e+00 0.000000e+00 1.000000e+00
    outer loop
      vertex   -4.659630e+00 1.342708e+01 3.000000e+00
      vertex   -4.616864e+00 1.116234e+01 3.000000e+00
      vertex   -4.597366e+00 1.359820e+01 3.000000e+00
    endloop
  endfacet
  facet normal 0.000000e+00 0.000000e+00 1.000000e+00
    outer loop
      vertex   -4.597366e+00 1.359820e+01 3.000000e+00
      vertex   -4.616864e+00 1.116234e+01 3.000000e+00
      vertex   -4.577124e+00 1.089814e+01 3.000000e+00
    endloop
  endfacet
  facet normal -0.000000e+00 0.000000e+00 1.000000e+00
    outer loop
      vertex   -4.597366e+00 1.359820e+01 3.000000e+00
      vertex   -4.577124e+00 1.089814e+01 3.000000e+00
      vertex   -4.578838e+00 1.378013e+01 3.000000e+00
    endloop
  endfacet
  facet normal 0.000000e+00 -0.000000e+00 1.000000e+00
    outer loop
      vertex   -7.118332e+00 1.103450e+01 3.000000e+00
      vertex   -7.088089e+00 1.212960e+01 3.000000e+00
      vertex   -7.131687e+00 1.088469e+01 3.000000e+00
    endloop
  endfacet
  facet normal 0.000000e+00 0.000000e+00 1.000000e+00
    outer loop
      vertex   -7.131687e+00 1.088469e+01 3.000000e+00
      vertex   -7.088089e+00 1.212960e+01 3.000000e+00
      vertex   -7.088297e+00 1.247919e+01 3.000000e+00
    endloop
  endfacet
  facet normal 0.000000e+00 -0.000000e+00 1.000000e+00
    outer loop
      vertex   -7.131687e+00 1.088469e+01 3.000000e+00
      vertex   -7.088297e+00 1.247919e+01 3.000000e+00
      vertex   -7.131702e+00 1.377861e+01 3.000000e+00
    endloop
  endfacet
  facet normal 0.000000e+00 0.000000e+00 1.000000e+00
    outer loop
      vertex   -7.131702e+00 1.377861e+01 3.000000e+00
      vertex   -7.088297e+00 1.247919e+01 3.000000e+00
      vertex   -7.097918e+00 1.353755e+01 3.000000e+00
    endloop
  endfacet
  facet normal 0.000000e+00 0.000000e+00 1.000000e+00
    outer loop
      vertex   -7.097918e+00 1.353755e+01 3.000000e+00
      vertex   -7.088297e+00 1.247919e+01 3.000000e+00
      vertex   -7.049943e+00 1.343004e+01 3.000000e+00
    endloop
  endfacet
  facet normal 0.000000e+00 0.000000e+00 1.000000e+00
    outer loop
      vertex   -7.049943e+00 1.343004e+01 3.000000e+00
      vertex   -7.088297e+00 1.247919e+01 3.000000e+00
      vertex   -6.983922e+00 1.332423e+01 3.000000e+00
    endloop
  endfacet
  facet normal 0.000000e+00 0.000000e+00 1.000000e+00
    outer loop
      vertex   -6.983922e+00 1.332423e+01 3.000000e+00
      vertex   -7.088297e+00 1.247919e+01 3.000000e+00
      vertex   -6.794989e+00 1.315987e+01 3.000000e+00
    endloop
  endfacet
  facet normal 0.000000e+00 0.000000e+00 1.000000e+00
    outer loop
      vertex   -6.794989e+00 1.315987e+01 3.000000e+00
      vertex   -7.088297e+00 1.247919e+01 3.000000e+00
      vertex   -6.738706e+00 1.247939e+01 3.000000e+00
    endloop
  endfacet
  facet normal 0.000000e+00 0.000000e+00 1.000000e+00
    outer loop
      vertex   -6.794989e+00 1.315987e+01 3.000000e+00
      vertex   -6.738706e+00 1.247939e+01 3.000000e+00
      vertex   -6.565957e+00 1.305419e+01 3.000000e+00
    endloop
  endfacet
  facet normal 0.000000e+00 0.000000e+00 1.000000e+00
    outer loop
      vertex   -7.118332e+00 1.103450e+01 3.000000e+00
      vertex   -7.085935e+00 1.117736e+01 3.000000e+00
      vertex   -7.088089e+00 1.212960e+01 3.000000e+00
    endloop
  endfacet
  facet normal 0.000000e+00 0.000000e+00 1.000000e+00
    outer loop
      vertex   -7.088089e+00 1.212960e+01 3.000000e+00
      vertex   -7.085935e+00 1.117736e+01 3.000000e+00
      vertex   -7.022191e+00 1.130642e+01 3.000000e+00
    endloop
  endfacet
  facet normal 1.511710e-14 1.000000e+00 7.545922e-14
    outer loop
      vertex   -3.228058e+00 -1.591438e+01 2.965302e+00
      vertex   -2.711458e+00 -1.591438e+01 2.861809e+00
      vertex   -3.753779e+00 -1.591438e+01 3.000000e+00
    endloop
  endfacet
  facet normal 8.349483e-15 1.000000e+00 2.441378e-14
    outer loop
      vertex   -3.753779e+00 -1.591438e+01 3.000000e+00
      vertex   -2.711458e+00 -1.591438e+01 2.861809e+00
      vertex   -2.212942e+00 -1.591438e+01 2.691317e+00
    endloop
  endfacet
  facet normal 5.793135e-15 1.000000e+00 1.165340e-14
    outer loop
      vertex   -3.753779e+00 -1.591438e+01 3.000000e+00
      vertex   -2.212942e+00 -1.591438e+01 2.691317e+00
      vertex   -1.741157e+00 -1.591438e+01 2.456783e+00
    endloop
  endfacet
  facet normal 9.845770e-15 1.000000e+00 2.666845e-14
    outer loop
      vertex   -1.741157e+00 -1.591438e+01 2.456783e+00
      vertex   -1.304290e+00 -1.591438e+01 2.162278e+00
      vertex   -3.753779e+00 -1.591438e+01 3.000000e+00
    endloop
  endfacet
  facet normal 2.971368e-16 1.000000e+00 -1.251636e-15
    outer loop
      vertex   -3.753779e+00 -1.591438e+01 3.000000e+00
      vertex   -1.304290e+00 -1.591438e+01 2.162278e+00
      vertex   -1.041250e+01 -1.591438e+01 0.000000e+00
    endloop
  endfacet
  facet normal -1.067086e-15 1.000000e+00 1.776357e-15
    outer loop
      vertex   -3.753779e+00 -1.591438e+01 3.000000e+00
      vertex   -1.041250e+01 -1.591438e+01 0.000000e+00
      vertex   -1.041250e+01 -1.591438e+01 3.000000e+00
    endloop
  endfacet
  facet normal 0.000000e+00 1.000000e+00 0.000000e+00
    outer loop
      vertex   -1.304290e+00 -1.591438e+01 2.162278e+00
      vertex   -9.099191e-01 -1.591438e+01 1.812909e+00
      vertex   -1.041250e+01 -1.591438e+01 0.000000e+00
    endloop
  endfacet
  facet normal 0.000000e+00 1.000000e+00 0.000000e+00
    outer loop
      vertex   -1.041250e+01 -1.591438e+01 0.000000e+00
      vertex   -9.099191e-01 -1.591438e+01 1.812909e+00
      vertex   -5.648870e-01 -1.591438e+01 1.414739e+00
    endloop
  endfacet
  facet normal 0.000000e+00 1.000000e+00 0.000000e+00
    outer loop
      vertex   -1.041250e+01 -1.591438e+01 0.000000e+00
      vertex   -5.648870e-01 -1.591438e+01 1.414739e+00
      vertex   -2.751796e-01 -1.591438e+01 9.746753e-01
    endloop
  endfacet
  facet normal 0.000000e+00 1.000000e+00 0.000000e+00
    outer loop
      vertex   -2.751796e-01 -1.591438e+01 9.746753e-01
      vertex   -4.582288e-02 -1.591438e+01 5.003526e-01
      vertex   -1.041250e+01 -1.591438e+01 0.000000e+00
    endloop
  endfacet
  facet normal -1.686676e-16 1.000000e+00 3.494580e-15
    outer loop
      vertex   -1.041250e+01 -1.591438e+01 0.000000e+00
      vertex   -4.582288e-02 -1.591438e+01 5.003526e-01
      vertex   1.192039e-01 -1.591438e+01 0.000000e+00
    endloop
  endfacet
  facet normal 9.941380e-01 1.081190e-01 0.000000e+00
    outer loop
      vertex   -9.923924e+00 -2.016908e+01 3.000000e+00
      vertex   -9.923924e+00 -2.016908e+01 0.000000e+00
      vertex   -9.962500e+00 -1.981438e+01 3.000000e+00
    endloop
  endfacet
  facet normal 9.941380e-01 1.081190e-01 -1.280386e-16
    outer loop
      vertex   -9.962500e+00 -1.981438e+01 3.000000e+00
      vertex   -9.923924e+00 -2.016908e+01 0.000000e+00
      vertex   -9.962500e+00 -1.981438e+01 0.000000e+00
    endloop
  endfacet
  facet normal 9.941380e-01 -1.081190e-01 1.280386e-16
    outer loop
      vertex   -9.962500e+00 -1.981438e+01 3.000000e+00
      vertex   -9.962500e+00 -1.981438e+01 0.000000e+00
      vertex   -9.923924e+00 -1.945968e+01 3.000000e+00
    endloop
  endfacet
  facet normal 9.941380e-01 -1.081190e-01 0.000000e+00
    outer loop
      vertex   -9.923924e+00 -1.945968e+01 3.000000e+00
      vertex   -9.962500e+00 -1.981438e+01 0.000000e+00
      vertex   -9.923924e+00 -1.945968e+01 0.000000e+00
    endloop
  endfacet
  facet normal 9.476532e-01 -3.193015e-01 0.000000e+00
    outer loop
      vertex   -9.923924e+00 -1.945968e+01 3.000000e+00
      vertex   -9.923924e+00 -1.945968e+01 0.000000e+00
      vertex   -9.809999e+00 -1.912157e+01 3.000000e+00
    endloop
  endfacet
  facet normal 9.476532e-01 -3.193015e-01 0.000000e+00
    outer loop
      vertex   -9.809999e+00 -1.912157e+01 3.000000e+00
      vertex   -9.923924e+00 -1.945968e+01 0.000000e+00
      vertex   -9.809999e+00 -1.912157e+01 0.000000e+00
    endloop
  endfacet
  facet normal 8.568572e-01 -5.155539e-01 0.000000e+00
    outer loop
      vertex   -9.809999e+00 -1.912157e+01 3.000000e+00
      vertex   -9.809999e+00 -1.912157e+01 0.000000e+00
      vertex   -9.626054e+00 -1.881585e+01 3.000000e+00
    endloop
  endfacet
  facet normal 8.568572e-01 -5.155539e-01 0.000000e+00
    outer loop
      vertex   -9.626054e+00 -1.881585e+01 3.000000e+00
      vertex   -9.809999e+00 -1.912157e+01 0.000000e+00
      vertex   -9.626054e+00 -1.881585e+01 0.000000e+00
    endloop
  endfacet
  facet normal 7.259955e-01 -6.876995e-01 0.000000e+00
    outer loop
      vertex   -9.626054e+00 -1.881585e+01 3.000000e+00
      vertex   -9.626054e+00 -1.881585e+01 0.000000e+00
      vertex   -9.380687e+00 -1.855682e+01 3.000000e+00
    endloop
  endfacet
  facet normal 7.259955e-01 -6.876995e-01 0.000000e+00
    outer loop
      vertex   -9.380687e+00 -1.855682e+01 3.000000e+00
      vertex   -9.626054e+00 -1.881585e+01 0.000000e+00
      vertex   -9.380687e+00 -1.855682e+01 0.000000e+00
    endloop
  endfacet
  facet normal 5.611871e-01 -8.276890e-01 0.000000e+00
    outer loop
      vertex   -9.380687e+00 -1.855682e+01 3.000000e+00
      vertex   -9.380687e+00 -1.855682e+01 0.000000e+00
      vertex   -9.085374e+00 -1.835659e+01 3.000000e+00
    endloop
  endfacet
  facet normal 5.611871e-01 -8.276890e-01 0.000000e+00
    outer loop
      vertex   -9.085374e+00 -1.835659e+01 3.000000e+00
      vertex   -9.380687e+00 -1.855682e+01 0.000000e+00
      vertex   -9.085374e+00 -1.835659e+01 0.000000e+00
    endloop
  endfacet
  facet normal 3.701382e-01 -9.289767e-01 0.000000e+00
    outer loop
      vertex   -9.085374e+00 -1.835659e+01 3.000000e+00
      vertex   -9.085374e+00 -1.835659e+01 0.000000e+00
      vertex   -8.753922e+00 -1.822453e+01 3.000000e+00
    endloop
  endfacet
  facet normal 3.701382e-01 -9.289767e-01 0.000000e+00
    outer loop
      vertex   -8.753922e+00 -1.822453e+01 3.000000e+00
      vertex   -9.085374e+00 -1.835659e+01 0.000000e+00
      vertex   -8.753922e+00 -1.822453e+01 0.000000e+00
    endloop
  endfacet
  facet normal 1.617820e-01 -9.868265e-01 0.000000e+00
    outer loop
      vertex   -8.753922e+00 -1.822453e+01 3.000000e+00
      vertex   -8.753922e+00 -1.822453e+01 0.000000e+00
      vertex   -8.401829e+00 -1.816680e+01 3.000000e+00
    endloop
  endfacet
  facet normal 1.617820e-01 -9.868265e-01 0.000000e+00
    outer loop
      vertex   -8.401829e+00 -1.816680e+01 3.000000e+00
      vertex   -8.753922e+00 -1.822453e+01 0.000000e+00
      vertex   -8.401829e+00 -1.816680e+01 0.000000e+00
    endloop
  endfacet
  facet normal -5.413891e-02 -9.985334e-01 -0.000000e+00
    outer loop
      vertex   -8.401829e+00 -1.816680e+01 3.000000e+00
      vertex   -8.401829e+00 -1.816680e+01 0.000000e+00
      vertex   -8.045560e+00 -1.818612e+01 3.000000e+00
    endloop
  endfacet
  facet normal -5.413891e-02 -9.985334e-01 -0.000000e+00
    outer loop
      vertex   -8.045560e+00 -1.818612e+01 3.000000e+00
      vertex   -8.401829e+00 -1.816680e+01 0.000000e+00
      vertex   -8.045560e+00 -1.818612e+01 0.000000e+00
    endloop
  endfacet
  facet normal -2.675283e-01 -9.635500e-01 -0.000000e+00
    outer loop
      vertex   -8.045560e+00 -1.818612e+01 3.000000e+00
      vertex   -8.045560e+00 -1.818612e+01 0.000000e+00
      vertex   -7.701772e+00 -1.828157e+01 3.000000e+00
    endloop
  endfacet
  facet normal -2.675283e-01 -9.635500e-01 -0.000000e+00
    outer loop
      vertex   -7.701772e+00 -1.828157e+01 3.000000e+00
      vertex   -8.045560e+00 -1.818612e+01 0.000000e+00
      vertex   -7.701772e+00 -1.828157e+01 0.000000e+00
    endloop
  endfacet
  facet normal -4.684084e-01 -8.835120e-01 -0.000000e+00
    outer loop
      vertex   -7.701772e+00 -1.828157e+01 3.000000e+00
      vertex   -7.701772e+00 -1.828157e+01 0.000000e+00
      vertex   -7.386541e+00 -1.844870e+01 3.000000e+00
    endloop
  endfacet
  facet normal -4.684084e-01 -8.835120e-01 -0.000000e+00
    outer loop
      vertex   -7.386541e+00 -1.844870e+01 3.000000e+00
      vertex   -7.701772e+00 -1.828157e+01 0.000000e+00
      vertex   -7.386541e+00 -1.844870e+01 0.000000e+00
    endloop
  endfacet
  facet normal -6.473863e-01 -7.621621e-01 -0.000000e+00
    outer loop
      vertex   -7.386541e+00 -1.844870e+01 3.000000e+00
      vertex   -7.386541e+00 -1.844870e+01 0.000000e+00
      vertex   -7.114607e+00 -1.867968e+01 3.000000e+00
    endloop
  endfacet
  facet normal -6.473863e-01 -7.621621e-01 -0.000000e+00
    outer loop
      vertex   -7.114607e+00 -1.867968e+01 3.000000e+00
      vertex   -7.386541e+00 -1.844870e+01 0.000000e+00
      vertex   -7.114607e+00 -1.867968e+01 0.000000e+00
    endloop
  endfacet
  facet normal -7.960931e-01 -6.051742e-01 -0.000000e+00
    outer loop
      vertex   -7.114607e+00 -1.867968e+01 3.000000e+00
      vertex   -7.114607e+00 -1.867968e+01 0.000000e+00
      vertex   -6.898686e+00 -1.896372e+01 3.000000e+00
    endloop
  endfacet
  facet normal -7.960931e-01 -6.051742e-01 -0.000000e+00
    outer loop
      vertex   -6.898686e+00 -1.896372e+01 3.000000e+00
      vertex   -7.114607e+00 -1.867968e+01 0.000000e+00
      vertex   -6.898686e+00 -1.896372e+01 0.000000e+00
    endloop
  endfacet
  facet normal -9.075754e-01 -4.198891e-01 -0.000000e+00
    outer loop
      vertex   -6.898686e+00 -1.896372e+01 3.000000e+00
      vertex   -6.898686e+00 -1.896372e+01 0.000000e+00
      vertex   -6.748872e+00 -1.928754e+01 3.000000e+00
    endloop
  endfacet
  facet normal -9.075754e-01 -4.198891e-01 -0.000000e+00
    outer loop
      vertex   -6.748872e+00 -1.928754e+01 3.000000e+00
      vertex   -6.898686e+00 -1.896372e+01 0.000000e+00
      vertex   -6.748872e+00 -1.928754e+01 0.000000e+00
    endloop
  endfacet
  facet normal -9.766206e-01 -2.149704e-01 -0.000000e+00
    outer loop
      vertex   -6.748872e+00 -1.928754e+01 3.000000e+00
      vertex   -6.748872e+00 -1.928754e+01 0.000000e+00
      vertex   -6.672172e+00 -1.963599e+01 3.000000e+00
    endloop
  endfacet
  facet normal -9.766206e-01 -2.149704e-01 -0.000000e+00
    outer loop
      vertex   -6.672172e+00 -1.963599e+01 3.000000e+00
      vertex   -6.748872e+00 -1.928754e+01 0.000000e+00
      vertex   -6.672172e+00 -1.963599e+01 0.000000e+00
    endloop
  endfacet
  facet normal -1.000000e+00 -0.000000e+00 -0.000000e+00
    outer loop
      vertex   -6.672172e+00 -1.963599e+01 3.000000e+00
      vertex   -6.672172e+00 -1.963599e+01 0.000000e+00
      vertex   -6.672172e+00 -1.999278e+01 3.000000e+00
    endloop
  endfacet
  facet normal -1.000000e+00 0.000000e+00 0.000000e+00
    outer loop
      vertex   -6.672172e+00 -1.999278e+01 3.000000e+00
      vertex   -6.672172e+00 -1.963599e+01 0.000000e+00
      vertex   -6.672172e+00 -1.999278e+01 0.000000e+00
    endloop
  endfacet
  facet normal -9.766206e-01 2.149704e-01 0.000000e+00
    outer loop
      vertex   -6.672172e+00 -1.999278e+01 3.000000e+00
      vertex   -6.672172e+00 -1.999278e+01 0.000000e+00
      vertex   -6.748872e+00 -2.034123e+01 3.000000e+00
    endloop
  endfacet
  facet normal -9.766206e-01 2.149704e-01 0.000000e+00
    outer loop
      vertex   -6.748872e+00 -2.034123e+01 3.000000e+00
      vertex   -6.672172e+00 -1.999278e+01 0.000000e+00
      vertex   -6.748872e+00 -2.034123e+01 0.000000e+00
    endloop
  endfacet
  facet normal -9.075754e-01 4.198891e-01 0.000000e+00
    outer loop
      vertex   -6.748872e+00 -2.034123e+01 3.000000e+00
      vertex   -6.748872e+00 -2.034123e+01 0.000000e+00
      vertex   -6.898686e+00 -2.066505e+01 3.000000e+00
    endloop
  endfacet
  facet normal -9.075754e-01 4.198891e-01 0.000000e+00
    outer loop
      vertex   -6.898686e+00 -2.066505e+01 3.000000e+00
      vertex   -6.748872e+00 -2.034123e+01 0.000000e+00
      vertex   -6.898686e+00 -2.066505e+01 0.000000e+00
    endloop
  endfacet
  facet normal -7.960931e-01 6.051742e-01 0.000000e+00
    outer loop
      vertex   -6.898686e+00 -2.066505e+01 3.000000e+00
      vertex   -6.898686e+00 -2.066505e+01 0.000000e+00
      vertex   -7.114607e+00 -2.094909e+01 3.000000e+00
    endloop
  endfacet
  facet normal -7.960931e-01 6.051742e-01 0.000000e+00
    outer loop
      vertex   -7.114607e+00 -2.094909e+01 3.000000e+00
      vertex   -6.898686e+00 -2.066505e+01 0.000000e+00
      vertex   -7.114607e+00 -2.094909e+01 0.000000e+00
    endloop
  endfacet
  facet normal -6.473863e-01 7.621621e-01 0.000000e+00
    outer loop
      vertex   -7.114607e+00 -2.094909e+01 3.000000e+00
      vertex   -7.114607e+00 -2.094909e+01 0.000000e+00
      vertex   -7.386541e+00 -2.118007e+01 3.000000e+00
    endloop
  endfacet
  facet normal -6.473863e-01 7.621621e-01 0.000000e+00
    outer loop
      vertex   -7.386541e+00 -2.118007e+01 3.000000e+00
      vertex   -7.114607e+00 -2.094909e+01 0.000000e+00
      vertex   -7.386541e+00 -2.118007e+01 0.000000e+00
    endloop
  endfacet
  facet normal -4.684084e-01 8.835120e-01 0.000000e+00
    outer loop
      vertex   -7.386541e+00 -2.118007e+01 3.000000e+00
      vertex   -7.386541e+00 -2.118007e+01 0.000000e+00
      vertex   -7.701772e+00 -2.134719e+01 3.000000e+00
    endloop
  endfacet
  facet normal -4.684084e-01 8.835120e-01 0.000000e+00
    outer loop
      vertex   -7.701772e+00 -2.134719e+01 3.000000e+00
      vertex   -7.386541e+00 -2.118007e+01 0.000000e+00
      vertex   -7.701772e+00 -2.134719e+01 0.000000e+00
    endloop
  endfacet
  facet normal -2.675283e-01 9.635500e-01 0.000000e+00
    outer loop
      vertex   -7.701772e+00 -2.134719e+01 3.000000e+00
      vertex   -7.701772e+00 -2.134719e+01 0.000000e+00
      vertex   -8.045560e+00 -2.144265e+01 3.000000e+00
    endloop
  endfacet
  facet normal -2.675283e-01 9.635500e-01 0.000000e+00
    outer loop
      vertex   -8.045560e+00 -2.144265e+01 3.000000e+00
      vertex   -7.701772e+00 -2.134719e+01 0.000000e+00
      vertex   -8.045560e+00 -2.144265e+01 0.000000e+00
    endloop
  endfacet
  facet normal -5.413891e-02 9.985334e-01 0.000000e+00
    outer loop
      vertex   -8.045560e+00 -2.144265e+01 3.000000e+00
      vertex   -8.045560e+00 -2.144265e+01 0.000000e+00
      vertex   -8.401829e+00 -2.146196e+01 3.000000e+00
    endloop
  endfacet
  facet normal -5.413891e-02 9.985334e-01 0.000000e+00
    outer loop
      vertex   -8.401829e+00 -2.146196e+01 3.000000e+00
      vertex   -8.045560e+00 -2.144265e+01 0.000000e+00
      vertex   -8.401829e+00 -2.146196e+01 0.000000e+00
    endloop
  endfacet
  facet normal 1.617820e-01 9.868265e-01 0.000000e+00
    outer loop
      vertex   -8.401829e+00 -2.146196e+01 3.000000e+00
      vertex   -8.401829e+00 -2.146196e+01 0.000000e+00
      vertex   -8.753922e+00 -2.140424e+01 3.000000e+00
    endloop
  endfacet
  facet normal 1.617820e-01 9.868265e-01 0.000000e+00
    outer loop
      vertex   -8.753922e+00 -2.140424e+01 3.000000e+00
      vertex   -8.401829e+00 -2.146196e+01 0.000000e+00
      vertex   -8.753922e+00 -2.140424e+01 0.000000e+00
    endloop
  endfacet
  facet normal 3.701382e-01 9.289767e-01 0.000000e+00
    outer loop
      vertex   -8.753922e+00 -2.140424e+01 3.000000e+00
      vertex   -8.753922e+00 -2.140424e+01 0.000000e+00
      vertex   -9.085374e+00 -2.127218e+01 3.000000e+00
    endloop
  endfacet
  facet normal 3.701382e-01 9.289767e-01 0.000000e+00
    outer loop
      vertex   -9.085374e+00 -2.127218e+01 3.000000e+00
      vertex   -8.753922e+00 -2.140424e+01 0.000000e+00
      vertex   -9.085374e+00 -2.127218e+01 0.000000e+00
    endloop
  endfacet
  facet normal 5.611871e-01 8.276890e-01 0.000000e+00
    outer loop
      vertex   -9.085374e+00 -2.127218e+01 3.000000e+00
      vertex   -9.085374e+00 -2.127218e+01 0.000000e+00
      vertex   -9.380687e+00 -2.107195e+01 3.000000e+00
    endloop
  endfacet
  facet normal 5.611871e-01 8.276890e-01 0.000000e+00
    outer loop
      vertex   -9.380687e+00 -2.107195e+01 3.000000e+00
      vertex   -9.085374e+00 -2.127218e+01 0.000000e+00
      vertex   -9.380687e+00 -2.107195e+01 0.000000e+00
    endloop
  endfacet
  facet normal 7.259955e-01 6.876995e-01 0.000000e+00
    outer loop
      vertex   -9.380687e+00 -2.107195e+01 3.000000e+00
      vertex   -9.380687e+00 -2.107195e+01 0.000000e+00
      vertex   -9.626054e+00 -2.081292e+01 3.000000e+00
    endloop
  endfacet
  facet normal 7.259955e-01 6.876995e-01 0.000000e+00
    outer loop
      vertex   -9.626054e+00 -2.081292e+01 3.000000e+00
      vertex   -9.380687e+00 -2.107195e+01 0.000000e+00
      vertex   -9.626054e+00 -2.081292e+01 0.000000e+00
    endloop
  endfacet
  facet normal 8.568572e-01 5.155539e-01 0.000000e+00
    outer loop
      vertex   -9.626054e+00 -2.081292e+01 3.000000e+00
      vertex   -9.626054e+00 -2.081292e+01 0.000000e+00
      vertex   -9.809999e+00 -2.050720e+01 3.000000e+00
    endloop
  endfacet
  facet normal 8.568572e-01 5.155539e-01 0.000000e+00
    outer loop
      vertex   -9.809999e+00 -2.050720e+01 3.000000e+00
      vertex   -9.626054e+00 -2.081292e+01 0.000000e+00
      vertex   -9.809999e+00 -2.050720e+01 0.000000e+00
    endloop
  endfacet
  facet normal 9.476532e-01 3.193015e-01 0.000000e+00
    outer loop
      vertex   -9.809999e+00 -2.050720e+01 3.000000e+00
      vertex   -9.809999e+00 -2.050720e+01 0.000000e+00
      vertex   -9.923924e+00 -2.016908e+01 3.000000e+00
    endloop
  endfacet
  facet normal 9.476532e-01 3.193015e-01 0.000000e+00
    outer loop
      vertex   -9.923924e+00 -2.016908e+01 3.000000e+00
      vertex   -9.809999e+00 -2.050720e+01 0.000000e+00
      vertex   -9.923924e+00 -2.016908e+01 0.000000e+00
    endloop
  endfacet
  facet normal 9.941380e-01 1.081190e-01 0.000000e+00
    outer loop
      vertex   -9.923924e+00 2.830916e+00 3.000000e+00
      vertex   -9.923924e+00 2.830916e+00 0.000000e+00
      vertex   -9.962500e+00 3.185617e+00 3.000000e+00
    endloop
  endfacet
  facet normal 9.941380e-01 1.081190e-01 0.000000e+00
    outer loop
      vertex   -9.962500e+00 3.185617e+00 3.000000e+00
      vertex   -9.923924e+00 2.830916e+00 0.000000e+00
      vertex   -9.962500e+00 3.185617e+00 0.000000e+00
    endloop
  endfacet
  facet normal 9.941380e-01 -1.081190e-01 0.000000e+00
    outer loop
      vertex   -9.962500e+00 3.185617e+00 3.000000e+00
      vertex   -9.962500e+00 3.185617e+00 0.000000e+00
      vertex   -9.923924e+00 3.540318e+00 3.000000e+00
    endloop
  endfacet
  facet normal 9.941380e-01 -1.081190e-01 0.000000e+00
    outer loop
      vertex   -9.923924e+00 3.540318e+00 3.000000e+00
      vertex   -9.962500e+00 3.185617e+00 0.000000e+00
      vertex   -9.923924e+00 3.540318e+00 0.000000e+00
    endloop
  endfacet
  facet normal 9.476532e-01 -3.193015e-01 0.000000e+00
    outer loop
      vertex   -9.923924e+00 3.540318e+00 3.000000e+00
      vertex   -9.923924e+00 3.540318e+00 0.000000e+00
      vertex   -9.809999e+00 3.878434e+00 3.000000e+00
    endloop
  endfacet
  facet normal 9.476532e-01 -3.193015e-01 0.000000e+00
    outer loop
      vertex   -9.809999e+00 3.878434e+00 3.000000e+00
      vertex   -9.923924e+00 3.540318e+00 0.000000e+00
      vertex   -9.809999e+00 3.878434e+00 0.000000e+00
    endloop
  endfacet
  facet normal 8.568572e-01 -5.155539e-01 0.000000e+00
    outer loop
      vertex   -9.809999e+00 3.878434e+00 3.000000e+00
      vertex   -9.809999e+00 3.878434e+00 0.000000e+00
      vertex   -9.626054e+00 4.184155e+00 3.000000e+00
    endloop
  endfacet
  facet normal 8.568572e-01 -5.155539e-01 0.000000e+00
    outer loop
      vertex   -9.626054e+00 4.184155e+00 3.000000e+00
      vertex   -9.809999e+00 3.878434e+00 0.000000e+00
      vertex   -9.626054e+00 4.184155e+00 0.000000e+00
    endloop
  endfacet
  facet normal 7.259955e-01 -6.876995e-01 0.000000e+00
    outer loop
      vertex   -9.626054e+00 4.184155e+00 3.000000e+00
      vertex   -9.626054e+00 4.184155e+00 0.000000e+00
      vertex   -9.380687e+00 4.443184e+00 3.000000e+00
    endloop
  endfacet
  facet normal 7.259955e-01 -6.876995e-01 0.000000e+00
    outer loop
      vertex   -9.380687e+00 4.443184e+00 3.000000e+00
      vertex   -9.626054e+00 4.184155e+00 0.000000e+00
      vertex   -9.380687e+00 4.443184e+00 0.000000e+00
    endloop
  endfacet
  facet normal 5.611871e-01 -8.276890e-01 0.000000e+00
    outer loop
      vertex   -9.380687e+00 4.443184e+00 3.000000e+00
      vertex   -9.380687e+00 4.443184e+00 0.000000e+00
      vertex   -9.085374e+00 4.643412e+00 3.000000e+00
    endloop
  endfacet
  facet normal 5.611871e-01 -8.276890e-01 0.000000e+00
    outer loop
      vertex   -9.085374e+00 4.643412e+00 3.000000e+00
      vertex   -9.380687e+00 4.443184e+00 0.000000e+00
      vertex   -9.085374e+00 4.643412e+00 0.000000e+00
    endloop
  endfacet
  facet normal 3.701382e-01 -9.289767e-01 0.000000e+00
    outer loop
      vertex   -9.085374e+00 4.643412e+00 3.000000e+00
      vertex   -9.085374e+00 4.643412e+00 0.000000e+00
      vertex   -8.753922e+00 4.775475e+00 3.000000e+00
    endloop
  endfacet
  facet normal 3.701382e-01 -9.289767e-01 0.000000e+00
    outer loop
      vertex   -8.753922e+00 4.775475e+00 3.000000e+00
      vertex   -9.085374e+00 4.643412e+00 0.000000e+00
      vertex   -8.753922e+00 4.775475e+00 0.000000e+00
    endloop
  endfacet
  facet normal 1.617820e-01 -9.868265e-01 0.000000e+00
    outer loop
      vertex   -8.753922e+00 4.775475e+00 3.000000e+00
      vertex   -8.753922e+00 4.775475e+00 0.000000e+00
      vertex   -8.401829e+00 4.833197e+00 3.000000e+00
    endloop
  endfacet
  facet normal 1.617820e-01 -9.868265e-01 0.000000e+00
    outer loop
      vertex   -8.401829e+00 4.833197e+00 3.000000e+00
      vertex   -8.753922e+00 4.775475e+00 0.000000e+00
      vertex   -8.401829e+00 4.833197e+00 0.000000e+00
    endloop
  endfacet
  facet normal -5.413891e-02 -9.985334e-01 -0.000000e+00
    outer loop
      vertex   -8.401829e+00 4.833197e+00 3.000000e+00
      vertex   -8.401829e+00 4.833197e+00 0.000000e+00
      vertex   -8.045560e+00 4.813881e+00 3.000000e+00
    endloop
  endfacet
  facet normal -5.413891e-02 -9.985334e-01 -0.000000e+00
    outer loop
      vertex   -8.045560e+00 4.813881e+00 3.000000e+00
      vertex   -8.401829e+00 4.833197e+00 0.000000e+00
      vertex   -8.045560e+00 4.813881e+00 0.000000e+00
    endloop
  endfacet
  facet normal -2.675283e-01 -9.635500e-01 -0.000000e+00
    outer loop
      vertex   -8.045560e+00 4.813881e+00 3.000000e+00
      vertex   -8.045560e+00 4.813881e+00 0.000000e+00
      vertex   -7.701772e+00 4.718429e+00 3.000000e+00
    endloop
  endfacet
  facet normal -2.675283e-01 -9.635500e-01 -0.000000e+00
    outer loop
      vertex   -7.701772e+00 4.718429e+00 3.000000e+00
      vertex   -8.045560e+00 4.813881e+00 0.000000e+00
      vertex   -7.701772e+00 4.718429e+00 0.000000e+00
    endloop
  endfacet
  facet normal -4.684084e-01 -8.835120e-01 -0.000000e+00
    outer loop
      vertex   -7.701772e+00 4.718429e+00 3.000000e+00
      vertex   -7.701772e+00 4.718429e+00 0.000000e+00
      vertex   -7.386541e+00 4.551304e+00 3.000000e+00
    endloop
  endfacet
  facet normal -4.684084e-01 -8.835120e-01 -0.000000e+00
    outer loop
      vertex   -7.386541e+00 4.551304e+00 3.000000e+00
      vertex   -7.701772e+00 4.718429e+00 0.000000e+00
      vertex   -7.386541e+00 4.551304e+00 0.000000e+00
    endloop
  endfacet
  facet normal -6.473863e-01 -7.621621e-01 -0.000000e+00
    outer loop
      vertex   -7.386541e+00 4.551304e+00 3.000000e+00
      vertex   -7.386541e+00 4.551304e+00 0.000000e+00
      vertex   -7.114607e+00 4.320321e+00 3.000000e+00
    endloop
  endfacet
  facet normal -6.473863e-01 -7.621621e-01 -0.000000e+00
    outer loop
      vertex   -7.114607e+00 4.320321e+00 3.000000e+00
      vertex   -7.386541e+00 4.551304e+00 0.000000e+00
      vertex   -7.114607e+00 4.320321e+00 0.000000e+00
    endloop
  endfacet
  facet normal -7.960931e-01 -6.051742e-01 -0.000000e+00
    outer loop
      vertex   -7.114607e+00 4.320321e+00 3.000000e+00
      vertex   -7.114607e+00 4.320321e+00 0.000000e+00
      vertex   -6.898686e+00 4.036281e+00 3.000000e+00
    endloop
  endfacet
  facet normal -7.960931e-01 -6.051742e-01 -0.000000e+00
    outer loop
      vertex   -6.898686e+00 4.036281e+00 3.000000e+00
      vertex   -7.114607e+00 4.320321e+00 0.000000e+00
      vertex   -6.898686e+00 4.036281e+00 0.000000e+00
    endloop
  endfacet
  facet normal -9.075754e-01 -4.198891e-01 -0.000000e+00
    outer loop
      vertex   -6.898686e+00 4.036281e+00 3.000000e+00
      vertex   -6.898686e+00 4.036281e+00 0.000000e+00
      vertex   -6.748872e+00 3.712465e+00 3.000000e+00
    endloop
  endfacet
  facet normal -9.075754e-01 -4.198891e-01 -0.000000e+00
    outer loop
      vertex   -6.748872e+00 3.712465e+00 3.000000e+00
      vertex   -6.898686e+00 4.036281e+00 0.000000e+00
      vertex   -6.748872e+00 3.712465e+00 0.000000e+00
    endloop
  endfacet
  facet normal -9.766206e-01 -2.149704e-01 -0.000000e+00
    outer loop
      vertex   -6.748872e+00 3.712465e+00 3.000000e+00
      vertex   -6.748872e+00 3.712465e+00 0.000000e+00
      vertex   -6.672172e+00 3.364013e+00 3.000000e+00
    endloop
  endfacet
  facet normal -9.766206e-01 -2.149704e-01 -0.000000e+00
    outer loop
      vertex   -6.672172e+00 3.364013e+00 3.000000e+00
      vertex   -6.748872e+00 3.712465e+00 0.000000e+00
      vertex   -6.672172e+00 3.364013e+00 0.000000e+00
    endloop
  endfacet
  facet normal -1.000000e+00 -0.000000e+00 -0.000000e+00
    outer loop
      vertex   -6.672172e+00 3.364013e+00 3.000000e+00
      vertex   -6.672172e+00 3.364013e+00 0.000000e+00
      vertex   -6.672172e+00 3.007221e+00 3.000000e+00
    endloop
  endfacet
  facet normal -1.000000e+00 0.000000e+00 0.000000e+00
    outer loop
      vertex   -6.672172e+00 3.007221e+00 3.000000e+00
      vertex   -6.672172e+00 3.364013e+00 0.000000e+00
      vertex   -6.672172e+00 3.007221e+00 0.000000e+00
    endloop
  endfacet
  facet normal -9.766206e-01 2.149704e-01 0.000000e+00
    outer loop
      vertex   -6.672172e+00 3.007221e+00 3.000000e+00
      vertex   -6.672172e+00 3.007221e+00 0.000000e+00
      vertex   -6.748872e+00 2.658770e+00 3.000000e+00
    endloop
  endfacet
  facet normal -9.766206e-01 2.149704e-01 0.000000e+00
    outer loop
      vertex   -6.748872e+00 2.658770e+00 3.000000e+00
      vertex   -6.672172e+00 3.007221e+00 0.000000e+00
      vertex   -6.748872e+00 2.658770e+00 0.000000e+00
    endloop
  endfacet
  facet normal -9.075754e-01 4.198891e-01 0.000000e+00
    outer loop
      vertex   -6.748872e+00 2.658770e+00 3.000000e+00
      vertex   -6.748872e+00 2.658770e+00 0.000000e+00
      vertex   -6.898686e+00 2.334953e+00 3.000000e+00
    endloop
  endfacet
  facet normal -9.075754e-01 4.198891e-01 0.000000e+00
    outer loop
      vertex   -6.898686e+00 2.334953e+00 3.000000e+00
      vertex   -6.748872e+00 2.658770e+00 0.000000e+00
      vertex   -6.898686e+00 2.334953e+00 0.000000e+00
    endloop
  endfacet
  facet normal -7.960931e-01 6.051742e-01 0.000000e+00
    outer loop
      vertex   -6.898686e+00 2.334953e+00 3.000000e+00
      vertex   -6.898686e+00 2.334953e+00 0.000000e+00
      vertex   -7.114607e+00 2.050913e+00 3.000000e+00
    endloop
  endfacet
  facet normal -7.960931e-01 6.051742e-01 0.000000e+00
    outer loop
      vertex   -7.114607e+00 2.050913e+00 3.000000e+00
      vertex   -6.898686e+00 2.334953e+00 0.000000e+00
      vertex   -7.114607e+00 2.050913e+00 0.000000e+00
    endloop
  endfacet
  facet normal -6.473863e-01 7.621621e-01 0.000000e+00
    outer loop
      vertex   -7.114607e+00 2.050913e+00 3.000000e+00
      vertex   -7.114607e+00 2.050913e+00 0.000000e+00
      vertex   -7.386541e+00 1.819930e+00 3.000000e+00
    endloop
  endfacet
  facet normal -6.473863e-01 7.621621e-01 0.000000e+00
    outer loop
      vertex   -7.386541e+00 1.819930e+00 3.000000e+00
      vertex   -7.114607e+00 2.050913e+00 0.000000e+00
      vertex   -7.386541e+00 1.819930e+00 0.000000e+00
    endloop
  endfacet
  facet normal -4.684084e-01 8.835120e-01 0.000000e+00
    outer loop
      vertex   -7.386541e+00 1.819930e+00 3.000000e+00
      vertex   -7.386541e+00 1.819930e+00 0.000000e+00
      vertex   -7.701772e+00 1.652805e+00 3.000000e+00
    endloop
  endfacet
  facet normal -4.684084e-01 8.835120e-01 0.000000e+00
    outer loop
      vertex   -7.701772e+00 1.652805e+00 3.000000e+00
      vertex   -7.386541e+00 1.819930e+00 0.000000e+00
      vertex   -7.701772e+00 1.652805e+00 0.000000e+00
    endloop
  endfacet
  facet normal -2.675283e-01 9.635500e-01 0.000000e+00
    outer loop
      vertex   -7.701772e+00 1.652805e+00 3.000000e+00
      vertex   -7.701772e+00 1.652805e+00 0.000000e+00
      vertex   -8.045560e+00 1.557353e+00 3.000000e+00
    endloop
  endfacet
  facet normal -2.675283e-01 9.635500e-01 0.000000e+00
    outer loop
      vertex   -8.045560e+00 1.557353e+00 3.000000e+00
      vertex   -7.701772e+00 1.652805e+00 0.000000e+00
      vertex   -8.045560e+00 1.557353e+00 0.000000e+00
    endloop
  endfacet
  facet normal -5.413891e-02 9.985334e-01 0.000000e+00
    outer loop
      vertex   -8.045560e+00 1.557353e+00 3.000000e+00
      vertex   -8.045560e+00 1.557353e+00 0.000000e+00
      vertex   -8.401829e+00 1.538037e+00 3.000000e+00
    endloop
  endfacet
  facet normal -5.413891e-02 9.985334e-01 0.000000e+00
    outer loop
      vertex   -8.401829e+00 1.538037e+00 3.000000e+00
      vertex   -8.045560e+00 1.557353e+00 0.000000e+00
      vertex   -8.401829e+00 1.538037e+00 0.000000e+00
    endloop
  endfacet
  facet normal 1.617820e-01 9.868265e-01 0.000000e+00
    outer loop
      vertex   -8.401829e+00 1.538037e+00 3.000000e+00
      vertex   -8.401829e+00 1.538037e+00 0.000000e+00
      vertex   -8.753922e+00 1.595760e+00 3.000000e+00
    endloop
  endfacet
  facet normal 1.617820e-01 9.868265e-01 0.000000e+00
    outer loop
      vertex   -8.753922e+00 1.595760e+00 3.000000e+00
      vertex   -8.401829e+00 1.538037e+00 0.000000e+00
      vertex   -8.753922e+00 1.595760e+00 0.000000e+00
    endloop
  endfacet
  facet normal 3.701382e-01 9.289767e-01 0.000000e+00
    outer loop
      vertex   -8.753922e+00 1.595760e+00 3.000000e+00
      vertex   -8.753922e+00 1.595760e+00 0.000000e+00
      vertex   -9.085374e+00 1.727822e+00 3.000000e+00
    endloop
  endfacet
  facet normal 3.701382e-01 9.289767e-01 0.000000e+00
    outer loop
      vertex   -9.085374e+00 1.727822e+00 3.000000e+00
      vertex   -8.753922e+00 1.595760e+00 0.000000e+00
      vertex   -9.085374e+00 1.727822e+00 0.000000e+00
    endloop
  endfacet
  facet normal 5.611871e-01 8.276890e-01 0.000000e+00
    outer loop
      vertex   -9.085374e+00 1.727822e+00 3.000000e+00
      vertex   -9.085374e+00 1.727822e+00 0.000000e+00
      vertex   -9.380687e+00 1.928050e+00 3.000000e+00
    endloop
  endfacet
  facet normal 5.611871e-01 8.276890e-01 0.000000e+00
    outer loop
      vertex   -9.380687e+00 1.928050e+00 3.000000e+00
      vertex   -9.085374e+00 1.727822e+00 0.000000e+00
      vertex   -9.380687e+00 1.928050e+00 0.000000e+00
    endloop
  endfacet
  facet normal 7.259955e-01 6.876995e-01 0.000000e+00
    outer loop
      vertex   -9.380687e+00 1.928050e+00 3.000000e+00
      vertex   -9.380687e+00 1.928050e+00 0.000000e+00
      vertex   -9.626054e+00 2.187080e+00 3.000000e+00
    endloop
  endfacet
  facet normal 7.259955e-01 6.876995e-01 0.000000e+00
    outer loop
      vertex   -9.626054e+00 2.187080e+00 3.000000e+00
      vertex   -9.380687e+00 1.928050e+00 0.000000e+00
      vertex   -9.626054e+00 2.187080e+00 0.000000e+00
    endloop
  endfacet
  facet normal 8.568572e-01 5.155539e-01 0.000000e+00
    outer loop
      vertex   -9.626054e+00 2.187080e+00 3.000000e+00
      vertex   -9.626054e+00 2.187080e+00 0.000000e+00
      vertex   -9.809999e+00 2.492800e+00 3.000000e+00
    endloop
  endfacet
  facet normal 8.568572e-01 5.155539e-01 0.000000e+00
    outer loop
      vertex   -9.809999e+00 2.492800e+00 3.000000e+00
      vertex   -9.626054e+00 2.187080e+00 0.000000e+00
      vertex   -9.809999e+00 2.492800e+00 0.000000e+00
    endloop
  endfacet
  facet normal 9.476532e-01 3.193015e-01 0.000000e+00
    outer loop
      vertex   -9.809999e+00 2.492800e+00 3.000000e+00
      vertex   -9.809999e+00 2.492800e+00 0.000000e+00
      vertex   -9.923924e+00 2.830916e+00 3.000000e+00
    endloop
  endfacet
  facet normal 9.476532e-01 3.193015e-01 0.000000e+00
    outer loop
      vertex   -9.923924e+00 2.830916e+00 3.000000e+00
      vertex   -9.809999e+00 2.492800e+00 0.000000e+00
      vertex   -9.923924e+00 2.830916e+00 0.000000e+00
    endloop
  endfacet
  facet normal 9.941380e-01 1.081190e-01 0.000000e+00
    outer loop
      vertex   -9.923924e+00 2.745992e+01 3.000000e+00
      vertex   -9.923924e+00 2.745992e+01 0.000000e+00
      vertex   -9.962500e+00 2.781462e+01 3.000000e+00
    endloop
  endfacet
  facet normal 9.941380e-01 1.081190e-01 0.000000e+00
    outer loop
      vertex   -9.962500e+00 2.781462e+01 3.000000e+00
      vertex   -9.923924e+00 2.745992e+01 0.000000e+00
      vertex   -9.962500e+00 2.781462e+01 0.000000e+00
    endloop
  endfacet
  facet normal 9.941380e-01 -1.081190e-01 0.000000e+00
    outer loop
      vertex   -9.962500e+00 2.781462e+01 3.000000e+00
      vertex   -9.962500e+00 2.781462e+01 0.000000e+00
      vertex   -9.923924e+00 2.816932e+01 3.000000e+00
    endloop
  endfacet
  facet normal 9.941380e-01 -1.081190e-01 0.000000e+00
    outer loop
      vertex   -9.923924e+00 2.816932e+01 3.000000e+00
      vertex   -9.962500e+00 2.781462e+01 0.000000e+00
      vertex   -9.923924e+00 2.816932e+01 0.000000e+00
    endloop
  endfacet
  facet normal 9.476532e-01 -3.193015e-01 0.000000e+00
    outer loop
      vertex   -9.923924e+00 2.816932e+01 3.000000e+00
      vertex   -9.923924e+00 2.816932e+01 0.000000e+00
      vertex   -9.809999e+00 2.850743e+01 3.000000e+00
    endloop
  endfacet
  facet normal 9.476532e-01 -3.193015e-01 0.000000e+00
    outer loop
      vertex   -9.809999e+00 2.850743e+01 3.000000e+00
      vertex   -9.923924e+00 2.816932e+01 0.000000e+00
      vertex   -9.809999e+00 2.850743e+01 0.000000e+00
    endloop
  endfacet
  facet normal 8.568572e-01 -5.155539e-01 0.000000e+00
    outer loop
      vertex   -9.809999e+00 2.850743e+01 3.000000e+00
      vertex   -9.809999e+00 2.850743e+01 0.000000e+00
      vertex   -9.626054e+00 2.881315e+01 3.000000e+00
    endloop
  endfacet
  facet normal 8.568572e-01 -5.155539e-01 0.000000e+00
    outer loop
      vertex   -9.626054e+00 2.881315e+01 3.000000e+00
      vertex   -9.809999e+00 2.850743e+01 0.000000e+00
      vertex   -9.626054e+00 2.881315e+01 0.000000e+00
    endloop
  endfacet
  facet normal 7.259955e-01 -6.876995e-01 0.000000e+00
    outer loop
      vertex   -9.626054e+00 2.881315e+01 3.000000e+00
      vertex   -9.626054e+00 2.881315e+01 0.000000e+00
      vertex   -9.380687e+00 2.907218e+01 3.000000e+00
    endloop
  endfacet
  facet normal 7.259955e-01 -6.876995e-01 0.000000e+00
    outer loop
      vertex   -9.380687e+00 2.907218e+01 3.000000e+00
      vertex   -9.626054e+00 2.881315e+01 0.000000e+00
      vertex   -9.380687e+00 2.907218e+01 0.000000e+00
    endloop
  endfacet
  facet normal 5.611871e-01 -8.276890e-01 0.000000e+00
    outer loop
      vertex   -9.380687e+00 2.907218e+01 3.000000e+00
      vertex   -9.380687e+00 2.907218e+01 0.000000e+00
      vertex   -9.085374e+00 2.927241e+01 3.000000e+00
    endloop
  endfacet
  facet normal 5.611871e-01 -8.276890e-01 0.000000e+00
    outer loop
      vertex   -9.085374e+00 2.927241e+01 3.000000e+00
      vertex   -9.380687e+00 2.907218e+01 0.000000e+00
      vertex   -9.085374e+00 2.927241e+01 0.000000e+00
    endloop
  endfacet
  facet normal 3.701382e-01 -9.289767e-01 0.000000e+00
    outer loop
      vertex   -9.085374e+00 2.927241e+01 3.000000e+00
      vertex   -9.085374e+00 2.927241e+01 0.000000e+00
      vertex   -8.753922e+00 2.940447e+01 3.000000e+00
    endloop
  endfacet
  facet normal 3.701382e-01 -9.289767e-01 0.000000e+00
    outer loop
      vertex   -8.753922e+00 2.940447e+01 3.000000e+00
      vertex   -9.085374e+00 2.927241e+01 0.000000e+00
      vertex   -8.753922e+00 2.940447e+01 0.000000e+00
    endloop
  endfacet
  facet normal 1.617820e-01 -9.868265e-01 0.000000e+00
    outer loop
      vertex   -8.753922e+00 2.940447e+01 3.000000e+00
      vertex   -8.753922e+00 2.940447e+01 0.000000e+00
      vertex   -8.401829e+00 2.946220e+01 3.000000e+00
    endloop
  endfacet
  facet normal 1.617820e-01 -9.868265e-01 0.000000e+00
    outer loop
      vertex   -8.401829e+00 2.946220e+01 3.000000e+00
      vertex   -8.753922e+00 2.940447e+01 0.000000e+00
      vertex   -8.401829e+00 2.946220e+01 0.000000e+00
    endloop
  endfacet
  facet normal -5.413891e-02 -9.985334e-01 -0.000000e+00
    outer loop
      vertex   -8.401829e+00 2.946220e+01 3.000000e+00
      vertex   -8.401829e+00 2.946220e+01 0.000000e+00
      vertex   -8.045560e+00 2.944288e+01 3.000000e+00
    endloop
  endfacet
  facet normal -5.413891e-02 -9.985334e-01 -0.000000e+00
    outer loop
      vertex   -8.045560e+00 2.944288e+01 3.000000e+00
      vertex   -8.401829e+00 2.946220e+01 0.000000e+00
      vertex   -8.045560e+00 2.944288e+01 0.000000e+00
    endloop
  endfacet
  facet normal -2.675283e-01 -9.635500e-01 -0.000000e+00
    outer loop
      vertex   -8.045560e+00 2.944288e+01 3.000000e+00
      vertex   -8.045560e+00 2.944288e+01 0.000000e+00
      vertex   -7.701772e+00 2.934743e+01 3.000000e+00
    endloop
  endfacet
  facet normal -2.675283e-01 -9.635500e-01 -0.000000e+00
    outer loop
      vertex   -7.701772e+00 2.934743e+01 3.000000e+00
      vertex   -8.045560e+00 2.944288e+01 0.000000e+00
      vertex   -7.701772e+00 2.934743e+01 0.000000e+00
    endloop
  endfacet
  facet normal -4.684084e-01 -8.835120e-01 -0.000000e+00
    outer loop
      vertex   -7.701772e+00 2.934743e+01 3.000000e+00
      vertex   -7.701772e+00 2.934743e+01 0.000000e+00
      vertex   -7.386541e+00 2.918030e+01 3.000000e+00
    endloop
  endfacet
  facet normal -4.684084e-01 -8.835120e-01 -0.000000e+00
    outer loop
      vertex   -7.386541e+00 2.918030e+01 3.000000e+00
      vertex   -7.701772e+00 2.934743e+01 0.000000e+00
      vertex   -7.386541e+00 2.918030e+01 0.000000e+00
    endloop
  endfacet
  facet normal -6.473863e-01 -7.621621e-01 -0.000000e+00
    outer loop
      vertex   -7.386541e+00 2.918030e+01 3.000000e+00
      vertex   -7.386541e+00 2.918030e+01 0.000000e+00
      vertex   -7.114607e+00 2.894932e+01 3.000000e+00
    endloop
  endfacet
  facet normal -6.473863e-01 -7.621621e-01 -0.000000e+00
    outer loop
      vertex   -7.114607e+00 2.894932e+01 3.000000e+00
      vertex   -7.386541e+00 2.918030e+01 0.000000e+00
      vertex   -7.114607e+00 2.894932e+01 0.000000e+00
    endloop
  endfacet
  facet normal -7.960931e-01 -6.051742e-01 -0.000000e+00
    outer loop
      vertex   -7.114607e+00 2.894932e+01 3.000000e+00
      vertex   -7.114607e+00 2.894932e+01 0.000000e+00
      vertex   -6.898686e+00 2.866528e+01 3.000000e+00
    endloop
  endfacet
  facet normal -7.960931e-01 -6.051742e-01 -0.000000e+00
    outer loop
      vertex   -6.898686e+00 2.866528e+01 3.000000e+00
      vertex   -7.114607e+00 2.894932e+01 0.000000e+00
      vertex   -6.898686e+00 2.866528e+01 0.000000e+00
    endloop
  endfacet
  facet normal -9.075754e-01 -4.198891e-01 -0.000000e+00
    outer loop
      vertex   -6.898686e+00 2.866528e+01 3.000000e+00
      vertex   -6.898686e+00 2.866528e+01 0.000000e+00
      vertex   -6.748872e+00 2.834146e+01 3.000000e+00
    endloop
  endfacet
  facet normal -9.075754e-01 -4.198891e-01 -0.000000e+00
    outer loop
      vertex   -6.748872e+00 2.834146e+01 3.000000e+00
      vertex   -6.898686e+00 2.866528e+01 0.000000e+00
      vertex   -6.748872e+00 2.834146e+01 0.000000e+00
    endloop
  endfacet
  facet normal -9.766206e-01 -2.149704e-01 -0.000000e+00
    outer loop
      vertex   -6.748872e+00 2.834146e+01 3.000000e+00
      vertex   -6.748872e+00 2.834146e+01 0.000000e+00
      vertex   -6.672172e+00 2.799301e+01 3.000000e+00
    endloop
  endfacet
  facet normal -9.766206e-01 -2.149704e-01 -0.000000e+00
    outer loop
      vertex   -6.672172e+00 2.799301e+01 3.000000e+00
      vertex   -6.748872e+00 2.834146e+01 0.000000e+00
      vertex   -6.672172e+00 2.799301e+01 0.000000e+00
    endloop
  endfacet
  facet normal -1.000000e+00 -0.000000e+00 -0.000000e+00
    outer loop
      vertex   -6.672172e+00 2.799301e+01 3.000000e+00
      vertex   -6.672172e+00 2.799301e+01 0.000000e+00
      vertex   -6.672172e+00 2.763622e+01 3.000000e+00
    endloop
  endfacet
  facet normal -1.000000e+00 0.000000e+00 0.000000e+00
    outer loop
      vertex   -6.672172e+00 2.763622e+01 3.000000e+00
      vertex   -6.672172e+00 2.799301e+01 0.000000e+00
      vertex   -6.672172e+00 2.763622e+01 0.000000e+00
    endloop
  endfacet
  facet normal -9.766206e-01 2.149704e-01 0.000000e+00
    outer loop
      vertex   -6.672172e+00 2.763622e+01 3.000000e+00
      vertex   -6.672172e+00 2.763622e+01 0.000000e+00
      vertex   -6.748872e+00 2.728777e+01 3.000000e+00
    endloop
  endfacet
  facet normal -9.766206e-01 2.149704e-01 0.000000e+00
    outer loop
      vertex   -6.748872e+00 2.728777e+01 3.000000e+00
      vertex   -6.672172e+00 2.763622e+01 0.000000e+00
      vertex   -6.748872e+00 2.728777e+01 0.000000e+00
    endloop
  endfacet
  facet normal -9.075754e-01 4.198891e-01 0.000000e+00
    outer loop
      vertex   -6.748872e+00 2.728777e+01 3.000000e+00
      vertex   -6.748872e+00 2.728777e+01 0.000000e+00
      vertex   -6.898686e+00 2.696395e+01 3.000000e+00
    endloop
  endfacet
  facet normal -9.075754e-01 4.198891e-01 0.000000e+00
    outer loop
      vertex   -6.898686e+00 2.696395e+01 3.000000e+00
      vertex   -6.748872e+00 2.728777e+01 0.000000e+00
      vertex   -6.898686e+00 2.696395e+01 0.000000e+00
    endloop
  endfacet
  facet normal -7.960931e-01 6.051742e-01 0.000000e+00
    outer loop
      vertex   -6.898686e+00 2.696395e+01 3.000000e+00
      vertex   -6.898686e+00 2.696395e+01 0.000000e+00
      vertex   -7.114607e+00 2.667991e+01 3.000000e+00
    endloop
  endfacet
  facet normal -7.960931e-01 6.051742e-01 0.000000e+00
    outer loop
      vertex   -7.114607e+00 2.667991e+01 3.000000e+00
      vertex   -6.898686e+00 2.696395e+01 0.000000e+00
      vertex   -7.114607e+00 2.667991e+01 0.000000e+00
    endloop
  endfacet
  facet normal -6.473863e-01 7.621621e-01 0.000000e+00
    outer loop
      vertex   -7.114607e+00 2.667991e+01 3.000000e+00
      vertex   -7.114607e+00 2.667991e+01 0.000000e+00
      vertex   -7.386541e+00 2.644893e+01 3.000000e+00
    endloop
  endfacet
  facet normal -6.473863e-01 7.621621e-01 0.000000e+00
    outer loop
      vertex   -7.386541e+00 2.644893e+01 3.000000e+00
      vertex   -7.114607e+00 2.667991e+01 0.000000e+00
      vertex   -7.386541e+00 2.644893e+01 0.000000e+00
    endloop
  endfacet
  facet normal -4.684084e-01 8.835120e-01 0.000000e+00
    outer loop
      vertex   -7.386541e+00 2.644893e+01 3.000000e+00
      vertex   -7.386541e+00 2.644893e+01 0.000000e+00
      vertex   -7.701772e+00 2.628181e+01 3.000000e+00
    endloop
  endfacet
  facet normal -4.684084e-01 8.835120e-01 0.000000e+00
    outer loop
      vertex   -7.701772e+00 2.628181e+01 3.000000e+00
      vertex   -7.386541e+00 2.644893e+01 0.000000e+00
      vertex   -7.701772e+00 2.628181e+01 0.000000e+00
    endloop
  endfacet
  facet normal -2.675283e-01 9.635500e-01 0.000000e+00
    outer loop
      vertex   -7.701772e+00 2.628181e+01 3.000000e+00
      vertex   -7.701772e+00 2.628181e+01 0.000000e+00
      vertex   -8.045560e+00 2.618635e+01 3.000000e+00
    endloop
  endfacet
  facet normal -2.675283e-01 9.635500e-01 0.000000e+00
    outer loop
      vertex   -8.045560e+00 2.618635e+01 3.000000e+00
      vertex   -7.701772e+00 2.628181e+01 0.000000e+00
      vertex   -8.045560e+00 2.618635e+01 0.000000e+00
    endloop
  endfacet
  facet normal -5.413891e-02 9.985334e-01 0.000000e+00
    outer loop
      vertex   -8.045560e+00 2.618635e+01 3.000000e+00
      vertex   -8.045560e+00 2.618635e+01 0.000000e+00
      vertex   -8.401829e+00 2.616704e+01 3.000000e+00
    endloop
  endfacet
  facet normal -5.413891e-02 9.985334e-01 0.000000e+00
    outer loop
      vertex   -8.401829e+00 2.616704e+01 3.000000e+00
      vertex   -8.045560e+00 2.618635e+01 0.000000e+00
      vertex   -8.401829e+00 2.616704e+01 0.000000e+00
    endloop
  endfacet
  facet normal 1.617820e-01 9.868265e-01 0.000000e+00
    outer loop
      vertex   -8.401829e+00 2.616704e+01 3.000000e+00
      vertex   -8.401829e+00 2.616704e+01 0.000000e+00
      vertex   -8.753922e+00 2.622476e+01 3.000000e+00
    endloop
  endfacet
  facet normal 1.617820e-01 9.868265e-01 0.000000e+00
    outer loop
      vertex   -8.753922e+00 2.622476e+01 3.000000e+00
      vertex   -8.401829e+00 2.616704e+01 0.000000e+00
      vertex   -8.753922e+00 2.622476e+01 0.000000e+00
    endloop
  endfacet
  facet normal 3.701382e-01 9.289767e-01 0.000000e+00
    outer loop
      vertex   -8.753922e+00 2.622476e+01 3.000000e+00
      vertex   -8.753922e+00 2.622476e+01 0.000000e+00
      vertex   -9.085374e+00 2.635682e+01 3.000000e+00
    endloop
  endfacet
  facet normal 3.701382e-01 9.289767e-01 0.000000e+00
    outer loop
      vertex   -9.085374e+00 2.635682e+01 3.000000e+00
      vertex   -8.753922e+00 2.622476e+01 0.000000e+00
      vertex   -9.085374e+00 2.635682e+01 0.000000e+00
    endloop
  endfacet
  facet normal 5.611871e-01 8.276890e-01 0.000000e+00
    outer loop
      vertex   -9.085374e+00 2.635682e+01 3.000000e+00
      vertex   -9.085374e+00 2.635682e+01 0.000000e+00
      vertex   -9.380687e+00 2.655705e+01 3.000000e+00
    endloop
  endfacet
  facet normal 5.611871e-01 8.276890e-01 0.000000e+00
    outer loop
      vertex   -9.380687e+00 2.655705e+01 3.000000e+00
      vertex   -9.085374e+00 2.635682e+01 0.000000e+00
      vertex   -9.380687e+00 2.655705e+01 0.000000e+00
    endloop
  endfacet
  facet normal 7.259955e-01 6.876995e-01 0.000000e+00
    outer loop
      vertex   -9.380687e+00 2.655705e+01 3.000000e+00
      vertex   -9.380687e+00 2.655705e+01 0.000000e+00
      vertex   -9.626054e+00 2.681608e+01 3.000000e+00
    endloop
  endfacet
  facet normal 7.259955e-01 6.876995e-01 0.000000e+00
    outer loop
      vertex   -9.626054e+00 2.681608e+01 3.000000e+00
      vertex   -9.380687e+00 2.655705e+01 0.000000e+00
      vertex   -9.626054e+00 2.681608e+01 0.000000e+00
    endloop
  endfacet
  facet normal 8.568572e-01 5.155539e-01 0.000000e+00
    outer loop
      vertex   -9.626054e+00 2.681608e+01 3.000000e+00
      vertex   -9.626054e+00 2.681608e+01 0.000000e+00
      vertex   -9.809999e+00 2.712180e+01 3.000000e+00
    endloop
  endfacet
  facet normal 8.568572e-01 5.155539e-01 0.000000e+00
    outer loop
      vertex   -9.809999e+00 2.712180e+01 3.000000e+00
      vertex   -9.626054e+00 2.681608e+01 0.000000e+00
      vertex   -9.809999e+00 2.712180e+01 0.000000e+00
    endloop
  endfacet
  facet normal 9.476532e-01 3.193015e-01 0.000000e+00
    outer loop
      vertex   -9.809999e+00 2.712180e+01 3.000000e+00
      vertex   -9.809999e+00 2.712180e+01 0.000000e+00
      vertex   -9.923924e+00 2.745992e+01 3.000000e+00
    endloop
  endfacet
  facet normal 9.476532e-01 3.193015e-01 0.000000e+00
    outer loop
      vertex   -9.923924e+00 2.745992e+01 3.000000e+00
      vertex   -9.809999e+00 2.712180e+01 0.000000e+00
      vertex   -9.923924e+00 2.745992e+01 0.000000e+00
    endloop
  endfacet
  facet normal 1.686676e-16 -1.000000e+00 2.135689e-14
    outer loop
      vertex   1.192039e-01 -1.071438e+01 0.000000e+00
      vertex   -4.582288e-02 -1.071438e+01 5.003526e-01
      vertex   -1.041250e+01 -1.071438e+01 0.000000e+00
    endloop
  endfacet
  facet normal 1.172113e-15 -1.000000e+00 5.667699e-16
    outer loop
      vertex   -1.041250e+01 -1.071438e+01 0.000000e+00
      vertex   -4.582288e-02 -1.071438e+01 5.003526e-01
      vertex   -2.751796e-01 -1.071438e+01 9.746753e-01
    endloop
  endfacet
  facet normal 1.153588e-15 -1.000000e+00 7.594421e-16
    outer loop
      vertex   -1.041250e+01 -1.071438e+01 0.000000e+00
      vertex   -2.751796e-01 -1.071438e+01 9.746753e-01
      vertex   -5.648870e-01 -1.071438e+01 1.414739e+00
    endloop
  endfacet
  facet normal 1.122901e-15 -1.000000e+00 9.730436e-16
    outer loop
      vertex   -5.648870e-01 -1.071438e+01 1.414739e+00
      vertex   -9.099191e-01 -1.071438e+01 1.812909e+00
      vertex   -1.041250e+01 -1.071438e+01 0.000000e+00
    endloop
  endfacet
  facet normal 1.076672e-15 -1.000000e+00 1.215358e-15
    outer loop
      vertex   -1.041250e+01 -1.071438e+01 0.000000e+00
      vertex   -9.099191e-01 -1.071438e+01 1.812909e+00
      vertex   -1.304290e+00 -1.071438e+01 2.162278e+00
    endloop
  endfacet
  facet normal 2.588650e-15 -1.000000e+00 -5.153580e-15
    outer loop
      vertex   -1.041250e+01 -1.071438e+01 0.000000e+00
      vertex   -1.304290e+00 -1.071438e+01 2.162278e+00
      vertex   -3.753779e+00 -1.071438e+01 3.000000e+00
    endloop
  endfacet
  facet normal 4.577601e-16 -1.000000e+00 -1.138428e-14
    outer loop
      vertex   -3.753779e+00 -1.071438e+01 3.000000e+00
      vertex   -1.304290e+00 -1.071438e+01 2.162278e+00
      vertex   -1.741157e+00 -1.071438e+01 2.456783e+00
    endloop
  endfacet
  facet normal 7.724180e-15 -1.000000e+00 1.553787e-14
    outer loop
      vertex   -3.753779e+00 -1.071438e+01 3.000000e+00
      vertex   -1.741157e+00 -1.071438e+01 2.456783e+00
      vertex   -2.212942e+00 -1.071438e+01 2.691317e+00
    endloop
  endfacet
  facet normal 1.113264e-14 -1.000000e+00 3.255171e-14
    outer loop
      vertex   -2.212942e+00 -1.071438e+01 2.691317e+00
      vertex   -2.711458e+00 -1.071438e+01 2.861809e+00
      vertex   -3.753779e+00 -1.071438e+01 3.000000e+00
    endloop
  endfacet
  facet normal 2.015614e-14 -1.000000e+00 1.006123e-13
    outer loop
      vertex   -3.753779e+00 -1.071438e+01 3.000000e+00
      vertex   -2.711458e+00 -1.071438e+01 2.861809e+00
      vertex   -3.228058e+00 -1.071438e+01 2.965302e+00
    endloop
  endfacet
  facet normal 5.335430e-16 -1.000000e+00 -5.921189e-16
    outer loop
      vertex   -3.753779e+00 -1.071438e+01 3.000000e+00
      vertex   -1.041250e+01 -1.071438e+01 3.000000e+00
      vertex   -1.041250e+01 -1.071438e+01 0.000000e+00
    endloop
  endfacet
  facet normal 1.000000e+00 0.000000e+00 -0.000000e+00
    outer loop
      vertex   -1.041250e+01 -1.591438e+01 0.000000e+00
      vertex   -1.041250e+01 -1.071438e+01 0.000000e+00
      vertex   -1.041250e+01 -1.591438e+01 3.000000e+00
    endloop
  endfacet
  facet normal 1.000000e+00 -0.000000e+00 0.000000e+00
    outer loop
      vertex   -1.041250e+01 -1.591438e+01 3.000000e+00
      vertex   -1.041250e+01 -1.071438e+01 0.000000e+00
      vertex   -1.041250e+01 -1.071438e+01 3.000000e+00
    endloop
  endfacet
  facet normal -0.000000e+00 0.000000e+00 -1.000000e+00
    outer loop
      vertex   -9.923924e+00 2.816932e+01 0.000000e+00
      vertex   -9.962500e+00 2.781462e+01 0.000000e+00
      vertex   -1.250680e+01 3.380097e+01 0.000000e+00
    endloop
  endfacet
  facet normal 0.000000e+00 0.000000e+00 -1.000000e+00
    outer loop
      vertex   -1.250680e+01 3.380097e+01 0.000000e+00
      vertex   -9.962500e+00 2.781462e+01 0.000000e+00
      vertex   -9.923924e+00 2.745992e+01 0.000000e+00
    endloop
  endfacet
  facet normal 0.000000e+00 -0.000000e+00 -1.000000e+00
    outer loop
      vertex   -1.250680e+01 3.380097e+01 0.000000e+00
      vertex   -9.923924e+00 2.745992e+01 0.000000e+00
      vertex   -1.302890e+01 3.376675e+01 0.000000e+00
    endloop
  endfacet
  facet normal 0.000000e+00 -0.000000e+00 -1.000000e+00
    outer loop
      vertex   -1.302890e+01 3.376675e+01 0.000000e+00
      vertex   -9.923924e+00 2.745992e+01 0.000000e+00
      vertex   -1.354207e+01 3.366467e+01 0.000000e+00
    endloop
  endfacet
  facet normal 0.000000e+00 -0.000000e+00 -1.000000e+00
    outer loop
      vertex   -1.354207e+01 3.366467e+01 0.000000e+00
      vertex   -9.923924e+00 2.745992e+01 0.000000e+00
      vertex   -1.403753e+01 3.349648e+01 0.000000e+00
    endloop
  endfacet
  facet normal 0.000000e+00 0.000000e+00 -1.000000e+00
    outer loop
      vertex   -1.403753e+01 3.349648e+01 0.000000e+00
      vertex   -9.923924e+00 2.745992e+01 0.000000e+00
      vertex   -9.923924e+00 3.540318e+00 0.000000e+00
    endloop
  endfacet
  facet normal 0.000000e+00 -0.000000e+00 -1.000000e+00
    outer loop
      vertex   -1.403753e+01 3.349648e+01 0.000000e+00
      vertex   -9.923924e+00 3.540318e+00 0.000000e+00
      vertex   -1.650680e+01 2.980097e+01 0.000000e+00
    endloop
  endfacet
  facet normal 0.000000e+00 0.000000e+00 -1.000000e+00
    outer loop
      vertex   -1.650680e+01 2.980097e+01 0.000000e+00
      vertex   -9.923924e+00 3.540318e+00 0.000000e+00
      vertex   -9.962500e+00 3.185617e+00 0.000000e+00
    endloop
  endfacet
  facet normal 0.000000e+00 0.000000e+00 -1.000000e+00
    outer loop
      vertex   -1.650680e+01 2.980097e+01 0.000000e+00
      vertex   -9.962500e+00 3.185617e+00 0.000000e+00
      vertex   -1.650680e+01 -2.180281e+01 0.000000e+00
    endloop
  endfacet
  facet normal 0.000000e+00 0.000000e+00 -1.000000e+00
    outer loop
      vertex   -1.650680e+01 -2.180281e+01 0.000000e+00
      vertex   -9.962500e+00 3.185617e+00 0.000000e+00
      vertex   -1.041250e+01 -1.071438e+01 0.000000e+00
    endloop
  endfacet
  facet normal 0.000000e+00 0.000000e+00 -1.000000e+00
    outer loop
      vertex   -1.650680e+01 -2.180281e+01 0.000000e+00
      vertex   -1.041250e+01 -1.071438e+01 0.000000e+00
      vertex   -1.450680e+01 -2.526691e+01 0.000000e+00
    endloop
  endfacet
  facet normal 0.000000e+00 0.000000e+00 -1.000000e+00
    outer loop
      vertex   -1.450680e+01 -2.526691e+01 0.000000e+00
      vertex   -1.041250e+01 -1.071438e+01 0.000000e+00
      vertex   -1.403753e+01 -2.549832e+01 0.000000e+00
    endloop
  endfacet
  facet normal 0.000000e+00 0.000000e+00 -1.000000e+00
    outer loop
      vertex   -1.403753e+01 -2.549832e+01 0.000000e+00
      vertex   -1.041250e+01 -1.071438e+01 0.000000e+00
      vertex   -1.041250e+01 -1.591438e+01 0.000000e+00
    endloop
  endfacet
  facet normal 0.000000e+00 0.000000e+00 -1.000000e+00
    outer loop
      vertex   -1.403753e+01 -2.549832e+01 0.000000e+00
      vertex   -1.041250e+01 -1.591438e+01 0.000000e+00
      vertex   -1.354207e+01 -2.566651e+01 0.000000e+00
    endloop
  endfacet
  facet normal 0.000000e+00 0.000000e+00 -1.000000e+00
    outer loop
      vertex   -1.354207e+01 -2.566651e+01 0.000000e+00
      vertex   -1.041250e+01 -1.591438e+01 0.000000e+00
      vertex   -1.302890e+01 -2.576859e+01 0.000000e+00
    endloop
  endfacet
  facet normal 0.000000e+00 0.000000e+00 -1.000000e+00
    outer loop
      vertex   -1.302890e+01 -2.576859e+01 0.000000e+00
      vertex   -1.041250e+01 -1.591438e+01 0.000000e+00
      vertex   -1.250680e+01 -2.580281e+01 0.000000e+00
    endloop
  endfacet
  facet normal 0.000000e+00 0.000000e+00 -1.000000e+00
    outer loop
      vertex   -1.250680e+01 -2.580281e+01 0.000000e+00
      vertex   -1.041250e+01 -1.591438e+01 0.000000e+00
      vertex   -9.962500e+00 -1.981438e+01 0.000000e+00
    endloop
  endfacet
  facet normal 0.000000e+00 0.000000e+00 -1.000000e+00
    outer loop
      vertex   -1.250680e+01 -2.580281e+01 0.000000e+00
      vertex   -9.962500e+00 -1.981438e+01 0.000000e+00
      vertex   -9.923924e+00 -2.016908e+01 0.000000e+00
    endloop
  endfacet
  facet normal 0.000000e+00 -0.000000e+00 -1.000000e+00
    outer loop
      vertex   -9.923924e+00 2.745992e+01 0.000000e+00
      vertex   -9.809999e+00 2.712180e+01 0.000000e+00
      vertex   -9.923924e+00 3.540318e+00 0.000000e+00
    endloop
  endfacet
  facet normal 0.000000e+00 0.000000e+00 -1.000000e+00
    outer loop
      vertex   -9.923924e+00 3.540318e+00 0.000000e+00
      vertex   -9.809999e+00 2.712180e+01 0.000000e+00
      vertex   -9.809999e+00 3.878434e+00 0.000000e+00
    endloop
  endfacet
  facet normal 0.000000e+00 0.000000e+00 -1.000000e+00
    outer loop
      vertex   -9.809999e+00 3.878434e+00 0.000000e+00
      vertex   -9.809999e+00 2.712180e+01 0.000000e+00
      vertex   -9.626054e+00 2.681608e+01 0.000000e+00
    endloop
  endfacet
  facet normal 0.000000e+00 0.000000e+00 -1.000000e+00
    outer loop
      vertex   -9.809999e+00 3.878434e+00 0.000000e+00
      vertex   -9.626054e+00 2.681608e+01 0.000000e+00
      vertex   -9.626054e+00 4.184155e+00 0.000000e+00
    endloop
  endfacet
  facet normal 0.000000e+00 0.000000e+00 -1.000000e+00
    outer loop
      vertex   -9.626054e+00 4.184155e+00 0.000000e+00
      vertex   -9.626054e+00 2.681608e+01 0.000000e+00
      vertex   -9.380687e+00 2.655705e+01 0.000000e+00
    endloop
  endfacet
  facet normal 0.000000e+00 0.000000e+00 -1.000000e+00
    outer loop
      vertex   -9.626054e+00 4.184155e+00 0.000000e+00
      vertex   -9.380687e+00 2.655705e+01 0.000000e+00
      vertex   -9.380687e+00 4.443184e+00 0.000000e+00
    endloop
  endfacet
  facet normal 0.000000e+00 0.000000e+00 -1.000000e+00
    outer loop
      vertex   -9.380687e+00 4.443184e+00 0.000000e+00
      vertex   -9.380687e+00 2.655705e+01 0.000000e+00
      vertex   -9.085374e+00 2.635682e+01 0.000000e+00
    endloop
  endfacet
  facet normal 0.000000e+00 0.000000e+00 -1.000000e+00
    outer loop
      vertex   -9.380687e+00 4.443184e+00 0.000000e+00
      vertex   -9.085374e+00 2.635682e+01 0.000000e+00
      vertex   -9.085374e+00 4.643412e+00 0.000000e+00
    endloop
  endfacet
  facet normal 0.000000e+00 0.000000e+00 -1.000000e+00
    outer loop
      vertex   -9.085374e+00 4.643412e+00 0.000000e+00
      vertex   -9.085374e+00 2.635682e+01 0.000000e+00
      vertex   -8.753922e+00 2.622476e+01 0.000000e+00
    endloop
  endfacet
  facet normal 0.000000e+00 0.000000e+00 -1.000000e+00
    outer loop
      vertex   -9.085374e+00 4.643412e+00 0.000000e+00
      vertex   -8.753922e+00 2.622476e+01 0.000000e+00
      vertex   -8.753922e+00 4.775475e+00 0.000000e+00
    endloop
  endfacet
  facet normal 0.000000e+00 0.000000e+00 -1.000000e+00
    outer loop
      vertex   -8.753922e+00 4.775475e+00 0.000000e+00
      vertex   -8.753922e+00 2.622476e+01 0.000000e+00
      vertex   -8.401829e+00 2.616704e+01 0.000000e+00
    endloop
  endfacet
  facet normal 0.000000e+00 0.000000e+00 -1.000000e+00
    outer loop
      vertex   -8.753922e+00 4.775475e+00 0.000000e+00
      vertex   -8.401829e+00 2.616704e+01 0.000000e+00
      vertex   -8.401829e+00 4.833197e+00 0.000000e+00
    endloop
  endfacet
  facet normal 0.000000e+00 0.000000e+00 -1.000000e+00
    outer loop
      vertex   -8.401829e+00 4.833197e+00 0.000000e+00
      vertex   -8.401829e+00 2.616704e+01 0.000000e+00
      vertex   -8.045560e+00 4.813881e+00 0.000000e+00
    endloop
  endfacet
  facet normal 0.000000e+00 0.000000e+00 -1.000000e+00
    outer loop
      vertex   -8.045560e+00 4.813881e+00 0.000000e+00
      vertex   -8.401829e+00 2.616704e+01 0.000000e+00
      vertex   -8.045560e+00 2.618635e+01 0.000000e+00
    endloop
  endfacet
  facet normal 0.000000e+00 0.000000e+00 -1.000000e+00
    outer loop
      vertex   -8.045560e+00 4.813881e+00 0.000000e+00
      vertex   -8.045560e+00 2.618635e+01 0.000000e+00
      vertex   -7.701772e+00 4.718429e+00 0.000000e+00
    endloop
  endfacet
  facet normal 0.000000e+00 0.000000e+00 -1.000000e+00
    outer loop
      vertex   -7.701772e+00 4.718429e+00 0.000000e+00
      vertex   -8.045560e+00 2.618635e+01 0.000000e+00
      vertex   -7.701772e+00 2.628181e+01 0.000000e+00
    endloop
  endfacet
  facet normal 0.000000e+00 0.000000e+00 -1.000000e+00
    outer loop
      vertex   -7.701772e+00 4.718429e+00 0.000000e+00
      vertex   -7.701772e+00 2.628181e+01 0.000000e+00
      vertex   -7.386541e+00 4.551304e+00 0.000000e+00
    endloop
  endfacet
  facet normal 0.000000e+00 0.000000e+00 -1.000000e+00
    outer loop
      vertex   -7.386541e+00 4.551304e+00 0.000000e+00
      vertex   -7.701772e+00 2.628181e+01 0.000000e+00
      vertex   -7.386541e+00 2.644893e+01 0.000000e+00
    endloop
  endfacet
  facet normal 0.000000e+00 0.000000e+00 -1.000000e+00
    outer loop
      vertex   -7.386541e+00 4.551304e+00 0.000000e+00
      vertex   -7.386541e+00 2.644893e+01 0.000000e+00
      vertex   -7.114607e+00 4.320321e+00 0.000000e+00
    endloop
  endfacet
  facet normal 0.000000e+00 0.000000e+00 -1.000000e+00
    outer loop
      vertex   -7.114607e+00 4.320321e+00 0.000000e+00
      vertex   -7.386541e+00 2.644893e+01 0.000000e+00
      vertex   -7.114607e+00 2.667991e+01 0.000000e+00
    endloop
  endfacet
  facet normal 0.000000e+00 0.000000e+00 -1.000000e+00
    outer loop
      vertex   -7.114607e+00 4.320321e+00 0.000000e+00
      vertex   -7.114607e+00 2.667991e+01 0.000000e+00
      vertex   -6.898686e+00 4.036281e+00 0.000000e+00
    endloop
  endfacet
  facet normal 0.000000e+00 0.000000e+00 -1.000000e+00
    outer loop
      vertex   -6.898686e+00 4.036281e+00 0.000000e+00
      vertex   -7.114607e+00 2.667991e+01 0.000000e+00
      vertex   -6.898686e+00 2.696395e+01 0.000000e+00
    endloop
  endfacet
  facet normal 0.000000e+00 0.000000e+00 -1.000000e+00
    outer loop
      vertex   -6.898686e+00 4.036281e+00 0.000000e+00
      vertex   -6.898686e+00 2.696395e+01 0.000000e+00
      vertex   -6.748872e+00 2.728777e+01 0.000000e+00
    endloop
  endfacet
  facet normal 0.000000e+00 -0.000000e+00 -1.000000e+00
    outer loop
      vertex   -6.672172e+00 2.763622e+01 0.000000e+00
      vertex   -2.845520e+00 3.366467e+01 0.000000e+00
      vertex   -6.748872e+00 2.728777e+01 0.000000e+00
    endloop
  endfacet
  facet normal 0.000000e+00 0.000000e+00 -1.000000e+00
    outer loop
      vertex   -6.748872e+00 2.728777e+01 0.000000e+00
      vertex   -2.845520e+00 3.366467e+01 0.000000e+00
      vertex   -2.350062e+00 3.349648e+01 0.000000e+00
    endloop
  endfacet
  facet normal 0.000000e+00 -0.000000e+00 -1.000000e+00
    outer loop
      vertex   -6.748872e+00 2.728777e+01 0.000000e+00
      vertex   -2.350062e+00 3.349648e+01 0.000000e+00
      vertex   -6.748872e+00 3.712465e+00 0.000000e+00
    endloop
  endfacet
  facet normal 0.000000e+00 0.000000e+00 -1.000000e+00
    outer loop
      vertex   -6.748872e+00 3.712465e+00 0.000000e+00
      vertex   -2.350062e+00 3.349648e+01 0.000000e+00
      vertex   1.192039e-01 2.980097e+01 0.000000e+00
    endloop
  endfacet
  facet normal 0.000000e+00 0.000000e+00 -1.000000e+00
    outer loop
      vertex   -6.748872e+00 3.712465e+00 0.000000e+00
      vertex   1.192039e-01 2.980097e+01 0.000000e+00
      vertex   -6.672172e+00 3.364013e+00 0.000000e+00
    endloop
  endfacet
  facet normal 0.000000e+00 0.000000e+00 -1.000000e+00
    outer loop
      vertex   -6.672172e+00 3.364013e+00 0.000000e+00
      vertex   1.192039e-01 2.980097e+01 0.000000e+00
      vertex   1.192039e-01 -1.071438e+01 0.000000e+00
    endloop
  endfacet
  facet normal 0.000000e+00 0.000000e+00 -1.000000e+00
    outer loop
      vertex   -6.672172e+00 3.364013e+00 0.000000e+00
      vertex   1.192039e-01 -1.071438e+01 0.000000e+00
      vertex   -6.672172e+00 3.007221e+00 0.000000e+00
    endloop
  endfacet
  facet normal 0.000000e+00 -0.000000e+00 -1.000000e+00
    outer loop
      vertex   -6.672172e+00 3.007221e+00 0.000000e+00
      vertex   1.192039e-01 -1.071438e+01 0.000000e+00
      vertex   -6.748872e+00 2.658770e+00 0.000000e+00
    endloop
  endfacet
  facet normal 0.000000e+00 -0.000000e+00 -1.000000e+00
    outer loop
      vertex   -6.748872e+00 2.658770e+00 0.000000e+00
      vertex   1.192039e-01 -1.071438e+01 0.000000e+00
      vertex   -6.898686e+00 2.334953e+00 0.000000e+00
    endloop
  endfacet
  facet normal 0.000000e+00 -0.000000e+00 -1.000000e+00
    outer loop
      vertex   -6.898686e+00 2.334953e+00 0.000000e+00
      vertex   1.192039e-01 -1.071438e+01 0.000000e+00
      vertex   -7.114607e+00 2.050913e+00 0.000000e+00
    endloop
  endfacet
  facet normal 0.000000e+00 -0.000000e+00 -1.000000e+00
    outer loop
      vertex   -7.114607e+00 2.050913e+00 0.000000e+00
      vertex   1.192039e-01 -1.071438e+01 0.000000e+00
      vertex   -1.041250e+01 -1.071438e+01 0.000000e+00
    endloop
  endfacet
  facet normal 0.000000e+00 0.000000e+00 -1.000000e+00
    outer loop
      vertex   -7.114607e+00 2.050913e+00 0.000000e+00
      vertex   -1.041250e+01 -1.071438e+01 0.000000e+00
      vertex   -7.386541e+00 1.819930e+00 0.000000e+00
    endloop
  endfacet
  facet normal 0.000000e+00 0.000000e+00 -1.000000e+00
    outer loop
      vertex   -7.386541e+00 1.819930e+00 0.000000e+00
      vertex   -1.041250e+01 -1.071438e+01 0.000000e+00
      vertex   -7.701772e+00 1.652805e+00 0.000000e+00
    endloop
  endfacet
  facet normal 0.000000e+00 0.000000e+00 -1.000000e+00
    outer loop
      vertex   -7.701772e+00 1.652805e+00 0.000000e+00
      vertex   -1.041250e+01 -1.071438e+01 0.000000e+00
      vertex   -8.045560e+00 1.557353e+00 0.000000e+00
    endloop
  endfacet
  facet normal 0.000000e+00 0.000000e+00 -1.000000e+00
    outer loop
      vertex   -8.045560e+00 1.557353e+00 0.000000e+00
      vertex   -1.041250e+01 -1.071438e+01 0.000000e+00
      vertex   -8.401829e+00 1.538037e+00 0.000000e+00
    endloop
  endfacet
  facet normal -0.000000e+00 0.000000e+00 -1.000000e+00
    outer loop
      vertex   -8.401829e+00 1.538037e+00 0.000000e+00
      vertex   -1.041250e+01 -1.071438e+01 0.000000e+00
      vertex   -8.753922e+00 1.595760e+00 0.000000e+00
    endloop
  endfacet
  facet normal -0.000000e+00 0.000000e+00 -1.000000e+00
    outer loop
      vertex   -8.753922e+00 1.595760e+00 0.000000e+00
      vertex   -1.041250e+01 -1.071438e+01 0.000000e+00
      vertex   -9.085374e+00 1.727822e+00 0.000000e+00
    endloop
  endfacet
  facet normal -0.000000e+00 0.000000e+00 -1.000000e+00
    outer loop
      vertex   -9.085374e+00 1.727822e+00 0.000000e+00
      vertex   -1.041250e+01 -1.071438e+01 0.000000e+00
      vertex   -9.380687e+00 1.928050e+00 0.000000e+00
    endloop
  endfacet
  facet normal -0.000000e+00 0.000000e+00 -1.000000e+00
    outer loop
      vertex   -9.380687e+00 1.928050e+00 0.000000e+00
      vertex   -1.041250e+01 -1.071438e+01 0.000000e+00
      vertex   -9.626054e+00 2.187080e+00 0.000000e+00
    endloop
  endfacet
  facet normal -0.000000e+00 0.000000e+00 -1.000000e+00
    outer loop
      vertex   -9.626054e+00 2.187080e+00 0.000000e+00
      vertex   -1.041250e+01 -1.071438e+01 0.000000e+00
      vertex   -9.809999e+00 2.492800e+00 0.000000e+00
    endloop
  endfacet
  facet normal -0.000000e+00 0.000000e+00 -1.000000e+00
    outer loop
      vertex   -9.809999e+00 2.492800e+00 0.000000e+00
      vertex   -1.041250e+01 -1.071438e+01 0.000000e+00
      vertex   -9.923924e+00 2.830916e+00 0.000000e+00
    endloop
  endfacet
  facet normal -0.000000e+00 0.000000e+00 -1.000000e+00
    outer loop
      vertex   -9.923924e+00 2.830916e+00 0.000000e+00
      vertex   -1.041250e+01 -1.071438e+01 0.000000e+00
      vertex   -9.962500e+00 3.185617e+00 0.000000e+00
    endloop
  endfacet
  facet normal 0.000000e+00 0.000000e+00 -1.000000e+00
    outer loop
      vertex   -6.672172e+00 2.799301e+01 0.000000e+00
      vertex   -3.880796e+00 3.380097e+01 0.000000e+00
      vertex   -6.672172e+00 2.763622e+01 0.000000e+00
    endloop
  endfacet
  facet normal 0.000000e+00 0.000000e+00 -1.000000e+00
    outer loop
      vertex   -6.672172e+00 2.763622e+01 0.000000e+00
      vertex   -3.880796e+00 3.380097e+01 0.000000e+00
      vertex   -3.358691e+00 3.376675e+01 0.000000e+00
    endloop
  endfacet
  facet normal 0.000000e+00 0.000000e+00 -1.000000e+00
    outer loop
      vertex   -6.672172e+00 2.763622e+01 0.000000e+00
      vertex   -3.358691e+00 3.376675e+01 0.000000e+00
      vertex   -2.845520e+00 3.366467e+01 0.000000e+00
    endloop
  endfacet
  facet normal 0.000000e+00 0.000000e+00 -1.000000e+00
    outer loop
      vertex   -6.672172e+00 2.799301e+01 0.000000e+00
      vertex   -6.748872e+00 2.834146e+01 0.000000e+00
      vertex   -3.880796e+00 3.380097e+01 0.000000e+00
    endloop
  endfacet
  facet normal 0.000000e+00 0.000000e+00 -1.000000e+00
    outer loop
      vertex   -3.880796e+00 3.380097e+01 0.000000e+00
      vertex   -6.748872e+00 2.834146e+01 0.000000e+00
      vertex   -6.898686e+00 2.866528e+01 0.000000e+00
    endloop
  endfacet
  facet normal 0.000000e+00 0.000000e+00 -1.000000e+00
    outer loop
      vertex   -3.880796e+00 3.380097e+01 0.000000e+00
      vertex   -6.898686e+00 2.866528e+01 0.000000e+00
      vertex   -7.114607e+00 2.894932e+01 0.000000e+00
    endloop
  endfacet
  facet normal 0.000000e+00 0.000000e+00 -1.000000e+00
    outer loop
      vertex   -7.114607e+00 2.894932e+01 0.000000e+00
      vertex   -7.386541e+00 2.918030e+01 0.000000e+00
      vertex   -3.880796e+00 3.380097e+01 0.000000e+00
    endloop
  endfacet
  facet normal 0.000000e+00 0.000000e+00 -1.000000e+00
    outer loop
      vertex   -3.880796e+00 3.380097e+01 0.000000e+00
      vertex   -7.386541e+00 2.918030e+01 0.000000e+00
      vertex   -7.701772e+00 2.934743e+01 0.000000e+00
    endloop
  endfacet
  facet normal 0.000000e+00 0.000000e+00 -1.000000e+00
    outer loop
      vertex   -3.880796e+00 3.380097e+01 0.000000e+00
      vertex   -7.701772e+00 2.934743e+01 0.000000e+00
      vertex   -8.045560e+00 2.944288e+01 0.000000e+00
    endloop
  endfacet
  facet normal 0.000000e+00 0.000000e+00 -1.000000e+00
    outer loop
      vertex   -8.045560e+00 2.944288e+01 0.000000e+00
      vertex   -8.401829e+00 2.946220e+01 0.000000e+00
      vertex   -3.880796e+00 3.380097e+01 0.000000e+00
    endloop
  endfacet
  facet normal -0.000000e+00 0.000000e+00 -1.000000e+00
    outer loop
      vertex   -3.880796e+00 3.380097e+01 0.000000e+00
      vertex   -8.401829e+00 2.946220e+01 0.000000e+00
      vertex   -1.250680e+01 3.380097e+01 0.000000e+00
    endloop
  endfacet
  facet normal 0.000000e+00 0.000000e+00 -1.000000e+00
    outer loop
      vertex   -1.250680e+01 3.380097e+01 0.000000e+00
      vertex   -8.401829e+00 2.946220e+01 0.000000e+00
      vertex   -8.753922e+00 2.940447e+01 0.000000e+00
    endloop
  endfacet
  facet normal 0.000000e+00 0.000000e+00 -1.000000e+00
    outer loop
      vertex   -1.250680e+01 3.380097e+01 0.000000e+00
      vertex   -8.753922e+00 2.940447e+01 0.000000e+00
      vertex   -9.085374e+00 2.927241e+01 0.000000e+00
    endloop
  endfacet
  facet normal -0.000000e+00 0.000000e+00 -1.000000e+00
    outer loop
      vertex   -9.085374e+00 2.927241e+01 0.000000e+00
      vertex   -9.380687e+00 2.907218e+01 0.000000e+00
      vertex   -1.250680e+01 3.380097e+01 0.000000e+00
    endloop
  endfacet
  facet normal 0.000000e+00 0.000000e+00 -1.000000e+00
    outer loop
      vertex   -1.250680e+01 3.380097e+01 0.000000e+00
      vertex   -9.380687e+00 2.907218e+01 0.000000e+00
      vertex   -9.626054e+00 2.881315e+01 0.000000e+00
    endloop
  endfacet
  facet normal 0.000000e+00 0.000000e+00 -1.000000e+00
    outer loop
      vertex   -1.250680e+01 3.380097e+01 0.000000e+00
      vertex   -9.626054e+00 2.881315e+01 0.000000e+00
      vertex   -9.809999e+00 2.850743e+01 0.000000e+00
    endloop
  endfacet
  facet normal -0.000000e+00 0.000000e+00 -1.000000e+00
    outer loop
      vertex   -9.809999e+00 2.850743e+01 0.000000e+00
      vertex   -9.923924e+00 2.816932e+01 0.000000e+00
      vertex   -1.250680e+01 3.380097e+01 0.000000e+00
    endloop
  endfacet
  facet normal 0.000000e+00 0.000000e+00 -1.000000e+00
    outer loop
      vertex   -6.748872e+00 3.712465e+00 0.000000e+00
      vertex   -6.898686e+00 4.036281e+00 0.000000e+00
      vertex   -6.748872e+00 2.728777e+01 0.000000e+00
    endloop
  endfacet
  facet normal 0.000000e+00 -0.000000e+00 -1.000000e+00
    outer loop
      vertex   -9.923924e+00 -2.016908e+01 0.000000e+00
      vertex   -9.809999e+00 -2.050720e+01 0.000000e+00
      vertex   -1.250680e+01 -2.580281e+01 0.000000e+00
    endloop
  endfacet
  facet normal 0.000000e+00 0.000000e+00 -1.000000e+00
    outer loop
      vertex   -1.250680e+01 -2.580281e+01 0.000000e+00
      vertex   -9.809999e+00 -2.050720e+01 0.000000e+00
      vertex   -9.626054e+00 -2.081292e+01 0.000000e+00
    endloop
  endfacet
  facet normal 0.000000e+00 0.000000e+00 -1.000000e+00
    outer loop
      vertex   -1.250680e+01 -2.580281e+01 0.000000e+00
      vertex   -9.626054e+00 -2.081292e+01 0.000000e+00
      vertex   -9.380687e+00 -2.107195e+01 0.000000e+00
    endloop
  endfacet
  facet normal 0.000000e+00 -0.000000e+00 -1.000000e+00
    outer loop
      vertex   -9.380687e+00 -2.107195e+01 0.000000e+00
      vertex   -9.085374e+00 -2.127218e+01 0.000000e+00
      vertex   -1.250680e+01 -2.580281e+01 0.000000e+00
    endloop
  endfacet
  facet normal 0.000000e+00 0.000000e+00 -1.000000e+00
    outer loop
      vertex   -1.250680e+01 -2.580281e+01 0.000000e+00
      vertex   -9.085374e+00 -2.127218e+01 0.000000e+00
      vertex   -8.753922e+00 -2.140424e+01 0.000000e+00
    endloop
  endfacet
  facet normal 0.000000e+00 0.000000e+00 -1.000000e+00
    outer loop
      vertex   -1.250680e+01 -2.580281e+01 0.000000e+00
      vertex   -8.753922e+00 -2.140424e+01 0.000000e+00
      vertex   -8.401829e+00 -2.146196e+01 0.000000e+00
    endloop
  endfacet
  facet normal 0.000000e+00 0.000000e+00 -1.000000e+00
    outer loop
      vertex   -1.250680e+01 -2.580281e+01 0.000000e+00
      vertex   -8.401829e+00 -2.146196e+01 0.000000e+00
      vertex   -3.880796e+00 -2.580281e+01 0.000000e+00
    endloop
  endfacet
  facet normal 0.000000e+00 0.000000e+00 -1.000000e+00
    outer loop
      vertex   -3.880796e+00 -2.580281e+01 0.000000e+00
      vertex   -8.401829e+00 -2.146196e+01 0.000000e+00
      vertex   -8.045560e+00 -2.144265e+01 0.000000e+00
    endloop
  endfacet
  facet normal 0.000000e+00 0.000000e+00 -1.000000e+00
    outer loop
      vertex   -3.880796e+00 -2.580281e+01 0.000000e+00
      vertex   -8.045560e+00 -2.144265e+01 0.000000e+00
      vertex   -7.701772e+00 -2.134719e+01 0.000000e+00
    endloop
  endfacet
  facet normal 0.000000e+00 0.000000e+00 -1.000000e+00
    outer loop
      vertex   -7.701772e+00 -2.134719e+01 0.000000e+00
      vertex   -7.386541e+00 -2.118007e+01 0.000000e+00
      vertex   -3.880796e+00 -2.580281e+01 0.000000e+00
    endloop
  endfacet
  facet normal 0.000000e+00 0.000000e+00 -1.000000e+00
    outer loop
      vertex   -3.880796e+00 -2.580281e+01 0.000000e+00
      vertex   -7.386541e+00 -2.118007e+01 0.000000e+00
      vertex   -7.114607e+00 -2.094909e+01 0.000000e+00
    endloop
  endfacet
  facet normal 0.000000e+00 0.000000e+00 -1.000000e+00
    outer loop
      vertex   -3.880796e+00 -2.580281e+01 0.000000e+00
      vertex   -7.114607e+00 -2.094909e+01 0.000000e+00
      vertex   -6.898686e+00 -2.066505e+01 0.000000e+00
    endloop
  endfacet
  facet normal 0.000000e+00 0.000000e+00 -1.000000e+00
    outer loop
      vertex   -6.898686e+00 -2.066505e+01 0.000000e+00
      vertex   -6.748872e+00 -2.034123e+01 0.000000e+00
      vertex   -3.880796e+00 -2.580281e+01 0.000000e+00
    endloop
  endfacet
  facet normal 0.000000e+00 0.000000e+00 -1.000000e+00
    outer loop
      vertex   -3.880796e+00 -2.580281e+01 0.000000e+00
      vertex   -6.748872e+00 -2.034123e+01 0.000000e+00
      vertex   -6.672172e+00 -1.999278e+01 0.000000e+00
    endloop
  endfacet
  facet normal 0.000000e+00 0.000000e+00 -1.000000e+00
    outer loop
      vertex   -3.880796e+00 -2.580281e+01 0.000000e+00
      vertex   -6.672172e+00 -1.999278e+01 0.000000e+00
      vertex   -6.672172e+00 -1.963599e+01 0.000000e+00
    endloop
  endfacet
  facet normal 0.000000e+00 0.000000e+00 -1.000000e+00
    outer loop
      vertex   -6.748872e+00 -1.928754e+01 0.000000e+00
      vertex   1.192039e-01 -1.591438e+01 0.000000e+00
      vertex   -6.672172e+00 -1.963599e+01 0.000000e+00
    endloop
  endfacet
  facet normal 0.000000e+00 0.000000e+00 -1.000000e+00
    outer loop
      vertex   -6.672172e+00 -1.963599e+01 0.000000e+00
      vertex   1.192039e-01 -1.591438e+01 0.000000e+00
      vertex   -3.358691e+00 -2.576859e+01 0.000000e+00
    endloop
  endfacet
  facet normal 0.000000e+00 0.000000e+00 -1.000000e+00
    outer loop
      vertex   -6.672172e+00 -1.963599e+01 0.000000e+00
      vertex   -3.358691e+00 -2.576859e+01 0.000000e+00
      vertex   -3.880796e+00 -2.580281e+01 0.000000e+00
    endloop
  endfacet
  facet normal 0.000000e+00 0.000000e+00 -1.000000e+00
    outer loop
      vertex   -6.748872e+00 -1.928754e+01 0.000000e+00
      vertex   -6.898686e+00 -1.896372e+01 0.000000e+00
      vertex   1.192039e-01 -1.591438e+01 0.000000e+00
    endloop
  endfacet
  facet normal 0.000000e+00 0.000000e+00 -1.000000e+00
    outer loop
      vertex   1.192039e-01 -1.591438e+01 0.000000e+00
      vertex   -6.898686e+00 -1.896372e+01 0.000000e+00
      vertex   -7.114607e+00 -1.867968e+01 0.000000e+00
    endloop
  endfacet
  facet normal 0.000000e+00 0.000000e+00 -1.000000e+00
    outer loop
      vertex   1.192039e-01 -1.591438e+01 0.000000e+00
      vertex   -7.114607e+00 -1.867968e+01 0.000000e+00
      vertex   -7.386541e+00 -1.844870e+01 0.000000e+00
    endloop
  endfacet
  facet normal 0.000000e+00 0.000000e+00 -1.000000e+00
    outer loop
      vertex   -7.386541e+00 -1.844870e+01 0.000000e+00
      vertex   -7.701772e+00 -1.828157e+01 0.000000e+00
      vertex   1.192039e-01 -1.591438e+01 0.000000e+00
    endloop
  endfacet
  facet normal 0.000000e+00 0.000000e+00 -1.000000e+00
    outer loop
      vertex   1.192039e-01 -1.591438e+01 0.000000e+00
      vertex   -7.701772e+00 -1.828157e+01 0.000000e+00
      vertex   -1.041250e+01 -1.591438e+01 0.000000e+00
    endloop
  endfacet
  facet normal 0.000000e+00 0.000000e+00 -1.000000e+00
    outer loop
      vertex   -1.041250e+01 -1.591438e+01 0.000000e+00
      vertex   -7.701772e+00 -1.828157e+01 0.000000e+00
      vertex   -8.045560e+00 -1.818612e+01 0.000000e+00
    endloop
  endfacet
  facet normal 0.000000e+00 0.000000e+00 -1.000000e+00
    outer loop
      vertex   -1.041250e+01 -1.591438e+01 0.000000e+00
      vertex   -8.045560e+00 -1.818612e+01 0.000000e+00
      vertex   -8.401829e+00 -1.816680e+01 0.000000e+00
    endloop
  endfacet
  facet normal -0.000000e+00 0.000000e+00 -1.000000e+00
    outer loop
      vertex   -8.401829e+00 -1.816680e+01 0.000000e+00
      vertex   -8.753922e+00 -1.822453e+01 0.000000e+00
      vertex   -1.041250e+01 -1.591438e+01 0.000000e+00
    endloop
  endfacet
  facet normal 0.000000e+00 0.000000e+00 -1.000000e+00
    outer loop
      vertex   -1.041250e+01 -1.591438e+01 0.000000e+00
      vertex   -8.753922e+00 -1.822453e+01 0.000000e+00
      vertex   -9.085374e+00 -1.835659e+01 0.000000e+00
    endloop
  endfacet
  facet normal 0.000000e+00 0.000000e+00 -1.000000e+00
    outer loop
      vertex   -1.041250e+01 -1.591438e+01 0.000000e+00
      vertex   -9.085374e+00 -1.835659e+01 0.000000e+00
      vertex   -9.380687e+00 -1.855682e+01 0.000000e+00
    endloop
  endfacet
  facet normal -0.000000e+00 0.000000e+00 -1.000000e+00
    outer loop
      vertex   -9.380687e+00 -1.855682e+01 0.000000e+00
      vertex   -9.626054e+00 -1.881585e+01 0.000000e+00
      vertex   -1.041250e+01 -1.591438e+01 0.000000e+00
    endloop
  endfacet
  facet normal 0.000000e+00 0.000000e+00 -1.000000e+00
    outer loop
      vertex   -1.041250e+01 -1.591438e+01 0.000000e+00
      vertex   -9.626054e+00 -1.881585e+01 0.000000e+00
      vertex   -9.809999e+00 -1.912157e+01 0.000000e+00
    endloop
  endfacet
  facet normal 0.000000e+00 0.000000e+00 -1.000000e+00
    outer loop
      vertex   -1.041250e+01 -1.591438e+01 0.000000e+00
      vertex   -9.809999e+00 -1.912157e+01 0.000000e+00
      vertex   -9.923924e+00 -1.945968e+01 0.000000e+00
    endloop
  endfacet
  facet normal -0.000000e+00 0.000000e+00 -1.000000e+00
    outer loop
      vertex   -9.923924e+00 -1.945968e+01 0.000000e+00
      vertex   -9.962500e+00 -1.981438e+01 0.000000e+00
      vertex   -1.041250e+01 -1.591438e+01 0.000000e+00
    endloop
  endfacet
  facet normal 0.000000e+00 0.000000e+00 -1.000000e+00
    outer loop
      vertex   -1.450680e+01 -2.526691e+01 0.000000e+00
      vertex   -1.494184e+01 -2.497622e+01 0.000000e+00
      vertex   -1.650680e+01 -2.180281e+01 0.000000e+00
    endloop
  endfacet
  facet normal 0.000000e+00 0.000000e+00 -1.000000e+00
    outer loop
      vertex   -1.650680e+01 -2.180281e+01 0.000000e+00
      vertex   -1.494184e+01 -2.497622e+01 0.000000e+00
      vertex   -1.533522e+01 -2.463123e+01 0.000000e+00
    endloop
  endfacet
  facet normal 0.000000e+00 0.000000e+00 -1.000000e+00
    outer loop
      vertex   -1.650680e+01 -2.180281e+01 0.000000e+00
      vertex   -1.533522e+01 -2.463123e+01 0.000000e+00
      vertex   -1.568021e+01 -2.423785e+01 0.000000e+00
    endloop
  endfacet
  facet normal 0.000000e+00 0.000000e+00 -1.000000e+00
    outer loop
      vertex   -1.568021e+01 -2.423785e+01 0.000000e+00
      vertex   -1.597090e+01 -2.380281e+01 0.000000e+00
      vertex   -1.650680e+01 -2.180281e+01 0.000000e+00
    endloop
  endfacet
  facet normal 0.000000e+00 0.000000e+00 -1.000000e+00
    outer loop
      vertex   -1.650680e+01 -2.180281e+01 0.000000e+00
      vertex   -1.597090e+01 -2.380281e+01 0.000000e+00
      vertex   -1.620231e+01 -2.333354e+01 0.000000e+00
    endloop
  endfacet
  facet normal 0.000000e+00 0.000000e+00 -1.000000e+00
    outer loop
      vertex   -1.650680e+01 -2.180281e+01 0.000000e+00
      vertex   -1.620231e+01 -2.333354e+01 0.000000e+00
      vertex   -1.637050e+01 -2.283808e+01 0.000000e+00
    endloop
  endfacet
  facet normal 0.000000e+00 0.000000e+00 -1.000000e+00
    outer loop
      vertex   -1.637050e+01 -2.283808e+01 0.000000e+00
      vertex   -1.647258e+01 -2.232491e+01 0.000000e+00
      vertex   -1.650680e+01 -2.180281e+01 0.000000e+00
    endloop
  endfacet
  facet normal 0.000000e+00 -0.000000e+00 -1.000000e+00
    outer loop
      vertex   -1.647258e+01 3.032307e+01 0.000000e+00
      vertex   -1.637050e+01 3.083624e+01 0.000000e+00
      vertex   -1.650680e+01 2.980097e+01 0.000000e+00
    endloop
  endfacet
  facet normal 0.000000e+00 0.000000e+00 -1.000000e+00
    outer loop
      vertex   -1.650680e+01 2.980097e+01 0.000000e+00
      vertex   -1.637050e+01 3.083624e+01 0.000000e+00
      vertex   -1.620231e+01 3.133170e+01 0.000000e+00
    endloop
  endfacet
  facet normal 0.000000e+00 0.000000e+00 -1.000000e+00
    outer loop
      vertex   -1.650680e+01 2.980097e+01 0.000000e+00
      vertex   -1.620231e+01 3.133170e+01 0.000000e+00
      vertex   -1.597090e+01 3.180097e+01 0.000000e+00
    endloop
  endfacet
  facet normal 0.000000e+00 -0.000000e+00 -1.000000e+00
    outer loop
      vertex   -1.597090e+01 3.180097e+01 0.000000e+00
      vertex   -1.568021e+01 3.223601e+01 0.000000e+00
      vertex   -1.650680e+01 2.980097e+01 0.000000e+00
    endloop
  endfacet
  facet normal 0.000000e+00 0.000000e+00 -1.000000e+00
    outer loop
      vertex   -1.650680e+01 2.980097e+01 0.000000e+00
      vertex   -1.568021e+01 3.223601e+01 0.000000e+00
      vertex   -1.533522e+01 3.262939e+01 0.000000e+00
    endloop
  endfacet
  facet normal 0.000000e+00 0.000000e+00 -1.000000e+00
    outer loop
      vertex   -1.650680e+01 2.980097e+01 0.000000e+00
      vertex   -1.533522e+01 3.262939e+01 0.000000e+00
      vertex   -1.494184e+01 3.297438e+01 0.000000e+00
    endloop
  endfacet
  facet normal 0.000000e+00 -0.000000e+00 -1.000000e+00
    outer loop
      vertex   -1.494184e+01 3.297438e+01 0.000000e+00
      vertex   -1.450680e+01 3.326507e+01 0.000000e+00
      vertex   -1.650680e+01 2.980097e+01 0.000000e+00
    endloop
  endfacet
  facet normal 0.000000e+00 0.000000e+00 -1.000000e+00
    outer loop
      vertex   -1.650680e+01 2.980097e+01 0.000000e+00
      vertex   -1.450680e+01 3.326507e+01 0.000000e+00
      vertex   -1.403753e+01 3.349648e+01 0.000000e+00
    endloop
  endfacet
  facet normal 0.000000e+00 0.000000e+00 -1.000000e+00
    outer loop
      vertex   -2.350062e+00 3.349648e+01 0.000000e+00
      vertex   -1.880796e+00 3.326507e+01 0.000000e+00
      vertex   1.192039e-01 2.980097e+01 0.000000e+00
    endloop
  endfacet
  facet normal 0.000000e+00 0.000000e+00 -1.000000e+00
    outer loop
      vertex   1.192039e-01 2.980097e+01 0.000000e+00
      vertex   -1.880796e+00 3.326507e+01 0.000000e+00
      vertex   -1.445750e+00 3.297438e+01 0.000000e+00
    endloop
  endfacet
  facet normal 0.000000e+00 0.000000e+00 -1.000000e+00
    outer loop
      vertex   1.192039e-01 2.980097e+01 0.000000e+00
      vertex   -1.445750e+00 3.297438e+01 0.000000e+00
      vertex   -1.052369e+00 3.262939e+01 0.000000e+00
    endloop
  endfacet
  facet normal 0.000000e+00 0.000000e+00 -1.000000e+00
    outer loop
      vertex   -1.052369e+00 3.262939e+01 0.000000e+00
      vertex   -7.073828e-01 3.223601e+01 0.000000e+00
      vertex   1.192039e-01 2.980097e+01 0.000000e+00
    endloop
  endfacet
  facet normal 0.000000e+00 0.000000e+00 -1.000000e+00
    outer loop
      vertex   1.192039e-01 2.980097e+01 0.000000e+00
      vertex   -7.073828e-01 3.223601e+01 0.000000e+00
      vertex   -4.166945e-01 3.180097e+01 0.000000e+00
    endloop
  endfacet
  facet normal 0.000000e+00 0.000000e+00 -1.000000e+00
    outer loop
      vertex   1.192039e-01 2.980097e+01 0.000000e+00
      vertex   -4.166945e-01 3.180097e+01 0.000000e+00
      vertex   -1.852780e-01 3.133170e+01 0.000000e+00
    endloop
  endfacet
  facet normal 0.000000e+00 0.000000e+00 -1.000000e+00
    outer loop
      vertex   -1.852780e-01 3.133170e+01 0.000000e+00
      vertex   -1.709282e-02 3.083624e+01 0.000000e+00
      vertex   1.192039e-01 2.980097e+01 0.000000e+00
    endloop
  endfacet
  facet normal 0.000000e+00 0.000000e+00 -1.000000e+00
    outer loop
      vertex   1.192039e-01 2.980097e+01 0.000000e+00
      vertex   -1.709282e-02 3.083624e+01 0.000000e+00
      vertex   8.498332e-02 3.032307e+01 0.000000e+00
    endloop
  endfacet
  facet normal -0.000000e+00 0.000000e+00 -1.000000e+00
    outer loop
      vertex   1.192039e-01 -2.180281e+01 0.000000e+00
      vertex   -7.073828e-01 -2.423785e+01 0.000000e+00
      vertex   1.192039e-01 -1.591438e+01 0.000000e+00
    endloop
  endfacet
  facet normal 0.000000e+00 0.000000e+00 -1.000000e+00
    outer loop
      vertex   1.192039e-01 -1.591438e+01 0.000000e+00
      vertex   -7.073828e-01 -2.423785e+01 0.000000e+00
      vertex   -1.052369e+00 -2.463123e+01 0.000000e+00
    endloop
  endfacet
  facet normal 0.000000e+00 0.000000e+00 -1.000000e+00
    outer loop
      vertex   1.192039e-01 -1.591438e+01 0.000000e+00
      vertex   -1.052369e+00 -2.463123e+01 0.000000e+00
      vertex   -1.445750e+00 -2.497622e+01 0.000000e+00
    endloop
  endfacet
  facet normal -0.000000e+00 0.000000e+00 -1.000000e+00
    outer loop
      vertex   8.498332e-02 -2.232491e+01 0.000000e+00
      vertex   -1.709282e-02 -2.283808e+01 0.000000e+00
      vertex   1.192039e-01 -2.180281e+01 0.000000e+00
    endloop
  endfacet
  facet normal 0.000000e+00 0.000000e+00 -1.000000e+00
    outer loop
      vertex   1.192039e-01 -2.180281e+01 0.000000e+00
      vertex   -1.709282e-02 -2.283808e+01 0.000000e+00
      vertex   -1.852780e-01 -2.333354e+01 0.000000e+00
    endloop
  endfacet
  facet normal 0.000000e+00 0.000000e+00 -1.000000e+00
    outer loop
      vertex   1.192039e-01 -2.180281e+01 0.000000e+00
      vertex   -1.852780e-01 -2.333354e+01 0.000000e+00
      vertex   -4.166945e-01 -2.380281e+01 0.000000e+00
    endloop
  endfacet
  facet normal -0.000000e+00 0.000000e+00 -1.000000e+00
    outer loop
      vertex   -4.166945e-01 -2.380281e+01 0.000000e+00
      vertex   -7.073828e-01 -2.423785e+01 0.000000e+00
      vertex   1.192039e-01 -2.180281e+01 0.000000e+00
    endloop
  endfacet
  facet normal -0.000000e+00 0.000000e+00 -1.000000e+00
    outer loop
      vertex   -1.445750e+00 -2.497622e+01 0.000000e+00
      vertex   -1.880796e+00 -2.526691e+01 0.000000e+00
      vertex   1.192039e-01 -1.591438e+01 0.000000e+00
    endloop
  endfacet
  facet normal 0.000000e+00 0.000000e+00 -1.000000e+00
    outer loop
      vertex   1.192039e-01 -1.591438e+01 0.000000e+00
      vertex   -1.880796e+00 -2.526691e+01 0.000000e+00
      vertex   -2.350062e+00 -2.549832e+01 0.000000e+00
    endloop
  endfacet
  facet normal 0.000000e+00 0.000000e+00 -1.000000e+00
    outer loop
      vertex   1.192039e-01 -1.591438e+01 0.000000e+00
      vertex   -2.350062e+00 -2.549832e+01 0.000000e+00
      vertex   -2.845520e+00 -2.566651e+01 0.000000e+00
    endloop
  endfacet
  facet normal -0.000000e+00 0.000000e+00 -1.000000e+00
    outer loop
      vertex   -2.845520e+00 -2.566651e+01 0.000000e+00
      vertex   -3.358691e+00 -2.576859e+01 0.000000e+00
      vertex   1.192039e-01 -1.591438e+01 0.000000e+00
    endloop
  endfacet
endsolid
